Num_Acc,an,mois,jour,hrmn,lum,agg,int,atm,col,com,gps,lat,long,dep
201300000659,13,10,11,1315,1,2,1,1.0,6,76312,M,4948058.0,172358.0,76
201300000660,13,12,6,1745,3,1,4,1.0,6,76229,M,4949317.0,167262.0,76
201300000661,13,12,6,2015,3,1,1,8.0,6,76208,M,4951014.0,170788.0,76
201300000662,13,2,10,1500,1,1,1,4.0,1,76718,M,4961584.0,70060.0,76
201300000663,13,3,8,2045,3,1,2,8.0,3,76223,M,4962081.0,82471.0,76
201300000664,13,5,27,1430,1,1,3,1.0,3,76718,M,4962703.0,73191.0,76
201300000665,13,9,29,1745,1,2,2,1.0,1,76758,M,4962439.0,74998.0,76
201300000666,13,2,17,1500,1,1,1,1.0,3,76057,M,4955790.0,94879.0,76
201300000667,13,3,19,1445,1,2,1,1.0,3,76289,M,4957125.0,83469.0,76
201300000668,13,3,23,2000,3,1,1,1.0,6,76135,M,4956391.0,90674.0,76
201300000669,13,4,12,900,1,2,1,1.0,6,76057,M,4954004.0,95680.0,76
201300000670,13,5,22,1045,1,2,1,1.0,6,76135,M,4957271.0,90497.0,76
201300000671,13,7,16,1345,1,2,3,1.0,3,76057,M,4954695.0,95248.0,76
201300000672,13,7,19,745,1,2,3,7.0,6,76057,M,4954554.0,95316.0,76
201300000673,13,7,24,1630,1,2,1,1.0,6,76495,M,4956356.0,95619.0,76
201300000674,13,8,3,1845,1,1,3,1.0,3,76099,M,4955183.0,84948.0,76
201300000675,13,9,26,1000,1,2,3,2.0,1,76057,M,4954498.0,95755.0,76
201300000676,13,9,26,1330,1,2,1,1.0,1,76385,M,4961747.0,92372.0,76
201300000677,13,11,21,1245,1,2,1,1.0,6,76433,M,4959171.0,87368.0,76
201300000678,13,1,13,1800,3,1,4,2.0,6,76159,M,4976637.0,65415.0,76
201300000679,13,1,23,1430,1,1,1,1.0,3,76664,M,4978975.0,67717.0,76
201300000680,13,6,1,200,5,2,1,1.0,6,76655,M,4986339.0,72612.0,76
201300000681,13,8,31,15,3,1,2,1.0,1,76365,M,4981061.0,78841.0,76
201300000682,13,1,1,1015,1,1,2,1.0,3,76013,M,4977716.0,48766.0,76
201300000683,13,1,12,1230,1,1,2,1.0,3,76755,M,4967696.0,51457.0,76
201300000684,13,4,5,1630,1,1,1,2.0,1,76240,M,4971738.0,36646.0,76
201300000685,13,5,20,1900,2,1,1,2.0,6,76068,M,4971531.0,42177.0,76
201300000686,13,6,2,1300,1,1,1,1.0,1,76529,M,4972065.0,54248.0,76
201300000687,13,6,16,1530,1,2,1,1.0,6,76680,M,4970411.0,55243.0,76
201300000688,13,8,10,1015,1,1,2,1.0,3,76291,M,4971800.0,34383.0,76
201300000689,13,10,1,1430,1,1,1,1.0,1,76187,M,4972054.0,44544.0,76
201300000690,13,3,5,1915,2,1,3,1.0,5,76456,M,4964925.0,85088.0,76
201300000691,13,8,2,1545,1,1,2,1.0,3,76010,M,4965444.0,95894.0,76
201300000692,13,12,8,2000,3,1,2,1.0,6,76385,M,4962899.0,90374.0,76
201300000693,13,4,25,1500,1,1,1,1.0,7,27287,M,4858400.0,100099.0,27
201300000694,13,7,7,1845,1,1,1,1.0,7,27238,M,0.0,0.0,27
201300000695,13,7,8,915,1,2,2,1.0,3,27099,M,0.0,0.0,27
201300000696,13,7,27,1845,1,1,1,1.0,7,27165,M,4857200.0,56500.0,27
201300000697,13,9,3,1030,1,1,1,1.0,3,27165,M,0.0,0.0,27
201300000698,13,9,26,1915,2,1,1,1.0,3,27504,M,0.0,0.0,27
201300000699,13,10,8,2100,3,1,1,1.0,3,27165,M,0.0,0.0,27
201300000700,13,9,21,1000,1,2,1,1.0,1,27165,M,0.0,0.0,27
201300000701,13,2,12,815,1,2,1,2.0,6,27507,M,0.0,0.0,27
201300000702,13,4,26,1500,1,2,1,8.0,6,27278,M,4891700.0,140700.0,27
201300000703,13,5,4,1445,1,1,1,1.0,2,27183,M,4852400.0,124300.0,27
201300000704,13,5,14,1715,1,2,2,1.0,3,27507,M,4891500.0,127800.0,27
201300000705,13,7,14,315,3,1,1,1.0,6,27183,M,4888800.0,140800.0,27
201300000706,13,8,6,1930,1,1,1,1.0,6,27421,M,0.0,0.0,27
201300000707,13,9,17,1815,1,1,2,2.0,3,27027,M,4891500.0,124200.0,27
201300000708,13,9,25,1230,1,1,1,1.0,3,27478,M,4898800.0,126300.0,27
201300000709,13,10,1,2200,3,2,1,2.0,6,27144,M,4886700.0,127300.0,27
201300000710,13,12,18,2030,3,1,1,1.0,1,27183,M,0.0,0.0,27
201300000711,13,1,14,2300,3,1,1,2.0,7,27503,M,4853200.0,104200.0,27
201300000712,13,3,11,1700,1,1,1,4.0,5,27293,M,4851100.0,102000.0,27
201300000713,13,7,23,1145,1,1,2,1.0,3,27181,M,4881000.0,127100.0,27
201300000714,13,7,28,2000,1,1,1,2.0,3,27438,M,4877100.0,122100.0,27
201300000715,13,10,4,1815,1,1,1,1.0,3,27181,M,4881700.0,128000.0,27
201300000716,13,11,26,715,5,2,1,1.0,6,27423,M,0.0,0.0,27
201300000717,13,11,29,700,5,2,3,1.0,3,27198,M,0.0,0.0,27
201300000718,13,6,8,2245,5,2,1,1.0,1,27119,M,4855500.0,126200.0,27
201300000719,13,10,23,1900,5,2,1,1.0,3,27448,M,0.0,0.0,27
201300000720,13,1,12,2115,3,1,1,1.0,7,27508,M,4850000.0,40000.0,27
201300000721,13,2,3,15,3,1,1,1.0,2,27108,M,4844500.0,47200.0,27
201300000722,13,4,5,1345,1,1,1,4.0,1,27578,M,4847200.0,55200.0,27
201300000723,13,6,4,2200,2,2,1,1.0,7,27643,M,4845200.0,103200.0,27
201300000724,13,6,10,1045,1,1,2,1.0,3,27685,M,4854500.0,43500.0,27
201300000725,13,6,25,745,1,2,3,1.0,3,27265,M,4847400.0,50400.0,27
201300000726,13,7,14,2300,2,1,1,1.0,7,27643,M,4879000.0,101800.0,27
201300000727,13,7,13,615,2,1,1,1.0,6,27679,M,4872200.0,92300.0,27
201300000728,13,9,10,1145,1,1,1,1.0,3,27383,M,4874900.0,83300.0,27
201300000729,13,10,15,1515,1,1,1,1.0,6,27481,M,0.0,0.0,27
201300000730,13,12,28,1115,1,1,1,1.0,1,27685,M,4892400.0,75000.0,27
201300000731,13,3,20,530,3,1,1,2.0,1,27016,M,4915100.0,128200.0,27
201300000732,13,6,20,1445,1,1,1,1.0,7,27016,M,4919300.0,131100.0,27
201300000733,13,9,3,1600,1,1,1,1.0,2,27315,M,0.0,0.0,27
201300000734,13,1,12,1315,1,1,1,2.0,6,27122,M,4912200.0,135300.0,27
201300000735,13,2,23,2045,3,1,1,1.0,3,27213,M,4907500.0,135500.0,27
201300000736,13,5,1,245,3,1,1,1.0,6,27072,M,4905400.0,132500.0,27
201300000737,13,7,12,845,1,1,1,1.0,1,27197,M,4916900.0,165300.0,27
201300000738,13,8,16,230,5,2,1,1.0,6,27477,M,0.0,0.0,27
201300000739,13,8,16,2045,1,1,2,7.0,3,27449,M,4926600.0,188000.0,27
201300000740,13,9,30,545,3,1,1,1.0,1,27644,M,0.0,0.0,27
201300000741,13,10,21,1730,1,1,1,1.0,3,27128,M,0.0,0.0,27
201300000742,13,12,7,1300,1,1,1,8.0,6,27285,M,0.0,0.0,27
201300000743,13,3,3,1900,3,1,2,1.0,3,27214,M,4918300.0,123400.0,27
201300000744,13,6,16,1645,1,1,1,1.0,7,27294,M,0.0,0.0,27
201300000745,13,8,2,1100,1,1,1,1.0,6,27454,M,4925400.0,122000.0,27
201300000746,13,9,1,715,1,2,1,1.0,1,27151,M,0.0,0.0,27
201300000747,13,9,18,730,1,1,1,2.0,3,27366,M,0.0,0.0,27
201300000748,13,10,6,1645,1,1,1,1.0,6,27377,M,0.0,0.0,27
201300000749,13,12,16,1745,3,1,1,1.0,6,27487,M,0.0,0.0,27
201300000750,13,5,5,245,3,1,1,1.0,6,27533,M,0.0,0.0,27
201300000751,13,7,13,1930,1,1,1,1.0,3,27059,M,0.0,0.0,27
201300000752,13,8,2,1800,1,1,1,1.0,6,27392,M,0.0,0.0,27
201300000753,13,9,4,1745,1,1,1,1.0,1,27226,M,0.0,0.0,27
201300000754,13,9,15,1545,1,1,1,1.0,6,27437,M,0.0,0.0,27
201300000755,13,10,8,2030,3,1,1,8.0,6,27632,M,0.0,0.0,27
201300000756,13,10,18,1315,1,1,2,1.0,3,27372,M,0.0,0.0,27
201300000757,13,12,10,1330,1,1,1,1.0,1,27226,M,0.0,0.0,27
201300000758,13,5,13,615,1,1,1,1.0,7,27179,M,4907100.0,32500.0,27
201300000759,13,6,26,2145,1,1,1,1.0,6,27149,M,4912400.0,44400.0,27
201300000760,13,3,24,600,3,1,1,1.0,6,27296,M,4902400.0,39100.0,27
201300000761,13,5,8,1030,1,1,1,1.0,1,27074,M,4909100.0,37500.0,27
201300000762,13,5,17,2030,1,1,2,2.0,1,27433,M,4911500.0,36500.0,27
201300000763,13,5,20,2030,1,1,1,2.0,6,27628,M,4858100.0,44200.0,27
201300000764,13,7,12,1615,1,1,1,1.0,7,27095,M,0.0,0.0,27
201300000765,13,7,25,1830,1,1,1,1.0,3,27131,M,4907500.0,40100.0,27
201300000766,13,7,26,830,1,1,1,2.0,3,27515,M,4902500.0,41000.0,27
201300000767,13,11,16,1015,4,1,1,5.0,6,27444,M,0.0,0.0,27
201300000768,13,4,7,1630,1,2,1,1.0,1,27015,M,4913500.0,114400.0,27
201300000769,13,5,11,1000,1,1,1,1.0,6,27003,M,4909500.0,109100.0,27
201300000770,13,6,8,1630,1,2,1,1.0,7,27598,M,4914000.0,113100.0,27
201300000771,13,7,5,1445,1,1,1,1.0,1,27014,M,0.0,0.0,27
201300000772,13,3,14,1815,2,1,1,1.0,6,27517,M,4907200.0,118400.0,27
201300000773,13,6,18,2045,1,1,1,1.0,1,27676,M,4911500.0,118000.0,27
201300000774,13,6,30,1200,1,1,1,1.0,1,27517,M,4908000.0,118400.0,27
201300000775,13,10,9,1515,1,2,1,8.0,2,27275,M,0.0,0.0,27
201300000776,13,12,6,1830,5,2,6,1.0,3,27275,M,0.0,0.0,27
201300000777,13,12,7,1900,5,2,1,1.0,2,27687,M,0.0,0.0,27
201300000778,13,3,3,1215,1,1,1,1.0,6,27188,M,4918000.0,104499.0,27
201300000779,13,7,1,900,1,1,1,1.0,2,27458,M,0.0,0.0,27
201300000780,13,8,27,830,1,1,1,1.0,1,27458,M,4919300.0,113000.0,27
201300000781,13,11,22,815,2,1,1,1.0,6,27348,M,0.0,0.0,27
201300000782,13,5,13,2100,2,1,1,1.0,7,27654,M,4913000.0,53500.0,27
201300000783,13,5,17,1600,1,2,2,1.0,3,27428,M,4909000.0,54100.0,27
201300000784,13,7,14,1845,1,1,1,1.0,6,27185,M,0.0,0.0,27
201300000785,13,6,28,1415,1,1,1,8.0,6,27101,M,4923200.0,27300.0,27
201300000786,13,7,8,1815,1,1,1,1.0,2,27518,M,0.0,0.0,27
201300000787,13,7,14,1545,1,1,1,1.0,7,27174,M,0.0,0.0,27
201300000788,13,7,18,1530,1,2,1,1.0,1,27467,M,0.0,0.0,27
201300000789,13,7,27,1400,1,1,1,3.0,1,27646,M,4921100.0,22200.0,27
201300000790,13,8,6,1630,1,1,2,1.0,3,27597,M,0.0,0.0,27
201300000791,13,9,17,1730,1,1,1,3.0,1,27597,M,0.0,0.0,27
201300000792,13,10,6,1245,1,2,1,1.0,6,27107,M,0.0,0.0,27
201300000793,13,10,11,815,1,1,1,2.0,3,27174,M,0.0,0.0,27
201300000794,13,11,23,1715,2,1,1,2.0,1,27563,M,0.0,0.0,27
201300000795,13,11,29,1145,1,2,1,1.0,6,27107,M,0.0,0.0,27
201300000796,13,12,5,1900,5,2,1,2.0,3,27467,M,0.0,0.0,27
201300000797,13,1,2,1745,3,1,1,2.0,1,27102,M,4935700.0,78900.0,27
201300000798,13,1,8,1730,2,1,1,8.0,1,27105,M,4928000.0,88200.0,27
201300000799,13,4,14,1000,1,1,1,1.0,7,27637,M,4918500.0,50400.0,27
201300000800,13,4,17,700,1,1,1,1.0,3,27105,M,4918400.0,53300.0,27
201300000801,13,5,15,730,1,1,3,1.0,3,27580,M,4920500.0,55400.0,27
201300000802,13,6,1,2345,5,1,1,2.0,7,27102,M,4921400.0,46300.0,27
201300000803,13,6,3,1730,1,2,1,1.0,1,27103,M,4921200.0,49100.0,27
201300000804,13,6,13,715,1,2,1,1.0,3,27105,M,4917500.0,55200.0,27
201300000805,13,6,29,1830,1,1,1,1.0,3,27090,M,4917400.0,56100.0,27
201300000806,13,8,8,1715,1,1,9,1.0,1,27105,M,0.0,0.0,27
201300000807,13,8,9,1230,1,1,1,1.0,3,27103,M,4920400.0,49200.0,27
201300000808,13,10,22,1000,1,1,1,1.0,1,27103,M,0.0,0.0,27
201300000809,13,10,30,1845,3,1,3,1.0,3,27316,M,0.0,0.0,27
201300000810,13,12,13,1445,1,1,2,8.0,3,27062,M,0.0,0.0,27
201300000811,13,3,17,1645,1,1,1,2.0,6,27018,M,4931500.0,66100.0,27
201300000812,13,5,18,2015,1,1,2,2.0,3,27269,M,4920900.0,49000.0,27
201300000813,13,7,24,1900,2,1,1,3.0,2,27587,M,0.0,0.0,27
201300000814,13,10,15,1345,1,2,1,1.0,1,27170,M,0.0,0.0,27
201300000815,13,8,9,400,3,2,6,1.0,6,35047,M,0.0,0.0,35
201300000816,13,9,25,1715,1,1,1,1.0,1,35363,M,4801133.0,-171441.0,35
201300000817,13,10,9,1945,3,1,6,1.0,3,35047,M,4806204.0,-175527.0,35
201300000818,13,4,12,1330,1,2,1,1.0,6,35326,M,4833251.0,-153555.0,35
201300000819,13,9,9,1500,3,1,1,1.0,6,35195,M,0.0,0.0,35
201300000820,13,11,1,1845,3,1,1,5.0,2,35146,M,4824646.0,-182123.0,35
201300000821,13,11,2,2015,3,1,1,8.0,6,35355,M,4834030.0,-147898.0,35
201300000822,13,12,20,1815,3,1,2,1.0,1,35094,M,4835400.0,-177800.0,35
201300000823,13,10,31,930,1,1,3,1.0,3,35001,M,0.0,0.0,35
201300000824,13,12,11,830,2,1,1,9.0,6,35152,M,4823988.0,-154692.0,35
201300000825,13,1,9,1530,1,1,1,2.0,3,35234,M,4822652.0,-217695.0,35
201300000826,13,9,28,600,3,1,1,1.0,7,35184,M,4818917.0,-203520.0,35
201300000827,13,12,23,1740,3,1,1,3.0,1,35117,M,4816006.0,-221174.0,35
201300000828,13,8,22,1610,1,1,1,1.0,3,35223,M,4800409.0,-208580.0,35
201300000829,13,9,21,1,5,2,1,1.0,6,35223,M,4800600.0,-211000.0,35
201300000830,13,10,15,700,4,2,1,2.0,6,35188,M,4813783.0,-195399.0,35
201300000831,13,10,29,1630,1,2,9,7.0,6,35188,M,4814300.0,-195600.0,35
201300000832,13,3,19,1215,1,2,6,1.0,6,35196,M,4807847.0,-183430.0,35
201300000833,13,4,13,1200,1,2,9,1.0,6,35196,M,4807116.0,-184938.0,35
201300000834,13,7,22,700,1,1,4,1.0,7,35240,M,4809853.0,-175770.0,35
201300000835,13,10,26,2330,3,1,1,3.0,2,35240,M,4809748.0,-175862.0,35
201300000836,13,11,13,1115,1,1,1,7.0,1,35076,M,4806375.0,-179052.0,35
201300000837,13,12,3,1945,3,1,1,1.0,1,35240,M,0.0,0.0,35
201300000838,13,1,12,1630,1,1,2,1.0,3,35100,M,4827713.0,-115117.0,35
201300000839,13,4,20,1430,1,1,3,1.0,6,35137,M,4831125.0,-117900.0,35
201300000840,13,6,14,1845,1,1,1,1.0,1,35243,M,4835821.0,-124692.0,35
201300000841,13,6,25,1200,1,1,1,1.0,1,35137,M,4830619.0,-116874.0,35
201300000842,13,9,9,1415,1,1,1,1.0,6,35163,M,4828997.0,-115625.0,35
201300000843,13,1,29,1830,3,1,1,2.0,5,35178,M,4830884.0,-146887.0,35
201300000844,13,3,6,1430,1,1,1,2.0,3,35267,M,4837150.0,-132879.0,35
201300000845,13,4,14,1415,1,1,1,1.0,3,35257,M,4841597.0,-136058.0,35
201300000846,13,5,30,1145,1,1,1,3.0,7,35178,M,4827930.0,-142748.0,35
201300000847,13,6,26,1530,1,1,1,1.0,1,35304,M,4831289.0,-142958.0,35
201300000848,13,7,25,1300,1,2,1,1.0,3,35257,M,4841086.0,-136642.0,35
201300000849,13,8,23,1730,1,1,2,1.0,3,35293,M,4830203.0,-135744.0,35
201300000850,13,8,30,1315,1,1,1,1.0,1,35304,M,4832035.0,-142812.0,35
201300000851,13,9,20,2045,3,1,2,1.0,3,35253,M,4825622.0,-141190.0,35
201300000852,13,9,27,45,5,1,1,1.0,7,35253,M,0.0,0.0,35
201300000853,13,10,23,1500,1,2,1,1.0,3,35019,M,0.0,0.0,35
201300000854,13,10,25,2000,3,1,1,1.0,6,35282,M,0.0,0.0,35
201300000855,13,10,27,915,2,1,1,1.0,6,35242,M,0.0,0.0,35
201300000856,13,12,2,945,1,1,1,1.0,7,35191,M,4845500.0,-129526.0,35
201300000857,13,12,23,1815,3,1,1,3.0,6,35011,M,4838337.0,-137412.0,35
201300000858,13,5,26,1900,1,2,1,1.0,6,35064,M,4769800.0,-189376.0,35
201300000859,13,7,1,1045,1,1,2,1.0,3,35237,M,4771863.0,-197317.0,35
201300000860,13,7,6,1200,1,2,2,1.0,6,35236,M,4765079.0,-208602.0,35
201300000861,13,8,30,2015,1,2,1,1.0,1,35236,M,4767111.0,-208768.0,35
201300000862,13,10,14,1830,1,1,1,1.0,1,35237,M,4771531.0,-198002.0,35
201300000863,13,11,8,1730,1,1,2,3.0,5,35013,M,4770661.0,-205413.0,35
201300000864,13,3,18,1845,2,1,1,1.0,6,35343,M,0.0,0.0,35
201300000865,13,5,12,1800,1,1,1,1.0,5,35322,M,4790711.0,-159859.0,35
201300000866,13,5,13,1745,1,1,1,1.0,2,35343,M,4789249.0,-154332.0,35
201300000867,13,5,15,1730,1,1,1,1.0,6,35249,M,4774116.0,-181135.0,35
201300000868,13,6,16,2300,3,1,1,2.0,6,35012,M,4781961.0,-172390.0,35
201300000869,13,7,21,1200,1,2,1,7.0,1,35012,M,0.0,0.0,35
201300000870,13,9,12,1745,1,1,4,1.0,2,35321,M,4791890.0,-157068.0,35
201300000871,13,11,6,2100,3,2,1,2.0,6,35221,M,4788782.0,-174654.0,35
201300000872,13,4,13,30,4,1,6,1.0,6,35126,M,4797401.0,-181377.0,35
201300000873,13,4,25,745,1,1,1,1.0,2,35312,M,4791044.0,-179525.0,35
201300000874,13,5,9,1515,1,1,1,1.0,1,35312,M,4791660.0,-180454.0,35
201300000875,13,6,25,715,1,1,2,1.0,1,35123,M,4803268.0,-181108.0,35
201300000876,13,9,3,1345,1,1,1,1.0,1,35127,M,4789070.0,-186935.0,35
201300000877,13,11,22,1445,1,2,9,1.0,3,35126,M,0.0,0.0,35
201300000878,13,3,5,2115,5,1,1,1.0,6,35160,M,4793844.0,-208189.0,35
201300000879,13,6,2,1900,1,1,1,7.0,1,35045,M,4779562.0,-200788.0,35
201300000880,13,7,1,1630,1,1,1,1.0,6,35155,M,0.0,0.0,35
201300000881,13,6,25,430,3,1,1,1.0,3,35328,M,4777821.0,-206557.0,35
201300000882,13,7,16,1800,1,1,1,1.0,4,35219,M,,,35
201300000883,13,10,6,700,3,1,1,1.0,6,35129,M,4783629.0,-188310.0,35
201300000884,13,11,6,1815,2,1,2,2.0,3,35160,M,4794665.0,-206737.0,35
201300000885,13,11,8,700,3,1,1,3.0,6,35168,M,4792370.0,-207623.0,35
201300000886,13,12,12,1900,2,2,1,1.0,6,35129,M,0.0,0.0,35
201300000887,13,1,26,815,1,2,6,1.0,2,35049,M,4867837.0,-186029.0,35
201300000888,13,8,9,1800,1,1,4,1.0,1,35122,M,4859056.0,-190430.0,35
201300000889,13,10,17,1415,1,2,1,1.0,3,35255,M,4861994.0,-185137.0,35
201300000890,13,1,12,1745,3,1,1,1.0,6,35308,M,0.0,0.0,35
201300000891,13,1,17,1815,5,2,1,1.0,3,35085,M,4841600.0,-174500.0,35
201300000892,13,5,17,1845,1,1,1,1.0,1,35225,M,4843519.0,-194063.0,35
201300000893,13,2,12,930,1,1,1,1.0,7,35247,M,4859542.0,-160292.0,35
201300000894,13,4,6,1845,1,1,3,1.0,3,35095,M,4853695.0,-176586.0,35
201300000895,13,6,6,1045,1,1,2,1.0,3,35246,M,4853429.0,-180778.0,35
201300000896,13,6,23,1130,1,1,1,2.0,6,35186,M,4858713.0,-177873.0,35
201300000897,13,8,2,1900,1,1,1,7.0,3,35247,M,4859340.0,-159617.0,35
201300000898,13,10,17,900,1,2,1,1.0,1,35186,M,4857140.0,-176069.0,35
201300000899,13,11,14,2000,3,1,1,2.0,6,35029,M,0.0,0.0,35
201300000900,13,12,3,1900,3,1,1,1.0,3,35009,M,0.0,0.0,35
201300000901,13,12,15,1315,1,1,1,1.0,1,35246,M,0.0,0.0,35
201300000902,13,3,27,1500,1,1,1,1.0,1,35228,M,4861296.0,-206530.0,35
201300000903,13,9,25,1815,1,1,1,1.0,3,35228,M,0.0,0.0,35
201300000904,13,3,9,1630,1,1,1,1.0,5,35105,M,4811052.0,-111572.0,35
201300000905,13,5,24,1115,1,2,1,2.0,6,35192,M,4824705.0,-122398.0,35
201300000906,13,6,5,1500,1,2,1,1.0,3,35109,M,4808911.0,-123405.0,35
201300000907,13,8,2,2045,1,2,1,1.0,6,35360,M,0.0,0.0,35
201300000908,13,8,5,2000,1,1,1,1.0,7,35194,M,4814776.0,-122007.0,35
201300000909,13,9,22,815,1,2,1,7.0,2,35006,M,4805611.0,-113177.0,35
201300000910,13,9,25,645,2,1,2,1.0,1,35119,M,4802290.0,-113775.0,35
201300000911,13,9,29,2000,3,1,2,1.0,2,35141,M,4816319.0,-127483.0,35
201300000912,13,10,5,1745,1,1,1,1.0,3,35360,M,4809739.0,-119010.0,35
201300000913,13,10,10,1200,1,1,2,1.0,4,35072,M,4821858.0,-116964.0,35
201300000914,13,11,15,1715,2,2,1,1.0,2,35360,M,4811300.0,-120800.0,35
201300000915,13,1,1,1730,2,2,1,2.0,3,35069,M,4805476.0,-151540.0,35
201300000916,13,3,22,1115,1,1,2,1.0,5,35204,M,4804374.0,-154411.0,35
201300000917,13,4,1,1315,1,1,2,7.0,3,35069,M,4801799.0,-150650.0,35
201300000918,13,4,28,1700,1,1,1,1.0,7,35327,M,4810231.0,-144439.0,35
201300000919,13,8,27,1930,1,1,2,1.0,1,35204,M,4804369.0,-154409.0,35
201300000920,13,12,6,1715,1,2,1,1.0,1,35283,M,0.0,0.0,35
201300000921,13,12,15,1845,3,1,1,2.0,3,35204,M,0.0,0.0,35
201300000922,13,2,2,1700,1,2,1,7.0,6,35239,M,4791403.0,-137856.0,35
201300000923,13,4,30,1215,1,1,2,1.0,3,35167,M,4783175.0,-132844.0,35
201300000924,13,6,28,1415,1,1,1,1.0,6,35167,M,4781563.0,-129391.0,35
201300000925,13,8,18,2030,1,2,1,1.0,7,35167,M,4783700.0,-132000.0,35
201300000926,13,11,23,1815,3,1,1,1.0,5,35167,M,4787598.0,-135133.0,35
201300000927,13,1,4,1200,1,1,1,1.0,1,35220,M,4801298.0,-143747.0,35
201300000928,13,2,1,1115,1,2,1,2.0,6,35136,M,4796178.0,-150147.0,35
201300000929,13,3,7,1600,1,2,1,1.0,6,35136,M,4796026.0,-150079.0,35
201300000930,13,3,9,1745,1,1,1,1.0,7,35002,M,0.0,0.0,35
201300000931,13,4,14,2145,3,1,1,1.0,6,35082,M,4786683.0,-139504.0,35
201300000932,13,5,30,1900,1,1,2,1.0,3,35220,M,4803295.0,-142664.0,35
201300000933,13,6,15,1715,1,1,2,1.0,2,35136,M,4794832.0,-149762.0,35
201300000934,13,6,22,915,1,1,1,8.0,1,35262,M,4789012.0,-143787.0,35
201300000935,13,9,22,2000,1,1,1,1.0,7,35002,M,4797988.0,-146456.0,35
201300000936,13,11,20,730,2,1,1,9.0,1,35136,M,4795300.0,-152000.0,35
201300000937,13,12,5,1715,2,2,1,1.0,7,35136,M,4796070.0,-150102.0,35
201300000938,13,12,8,1915,3,1,1,1.0,1,35198,M,4797500.0,-132300.0,35
201300000939,13,10,3,2115,3,1,1,1.0,1,22182,M,0.0,0.0,22
201300000940,13,7,25,1330,1,2,3,1.0,7,22047,M,4831912.0,-305643.0,22
201300000941,13,8,29,1445,1,1,1,1.0,1,22107,M,4823686.0,-316251.0,22
201300000942,13,10,21,2100,5,2,1,8.0,6,22074,M,4832300.0,-306600.0,22
201300000943,13,5,5,1800,1,1,1,1.0,7,22063,M,0.0,0.0,22
201300000944,13,7,16,1500,1,1,2,1.0,5,22377,M,4866400.0,-287700.0,22
201300000945,13,8,24,1230,1,2,1,1.0,6,22178,M,0.0,0.0,22
201300000946,13,2,4,745,2,1,2,2.0,3,22142,M,4844805.0,-255382.0,22
201300000947,13,2,8,730,2,1,1,2.0,1,22142,M,4843077.0,-250893.0,22
201300000948,13,3,9,1730,1,1,2,1.0,3,22093,M,4842812.0,-250824.0,22
201300000949,13,7,11,2300,3,2,1,1.0,7,22140,M,0.0,0.0,22
201300000950,13,8,10,1745,1,1,1,1.0,1,22002,M,4850150.0,-251908.0,22
201300000951,13,9,22,1800,1,1,1,1.0,1,22326,M,4844035.0,-241986.0,22
201300000952,13,9,30,1315,1,2,9,1.0,7,22093,M,4846787.0,-254509.0,22
201300000953,13,11,9,1100,1,1,1,8.0,7,22355,M,4846142.0,-240166.0,22
201300000954,13,11,13,715,5,1,1,1.0,6,22044,M,4848016.0,-258259.0,22
201300000955,13,12,9,1130,1,1,1,1.0,1,22093,M,4847896.0,-249894.0,22
201300000956,13,12,31,1415,1,1,1,1.0,1,22093,M,4845186.0,-254212.0,22
201300000957,13,4,9,900,1,1,1,1.0,1,22079,M,0.0,0.0,22
201300000958,13,4,10,1900,1,1,1,2.0,1,22203,M,4834887.0,-272875.0,22
201300000959,13,4,24,1600,1,2,9,1.0,6,22203,M,4834752.0,-275691.0,22
201300000960,13,5,10,1615,1,1,1,1.0,3,22203,M,4834959.0,-272552.0,22
201300000961,13,8,19,1845,1,1,1,1.0,3,22184,M,0.0,0.0,22
201300000962,13,10,1,1315,1,1,1,8.0,6,22080,M,4836778.0,-287736.0,22
201300000963,13,12,2,715,3,1,2,1.0,3,22281,M,4841175.0,-274345.0,22
201300000964,13,3,25,1745,1,1,2,1.0,1,22376,M,4821206.0,-277692.0,22
201300000965,13,6,6,1745,1,2,6,1.0,3,22136,M,4818568.0,-276134.0,22
201300000966,13,9,15,1715,1,1,2,1.0,3,22384,M,4827901.0,-283115.0,22
201300000967,13,10,12,1930,5,2,1,1.0,6,22136,M,4818300.0,-275500.0,22
201300000968,13,11,2,2230,3,1,1,9.0,6,22136,M,4817650.0,-270927.0,22
201300000969,13,11,7,1730,4,2,1,2.0,6,22136,M,4818347.0,-275678.0,22
201300000970,13,1,5,1745,3,1,1,1.0,6,22086,M,4874560.0,-303802.0,22
201300000971,13,2,21,745,2,2,1,1.0,6,22162,M,0.0,0.0,22
201300000972,13,6,14,1545,1,1,1,1.0,6,22016,M,4884500.0,-300300.0,22
201300000973,13,6,20,2045,1,1,1,1.0,3,22162,M,4878099.0,-301484.0,22
201300000974,13,6,29,1945,1,1,1,1.0,1,22086,M,4873259.0,-302773.0,22
201300000975,13,9,22,630,3,1,1,5.0,6,22214,M,0.0,0.0,22