Num_Acc,an,mois,jour,hrmn,lum,agg,int,atm,col,com,gps,lat,long,dep
201300000976,13,10,13,1415,1,1,1,1.0,7,22162,M,4876724.0,-306507.0,22
201300000977,13,11,22,1445,1,2,1,8.0,7,22162,M,4878027.0,-304460.0,22
201300000978,13,1,26,1130,1,1,1,1.0,3,22242,M,0.0,0.0,22
201300000979,13,3,23,1445,1,1,6,1.0,3,22186,M,4858729.0,-250207.0,22
201300000980,13,4,18,2200,3,1,1,1.0,6,22173,M,4856000.0,-257800.0,22
201300000981,13,5,15,1145,1,2,1,1.0,6,22389,M,4848234.0,-267447.0,22
201300000982,13,6,17,945,1,1,2,1.0,3,22186,M,4858457.0,-252508.0,22
201300000983,13,7,16,1815,1,2,1,1.0,5,22273,M,0.0,0.0,22
201300000984,13,8,28,1730,1,1,1,1.0,6,22389,M,0.0,0.0,22
201300000985,13,8,29,2045,3,1,1,1.0,1,22054,M,0.0,0.0,22
201300000986,13,11,23,1345,1,2,4,1.0,3,22173,M,4853137.0,-257695.0,22
201300000987,13,4,11,1330,1,1,1,1.0,3,22277,M,0.0,0.0,22
201300000988,13,4,12,1900,1,2,3,1.0,7,22176,M,4844462.0,-274042.0,22
201300000989,13,6,10,1645,1,2,1,1.0,6,22262,M,4840806.0,-290718.0,22
201300000990,13,8,6,1130,1,1,1,1.0,4,22277,M,4838952.0,-283188.0,22
201300000991,13,9,15,1345,1,1,1,1.0,1,22171,M,4841700.0,-282200.0,22
201300000992,13,11,20,800,2,1,1,8.0,1,22171,M,4840077.0,-278829.0,22
201300000993,13,1,23,1145,1,1,4,1.0,3,22008,M,4841388.0,-210924.0,22
201300000994,13,1,24,1615,1,2,1,1.0,3,22259,M,4844761.0,-208343.0,22
201300000995,13,2,7,800,1,1,1,1.0,1,22306,M,4835462.0,-196861.0,22
201300000996,13,2,18,1545,1,1,1,1.0,7,22317,M,4842585.0,-225618.0,22
201300000997,13,2,19,1745,1,1,2,1.0,3,22299,M,4848219.0,-196166.0,22
201300000998,13,3,1,1745,1,1,2,1.0,3,22208,M,4833741.0,-196369.0,22
201300000999,13,3,21,1815,1,2,1,2.0,2,22339,M,4846800.0,-206006.0,22
201300001000,13,6,30,1,3,2,1,1.0,6,22306,M,4836700.0,-195400.0,22
201300001001,13,7,10,745,1,2,1,7.0,6,22259,M,0.0,0.0,22
201300001002,13,7,12,1115,1,2,1,1.0,2,22123,M,4843562.0,-206788.0,22
201300001003,13,7,27,1630,1,1,1,3.0,7,22118,M,4844378.0,-201968.0,22
201300001004,13,8,1,2300,3,1,1,1.0,6,22308,M,4838500.0,-204199.0,22
201300001005,13,9,4,1600,1,1,2,1.0,3,22197,M,4850954.0,-193314.0,22
201300001006,13,9,30,1815,1,2,9,7.0,6,22050,M,4845800.0,-205200.0,22
201300001007,13,11,16,900,1,2,1,7.0,6,22263,M,4835201.0,-199980.0,22
201300001008,13,12,20,1115,1,2,2,7.0,3,22050,M,4845295.0,-205663.0,22
201300001009,13,12,30,1930,5,2,1,8.0,6,22259,M,4844760.0,-207423.0,22
201300001010,13,6,3,1930,1,1,1,1.0,1,22185,M,4837258.0,-237755.0,22
201300001011,13,11,24,2115,5,2,1,1.0,6,22012,M,4857401.0,-243371.0,22
201300001012,13,4,10,1445,1,1,1,3.0,1,22077,M,4853624.0,-244355.0,22
201300001013,13,5,6,1930,1,2,1,1.0,6,22143,M,4859639.0,-229542.0,22
201300001014,13,6,10,2000,1,1,1,1.0,6,22143,M,4861828.0,-228797.0,22
201300001015,13,6,16,1445,1,1,1,1.0,1,22282,M,4860306.0,-224464.0,22
201300001016,13,6,24,1500,1,2,1,1.0,1,22200,M,4848942.0,-232126.0,22
201300001017,13,7,18,330,5,2,1,1.0,6,22282,M,4863493.0,-227048.0,22
201300001018,13,7,21,545,2,1,1,1.0,6,22237,M,4850500.0,-228600.0,22
201300001019,13,9,3,1845,1,1,1,1.0,7,22200,M,4849773.0,-232474.0,22
201300001020,13,2,5,1815,1,1,3,1.0,3,22062,M,4819859.0,-248308.0,22
201300001021,13,2,11,830,1,1,1,9.0,1,22241,M,4811700.0,-260667.0,22
201300001022,13,7,16,1330,1,1,1,1.0,7,22066,M,4831500.0,-251400.0,22
201300001023,13,8,29,2215,5,1,1,1.0,3,22147,M,0.0,0.0,22
201300001024,13,10,7,945,1,1,1,1.0,3,22066,M,4834300.0,-247800.0,22
201300001025,13,10,18,1530,1,1,2,1.0,1,22183,M,4818300.0,-261000.0,22
201300001026,13,11,10,830,2,1,1,2.0,6,22147,M,4819900.0,-238200.0,22
201300001027,13,9,30,1730,1,1,1,1.0,7,22172,M,0.0,0.0,22
201300001028,13,10,17,830,2,2,1,8.0,6,22180,M,4843500.0,-221600.0,22
201300001029,13,10,17,615,3,1,1,1.0,1,22014,M,4845100.0,-228500.0,22
201300001030,13,11,9,1115,1,1,1,1.0,3,22048,M,4850108.0,-222799.0,22
201300001031,13,11,10,500,3,2,7,3.0,6,22237,M,4853300.0,-229500.0,22
201300001032,13,11,16,1415,1,2,1,7.0,2,22097,M,4843016.0,-217760.0,22
201300001033,13,12,13,715,3,1,1,2.0,7,22190,M,4853564.0,-206806.0,22
201300001034,13,2,15,1015,1,2,1,1.0,6,22070,M,4856345.0,-315720.0,22
201300001035,13,6,30,1830,1,2,1,1.0,6,22225,M,4854163.0,-313285.0,22
201300001036,13,10,6,1145,1,2,6,1.0,6,22161,M,4857600.0,-314600.0,22
201300001037,13,12,26,1300,1,2,3,1.0,7,22225,M,4854477.0,-313209.0,22
201300001038,13,8,23,1700,1,1,1,1.0,7,22013,M,4844949.0,-314424.0,22
201300001039,13,12,2,715,3,1,1,1.0,6,22005,M,4855400.0,-338100.0,22
201300001040,13,5,25,1930,1,1,1,1.0,6,22061,M,4825656.0,-343627.0,22
201300001041,13,7,3,900,1,1,3,2.0,4,22137,M,4829353.0,-344279.0,22
201300001042,13,8,6,815,1,1,1,8.0,2,22061,M,4825733.0,-339956.0,22
201300001043,13,3,5,1100,1,1,1,1.0,1,22194,M,4864552.0,-365621.0,22
201300001044,13,4,18,1900,1,1,1,1.0,7,22194,M,4862425.0,-364284.0,22
201300001045,13,4,18,2015,1,1,1,1.0,2,22226,M,4869386.0,-352360.0,22
201300001046,13,6,16,915,1,1,1,2.0,7,22119,M,4862735.0,-354567.0,22
201300001047,13,12,10,745,2,1,3,1.0,3,22265,M,4873093.0,-340664.0,22
201300001048,13,12,8,1515,1,2,3,7.0,3,22194,M,4865849.0,-362833.0,22
201300001049,13,12,10,1745,1,2,1,1.0,6,22207,M,4861088.0,-347282.0,22
201300001050,13,3,21,745,1,1,3,8.0,3,22134,M,4878195.0,-339029.0,22
201300001051,13,7,10,1500,1,2,4,1.0,1,22379,M,4881359.0,-333619.0,22
201300001052,13,8,18,1745,1,2,4,1.0,1,22134,M,4879557.0,-341988.0,22
201300001053,13,8,24,500,5,2,1,8.0,7,22343,M,0.0,0.0,22
201300001054,13,10,4,1030,1,2,1,1.0,6,22343,M,0.0,0.0,22
201300001055,13,2,8,650,3,1,2,2.0,3,22226,M,4869645.0,-354168.0,22
201300001056,13,8,14,1945,2,1,3,7.0,3,22194,M,4867058.0,-358521.0,22
201300001057,13,8,21,1900,1,1,3,1.0,2,22340,M,4864845.0,-342165.0,22
201300001058,13,1,27,1030,1,1,1,6.0,2,22152,M,4877000.0,-328000.0,22
201300001059,13,2,12,1830,5,1,6,1.0,7,22152,M,4876012.0,-329411.0,22
201300001060,13,3,5,645,3,1,6,1.0,7,22152,M,4875242.0,-326139.0,22
201300001061,13,3,24,315,3,2,1,8.0,6,22166,M,0.0,0.0,22
201300001062,13,3,23,2130,3,2,1,1.0,7,22221,M,4882444.0,-320957.0,22
201300001063,13,5,9,945,1,1,1,2.0,6,22347,M,0.0,0.0,22
201300001064,13,8,10,15,5,2,6,1.0,2,22247,M,4873187.0,-324393.0,22
201300001065,13,9,6,1000,1,2,1,7.0,6,22362,M,4878005.0,-323951.0,22
201300001066,13,10,6,1045,1,2,1,1.0,2,22221,M,4880100.0,-324000.0,22
201300001067,13,10,24,1745,1,1,2,1.0,3,22254,M,0.0,0.0,22
201300001068,13,5,7,1330,1,1,1,1.0,2,29216,M,4799386.0,-419119.0,29
201300001069,13,5,12,1745,1,2,1,1.0,3,29003,M,4802368.0,-454593.0,29
201300001070,13,7,12,1600,1,2,9,1.0,2,29215,M,4799146.0,-443373.0,29
201300001071,13,8,1,530,3,1,1,5.0,3,29065,M,4802958.0,-427215.0,29
201300001072,13,9,22,530,3,1,1,5.0,6,29145,M,4803871.0,-448722.0,29
201300001073,13,10,1,1000,1,2,6,1.0,3,29173,M,4801615.0,-420843.0,29
201300001074,13,10,1,1100,1,2,1,1.0,6,29225,M,4794906.0,-436929.0,29
201300001075,13,10,25,800,3,1,1,1.0,5,29216,M,4795831.0,-416639.0,29
201300001076,13,1,21,1900,3,1,1,2.0,1,29226,M,4806237.0,-436428.0,29
201300001077,13,5,25,1845,1,1,1,1.0,6,29087,M,4806386.0,-428347.0,29
201300001078,13,7,1,2115,1,1,1,1.0,1,29169,M,4808360.0,-419400.0,29
201300001079,13,8,12,1515,1,1,1,1.0,1,29046,M,4806728.0,-429205.0,29
201300001080,13,11,10,815,1,2,1,1.0,6,29046,M,4808521.0,-433229.0,29
201300001081,13,1,11,2015,5,2,1,1.0,6,29057,M,4790753.0,-394780.0,29
201300001082,13,1,21,1630,1,2,6,1.0,3,29058,M,4789065.0,-401419.0,29
201300001083,13,3,21,645,3,1,1,2.0,1,29032,M,4788775.0,-409905.0,29
201300001084,13,5,15,1900,1,1,1,1.0,3,29161,M,4789425.0,-403918.0,29
201300001085,13,6,9,1815,1,1,1,1.0,7,29057,M,4791672.0,-397107.0,29
201300001086,13,6,24,1715,1,2,1,1.0,3,29247,M,4793989.0,-401496.0,29
201300001087,13,7,6,1300,1,1,1,1.0,3,29006,M,4788594.0,-405725.0,29
201300001088,13,8,8,130,3,1,1,1.0,6,29032,M,4788630.0,-411453.0,29
201300001089,13,9,1,1700,1,2,1,1.0,1,29058,M,4789376.0,-400029.0,29
201300001090,13,11,16,1015,1,2,6,1.0,6,29006,M,4788124.0,-410528.0,29
201300001091,13,12,4,800,3,1,1,2.0,3,29161,M,4792442.0,-407218.0,29
201300001092,13,12,14,30,3,1,1,2.0,7,29161,M,4790767.0,-407497.0,29
201300001093,13,3,12,1045,1,1,1,1.0,6,29174,M,4787193.0,-423927.0,29
201300001094,13,8,9,1230,1,1,1,1.0,1,29170,M,4796904.0,-412693.0,29
201300001095,13,8,21,2100,1,1,1,1.0,7,29171,M,4784593.0,-426850.0,29
201300001096,13,9,7,1900,1,1,2,7.0,3,29158,M,4781494.0,-435276.0,29
201300001097,13,11,22,415,3,1,1,1.0,7,29174,M,4788296.0,-429237.0,29
201300001098,13,12,29,230,5,2,1,1.0,6,29220,M,4786691.0,-422229.0,29
201300001099,13,1,8,1700,2,2,1,8.0,3,29075,M,4841314.0,-445061.0,29
201300001100,13,1,18,1345,1,2,1,8.0,3,29075,M,4841308.0,-445115.0,29
201300001101,13,2,5,1800,1,2,1,8.0,2,29235,M,4840083.0,-441931.0,29
201300001102,13,5,13,1800,1,2,1,1.0,1,29245,M,4845484.0,-433537.0,29
201300001103,13,5,27,1430,1,1,1,1.0,1,29075,M,4841330.0,-441629.0,29
201300001104,13,6,6,715,1,2,6,1.0,3,29061,M,4845716.0,-446556.0,29
201300001105,13,10,10,1745,1,2,1,9.0,6,29235,M,4840798.0,-439986.0,29
201300001106,13,3,11,1530,1,2,1,2.0,6,29103,M,4845197.0,-426295.0,29
201300001107,13,5,17,2115,1,1,1,1.0,6,29181,M,4845902.0,-423830.0,29
201300001108,13,10,3,1745,1,1,1,1.0,3,29237,M,4846670.0,-420824.0,29
201300001109,13,11,12,1730,2,2,1,1.0,6,29103,M,4845410.0,-425204.0,29
201300001110,13,12,8,1700,1,1,1,1.0,3,29237,M,4847581.0,-420180.0,29
201300001111,13,12,9,2015,3,1,1,1.0,1,29237,M,4846636.0,-421140.0,29
201300001112,13,8,18,1900,1,1,1,1.0,2,29124,M,4856926.0,-431700.0,29
201300001113,13,10,4,230,4,2,1,1.0,7,29124,M,4856172.0,-432066.0,29
201300001114,13,1,29,745,3,2,1,1.0,3,29117,M,4856583.0,-452476.0,29
201300001115,13,2,11,1800,1,1,1,1.0,1,29160,M,4851768.0,-443262.0,29
201300001116,13,3,9,1530,1,1,1,1.0,1,29015,M,4852138.0,-450292.0,29
201300001117,13,4,30,1300,1,1,1,1.0,7,29160,M,4861840.0,-438422.0,29
201300001118,13,6,24,1645,1,1,1,1.0,3,29209,M,4852971.0,-446575.0,29
201300001119,13,10,9,145,3,1,1,1.0,6,29095,M,4846959.0,-437272.0,29
201300001120,13,12,12,1815,3,1,1,8.0,6,29126,M,4855711.0,-440099.0,29
201300001121,13,2,20,1430,1,1,1,1.0,3,29149,M,4849077.0,-457450.0,29
201300001122,13,4,9,1800,1,2,1,8.0,6,29260,M,4843376.0,-462193.0,29
201300001123,13,7,4,1830,1,2,1,1.0,3,29221,M,4851524.0,-476357.0,29
201300001124,13,8,1,2130,1,2,1,1.0,3,29178,M,4856814.0,-468689.0,29
201300001125,13,10,7,1700,1,1,1,1.0,2,29119,M,4849643.0,-469424.0,29
201300001126,13,12,13,1345,1,1,1,3.0,1,29119,M,4845851.0,-463032.0,29
201300001127,13,3,25,1530,1,2,1,1.0,1,29025,M,4815227.0,-414227.0,29
201300001128,13,4,15,2030,1,1,1,1.0,1,29172,M,4816013.0,-363386.0,29
201300001129,13,7,10,1715,1,2,1,1.0,3,29222,M,4821577.0,-407118.0,29
201300001130,13,7,17,1700,1,1,1,1.0,2,29263,M,4822241.0,-407330.0,29
201300001131,13,9,3,1945,1,1,1,7.0,6,29176,M,4814879.0,-421214.0,29
201300001132,13,9,4,1815,1,2,1,9.0,6,29026,M,4819792.0,-408822.0,29
201300001133,13,12,1,445,3,1,1,1.0,6,29026,M,4820138.0,-408434.0,29
201300001134,13,12,6,1615,1,2,1,1.0,3,29026,M,4819299.0,-409630.0,29
201300001135,13,12,7,1115,1,1,1,1.0,1,29025,M,4815796.0,-413911.0,29
201300001136,13,5,3,1645,1,1,1,1.0,6,29054,M,4838870.0,-386727.0,29
201300001137,13,7,22,1245,1,1,1,1.0,2,29054,M,4838936.0,-385804.0,29
201300001138,13,8,5,1100,1,1,1,2.0,1,29205,M,4830693.0,-361092.0,29
201300001139,13,8,5,1515,1,1,2,1.0,1,29211,M,4834100.0,-376241.0,29
201300001140,13,3,26,1415,1,1,1,1.0,2,29162,M,4823840.0,-396319.0,29
201300001141,13,5,9,1030,1,2,1,1.0,1,29175,M,4824813.0,-382198.0,29
201300001142,13,10,25,2100,3,1,1,1.0,6,29048,M,4808551.0,-397134.0,29
201300001143,13,12,1,1830,5,2,1,1.0,3,29162,M,4822538.0,-397047.0,29
201300001144,13,6,23,630,2,1,1,1.0,3,29001,M,4822565.0,-431329.0,29
201300001145,13,8,20,1130,1,2,1,1.0,1,29022,M,4827965.0,-460559.0,29
201300001146,13,9,27,830,1,2,1,1.0,6,29001,M,4824722.0,-431148.0,29
201300001147,13,4,5,2100,3,1,1,1.0,6,29034,M,4847680.0,-382448.0,29
201300001148,13,4,6,100,3,1,1,8.0,7,29113,M,4865515.0,-372566.0,29
201300001149,13,4,25,1930,1,2,1,1.0,3,29067,M,4851586.0,-359412.0,29
201300001150,13,5,28,1700,1,2,1,1.0,1,29113,M,4864328.0,-371826.0,29
201300001151,13,8,17,315,3,1,1,1.0,1,29188,M,0.0,0.0,29
201300001152,13,10,16,1715,1,1,1,1.0,3,29114,M,4848931.0,-366240.0,29
201300001153,13,10,21,1315,1,1,1,1.0,6,29182,M,4861663.0,-368247.0,29
201300001154,13,11,12,1800,3,2,1,8.0,3,29113,M,4865320.0,-372035.0,29
201300001155,13,11,16,1745,2,2,6,1.0,1,29207,M,4853481.0,-379048.0,29
201300001156,13,12,13,1645,1,1,1,2.0,3,29207,M,4853339.0,-378838.0,29
201300001157,13,1,10,1200,1,2,6,3.0,3,29097,M,4849400.0,-404681.0,29
201300001158,13,5,19,200,3,1,1,1.0,6,29105,M,4849976.0,-406057.0,29
201300001159,13,6,21,1800,1,1,1,8.0,1,29038,M,4841950.0,-393899.0,29
201300001160,13,8,11,1245,1,1,1,2.0,3,29204,M,4848867.0,-416197.0,29
201300001161,13,9,29,1,3,1,1,2.0,6,29127,M,4846668.0,-397182.0,29
201300001162,13,1,5,2130,3,1,1,1.0,6,29210,M,4859344.0,-405110.0,29
201300001163,13,1,17,1830,5,2,1,1.0,3,29213,M,4866031.0,-409757.0,29
201300001164,13,2,19,845,1,2,1,7.0,3,29184,M,4867064.0,-398703.0,29
201300001165,13,5,6,1730,1,1,1,1.0,7,29184,M,4863292.0,-398897.0,29
201300001166,13,7,14,545,2,2,1,1.0,1,29213,M,4859620.0,-411367.0,29
201300001167,13,8,21,1700,1,1,1,1.0,3,29273,M,4868964.0,-402880.0,29
201300001168,13,8,26,415,3,1,1,1.0,6,29068,M,4857797.0,-396771.0,29
201300001169,13,10,6,2030,5,2,1,1.0,7,29259,M,4868825.0,-396930.0,29
201300001170,13,12,18,1545,1,1,1,3.0,5,29259,M,4865014.0,-395951.0,29
201300001171,13,7,28,1700,1,1,1,1.0,6,56157,M,0.0,0.0,56
201300001172,13,8,3,1800,1,1,2,1.0,3,56157,M,0.0,0.0,56
201300001173,13,8,5,15,3,1,1,1.0,1,56003,M,0.0,0.0,56
201300001174,13,8,13,1815,1,1,3,1.0,3,56008,M,0.0,0.0,56
201300001175,13,9,18,1630,1,1,1,1.0,3,56042,M,0.0,0.0,56
201300001176,13,9,21,115,3,1,1,1.0,2,56067,M,0.0,0.0,56
201300001177,13,9,30,2045,3,1,1,1.0,6,56042,M,0.0,0.0,56
201300001178,13,10,7,730,2,2,1,1.0,6,56067,M,0.0,0.0,56
201300001179,13,11,6,1815,3,1,3,2.0,3,56158,M,0.0,0.0,56
201300001180,13,12,22,1745,2,1,1,8.0,6,56067,M,0.0,0.0,56
201300001181,13,1,13,130,3,1,1,5.0,6,56221,M,4767010.0,-221448.0,56
201300001182,13,1,12,1015,1,1,1,7.0,6,56229,M,0.0,0.0,56
201300001183,13,6,1,1615,1,1,2,1.0,3,56001,M,4763474.0,-215367.0,56
201300001184,13,6,7,815,1,1,1,1.0,3,56229,M,0.0,0.0,56
201300001185,13,7,11,2015,1,2,1,1.0,3,56221,M,4768473.0,-221710.0,56
201300001186,13,8,7,2115,1,2,1,2.0,7,56229,M,0.0,0.0,56
201300001187,13,8,9,1430,1,1,1,1.0,7,56001,M,0.0,0.0,56
201300001188,13,8,13,1730,1,1,1,1.0,7,56001,M,0.0,0.0,56
201300001189,13,9,20,1715,1,1,1,1.0,6,56001,M,4763542.0,-218169.0,56
201300001190,13,10,10,1745,1,2,1,7.0,3,56061,M,4776630.0,-213481.0,56
201300001191,13,11,19,1945,5,2,3,2.0,3,56232,M,4767336.0,-210669.0,56
201300001192,13,1,7,1415,1,1,1,8.0,6,56143,M,0.0,0.0,56
201300001193,13,7,14,1045,2,1,1,1.0,1,56155,M,4746700.0,-247700.0,56
201300001194,13,11,28,1415,1,2,1,1.0,7,56052,M,0.0,0.0,56
201300001195,13,2,11,1845,1,1,1,1.0,1,56053,M,0.0,0.0,56
201300001196,13,2,14,1800,1,1,1,1.0,7,56135,M,0.0,0.0,56
201300001197,13,2,22,745,2,1,2,1.0,3,56053,M,0.0,0.0,56
201300001198,13,3,20,1700,1,2,1,1.0,6,56159,M,0.0,0.0,56
201300001199,13,4,14,1815,1,1,1,1.0,6,56053,M,0.0,0.0,56
201300001200,13,5,24,1130,1,1,2,1.0,3,56261,M,4769648.0,-254107.0,56
201300001201,13,6,14,545,2,1,1,1.0,6,56184,M,4766186.0,-243965.0,56
201300001202,13,8,17,1745,1,1,1,1.0,6,56255,M,0.0,0.0,56
201300001203,13,9,6,1845,1,2,1,1.0,3,56184,M,0.0,0.0,56
201300001204,13,11,20,1615,1,1,1,2.0,5,56171,M,0.0,0.0,56
201300001205,13,1,19,2230,3,1,1,8.0,1,56023,M,0.0,0.0,56
201300001206,13,1,25,1830,5,2,1,3.0,6,56007,M,4767188.0,-299534.0,56
201300001207,13,3,14,1000,1,1,1,1.0,3,56046,M,4763461.0,-301535.0,56
201300001208,13,3,30,1745,1,2,1,1.0,6,56007,M,4765883.0,-297967.0,56
201300001209,13,4,11,930,1,1,1,1.0,1,56176,M,4769272.0,-293320.0,56
201300001210,13,6,18,1700,1,2,1,1.0,1,56007,M,4766345.0,-299715.0,56
201300001211,13,7,2,1630,1,1,1,1.0,3,56023,M,4768650.0,-301350.0,56
201300001212,13,7,10,2245,5,1,2,1.0,3,56167,M,0.0,0.0,56
201300001213,13,8,24,1130,1,2,1,1.0,6,56007,M,4766670.0,-298509.0,56
201300001214,13,9,14,1600,1,2,1,1.0,6,56007,M,4766703.0,-298606.0,56
201300001215,13,4,25,1615,1,1,1,1.0,1,56241,M,0.0,0.0,56
201300001216,13,3,7,1515,1,2,1,1.0,3,56258,M,4758721.0,-302914.0,56
201300001217,13,4,20,100,3,1,1,1.0,7,56116,M,4756051.0,-296462.0,56
201300001218,13,5,4,300,3,1,1,1.0,6,56034,M,0.0,0.0,56
201300001219,13,5,26,930,5,2,1,1.0,6,56034,M,4757361.0,-307655.0,56
201300001220,13,6,14,1845,1,2,6,1.0,6,56186,M,4749020.0,-312126.0,56
201300001221,13,7,10,900,1,1,1,1.0,1,56116,M,0.0,0.0,56
201300001222,13,7,19,1445,1,2,3,1.0,3,56034,M,4757161.0,-307601.0,56
201300001223,13,8,1,2230,3,1,1,1.0,1,56034,M,0.0,0.0,56
201300001224,13,8,17,1430,1,2,1,1.0,7,56234,M,4751579.0,-313190.0,56
201300001225,13,8,24,530,3,1,1,1.0,6,56034,M,4762563.0,-309886.0,56
201300001226,13,9,5,1145,1,1,1,1.0,3,56116,M,4758115.0,-297468.0,56
201300001227,13,9,27,2345,3,1,1,1.0,2,56034,M,0.0,0.0,56
201300001228,13,10,10,1800,1,1,1,1.0,3,56233,M,4757210.0,-300829.0,56
201300001229,13,8,19,1115,1,2,1,1.0,3,56069,M,0.0,0.0,56
201300001230,13,6,7,1115,1,2,6,3.0,6,56013,M,4767565.0,-317139.0,56
201300001231,13,7,11,900,1,1,1,1.0,3,56161,M,0.0,0.0,56
201300001232,13,8,14,1300,1,2,1,1.0,1,56181,M,0.0,0.0,56
201300001233,13,9,22,1400,1,2,2,1.0,3,56054,M,0.0,0.0,56
201300001234,13,12,11,1145,1,1,1,1.0,5,56193,M,0.0,0.0,56
201300001235,13,12,24,1615,1,1,1,8.0,3,56013,M,4767347.0,-314124.0,56
201300001236,13,12,29,2115,4,1,1,1.0,6,56169,M,0.0,0.0,56
201300001237,13,1,11,2015,3,1,1,1.0,6,56165,M,4790253.0,-237383.0,56
201300001238,13,3,7,1730,1,1,1,2.0,7,56080,M,0.0,0.0,56
201300001239,13,4,5,1715,1,1,1,8.0,6,56165,M,0.0,0.0,56
201300001240,13,6,8,700,2,2,1,2.0,6,56080,M,0.0,0.0,56
201300001241,13,8,9,1915,1,2,1,1.0,1,56249,M,0.0,0.0,56
201300001242,13,8,29,745,1,1,1,5.0,7,56129,M,0.0,0.0,56
201300001243,13,9,9,1145,1,1,1,1.0,7,56032,M,0.0,0.0,56
201300001244,13,9,14,1730,1,2,6,1.0,3,56165,M,4793052.0,-239302.0,56
201300001245,13,9,27,1315,1,1,1,1.0,3,56032,M,0.0,0.0,56
201300001246,13,9,27,1730,1,2,1,1.0,3,56165,M,4793537.0,-240082.0,56
201300001247,13,11,16,1130,1,2,1,1.0,6,56037,M,0.0,0.0,56
201300001248,13,11,30,1215,1,1,1,1.0,1,56080,M,0.0,0.0,56
201300001249,13,12,20,1000,1,2,7,2.0,6,56165,M,4793331.0,-239922.0,56
201300001250,13,1,2,1915,3,1,1,8.0,3,56020,M,0.0,0.0,56
201300001251,13,6,18,2115,2,1,1,1.0,6,56219,M,0.0,0.0,56
201300001252,13,8,1,1615,1,1,3,7.0,3,56244,M,0.0,0.0,56
201300001253,13,8,11,1600,1,1,2,1.0,5,56230,M,0.0,0.0,56
201300001254,13,9,3,800,1,1,1,7.0,6,56075,M,4794606.0,-215802.0,56
201300001255,13,9,4,1630,1,2,6,1.0,3,56124,M,4781005.0,-238716.0,56
201300001256,13,9,23,620,3,1,1,5.0,6,56200,M,0.0,0.0,56
201300001257,13,9,29,1845,1,1,1,1.0,6,56244,M,0.0,0.0,56
201300001258,13,10,7,1900,1,2,1,1.0,3,56124,M,4780775.0,-238873.0,56
201300001259,13,11,22,1745,5,2,1,2.0,3,56075,M,0.0,0.0,56
201300001260,13,1,19,15,3,1,1,5.0,6,56047,M,0.0,0.0,56
201300001261,13,6,2,1000,1,2,1,1.0,1,56172,M,0.0,0.0,56
201300001262,13,6,5,2315,3,1,1,1.0,6,56172,M,0.0,0.0,56
201300001263,13,6,2,2315,3,1,1,1.0,7,56024,M,0.0,0.0,56
201300001264,13,7,29,2300,3,1,1,1.0,6,56047,M,0.0,0.0,56
201300001265,13,9,7,2000,2,1,1,1.0,3,56019,M,0.0,0.0,56
201300001266,13,10,28,1245,1,1,3,7.0,3,56017,M,0.0,0.0,56
201300001267,13,11,11,1115,1,1,1,2.0,3,56172,M,0.0,0.0,56
201300001268,13,12,1,2240,4,1,1,1.0,6,56236,M,0.0,0.0,56
201300001269,13,12,30,1100,1,1,1,2.0,6,56079,M,4791469.0,-243995.0,56
201300001270,13,1,16,1930,5,2,1,1.0,2,56178,M,4806899.0,-296719.0,56
201300001271,13,2,5,1030,1,2,1,2.0,6,56178,M,4806493.0,-296709.0,56
201300001272,13,2,14,1545,1,1,1,1.0,5,56151,M,0.0,0.0,56
201300001273,13,5,4,2000,1,2,6,1.0,3,56213,M,4810787.0,-289336.0,56
201300001274,13,7,10,900,1,2,1,1.0,6,56178,M,4806643.0,-296826.0,56
201300001275,13,7,25,230,5,2,1,1.0,3,56178,M,0.0,0.0,56
201300001276,13,11,5,1730,2,1,1,8.0,1,56146,M,0.0,0.0,56
201300001277,13,12,7,1815,4,2,1,1.0,6,56073,M,0.0,0.0,56
201300001278,13,4,18,1045,1,2,1,1.0,6,56010,M,0.0,0.0,56
201300001279,13,6,29,2345,3,1,1,1.0,6,56140,M,0.0,0.0,56
201300001280,13,7,17,1600,1,1,1,1.0,6,56140,M,0.0,0.0,56
201300001281,13,8,5,1730,1,2,1,1.0,3,56010,M,4786848.0,-302277.0,56
201300001282,13,9,20,1745,1,1,1,7.0,3,56144,M,0.0,0.0,56
201300001283,13,10,1,1545,1,1,1,3.0,6,56074,M,0.0,0.0,56
201300001284,13,11,13,830,1,1,1,1.0,4,56140,M,0.0,0.0,56
201300001285,13,12,13,1345,1,1,1,3.0,7,56074,M,0.0,0.0,56
201300001286,13,12,14,930,1,1,1,1.0,6,56173,M,4795875.0,-297515.0,56
201300001287,13,1,10,1745,1,1,1,1.0,1,56199,M,0.0,0.0,56
201300001288,13,1,27,2330,3,1,1,2.0,6,56182,M,0.0,0.0,56
201300001289,13,4,8,715,2,1,1,5.0,2,56014,M,0.0,0.0,56
201300001290,13,6,15,45,3,1,1,3.0,3,56100,M,0.0,0.0,56
201300001291,13,7,31,1815,1,1,1,1.0,1,56081,M,4804929.0,-364776.0,56