Num_Acc,an,mois,jour,hrmn,lum,agg,int,atm,col,com,gps,lat,long,dep
201300001292,13,8,17,2215,3,1,2,1.0,3,56131,M,0.0,0.0,56
201300001293,13,11,2,1600,2,1,1,3.0,6,56081,M,0.0,0.0,56
201300001294,13,4,23,1815,1,1,2,1.0,3,14228,M,4928380.0,-40855.0,14
201300001295,13,7,7,1915,1,2,1,1.0,5,14354,M,0.0,0.0,14
201300001296,13,7,27,30,3,1,1,1.0,1,14015,M,0.0,0.0,14
201300001297,13,7,31,1700,1,1,1,1.0,7,14228,M,0.0,0.0,14
201300001298,13,8,4,1515,1,1,3,7.0,3,14066,M,0.0,0.0,14
201300001299,13,11,18,1730,2,1,2,1.0,3,14015,M,0.0,0.0,14
201300001300,13,1,20,130,3,1,1,1.0,7,14721,M,,,14
201300001301,13,2,2,1400,1,1,1,6.0,1,14249,M,4911220.0,-48506.0,14
201300001302,13,2,3,1930,3,1,1,2.0,3,14274,M,,,14
201300001303,13,4,24,1845,1,1,1,7.0,3,14592,M,4907210.0,-51393.0,14
201300001304,13,6,4,1745,1,2,1,1.0,7,14042,M,4913050.0,-49896.0,14
201300001305,13,10,9,1245,1,2,9,2.0,7,14738,M,0.0,0.0,14
201300001306,13,10,13,1200,1,1,1,8.0,2,14747,M,0.0,0.0,14
201300001307,13,10,14,1315,1,1,1,3.0,1,14288,M,0.0,0.0,14
201300001308,13,10,30,945,1,2,3,1.0,3,14123,M,0.0,0.0,14
201300001309,13,11,7,1700,1,1,1,3.0,7,14266,M,0.0,0.0,14
201300001310,13,12,18,1830,3,1,1,6.0,1,14747,M,0.0,0.0,14
201300001311,13,2,18,745,2,1,1,1.0,1,14277,M,,,14
201300001312,13,3,13,1745,1,1,1,8.0,1,14119,M,4915620.0,-28227.0,14
201300001313,13,4,14,1250,1,1,1,6.0,1,14268,M,4905060.0,-17440.0,14
201300001314,13,7,12,1700,1,1,1,1.0,4,14057,M,4913500.0,-22200.0,14
201300001315,13,8,20,1345,1,2,1,1.0,1,14623,M,4911900.0,-37300.0,14
201300001316,13,9,8,1030,1,1,1,1.0,2,14100,M,4906400.0,-31000.0,14
201300001317,13,10,13,130,3,2,1,1.0,6,14408,M,4911100.0,-37800.0,14
201300001318,13,10,2,1600,1,2,1,1.0,2,14290,M,0.0,0.0,14
201300001319,13,12,5,1730,3,1,1,1.0,1,14057,M,4913800.0,-20100.0,14
201300001320,13,1,22,1145,1,2,6,2.0,6,14495,M,4925800.0,-34440.0,14
201300001321,13,6,7,2030,2,2,7,7.0,6,14166,M,,,14
201300001322,13,8,5,1630,1,2,9,1.0,3,14488,M,0.0,0.0,14
201300001323,13,9,3,1700,1,2,1,7.0,1,14076,M,0.0,0.0,14
201300001324,13,10,15,900,1,2,2,1.0,3,14488,M,0.0,0.0,14
201300001325,13,12,28,1315,1,1,1,1.0,6,14060,M,0.0,0.0,14
201300001326,13,5,19,2230,3,1,1,8.0,1,14684,M,4915530.0,-57007.0,14
201300001327,13,9,7,1445,1,2,1,1.0,3,14336,M,0.0,0.0,14
201300001328,13,10,5,745,2,1,1,8.0,2,14143,M,0.0,0.0,14
201300001329,13,10,12,1615,1,1,1,1.0,1,14348,M,4965800.0,-62900.0,14
201300001330,13,11,24,645,3,1,1,3.0,1,14046,M,0.0,0.0,14
201300001331,13,12,3,2215,3,1,1,2.0,6,14046,M,0.0,0.0,14
201300001332,13,3,26,930,1,1,2,1.0,3,14680,M,4929910.0,-73166.0,14
201300001333,13,5,12,1900,1,1,1,1.0,3,14130,M,,,14
201300001334,13,7,9,945,1,2,1,1.0,6,14047,M,0.0,0.0,14
201300001335,13,9,21,215,5,2,1,1.0,6,14047,M,0.0,0.0,14
201300001336,13,12,2,1830,3,1,1,1.0,6,14663,M,4930500.0,-68500.0,14
201300001337,13,12,9,1515,5,2,1,1.0,3,14663,M,0.0,0.0,14
201300001338,13,2,19,1700,1,1,1,1.0,1,14298,M,,,14
201300001339,13,4,10,2245,3,2,1,8.0,7,14462,M,,,14
201300001340,13,4,17,800,1,1,3,1.0,1,14272,M,4925700.0,-96821.0,14
201300001341,13,8,9,1745,1,1,1,1.0,7,14462,M,0.0,0.0,14
201300001342,13,9,28,1215,1,1,1,2.0,7,14716,M,0.0,0.0,14
201300001343,13,11,11,1845,3,1,1,1.0,2,14272,M,0.0,0.0,14
201300001344,13,11,18,1715,1,1,1,1.0,3,14551,M,0.0,0.0,14
201300001345,13,11,26,645,2,1,1,8.0,6,14586,M,0.0,0.0,14
201300001346,13,12,31,2015,5,1,1,2.0,3,14737,M,0.0,0.0,14
201300001347,13,2,18,1740,1,2,1,1.0,1,14088,M,4895830.0,-23735.0,14
201300001348,13,2,24,745,1,1,1,4.0,7,14759,M,,,14
201300001349,13,3,22,1200,1,1,1,1.0,7,14258,M,,,14
201300001350,13,6,17,1545,1,1,1,1.0,6,14332,M,4883780.0,-15099.0,14
201300001351,13,8,29,100,5,2,1,1.0,6,14258,M,0.0,0.0,14
201300001352,13,9,2,2015,1,1,1,1.0,3,14025,M,0.0,0.0,14
201300001353,13,11,30,1915,3,1,1,1.0,6,14244,M,0.0,0.0,14
201300001354,13,1,21,1415,1,1,1,4.0,1,14162,M,4892110.0,-49870.0,14
201300001355,13,2,10,1100,1,1,2,2.0,3,14749,M,4904830.0,-11112.0,14
201300001356,13,2,21,910,1,2,3,7.0,3,14654,M,4902030.0,-3478.0,14
201300001357,13,4,12,1830,1,1,3,1.0,3,14208,M,4910120.0,-9483.0,14
201300001358,13,7,30,745,2,1,1,1.0,6,14081,M,0.0,0.0,14
201300001359,13,8,5,1915,1,2,1,1.0,6,14489,M,0.0,0.0,14
201300001360,13,8,26,1945,1,1,2,1.0,3,14749,M,0.0,0.0,14
201300001361,13,9,10,1215,1,2,1,1.0,2,14654,M,0.0,0.0,14
201300001362,13,9,20,945,1,1,1,1.0,6,14697,M,4905000.0,200.0,14
201300001363,13,12,2,700,5,2,1,1.0,1,14431,M,0.0,0.0,14
201300001364,13,12,27,1900,3,1,1,3.0,5,14435,M,0.0,0.0,14
201300001365,13,3,23,1530,1,1,1,1.0,2,14270,M,4914410.0,32450.0,14
201300001366,13,1,9,1130,1,1,1,2.0,6,14514,M,4926210.0,17390.0,14
201300001367,13,1,15,1900,5,1,2,2.0,3,14578,M,4935530.0,17072.0,14
201300001368,13,6,17,1715,1,1,1,1.0,6,14161,M,4923250.0,13019.0,14
201300001369,13,8,3,1900,1,1,1,1.0,1,14492,M,0.0,0.0,14
201300001370,13,8,20,1500,1,2,1,1.0,1,14578,M,0.0,0.0,14
201300001371,13,8,21,1430,1,1,1,1.0,6,14578,M,0.0,0.0,14
201300001372,13,11,9,1545,1,2,1,2.0,1,14286,M,0.0,0.0,14
201300001373,13,12,11,1445,1,2,1,1.0,6,14514,M,0.0,0.0,14
201300001374,13,12,19,1115,1,1,9,1.0,3,14514,M,0.0,0.0,14
201300001375,13,2,24,315,3,1,1,4.0,6,14398,M,4918290.0,16975.0,14
201300001376,13,4,18,1415,1,1,1,1.0,6,14474,M,4913690.0,-562.0,14
201300001377,13,4,25,430,3,1,1,5.0,3,14473,M,4911430.0,4820.0,14
201300001378,13,4,24,1145,1,1,1,1.0,2,14494,M,4927270.0,-10254.0,14
201300001379,13,5,26,515,2,2,8,1.0,6,14754,M,4931730.0,1141.0,14
201300001380,13,11,22,1615,1,1,1,1.0,3,14494,M,0.0,0.0,14
201300001381,13,12,26,845,2,1,1,1.0,2,14474,M,0.0,0.0,14
201300001382,13,3,6,1330,1,1,2,2.0,3,14545,M,4883200.0,-86475.0,14
201300001383,13,3,28,830,1,2,1,1.0,1,14762,M,,,14
201300001384,13,4,21,1545,1,1,1,7.0,2,14762,M,4884470.0,-91371.0,14
201300001385,13,6,29,1515,1,2,1,1.0,6,14762,M,4883500.0,-88719.0,14
201300001386,13,6,30,745,1,1,1,1.0,6,14762,M,,,14
201300001387,13,8,7,1700,1,1,1,3.0,2,14658,M,0.0,0.0,14
201300001388,13,8,23,1230,1,1,1,1.0,5,14717,M,0.0,0.0,14
201300001389,13,11,8,1045,1,2,1,2.0,2,14762,M,0.0,0.0,14
201300001390,13,11,9,1600,1,1,2,2.0,3,14127,M,0.0,0.0,14
201300001391,13,12,30,1500,1,1,3,1.0,3,14412,M,0.0,0.0,14
201300001392,13,1,15,1445,1,1,1,4.0,6,14579,M,,,14
201300001393,13,4,14,1730,1,1,1,1.0,6,14027,M,4900430.0,-61881.0,14
201300001394,13,6,1,1915,1,1,1,1.0,6,14655,M,4895430.0,-79480.0,14
201300001395,13,7,18,1915,1,2,1,1.0,1,14027,M,4902100.0,-64600.0,14
201300001396,13,8,16,845,1,1,1,1.0,6,14632,M,0.0,0.0,14
201300001397,13,9,12,815,1,1,1,1.0,1,14027,M,4902400.0,-60700.0,14
201300001398,13,4,24,1000,1,1,1,1.0,1,14442,M,4891810.0,-76319.0,14
201300001399,13,6,4,1745,1,1,3,1.0,1,14065,M,4882880.0,-76118.0,14
201300001400,13,7,5,1845,1,1,9,1.0,3,14746,M,0.0,0.0,14
201300001401,13,7,8,1130,1,2,1,1.0,5,14746,M,0.0,0.0,14
201300001402,13,12,26,1745,2,1,1,1.0,2,14572,M,0.0,0.0,14
201300001403,13,7,14,1545,1,1,1,1.0,7,50470,M,4923250.0,-127687.0,50
201300001404,13,7,23,1630,1,2,1,1.0,1,50470,M,4925360.0,-127337.0,50
201300001405,13,2,7,1915,3,1,1,1.0,2,50606,M,4919750.0,-123842.0,50
201300001406,13,2,26,1700,3,1,2,1.0,3,50119,M,4918260.0,-122989.0,50
201300001407,13,7,27,1730,1,2,1,1.0,6,50110,M,4919360.0,-93588.0,50
201300001408,13,9,22,645,2,1,1,2.0,6,50248,M,4918980.0,-120044.0,50
201300001409,13,11,22,1215,1,2,1,8.0,6,50292,M,4909860.0,-123988.0,50
201300001410,13,2,10,2110,5,1,1,2.0,6,94054,M,4873080.0,236251.0,94
201300001411,13,2,11,1140,1,1,1,2.0,6,94054,M,,,94
201300001412,13,3,24,1810,1,1,1,1.0,6,94054,M,,,94
201300001413,13,3,18,1215,1,1,1,2.0,6,94054,M,4873770.0,237305.0,94
201300001414,13,5,14,2055,1,1,1,1.0,6,94054,M,4872880.0,236411.0,94
201300001415,13,5,17,1815,1,1,1,1.0,6,94054,M,4873020.0,236038.0,94
201300001416,13,4,29,2000,1,1,1,1.0,7,50224,M,4898240.0,-95640.0,50
201300001417,13,5,23,2315,5,1,1,8.0,6,94054,M,4874040.0,236051.0,94
201300001418,13,5,27,2000,1,2,1,1.0,1,50139,M,4907660.0,-103170.0,50
201300001419,13,7,9,1500,1,1,1,1.0,7,94054,M,4873640.0,236474.0,94
201300001420,13,7,10,1550,1,1,3,1.0,3,94054,M,4872950.0,236370.0,94
201300001421,13,7,17,1725,1,1,1,1.0,2,94054,M,4873030.0,236953.0,94
201300001422,13,7,31,2025,1,1,1,1.0,4,94054,M,4873750.0,236482.0,94
201300001423,13,7,7,1115,1,1,1,1.0,1,50075,M,4902160.0,-103480.0,50
201300001424,13,9,27,1440,1,1,1,1.0,1,94054,M,4874400.0,236484.0,94
201300001425,13,9,29,1455,1,1,1,1.0,2,94054,M,4873670.0,236516.0,94
201300001426,13,10,18,910,1,1,1,5.0,6,94054,M,4872880.0,235982.0,94
201300001427,13,11,2,1530,1,1,1,1.0,7,94054,M,4874240.0,235941.0,94
201300001428,13,11,7,1815,5,1,1,2.0,6,94054,M,4872870.0,236188.0,94
201300001429,13,11,19,1410,1,1,1,8.0,6,94054,M,4873080.0,236861.0,94
201300001430,13,11,24,1545,1,1,3,8.0,3,94054,M,4873190.0,236571.0,94
201300001431,13,11,27,1050,1,1,1,8.0,6,94054,M,4873070.0,236850.0,94
201300001432,13,12,19,1340,1,1,1,1.0,6,94054,M,4873120.0,236318.0,94
201300001433,13,4,7,1745,1,1,2,1.0,3,50612,M,4867460.0,-140968.0,50
201300001434,13,6,18,345,3,1,1,1.0,6,50584,M,4873420.0,-134889.0,50
201300001435,13,8,2,1600,1,1,1,1.0,3,50554,M,4867980.0,-127819.0,50
201300001436,13,8,12,745,1,1,1,7.0,2,50554,M,4867880.0,-129047.0,50
201300001437,13,9,4,900,1,2,1,7.0,6,50025,M,4868280.0,-135984.0,50
201300001438,13,9,20,1115,1,1,3,1.0,1,50597,M,4870900.0,-131988.0,50
201300001439,13,10,26,230,5,2,9,1.0,6,50025,M,4868930.0,-136135.0,50
201300001440,13,12,8,2015,3,1,1,1.0,6,50516,M,4866280.0,-135340.0,50
201300001441,13,1,26,2100,3,1,1,2.0,2,50540,M,4878250.0,-149902.0,50
201300001442,13,4,22,2030,1,1,1,1.0,6,50282,M,4876200.0,-133012.0,50
201300001443,13,5,26,330,3,1,1,1.0,6,50038,M,4882910.0,-138052.0,50
201300001444,13,5,31,745,1,1,1,1.0,1,50009,M,4874760.0,-148451.0,50
201300001445,13,6,22,2215,2,1,1,8.0,2,50565,M,4877370.0,-148625.0,50
201300001446,13,8,11,1315,1,1,2,1.0,3,50237,M,4880400.0,-137041.0,50
201300001447,13,8,22,1500,1,2,4,1.0,2,50102,M,4875940.0,-156696.0,50
201300001448,13,10,13,1230,1,2,1,1.0,6,50102,M,4875930.0,-156693.0,50
201300001449,13,10,26,1845,2,1,1,8.0,7,50282,M,4876570.0,-133798.0,50
201300001450,13,10,31,1730,2,1,2,1.0,3,50540,M,4878500.0,-150273.0,50
201300001451,13,11,11,1000,1,2,1,7.0,6,50237,M,4879400.0,-139642.0,50
201300001452,13,2,21,1730,1,2,1,1.0,6,50443,M,4850940.0,-145045.0,50
201300001453,13,3,30,1100,1,1,1,1.0,3,50337,M,4845760.0,-138579.0,50
201300001454,13,4,9,2100,3,1,1,2.0,7,50487,M,4853780.0,-138137.0,50
201300001455,13,5,23,1945,2,1,2,1.0,3,50019,M,4853490.0,-148875.0,50
201300001456,13,8,23,1030,1,1,1,1.0,3,50168,M,4860510.0,-127593.0,50
201300001457,13,11,3,230,3,1,1,1.0,1,50448,M,4857010.0,-129726.0,50
201300001458,13,11,3,1000,1,1,3,1.0,3,50543,M,4864680.0,-135244.0,50
201300001459,13,1,28,1445,1,1,1,8.0,4,50495,M,4877800.0,-118705.0,50
201300001460,13,3,28,1945,2,1,1,1.0,7,50060,M,4886800.0,-124871.0,50
201300001461,13,5,17,2000,1,1,2,1.0,3,50130,M,4879180.0,-119632.0,50
201300001462,13,6,6,1630,1,1,2,1.0,1,50130,M,4879180.0,-119632.0,50
201300001463,13,10,26,1200,1,2,3,1.0,5,50639,M,4883400.0,-122620.0,50
201300001464,13,11,1,945,1,2,7,1.0,7,50074,M,4872500.0,-116616.0,50
201300001465,13,1,11,1045,1,1,3,1.0,2,50187,M,4960250.0,-173339.0,50
201300001466,13,2,16,1715,1,1,1,1.0,6,50386,M,4969090.0,-183901.0,50
201300001467,13,2,19,1930,3,1,1,1.0,6,50599,M,4959480.0,-160803.0,50
201300001468,13,7,8,1515,1,1,1,1.0,3,50057,M,4962270.0,-182277.0,50
201300001469,13,7,9,1815,1,1,2,7.0,3,50416,M,4966870.0,-171654.0,50
201300001470,13,7,22,1830,1,2,3,1.0,3,50057,M,4962330.0,-182568.0,50
201300001471,13,1,22,1700,2,2,2,2.0,3,50082,M,4947000.0,-164118.0,50
201300001472,13,2,20,815,1,1,1,9.0,1,50646,M,4945040.0,-169400.0,50
201300001473,13,4,14,1645,1,1,2,1.0,1,50369,M,4951690.0,-155924.0,50
201300001474,13,6,1,315,3,1,1,1.0,6,50572,M,4942710.0,-178883.0,50
201300001475,13,6,8,1315,1,1,1,1.0,1,50160,M,4931450.0,-168118.0,50
201300001476,13,6,22,1145,1,1,2,2.0,3,50082,M,4946520.0,-165899.0,50
201300001477,13,7,30,2330,3,1,1,1.0,1,50418,M,4949150.0,-169014.0,50
201300001478,13,9,8,1545,1,1,1,2.0,1,50240,M,4956730.0,-177557.0,50
201300001479,13,9,18,1045,1,1,1,1.0,1,50082,M,4947760.0,-165877.0,50
201300001480,13,9,18,1045,1,2,1,1.0,3,50031,M,4938070.0,-175342.0,50
201300001481,13,9,27,745,2,1,1,1.0,3,50240,M,4955380.0,-179512.0,50
201300001482,13,2,5,745,5,2,3,2.0,6,50551,M,4938730.0,-153013.0,50
201300001483,13,6,7,1915,1,1,1,1.0,7,50587,M,4936670.0,-157304.0,50
201300001484,13,7,21,700,1,1,1,1.0,1,50049,M,4936610.0,-161537.0,50
201300001485,13,10,5,1300,1,1,2,1.0,3,50467,M,4949770.0,-136087.0,50
201300001486,13,1,25,1830,5,2,1,1.0,6,50615,M,4951100.0,-147658.0,50
201300001487,13,2,6,2215,3,1,1,1.0,6,50433,M,4961490.0,-125946.0,50
201300001488,13,2,25,1300,1,1,1,1.0,1,50087,M,4956000.0,-161698.0,50
201300001489,13,5,18,1030,1,2,1,1.0,6,50615,M,4950160.0,-147987.0,50
201300001490,13,6,4,1730,1,1,1,1.0,7,50150,M,4955100.0,-131775.0,50
201300001491,13,6,6,1430,1,1,2,1.0,1,50077,M,4964250.0,-151712.0,50
201300001492,13,7,18,845,1,2,1,1.0,3,50087,M,4956370.0,-158180.0,50
201300001493,13,7,21,1630,1,1,3,1.0,3,50562,M,4959830.0,-126335.0,50
201300001494,13,9,5,800,1,2,3,1.0,3,50162,M,4964230.0,-152656.0,50
201300001495,13,10,17,1630,1,1,1,1.0,6,50595,M,4961770.0,-145183.0,50
201300001496,13,12,6,1615,1,1,2,1.0,5,50595,M,,,50
201300001497,13,12,17,1745,5,2,1,2.0,6,50615,M,4950760.0,-146613.0,50
201300001498,13,12,19,1830,3,1,1,2.0,3,50209,M,4963010.0,-144860.0,50
201300001499,13,3,21,1215,1,1,1,2.0,1,50279,M,4910240.0,-133633.0,50
201300001500,13,3,29,2045,3,1,1,1.0,6,50464,M,4900740.0,-139776.0,50
201300001501,13,5,18,1845,1,1,2,1.0,3,50092,M,4908760.0,-139052.0,50
201300001502,13,12,31,1845,3,1,1,1.0,6,50109,M,4890500.0,-148325.0,50
201300001503,13,5,18,1830,1,1,1,1.0,6,50266,M,4893610.0,-138102.0,50
201300001504,13,8,15,1800,1,1,2,1.0,3,50605,M,4896470.0,-140166.0,50
201300001505,13,8,18,1,3,2,1,1.0,6,50228,M,4894700.0,-126965.0,50
201300001506,13,8,31,700,2,1,1,8.0,1,50320,M,4886130.0,-138729.0,50
201300001507,13,9,23,800,1,1,3,1.0,4,50143,M,4887810.0,-153266.0,50
201300001508,13,9,30,800,2,1,1,1.0,1,50015,M,4896460.0,-153716.0,50
201300001509,13,10,20,1930,3,1,1,1.0,1,50143,M,4887530.0,-153469.0,50
201300001510,13,11,14,1830,3,1,1,9.0,6,50336,M,4890020.0,-126199.0,50
201300001511,13,11,18,2030,3,1,1,3.0,5,50349,M,4900250.0,-152048.0,50
201300001512,13,2,16,1845,2,1,3,1.0,1,50340,M,4912080.0,-136168.0,50
201300001513,13,5,8,1300,1,1,1,1.0,5,50267,M,4922650.0,-156489.0,50
201300001514,13,5,18,345,3,1,1,1.0,6,50364,M,4913520.0,-150503.0,50
201300001515,13,5,25,1930,1,1,1,1.0,7,50198,M,4913140.0,-157376.0,50
201300001516,13,6,13,1515,1,1,2,1.0,1,50166,M,4933520.0,-153328.0,50
201300001517,13,6,19,1830,1,1,2,1.0,3,50151,M,4919020.0,-157198.0,50
201300001518,13,6,24,1915,1,2,2,1.0,3,50617,M,4933700.0,-149635.0,50
201300001519,13,6,30,1745,1,1,1,1.0,6,50438,M,4913640.0,-143318.0,50
201300001520,13,7,1,1630,1,2,3,1.0,3,50236,M,4929050.0,-153867.0,50
201300001521,13,7,10,1100,1,2,1,1.0,6,50236,M,4929260.0,-154510.0,50
201300001522,13,7,17,1845,1,1,1,1.0,6,50236,M,4927660.0,-154669.0,50
201300001523,13,8,31,45,3,1,1,1.0,6,50182,M,4917310.0,-151754.0,50
201300001524,13,9,7,1115,1,1,1,7.0,1,50586,M,4928510.0,-165469.0,50
201300001525,13,9,29,100,3,1,1,2.0,6,50415,M,4931900.0,-144921.0,50
201300001526,13,9,29,530,3,1,1,5.0,3,50151,M,4918430.0,-152118.0,50
201300001527,13,10,29,1700,1,2,1,7.0,6,50078,M,4926080.0,-163214.0,50
201300001528,13,1,6,1815,3,1,2,5.0,3,50625,M,4875390.0,-90622.0,50
201300001529,13,1,17,1415,1,1,3,1.0,3,50195,M,4875540.0,-95133.0,50
201300001530,13,4,14,145,3,1,1,8.0,6,50428,M,4867710.0,-107675.0,50
201300001531,13,6,4,730,1,1,1,1.0,6,50428,M,4867590.0,-109846.0,50
201300001532,13,7,3,1445,1,2,1,1.0,6,50582,M,4872190.0,-91720.0,50
201300001533,13,7,2,1430,1,1,1,1.0,7,50193,M,4869700.0,-81315.0,50
201300001534,13,8,24,1815,1,1,1,1.0,7,50428,M,4867750.0,-108124.0,50
201300001535,13,9,2,1930,1,1,1,7.0,6,50131,M,4870850.0,-101488.0,50
201300001536,13,9,3,1200,1,1,1,1.0,6,50193,M,4870760.0,-82750.0,50
201300001537,13,11,15,1715,1,1,1,1.0,1,50582,M,4870090.0,-91062.0,50
201300001538,13,11,23,1230,1,2,4,1.0,3,50359,M,4865850.0,-94733.0,50
201300001539,13,11,29,745,1,1,1,5.0,6,50359,M,4863960.0,-91548.0,50
201300001540,13,1,16,830,2,2,1,1.0,6,50484,M,4857830.0,-109786.0,50
201300001541,13,5,13,1900,1,2,2,1.0,6,50484,M,4857760.0,-109426.0,50
201300001542,13,1,4,1300,1,2,2,8.0,3,01053,M,,,01
201300001543,13,1,12,515,3,1,1,1.0,7,01289,M,,,01
201300001544,13,1,14,1932,5,2,3,1.0,3,01289,M,4618140.0,519855.0,01
201300001545,13,1,15,1630,1,2,2,4.0,7,01053,M,4620590.0,522858.0,01
201300001546,13,1,15,1625,1,2,1,4.0,6,01053,M,4620600.0,523468.0,01
201300001547,13,1,20,935,1,2,3,1.0,1,01053,M,4620200.0,523180.0,01
201300001548,13,1,28,725,5,2,2,8.0,6,01053,M,4620970.0,522761.0,01
201300001549,13,1,29,755,2,2,2,1.0,7,01053,M,,,01
201300001550,13,1,31,1515,1,2,1,1.0,6,01053,M,,,01
201300001551,13,2,1,2117,5,2,2,2.0,6,01053,M,4620970.0,522761.0,01
201300001552,13,2,4,2035,3,1,1,2.0,2,01451,M,,,01
201300001553,13,2,6,1840,5,2,6,2.0,6,01344,M,4620070.0,519777.0,01
201300001554,13,2,18,1400,1,2,2,1.0,3,01053,M,,,01
201300001555,13,2,21,1110,1,2,2,1.0,3,01053,M,,,01
201300001556,13,2,21,1210,1,2,3,1.0,3,01053,M,,,01
201300001557,13,3,1,700,5,2,2,5.0,7,01053,M,,,01
201300001558,13,3,1,1555,1,1,6,8.0,3,01451,M,4623910.0,522897.0,01
201300001559,13,3,7,1810,1,1,3,1.0,6,01451,M,4624870.0,523033.0,01
201300001560,13,3,12,1430,1,1,3,1.0,3,01451,M,4625970.0,517692.0,01
201300001561,13,3,15,535,5,2,1,1.0,2,01344,M,4620000.0,519153.0,01
201300001562,13,3,15,1700,1,1,1,1.0,2,01451,M,4622670.0,520512.0,01
201300001563,13,3,15,2115,5,2,2,1.0,1,01053,M,,,01
201300001564,13,3,18,1720,1,2,3,8.0,6,01053,M,,,01
201300001565,13,3,24,1040,1,1,1,1.0,1,01451,M,4624430.0,518992.0,01
201300001566,13,3,27,815,1,2,1,1.0,2,01053,M,,,01
201300001567,13,3,30,1935,5,2,1,2.0,1,01053,M,4620980.0,522588.0,01
201300001568,13,4,2,810,1,1,1,1.0,4,01451,M,4623330.0,520013.0,01
201300001569,13,4,6,1655,1,2,1,1.0,1,01053,M,,,01
201300001570,13,4,7,1520,1,2,2,1.0,3,01053,M,,,01
201300001571,13,4,8,1610,1,2,2,1.0,2,01344,M,4619940.0,518558.0,01
201300001572,13,4,8,1655,1,2,2,1.0,1,01053,M,4621030.0,522161.0,01
201300001573,13,4,15,830,1,1,1,1.0,6,01451,M,,,01
201300001574,13,4,17,1440,1,2,1,1.0,2,01344,M,4619940.0,518539.0,01
201300001575,13,4,17,1748,1,2,2,1.0,6,01053,M,,,01
201300001576,13,4,19,1750,1,2,1,1.0,5,01053,M,,,01
201300001577,13,4,22,1250,1,2,1,1.0,6,01053,M,,,01
201300001578,13,4,25,1735,1,1,2,1.0,3,01289,M,4617680.0,523436.0,01
201300001579,13,4,27,2055,5,2,6,2.0,7,01451,M,4623910.0,522897.0,01
201300001580,13,4,29,1325,1,2,3,2.0,7,01053,M,,,01
201300001581,13,5,6,1245,1,1,2,1.0,3,01289,M,4616980.0,519128.0,01
201300001582,13,5,10,900,1,1,6,2.0,2,01451,M,4622920.0,525704.0,01
201300001583,13,5,11,1925,1,2,1,1.0,6,01053,M,,,01
201300001584,13,5,12,1755,1,2,2,1.0,3,01053,M,,,01
201300001585,13,5,14,1600,1,2,3,1.0,3,01053,M,,,01
201300001586,13,5,17,555,5,2,1,2.0,5,01053,M,4619380.0,523928.0,01
201300001587,13,5,17,2010,1,2,1,8.0,1,01053,M,4620540.0,524278.0,01
201300001588,13,5,19,1049,1,2,6,2.0,2,01289,M,4617520.0,519967.0,01
201300001589,13,5,25,1640,1,2,1,1.0,4,01451,M,,,01
201300001590,13,5,27,1435,1,2,1,1.0,6,01053,M,,,01
201300001591,13,6,2,635,2,1,1,2.0,1,01289,M,4617280.0,526014.0,01
201300001592,13,6,9,945,1,2,1,1.0,3,01053,M,,,01
201300001593,13,6,13,930,1,2,3,1.0,3,01053,M,4619990.0,525450.0,01
201300001594,13,6,18,1945,1,2,2,1.0,1,01053,M,4620810.0,523660.0,01
201300001595,13,6,20,730,1,1,1,1.0,3,01053,M,,,01
201300001596,13,6,21,1335,1,1,1,1.0,6,01344,M,4620300.0,519748.0,01
201300001597,13,6,24,1505,1,2,3,1.0,3,01451,M,,,01
201300001598,13,6,25,805,1,1,1,1.0,1,01289,M,4618750.0,519377.0,01
201300001599,13,6,25,845,1,2,1,1.0,6,01053,M,4620930.0,523393.0,01
201300001600,13,7,5,1000,1,1,1,1.0,3,01451,M,4623960.0,527599.0,01
201300001601,13,7,9,1605,1,2,3,1.0,3,01053,M,,,01
201300001602,13,7,9,1640,1,2,2,1.0,3,01053,M,4621030.0,522161.0,01
201300001603,13,7,10,1445,1,1,1,1.0,2,01451,M,4622650.0,525455.0,01
201300001604,13,7,11,2220,5,2,1,1.0,6,01053,M,,,01
201300001605,13,7,13,210,5,1,2,1.0,3,01344,M,4619070.0,519714.0,01
201300001606,13,7,14,1510,1,1,6,1.0,3,01053,M,4622090.0,524920.0,01
201300001607,13,7,27,1305,1,2,1,1.0,3,01053,M,,,01
201300001608,13,7,31,2215,5,2,1,1.0,1,01344,M,,,01
201300001609,13,8,5,1315,1,2,6,1.0,3,01053,M,4624170.0,522930.0,01
201300001610,13,8,7,1350,1,2,3,3.0,3,01053,M,,,01
201300001611,13,8,8,1230,1,1,1,3.0,3,01451,M,4625970.0,517689.0,01
201300001612,13,8,12,1040,1,2,3,1.0,2,01344,M,,,01
201300001613,13,8,13,1953,1,1,1,1.0,5,01451,M,4622500.0,525313.0,01
201300001614,13,8,15,1955,1,2,1,1.0,2,01053,M,,,01
201300001615,13,8,27,1210,1,2,1,2.0,6,01053,M,,,01
201300001616,13,9,3,1715,1,2,6,1.0,3,01451,M,,,01