Num_Acc,an,mois,jour,hrmn,lum,agg,int,atm,col,com,gps,lat,long,dep
201300001617,13,9,7,1925,2,1,5,2.0,5,01451,M,,,01
201300001618,13,9,13,1834,1,2,1,1.0,2,01053,M,,,01
201300001619,13,9,13,2120,5,2,2,1.0,3,01053,M,,,01
201300001620,13,9,23,946,1,2,3,5.0,3,01053,M,,,01
201300001621,13,9,23,1905,1,2,1,1.0,7,01053,M,,,01
201300001622,13,9,27,1800,1,2,2,7.0,3,01053,M,,,01
201300001623,13,10,13,630,5,1,1,5.0,6,01289,M,,,01
201300001624,13,10,20,1740,1,2,3,1.0,3,01053,M,,,01
201300001625,13,10,22,1235,1,1,5,7.0,3,01344,M,,,01
201300001626,13,11,3,1730,1,2,1,1.0,6,01053,M,,,01
201300001627,13,11,8,1925,5,2,1,2.0,1,01053,M,,,01
201300001628,13,11,9,1445,1,2,2,1.0,3,01053,M,,,01
201300001629,13,11,13,720,1,2,3,1.0,3,01053,M,,,01
201300001630,13,11,23,515,5,2,2,1.0,3,01053,M,,,01
201300001631,13,11,23,1520,1,2,1,8.0,7,01053,M,,,01
201300001632,13,11,30,1510,1,1,7,1.0,3,01451,M,,,01
201300001633,13,12,1,1355,1,2,1,1.0,2,01053,M,,,01
201300001634,13,12,2,215,5,2,1,1.0,6,01451,M,,,01
201300001635,13,12,2,730,1,1,1,1.0,2,01451,M,,,01
201300001636,13,12,2,855,2,2,1,1.0,1,01053,M,,,01
201300001637,13,12,4,1235,1,2,3,1.0,3,01053,M,,,01
201300001638,13,12,5,1525,1,1,6,5.0,2,01451,M,,,01
201300001639,13,12,9,1535,1,2,1,1.0,6,01053,M,,,01
201300001640,13,12,11,1445,1,1,6,5.0,7,01289,M,,,01
201300001641,13,12,16,1935,5,2,3,1.0,3,01053,M,,,01
201300001642,13,12,23,1725,5,1,8,1.0,6,01053,M,,,01
201300001643,13,12,31,1340,1,2,1,1.0,2,01053,M,,,01
201300001644,13,3,18,1345,1,1,1,2.0,2,61357,M,4853788.0,-7646.0,61
201300001645,13,10,30,1430,1,1,1,1.0,1,61213,M,4847655.0,-15283.0,61
201300001646,13,4,10,1030,1,2,1,1.0,6,61412,M,4850765.0,36068.0,61
201300001647,13,11,24,800,3,1,1,1.0,7,61133,M,4861230.0,34260.0,61
201300001648,13,11,25,945,1,1,2,1.0,3,61464,M,4861207.0,16552.0,61
201300001649,13,12,13,915,1,1,1,9.0,7,61412,M,4849841.0,35500.0,61
201300001650,13,12,21,1600,1,2,2,1.0,3,61288,M,4876196.0,-9212.0,61
201300001651,13,2,17,545,3,1,1,1.0,7,61474,M,4874240.0,10474.0,61
201300001652,13,3,21,730,2,2,1,1.0,6,61494,M,4884376.0,3185.0,61
201300001653,13,9,2,900,1,1,1,1.0,6,61283,M,4881080.0,-6456.0,61
201300001654,13,10,20,15,3,1,1,1.0,6,61496,M,4874880.0,82.0,61
201300001655,13,12,19,1045,1,1,1,1.0,5,61179,M,4875384.0,-24061.0,61
201300001656,13,12,31,815,2,1,3,1.0,3,61138,M,4874129.0,28657.0,61
201300001657,13,3,11,2000,3,1,1,4.0,1,61485,M,4890165.0,25423.0,61
201300001658,13,8,16,1815,1,1,1,1.0,1,61157,M,4876309.0,17159.0,61
201300001659,13,8,25,2130,3,1,1,2.0,6,61054,M,4889813.0,30502.0,61
201300001660,13,9,11,2330,3,1,3,2.0,3,61253,M,4867261.0,20387.0,61
201300001661,13,3,15,1730,1,2,2,2.0,5,61163,M,4866049.0,-51946.0,61
201300001662,13,8,10,1200,1,1,1,1.0,2,61201,M,4858598.0,-66758.0,61
201300001663,13,11,4,1700,1,1,1,7.0,6,61075,M,4850112.0,-59745.0,61
201300001664,13,1,3,1030,1,1,1,1.0,2,61243,M,4858524.0,-30444.0,61
201300001665,13,1,16,1830,3,1,1,1.0,5,61211,M,4855148.0,-52010.0,61
201300001666,13,2,6,1415,1,1,1,1.0,7,61260,M,4865936.0,-38008.0,61
201300001667,13,6,26,1700,1,1,3,1.0,2,61428,M,4861028.0,-38902.0,61
201300001668,13,7,18,1200,1,2,1,1.0,3,61168,M,4858694.0,-36512.0,61
201300001669,13,8,17,1200,1,1,3,1.0,3,61332,M,4868941.0,-34475.0,61
201300001670,13,8,25,845,1,2,3,1.0,6,61431,M,4857977.0,-41739.0,61
201300001671,13,9,2,1715,1,1,1,1.0,7,61260,M,4865944.0,-35867.0,61
201300001672,13,11,5,1800,2,1,1,2.0,1,61035,M,4862276.0,-35967.0,61
201300001673,13,1,24,700,2,1,1,2.0,7,61376,M,4870408.0,-64303.0,61
201300001674,13,3,5,230,3,1,1,1.0,7,61486,M,4874172.0,-71763.0,61
201300001675,13,3,17,1415,1,1,1,1.0,6,61221,M,4874317.0,-46938.0,61
201300001676,13,7,27,1800,1,1,1,1.0,3,61281,M,4883011.0,-66530.0,61
201300001677,13,9,7,1530,1,1,2,1.0,1,61287,M,4882849.0,-58124.0,61
201300001678,13,3,2,2205,3,1,1,1.0,6,61029,M,4856179.0,47509.0,61
201300001679,13,3,4,1810,1,1,3,1.0,3,61129,M,4847821.0,59889.0,61
201300001680,13,4,20,1815,1,2,1,1.0,3,61293,M,4852300.0,54039.0,61
201300001681,13,4,22,930,1,2,1,1.0,7,61329,M,4844156.0,54880.0,61
201300001682,13,3,9,2315,3,1,2,8.0,3,61337,M,4832862.0,73079.0,61
201300001683,13,5,29,1630,1,1,2,1.0,3,61409,M,4836448.0,65053.0,61
201300001684,13,7,8,1845,1,1,1,1.0,7,61043,M,4836115.0,72324.0,61
201300001685,13,10,9,2115,3,1,1,1.0,1,61185,M,4830110.0,60993.0,61
201300001686,13,10,26,545,3,1,1,2.0,1,61246,M,4827342.0,77338.0,61
201300001687,13,11,18,930,1,1,3,1.0,3,61426,M,4836350.0,55689.0,61
201300001688,13,12,27,930,1,1,1,2.0,1,61079,M,4824964.0,69537.0,61
201300001689,13,3,3,1530,1,2,2,1.0,3,61214,M,4876567.0,61627.0,61
201300001690,13,3,17,1015,1,1,3,2.0,3,61187,M,4865867.0,58312.0,61
201300001691,13,7,31,1845,1,1,2,1.0,3,61100,M,4870449.0,61578.0,61
201300001692,13,8,9,2345,3,1,1,1.0,7,61425,M,4863463.0,49962.0,61
201300001693,13,10,14,730,2,1,1,1.0,7,61342,M,4875639.0,52384.0,61
201300001694,13,12,18,1145,1,1,1,1.0,1,61116,M,4836406.0,87590.0,61
201300001695,13,4,21,300,5,2,1,1.0,6,44172,M,4726700.0,-149200.0,44
201300001696,13,9,1,800,1,1,6,1.0,3,44204,M,4727900.0,-146700.0,44
201300001697,13,9,2,1530,1,2,6,1.0,3,44204,M,0.0,0.0,44
201300001698,13,10,5,1030,1,2,1,1.0,3,44204,M,4728200.0,-145600.0,44
201300001699,13,11,9,315,4,2,1,2.0,6,44172,M,4727500.0,-147600.0,44
201300001700,13,11,23,1745,3,1,1,1.0,5,44204,M,0.0,0.0,44
201300001701,13,12,16,600,4,1,1,1.0,3,44172,M,0.0,0.0,44
201300001702,13,12,27,900,1,2,9,3.0,6,44204,M,0.0,0.0,44
201300001703,13,1,23,1945,1,2,1,1.0,1,44026,M,0.0,0.0,44
201300001704,13,2,3,200,5,1,1,1.0,5,44026,M,0.0,0.0,44
201300001705,13,5,6,1930,1,1,1,1.0,3,44026,M,0.0,0.0,44
201300001706,13,9,3,1845,1,2,9,1.0,1,44026,M,0.0,0.0,44
201300001707,13,11,16,930,1,1,6,7.0,3,44026,M,0.0,0.0,44
201300001708,13,1,12,1000,1,1,1,3.0,1,44014,M,4713600.0,-150400.0,44
201300001709,13,4,23,2230,3,1,1,1.0,6,44022,M,0.0,0.0,44
201300001710,13,4,28,1515,1,1,1,1.0,1,44216,M,4701000.0,-145400.0,44
201300001711,13,5,30,845,1,1,1,2.0,7,44216,M,0.0,0.0,44
201300001712,13,6,1,1845,1,2,9,1.0,2,44063,M,0.0,0.0,44
201300001713,13,7,13,2315,3,1,1,1.0,3,44102,M,4704400.0,-147100.0,44
201300001714,13,9,9,1845,1,1,1,1.0,1,44014,M,4710400.0,-147200.0,44
201300001715,13,11,12,845,1,1,3,5.0,3,44022,M,0.0,0.0,44
201300001716,13,2,1,1615,1,1,1,3.0,1,44174,M,4704400.0,-170800.0,44
201300001717,13,3,16,330,3,1,1,1.0,6,44041,M,4708100.0,-157100.0,44
201300001718,13,5,18,1930,1,1,2,2.0,3,44083,M,4700200.0,-166300.0,44
201300001719,13,6,23,1830,1,1,1,1.0,7,44156,M,0.0,0.0,44
201300001720,13,10,5,230,3,2,1,1.0,6,44083,M,0.0,0.0,44
201300001721,13,1,16,1930,2,1,1,8.0,5,44198,M,0.0,0.0,44
201300001722,13,2,14,2045,3,1,2,1.0,3,44215,M,0.0,0.0,44
201300001723,13,7,10,1500,1,2,6,1.0,3,44215,M,0.0,0.0,44
201300001724,13,7,11,1530,1,2,1,1.0,6,44198,M,0.0,0.0,44
201300001725,13,8,20,1000,1,1,6,1.0,3,44215,M,0.0,0.0,44
201300001726,13,9,3,1400,1,2,1,1.0,3,44215,M,0.0,0.0,44
201300001727,13,9,28,1430,1,1,1,2.0,5,44198,M,0.0,0.0,44
201300001728,13,11,23,545,5,2,1,1.0,6,44198,M,0.0,0.0,44
201300001729,13,12,1,230,3,1,1,9.0,6,44198,M,0.0,0.0,44
201300001730,13,4,25,800,2,1,1,7.0,7,44213,M,0.0,0.0,44
201300001731,13,5,19,130,3,1,6,3.0,6,44003,M,0.0,0.0,44
201300001732,13,5,26,2030,2,1,1,7.0,3,44213,M,0.0,0.0,44
201300001733,13,6,30,1745,1,1,1,1.0,3,44096,M,0.0,0.0,44
201300001734,13,8,31,1715,1,1,2,1.0,3,44003,M,0.0,0.0,44
201300001735,13,9,13,900,1,2,1,1.0,6,44213,M,0.0,0.0,44
201300001736,13,10,2,2045,3,1,1,1.0,6,44213,M,0.0,0.0,44
201300001737,13,10,5,2045,3,1,1,1.0,1,44160,M,0.0,0.0,44
201300001738,13,11,28,1215,1,2,1,1.0,6,44003,M,0.0,0.0,44
201300001739,13,12,1,1830,3,1,1,1.0,3,44004,M,0.0,0.0,44
201300001740,13,12,20,900,1,1,1,1.0,6,44096,M,0.0,0.0,44
201300001741,13,2,5,2000,3,1,1,1.0,3,44212,M,0.0,0.0,44
201300001742,13,2,9,1215,1,1,2,1.0,3,44032,M,0.0,0.0,44
201300001743,13,3,30,245,3,1,1,2.0,7,44084,M,0.0,0.0,44
201300001744,13,5,23,15,3,1,1,1.0,6,44079,M,0.0,0.0,44
201300001745,13,7,2,2215,2,1,1,2.0,7,44212,M,0.0,0.0,44
201300001746,13,8,8,1045,1,1,1,1.0,2,44108,M,0.0,0.0,44
201300001747,13,10,6,115,4,1,1,5.0,3,44029,M,0.0,0.0,44
201300001748,13,4,19,1330,1,1,1,1.0,6,44107,M,0.0,0.0,44
201300001749,13,7,13,1715,1,1,1,1.0,7,44077,M,0.0,0.0,44
201300001750,13,7,23,900,1,1,1,2.0,1,44077,M,0.0,0.0,44
201300001751,13,8,25,300,5,2,1,1.0,6,44082,M,0.0,0.0,44
201300001752,13,10,6,2330,1,1,1,1.0,6,44028,M,0.0,0.0,44
201300001753,13,10,30,815,1,1,1,7.0,3,44207,M,0.0,0.0,44
201300001754,13,11,27,2300,3,1,1,1.0,6,44144,M,0.0,0.0,44
201300001755,13,7,6,1545,1,1,1,1.0,7,44199,M,4770900.0,-128000.0,44
201300001756,13,7,29,1130,1,1,1,1.0,1,44199,M,4774900.0,-127000.0,44
201300001757,13,9,30,900,1,2,1,1.0,6,44036,M,0.0,0.0,44
201300001758,13,11,19,1915,4,1,1,1.0,3,44112,M,0.0,0.0,44
201300001759,13,11,20,30,3,1,1,1.0,6,44054,M,0.0,0.0,44
201300001760,13,12,22,1245,1,2,1,1.0,1,44199,M,0.0,0.0,44
201300001761,13,1,2,1115,1,2,9,1.0,6,44067,M,0.0,0.0,44
201300001762,13,1,15,1145,1,2,1,7.0,3,44015,M,0.0,0.0,44
201300001763,13,2,5,815,1,2,1,3.0,3,44185,M,4764100.0,-205900.0,44
201300001764,13,2,11,715,2,2,1,1.0,6,44023,M,4742200.0,-184700.0,44
201300001765,13,2,23,1500,1,1,2,1.0,3,44056,M,0.0,0.0,44
201300001766,13,3,2,1830,2,1,1,1.0,3,44057,M,0.0,0.0,44
201300001767,13,3,14,1445,1,2,1,1.0,2,44185,M,0.0,0.0,44
201300001768,13,3,25,1830,1,1,1,1.0,1,44128,M,4756600.0,-186200.0,44
201300001769,13,4,26,1730,1,1,1,1.0,5,44015,M,4748000.0,-171000.0,44
201300001770,13,6,11,1730,1,1,1,2.0,7,44015,M,4749100.0,-175700.0,44
201300001771,13,6,15,1945,1,1,1,1.0,6,44044,M,4766400.0,-178000.0,44
201300001772,13,7,2,1545,1,1,1,1.0,1,44056,M,4742100.0,-180200.0,44
201300001773,13,7,21,1645,1,1,1,1.0,2,44044,M,0.0,0.0,44
201300001774,13,8,6,1800,1,1,2,1.0,3,44015,M,0.0,0.0,44
201300001775,13,8,12,1900,1,1,2,1.0,5,44128,M,4754200.0,-192700.0,44
201300001776,13,11,12,1530,1,1,1,8.0,3,44007,M,0.0,0.0,44
201300001777,13,11,13,1830,3,1,1,1.0,6,44015,M,0.0,0.0,44
201300001778,13,11,23,1745,3,1,1,1.0,3,44057,M,4759200.0,-200300.0,44
201300001779,13,12,13,200,3,1,1,5.0,6,44056,M,4738500.0,-179000.0,44
201300001780,13,12,16,1600,1,2,1,7.0,6,44015,M,4747900.0,-175600.0,44
201300001781,13,12,18,1900,5,2,1,3.0,6,44185,M,4765100.0,-208100.0,44
201300001782,13,1,23,1900,3,1,1,1.0,6,44205,M,4746700.0,-146500.0,44
201300001783,13,2,2,15,3,1,1,2.0,6,44179,M,0.0,0.0,44
201300001784,13,5,4,1900,1,1,1,7.0,3,44110,M,0.0,0.0,44
201300001785,13,5,8,1900,1,2,1,1.0,3,44110,M,0.0,0.0,44
201300001786,13,6,22,1730,1,2,1,8.0,2,44110,M,0.0,0.0,44
201300001787,13,7,17,2145,1,2,6,1.0,6,44073,M,0.0,0.0,44
201300001788,13,8,29,1045,1,1,1,1.0,2,44179,M,0.0,0.0,44
201300001789,13,10,1,2115,3,1,1,8.0,1,44110,M,0.0,0.0,44
201300001790,13,11,13,1900,3,1,1,1.0,1,44179,M,0.0,0.0,44
201300001791,13,11,17,2130,3,1,1,1.0,1,44110,M,0.0,0.0,44
201300001792,13,12,14,1115,1,2,1,1.0,6,44122,M,0.0,0.0,44
201300001793,13,12,30,1715,2,1,2,1.0,3,44073,M,0.0,0.0,44
201300001794,13,6,26,1630,1,1,2,1.0,3,44149,M,0.0,0.0,44
201300001795,13,6,28,730,1,2,6,1.0,3,44113,M,0.0,0.0,44
201300001796,13,1,11,1245,1,2,1,1.0,3,44101,M,0.0,0.0,44
201300001797,13,5,9,2100,1,1,1,1.0,2,44166,M,4729400.0,116900.0,44
201300001798,13,6,8,2000,1,1,3,1.0,1,44018,M,0.0,0.0,44
201300001799,13,7,29,915,1,1,2,1.0,5,44130,M,0.0,0.0,44
201300001800,13,8,1,2030,1,1,1,7.0,5,44130,M,0.0,0.0,44
201300001801,13,9,16,745,1,1,3,1.0,3,44024,M,0.0,0.0,44
201300001802,13,9,18,1800,1,1,1,1.0,1,44018,M,0.0,0.0,44
201300001803,13,10,26,1900,3,1,1,2.0,2,44024,M,0.0,0.0,44
201300001804,13,11,22,1000,1,2,1,1.0,3,44018,M,0.0,0.0,44
201300001805,13,12,23,2000,3,1,9,3.0,1,44130,M,0.0,0.0,44
201300001806,13,2,17,1745,1,1,1,1.0,2,44021,M,0.0,0.0,44
201300001807,13,7,24,1715,1,1,1,1.0,1,44164,M,0.0,0.0,44
201300001808,13,8,7,1445,1,2,3,1.0,3,44012,M,0.0,0.0,44
201300001809,13,8,25,1145,1,2,1,1.0,6,44131,M,0.0,0.0,44
201300001810,13,8,30,1845,1,1,1,1.0,6,44012,M,0.0,0.0,44
201300001811,13,9,15,900,1,1,1,1.0,7,44059,M,0.0,0.0,44
201300001812,13,10,6,415,3,1,1,2.0,6,44131,M,0.0,0.0,44
201300001813,13,11,27,1830,3,1,1,1.0,1,44164,M,0.0,0.0,44
201300001814,13,1,13,1400,1,1,2,1.0,3,44187,M,0.0,0.0,44
201300001815,13,2,6,900,1,1,1,7.0,6,44005,M,0.0,0.0,44
201300001816,13,2,23,1900,2,1,2,1.0,3,44046,M,0.0,0.0,44
201300001817,13,6,14,1700,1,1,1,8.0,1,44005,M,0.0,0.0,44
201300001818,13,7,1,1700,1,2,1,1.0,1,44061,M,0.0,0.0,44
201300001819,13,7,12,30,5,2,6,1.0,6,44154,M,0.0,0.0,44
201300001820,13,9,19,2045,3,1,1,2.0,3,44005,M,0.0,0.0,44
201300001821,13,9,18,815,1,1,1,2.0,1,44005,M,0.0,0.0,44
201300001822,13,9,24,1545,2,1,2,1.0,3,44154,M,0.0,0.0,44
201300001823,13,10,15,1100,1,1,1,2.0,1,44046,M,0.0,0.0,44
201300001824,13,11,25,1645,1,1,1,1.0,1,44046,M,0.0,0.0,44
201300001825,13,1,4,2230,3,1,1,1.0,1,44186,M,0.0,0.0,44
201300001826,13,7,18,1800,1,1,1,1.0,6,44133,M,0.0,0.0,44
201300001827,13,7,26,630,2,1,1,1.0,1,44186,M,4711600.0,-182000.0,44
201300001828,13,7,31,45,3,1,1,1.0,1,44087,M,0.0,0.0,44
201300001829,13,8,25,1530,1,1,1,1.0,6,44145,M,0.0,0.0,44
201300001830,13,8,29,345,3,1,1,1.0,1,44220,M,0.0,0.0,44
201300001831,13,8,30,1400,1,2,1,1.0,2,44087,M,0.0,0.0,44
201300001832,13,10,11,1100,1,1,1,1.0,3,44178,M,0.0,0.0,44
201300001833,13,10,20,1100,1,1,1,9.0,6,44181,M,0.0,0.0,44
201300001834,13,11,5,2015,3,1,1,2.0,6,44133,M,0.0,0.0,44
201300001835,13,11,5,2015,3,1,2,2.0,3,44133,M,0.0,0.0,44
201300001836,13,11,14,1645,1,2,1,1.0,3,44186,M,0.0,0.0,44
201300001837,13,11,30,1500,1,1,1,1.0,6,44186,M,4710100.0,-179200.0,44
201300001838,13,12,5,1800,3,1,2,1.0,3,44181,M,0.0,0.0,44
201300001839,13,12,15,230,3,1,1,1.0,6,44157,M,0.0,0.0,44
201300001840,13,12,20,1915,3,1,1,1.0,1,44133,M,0.0,0.0,44
201300001841,13,1,2,815,2,2,1,1.0,6,44047,M,0.0,0.0,44
201300001842,13,3,20,1615,1,2,6,1.0,2,44047,M,0.0,0.0,44
201300001843,13,4,25,1815,1,1,1,1.0,3,44047,M,0.0,0.0,44
201300001844,13,5,10,1400,1,2,2,1.0,1,44047,M,0.0,0.0,44
201300001845,13,8,4,945,1,2,1,1.0,6,44047,M,0.0,0.0,44
201300001846,13,9,7,330,3,1,1,1.0,6,44047,M,0.0,0.0,44
201300001847,13,10,1,1700,1,2,6,3.0,7,44047,M,0.0,0.0,44
201300001848,13,10,1,1830,2,2,1,3.0,6,44047,M,0.0,0.0,44
201300001849,13,11,30,2230,5,1,6,1.0,6,44074,M,0.0,0.0,44
201300001850,13,1,29,1500,1,1,2,1.0,3,44069,M,4737800.0,-240100.0,44
201300001851,13,2,9,15,3,1,1,1.0,2,44069,M,4732700.0,-241300.0,44
201300001852,13,3,20,1245,1,2,1,1.0,3,44069,M,4733200.0,-243900.0,44
201300001853,13,4,21,730,2,1,1,1.0,7,44183,M,0.0,0.0,44
201300001854,13,4,27,2100,1,2,3,1.0,3,44006,M,0.0,0.0,44
201300001855,13,7,6,1400,1,2,1,1.0,1,44183,M,4739400.0,-242400.0,44
201300001856,13,7,8,1500,1,1,1,1.0,1,44072,M,0.0,0.0,44
201300001857,13,7,13,1345,1,1,1,1.0,5,44175,M,0.0,0.0,44
201300001858,13,9,5,1645,1,1,1,1.0,3,44069,M,4729700.0,-243600.0,44
201300001859,13,9,6,1730,1,1,2,1.0,3,44072,M,4741500.0,-235000.0,44
201300001860,13,9,11,1100,1,1,3,1.0,3,44069,M,4730800.0,-240800.0,44
201300001861,13,10,5,1300,1,1,1,1.0,7,44069,M,4730100.0,-243400.0,44
201300001862,13,10,17,1500,1,2,1,1.0,1,44069,M,4734800.0,-248800.0,44
201300001863,13,11,6,945,1,2,6,1.0,3,44010,M,4728000.0,-247600.0,44
201300001864,13,11,8,730,2,1,1,3.0,6,44175,M,0.0,0.0,44
201300001865,13,11,12,1800,2,1,1,1.0,3,44069,M,4732800.0,-239600.0,44
201300001866,13,11,15,845,1,2,1,7.0,6,44211,M,4731100.0,-250000.0,44
201300001867,13,11,30,1945,3,1,1,9.0,4,44072,M,4743600.0,-231000.0,44
201300001868,13,12,1,1200,1,2,6,1.0,3,44097,M,0.0,0.0,44
201300001869,13,12,14,1015,1,2,6,1.0,4,44069,M,4732900.0,-242000.0,44
201300001870,13,12,31,2045,3,1,6,1.0,5,44069,M,0.0,0.0,44
201300001871,13,1,13,1530,1,1,1,1.0,1,44052,M,0.0,0.0,44
201300001872,13,1,14,1715,3,1,2,2.0,3,44103,M,4733300.0,-217800.0,44
201300001873,13,3,28,1345,1,2,1,1.0,3,44210,M,0.0,0.0,44
201300001874,13,7,18,1915,1,2,1,1.0,2,44210,M,4732400.0,-219100.0,44
201300001875,13,8,3,130,3,1,1,1.0,1,44168,M,0.0,0.0,44
201300001876,13,10,3,445,5,1,1,8.0,6,44103,M,0.0,0.0,44
201300001877,13,7,31,1115,1,1,1,1.0,1,44129,M,0.0,0.0,44
201300001878,13,8,6,1830,1,1,1,1.0,6,44098,M,0.0,0.0,44
201300001879,13,10,17,730,2,1,1,5.0,3,44050,M,0.0,0.0,44
201300001880,13,1,8,1630,1,1,1,1.0,2,44194,M,0.0,0.0,44
201300001881,13,1,15,1215,1,1,6,1.0,1,44045,M,0.0,0.0,44
201300001882,13,2,14,815,2,1,1,3.0,6,44217,M,0.0,0.0,44
201300001883,13,2,19,1245,1,1,1,1.0,7,44158,M,4729100.0,175600.0,44
201300001884,13,5,28,1145,1,2,4,1.0,3,44217,M,0.0,0.0,44
201300001885,13,6,9,1630,1,1,1,1.0,3,44158,M,0.0,0.0,44
201300001886,13,6,29,2230,1,2,1,1.0,6,44203,M,0.0,0.0,44
201300001887,13,7,15,1330,1,1,2,1.0,3,44217,M,0.0,0.0,44
201300001888,13,12,3,900,1,1,1,1.0,3,44158,M,0.0,0.0,44
201300001889,13,3,9,115,3,1,1,1.0,6,44080,M,4731100.0,-197000.0,44
201300001890,13,7,7,45,3,1,1,1.0,5,44195,M,4737100.0,-190800.0,44
201300001891,13,8,9,1645,1,1,1,1.0,1,44019,M,0.0,0.0,44
201300001892,13,11,26,1745,5,2,1,1.0,3,44195,M,0.0,0.0,44
201300001893,13,5,17,2000,1,2,1,1.0,1,49196,M,4752005.0,-66999.0,49
201300001894,13,6,30,1900,1,1,1,1.0,5,49196,M,4750826.0,-64395.0,49
201300001895,13,2,14,1630,1,1,1,6.0,1,49194,M,4743502.0,-29524.0,49
201300001896,13,7,19,1645,1,1,2,1.0,3,49194,M,4747700.0,-27100.0,49
201300001897,13,9,20,1715,1,1,2,7.0,3,49049,M,4745100.0,-16148.0,49
201300001898,13,10,1,1300,1,1,2,2.0,4,49106,M,4747413.0,-31970.0,49
201300001899,13,11,9,1600,1,1,1,7.0,5,49106,M,4747418.0,-33508.0,49
201300001900,13,4,7,1130,1,1,1,1.0,7,49345,M,4727720.0,-48412.0,49
201300001901,13,4,19,1900,1,1,1,1.0,5,49292,M,4731147.0,-61676.0,49
201300001902,13,5,22,1545,1,1,2,1.0,3,49167,M,4738487.0,-48470.0,49
201300001903,13,6,17,1815,1,2,1,1.0,1,49345,M,4726773.0,-49709.0,49
201300001904,13,7,16,1745,1,1,1,1.0,6,49318,M,4740151.0,-42971.0,49
201300001905,13,7,26,1730,1,1,1,1.0,2,49050,M,0.0,0.0,49
201300001906,13,10,13,1145,1,2,1,1.0,3,49167,M,0.0,0.0,49
201300001907,13,2,13,1130,1,1,1,1.0,1,49289,M,4745534.0,-65543.0,49
201300001908,13,5,27,1815,1,1,1,1.0,1,49265,M,4730594.0,-67893.0,49
201300001909,13,8,14,1130,1,2,1,1.0,6,49212,M,4738776.0,-85914.0,49
201300001910,13,9,28,1500,1,1,1,8.0,1,49063,M,4733665.0,-78913.0,49
201300001911,13,10,10,2115,3,1,2,1.0,3,49068,M,4740893.0,-84759.0,49
201300001912,13,5,4,1500,1,2,1,1.0,6,49220,M,4774313.0,-41649.0,49
201300001913,13,8,20,545,3,1,1,1.0,1,49127,M,4768200.0,-22000.0,49
201300001914,13,11,16,1445,1,1,1,1.0,5,49110,M,4756400.0,-37300.0,49
201300001915,13,2,16,900,1,1,1,1.0,7,49072,M,4718337.0,-101093.0,49
201300001916,13,6,26,1930,1,2,1,1.0,6,49375,M,4714497.0,-106151.0,49
201300001917,13,7,11,100,3,2,1,1.0,6,49165,M,4717221.0,-89150.0,49
201300001918,13,12,7,1015,3,1,1,1.0,6,49312,M,4716500.0,-101499.0,49
201300001919,13,1,16,1745,2,1,1,1.0,1,49092,M,4721917.0,-76027.0,49
201300001920,13,4,17,1230,1,2,1,1.0,3,49111,M,4716364.0,-67700.0,49
201300001921,13,4,20,1045,1,2,1,1.0,6,49355,M,4712190.0,-78846.0,49
201300001922,13,4,3,1430,1,1,1,1.0,7,49301,M,4711582.0,-102070.0,49
201300001923,13,4,17,1630,1,1,1,1.0,7,49193,M,4714307.0,-84771.0,49
201300001924,13,5,24,615,2,1,1,1.0,2,49258,M,4711390.0,-105709.0,49
201300001925,13,6,10,1915,1,1,1,1.0,1,49193,M,4712502.0,-89466.0,49
201300001926,13,8,8,1200,1,2,6,1.0,1,49301,M,0.0,0.0,49
201300001927,13,10,30,1745,1,1,2,8.0,3,49332,M,4708447.0,-95269.0,49
201300001928,13,11,20,2115,5,1,1,1.0,6,49285,M,0.0,0.0,49
201300001929,13,11,25,1545,1,1,2,1.0,3,49179,M,4702066.0,-102935.0,49
201300001930,13,12,14,815,2,1,1,1.0,1,49260,M,0.0,0.0,49
201300001931,13,1,3,1830,5,2,1,1.0,6,49276,M,4736138.0,-101418.0,49
201300001932,13,3,23,2015,2,2,4,1.0,1,49313,M,4727318.0,-102900.0,49
201300001933,13,3,24,1630,1,1,1,1.0,7,49313,M,4730703.0,-103328.0,49
201300001934,13,6,21,2345,5,2,1,1.0,1,49276,M,4736056.0,-100912.0,49
201300001935,13,7,6,1530,1,1,1,1.0,6,49040,M,4734267.0,-110262.0,49
201300001936,13,8,8,1215,1,1,1,1.0,1,49040,M,4734800.0,-108200.0,49
201300001937,13,8,17,1200,1,2,1,1.0,3,49276,M,4735833.0,-101599.0,49
201300001938,13,8,22,1715,1,1,1,1.0,1,49296,M,0.0,0.0,49
201300001939,13,9,16,1800,1,1,1,8.0,1,49083,M,4730151.0,-94787.0,49
201300001940,13,12,7,1500,1,1,1,1.0,7,49190,M,4735900.0,-104900.0,49
201300001941,13,12,9,715,5,2,1,5.0,7,49204,M,4736646.0,-93464.0,49
201300001942,13,12,10,915,1,2,1,5.0,7,49069,M,0.0,0.0,49
201300001943,13,1,21,1700,1,2,1,2.0,6,49018,M,4754584.0,-11221.0,49
201300001944,13,7,25,2300,3,2,2,1.0,3,49369,M,4738569.0,8157.0,49
201300001945,13,8,11,1645,1,1,1,1.0,7,49234,M,4743599.0,14877.0,49
201300001946,13,10,12,1500,1,1,1,1.0,1,49098,M,4758748.0,13981.0,49
201300001947,13,10,20,2000,3,1,1,2.0,5,49245,M,4752967.0,-3776.0,49
201300001948,13,10,21,2245,5,2,1,1.0,6,49197,M,0.0,0.0,49
201300001949,13,11,26,1615,1,1,1,1.0,7,49157,M,0.0,0.0,49
201300001950,13,12,24,800,2,1,1,3.0,6,49368,M,0.0,0.0,49
201300001951,13,1,28,730,2,1,2,1.0,3,49047,M,4723065.0,-38159.0,49
201300001952,13,3,17,1830,1,1,1,8.0,1,49109,M,4710979.0,-61699.0,49