Num_Acc,an,mois,jour,hrmn,lum,agg,int,atm,col,com,gps,lat,long,dep
201300001953,13,4,7,1730,1,1,1,1.0,1,49191,M,4725174.0,-44137.0,49
201300001954,13,4,12,1715,1,1,1,1.0,1,49125,M,4717997.0,-27106.0,49
201300001955,13,5,3,1945,1,1,1,1.0,1,49059,M,4708709.0,-46237.0,49
201300001956,13,6,3,530,3,1,1,1.0,6,49373,M,4714525.0,-60373.0,49
201300001957,13,6,25,1315,1,1,1,1.0,6,49125,M,4719371.0,-31763.0,49
201300001958,13,6,27,1215,1,1,1,1.0,6,49370,M,4726796.0,-18611.0,49
201300001959,13,7,13,730,1,1,1,1.0,6,49230,M,0.0,0.0,49
201300001960,13,7,15,715,1,1,1,1.0,1,49373,M,4711810.0,-56093.0,49
201300001961,13,9,24,2130,3,1,1,1.0,6,49191,M,0.0,0.0,49
201300001962,13,11,20,2000,5,2,2,2.0,3,49125,M,0.0,0.0,49
201300001963,13,1,4,1515,1,1,1,1.0,7,49378,M,4731070.0,-4858.0,49
201300001964,13,1,9,1730,2,1,1,1.0,1,49180,M,4737123.0,-12051.0,49
201300001965,13,2,16,100,3,1,6,5.0,6,49304,M,4730623.0,-13339.0,49
201300001966,13,4,20,1200,1,2,3,1.0,1,49002,M,4729377.0,2181.0,49
201300001967,13,5,4,1730,1,1,1,1.0,7,49311,M,4739092.0,-2737.0,49
201300001968,13,6,12,1000,1,1,2,1.0,3,49002,M,4732974.0,2198.0,49
201300001969,13,6,15,2030,1,2,1,1.0,6,49378,M,4733146.0,-6130.0,49
201300001970,13,7,26,1545,1,1,3,1.0,2,49180,M,4738689.0,-11450.0,49
201300001971,13,7,29,615,2,1,1,1.0,1,49261,M,4738577.0,-21536.0,49
201300001972,13,7,31,2030,1,1,1,1.0,1,49180,M,4736738.0,-12260.0,49
201300001973,13,8,29,1830,1,2,3,1.0,3,49041,M,4730250.0,5889.0,49
201300001974,13,9,26,1500,1,1,1,1.0,6,49261,M,4739700.0,-20700.0,49
201300001975,13,10,31,1130,1,1,2,1.0,3,49180,M,4739900.0,-11300.0,49
201300001976,13,11,4,845,1,1,1,2.0,3,49378,M,0.0,0.0,49
201300001977,13,12,3,745,2,1,1,5.0,2,49261,M,0.0,0.0,49
201300001978,13,12,20,2300,3,1,1,1.0,1,49002,M,4731000.0,2000.0,49
201300001979,13,3,23,500,3,2,1,1.0,6,49215,M,4713250.0,-16526.0,49
201300001980,13,7,6,2315,3,1,2,1.0,3,49274,M,0.0,0.0,49
201300001981,13,10,29,1415,1,1,1,1.0,6,49140,M,0.0,0.0,49
201300001982,13,11,22,2045,3,1,1,8.0,1,49131,M,0.0,0.0,49
201300001983,13,6,18,1730,1,1,1,1.0,1,49305,M,4771690.0,-70914.0,49
201300001984,13,7,9,1200,1,1,1,1.0,1,49161,M,0.0,0.0,49
201300001985,13,10,3,2030,3,1,1,3.0,6,49077,M,0.0,0.0,49
201300001986,13,6,8,1945,2,1,1,1.0,6,49155,M,4760743.0,-70391.0,49
201300001987,13,6,19,1145,1,1,1,1.0,6,49271,M,4751778.0,-73678.0,49
201300001988,13,7,6,2215,3,2,6,1.0,7,49176,M,0.0,0.0,49
201300001989,13,8,4,1900,1,1,1,1.0,7,49367,M,0.0,0.0,49
201300001990,13,11,24,130,3,1,1,1.0,7,49266,M,0.0,0.0,49
201300001991,13,1,29,1730,1,1,1,1.0,6,49132,M,4765595.0,-46326.0,49
201300001992,13,2,8,30,5,2,1,2.0,7,49080,M,4768475.0,-48661.0,49
201300001993,13,2,15,700,3,1,1,5.0,3,49080,M,4766720.0,-49962.0,49
201300001994,13,3,13,830,1,2,1,7.0,6,49347,M,4761450.0,-46631.0,49
201300001995,13,3,19,845,1,1,1,1.0,1,49132,M,4765353.0,-46142.0,49
201300001996,13,3,24,445,3,1,1,1.0,7,49189,M,4773479.0,-61182.0,49
201300001997,13,5,29,245,3,1,1,1.0,6,49048,M,4758960.0,-47264.0,49
201300001998,13,7,11,1015,1,1,1,1.0,3,49347,M,4760539.0,-47696.0,49
201300001999,13,8,10,1230,1,1,1,1.0,3,49080,M,0.0,0.0,49
201300002000,13,9,30,715,2,1,1,5.0,1,49080,M,0.0,0.0,49
201300002001,13,10,27,1530,1,2,1,2.0,6,49216,M,0.0,0.0,49
201300002002,13,12,12,1200,1,1,1,5.0,7,49130,M,4761415.0,-57129.0,49
201300002003,13,12,26,1400,1,2,2,1.0,3,49347,M,4762028.0,-46645.0,49
201300002004,13,1,24,1845,2,1,2,1.0,3,53001,M,4803591.0,-89763.0,53
201300002005,13,3,18,645,2,1,1,1.0,6,53130,M,4796700.0,-70300.0,53
201300002006,13,4,20,2030,2,1,1,1.0,1,53119,M,4802250.0,-79385.0,53
201300002007,13,9,6,1115,1,1,1,1.0,6,53157,M,4800895.0,-83327.0,53
201300002008,13,9,24,1715,1,1,1,1.0,1,53158,M,4801674.0,-93807.0,53
201300002009,13,10,30,1700,1,1,1,1.0,1,53001,M,4803416.0,-90135.0,53
201300002010,13,5,13,1930,1,1,1,1.0,3,53034,M,4809966.0,-68547.0,53
201300002011,13,6,1,1715,1,1,1,1.0,6,53267,M,4805948.0,-45230.0,53
201300002012,13,7,4,1000,1,2,1,2.0,6,53152,M,4795187.0,-55680.0,53
201300002013,13,8,7,1330,1,1,1,2.0,7,53076,M,4798366.0,-32461.0,53
201300002014,13,11,25,145,3,1,9,1.0,6,53140,M,4810875.0,-74190.0,53
201300002015,13,12,29,1200,1,1,2,1.0,3,53264,M,4803303.0,-35075.0,53
201300002016,13,2,8,1045,1,2,7,1.0,6,53097,M,4815610.0,-39942.0,53
201300002017,13,5,27,430,3,1,1,1.0,1,53207,M,4812647.0,-44822.0,53
201300002018,13,11,12,1815,5,2,1,2.0,6,53097,M,4815547.0,-39590.0,53
201300002019,13,1,22,1830,5,2,1,1.0,7,53215,M,4781654.0,-69867.0,53
201300002020,13,4,20,1945,1,1,1,1.0,1,53089,M,4775798.0,-63961.0,53
201300002021,13,4,27,1000,1,2,6,1.0,3,53062,M,4782319.0,-69772.0,53
201300002022,13,6,5,900,1,1,1,1.0,3,53062,M,4784697.0,-75178.0,53
201300002023,13,7,21,300,3,1,1,1.0,7,53150,M,4774805.0,-70890.0,53
201300002024,13,7,22,1630,1,1,1,1.0,7,53004,M,4781251.0,-82297.0,53
201300002025,13,7,26,2200,2,1,1,1.0,3,53036,M,4786969.0,-46225.0,53
201300002026,13,9,21,2215,3,1,1,1.0,1,53063,M,4780892.0,-61387.0,53
201300002027,13,10,4,1215,1,1,1,1.0,6,53215,M,4781171.0,-71186.0,53
201300002028,13,11,12,1300,1,1,2,8.0,3,53110,M,4787056.0,-53826.0,53
201300002029,13,12,20,1200,1,2,1,7.0,6,53062,M,4783154.0,-71316.0,53
201300002030,13,6,24,1815,1,1,1,1.0,3,53035,M,4780413.0,-96668.0,53
201300002031,13,6,25,1815,1,1,1,1.0,6,53075,M,4791751.0,-88607.0,53
201300002032,13,7,26,2000,1,1,1,1.0,7,53075,M,4792829.0,-87416.0,53
201300002033,13,8,15,2245,3,2,1,1.0,5,53188,M,4778603.0,-105994.0,53
201300002034,13,8,28,500,3,1,1,5.0,7,53088,M,4796152.0,-108085.0,53
201300002035,13,11,20,1830,3,1,1,3.0,3,53098,M,4790154.0,-114401.0,53
201300002036,13,11,27,1900,3,1,1,1.0,6,53240,M,4781337.0,-104729.0,53
201300002037,13,12,29,545,3,1,1,2.0,7,53012,M,4789010.0,-93481.0,53
201300002038,13,3,5,1830,2,1,1,1.0,1,53147,M,4832087.0,-62020.0,53
201300002039,13,3,9,1645,1,1,1,1.0,1,53122,M,4824853.0,-49303.0,53
201300002040,13,3,11,2000,3,1,1,3.0,6,53072,M,4825326.0,-62267.0,53
201300002041,13,4,15,2330,4,1,2,1.0,3,53008,M,4833441.0,-54709.0,53
201300002042,13,6,16,430,3,1,1,1.0,6,53216,M,4832783.0,-56133.0,53
201300002043,13,6,19,800,1,1,1,8.0,6,53239,M,4821415.0,-23911.0,53
201300002044,13,7,1,1715,1,1,2,1.0,3,53002,M,4822122.0,-76983.0,53
201300002045,13,8,1,2100,1,2,1,1.0,1,53147,M,4830280.0,-61755.0,53
201300002046,13,8,2,1730,1,1,1,1.0,6,53120,M,4822002.0,-27676.0,53
201300002047,13,8,21,800,1,1,2,1.0,3,53147,M,4828877.0,-65298.0,53
201300002048,13,10,19,2345,3,2,1,1.0,6,53122,M,4825371.0,-49644.0,53
201300002049,13,10,26,1030,1,1,1,1.0,1,53174,M,4832190.0,-65774.0,53
201300002050,13,11,18,1430,1,1,1,1.0,1,53249,M,4823621.0,-16979.0,53
201300002051,13,1,15,915,3,1,1,4.0,1,53269,M,4830300.0,-84931.0,53
201300002052,13,5,25,1445,1,1,1,1.0,6,53211,M,4833998.0,-83223.0,53
201300002053,13,7,7,545,1,1,1,1.0,6,53071,M,4837362.0,-82028.0,53
201300002054,13,9,13,1500,1,1,1,2.0,1,53126,M,4833921.0,-103213.0,53
201300002055,13,3,29,1745,1,1,1,1.0,6,53176,M,4841697.0,-67287.0,53
201300002056,13,7,4,1445,1,1,1,7.0,1,53216,M,4833007.0,-55637.0,53
201300002057,13,11,22,900,1,1,3,8.0,1,53112,M,4837653.0,-36597.0,53
201300002058,13,1,17,230,3,1,1,1.0,6,53121,M,4841338.0,-35188.0,53
201300002059,13,3,8,1700,1,1,1,1.0,1,53246,M,4838324.0,-13886.0,53
201300002060,13,4,19,1300,1,2,1,1.0,3,53185,M,4846168.0,-19361.0,53
201300002061,13,5,3,1500,1,2,1,1.0,3,53271,M,4834587.0,-28619.0,53
201300002062,13,8,30,1045,1,1,1,1.0,1,53246,M,4838810.0,-13287.0,53
201300002063,13,12,22,1600,1,2,1,1.0,6,01283,M,,,01
201300002064,13,1,14,740,3,2,2,9.0,6,01283,M,,,01
201300002065,13,2,18,1320,1,2,1,1.0,7,01283,M,,,01
201300002066,13,3,1,2145,5,2,6,1.0,6,01014,M,4629280.0,567733.0,01
201300002067,13,3,19,835,2,2,2,1.0,2,01031,M,,,01
201300002068,13,4,1,1600,1,2,6,1.0,3,01014,M,4628510.0,566218.0,01
201300002069,13,4,4,15,5,2,6,1.0,7,01283,M,4625430.0,563716.0,01
201300002070,13,4,11,1900,1,2,3,1.0,6,01283,M,,,01
201300002071,13,4,24,1900,1,2,3,1.0,6,01283,M,,,01
201300002072,13,5,27,1310,1,2,1,1.0,6,01283,M,4625060.0,564871.0,01
201300002073,13,5,24,1705,1,2,1,1.0,6,01283,M,,,01
201300002074,13,6,8,1200,1,2,3,1.0,3,01283,M,,,01
201300002075,13,6,15,1930,1,1,1,1.0,1,01283,M,4626830.0,565989.0,01
201300002076,13,9,28,520,5,2,9,1.0,6,01283,M,,,01
201300002077,13,10,4,1635,1,2,6,1.0,3,01283,M,,,01
201300002078,13,10,11,1635,1,2,1,1.0,6,01283,M,,,01
201300002079,13,10,28,1800,3,2,1,3.0,6,01283,M,,,01
201300002080,13,11,28,1825,5,2,1,1.0,6,01283,M,,,01
201300002081,13,12,7,905,1,1,1,7.0,5,01014,M,,,01
201300002082,13,12,5,2145,5,2,1,1.0,1,01283,M,,,01
201300002083,13,6,14,645,1,2,1,1.0,3,72269,M,0.0,0.0,72
201300002084,13,9,9,1330,1,1,1,2.0,1,72269,M,0.0,0.0,72
201300002085,13,12,11,300,3,1,1,9.0,6,72303,M,4801900.0,58200.0,72
201300002086,13,1,12,1115,1,1,1,1.0,1,72224,M,0.0,0.0,72
201300002087,13,2,10,1045,1,2,3,2.0,3,72386,M,4801800.0,27500.0,72
201300002088,13,2,17,800,1,1,1,1.0,6,72300,M,0.0,0.0,72
201300002089,13,7,12,2130,2,1,1,1.0,3,72054,M,0.0,0.0,72
201300002090,13,7,13,2030,1,1,1,1.0,6,72090,M,0.0,0.0,72
201300002091,13,9,18,1715,1,2,1,1.0,3,72054,M,0.0,0.0,72
201300002092,13,10,8,715,2,1,1,5.0,2,72090,M,0.0,0.0,72
201300002093,13,1,4,1300,1,2,1,1.0,6,72289,M,4814900.0,16100.0,72
201300002094,13,5,15,1745,1,1,2,1.0,5,72329,M,0.0,0.0,72
201300002095,13,7,3,800,1,1,1,2.0,1,72359,M,0.0,0.0,72
201300002096,13,8,16,2315,3,1,1,1.0,3,72328,M,4805400.0,26300.0,72
201300002097,13,10,26,1530,1,1,1,1.0,1,72217,M,4806800.0,22600.0,72
201300002098,13,11,19,545,5,2,1,1.0,6,72289,M,4814800.0,16600.0,72
201300002099,13,12,22,1145,1,2,2,1.0,5,72290,M,0.0,0.0,72
201300002100,13,1,3,1845,3,1,2,1.0,3,72096,M,0.0,0.0,72
201300002101,13,2,19,445,5,1,1,1.0,1,72253,M,0.0,0.0,72
201300002102,13,2,23,1745,1,2,1,1.0,7,72257,M,0.0,0.0,72
201300002103,13,3,13,2345,3,1,9,1.0,1,72381,M,4794000.0,7600.0,72
201300002104,13,4,13,945,1,1,2,1.0,3,72346,M,4789000.0,1300.0,72
201300002105,13,4,23,1545,1,1,1,1.0,7,72149,M,0.0,0.0,72
201300002106,13,4,27,2015,1,1,1,8.0,7,72367,M,0.0,0.0,72
201300002107,13,4,15,1730,1,1,1,1.0,5,72230,M,4785300.0,10500.0,72
201300002108,13,5,12,400,3,1,1,1.0,7,72045,M,0.0,0.0,72
201300002109,13,5,19,1215,1,1,1,1.0,5,72344,M,4794200.0,11800.0,72
201300002110,13,5,22,1445,1,2,1,1.0,3,72346,M,0.0,0.0,72
201300002111,13,6,27,1745,1,1,1,1.0,1,72133,M,0.0,0.0,72
201300002112,13,7,5,1800,1,1,1,1.0,7,72074,M,0.0,0.0,72
201300002113,13,7,13,1800,1,2,6,1.0,6,72075,M,4793300.0,-1600.0,72
201300002114,13,8,3,1815,1,1,1,1.0,6,72149,M,0.0,0.0,72
201300002115,13,8,24,1845,1,2,1,1.0,6,72339,M,0.0,0.0,72
201300002116,13,8,26,1800,1,1,1,1.0,1,72360,M,0.0,0.0,72
201300002117,13,8,31,915,1,1,1,1.0,5,72253,M,0.0,0.0,72
201300002118,13,9,24,1930,1,1,1,1.0,6,72096,M,0.0,0.0,72
201300002119,13,10,11,730,4,1,2,2.0,3,72168,M,4802600.0,-14700.0,72
201300002120,13,11,10,2045,3,1,1,1.0,6,72381,M,0.0,0.0,72
201300002121,13,11,18,1745,2,1,1,1.0,3,72073,M,0.0,0.0,72
201300002122,13,11,29,1215,1,1,1,1.0,3,72344,M,0.0,0.0,72
201300002123,13,11,30,1000,1,1,1,1.0,3,72360,M,0.0,0.0,72
201300002124,13,12,5,745,2,1,1,1.0,3,72344,M,4794200.0,11900.0,72
201300002125,13,12,9,1645,1,1,1,7.0,2,72253,M,4789600.0,5300.0,72
201300002126,13,12,18,1245,1,1,1,1.0,1,72381,M,0.0,0.0,72
201300002127,13,1,24,715,2,2,6,1.0,2,72154,M,4770200.0,-8600.0,72
201300002128,13,1,29,1930,5,2,1,2.0,6,72154,M,4770500.0,-8800.0,72
201300002129,13,5,18,1800,1,1,1,3.0,7,72154,M,4771000.0,-4800.0,72
201300002130,13,7,15,1200,1,2,1,1.0,1,72154,M,0.0,0.0,72
201300002131,13,8,14,1530,1,2,2,1.0,3,72154,M,4769000.0,-6400.0,72
201300002132,13,10,19,1230,1,2,1,1.0,2,72154,M,4770700.0,-5400.0,72
201300002133,13,12,3,815,2,2,6,5.0,2,72154,M,4770200.0,-6900.0,72
201300002134,13,12,7,1945,3,1,1,1.0,5,72154,M,4769500.0,-14800.0,72
201300002135,13,12,16,1545,1,1,1,1.0,6,72154,M,0.0,0.0,72
201300002136,13,5,26,1115,1,2,1,1.0,6,72071,M,4769900.0,40900.0,72
201300002137,13,8,3,2300,3,1,1,1.0,7,72115,M,0.0,0.0,72
201300002138,13,1,1,115,3,1,1,2.0,1,72021,M,0.0,0.0,72
201300002139,13,2,1,1045,1,2,1,2.0,1,72223,M,4786900.0,-10000.0,72
201300002140,13,4,25,2100,2,1,1,1.0,7,72312,M,4794200.0,-14300.0,72
201300002141,13,6,13,1615,1,1,1,1.0,1,72223,M,4785700.0,-14000.0,72
201300002142,13,7,19,1830,1,1,1,1.0,3,72022,M,4777000.0,-19100.0,72
201300002143,13,7,28,415,3,1,1,1.0,6,72021,M,0.0,0.0,72
201300002144,13,8,2,1800,1,1,1,1.0,1,72184,M,4798400.0,-17300.0,72
201300002145,13,9,2,1045,1,1,1,1.0,5,72022,M,4777000.0,-19000.0,72
201300002146,13,9,14,930,1,1,1,3.0,1,72223,M,0.0,0.0,72
201300002147,13,9,26,1545,1,1,1,1.0,1,72239,M,0.0,0.0,72
201300002148,13,11,18,1830,3,1,1,1.0,6,72050,M,4798100.0,-22400.0,72
201300002149,13,1,11,1800,1,1,1,1.0,6,72191,M,4777000.0,30700.0,72
201300002150,13,1,11,1800,5,2,1,8.0,6,72175,M,4770900.0,6900.0,72
201300002151,13,6,25,930,1,1,1,1.0,3,72243,M,4775800.0,19300.0,72
201300002152,13,7,8,1645,1,2,1,1.0,3,72283,M,4763000.0,28100.0,72
201300002153,13,9,7,1100,1,1,1,1.0,6,72160,M,4769300.0,35600.0,72
201300002154,13,10,25,1600,1,1,1,2.0,1,72160,M,4771900.0,32900.0,72
201300002155,13,2,15,1715,1,1,1,1.0,6,72151,M,0.0,0.0,72
201300002156,13,2,19,1945,5,2,2,1.0,1,72264,M,0.0,0.0,72
201300002157,13,3,19,30,3,1,1,1.0,6,72264,M,0.0,0.0,72
201300002158,13,8,2,1600,1,2,6,1.0,3,72264,M,0.0,0.0,72
201300002159,13,8,6,400,3,1,1,1.0,7,72151,M,0.0,0.0,72
201300002160,13,8,30,1745,1,1,1,7.0,1,72244,M,0.0,0.0,72
201300002161,13,10,14,645,5,1,1,8.0,3,72343,M,0.0,0.0,72
201300002162,13,3,16,645,2,1,2,1.0,3,72112,M,0.0,0.0,72
201300002163,13,4,18,2000,1,1,1,3.0,3,72189,M,0.0,0.0,72
201300002164,13,5,8,1030,1,2,1,1.0,7,72180,M,0.0,0.0,72
201300002165,13,6,7,1245,1,1,1,1.0,3,72180,M,0.0,0.0,72
201300002166,13,7,10,745,1,1,1,1.0,1,72086,M,0.0,0.0,72
201300002167,13,8,18,2130,4,1,1,1.0,6,72039,M,0.0,0.0,72
201300002168,13,8,23,1045,1,1,1,1.0,3,72259,M,0.0,0.0,72
201300002169,13,9,17,1415,1,1,1,2.0,6,72039,M,0.0,0.0,72
201300002170,13,10,4,1600,1,1,3,1.0,3,72317,M,0.0,0.0,72
201300002171,13,10,16,1700,1,1,2,7.0,1,72276,M,0.0,0.0,72
201300002172,13,10,20,1715,1,1,1,1.0,6,72295,M,0.0,0.0,72
201300002173,13,11,7,1730,3,1,2,3.0,3,72372,M,4836317.0,28991.0,72
201300002174,13,11,29,1930,3,1,1,1.0,1,72295,M,0.0,0.0,72
201300002175,13,12,10,1000,1,2,1,1.0,6,72189,M,4825159.0,31645.0,72
201300002176,13,3,16,1945,3,1,1,1.0,6,72041,M,0.0,0.0,72
201300002177,13,6,30,1800,1,1,1,7.0,1,72093,M,0.0,0.0,72
201300002178,13,7,11,1930,1,1,1,9.0,7,72132,M,0.0,0.0,72
201300002179,13,7,12,1815,1,1,1,1.0,7,72193,M,4810400.0,83200.0,72
201300002180,13,7,14,1115,1,2,1,1.0,1,72363,M,0.0,0.0,72
201300002181,13,9,14,1030,1,2,1,2.0,6,72132,M,0.0,0.0,72
201300002182,13,10,27,1845,2,2,1,1.0,6,72132,M,0.0,0.0,72
201300002183,13,1,5,815,3,1,1,1.0,6,72284,M,0.0,0.0,72
201300002184,13,4,29,1500,1,1,1,1.0,6,72137,M,4841100.0,20100.0,72
201300002185,13,9,1,1800,1,1,1,1.0,7,72212,M,0.0,0.0,72
201300002186,13,9,5,230,3,1,1,1.0,6,72137,M,4843000.0,25300.0,72
201300002187,13,11,24,1430,1,1,1,8.0,6,72318,M,4839900.0,16700.0,72
201300002188,13,12,22,1745,2,2,3,1.0,3,72006,M,4841100.0,8800.0,72
201300002189,13,2,3,1945,3,2,2,1.0,4,85036,M,0.0,0.0,85
201300002190,13,3,16,1130,1,2,1,1.0,5,85135,M,0.0,0.0,85
201300002191,13,5,25,1800,1,1,1,1.0,5,85213,M,0.0,0.0,85
201300002192,13,6,9,1700,1,1,1,2.0,2,85073,M,0.0,0.0,85
201300002193,13,7,6,2000,1,2,1,1.0,3,85175,M,0.0,0.0,85
201300002194,13,7,10,1630,1,1,1,1.0,6,85157,M,0.0,0.0,85
201300002195,13,7,30,2030,1,1,1,1.0,1,85036,M,0.0,0.0,85
201300002196,13,9,9,1315,1,2,1,2.0,1,85073,M,0.0,0.0,85
201300002197,13,9,22,1745,1,1,1,1.0,2,85046,M,4666603.0,-127549.0,85
201300002198,13,12,12,1200,1,2,1,2.0,2,85069,M,0.0,0.0,85
201300002199,13,12,31,530,3,1,1,3.0,6,85008,M,0.0,0.0,85
201300002200,13,1,21,1500,1,2,2,1.0,3,85266,M,0.0,0.0,85
201300002201,13,1,28,1130,1,1,1,1.0,6,85051,M,0.0,0.0,85
201300002202,13,3,9,1845,1,2,1,1.0,1,85220,M,4671949.0,-102411.0,85
201300002203,13,4,3,830,1,2,1,1.0,6,85212,M,0.0,0.0,85
201300002204,13,7,11,1730,1,1,1,1.0,1,85282,M,0.0,0.0,85
201300002205,13,8,18,600,5,2,1,1.0,1,85165,M,0.0,0.0,85
201300002206,13,8,25,1015,1,2,1,8.0,2,85089,M,0.0,0.0,85
201300002207,13,9,20,645,3,2,1,1.0,1,85089,M,0.0,0.0,85
201300002208,13,10,6,230,3,2,1,1.0,6,85084,M,0.0,0.0,85
201300002209,13,10,6,1500,1,2,1,1.0,3,85246,M,0.0,0.0,85
201300002210,13,10,31,1830,2,1,1,1.0,6,85034,M,0.0,0.0,85
201300002211,13,11,4,1845,3,1,1,8.0,3,85202,M,0.0,0.0,85
201300002212,13,12,6,1545,1,2,1,1.0,1,85089,M,0.0,0.0,85
201300002213,13,1,26,1615,1,2,1,1.0,3,85109,M,4685799.0,-101452.0,85
201300002214,13,2,13,415,3,2,1,1.0,6,85109,M,0.0,0.0,85
201300002215,13,3,20,2130,5,1,9,1.0,7,85109,M,0.0,0.0,85
201300002216,13,4,1,1845,1,1,1,1.0,7,85038,M,0.0,0.0,85
201300002217,13,5,19,1815,1,2,1,8.0,6,85109,M,0.0,0.0,85
201300002218,13,6,6,1645,1,1,2,1.0,3,85153,M,0.0,0.0,85
201300002219,13,7,8,1830,1,1,1,1.0,2,85242,M,0.0,0.0,85
201300002220,13,7,25,1700,1,1,1,1.0,3,85153,M,0.0,0.0,85
201300002221,13,8,9,2130,2,1,1,1.0,5,85242,M,0.0,0.0,85
201300002222,13,8,26,1815,1,2,1,1.0,1,85153,M,4677969.0,-106342.0,85
201300002223,13,10,9,2100,5,2,1,1.0,3,85109,M,0.0,0.0,85
201300002224,13,11,17,345,3,1,1,8.0,6,85109,M,4688222.0,-107985.0,85
201300002225,13,11,18,1845,5,2,1,1.0,1,85109,M,0.0,0.0,85
201300002226,13,12,4,1300,1,1,1,1.0,1,85215,M,0.0,0.0,85
201300002227,13,12,11,700,3,1,1,5.0,1,85064,M,0.0,0.0,85
201300002228,13,12,12,630,3,1,1,9.0,6,85215,M,0.0,0.0,85
201300002229,13,1,21,645,2,2,6,8.0,2,85027,M,0.0,0.0,85
201300002230,13,3,9,1630,1,1,1,1.0,3,85272,M,0.0,0.0,85
201300002231,13,3,12,1130,1,1,1,1.0,7,85107,M,0.0,0.0,85
201300002232,13,3,16,1600,1,2,1,1.0,3,85295,M,4698389.0,-123777.0,85
201300002233,13,3,21,1145,1,1,1,2.0,6,85262,M,0.0,0.0,85
201300002234,13,4,20,1030,1,1,1,1.0,5,85039,M,0.0,0.0,85
201300002235,13,4,21,2230,3,1,1,1.0,2,85197,M,0.0,0.0,85
201300002236,13,4,29,1445,1,1,1,1.0,3,85039,M,0.0,0.0,85
201300002237,13,5,17,1830,1,1,1,1.0,6,85224,M,0.0,0.0,85
201300002238,13,5,24,2030,1,1,1,3.0,1,85217,M,0.0,0.0,85
201300002239,13,6,16,715,1,1,1,1.0,1,85027,M,0.0,0.0,85
201300002240,13,7,13,1,3,1,1,1.0,6,85025,M,0.0,0.0,85
201300002241,13,7,18,1330,1,1,1,1.0,6,85025,M,0.0,0.0,85
201300002242,13,8,7,345,3,1,1,1.0,6,85217,M,0.0,0.0,85
201300002243,13,8,23,1830,1,1,1,1.0,6,85039,M,0.0,0.0,85
201300002244,13,9,1,1845,1,1,1,1.0,1,85224,M,0.0,0.0,85
201300002245,13,9,4,1945,2,1,1,1.0,3,85224,M,0.0,0.0,85
201300002246,13,12,27,200,3,1,2,2.0,3,85262,M,0.0,0.0,85
201300002247,13,2,8,1630,1,1,1,1.0,1,85151,M,0.0,0.0,85
201300002248,13,2,22,2200,3,1,1,1.0,7,85151,M,0.0,0.0,85
201300002249,13,7,17,1130,1,1,9,7.0,3,85097,M,0.0,0.0,85
201300002250,13,7,19,1500,1,1,1,1.0,1,85247,M,0.0,0.0,85
201300002251,13,8,17,1100,1,1,1,1.0,5,85302,M,0.0,0.0,85
201300002252,13,10,19,1400,1,2,1,1.0,3,85097,M,0.0,0.0,85
201300002253,13,11,24,715,3,1,1,1.0,6,85119,M,0.0,0.0,85
201300002254,13,1,9,1445,1,1,1,1.0,6,85019,M,0.0,0.0,85
201300002255,13,1,25,1945,3,1,1,1.0,6,85178,M,0.0,0.0,85
201300002256,13,2,1,1845,3,1,1,2.0,2,85019,M,0.0,0.0,85
201300002257,13,5,1,345,3,1,1,2.0,7,85191,M,0.0,0.0,85
201300002258,13,6,5,1100,1,1,2,7.0,3,85178,M,0.0,0.0,85
201300002259,13,7,20,1430,1,1,1,1.0,6,85300,M,0.0,0.0,85
201300002260,13,9,9,900,1,2,6,2.0,6,85003,M,4673975.0,-160765.0,85
201300002261,13,9,26,1145,1,2,1,2.0,3,85208,M,0.0,0.0,85
201300002262,13,10,1,1745,1,1,1,8.0,7,85178,M,4673705.0,-144459.0,85
201300002263,13,11,8,930,1,1,1,2.0,7,85019,M,0.0,0.0,85
201300002264,13,1,8,730,2,2,6,1.0,1,85092,M,0.0,0.0,85
201300002265,13,3,12,800,1,1,1,1.0,3,85177,M,0.0,0.0,85
201300002266,13,3,15,1715,1,2,1,1.0,6,85092,M,4646573.0,-81991.0,85
201300002267,13,4,9,1400,1,2,2,1.0,3,85092,M,0.0,0.0,85
201300002268,13,5,20,1200,1,2,1,1.0,6,85092,M,4646413.0,-80294.0,85
201300002269,13,7,12,745,1,1,1,1.0,1,85092,M,0.0,0.0,85
201300002270,13,7,18,1845,1,2,1,1.0,3,85092,M,0.0,0.0,85
201300002271,13,8,14,2015,1,1,2,1.0,3,85167,M,0.0,0.0,85
201300002272,13,8,29,715,1,1,1,1.0,1,85092,M,0.0,0.0,85
201300002273,13,11,10,1830,3,1,1,1.0,4,85256,M,0.0,0.0,85
201300002274,13,1,7,915,1,2,1,2.0,6,85128,M,0.0,0.0,85
201300002275,13,4,26,1900,1,1,1,1.0,1,85255,M,0.0,0.0,85
201300002276,13,5,5,945,1,1,1,1.0,3,85267,M,0.0,0.0,85
201300002277,13,7,19,1215,1,1,1,1.0,1,85267,M,0.0,0.0,85
201300002278,13,8,6,2045,1,2,1,1.0,3,85131,M,0.0,0.0,85
201300002279,13,9,14,1400,1,1,1,2.0,1,85128,M,0.0,0.0,85
201300002280,13,9,29,1830,1,1,1,1.0,1,85128,M,0.0,0.0,85
201300002281,13,12,11,1130,1,2,1,9.0,5,85058,M,0.0,0.0,85
201300002282,13,1,15,1300,1,1,4,1.0,1,85132,M,0.0,0.0,85
201300002283,13,7,16,1715,1,1,1,1.0,1,85306,M,0.0,0.0,85
201300002284,13,10,2,2130,3,1,1,1.0,1,85020,M,0.0,0.0,85
201300002285,13,1,28,830,1,1,1,9.0,1,85031,M,0.0,0.0,85
201300002286,13,3,23,1600,1,2,1,1.0,1,85141,M,4673134.0,-71079.0,85
201300002287,13,5,3,1900,1,1,3,1.0,3,85264,M,0.0,0.0,85
201300002288,13,5,9,2315,3,1,1,1.0,6,85059,M,0.0,0.0,85