Num_Acc,an,mois,jour,hrmn,lum,agg,int,atm,col,com,gps,lat,long,dep
201300002289,13,5,30,1230,1,1,1,3.0,1,85264,M,4668911.0,-73947.0,85
201300002290,13,7,19,1930,1,1,1,1.0,3,85257,M,0.0,0.0,85
201300002291,13,8,23,1430,1,2,3,1.0,3,85059,M,4665151.0,-73981.0,85
201300002292,13,9,19,845,1,1,3,7.0,3,85182,M,0.0,0.0,85
201300002293,13,9,22,915,1,1,1,1.0,6,85125,M,0.0,0.0,85
201300002294,13,10,11,245,3,1,1,1.0,3,85031,M,0.0,0.0,85
201300002295,13,10,29,1730,2,1,2,1.0,3,85257,M,0.0,0.0,85
201300002296,13,11,30,145,3,1,2,2.0,3,85251,M,0.0,0.0,85
201300002297,13,3,10,1615,1,1,1,1.0,6,85174,M,0.0,0.0,85
201300002298,13,6,26,2345,3,1,1,1.0,1,85188,M,0.0,0.0,85
201300002299,13,10,27,1645,1,1,1,1.0,7,85223,M,0.0,0.0,85
201300002300,13,5,3,1645,1,1,1,1.0,7,85047,M,0.0,0.0,85
201300002301,13,5,10,1700,1,1,1,1.0,1,85095,M,0.0,0.0,85
201300002302,13,6,4,1715,1,1,1,1.0,3,85210,M,0.0,0.0,85
201300002303,13,6,25,1730,1,1,2,1.0,3,85280,M,0.0,0.0,85
201300002304,13,7,14,1215,1,1,1,1.0,3,85280,M,0.0,0.0,85
201300002305,13,7,23,2130,2,2,1,1.0,6,85047,M,4683914.0,-187531.0,85
201300002306,13,7,24,1015,1,1,1,1.0,3,85280,M,0.0,0.0,85
201300002307,13,8,2,2215,3,1,1,1.0,6,85047,M,4680846.0,-186934.0,85
201300002308,13,9,1,1230,1,1,1,1.0,6,85096,M,0.0,0.0,85
201300002309,13,9,6,845,1,2,1,1.0,1,85047,M,4684921.0,-187360.0,85
201300002310,13,9,21,2130,3,1,1,1.0,6,85096,M,0.0,0.0,85
201300002311,13,10,23,1015,1,1,1,1.0,3,85047,M,4684511.0,-181518.0,85
201300002312,13,11,7,1115,1,1,1,1.0,6,85086,M,0.0,0.0,85
201300002313,13,11,12,830,1,1,4,2.0,3,85096,M,0.0,0.0,85
201300002314,13,12,7,130,3,1,1,1.0,7,85096,M,0.0,0.0,85
201300002315,13,12,11,745,1,1,1,9.0,6,85006,M,0.0,0.0,85
201300002316,13,12,13,1715,5,2,1,2.0,6,85047,M,0.0,0.0,85
201300002317,13,7,18,1430,1,2,1,1.0,3,85113,M,4669950.0,-234791.0,85
201300002318,13,2,17,615,3,1,1,8.0,7,85118,M,0.0,0.0,85
201300002319,13,5,9,1315,1,2,3,1.0,3,85118,M,0.0,0.0,85
201300002320,13,5,15,1500,1,1,1,1.0,1,85112,M,0.0,0.0,85
201300002321,13,7,27,1430,1,1,1,6.0,2,85052,M,0.0,0.0,85
201300002322,13,8,18,15,3,1,1,1.0,6,85016,M,0.0,0.0,85
201300002323,13,10,20,2145,3,1,1,1.0,1,85218,M,0.0,0.0,85
201300002324,13,11,18,715,5,2,1,1.0,6,85112,M,0.0,0.0,85
201300002325,13,11,23,30,3,1,1,1.0,6,85214,M,0.0,0.0,85
201300002326,13,1,10,1930,3,1,3,8.0,3,85071,M,0.0,0.0,85
201300002327,13,2,16,1545,1,2,1,1.0,6,85226,M,4669616.0,-196004.0,85
201300002328,13,3,26,1500,1,1,1,1.0,1,85226,M,0.0,0.0,85
201300002329,13,4,26,1545,1,1,1,1.0,3,85071,M,0.0,0.0,85
201300002330,13,4,30,1245,1,1,1,2.0,1,85268,M,0.0,0.0,85
201300002331,13,5,18,1515,1,2,1,1.0,3,85222,M,0.0,0.0,85
201300002332,13,7,18,815,1,2,1,1.0,2,85002,M,0.0,0.0,85
201300002333,13,8,7,1900,1,1,1,1.0,7,85071,M,0.0,0.0,85
201300002334,13,8,9,1630,1,2,9,1.0,3,85222,M,0.0,0.0,85
201300002335,13,9,7,1530,1,2,1,1.0,2,85222,M,0.0,0.0,85
201300002336,13,9,14,1745,1,2,1,3.0,6,85070,M,4669877.0,-176026.0,85
201300002337,13,9,24,1845,1,1,1,1.0,3,85088,M,4670559.0,-189449.0,85
201300002338,13,12,16,1745,1,2,1,1.0,6,85222,M,0.0,0.0,85
201300002339,13,1,4,1715,1,1,1,1.0,3,85012,M,0.0,0.0,85
201300002340,13,2,6,945,1,1,4,1.0,1,85284,M,0.0,0.0,85
201300002341,13,2,12,1000,1,2,1,1.0,6,85234,M,4679072.0,-205671.0,85
201300002342,13,2,8,1030,1,1,1,1.0,7,85018,M,0.0,0.0,85
201300002343,13,3,30,945,1,1,1,8.0,6,85029,M,0.0,0.0,85
201300002344,13,4,14,1845,1,1,1,1.0,5,85164,M,0.0,0.0,85
201300002345,13,5,11,1230,1,1,1,1.0,1,85234,M,0.0,0.0,85
201300002346,13,6,21,1545,1,2,1,1.0,1,85172,M,4681517.0,-199240.0,85
201300002347,13,6,23,2245,3,1,1,1.0,7,85018,M,0.0,0.0,85
201300002348,13,7,17,830,1,1,2,1.0,3,85284,M,0.0,0.0,85
201300002349,13,7,24,1815,1,1,1,1.0,6,85273,M,0.0,0.0,85
201300002350,13,7,26,845,1,2,6,1.0,3,85234,M,0.0,0.0,85
201300002351,13,8,27,1115,1,2,1,1.0,6,85234,M,4678552.0,-207645.0,85
201300002352,13,9,6,1445,1,2,1,1.0,6,85164,M,4683092.0,-213415.0,85
201300002353,13,9,24,1845,1,2,1,1.0,6,85018,M,4691528.0,-204044.0,85
201300002354,13,9,25,1530,1,1,1,1.0,2,85012,M,0.0,0.0,85
201300002355,13,12,13,1345,1,1,1,1.0,1,85029,M,0.0,0.0,85
201300002356,13,12,16,1600,1,1,1,7.0,2,85234,M,4679674.0,-203160.0,85
201300002357,13,2,23,2030,3,1,1,1.0,5,85026,M,0.0,0.0,85
201300002358,13,3,8,1730,1,1,1,1.0,1,85294,M,4635098.0,-144830.0,85
201300002359,13,4,20,1700,1,2,1,1.0,6,85307,M,4633253.0,-132347.0,85
201300002360,13,4,28,1600,1,2,1,1.0,6,85127,M,4640330.0,-150048.0,85
201300002361,13,5,18,1945,1,1,1,1.0,5,85288,M,0.0,0.0,85
201300002362,13,5,27,1315,1,1,1,1.0,6,85010,M,0.0,0.0,85
201300002363,13,6,19,1815,1,1,1,1.0,1,85026,M,4656790.0,-145797.0,85
201300002364,13,7,1,1045,1,2,1,1.0,3,85127,M,4642202.0,-149175.0,85
201300002365,13,7,3,1845,1,1,1,1.0,1,85294,M,0.0,0.0,85
201300002366,13,7,8,1000,1,2,6,1.0,6,85294,M,0.0,0.0,85
201300002367,13,7,13,715,1,1,2,1.0,3,85022,M,0.0,0.0,85
201300002368,13,8,15,2345,5,2,1,1.0,6,85288,M,4644861.0,-166887.0,85
201300002369,13,8,23,600,3,1,1,5.0,6,85127,M,0.0,0.0,85
201300002370,13,9,2,715,2,1,1,1.0,1,85026,M,0.0,0.0,85
201300002371,13,9,14,1430,1,1,2,3.0,3,85101,M,0.0,0.0,85
201300002372,13,9,29,1745,2,2,1,7.0,5,85294,M,4634340.0,-144570.0,85
201300002373,13,10,17,1815,2,1,1,1.0,7,85288,M,4650670.0,-157881.0,85
201300002374,13,12,21,515,2,1,1,1.0,1,85103,M,0.0,0.0,85
201300002375,13,3,19,1745,1,1,1,1.0,3,33436,M,0.0,0.0,33
201300002376,13,4,14,1715,1,1,1,1.0,3,33436,M,0.0,0.0,33
201300002377,13,5,17,2000,2,2,2,3.0,3,33498,M,4455400.0,-86900.0,33
201300002378,13,7,14,900,1,1,1,1.0,1,33042,M,4452800.0,-80000.0,33
201300002379,13,8,4,1615,1,2,1,1.0,1,33029,M,0.0,0.0,33
201300002380,13,10,22,1700,1,1,1,2.0,1,33029,M,0.0,0.0,33
201300002381,13,1,26,1815,1,2,1,1.0,3,33019,M,4469600.0,-98900.0,33
201300002382,13,3,15,1530,1,1,1,1.0,2,33019,M,4468400.0,-101000.0,33
201300002383,13,3,24,1945,2,1,1,2.0,7,33555,M,4471400.0,-82200.0,33
201300002384,13,3,28,1330,1,1,1,1.0,2,33284,M,4460300.0,-93900.0,33
201300002385,13,4,14,2230,3,1,1,1.0,1,33284,M,4456200.0,-98100.0,33
201300002386,13,4,13,1130,1,1,1,1.0,6,33555,M,4471400.0,-82300.0,33
201300002387,13,7,11,1700,1,2,1,1.0,1,33019,M,4469200.0,-101899.0,33
201300002388,13,12,16,1800,5,2,1,1.0,6,33284,M,0.0,0.0,33
201300002389,13,3,2,1115,1,2,1,1.0,6,33056,M,0.0,0.0,33
201300002390,13,3,16,1800,1,1,1,2.0,6,33056,M,0.0,0.0,33
201300002391,13,4,6,30,3,1,1,1.0,3,33519,M,0.0,0.0,33
201300002392,13,4,24,1845,1,2,1,1.0,1,33519,M,0.0,0.0,33
201300002393,13,9,27,700,2,1,2,1.0,3,33519,M,0.0,0.0,33
201300002394,13,10,8,900,1,2,1,7.0,6,33519,M,0.0,0.0,33
201300002395,13,10,21,815,1,2,1,1.0,6,33056,M,0.0,0.0,33
201300002396,13,11,19,1300,1,1,1,2.0,1,33056,M,0.0,0.0,33
201300002397,13,4,29,930,1,1,1,1.0,1,33236,M,0.0,0.0,33
201300002398,13,5,4,600,5,2,1,5.0,6,33011,M,0.0,0.0,33
201300002399,13,5,26,1230,1,2,1,1.0,3,33236,M,0.0,0.0,33
201300002400,13,6,27,830,1,2,1,1.0,3,33236,M,0.0,0.0,33
201300002401,13,7,15,230,5,1,1,1.0,1,33236,M,0.0,0.0,33
201300002402,13,12,26,945,1,1,1,3.0,6,33236,M,4473500.0,-119600.0,33
201300002403,13,7,6,1500,1,2,1,1.0,5,33422,M,0.0,0.0,33
201300002404,13,3,28,1745,1,1,1,1.0,1,33449,M,0.0,0.0,33
201300002405,13,4,14,1745,1,2,1,1.0,1,33449,M,0.0,0.0,33
201300002406,13,5,28,1630,1,2,1,1.0,3,33449,M,0.0,0.0,33
201300002407,13,6,2,445,3,1,1,1.0,1,33376,M,0.0,0.0,33
201300002408,13,6,16,1045,1,2,1,1.0,1,33449,M,0.0,0.0,33
201300002409,13,6,24,1530,1,1,3,1.0,3,33449,M,0.0,0.0,33
201300002410,13,7,5,1030,1,2,1,1.0,1,33449,M,0.0,0.0,33
201300002411,13,8,14,1315,1,2,1,1.0,3,33449,M,0.0,0.0,33
201300002412,13,10,9,30,5,2,1,1.0,6,33376,M,0.0,0.0,33
201300002413,13,11,23,1000,1,2,2,1.0,3,33449,M,0.0,0.0,33
201300002414,13,6,26,730,1,1,1,1.0,1,33047,M,0.0,0.0,33
201300002415,13,7,8,1530,1,1,1,1.0,5,33047,M,4512700.0,-57900.0,33
201300002416,13,7,19,1230,1,1,1,1.0,5,33047,M,4512700.0,-58200.0,33
201300002417,13,4,1,1600,1,1,1,1.0,1,33067,M,0.0,0.0,33
201300002418,13,5,14,1745,1,1,2,1.0,1,33551,M,4508400.0,-63500.0,33
201300002419,13,10,25,1815,3,1,1,3.0,6,33228,M,0.0,0.0,33
201300002420,13,10,28,1800,3,1,2,2.0,2,33530,M,0.0,0.0,33
201300002421,13,12,7,800,3,1,1,1.0,6,33500,M,4507400.0,-56800.0,33
201300002422,13,12,12,1215,1,2,1,1.0,6,33067,M,0.0,0.0,33
201300002423,13,1,8,215,5,2,1,2.0,6,33389,M,0.0,0.0,33
201300002424,13,3,18,1100,1,2,1,1.0,1,33389,M,4529300.0,-60900.0,33
201300002425,13,3,30,1830,1,2,1,1.0,1,33389,M,0.0,0.0,33
201300002426,13,5,13,100,3,1,9,1.0,6,33389,M,4526600.0,-62800.0,33
201300002427,13,5,28,800,1,1,1,1.0,3,33380,M,4529300.0,-56700.0,33
201300002428,13,10,10,1830,1,2,1,1.0,3,33267,M,4527400.0,-51600.0,33
201300002429,13,11,21,2115,3,1,1,1.0,6,33389,M,0.0,0.0,33
201300002430,13,2,2,900,1,1,1,9.0,6,33473,M,4513900.0,-48500.0,33
201300002431,13,2,21,1115,1,1,4,1.0,1,33126,M,4511200.0,-46100.0,33
201300002432,13,5,14,2315,3,1,1,2.0,6,33439,M,4511300.0,-39600.0,33
201300002433,13,5,26,1545,1,1,1,1.0,6,33439,M,4513900.0,-42300.0,33
201300002434,13,6,27,1930,1,1,1,1.0,6,33114,M,4509600.0,-39900.0,33
201300002435,13,7,12,1630,1,1,1,1.0,1,33382,M,4515100.0,-47800.0,33
201300002436,13,8,1,630,2,1,1,1.0,7,33233,M,4515000.0,-35700.0,33
201300002437,13,8,12,1845,1,1,1,1.0,7,33473,M,4509500.0,-39800.0,33
201300002438,13,8,26,1515,1,1,1,1.0,1,33439,M,4511900.0,-41600.0,33
201300002439,13,9,4,1400,1,1,1,1.0,6,33151,M,4525600.0,-48400.0,33
201300002440,13,9,18,1630,1,1,1,1.0,6,33473,M,0.0,0.0,33
201300002441,13,9,27,1645,1,1,1,1.0,3,33126,M,4511700.0,-46000.0,33
201300002442,13,10,3,1845,1,1,2,1.0,3,33492,M,4514300.0,-42700.0,33
201300002443,13,10,28,2045,3,1,1,1.0,6,33151,M,4521400.0,-41800.0,33
201300002444,13,10,16,1030,1,1,1,1.0,3,33473,M,4516300.0,-44900.0,33
201300002445,13,11,21,1815,5,2,1,2.0,6,33114,M,4509800.0,-39100.0,33
201300002446,13,12,20,1500,1,1,1,1.0,6,33123,M,0.0,0.0,33
201300002447,13,1,11,645,5,1,1,8.0,2,33433,M,0.0,0.0,33
201300002448,13,6,19,1245,1,1,1,1.0,1,33003,M,0.0,0.0,33
201300002449,13,10,23,2000,3,1,1,8.0,6,33004,M,0.0,0.0,33
201300002450,13,3,24,215,3,1,1,1.0,2,33293,M,0.0,0.0,33
201300002451,13,9,4,730,1,2,3,1.0,3,33554,M,0.0,0.0,33
201300002452,13,9,24,745,1,2,1,1.0,3,33483,M,0.0,0.0,33
201300002453,13,10,11,2000,3,1,6,1.0,3,33397,M,0.0,0.0,33
201300002454,13,10,20,1130,1,2,1,1.0,6,33397,M,0.0,0.0,33
201300002455,13,2,20,1345,1,2,1,1.0,3,33454,M,0.0,0.0,33
201300002456,13,3,31,1445,1,1,1,1.0,6,33109,M,4469700.0,-45200.0,33
201300002457,13,4,19,1600,1,1,1,1.0,6,33037,M,4470100.0,-46200.0,33
201300002458,13,5,29,1545,1,1,1,8.0,6,33109,M,4464700.0,-52600.0,33
201300002459,13,7,2,600,2,2,1,1.0,6,33474,M,4469100.0,-48200.0,33
201300002460,13,9,9,1815,1,1,1,1.0,1,33213,M,0.0,0.0,33
201300002461,13,3,8,230,5,2,1,3.0,3,33505,M,0.0,0.0,33
201300002462,13,4,24,815,1,2,1,7.0,6,33140,M,0.0,0.0,33
201300002463,13,7,31,915,1,2,1,1.0,1,33311,M,0.0,0.0,33
201300002464,13,8,20,2200,5,2,1,1.0,3,33083,M,0.0,0.0,33
201300002465,13,10,6,1515,1,1,1,1.0,6,33093,M,0.0,0.0,33
201300002466,13,2,9,645,1,1,1,9.0,6,33496,M,0.0,0.0,33
201300002467,13,10,25,330,5,2,1,1.0,6,33330,M,0.0,0.0,33
201300002468,13,11,7,2100,5,2,1,8.0,6,33535,M,0.0,0.0,33
201300002469,13,11,17,330,5,2,6,1.0,6,33535,M,0.0,0.0,33
201300002470,13,10,6,1215,1,2,1,1.0,5,33238,M,0.0,0.0,33
201300002471,13,12,8,515,3,1,1,1.0,1,33080,M,0.0,0.0,33
201300002472,13,12,15,845,1,2,1,7.0,2,33080,M,0.0,0.0,33
201300002473,13,1,25,1700,1,1,1,1.0,2,33343,M,0.0,0.0,33
201300002474,13,1,27,1245,1,1,1,2.0,3,33098,M,0.0,0.0,33
201300002475,13,2,17,215,5,2,1,1.0,6,33334,M,0.0,0.0,33
201300002476,13,4,27,215,5,2,1,1.0,6,33081,M,0.0,0.0,33
201300002477,13,6,3,630,1,1,2,1.0,3,33334,M,0.0,0.0,33
201300002478,13,7,11,2245,3,1,1,1.0,1,33030,M,0.0,0.0,33
201300002479,13,7,23,345,3,1,1,1.0,6,33030,M,0.0,0.0,33
201300002480,13,9,21,715,2,2,1,5.0,6,33355,M,4467200.0,-34900.0,33
201300002481,13,12,21,900,1,2,1,8.0,6,33081,M,4463800.0,-30800.0,33
201300002482,13,1,25,1130,1,1,1,1.0,1,33415,M,0.0,0.0,33
201300002483,13,3,8,1030,1,2,7,1.0,6,33366,M,0.0,0.0,33
201300002484,13,4,29,1430,1,1,1,1.0,7,33143,M,0.0,0.0,33
201300002485,13,7,26,1830,1,2,1,1.0,3,33366,M,0.0,0.0,33
201300002486,13,7,24,800,1,2,1,1.0,3,33366,M,0.0,0.0,33
201300002487,13,8,6,1300,1,1,1,1.0,1,33425,M,0.0,0.0,33
201300002488,13,8,9,1930,1,2,1,1.0,7,33366,M,0.0,0.0,33
201300002489,13,8,13,1830,1,1,1,1.0,1,33366,M,0.0,0.0,33
201300002490,13,8,21,1330,1,1,2,7.0,1,33366,M,0.0,0.0,33
201300002491,13,1,26,1915,5,2,1,1.0,6,33504,M,0.0,0.0,33
201300002492,13,2,25,1015,1,2,1,8.0,6,33227,M,0.0,0.0,33
201300002493,13,4,19,1715,1,1,1,1.0,6,33164,M,0.0,0.0,33
201300002494,13,4,26,1845,1,1,1,2.0,1,33323,M,0.0,0.0,33
201300002495,13,5,4,1830,1,1,1,1.0,6,33130,M,0.0,0.0,33
201300002496,13,7,28,1930,1,2,1,1.0,1,33187,M,0.0,0.0,33
201300002497,13,6,16,1115,5,2,2,1.0,3,33357,M,4450300.0,-28200.0,33
201300002498,13,7,1,915,1,2,1,1.0,3,33227,M,0.0,0.0,33
201300002499,13,7,24,1045,1,2,1,1.0,7,33227,M,4454200.0,-26900.0,33
201300002500,13,10,31,1900,3,1,1,1.0,6,33323,M,0.0,0.0,33
201300002501,13,2,14,1145,1,2,1,1.0,1,33036,M,4443700.0,-21200.0,33
201300002502,13,7,5,1215,1,2,1,1.0,6,33511,M,0.0,0.0,33
201300002503,13,8,5,1800,1,1,2,1.0,3,33391,M,0.0,0.0,33
201300002504,13,12,4,1800,2,1,1,1.0,3,33271,M,4439400.0,-9500.0,33
201300002505,13,12,11,730,2,1,1,9.0,1,33271,M,4439400.0,-9700.0,33
201300002506,13,1,17,815,1,1,1,1.0,1,33158,M,0.0,0.0,33
201300002507,13,2,15,1830,2,2,1,1.0,1,33352,M,0.0,0.0,33
201300002508,13,2,22,845,1,1,1,1.0,2,33352,M,0.0,0.0,33
201300002509,13,4,19,1400,1,1,1,1.0,2,33287,M,0.0,0.0,33
201300002510,13,6,7,2045,1,1,1,1.0,6,33346,M,0.0,0.0,33
201300002511,13,9,21,1215,1,1,2,1.0,3,33072,M,0.0,0.0,33
201300002512,13,1,25,730,1,1,1,9.0,1,33523,M,0.0,0.0,33
201300002513,13,4,17,2000,1,1,1,1.0,1,33515,M,4470700.0,-26700.0,33
201300002514,13,6,6,2330,3,1,2,1.0,1,33523,M,0.0,0.0,33
201300002515,13,6,6,845,1,1,2,1.0,1,33044,M,0.0,0.0,33
201300002516,13,7,10,1400,1,1,1,1.0,6,33506,M,4471700.0,-9800.0,33
201300002517,13,7,18,545,2,1,2,1.0,1,33278,M,0.0,0.0,33
201300002518,13,8,4,1900,1,1,1,1.0,6,33515,M,0.0,0.0,33
201300002519,13,8,7,1200,1,1,1,1.0,3,33523,M,0.0,0.0,33
201300002520,13,8,20,900,2,1,1,1.0,7,33523,M,0.0,0.0,33
201300002521,13,8,20,845,1,1,1,1.0,7,33057,M,0.0,0.0,33
201300002522,13,9,1,330,5,2,1,1.0,6,33299,M,0.0,0.0,33
201300002523,13,9,20,1930,1,1,1,1.0,7,33515,M,0.0,0.0,33
201300002524,13,10,12,1130,1,1,1,8.0,7,33482,M,0.0,0.0,33
201300002525,13,1,31,745,5,2,6,9.0,1,33240,M,4530700.0,-93500.0,33
201300002526,13,4,19,1645,1,1,1,1.0,7,33476,M,0.0,0.0,33
201300002527,13,8,16,1900,1,1,1,1.0,3,33300,M,0.0,0.0,33
201300002528,13,8,21,2045,2,2,1,1.0,6,33240,M,0.0,0.0,33
201300002529,13,8,30,1600,1,1,1,1.0,6,33300,M,0.0,0.0,33
201300002530,13,9,1,145,5,2,1,1.0,6,33240,M,4530800.0,-92700.0,33
201300002531,13,10,30,1645,1,1,1,1.0,1,33177,M,4534200.0,-97700.0,33
201300002532,13,11,2,700,2,1,1,1.0,6,33177,M,0.0,0.0,33
201300002533,13,12,7,1715,2,1,1,1.0,7,33240,M,0.0,0.0,33
201300002534,13,2,8,1000,1,1,2,2.0,1,33022,M,0.0,0.0,33
201300002535,13,6,17,2230,5,2,2,2.0,1,33297,M,0.0,0.0,33
201300002536,13,7,27,515,3,1,1,1.0,6,33022,M,0.0,0.0,33
201300002537,13,8,27,830,1,1,1,1.0,3,33220,M,4509900.0,-72500.0,33
201300002538,13,9,24,900,1,1,1,1.0,3,33248,M,0.0,0.0,33
201300002539,13,10,6,1215,1,1,2,1.0,1,33220,M,4509300.0,-72600.0,33
201300002540,13,11,5,1330,1,1,1,3.0,7,33248,M,4504700.0,-89800.0,33
201300002541,13,12,1,1515,1,1,1,1.0,1,33104,M,0.0,0.0,33
201300002542,13,3,12,745,1,1,1,2.0,5,33322,M,0.0,0.0,33
201300002543,13,4,20,745,1,1,1,1.0,1,33322,M,0.0,0.0,33
201300002544,13,5,6,2115,2,1,1,1.0,3,33322,M,0.0,0.0,33
201300002545,13,7,9,230,5,2,1,1.0,1,33262,M,0.0,0.0,33
201300002546,13,7,15,1000,1,1,2,1.0,3,33012,M,0.0,0.0,33
201300002547,13,8,30,1415,1,2,1,1.0,3,33012,M,0.0,0.0,33
201300002548,13,10,3,1715,1,2,1,1.0,3,33322,M,0.0,0.0,33
201300002549,13,12,27,545,5,1,1,1.0,6,33256,M,0.0,0.0,33
201300002550,13,11,13,1845,3,1,1,1.0,1,33424,M,4510500.0,-89600.0,33
201300002551,13,12,2,1915,3,1,6,1.0,7,33125,M,4522000.0,-87000.0,33
201300002552,13,12,10,1630,1,1,1,1.0,1,33395,M,0.0,0.0,33
201300002553,13,3,8,45,5,2,1,1.0,7,33514,M,0.0,0.0,33
201300002554,13,5,26,1500,1,1,1,1.0,1,33541,M,4539600.0,-115800.0,33
201300002555,13,6,29,1845,1,1,1,1.0,1,33540,M,4537400.0,-109700.0,33
201300002556,13,8,27,1445,1,1,1,1.0,6,33514,M,0.0,0.0,33
201300002557,13,8,3,1145,1,1,2,1.0,3,33208,M,4538800.0,-95500.0,33
201300002558,13,10,7,915,1,1,1,1.0,3,33490,M,0.0,0.0,33
201300002559,13,12,19,1245,1,1,1,1.0,1,33514,M,0.0,0.0,33
201300002560,13,1,20,2045,3,1,1,2.0,2,33015,M,4490700.0,-26500.0,33
201300002561,13,1,23,1745,1,2,6,1.0,3,33243,M,4492300.0,-24200.0,33
201300002562,13,2,4,2045,5,1,1,2.0,1,33539,M,0.0,0.0,33
201300002563,13,6,10,1845,1,2,1,1.0,3,33207,M,0.0,0.0,33
201300002564,13,7,9,900,1,1,6,1.0,3,33539,M,4488700.0,-31100.0,33
201300002565,13,7,14,45,3,2,5,1.0,3,33243,M,0.0,0.0,33
201300002566,13,7,22,300,3,1,1,1.0,2,33222,M,4500200.0,-12100.0,33
201300002567,13,9,1,1445,1,1,1,1.0,6,33243,M,0.0,0.0,33
201300002568,13,9,17,2245,3,1,1,2.0,1,33015,M,0.0,0.0,33
201300002569,13,10,28,745,2,1,1,7.0,4,33243,M,4488400.0,-29800.0,33
201300002570,13,2,10,900,1,1,1,8.0,6,33064,M,0.0,0.0,33
201300002571,13,2,14,1200,1,1,1,1.0,7,33148,M,0.0,0.0,33
201300002572,13,6,1,2000,1,1,1,1.0,3,33531,M,4482700.0,-24400.0,33
201300002573,13,6,12,1815,1,2,1,1.0,2,33466,M,4482800.0,-30000.0,33
201300002574,13,6,15,2030,1,1,1,1.0,6,33303,M,4484100.0,-30400.0,33
201300002575,13,7,14,530,3,1,1,1.0,1,33086,M,4480600.0,-30000.0,33
201300002576,13,9,20,1000,1,1,1,1.0,5,33488,M,4480100.0,-12300.0,33
201300002577,13,9,25,1830,1,1,1,1.0,1,33157,M,4479300.0,-26000.0,33
201300002578,13,2,15,1700,1,1,1,1.0,6,33394,M,0.0,0.0,33
201300002579,13,4,24,1530,1,1,1,1.0,1,33499,M,0.0,0.0,33
201300002580,13,4,26,745,1,1,4,1.0,3,33296,M,0.0,0.0,33
201300002581,13,7,5,1900,1,1,1,1.0,1,33394,M,0.0,0.0,33
201300002582,13,8,17,2000,1,1,1,1.0,6,33437,M,0.0,0.0,33
201300002583,13,1,1,1845,3,1,2,1.0,1,33001,M,4499000.0,12300.0,33
201300002584,13,1,12,2300,3,1,1,1.0,6,33315,M,0.0,0.0,33
201300002585,13,2,14,1730,1,2,1,1.0,3,33138,M,0.0,0.0,33
201300002586,13,7,29,500,3,1,1,1.0,6,33154,M,0.0,0.0,33
201300002587,13,3,9,130,3,1,1,1.0,1,33154,M,0.0,0.0,33
201300002588,13,9,7,1945,1,1,1,1.0,1,33154,M,0.0,0.0,33
201300002589,13,9,2,1615,1,2,1,1.0,3,33138,M,0.0,0.0,33
201300002590,13,5,26,2000,1,1,1,1.0,1,33001,M,0.0,0.0,33
201300002591,13,6,15,2015,1,1,1,1.0,1,33001,M,0.0,0.0,33
201300002592,13,12,5,1745,5,2,3,5.0,4,33138,M,0.0,0.0,33
201300002593,13,1,11,900,1,1,1,7.0,1,33393,M,0.0,0.0,33
201300002594,13,2,8,45,3,1,1,3.0,7,33393,M,4498600.0,-13700.0,33
201300002595,13,2,22,1615,1,1,3,1.0,3,33393,M,4497100.0,-21000.0,33
201300002596,13,4,6,2200,3,1,1,1.0,6,33062,M,4500800.0,-21900.0,33
201300002597,13,10,12,1815,1,2,3,1.0,6,33393,M,0.0,0.0,33
201300002598,13,6,2,15,3,1,1,1.0,1,33393,M,4497400.0,-15000.0,33
201300002599,13,7,26,800,2,1,1,1.0,6,33393,M,0.0,0.0,33
201300002600,13,8,2,2300,3,1,1,2.0,7,33445,M,0.0,0.0,33
201300002601,13,9,14,2330,5,1,1,1.0,3,33393,M,0.0,0.0,33
201300002602,13,10,3,1745,1,1,2,1.0,3,33393,M,0.0,0.0,33
201300002603,13,11,27,830,1,1,1,1.0,3,33362,M,0.0,0.0,33
201300002604,13,12,9,1630,5,1,1,1.0,6,33198,M,0.0,0.0,33
201300002605,13,4,27,1400,1,2,1,1.0,6,33402,M,0.0,0.0,33
201300002606,13,7,14,1745,1,1,1,1.0,6,33160,M,0.0,0.0,33
201300002607,13,2,8,1630,1,2,6,1.0,6,33179,M,0.0,0.0,33
201300002608,13,2,22,1600,1,1,1,1.0,6,33179,M,0.0,0.0,33
201300002609,13,2,28,715,1,2,1,1.0,1,33259,M,0.0,0.0,33
201300002610,13,5,18,2015,2,1,1,2.0,1,33542,M,0.0,0.0,33
201300002611,13,5,29,800,1,2,2,3.0,3,33174,M,0.0,0.0,33
201300002612,13,10,5,2130,2,1,1,1.0,6,33414,M,0.0,0.0,33
201300002613,13,12,22,1345,1,1,1,2.0,1,33082,M,0.0,0.0,33
201300002614,13,1,4,2200,5,2,6,8.0,2,24115,M,4524330.0,68736.0,24
201300002615,13,1,25,745,2,1,1,1.0,1,24115,M,4525220.0,69077.0,24
201300002616,13,1,26,2000,3,2,1,1.0,6,24484,M,4512440.0,85688.0,24
201300002617,13,5,17,2045,2,1,1,2.0,5,24156,M,4505585.0,85883.0,24
201300002618,13,6,19,730,1,1,1,2.0,3,24208,M,4504074.0,64846.0,24
201300002619,13,7,9,1830,1,1,1,1.0,3,24146,M,4505890.0,67804.0,24
201300002620,13,7,7,1415,1,1,1,1.0,1,24208,M,4504380.0,65221.0,24
201300002621,13,8,2,1615,1,2,1,1.0,3,24156,M,4505990.0,86090.0,24
201300002622,13,8,24,945,1,1,1,3.0,5,24208,M,4503910.0,64493.0,24
201300002623,13,9,23,1945,2,1,1,1.0,3,24459,M,4499780.0,66632.0,24
201300002624,13,10,4,1915,2,1,1,2.0,6,24208,M,4504300.0,65221.0,24
201300002625,13,10,12,1430,1,1,1,2.0,7,24484,M,4509590.0,84152.0,24
201300002626,13,1,23,1700,2,1,1,8.0,6,24010,M,4516870.0,61194.0,24
201300002627,13,2,11,1745,2,1,1,3.0,1,24266,M,4522560.0,55930.0,24
201300002628,13,5,9,1615,1,1,1,3.0,3,24552,M,4512770.0,63365.0,24
201300002629,13,5,26,1100,1,2,3,1.0,1,24266,M,4522130.0,55363.0,24