Num_Acc,an,mois,jour,hrmn,lum,agg,int,atm,col,com,gps,lat,long,dep
201300002630,13,10,8,1800,1,1,1,1.0,2,24372,M,4513150.0,50739.0,24
201300002631,13,12,9,1645,1,2,1,7.0,2,24266,M,4522270.0,55653.0,24
201300002632,13,4,2,2045,3,1,1,1.0,6,24302,M,4521161.0,115700.0,24
201300002633,13,5,8,1130,1,1,1,1.0,3,24540,M,4527510.0,86155.0,24
201300002634,13,8,28,1630,1,1,1,1.0,6,24401,M,4523740.0,103106.0,24
201300002635,13,4,14,645,1,1,1,1.0,6,24340,M,4488540.0,40978.0,24
201300002636,13,6,22,1700,1,1,1,1.0,1,24182,M,4487690.0,24017.0,24
201300002637,13,8,1,100,3,1,1,1.0,6,24234,M,4499140.0,36632.0,24
201300002638,13,11,11,1730,2,1,1,1.0,6,24420,M,4499948.0,33141.0,24
201300002639,13,8,21,230,5,1,1,1.0,6,24028,M,4476404.0,76909.0,24
201300002640,13,9,1,800,2,1,1,1.0,6,24273,M,4479550.0,81752.0,24
201300002641,13,9,5,1030,1,2,2,1.0,3,24142,M,4485210.0,91063.0,24
201300002642,13,8,18,930,1,1,1,1.0,6,24228,M,4482530.0,68140.0,24
201300002643,13,8,23,1015,1,1,1,1.0,6,24407,M,4493030.0,76516.0,24
201300002644,13,10,5,215,3,1,1,1.0,6,24223,M,4483680.0,72323.0,24
201300002645,13,6,17,1730,1,1,1,3.0,6,24274,M,4480112.0,45451.0,24
201300002646,13,7,7,230,3,1,1,1.0,6,24349,M,4480670.0,27859.0,24
201300002647,13,8,18,1045,1,1,1,1.0,5,24168,M,4470200.0,56135.0,24
201300002648,13,8,29,1715,1,1,2,1.0,3,24168,M,4469664.0,56616.0,24
201300002649,13,9,26,1515,1,1,1,1.0,1,24385,M,4475059.0,61258.0,24
201300002650,13,9,27,1715,1,1,1,1.0,1,24274,M,4480423.0,49429.0,24
201300002651,13,6,26,1145,1,1,1,1.0,6,24189,M,4484980.0,18635.0,24
201300002652,13,7,14,1745,1,1,3,1.0,3,24272,M,4492470.0,3958.0,24
201300002653,13,8,25,745,1,1,1,1.0,1,24584,M,4494320.0,5132.0,24
201300002654,13,9,27,2200,5,1,1,1.0,6,24272,M,4498980.0,4041.0,24
201300002655,13,9,26,1030,1,1,3,1.0,3,24501,M,4483780.0,4715.0,24
201300002656,13,10,29,1615,1,1,1,1.0,5,24370,M,4484930.0,11548.0,24
201300002657,13,5,6,800,1,1,9,1.0,3,24026,M,4549640.0,72183.0,24
201300002658,13,7,21,1715,1,1,1,7.0,6,24565,M,4559300.0,52388.0,24
201300002659,13,11,10,200,3,1,1,3.0,6,24001,M,4557208.0,74542.0,24
201300002660,13,11,25,1700,2,1,1,1.0,6,24398,M,4563942.0,66262.0,24
201300002661,13,12,8,515,3,1,1,1.0,6,24451,M,4550406.0,63286.0,24
201300002662,13,1,13,115,3,1,1,8.0,6,24304,M,4544080.0,93422.0,24
201300002663,13,1,18,1730,3,1,1,9.0,3,24551,M,4543460.0,93199.0,24
201300002664,13,2,19,1245,1,1,1,1.0,1,24304,M,4539843.0,94667.0,24
201300002665,13,5,22,1245,1,1,1,1.0,1,24134,M,4539310.0,94044.0,24
201300002666,13,6,30,1845,1,2,1,1.0,6,24551,M,4541430.0,92061.0,24
201300002667,13,7,25,1900,1,2,1,1.0,1,24218,M,4549800.0,107494.0,24
201300002668,13,8,14,1130,1,1,1,1.0,6,24180,M,4557320.0,97219.0,24
201300002669,13,10,10,1700,1,1,1,7.0,1,24008,M,4546155.0,115543.0,24
201300002670,13,12,7,1900,3,1,1,1.0,6,24218,M,4547930.0,108320.0,24
201300002671,13,1,23,1700,1,1,1,2.0,6,24057,M,4533387.0,43059.0,24
201300002672,13,4,19,1700,1,1,2,1.0,3,24564,M,4522800.0,29000.0,24
201300002673,13,5,3,1215,1,1,3,1.0,3,24270,M,4524720.0,45945.0,24
201300002674,13,7,9,1145,1,1,2,1.0,3,24199,M,4541590.0,39160.0,24
201300002675,13,8,7,1645,1,1,1,2.0,6,24154,M,4521375.0,44161.0,24
201300002676,13,8,20,115,3,2,1,1.0,3,24573,M,4535082.0,36548.0,24
201300002677,13,9,25,1000,1,1,3,1.0,1,24093,M,4536400.0,48600.0,24
201300002678,13,9,26,215,3,1,1,8.0,6,24200,M,4530229.0,49961.0,24
201300002679,13,9,29,1715,1,1,1,8.0,7,24434,M,4532723.0,49734.0,24
201300002680,13,11,14,1430,1,1,2,1.0,3,24199,M,4541600.0,39200.0,24
201300002681,13,12,10,930,1,1,1,9.0,6,24286,M,4529220.0,48415.0,24
201300002682,13,12,11,2230,3,1,1,1.0,7,24200,M,4529910.0,48957.0,24
201300002683,13,8,8,1845,1,2,1,1.0,5,24294,M,4500800.0,14684.0,24
201300002684,13,9,3,2030,1,1,2,1.0,3,24264,M,4501310.0,11686.0,24
201300002685,13,9,15,630,2,1,1,2.0,1,24294,M,4502860.0,10645.0,24
201300002686,13,11,3,115,3,1,1,2.0,6,24104,M,4515850.0,39747.0,24
201300002687,13,11,29,1015,1,1,1,7.0,3,24299,M,4502560.0,37423.0,24
201300002688,13,10,6,1945,1,2,1,1.0,6,24354,M,4514880.0,151.0,24
201300002689,13,2,24,400,1,1,1,1.0,6,24392,M,4496759.0,127784.0,24
201300002690,13,2,28,1645,1,1,1,1.0,3,24520,M,4490510.0,118951.0,24
201300002691,13,5,10,1715,1,1,1,1.0,4,24082,M,4485900.0,125144.0,24
201300002692,13,6,17,1115,1,1,1,1.0,7,24355,M,4482319.0,121349.0,24
201300002693,13,7,6,2115,1,2,1,1.0,3,24520,M,4489540.0,121416.0,24
201300002694,13,7,22,1830,1,2,1,1.0,5,24520,M,4490070.0,121115.0,24
201300002695,13,8,16,45,3,1,1,1.0,7,24392,M,4496730.0,127763.0,24
201300002696,13,9,1,1830,1,2,1,1.0,7,24520,M,,,24
201300002697,13,12,5,1515,1,1,1,5.0,6,24341,M,4493400.0,127800.0,24
201300002698,13,1,9,1600,1,2,3,1.0,3,24130,M,4512780.0,121771.0,24
201300002699,13,4,12,1600,1,2,1,1.0,6,24450,M,4474629.0,125495.0,24
201300002700,13,5,6,1615,1,1,1,1.0,6,24074,M,4472610.0,96069.0,24
201300002701,13,10,22,1030,1,2,2,1.0,3,24091,M,0.0,0.0,24
201300002702,13,11,5,1430,1,1,1,3.0,3,24142,M,4481950.0,99235.0,24
201300002703,13,12,10,2245,3,1,1,4.0,6,24263,M,4467513.0,99446.0,24
201300002704,13,12,31,1900,3,1,3,1.0,1,24404,M,4503620.0,89712.0,24
201300002705,13,5,20,1515,1,1,1,1.0,1,24510,M,4483603.0,111003.0,24
201300002706,13,5,23,1230,1,1,1,1.0,6,24388,M,4489051.0,91496.0,24
201300002707,13,5,25,2245,3,1,1,1.0,6,24254,M,4583600.0,101899.0,24
201300002708,13,6,15,2015,1,1,1,1.0,7,24142,M,4484041.0,97626.0,24
201300002709,13,10,14,1230,1,2,9,8.0,1,24326,M,4499430.0,105910.0,24
201300002710,13,10,31,1230,1,1,3,1.0,1,24076,M,4490380.0,96290.0,24
201300002711,13,11,28,1715,2,1,1,1.0,3,24067,M,4490490.0,95276.0,24
201300002712,13,5,17,115,3,1,1,1.0,6,24563,M,4503040.0,113003.0,24
201300002713,13,9,20,1600,1,2,1,1.0,6,24291,M,4506570.0,116173.0,24
201300002714,13,9,9,1700,1,1,1,1.0,1,40292,M,4361518.0,-132189.0,40
201300002715,13,10,6,1915,2,1,1,1.0,6,40044,M,4355417.0,-129652.0,40
201300002716,13,11,11,1715,2,1,1,8.0,6,40266,M,4407914.0,-124651.0,40
201300002717,13,12,21,1845,3,1,1,1.0,1,40261,M,4367895.0,-125277.0,40
201300002718,13,2,25,1035,1,1,1,8.0,1,40014,M,4405786.0,-31652.0,40
201300002719,13,3,4,1615,1,1,1,1.0,7,40111,M,4398192.0,-65824.0,40
201300002720,13,5,18,1845,1,2,1,3.0,6,40274,M,4393330.0,-65686.0,40
201300002721,13,6,1,1615,1,1,6,1.0,7,40250,M,4391715.0,-45217.0,40
201300002722,13,7,31,900,1,1,2,1.0,1,40250,M,4393580.0,-41868.0,40
201300002723,13,8,6,1415,1,1,1,1.0,2,40250,M,4393395.0,-42195.0,40
201300002724,13,8,11,1115,1,2,1,1.0,6,40274,M,4392656.0,-63696.0,40
201300002725,13,11,25,1615,1,1,1,8.0,6,40014,M,4404846.0,-36848.0,40
201300002726,13,12,3,1915,3,1,1,1.0,6,40062,M,4390886.0,-54807.0,40
201300002727,13,12,16,515,3,1,1,8.0,5,40250,M,4393454.0,-42093.0,40
201300002728,13,12,29,1730,1,1,1,2.0,7,40058,M,4405636.0,-38811.0,40
201300002729,13,9,29,1230,1,1,1,8.0,3,40096,M,4424429.0,-12302.0,40
201300002730,13,1,18,730,3,1,8,2.0,3,40151,M,0.0,0.0,40
201300002731,13,3,18,930,1,1,1,4.0,3,40018,M,4381101.0,-82292.0,40
201300002732,13,4,17,1920,1,1,1,1.0,6,40066,M,4384408.0,-78245.0,40
201300002733,13,7,6,730,3,1,1,5.0,6,40230,M,4380003.0,-92017.0,40
201300002734,13,8,14,1830,1,1,1,1.0,3,40309,M,4380328.0,-76144.0,40
201300002735,13,8,24,1830,1,1,1,1.0,6,40143,M,4380646.0,-65460.0,40
201300002736,13,1,10,1300,1,1,3,1.0,3,40283,M,4375189.0,-100794.0,40
201300002737,13,9,26,2215,3,1,1,1.0,7,40283,M,4380463.0,-100127.0,40
201300002738,13,10,23,1155,1,1,1,1.0,1,40123,M,4379609.0,-112545.0,40
201300002739,13,12,2,1830,5,2,3,1.0,3,40202,M,4369847.0,-102373.0,40
201300002740,13,12,5,700,2,1,1,1.0,6,40179,M,4371804.0,-113095.0,40
201300002741,13,1,7,810,2,2,6,8.0,6,40065,M,4364359.0,-142639.0,40
201300002742,13,1,29,1600,1,1,1,1.0,3,40296,M,4370984.0,-141903.0,40
201300002743,13,5,5,340,3,1,1,1.0,1,40296,M,4373558.0,-141202.0,40
201300002744,13,6,23,400,3,2,1,2.0,6,40304,M,4366642.0,-140731.0,40
201300002745,13,6,22,1815,1,2,1,1.0,2,40133,M,4359172.0,-142674.0,40
201300002746,13,8,9,1415,1,2,1,1.0,1,40304,M,4366463.0,-139794.0,40
201300002747,13,8,17,1900,1,1,1,1.0,1,40304,M,4367371.0,-138844.0,40
201300002748,13,9,17,2100,5,2,1,2.0,1,40065,M,4365040.0,-143086.0,40
201300002749,13,10,25,1945,5,2,1,1.0,1,40304,M,4366746.0,-142658.0,40
201300002750,13,11,13,815,2,2,6,5.0,3,40296,M,4368852.0,-137228.0,40
201300002751,13,12,16,2045,3,1,1,1.0,2,40004,M,4366462.0,-135449.0,40
201300002752,13,3,25,800,1,1,1,8.0,3,40154,M,4401220.0,-116921.0,40
201300002753,13,5,27,1400,1,1,1,1.0,7,40266,M,4408336.0,-128625.0,40
201300002754,13,6,14,100,3,1,1,2.0,7,40266,M,4408711.0,-120541.0,40
201300002755,13,11,17,1915,3,1,1,8.0,7,40075,M,4387892.0,-111403.0,40
201300002756,13,1,8,1920,1,1,9,8.0,5,40084,M,4365296.0,-92930.0,40
201300002757,13,1,8,1905,3,1,3,1.0,3,40177,M,4370338.0,-67897.0,40
201300002758,13,1,12,1845,3,1,1,3.0,5,40002,M,4359889.0,-76542.0,40
201300002759,13,6,11,2015,1,1,1,1.0,1,40047,M,4355390.0,-71790.0,40
201300002760,13,7,29,1615,1,1,1,1.0,1,40078,M,4368309.0,-74127.0,40
201300002761,13,8,10,1045,1,2,1,1.0,3,40002,M,4359737.0,-73167.0,40
201300002762,13,3,12,1300,1,2,3,1.0,3,40224,M,4354566.0,-108954.0,40
201300002763,13,3,16,1630,1,1,1,1.0,6,40059,M,4360851.0,-105864.0,40
201300002764,13,4,23,1210,1,1,1,1.0,2,40118,M,4354029.0,-93939.0,40
201300002765,13,5,11,1515,1,2,4,1.0,3,40183,M,4364821.0,-97357.0,40
201300002766,13,7,28,745,1,1,1,1.0,1,40132,M,4354820.0,-101867.0,40
201300002767,13,9,2,1330,1,1,1,1.0,1,40132,M,4355512.0,-99024.0,40
201300002768,13,9,15,1040,1,1,1,1.0,1,40077,M,4354476.0,-107921.0,40
201300002769,13,10,12,2035,5,2,1,1.0,1,40233,M,4360767.0,-101169.0,40
201300002770,13,11,15,730,2,1,1,8.0,6,40212,M,4355064.0,-115189.0,40
201300002771,13,12,12,1300,1,1,1,1.0,6,40212,M,4355801.0,-114765.0,40
201300002772,13,1,6,1645,1,1,1,8.0,1,40264,M,4363005.0,-125679.0,40
201300002773,13,1,26,1715,1,2,6,1.0,1,40284,M,4366812.0,-128279.0,40
201300002774,13,2,7,1330,1,1,1,1.0,3,40291,M,4366878.0,-133082.0,40
201300002775,13,3,5,2250,3,1,1,1.0,6,40129,M,4363108.0,-122858.0,40
201300002776,13,5,30,800,1,1,1,3.0,1,40310,M,4373237.0,-134173.0,40
201300002777,13,5,31,200,3,1,1,8.0,6,40021,M,4379460.0,-133096.0,40
201300002778,13,8,15,2000,1,1,1,1.0,1,40292,M,4360682.0,-134230.0,40
201300002779,13,9,2,1730,2,2,1,1.0,6,40187,M,4385206.0,-138696.0,40
201300002780,13,9,13,2130,3,1,1,1.0,6,40181,M,4382628.0,-137073.0,40
201300002781,13,9,30,2015,5,2,1,1.0,6,40310,M,4375572.0,-132733.0,40
201300002782,13,10,15,1845,2,1,1,1.0,3,40284,M,4366739.0,-128553.0,40
201300002783,13,12,18,1600,1,2,3,1.0,3,40310,M,4374843.0,-133710.0,40
201300002784,13,4,28,245,3,1,1,1.0,6,40248,M,4355466.0,-137104.0,40
201300002785,13,5,31,1615,1,2,1,1.0,6,40312,M,4352464.0,-146426.0,40
201300002786,13,6,13,2130,1,1,1,1.0,7,40273,M,4353706.0,-142645.0,40
201300002787,13,7,8,1135,1,2,2,1.0,3,40312,M,4354014.0,-146090.0,40
201300002788,13,8,23,1615,1,2,9,1.0,6,40312,M,4353972.0,-146089.0,40
201300002789,13,8,28,1815,1,1,1,1.0,3,40312,M,4352485.0,-141367.0,40
201300002790,13,8,28,1930,1,2,1,1.0,3,40312,M,4354952.0,-148983.0,40
201300002791,13,9,18,1845,1,1,1,2.0,6,40209,M,4354620.0,-144416.0,40
201300002792,13,1,5,1800,5,2,1,8.0,1,40217,M,4435372.0,-107796.0,40
201300002793,13,1,19,1115,1,1,1,2.0,5,40217,M,4436472.0,-110285.0,40
201300002794,13,1,25,1630,1,1,1,1.0,1,40046,M,4441618.0,-118509.0,40
201300002795,13,4,22,1345,1,2,1,1.0,1,40046,M,4439411.0,-116056.0,40
201300002796,13,6,29,1945,1,2,1,2.0,3,40046,M,4444724.0,-125424.0,40
201300002797,13,7,7,200,3,1,1,1.0,6,40046,M,4444961.0,-119508.0,40
201300002798,13,8,21,2245,5,2,1,1.0,3,40046,M,4438732.0,-115505.0,40
201300002799,13,12,21,450,5,2,1,1.0,6,40217,M,4436007.0,-107651.0,40
201300002800,13,4,1,1645,1,1,1,3.0,6,40303,M,4417681.0,-89434.0,40
201300002801,13,5,13,1115,1,1,1,1.0,7,40094,M,4417541.0,-104102.0,40
201300002802,13,6,5,1630,1,1,1,1.0,3,40152,M,4396375.0,-109556.0,40
201300002803,13,7,5,730,1,2,1,7.0,3,40009,M,4401383.0,-86585.0,40
201300002804,13,7,9,1600,1,1,2,1.0,3,40303,M,4414501.0,-89671.0,40
201300002805,13,8,20,1900,1,1,1,1.0,6,40009,M,4401370.0,-86902.0,40
201300002806,13,9,6,1915,1,1,1,1.0,6,40134,M,4421091.0,-84859.0,40
201300002807,13,1,17,800,2,1,1,8.0,1,40307,M,4432782.0,-64816.0,40
201300002808,13,1,19,600,3,1,1,2.0,7,40171,M,4442529.0,-65732.0,40
201300002809,13,1,23,1910,4,1,1,1.0,6,40295,M,4437398.0,-81791.0,40
201300002810,13,4,11,1650,1,1,1,3.0,1,40200,M,4436754.0,-77168.0,40
201300002811,13,4,20,2000,1,1,1,1.0,7,40167,M,4427406.0,-51114.0,40
201300002812,13,8,9,400,4,1,1,1.0,3,40246,M,4411076.0,-70228.0,40
201300002813,13,8,14,2330,3,1,1,1.0,6,40167,M,4425205.0,-50726.0,40
201300002814,13,8,15,440,3,1,1,1.0,2,40246,M,4416955.0,-65063.0,40
201300002815,13,5,18,1345,1,2,1,2.0,6,40184,M,4420974.0,-124289.0,40
201300002816,13,2,2,1800,1,1,1,1.0,6,40282,M,4377620.0,-55676.0,40
201300002817,13,5,12,15,3,1,1,1.0,1,40280,M,4387052.0,-59783.0,40
201300002818,13,7,11,545,2,2,1,1.0,3,40119,M,4364041.0,-61825.0,40
201300002819,13,7,27,1045,1,2,2,1.0,3,40119,M,4365366.0,-59502.0,40
201300002820,13,2,17,1115,1,2,7,1.0,6,40117,M,4377229.0,-42810.0,40
201300002821,13,4,7,850,1,1,1,1.0,7,40097,M,4369037.0,-38352.0,40
201300002822,13,4,21,1900,1,2,1,1.0,1,40117,M,4377373.0,-43260.0,40
201300002823,13,5,20,530,2,1,9,1.0,6,40055,M,4383836.0,-47186.0,40
201300002824,13,5,24,2130,3,1,1,2.0,6,40070,M,4382400.0,-33638.0,40
201300002825,13,8,16,2230,3,1,1,1.0,6,40001,M,4368549.0,-27716.0,40
201300002826,13,8,28,1345,1,1,1,1.0,1,40091,M,4373696.0,-31017.0,40
201300002827,13,11,30,1300,1,1,1,1.0,6,40001,M,4371329.0,-24944.0,40
201300002828,13,4,2,730,2,1,1,8.0,4,40051,M,4388524.0,-37235.0,40
201300002829,13,5,10,940,1,2,1,1.0,6,40102,M,4398553.0,941.0,40
201300002830,13,6,16,1755,1,1,2,1.0,3,40259,M,4381315.0,-29654.0,40
201300002831,13,8,6,1800,1,1,2,1.0,3,40139,M,4385600.0,-42152.0,40
201300002832,13,9,14,1600,1,1,1,1.0,3,40102,M,4398883.0,-732.0,40
201300002833,13,9,29,1200,1,2,1,2.0,6,40051,M,4388984.0,-39671.0,40
201300002834,13,1,11,1900,3,1,1,1.0,1,47145,M,4411960.0,65784.0,47
201300002835,13,2,6,1415,1,1,1,4.0,3,47137,M,4415220.0,54255.0,47
201300002836,13,2,17,1415,1,1,6,1.0,6,47069,M,0.0,0.0,47
201300002837,13,2,21,1515,1,2,1,1.0,3,47246,M,0.0,0.0,47
201300002838,13,3,6,245,3,1,1,2.0,6,47246,M,4423370.0,50331.0,47
201300002839,13,3,18,1145,1,1,1,3.0,3,47100,M,4424960.0,65005.0,47
201300002840,13,3,26,1815,1,1,1,1.0,1,47145,M,4413380.0,66841.0,47
201300002841,13,3,30,1330,1,2,1,1.0,7,47209,M,4422700.0,67266.0,47
201300002842,13,5,26,515,5,2,1,1.0,6,47246,M,4422470.0,51461.0,47
201300002843,13,6,9,1800,1,1,1,1.0,7,47169,M,0.0,0.0,47
201300002844,13,7,1,2200,3,1,3,1.0,7,47169,M,4415680.0,62588.0,47
201300002845,13,7,22,1815,1,1,1,1.0,1,47019,M,4424720.0,71311.0,47
201300002846,13,7,24,1530,1,1,1,1.0,6,47069,M,4421850.0,58680.0,47
201300002847,13,7,27,1930,1,2,1,1.0,2,47209,M,4423800.0,68500.0,47
201300002848,13,8,18,1015,1,2,1,7.0,7,47069,M,4422400.0,59200.0,47
201300002849,13,9,1,415,3,1,1,1.0,6,47091,M,4418900.0,57600.0,47
201300002850,13,10,10,1400,1,2,1,1.0,3,47015,M,0.0,0.0,47
201300002851,13,12,26,900,1,1,1,3.0,1,47015,M,4403670.0,66970.0,47
201300002852,13,9,27,730,1,1,1,1.0,5,47066,M,4424150.0,49032.0,47
201300002853,13,11,9,930,1,1,1,7.0,1,47004,M,4430520.0,34193.0,47
201300002854,13,2,22,1115,1,2,7,1.0,6,47248,M,4415400.0,74260.0,47
201300002855,13,3,1,1715,1,1,1,1.0,6,47051,M,0.0,0.0,47
201300002856,13,3,5,1500,1,2,3,1.0,3,47051,M,4417510.0,68658.0,47
201300002857,13,4,7,100,3,1,1,1.0,6,47274,M,4414520.0,77361.0,47
201300002858,13,8,8,1800,1,1,1,1.0,7,47138,M,0.0,0.0,47
201300002859,13,3,3,1345,1,2,1,1.0,2,47028,M,4448720.0,26647.0,47
201300002860,13,4,14,1500,1,2,1,1.0,5,47233,M,4453060.0,9313.0,47
201300002861,13,4,16,1245,1,2,4,1.0,2,47157,M,4450200.0,15955.0,47
201300002862,13,7,20,2000,1,1,2,1.0,3,47326,M,4450690.0,20868.0,47
201300002863,13,7,30,1600,1,2,3,1.0,6,47157,M,4450280.0,16120.0,47
201300002864,13,9,20,1300,1,2,1,1.0,3,47157,M,4450610.0,16238.0,47
201300002865,13,9,27,945,1,2,5,1.0,2,47157,M,4450120.0,15876.0,47
201300002866,13,9,28,1045,1,1,3,1.0,3,47157,M,4450720.0,14512.0,47
201300002867,13,10,10,1330,1,1,2,1.0,3,47157,M,4451370.0,19297.0,47
201300002868,13,11,17,1715,1,1,1,8.0,1,47024,M,0.0,0.0,47
201300002869,13,12,18,1115,1,2,1,1.0,6,47157,M,4451040.0,15971.0,47
201300002870,13,6,13,2115,1,1,1,1.0,1,47232,M,0.0,0.0,47
201300002871,13,7,18,900,1,1,4,8.0,3,47020,M,4467950.0,16281.0,47
201300002872,13,8,14,1715,1,2,1,1.0,6,47168,M,4460440.0,35006.0,47
201300002873,13,2,17,1000,1,1,2,1.0,3,47233,M,4453840.0,10447.0,47
201300002874,13,6,7,1000,1,2,1,1.0,6,47233,M,0.0,0.0,47
201300002875,13,6,14,130,3,1,1,1.0,6,47034,M,0.0,0.0,47
201300002876,13,7,21,1715,1,1,1,7.0,7,47244,M,4438900.0,17340.0,47
201300002877,13,9,2,1915,1,1,1,1.0,6,47120,M,0.0,0.0,47
201300002878,13,1,17,715,2,2,1,1.0,7,47065,M,4436060.0,37554.0,47
201300002879,13,5,18,1930,1,1,1,1.0,6,47071,M,4445930.0,48649.0,47
201300002880,13,7,14,400,3,2,1,1.0,6,47325,M,4436260.0,27253.0,47
201300002881,13,7,28,1030,1,2,1,1.0,6,47159,M,4441200.0,21745.0,47
201300002882,13,9,14,500,3,2,1,5.0,6,47159,M,4441070.0,22084.0,47
201300002883,13,9,16,1915,1,1,1,1.0,6,47054,M,4440460.0,51690.0,47
201300002884,13,10,25,1030,1,1,1,1.0,6,47118,M,4445710.0,39527.0,47
201300002885,13,10,29,915,1,1,1,1.0,2,47110,M,4445670.0,28084.0,47
201300002886,13,1,19,1615,1,1,2,1.0,3,47058,M,4426890.0,22070.0,47
201300002887,13,3,18,1545,1,1,1,3.0,6,47093,M,4421680.0,18641.0,47
201300002888,13,4,19,1845,1,2,7,1.0,2,47052,M,4431420.0,8609.0,47
201300002889,13,5,6,1,3,2,1,1.0,7,47148,M,4433100.0,16500.0,47
201300002890,13,8,22,1800,1,1,1,1.0,7,47320,M,0.0,0.0,47
201300002891,13,9,20,1745,1,1,1,1.0,3,47052,M,4429600.0,8100.0,47
201300002892,13,9,24,1415,1,1,1,1.0,1,47052,M,4433700.0,11600.0,47
201300002893,13,10,2,800,1,2,3,1.0,3,47119,M,4419350.0,2479.0,47
201300002894,13,3,7,2000,3,1,1,2.0,1,47175,M,4453730.0,70488.0,47
201300002895,13,3,26,1415,1,1,1,1.0,6,47146,M,4445510.0,65906.0,47
201300002896,13,6,22,1000,1,2,2,1.0,3,47280,M,0.0,0.0,47
201300002897,13,7,11,1515,1,1,1,1.0,1,47080,M,4455480.0,77753.0,47
201300002898,13,8,12,1445,1,1,3,7.0,1,47237,M,4436380.0,65708.0,47
201300002899,13,9,2,1645,1,1,1,1.0,6,47291,M,4446210.0,72005.0,47
201300002900,13,10,3,1015,1,2,1,2.0,6,47117,M,4432500.0,78600.0,47
201300002901,13,3,10,1600,1,1,1,1.0,1,47324,M,4463960.0,76523.0,47
201300002902,13,5,16,2015,1,1,1,1.0,1,47048,M,0.0,0.0,47
201300002903,13,5,21,1645,1,1,1,3.0,6,47164,M,0.0,0.0,47
201300002904,13,7,13,1,3,1,1,1.0,6,47044,M,4466370.0,55663.0,47
201300002905,13,10,6,1730,1,2,2,7.0,3,47324,M,4463640.0,0.0,47
201300002906,13,11,24,1715,2,1,1,1.0,3,47170,M,0.0,0.0,47
201300002907,13,5,26,1400,1,1,6,1.0,6,47185,M,4448850.0,98186.0,47
201300002908,13,8,4,1730,1,1,1,1.0,7,47185,M,4445970.0,95894.0,47
201300002909,13,10,16,1700,2,2,1,2.0,6,47106,M,4449110.0,95973.0,47
201300002910,13,2,11,1845,5,2,3,3.0,3,47049,M,4444560.0,62347.0,47
201300002911,13,3,30,1945,3,1,1,1.0,5,47252,M,4439550.0,60503.0,47
201300002912,13,4,8,1100,1,2,1,1.0,6,47306,M,4438050.0,52714.0,47
201300002913,13,10,25,2130,3,1,1,9.0,7,47206,M,4442340.0,57697.0,47
201300002914,13,11,16,100,3,2,1,1.0,3,47309,M,0.0,0.0,47
201300002915,13,2,22,730,2,2,1,1.0,6,64376,M,4327000.0,-31300.0,64
201300002916,13,5,8,930,1,1,6,1.0,3,64230,M,4324470.0,-38798.0,64
201300002917,13,6,29,1515,1,1,1,8.0,6,64324,M,4322440.0,-43800.0,64
201300002918,13,7,3,1230,1,1,1,1.0,1,64230,M,4325650.0,-39032.0,64
201300002919,13,7,19,1445,1,1,1,1.0,1,64230,M,0.0,0.0,64
201300002920,13,7,22,1330,1,1,1,1.0,3,64230,M,4317940.0,-42873.0,64
201300002921,13,11,15,1845,3,1,1,3.0,6,64067,M,0.0,0.0,64
201300002922,13,12,21,1145,1,2,1,1.0,2,64413,M,0.0,0.0,64
201300002923,13,1,22,1845,2,1,1,4.0,6,64454,M,4337430.0,-5873.0,64
201300002924,13,3,13,1715,1,1,1,8.0,1,64262,M,0.0,0.0,64
201300002925,13,4,23,1630,1,1,1,1.0,3,64238,M,4324820.0,-8238.0,64
201300002926,13,5,4,100,4,1,9,1.0,6,64370,M,0.0,0.0,64
201300002927,13,7,5,2015,2,2,3,7.0,3,64405,M,4335800.0,-26800.0,64
201300002928,13,7,27,1530,1,1,1,1.0,3,64451,M,4333310.0,-5611.0,64
201300002929,13,8,10,315,3,2,1,1.0,6,64027,M,0.0,0.0,64
201300002930,13,11,21,1900,5,1,1,3.0,2,64238,M,0.0,0.0,64
201300002931,13,1,6,245,5,2,1,1.0,6,64023,M,4323460.0,-25228.0,64
201300002932,13,1,20,2245,3,1,1,2.0,7,64270,M,4314700.0,-23606.0,64
201300002933,13,2,15,1800,1,1,1,1.0,2,64191,M,4318090.0,-24022.0,64
201300002934,13,4,8,1730,1,2,1,1.0,2,64101,M,4319640.0,-25407.0,64
201300002935,13,5,7,945,1,2,1,1.0,3,64068,M,0.0,0.0,64
201300002936,13,6,24,1115,1,2,1,1.0,6,64270,M,4316600.0,-23285.0,64
201300002937,13,7,1,915,1,2,1,1.0,6,64417,M,4318410.0,-26124.0,64
201300002938,13,7,9,1500,1,2,1,1.0,6,64339,M,4313370.0,-21260.0,64
201300002939,13,10,3,815,1,2,9,1.0,3,64133,M,4322660.0,-27207.0,64