Num_Acc,an,mois,jour,hrmn,lum,agg,int,atm,col,com,gps,lat,long,dep
201300002940,13,1,16,1215,1,1,1,8.0,3,64078,M,0.0,0.0,64
201300002941,13,4,13,1715,1,1,1,1.0,3,64560,M,4345820.0,-39095.0,64
201300002942,13,6,14,1730,1,1,1,1.0,6,64190,M,0.0,0.0,64
201300002943,13,6,16,1030,1,1,1,1.0,3,64470,M,4340470.0,-31613.0,64
201300002944,13,10,27,245,3,1,1,1.0,6,64234,M,4350230.0,-48407.0,64
201300002945,13,12,13,1930,3,1,1,2.0,6,64455,M,4355800.0,-20518.0,64
201300002946,13,5,6,1700,1,1,1,1.0,3,64407,M,4348300.0,-142378.0,64
201300002947,13,6,30,1930,1,2,1,1.0,1,64102,M,4348090.0,-146359.0,64
201300002948,13,10,17,1715,1,1,1,1.0,3,64407,M,0.0,0.0,64
201300002949,13,3,2,1315,1,1,1,1.0,3,64377,M,4336060.0,-126911.0,64
201300002950,13,3,20,800,1,1,1,2.0,1,64147,M,4347170.0,-129411.0,64
201300002951,13,8,14,2000,1,1,1,1.0,6,64250,M,4353090.0,-121266.0,64
201300002952,13,1,29,1030,1,1,1,1.0,3,64483,M,0.0,0.0,64
201300002953,13,1,30,1530,1,1,1,1.0,1,64495,M,4336820.0,-156665.0,64
201300002954,13,2,20,1545,1,1,1,1.0,1,64495,M,4336570.0,-159290.0,64
201300002955,13,4,14,1730,1,1,1,1.0,7,64065,M,0.0,0.0,64
201300002956,13,6,22,1915,1,1,1,1.0,3,64504,M,0.0,0.0,64
201300002957,13,7,19,845,1,2,2,1.0,3,64495,M,4335420.0,-155035.0,64
201300002958,13,9,21,1630,1,1,1,1.0,3,64495,M,4335530.0,-163123.0,64
201300002959,13,11,12,915,1,2,6,3.0,6,64495,M,0.0,0.0,64
201300002960,13,12,10,745,4,1,9,1.0,6,64495,M,0.0,0.0,64
201300002961,13,12,29,1545,1,2,1,8.0,6,64504,M,0.0,0.0,64
201300002962,13,1,11,1815,5,1,6,1.0,6,64317,M,0.0,0.0,64
201300002963,13,1,15,1600,1,1,1,2.0,6,64279,M,4332710.0,-140438.0,64
201300002964,13,2,3,1745,1,1,1,1.0,7,64547,M,0.0,0.0,64
201300002965,13,2,3,1400,1,1,1,1.0,1,64038,M,0.0,0.0,64
201300002966,13,6,13,1745,1,1,1,8.0,3,64213,M,4333100.0,-146651.0,64
201300002967,13,7,5,1015,1,2,1,1.0,1,64038,M,4345670.0,-153499.0,64
201300002968,13,7,9,1000,1,1,1,1.0,3,64213,M,4336760.0,-146479.0,64
201300002969,13,7,12,1315,1,2,1,1.0,3,64547,M,4338370.0,-144354.0,64
201300002970,13,9,14,715,2,1,1,5.0,6,64160,M,4336370.0,-136954.0,64
201300002971,13,9,16,1330,1,1,1,1.0,6,64527,M,0.0,0.0,64
201300002972,13,11,20,1815,5,2,1,2.0,6,64160,M,4336010.0,-140140.0,64
201300002973,13,5,31,1400,1,1,1,3.0,7,64475,M,4303670.0,-88265.0,64
201300002974,13,6,22,1515,1,2,1,1.0,3,64188,M,0.0,0.0,64
201300002975,13,7,7,1830,1,1,1,1.0,3,64188,M,4324600.0,-87200.0,64
201300002976,13,7,12,2230,2,1,1,1.0,1,64214,M,4328580.0,-87488.0,64
201300002977,13,8,4,1530,1,2,6,1.0,7,64404,M,4309800.0,-81923.0,64
201300002978,13,8,22,1545,1,1,1,1.0,5,64404,M,0.0,0.0,64
201300002979,13,10,19,2245,3,1,1,1.0,7,64424,M,0.0,0.0,64
201300002980,13,11,15,1845,5,2,1,3.0,6,64371,M,4322450.0,-88088.0,64
201300002981,13,1,25,745,2,1,1,9.0,1,64047,M,4311750.0,-126979.0,64
201300002982,13,10,21,700,5,1,3,1.0,3,64013,M,4320180.0,-114898.0,64
201300002983,13,2,11,830,1,1,1,2.0,7,64235,M,4335170.0,-106230.0,64
201300002984,13,4,15,1945,2,1,1,1.0,7,64051,M,4340850.0,-111180.0,64
201300002985,13,6,29,1830,1,1,1,1.0,5,64436,M,4325110.0,-131835.0,64
201300002986,13,9,16,1815,1,1,1,2.0,7,64271,M,4328020.0,-118834.0,64
201300002987,13,4,30,1600,1,2,1,1.0,1,64422,M,4318550.0,-60754.0,64
201300002988,13,5,24,1645,1,2,1,2.0,3,64422,M,4319830.0,-60290.0,64
201300002989,13,5,26,1230,1,1,1,1.0,6,64422,M,0.0,0.0,64
201300002990,13,7,10,1145,1,1,1,1.0,4,64409,M,0.0,0.0,64
201300002991,13,7,12,930,1,2,9,1.0,3,64422,M,4319930.0,-62668.0,64
201300002992,13,7,19,130,5,2,1,1.0,6,64252,M,0.0,0.0,64
201300002993,13,7,26,1900,1,1,1,1.0,1,64209,M,4318090.0,-56945.0,64
201300002994,13,12,6,815,1,2,6,1.0,3,64422,M,4319770.0,-60452.0,64
201300002995,13,12,10,1730,3,1,1,1.0,1,64328,M,4322220.0,-63319.0,64
201300002996,13,4,21,615,3,1,1,1.0,6,64116,M,4312040.0,-43351.0,64
201300002997,13,7,21,1045,1,1,1,1.0,7,64463,M,4315390.0,-40458.0,64
201300002998,13,6,12,1730,1,2,1,7.0,5,64535,M,4335500.0,-53031.0,64
201300002999,13,7,23,1415,1,1,1,1.0,6,64535,M,4334980.0,-52327.0,64
201300003000,13,7,30,1315,1,2,3,1.0,3,64306,M,4336020.0,-62272.0,64
201300003001,13,10,5,1515,1,1,1,1.0,1,64359,M,4325200.0,-62000.0,64
201300003002,13,12,4,800,2,1,1,1.0,1,64178,M,4334040.0,-78272.0,64
201300003003,13,12,7,1300,1,1,1,1.0,1,64420,M,0.0,0.0,64
201300003004,13,2,16,1845,1,2,1,1.0,1,64430,M,4347670.0,-80603.0,64
201300003005,13,5,17,1515,1,2,1,8.0,1,64430,M,0.0,0.0,64
201300003006,13,5,19,1115,1,1,1,8.0,1,64510,M,4353610.0,-69022.0,64
201300003007,13,11,23,1530,1,1,1,1.0,7,64135,M,0.0,0.0,64
201300003008,13,12,23,1200,1,1,1,1.0,1,64430,M,0.0,0.0,64
201300003009,13,10,31,1530,1,1,1,1.0,1,64499,M,4344400.0,-92837.0,64
201300003010,13,11,15,1045,1,1,1,1.0,3,64499,M,4344450.0,-92830.0,64
201300003011,13,1,25,1545,1,1,1,1.0,7,86276,M,0.0,0.0,86
201300003012,13,2,28,1300,1,2,1,1.0,6,86062,M,0.0,0.0,86
201300003013,13,4,12,900,1,2,1,1.0,6,86062,M,0.0,0.0,86
201300003014,13,5,2,15,3,1,1,5.0,7,86219,M,0.0,0.0,86
201300003015,13,8,4,1700,3,1,1,1.0,7,86095,M,0.0,0.0,86
201300003016,13,12,21,1045,2,2,2,8.0,1,86095,M,0.0,0.0,86
201300003017,13,12,25,215,3,1,1,2.0,6,86095,M,0.0,0.0,86
201300003018,13,5,11,1145,1,1,1,1.0,7,86139,M,0.0,0.0,86
201300003019,13,7,5,1230,1,1,1,1.0,6,86293,M,0.0,0.0,86
201300003020,13,7,6,1630,1,1,1,7.0,1,86293,M,4642600.0,25300.0,86
201300003021,13,7,18,1000,1,2,1,1.0,3,86113,M,0.0,0.0,86
201300003022,13,8,23,1600,1,1,1,1.0,7,86293,M,0.0,0.0,86
201300003023,13,9,13,1530,2,1,1,2.0,3,86083,M,4651000.0,21500.0,86
201300003024,13,10,29,745,2,1,1,1.0,7,86139,M,4645800.0,9500.0,86
201300003025,13,12,12,1415,1,1,1,1.0,1,86139,M,0.0,0.0,86
201300003026,13,9,27,2015,3,1,1,1.0,1,86177,M,0.0,0.0,86
201300003027,13,7,24,1745,1,1,1,1.0,5,86276,M,0.0,0.0,86
201300003028,13,7,15,900,1,2,1,1.0,3,86100,M,4654700.0,27800.0,86
201300003029,13,10,18,1255,1,1,1,1.0,1,86050,M,4665500.0,3000.0,86
201300003030,13,11,19,1815,5,2,1,1.0,1,86166,M,4655900.0,13900.0,86
201300003031,13,6,6,1215,1,1,1,7.0,3,86174,M,4677700.0,51000.0,86
201300003032,13,3,24,1725,1,1,2,1.0,3,86096,M,0.0,0.0,86
201300003033,13,4,10,715,2,1,1,1.0,1,86127,M,4692800.0,48100.0,86
201300003034,13,5,19,530,2,1,1,1.0,6,86272,M,0.0,0.0,86
201300003035,13,7,12,1100,1,1,1,1.0,1,86096,M,4681500.0,32100.0,86
201300003036,13,8,1,1800,1,1,1,1.0,6,86265,M,4688200.0,35400.0,86
201300003037,13,9,11,800,1,1,1,7.0,1,86258,M,4681800.0,42300.0,86
201300003038,13,11,5,830,1,1,3,3.0,3,86224,M,4692300.0,44100.0,86
201300003039,13,11,10,200,3,1,1,3.0,6,86272,M,0.0,0.0,86
201300003040,13,12,1,245,3,1,1,1.0,6,86272,M,4683200.0,47100.0,86
201300003041,13,12,15,930,1,1,1,7.0,6,86272,M,4686100.0,46600.0,86
201300003042,13,6,11,2230,3,1,1,1.0,6,86161,M,0.0,0.0,86
201300003043,13,10,11,930,1,1,2,1.0,3,86137,M,0.0,0.0,86
201300003044,13,11,22,1745,2,1,2,1.0,3,86049,M,0.0,0.0,86
201300003045,13,12,8,1430,1,1,2,1.0,3,86137,M,0.0,0.0,86
201300003046,13,3,23,1645,1,1,1,1.0,7,86086,M,0.0,0.0,86
201300003047,13,4,11,630,2,1,1,3.0,1,86298,M,0.0,0.0,86
201300003048,13,12,14,745,2,1,1,9.0,6,86014,M,0.0,0.0,86
201300003049,13,4,2,2115,3,2,1,1.0,6,86167,M,4692700.0,20900.0,86
201300003050,13,4,20,1645,1,1,2,1.0,3,86075,M,4681700.0,17300.0,86
201300003051,13,10,2,1215,1,1,1,1.0,3,86161,M,4690300.0,2300.0,86
201300003052,13,2,20,1800,2,1,1,1.0,1,86034,M,0.0,0.0,86
201300003053,13,4,14,630,2,1,1,9.0,6,86140,M,0.0,0.0,86
201300003054,13,8,2,2145,3,1,9,3.0,3,86170,M,0.0,0.0,86
201300003055,13,9,24,1500,1,1,8,1.0,1,86254,M,0.0,0.0,86
201300003056,13,1,7,1830,5,2,1,8.0,6,86070,M,4657300.0,63900.0,86
201300003057,13,2,15,1015,1,1,1,1.0,1,86226,M,4656400.0,49100.0,86
201300003058,13,6,13,1815,1,1,1,2.0,3,86070,M,4653300.0,72600.0,86
201300003059,13,6,17,845,1,1,1,1.0,5,86114,M,0.0,0.0,86
201300003060,13,6,28,900,1,1,1,2.0,7,86028,M,4660100.0,46200.0,86
201300003061,13,9,9,1800,1,1,2,2.0,3,86070,M,4662300.0,65000.0,86
201300003062,13,9,18,730,2,1,1,2.0,1,86268,M,4652300.0,53200.0,86
201300003063,13,11,10,645,3,1,1,8.0,6,86226,M,4656400.0,47000.0,86
201300003064,13,11,14,1845,5,2,1,2.0,6,86226,M,0.0,0.0,86
201300003065,13,1,27,1545,1,1,1,3.0,7,86061,M,0.0,0.0,86
201300003066,13,3,4,1315,1,1,1,1.0,3,86078,M,4615000.0,30300.0,86
201300003067,13,4,6,1745,1,1,1,1.0,7,86255,M,4620400.0,31600.0,86
201300003068,13,6,16,1545,1,1,2,1.0,3,86029,M,0.0,0.0,86
201300003069,13,11,3,1845,3,1,1,2.0,1,86029,M,0.0,0.0,86
201300003070,13,1,20,1315,1,1,1,1.0,7,86234,M,4622800.0,53000.0,86
201300003071,13,1,23,815,1,1,1,9.0,1,86159,M,4623200.0,73300.0,86
201300003072,13,11,17,15,3,1,1,1.0,6,86001,M,4623500.0,80900.0,86
201300003073,13,11,14,2000,5,2,1,8.0,6,86246,M,4657000.0,86800.0,86
201300003074,13,3,26,1500,1,1,1,1.0,3,86118,M,4645000.0,97300.0,86
201300003075,13,1,2,1000,1,1,1,5.0,4,16061,M,4570406.0,26595.0,16
201300003076,13,5,31,1930,1,1,6,1.0,7,16078,M,4569094.0,19378.0,16
201300003077,13,6,26,900,1,1,1,1.0,7,16078,M,4569004.0,21056.0,16
201300003078,13,7,31,2045,2,1,1,1.0,2,16146,M,4561964.0,26703.0,16
201300003079,13,8,3,1030,1,1,9,1.0,2,16078,M,4569315.0,17987.0,16
201300003080,13,8,28,2045,2,1,1,1.0,6,16061,M,4572002.0,29661.0,16
201300003081,13,10,2,1245,1,2,1,1.0,6,16385,M,4566153.0,26037.0,16
201300003082,13,11,16,1600,1,1,9,1.0,2,16061,M,4572091.0,26634.0,16
201300003083,13,1,11,2030,3,1,2,1.0,6,16119,M,4553912.0,-27383.0,16
201300003084,13,11,14,1730,3,1,1,2.0,1,16120,M,4560111.0,26429.0,16
201300003085,13,4,27,845,1,1,2,1.0,3,16230,M,4542412.0,14889.0,16
201300003086,13,6,6,2230,3,2,1,1.0,1,16073,M,4526957.0,5414.0,16
201300003087,13,6,13,2245,3,1,1,1.0,3,16227,M,4534277.0,21024.0,16
201300003088,13,7,7,930,1,1,1,1.0,6,16424,M,4525069.0,-3971.0,16
201300003089,13,7,21,1115,1,2,1,1.0,6,16073,M,4527198.0,4302.0,16
201300003090,13,8,10,1530,1,2,1,1.0,3,16230,M,4539758.0,12859.0,16
201300003091,13,5,2,1145,1,1,1,1.0,1,16097,M,4575024.0,-30094.0,16
201300003092,13,5,10,745,1,1,1,1.0,1,16169,M,4569788.0,-36888.0,16
201300003093,13,8,8,1430,1,1,1,1.0,7,16193,M,4571676.0,-39033.0,16
201300003094,13,11,8,1445,1,2,1,1.0,6,16169,M,4570333.0,-36232.0,16
201300003095,13,5,7,1415,1,1,3,1.0,1,16380,M,4538910.0,20113.0,16
201300003096,13,6,6,2130,2,1,1,1.0,7,16053,M,4534554.0,-20841.0,16
201300003097,13,6,7,1415,1,1,1,1.0,1,16030,M,4548160.0,-23172.0,16
201300003098,13,6,21,2130,1,1,2,1.0,3,16030,M,4549247.0,-19735.0,16
201300003099,13,7,10,1200,1,1,1,1.0,1,16380,M,4539410.0,-21046.0,16
201300003100,13,7,14,1115,1,2,6,1.0,2,16099,M,4536136.0,-8408.0,16
201300003101,13,7,28,700,2,1,1,1.0,6,16160,M,4545396.0,-25241.0,16
201300003102,13,8,2,1745,1,1,1,1.0,2,16160,M,4545126.0,-26061.0,16
201300003103,13,8,11,2115,4,2,1,1.0,6,16028,M,4547415.0,-14981.0,16
201300003104,13,8,25,1945,1,1,2,1.0,3,16251,M,4536199.0,-12992.0,16
201300003105,13,10,14,600,3,1,1,3.0,6,16303,M,4545790.0,-8594.0,16
201300003106,13,11,12,1815,2,1,1,1.0,6,16160,M,4545729.0,-24270.0,16
201300003107,13,4,2,2200,3,1,1,1.0,7,16171,M,4559943.0,-28904.0,16
201300003108,13,4,20,1345,1,1,1,1.0,7,16145,M,4572070.0,-11483.0,16
201300003109,13,3,4,1645,1,1,1,1.0,6,16164,M,4603303.0,58160.0,16
201300003110,13,6,14,1400,1,2,1,1.0,2,16070,M,4587814.0,72642.0,16
201300003111,13,7,4,1830,1,1,3,1.0,1,16134,M,4589262.0,64677.0,16
201300003112,13,7,9,1715,1,1,1,1.0,7,16132,M,4588123.0,79514.0,16
201300003113,13,8,6,1700,1,2,1,8.0,6,16106,M,4609940.0,65716.0,16
201300003114,13,8,9,1030,1,1,3,1.0,1,16164,M,4605237.0,57838.0,16
201300003115,13,10,4,1400,1,1,1,8.0,6,16065,M,4607919.0,76689.0,16
201300003116,13,11,12,1115,1,1,1,2.0,6,16001,M,4609007.0,70497.0,16
201300003117,13,11,24,345,4,1,1,1.0,6,16009,M,4598669.0,52907.0,16
201300003118,13,11,24,445,3,1,1,1.0,6,16134,M,4598669.0,66963.0,16
201300003119,13,12,30,1015,1,2,1,1.0,6,16259,M,4588334.0,62006.0,16
201300003120,13,1,9,1815,5,2,3,2.0,3,16336,M,4584116.0,33625.0,16
201300003121,13,4,5,1745,1,2,1,1.0,3,16329,M,4594174.0,47900.0,16
201300003122,13,5,4,2345,4,2,1,1.0,6,16085,M,4582771.0,45351.0,16
201300003123,13,7,20,1615,1,1,1,1.0,6,16085,M,4579997.0,45022.0,16
201300003124,13,8,6,700,1,1,1,2.0,7,16192,M,4587900.0,56545.0,16
201300003125,13,8,11,1930,1,1,3,1.0,3,16308,M,4590144.0,45782.0,16
201300003126,13,8,30,745,1,1,1,1.0,5,16375,M,4583998.0,48847.0,16
201300003127,13,9,15,130,3,1,1,1.0,6,16096,M,4581883.0,57157.0,16
201300003128,13,9,12,1500,1,2,1,8.0,3,16308,M,4589399.0,46609.0,16
201300003129,13,10,9,1630,1,1,1,8.0,1,16245,M,4586533.0,53218.0,16
201300003130,13,10,13,1100,1,1,1,8.0,6,16085,M,4579807.0,43528.0,16
201300003131,13,11,6,2015,5,1,1,1.0,1,16192,M,4587314.0,55488.0,16
201300003132,13,11,22,1645,1,1,1,1.0,7,16068,M,4591230.0,38669.0,16
201300003133,13,4,19,1600,1,1,1,1.0,3,16253,M,4601140.0,773.0,16
201300003134,13,4,28,1715,1,1,2,1.0,3,16378,M,4606864.0,23637.0,16
201300003135,13,5,7,1915,1,1,1,1.0,6,16114,M,4593537.0,30603.0,16
201300003136,13,6,6,1545,1,1,1,1.0,6,16002,M,4607997.0,19101.0,16
201300003137,13,6,7,1900,1,1,1,1.0,1,16110,M,4598043.0,14065.0,16
201300003138,13,6,7,1900,1,2,1,1.0,7,16292,M,4603047.0,19942.0,16
201300003139,13,7,23,1730,1,1,1,1.0,2,16002,M,4608776.0,19086.0,16
201300003140,13,1,6,1000,1,2,1,1.0,1,16234,M,4567550.0,-2892.0,16
201300003141,13,2,28,1215,1,1,3,1.0,3,16019,M,4571074.0,7725.0,16
201300003142,13,7,25,715,1,1,1,1.0,3,16348,M,4567049.0,2499.0,16
201300003143,13,9,1,915,1,2,1,1.0,6,16138,M,4567397.0,10576.0,16
201300003144,13,10,25,1000,1,2,1,2.0,6,16187,M,4564982.0,7687.0,16
201300003145,13,11,25,745,2,2,1,1.0,3,16163,M,4567320.0,542.0,16
201300003146,13,2,10,100,4,2,1,5.0,7,16206,M,4588040.0,18235.0,16
201300003147,13,2,12,815,1,1,1,4.0,1,16272,M,4587754.0,23896.0,16
201300003148,13,3,17,1445,1,1,1,1.0,7,16068,M,4589275.0,33801.0,16
201300003149,13,6,22,1945,1,1,1,2.0,6,16140,M,4589301.0,19528.0,16
201300003150,13,10,21,1145,1,1,2,6.0,3,16383,M,4580389.0,-21689.0,16
201300003151,13,12,15,1045,1,1,1,9.0,6,16318,M,4590431.0,26720.0,16
201300003152,13,1,3,1330,1,2,1,1.0,3,16406,M,4567709.0,40683.0,16
201300003153,13,5,22,415,3,1,1,2.0,6,16137,M,4560570.0,48287.0,16
201300003154,13,11,11,1645,1,1,2,1.0,3,16372,M,4561105.0,50256.0,16
201300003155,13,1,30,1845,3,1,2,1.0,3,16122,M,4594902.0,4715.0,16
201300003156,13,5,27,1115,1,1,1,1.0,1,16221,M,4587168.0,-1252.0,16
201300003157,13,7,1,1345,1,1,2,1.0,3,16390,M,4592947.0,7896.0,16
201300003158,13,8,8,200,3,1,1,1.0,7,16194,M,4594583.0,-6428.0,16
201300003159,13,8,10,1630,1,1,3,1.0,3,16194,M,4594360.0,-85530.0,16
201300003160,13,5,18,1845,1,1,1,3.0,1,17193,M,4610949.0,-108428.0,17
201300003161,13,6,6,730,1,1,1,1.0,3,17109,M,4613650.0,-101574.0,17
201300003162,13,7,9,1945,1,1,2,1.0,3,17194,M,4613556.0,-100941.0,17
201300003163,13,8,16,1230,1,1,1,1.0,3,17094,M,4609197.0,-109928.0,17
201300003164,13,12,23,1915,3,1,1,6.0,5,17315,M,4613607.0,-93745.0,17
201300003165,13,2,18,1245,1,1,1,1.0,1,17267,M,4623200.0,-91700.0,17
201300003166,13,7,18,1400,1,1,1,1.0,5,17091,M,4627371.0,-106787.0,17
201300003167,13,8,1,1845,1,1,1,1.0,6,17439,M,4633610.0,-82553.0,17
201300003168,13,9,22,1000,1,1,1,1.0,5,17439,M,4632200.0,-83600.0,17
201300003169,13,10,9,800,3,1,1,1.0,6,17267,M,4622637.0,-90685.0,17
201300003170,13,10,10,1345,1,1,2,1.0,3,17322,M,4625700.0,-83500.0,17
201300003171,13,5,3,745,1,1,1,1.0,5,17121,M,4619872.0,-142535.0,17
201300003172,13,5,29,945,1,2,1,1.0,1,17161,M,4618989.0,-133838.0,17
201300003173,13,6,28,1400,1,1,2,1.0,3,17121,M,4619798.0,-142726.0,17
201300003174,13,7,9,200,3,1,1,1.0,6,17360,M,4616449.0,-135181.0,17
201300003175,13,8,1,1000,1,2,1,1.0,3,17369,M,4620097.0,-135280.0,17
201300003176,13,8,3,130,3,1,1,1.0,6,17019,M,4620603.0,-152028.0,17
201300003177,13,9,28,1130,1,1,1,8.0,7,17318,M,4623756.0,-154453.0,17
201300003178,13,10,30,1900,3,1,1,1.0,2,17019,M,4620202.0,-148459.0,17
201300003179,13,11,7,1930,3,1,1,1.0,3,17161,M,4618485.0,-130415.0,17
201300003180,13,12,11,800,2,1,1,1.0,6,17051,M,4617582.0,-137823.0,17
201300003181,13,12,12,845,1,1,1,8.0,5,17051,M,4619100.0,-136800.0,17
201300003182,13,3,10,1030,1,1,1,1.0,2,17204,M,4538248.0,-33991.0,17
201300003183,13,5,7,1945,1,2,1,1.0,1,17197,M,4544082.0,-43786.0,17
201300003184,13,7,18,930,1,1,1,1.0,5,17192,M,4555874.0,-38169.0,17
201300003185,13,8,4,1730,1,1,2,1.0,3,17339,M,4548617.0,-41647.0,17
201300003186,13,8,15,2000,1,1,1,1.0,2,17403,M,4539595.0,-45168.0,17
201300003187,13,10,7,1730,1,2,1,1.0,6,17197,M,0.0,0.0,17
201300003188,13,11,12,1030,1,1,1,2.0,7,17016,M,4552496.0,-30899.0,17
201300003189,13,2,2,1030,1,1,1,1.0,3,17250,M,4550210.0,-52461.0,17
201300003190,13,4,13,2030,3,1,1,1.0,7,17331,M,4548673.0,-58499.0,17
201300003191,13,4,20,1900,1,1,1,1.0,7,17210,M,4547843.0,-67369.0,17
201300003192,13,4,21,1500,1,1,1,1.0,1,17210,M,4546707.0,-67587.0,17
201300003193,13,4,24,1015,1,1,1,1.0,1,17129,M,4532620.0,-48249.0,17
201300003194,13,5,13,815,1,1,9,1.0,6,17362,M,4536356.0,-59745.0,17
201300003195,13,9,1,215,3,1,1,1.0,6,17250,M,4549648.0,-51782.0,17
201300003196,13,9,25,1615,1,1,1,1.0,3,17405,M,4537405.0,-69164.0,17
201300003197,13,10,13,1615,1,2,9,1.0,6,17331,M,4547727.0,-56980.0,17
201300003198,13,12,6,2230,3,1,1,5.0,6,17111,M,4546228.0,-50125.0,17
201300003199,13,1,18,1815,5,2,1,3.0,6,17240,M,4528460.0,-40621.0,17
201300003200,13,5,1,2030,1,1,1,1.0,6,17243,M,4524543.0,-28127.0,17
201300003201,13,6,19,745,1,1,1,1.0,1,17282,M,4532905.0,-35448.0,17
201300003202,13,6,25,2145,2,1,1,1.0,6,17287,M,4526150.0,-25792.0,17
201300003203,13,7,16,1600,1,1,1,1.0,6,17038,M,4517200.0,-33600.0,17
201300003204,13,3,17,1430,1,1,1,1.0,6,17351,M,4580781.0,-99048.0,17
201300003205,13,7,6,1445,1,1,1,1.0,1,17351,M,4582210.0,-107640.0,17
201300003206,13,8,13,1100,1,1,3,1.0,3,17219,M,4583100.0,-111496.0,17
201300003207,13,8,16,1830,1,1,1,1.0,3,17219,M,4583363.0,-109438.0,17
201300003208,13,9,12,1445,1,1,9,1.0,6,17219,M,4580500.0,-113700.0,17
201300003209,13,10,27,1745,2,1,1,1.0,1,17351,M,4582274.0,-106994.0,17
201300003210,13,10,31,1630,2,1,3,1.0,5,17406,M,4576327.0,-97965.0,17
201300003211,13,11,8,1815,5,2,1,2.0,2,17219,M,4583283.0,-112593.0,17
201300003212,13,7,5,1830,1,1,1,1.0,1,17308,M,4585485.0,-97989.0,17
201300003213,13,10,29,1645,1,1,1,1.0,3,17348,M,4583412.0,-94187.0,17
201300003214,13,11,3,1800,3,1,1,3.0,3,17348,M,4583750.0,-94519.0,17
201300003215,13,5,11,1015,1,2,1,1.0,6,17337,M,4597112.0,-129475.0,17
201300003216,13,5,16,900,1,2,6,8.0,3,17093,M,4588786.0,-120026.0,17
201300003217,13,5,31,2200,3,2,1,1.0,1,17385,M,4593705.0,-135687.0,17
201300003218,13,6,12,2245,3,1,1,1.0,7,17385,M,4592437.0,-129978.0,17
201300003219,13,6,14,300,5,2,1,1.0,6,17385,M,4592047.0,-133889.0,17
201300003220,13,7,5,600,2,1,1,1.0,3,17385,M,4592696.0,-128366.0,17
201300003221,13,8,5,1230,1,1,1,8.0,3,17323,M,4604105.0,-139144.0,17
201300003222,13,8,12,30,5,1,1,1.0,7,17140,M,4590283.0,-125081.0,17
201300003223,13,8,28,800,3,1,1,1.0,6,17385,M,4594021.0,-128520.0,17
201300003224,13,8,29,1800,1,1,2,1.0,3,17093,M,4586521.0,-119989.0,17
201300003225,13,9,6,2215,5,2,1,1.0,6,17323,M,4602985.0,-137861.0,17
201300003226,13,9,13,1900,1,2,1,1.0,3,17411,M,4585011.0,-121631.0,17
201300003227,13,9,26,1415,1,2,1,1.0,3,17385,M,4593334.0,-132543.0,17
201300003228,13,11,10,1100,1,1,1,8.0,7,17486,M,4602064.0,-136188.0,17
201300003229,13,12,31,1600,1,1,1,3.0,6,17385,M,4591609.0,-129911.0,17
201300003230,13,1,7,1900,5,2,1,2.0,3,17155,M,4573210.0,-109889.0,17
201300003231,13,1,22,1715,1,1,1,2.0,3,17409,M,4568740.0,-100796.0,17
201300003232,13,4,30,1445,1,1,1,2.0,1,17021,M,4574300.0,-113400.0,17
201300003233,13,4,30,1600,1,1,1,2.0,1,17409,M,4568500.0,-99200.0,17
201300003234,13,6,14,1630,1,1,1,1.0,7,17225,M,4572600.0,-122600.0,17
201300003235,13,6,16,1530,1,1,1,1.0,6,17452,M,4578970.0,-120657.0,17
201300003236,13,6,22,2345,5,2,1,1.0,3,17452,M,4578481.0,-115695.0,17
201300003237,13,7,7,1630,1,1,1,1.0,5,17225,M,4568495.0,-116558.0,17
201300003238,13,7,31,1000,1,1,1,1.0,3,17225,M,4570200.0,-120000.0,17
201300003239,13,7,31,1400,1,1,1,1.0,2,17409,M,4569500.0,-102400.0,17
201300003240,13,8,4,1015,1,1,1,1.0,7,17452,M,4576483.0,-121275.0,17
201300003241,13,9,4,1530,1,1,1,1.0,5,17064,M,4569585.0,-104647.0,17
201300003242,13,9,5,1630,1,1,1,1.0,3,17452,M,4578546.0,-115803.0,17
201300003243,13,9,24,1830,1,2,1,1.0,6,17155,M,4574300.0,-110600.0,17
201300003244,13,10,24,1930,5,2,1,2.0,1,17021,M,4575600.0,-113700.0,17
201300003245,13,11,9,315,3,1,1,3.0,7,17409,M,4568797.0,-101065.0,17
201300003246,13,12,8,1045,1,1,2,1.0,3,17452,M,4576122.0,-114172.0,17
201300003247,13,12,11,645,4,2,1,9.0,6,17021,M,4575133.0,-112697.0,17
201300003248,13,1,2,915,3,1,1,1.0,1,17346,M,4591930.0,-88562.0,17
201300003249,13,11,9,1700,2,1,9,2.0,3,17353,M,4599117.0,-103756.0,17
201300003250,13,11,24,2230,3,1,1,1.0,7,17320,M,4594973.0,-79112.0,17
201300003251,13,12,15,2000,3,1,1,1.0,1,17320,M,4596007.0,-78842.0,17
201300003252,13,1,2,1700,1,1,1,7.0,3,17338,M,4616220.0,-73874.0,17