Num_Acc,an,mois,jour,hrmn,lum,agg,int,atm,col,com,gps,lat,long,dep
201300003253,13,1,24,2300,5,2,2,1.0,3,17434,M,4620290.0,-75259.0,17
201300003254,13,1,26,2145,3,1,1,1.0,6,17057,M,4615728.0,-86173.0,17
201300003255,13,2,3,700,3,2,1,1.0,6,17018,M,4605796.0,-88990.0,17
201300003256,13,2,19,1830,2,2,2,1.0,3,17434,M,4610753.0,-75047.0,17
201300003257,13,4,11,1400,1,1,1,2.0,1,17003,M,4610537.0,-97924.0,17
201300003258,13,4,15,2115,4,1,6,1.0,6,17447,M,4609573.0,-94163.0,17
201300003259,13,4,20,615,1,1,9,1.0,2,17107,M,4602538.0,-94471.0,17
201300003260,13,5,16,30,3,1,1,1.0,7,17107,M,4603010.0,-94372.0,17
201300003261,13,5,17,1945,2,1,1,1.0,3,17482,M,4613509.0,-78953.0,17
201300003262,13,6,3,645,1,1,1,1.0,5,17340,M,4607216.0,-78741.0,17
201300003263,13,6,8,1715,1,1,2,1.0,3,17057,M,4614364.0,-85647.0,17
201300003264,13,6,16,1030,1,1,1,1.0,6,17447,M,4606724.0,-93951.0,17
201300003265,13,7,15,1,5,2,1,1.0,5,17166,M,4610115.0,-91132.0,17
201300003266,13,8,1,1100,1,2,9,1.0,7,17480,M,4614282.0,-89695.0,17
201300003267,13,7,29,2315,3,2,1,1.0,6,17447,M,4608442.0,-91745.0,17
201300003268,13,8,9,1645,1,1,2,2.0,3,17394,M,4614710.0,-64315.0,17
201300003269,13,9,1,2000,1,1,1,1.0,7,17447,M,4606569.0,-93599.0,17
201300003270,13,9,21,1315,1,2,1,1.0,6,17434,M,4611040.0,-74054.0,17
201300003271,13,9,26,1715,1,1,1,1.0,1,17107,M,4606269.0,-93951.0,17
201300003272,13,10,9,1530,1,1,1,1.0,2,17447,M,4607900.0,-93800.0,17
201300003273,13,10,26,500,5,2,1,8.0,6,17434,M,4611600.0,-74500.0,17
201300003274,13,11,4,2145,3,1,1,3.0,6,17080,M,4610317.0,-84476.0,17
201300003275,13,11,12,745,2,1,2,5.0,3,17063,M,4606653.0,-67845.0,17
201300003276,13,12,6,1930,5,2,1,1.0,6,17457,M,4606200.0,-76600.0,17
201300003277,13,1,5,1715,1,1,1,1.0,6,17444,M,4570300.0,-64200.0,17
201300003278,13,1,21,700,2,1,1,1.0,5,17086,M,4573360.0,-53762.0,17
201300003279,13,1,23,245,3,2,1,8.0,6,17453,M,4590600.0,-92300.0,17
201300003280,13,2,14,945,1,1,2,8.0,3,17045,M,4587357.0,-86233.0,17
201300003281,13,4,10,1530,1,1,1,2.0,1,17179,M,4568390.0,-61028.0,17
201300003282,13,4,16,1845,1,2,6,1.0,3,17284,M,4582909.0,-86526.0,17
201300003283,13,7,11,1130,1,1,1,1.0,2,17164,M,4575351.0,-59545.0,17
201300003284,13,8,13,1245,1,1,2,1.0,1,17143,M,4581000.0,-58000.0,17
201300003285,13,8,29,1145,1,1,1,1.0,1,17171,M,4585750.0,-75946.0,17
201300003286,13,9,2,1715,1,1,1,1.0,5,17330,M,4575315.0,-92768.0,17
201300003287,13,10,2,730,1,2,3,1.0,3,17086,M,4572473.0,-57271.0,17
201300003288,13,10,5,615,3,1,1,1.0,6,17086,M,4573641.0,-53902.0,17
201300003289,13,12,3,1200,1,1,1,1.0,1,17330,M,4575228.0,-94693.0,17
201300003290,13,12,5,830,1,2,1,1.0,1,17089,M,4576400.0,-54200.0,17
201300003291,13,12,6,1645,1,1,1,1.0,6,17164,M,4577077.0,-61787.0,17
201300003292,13,12,9,1400,1,1,2,1.0,3,17141,M,4571700.0,-47100.0,17
201300003293,13,12,20,2115,5,1,1,1.0,6,17330,M,4578300.0,-88700.0,17
201300003294,13,12,24,1715,3,1,1,3.0,6,17100,M,4572596.0,-41927.0,17
201300003295,13,12,30,930,3,1,1,1.0,1,17045,M,4587395.0,-86451.0,17
201300003296,13,1,21,1100,1,1,1,1.0,1,17172,M,4555680.0,-68731.0,17
201300003297,13,2,8,800,1,2,1,2.0,6,17404,M,4561330.0,-69727.0,17
201300003298,13,4,8,900,1,1,1,1.0,7,17425,M,4557581.0,-89337.0,17
201300003299,13,4,24,2030,2,1,1,1.0,7,17244,M,4563879.0,-77151.0,17
201300003300,13,5,22,1730,1,2,1,1.0,1,17131,M,4558455.0,-83543.0,17
201300003301,13,7,22,1100,1,2,1,1.0,6,17131,M,4558266.0,-83423.0,17
201300003302,13,8,31,1130,1,2,3,1.0,3,17172,M,4557684.0,-68187.0,17
201300003303,13,9,17,1215,1,1,1,8.0,2,17425,M,4560263.0,-90643.0,17
201300003304,13,11,6,2045,3,1,1,2.0,1,17131,M,4557959.0,-83718.0,17
201300003305,13,11,30,1745,2,2,1,1.0,6,17152,M,4556418.0,-80398.0,17
201300003306,13,3,5,1045,1,1,1,1.0,4,17283,M,4560111.0,-55539.0,17
201300003307,13,4,19,130,3,1,1,1.0,1,17283,M,4554571.0,-55801.0,17
201300003308,13,8,13,45,3,1,1,1.0,7,17242,M,4567986.0,-53589.0,17
201300003309,13,10,19,600,3,1,1,1.0,1,17056,M,4560096.0,-50136.0,17
201300003310,13,10,20,1030,1,1,1,1.0,1,17283,M,4557700.0,-58500.0,17
201300003311,13,10,31,1800,3,1,1,2.0,3,17078,M,4554600.0,-43500.0,17
201300003312,13,1,2,2130,3,1,1,1.0,2,17421,M,4568080.0,-91429.0,17
201300003313,13,2,22,415,3,1,1,1.0,6,17421,M,4566760.0,-93780.0,17
201300003314,13,4,7,245,3,1,1,1.0,6,17421,M,4569396.0,-97289.0,17
201300003315,13,4,14,1545,1,1,1,1.0,3,17228,M,4566228.0,-94636.0,17
201300003316,13,8,3,1430,1,2,1,1.0,1,17421,M,4567745.0,-91025.0,17
201300003317,13,9,10,1200,1,1,1,1.0,7,17393,M,4568268.0,-87805.0,17
201300003318,13,9,12,2300,3,1,1,1.0,7,17393,M,4569011.0,-83235.0,17
201300003319,13,1,18,1045,1,1,1,4.0,6,17344,M,4585147.0,-52960.0,17
201300003320,13,6,28,1530,1,1,1,1.0,7,17294,M,4602402.0,-68004.0,17
201300003321,13,8,1,1815,1,1,1,1.0,3,17347,M,4593521.0,-52518.0,17
201300003322,13,8,19,900,1,1,1,1.0,6,17352,M,4603203.0,-69873.0,17
201300003323,13,9,17,900,2,1,1,2.0,3,17347,M,4595565.0,-51520.0,17
201300003324,13,9,29,245,5,2,2,2.0,3,17347,M,4593427.0,-52644.0,17
201300003325,13,10,9,2030,2,1,1,1.0,2,17344,M,4583841.0,-53640.0,17
201300003326,13,11,22,1430,1,1,2,1.0,3,17459,M,4590878.0,-42473.0,17
201300003327,13,12,28,615,5,1,1,2.0,6,17046,M,4593353.0,-61140.0,17
201300003328,13,12,28,1130,1,1,3,1.0,3,17252,M,4587446.0,-70669.0,17
201300003329,13,2,8,1845,2,1,1,1.0,7,17024,M,4600095.0,-30261.0,17
201300003330,13,5,18,115,3,2,1,1.0,1,17139,M,4612796.0,-54017.0,17
201300003331,13,6,5,1200,1,1,1,1.0,1,17139,M,4612132.0,-53001.0,17
201300003332,13,9,10,1730,1,1,1,1.0,1,17234,M,4607865.0,-57224.0,17
201300003333,13,10,12,2045,3,1,3,1.0,6,17327,M,4609819.0,-64570.0,17
201300003334,13,10,18,730,2,1,1,1.0,7,17422,M,4596429.0,-19741.0,17
201300003335,13,11,7,1815,5,1,1,1.0,1,17464,M,4607600.0,-53600.0,17
201300003336,13,12,8,1645,1,1,2,1.0,3,17367,M,4595400.0,-34100.0,17
201300003337,13,4,23,1745,1,1,1,1.0,3,17126,M,4585170.0,-34842.0,17
201300003338,13,6,18,1900,1,1,1,3.0,1,17212,M,4584141.0,-22845.0,17
201300003339,13,6,24,1215,1,1,1,1.0,2,17224,M,4585938.0,-31371.0,17
201300003340,13,8,9,1930,1,1,1,1.0,2,17071,M,4590830.0,-33845.0,17
201300003341,13,9,4,1200,1,1,1,1.0,1,17025,M,4589523.0,-41195.0,17
201300003342,13,9,22,1115,1,2,2,1.0,3,17224,M,4586709.0,-31038.0,17
201300003343,13,10,15,1400,1,2,1,2.0,6,17224,M,4587110.0,-31701.0,17
201300003344,13,10,29,1530,1,1,1,9.0,6,17147,M,4582659.0,-54189.0,17
201300003345,13,3,8,1745,1,1,1,1.0,7,79351,M,0.0,0.0,79
201300003346,13,1,13,200,3,2,1,1.0,6,79257,M,0.0,0.0,79
201300003347,13,2,16,1930,3,2,1,1.0,6,79216,M,0.0,0.0,79
201300003348,13,6,6,530,2,1,1,1.0,5,79170,M,0.0,0.0,79
201300003349,13,7,6,1200,1,1,1,1.0,1,79170,M,0.0,0.0,79
201300003350,13,8,8,1345,1,1,1,1.0,1,79034,M,0.0,0.0,79
201300003351,13,8,31,1630,1,1,1,1.0,7,79257,M,0.0,0.0,79
201300003352,13,3,28,145,3,2,1,1.0,6,79316,M,0.0,0.0,79
201300003353,13,5,5,1830,1,1,2,1.0,3,79024,M,0.0,0.0,79
201300003354,13,5,9,430,5,2,1,1.0,6,79270,M,0.0,0.0,79
201300003355,13,5,19,2230,5,2,1,1.0,6,79048,M,0.0,0.0,79
201300003356,13,7,13,215,3,2,1,1.0,6,79048,M,0.0,0.0,79
201300003357,13,9,20,2230,3,1,3,1.0,1,79048,M,0.0,0.0,79
201300003358,13,1,24,1445,1,2,6,1.0,3,79049,M,0.0,0.0,79
201300003359,13,2,3,545,5,2,3,1.0,1,79088,M,0.0,0.0,79
201300003360,13,3,21,2145,3,1,1,2.0,1,79049,M,0.0,0.0,79
201300003361,13,4,23,1545,1,1,1,1.0,7,79049,M,0.0,0.0,79
201300003362,13,6,28,1215,1,1,1,1.0,1,79038,M,0.0,0.0,79
201300003363,13,7,18,2100,1,1,1,1.0,5,79049,M,0.0,0.0,79
201300003364,13,7,25,1045,1,2,1,1.0,1,79049,M,0.0,0.0,79
201300003365,13,8,4,700,1,1,1,1.0,6,79049,M,0.0,0.0,79
201300003366,13,8,16,830,1,2,1,1.0,6,79049,M,0.0,0.0,79
201300003367,13,9,28,1645,1,1,2,8.0,1,79131,M,0.0,0.0,79
201300003368,13,11,20,630,5,2,1,1.0,6,79049,M,0.0,0.0,79
201300003369,13,7,26,745,1,1,1,1.0,5,79210,M,0.0,0.0,79
201300003370,13,1,14,1630,1,1,1,1.0,6,79280,M,0.0,0.0,79
201300003371,13,1,11,945,1,1,2,7.0,3,79299,M,0.0,0.0,79
201300003372,13,1,21,1030,1,1,1,2.0,7,79250,M,0.0,0.0,79
201300003373,13,2,18,830,3,1,1,1.0,7,79157,M,0.0,0.0,79
201300003374,13,3,14,1930,3,1,1,1.0,7,79099,M,0.0,0.0,79
201300003375,13,3,18,1015,1,1,1,3.0,1,79299,M,0.0,0.0,79
201300003376,13,4,8,1730,1,1,1,1.0,6,79053,M,0.0,0.0,79
201300003377,13,5,24,1700,1,1,1,8.0,6,79063,M,0.0,0.0,79
201300003378,13,7,5,2220,3,1,2,1.0,3,79134,M,0.0,0.0,79
201300003379,13,7,6,1745,1,1,1,1.0,7,79171,M,0.0,0.0,79
201300003380,13,7,10,1415,1,2,1,1.0,6,79013,M,0.0,0.0,79
201300003381,13,9,22,1015,1,1,2,1.0,3,79005,M,0.0,0.0,79
201300003382,13,2,18,1600,1,1,1,1.0,3,79353,M,0.0,0.0,79
201300003383,13,3,24,1215,1,1,1,1.0,3,79343,M,0.0,0.0,79
201300003384,13,5,9,300,3,1,1,1.0,6,79327,M,0.0,0.0,79
201300003385,13,6,18,745,2,1,1,3.0,1,79348,M,0.0,0.0,79
201300003386,13,7,2,1330,1,2,1,1.0,6,79204,M,0.0,0.0,79
201300003387,13,7,6,1615,1,1,1,1.0,3,79279,M,0.0,0.0,79
201300003388,13,1,28,1530,1,1,1,8.0,6,79297,M,0.0,0.0,79
201300003389,13,2,15,1315,1,1,1,1.0,1,79163,M,0.0,0.0,79
201300003390,13,6,2,1900,1,1,1,1.0,6,79018,M,0.0,0.0,79
201300003391,13,6,12,1815,1,1,1,1.0,1,79230,M,0.0,0.0,79
201300003392,13,7,21,1600,1,1,3,1.0,3,79163,M,0.0,0.0,79
201300003393,13,7,28,1715,1,2,1,1.0,1,79136,M,0.0,0.0,79
201300003394,13,8,11,1845,1,1,6,1.0,7,79150,M,0.0,0.0,79
201300003395,13,10,29,2100,3,1,1,1.0,1,79095,M,0.0,0.0,79
201300003396,13,1,10,2015,3,1,1,8.0,6,79172,M,0.0,0.0,79
201300003397,13,1,13,1530,1,1,1,1.0,3,79172,M,0.0,0.0,79
201300003398,13,1,14,730,3,2,1,1.0,3,79080,M,0.0,0.0,79
201300003399,13,3,22,1800,1,1,1,1.0,7,79253,M,0.0,0.0,79
201300003400,13,4,6,1815,1,2,7,1.0,3,79121,M,0.0,0.0,79
201300003401,13,4,22,915,1,1,5,1.0,3,79347,M,0.0,0.0,79
201300003402,13,8,5,1145,1,1,1,1.0,6,79225,M,0.0,0.0,79
201300003403,13,8,22,600,3,1,1,1.0,1,79080,M,0.0,0.0,79
201300003404,13,8,29,1500,1,1,1,1.0,1,79347,M,0.0,0.0,79
201300003405,13,8,30,815,1,1,1,1.0,6,79339,M,0.0,0.0,79
201300003406,13,8,30,1800,1,1,2,1.0,3,79092,M,0.0,0.0,79
201300003407,13,4,17,1745,1,1,1,7.0,1,79208,M,0.0,0.0,79
201300003408,13,5,22,915,1,1,1,1.0,3,79005,M,0.0,0.0,79
201300003409,13,8,10,700,1,1,1,1.0,7,79156,M,0.0,0.0,79
201300003410,13,9,4,1945,1,1,1,1.0,7,79005,M,0.0,0.0,79
201300003411,13,9,23,1330,1,1,1,7.0,1,79208,M,0.0,0.0,79
201300003412,13,5,25,2015,1,1,2,1.0,3,79007,M,0.0,0.0,79
201300003413,13,8,7,1215,1,2,1,1.0,6,79001,M,0.0,0.0,79
201300003414,13,9,24,2015,2,1,1,1.0,1,79025,M,0.0,0.0,79
201300003415,13,4,18,2100,3,1,1,1.0,6,87202,M,4588100.0,110800.0,87
201300003416,13,5,4,1630,1,2,1,1.0,2,87001,M,0.0,0.0,87
201300003417,13,8,17,2045,1,1,1,1.0,3,87107,M,4593100.0,119700.0,87
201300003418,13,9,28,1745,5,2,1,1.0,6,87001,M,4597900.0,115900.0,87
201300003419,13,12,6,1445,1,1,2,1.0,3,87107,M,0.0,0.0,87
201300003420,13,12,15,1330,1,2,1,8.0,1,87021,M,4578500.0,119100.0,87
201300003421,13,2,9,1245,1,1,1,4.0,5,87157,M,0.0,0.0,87
201300003422,13,2,15,2145,3,1,1,1.0,7,87178,M,0.0,0.0,87
201300003423,13,2,16,1945,1,1,1,1.0,1,87002,M,0.0,0.0,87
201300003424,13,5,24,1530,1,1,1,1.0,7,87002,M,0.0,0.0,87
201300003425,13,5,27,1715,1,1,1,1.0,1,87002,M,0.0,0.0,87
201300003426,13,6,3,2115,1,1,1,1.0,6,87002,M,0.0,0.0,87
201300003427,13,10,24,1200,1,1,1,1.0,3,87002,M,0.0,0.0,87
201300003428,13,12,18,800,2,2,6,1.0,3,87125,M,0.0,0.0,87
201300003429,13,5,1,2130,5,2,1,1.0,7,87117,M,4581700.0,177100.0,87
201300003430,13,8,5,1945,1,1,1,1.0,6,87104,M,0.0,0.0,87
201300003431,13,8,23,1645,1,1,1,1.0,6,87117,M,0.0,0.0,87
201300003432,13,5,7,830,1,1,1,1.0,6,87129,M,0.0,0.0,87
201300003433,13,1,25,1745,5,2,1,1.0,7,87106,M,0.0,0.0,87
201300003434,13,3,11,845,3,1,1,2.0,6,87082,M,0.0,0.0,87
201300003435,13,3,13,1215,1,2,1,1.0,7,87049,M,0.0,0.0,87
201300003436,13,4,16,1700,1,1,1,1.0,6,87096,M,0.0,0.0,87
201300003437,13,5,14,1315,1,2,1,1.0,6,87150,M,0.0,0.0,87
201300003438,13,7,12,1900,1,1,1,1.0,6,87150,M,0.0,0.0,87
201300003439,13,7,24,845,1,1,1,1.0,1,87060,M,0.0,0.0,87
201300003440,13,8,13,830,1,1,1,1.0,6,87066,M,0.0,0.0,87
201300003441,13,12,3,1345,1,1,1,1.0,6,87124,M,0.0,0.0,87
201300003442,13,12,13,1215,1,1,1,8.0,6,87031,M,0.0,0.0,87
201300003443,13,4,7,1930,1,1,1,1.0,7,87012,M,0.0,0.0,87
201300003444,13,4,16,915,1,1,1,1.0,3,87011,M,0.0,0.0,87
201300003445,13,8,25,1245,1,1,1,3.0,6,87012,M,0.0,0.0,87
201300003446,13,9,8,515,3,1,1,1.0,6,87056,M,0.0,0.0,87
201300003447,13,10,18,1130,1,1,1,1.0,2,87089,M,0.0,0.0,87
201300003448,13,12,6,2215,3,1,9,8.0,6,87109,M,0.0,0.0,87
201300003449,13,2,28,1945,3,1,1,4.0,7,87122,M,0.0,0.0,87
201300003450,13,3,16,900,1,1,2,1.0,3,87122,M,0.0,0.0,87
201300003451,13,3,21,1315,1,1,2,1.0,3,87122,M,0.0,0.0,87
201300003452,13,6,24,2130,3,1,1,1.0,7,87013,M,0.0,0.0,87
201300003453,13,7,12,1600,1,1,1,1.0,3,87045,M,0.0,0.0,87
201300003454,13,7,25,915,1,1,1,1.0,6,87014,M,0.0,0.0,87
201300003455,13,7,28,1745,1,1,1,1.0,3,87197,M,0.0,0.0,87
201300003456,13,10,8,845,3,1,1,8.0,1,87014,M,0.0,0.0,87
201300003457,13,7,6,830,1,2,1,1.0,1,87087,M,4634700.0,117300.0,87
201300003458,13,1,6,1300,1,1,1,1.0,2,87154,M,0.0,0.0,87
201300003459,13,3,27,800,1,1,1,7.0,2,87030,M,0.0,0.0,87
201300003460,13,8,10,2045,1,1,1,7.0,5,87154,M,0.0,0.0,87
201300003461,13,9,10,1730,1,1,2,1.0,1,87185,M,0.0,0.0,87
201300003462,13,3,27,1715,1,1,1,7.0,6,87158,M,0.0,0.0,87
201300003463,13,8,20,1345,1,1,1,1.0,6,87137,M,4574500.0,80300.0,87
201300003464,13,2,20,915,1,1,1,1.0,1,19038,M,4525900.0,171000.0,19
201300003465,13,4,7,30,3,1,1,1.0,1,19098,M,4519800.0,183900.0,19
201300003466,13,5,19,1,3,1,1,3.0,7,19096,M,4541400.0,140500.0,19
201300003467,13,7,7,2130,1,1,1,1.0,6,19207,M,0.0,0.0,19
201300003468,13,9,6,1600,1,1,1,1.0,5,19085,M,4552600.0,138900.0,19
201300003469,13,11,14,515,1,1,2,1.0,1,19085,M,4531000.0,181900.0,19
201300003470,13,5,7,1900,1,1,1,1.0,1,19091,M,4507600.0,197700.0,19
201300003471,13,6,15,1545,1,2,6,1.0,6,19010,M,4509800.0,193200.0,19
201300003472,13,8,21,1900,1,1,1,1.0,7,19192,M,4513300.0,192500.0,19
201300003473,13,5,2,1515,1,2,1,1.0,1,19056,M,4528600.0,197200.0,19
201300003474,13,6,8,1300,1,1,1,2.0,7,19264,M,4526000.0,222300.0,19
201300003475,13,8,22,1245,1,2,1,1.0,6,19056,M,4528300.0,197000.0,19
201300003476,13,2,7,2000,3,1,1,1.0,7,19129,M,4554400.0,154800.0,19
201300003477,13,4,6,1830,1,2,3,1.0,5,19276,M,4543800.0,156600.0,19
201300003478,13,7,27,1045,1,1,3,7.0,3,19213,M,0.0,0.0,19
201300003479,13,9,9,1800,1,1,1,2.0,7,19001,M,4551000.0,178600.0,19
201300003480,13,10,22,1615,1,2,1,3.0,6,19036,M,4542700.0,157700.0,19
201300003481,13,10,26,1030,1,1,1,2.0,7,19240,M,4539900.0,173400.0,19
201300003482,13,1,13,100,3,1,1,2.0,7,19066,M,0.0,0.0,19
201300003483,13,3,21,1815,1,2,1,1.0,1,19123,M,4517400.0,156300.0,19
201300003484,13,6,17,1000,1,2,1,1.0,6,19123,M,4517900.0,158100.0,19
201300003485,13,7,9,1100,1,1,1,1.0,2,19229,M,4515000.0,144600.0,19
201300003486,13,8,26,1015,1,2,1,1.0,3,19123,M,0.0,0.0,19
201300003487,13,10,6,1745,1,1,1,1.0,6,19049,M,0.0,0.0,19
201300003488,13,10,19,1815,1,2,1,1.0,1,19229,M,0.0,0.0,19
201300003489,13,10,21,1945,4,2,1,1.0,3,19031,M,4516900.0,155500.0,19
201300003490,13,11,21,1030,1,2,1,1.0,1,19229,M,4512800.0,141700.0,19
201300003491,13,11,26,1015,2,1,1,1.0,3,19066,M,4514700.0,133900.0,19
201300003492,13,12,4,1145,1,2,1,1.0,1,19123,M,0.0,0.0,19
201300003493,13,12,11,1745,1,1,1,1.0,1,19229,M,4513017.0,143448.0,19
201300003494,13,12,18,1600,1,2,1,7.0,6,19123,M,4517085.0,156631.0,19
201300003495,13,11,3,2015,3,2,1,2.0,6,19126,M,4504100.0,174700.0,19
201300003496,13,1,31,1645,1,1,1,2.0,6,19005,M,4525400.0,148600.0,19
201300003497,13,2,12,2345,3,1,1,2.0,7,19005,M,4524800.0,141600.0,19
201300003498,13,3,10,1515,1,2,1,1.0,6,19274,M,4519700.0,150600.0,19
201300003499,13,3,13,1315,1,1,1,1.0,3,19005,M,4524500.0,142500.0,19
201300003500,13,3,22,1415,1,1,1,1.0,3,19246,M,0.0,0.0,19
201300003501,13,6,6,1845,1,1,1,1.0,2,19202,M,4524900.0,161900.0,19
201300003502,13,7,28,1100,2,1,1,1.0,6,19072,M,4524200.0,149700.0,19
201300003503,13,10,25,1215,1,2,1,1.0,3,19278,M,4519800.0,145000.0,19
201300003504,13,11,1,2030,5,2,1,2.0,6,19005,M,4528000.0,146000.0,19
201300003505,13,11,25,1400,1,1,1,8.0,6,19243,M,4537700.0,134800.0,19
201300003506,13,1,2,1745,2,2,1,1.0,6,19153,M,0.0,0.0,19
201300003507,13,4,12,1530,1,1,1,2.0,7,19289,M,4520900.0,138500.0,19
201300003508,13,5,1,1600,1,1,1,1.0,6,19035,M,4531700.0,134400.0,19
201300003509,13,7,9,1945,1,1,1,7.0,3,19161,M,4524200.0,134800.0,19
201300003510,13,11,28,750,2,1,1,1.0,6,19288,M,4527869.0,141818.0,19
201300003511,13,7,19,1815,1,1,1,1.0,3,19114,M,0.0,0.0,19
201300003512,13,9,18,730,1,1,1,2.0,1,19247,M,4547700.0,235400.0,19
201300003513,13,11,2,1700,1,1,3,2.0,3,19252,M,4542400.0,245000.0,19
201300003514,13,3,5,1730,1,1,1,1.0,3,19130,M,4547500.0,214200.0,19
201300003515,13,10,22,1630,1,2,1,8.0,3,19164,M,4572600.0,208800.0,19
201300003516,13,12,4,1915,5,1,1,9.0,6,19130,M,4547200.0,214500.0,19
201300003517,13,9,16,2315,5,2,1,2.0,7,19148,M,4538000.0,227000.0,19
201300003518,13,2,15,1645,1,2,1,1.0,6,23044,M,4635734.0,177535.0,23
201300003519,13,3,26,1400,1,1,1,1.0,7,23064,M,4626200.0,209300.0,23
201300003520,13,4,19,1830,1,1,1,1.0,7,23130,M,4642200.0,180500.0,23
201300003521,13,12,9,1530,1,1,1,9.0,1,23062,M,4634800.0,180200.0,23
201300003522,13,1,26,45,3,1,1,1.0,7,23145,M,0.0,0.0,23
201300003523,13,6,15,1845,1,2,1,1.0,3,23093,M,4619400.0,224100.0,23
201300003524,13,8,25,2130,3,1,1,2.0,6,23009,M,0.0,0.0,23
201300003525,13,9,20,1715,1,1,1,7.0,6,23167,M,4613800.0,244000.0,23
201300003526,13,11,29,745,2,1,1,9.0,6,23149,M,0.0,0.0,23
201300003527,13,2,23,1930,3,1,1,4.0,7,23244,M,4629521.0,167909.0,23
201300003528,13,3,30,2045,3,1,1,5.0,1,23176,M,0.0,0.0,23
201300003529,13,7,18,1330,1,1,1,1.0,1,23095,M,4622000.0,168900.0,23
201300003530,13,8,3,1,3,1,1,3.0,6,23263,M,4633700.0,172900.0,23
201300003531,13,11,20,1745,2,1,1,1.0,2,23095,M,4615600.0,165400.0,23
201300003532,13,11,21,2045,3,1,1,1.0,6,23039,M,0.0,0.0,23
201300003533,13,5,22,1345,1,2,7,1.0,6,23008,M,4595800.0,216900.0,23
201300003534,13,1,1,45,3,1,1,1.0,6,23066,M,4599300.0,246700.0,23
201300003535,13,10,2,1915,2,1,1,8.0,1,23241,M,0.0,0.0,23
201300003536,13,1,2,1000,1,1,1,2.0,6,23081,M,4579300.0,238100.0,23
201300003537,13,4,17,1145,1,1,1,1.0,6,23019,M,4578200.0,230400.0,23
201300003538,13,6,19,1030,1,2,1,3.0,6,23030,M,4596000.0,175700.0,23
201300003539,13,1,7,745,2,2,1,8.0,6,31044,M,0.0,0.0,31
201300003540,13,2,7,1730,1,2,2,8.0,3,31501,M,0.0,0.0,31
201300003541,13,2,15,1730,1,2,9,8.0,3,31573,M,4365912.0,166485.0,31
201300003542,13,3,7,1345,1,2,1,1.0,6,31044,M,4360986.0,149992.0,31
201300003543,13,4,24,1830,1,1,1,7.0,1,31163,M,4359950.0,162195.0,31
201300003544,13,5,22,1615,1,1,1,1.0,6,31184,M,4360320.0,154617.0,31
201300003545,13,8,2,1800,1,1,1,1.0,6,31418,M,0.0,0.0,31
201300003546,13,9,8,1945,1,1,1,1.0,7,31029,M,4354540.0,170560.0,31
201300003547,13,10,31,1200,1,1,1,1.0,7,31512,M,4357208.0,161774.0,31
201300003548,13,11,20,200,5,2,1,1.0,7,31044,M,4360867.0,148876.0,31
201300003549,13,11,26,1715,2,1,1,1.0,6,31163,M,4359509.0,159258.0,31
201300003550,13,12,15,1900,3,1,1,1.0,6,31285,M,0.0,0.0,31
201300003551,13,12,19,1230,1,2,1,1.0,1,31044,M,4359524.0,149744.0,31
201300003552,13,1,29,1715,1,2,1,8.0,7,31113,M,0.0,0.0,31
201300003553,13,2,9,645,3,1,1,1.0,6,31448,M,4349300.0,149800.0,31
201300003554,13,4,26,300,5,2,1,1.0,7,31113,M,0.0,0.0,31
201300003555,13,5,25,1230,1,1,1,8.0,6,31448,M,0.0,0.0,31
201300003556,13,10,11,1130,1,1,3,1.0,5,31384,M,4347748.0,157776.0,31
201300003557,13,10,17,1515,1,1,1,1.0,6,31113,M,0.0,0.0,31
201300003558,13,12,14,30,3,1,1,2.0,5,31402,M,0.0,0.0,31
201300003559,13,3,11,1615,1,2,1,1.0,3,31202,M,4382847.0,139390.0,31
201300003560,13,4,27,1745,1,1,1,1.0,2,31118,M,0.0,0.0,31
201300003561,13,6,25,1245,1,1,1,1.0,3,31583,M,4382356.0,146994.0,31
201300003562,13,7,19,1845,1,1,1,7.0,3,31202,M,4384193.0,136273.0,31
201300003563,13,10,5,2100,1,1,1,2.0,1,31118,M,0.0,0.0,31
201300003564,13,10,6,800,1,2,4,1.0,3,31079,M,4378729.0,141705.0,31
201300003565,13,10,26,1500,1,2,1,1.0,1,31584,M,4386780.0,150282.0,31
201300003566,13,1,4,845,1,2,1,8.0,1,31403,M,4377897.0,130724.0,31
201300003567,13,2,14,1730,1,1,1,8.0,5,31356,M,4368560.0,124647.0,31
201300003568,13,3,23,1900,1,2,1,1.0,6,31232,M,4376300.0,129655.0,31
201300003569,13,3,25,1545,1,1,1,1.0,1,31553,M,0.0,0.0,31
201300003570,13,4,4,945,1,1,1,1.0,7,31338,M,0.0,0.0,31
201300003571,13,4,20,1115,1,1,2,1.0,5,31553,M,0.0,0.0,31
201300003572,13,4,26,1745,1,1,2,2.0,3,31592,M,0.0,0.0,31
201300003573,13,6,3,1430,1,1,1,1.0,6,31553,M,0.0,0.0,31
201300003574,13,6,12,1115,1,2,1,1.0,1,31232,M,4376394.0,129862.0,31
201300003575,13,7,4,2000,1,1,1,1.0,3,31403,M,4378708.0,130084.0,31
201300003576,13,7,18,1445,1,2,1,1.0,1,31403,M,4378180.0,131420.0,31
201300003577,13,9,24,1530,1,1,1,1.0,3,31444,M,4375010.0,105849.0,31
201300003578,13,11,3,200,3,1,1,3.0,7,31090,M,0.0,0.0,31
201300003579,13,3,2,1530,1,2,1,1.0,7,31417,M,4363083.0,123510.0,31
201300003580,13,4,19,1400,1,2,1,2.0,6,31417,M,4361361.0,127082.0,31