Num_Acc,an,mois,jour,hrmn,lum,agg,int,atm,col,com,gps,lat,long,dep
201300003581,13,5,7,1545,1,1,1,1.0,2,31496,M,0.0,0.0,31
201300003582,13,8,9,1030,1,1,1,1.0,3,31417,M,4363433.0,123249.0,31
201300003583,13,10,27,1015,1,2,1,1.0,3,31297,M,4366818.0,119126.0,31
201300003584,13,12,19,1100,3,1,1,2.0,1,31150,M,4363600.0,130100.0,31
201300003585,13,1,18,1730,2,2,1,3.0,6,31420,M,4350875.0,138986.0,31
201300003586,13,2,20,1015,1,2,1,1.0,6,31433,M,4354194.0,141120.0,31
201300003587,13,6,18,2015,2,1,2,2.0,1,31420,M,4350510.0,137524.0,31
201300003588,13,3,29,1530,1,1,1,1.0,1,31490,M,0.0,0.0,31
201300003589,13,4,3,1345,1,1,1,1.0,5,31182,M,4369574.0,140036.0,31
201300003590,13,4,4,800,1,2,1,1.0,1,31182,M,4368130.0,140744.0,31
201300003591,13,4,3,1815,1,2,6,1.0,6,31252,M,4373682.0,146893.0,31
201300003592,13,4,10,1530,1,1,7,1.0,6,31091,M,4372749.0,141114.0,31
201300003593,13,4,16,2100,5,1,1,1.0,4,31182,M,0.0,0.0,31
201300003594,13,4,27,915,1,1,1,1.0,1,31490,M,0.0,0.0,31
201300003595,13,6,18,1930,1,1,1,3.0,7,31136,M,4375647.0,144189.0,31
201300003596,13,7,19,1515,1,1,1,1.0,3,31182,M,0.0,0.0,31
201300003597,13,7,24,400,3,1,1,1.0,6,31230,M,0.0,0.0,31
201300003598,13,9,25,1200,1,2,1,7.0,3,31091,M,4372022.0,141012.0,31
201300003599,13,9,25,1130,1,2,3,1.0,3,31182,M,4368111.0,139565.0,31
201300003600,13,10,3,1500,1,1,1,2.0,6,31091,M,0.0,0.0,31
201300003601,13,10,30,1215,1,1,1,1.0,1,31022,M,4366760.0,141733.0,31
201300003602,13,12,13,1230,1,2,1,1.0,1,31230,M,4371628.0,141798.0,31
201300003603,13,1,2,600,2,1,1,5.0,6,31094,M,0.0,0.0,31
201300003604,13,1,14,915,1,2,1,1.0,3,31488,M,4366327.0,150444.0,31
201300003605,13,2,9,1815,5,2,1,3.0,6,31488,M,4366267.0,149783.0,31
201300003606,13,3,6,1615,1,1,1,1.0,3,31462,M,0.0,0.0,31
201300003607,13,4,4,1845,1,1,1,3.0,3,31407,M,0.0,0.0,31
201300003608,13,5,17,815,1,1,1,1.0,1,31049,M,4373803.0,150302.0,31
201300003609,13,9,13,1715,1,2,1,1.0,6,31555,M,0.0,0.0,31
201300003610,13,10,1,1700,1,2,1,1.0,3,31488,M,4366388.0,150123.0,31
201300003611,13,10,23,2245,5,2,1,1.0,1,31488,M,0.0,0.0,31
201300003612,13,11,9,2030,5,2,1,2.0,6,31561,M,4365759.0,148078.0,31
201300003613,13,11,16,1415,1,1,1,8.0,1,31388,M,0.0,0.0,31
201300003614,13,12,5,1115,1,1,1,5.0,6,31094,M,0.0,0.0,31
201300003615,13,12,12,1445,1,1,1,7.0,1,31094,M,0.0,0.0,31
201300003616,13,12,22,315,5,2,1,1.0,6,31117,M,4367454.0,152696.0,31
201300003617,13,12,22,715,2,1,1,5.0,6,31094,M,0.0,0.0,31
201300003618,13,1,2,1630,1,1,2,1.0,6,31165,M,4345059.0,136974.0,31
201300003619,13,6,18,1545,1,1,1,2.0,6,31165,M,0.0,0.0,31
201300003620,13,9,24,845,1,2,1,7.0,6,31395,M,4347300.0,132600.0,31
201300003621,13,12,20,2030,3,1,1,1.0,5,31299,M,4340900.0,119600.0,31
201300003622,13,12,21,1930,3,1,1,1.0,7,31263,M,0.0,0.0,31
201300003623,13,1,12,900,1,2,1,8.0,3,31033,M,4333547.0,148376.0,31
201300003624,13,1,11,1700,2,1,1,1.0,6,31024,M,0.0,0.0,31
201300003625,13,4,23,1800,1,1,1,1.0,3,31332,M,4336237.0,153831.0,31
201300003626,13,4,23,2130,5,1,1,1.0,6,31100,M,4327760.0,164102.0,31
201300003627,13,5,17,1745,1,1,1,1.0,3,31145,M,4330622.0,152074.0,31
201300003628,13,5,25,1345,1,1,1,8.0,5,31145,M,0.0,0.0,31
201300003629,13,6,4,1700,1,1,1,1.0,6,31100,M,4328252.0,163286.0,31
201300003630,13,6,4,1600,1,2,1,1.0,3,31033,M,4336325.0,145870.0,31
201300003631,13,7,5,1800,1,1,1,1.0,3,31345,M,0.0,0.0,31
201300003632,13,7,16,1300,1,1,1,1.0,1,31396,M,0.0,0.0,31
201300003633,13,7,27,845,1,1,1,1.0,5,31033,M,0.0,0.0,31
201300003634,13,8,8,2230,5,2,1,9.0,6,31033,M,4335477.0,146368.0,31
201300003635,13,9,24,645,1,1,1,1.0,3,31145,M,0.0,0.0,31
201300003636,13,9,30,830,1,2,1,1.0,2,31145,M,4331271.0,151098.0,31
201300003637,13,10,4,900,1,2,1,2.0,6,31033,M,4335050.0,147070.0,31
201300003638,13,10,13,745,1,1,1,7.0,1,31546,M,0.0,0.0,31
201300003639,13,10,16,1645,1,1,1,1.0,6,31264,M,0.0,0.0,31
201300003640,13,11,12,815,1,1,3,2.0,3,31442,M,0.0,0.0,31
201300003641,13,11,21,2245,3,1,1,4.0,6,31100,M,0.0,0.0,31
201300003642,13,1,1,1500,1,1,1,8.0,3,31416,M,4332493.0,118966.0,31
201300003643,13,5,3,1230,1,1,1,1.0,1,31107,M,4329046.0,121649.0,31
201300003644,13,5,7,845,1,2,1,1.0,1,31052,M,0.0,0.0,31
201300003645,13,6,15,1815,1,1,1,7.0,6,31303,M,0.0,0.0,31
201300003646,13,7,20,1045,1,1,1,1.0,1,31104,M,4333910.0,127457.0,31
201300003647,13,8,26,1230,1,2,2,1.0,3,31107,M,4329404.0,122660.0,31
201300003648,13,9,11,1300,1,1,1,1.0,3,31455,M,4324430.0,118565.0,31
201300003649,13,10,30,1500,1,1,1,7.0,2,31107,M,4332130.0,122148.0,31
201300003650,13,11,9,300,3,1,1,1.0,7,31287,M,0.0,0.0,31
201300003651,13,11,26,1730,1,1,1,1.0,5,31334,M,0.0,0.0,31
201300003652,13,12,29,1600,1,1,2,1.0,3,31084,M,0.0,0.0,31
201300003653,13,1,16,730,2,1,1,3.0,1,31499,M,0.0,0.0,31
201300003654,13,1,27,430,3,1,6,5.0,7,31188,M,4356895.0,119902.0,31
201300003655,13,4,25,1915,1,2,1,1.0,3,31424,M,0.0,0.0,31
201300003656,13,5,14,715,1,1,1,7.0,1,31187,M,0.0,0.0,31
201300003657,13,6,5,1530,1,1,1,1.0,3,31499,M,4352407.0,118170.0,31
201300003658,13,7,9,745,1,2,2,1.0,3,31187,M,4353883.0,123404.0,31
201300003659,13,7,10,1930,1,1,1,1.0,7,31424,M,4354037.0,130006.0,31
201300003660,13,7,16,800,1,2,2,1.0,3,31424,M,4356952.0,129185.0,31
201300003661,13,8,11,2315,5,2,4,1.0,3,31187,M,4354016.0,123628.0,31
201300003662,13,9,15,1845,1,2,1,1.0,6,31424,M,4357199.0,131226.0,31
201300003663,13,10,1,1730,1,2,6,1.0,1,31526,M,4357730.0,127252.0,31
201300003664,13,10,16,1915,3,1,1,2.0,3,31187,M,4354213.0,124035.0,31
201300003665,13,11,6,1830,5,2,1,1.0,3,31424,M,4356727.0,127494.0,31
201300003666,13,1,7,1815,5,2,1,5.0,6,31585,M,4312100.0,66700.0,31
201300003667,13,2,2,330,3,1,1,3.0,6,31372,M,0.0,0.0,31
201300003668,13,3,3,2115,4,2,1,1.0,6,31323,M,4307877.0,64052.0,31
201300003669,13,5,22,1130,1,1,1,2.0,4,31556,M,0.0,0.0,31
201300003670,13,6,11,1200,1,1,1,1.0,1,31274,M,0.0,0.0,31
201300003671,13,7,12,1515,1,2,1,7.0,7,31158,M,4309970.0,53627.0,31
201300003672,13,7,21,1015,1,2,1,7.0,1,31585,M,4313240.0,69149.0,31
201300003673,13,8,20,1000,1,2,1,1.0,6,31585,M,4312700.0,67400.0,31
201300003674,13,9,7,45,3,1,1,2.0,6,31585,M,4310622.0,68687.0,31
201300003675,13,9,17,1900,1,2,1,1.0,6,31586,M,0.0,0.0,31
201300003676,13,9,29,645,5,2,1,2.0,2,31031,M,4309050.0,58165.0,31
201300003677,13,10,20,500,3,1,1,1.0,6,31305,M,4315500.0,57700.0,31
201300003678,13,11,3,200,3,1,1,3.0,7,31586,M,0.0,0.0,31
201300003679,13,12,20,1545,1,1,1,1.0,1,31308,M,0.0,0.0,31
201300003680,13,12,21,230,3,1,1,1.0,1,31536,M,0.0,0.0,31
201300003681,13,1,5,1200,1,2,1,1.0,6,31471,M,0.0,0.0,31
201300003682,13,5,10,1145,1,1,1,1.0,5,31190,M,0.0,0.0,31
201300003683,13,5,25,1400,1,2,1,1.0,1,31042,M,4278872.0,59239.0,31
201300003684,13,7,16,315,5,2,1,1.0,6,31042,M,0.0,0.0,31
201300003685,13,9,22,1045,1,1,1,1.0,3,31176,M,4293925.0,64512.0,31
201300003686,13,12,15,300,3,1,1,1.0,1,31144,M,0.0,0.0,31
201300003687,13,12,15,1030,1,2,1,1.0,1,31471,M,0.0,0.0,31
201300003688,13,12,29,245,3,1,1,9.0,6,31404,M,4279954.0,51048.0,31
201300003689,13,2,14,900,1,1,1,2.0,7,31080,M,0.0,0.0,31
201300003690,13,3,31,1115,1,1,1,8.0,6,31080,M,0.0,0.0,31
201300003691,13,3,30,1215,1,2,1,1.0,3,31080,M,4328985.0,64495.0,31
201300003692,13,5,18,945,1,1,1,1.0,3,31178,M,0.0,0.0,31
201300003693,13,6,9,1330,1,1,1,3.0,7,31347,M,0.0,0.0,31
201300003694,13,6,15,1900,1,1,1,1.0,7,31001,M,0.0,0.0,31
201300003695,13,7,20,2200,3,1,1,1.0,6,31443,M,0.0,0.0,31
201300003696,13,8,5,1445,1,1,1,1.0,3,31468,M,0.0,0.0,31
201300003697,13,8,11,1345,1,1,1,1.0,6,31386,M,0.0,0.0,31
201300003698,13,9,4,1730,1,1,1,1.0,1,31218,M,0.0,0.0,31
201300003699,13,11,12,1130,1,1,3,2.0,3,31307,M,0.0,0.0,31
201300003700,13,9,25,1645,1,1,1,1.0,2,31114,M,0.0,0.0,31
201300003701,13,9,26,715,5,2,1,1.0,6,31523,M,0.0,0.0,31
201300003702,13,12,8,300,5,1,1,5.0,7,31059,M,0.0,0.0,31
201300003703,13,1,22,630,3,1,1,9.0,6,31560,M,0.0,0.0,31
201300003704,13,3,2,1730,1,1,1,1.0,1,31331,M,4352216.0,172583.0,31
201300003705,13,6,4,915,1,1,3,1.0,1,31582,M,4339730.0,170445.0,31
201300003706,13,7,3,815,1,1,2,2.0,3,31571,M,0.0,0.0,31
201300003707,13,7,5,1645,1,1,1,1.0,3,31374,M,4342810.0,161711.0,31
201300003708,13,7,18,515,5,1,1,1.0,1,31582,M,4340050.0,171268.0,31
201300003709,13,7,29,2000,1,1,1,1.0,3,31037,M,0.0,0.0,31
201300003710,13,8,22,1345,1,1,2,7.0,2,31054,M,0.0,0.0,31
201300003711,13,9,15,130,3,1,1,1.0,1,31137,M,4376200.0,123300.0,31
201300003712,13,11,29,2145,3,1,1,2.0,1,31328,M,0.0,0.0,31
201300003713,13,12,11,830,1,1,1,1.0,6,31026,M,0.0,0.0,31
201300003714,13,12,23,1730,2,1,1,2.0,6,31054,M,0.0,0.0,31
201300003715,13,1,1,1600,1,1,1,2.0,3,31451,M,0.0,0.0,31
201300003716,13,1,9,745,3,1,2,8.0,3,31451,M,0.0,0.0,31
201300003717,13,2,4,1315,1,1,1,2.0,3,31451,M,0.0,0.0,31
201300003718,13,5,26,2130,2,1,1,1.0,7,31463,M,0.0,0.0,31
201300003719,13,10,15,1645,1,1,1,1.0,1,31478,M,4344887.0,191626.0,31
201300003720,13,10,2,1815,1,1,1,1.0,6,09293,M,4298321.0,150356.0,09
201300003721,13,10,27,1415,1,1,1,1.0,7,09224,M,4308354.0,143490.0,09
201300003722,13,1,16,1215,1,2,6,2.0,6,09160,M,0.0,0.0,09
201300003723,13,2,2,1800,3,1,1,4.0,6,09093,M,4292923.0,170514.0,09
201300003724,13,3,2,1500,1,2,1,1.0,2,09106,M,4294630.0,185858.0,09
201300003725,13,4,15,2030,2,2,1,1.0,6,09047,M,4291083.0,195447.0,09
201300003726,13,4,16,815,1,1,1,1.0,7,09215,M,4291344.0,177510.0,09
201300003727,13,5,18,1245,1,1,1,1.0,3,09206,M,4291454.0,179391.0,09
201300003728,13,6,19,1445,1,2,1,1.0,6,09160,M,4293138.0,184613.0,09
201300003729,13,7,9,1415,1,1,1,1.0,1,09047,M,4291123.0,195997.0,09
201300003730,13,7,10,1915,1,1,1,1.0,1,09157,M,4297110.0,183554.0,09
201300003731,13,7,27,1415,1,1,1,1.0,6,09160,M,4293449.0,184928.0,09
201300003732,13,9,7,2030,1,1,1,2.0,6,09215,M,4291220.0,178347.0,09
201300003733,13,2,7,215,3,1,1,4.0,6,09188,M,4288336.0,162307.0,09
201300003734,13,4,6,2045,3,1,1,3.0,6,09306,M,4285229.0,158927.0,09
201300003735,13,4,20,2045,1,1,6,1.0,2,09306,M,4291820.0,164047.0,09
201300003736,13,4,14,2230,5,2,1,1.0,1,09238,M,4309311.0,172434.0,09
201300003737,13,4,17,845,1,2,2,1.0,3,09265,M,4308108.0,162401.0,09
201300003738,13,4,26,300,3,1,1,1.0,6,09116,M,4312957.0,155206.0,09
201300003739,13,6,21,1200,1,1,1,1.0,5,09264,M,4303380.0,162086.0,09
201300003740,13,10,23,1030,1,1,1,1.0,1,09332,M,4306175.0,164648.0,09
201300003741,13,12,15,1245,1,2,1,1.0,3,09265,M,4308500.0,162500.0,09
201300003742,13,2,12,1830,5,2,1,2.0,6,09167,M,4327926.0,134737.0,09
201300003743,13,1,3,1115,1,1,3,1.0,5,09178,M,4310398.0,191690.0,09
201300003744,13,12,4,730,2,1,1,9.0,3,09074,M,4302987.0,194433.0,09
201300003745,13,3,3,30,3,1,1,1.0,1,09076,M,4327042.0,155163.0,09
201300003746,13,5,31,745,1,1,1,3.0,3,09282,M,4320802.0,155942.0,09
201300003747,13,6,12,30,3,1,1,1.0,6,09315,M,4315533.0,170709.0,09
201300003748,13,6,24,645,1,2,1,1.0,6,09185,M,4325303.0,168211.0,09
201300003749,13,7,28,30,3,1,1,1.0,7,09199,M,4318292.0,170330.0,09
201300003750,13,8,8,1845,1,1,2,1.0,1,09282,M,4324068.0,158563.0,09
201300003751,13,8,20,1800,1,1,1,1.0,1,09282,M,0.0,0.0,09
201300003752,13,10,27,1445,1,1,2,1.0,3,09199,M,4318493.0,164030.0,09
201300003753,13,10,31,2000,3,2,2,2.0,3,09282,M,4323914.0,157288.0,09
201300003754,13,12,5,930,3,1,1,1.0,6,09282,M,4323062.0,160080.0,09
201300003755,13,1,7,545,3,1,1,9.0,7,09111,M,4294301.0,103832.0,09
201300003756,13,5,1,530,3,1,1,1.0,6,09082,M,0.0,0.0,09
201300003757,13,6,28,900,1,2,1,1.0,6,09261,M,4298421.0,114471.0,09
201300003758,13,7,6,830,1,1,1,1.0,6,09014,M,4293201.0,98542.0,09
201300003759,13,12,12,1745,1,2,1,7.0,6,09261,M,0.0,0.0,09
201300003760,13,12,14,500,4,2,1,3.0,2,09261,M,4299285.0,113728.0,09
201300003761,13,5,6,1915,1,1,1,1.0,7,09065,M,4290629.0,142809.0,09
201300003762,13,9,17,1530,1,1,1,1.0,3,09223,M,4288331.0,121542.0,09
201300003763,13,10,20,715,1,2,1,1.0,1,09086,M,4303400.0,108400.0,09
201300003764,13,5,17,2251,5,2,1,8.0,7,02168,M,4905141.0,340437.0,02
201300003765,13,5,19,405,3,1,1,3.0,7,02168,M,,,02
201300003766,13,6,14,1400,1,2,7,1.0,6,02168,M,4904218.0,340348.0,02
201300003767,13,6,27,1830,1,2,6,1.0,4,02168,M,4904296.0,339244.0,02
201300003768,13,8,17,1645,1,2,6,1.0,3,02168,M,4904451.0,340314.0,02
201300003769,13,9,3,1710,1,2,2,1.0,3,02168,M,,,02
201300003770,13,10,28,1445,1,1,1,1.0,6,02168,M,,,02
201300003771,13,12,6,1300,1,2,1,1.0,3,02168,M,4904414.0,340111.0,02
201300003772,13,12,7,1008,1,2,6,2.0,2,02168,M,4904019.0,340470.0,02
201300003773,13,12,16,1830,4,2,3,1.0,6,02168,M,4904734.0,339851.0,02
201300003774,13,3,22,1630,1,1,1,1.0,3,12188,M,4427300.0,279200.0,12
201300003775,13,7,19,1530,1,2,1,1.0,6,12133,M,0.0,0.0,12
201300003776,13,8,18,1800,1,2,1,1.0,1,12056,M,4427600.0,243000.0,12
201300003777,13,11,25,1800,5,2,1,1.0,6,12056,M,0.0,0.0,12
201300003778,13,2,1,2130,3,1,1,3.0,6,12046,M,4415900.0,233400.0,12
201300003779,13,3,4,45,3,1,1,1.0,6,12015,M,4413000.0,260000.0,12
201300003780,13,3,10,1500,1,1,1,4.0,6,12043,M,4428400.0,255000.0,12
201300003781,13,3,14,1200,1,1,1,1.0,5,12276,M,0.0,0.0,12
201300003782,13,3,29,745,1,1,1,5.0,1,12234,M,4424400.0,250300.0,12
201300003783,13,4,1,45,3,1,1,1.0,6,12046,M,4420600.0,240500.0,12
201300003784,13,5,11,1800,1,1,1,8.0,7,12197,M,4399800.0,255800.0,12
201300003785,13,7,2,1345,1,1,1,1.0,5,12046,M,4420100.0,239100.0,12
201300003786,13,7,5,1930,1,2,1,1.0,3,12197,M,4403700.0,253500.0,12
201300003787,13,7,29,2330,3,1,1,1.0,6,12057,M,4417600.0,252000.0,12
201300003788,13,8,14,1930,1,1,1,1.0,3,12043,M,4428200.0,254900.0,12
201300003789,13,9,8,1645,1,1,1,1.0,6,12057,M,0.0,0.0,12
201300003790,13,9,18,830,1,1,1,2.0,1,12065,M,4417300.0,243400.0,12
201300003791,13,10,9,1745,1,1,1,1.0,7,12197,M,4402800.0,254000.0,12
201300003792,13,11,6,1800,5,2,1,8.0,3,12197,M,4403800.0,253500.0,12
201300003793,13,11,11,1800,2,1,1,1.0,6,12043,M,4426700.0,254300.0,12
201300003794,13,11,22,1815,3,1,1,4.0,1,12267,M,4413600.0,254100.0,12
201300003795,13,12,5,1015,1,1,1,5.0,1,12065,M,4417300.0,243400.0,12
201300003796,13,1,14,945,1,1,1,4.0,1,12142,M,0.0,0.0,12
201300003797,13,4,30,915,1,1,1,2.0,3,12138,M,0.0,0.0,12
201300003798,13,5,5,600,4,1,1,1.0,6,12008,M,0.0,0.0,12
201300003799,13,5,21,1745,2,1,1,2.0,3,12254,M,0.0,0.0,12
201300003800,13,9,1,1900,1,1,1,1.0,3,12254,M,0.0,0.0,12
201300003801,13,11,4,945,1,1,1,3.0,5,12288,M,4444800.0,243900.0,12
201300003802,13,11,9,2130,3,1,1,3.0,4,12016,M,0.0,0.0,12
201300003803,13,11,18,1445,1,1,1,2.0,3,12288,M,0.0,0.0,12
201300003804,13,8,29,1400,1,1,1,1.0,1,12290,M,4443700.0,219400.0,12
201300003805,13,6,16,1545,1,1,1,1.0,6,12177,M,4441000.0,285600.0,12
201300003806,13,9,22,500,3,1,1,1.0,3,12033,M,0.0,0.0,12
201300003807,13,8,19,1300,1,1,1,2.0,6,12088,M,4465700.0,285100.0,12
201300003808,13,10,5,930,1,1,1,2.0,1,12112,M,0.0,0.0,12
201300003809,13,8,13,1830,1,1,1,1.0,7,12280,M,0.0,0.0,12
201300003810,13,8,21,1830,1,2,1,1.0,6,12094,M,0.0,0.0,12
201300003811,13,10,11,1000,1,2,1,1.0,6,12094,M,0.0,0.0,12
201300003812,13,1,11,1515,1,2,1,1.0,1,12219,M,0.0,0.0,12
201300003813,13,5,13,1130,1,2,1,1.0,6,12224,M,0.0,0.0,12
201300003814,13,1,2,1530,1,1,1,7.0,3,12168,M,4402300.0,334300.0,12
201300003815,13,6,22,1445,1,2,1,1.0,6,12200,M,0.0,0.0,12
201300003816,13,6,26,900,3,1,1,1.0,1,12145,M,0.0,0.0,12
201300003817,13,7,25,1930,1,2,1,1.0,7,12160,M,0.0,0.0,12
201300003818,13,8,18,1745,1,1,9,1.0,3,12204,M,0.0,0.0,12
201300003819,13,8,26,1030,1,1,1,1.0,3,12160,M,0.0,0.0,12
201300003820,13,9,18,1715,1,1,1,2.0,6,12168,M,0.0,0.0,12
201300003821,13,10,3,1230,1,1,1,1.0,1,12260,M,0.0,0.0,12
201300003822,13,10,10,1400,1,1,1,8.0,7,12145,M,0.0,0.0,12
201300003823,13,10,11,1630,1,1,1,1.0,6,12225,M,0.0,0.0,12
201300003824,13,10,20,1200,1,1,1,8.0,7,12204,M,0.0,0.0,12
201300003825,13,11,15,1630,1,1,1,1.0,6,12178,M,4414800.0,310700.0,12
201300003826,13,2,19,1815,1,1,1,1.0,6,12006,M,0.0,0.0,12
201300003827,13,5,9,1700,1,1,1,3.0,7,12213,M,0.0,0.0,12
201300003828,13,8,2,1130,1,1,1,1.0,4,12213,M,4418100.0,300900.0,12
201300003829,13,7,19,1345,1,2,1,1.0,3,12237,M,0.0,0.0,12
201300003830,13,7,26,1945,1,1,1,1.0,1,12247,M,0.0,0.0,12
201300003831,13,7,29,1900,1,1,1,1.0,6,12237,M,0.0,0.0,12
201300003832,13,12,31,1645,2,1,1,1.0,1,12284,M,4408200.0,273300.0,12
201300003833,13,5,25,1300,1,2,1,8.0,3,12208,M,4395900.0,289400.0,12
201300003834,13,8,31,1930,1,1,1,1.0,7,12077,M,4390500.0,317500.0,12
201300003835,13,9,3,1630,1,1,1,1.0,2,12286,M,4392200.0,282500.0,12
201300003836,13,9,10,1945,1,2,1,1.0,6,12208,M,4395600.0,289500.0,12
201300003837,13,9,14,1915,1,1,1,1.0,6,12244,M,4406200.0,290100.0,12
201300003838,13,9,16,1515,1,1,1,1.0,1,12286,M,4394800.0,282600.0,12
201300003839,13,10,11,1645,1,1,1,1.0,2,12155,M,4387700.0,311800.0,12
201300003840,13,6,7,730,1,1,1,1.0,3,12044,M,4384000.0,284900.0,12
201300003841,13,1,3,1830,3,1,1,1.0,3,12136,M,0.0,0.0,12
201300003842,13,3,7,1530,1,2,1,1.0,6,12300,M,0.0,0.0,12
201300003843,13,7,13,945,1,2,1,1.0,7,12300,M,0.0,0.0,12
201300003844,13,9,14,915,1,2,7,1.0,6,12300,M,0.0,0.0,12
201300003845,13,11,28,1545,1,1,1,1.0,6,12136,M,0.0,0.0,12
201300003846,13,12,7,1745,3,1,1,1.0,1,12300,M,0.0,0.0,12
201300003847,13,3,5,1545,1,2,1,1.0,6,12052,M,4458000.0,208500.0,12
201300003848,13,6,6,1515,1,1,1,1.0,2,12052,M,4455800.0,208500.0,12
201300003849,13,6,22,2230,3,1,1,1.0,3,12257,M,4454200.0,198100.0,12
201300003850,13,10,16,1300,1,1,1,1.0,3,12052,M,4456200.0,203200.0,12
201300003851,13,12,10,1215,1,1,1,1.0,1,12003,M,0.0,0.0,12
201300003852,13,8,11,1000,1,1,1,1.0,6,12259,M,4428500.0,201700.0,12
201300003853,13,8,21,1900,1,1,1,1.0,3,12167,M,4422700.0,200500.0,12
201300003854,13,8,24,1645,1,1,1,3.0,7,12189,M,4426600.0,226400.0,12
201300003855,13,11,10,1730,2,2,1,1.0,7,12198,M,4430900.0,221700.0,12
201300003856,13,12,15,1700,1,1,1,1.0,6,12150,M,4427300.0,198000.0,12
201300003857,13,3,2,1630,1,1,1,1.0,1,32029,M,4363830.0,47686.0,32
201300003858,13,5,18,1315,1,1,1,8.0,6,32117,M,4367950.0,56192.0,32
201300003859,13,5,30,820,1,1,1,2.0,1,32381,M,4356680.0,53255.0,32
201300003860,13,7,2,1500,1,1,1,1.0,7,32207,M,4366180.0,65286.0,32
201300003861,13,7,9,1700,1,1,1,1.0,7,32300,M,4355500.0,61048.0,32
201300003862,13,8,7,1245,1,1,1,1.0,6,32312,M,4361690.0,67579.0,32
201300003863,13,10,11,1315,1,1,1,1.0,1,32117,M,4367330.0,54396.0,32
201300003864,13,12,13,2145,5,2,1,3.0,6,32312,M,4362080.0,64687.0,32
201300003865,13,12,29,215,3,1,1,2.0,1,32312,M,0.0,0.0,32
201300003866,13,1,23,1630,1,1,1,8.0,3,32249,M,4374370.0,87239.0,32
201300003867,13,4,17,1415,1,1,1,1.0,1,32288,M,4357990.0,86875.0,32
201300003868,13,6,9,415,3,1,1,1.0,6,32147,M,4362310.0,90811.0,32
201300003869,13,8,6,2030,1,1,1,1.0,7,32165,M,4359570.0,81864.0,32
201300003870,13,10,31,1615,1,1,1,1.0,1,32147,M,4362500.0,91200.0,32
201300003871,13,1,1,1830,3,1,1,2.0,1,32160,M,4364180.0,105432.0,32
201300003872,13,3,30,600,3,1,1,2.0,6,32377,M,0.0,0.0,32
201300003873,13,6,7,1645,1,2,3,1.0,2,32160,M,4362220.0,110699.0,32
201300003874,13,6,24,800,1,1,1,1.0,6,32210,M,4356120.0,112799.0,32
201300003875,13,7,27,1115,1,1,1,1.0,3,32268,M,4360300.0,100678.0,32
201300003876,13,7,29,1730,1,1,6,1.0,7,32160,M,0.0,0.0,32
201300003877,13,9,19,715,2,1,1,8.0,5,32268,M,4360850.0,96868.0,32
201300003878,13,9,22,2015,5,1,6,1.0,6,32160,M,4362470.0,111421.0,32
201300003879,13,12,13,1730,2,1,1,1.0,7,32016,M,4357740.0,104964.0,32
201300003880,13,1,11,2230,3,1,1,1.0,7,32051,M,4351790.0,89413.0,32
201300003881,13,1,16,1445,1,1,1,6.0,6,32321,M,4352090.0,87312.0,32
201300003882,13,3,22,2230,3,2,1,2.0,6,32356,M,4356230.0,85643.0,32
201300003883,13,5,4,1845,1,2,3,1.0,3,32410,M,4348940.0,92755.0,32
201300003884,13,6,30,1030,1,2,4,1.0,3,32213,M,0.0,0.0,32
201300003885,13,8,15,1830,1,1,1,1.0,6,32261,M,4344500.0,100040.0,32
201300003886,13,8,17,2015,1,2,1,7.0,6,32213,M,4347560.0,91160.0,32
201300003887,13,8,27,1230,1,1,1,1.0,1,32410,M,4349860.0,88463.0,32
201300003888,13,12,31,2345,3,1,1,1.0,7,32462,M,4376100.0,33500.0,32
201300003889,13,1,13,2330,3,1,1,1.0,6,32462,M,4377200.0,26500.0,32
201300003890,13,2,8,900,1,2,1,1.0,6,32462,M,4375810.0,30038.0,32
201300003891,13,2,14,1515,1,1,1,1.0,1,32301,M,4371500.0,44300.0,32
201300003892,13,4,21,500,3,1,1,1.0,7,32384,M,4371770.0,50172.0,32
201300003893,13,6,11,1730,1,1,1,1.0,7,32301,M,4370830.0,44497.0,32
201300003894,13,6,21,845,1,2,3,2.0,6,32462,M,4375790.0,29926.0,32
201300003895,13,7,12,1800,1,1,1,1.0,6,32462,M,4377070.0,30248.0,32
201300003896,13,7,13,1045,1,1,1,1.0,6,32462,M,4373320.0,30887.0,32
201300003897,13,9,29,1700,1,1,1,8.0,7,32301,M,4371220.0,43619.0,32
201300003898,13,10,16,815,2,1,1,2.0,6,32054,M,4371370.0,42979.0,32
201300003899,13,11,24,545,3,1,1,1.0,6,32054,M,4369100.0,38900.0,32
201300003900,13,1,16,1900,3,1,1,3.0,1,32044,M,4393230.0,40049.0,32
201300003901,13,2,22,1145,1,1,2,1.0,3,32402,M,4378710.0,37702.0,32
201300003902,13,3,26,1245,1,1,1,1.0,6,32079,M,4391510.0,9523.0,32
201300003903,13,4,2,545,3,1,1,1.0,6,32083,M,0.0,0.0,32
201300003904,13,5,8,1815,1,2,1,8.0,5,32107,M,4395590.0,36619.0,32
201300003905,13,5,18,1015,1,1,1,1.0,6,32107,M,4396850.0,30281.0,32