Num_Acc,an,mois,jour,hrmn,lum,agg,int,atm,col,com,gps,lat,long,dep
201300003906,13,6,4,930,1,1,2,7.0,3,32352,M,4381210.0,38630.0,32
201300003907,13,6,29,15,3,1,1,1.0,6,32404,M,4387750.0,45600.0,32
201300003908,13,7,16,930,1,2,1,1.0,6,32133,M,4399280.0,22979.0,32
201300003909,13,7,16,1545,1,1,1,1.0,7,32197,M,4397170.0,29841.0,32
201300003910,13,9,5,2215,5,2,1,1.0,6,32107,M,4395460.0,36420.0,32
201300003911,13,10,16,1630,1,1,1,8.0,3,32107,M,4392860.0,35528.0,32
201300003912,13,10,27,1415,1,1,1,1.0,6,32459,M,4386680.0,35990.0,32
201300003913,13,1,2,1815,3,1,1,1.0,7,32119,M,4389510.0,9528.0,32
201300003914,13,5,5,2230,3,1,1,1.0,6,32264,M,4393650.0,-12406.0,32
201300003915,13,6,26,1830,1,1,3,1.0,1,32096,M,4393590.0,-8598.0,32
201300003916,13,7,19,1130,1,1,2,1.0,1,32296,M,4375430.0,-4825.0,32
201300003917,13,7,30,900,1,1,1,1.0,1,32264,M,4393180.0,-11313.0,32
201300003918,13,8,16,1130,1,2,1,1.0,6,32119,M,4386050.0,9903.0,32
201300003919,13,12,11,500,3,1,1,1.0,6,32119,M,4384890.0,13039.0,32
201300003920,13,2,27,1445,1,1,4,1.0,6,32208,M,4395370.0,65104.0,32
201300003921,13,3,27,1745,1,1,3,1.0,3,32208,M,4391780.0,62677.0,32
201300003922,13,4,3,1200,1,1,3,1.0,1,32286,M,4380400.0,64185.0,32
201300003923,13,4,5,800,1,1,4,1.0,3,32208,M,4392400.0,62361.0,32
201300003924,13,5,6,1715,1,1,1,1.0,6,32241,M,4389640.0,54098.0,32
201300003925,13,5,13,630,1,1,1,1.0,6,32208,M,4395200.0,61177.0,32
201300003926,13,5,23,1900,1,2,1,1.0,1,32208,M,4393600.0,64260.0,32
201300003927,13,6,8,2300,3,1,1,2.0,6,32208,M,4397460.0,63934.0,32
201300003928,13,6,16,1515,1,1,1,1.0,7,32208,M,4394150.0,59847.0,32
201300003929,13,8,9,1830,1,1,1,1.0,6,32132,M,4385020.0,64262.0,32
201300003930,13,8,22,1100,1,1,1,1.0,3,32047,M,4401750.0,53657.0,32
201300003931,13,8,27,1200,1,1,1,1.0,6,32239,M,4393650.0,51700.0,32
201300003932,13,9,4,1730,1,1,1,1.0,6,32132,M,4386400.0,63294.0,32
201300003933,13,10,3,1115,1,2,1,2.0,3,32132,M,4385830.0,66077.0,32
201300003934,13,11,13,1430,1,1,1,1.0,1,32208,M,4393000.0,58114.0,32
201300003935,13,9,28,2045,3,1,1,1.0,7,32405,M,4385180.0,60500.0,32
201300003936,13,10,15,615,3,1,1,1.0,7,32208,M,4396190.0,69834.0,32
201300003937,13,1,11,2100,3,1,1,1.0,7,32397,M,4345150.0,41009.0,32
201300003938,13,1,17,800,2,2,1,1.0,6,32256,M,4351580.0,40639.0,32
201300003939,13,1,28,745,5,2,1,8.0,6,32426,M,4349580.0,59377.0,32
201300003940,13,2,6,1615,1,2,3,3.0,3,32185,M,4334350.0,65294.0,32
201300003941,13,2,27,1830,1,1,1,1.0,1,32122,M,4342350.0,56078.0,32
201300003942,13,5,18,1345,1,1,1,2.0,6,32053,M,4337800.0,61636.0,32
201300003943,13,5,22,1115,1,1,1,3.0,5,32254,M,4354530.0,46951.0,32
201300003944,13,6,9,1700,1,1,1,2.0,1,32254,M,4354520.0,46945.0,32
201300003945,13,7,16,1715,1,1,3,2.0,2,32254,M,4353720.0,44522.0,32
201300003946,13,9,22,130,3,1,1,1.0,6,32397,M,4344770.0,41470.0,32
201300003947,13,10,26,45,3,1,1,1.0,2,32256,M,4351600.0,60200.0,32
201300003948,13,11,14,930,1,1,1,1.0,1,32254,M,0.0,0.0,32
201300003949,13,1,21,1645,1,1,1,8.0,7,32446,M,4348720.0,26182.0,32
201300003950,13,3,3,645,1,1,1,1.0,6,32373,M,4340580.0,39581.0,32
201300003951,13,3,6,1130,1,1,1,1.0,6,32278,M,4340000.0,43855.0,32
201300003952,13,5,26,1030,1,1,1,7.0,6,32205,M,0.0,0.0,32
201300003953,13,7,3,545,2,1,1,1.0,6,32159,M,0.0,0.0,32
201300003954,13,9,28,945,1,1,1,8.0,7,32252,M,4342800.0,29700.0,32
201300003955,13,10,11,1615,1,1,4,1.0,1,32030,M,4351000.0,28345.0,32
201300003956,13,10,25,1445,1,2,7,1.0,6,32252,M,4342960.0,30762.0,32
201300003957,13,12,8,1805,3,1,1,1.0,1,32273,M,4349990.0,23378.0,32
201300003958,13,2,1,1700,1,1,1,1.0,6,32245,M,4360410.0,-8238.0,32
201300003959,13,3,11,1430,1,1,1,1.0,6,32235,M,0.0,0.0,32
201300003960,13,3,29,745,1,2,2,1.0,3,32344,M,4365350.0,-8799.0,32
201300003961,13,5,7,1945,1,1,1,1.0,1,32046,M,4366900.0,-22796.0,32
201300003962,13,8,3,1445,2,1,1,1.0,1,32414,M,0.0,0.0,32
201300003963,13,8,13,1045,1,2,1,1.0,3,32344,M,4366810.0,-7953.0,32
201300003964,13,1,31,2115,3,1,1,1.0,2,46109,M,4434091.0,150022.0,46
201300003965,13,3,2,145,3,1,1,1.0,2,46202,M,0.0,0.0,46
201300003966,13,6,28,1545,1,1,1,1.0,2,46323,M,4460700.0,150134.0,46
201300003967,13,8,15,1245,1,1,1,1.0,6,46210,M,4456391.0,151327.0,46
201300003968,13,1,4,1645,1,1,1,8.0,6,46329,M,4432534.0,163708.0,46
201300003969,13,2,2,530,3,1,1,8.0,6,46329,M,4433608.0,164180.0,46
201300003970,13,2,16,545,3,1,1,1.0,6,46202,M,4430500.0,147200.0,46
201300003971,13,7,21,830,1,1,1,1.0,3,46262,M,4431518.0,128800.0,46
201300003972,13,11,18,1715,2,1,1,2.0,6,46137,M,4440392.0,141641.0,46
201300003973,13,11,19,1815,3,1,1,1.0,6,46201,M,4432174.0,117801.0,46
201300003974,13,1,12,1245,1,1,1,2.0,1,46335,M,4440407.0,133800.0,46
201300003975,13,2,10,1115,1,1,1,2.0,6,46184,M,4465666.0,115381.0,46
201300003976,13,4,20,1745,1,1,1,1.0,6,46126,M,4457523.0,120423.0,46
201300003977,13,4,25,2100,3,1,1,1.0,6,46062,M,0.0,0.0,46
201300003978,13,4,26,1845,1,1,1,2.0,1,46335,M,4438773.0,132951.0,46
201300003979,13,5,1,2245,3,1,1,1.0,6,46114,M,4457152.0,114538.0,46
201300003980,13,9,3,915,1,1,1,1.0,1,46184,M,4466425.0,119707.0,46
201300003981,13,9,8,1015,1,1,1,3.0,6,46089,M,4451433.0,106599.0,46
201300003982,13,12,23,1930,5,2,1,1.0,2,46307,M,4448903.0,101801.0,46
201300003983,13,1,15,1145,1,1,1,4.0,6,46100,M,4456266.0,202568.0,46
201300003984,13,3,22,1600,1,2,1,1.0,2,46015,M,4466806.0,215905.0,46
201300003985,13,4,16,1615,1,1,1,1.0,6,46221,M,4464152.0,204288.0,46
201300003986,13,4,25,930,1,1,1,1.0,1,46015,M,4464589.0,215540.0,46
201300003987,13,4,29,1900,1,2,1,1.0,6,46102,M,4460673.0,202405.0,46
201300003988,13,5,27,1730,1,2,1,1.0,3,46102,M,4461072.0,202937.0,46
201300003989,13,6,26,830,1,1,1,1.0,1,46108,M,4467698.0,194616.0,46
201300003990,13,9,6,1915,1,2,1,1.0,3,46102,M,4459953.0,201552.0,46
201300003991,13,10,5,1000,1,1,1,2.0,5,46015,M,4465633.0,213317.0,46
201300003992,13,11,15,900,3,1,1,1.0,5,46108,M,4465389.0,198019.0,46
201300003993,13,1,31,1845,3,1,1,2.0,1,46132,M,4425700.0,130200.0,46
201300003994,13,6,2,830,1,1,1,1.0,1,46045,M,4450557.0,186216.0,46
201300003995,13,6,13,1815,1,1,1,1.0,7,46051,M,4462850.0,190936.0,46
201300003996,13,7,6,1430,1,1,1,1.0,7,46021,M,4458523.0,196080.0,46
201300003997,13,7,9,830,1,1,1,1.0,1,46319,M,4473392.0,185114.0,46
201300003998,13,7,22,1915,1,1,1,1.0,6,46034,M,4471316.0,191090.0,46
201300003999,13,7,28,130,3,1,1,1.0,6,46133,M,4457726.0,129965.0,46
201300004000,13,8,21,1515,1,1,1,1.0,7,46143,M,4473131.0,194224.0,46
201300004001,13,11,5,1245,1,1,1,3.0,7,46012,M,4479970.0,183955.0,46
201300004002,13,11,15,1345,1,1,1,2.0,6,46034,M,4469687.0,192081.0,46
201300004003,13,12,26,415,3,1,3,2.0,6,46143,M,4473911.0,192257.0,46
201300004004,13,1,11,1645,1,2,1,1.0,6,46229,M,4492183.0,177827.0,46
201300004005,13,1,14,1400,1,1,1,8.0,3,46229,M,4491202.0,179306.0,46
201300004006,13,1,24,1200,1,2,1,1.0,1,46251,M,4485784.0,189340.0,46
201300004007,13,6,25,1645,1,1,1,8.0,2,46284,M,4489722.0,185866.0,46
201300004008,13,7,6,1230,1,1,1,1.0,1,46124,M,4491957.0,186147.0,46
201300004009,13,8,1,930,1,2,2,1.0,3,46029,M,4493192.0,184874.0,46
201300004010,13,8,5,1815,1,1,1,1.0,3,46282,M,0.0,0.0,46
201300004011,13,8,5,1930,1,1,1,1.0,1,46177,M,4483612.0,181297.0,46
201300004012,13,9,20,1415,1,1,3,1.0,3,46251,M,4485566.0,189333.0,46
201300004013,13,11,27,930,1,2,1,1.0,3,46229,M,4491692.0,177331.0,46
201300004014,13,12,12,900,1,2,1,1.0,2,46038,M,0.0,0.0,46
201300004015,13,2,1,1030,1,1,1,1.0,6,46334,M,4474343.0,145856.0,46
201300004016,13,3,5,1930,3,1,1,1.0,6,46127,M,4473900.0,135500.0,46
201300004017,13,5,26,1745,1,2,1,1.0,1,46216,M,4475855.0,135195.0,46
201300004018,13,10,25,1545,1,1,1,1.0,3,46216,M,4475682.0,136383.0,46
201300004019,13,11,7,1715,1,1,1,1.0,7,46169,M,4471048.0,130196.0,46
201300004020,13,2,21,1530,2,2,1,7.0,3,46138,M,4464947.0,157134.0,46
201300004021,13,4,28,1115,1,1,1,1.0,6,46240,M,4481899.0,165993.0,46
201300004022,13,4,29,1600,1,1,1,1.0,3,46078,M,4476495.0,164974.0,46
201300004023,13,5,21,1700,1,1,1,2.0,3,46240,M,4480581.0,161381.0,46
201300004024,13,6,12,1930,1,2,1,1.0,6,46128,M,4478110.0,172129.0,46
201300004025,13,7,6,1300,1,1,2,1.0,3,46240,M,4482067.0,165737.0,46
201300004026,13,8,20,1015,1,2,9,1.0,6,46138,M,,,46
201300004027,13,1,12,615,3,1,8,2.0,1,46298,M,4501573.0,161358.0,46
201300004028,13,6,7,1745,1,2,1,1.0,6,46145,M,4490600.0,148100.0,46
201300004029,13,7,2,1945,1,1,1,1.0,6,46185,M,4493631.0,160354.0,46
201300004030,13,8,10,2300,3,1,3,1.0,3,46208,M,4489578.0,162099.0,46
201300004031,13,12,12,1315,1,1,1,1.0,3,46185,M,4494700.0,159600.0,46
201300004032,13,12,15,1400,1,1,1,1.0,1,46298,M,4501623.0,161377.0,46
201300004033,13,1,31,1745,2,1,1,1.0,6,65048,M,4331111.0,9731.0,65
201300004034,13,6,10,2245,3,1,1,1.0,7,65257,M,4316051.0,-1538.0,65
201300004035,13,8,2,1245,1,2,1,1.0,7,65062,M,4319981.0,11098.0,65
201300004036,13,8,17,1645,1,1,1,1.0,3,65002,M,4315685.0,-1981.0,65
201300004037,13,10,8,830,1,1,1,1.0,3,65257,M,4316130.0,-1430.0,65
201300004038,13,11,20,1,3,1,1,2.0,6,65422,M,4331660.0,-11024.0,65
201300004039,13,12,3,1815,5,2,1,1.0,6,65002,M,4313254.0,-2705.0,65
201300004040,13,12,13,45,3,1,1,1.0,5,65002,M,4315724.0,-1950.0,65
201300004041,13,1,12,2000,3,1,1,2.0,3,65184,M,4317098.0,39879.0,65
201300004042,13,8,6,730,2,2,1,1.0,6,65452,M,4332685.0,36202.0,65
201300004043,13,7,7,730,1,2,1,1.0,6,65303,M,0.0,0.0,65
201300004044,13,7,20,2000,1,1,1,1.0,3,65303,M,4319582.0,16889.0,65
201300004045,13,9,14,1930,2,1,1,1.0,7,65409,M,4338647.0,12061.0,65
201300004046,13,11,11,1645,1,2,1,1.0,6,65457,M,4333746.0,9823.0,65
201300004047,13,4,10,1030,1,2,1,1.0,6,65362,M,4296130.0,-7903.0,65
201300004048,13,8,28,530,2,1,1,1.0,7,65168,M,4288538.0,-1595.0,65
201300004049,13,1,29,1900,5,2,3,1.0,3,65059,M,4306671.0,14894.0,65
201300004050,13,6,24,630,1,2,2,1.0,3,65198,M,4305419.0,16121.0,65
201300004051,13,6,25,1515,1,1,1,1.0,2,65123,M,4292475.0,19815.0,65
201300004052,13,10,30,1030,1,2,3,1.0,1,65370,M,4308220.0,13824.0,65
201300004053,13,1,12,1915,3,1,1,4.0,1,65258,M,4310527.0,40171.0,65
201300004054,13,2,5,1730,2,1,1,2.0,7,65307,M,4308991.0,52790.0,65
201300004055,13,3,10,1115,1,2,1,1.0,6,65363,M,4311627.0,43381.0,65
201300004056,13,5,6,1200,1,1,1,1.0,7,65455,M,4306964.0,45419.0,65
201300004057,13,7,9,1400,1,2,1,1.0,1,65394,M,4307682.0,51066.0,65
201300004058,13,7,25,1215,1,1,1,1.0,1,65305,M,4294617.0,56733.0,65
201300004059,13,8,11,630,2,1,1,1.0,7,65389,M,4309597.0,49084.0,65
201300004060,13,9,16,715,2,2,6,1.0,3,65258,M,4312246.0,38787.0,65
201300004061,13,10,25,1745,1,1,1,1.0,5,65125,M,4311540.0,36528.0,65
201300004062,13,10,30,2200,5,2,1,1.0,1,65258,M,4312460.0,38377.0,65
201300004063,13,11,23,1515,1,1,1,8.0,3,65363,M,4312655.0,43685.0,65
201300004064,13,1,13,1745,2,1,1,6.0,7,65283,M,4279997.0,45530.0,65
201300004065,13,3,30,445,3,1,1,1.0,6,65199,M,4279427.0,44241.0,65
201300004066,13,6,5,1630,1,1,1,1.0,6,65388,M,4281231.0,31745.0,65
201300004067,13,6,30,1730,1,1,1,1.0,6,65212,M,4286934.0,33657.0,65
201300004068,13,8,16,300,5,1,1,1.0,7,65017,M,4278021.0,19662.0,65
201300004069,13,11,4,2000,3,1,1,3.0,2,65211,M,4283954.0,34307.0,65
201300004070,13,11,6,930,1,1,1,8.0,1,65408,M,4298057.0,37490.0,65
201300004071,13,3,11,1830,2,2,6,3.0,3,81101,M,4401170.0,215873.0,81
201300004072,13,5,22,700,1,1,1,2.0,6,81291,M,4401000.0,212300.0,81
201300004073,13,10,6,1745,1,1,1,1.0,2,81063,M,4395200.0,211800.0,81
201300004074,13,12,10,1015,1,1,1,1.0,6,81048,M,0.0,0.0,81
201300004075,13,1,22,630,3,1,1,8.0,1,81218,M,4388860.0,216502.0,81
201300004076,13,3,29,830,1,1,1,1.0,3,81147,M,4381570.0,216782.0,81
201300004077,13,11,30,1930,3,1,1,1.0,5,81079,M,4384100.0,218800.0,81
201300004078,13,3,27,1230,1,1,1,1.0,2,81277,M,4401300.0,224700.0,81
201300004079,13,7,31,645,2,1,1,7.0,7,81186,M,0.0,0.0,81
201300004080,13,11,7,1400,1,1,1,1.0,1,81230,M,4403600.0,218700.0,81
201300004081,13,3,10,1845,1,1,1,1.0,3,81074,M,0.0,0.0,81
201300004082,13,4,14,1845,1,1,1,1.0,6,81317,M,4388550.0,233291.0,81
201300004083,13,4,22,1430,1,1,1,1.0,1,81003,M,4388790.0,245121.0,81
201300004084,13,6,22,1845,1,1,1,1.0,1,81203,M,4388500.0,239789.0,81
201300004085,13,7,20,1930,1,1,1,1.0,7,81295,M,4386400.0,233800.0,81
201300004086,13,10,20,915,1,1,1,1.0,4,81096,M,4390000.0,241700.0,81
201300004087,13,12,15,745,2,1,1,1.0,6,81003,M,4389200.0,245600.0,81
201300004088,13,2,16,900,1,2,1,7.0,7,81105,M,4376050.0,197185.0,81
201300004089,13,5,15,1615,1,2,1,3.0,2,81105,M,4376400.0,196600.0,81
201300004090,13,6,28,1615,1,2,1,1.0,1,81039,M,4375600.0,190600.0,81
201300004091,13,7,4,1900,1,1,2,1.0,3,81105,M,4374200.0,203399.0,81
201300004092,13,8,21,1600,1,1,1,1.0,1,81105,M,4374100.0,203700.0,81
201300004093,13,9,10,1400,1,2,1,1.0,3,81124,M,0.0,0.0,81
201300004094,13,9,20,1845,1,1,2,1.0,3,81031,M,4361200.0,246500.0,81
201300004095,13,1,19,2100,5,2,1,3.0,6,81140,M,4370050.0,181827.0,81
201300004096,13,7,5,1615,1,1,1,1.0,6,81104,M,4376900.0,177000.0,81
201300004097,13,7,17,900,1,1,1,1.0,6,81324,M,0.0,0.0,81
201300004098,13,7,17,1315,1,1,1,1.0,7,81324,M,0.0,0.0,81
201300004099,13,9,21,115,5,2,1,1.0,7,81271,M,0.0,0.0,81
201300004100,13,9,28,130,3,1,1,1.0,6,81298,M,0.0,0.0,81
201300004101,13,10,25,2015,3,1,1,1.0,1,81271,M,0.0,0.0,81
201300004102,13,12,8,1230,1,2,1,1.0,6,81140,M,0.0,0.0,81
201300004103,13,3,8,900,2,1,1,1.0,1,81177,M,4370010.0,221260.0,81
201300004104,13,3,30,1045,1,1,1,2.0,1,81221,M,4378850.0,242607.0,81
201300004105,13,3,31,900,1,1,1,8.0,6,81268,M,4378630.0,261963.0,81
201300004106,13,6,30,1130,2,1,1,8.0,1,81177,M,0.0,0.0,81
201300004107,13,6,30,1515,1,1,2,1.0,3,81252,M,4366900.0,223200.0,81
201300004108,13,8,15,1700,1,2,1,1.0,6,81182,M,4372300.0,233400.0,81
201300004109,13,5,6,815,1,1,1,1.0,3,81098,M,0.0,0.0,81
201300004110,13,6,21,1700,1,1,1,1.0,1,81040,M,0.0,0.0,81
201300004111,13,7,20,2015,1,1,1,1.0,1,81281,M,0.0,0.0,81
201300004112,13,8,2,1300,1,1,1,1.0,1,81266,M,4365000.0,198700.0,81
201300004113,13,8,10,1430,1,1,1,1.0,1,81159,M,0.0,0.0,81
201300004114,13,10,26,1115,1,1,1,1.0,6,81139,M,0.0,0.0,81
201300004115,13,10,27,1530,1,2,1,1.0,6,81132,M,0.0,0.0,81
201300004116,13,3,21,2115,3,1,1,1.0,6,81046,M,4385590.0,197374.0,81
201300004117,13,3,24,545,3,1,1,1.0,6,81131,M,4390600.0,201399.0,81
201300004118,13,4,26,1845,2,1,1,2.0,6,81041,M,4395900.0,187500.0,81
201300004119,13,5,6,1840,1,2,2,1.0,3,81099,M,4390800.0,189700.0,81
201300004120,13,6,1,45,3,1,1,1.0,7,81099,M,4391400.0,186500.0,81
201300004121,13,6,26,1645,1,2,1,1.0,3,81225,M,4391900.0,196300.0,81
201300004122,13,9,21,1730,1,1,1,1.0,1,81099,M,4391200.0,190600.0,81
201300004123,13,9,25,2030,3,1,1,1.0,3,81038,M,4388400.0,190900.0,81
201300004124,13,10,21,1745,1,1,2,1.0,3,81099,M,4392300.0,196800.0,81
201300004125,13,10,31,1730,1,1,1,1.0,1,81029,M,4395900.0,199300.0,81
201300004126,13,11,18,1645,1,1,1,2.0,1,81099,M,0.0,0.0,81
201300004127,13,1,17,745,1,2,1,1.0,3,69089,M,4572800.0,478100.0,69
201300004128,13,1,23,1415,1,2,2,1.0,5,69069,M,0.0,0.0,69
201300004129,13,5,17,1845,1,2,1,1.0,7,69205,M,4576500.0,473300.0,69
201300004130,13,7,24,1100,1,2,1,1.0,6,69069,M,0.0,0.0,69
201300004131,13,12,10,830,2,2,1,8.0,3,69089,M,4573900.0,476600.0,69
201300004132,13,3,9,1125,1,2,1,1.0,6,02408,M,4955338.0,360670.0,02
201300004133,13,4,2,1812,1,2,1,1.0,6,02408,M,4957122.0,363553.0,02
201300004134,13,4,3,1822,1,2,1,1.0,6,02408,M,4958730.0,364441.0,02
201300004135,13,4,11,1525,1,2,1,1.0,6,02157,M,4958695.0,364954.0,02
201300004136,13,4,29,1615,1,1,4,1.0,3,02408,M,,,02
201300004137,13,5,26,424,5,2,1,2.0,6,02408,M,4956661.0,363130.0,02
201300004138,13,5,27,1025,1,2,1,1.0,3,02408,M,4957375.0,363549.0,02
201300004139,13,6,4,2110,1,1,1,1.0,6,02408,M,4953930.0,360425.0,02
201300004140,13,4,14,110,4,2,1,1.0,6,02408,M,4956956.0,362477.0,02
201300004141,13,5,30,1625,1,2,6,1.0,3,02408,M,4956871.0,364709.0,02
201300004142,13,6,9,1830,1,2,6,2.0,3,02408,M,4956831.0,362400.0,02
201300004143,13,6,9,1935,1,1,6,2.0,1,02408,M,,,02
201300004144,13,6,14,1525,1,1,6,1.0,3,02408,M,,,02
201300004145,13,7,4,2145,5,2,3,1.0,3,02408,M,4957200.0,360134.0,02
201300004146,13,7,5,1850,1,1,1,1.0,1,02408,M,4957190.0,360119.0,02
201300004147,13,7,18,750,1,2,1,1.0,6,02408,M,4954885.0,362237.0,02
201300004148,13,7,19,1450,1,1,4,1.0,3,02408,M,,,02
201300004149,13,7,23,1055,1,2,1,1.0,6,02408,M,4956942.0,362421.0,02
201300004150,13,7,29,915,1,1,6,1.0,1,02408,M,4954656.0,361654.0,02
201300004151,13,8,23,1730,1,1,2,1.0,3,02408,M,,,02
201300004152,13,8,29,2210,2,2,1,1.0,6,02408,M,4956433.0,362104.0,02
201300004153,13,9,30,1300,1,2,6,1.0,3,02408,M,,,02
201300004154,13,9,30,1645,1,2,1,1.0,2,02408,M,4956796.0,359922.0,02
201300004155,13,10,10,2044,5,2,6,3.0,3,02408,M,4957002.0,363383.0,02
201300004156,13,10,21,755,2,2,1,1.0,6,02408,M,4956934.0,361866.0,02
201300004157,13,11,6,1200,1,2,1,2.0,1,02408,M,4957052.0,363544.0,02
201300004158,13,12,12,1100,1,2,6,8.0,2,02408,M,4956997.0,363815.0,02
201300004159,13,12,16,1715,5,2,1,1.0,6,02408,M,4956190.0,361155.0,02
201300004160,13,4,26,1800,1,1,1,1.0,1,81064,M,4395500.0,182300.0,81
201300004161,13,9,22,1445,1,1,1,1.0,3,81206,M,0.0,0.0,81
201300004162,13,1,18,1530,1,1,2,1.0,3,81276,M,4391440.0,169264.0,81
201300004163,13,2,16,630,3,1,1,1.0,6,81171,M,4383970.0,185168.0,81
201300004164,13,3,16,1045,1,2,2,1.0,3,81220,M,4381930.0,171860.0,81
201300004165,13,6,1,1345,1,1,1,1.0,3,81208,M,4384000.0,186700.0,81
201300004166,13,8,10,1445,1,1,1,1.0,7,81276,M,4391300.0,168600.0,81
201300004167,13,10,4,1430,1,1,1,3.0,3,81145,M,4385700.0,180500.0,81
201300004168,13,12,12,1215,1,1,1,1.0,7,81220,M,4389100.0,177500.0,81
201300004169,13,12,13,815,1,1,1,1.0,3,81145,M,4386400.0,181100.0,81
201300004170,13,1,11,1815,3,1,1,1.0,1,81002,M,4349490.0,233933.0,81
201300004171,13,6,12,1615,1,1,1,1.0,1,81204,M,4356300.0,232600.0,81
201300004172,13,7,30,900,1,2,1,1.0,6,81120,M,0.0,0.0,81
201300004173,13,11,10,1600,1,1,1,1.0,6,81312,M,0.0,0.0,81
201300004174,13,3,10,220,3,1,1,1.0,6,81127,M,4356670.0,192903.0,81
201300004175,13,3,10,1600,1,1,1,1.0,2,81251,M,4355790.0,206928.0,81
201300004176,13,4,13,1745,1,1,2,1.0,3,81100,M,4348280.0,199554.0,81
201300004177,13,6,20,1715,1,2,1,1.0,7,81179,M,4351700.0,193200.0,81
201300004178,13,7,2,1130,1,1,1,1.0,1,81143,M,4353500.0,210100.0,81
201300004179,13,7,31,1800,1,1,1,1.0,3,81050,M,4358000.0,186000.0,81
201300004180,13,11,6,1230,1,1,1,1.0,6,81219,M,4357800.0,202599.0,81
201300004181,13,12,16,1900,3,1,1,1.0,6,81219,M,4355600.0,202800.0,81
201300004182,13,2,6,1045,1,1,1,2.0,3,82087,M,0.0,0.0,82
201300004183,13,2,27,800,1,2,1,5.0,6,82087,M,0.0,0.0,82
201300004184,13,3,9,1930,2,1,1,1.0,1,82087,M,0.0,0.0,82
201300004185,13,3,21,915,1,1,1,1.0,6,82126,M,4416640.0,156682.0,82
201300004186,13,4,4,1415,1,1,1,3.0,6,82144,M,0.0,0.0,82
201300004187,13,5,4,1,3,1,1,1.0,6,82144,M,0.0,0.0,82
201300004188,13,5,10,1430,1,1,1,1.0,1,82039,M,0.0,0.0,82
201300004189,13,5,13,845,1,1,1,1.0,5,82119,M,0.0,0.0,82
201300004190,13,6,5,945,1,2,2,1.0,3,82179,M,0.0,0.0,82
201300004191,13,6,2,1145,1,1,1,1.0,7,82076,M,0.0,0.0,82
201300004192,13,6,21,330,3,1,1,1.0,6,82087,M,0.0,0.0,82
201300004193,13,6,25,1200,1,1,1,1.0,6,82131,M,0.0,0.0,82
201300004194,13,6,29,945,1,2,1,1.0,6,82037,M,0.0,0.0,82
201300004195,13,7,13,1330,1,1,1,1.0,1,82037,M,0.0,0.0,82
201300004196,13,7,13,1315,1,1,1,1.0,7,82149,M,0.0,0.0,82
201300004197,13,7,13,2115,2,1,1,1.0,6,82087,M,0.0,0.0,82
201300004198,13,8,5,1530,1,1,1,1.0,6,82037,M,0.0,0.0,82
201300004199,13,8,13,1930,1,1,1,1.0,1,82076,M,0.0,0.0,82
201300004200,13,8,16,330,3,1,1,1.0,6,82144,M,0.0,0.0,82
201300004201,13,10,2,715,2,1,2,1.0,1,82039,M,0.0,0.0,82
201300004202,13,10,14,745,2,1,1,8.0,7,82037,M,0.0,0.0,82
201300004203,13,10,31,1030,1,1,2,5.0,3,82037,M,0.0,0.0,82
201300004204,13,12,8,915,1,1,1,9.0,6,82179,M,0.0,0.0,82
201300004205,13,12,31,1345,1,1,1,1.0,7,82176,M,4396600.0,152800.0,82
201300004206,13,6,16,1600,1,1,1,1.0,6,82098,M,0.0,0.0,82
201300004207,13,7,6,2115,2,1,2,1.0,1,82192,M,0.0,0.0,82
201300004208,13,8,16,1545,1,1,1,1.0,3,82192,M,0.0,0.0,82
201300004209,13,12,9,1945,3,1,1,9.0,7,82026,M,0.0,0.0,82
201300004210,13,4,25,1800,1,2,1,1.0,6,82172,M,0.0,0.0,82
201300004211,13,6,1,1300,1,1,1,1.0,6,82187,M,0.0,0.0,82
201300004212,13,7,11,1845,1,1,1,1.0,6,82038,M,0.0,0.0,82
201300004213,13,7,16,1100,1,1,3,7.0,3,82137,M,4427300.0,185700.0,82
201300004214,13,7,16,1645,1,1,1,7.0,6,82147,M,4430100.0,187400.0,82
201300004215,13,8,22,1015,1,1,6,1.0,6,82038,M,0.0,0.0,82
201300004216,13,9,23,1130,1,1,1,1.0,6,82191,M,0.0,0.0,82
201300004217,13,8,1,1615,1,1,3,1.0,3,82102,M,0.0,0.0,82
201300004218,13,9,4,830,1,1,1,1.0,1,82055,M,4390800.0,96100.0,82
201300004219,13,9,22,2015,2,1,1,1.0,6,82013,M,0.0,0.0,82
201300004220,13,11,21,45,3,2,1,2.0,6,82093,M,0.0,0.0,82
201300004221,13,1,22,915,1,2,1,9.0,6,82075,M,0.0,0.0,82
201300004222,13,2,24,600,3,1,1,1.0,6,82075,M,4384300.0,129300.0,82
201300004223,13,6,10,1415,1,1,1,1.0,6,82188,M,4393800.0,148900.0,82
201300004224,13,8,4,400,3,1,1,1.0,7,82027,M,4389600.0,133400.0,82