Num_Acc,an,mois,jour,hrmn,lum,agg,int,atm,col,com,gps,lat,long,dep
201300004225,13,8,17,1345,1,1,1,1.0,6,82075,M,0.0,0.0,82
201300004226,13,9,19,830,1,1,1,1.0,6,82079,M,0.0,0.0,82
201300004227,13,10,11,2345,5,2,1,1.0,6,82048,M,0.0,0.0,82
201300004228,13,11,8,900,1,1,2,5.0,3,82079,M,4391600.0,133100.0,82
201300004229,13,12,16,1800,3,1,1,1.0,6,82048,M,0.0,0.0,82
201300004230,13,8,21,1700,1,1,1,1.0,6,82094,M,4427000.0,114600.0,82
201300004231,13,9,11,1000,1,1,1,1.0,1,82117,M,4433300.0,103000.0,82
201300004232,13,11,6,1915,3,1,1,1.0,1,82154,M,4422100.0,114000.0,82
201300004233,13,12,10,1800,3,1,1,1.0,6,82151,M,0.0,0.0,82
201300004234,13,1,25,1845,3,1,1,1.0,3,82112,M,0.0,0.0,82
201300004235,13,2,7,1215,1,2,1,1.0,1,82112,M,0.0,0.0,82
201300004236,13,3,9,1930,3,1,1,1.0,3,82112,M,4409570.0,105419.0,82
201300004237,13,4,27,1930,1,2,1,1.0,6,82112,M,0.0,0.0,82
201300004238,13,7,22,2330,3,1,1,1.0,1,82112,M,4408400.0,109200.0,82
201300004239,13,7,24,2330,3,1,1,1.0,6,82080,M,4407000.0,118400.0,82
201300004240,13,8,3,1615,1,1,1,1.0,1,82031,M,4404000.0,103899.0,82
201300004241,13,8,14,1045,1,2,1,1.0,3,82112,M,4410700.0,108700.0,82
201300004242,13,8,17,1545,1,1,1,1.0,6,82108,M,4409300.0,120800.0,82
201300004243,13,9,5,1815,1,1,1,1.0,1,82112,M,0.0,0.0,82
201300004244,13,10,5,1515,1,1,1,1.0,7,82112,M,4410000.0,108900.0,82
201300004245,13,10,8,1215,1,1,1,1.0,6,82112,M,4409800.0,105500.0,82
201300004246,13,10,27,300,3,1,8,1.0,3,82112,M,0.0,0.0,82
201300004247,13,10,31,1500,1,2,1,1.0,6,82112,M,0.0,0.0,82
201300004248,13,1,11,1925,3,1,1,1.0,1,82023,M,4394700.0,114000.0,82
201300004249,13,1,11,1900,3,1,1,1.0,1,82020,M,0.0,0.0,82
201300004250,13,1,22,1615,1,1,1,1.0,6,82124,M,0.0,0.0,82
201300004251,13,1,23,1245,1,2,1,1.0,6,82125,M,4396440.0,125242.0,82
201300004252,13,2,13,745,2,2,1,1.0,3,82125,M,0.0,0.0,82
201300004253,13,2,17,1445,1,1,1,7.0,3,82171,M,0.0,0.0,82
201300004254,13,7,12,1700,1,1,6,1.0,3,82123,M,0.0,0.0,82
201300004255,13,7,24,845,1,1,2,1.0,3,82171,M,0.0,0.0,82
201300004256,13,7,28,2330,3,1,1,1.0,1,82190,M,0.0,0.0,82
201300004257,13,8,15,145,5,2,1,1.0,7,82125,M,0.0,0.0,82
201300004258,13,8,25,1500,1,2,1,1.0,4,82125,M,0.0,0.0,82
201300004259,13,9,1,1300,1,1,1,1.0,3,82062,M,0.0,0.0,82
201300004260,13,10,10,630,3,1,1,1.0,1,82125,M,0.0,0.0,82
201300004261,13,10,27,15,5,2,1,1.0,6,82062,M,0.0,0.0,82
201300004262,13,10,26,600,3,1,1,1.0,6,82085,M,0.0,0.0,82
201300004263,13,12,4,115,3,1,1,5.0,6,82124,M,0.0,0.0,82
201300004264,13,3,2,2315,3,1,1,1.0,1,82073,M,4444750.0,93485.0,82
201300004265,13,6,23,1930,1,1,1,1.0,6,82050,M,0.0,0.0,82
201300004266,13,7,23,300,3,1,1,1.0,6,82049,M,0.0,0.0,82
201300004267,13,7,24,1415,1,2,1,1.0,6,82186,M,0.0,0.0,82
201300004268,13,8,6,1745,1,1,1,1.0,1,82065,M,0.0,0.0,82
201300004269,13,12,29,2015,3,1,1,8.0,6,82141,M,0.0,0.0,82
201300004270,13,4,18,1715,1,2,1,1.0,1,69076,M,0.0,0.0,69
201300004271,13,6,20,400,5,1,1,1.0,6,69250,M,0.0,0.0,69
201300004272,13,8,5,1900,1,2,1,1.0,6,69250,M,0.0,0.0,69
201300004273,13,12,18,2045,3,2,1,1.0,1,69076,M,0.0,0.0,69
201300004274,13,12,23,2230,5,2,1,1.0,6,69072,M,0.0,0.0,69
201300004275,13,1,28,1600,1,1,1,1.0,1,69049,M,0.0,0.0,69
201300004276,13,3,24,1315,1,2,9,1.0,1,69040,M,0.0,0.0,69
201300004277,13,3,30,1745,1,2,1,2.0,3,69040,M,0.0,0.0,69
201300004278,13,5,29,1500,1,1,9,1.0,6,69116,M,0.0,0.0,69
201300004279,13,6,6,1615,1,1,1,1.0,1,69116,M,0.0,0.0,69
201300004280,13,6,11,645,1,1,6,1.0,3,69117,M,0.0,0.0,69
201300004281,13,6,13,15,3,2,6,1.0,6,69116,M,0.0,0.0,69
201300004282,13,8,22,1030,1,2,1,7.0,1,69049,M,0.0,0.0,69
201300004283,13,9,2,915,1,1,1,1.0,3,69117,M,0.0,0.0,69
201300004284,13,9,5,800,1,1,1,1.0,2,69116,M,0.0,0.0,69
201300004285,13,9,12,900,1,1,1,1.0,1,69117,M,0.0,0.0,69
201300004286,13,9,18,2030,2,2,1,1.0,1,69191,M,0.0,0.0,69
201300004287,13,10,1,730,1,2,1,5.0,6,69049,M,0.0,0.0,69
201300004288,13,12,26,1815,5,2,1,1.0,2,69040,M,0.0,0.0,69
201300004289,13,1,19,1400,1,2,2,2.0,3,69085,M,0.0,0.0,69
201300004290,13,1,30,1825,5,2,1,3.0,3,69143,M,,,69
201300004291,13,2,12,2045,3,1,1,1.0,5,69284,M,0.0,0.0,69
201300004292,13,2,20,630,2,2,1,1.0,6,69143,M,0.0,0.0,69
201300004293,13,2,26,2130,5,2,1,1.0,2,69068,M,0.0,0.0,69
201300004294,13,3,2,1630,1,2,1,1.0,6,69003,M,0.0,0.0,69
201300004295,13,3,16,300,5,1,1,1.0,6,69163,M,0.0,0.0,69
201300004296,13,3,25,1815,1,1,1,1.0,1,69284,M,0.0,0.0,69
201300004297,13,4,8,1700,1,1,1,2.0,6,69071,M,0.0,0.0,69
201300004298,13,4,9,845,1,2,1,1.0,6,69143,M,0.0,0.0,69
201300004299,13,4,16,1445,1,2,1,1.0,2,69003,M,0.0,0.0,69
201300004300,13,5,10,1315,1,2,3,1.0,1,69278,M,0.0,0.0,69
201300004301,13,5,15,1030,1,2,1,2.0,5,69068,M,0.0,0.0,69
201300004302,13,5,27,815,1,1,1,1.0,6,69143,M,0.0,0.0,69
201300004303,13,6,21,1730,1,2,1,1.0,6,69278,M,0.0,0.0,69
201300004304,13,6,22,500,2,2,1,1.0,6,69163,M,0.0,0.0,69
201300004305,13,6,18,2200,5,1,1,1.0,7,69233,M,0.0,0.0,69
201300004306,13,7,1,1730,1,1,1,1.0,6,69163,M,0.0,0.0,69
201300004307,13,7,4,245,5,1,1,1.0,6,69143,M,0.0,0.0,69
201300004308,13,7,5,1630,1,2,6,7.0,2,69207,M,0.0,0.0,69
201300004309,13,7,19,1300,1,1,1,1.0,6,69278,M,0.0,0.0,69
201300004310,13,9,10,800,1,1,1,1.0,3,69207,M,0.0,0.0,69
201300004311,13,9,18,1145,1,1,1,1.0,1,69003,M,0.0,0.0,69
201300004312,13,11,17,1730,5,2,6,1.0,3,69003,M,0.0,0.0,69
201300004313,13,12,8,1845,4,2,1,1.0,1,69143,M,0.0,0.0,69
201300004314,13,12,28,530,5,2,1,1.0,6,69163,M,0.0,0.0,69
201300004315,13,6,3,1445,1,2,1,1.0,3,69204,M,0.0,0.0,69
201300004316,13,12,30,1900,5,2,1,1.0,3,69204,M,0.0,0.0,69
201300004317,13,1,3,545,3,1,1,1.0,1,69289,M,4566300.0,500400.0,69
201300004318,13,2,11,1815,3,1,1,8.0,3,69298,M,4565600.0,496700.0,69
201300004319,13,3,7,1730,1,2,1,1.0,3,69287,M,0.0,0.0,69
201300004320,13,3,15,500,3,2,1,1.0,1,69288,M,4569400.0,507000.0,69
201300004321,13,6,29,1130,1,1,1,1.0,3,69299,M,0.0,0.0,69
201300004322,13,7,7,1045,1,2,1,1.0,6,69287,M,0.0,0.0,69
201300004323,13,8,19,845,1,1,1,1.0,7,69288,M,0.0,0.0,69
201300004324,13,2,22,1630,1,2,1,1.0,1,69281,M,0.0,0.0,69
201300004325,13,6,28,1900,1,2,9,1.0,5,69273,M,0.0,0.0,69
201300004326,13,8,20,1900,1,2,1,1.0,6,69273,M,0.0,0.0,69
201300004327,13,11,9,1745,1,1,1,1.0,1,69270,M,0.0,0.0,69
201300004328,13,12,1,1615,1,1,1,1.0,6,69270,M,0.0,0.0,69
201300004329,13,2,27,1930,3,1,1,1.0,1,69112,M,4579600.0,469700.0,69
201300004330,13,3,5,1800,1,1,1,2.0,1,69144,M,4585100.0,463600.0,69
201300004331,13,3,7,1645,1,1,6,1.0,3,69010,M,0.0,0.0,69
201300004332,13,3,9,2000,5,2,1,1.0,1,69040,M,0.0,0.0,69
201300004333,13,3,11,2245,3,1,1,2.0,1,69175,M,0.0,0.0,69
201300004334,13,5,9,1130,1,1,3,1.0,3,69021,M,0.0,0.0,69
201300004335,13,5,26,1900,1,1,1,1.0,3,69022,M,0.0,0.0,69
201300004336,13,6,22,745,1,2,7,1.0,6,69171,M,0.0,0.0,69
201300004337,13,7,6,1915,1,1,1,1.0,6,69175,M,0.0,0.0,69
201300004338,13,7,25,1945,1,2,1,1.0,2,69112,M,4582300.0,466600.0,69
201300004339,13,8,8,1730,1,1,1,1.0,3,69144,M,0.0,0.0,69
201300004340,13,8,14,1815,1,1,1,1.0,7,69021,M,0.0,0.0,69
201300004341,13,8,28,2345,5,1,1,1.0,1,69175,M,0.0,0.0,69
201300004342,13,9,22,1615,1,1,1,1.0,1,69208,M,0.0,0.0,69
201300004343,13,9,25,2245,3,1,1,1.0,6,69032,M,0.0,0.0,69
201300004344,13,10,26,1115,1,1,1,1.0,3,69171,M,0.0,0.0,69
201300004345,13,11,1,1900,3,1,1,1.0,1,69112,M,0.0,0.0,69
201300004346,13,11,21,2030,1,1,1,1.0,6,69010,M,0.0,0.0,69
201300004347,13,12,15,400,5,1,1,5.0,7,69032,M,0.0,0.0,69
201300004348,13,5,10,1600,1,2,1,1.0,3,69201,M,4571100.0,447100.0,69
201300004349,13,5,21,1815,1,1,1,2.0,5,69031,M,0.0,0.0,69
201300004350,13,6,15,500,2,1,1,1.0,6,69203,M,4570000.0,448600.0,69
201300004351,13,6,17,215,5,2,1,1.0,7,69220,M,0.0,0.0,69
201300004352,13,9,5,1000,1,1,1,1.0,7,69187,M,0.0,0.0,69
201300004353,13,1,12,1700,1,2,1,8.0,6,69238,M,0.0,0.0,69
201300004354,13,5,14,815,1,1,1,1.0,5,69042,M,0.0,0.0,69
201300004355,13,8,21,1100,1,2,1,7.0,6,69238,M,0.0,0.0,69
201300004356,13,8,30,715,1,1,1,1.0,6,69078,M,0.0,0.0,69
201300004357,13,9,8,1915,1,1,1,1.0,3,69227,M,0.0,0.0,69
201300004358,13,9,26,1645,1,1,1,1.0,5,69078,M,0.0,0.0,69
201300004359,13,12,19,830,1,2,1,3.0,6,69227,M,0.0,0.0,69
201300004360,13,4,21,1445,1,2,1,1.0,6,69190,M,0.0,0.0,69
201300004361,13,5,6,1645,1,1,1,1.0,3,69028,M,0.0,0.0,69
201300004362,13,5,14,1600,1,1,9,1.0,6,69154,M,0.0,0.0,69
201300004363,13,6,8,2000,2,1,1,2.0,3,69094,M,4526600.0,416099.0,69
201300004364,13,6,12,1915,1,2,1,1.0,3,69094,M,0.0,0.0,69
201300004365,13,7,30,1645,1,1,1,1.0,6,69067,M,0.0,0.0,69
201300004366,13,6,14,830,1,2,1,1.0,3,69296,M,0.0,0.0,69
201300004367,13,8,19,1800,1,2,1,1.0,6,69291,M,0.0,0.0,69
201300004368,13,9,6,730,1,2,3,1.0,3,69297,M,0.0,0.0,69
201300004369,13,10,6,415,3,1,1,2.0,6,69272,M,0.0,0.0,69
201300004370,13,11,17,500,5,2,1,1.0,6,69297,M,0.0,0.0,69
201300004371,13,12,28,1045,1,1,1,1.0,1,69228,M,0.0,0.0,69
201300004372,13,1,7,1515,1,1,1,1.0,6,69241,M,0.0,0.0,69
201300004373,13,4,2,1845,1,1,1,1.0,1,69228,M,0.0,0.0,69
201300004374,13,4,14,800,1,2,1,1.0,6,69176,M,0.0,0.0,69
201300004375,13,4,25,1815,1,1,1,1.0,1,69048,M,0.0,0.0,69
201300004376,13,5,17,855,1,2,1,1.0,6,69228,M,,,69
201300004377,13,6,4,630,1,1,1,1.0,7,69237,M,0.0,0.0,69
201300004378,13,7,12,2100,1,1,1,1.0,6,69141,M,0.0,0.0,69
201300004379,13,8,1,1650,1,2,1,1.0,3,69141,M,,,69
201300004380,13,8,27,1015,1,1,1,2.0,1,69176,M,0.0,0.0,69
201300004381,13,10,26,1800,1,1,1,1.0,6,69176,M,4567300.0,467000.0,69
201300004382,13,10,29,1830,2,1,3,1.0,3,69141,M,0.0,0.0,69
201300004383,13,11,27,1530,1,1,1,1.0,1,69136,M,0.0,0.0,69
201300004384,13,11,29,1430,1,1,1,8.0,7,69179,M,0.0,0.0,69
201300004385,13,1,13,1715,2,1,1,1.0,1,69192,M,0.0,0.0,69
201300004386,13,6,26,830,1,1,2,7.0,3,69074,M,0.0,0.0,69
201300004387,13,7,7,2330,3,1,1,1.0,7,69257,M,0.0,0.0,69
201300004388,13,7,15,1700,1,1,1,1.0,6,69151,M,0.0,0.0,69
201300004389,13,9,20,1515,1,1,1,1.0,3,69172,M,0.0,0.0,69
201300004390,13,9,27,1615,1,1,1,1.0,3,69074,M,0.0,0.0,69
201300004391,13,7,5,1900,1,2,9,1.0,3,69159,M,0.0,0.0,69
201300004392,13,12,21,1200,1,2,9,1.0,3,69264,M,0.0,0.0,69
201300004393,13,2,15,1900,5,2,1,1.0,4,69121,M,0.0,0.0,69
201300004394,13,4,25,1615,1,1,1,1.0,3,69121,M,0.0,0.0,69
201300004395,13,7,18,1100,1,1,1,3.0,1,69121,M,0.0,0.0,69
201300004396,13,7,26,1700,1,1,1,1.0,6,69159,M,0.0,0.0,69
201300004397,13,8,31,1600,1,1,1,1.0,3,69121,M,0.0,0.0,69
201300004398,13,9,20,2045,3,1,1,1.0,7,69122,M,0.0,0.0,69
201300004399,13,3,20,1645,1,1,1,1.0,2,69108,M,0.0,0.0,69
201300004400,13,6,24,1245,1,1,1,1.0,6,69267,M,0.0,0.0,69
201300004401,13,6,27,1400,1,1,1,1.0,1,69267,M,4616400.0,469900.0,69
201300004402,13,7,9,1600,1,1,1,1.0,5,69080,M,0.0,0.0,69
201300004403,13,7,13,2000,1,1,1,1.0,7,69185,M,4625200.0,452400.0,69
201300004404,13,9,1,1615,1,2,1,1.0,1,69135,M,4622500.0,451900.0,69
201300004405,13,11,6,2315,3,1,1,1.0,5,69161,M,0.0,0.0,69
201300004406,13,1,28,845,1,1,1,1.0,1,69211,M,0.0,0.0,69
201300004407,13,4,18,1800,1,2,1,1.0,6,69019,M,4610700.0,473900.0,69
201300004408,13,5,7,1745,1,2,1,1.0,6,69211,M,0.0,0.0,69
201300004409,13,5,30,1930,1,1,6,1.0,3,69145,M,0.0,0.0,69
201300004410,13,7,11,1100,1,1,1,1.0,1,69242,M,4613600.0,475900.0,69
201300004411,13,9,12,1645,1,2,1,1.0,6,69211,M,0.0,0.0,69
201300004412,13,9,26,745,3,1,1,1.0,7,69197,M,0.0,0.0,69
201300004413,13,10,2,2030,3,1,1,1.0,6,69197,M,4606900.0,464400.0,69
201300004414,13,9,26,2130,3,1,1,1.0,2,69211,M,0.0,0.0,69
201300004415,13,10,6,1015,1,1,1,2.0,7,69045,M,0.0,0.0,69
201300004416,13,12,18,1745,5,2,1,8.0,3,69019,M,0.0,0.0,69
201300004417,13,1,10,1945,3,1,1,2.0,1,69017,M,0.0,0.0,69
201300004418,13,4,1,1345,1,1,2,1.0,3,69090,M,0.0,0.0,69
201300004419,13,4,19,1615,1,1,2,1.0,3,69246,M,0.0,0.0,69
201300004420,13,6,8,1215,1,1,1,1.0,1,69239,M,0.0,0.0,69
201300004421,13,7,1,1545,1,1,1,7.0,1,69039,M,,,69
201300004422,13,7,21,1645,1,1,1,1.0,1,69039,M,0.0,0.0,69
201300004423,13,10,11,1445,1,1,1,2.0,4,69024,M,0.0,0.0,69
201300004424,13,10,7,1745,1,1,1,1.0,2,69113,M,0.0,0.0,69
201300004425,13,12,17,1200,1,1,1,1.0,3,69024,M,0.0,0.0,69
201300004426,13,12,22,515,5,2,1,1.0,1,69026,M,0.0,0.0,69
201300004427,13,2,13,1800,2,2,1,1.0,6,69243,M,0.0,0.0,69
201300004428,13,3,23,900,1,1,1,1.0,1,69188,M,0.0,0.0,69
201300004429,13,4,19,1130,1,2,1,1.0,6,69243,M,0.0,0.0,69
201300004430,13,5,11,1845,1,1,1,1.0,6,69254,M,0.0,0.0,69
201300004431,13,6,8,1630,1,1,1,1.0,1,69254,M,0.0,0.0,69
201300004432,13,6,6,1715,1,1,1,1.0,6,69254,M,0.0,0.0,69
201300004433,13,6,22,1730,1,1,1,1.0,1,69188,M,0.0,0.0,69
201300004434,13,7,21,1330,1,1,1,1.0,7,69243,M,0.0,0.0,69
201300004435,13,7,23,530,2,2,1,1.0,1,69157,M,0.0,0.0,69
201300004436,13,11,2,1645,1,1,1,1.0,6,69174,M,0.0,0.0,69
201300004437,13,12,30,1630,2,2,1,8.0,3,69243,M,0.0,0.0,69
201300004438,13,5,25,2345,4,1,1,5.0,1,69160,M,4616900.0,444000.0,69
201300004439,13,7,24,2315,3,1,1,1.0,6,69160,M,4612400.0,446700.0,69
201300004440,13,7,26,1600,1,1,1,1.0,1,69037,M,4602500.0,450200.0,69
201300004441,13,1,14,1930,5,2,1,1.0,6,69248,M,0.0,0.0,69
201300004442,13,2,1,1315,1,2,1,2.0,1,69158,M,0.0,0.0,69
201300004443,13,7,31,1530,1,2,1,7.0,2,69006,M,0.0,0.0,69
201300004444,13,8,24,2245,5,2,1,1.0,1,69158,M,0.0,0.0,69
201300004445,13,9,2,1015,1,2,1,7.0,6,69248,M,0.0,0.0,69
201300004446,13,9,14,1415,1,1,1,1.0,7,69006,M,0.0,0.0,69
201300004447,13,10,21,1245,1,1,1,1.0,6,69169,M,0.0,0.0,69
201300004448,13,11,19,1545,1,2,1,1.0,6,69214,M,0.0,0.0,69
201300004449,13,11,30,2130,5,1,1,9.0,6,69025,M,0.0,0.0,69
201300004450,13,2,4,1615,1,1,1,2.0,5,01336,M,4615490.0,518154.0,01
201300004451,13,5,21,815,1,1,1,2.0,7,01211,M,4610500.0,519046.0,01
201300004452,13,6,1,15,3,1,1,2.0,6,01264,M,,,01
201300004453,13,8,17,1900,1,2,1,1.0,7,01065,M,4619590.0,515578.0,01
201300004454,13,11,10,1245,1,1,1,8.0,1,01211,M,4615100.0,519600.0,01
201300004455,13,3,21,1600,1,2,1,1.0,6,01426,M,,,01
201300004456,13,3,22,900,1,1,1,1.0,1,01426,M,4628300.0,532144.0,01
201300004457,13,4,7,1545,1,2,1,1.0,6,01254,M,,,01
201300004458,13,6,27,930,1,1,1,3.0,1,01321,M,4616610.0,534466.0,01
201300004459,13,9,21,1200,1,1,1,1.0,3,01447,M,4620500.0,540000.0,01
201300004460,13,9,20,1400,1,2,1,1.0,6,01312,M,0.0,0.0,01
201300004461,13,10,1,1930,2,1,1,1.0,5,01184,M,0.0,0.0,01
201300004462,13,10,15,1645,1,1,1,3.0,5,01426,M,4625100.0,539100.0,01
201300004463,13,10,26,30,3,1,1,8.0,7,01426,M,4631700.0,538500.0,01
201300004464,13,12,14,1315,1,1,1,2.0,1,01408,M,4624700.0,544600.0,01
201300004465,13,1,24,1815,5,2,1,1.0,6,01266,M,4633440.0,512003.0,01
201300004466,13,2,1,115,3,1,1,2.0,6,01115,M,4625360.0,508363.0,01
201300004467,13,3,4,1630,1,1,1,1.0,3,01266,M,4632510.0,511367.0,01
201300004468,13,4,17,945,1,1,1,1.0,5,01305,M,4643930.0,493040.0,01
201300004469,13,4,18,800,1,2,1,7.0,5,01175,M,,,01
201300004470,13,4,19,1745,1,1,1,1.0,1,01232,M,4632620.0,524738.0,01
201300004471,13,4,21,1400,1,1,1,1.0,3,01236,M,0.0,0.0,01
201300004472,13,4,21,1430,1,1,1,1.0,1,01229,M,4633030.0,513296.0,01
201300004473,13,5,8,515,3,1,1,1.0,1,01388,M,4645280.0,503977.0,01
201300004474,13,5,12,1015,1,2,7,2.0,6,01163,M,,,01
201300004475,13,5,13,1830,1,1,1,1.0,1,01352,M,4641580.0,499291.0,01
201300004476,13,6,1,2130,5,2,1,1.0,6,01266,M,4641110.0,526615.0,01
201300004477,13,6,16,1200,1,1,1,1.0,5,01115,M,4625480.0,507065.0,01
201300004478,13,6,21,1345,1,1,1,1.0,3,01102,M,4639840.0,494426.0,01
201300004479,13,6,27,1830,1,1,1,1.0,3,01266,M,4630360.0,515484.0,01
201300004480,13,6,28,830,1,1,1,2.0,1,01024,M,,,01
201300004481,13,9,28,2030,5,1,1,1.0,3,01230,M,0.0,0.0,01
201300004482,13,10,14,1730,1,1,1,1.0,3,01367,M,0.0,0.0,01
201300004483,13,11,9,1800,5,2,1,2.0,3,01337,M,0.0,0.0,01
201300004484,13,2,27,1945,3,1,1,1.0,6,01068,M,4607390.0,544684.0,01
201300004485,13,3,9,1700,1,1,3,1.0,1,01303,M,4608260.0,540701.0,01
201300004486,13,10,1,1815,1,1,1,1.0,3,01151,M,0.0,0.0,01
201300004487,13,11,26,800,1,1,1,9.0,6,01314,M,0.0,0.0,01
201300004488,13,4,23,1900,1,2,1,7.0,3,01159,M,,,01
201300004489,13,4,29,1230,1,1,2,2.0,3,01025,M,4634620.0,494003.0,01
201300004490,13,6,2,1900,1,1,2,1.0,3,01355,M,4626730.0,500596.0,01
201300004491,13,12,13,615,2,1,1,5.0,1,01355,M,0.0,0.0,01
201300004492,13,1,11,1530,1,1,1,4.0,7,01310,M,4566800.0,562230.0,01
201300004493,13,6,18,745,1,2,1,7.0,7,01034,M,4574060.0,567675.0,01
201300004494,13,1,1,630,3,1,1,1.0,7,01329,M,4583650.0,558664.0,01
201300004495,13,1,15,930,1,1,1,4.0,3,01022,M,4587750.0,569091.0,01
201300004496,13,6,27,2030,2,1,1,1.0,6,01118,M,,,01
201300004497,13,6,25,900,1,1,1,1.0,7,01073,M,4583880.0,571293.0,01
201300004498,13,8,10,1645,1,2,3,1.0,1,01442,M,4587930.0,568463.0,01
201300004499,13,8,21,1800,1,2,1,1.0,6,01066,M,4586800.0,553376.0,01
201300004500,13,10,13,2000,5,1,1,2.0,1,01407,M,0.0,0.0,01
201300004501,13,6,9,1800,1,1,1,1.0,3,01185,M,4600980.0,559088.0,01
201300004502,13,6,15,830,1,2,1,1.0,6,01185,M,4598030.0,559600.0,01
201300004503,13,7,23,745,1,1,1,1.0,1,01185,M,4598110.0,557459.0,01
201300004504,13,7,24,1630,1,1,1,1.0,1,01101,M,4611300.0,556837.0,01
201300004505,13,12,31,1200,1,1,1,1.0,2,01004,M,4596600.0,533400.0,01
201300004506,13,4,1,1615,1,1,1,1.0,1,01008,M,4594140.0,533096.0,01
201300004507,13,4,14,1615,1,2,2,1.0,3,01004,M,4595640.0,533268.0,01
201300004508,13,6,2,1800,1,1,1,1.0,3,01416,M,4592130.0,550399.0,01
201300004509,13,6,17,1500,1,1,1,1.0,7,01444,M,4583740.0,543438.0,01
201300004510,13,6,18,1930,1,1,1,1.0,1,01416,M,,,01
201300004511,13,6,20,1715,1,2,1,1.0,1,01384,M,4594460.0,543500.0,01
201300004512,13,7,16,1515,1,1,1,1.0,3,01224,M,4580290.0,521272.0,01
201300004513,13,9,11,1130,1,2,1,1.0,5,01004,M,0.0,0.0,01
201300004514,13,9,18,1600,1,1,1,2.0,1,01444,M,4584000.0,543800.0,01
201300004515,13,10,12,1715,1,2,1,3.0,1,01004,M,0.0,0.0,01
201300004516,13,10,18,700,3,1,1,5.0,1,01099,M,4591600.0,525300.0,01
201300004517,13,12,17,1630,1,2,1,1.0,1,01431,M,4593200.0,535700.0,01
201300004518,13,12,23,1645,3,1,1,1.0,1,01202,M,4583200.0,528400.0,01
201300004519,13,12,25,1915,3,1,1,3.0,6,01089,M,0.0,0.0,01
201300004520,13,8,23,900,1,1,1,1.0,1,01214,M,4617340.0,548415.0,01
201300004521,13,10,17,1745,1,2,1,1.0,7,01240,M,0.0,0.0,01
201300004522,13,10,18,1330,1,2,1,1.0,5,01265,M,0.0,0.0,01
201300004523,13,10,20,1730,1,1,1,2.0,6,01228,M,0.0,0.0,01
201300004524,13,10,23,545,3,1,1,1.0,6,01148,M,0.0,0.0,01
201300004525,13,11,9,2000,3,1,1,2.0,6,01237,M,0.0,0.0,01
201300004526,13,1,2,1715,5,2,1,1.0,3,01143,M,,,01
201300004527,13,3,3,1845,5,2,1,1.0,3,01173,M,4633700.0,605900.0,01
201300004528,13,5,27,1700,1,1,6,1.0,7,01399,M,4629410.0,607760.0,01
201300004529,13,6,28,2245,5,2,1,1.0,3,01399,M,4630020.0,606984.0,01
201300004530,13,7,31,1430,1,2,2,1.0,3,01153,M,0.0,0.0,01
201300004531,13,11,29,1800,5,2,1,1.0,6,01071,M,0.0,0.0,01
201300004532,13,11,22,1445,1,2,6,8.0,3,01143,M,0.0,0.0,01
201300004533,13,12,21,2030,5,1,1,8.0,1,01143,M,0.0,0.0,01
201300004534,13,3,21,1830,2,2,1,1.0,2,01160,M,,,01
201300004535,13,4,10,1800,1,2,9,8.0,6,01160,M,,,01
201300004536,13,8,30,500,5,2,6,1.0,7,01281,M,4627560.0,609316.0,01
201300004537,13,9,1,1200,1,1,1,1.0,1,01397,M,0.0,0.0,01
201300004538,13,8,14,1445,1,2,6,1.0,1,01160,M,4625960.0,611124.0,01
201300004539,13,10,7,830,1,1,1,1.0,1,01435,M,0.0,0.0,01
201300004540,13,10,13,1500,1,1,1,1.0,1,01160,M,0.0,0.0,01
201300004541,13,12,24,2100,3,1,1,1.0,6,01313,M,0.0,0.0,01
201300004542,13,4,14,1830,1,2,1,7.0,7,01194,M,4598400.0,476200.0,01
201300004543,13,7,13,1430,1,1,1,1.0,1,01322,M,4593860.0,486323.0,01
201300004544,13,7,13,2100,2,1,1,1.0,7,01194,M,,,01
201300004545,13,11,9,1030,1,2,7,1.0,6,01427,M,4594200.0,478200.0,01
201300004546,13,11,15,545,5,2,1,1.0,6,01322,M,4593700.0,482500.0,01
201300004547,13,2,10,945,1,1,2,4.0,3,01449,M,4600460.0,523325.0,01
201300004548,13,4,24,1815,1,1,1,1.0,7,01235,M,4603710.0,506601.0,01
201300004549,13,5,9,1730,1,1,3,2.0,3,01299,M,4601750.0,505954.0,01
201300004550,13,5,3,2115,3,1,1,2.0,7,01299,M,4601940.0,506556.0,01
201300004551,13,5,17,745,1,1,1,8.0,3,01383,M,4610040.0,514330.0,01
201300004552,13,7,17,2245,3,1,1,1.0,6,01434,M,4597720.0,509300.0,01
201300004553,13,7,29,1230,1,1,1,1.0,6,01359,M,4609210.0,507121.0,01
201300004554,13,8,21,1700,1,1,1,1.0,7,01090,M,4602520.0,523590.0,01
201300004555,13,8,25,1615,1,1,1,1.0,6,01383,M,4611100.0,509916.0,01
201300004556,13,9,11,1700,1,2,6,2.0,3,01074,M,0.0,0.0,01
201300004557,13,9,16,1600,1,1,1,1.0,6,01434,M,0.0,0.0,01
201300004558,13,1,10,800,1,1,3,2.0,5,01001,M,4616180.0,491723.0,01
201300004559,13,2,24,330,3,1,1,4.0,6,01113,M,4614010.0,507891.0,01
201300004560,13,2,24,1915,3,1,1,4.0,6,01246,M,,,01
201300004561,13,4,29,930,1,1,1,2.0,6,01096,M,4619240.0,506387.0,01
201300004562,13,5,1,345,3,1,1,2.0,6,01046,M,4621570.0,494737.0,01
201300004563,13,5,29,1830,1,1,1,1.0,7,01457,M,4618480.0,499875.0,01
201300004564,13,6,15,1400,1,1,1,1.0,6,01368,M,4621630.0,497285.0,01
201300004565,13,8,1,2045,3,1,1,1.0,6,01457,M,4623180.0,497602.0,01
201300004566,13,9,14,30,3,1,1,1.0,6,01001,M,0.0,0.0,01
201300004567,13,10,17,1045,1,1,1,1.0,3,01412,M,0.0,0.0,01