Num_Acc,an,mois,jour,hrmn,lum,agg,int,atm,col,com,gps,lat,long,dep
201300004568,13,11,1,1945,3,1,1,1.0,6,01085,M,0.0,0.0,01
201300004569,13,1,18,2230,3,1,1,4.0,7,01450,M,4590300.0,523368.0,01
201300004570,13,1,26,1445,1,1,1,1.0,7,01244,M,4589550.0,518196.0,01
201300004571,13,3,11,1730,1,1,1,1.0,2,01290,M,4588020.0,521781.0,01
201300004572,13,3,19,630,2,1,1,1.0,1,01290,M,4585930.0,519140.0,01
201300004573,13,3,28,1900,2,1,1,3.0,1,01450,M,4590670.0,522960.0,01
201300004574,13,4,7,2115,4,2,1,1.0,6,01361,M,4584430.0,521739.0,01
201300004575,13,4,28,2000,2,1,1,2.0,4,01290,M,4586870.0,518200.0,01
201300004576,13,5,14,1645,1,2,1,1.0,5,01244,M,,,01
201300004577,13,5,27,820,1,2,2,1.0,3,01450,M,4590690.0,523267.0,01
201300004578,13,7,15,715,1,1,1,1.0,1,01378,M,4582090.0,517089.0,01
201300004579,13,8,10,1400,1,1,3,1.0,3,01290,M,4589310.0,517889.0,01
201300004580,13,8,16,615,1,1,1,1.0,1,01054,M,4587700.0,516044.0,01
201300004581,13,9,6,745,1,2,1,1.0,3,01450,M,0.0,0.0,01
201300004582,13,11,12,1830,5,2,1,1.0,1,01290,M,0.0,0.0,01
201300004583,13,11,18,1300,1,1,1,1.0,6,01290,M,0.0,0.0,01
201300004584,13,1,26,2045,5,2,1,2.0,3,01249,M,4582230.0,494864.0,01
201300004585,13,2,25,845,1,2,1,4.0,7,01043,M,,,01
201300004586,13,6,3,1300,1,2,1,1.0,3,01249,M,,,01
201300004587,13,6,25,1545,1,1,1,1.0,3,01249,M,,,01
201300004588,13,7,7,1430,1,1,1,1.0,2,01275,M,,,01
201300004589,13,7,7,1630,1,1,1,1.0,6,01249,M,4584560.0,495698.0,01
201300004590,13,7,16,2230,5,2,2,1.0,3,01043,M,4583440.0,499647.0,01
201300004591,13,7,17,345,4,2,1,1.0,6,01249,M,4582070.0,494454.0,01
201300004592,13,7,18,1215,1,2,6,1.0,3,01043,M,4583360.0,499339.0,01
201300004593,13,8,28,2215,5,2,1,1.0,3,01043,M,4583200.0,498746.0,01
201300004594,13,10,8,500,5,2,1,1.0,6,01275,M,0.0,0.0,01
201300004595,13,11,2,1400,1,2,3,1.0,3,01376,M,0.0,0.0,01
201300004596,13,12,3,1730,1,2,1,1.0,6,01275,M,0.0,0.0,01
201300004597,13,6,26,1700,1,1,1,1.0,2,01297,M,4589450.0,509686.0,01
201300004598,13,7,6,1830,1,1,2,1.0,3,01262,M,4592700.0,504003.0,01
201300004599,13,7,26,1930,1,1,1,1.0,1,01027,M,4584310.0,510971.0,01
201300004600,13,1,14,800,1,1,1,8.0,1,01398,M,4601240.0,484265.0,01
201300004601,13,3,1,1915,3,1,1,1.0,2,01333,M,4591480.0,495539.0,01
201300004602,13,4,11,715,1,1,1,2.0,1,01398,M,4599850.0,483585.0,01
201300004603,13,5,23,845,1,1,2,1.0,3,01318,M,4597130.0,485264.0,01
201300004604,13,6,17,1045,1,1,1,6.0,1,01443,M,4597170.0,500900.0,01
201300004605,13,9,7,1300,1,1,1,1.0,4,01021,M,0.0,0.0,01
201300004606,13,10,18,800,2,1,1,5.0,1,01052,M,0.0,0.0,01
201300004607,13,5,4,1100,1,2,3,2.0,3,01263,M,4609750.0,476368.0,01
201300004608,13,6,3,815,1,1,1,1.0,2,01083,M,4609670.0,483260.0,01
201300004609,13,6,26,1045,1,2,1,1.0,3,01351,M,4614730.0,486590.0,01
201300004610,13,7,18,1900,1,1,2,8.0,5,01169,M,4612560.0,479036.0,01
201300004611,13,8,5,1245,1,1,1,1.0,6,01165,M,4607070.0,480984.0,01
201300004612,13,8,10,2015,2,2,3,1.0,3,01169,M,4610960.0,477989.0,01
201300004613,13,11,18,1915,3,1,1,5.0,5,01389,M,0.0,0.0,01
201300004614,13,6,28,1430,1,2,1,1.0,6,07289,M,0.0,0.0,07
201300004615,13,8,5,1415,1,1,1,1.0,6,07093,M,0.0,0.0,07
201300004616,13,8,10,2215,3,1,1,1.0,7,07230,M,0.0,0.0,07
201300004617,13,8,17,1300,1,1,1,1.0,1,07003,M,0.0,0.0,07
201300004618,13,8,30,1600,1,1,1,1.0,3,07339,M,0.0,0.0,07
201300004619,13,12,23,1730,2,2,1,1.0,1,07122,M,0.0,0.0,07
201300004620,13,2,15,1900,3,1,1,1.0,1,07259,M,0.0,0.0,07
201300004621,13,3,19,1345,1,1,1,1.0,2,07264,M,0.0,0.0,07
201300004622,13,6,15,1700,1,1,1,1.0,3,07279,M,0.0,0.0,07
201300004623,13,7,1,1700,1,1,1,1.0,3,07233,M,0.0,0.0,07
201300004624,13,8,5,1100,1,1,1,1.0,7,07167,M,0.0,0.0,07
201300004625,13,8,31,1815,1,1,1,1.0,2,07167,M,0.0,0.0,07
201300004626,13,9,23,2115,3,1,1,1.0,6,07030,M,4488300.0,453000.0,07
201300004627,13,10,12,1800,1,1,1,2.0,6,07295,M,0.0,0.0,07
201300004628,13,12,14,1300,1,1,1,1.0,1,07096,M,0.0,0.0,07
201300004629,13,12,27,900,1,1,1,1.0,6,07167,M,0.0,0.0,07
201300004630,13,3,15,1445,1,1,1,1.0,3,07302,M,0.0,0.0,07
201300004631,13,5,14,1545,1,1,1,1.0,1,07191,M,0.0,0.0,07
201300004632,13,5,25,1245,1,2,1,1.0,6,07319,M,0.0,0.0,07
201300004633,13,6,15,1600,1,1,1,1.0,1,07346,M,0.0,0.0,07
201300004634,13,8,11,1845,1,1,1,7.0,1,07300,M,4451000.0,460900.0,07
201300004635,13,12,9,1130,1,2,1,1.0,6,07319,M,0.0,0.0,07
201300004636,13,12,12,1330,1,1,1,1.0,7,07346,M,4445200.0,469800.0,07
201300004637,13,4,14,1100,1,2,1,1.0,5,07138,M,0.0,0.0,07
201300004638,13,6,17,800,1,1,1,7.0,3,07241,M,0.0,0.0,07
201300004639,13,9,13,1630,1,1,1,1.0,7,07272,M,0.0,0.0,07
201300004640,13,4,5,1000,1,1,1,2.0,3,07349,M,0.0,0.0,07
201300004641,13,4,8,800,1,2,1,8.0,6,07349,M,0.0,0.0,07
201300004642,13,5,5,1500,1,1,1,1.0,6,07260,M,0.0,0.0,07
201300004643,13,6,10,1645,1,2,1,1.0,6,07349,M,0.0,0.0,07
201300004644,13,6,16,1745,1,1,1,1.0,3,07237,M,0.0,0.0,07
201300004645,13,8,7,1445,1,1,6,1.0,1,07240,M,0.0,0.0,07
201300004646,13,9,2,1730,1,1,1,1.0,1,07022,M,0.0,0.0,07
201300004647,13,10,31,945,1,1,2,1.0,3,07260,M,0.0,0.0,07
201300004648,13,12,6,2045,3,1,1,1.0,6,07298,M,0.0,0.0,07
201300004649,13,12,11,1100,1,1,6,1.0,1,07027,M,0.0,0.0,07
201300004650,13,1,20,1815,3,1,1,1.0,6,07117,M,0.0,0.0,07
201300004651,13,11,9,2300,3,1,1,2.0,6,07235,M,0.0,0.0,07
201300004652,13,12,29,1815,3,1,1,4.0,6,07153,M,0.0,0.0,07
201300004653,13,1,2,1530,1,1,1,1.0,3,07182,M,0.0,0.0,07
201300004654,13,2,20,2345,3,1,1,1.0,6,07182,M,0.0,0.0,07
201300004655,13,5,12,1615,1,1,1,1.0,1,07203,M,0.0,0.0,07
201300004656,13,7,21,1430,1,1,1,1.0,6,07200,M,0.0,0.0,07
201300004657,13,9,13,1430,1,2,1,1.0,1,07156,M,0.0,0.0,07
201300004658,13,10,20,830,1,2,1,3.0,6,07045,M,0.0,0.0,07
201300004659,13,3,31,1015,1,1,1,1.0,3,07328,M,0.0,0.0,07
201300004660,13,5,20,1115,1,1,1,1.0,3,07207,M,0.0,0.0,07
201300004661,13,7,6,1830,1,1,1,1.0,3,07201,M,4447100.0,434700.0,07
201300004662,13,8,4,200,3,1,1,1.0,6,07023,M,0.0,0.0,07
201300004663,13,9,19,1445,1,1,1,1.0,3,07201,M,4446800.0,434600.0,07
201300004664,13,12,25,1645,2,1,1,8.0,1,07183,M,4449100.0,438200.0,07
201300004665,13,6,13,1200,1,1,1,1.0,1,07334,M,0.0,0.0,07
201300004666,13,8,2,1315,1,1,1,1.0,6,07024,M,0.0,0.0,07
201300004667,13,10,21,1500,1,1,1,8.0,1,07024,M,0.0,0.0,07
201300004668,13,4,10,1645,1,1,1,1.0,1,07324,M,0.0,0.0,07
201300004669,13,4,14,1130,1,1,1,1.0,1,07324,M,4506100.0,478400.0,07
201300004670,13,4,23,1300,1,2,1,1.0,1,07324,M,0.0,0.0,07
201300004671,13,5,21,745,1,2,1,1.0,1,07324,M,0.0,0.0,07
201300004672,13,6,30,1530,1,2,1,1.0,7,07324,M,0.0,0.0,07
201300004673,13,11,9,1845,3,2,1,2.0,3,07323,M,0.0,0.0,07
201300004674,13,3,2,1430,1,1,1,1.0,7,07010,M,0.0,0.0,07
201300004675,13,3,12,1645,1,2,1,1.0,6,07010,M,0.0,0.0,07
201300004676,13,4,23,1415,1,1,1,1.0,6,07010,M,0.0,0.0,07
201300004677,13,5,21,1015,1,2,1,3.0,1,07078,M,0.0,0.0,07
201300004678,13,7,19,2345,3,1,1,1.0,6,07310,M,0.0,0.0,07
201300004679,13,11,21,415,3,2,1,2.0,3,07010,M,0.0,0.0,07
201300004680,13,12,10,1600,1,2,1,1.0,6,07010,M,0.0,0.0,07
201300004681,13,5,4,1015,3,1,1,1.0,6,07220,M,4487700.0,441300.0,07
201300004682,13,8,16,1930,1,1,1,1.0,1,07082,M,4486900.0,436500.0,07
201300004683,13,12,1,600,3,1,1,2.0,1,07001,M,0.0,0.0,07
201300004684,13,5,14,745,1,2,1,1.0,7,07338,M,0.0,0.0,07
201300004685,13,8,4,330,3,1,1,1.0,7,07205,M,0.0,0.0,07
201300004686,13,8,10,2100,2,1,2,1.0,3,07292,M,4517300.0,469500.0,07
201300004687,13,10,7,1115,1,1,1,1.0,1,07292,M,4516900.0,469400.0,07
201300004688,13,7,21,2115,3,1,1,1.0,6,26027,M,0.0,0.0,26
201300004689,13,8,16,1530,1,1,1,8.0,2,26167,M,0.0,0.0,26
201300004690,13,11,7,1315,1,1,1,1.0,7,26365,M,0.0,0.0,26
201300004691,13,11,23,1600,2,2,1,3.0,6,26108,M,0.0,0.0,26
201300004692,13,7,27,1700,1,1,1,1.0,3,26289,M,0.0,0.0,26
201300004693,13,7,28,2200,3,1,9,3.0,1,26365,M,0.0,0.0,26
201300004694,13,8,1,1745,1,1,1,1.0,6,26262,M,0.0,0.0,26
201300004695,13,8,5,2130,2,2,1,1.0,6,26108,M,4473520.0,501390.0,26
201300004696,13,8,11,1800,1,1,1,1.0,3,26234,M,0.0,0.0,26
201300004697,13,9,15,1145,1,1,1,8.0,6,26241,M,0.0,0.0,26
201300004698,13,10,19,2015,3,1,1,1.0,7,26113,M,0.0,0.0,26
201300004699,13,10,24,1715,1,1,1,1.0,1,26289,M,0.0,0.0,26
201300004700,13,11,30,615,3,1,1,8.0,3,26234,M,0.0,0.0,26
201300004701,13,4,9,1715,1,1,2,1.0,3,26064,M,4492700.0,496220.0,26
201300004702,13,6,8,1500,1,1,1,8.0,7,26081,M,0.0,0.0,26
201300004703,13,6,18,2000,1,2,1,1.0,1,26313,M,4496920.0,495760.0,26
201300004704,13,9,9,1730,1,1,1,1.0,3,26108,M,4473500.0,498680.0,26
201300004705,13,10,6,15,3,1,1,8.0,7,26183,M,0.0,0.0,26
201300004706,13,10,25,2215,3,1,1,1.0,6,26183,M,0.0,0.0,26
201300004707,13,11,6,1630,1,2,9,1.0,6,26108,M,0.0,0.0,26
201300004708,13,2,22,1900,3,1,1,1.0,3,26196,M,0.0,0.0,26
201300004709,13,6,7,1930,1,2,1,7.0,6,26166,M,4475180.0,482220.0,26
201300004710,13,6,26,1800,1,1,1,1.0,1,26289,M,0.0,0.0,26
201300004711,13,7,14,2215,5,2,1,1.0,6,26113,M,4475500.0,537100.0,26
201300004712,13,1,8,1015,1,1,1,1.0,5,26243,M,0.0,0.0,26
201300004713,13,3,6,1415,1,1,1,2.0,1,26045,M,0.0,0.0,26
201300004714,13,6,29,1900,1,1,1,1.0,3,26202,M,0.0,0.0,26
201300004715,13,1,7,1830,5,1,1,1.0,6,26085,M,0.0,0.0,26
201300004716,13,1,13,730,3,1,1,1.0,6,26085,M,0.0,0.0,26
201300004717,13,2,10,1000,2,1,1,1.0,7,26169,M,0.0,0.0,26
201300004718,13,6,6,630,1,1,1,1.0,7,26085,M,4449990.0,471640.0,26
201300004719,13,3,14,1745,1,1,1,1.0,3,26235,M,0.0,0.0,26
201300004720,13,1,18,2330,3,1,1,4.0,6,26357,M,0.0,0.0,26
201300004721,13,12,31,1800,4,1,1,1.0,3,26182,M,0.0,0.0,26
201300004722,13,2,26,1845,3,1,2,1.0,1,26367,M,0.0,0.0,26
201300004723,13,4,19,1230,1,1,1,1.0,1,26220,M,0.0,0.0,26
201300004724,13,7,30,1130,1,2,1,1.0,6,26220,M,4436020.0,513350.0,26
201300004725,13,1,11,1830,5,2,1,8.0,6,02691,M,4983365.0,330116.0,02
201300004726,13,1,28,1850,5,2,3,1.0,3,02691,M,4984199.0,329497.0,02
201300004727,13,2,10,125,5,2,1,1.0,6,02691,M,4984482.0,329065.0,02
201300004728,13,3,2,1510,1,2,1,1.0,6,02549,M,4982511.0,333074.0,02
201300004729,13,3,5,1435,1,1,1,1.0,2,02659,M,4985218.0,332857.0,02
201300004730,13,3,6,1550,1,2,1,1.0,6,02691,M,4984142.0,329591.0,02
201300004731,13,5,17,935,1,2,1,1.0,6,02340,M,4982176.0,328564.0,02
201300004732,13,6,4,1800,1,2,1,1.0,6,02691,M,4986115.0,329981.0,02
201300004733,13,6,5,1125,1,2,2,1.0,3,02691,M,4983365.0,330116.0,02
201300004734,13,6,22,2215,5,2,2,2.0,3,02691,M,4985172.0,327979.0,02
201300004735,13,6,25,2100,1,2,1,1.0,6,02691,M,4985317.0,326846.0,02
201300004736,13,7,1,1915,1,2,3,1.0,6,02691,M,4986012.0,329750.0,02
201300004737,13,7,5,2030,1,2,3,1.0,3,02691,M,,,02
201300004738,13,8,14,1430,1,2,1,1.0,6,02691,M,4983605.0,329758.0,02
201300004739,13,8,28,2115,5,2,3,1.0,6,02691,M,,,02
201300004740,13,10,5,1855,5,2,3,1.0,3,02371,M,4984087.0,331904.0,02
201300004741,13,11,4,1300,1,2,3,3.0,3,02691,M,4984501.0,327357.0,02
201300004742,13,11,15,845,1,2,3,1.0,3,02691,M,4984279.0,326644.0,02
201300004743,13,12,12,1350,1,2,1,1.0,6,02691,M,4984868.0,327747.0,02
201300004744,13,1,7,1215,1,1,3,1.0,1,26360,M,0.0,0.0,26
201300004745,13,3,7,745,1,1,1,1.0,1,26360,M,0.0,0.0,26
201300004746,13,6,15,1400,1,1,1,1.0,3,26264,M,0.0,0.0,26
201300004747,13,8,18,1700,1,1,1,1.0,5,26112,M,0.0,0.0,26
201300004748,13,10,27,1200,1,2,1,2.0,6,26264,M,0.0,0.0,26
201300004749,13,1,5,1800,3,1,1,6.0,6,26049,M,0.0,0.0,26
201300004750,13,1,11,600,2,2,1,8.0,6,26088,M,0.0,0.0,26
201300004751,13,1,12,1530,1,1,2,1.0,3,26079,M,4494820.0,507180.0,26
201300004752,13,1,1,1145,1,1,1,2.0,6,26231,M,0.0,0.0,26
201300004753,13,2,2,1815,3,1,4,2.0,1,26088,M,0.0,0.0,26
201300004754,13,5,21,1615,1,1,1,1.0,4,26034,M,0.0,0.0,26
201300004755,13,5,28,1245,1,2,1,1.0,1,26057,M,0.0,0.0,26
201300004756,13,6,25,1815,1,2,1,6.0,7,26088,M,0.0,0.0,26
201300004757,13,5,13,1430,1,1,1,1.0,2,26331,M,0.0,0.0,26
201300004758,13,6,23,1430,1,2,1,1.0,1,26320,M,0.0,0.0,26
201300004759,13,1,20,1345,1,1,2,1.0,3,26295,M,0.0,0.0,26
201300004760,13,2,8,1400,1,1,1,4.0,1,26325,M,4527780.0,483020.0,26
201300004761,13,3,30,300,5,1,1,2.0,3,26160,M,0.0,0.0,26
201300004762,13,6,5,1645,1,2,1,1.0,6,26333,M,4517750.0,481430.0,26
201300004763,13,6,8,1530,1,1,1,1.0,6,26010,M,4527930.0,488350.0,26
201300004764,13,12,14,1430,1,2,1,1.0,3,26010,M,0.0,0.0,26
201300004765,13,3,16,230,3,1,1,1.0,1,26084,M,0.0,0.0,26
201300004766,13,6,5,1930,1,1,1,1.0,6,26179,M,0.0,0.0,26
201300004767,13,10,1,1730,1,1,1,1.0,6,26380,M,0.0,0.0,26
201300004768,13,1,28,1545,1,2,1,1.0,6,02722,M,4938366.0,333570.0,02
201300004769,13,1,18,1235,1,2,1,1.0,6,02722,M,4938236.0,332851.0,02
201300004770,13,11,29,1840,5,2,6,2.0,6,02722,M,4937656.0,332972.0,02
201300004771,13,2,12,920,1,2,1,1.0,6,02722,M,4937387.0,332902.0,02
201300004772,13,12,19,2135,5,2,6,1.0,6,02722,M,4937642.0,332964.0,02
201300004773,13,3,6,1720,1,2,3,1.0,3,02722,M,4937322.0,334348.0,02
201300004774,13,3,14,1825,1,2,3,1.0,6,02722,M,4936924.0,333741.0,02
201300004775,13,3,19,1930,2,2,6,2.0,6,02722,M,4937659.0,332972.0,02
201300004776,13,3,19,1950,5,2,2,2.0,3,02722,M,4937369.0,333266.0,02
201300004777,13,3,20,1339,1,2,3,1.0,2,02805,M,4937399.0,334090.0,02
201300004778,13,3,21,1503,1,2,4,1.0,2,02722,M,4937424.0,332550.0,02
201300004779,13,3,21,1627,1,2,2,1.0,3,02722,M,4938310.0,331608.0,02
201300004780,13,4,22,922,1,2,3,1.0,3,02722,M,4939038.0,333276.0,02
201300004781,13,5,1,545,2,2,1,1.0,6,02243,M,4940637.0,336586.0,02
201300004782,13,5,2,1800,1,2,3,1.0,6,02722,M,4936298.0,331697.0,02
201300004783,13,5,3,1910,1,2,3,1.0,3,02722,M,4938252.0,330903.0,02
201300004784,13,5,10,1830,1,2,1,1.0,6,02722,M,4937522.0,330875.0,02
201300004785,13,5,12,535,2,2,1,1.0,6,02805,M,4937306.0,334457.0,02
201300004786,13,5,22,1535,1,2,1,1.0,6,02064,M,4936336.0,332625.0,02
201300004787,13,6,26,740,1,1,1,1.0,6,02805,M,,,02
201300004788,13,5,31,1940,1,2,1,1.0,6,02722,M,4936548.0,332502.0,02
201300004789,13,8,23,2100,5,2,3,1.0,1,02064,M,4936226.0,333070.0,02
201300004790,13,7,4,740,1,2,3,7.0,3,02722,M,4938788.0,333271.0,02
201300004791,13,7,31,1005,1,2,1,8.0,6,02722,M,4938238.0,332846.0,02
201300004792,13,8,5,1830,1,2,2,1.0,3,02722,M,4938949.0,331277.0,02
201300004793,13,9,23,1915,2,1,1,1.0,2,02805,M,4937267.0,336610.0,02
201300004794,13,9,21,525,5,2,3,1.0,3,02243,M,,,02
201300004795,13,9,10,1930,2,2,1,1.0,2,02722,M,4937452.0,332679.0,02
201300004796,13,10,9,1910,5,2,6,1.0,3,02722,M,4938196.0,327994.0,02
201300004797,13,10,10,1325,1,2,2,3.0,1,02722,M,4937114.0,331337.0,02
201300004798,13,10,20,915,1,2,2,2.0,3,02722,M,4938909.0,332589.0,02
201300004799,13,10,20,450,5,2,1,2.0,6,02722,M,4938995.0,332518.0,02
201300004800,13,10,25,949,1,2,2,1.0,3,02722,M,4938816.0,331715.0,02
201300004801,13,11,20,1940,5,2,2,2.0,3,02722,M,4938696.0,332180.0,02
201300004802,13,10,29,1815,5,2,4,1.0,3,02722,M,4939771.0,335056.0,02
201300004803,13,12,6,1810,5,2,1,2.0,3,02722,M,4937021.0,333932.0,02
201300004804,13,12,7,1725,5,2,6,8.0,6,02722,M,4936747.0,331529.0,02
201300004805,13,12,13,2330,3,1,1,3.0,1,02131,M,,,02
201300004806,13,12,15,2120,3,1,1,1.0,1,02805,M,,,02
201300004807,13,12,17,2310,5,2,2,1.0,3,02805,M,4937434.0,333964.0,02
201300004808,13,8,30,1615,1,2,1,1.0,6,02722,M,4938314.0,332385.0,02
201300004809,13,1,14,1815,5,2,2,2.0,6,38150,M,4520160.0,583827.0,38
201300004810,13,3,12,1330,1,2,1,1.0,1,38150,M,0.0,0.0,38
201300004811,13,4,13,1800,1,1,1,1.0,6,38150,M,0.0,0.0,38
201300004812,13,10,14,1745,1,2,1,1.0,1,38422,M,0.0,0.0,38
201300004813,13,11,6,1730,2,2,1,1.0,1,38422,M,4514600.0,583400.0,38
201300004814,13,5,27,1230,1,2,2,1.0,3,38158,M,0.0,0.0,38
201300004815,13,6,8,2015,1,1,1,2.0,1,38317,M,0.0,0.0,38
201300004816,13,6,15,1715,1,2,1,1.0,1,38317,M,0.0,0.0,38
201300004817,13,2,12,2045,5,1,4,1.0,3,38075,M,4545900.0,599749.0,38
201300004818,13,3,2,2015,3,1,1,1.0,1,38075,M,0.0,0.0,38
201300004819,13,3,12,1845,2,2,1,1.0,2,38314,M,4543700.0,601500.0,38
201300004820,13,4,6,1730,1,2,6,1.0,7,38314,M,0.0,0.0,38
201300004821,13,4,19,1230,1,1,1,3.0,6,38314,M,0.0,0.0,38
201300004822,13,5,9,215,3,1,1,1.0,6,38006,M,4541240.0,609000.0,38
201300004823,13,6,15,1030,1,2,1,1.0,7,38027,M,0.0,0.0,38
201300004824,13,6,30,145,3,2,1,2.0,7,38314,M,0.0,0.0,38
201300004825,13,7,12,700,1,1,1,1.0,6,38439,M,0.0,0.0,38
201300004826,13,7,17,1200,1,2,9,1.0,3,38006,M,0.0,0.0,38
201300004827,13,8,2,1145,1,2,1,1.0,3,38314,M,0.0,0.0,38
201300004828,13,8,21,1645,1,1,1,1.0,1,38027,M,0.0,0.0,38
201300004829,13,9,13,2115,3,1,1,1.0,7,38439,M,0.0,0.0,38
201300004830,13,3,22,1645,1,2,1,1.0,3,38382,M,0.0,0.0,38
201300004831,13,7,2,1630,1,2,1,1.0,7,38382,M,4523000.0,567800.0,38
201300004832,13,4,25,2015,2,1,1,1.0,7,38442,M,0.0,0.0,38
201300004833,13,5,9,1900,2,1,1,8.0,1,38405,M,0.0,0.0,38
201300004834,13,6,21,1445,2,1,1,1.0,7,38442,M,0.0,0.0,38
201300004835,13,6,22,1515,1,1,1,1.0,7,38446,M,0.0,0.0,38
201300004836,13,6,25,2000,1,2,2,1.0,3,38412,M,0.0,0.0,38
201300004837,13,8,5,1800,1,1,1,1.0,6,38405,M,0.0,0.0,38
201300004838,13,9,4,1500,1,1,1,1.0,3,38155,M,0.0,0.0,38
201300004839,13,9,10,1630,1,1,1,1.0,6,38376,M,0.0,0.0,38
201300004840,13,10,8,2030,1,1,1,8.0,2,38412,M,0.0,0.0,38
201300004841,13,12,30,1630,1,1,1,8.0,6,38446,M,4539530.0,585546.0,38
201300004842,13,5,7,2115,3,2,1,1.0,7,38281,M,0.0,0.0,38
201300004843,13,6,7,1600,1,1,1,1.0,6,38153,M,4520200.0,562900.0,38
201300004844,13,7,12,2015,1,1,1,1.0,1,38474,M,0.0,0.0,38
201300004845,13,9,18,1230,1,2,7,1.0,6,38474,M,0.0,0.0,38
201300004846,13,9,23,945,1,1,1,1.0,3,38474,M,0.0,0.0,38
201300004847,13,9,26,745,1,2,2,1.0,3,38474,M,4521100.0,567300.0,38
201300004848,13,12,5,1815,3,1,1,1.0,1,38540,M,0.0,0.0,38
201300004849,13,1,4,815,1,2,1,1.0,7,38504,M,4530430.0,599841.0,38
201300004850,13,4,4,1645,1,1,1,1.0,3,38511,M,0.0,0.0,38
201300004851,13,7,14,2300,3,1,1,1.0,5,38262,M,0.0,0.0,38
201300004852,13,7,21,1500,1,1,1,1.0,2,38511,M,0.0,0.0,38
201300004853,13,9,4,930,1,1,1,1.0,6,38303,M,0.0,0.0,38
201300004854,13,11,2,630,2,2,1,3.0,1,38100,M,0.0,0.0,38
201300004855,13,11,2,1845,3,1,1,2.0,2,38181,M,0.0,0.0,38
201300004856,13,3,7,1530,1,1,1,1.0,6,38524,M,0.0,0.0,38
201300004857,13,5,31,1245,1,1,1,1.0,4,38545,M,0.0,0.0,38
201300004858,13,6,15,215,5,2,1,1.0,6,38545,M,0.0,0.0,38
201300004859,13,1,7,1815,3,1,1,1.0,1,38021,M,4516550.0,553360.0,38
201300004860,13,1,28,645,2,1,1,1.0,1,38548,M,0.0,0.0,38
201300004861,13,9,16,145,3,1,1,8.0,6,38548,M,0.0,0.0,38
201300004862,13,2,7,1215,1,1,2,1.0,5,02059,M,4964679.0,335265.0,02
201300004863,13,2,15,1010,1,2,1,1.0,6,02738,M,4965327.0,329009.0,02
201300004864,13,2,22,2345,3,1,1,1.0,1,02165,M,4964502.0,339533.0,02
201300004865,13,2,23,1730,1,1,4,8.0,2,02165,M,4965812.0,338326.0,02
201300004866,13,3,5,1050,1,2,1,1.0,6,02738,M,4965041.0,327967.0,02
201300004867,13,3,22,1605,1,2,1,1.0,6,02738,M,4965316.0,328977.0,02
201300004868,13,3,22,1450,1,2,3,1.0,6,02738,M,4965908.0,327574.0,02
201300004869,13,4,6,1220,1,2,1,1.0,6,02738,M,4965923.0,329746.0,02
201300004870,13,5,17,2050,1,2,1,1.0,3,02738,M,4965260.0,327952.0,02
201300004871,13,5,21,740,1,1,1,1.0,1,02738,M,4966738.0,326453.0,02
201300004872,13,5,22,1435,1,2,1,1.0,6,02738,M,4965672.0,330345.0,02
201300004873,13,3,29,810,1,2,3,1.0,3,02304,M,4966363.0,336948.0,02
201300004874,13,4,17,800,1,1,6,1.0,3,38565,M,0.0,0.0,38
201300004875,13,9,20,1735,1,2,1,1.0,6,02738,M,4965454.0,329469.0,02
201300004876,13,10,15,1725,1,2,2,7.0,6,02738,M,4965372.0,329211.0,02
201300004877,13,8,8,1015,1,1,1,2.0,1,38312,M,0.0,0.0,38
201300004878,13,10,19,1445,1,2,1,1.0,3,38269,M,0.0,0.0,38
201300004879,13,10,26,1015,1,2,1,1.0,6,38304,M,4495500.0,575800.0,38
201300004880,13,4,12,1600,1,1,1,1.0,3,38243,M,4478500.0,564600.0,38
201300004881,13,8,7,1130,1,1,1,2.0,6,38424,M,4477600.0,566200.0,38
201300004882,13,8,27,1045,1,1,1,1.0,1,38204,M,4474200.0,567900.0,38
201300004883,13,8,31,1500,1,2,1,1.0,6,38226,M,4481800.0,575100.0,38
201300004884,13,1,18,1645,1,1,1,1.0,3,38212,M,4506670.0,586952.0,38
201300004885,13,2,23,2300,5,2,9,2.0,6,38200,M,4509760.0,574683.0,38
201300004886,13,6,6,830,1,2,6,1.0,3,38529,M,4507600.0,591100.0,38
201300004887,13,7,5,900,1,1,1,1.0,1,38277,M,0.0,0.0,38
201300004888,13,7,17,1245,1,1,1,1.0,3,38279,M,0.0,0.0,38
201300004889,13,7,26,1845,1,1,1,1.0,6,38562,M,4505030.0,578336.0,38
201300004890,13,9,14,1430,1,2,1,1.0,1,38529,M,0.0,0.0,38
201300004891,13,10,2,1400,1,1,1,1.0,1,38562,M,0.0,0.0,38
201300004892,13,10,16,1630,1,2,1,1.0,1,38279,M,0.0,0.0,38
201300004893,13,10,22,1745,1,2,1,1.0,1,38279,M,0.0,0.0,38
201300004894,13,12,6,2230,3,1,1,1.0,6,38279,M,4506330.0,576069.0,38
201300004895,13,12,17,1415,1,2,1,1.0,3,38071,M,4508400.0,572800.0,38
201300004896,13,2,24,1930,3,1,1,1.0,5,38095,M,4513600.0,529590.0,38
201300004897,13,5,7,1445,1,1,1,1.0,3,38410,M,0.0,0.0,38
201300004898,13,6,15,1300,1,2,1,1.0,6,38495,M,0.0,0.0,38
201300004899,13,7,21,45,3,1,1,1.0,7,38095,M,4512550.0,527650.0,38
201300004900,13,7,25,1930,1,1,1,1.0,1,38394,M,4508400.0,525300.0,38
201300004901,13,10,18,1730,1,1,3,1.0,3,38409,M,4506600.0,528100.0,38
201300004902,13,11,1,745,1,1,1,1.0,6,38409,M,4509500.0,529800.0,38