Num_Acc,an,mois,jour,hrmn,lum,agg,int,atm,col,com,gps,lat,long,dep
201300004903,13,12,21,600,3,1,1,1.0,7,38095,M,4512630.0,530360.0,38
201300004904,13,3,25,1545,1,1,1,1.0,6,38505,M,0.0,0.0,38
201300004905,13,4,13,1830,1,1,1,1.0,7,38457,M,4530500.0,526900.0,38
201300004906,13,5,18,530,2,1,2,1.0,3,38218,M,0.0,0.0,38
201300004907,13,6,1,1730,1,1,1,1.0,6,38387,M,4532100.0,533800.0,38
201300004908,13,9,7,1200,1,1,1,1.0,1,38221,M,4528600.0,526400.0,38
201300004909,13,9,9,715,1,1,2,1.0,3,38058,M,4535660.0,530605.0,38
201300004910,13,9,21,600,4,2,1,1.0,6,38440,M,4531900.0,528800.0,38
201300004911,13,10,1,800,1,2,1,1.0,6,38058,M,4535300.0,530700.0,38
201300004912,13,10,26,1230,1,1,1,1.0,5,38171,M,4530500.0,541000.0,38
201300004913,13,1,11,1515,1,1,4,2.0,6,38500,M,4518790.0,537795.0,38
201300004914,13,2,3,1130,1,1,1,1.0,6,38074,M,4525040.0,545451.0,38
201300004915,13,3,9,1230,1,1,1,1.0,6,38338,M,4523100.0,549800.0,38
201300004916,13,3,17,845,1,1,1,3.0,6,38117,M,0.0,0.0,38
201300004917,13,4,23,1930,1,2,3,1.0,3,38004,M,4522700.0,543900.0,38
201300004918,13,6,23,230,3,1,1,1.0,7,38310,M,4526700.0,546900.0,38
201300004919,13,6,23,1630,1,1,1,1.0,5,38500,M,0.0,0.0,38
201300004920,13,7,4,1745,1,2,1,1.0,1,38517,M,4530300.0,548500.0,38
201300004921,13,7,26,1345,1,1,1,7.0,1,38338,M,4525000.0,551400.0,38
201300004922,13,8,2,1130,1,1,1,1.0,1,38450,M,0.0,0.0,38
201300004923,13,8,7,900,1,1,1,3.0,5,38450,M,4529360.0,558654.0,38
201300004924,13,8,20,1800,1,2,1,1.0,5,38517,M,4531400.0,549200.0,38
201300004925,13,12,1,1645,1,1,1,1.0,1,38450,M,0.0,0.0,38
201300004926,13,12,24,30,3,1,1,1.0,7,38074,M,0.0,0.0,38
201300004927,13,2,3,1800,3,1,4,1.0,6,38348,M,4558320.0,532284.0,38
201300004928,13,3,4,830,1,1,1,1.0,1,38415,M,0.0,0.0,38
201300004929,13,5,24,1700,1,2,1,1.0,6,38467,M,0.0,0.0,38
201300004930,13,5,26,900,1,1,1,1.0,1,38455,M,0.0,0.0,38
201300004931,13,6,24,715,1,1,1,3.0,2,38374,M,0.0,0.0,38
201300004932,13,10,15,815,1,1,1,2.0,6,38415,M,0.0,0.0,38
201300004933,13,10,15,1315,1,1,1,8.0,1,38498,M,0.0,0.0,38
201300004934,13,10,30,815,3,1,1,1.0,6,38415,M,0.0,0.0,38
201300004935,13,11,4,1815,5,2,1,2.0,6,38348,M,0.0,0.0,38
201300004936,13,12,8,1215,1,1,1,1.0,1,38230,M,0.0,0.0,38
201300004937,13,12,19,815,1,1,1,2.0,5,38374,M,0.0,0.0,38
201300004938,13,12,21,1045,1,2,1,7.0,6,38276,M,0.0,0.0,38
201300004939,13,2,28,2130,3,2,1,1.0,6,38176,M,0.0,0.0,38
201300004940,13,5,24,1645,5,2,1,1.0,6,38542,M,4568400.0,521800.0,38
201300004941,13,7,6,1630,1,1,1,1.0,6,38176,M,4564000.0,520600.0,38
201300004942,13,10,4,100,3,1,1,1.0,7,38451,M,0.0,0.0,38
201300004943,13,11,13,815,1,2,1,1.0,6,38515,M,0.0,0.0,38
201300004944,13,12,1,245,3,1,6,1.0,6,38190,M,0.0,0.0,38
201300004945,13,12,20,730,2,1,1,2.0,3,38451,M,4574900.0,522800.0,38
201300004946,13,4,11,1900,1,1,1,1.0,6,38046,M,0.0,0.0,38
201300004947,13,7,25,1545,1,2,1,1.0,3,38046,M,0.0,0.0,38
201300004948,13,8,23,1500,1,1,1,1.0,3,38063,M,0.0,0.0,38
201300004949,13,9,13,745,1,1,6,1.0,1,38013,M,0.0,0.0,38
201300004950,13,9,24,1730,1,1,1,1.0,3,38042,M,0.0,0.0,38
201300004951,13,12,13,1915,3,1,1,4.0,6,38063,M,4542600.0,542600.0,38
201300004952,13,12,15,345,3,1,1,8.0,6,38305,M,0.0,0.0,38
201300004953,13,3,11,1630,1,1,1,1.0,3,38135,M,0.0,0.0,38
201300004954,13,8,11,1530,1,1,1,1.0,3,38365,M,4578900.0,534800.0,38
201300004955,13,9,3,2345,5,1,1,1.0,3,38320,M,0.0,0.0,38
201300004956,13,11,6,1915,3,1,1,2.0,1,38054,M,0.0,0.0,38
201300004957,13,6,23,1730,1,1,1,1.0,7,38541,M,0.0,0.0,38
201300004958,13,7,2,1530,1,1,1,1.0,1,38124,M,0.0,0.0,38
201300004959,13,8,3,1645,1,1,1,7.0,6,38297,M,0.0,0.0,38
201300004960,13,9,1,530,2,2,1,1.0,6,38012,M,0.0,0.0,38
201300004961,13,10,13,545,3,1,1,1.0,6,38541,M,0.0,0.0,38
201300004962,13,10,25,430,5,1,1,1.0,1,38543,M,,,38
201300004963,13,1,4,1015,1,1,1,1.0,6,38357,M,4554600.0,551658.0,38
201300004964,13,2,28,1030,3,2,8,1.0,6,38357,M,0.0,0.0,38
201300004965,13,3,20,1145,1,2,1,2.0,6,38315,M,0.0,0.0,38
201300004966,13,5,21,1115,1,1,1,2.0,1,38315,M,0.0,0.0,38
201300004967,13,6,7,1915,1,2,1,2.0,1,38357,M,0.0,0.0,38
201300004968,13,6,16,1715,1,1,1,1.0,3,38001,M,0.0,0.0,38
201300004969,13,7,3,1815,1,1,1,1.0,5,38165,M,0.0,0.0,38
201300004970,13,8,11,830,1,2,1,1.0,3,38315,M,0.0,0.0,38
201300004971,13,8,23,1845,1,2,1,7.0,6,38315,M,,,38
201300004972,13,9,8,1830,1,1,1,3.0,1,38028,M,0.0,0.0,38
201300004973,13,10,5,1345,1,1,1,1.0,1,38323,M,0.0,0.0,38
201300004974,13,10,10,1830,2,1,1,8.0,5,38420,M,0.0,0.0,38
201300004975,13,12,30,1900,5,2,1,1.0,1,38315,M,4553620.0,564992.0,38
201300004976,13,2,9,745,1,1,1,2.0,1,38369,M,4555430.0,542921.0,38
201300004977,13,2,27,1430,1,2,3,1.0,3,38401,M,4556490.0,543066.0,38
201300004978,13,8,17,545,5,2,1,1.0,3,38064,M,4557200.0,537500.0,38
201300004979,13,8,28,1645,1,2,1,1.0,6,38377,M,0.0,0.0,38
201300004980,13,8,29,1330,1,2,1,1.0,4,38064,M,4557200.0,537000.0,38
201300004981,13,9,13,2000,3,2,1,1.0,2,38064,M,4557300.0,535700.0,38
201300004982,13,9,16,2115,3,1,1,3.0,1,38064,M,0.0,0.0,38
201300004983,13,10,4,2030,3,2,3,3.0,7,38464,M,4553830.0,540789.0,38
201300004984,13,10,5,945,1,1,1,1.0,1,38250,M,0.0,0.0,38
201300004985,13,10,7,1845,1,2,1,1.0,3,38162,M,4559500.0,552700.0,38
201300004986,13,10,25,1815,2,1,1,1.0,1,38509,M,0.0,0.0,38
201300004987,13,11,29,1630,2,2,1,3.0,4,38509,M,0.0,0.0,38
201300004988,13,11,30,1915,3,1,1,1.0,1,38341,M,0.0,0.0,38
201300004989,13,12,16,1545,1,1,1,1.0,1,38377,M,4557200.0,545800.0,38
201300004990,13,2,18,1715,1,2,4,1.0,3,44209,M,4733400.0,-160700.0,44
201300004991,13,4,11,1645,1,2,1,3.0,6,44035,M,0.0,0.0,44
201300004992,13,4,12,2330,5,2,6,1.0,3,44066,M,0.0,0.0,44
201300004993,13,6,19,1715,1,2,6,1.0,3,44035,M,0.0,0.0,44
201300004994,13,8,31,1800,1,2,9,1.0,3,44035,M,4728500.0,-155000.0,44
201300004995,13,11,13,1815,5,2,6,1.0,6,44035,M,4727200.0,-155100.0,44
201300004996,13,12,12,1145,1,1,1,2.0,7,44066,M,0.0,0.0,44
201300004997,13,12,25,1115,1,2,6,2.0,3,44035,M,0.0,0.0,44
201300004998,13,2,22,45,5,1,1,1.0,6,38215,M,4558440.0,497636.0,38
201300004999,13,4,19,1230,1,1,1,2.0,1,38336,M,0.0,0.0,38
201300005000,13,8,6,1830,1,2,1,1.0,7,38160,M,0.0,0.0,38
201300005001,13,8,25,2130,3,1,1,1.0,1,38157,M,4550500.0,495300.0,38
201300005002,13,10,5,1345,1,2,1,1.0,6,38087,M,0.0,0.0,38
201300005003,13,11,17,600,3,1,1,1.0,6,38131,M,4547100.0,490600.0,38
201300005004,13,12,10,545,3,1,1,5.0,7,38160,M,4549700.0,499800.0,38
201300005005,13,12,12,1900,3,1,1,5.0,6,38215,M,4560800.0,498300.0,38
201300005006,13,1,31,815,1,1,1,8.0,3,38069,M,4546640.0,529323.0,38
201300005007,13,3,7,330,3,2,1,2.0,1,38479,M,0.0,0.0,38
201300005008,13,3,10,1715,3,1,1,2.0,6,38016,M,0.0,0.0,38
201300005009,13,3,21,900,1,2,1,7.0,6,38130,M,0.0,0.0,38
201300005010,13,4,8,530,2,1,1,1.0,7,38274,M,0.0,0.0,38
201300005011,13,6,15,1530,1,2,1,1.0,3,38335,M,0.0,0.0,38
201300005012,13,6,13,1915,1,2,1,1.0,1,38300,M,0.0,0.0,38
201300005013,13,8,1,1615,1,1,1,1.0,3,38284,M,0.0,0.0,38
201300005014,13,8,21,1530,1,1,1,1.0,3,38034,M,0.0,0.0,38
201300005015,13,9,19,1215,1,1,2,1.0,3,38037,M,4535640.0,495360.0,38
201300005016,13,10,19,715,2,2,1,1.0,1,38130,M,0.0,0.0,38
201300005017,13,11,30,2100,5,1,1,1.0,2,38025,M,0.0,0.0,38
201300005018,13,12,11,1130,1,2,1,1.0,2,38130,M,0.0,0.0,38
201300005019,13,12,18,1045,1,1,1,1.0,3,38037,M,0.0,0.0,38
201300005020,13,1,23,1800,3,1,2,1.0,1,38519,M,4561320.0,500461.0,38
201300005021,13,3,9,1500,1,1,1,1.0,6,38399,M,0.0,0.0,38
201300005022,13,3,15,1630,1,2,1,1.0,6,38389,M,4556500.0,509700.0,38
201300005023,13,4,2,1745,2,1,1,2.0,7,38351,M,0.0,0.0,38
201300005024,13,4,3,2100,3,1,1,1.0,6,38189,M,4561800.0,505746.0,38
201300005025,13,7,2,830,1,1,1,1.0,7,38389,M,0.0,0.0,38
201300005026,13,7,6,930,1,1,1,1.0,4,38389,M,0.0,0.0,38
201300005027,13,10,4,1915,2,1,1,3.0,6,38015,M,0.0,0.0,38
201300005028,13,11,19,1400,1,1,6,3.0,6,38144,M,0.0,0.0,38
201300005029,13,12,18,1730,1,1,1,1.0,1,38288,M,4558400.0,504500.0,38
201300005030,13,3,10,1630,1,2,1,1.0,7,38507,M,0.0,0.0,38
201300005031,13,6,17,1600,1,2,1,1.0,6,38507,M,0.0,0.0,38
201300005032,13,7,26,45,3,1,1,1.0,5,38197,M,4575840.0,512863.0,38
201300005033,13,9,13,2145,3,1,1,8.0,6,38085,M,4573370.0,515832.0,38
201300005034,13,10,19,1400,3,1,1,1.0,1,38085,M,0.0,0.0,38
201300005035,13,2,2,800,1,2,4,1.0,6,38344,M,4536860.0,479943.0,38
201300005036,13,1,28,2030,5,2,1,1.0,3,38468,M,4535320.0,480218.0,38
201300005037,13,2,1,2015,5,2,2,8.0,3,38298,M,4537170.0,480077.0,38
201300005038,13,2,15,1000,1,2,1,1.0,6,38298,M,4537240.0,479866.0,38
201300005039,13,3,16,500,2,1,1,1.0,1,38468,M,0.0,0.0,38
201300005040,13,3,30,1530,1,1,1,2.0,5,38072,M,0.0,0.0,38
201300005041,13,4,17,1745,1,2,2,1.0,3,38344,M,0.0,0.0,38
201300005042,13,4,23,1700,1,1,1,1.0,1,38344,M,4539430.0,480637.0,38
201300005043,13,4,26,1830,1,1,1,1.0,3,38003,M,0.0,0.0,38
201300005044,13,5,25,2115,2,2,2,8.0,3,38344,M,0.0,0.0,38
201300005045,13,5,31,1445,1,2,1,2.0,1,38344,M,0.0,0.0,38
201300005046,13,6,6,1530,1,2,1,1.0,2,38349,M,0.0,0.0,38
201300005047,13,6,25,1445,1,1,1,1.0,2,38468,M,0.0,0.0,38
201300005048,13,7,29,1400,1,1,1,1.0,1,38349,M,0.0,0.0,38
201300005049,13,9,21,1830,1,2,1,1.0,6,38003,M,0.0,0.0,38
201300005050,13,10,25,600,1,1,1,1.0,1,38072,M,0.0,0.0,38
201300005051,13,11,15,1215,1,1,1,1.0,5,38344,M,0.0,0.0,38
201300005052,13,11,20,900,1,1,1,4.0,3,38344,M,0.0,0.0,38
201300005053,13,12,22,1400,1,1,1,1.0,7,38468,M,0.0,0.0,38
201300005054,13,7,30,1915,1,1,1,7.0,1,38449,M,0.0,0.0,38
201300005055,13,8,21,845,1,2,1,1.0,1,38537,M,0.0,0.0,38
201300005056,13,12,5,1430,1,1,1,1.0,5,38449,M,0.0,0.0,38
201300005057,13,12,25,1800,3,1,6,3.0,3,38449,M,0.0,0.0,38
201300005058,13,4,13,1115,1,1,1,1.0,1,42067,M,4534856.0,460550.0,42
201300005059,13,5,1,1645,1,2,1,7.0,6,42139,M,4528391.0,439505.0,42
201300005060,13,6,4,1630,1,1,1,1.0,1,42329,M,4532068.0,452298.0,42
201300005061,13,1,31,1000,1,1,1,1.0,1,42096,M,4554420.0,444633.0,42
201300005062,13,4,17,1615,1,1,1,1.0,3,42208,M,4554420.0,446084.0,42
201300005063,13,5,9,1515,1,1,1,1.0,1,42208,M,4555296.0,449120.0,42
201300005064,13,8,31,745,1,2,1,1.0,1,42097,M,4551031.0,430254.0,42
201300005065,13,9,6,1730,1,1,1,1.0,1,42097,M,4550828.0,429012.0,42
201300005066,13,9,5,945,3,1,6,1.0,3,42097,M,4552239.0,429349.0,42
201300005067,13,9,25,915,3,1,1,1.0,6,42234,M,4551368.0,437659.0,42
201300005068,13,12,6,1830,5,2,6,2.0,1,42302,M,4547803.0,444342.0,42
201300005069,13,2,11,1315,1,1,1,1.0,1,42285,M,4555944.0,414778.0,42
201300005070,13,6,17,1700,1,2,1,1.0,6,42147,M,4560715.0,405178.0,42
201300005071,13,7,16,2015,1,1,1,1.0,3,42179,M,4566191.0,404511.0,42
201300005072,13,7,19,1315,1,1,1,1.0,1,42180,M,4558253.0,417061.0,42
201300005073,13,10,22,1345,1,1,1,1.0,1,42285,M,4557410.0,412073.0,42
201300005074,13,10,25,1730,1,2,1,1.0,2,42147,M,4561234.0,405562.0,42
201300005075,13,11,16,1845,3,1,1,1.0,3,42147,M,4559071.0,408988.0,42
201300005076,13,12,9,745,1,2,1,1.0,6,42147,M,4560965.0,405863.0,42
201300005077,13,12,9,1800,5,2,1,1.0,2,42147,M,4501200.0,409800.0,42
201300005078,13,12,14,800,1,1,1,9.0,6,42299,M,4563992.0,409930.0,42
201300005079,13,2,19,1900,5,2,1,1.0,3,42304,M,4554173.0,417751.0,42
201300005080,13,4,7,345,3,2,1,1.0,6,42075,M,4558462.0,422941.0,42
201300005081,13,4,7,1645,1,1,1,1.0,6,42022,M,4552582.0,422914.0,42
201300005082,13,5,11,1900,1,2,1,1.0,1,42304,M,4554400.0,418300.0,42
201300005083,13,5,17,1445,1,2,1,3.0,1,42022,M,4551795.0,422424.0,42
201300005084,13,6,17,830,1,2,6,1.0,6,42005,M,4552617.0,427016.0,42
201300005085,13,7,4,845,1,2,1,1.0,3,42005,M,0.0,0.0,42
201300005086,13,8,18,2130,5,2,1,1.0,6,42005,M,4553878.0,428629.0,42
201300005087,13,8,20,1645,1,2,1,1.0,3,42022,M,4551953.0,422129.0,42
201300005088,13,9,6,700,1,2,1,1.0,6,42022,M,4552185.0,421666.0,42
201300005089,13,9,9,545,3,2,1,1.0,3,42005,M,4553492.0,430523.0,42
201300005090,13,9,10,1445,1,2,1,1.0,6,42022,M,4552181.0,421710.0,42
201300005091,13,9,8,1530,1,1,9,3.0,1,42075,M,4558283.0,424387.0,42
201300005092,13,9,13,1530,1,1,1,1.0,5,42304,M,4553226.0,415428.0,42
201300005093,13,10,17,1345,1,2,1,1.0,2,42304,M,4555699.0,418433.0,42
201300005094,13,12,26,945,1,2,1,1.0,6,42022,M,4552257.0,421509.0,42
201300005095,13,12,31,2015,3,1,1,1.0,6,42039,M,4570908.0,386356.0,42
201300005096,13,7,3,1000,1,1,1,1.0,3,42136,M,4571172.0,403245.0,42
201300005097,13,7,21,1145,1,2,1,1.0,1,42019,M,4575361.0,401177.0,42
201300005098,13,7,23,1830,1,2,9,1.0,1,42288,M,4575343.0,397868.0,42
201300005099,13,7,28,1545,1,2,1,1.0,1,42019,M,4575290.0,398481.0,42
201300005100,13,8,4,1045,1,2,1,1.0,3,42109,M,4577725.0,392954.0,42
201300005101,13,8,31,1400,1,1,1,1.0,6,42019,M,4575111.0,402460.0,42
201300005102,13,9,11,1400,1,2,1,1.0,2,42288,M,4575328.0,397848.0,42
201300005103,13,10,1,800,2,1,1,8.0,1,42288,M,4576165.0,395549.0,42
201300005104,13,10,13,1315,1,1,2,1.0,3,42205,M,4507100.0,353000.0,42
201300005105,13,6,25,1730,1,1,2,1.0,3,42335,M,4565344.0,436859.0,42
201300005106,13,1,20,1945,3,1,1,2.0,5,42094,M,4574166.0,419931.0,42
201300005107,13,1,23,1830,3,1,1,1.0,1,42297,M,4577141.0,426025.0,42
201300005108,13,2,2,1900,3,1,1,2.0,1,42296,M,4572817.0,429023.0,42
201300005109,13,2,28,1230,1,1,1,1.0,2,42065,M,4576975.0,421603.0,42
201300005110,13,5,14,1745,1,1,1,1.0,6,42088,M,4577731.0,421399.0,42
201300005111,13,6,14,1230,1,1,1,1.0,7,42088,M,4579022.0,421040.0,42
201300005112,13,7,18,1430,1,2,1,1.0,1,42155,M,4580608.0,415613.0,42
201300005113,13,8,3,30,3,1,1,1.0,7,42214,M,4566714.0,427514.0,42
201300005114,13,9,7,1815,1,1,1,3.0,4,42094,M,4573967.0,425609.0,42
201300005115,13,11,9,930,1,1,1,1.0,1,42065,M,4575948.0,423416.0,42
201300005116,13,11,15,900,1,1,1,2.0,1,42065,M,4576010.0,423531.0,42
201300005117,13,11,30,915,1,1,1,4.0,6,42148,M,4583638.0,432542.0,42
201300005118,13,12,19,1545,1,1,1,3.0,3,42090,M,4576054.0,434216.0,42
201300005119,13,2,5,815,1,1,1,5.0,3,42262,M,4539530.0,418072.0,42
201300005120,13,5,16,1915,1,1,1,2.0,6,42137,M,0.0,0.0,42
201300005121,13,9,17,1230,1,1,1,1.0,7,42142,M,4535275.0,403613.0,42
201300005122,13,10,26,2330,3,2,1,1.0,1,42021,M,4550244.0,414090.0,42
201300005123,13,6,11,1415,1,2,1,1.0,3,42222,M,4558622.0,431140.0,42
201300005124,13,6,14,1400,1,1,1,1.0,4,42323,M,4554672.0,430577.0,42
201300005125,13,9,5,915,1,1,1,1.0,3,42206,M,4553607.0,431964.0,42
201300005126,13,9,22,1345,1,1,1,1.0,3,42013,M,4564394.0,433908.0,42
201300005127,13,10,26,1230,1,2,3,1.0,3,42010,M,4556220.0,437999.0,42
201300005128,13,11,20,1945,5,2,2,4.0,3,42323,M,4556961.0,429239.0,42
201300005129,13,12,5,1830,5,2,1,1.0,3,42149,M,4565185.0,423077.0,42
201300005130,13,12,14,2015,5,2,1,1.0,1,42081,M,4560655.0,425916.0,42
201300005131,13,12,15,1500,1,1,1,1.0,3,42013,M,4564694.0,430574.0,42
201300005132,13,12,17,1530,1,1,1,1.0,2,42081,M,4560158.0,428307.0,42
201300005133,13,12,20,1400,1,1,1,1.0,1,42059,M,4563241.0,440726.0,42
201300005134,13,2,15,1900,5,2,1,1.0,3,42168,M,4542254.0,467356.0,42
201300005135,13,5,24,2015,1,1,1,1.0,1,42272,M,4538230.0,473043.0,42
201300005136,13,6,6,2100,2,2,1,1.0,6,42056,M,4540805.0,473667.0,42
201300005137,13,6,9,1000,1,2,1,1.0,7,42124,M,4537437.0,470771.0,42
201300005138,13,10,26,1945,5,2,1,1.0,6,42168,M,4541752.0,468048.0,42
201300005139,13,1,29,715,2,1,9,1.0,7,42068,M,4603161.0,426307.0,42
201300005140,13,5,30,1315,1,1,3,8.0,3,42120,M,4598459.0,396162.0,42
201300005141,13,6,3,1830,1,2,1,1.0,7,42145,M,4603275.0,423482.0,42
201300005142,13,7,18,1215,1,1,1,2.0,6,42294,M,4601629.0,410988.0,42
201300005143,13,7,26,615,2,1,1,1.0,6,42145,M,4604497.0,421956.0,42
201300005144,13,8,16,1000,1,1,1,1.0,3,42069,M,4598837.0,406081.0,42
201300005145,13,8,23,945,1,1,1,1.0,7,42145,M,4603558.0,420941.0,42
201300005146,13,9,30,1530,1,2,6,1.0,7,42332,M,4599572.0,403393.0,42
201300005147,13,11,24,115,3,1,1,1.0,6,42166,M,4600319.0,410025.0,42
201300005148,13,6,4,815,1,1,1,1.0,2,42254,M,4584597.0,419872.0,42
201300005149,13,6,9,1215,1,1,1,1.0,7,42171,M,4586849.0,412225.0,42
201300005150,13,6,26,15,3,2,1,1.0,6,42181,M,4598533.0,421120.0,42
201300005151,13,6,26,930,1,1,1,1.0,7,42063,M,4590596.0,431194.0,42
201300005152,13,8,23,1200,1,1,1,1.0,5,42254,M,4587256.0,420210.0,42
201300005153,13,9,2,1545,1,1,1,1.0,4,42249,M,4588460.0,422373.0,42
201300005154,13,9,15,845,1,1,1,1.0,6,42156,M,4589362.0,417330.0,42
201300005155,13,9,22,1245,1,1,1,1.0,1,42077,M,4591585.0,421821.0,42
201300005156,13,12,13,1330,1,1,1,1.0,1,42063,M,4594190.0,429141.0,42
201300005157,13,12,25,1000,1,1,1,2.0,6,42029,M,4582791.0,425572.0,42
201300005158,13,5,10,1145,1,1,1,1.0,6,42229,M,4618095.0,438297.0,42
201300005159,13,5,19,1715,1,2,1,2.0,6,42079,M,4612810.0,426073.0,42
201300005160,13,5,23,1615,1,1,1,1.0,6,42300,M,4610237.0,430441.0,42
201300005161,13,6,9,2300,3,1,1,1.0,7,42152,M,4609853.0,417453.0,42
201300005162,13,6,29,2215,3,1,1,1.0,1,42052,M,4617400.0,420000.0,42
201300005163,13,7,2,1645,1,1,1,1.0,1,42152,M,4608704.0,416981.0,42
201300005164,13,9,7,900,1,1,1,2.0,1,42141,M,4613857.0,425664.0,42
201300005165,13,9,29,900,1,2,1,1.0,6,42177,M,4614656.0,410382.0,42
201300005166,13,11,29,900,1,2,1,1.0,6,42177,M,4613818.0,410852.0,42
201300005167,13,1,12,1500,1,1,1,5.0,6,42226,M,4584967.0,412312.0,42
201300005168,13,2,5,1715,2,1,1,4.0,6,42230,M,4582617.0,402851.0,42
201300005169,13,4,21,1600,1,2,1,1.0,1,42230,M,4583142.0,400250.0,42
201300005170,13,4,26,1500,1,1,1,3.0,6,42230,M,4582884.0,402179.0,42
201300005171,13,5,7,1430,1,1,1,1.0,7,42248,M,4591504.0,384182.0,42
201300005172,13,5,25,1900,1,1,1,1.0,3,42230,M,4583895.0,401513.0,42
201300005173,13,7,13,1545,1,1,1,1.0,1,42314,M,4594154.0,379305.0,42
201300005174,13,7,20,930,1,1,1,1.0,3,42106,M,4586909.0,393080.0,42
201300005175,13,8,21,1645,1,1,1,1.0,1,42004,M,4589682.0,402142.0,42
201300005176,13,9,1,845,3,2,1,1.0,7,42255,M,4587281.0,388509.0,42
201300005177,13,11,18,1500,1,1,1,2.0,6,42276,M,4596360.0,374366.0,42
201300005178,13,5,23,1400,1,1,2,8.0,3,73288,M,4561533.0,592371.0,73
201300005179,13,7,22,100,3,1,1,1.0,6,73288,M,4562298.0,593129.0,73
201300005180,13,8,18,1515,1,2,1,1.0,1,73098,M,4562372.0,600729.0,73
201300005181,13,9,23,1530,1,1,2,1.0,3,73288,M,4562480.0,591210.0,73
201300005182,13,4,21,530,3,1,1,1.0,1,73238,M,4577299.0,586757.0,73
201300005183,13,10,13,900,1,1,1,8.0,3,73263,M,4573220.0,500450.0,73
201300005184,13,11,23,1730,3,2,1,1.0,3,73030,M,4557318.0,597649.0,73
201300005185,13,7,12,1415,1,1,1,1.0,7,73005,M,4566481.0,609879.0,73
201300005186,13,7,26,1645,1,1,4,1.0,4,73005,M,4566999.0,609529.0,73
201300005187,13,6,22,1730,1,2,1,1.0,6,73073,M,4581057.0,581724.0,73
201300005188,13,2,4,1230,1,1,1,1.0,7,73171,M,4549838.0,604317.0,73
201300005189,13,2,28,1915,3,1,1,9.0,5,73118,M,4550618.0,602908.0,73
201300005190,13,4,29,615,2,1,1,1.0,7,73018,M,4550580.0,607775.0,73
201300005191,13,5,11,1915,1,1,1,1.0,1,73151,M,4549630.0,599795.0,73
201300005192,13,7,15,1300,1,1,1,1.0,2,73118,M,4550237.0,603498.0,73
201300005193,13,7,24,1500,1,1,1,1.0,4,73084,M,4550770.0,602162.0,73
201300005194,13,10,9,915,1,1,1,1.0,3,73151,M,4550730.0,599540.0,73
201300005195,13,12,18,1100,1,1,1,1.0,6,73159,M,4556530.0,606410.0,73
201300005196,13,1,30,1000,1,2,3,1.0,3,73179,M,4560118.0,587199.0,73
201300005197,13,4,12,1730,1,1,1,8.0,1,73330,M,4570214.0,579180.0,73
201300005198,13,6,2,1715,1,1,1,1.0,7,73050,M,4568077.0,585049.0,73
201300005199,13,10,30,1700,1,1,2,1.0,3,73051,M,4564790.0,586470.0,73
201300005200,13,7,6,2015,1,1,2,1.0,3,73229,M,4545529.0,577345.0,73
201300005201,13,7,13,1300,1,1,1,1.0,3,73229,M,4545338.0,576995.0,73
201300005202,13,8,10,1745,1,2,9,1.0,6,73058,M,4554241.0,576059.0,73
201300005203,13,8,28,1230,1,1,1,1.0,7,73070,M,4563465.0,565591.0,73
201300005204,13,8,29,200,3,1,1,1.0,6,73219,M,4555537.0,578590.0,73
201300005205,13,9,26,1215,1,1,1,1.0,3,73236,M,4560775.0,564428.0,73
201300005206,13,4,7,530,4,1,1,1.0,1,73079,M,4555781.0,618086.0,73
201300005207,13,7,1,645,1,2,1,7.0,3,73133,M,4553457.0,618337.0,73
201300005208,13,10,30,1730,3,1,1,1.0,1,73089,M,4553860.0,613210.0,73
201300005209,13,7,19,915,1,2,1,1.0,1,73032,M,4562806.0,644678.0,73
201300005210,13,7,20,1815,1,1,1,1.0,3,73124,M,4565302.0,635634.0,73
201300005211,13,8,3,915,1,1,1,1.0,1,73114,M,4583880.0,650785.0,73
201300005212,13,9,24,1645,1,1,1,1.0,6,73153,M,0.0,0.0,73
201300005213,13,10,7,200,3,1,1,1.0,7,73262,M,0.0,0.0,73
201300005214,13,8,13,1030,1,2,1,1.0,1,73150,M,4555747.0,669259.0,73
201300005215,13,2,6,1200,1,1,1,4.0,7,73034,M,4571242.0,657187.0,73
201300005216,13,5,28,1630,1,1,1,3.0,7,73317,M,4573224.0,652211.0,73
201300005217,13,7,5,1830,1,1,3,1.0,3,73034,M,4571974.0,656734.0,73
201300005218,13,8,17,1,3,1,1,1.0,7,73211,M,4570430.0,643065.0,73
201300005219,13,11,20,1615,1,2,1,4.0,3,73034,M,4561533.0,676894.0,73
201300005220,13,12,11,1615,1,1,1,4.0,6,73211,M,4571780.0,645390.0,73
201300005221,13,12,27,2015,3,2,1,8.0,7,73317,M,4572660.0,654380.0,73
201300005222,13,2,23,930,1,1,1,1.0,6,73054,M,4561936.0,677233.0,73
201300005223,13,4,22,2300,3,2,1,2.0,1,73054,M,4557358.0,677627.0,73