Num_Acc,an,mois,jour,hrmn,lum,agg,int,atm,col,com,gps,lat,long,dep
201300005224,13,5,25,745,1,1,1,4.0,1,73232,M,4558000.0,688387.0,73
201300005225,13,6,1,2315,3,2,1,1.0,6,73054,M,4561831.0,677087.0,73
201300005226,13,6,14,1845,1,2,1,1.0,6,73285,M,4562274.0,679977.0,73
201300005227,13,6,22,15,5,2,1,1.0,3,73054,M,4562188.0,677494.0,73
201300005228,13,7,3,1330,1,1,1,8.0,7,73054,M,4560246.0,677470.0,73
201300005229,13,7,10,1415,1,1,4,1.0,3,73232,M,4554308.0,690930.0,73
201300005230,13,7,29,1900,1,2,1,2.0,6,73054,M,4556274.0,677272.0,73
201300005231,13,9,6,1800,1,1,1,1.0,1,73054,M,4559970.0,675180.0,73
201300005232,13,11,8,830,1,1,1,1.0,1,73232,M,4559607.0,688072.0,73
201300005233,13,11,20,1115,1,2,1,4.0,6,73054,M,4561535.0,676893.0,73
201300005234,13,3,22,2245,5,2,1,1.0,6,73227,M,4543415.0,662596.0,73
201300005235,13,8,8,1115,1,2,9,1.0,6,73071,M,4545503.0,669536.0,73
201300005236,13,9,7,2230,5,2,1,2.0,7,73071,M,4545359.0,669259.0,73
201300005237,13,12,12,1000,1,2,1,1.0,6,73055,M,4544280.0,664220.0,73
201300005238,13,5,28,730,1,2,4,1.0,2,73187,M,4551947.0,648718.0,73
201300005239,13,6,3,645,1,1,1,1.0,7,73115,M,4545230.0,650475.0,73
201300005240,13,6,17,1145,1,2,1,1.0,2,73248,M,4527004.0,636027.0,73
201300005241,13,7,21,2045,2,1,6,1.0,3,73248,M,4529413.0,635469.0,73
201300005242,13,11,6,1245,1,1,1,8.0,6,73261,M,4521442.0,647649.0,73
201300005243,13,10,27,530,1,1,1,1.0,1,73068,M,4556900.0,622050.0,73
201300005244,13,1,18,1830,3,1,1,1.0,1,73040,M,4531586.0,698392.0,73
201300005245,13,4,28,630,1,1,4,1.0,6,73040,M,4530836.0,697618.0,73
201300005246,13,5,24,1400,1,2,1,1.0,6,73287,M,4526859.0,681471.0,73
201300005247,13,7,23,1145,1,2,1,1.0,1,73040,M,0.0,0.0,73
201300005248,13,1,14,815,1,1,1,4.0,5,73119,M,4519848.0,661268.0,73
201300005249,13,3,19,1130,1,1,1,1.0,6,73026,M,4520661.0,673564.0,73
201300005250,13,7,23,1315,1,1,1,1.0,7,73117,M,4519102.0,663993.0,73
201300005251,13,7,31,1000,1,1,1,1.0,4,73157,M,4520450.0,668490.0,73
201300005252,13,8,20,1745,1,2,6,1.0,6,73157,M,4520220.0,667110.0,73
201300005253,13,8,24,1545,1,1,1,2.0,6,73223,M,4520026.0,662487.0,73
201300005254,13,1,8,745,2,1,1,1.0,3,74267,M,0.0,0.0,74
201300005255,13,4,2,1430,1,1,1,1.0,7,74108,M,0.0,0.0,74
201300005256,13,4,7,1,3,1,1,1.0,6,74275,M,0.0,0.0,74
201300005257,13,5,10,1300,1,1,1,1.0,7,74167,M,0.0,0.0,74
201300005258,13,6,13,1315,1,2,6,1.0,3,74242,M,0.0,0.0,74
201300005259,13,7,5,1530,1,2,1,1.0,1,74267,M,0.0,0.0,74
201300005260,13,7,19,2200,5,2,1,1.0,6,74104,M,0.0,0.0,74
201300005261,13,7,30,700,1,1,2,1.0,3,74135,M,0.0,0.0,74
201300005262,13,8,1,1000,1,1,1,1.0,1,74275,M,0.0,0.0,74
201300005263,13,8,10,815,1,2,2,1.0,1,74242,M,0.0,0.0,74
201300005264,13,8,31,2245,3,1,1,1.0,7,74147,M,0.0,0.0,74
201300005265,13,9,8,2230,3,2,1,2.0,7,74104,M,0.0,0.0,74
201300005266,13,9,15,130,5,2,1,2.0,6,74267,M,0.0,0.0,74
201300005267,13,9,19,1600,1,2,1,1.0,1,74275,M,0.0,0.0,74
201300005268,13,1,11,1715,3,1,1,2.0,6,74002,M,0.0,0.0,74
201300005269,13,7,11,2045,2,1,1,1.0,6,74117,M,4590100.0,599600.0,74
201300005270,13,7,21,315,4,1,1,1.0,6,74142,M,0.0,0.0,74
201300005271,13,10,5,300,3,1,1,3.0,7,74289,M,0.0,0.0,74
201300005272,13,10,12,1445,1,2,1,2.0,3,74225,M,0.0,0.0,74
201300005273,13,10,17,1800,1,2,1,1.0,3,74225,M,0.0,0.0,74
201300005274,13,12,8,1030,1,1,1,1.0,6,74255,M,0.0,0.0,74
201300005275,13,10,31,30,5,2,1,1.0,6,74280,M,0.0,0.0,74
201300005276,13,11,24,130,3,2,1,1.0,6,74080,M,0.0,0.0,74
201300005277,13,2,9,100,5,1,1,8.0,2,74042,M,0.0,0.0,74
201300005278,13,4,2,1715,1,2,1,1.0,1,74212,M,0.0,0.0,74
201300005279,13,4,27,1830,1,1,1,3.0,6,74042,M,0.0,0.0,74
201300005280,13,5,16,1415,1,1,1,1.0,7,74042,M,4611700.0,636000.0,74
201300005281,13,5,17,1100,1,1,1,8.0,2,74042,M,4607800.0,641700.0,74
201300005282,13,6,13,1230,1,1,1,1.0,1,74042,M,0.0,0.0,74
201300005283,13,6,21,1845,1,2,1,1.0,6,74042,M,0.0,0.0,74
201300005284,13,7,12,1130,1,2,6,1.0,3,74042,M,4608500.0,639600.0,74
201300005285,13,7,20,1530,1,1,1,1.0,6,74042,M,0.0,0.0,74
201300005286,13,7,20,2115,2,2,3,1.0,3,74087,M,0.0,0.0,74
201300005287,13,8,14,1145,1,1,1,1.0,3,74212,M,4596900.0,638600.0,74
201300005288,13,10,2,2100,5,1,1,1.0,3,74024,M,0.0,0.0,74
201300005289,13,10,15,2245,5,2,1,2.0,2,74042,M,0.0,0.0,74
201300005290,13,11,10,1100,1,2,1,1.0,6,74042,M,4608400.0,640700.0,74
201300005291,13,6,30,1500,1,1,1,1.0,7,74056,M,0.0,0.0,74
201300005292,13,7,7,2245,3,1,1,1.0,3,74056,M,0.0,0.0,74
201300005293,13,8,5,1015,1,2,1,1.0,6,74056,M,0.0,0.0,74
201300005294,13,10,2,1600,1,2,1,1.0,6,74290,M,0.0,0.0,74
201300005295,13,11,5,1915,5,2,1,2.0,6,74056,M,0.0,0.0,74
201300005296,13,1,25,1030,1,1,1,1.0,6,74083,M,0.0,0.0,74
201300005297,13,4,1,850,1,2,1,1.0,3,74215,M,0.0,0.0,74
201300005298,13,7,8,1900,1,1,1,3.0,7,74236,M,0.0,0.0,74
201300005299,13,10,17,1830,2,1,1,9.0,1,74236,M,0.0,0.0,74
201300005300,13,12,18,1315,1,2,1,1.0,2,74173,M,0.0,0.0,74
201300005301,13,2,16,2200,5,1,1,1.0,1,74007,M,0.0,0.0,74
201300005302,13,2,18,1630,1,2,6,1.0,6,74224,M,0.0,0.0,74
201300005303,13,3,16,415,3,1,3,1.0,5,74250,M,0.0,0.0,74
201300005304,13,4,17,900,1,2,1,1.0,6,74224,M,0.0,0.0,74
201300005305,13,6,18,900,1,1,1,1.0,3,74007,M,0.0,0.0,74
201300005306,13,6,22,2000,1,2,1,1.0,3,74250,M,0.0,0.0,74
201300005307,13,6,21,1830,1,2,3,1.0,1,74224,M,0.0,0.0,74
201300005308,13,7,20,1600,1,2,3,1.0,3,74244,M,0.0,0.0,74
201300005309,13,11,19,930,1,2,1,8.0,3,74250,M,0.0,0.0,74
201300005310,13,5,2,1430,1,2,6,1.0,1,74256,M,0.0,0.0,74
201300005311,13,6,14,1715,1,2,1,1.0,1,74256,M,0.0,0.0,74
201300005312,13,6,22,945,1,2,9,1.0,3,74256,M,0.0,0.0,74
201300005313,13,8,21,1515,1,2,3,1.0,3,74256,M,0.0,0.0,74
201300005314,13,9,8,2015,5,1,6,3.0,1,74256,M,0.0,0.0,74
201300005315,13,11,27,1245,1,1,1,1.0,1,74208,M,0.0,0.0,74
201300005316,13,12,23,1400,1,2,1,1.0,2,74256,M,0.0,0.0,74
201300005317,13,3,18,1230,1,1,1,2.0,7,74183,M,4612100.0,655200.0,74
201300005318,13,4,8,2115,3,1,1,1.0,2,74276,M,4610300.0,664800.0,74
201300005319,13,6,15,1415,1,1,1,1.0,1,74276,M,4612800.0,662300.0,74
201300005320,13,6,29,1815,1,1,1,3.0,5,74223,M,4610900.0,662300.0,74
201300005321,13,7,12,1630,1,1,1,1.0,1,74183,M,4617200.0,649600.0,74
201300005322,13,8,24,500,3,1,1,1.0,6,74276,M,4612600.0,662000.0,74
201300005323,13,8,23,1700,1,1,1,1.0,7,74183,M,4611600.0,655700.0,74
201300005324,13,8,26,1945,1,1,1,1.0,7,74273,M,4606200.0,675200.0,74
201300005325,13,1,7,2345,5,2,2,1.0,6,74243,M,4614500.0,608100.0,74
201300005326,13,10,6,1215,1,2,2,1.0,3,74243,M,0.0,0.0,74
201300005327,13,10,4,715,2,1,3,3.0,3,74243,M,4614700.0,610700.0,74
201300005328,13,10,21,1530,1,2,1,1.0,7,74201,M,4612500.0,610200.0,74
201300005329,13,2,18,915,1,2,3,1.0,3,74021,M,0.0,0.0,74
201300005330,13,4,21,730,1,1,1,1.0,1,74094,M,0.0,0.0,74
201300005331,13,7,3,1515,1,2,1,8.0,3,74128,M,0.0,0.0,74
201300005332,13,7,8,1145,1,1,1,1.0,7,74220,M,0.0,0.0,74
201300005333,13,7,25,815,2,1,1,1.0,1,74229,M,0.0,0.0,74
201300005334,13,7,28,230,3,1,1,1.0,1,74094,M,0.0,0.0,74
201300005335,13,8,2,45,3,1,3,1.0,3,74015,M,0.0,0.0,74
201300005336,13,9,20,1600,1,2,3,1.0,6,74220,M,0.0,0.0,74
201300005337,13,11,20,645,3,1,1,4.0,6,74211,M,0.0,0.0,74
201300005338,13,11,29,2245,3,1,1,1.0,6,74211,M,0.0,0.0,74
201300005339,13,12,1,500,3,1,1,1.0,2,74094,M,0.0,0.0,74
201300005340,13,1,10,915,1,1,1,5.0,3,74009,M,0.0,0.0,74
201300005341,13,6,19,1745,1,2,1,1.0,3,74052,M,4607700.0,602700.0,74
201300005342,13,7,17,1500,1,1,1,1.0,5,74309,M,0.0,0.0,74
201300005343,13,8,27,1200,1,2,1,1.0,6,74314,M,0.0,0.0,74
201300005344,13,10,15,645,2,1,1,1.0,1,74309,M,4614600.0,600900.0,74
201300005345,13,10,12,2215,5,1,2,3.0,3,74069,M,0.0,0.0,74
201300005346,13,10,28,1745,1,1,1,1.0,4,74309,M,0.0,0.0,74
201300005347,13,12,11,1900,3,1,1,1.0,3,74088,M,0.0,0.0,74
201300005348,13,12,27,45,5,2,1,1.0,3,74009,M,0.0,0.0,74
201300005349,13,9,17,1545,1,1,1,3.0,3,74068,M,0.0,0.0,74
201300005350,13,11,16,1530,1,2,1,1.0,6,74269,M,0.0,0.0,74
201300005351,13,12,8,1515,1,1,1,1.0,7,74269,M,0.0,0.0,74
201300005352,13,12,8,1630,1,1,1,9.0,1,74269,M,0.0,0.0,74
201300005353,13,1,5,2200,3,2,1,1.0,6,74063,M,4627100.0,683600.0,74
201300005354,13,1,10,1800,5,2,1,4.0,1,74058,M,0.0,0.0,74
201300005355,13,1,25,1215,1,1,1,1.0,7,74073,M,4633900.0,664000.0,74
201300005356,13,1,28,1145,1,1,1,1.0,1,74001,M,4628600.0,673000.0,74
201300005357,13,3,28,745,1,1,1,1.0,1,74001,M,4629400.0,675000.0,74
201300005358,13,4,2,1630,1,2,1,1.0,6,74001,M,4629400.0,675300.0,74
201300005359,13,4,28,1630,1,1,1,8.0,1,74001,M,0.0,0.0,74
201300005360,13,6,16,2130,2,1,1,1.0,7,74286,M,4633100.0,667000.0,74
201300005361,13,11,10,2130,4,2,1,4.0,1,74063,M,0.0,0.0,74
201300005362,13,11,27,1815,3,2,1,1.0,6,74001,M,4628600.0,672400.0,74
201300005363,13,11,30,1500,1,1,1,4.0,3,74286,M,4632500.0,667300.0,74
201300005364,13,12,30,1145,1,1,1,7.0,1,74041,M,4630600.0,667500.0,74
201300005365,13,7,4,1730,1,1,1,1.0,6,74301,M,0.0,0.0,74
201300005366,13,10,5,845,1,1,1,1.0,5,74226,M,0.0,0.0,74
201300005367,13,10,19,300,1,1,1,1.0,6,74038,M,0.0,0.0,74
201300005368,13,11,17,745,2,1,1,1.0,6,74226,M,0.0,0.0,74
201300005369,13,10,30,900,1,1,1,1.0,6,74293,M,4627300.0,628100.0,74
201300005370,13,1,5,1815,3,1,1,1.0,6,74166,M,0.0,0.0,74
201300005371,13,2,24,215,3,1,1,4.0,6,74249,M,4637400.0,664800.0,74
201300005372,13,7,9,715,1,2,1,1.0,1,74249,M,0.0,0.0,74
201300005373,13,8,26,1800,1,1,1,1.0,6,74146,M,0.0,0.0,74
201300005374,13,9,3,800,1,2,4,1.0,3,74166,M,0.0,0.0,74
201300005375,13,12,18,1200,1,2,1,5.0,1,74218,M,0.0,0.0,74
201300005376,13,2,27,845,1,1,1,1.0,3,63307,M,0.0,0.0,63
201300005377,13,3,24,2300,3,2,1,1.0,6,63042,M,0.0,0.0,63
201300005378,13,6,14,1930,1,1,1,1.0,3,63141,M,4578795.0,305220.0,63
201300005379,13,12,3,1730,3,1,1,1.0,6,63307,M,0.0,0.0,63
201300005380,13,2,19,1630,1,1,1,1.0,6,63168,M,4572857.0,335536.0,63
201300005381,13,5,24,1630,1,2,1,1.0,6,63040,M,4573200.0,334800.0,63
201300005382,13,5,30,1500,1,1,1,2.0,7,63239,M,4568900.0,334700.0,63
201300005383,13,6,7,845,1,1,1,1.0,1,63273,M,4574200.0,323000.0,63
201300005384,13,6,23,1145,1,1,1,1.0,1,63040,M,0.0,0.0,63
201300005385,13,8,6,1215,1,1,2,1.0,3,63438,M,4571700.0,346600.0,63
201300005386,13,8,16,1315,1,1,1,1.0,5,63096,M,4572500.0,330100.0,63
201300005387,13,8,29,745,1,1,1,1.0,6,63226,M,4576000.0,323600.0,63
201300005388,13,9,7,745,1,1,1,2.0,6,63453,M,0.0,0.0,63
201300005389,13,9,26,1345,1,1,1,1.0,3,63273,M,4573300.0,321800.0,63
201300005390,13,9,28,1715,1,1,1,1.0,3,63368,M,4570800.0,331200.0,63
201300005391,13,10,19,745,1,2,7,1.0,6,63106,M,4575500.0,328100.0,63
201300005392,13,11,27,1015,1,1,1,9.0,6,63334,M,4567600.0,348600.0,63
201300005393,13,12,16,500,3,1,1,1.0,6,63146,M,0.0,0.0,63
201300005394,13,12,18,2115,3,1,1,6.0,1,63273,M,4573200.0,323900.0,63
201300005395,13,12,23,1345,1,1,1,1.0,7,63168,M,0.0,0.0,63
201300005396,13,1,29,1000,1,1,1,3.0,7,63279,M,0.0,0.0,63
201300005397,13,2,17,800,2,2,1,7.0,6,63192,M,0.0,0.0,63
201300005398,13,8,16,1730,1,1,1,1.0,3,63397,M,0.0,0.0,63
201300005399,13,5,28,1615,1,2,9,1.0,3,63263,M,0.0,0.0,63
201300005400,13,6,15,1700,1,2,1,7.0,6,63263,M,0.0,0.0,63
201300005401,13,9,3,1915,1,1,1,1.0,3,63307,M,0.0,0.0,63
201300005402,13,10,29,1500,1,1,1,2.0,6,63263,M,4578600.0,303600.0,63
201300005403,13,1,17,1830,3,1,1,1.0,7,63204,M,0.0,0.0,63
201300005404,13,1,30,1900,5,2,1,1.0,1,63284,M,4579600.0,326400.0,63
201300005405,13,2,21,1815,2,1,1,1.0,4,63284,M,0.0,0.0,63
201300005406,13,4,15,1700,3,2,1,1.0,6,63284,M,4580615.0,324473.0,63
201300005407,13,4,23,1715,1,1,1,1.0,3,63133,M,4577902.0,324854.0,63
201300005408,13,6,5,2030,1,2,1,1.0,1,63133,M,0.0,0.0,63
201300005409,13,6,10,1700,1,2,1,1.0,1,63284,M,0.0,0.0,63
201300005410,13,6,27,1915,1,2,1,1.0,3,63284,M,0.0,0.0,63
201300005411,13,9,21,1900,2,1,1,1.0,5,63213,M,0.0,0.0,63
201300005412,13,10,7,1530,1,2,1,1.0,2,63284,M,0.0,0.0,63
201300005413,13,10,11,1215,1,2,1,1.0,3,63284,M,0.0,0.0,63
201300005414,13,12,3,1800,5,2,1,1.0,6,63284,M,4579069.0,326381.0,63
201300005415,13,3,6,815,1,2,1,2.0,6,63305,M,4568417.0,280478.0,63
201300005416,13,3,31,115,3,2,1,4.0,6,63326,M,4571900.0,286300.0,63
201300005417,13,4,30,1600,1,1,1,1.0,6,63305,M,0.0,0.0,63
201300005418,13,1,12,330,4,2,1,1.0,7,63227,M,0.0,0.0,63
201300005419,13,1,31,1200,1,1,1,1.0,3,63214,M,0.0,0.0,63
201300005420,13,2,11,515,3,1,1,2.0,7,63457,M,4565300.0,325200.0,63
201300005421,13,7,12,915,1,1,1,1.0,6,63280,M,4564500.0,330000.0,63
201300005422,13,7,12,645,2,1,3,1.0,3,63315,M,0.0,0.0,63
201300005423,13,10,22,1215,1,1,1,1.0,3,63302,M,0.0,0.0,63
201300005424,13,10,27,1845,4,1,1,1.0,1,63306,M,0.0,0.0,63
201300005425,13,11,4,630,3,2,1,1.0,7,63282,M,0.0,0.0,63
201300005426,13,11,17,445,3,1,1,1.0,6,63425,M,0.0,0.0,63
201300005427,13,11,21,1615,2,1,1,4.0,6,63205,M,0.0,0.0,63
201300005428,13,12,18,545,3,1,1,1.0,3,63126,M,4567600.0,313800.0,63
201300005429,13,1,7,1700,1,1,1,8.0,6,63256,M,0.0,0.0,63
201300005430,13,3,31,600,5,2,1,5.0,6,63179,M,0.0,0.0,63
201300005431,13,5,15,1300,1,2,9,3.0,1,63003,M,0.0,0.0,63
201300005432,13,5,19,1745,1,1,1,2.0,7,63211,M,0.0,0.0,63
201300005433,13,5,29,1530,1,1,1,1.0,6,63081,M,4552600.0,371500.0,63
201300005434,13,6,4,1445,1,1,1,1.0,6,63179,M,4563800.0,374000.0,63
201300005435,13,6,9,1515,1,1,1,1.0,6,63003,M,4558300.0,373800.0,63
201300005436,13,6,10,1615,1,2,1,1.0,3,63003,M,4555300.0,374300.0,63
201300005437,13,6,21,1145,1,2,1,1.0,1,63003,M,0.0,0.0,63
201300005438,13,8,6,1630,1,2,1,3.0,1,63010,M,4541800.0,372000.0,63
201300005439,13,8,18,730,2,1,1,5.0,6,63010,M,0.0,0.0,63
201300005440,13,8,21,145,5,2,1,1.0,6,63003,M,0.0,0.0,63
201300005441,13,9,13,1715,1,1,1,1.0,6,63003,M,4554000.0,378500.0,63
201300005442,13,12,17,800,2,2,1,9.0,6,63003,M,0.0,0.0,63
201300005443,13,3,22,1830,1,1,3,1.0,3,63023,M,0.0,0.0,63
201300005444,13,6,15,1800,1,2,3,1.0,1,63454,M,0.0,0.0,63
201300005445,13,6,30,1515,1,1,1,1.0,6,63023,M,0.0,0.0,63
201300005446,13,10,25,1700,1,2,1,1.0,1,63258,M,0.0,0.0,63
201300005447,13,2,23,1700,1,1,1,4.0,6,63122,M,0.0,0.0,63
201300005448,13,4,24,1630,1,2,1,1.0,6,63275,M,0.0,0.0,63
201300005449,13,6,14,1245,1,1,1,1.0,6,63403,M,0.0,0.0,63
201300005450,13,6,19,1015,1,1,2,2.0,3,63380,M,0.0,0.0,63
201300005451,13,6,21,1345,1,2,1,1.0,6,63178,M,4552600.0,325200.0,63
201300005452,13,7,25,2030,2,1,1,1.0,7,63178,M,0.0,0.0,63
201300005453,13,9,1,545,3,1,1,1.0,6,63321,M,0.0,0.0,63
201300005454,13,10,4,1030,1,2,1,3.0,7,63178,M,4554213.0,326077.0,63
201300005455,13,11,7,1745,3,1,1,1.0,1,63222,M,0.0,0.0,63
201300005456,13,12,3,1030,1,2,1,9.0,6,63178,M,4554139.0,324863.0,63
201300005457,13,4,14,1545,1,1,1,1.0,3,63077,M,0.0,0.0,63
201300005458,13,4,14,1815,1,1,1,1.0,6,63077,M,0.0,0.0,63
201300005459,13,6,25,1545,1,1,1,8.0,7,63117,M,0.0,0.0,63
201300005460,13,7,2,2000,2,1,1,1.0,7,63144,M,0.0,0.0,63
201300005461,13,7,21,1800,1,1,1,1.0,6,63038,M,0.0,0.0,63
201300005462,13,7,26,1430,1,1,1,1.0,7,63279,M,0.0,0.0,63
201300005463,13,6,23,1645,1,1,1,1.0,6,63448,M,4548100.0,344500.0,63
201300005464,13,8,21,1015,1,1,1,1.0,3,63287,M,4552900.0,329300.0,63
201300005465,13,2,18,1530,1,1,1,1.0,6,63209,M,4549000.0,316000.0,63
201300005466,13,6,13,1630,1,1,1,3.0,3,63052,M,4547800.0,326300.0,63
201300005467,13,7,1,700,1,1,1,7.0,1,63313,M,4539300.0,299000.0,63
201300005468,13,8,26,715,1,1,1,1.0,3,63052,M,0.0,0.0,63
201300005469,13,10,18,2015,5,2,1,1.0,3,63352,M,0.0,0.0,63
201300005470,13,4,24,1700,1,2,1,1.0,1,63099,M,0.0,0.0,63
201300005471,13,7,31,830,1,1,1,1.0,6,63470,M,0.0,0.0,63
201300005472,13,9,7,1845,1,1,1,2.0,1,63470,M,0.0,0.0,63
201300005473,13,9,14,1700,1,1,1,2.0,7,63470,M,4587800.0,300400.0,63
201300005474,13,9,20,1830,1,1,1,1.0,4,63092,M,0.0,0.0,63
201300005475,13,9,24,1715,1,1,9,1.0,6,63470,M,4593700.0,302000.0,63
201300005476,13,10,12,1430,1,1,2,2.0,3,63042,M,0.0,0.0,63
201300005477,13,11,13,645,2,1,1,1.0,5,63470,M,4587200.0,303200.0,63
201300005478,13,12,5,845,1,2,1,1.0,3,63099,M,4584837.0,309271.0,63
201300005479,13,1,14,430,4,1,1,4.0,7,63001,M,0.0,0.0,63
201300005480,13,5,25,1630,1,1,1,1.0,7,63295,M,0.0,0.0,63
201300005481,13,6,16,2015,1,1,8,1.0,1,63295,M,4601174.0,336395.0,63
201300005482,13,7,11,1430,1,1,1,1.0,6,63332,M,0.0,0.0,63
201300005483,13,7,18,1000,1,1,2,1.0,1,63148,M,0.0,0.0,63
201300005484,13,7,31,1045,1,1,3,1.0,3,63112,M,4593700.0,323300.0,63
201300005485,13,8,2,2045,1,1,1,1.0,7,63362,M,4592700.0,324500.0,63
201300005486,13,8,30,100,3,1,1,1.0,6,63112,M,4592000.0,318700.0,63
201300005487,13,9,14,2045,5,2,1,2.0,3,63295,M,4602072.0,335483.0,63
201300005488,13,10,4,1800,1,2,1,3.0,1,63400,M,0.0,0.0,63
201300005489,13,12,5,1100,1,1,6,8.0,3,63322,M,0.0,0.0,63
201300005490,13,12,8,1645,2,1,1,8.0,1,63332,M,4599700.0,327900.0,63
201300005491,13,12,15,1600,1,1,1,7.0,1,63400,M,4606600.0,340600.0,63
201300005492,13,11,22,2145,3,1,1,4.0,7,63055,M,4582000.0,283700.0,63
201300005493,13,1,8,900,1,1,1,5.0,5,63011,M,0.0,0.0,63
201300005494,13,3,9,930,1,1,1,1.0,6,63338,M,0.0,0.0,63
201300005495,13,5,3,1500,1,1,1,1.0,1,63223,M,0.0,0.0,63
201300005496,13,9,8,1645,1,1,1,2.0,3,63338,M,0.0,0.0,63
201300005497,13,10,6,15,3,1,1,1.0,6,63223,M,0.0,0.0,63
201300005498,13,10,9,1115,1,1,1,1.0,6,63233,M,0.0,0.0,63
201300005499,13,11,5,1800,5,2,1,2.0,5,63430,M,4586011.0,354499.0,63
201300005500,13,11,19,1615,1,1,1,3.0,1,63151,M,0.0,0.0,63
201300005501,13,1,26,1445,1,1,1,1.0,6,63195,M,0.0,0.0,63
201300005502,13,2,5,1000,1,1,1,1.0,2,63125,M,0.0,0.0,63
201300005503,13,4,5,1800,1,2,1,1.0,5,63364,M,4586400.0,351600.0,63
201300005504,13,10,19,1800,2,1,1,1.0,6,63469,M,4580100.0,360800.0,63
201300005505,13,10,19,2345,4,2,2,1.0,3,63195,M,4582900.0,338800.0,63
201300005506,13,11,10,1330,1,1,1,2.0,6,63265,M,0.0,0.0,63
201300005507,13,11,9,1000,1,1,1,1.0,5,63195,M,0.0,0.0,63
201300005508,13,4,11,2100,3,2,1,2.0,6,63102,M,4598000.0,352000.0,63
201300005509,13,5,27,200,3,2,1,1.0,7,63180,M,4587600.0,330500.0,63
201300005510,13,6,30,1845,1,1,1,1.0,6,63102,M,4599300.0,353600.0,63
201300005511,13,9,15,645,2,2,1,2.0,1,63210,M,4592200.0,335200.0,63
201300005512,13,9,26,1830,1,1,1,7.0,7,63128,M,0.0,0.0,63
201300005513,13,10,30,1645,1,1,1,7.0,3,63291,M,0.0,0.0,63
201300005514,13,11,21,1200,1,1,1,4.0,6,63128,M,0.0,0.0,63
201300005515,13,3,15,1415,1,1,1,1.0,6,03015,M,0.0,0.0,03
201300005516,13,5,2,2145,3,1,1,2.0,3,03316,M,0.0,0.0,03
201300005517,13,5,25,1915,1,1,1,1.0,3,03121,M,0.0,0.0,03
201300005518,13,8,10,2145,3,1,1,1.0,1,03286,M,0.0,0.0,03
201300005519,13,8,15,30,3,1,1,1.0,3,03286,M,0.0,0.0,03
201300005520,13,9,10,1930,2,1,1,1.0,7,03286,M,0.0,0.0,03
201300005521,13,1,12,1345,1,1,1,2.0,7,03036,M,4654600.0,302300.0,03
201300005522,13,6,26,600,1,1,1,1.0,1,03046,M,0.0,0.0,03
201300005523,13,8,14,1945,2,1,1,1.0,2,03198,M,4674700.0,296700.0,03
201300005524,13,10,25,1930,3,1,1,1.0,7,03251,M,0.0,0.0,03
201300005525,13,12,19,1645,1,2,1,1.0,7,03036,M,0.0,0.0,03
201300005526,13,1,10,245,3,1,1,2.0,1,03102,M,0.0,0.0,03
201300005527,13,1,18,2230,3,1,1,9.0,1,03173,M,0.0,0.0,03
201300005528,13,7,5,1230,1,1,1,1.0,2,03265,M,4645300.0,374500.0,03
201300005529,13,9,29,745,2,2,1,8.0,3,03102,M,4652500.0,368200.0,03
201300005530,13,11,21,515,3,1,1,2.0,7,03086,M,0.0,0.0,03
201300005531,13,12,9,1230,1,1,9,1.0,1,03173,M,4646000.0,392000.0,03
201300005532,13,1,2,1415,1,1,1,1.0,1,03283,M,4653800.0,359700.0,03
201300005533,13,1,8,730,3,1,1,1.0,6,03203,M,4663200.0,361500.0,03
201300005534,13,5,2,1645,1,2,1,1.0,1,03197,M,4646600.0,341900.0,03
201300005535,13,7,27,800,1,1,1,1.0,6,03283,M,4653000.0,354900.0,03
201300005536,13,8,30,1900,1,1,1,1.0,3,03197,M,4652600.0,348800.0,03
201300005537,13,9,9,1215,1,1,1,1.0,1,03283,M,4655900.0,361600.0,03
201300005538,13,10,14,215,3,1,1,1.0,1,03180,M,4651600.0,345500.0,03
201300005539,13,11,4,530,3,1,1,1.0,6,03283,M,4654000.0,355000.0,03
201300005540,13,12,23,900,1,1,1,1.0,3,03263,M,4641900.0,351200.0,03
201300005541,13,1,25,1815,2,2,1,1.0,6,03053,M,4624000.0,315300.0,03
201300005542,13,2,12,1900,3,1,3,2.0,3,03059,M,0.0,0.0,03
201300005543,13,5,20,1930,1,2,1,8.0,6,03227,M,4622900.0,334400.0,03
201300005544,13,7,16,1715,1,2,1,1.0,1,03254,M,4631300.0,329000.0,03
201300005545,13,10,20,630,5,2,6,1.0,3,03254,M,0.0,0.0,03
201300005546,13,11,20,1545,2,2,1,8.0,6,03254,M,0.0,0.0,03
201300005547,13,1,18,2015,3,2,1,4.0,5,03183,M,4641300.0,304900.0,03
201300005548,13,1,30,115,3,1,1,8.0,6,03247,M,4660000.0,311700.0,03
201300005549,13,3,21,1800,1,1,1,1.0,6,03170,M,4652600.0,310400.0,03
201300005550,13,6,8,1445,1,1,1,1.0,6,03026,M,4650300.0,324800.0,03
201300005551,13,7,13,1445,1,1,1,1.0,1,03002,M,4660200.0,315700.0,03
201300005552,13,10,31,1530,1,2,2,1.0,3,03292,M,4642400.0,307300.0,03
201300005553,13,1,8,845,2,1,1,5.0,5,03217,M,4637600.0,269500.0,03
201300005554,13,2,21,1630,1,2,1,1.0,7,03128,M,0.0,0.0,03
201300005555,13,3,16,1200,1,1,1,1.0,3,03301,M,4644000.0,259300.0,03
201300005556,13,4,29,1430,1,1,1,1.0,6,03217,M,4635900.0,268900.0,03
201300005557,13,6,6,800,1,1,1,1.0,1,03055,M,0.0,0.0,03
201300005558,13,6,16,1815,1,1,2,1.0,3,03128,M,0.0,0.0,03
201300005559,13,7,13,2200,2,1,1,1.0,5,03195,M,0.0,0.0,03