Num_Acc,an,mois,jour,hrmn,lum,agg,int,atm,col,com,gps,lat,long,dep
201300005560,13,8,27,1345,1,1,1,8.0,7,03217,M,0.0,0.0,03
201300005561,13,9,21,1915,2,1,1,1.0,6,03305,M,0.0,0.0,03
201300005562,13,10,14,845,1,1,1,8.0,3,03195,M,0.0,0.0,03
201300005563,13,12,1,15,3,1,1,8.0,1,03185,M,4629800.0,265300.0,03
201300005564,13,2,2,145,3,1,1,3.0,6,03048,M,0.0,0.0,03
201300005565,13,2,12,515,3,1,1,1.0,7,03048,M,0.0,0.0,03
201300005566,13,7,25,1845,1,2,1,7.0,1,03193,M,0.0,0.0,03
201300005567,13,8,18,1200,1,1,1,1.0,7,03041,M,0.0,0.0,03
201300005568,13,9,6,1145,1,1,1,1.0,1,03221,M,0.0,0.0,03
201300005569,13,7,1,2130,1,1,6,1.0,6,03082,M,0.0,0.0,03
201300005570,13,7,22,130,3,1,1,1.0,6,03058,M,0.0,0.0,03
201300005571,13,1,16,1215,1,1,1,1.0,6,03264,M,0.0,0.0,03
201300005572,13,8,8,1445,1,2,1,1.0,6,03304,M,4617200.0,334800.0,03
201300005573,13,9,25,1145,1,1,1,1.0,6,03271,M,0.0,0.0,03
201300005574,13,12,7,515,3,1,1,5.0,6,03264,M,0.0,0.0,03
201300005575,13,12,28,1300,1,1,1,2.0,7,03271,M,4610000.0,335000.0,03
201300005576,13,4,21,1445,1,1,1,1.0,6,03107,M,0.0,0.0,03
201300005577,13,9,4,115,3,1,1,1.0,7,03311,M,0.0,0.0,03
201300005578,13,8,27,1400,1,1,1,2.0,7,03107,M,4612300.0,305900.0,03
201300005579,13,10,31,1930,3,1,1,1.0,6,03107,M,4611900.0,305900.0,03
201300005580,13,3,6,1715,1,1,1,2.0,3,03071,M,4635300.0,357900.0,03
201300005581,13,5,15,1615,1,1,1,3.0,1,03138,M,4624600.0,361300.0,03
201300005582,13,6,22,1500,1,1,1,1.0,7,03028,M,4622900.0,358300.0,03
201300005583,13,7,31,1915,1,1,1,1.0,1,03165,M,0.0,0.0,03
201300005584,13,9,14,400,3,1,1,1.0,6,03006,M,0.0,0.0,03
201300005585,13,1,26,1700,2,2,1,2.0,1,03298,M,4631900.0,339900.0,03
201300005586,13,8,31,130,3,1,1,1.0,6,03266,M,4624200.0,348400.0,03
201300005587,13,11,7,830,1,1,1,1.0,1,03298,M,0.0,0.0,03
201300005588,13,1,9,830,1,2,1,5.0,6,15083,M,4499100.0,242200.0,15
201300005589,13,8,16,2015,2,2,1,1.0,1,15189,M,0.0,0.0,15
201300005590,13,9,25,1600,1,2,1,1.0,3,15175,M,0.0,0.0,15
201300005591,13,10,14,1600,1,1,1,1.0,7,15267,M,4494100.0,240500.0,15
201300005592,13,11,18,1500,1,1,1,2.0,6,15143,M,4498100.0,222600.0,15
201300005593,13,12,4,1430,1,1,1,9.0,5,15189,M,4494800.0,219800.0,15
201300005594,13,4,14,1415,1,2,1,1.0,7,15089,M,4476000.0,250500.0,15
201300005595,13,1,30,745,1,1,1,1.0,2,15215,M,0.0,0.0,15
201300005596,13,5,29,1645,1,1,1,2.0,3,15215,M,0.0,0.0,15
201300005597,13,6,14,1845,1,2,1,1.0,2,15154,M,0.0,0.0,15
201300005598,13,9,18,2015,3,1,1,9.0,6,15258,M,0.0,0.0,15
201300005599,13,10,4,1145,1,2,1,8.0,6,15258,M,4498200.0,262600.0,15
201300005600,13,11,4,1915,5,2,1,3.0,1,15255,M,4490500.0,251200.0,15
201300005601,13,8,5,315,3,1,1,1.0,7,15003,M,4519500.0,233300.0,15
201300005602,13,2,27,1900,2,1,1,1.0,6,15124,M,4530600.0,260900.0,15
201300005603,13,4,14,1330,1,1,1,1.0,7,15246,M,4527700.0,260700.0,15
201300005604,13,6,29,1830,2,1,1,3.0,6,15190,M,4524500.0,272300.0,15
201300005605,13,8,15,1200,1,1,1,1.0,7,15110,M,4526500.0,275000.0,15
201300005606,13,8,18,1745,1,2,9,1.0,6,15162,M,4528600.0,266300.0,15
201300005607,13,2,8,1315,1,1,1,8.0,1,15202,M,4512600.0,243400.0,15
201300005608,13,5,10,1045,1,1,1,1.0,1,15186,M,4511000.0,239300.0,15
201300005609,13,6,2,1715,1,2,1,1.0,7,15219,M,4514200.0,249300.0,15
201300005610,13,9,18,1545,1,1,1,2.0,1,15202,M,0.0,0.0,15
201300005611,13,11,4,1400,1,1,1,5.0,6,15205,M,0.0,0.0,15
201300005612,13,9,15,1030,1,1,1,8.0,6,15037,M,4536000.0,240900.0,15
201300005613,13,10,11,1030,1,1,6,8.0,7,15111,M,0.0,0.0,15
201300005614,13,5,26,130,3,1,1,2.0,6,15068,M,4497600.0,317500.0,15
201300005615,13,5,27,1645,1,2,1,1.0,6,15187,M,4504100.0,311000.0,15
201300005616,13,6,16,1000,2,1,1,1.0,6,15262,M,4501800.0,304900.0,15
201300005617,13,7,4,1830,1,2,9,1.0,3,15187,M,0.0,0.0,15
201300005618,13,7,15,1900,1,2,1,1.0,1,15187,M,0.0,0.0,15
201300005619,13,9,28,1230,1,1,1,1.0,1,15004,M,0.0,0.0,15
201300005620,13,10,10,1530,1,1,4,2.0,1,15231,M,4510200.0,307200.0,15
201300005621,13,2,27,1300,1,1,1,1.0,6,15080,M,4515000.0,300700.0,15
201300005622,13,7,24,1745,1,1,1,1.0,6,15127,M,4524600.0,315500.0,15
201300005623,13,7,29,1045,1,1,1,1.0,6,15127,M,4522500.0,310700.0,15
201300005624,13,8,30,730,1,1,1,1.0,6,15022,M,4520800.0,318200.0,15
201300005625,13,10,25,1500,2,1,1,9.0,1,15080,M,4516700.0,303200.0,15
201300005626,13,6,14,800,1,2,2,1.0,3,15138,M,0.0,0.0,15
201300005627,13,10,22,1615,1,1,1,1.0,7,15061,M,4516500.0,283000.0,15
201300005628,13,12,21,1445,1,1,4,7.0,1,15001,M,0.0,0.0,15
201300005629,13,8,14,1130,1,1,1,6.0,6,15026,M,4502300.0,281900.0,15
201300005630,13,8,29,1430,1,1,1,1.0,3,15026,M,4501800.0,281800.0,15
201300005631,13,8,7,2110,2,1,3,1.0,3,43062,M,4506020.0,375854.0,43
201300005632,13,10,28,1915,3,1,2,1.0,5,43124,M,4510230.0,377375.0,43
201300005633,13,5,30,1550,1,1,3,1.0,3,43111,M,4486370.0,384832.0,43
201300005634,13,7,13,1745,1,1,2,1.0,3,43160,M,4480090.0,381219.0,43
201300005635,13,8,1,1030,1,1,2,1.0,3,43160,M,4480090.0,381219.0,43
201300005636,13,8,16,2000,1,1,2,1.0,3,43111,M,4486440.0,384853.0,43
201300005637,13,9,27,1815,1,1,2,1.0,3,43111,M,4485710.0,384346.0,43
201300005638,13,11,10,10,3,1,1,1.0,6,43241,M,4497140.0,390880.0,43
201300005639,13,2,1,1700,1,2,3,1.0,3,43135,M,4493680.0,399656.0,43
201300005640,13,8,31,1630,1,1,1,1.0,1,43186,M,4497210.0,418445.0,43
201300005641,13,5,8,1445,1,1,3,1.0,3,43126,M,4507950.0,396524.0,43
201300005642,13,5,5,1700,1,1,1,1.0,6,43119,M,4510720.0,389175.0,43
201300005643,13,6,6,1415,1,1,1,1.0,3,43140,M,4507020.0,390305.0,43
201300005644,13,7,25,2350,5,2,1,1.0,6,43119,M,4511790.0,390222.0,43
201300005645,13,8,13,2135,1,1,1,1.0,6,43061,M,4508580.0,396366.0,43
201300005646,13,9,2,200,3,1,1,1.0,7,43230,M,4516380.0,393112.0,43
201300005647,13,9,22,1845,1,1,1,1.0,2,43032,M,4506460.0,398127.0,43
201300005648,13,10,16,1930,4,1,1,1.0,3,43165,M,4513780.0,399094.0,43
201300005649,13,11,6,830,1,1,1,8.0,6,43032,M,4506450.0,397479.0,43
201300005650,13,11,12,900,1,2,1,1.0,1,43165,M,4512380.0,399663.0,43
201300005651,13,12,23,1500,1,1,1,1.0,6,43230,M,4513500.0,389041.0,43
201300005652,13,5,27,730,1,1,1,1.0,1,43113,M,4496630.0,397764.0,43
201300005653,13,6,9,1600,1,1,1,8.0,1,43190,M,4501570.0,399806.0,43
201300005654,13,8,1,1815,1,1,4,1.0,3,43200,M,4504410.0,406569.0,43
201300005655,13,8,6,1915,1,2,3,1.0,3,43113,M,4500650.0,401407.0,43
201300005656,13,8,12,1405,1,1,3,1.0,1,43190,M,4505140.0,395135.0,43
201300005657,13,11,13,1745,2,1,1,2.0,6,43150,M,4509340.0,405581.0,43
201300005658,13,12,31,1030,1,1,1,1.0,6,43231,M,4487510.0,392501.0,43
201300005659,13,1,7,1030,1,1,2,5.0,3,43152,M,4507790.0,383723.0,43
201300005660,13,4,2,1205,1,1,1,2.0,3,43152,M,4506220.0,385933.0,43
201300005661,13,6,4,1300,1,1,3,1.0,3,43216,M,4512720.0,381954.0,43
201300005662,13,8,11,1845,1,2,3,1.0,3,43216,M,4513480.0,381104.0,43
201300005663,13,8,22,1000,1,2,1,1.0,6,43080,M,4533040.0,384540.0,43
201300005664,13,12,5,2115,3,1,1,8.0,6,43152,M,4507010.0,384836.0,43
201300005665,13,9,2,930,1,1,1,1.0,2,43096,M,4526230.0,341847.0,43
201300005666,13,5,21,205,3,1,1,2.0,6,43048,M,4532020.0,370648.0,43
201300005667,13,7,31,1345,1,1,1,1.0,7,43178,M,4533300.0,356300.0,43
201300005668,13,1,1,1545,1,1,2,1.0,1,43132,M,4514270.0,356303.0,43
201300005669,13,3,1,2315,5,2,2,1.0,1,43112,M,,,43
201300005670,13,5,13,2015,1,1,1,1.0,1,43132,M,4513550.0,352807.0,43
201300005671,13,7,7,845,1,2,6,1.0,3,43112,M,4509750.0,349494.0,43
201300005672,13,7,19,1545,1,2,1,2.0,6,43112,M,,,43
201300005673,13,10,19,1630,1,1,1,1.0,6,43056,M,4504920.0,354729.0,43
201300005674,13,10,13,1930,3,1,1,8.0,1,43232,M,4521080.0,349339.0,43
201300005675,13,4,7,100,3,2,1,1.0,6,43099,M,4538900.0,330258.0,43
201300005676,13,4,16,1030,1,1,1,1.0,7,43016,M,4538530.0,339511.0,43
201300005677,13,8,20,1900,1,2,2,1.0,3,43258,M,4537090.0,332788.0,43
201300005678,13,8,18,1800,1,1,1,1.0,6,43121,M,4533360.0,320981.0,43
201300005679,13,8,24,1545,1,2,3,1.0,1,43038,M,4532910.0,331606.0,43
201300005680,13,10,18,1530,1,1,1,7.0,1,43038,M,4535750.0,332392.0,43
201300005681,13,11,8,1800,2,1,2,1.0,3,43258,M,4537250.0,331722.0,43
201300005682,13,11,21,745,2,1,3,4.0,1,43170,M,4528110.0,326524.0,43
201300005683,13,1,19,600,2,1,1,4.0,6,43102,M,4517030.0,417478.0,43
201300005684,13,4,6,1430,1,1,1,2.0,6,43268,M,4516180.0,417900.0,43
201300005685,13,4,20,445,5,2,1,2.0,6,43268,M,,,43
201300005686,13,6,23,1630,1,1,1,1.0,6,43268,M,4514000.0,410325.0,43
201300005687,13,7,27,915,1,2,1,1.0,6,43268,M,4514040.0,412445.0,43
201300005688,13,8,10,1800,1,1,1,1.0,6,43102,M,4516180.0,417698.0,43
201300005689,13,8,31,1200,1,1,1,1.0,6,43024,M,4518010.0,408649.0,43
201300005690,13,12,26,1930,5,1,1,4.0,3,43007,M,4503690.0,418365.0,43
201300005691,13,1,21,1845,3,1,1,2.0,2,43137,M,4528450.0,418318.0,43
201300005692,13,3,18,515,3,1,1,2.0,5,43211,M,4525630.0,414574.0,43
201300005693,13,6,11,1800,1,1,4,1.0,3,43020,M,4529750.0,413434.0,43
201300005694,13,7,7,230,3,1,1,1.0,7,43137,M,,,43
201300005695,13,7,9,1615,1,2,3,1.0,3,43211,M,,,43
201300005696,13,9,7,915,1,2,6,8.0,1,43012,M,,,43
201300005697,13,9,20,1815,1,2,1,1.0,3,43020,M,,,43
201300005698,13,9,21,1100,1,1,3,1.0,3,43020,M,4529750.0,411595.0,43
201300005699,13,10,11,1330,1,1,1,2.0,1,43020,M,4528600.0,411385.0,43
201300005700,13,10,15,1800,1,1,1,1.0,6,43058,M,4531290.0,423027.0,43
201300005701,13,10,16,910,1,2,1,2.0,3,43137,M,,,43
201300005702,13,3,9,750,1,1,1,1.0,6,43177,M,4532810.0,430795.0,43
201300005703,13,6,2,1800,1,1,3,1.0,3,43227,M,4531330.0,431762.0,43
201300005704,13,7,10,1830,1,1,1,2.0,5,43224,M,4526270.0,419942.0,43
201300005705,13,7,3,1830,1,2,1,1.0,3,43205,M,,,43
201300005706,13,7,15,930,1,2,1,1.0,6,43172,M,4514330.0,443816.0,43
201300005707,13,8,9,950,1,1,1,1.0,1,43087,M,4521340.0,438119.0,43
201300005708,13,9,5,2000,1,1,1,1.0,6,43051,M,,,43
201300005709,13,11,28,930,1,1,1,8.0,3,43159,M,4517190.0,428572.0,43
201300005710,13,3,29,2100,5,2,3,1.0,1,03185,M,,,03
201300005711,13,5,10,2330,5,2,2,1.0,3,03185,M,,,03
201300005712,13,5,22,1935,1,2,3,1.0,3,03185,M,,,03
201300005713,13,6,16,620,2,2,1,1.0,6,03185,M,,,03
201300005714,13,7,29,1725,1,2,1,1.0,6,03185,M,,,03
201300005715,13,8,2,1735,1,2,3,1.0,3,03185,M,,,03
201300005716,13,8,4,1425,1,2,6,1.0,2,03185,M,,,03
201300005717,13,8,20,715,1,2,6,1.0,3,03185,M,,,03
201300005718,13,8,21,850,1,2,2,1.0,3,03185,M,,,03
201300005719,13,10,11,1025,1,2,2,1.0,3,03185,M,,,03
201300005720,13,10,28,1720,2,2,1,2.0,6,03185,M,,,03
201300005721,13,11,1,1655,1,2,2,1.0,3,03185,M,,,03
201300005722,13,11,2,1635,1,1,1,1.0,2,03140,M,,,03
201300005723,13,11,6,2010,5,2,2,1.0,3,03185,M,,,03
201300005724,13,12,3,1015,1,2,1,1.0,6,03101,M,,,03
201300005725,13,12,12,1510,1,2,1,1.0,6,03140,M,,,03
201300005726,13,3,9,1320,1,1,1,1.0,6,03321,M,,,03
201300005727,13,4,9,1550,1,2,2,1.0,3,03190,M,,,03
201300005728,13,4,26,2045,5,2,2,3.0,3,03190,M,,,03
201300005729,13,6,1,2040,1,2,1,1.0,6,03190,M,,,03
201300005730,13,7,22,1510,1,2,1,1.0,6,03190,M,,,03
201300005731,13,7,23,600,2,2,1,1.0,1,03190,M,,,03
201300005732,13,7,24,1445,1,2,3,1.0,3,03190,M,,,03
201300005733,13,10,25,2345,5,2,1,1.0,6,03190,M,,,03
201300005734,13,10,17,1810,1,2,9,1.0,3,03321,M,,,03
201300005735,13,9,26,1810,1,1,1,1.0,3,03013,M,,,03
201300005736,13,2,2,1130,1,2,3,8.0,3,57648,M,4909270.0,648577.0,57
201300005737,13,5,20,2030,3,1,1,2.0,2,57620,M,0.0,0.0,57
201300005738,13,6,3,1800,1,2,1,1.0,3,57707,M,0.0,0.0,57
201300005739,13,7,20,1730,1,1,1,1.0,7,57543,M,0.0,0.0,57
201300005740,13,10,11,1430,1,2,6,1.0,3,57622,M,0.0,0.0,57
201300005741,13,10,28,1600,1,2,6,8.0,1,57622,M,0.0,0.0,57
201300005742,13,12,7,1800,3,1,1,1.0,1,57622,M,0.0,0.0,57
201300005743,13,12,23,200,5,2,1,8.0,6,57622,M,0.0,0.0,57
201300005744,13,5,14,1745,1,1,1,1.0,7,57039,M,4904761.0,611325.0,57
201300005745,13,6,30,630,1,2,1,1.0,6,57212,M,0.0,0.0,57
201300005746,13,7,4,1600,1,1,1,1.0,1,57350,M,4907484.0,609661.0,57
201300005747,13,7,23,1915,1,2,1,1.0,2,57032,M,0.0,0.0,57
201300005748,13,9,24,445,3,1,1,1.0,1,57601,M,0.0,0.0,57
201300005749,13,10,18,700,3,1,1,9.0,3,57601,M,0.0,0.0,57
201300005750,13,10,23,945,1,1,1,9.0,3,57515,M,0.0,0.0,57
201300005751,13,10,31,1815,5,1,1,1.0,3,57701,M,4909472.0,609657.0,57
201300005752,13,11,22,1745,5,2,1,2.0,6,57515,M,4902431.0,605041.0,57
201300005753,13,11,26,1545,1,2,1,7.0,1,57032,M,0.0,0.0,57
201300005754,13,1,5,1630,1,1,1,9.0,1,57443,M,4921142.0,612535.0,57
201300005755,13,1,19,1500,1,2,1,1.0,7,57433,M,0.0,0.0,57
201300005756,13,3,4,1215,1,2,1,1.0,1,57433,M,4920591.0,616110.0,57
201300005757,13,3,7,1030,1,2,1,1.0,6,57433,M,0.0,0.0,57
201300005758,13,4,18,2100,3,1,1,1.0,7,57443,M,4922572.0,614638.0,57
201300005759,13,8,6,1915,1,1,1,1.0,7,57303,M,0.0,0.0,57
201300005760,13,8,30,900,1,2,1,1.0,6,57433,M,0.0,0.0,57
201300005761,13,10,5,1845,1,2,1,3.0,3,57303,M,0.0,0.0,57
201300005762,13,10,11,1845,2,1,1,1.0,6,57645,M,0.0,0.0,57
201300005763,13,10,30,1645,1,2,1,1.0,3,57433,M,4921429.0,616423.0,57
201300005764,13,12,14,1130,1,2,6,1.0,6,57645,M,0.0,0.0,57
201300005765,13,12,27,1515,1,1,1,1.0,1,57111,M,0.0,0.0,57
201300005766,13,1,4,2030,3,1,1,2.0,6,57532,M,4896746.0,622073.0,57
201300005767,13,7,22,1415,1,2,1,1.0,3,57251,M,0.0,0.0,57
201300005768,13,9,2,1800,1,1,1,1.0,1,57057,M,0.0,0.0,57
201300005769,13,10,10,900,1,1,1,8.0,6,57020,M,0.0,0.0,57
201300005770,13,11,18,1645,2,1,1,8.0,1,57572,M,0.0,0.0,57
201300005771,13,3,31,1700,1,1,1,1.0,1,57563,M,0.0,0.0,57
201300005772,13,6,21,2215,3,1,1,1.0,1,57385,M,4907508.0,630393.0,57
201300005773,13,6,21,1615,1,2,1,1.0,6,57148,M,0.0,0.0,57
201300005774,13,8,23,2115,5,2,1,1.0,6,57155,M,0.0,0.0,57
201300005775,13,9,1,2000,2,1,1,1.0,6,57695,M,0.0,0.0,57
201300005776,13,9,18,1500,1,1,1,2.0,5,57129,M,0.0,0.0,57
201300005777,13,9,23,730,2,1,1,5.0,1,57438,M,0.0,0.0,57
201300005778,13,10,4,1830,2,1,6,3.0,6,57028,M,4920995.0,621026.0,57
201300005779,13,11,6,1845,3,1,1,2.0,6,57024,M,0.0,0.0,57
201300005780,13,6,17,1815,1,1,2,1.0,3,57542,M,0.0,0.0,57
201300005781,13,7,2,1430,1,1,1,1.0,1,57167,M,0.0,0.0,57
201300005782,13,7,22,1945,1,1,1,1.0,6,57106,M,0.0,0.0,57
201300005783,13,8,14,1200,1,2,1,1.0,1,57186,M,0.0,0.0,57
201300005784,13,10,11,2200,5,2,2,1.0,3,57160,M,4920780.0,670754.0,57
201300005785,13,9,1,600,2,2,1,1.0,6,57230,M,0.0,0.0,57
201300005786,13,10,20,600,3,1,1,5.0,5,57085,M,0.0,0.0,57
201300005787,13,7,15,1330,1,1,1,1.0,5,57712,M,0.0,0.0,57
201300005788,13,8,3,1715,1,1,1,1.0,1,57018,M,0.0,0.0,57
201300005789,13,11,21,2030,2,1,1,2.0,1,57182,M,0.0,0.0,57
201300005790,13,3,1,1900,3,1,1,1.0,2,57629,M,0.0,0.0,57
201300005791,13,7,23,1030,1,2,2,1.0,3,57177,M,0.0,0.0,57
201300005792,13,9,5,845,1,1,1,1.0,1,57086,M,0.0,0.0,57
201300005793,13,10,16,1200,1,2,1,8.0,1,57401,M,4888268.0,670057.0,57
201300005794,13,2,16,400,2,1,1,5.0,1,57521,M,4917697.0,692592.0,57
201300005795,13,7,15,1945,1,2,1,1.0,5,57058,M,0.0,0.0,57
201300005796,13,7,22,1945,1,1,1,1.0,1,57058,M,0.0,0.0,57
201300005797,13,2,9,1245,1,1,2,8.0,3,57271,M,4910400.0,680200.0,57
201300005798,13,2,16,2245,3,1,1,5.0,7,57466,M,0.0,0.0,57
201300005799,13,3,2,1700,1,2,1,1.0,6,57271,M,0.0,0.0,57
201300005800,13,6,19,1945,1,1,1,1.0,7,57466,M,0.0,0.0,57
201300005801,13,7,9,2345,3,2,1,1.0,6,57207,M,0.0,0.0,57
201300005802,13,8,14,945,1,2,1,1.0,1,57061,M,4914200.0,683300.0,57
201300005803,13,8,31,1645,1,1,1,1.0,6,57052,M,0.0,0.0,57
201300005804,13,10,9,1845,5,1,1,2.0,7,57669,M,0.0,0.0,57
201300005805,13,11,8,1000,1,1,1,3.0,7,57466,M,0.0,0.0,57
201300005806,13,11,8,2145,5,2,1,2.0,1,57073,M,0.0,0.0,57
201300005807,13,11,18,1400,1,2,1,1.0,6,57176,M,4911101.0,693709.0,57
201300005808,13,11,26,1630,1,2,1,1.0,2,57176,M,0.0,0.0,57
201300005809,13,11,27,1145,1,1,1,1.0,7,57466,M,0.0,0.0,57
201300005810,13,11,28,1,5,2,1,1.0,3,57144,M,0.0,0.0,57
201300005811,13,12,2,700,2,2,1,1.0,1,57207,M,0.0,0.0,57
201300005812,13,12,3,1530,1,1,1,1.0,7,57052,M,0.0,0.0,57
201300005813,13,3,20,2130,3,1,6,1.0,6,57483,M,0.0,0.0,57
201300005814,13,10,9,2145,3,1,1,1.0,2,57560,M,0.0,0.0,57
201300005815,13,7,24,1630,1,1,1,1.0,5,57544,M,0.0,0.0,57
201300005816,13,9,14,530,2,1,1,2.0,1,57321,M,0.0,0.0,57
201300005817,13,9,17,415,3,1,1,1.0,3,57320,M,0.0,0.0,57
201300005818,13,10,18,1715,1,1,1,1.0,1,57253,M,0.0,0.0,57
201300005819,13,10,23,1715,1,1,1,1.0,1,57342,M,4864399.0,691724.0,57
201300005820,13,11,25,1500,1,2,1,1.0,7,57302,M,0.0,0.0,57
201300005821,13,12,9,1045,1,1,1,1.0,1,57611,M,0.0,0.0,57
201300005822,13,4,4,1745,1,1,1,1.0,3,57334,M,0.0,0.0,57
201300005823,13,6,8,2000,1,1,1,1.0,7,57540,M,0.0,0.0,57
201300005824,13,6,19,1730,1,1,1,1.0,7,57244,M,0.0,0.0,57
201300005825,13,1,16,1500,1,1,1,1.0,1,57091,M,0.0,0.0,57
201300005826,13,1,28,1030,1,1,1,1.0,3,57260,M,4913050.0,704388.0,57
201300005827,13,4,7,1500,1,1,1,1.0,3,57093,M,0.0,0.0,57
201300005828,13,4,21,600,2,1,1,1.0,7,57535,M,0.0,0.0,57
201300005829,13,5,4,1630,1,2,3,1.0,3,57535,M,0.0,0.0,57
201300005830,13,6,8,1630,1,2,1,1.0,2,57535,M,0.0,0.0,57
201300005831,13,6,15,1530,1,2,1,1.0,3,57261,M,0.0,0.0,57
201300005832,13,8,8,1115,1,1,1,1.0,3,57091,M,0.0,0.0,57
201300005833,13,9,26,545,3,1,1,1.0,1,57589,M,0.0,0.0,57
201300005834,13,10,29,1800,3,2,1,1.0,6,57260,M,0.0,0.0,57
201300005835,13,11,27,1400,1,2,1,1.0,6,57260,M,4915525.0,702405.0,57
201300005836,13,6,27,730,2,1,1,9.0,6,57577,M,0.0,0.0,57
201300005837,13,2,4,1800,5,1,1,2.0,6,57206,M,0.0,0.0,57
201300005838,13,11,17,1830,5,1,1,2.0,1,57206,M,4932300.0,610600.0,57
201300005839,13,12,4,1215,1,1,1,8.0,2,57724,M,0.0,0.0,57
201300005840,13,1,13,1815,3,1,1,2.0,1,57117,M,0.0,0.0,57
201300005841,13,1,23,2015,3,1,1,9.0,1,57287,M,0.0,0.0,57
201300005842,13,3,25,1730,1,2,1,1.0,3,57370,M,0.0,0.0,57
201300005843,13,4,7,1645,1,1,3,1.0,3,57331,M,4930066.0,637554.0,57
201300005844,13,4,16,1545,1,2,1,1.0,2,57067,M,0.0,0.0,57
201300005845,13,5,7,1915,1,2,1,1.0,3,57102,M,0.0,0.0,57
201300005846,13,5,10,1645,1,1,1,2.0,1,57179,M,0.0,0.0,57
201300005847,13,5,17,1330,1,1,2,2.0,3,57733,M,0.0,0.0,57
201300005848,13,7,13,1815,1,1,1,1.0,3,57117,M,0.0,0.0,57
201300005849,13,7,20,630,1,1,1,1.0,3,57704,M,0.0,0.0,57
201300005850,13,8,16,2130,3,1,1,9.0,3,57426,M,0.0,0.0,57
201300005851,13,9,8,30,3,1,1,3.0,7,57733,M,0.0,0.0,57
201300005852,13,10,16,830,1,1,2,1.0,3,57733,M,0.0,0.0,57
201300005853,13,11,15,1045,1,1,1,1.0,2,57465,M,0.0,0.0,57
201300005854,13,11,18,745,2,1,1,5.0,1,57287,M,0.0,0.0,57
201300005855,13,1,19,415,3,1,1,4.0,6,57683,M,0.0,0.0,57
201300005856,13,1,29,1900,1,2,1,3.0,6,57474,M,4925979.0,615846.0,57
201300005857,13,2,7,1445,1,2,1,1.0,5,57683,M,0.0,0.0,57
201300005858,13,5,14,1700,1,2,1,1.0,3,57474,M,4926497.0,617026.0,57
201300005859,13,6,17,2200,5,2,1,1.0,7,57683,M,0.0,0.0,57
201300005860,13,7,7,215,3,2,1,1.0,3,57582,M,4928040.0,615885.0,57
201300005861,13,7,11,1100,1,2,1,1.0,6,57683,M,0.0,0.0,57
201300005862,13,8,1,2115,2,1,1,1.0,2,57582,M,0.0,0.0,57
201300005863,13,9,3,1130,1,2,1,1.0,6,57474,M,4925976.0,615845.0,57
201300005864,13,1,17,1515,1,1,1,8.0,6,54320,M,4888300.0,609400.0,54
201300005865,13,4,3,1815,1,1,1,1.0,2,54320,M,4886839.0,609358.0,54
201300005866,13,7,5,1700,1,2,1,1.0,1,54400,M,0.0,0.0,54
201300005867,13,7,9,1000,1,1,1,1.0,3,54060,M,4881577.0,610692.0,54
201300005868,13,7,12,1715,1,1,1,1.0,3,54024,M,4884600.0,628300.0,54
201300005869,13,7,26,715,1,1,1,1.0,7,54276,M,4884242.0,624223.0,54
201300005870,13,8,25,15,3,1,1,8.0,6,54024,M,4884331.0,627111.0,54
201300005871,13,9,29,1830,1,1,1,1.0,1,54400,M,4888500.0,622200.0,54
201300005872,13,1,14,745,1,2,1,8.0,6,54089,M,4877200.0,626600.0,54
201300005873,13,2,23,900,1,1,1,4.0,6,54089,M,4879300.0,627800.0,54
201300005874,13,3,23,915,1,1,1,1.0,6,54374,M,4876239.0,640627.0,54
201300005875,13,5,17,1400,1,1,1,2.0,1,54296,M,4874129.0,632906.0,54
201300005876,13,5,20,1800,1,1,1,1.0,1,54192,M,4854797.0,630089.0,54
201300005877,13,5,28,430,2,1,6,1.0,6,54186,M,4873948.0,622327.0,54
201300005878,13,6,15,1715,1,1,1,1.0,3,54192,M,4854804.0,630085.0,54
201300005879,13,7,7,1000,1,1,1,1.0,7,54089,M,4876601.0,626420.0,54
201300005880,13,11,10,1145,1,1,1,3.0,3,54192,M,4855491.0,629767.0,54
201300005881,13,11,29,1215,1,1,1,8.0,3,54498,M,4856700.0,633300.0,54
201300005882,13,12,14,730,1,1,1,8.0,6,54462,M,4859795.0,634211.0,54
201300005883,13,6,19,730,1,2,1,7.0,6,54430,M,0.0,0.0,54
201300005884,13,6,30,815,3,1,1,1.0,6,54430,M,4878608.0,612473.0,54
201300005885,13,7,16,1400,1,2,1,1.0,6,54215,M,4875250.0,614460.0,54
201300005886,13,7,16,1315,1,1,1,1.0,6,54150,M,0.0,0.0,54
201300005887,13,9,12,715,1,2,1,1.0,6,54215,M,4875000.0,613000.0,54
201300005888,13,9,13,1730,1,1,1,1.0,2,54115,M,4874800.0,616200.0,54
201300005889,13,10,4,2000,5,1,1,1.0,3,54115,M,4873681.0,616336.0,54
201300005890,13,4,21,745,1,1,1,1.0,1,54597,M,4844162.0,615796.0,54
201300005891,13,5,14,1800,1,1,2,1.0,3,54513,M,4845699.0,612768.0,54
201300005892,13,6,1,15,3,1,1,8.0,6,54309,M,4850700.0,620200.0,54
201300005893,13,1,4,1415,1,1,4,8.0,1,54266,M,4850939.0,610277.0,54
201300005894,13,1,21,745,2,1,1,4.0,5,54586,M,4858000.0,602800.0,54