Num_Acc,an,mois,jour,hrmn,lum,agg,int,atm,col,com,gps,lat,long,dep
201300005895,13,2,10,400,3,1,1,4.0,6,54111,M,4807800.0,613300.0,54
201300005896,13,2,10,1200,1,1,1,4.0,3,54111,M,4865276.0,609743.0,54
201300005897,13,2,21,1730,1,2,1,1.0,6,54397,M,4860800.0,610020.0,54
201300005898,13,4,24,1315,1,1,1,1.0,1,54563,M,4849524.0,609522.0,54
201300005899,13,6,1,930,1,1,2,1.0,3,54513,M,4845694.0,612770.0,54
201300005900,13,6,11,1415,1,1,3,1.0,3,54247,M,4849116.0,607334.0,54
201300005901,13,6,19,1515,1,2,1,1.0,7,54309,M,0.0,0.0,54
201300005902,13,6,25,2000,1,1,1,1.0,1,54109,M,4851844.0,614083.0,54
201300005903,13,7,24,1330,1,2,1,1.0,6,54397,M,4801700.0,615000.0,54
201300005904,13,8,5,815,1,1,1,1.0,7,54062,M,4851300.0,624400.0,54
201300005905,13,9,3,1945,1,2,1,1.0,1,54397,M,4861373.0,610360.0,54
201300005906,13,9,24,1900,1,2,6,1.0,3,54397,M,0.0,0.0,54
201300005907,13,11,7,1815,3,1,1,2.0,2,54586,M,4858089.0,601282.0,54
201300005908,13,10,8,1200,1,2,1,2.0,6,54397,M,4802600.0,617400.0,54
201300005909,13,11,28,1845,3,2,1,2.0,6,54235,M,4849609.0,601526.0,54
201300005910,13,12,12,730,2,1,1,5.0,7,54437,M,4855400.0,617000.0,54
201300005911,13,12,29,2215,3,1,1,9.0,7,54032,M,4852900.0,613800.0,54
201300005912,13,4,7,1445,1,1,1,1.0,7,54594,M,4896500.0,586000.0,54
201300005913,13,11,19,1500,1,2,1,1.0,6,54415,M,4898800.0,602400.0,54
201300005914,13,1,5,1940,5,2,1,2.0,6,03310,M,,,03
201300005915,13,1,11,715,5,2,1,2.0,6,03095,M,,,03
201300005916,13,1,22,922,1,1,1,1.0,6,03095,M,,,03
201300005917,13,3,14,1745,1,2,5,1.0,3,03310,M,,,03
201300005918,13,3,30,500,5,2,1,3.0,6,03001,M,,,03
201300005919,13,4,2,1745,1,2,3,1.0,2,03001,M,,,03
201300005920,13,4,9,1700,1,2,1,1.0,6,03095,M,,,03
201300005921,13,4,5,1300,1,2,6,2.0,3,03023,M,,,03
201300005922,13,5,4,1900,1,2,3,1.0,6,03310,M,,,03
201300005923,13,5,14,1910,1,1,1,1.0,2,03001,M,,,03
201300005924,13,5,24,2149,2,2,1,1.0,6,03310,M,,,03
201300005925,13,6,5,1030,1,2,1,1.0,6,03310,M,,,03
201300005926,13,6,6,854,1,2,1,1.0,6,03310,M,,,03
201300005927,13,6,13,700,1,2,1,1.0,2,03095,M,,,03
201300005928,13,6,25,1340,1,1,1,1.0,6,03095,M,,,03
201300005929,13,7,1,800,1,2,1,1.0,3,03095,M,,,03
201300005930,13,7,4,1440,1,2,1,1.0,6,03310,M,,,03
201300005931,13,7,5,1140,1,2,3,1.0,6,03310,M,,,03
201300005932,13,7,4,1830,1,2,1,1.0,3,03310,M,,,03
201300005933,13,7,14,1615,1,2,1,1.0,6,03095,M,,,03
201300005934,13,7,14,2225,5,2,6,1.0,3,03310,M,,,03
201300005935,13,7,24,2020,1,2,1,1.0,6,03310,M,,,03
201300005936,13,7,26,15,5,2,1,1.0,6,03023,M,,,03
201300005937,13,7,28,1610,1,2,1,8.0,6,03310,M,,,03
201300005938,13,8,2,405,5,1,1,1.0,7,03023,M,,,03
201300005939,13,8,6,2040,1,2,1,1.0,6,03094,M,,,03
201300005940,13,9,3,1900,1,2,3,1.0,3,03310,M,,,03
201300005941,13,9,4,1445,1,2,1,1.0,5,03023,M,,,03
201300005942,13,9,18,245,5,2,3,8.0,6,03001,M,,,03
201300005943,13,9,22,1105,1,2,1,1.0,6,03310,M,,,03
201300005944,13,9,27,1410,1,2,1,1.0,3,03095,M,,,03
201300005945,13,10,7,1205,1,2,6,1.0,6,03310,M,,,03
201300005946,13,10,9,1530,1,2,1,1.0,6,03095,M,,,03
201300005947,13,10,10,1750,1,2,2,1.0,2,03310,M,,,03
201300005948,13,10,14,1600,1,2,2,1.0,3,03023,M,,,03
201300005949,13,10,17,945,1,2,3,1.0,6,03310,M,,,03
201300005950,13,10,18,1655,1,2,1,1.0,6,03310,M,,,03
201300005951,13,10,29,1815,5,2,3,1.0,6,03095,M,,,03
201300005952,13,10,30,1630,1,1,1,1.0,6,03023,M,,,03
201300005953,13,10,30,2339,5,1,1,1.0,7,03023,M,,,03
201300005954,13,11,4,1830,5,2,1,2.0,6,03310,M,,,03
201300005955,13,11,5,1330,1,2,2,2.0,3,03310,M,,,03
201300005956,13,11,17,1820,2,2,2,1.0,3,03310,M,,,03
201300005957,13,11,19,800,2,2,1,2.0,6,03310,M,,,03
201300005958,13,11,21,1740,2,2,1,2.0,6,03095,M,,,03
201300005959,13,11,28,1450,1,2,1,1.0,4,03310,M,,,03
201300005960,13,11,29,700,5,2,2,1.0,3,03310,M,,,03
201300005961,13,11,29,1430,1,1,1,8.0,6,03095,M,,,03
201300005962,13,12,1,122,5,2,2,1.0,3,03095,M,,,03
201300005963,13,12,2,720,2,2,4,1.0,3,03310,M,,,03
201300005964,13,12,2,1540,1,2,2,1.0,6,03310,M,,,03
201300005965,13,12,3,1150,1,2,1,1.0,6,03310,M,,,03
201300005966,13,12,9,845,1,2,2,1.0,6,03310,M,,,03
201300005967,13,12,11,1215,1,2,1,1.0,3,03310,M,,,03
201300005968,13,12,11,1900,5,2,2,1.0,1,03310,M,,,03
201300005969,13,12,14,2005,5,2,3,1.0,3,03310,M,,,03
201300005970,13,12,17,953,1,1,1,1.0,1,03095,M,,,03
201300005971,13,12,30,2120,5,2,1,1.0,3,03310,M,,,03
201300005972,13,12,31,1640,1,2,1,2.0,2,03023,M,,,03
201300005973,13,3,31,1730,1,1,1,1.0,6,54477,M,4900698.0,588907.0,54
201300005974,13,6,8,1745,1,1,1,1.0,6,54112,M,4903737.0,590260.0,54
201300005975,13,6,14,445,2,1,1,1.0,7,54171,M,4915470.0,593814.0,54
201300005976,13,7,5,2015,1,1,1,1.0,6,54198,M,4923584.0,577852.0,54
201300005977,13,10,23,1600,1,1,1,8.0,5,54171,M,4915600.0,590600.0,54
201300005978,13,12,4,1,3,2,1,5.0,6,54410,M,4901524.0,597369.0,54
201300005979,13,1,15,915,1,2,3,4.0,3,54029,M,4937200.0,590700.0,54
201300005980,13,3,15,200,3,1,1,1.0,6,54491,M,4935140.0,591138.0,54
201300005981,13,5,16,1215,1,1,1,3.0,3,54069,M,4940120.0,592506.0,54
201300005982,13,5,30,1615,1,2,1,1.0,2,54029,M,4937494.0,590243.0,54
201300005983,13,8,2,1530,1,1,1,1.0,5,54337,M,4935265.0,586043.0,54
201300005984,13,10,27,1615,1,1,1,1.0,1,54394,M,4933600.0,581600.0,54
201300005985,13,11,5,1630,5,2,1,3.0,7,54533,M,4932900.0,593200.0,54
201300005986,13,12,22,915,1,2,1,1.0,6,54425,M,4931300.0,578900.0,54
201300005987,13,12,11,1745,3,1,2,5.0,3,54269,M,4860505.0,638362.0,54
201300005988,13,6,8,1730,1,1,1,1.0,1,54085,M,4845538.0,639486.0,54
201300005989,13,9,14,615,3,1,1,3.0,7,54331,M,4846047.0,655634.0,54
201300005990,13,4,14,1600,1,1,1,1.0,1,54040,M,4837900.0,693700.0,54
201300005991,13,6,8,1415,1,1,1,1.0,6,54040,M,4849434.0,692966.0,54
201300005992,13,10,11,330,5,2,1,8.0,6,54077,M,4858723.0,683896.0,54
201300005993,13,12,16,1100,1,1,1,1.0,2,54078,M,4857340.0,672939.0,54
201300005994,13,4,12,600,2,1,1,1.0,6,54038,M,4850000.0,668900.0,54
201300005995,13,7,20,1945,1,1,1,1.0,1,54039,M,4844400.0,675800.0,54
201300005996,13,7,25,815,1,2,1,1.0,3,54377,M,4851420.0,680712.0,54
201300005997,13,6,15,1215,1,1,1,8.0,1,54105,M,4857700.0,585061.0,54
201300005998,13,6,22,1600,1,1,1,1.0,2,54523,M,0.0,0.0,54
201300005999,13,7,19,1000,1,1,1,1.0,2,54288,M,4873065.0,586648.0,54
201300006000,13,7,21,1015,1,2,1,1.0,1,54080,M,4859948.0,583049.0,54
201300006001,13,7,22,715,1,1,1,1.0,5,54162,M,4865200.0,585200.0,54
201300006002,13,9,11,1745,1,1,1,3.0,1,54046,M,4853325.0,583997.0,54
201300006003,13,3,24,1445,1,1,1,8.0,6,54034,M,4876151.0,593871.0,54
201300006004,13,6,9,345,5,2,1,2.0,6,54318,M,0.0,0.0,54
201300006005,13,7,27,1630,1,1,1,7.0,1,54208,M,4873428.0,593722.0,54
201300006006,13,8,22,1600,1,1,1,1.0,4,54019,M,4882106.0,583465.0,54
201300006007,13,1,24,1915,5,2,1,1.0,3,55049,M,0.0,0.0,55
201300006008,13,4,14,1630,1,1,1,1.0,6,55541,M,4881965.0,516885.0,55
201300006009,13,5,1,1730,1,2,1,2.0,6,55125,M,4880600.0,496000.0,55
201300006010,13,6,2,1830,1,1,1,1.0,7,55378,M,0.0,0.0,55
201300006011,13,9,17,1245,1,2,1,1.0,6,55123,M,0.0,0.0,55
201300006012,13,10,21,1900,5,2,3,1.0,3,55427,M,4882474.0,498585.0,55
201300006013,13,3,18,545,3,1,1,9.0,6,55326,M,0.0,0.0,55
201300006014,13,3,24,1700,1,1,1,1.0,7,55010,M,4863700.0,495100.0,55
201300006015,13,4,1,2100,3,1,1,1.0,6,55015,M,0.0,0.0,55
201300006016,13,4,23,1530,1,1,1,1.0,6,55010,M,4864100.0,504700.0,55
201300006017,13,5,4,1600,1,1,1,1.0,6,55291,M,0.0,0.0,55
201300006018,13,7,10,1500,1,2,1,1.0,1,55519,M,4872500.0,528600.0,55
201300006019,13,5,5,600,2,2,1,5.0,6,55288,M,4879532.0,554037.0,55
201300006020,13,7,6,1115,1,2,1,1.0,6,55122,M,0.0,0.0,55
201300006021,13,7,4,715,1,2,1,1.0,1,55184,M,0.0,0.0,55
201300006022,13,7,21,300,3,1,1,1.0,6,55288,M,0.0,0.0,55
201300006023,13,3,1,1430,1,2,9,1.0,3,55274,M,4896500.0,558000.0,55
201300006024,13,4,6,2300,3,1,1,1.0,6,55301,M,4891700.0,531300.0,55
201300006025,13,5,7,1845,1,2,3,1.0,6,55404,M,4889966.0,532976.0,55
201300006026,13,5,5,1815,1,1,1,1.0,3,55012,M,4882300.0,566400.0,55
201300006027,13,10,9,1800,1,1,1,1.0,1,55463,M,4888600.0,556800.0,55
201300006028,13,3,5,800,1,1,1,7.0,1,55330,M,4867401.0,549434.0,55
201300006029,13,8,24,30,3,1,1,1.0,1,55215,M,0.0,0.0,55
201300006030,13,9,19,715,1,1,1,1.0,3,55398,M,0.0,0.0,55
201300006031,13,9,22,1100,1,2,1,1.0,1,55148,M,0.0,0.0,55
201300006032,13,10,7,1915,2,1,6,1.0,3,55573,M,0.0,0.0,55
201300006033,13,5,4,1615,1,1,1,1.0,7,55188,M,0.0,0.0,55
201300006034,13,5,26,400,3,1,1,1.0,6,55546,M,4952287.0,539675.0,55
201300006035,13,7,19,1615,1,2,1,1.0,6,55510,M,4952650.0,534914.0,55
201300006036,13,2,28,1615,1,1,1,1.0,6,55124,M,4928919.0,530057.0,55
201300006037,13,8,8,2015,1,1,1,1.0,1,55206,M,4928536.0,527114.0,55
201300006038,13,5,21,45,3,1,1,1.0,6,55204,M,4904961.0,543487.0,55
201300006039,13,6,8,1000,1,1,1,1.0,2,55102,M,4920700.0,533600.0,55
201300006040,13,7,6,1230,1,2,1,1.0,6,55200,M,0.0,0.0,55
201300006041,13,8,26,915,1,2,3,1.0,3,55154,M,0.0,0.0,55
201300006042,13,11,27,1615,1,1,1,7.0,6,55482,M,0.0,0.0,55
201300006043,13,1,8,1730,3,1,1,2.0,6,55361,M,4916132.0,548722.0,55
201300006044,13,4,26,1815,1,1,1,3.0,6,55325,M,4924832.0,552705.0,55
201300006045,13,6,17,1745,1,2,1,1.0,6,55181,M,0.0,0.0,55
201300006046,13,10,5,1130,1,1,1,2.0,5,55171,M,4917400.0,545600.0,55
201300006047,13,11,9,815,1,1,1,1.0,6,55473,M,4907823.0,564032.0,55
201300006048,13,12,1,1800,3,1,1,8.0,4,55181,M,4924720.0,566765.0,55
201300006049,13,3,11,1530,1,2,7,8.0,6,88134,M,4813978.0,647530.0,88
201300006050,13,3,30,845,1,1,1,1.0,1,88253,M,,,88
201300006051,13,4,13,1200,1,2,1,1.0,2,88178,M,4817842.0,638666.0,88
201300006052,13,5,8,800,1,1,1,1.0,6,88160,M,4819173.0,647715.0,88
201300006053,13,9,16,1900,1,2,1,3.0,1,88133,M,4824288.0,650350.0,88
201300006054,13,11,4,1300,1,1,1,2.0,1,88253,M,4819781.0,647493.0,88
201300006055,13,11,12,1645,2,1,1,1.0,6,88132,M,4820227.0,669425.0,88
201300006056,13,12,20,1730,3,1,1,8.0,3,88253,M,4819205.0,648887.0,88
201300006057,13,1,3,1145,1,1,1,2.0,1,88131,M,4816794.0,665561.0,88
201300006058,13,1,27,1445,1,1,1,2.0,6,88101,M,4814641.0,661133.0,88
201300006059,13,1,31,1745,4,2,1,3.0,6,88078,M,4820688.0,671641.0,88
201300006060,13,2,27,530,3,1,1,1.0,7,88216,M,4824989.0,666684.0,88
201300006061,13,5,18,1845,1,1,3,1.0,3,88145,M,4824433.0,675122.0,88
201300006062,13,5,24,1615,1,1,3,1.0,1,88131,M,4816451.0,664241.0,88
201300006063,13,9,15,2230,3,1,1,8.0,6,88263,M,4814056.0,669123.0,88
201300006064,13,10,4,2045,5,2,9,2.0,6,88078,M,4820270.0,672294.0,88
201300006065,13,11,21,1745,5,2,1,4.0,3,88078,M,4820541.0,671719.0,88
201300006066,13,12,20,930,2,1,1,8.0,6,88175,M,4822225.0,658664.0,88
201300006067,13,12,26,1700,2,1,1,8.0,6,88076,M,4822827.0,672589.0,88
201300006068,13,1,9,1800,5,2,1,1.0,6,88090,M,4837036.0,693066.0,88
201300006069,13,1,26,600,3,1,1,1.0,6,88513,M,4833709.0,631778.0,88
201300006070,13,6,6,1415,1,1,4,1.0,1,88173,M,4836240.0,626322.0,88
201300006071,13,6,9,1715,1,1,2,1.0,3,88073,M,4834725.0,627709.0,88
201300006072,13,7,15,1515,1,2,1,1.0,7,88090,M,4838212.0,629267.0,88
201300006073,13,10,4,2000,5,1,3,2.0,3,88513,M,4834167.0,633333.0,88
201300006074,13,12,13,800,2,1,1,9.0,1,88090,M,4838727.0,628769.0,88
201300006075,13,3,3,1615,1,1,1,1.0,1,88289,M,4813300.0,585000.0,88
201300006076,13,4,21,15,3,2,1,1.0,6,88061,M,4806229.0,596484.0,88
201300006077,13,4,23,815,1,1,1,1.0,1,88421,M,4800255.0,588888.0,88
201300006078,13,5,2,830,1,1,1,5.0,1,88258,M,4808073.0,580321.0,88
201300006079,13,5,23,1715,1,1,1,1.0,3,88517,M,4812064.0,594919.0,88
201300006080,13,7,10,945,1,2,1,7.0,3,88238,M,4805953.0,611129.0,88
201300006081,13,9,2,1515,1,1,1,1.0,6,88061,M,4806040.0,596178.0,88
201300006082,13,9,25,1800,1,1,1,1.0,7,88065,M,4809577.0,605991.0,88
201300006083,13,12,11,900,1,1,1,9.0,7,88291,M,4798099.0,599361.0,88
201300006084,13,3,25,1130,1,1,1,8.0,6,88021,M,4831312.0,668238.0,88
201300006085,13,6,18,2230,5,2,1,1.0,3,88367,M,4833282.0,663686.0,88
201300006086,13,7,6,1900,1,1,1,1.0,6,88367,M,4834620.0,662184.0,88
201300006087,13,7,24,2215,5,2,1,1.0,7,88318,M,4835151.0,654091.0,88
201300006088,13,12,19,1530,1,1,1,2.0,6,88410,M,4838921.0,673935.0,88
201300006089,13,1,24,1015,1,2,1,8.0,3,88465,M,4825172.0,641965.0,88
201300006090,13,2,13,1430,1,2,1,1.0,6,88465,M,4825337.0,641720.0,88
201300006091,13,3,7,1615,1,1,1,1.0,5,88454,M,4824500.0,652500.0,88
201300006092,13,4,15,1615,1,2,1,1.0,6,88094,M,4831431.0,639973.0,88
201300006093,13,5,17,1515,1,2,1,1.0,2,88099,M,4822369.0,643561.0,88
201300006094,13,5,18,1400,1,2,1,1.0,2,88099,M,4823030.0,643652.0,88
201300006095,13,5,18,1245,1,1,1,1.0,1,88465,M,4824843.0,642248.0,88
201300006096,13,6,21,1445,1,1,1,1.0,6,88204,M,4824399.0,644515.0,88
201300006097,13,7,11,930,1,2,1,1.0,3,88465,M,4824911.0,642193.0,88
201300006098,13,6,16,815,1,1,1,1.0,1,88465,M,4825334.0,641128.0,88
201300006099,13,7,30,1600,1,2,1,1.0,1,88204,M,4825574.0,643486.0,88
201300006100,13,8,14,1345,1,1,1,1.0,1,88190,M,4830281.0,638217.0,88
201300006101,13,8,17,1330,1,1,1,7.0,7,88454,M,4826431.0,654819.0,88
201300006102,13,8,20,1545,1,1,2,1.0,1,88094,M,4830271.0,638361.0,88
201300006103,13,11,9,1415,1,1,1,1.0,6,88465,M,4827723.0,644157.0,88
201300006104,13,12,1,930,1,2,1,7.0,6,88327,M,4830593.0,638665.0,88
201300006105,13,7,31,2300,3,1,1,1.0,7,88225,M,4806834.0,648335.0,88
201300006106,13,9,25,1530,1,2,1,1.0,3,88225,M,0.0,0.0,88
201300006107,13,4,14,1900,1,1,1,1.0,3,88150,M,4833474.0,589524.0,88
201300006108,13,4,25,1500,1,2,2,1.0,3,88460,M,4840115.0,573107.0,88
201300006109,13,6,6,2000,1,1,3,7.0,6,88401,M,4830206.0,576718.0,88
201300006110,13,6,16,600,1,1,1,1.0,6,88321,M,4834972.0,567630.0,88
201300006111,13,7,5,1200,1,1,1,1.0,1,88137,M,4834399.0,581293.0,88
201300006112,13,7,7,1200,1,1,1,6.0,6,88270,M,4830535.0,555738.0,88
201300006113,13,7,12,730,1,1,1,1.0,1,88363,M,4846231.0,581722.0,88
201300006114,13,7,21,2215,5,2,1,1.0,6,88270,M,4831739.0,559629.0,88
201300006115,13,8,7,1615,1,2,9,1.0,6,88270,M,4832239.0,557590.0,88
201300006116,13,8,14,1400,1,2,1,1.0,1,88321,M,4837057.0,569779.0,88
201300006117,13,10,8,1730,1,1,1,1.0,7,88366,M,4836314.0,590224.0,88
201300006118,13,11,25,1315,1,1,1,1.0,3,88206,M,4830297.0,591385.0,88
201300006119,13,12,17,900,1,1,1,7.0,6,88118,M,4842199.0,568350.0,88
201300006120,13,12,21,1800,5,2,1,1.0,3,88321,M,4836056.0,569411.0,88
201300006121,13,1,23,500,3,1,1,5.0,6,88155,M,4830412.0,607383.0,88
201300006122,13,2,4,1845,3,1,1,1.0,1,88389,M,4834152.0,598838.0,88
201300006123,13,3,2,2000,3,1,1,1.0,2,88155,M,4830430.0,608069.0,88
201300006124,13,7,14,1715,1,2,3,1.0,1,88334,M,4833573.0,602429.0,88
201300006125,13,7,22,2245,3,1,1,1.0,7,88357,M,4833231.0,612212.0,88
201300006126,13,8,15,1345,1,1,1,1.0,5,88237,M,4823048.0,629856.0,88
201300006127,13,8,31,1800,1,2,2,1.0,1,88058,M,4832275.0,595362.0,88
201300006128,13,9,15,15,3,1,1,3.0,7,88129,M,4825219.0,624929.0,88
201300006129,13,10,14,730,2,2,1,1.0,6,88304,M,4829727.0,613373.0,88
201300006130,13,10,19,1245,1,2,1,1.0,3,88304,M,4830151.0,614434.0,88
201300006131,13,11,8,1630,2,1,1,3.0,1,88499,M,4826983.0,615856.0,88
201300006132,13,11,12,1145,1,1,1,1.0,3,88055,M,4830492.0,632464.0,88
201300006133,13,1,2,900,1,2,2,1.0,3,88516,M,4820964.0,595079.0,88
201300006134,13,3,1,145,3,2,1,1.0,6,88430,M,4818520.0,576923.0,88
201300006135,13,10,5,1330,1,1,1,3.0,1,88516,M,4819162.0,593230.0,88
201300006136,13,12,13,1615,2,1,6,5.0,3,88114,M,4818884.0,588290.0,88
201300006137,13,6,15,1500,1,1,1,1.0,3,88158,M,4810208.0,659916.0,88
201300006138,13,10,3,1315,1,1,1,1.0,3,88148,M,4800420.0,663321.0,88
201300006139,13,12,18,2130,5,2,1,1.0,6,88011,M,4811872.0,652799.0,88
201300006140,13,2,27,1830,5,1,1,1.0,1,88470,M,4808433.0,676966.0,88
201300006141,13,4,24,1415,1,1,4,1.0,6,88075,M,4801941.0,689007.0,88
201300006142,13,6,23,1645,1,1,1,1.0,1,88075,M,4800366.0,693650.0,88
201300006143,13,7,9,1845,1,2,1,1.0,6,88116,M,4796353.0,683531.0,88
201300006144,13,7,21,2300,1,1,1,1.0,1,88075,M,4799805.0,684952.0,88
201300006145,13,8,10,430,3,1,1,8.0,6,88109,M,4805701.0,666911.0,88
201300006146,13,12,16,1530,1,1,1,1.0,3,88447,M,4795577.0,674425.0,88
201300006147,13,4,6,1345,1,1,1,1.0,7,88426,M,4784165.0,683522.0,88
201300006148,13,11,1,15,5,2,1,1.0,6,88468,M,4787628.0,676452.0,88
201300006149,13,11,16,545,3,1,6,5.0,6,88408,M,4790942.0,669425.0,88
201300006150,13,11,16,2200,5,2,1,1.0,6,88302,M,4789786.0,678780.0,88
201300006151,13,11,19,1315,1,2,9,3.0,1,88468,M,4788083.0,676317.0,88
201300006152,13,5,14,445,3,1,1,1.0,1,88361,M,4830242.0,707536.0,88
201300006153,13,8,30,1100,1,1,1,1.0,1,88445,M,4825244.0,695818.0,88
201300006154,13,9,20,1500,1,2,3,1.0,1,88445,M,4823789.0,696539.0,88
201300006155,13,1,11,1715,3,1,1,2.0,1,88181,M,4817814.0,693066.0,88
201300006156,13,2,21,2130,5,2,1,1.0,6,88218,M,4814147.0,679712.0,88
201300006157,13,3,24,1015,1,2,1,1.0,1,88106,M,4817765.0,697594.0,88
201300006158,13,3,30,1045,1,1,1,1.0,1,88009,M,4818030.0,693707.0,88
201300006159,13,5,8,615,1,1,1,1.0,6,88284,M,4822220.0,698287.0,88
201300006160,13,6,9,715,2,1,3,8.0,6,88505,M,4817587.0,683155.0,88
201300006161,13,6,15,1430,1,1,1,1.0,4,88181,M,4818013.0,702387.0,88
201300006162,13,8,1,730,1,1,3,1.0,3,88106,M,4818355.0,697335.0,88
201300006163,13,9,9,645,1,2,1,1.0,4,88009,M,4820361.0,694444.0,88
201300006164,13,9,13,730,1,1,1,1.0,6,88198,M,4810656.0,691025.0,88
201300006165,13,10,29,1800,5,2,1,1.0,1,88423,M,4822216.0,696526.0,88
201300006166,13,10,30,815,1,2,1,7.0,6,88009,M,4818548.0,694865.0,88
201300006167,13,11,29,45,3,2,1,1.0,4,88018,M,4816968.0,677514.0,88
201300006168,13,12,28,1845,5,2,1,2.0,1,88115,M,4816989.0,688521.0,88
201300006169,13,2,16,1145,1,2,2,1.0,3,88196,M,0.0,0.0,88
201300006170,13,9,21,1445,1,1,4,1.0,3,88196,M,4807300.0,683939.0,88
201300006171,13,2,13,15,3,1,1,1.0,6,88165,M,4836115.0,682043.0,88
201300006172,13,4,18,800,1,2,1,1.0,2,88451,M,4838953.0,695533.0,88
201300006173,13,4,27,2115,5,2,1,2.0,6,88165,M,4836461.0,686778.0,88
201300006174,13,5,17,1000,1,1,1,2.0,7,88435,M,4834992.0,683213.0,88
201300006175,13,6,5,1500,1,1,3,1.0,3,88435,M,4835352.0,683364.0,88
201300006176,13,6,23,1145,1,1,1,1.0,6,88053,M,4840817.0,706840.0,88
201300006177,13,8,29,1830,1,2,1,7.0,1,88451,M,4840334.0,698741.0,88
201300006178,13,9,5,1600,1,2,1,1.0,3,88372,M,4840765.0,685908.0,88
201300006179,13,9,3,1745,1,2,8,7.0,6,88451,M,4839568.0,698066.0,88
201300006180,13,9,22,245,5,2,1,8.0,6,88372,M,4841009.0,685282.0,88
201300006181,13,9,27,1700,1,1,1,1.0,1,88053,M,4840998.0,704759.0,88
201300006182,13,12,17,1730,1,1,1,1.0,1,88372,M,4839901.0,685476.0,88
201300006183,13,1,22,1745,5,2,6,8.0,1,67028,M,0.0,0.0,67
201300006184,13,3,8,1930,3,1,1,2.0,6,67246,M,4833400.0,756100.0,67
201300006185,13,6,23,1715,2,2,1,1.0,3,67028,M,4837500.0,759200.0,67
201300006186,13,6,27,1630,1,2,3,1.0,3,67028,M,4837500.0,759100.0,67
201300006187,13,7,29,115,3,1,1,2.0,6,67090,M,0.0,0.0,67
201300006188,13,8,1,1045,1,2,1,7.0,6,67216,M,0.0,0.0,67
201300006189,13,9,17,2015,5,1,1,3.0,2,67216,M,0.0,0.0,67
201300006190,13,10,10,815,2,1,1,3.0,1,67028,M,4836700.0,761100.0,67
201300006191,13,10,16,1300,1,1,1,1.0,6,67055,M,4834100.0,766500.0,67
201300006192,13,10,26,715,3,2,1,1.0,3,67028,M,0.0,0.0,67
201300006193,13,11,22,1715,3,1,1,9.0,6,67146,M,4831700.0,769100.0,67
201300006194,13,12,11,1530,3,1,1,5.0,5,67192,M,4836100.0,761900.0,67
201300006195,13,12,17,2200,3,2,1,1.0,6,67216,M,4836700.0,757800.0,67
201300006196,13,7,14,530,2,2,1,1.0,6,67131,M,4848500.0,771200.0,67
201300006197,13,8,5,1830,1,2,1,7.0,1,67268,M,4849600.0,766800.0,67
201300006198,13,8,14,1730,1,2,9,1.0,1,67137,M,4849300.0,768300.0,67
201300006199,13,1,25,630,2,2,1,1.0,6,67130,M,0.0,0.0,67
201300006200,13,2,7,745,1,2,1,8.0,6,67130,M,0.0,0.0,67
201300006201,13,2,26,915,2,1,1,9.0,2,67130,M,0.0,0.0,67
201300006202,13,3,10,1100,1,1,1,2.0,6,67526,M,0.0,0.0,67
201300006203,13,3,28,2000,3,1,1,1.0,6,67197,M,0.0,0.0,67
201300006204,13,5,4,1645,1,1,1,2.0,7,67438,M,0.0,0.0,67
201300006205,13,5,18,1630,1,1,1,1.0,3,67130,M,0.0,0.0,67
201300006206,13,5,27,1030,1,2,1,1.0,7,67200,M,0.0,0.0,67
201300006207,13,6,18,915,1,1,1,1.0,4,67217,M,0.0,0.0,67
201300006208,13,7,8,2015,1,1,1,1.0,7,67154,M,0.0,0.0,67
201300006209,13,8,2,1900,1,2,1,1.0,1,67130,M,0.0,0.0,67
201300006210,13,8,21,745,1,1,1,1.0,3,67438,M,0.0,0.0,67
201300006211,13,9,17,1000,1,1,2,1.0,3,67217,M,0.0,0.0,67
201300006212,13,4,23,1715,1,1,1,1.0,3,67286,M,0.0,0.0,67
201300006213,13,5,24,745,1,2,1,1.0,6,67348,M,0.0,0.0,67
201300006214,13,9,1,1600,1,1,1,1.0,6,67286,M,0.0,0.0,67
201300006215,13,11,22,2315,5,2,1,1.0,6,67504,M,0.0,0.0,67
201300006216,13,12,16,1230,1,1,1,1.0,6,67286,M,4844200.0,754600.0,67
201300006217,13,1,8,1800,3,1,1,2.0,5,67523,M,0.0,0.0,67
201300006218,13,4,26,1845,1,1,1,3.0,3,67203,M,0.0,0.0,67
201300006219,13,5,7,2315,5,2,6,1.0,7,67458,M,0.0,0.0,67
201300006220,13,8,1,800,1,1,1,1.0,1,67523,M,0.0,0.0,67
201300006221,13,8,1,1030,1,2,2,1.0,3,67230,M,0.0,0.0,67