Num_Acc,an,mois,jour,hrmn,lum,agg,int,atm,col,com,gps,lat,long,dep
201300006222,13,10,29,830,3,1,1,1.0,2,67458,M,0.0,0.0,67
201300006223,13,4,6,1015,1,1,1,1.0,6,67046,M,0.0,0.0,67
201300006224,13,4,27,2215,5,2,9,2.0,2,67046,M,0.0,0.0,67
201300006225,13,5,10,1715,1,2,3,1.0,3,67046,M,4877000.0,786500.0,67
201300006226,13,5,23,400,5,2,1,1.0,7,67449,M,0.0,0.0,67
201300006227,13,7,11,1045,1,1,6,1.0,3,67169,M,0.0,0.0,67
201300006228,13,10,4,1845,3,1,1,1.0,1,67450,M,0.0,0.0,67
201300006229,13,2,26,730,1,2,1,1.0,6,67473,M,0.0,0.0,67
201300006230,13,5,21,1700,1,2,1,1.0,3,67300,M,0.0,0.0,67
201300006231,13,7,12,1615,1,2,1,7.0,3,67313,M,0.0,0.0,67
201300006232,13,8,1,1645,1,1,1,1.0,3,67101,M,0.0,0.0,67
201300006233,13,8,15,1630,1,2,1,1.0,6,67112,M,0.0,0.0,67
201300006234,13,8,21,1030,1,2,6,2.0,3,67300,M,0.0,0.0,67
201300006235,13,8,23,800,1,2,1,1.0,6,67300,M,4854500.0,748900.0,67
201300006236,13,9,3,1430,1,2,1,7.0,1,67300,M,4854500.0,749000.0,67
201300006237,13,9,25,2100,4,1,1,1.0,6,67080,M,0.0,0.0,67
201300006238,13,12,17,1730,3,1,1,1.0,4,67168,M,0.0,0.0,67
201300006239,13,1,15,1300,1,2,1,8.0,6,67411,M,4850000.0,746000.0,67
201300006240,13,4,18,1530,1,1,1,1.0,1,67045,M,0.0,0.0,67
201300006241,13,5,9,1745,1,1,1,1.0,6,67411,M,0.0,0.0,67
201300006242,13,7,23,1230,1,1,1,1.0,1,67411,M,4851200.0,749900.0,67
201300006243,13,4,28,1545,1,1,1,1.0,1,67377,M,0.0,0.0,67
201300006244,13,8,26,1845,1,1,1,1.0,1,67520,M,4863400.0,747300.0,67
201300006245,13,9,2,1030,1,1,1,1.0,3,67122,M,4863400.0,733500.0,67
201300006246,13,9,29,1315,1,1,1,1.0,5,67018,M,4858600.0,742600.0,67
201300006247,13,9,30,1630,1,1,1,1.0,6,67442,M,4860100.0,751500.0,67
201300006248,13,3,8,1315,1,1,1,1.0,6,67352,M,0.0,0.0,67
201300006249,13,6,2,1300,1,1,1,1.0,1,67061,M,0.0,0.0,67
201300006250,13,8,23,1330,1,1,1,1.0,6,67322,M,0.0,0.0,67
201300006251,13,10,22,215,5,1,6,1.0,6,67469,M,0.0,0.0,67
201300006252,13,12,16,1630,2,2,1,1.0,6,67061,M,0.0,0.0,67
201300006253,13,3,6,1615,1,2,1,1.0,6,67437,M,0.0,0.0,67
201300006254,13,4,17,1800,1,1,1,1.0,1,67437,M,0.0,0.0,67
201300006255,13,5,3,1630,1,1,1,2.0,1,67478,M,0.0,0.0,67
201300006256,13,6,17,2045,1,1,1,1.0,7,67089,M,0.0,0.0,67
201300006257,13,6,19,1345,1,1,1,1.0,5,67078,M,0.0,0.0,67
201300006258,13,6,29,1000,1,1,1,1.0,6,67275,M,0.0,0.0,67
201300006259,13,7,12,1330,1,1,1,1.0,3,67437,M,0.0,0.0,67
201300006260,13,9,2,1200,1,1,1,1.0,3,67367,M,0.0,0.0,67
201300006261,13,11,17,1100,1,2,1,8.0,6,67437,M,4874400.0,736900.0,67
201300006262,13,12,22,1045,1,1,1,2.0,1,67437,M,0.0,0.0,67
201300006263,13,2,11,1045,1,1,1,4.0,3,67488,M,0.0,0.0,67
201300006264,13,3,1,2000,3,1,1,1.0,6,67456,M,0.0,0.0,67
201300006265,13,3,12,915,1,1,1,8.0,6,67183,M,4892300.0,703100.0,67
201300006266,13,4,11,1815,1,1,1,2.0,6,67434,M,4881000.0,711200.0,67
201300006267,13,5,5,1315,1,1,1,7.0,7,67371,M,4885400.0,731800.0,67
201300006268,13,5,12,1915,1,1,1,1.0,1,67191,M,4904700.0,708900.0,67
201300006269,13,6,17,1615,1,2,1,7.0,3,67095,M,0.0,0.0,67
201300006270,13,7,21,115,5,2,1,1.0,7,67483,M,4889400.0,725600.0,67
201300006271,13,9,21,2000,3,2,1,1.0,6,67524,M,0.0,0.0,67
201300006272,13,10,3,1845,1,2,1,1.0,6,67105,M,0.0,0.0,67
201300006273,13,11,25,700,2,1,1,1.0,6,67234,M,0.0,0.0,67
201300006274,13,2,25,745,1,1,1,4.0,7,67298,M,0.0,0.0,67
201300006275,13,3,5,2130,5,2,1,1.0,5,67067,M,4872900.0,770900.0,67
201300006276,13,5,15,1200,1,2,1,1.0,3,67067,M,0.0,0.0,67
201300006277,13,6,2,1030,1,2,1,1.0,6,67067,M,0.0,0.0,67
201300006278,13,6,26,1800,1,2,1,1.0,1,67067,M,0.0,0.0,67
201300006279,13,7,16,1400,1,2,1,1.0,2,67067,M,4873400.0,771300.0,67
201300006280,13,8,11,1945,1,1,1,1.0,3,67039,M,4871000.0,766000.0,67
201300006281,13,11,30,800,1,2,1,5.0,6,67067,M,4872800.0,771000.0,67
201300006282,13,3,7,730,1,1,9,1.0,6,67548,M,4864400.0,760800.0,67
201300006283,13,3,28,1745,1,1,1,1.0,6,67460,M,4877100.0,759400.0,67
201300006284,13,4,16,630,1,1,1,1.0,1,67225,M,4880800.0,753400.0,67
201300006285,13,4,17,1415,1,1,1,1.0,6,67548,M,4863900.0,759400.0,67
201300006286,13,5,13,745,1,1,1,1.0,6,67363,M,4859000.0,756200.0,67
201300006287,13,8,5,1100,1,2,8,1.0,7,67460,M,0.0,0.0,67
201300006288,13,8,13,1930,1,2,1,1.0,1,67495,M,0.0,0.0,67
201300006289,13,9,7,2245,3,1,1,1.0,2,67374,M,4867100.0,763700.0,67
201300006290,13,9,21,1400,1,1,1,1.0,6,67375,M,4865000.0,767800.0,67
201300006291,13,12,19,830,1,1,1,8.0,6,67382,M,0.0,0.0,67
201300006292,13,12,22,215,3,1,1,1.0,7,67495,M,0.0,0.0,67
201300006293,13,4,1,2130,4,2,1,1.0,3,67151,M,4869300.0,787400.0,67
201300006294,13,7,17,1445,1,1,1,1.0,1,67205,M,4868800.0,778000.0,67
201300006295,13,7,25,1500,1,1,1,1.0,1,67519,M,4864600.0,778700.0,67
201300006296,13,2,1,1415,1,1,1,2.0,1,67065,M,0.0,0.0,67
201300006297,13,3,28,1145,1,1,1,1.0,1,67226,M,0.0,0.0,67
201300006298,13,4,27,615,2,2,1,2.0,1,67118,M,0.0,0.0,67
201300006299,13,5,9,1800,1,1,1,1.0,2,67226,M,0.0,0.0,67
201300006300,13,5,27,1030,1,2,1,1.0,3,67001,M,0.0,0.0,67
201300006301,13,6,29,1600,1,2,9,1.0,3,67551,M,4859100.0,766700.0,67
201300006302,13,8,12,915,1,2,1,1.0,6,67226,M,0.0,0.0,67
201300006303,13,9,2,2115,3,1,1,1.0,6,67182,M,4855900.0,762900.0,67
201300006304,13,9,15,830,1,2,9,2.0,6,67226,M,0.0,0.0,67
201300006305,13,10,7,730,2,2,6,1.0,1,67551,M,0.0,0.0,67
201300006306,13,10,18,1200,1,1,1,1.0,5,67118,M,0.0,0.0,67
201300006307,13,1,2,815,1,1,1,1.0,1,67020,M,0.0,0.0,67
201300006308,13,2,15,745,2,1,1,4.0,6,67115,M,4831600.0,749500.0,67
201300006309,13,2,25,830,1,1,1,8.0,1,67239,M,4828100.0,734900.0,67
201300006310,13,5,12,1030,1,1,1,8.0,3,67239,M,4828600.0,736200.0,67
201300006311,13,7,12,815,1,1,1,1.0,3,67115,M,4830200.0,749300.0,67
201300006312,13,7,13,1945,1,1,3,1.0,3,67115,M,4831700.0,750700.0,67
201300006313,13,9,2,300,3,1,1,1.0,7,67317,M,4831700.0,735200.0,67
201300006314,13,4,15,1900,1,1,1,1.0,6,67021,M,0.0,0.0,67
201300006315,13,6,20,1945,1,1,2,1.0,3,67481,M,0.0,0.0,67
201300006316,13,7,21,545,2,1,1,1.0,6,67481,M,4838700.0,752900.0,67
201300006317,13,8,21,930,1,1,1,1.0,1,67227,M,0.0,0.0,67
201300006318,13,9,1,515,3,1,1,1.0,7,67010,M,4839700.0,740900.0,67
201300006319,13,9,20,1330,1,1,1,1.0,1,67084,M,4831600.0,747200.0,67
201300006320,13,1,17,1130,1,2,1,8.0,6,67547,M,0.0,0.0,67
201300006321,13,1,19,1445,1,1,1,8.0,6,67311,M,0.0,0.0,67
201300006322,13,2,28,2200,1,2,1,1.0,6,67196,M,0.0,0.0,67
201300006323,13,8,3,1445,1,2,1,1.0,6,67281,M,0.0,0.0,67
201300006324,13,8,11,1,5,1,1,1.0,2,67453,M,0.0,0.0,67
201300006325,13,9,16,1745,1,2,1,3.0,3,67281,M,0.0,0.0,67
201300006326,13,10,22,1515,1,1,2,1.0,3,67310,M,0.0,0.0,67
201300006327,13,12,1,1845,3,1,1,1.0,1,67277,M,0.0,0.0,67
201300006328,13,12,10,1615,1,1,1,1.0,6,67311,M,0.0,0.0,67
201300006329,13,3,5,1430,1,2,1,1.0,6,67544,M,0.0,0.0,67
201300006330,13,3,25,1730,1,1,1,1.0,7,67400,M,4900000.0,795500.0,67
201300006331,13,5,14,1300,1,2,1,1.0,1,67451,M,4899700.0,802699.0,67
201300006332,13,9,7,2245,3,1,1,1.0,6,67544,M,4901400.0,798000.0,67
201300006333,13,12,1,145,3,1,1,1.0,6,67074,M,0.0,0.0,67
201300006334,13,2,3,1515,1,2,1,1.0,3,67463,M,4890300.0,811100.0,67
201300006335,13,3,12,1645,1,1,1,4.0,1,67346,M,0.0,0.0,67
201300006336,13,10,25,815,1,1,1,1.0,1,67494,M,0.0,0.0,67
201300006337,13,10,22,15,3,1,1,1.0,7,67235,M,0.0,0.0,67
201300006338,13,10,26,1515,1,1,1,1.0,5,67327,M,0.0,0.0,67
201300006339,13,11,26,645,4,1,1,9.0,1,67025,M,0.0,0.0,67
201300006340,13,1,2,715,2,1,2,1.0,3,67474,M,4894900.0,789400.0,67
201300006341,13,1,12,1600,1,1,1,1.0,1,67184,M,4889300.0,798700.0,67
201300006342,13,2,23,1845,2,1,1,1.0,1,67487,M,4890800.0,786100.0,67
201300006343,13,7,1,1200,1,1,1,1.0,7,67474,M,4893700.0,788000.0,67
201300006344,13,9,22,1545,1,1,1,1.0,3,67213,M,0.0,0.0,67
201300006345,13,12,30,2345,3,1,1,5.0,6,67184,M,4891800.0,798300.0,67
201300006346,13,5,18,1400,1,1,1,1.0,3,67160,M,4896400.0,775600.0,67
201300006347,13,7,31,1700,1,1,1,1.0,3,67257,M,4895400.0,782700.0,67
201300006348,13,1,25,1000,1,1,9,1.0,1,68007,M,4806032.0,742480.0,68
201300006349,13,3,13,1515,1,2,1,1.0,1,68145,M,4808005.0,739825.0,68
201300006350,13,4,24,1515,1,1,1,1.0,6,68009,M,4810965.0,757025.0,68
201300006351,13,5,10,1445,1,2,3,1.0,1,68331,M,4804597.0,741506.0,68
201300006352,13,6,17,1645,1,1,4,1.0,1,68227,M,4810858.0,747367.0,68
201300006353,13,7,1,2145,2,2,2,1.0,1,68146,M,4812493.0,737828.0,68
201300006354,13,7,2,1930,1,1,2,1.0,3,68227,M,4810808.0,748291.0,68
201300006355,13,7,26,1045,1,1,1,1.0,5,68331,M,4804968.0,740435.0,68
201300006356,13,12,23,1500,5,2,1,1.0,1,68145,M,0.0,0.0,68
201300006357,13,1,22,745,2,2,1,1.0,6,68249,M,4812858.0,716734.0,68
201300006358,13,6,7,2100,2,2,2,1.0,2,68026,M,4814166.0,733094.0,68
201300006359,13,8,21,1830,1,2,1,1.0,3,68026,M,4815200.0,733400.0,68
201300006360,13,10,2,1600,1,1,6,7.0,3,68310,M,4813700.0,731900.0,68
201300006361,13,12,11,1730,1,1,1,4.0,7,68044,M,0.0,0.0,68
201300006362,13,1,20,2145,5,2,1,2.0,6,68368,M,4804657.0,720852.0,68
201300006363,13,3,23,2330,5,1,1,1.0,2,68368,M,4804615.0,720768.0,68
201300006364,13,4,15,1630,1,2,1,1.0,1,68368,M,4805304.0,720741.0,68
201300006365,13,7,7,1345,1,1,3,1.0,3,68329,M,4806069.0,708641.0,68
201300006366,13,9,1,945,1,1,1,1.0,1,68142,M,4806700.0,713700.0,68
201300006367,13,9,28,2200,3,2,1,1.0,6,68051,M,4802771.0,710151.0,68
201300006368,13,9,28,1630,1,1,1,1.0,3,68311,M,4799189.0,706965.0,68
201300006369,13,10,2,945,1,2,1,1.0,1,68117,M,0.0,0.0,68
201300006370,13,11,12,815,1,1,1,1.0,3,68117,M,4804700.0,716900.0,68
201300006371,13,12,4,1815,5,2,1,1.0,6,68226,M,4804500.0,713600.0,68
201300006372,13,1,30,800,1,1,1,8.0,1,68379,M,4803740.0,748200.0,68
201300006373,13,2,8,1619,1,1,1,1.0,6,68351,M,4801012.0,758460.0,68
201300006374,13,4,17,1945,1,2,4,1.0,1,68036,M,4804033.0,754741.0,68
201300006375,13,7,28,1800,1,2,4,8.0,3,68230,M,4794198.0,754373.0,68
201300006376,13,8,22,945,1,2,9,1.0,6,68189,M,4802001.0,740667.0,68
201300006377,13,9,3,1415,1,1,1,1.0,6,68069,M,4796127.0,749528.0,68
201300006378,13,10,16,1215,1,1,2,1.0,1,68036,M,4805600.0,755600.0,68
201300006379,13,10,17,1600,1,2,1,7.0,6,68231,M,4801700.0,753100.0,68
201300006380,13,10,20,230,3,1,1,1.0,6,68036,M,4805600.0,753700.0,68
201300006381,13,10,26,1700,1,2,1,1.0,3,68130,M,4797400.0,754700.0,68
201300006382,13,11,8,1715,3,1,1,2.0,3,68351,M,4801300.0,758800.0,68
201300006383,13,11,18,615,2,1,1,5.0,6,68069,M,4799700.0,750330.0,68
201300006384,13,12,16,1500,1,2,3,1.0,3,68352,M,4802100.0,753900.0,68
201300006385,13,12,21,1230,1,1,1,1.0,1,68036,M,0.0,0.0,68
201300006386,13,4,22,1830,1,1,3,1.0,3,68296,M,4821832.0,740084.0,68
201300006387,13,5,19,1715,1,1,1,2.0,6,68023,M,4816780.0,734923.0,68
201300006388,13,6,18,1630,1,1,1,7.0,1,68269,M,0.0,0.0,68
201300006389,13,7,6,1700,1,1,1,1.0,7,68269,M,4819265.0,722524.0,68
201300006390,13,7,20,1600,1,1,2,1.0,3,68280,M,4822552.0,736243.0,68
201300006391,13,9,3,1645,1,1,1,1.0,7,68147,M,4818100.0,732400.0,68
201300006392,13,3,3,1545,1,1,1,1.0,1,68298,M,4824772.0,715739.0,68
201300006393,13,2,27,715,1,2,1,1.0,7,68078,M,4804575.0,731035.0,68
201300006394,13,4,21,2215,5,2,2,1.0,1,68374,M,4806840.0,730975.0,68
201300006395,13,5,21,1200,1,2,6,1.0,3,68155,M,4809403.0,730678.0,68
201300006396,13,6,29,600,2,1,1,2.0,6,68161,M,4810972.0,229574.0,68
201300006397,13,7,3,1545,1,1,1,2.0,6,68155,M,4809666.0,731385.0,68
201300006398,13,8,30,1115,1,1,1,1.0,1,68338,M,4809233.0,723874.0,68
201300006399,13,9,3,1815,1,2,1,7.0,3,68338,M,4808384.0,725846.0,68
201300006400,13,10,15,1515,1,1,1,1.0,3,68374,M,4807855.0,731188.0,68
201300006401,13,12,3,2230,3,1,1,5.0,1,68155,M,0.0,0.0,68
201300006402,13,7,11,600,2,1,1,1.0,6,68133,M,4756948.0,729252.0,68
201300006403,13,8,10,1415,1,1,1,1.0,3,68333,M,4761767.0,731105.0,68
201300006404,13,9,21,1845,1,2,2,1.0,5,68222,M,0.0,0.0,68
201300006405,13,10,31,2315,5,2,1,1.0,6,68010,M,4763773.0,723359.0,68
201300006406,13,12,16,1415,1,1,1,1.0,1,68017,M,0.0,0.0,68
201300006407,13,1,27,300,5,2,1,1.0,6,68332,M,4765381.0,726535.0,68
201300006408,13,2,3,15,3,2,1,1.0,1,68099,M,4769258.0,727367.0,68
201300006409,13,3,31,15,5,2,1,2.0,3,68099,M,4768657.0,726623.0,68
201300006410,13,5,18,1845,1,1,1,1.0,7,68065,M,4764408.0,703669.0,68
201300006411,13,6,17,900,1,2,1,1.0,1,68319,M,4767190.0,722908.0,68
201300006412,13,10,26,1900,3,1,1,1.0,3,68245,M,4764200.0,730500.0,68
201300006413,13,12,6,1500,1,1,1,1.0,7,68268,M,4763900.0,709310.0,68
201300006414,13,5,8,1345,1,1,1,1.0,7,68049,M,4750566.0,733226.0,68
201300006415,13,5,18,1500,1,1,1,1.0,7,68165,M,4744071.0,732732.0,68
201300006416,13,5,20,2100,3,1,1,1.0,7,68330,M,4757948.0,712975.0,68
201300006417,13,6,19,945,1,2,1,1.0,2,68306,M,4753441.0,718034.0,68
201300006418,13,6,22,200,3,1,1,1.0,7,68340,M,4754508.0,715103.0,68
201300006419,13,6,30,1700,1,1,1,1.0,6,68259,M,4747118.0,734474.0,68
201300006420,13,7,28,130,5,2,1,8.0,6,68176,M,4755854.0,718670.0,68
201300006421,13,10,19,1500,1,1,1,1.0,1,68067,M,4747019.0,721090.0,68
201300006422,13,2,9,1915,5,2,1,4.0,6,68082,M,4786300.0,734100.0,68
201300006423,13,3,2,600,3,1,1,1.0,6,68082,M,4787500.0,737200.0,68
201300006424,13,4,5,845,1,1,1,1.0,1,68235,M,0.0,0.0,68
201300006425,13,6,9,1800,1,1,1,1.0,6,68082,M,4784923.0,732347.0,68
201300006426,13,6,16,1730,1,1,2,1.0,3,68281,M,4788861.0,744810.0,68
201300006427,13,6,20,1445,1,1,1,1.0,1,68281,M,4788820.0,745810.0,68
201300006428,13,6,28,1215,1,1,1,1.0,1,68205,M,4791345.0,735974.0,68
201300006429,13,8,17,1345,1,1,1,1.0,7,68041,M,4788800.0,754700.0,68
201300006430,13,8,20,1145,1,1,1,1.0,1,68205,M,4792247.0,735666.0,68
201300006431,13,8,23,1600,1,1,1,1.0,3,68082,M,4786825.0,733615.0,68
201300006432,13,9,19,1530,1,1,1,1.0,3,68082,M,4787663.0,738651.0,68
201300006433,13,9,29,1430,1,1,1,1.0,3,68091,M,0.0,0.0,68
201300006434,13,11,16,1815,3,1,1,1.0,5,68091,M,4791933.0,750483.0,68
201300006435,13,1,14,1730,5,1,1,1.0,4,68364,M,4795437.0,725557.0,68
201300006436,13,9,28,1200,1,2,1,1.0,1,68251,M,4799400.0,721400.0,68
201300006437,13,12,9,1945,3,1,1,9.0,7,68318,M,4796165.0,721277.0,68
201300006438,13,12,22,1000,1,1,1,8.0,6,68318,M,0.0,0.0,68
201300006439,13,3,15,815,1,1,1,1.0,1,68318,M,4795745.0,719967.0,68
201300006440,13,6,8,2015,1,1,1,1.0,1,68203,M,4791100.0,730200.0,68
201300006441,13,6,27,245,3,1,1,1.0,6,68381,M,4787400.0,718500.0,68
201300006442,13,6,30,1400,1,1,1,1.0,7,68203,M,4790727.0,729947.0,68
201300006443,13,3,15,1830,1,2,1,1.0,7,68154,M,0.0,0.0,68
201300006444,13,2,10,1515,1,2,1,1.0,1,68267,M,4775600.0,723800.0,68
201300006445,13,3,22,1200,1,2,1,1.0,2,68384,M,4769548.0,730373.0,68
201300006446,13,6,12,1430,1,2,2,1.0,3,68195,M,4776299.0,727947.0,68
201300006447,13,8,30,930,1,1,1,1.0,2,68267,M,4777400.0,724400.0,68
201300006448,13,10,11,1530,1,2,1,1.0,2,68195,M,4776300.0,728300.0,68
201300006449,13,12,20,45,5,2,1,3.0,1,68070,M,4772400.0,730000.0,68
201300006450,13,1,10,1330,1,2,3,1.0,3,68135,M,0.0,0.0,68
201300006451,13,5,2,1800,1,1,1,1.0,3,68208,M,0.0,0.0,68
201300006452,13,5,11,1730,1,1,1,1.0,7,68135,M,0.0,0.0,68
201300006453,13,6,9,1230,1,1,1,7.0,1,68135,M,4758143.0,753497.0,68
201300006454,13,8,13,200,3,1,1,1.0,6,68349,M,0.0,0.0,68
201300006455,13,8,25,2100,5,2,1,1.0,6,68126,M,0.0,0.0,68
201300006456,13,2,10,15,5,2,2,1.0,3,68324,M,4765704.0,734553.0,68
201300006457,13,3,6,1215,1,1,1,1.0,4,68072,M,4769725.0,742251.0,68
201300006458,13,6,10,130,5,2,1,3.0,6,68309,M,0.0,0.0,68
201300006459,13,10,30,2045,3,1,1,1.0,2,68021,M,4762961.0,748891.0,68
201300006460,13,11,9,915,1,1,1,1.0,4,68103,M,4770301.0,742297.0,68
201300006461,13,9,25,800,2,1,1,1.0,3,68334,M,0.0,0.0,68
201300006462,13,12,20,715,2,2,1,2.0,6,68040,M,0.0,0.0,68
201300006463,13,1,27,800,1,2,1,1.0,6,68342,M,4782124.0,717814.0,68
201300006464,13,3,10,2115,3,1,1,1.0,1,68063,M,4780239.0,719017.0,68
201300006465,13,6,7,1730,1,2,1,1.0,6,68063,M,4780657.0,717407.0,68
201300006466,13,6,9,1500,1,2,3,1.0,3,68342,M,4781737.0,717910.0,68
201300006467,13,7,2,800,1,2,1,1.0,6,68063,M,4880778.0,717209.0,68
201300006468,13,7,30,1645,1,1,1,1.0,1,68063,M,4780460.0,719218.0,68
201300006469,13,8,8,830,1,2,1,1.0,1,68063,M,4780878.0,717221.0,68
201300006470,13,8,11,1530,1,1,1,7.0,1,68342,M,4781680.0,719252.0,68
201300006471,13,10,24,900,1,2,1,1.0,6,68063,M,4780650.0,717408.0,68
201300006472,13,9,4,1500,1,1,1,1.0,7,68247,M,4795705.0,700441.0,68
201300006473,13,9,28,1600,1,1,1,1.0,6,68370,M,4798689.0,696564.0,68
201300006474,13,6,21,1445,1,2,1,1.0,1,68060,M,4773976.0,714641.0,68
201300006475,13,7,5,1530,1,2,1,1.0,3,68307,M,4780774.0,691549.0,68
201300006476,13,9,27,1815,1,1,1,1.0,6,68073,M,4781200.0,691900.0,68
201300006477,13,10,29,1300,1,1,1,1.0,5,68313,M,4772400.0,710900.0,68
201300006478,13,11,21,815,1,1,1,4.0,6,68302,M,4775500.0,715400.0,68
201300006479,13,1,21,2000,3,1,1,1.0,1,51617,M,0.0,0.0,51
201300006480,13,3,3,1215,1,1,2,1.0,3,51193,M,0.0,0.0,51
201300006481,13,5,19,1200,1,1,1,2.0,6,51566,M,0.0,0.0,51
201300006482,13,5,25,1315,1,1,1,1.0,6,51146,M,0.0,0.0,51
201300006483,13,6,8,1840,1,2,1,1.0,6,51179,M,0.0,0.0,51
201300006484,13,6,20,1700,1,1,1,8.0,7,51371,M,0.0,0.0,51
201300006485,13,6,28,2230,3,1,1,3.0,1,51231,M,0.0,0.0,51
201300006486,13,7,30,2345,3,1,1,1.0,6,51278,M,0.0,0.0,51
201300006487,13,8,9,2345,5,1,2,1.0,3,51617,M,0.0,0.0,51
201300006488,13,9,1,1515,1,1,2,1.0,3,51436,M,0.0,0.0,51
201300006489,13,10,17,1630,1,1,1,1.0,7,51436,M,0.0,0.0,51
201300006490,13,10,25,645,3,1,1,1.0,5,51409,M,0.0,0.0,51
201300006491,13,10,24,1645,1,2,1,1.0,3,51617,M,0.0,0.0,51
201300006492,13,11,26,830,1,1,1,7.0,1,51303,M,0.0,0.0,51
201300006493,13,2,20,1415,1,1,1,1.0,3,51476,M,0.0,0.0,51
201300006494,13,3,21,830,1,2,2,1.0,1,51559,M,0.0,0.0,51
201300006495,13,8,30,1615,1,2,3,1.0,3,51389,M,0.0,0.0,51
201300006496,13,11,23,1645,1,1,1,1.0,6,51546,M,0.0,0.0,51
201300006497,13,5,13,815,1,1,1,1.0,1,51154,M,0.0,0.0,51
201300006498,13,6,3,1145,1,1,1,1.0,1,51367,M,0.0,0.0,51
201300006499,13,7,3,1845,1,2,1,8.0,6,51413,M,0.0,0.0,51
201300006500,13,10,5,1445,1,2,1,2.0,3,51612,M,0.0,0.0,51
201300006501,13,11,10,1645,2,1,1,1.0,2,51611,M,0.0,0.0,51
201300006502,13,3,26,1015,1,1,1,1.0,6,51136,M,0.0,0.0,51
201300006503,13,7,4,1715,1,2,1,1.0,6,51038,M,0.0,0.0,51
201300006504,13,7,20,1630,1,2,1,1.0,6,51136,M,0.0,0.0,51
201300006505,13,8,19,330,3,1,1,2.0,6,51217,M,0.0,0.0,51
201300006506,13,10,1,1900,1,1,1,1.0,6,51048,M,0.0,0.0,51
201300006507,13,10,10,1145,1,1,3,1.0,3,51136,M,0.0,0.0,51
201300006508,13,11,30,1215,1,1,2,1.0,3,51136,M,0.0,0.0,51
201300006509,13,12,15,345,5,2,1,1.0,6,51609,M,0.0,0.0,51
201300006510,13,4,16,915,1,1,1,1.0,3,51167,M,0.0,0.0,51
201300006511,13,5,13,1205,1,1,1,1.0,3,51165,M,0.0,0.0,51
201300006512,13,5,31,2315,3,1,1,1.0,1,51248,M,0.0,0.0,51
201300006513,13,6,1,1000,1,1,1,1.0,1,51165,M,0.0,0.0,51
201300006514,13,6,21,1800,1,1,1,1.0,7,51167,M,0.0,0.0,51
201300006515,13,7,3,1100,1,1,1,2.0,1,51555,M,0.0,0.0,51
201300006516,13,7,13,1845,1,2,1,1.0,6,51164,M,0.0,0.0,51
201300006517,13,9,8,2045,5,2,1,1.0,6,51243,M,0.0,0.0,51
201300006518,13,9,10,10,5,2,1,2.0,5,51167,M,0.0,0.0,51
201300006519,13,3,16,1415,1,1,1,1.0,7,51460,M,0.0,0.0,51
201300006520,13,5,25,600,2,1,1,2.0,6,51238,M,0.0,0.0,51
201300006521,13,5,26,1215,1,2,2,1.0,2,51596,M,0.0,0.0,51
201300006522,13,8,5,100,4,2,9,1.0,6,51380,M,0.0,0.0,51
201300006523,13,9,4,1845,1,1,2,7.0,3,51596,M,0.0,0.0,51
201300006524,13,11,27,1215,1,1,1,1.0,6,51460,M,0.0,0.0,51
201300006525,13,12,24,1700,2,1,1,6.0,6,51042,M,0.0,0.0,51
201300006526,13,1,8,1630,2,1,2,2.0,3,51313,M,0.0,0.0,51
201300006527,13,2,2,1630,1,1,2,1.0,3,51237,M,0.0,0.0,51
201300006528,13,2,11,900,1,1,2,2.0,3,51313,M,0.0,0.0,51
201300006529,13,2,10,2300,3,1,1,4.0,1,51323,M,0.0,0.0,51
201300006530,13,5,4,2345,5,2,1,1.0,6,51162,M,0.0,0.0,51
201300006531,13,5,18,1500,1,1,2,1.0,3,51237,M,0.0,0.0,51
201300006532,13,6,23,2000,1,1,1,2.0,6,51443,M,0.0,0.0,51
201300006533,13,9,4,1530,1,2,3,1.0,3,51155,M,0.0,0.0,51
201300006534,13,11,2,1515,1,1,2,1.0,3,51374,M,0.0,0.0,51
201300006535,13,11,4,525,3,1,1,6.0,6,51233,M,0.0,0.0,51
201300006536,13,11,26,730,2,1,1,1.0,3,51542,M,0.0,0.0,51
201300006537,13,12,26,1115,1,1,1,1.0,4,51324,M,0.0,0.0,51
201300006538,13,4,21,2000,1,2,2,1.0,3,51250,M,0.0,0.0,51
201300006539,13,4,19,1600,1,1,1,1.0,2,51250,M,0.0,0.0,51
201300006540,13,11,28,1800,3,1,1,2.0,1,51308,M,0.0,0.0,51
201300006541,13,12,16,1100,1,1,1,1.0,5,51086,M,0.0,0.0,51
201300006542,13,2,24,1845,3,1,1,4.0,7,51111,M,0.0,0.0,51
201300006543,13,3,18,1845,2,1,1,1.0,6,51569,M,0.0,0.0,51
201300006544,13,3,30,1300,1,1,1,1.0,1,51391,M,0.0,0.0,51
201300006545,13,7,4,715,1,1,1,1.0,2,51171,M,0.0,0.0,51
201300006546,13,7,23,1145,1,1,1,7.0,2,51282,M,0.0,0.0,51
201300006547,13,9,6,615,3,1,1,1.0,2,51569,M,0.0,0.0,51
201300006548,13,9,15,1500,1,1,1,1.0,2,51282,M,0.0,0.0,51
201300006549,13,9,16,645,2,1,1,2.0,1,51391,M,0.0,0.0,51
201300006550,13,10,8,730,5,2,1,1.0,1,51391,M,0.0,0.0,51
201300006551,13,11,17,2045,1,1,1,2.0,6,51109,M,0.0,0.0,51
201300006552,13,12,19,1715,3,1,1,9.0,1,51391,M,0.0,0.0,51
201300006553,13,2,15,1745,5,2,2,1.0,1,51210,M,0.0,0.0,51