Num_Acc,an,mois,jour,hrmn,lum,agg,int,atm,col,com,gps,lat,long,dep
201300006554,13,7,1,1430,1,1,1,7.0,3,51153,M,0.0,0.0,51
201300006555,13,8,8,545,2,1,1,1.0,7,51287,M,0.0,0.0,51
201300006556,13,10,21,1900,2,2,1,1.0,1,51028,M,0.0,0.0,51
201300006557,13,1,12,1100,1,2,1,1.0,6,51649,M,0.0,0.0,51
201300006558,13,1,15,2245,3,1,1,4.0,6,51557,M,0.0,0.0,51
201300006559,13,2,8,815,1,1,1,9.0,6,51195,M,0.0,0.0,51
201300006560,13,2,8,2330,3,1,3,1.0,6,51262,M,0.0,0.0,51
201300006561,13,3,19,1315,1,2,1,2.0,2,51649,M,0.0,0.0,51
201300006562,13,3,28,1015,1,1,1,1.0,1,51195,M,0.0,0.0,51
201300006563,13,3,30,1215,1,2,9,1.0,6,51649,M,0.0,0.0,51
201300006564,13,4,13,200,5,2,1,2.0,6,51328,M,0.0,0.0,51
201300006565,13,4,13,2330,5,2,2,1.0,3,51649,M,0.0,0.0,51
201300006566,13,6,6,1630,1,2,1,1.0,1,51649,M,0.0,0.0,51
201300006567,13,8,12,1530,1,2,3,1.0,3,51649,M,0.0,0.0,51
201300006568,13,9,25,1345,1,1,1,1.0,6,51295,M,0.0,0.0,51
201300006569,13,10,4,1530,1,1,1,1.0,7,51141,M,0.0,0.0,51
201300006570,13,10,28,1700,1,2,2,1.0,3,51649,M,0.0,0.0,51
201300006571,13,11,2,1100,1,1,1,2.0,7,51510,M,0.0,0.0,51
201300006572,13,11,15,1215,1,1,2,1.0,3,51649,M,0.0,0.0,51
201300006573,13,11,21,1700,2,1,2,8.0,5,51557,M,0.0,0.0,51
201300006574,13,12,11,920,1,2,3,9.0,7,51649,M,0.0,0.0,51
201300006575,13,12,29,1745,3,1,1,1.0,2,51433,M,0.0,0.0,51
201300006576,13,2,3,1915,3,1,1,3.0,6,51289,M,0.0,0.0,51
201300006577,13,6,8,1845,1,1,1,1.0,1,51017,M,0.0,0.0,51
201300006578,13,6,20,615,2,1,1,3.0,6,51567,M,0.0,0.0,51
201300006579,13,8,25,530,4,2,3,1.0,6,51240,M,0.0,0.0,51
201300006580,13,9,7,1330,1,1,1,2.0,6,51590,M,0.0,0.0,51
201300006581,13,10,4,1715,1,1,1,1.0,1,51601,M,0.0,0.0,51
201300006582,13,12,5,45,3,1,1,2.0,7,51417,M,0.0,0.0,51
201300006583,13,12,11,745,2,1,1,9.0,7,51060,M,0.0,0.0,51
201300006584,13,10,13,230,3,1,1,2.0,6,51358,M,,,51
201300006585,13,2,28,2330,3,1,1,1.0,6,51138,M,0.0,0.0,51
201300006586,13,6,11,445,2,1,1,1.0,6,51500,M,0.0,0.0,51
201300006587,13,7,6,1445,1,1,1,1.0,6,08003,M,4980020.0,478330.0,08
201300006588,13,12,25,2215,5,2,1,8.0,6,08209,M,4967900.0,482900.0,08
201300006589,13,2,19,2045,5,2,1,1.0,6,08448,M,0.0,0.0,08
201300006590,13,3,3,1545,1,1,3,7.0,2,08302,M,4987540.0,474291.0,08
201300006591,13,8,21,1745,1,2,1,1.0,3,08081,M,4986990.0,474213.0,08
201300006592,13,9,25,1945,5,2,3,1.0,7,08328,M,4981340.0,474382.0,08
201300006593,13,10,6,1700,1,2,1,1.0,6,08328,M,,,08
201300006594,13,5,13,800,1,1,1,8.0,2,08058,M,4976500.0,463100.0,08
201300006595,13,5,24,1700,1,1,1,1.0,7,08389,M,4975830.0,456350.0,08
201300006596,13,7,2,1300,1,1,1,1.0,1,08284,M,4988200.0,463400.0,08
201300006597,13,7,26,2100,2,1,1,1.0,7,08468,M,4978400.0,446300.0,08
201300006598,13,8,21,1845,1,1,1,1.0,3,08125,M,4982900.0,460000.0,08
201300006599,13,10,6,715,2,2,1,1.0,6,08370,M,4984510.0,437578.0,08
201300006600,13,10,7,2345,3,1,1,1.0,6,08361,M,4985440.0,462142.0,08
201300006601,13,10,22,915,1,1,1,1.0,1,08450,M,4977300.0,461100.0,08
201300006602,13,4,10,1715,1,2,1,1.0,1,08363,M,0.0,0.0,08
201300006603,13,7,16,1000,1,2,1,1.0,6,08185,M,4999600.0,469700.0,08
201300006604,13,9,9,2100,4,2,1,3.0,6,08185,M,4999200.0,469200.0,08
201300006605,13,12,10,1215,1,2,1,1.0,2,08363,M,4993220.0,464926.0,08
201300006606,13,4,1,1445,1,1,6,1.0,7,08207,M,0.0,0.0,08
201300006607,13,6,2,1945,1,1,1,1.0,2,08226,M,0.0,0.0,08
201300006608,13,7,13,1745,1,2,1,1.0,1,08190,M,0.0,0.0,08
201300006609,13,7,19,1515,1,2,1,1.0,7,08190,M,0.0,0.0,08
201300006610,13,1,4,930,1,1,1,2.0,6,08367,M,,,08
201300006611,13,6,21,1630,1,2,1,2.0,6,08037,M,0.0,0.0,08
201300006612,13,6,22,830,1,1,1,1.0,3,08367,M,0.0,0.0,08
201300006613,13,10,20,1345,1,1,1,8.0,1,08078,M,0.0,0.0,08
201300006614,13,3,2,2030,3,1,1,1.0,1,08067,M,4962000.0,521200.0,08
201300006615,13,3,11,1945,3,1,1,8.0,6,08034,M,4960470.0,505526.0,08
201300006616,13,3,25,200,5,2,1,1.0,3,08375,M,0.0,0.0,08
201300006617,13,4,21,1715,1,2,1,1.0,3,08009,M,4962790.0,505680.0,08
201300006618,13,9,30,715,2,2,2,1.0,3,08053,M,4967540.0,497852.0,08
201300006619,13,12,23,800,5,2,1,2.0,6,08090,M,4963150.0,516678.0,08
201300006620,13,5,20,1430,1,1,2,1.0,3,08142,M,0.0,0.0,08
201300006621,13,5,25,1830,1,2,1,1.0,6,08142,M,4970150.0,487209.0,08
201300006622,13,6,9,600,1,1,1,1.0,7,08211,M,4962840.0,496534.0,08
201300006623,13,7,3,1215,1,2,2,1.0,3,08488,M,4973410.0,482790.0,08
201300006624,13,8,7,1145,1,1,1,2.0,1,08391,M,4974200.0,493700.0,08
201300006625,13,8,29,1445,1,2,1,1.0,6,08491,M,,,08
201300006626,13,9,22,1500,1,1,1,1.0,1,08115,M,4959860.0,484274.0,08
201300006627,13,12,9,745,2,2,1,1.0,6,08357,M,4966870.0,495501.0,08
201300006628,13,9,26,845,1,1,1,5.0,1,08151,M,4953700.0,461100.0,08
201300006629,13,2,25,430,3,1,1,4.0,7,08033,M,4945600.0,488000.0,08
201300006630,13,1,19,1930,5,2,1,1.0,6,08362,M,4950720.0,436410.0,08
201300006631,13,3,22,1600,1,1,1,1.0,1,08048,M,4951700.0,434900.0,08
201300006632,13,3,30,1200,1,1,1,1.0,1,08452,M,4949600.0,442600.0,08
201300006633,13,6,3,1015,1,2,1,7.0,6,08362,M,4951300.0,436700.0,08
201300006634,13,10,13,1145,1,1,1,1.0,7,08001,M,4950670.0,438192.0,08
201300006635,13,10,31,1545,1,2,2,1.0,3,08008,M,4951920.0,449259.0,08
201300006636,13,2,18,645,3,1,9,5.0,6,08107,M,4952250.0,424512.0,08
201300006637,13,3,15,1745,1,1,1,1.0,7,08473,M,0.0,0.0,08
201300006638,13,4,9,745,1,1,1,3.0,6,08239,M,0.0,0.0,08
201300006639,13,4,29,1915,1,1,1,1.0,6,08066,M,4939950.0,441316.0,08
201300006640,13,4,9,1600,1,1,1,1.0,7,08124,M,0.0,0.0,08
201300006641,13,7,17,2330,3,2,1,1.0,7,08402,M,0.0,0.0,08
201300006642,13,3,14,730,2,1,1,1.0,5,10004,M,0.0,0.0,10
201300006643,13,4,19,1445,1,1,1,1.0,6,10299,M,0.0,0.0,10
201300006644,13,6,14,1345,1,1,1,1.0,6,10269,M,0.0,0.0,10
201300006645,13,3,3,1415,1,1,1,1.0,7,10051,M,0.0,0.0,10
201300006646,13,3,23,1400,1,2,1,8.0,1,10251,M,0.0,0.0,10
201300006647,13,5,17,1630,1,2,1,8.0,3,10098,M,0.0,0.0,10
201300006648,13,5,20,500,3,1,1,3.0,6,10312,M,0.0,0.0,10
201300006649,13,6,6,1630,1,1,1,3.0,7,10051,M,0.0,0.0,10
201300006650,13,6,23,1915,1,1,1,1.0,6,10202,M,0.0,0.0,10
201300006651,13,7,1,945,1,1,1,1.0,3,10359,M,4813993.0,400254.0,10
201300006652,13,1,22,2000,3,1,1,1.0,2,10349,M,0.0,0.0,10
201300006653,13,3,3,2230,3,1,6,1.0,6,10282,M,0.0,0.0,10
201300006654,13,5,10,1745,1,1,1,1.0,1,10349,M,0.0,0.0,10
201300006655,13,6,25,1630,1,2,6,1.0,3,10115,M,0.0,0.0,10
201300006656,13,8,1,1730,1,1,1,1.0,5,10352,M,0.0,0.0,10
201300006657,13,8,19,845,1,1,1,2.0,5,10282,M,0.0,0.0,10
201300006658,13,9,24,815,1,1,1,1.0,1,10409,M,0.0,0.0,10
201300006659,13,12,20,1200,1,1,1,1.0,6,10115,M,0.0,0.0,10
201300006660,13,5,5,1300,1,1,1,1.0,6,10142,M,0.0,0.0,10
201300006661,13,7,24,2030,1,1,1,8.0,6,10263,M,4825300.0,376200.0,10
201300006662,13,1,3,1815,3,1,1,2.0,7,10100,M,0.0,0.0,10
201300006663,13,6,13,2100,1,1,1,7.0,1,10375,M,4828200.0,419800.0,10
201300006664,13,8,10,1845,1,2,1,1.0,6,10287,M,4835852.0,433448.0,10
201300006665,13,8,14,2115,2,2,1,1.0,6,10129,M,4831938.0,425167.0,10
201300006666,13,8,17,1830,1,1,1,1.0,7,10209,M,0.0,0.0,10
201300006667,13,10,23,1730,1,2,1,1.0,1,10238,M,4826000.0,434200.0,10
201300006668,13,10,30,1500,1,1,1,1.0,5,10255,M,4822300.0,427000.0,10
201300006669,13,12,20,1930,3,1,1,1.0,5,10209,M,0.0,0.0,10
201300006670,13,8,16,1845,1,1,1,1.0,7,10033,M,0.0,0.0,10
201300006671,13,3,5,1700,1,1,1,1.0,1,10326,M,4845400.0,449300.0,10
201300006672,13,3,8,1645,1,1,1,2.0,6,10064,M,4838400.0,455600.0,10
201300006673,13,7,23,2145,2,1,1,1.0,6,10428,M,0.0,0.0,10
201300006674,13,9,5,1300,1,1,1,1.0,7,10063,M,4838700.0,454600.0,10
201300006675,13,10,7,845,1,1,3,5.0,3,10345,M,4842138.0,447747.0,10
201300006676,13,2,15,815,1,1,1,5.0,1,10213,M,4817900.0,443200.0,10
201300006677,13,5,5,1815,1,1,1,1.0,2,10399,M,0.0,0.0,10
201300006678,13,5,5,1730,1,1,1,1.0,1,10317,M,0.0,0.0,10
201300006679,13,6,11,1600,1,1,1,1.0,1,10358,M,0.0,0.0,10
201300006680,13,6,21,2030,1,1,2,1.0,1,10071,M,0.0,0.0,10
201300006681,13,7,11,2000,1,1,1,1.0,7,10034,M,0.0,0.0,10
201300006682,13,9,1,615,2,1,1,1.0,2,10358,M,0.0,0.0,10
201300006683,13,9,3,1630,1,1,1,1.0,7,10029,M,0.0,0.0,10
201300006684,13,9,27,1445,1,1,1,1.0,1,10029,M,0.0,0.0,10
201300006685,13,9,27,1415,1,1,1,1.0,1,10317,M,0.0,0.0,10
201300006686,13,10,2,1745,1,1,1,1.0,7,10433,M,0.0,0.0,10
201300006687,13,12,16,1200,1,1,2,1.0,3,10295,M,4807800.0,438900.0,10
201300006688,13,7,9,1430,1,1,1,1.0,7,10181,M,0.0,0.0,10
201300006689,13,1,10,1845,3,1,1,2.0,5,10268,M,0.0,0.0,10
201300006690,13,2,8,1715,1,1,1,1.0,1,10268,M,4849200.0,351600.0,10
201300006691,13,2,24,900,3,1,1,4.0,7,10054,M,0.0,0.0,10
201300006692,13,3,18,2200,3,1,1,1.0,7,10020,M,4844900.0,355600.0,10
201300006693,13,4,15,630,2,1,1,1.0,2,10355,M,0.0,0.0,10
201300006694,13,6,30,2145,5,2,1,1.0,6,10367,M,4854440.0,350048.0,10
201300006695,13,9,3,1745,1,1,1,1.0,7,10153,M,0.0,0.0,10
201300006696,13,10,24,1645,1,1,1,1.0,5,10259,M,0.0,0.0,10
201300006697,13,11,27,1715,2,1,1,1.0,7,10355,M,0.0,0.0,10
201300006698,13,12,21,2310,3,1,1,3.0,1,10225,M,4850700.0,355600.0,10
201300006699,13,12,23,2245,3,1,1,6.0,7,10106,M,0.0,0.0,10
201300006700,13,5,8,1630,1,1,1,2.0,6,52297,M,4806029.0,518075.0,52
201300006701,13,6,1,1315,1,1,1,1.0,3,52514,M,4806853.0,517841.0,52
201300006702,13,7,5,1315,1,1,1,1.0,7,52017,M,4795598.0,500198.0,52
201300006703,13,7,22,1230,1,1,1,1.0,6,52297,M,4805471.0,517849.0,52
201300006704,13,8,1,1430,1,1,1,1.0,3,52082,M,4793512.0,509851.0,52
201300006705,13,8,8,1700,1,1,1,1.0,1,52422,M,4802906.0,504793.0,52
201300006706,13,9,22,1815,1,2,1,1.0,3,52072,M,4816102.0,513826.0,52
201300006707,13,10,6,2015,3,1,1,9.0,7,52022,M,4792133.0,495927.0,52
201300006708,13,10,22,1415,1,1,1,1.0,3,52272,M,4801916.0,478324.0,52
201300006709,13,12,20,2045,3,1,1,1.0,6,52494,M,4813524.0,523544.0,52
201300006710,13,2,6,915,1,1,1,4.0,1,52313,M,4819099.0,525166.0,52
201300006711,13,6,7,2200,3,1,1,1.0,7,52444,M,4827022.0,541956.0,52
201300006712,13,8,3,1815,1,2,2,1.0,1,52095,M,4824228.0,547605.0,52
201300006713,13,11,12,1800,3,1,1,1.0,6,52289,M,4829854.0,553770.0,52
201300006714,13,6,7,2045,1,1,1,1.0,7,52050,M,4811278.0,526682.0,52
201300006715,13,7,29,2100,1,1,1,1.0,7,52050,M,4810819.0,530292.0,52
201300006716,13,8,9,2030,1,1,1,8.0,1,52353,M,4801116.0,532963.0,52
201300006717,13,9,12,1615,1,2,1,1.0,6,52139,M,4806983.0,562708.0,52
201300006718,13,9,21,1700,1,1,3,1.0,5,52401,M,4803864.0,523379.0,52
201300006719,13,10,1,1445,1,1,1,1.0,1,52248,M,4803560.0,541667.0,52
201300006720,13,11,30,1130,1,1,1,8.0,6,52127,M,4806865.0,559180.0,52
201300006721,13,7,13,1530,1,2,1,1.0,1,52140,M,4822177.0,489586.0,52
201300006722,13,9,15,2030,3,1,1,9.0,6,52140,M,4819517.0,486121.0,52
201300006723,13,9,29,1145,1,1,1,1.0,6,52140,M,4826651.0,493761.0,52
201300006724,13,9,24,1645,1,1,1,1.0,6,52322,M,4819716.0,505927.0,52
201300006725,13,11,3,1630,1,1,1,1.0,7,52524,M,4829129.0,512281.0,52
201300006726,13,1,15,1245,1,2,6,2.0,1,52269,M,4787022.0,534034.0,52
201300006727,13,3,8,1045,1,2,1,1.0,6,52269,M,4786008.0,533288.0,52
201300006728,13,3,20,1415,1,1,1,1.0,2,52269,M,4785746.0,535698.0,52
201300006729,13,4,16,930,1,1,1,1.0,1,52432,M,4795831.0,527410.0,52
201300006730,13,5,10,1600,1,2,1,1.0,6,52307,M,4792785.0,519506.0,52
201300006731,13,6,19,930,1,1,1,1.0,6,52102,M,4788452.0,535511.0,52
201300006732,13,8,1,1900,1,1,1,1.0,7,52380,M,4787681.0,537353.0,52
201300006733,13,8,26,1815,1,1,1,3.0,1,52102,M,4787960.0,534913.0,52
201300006734,13,9,6,1430,1,2,6,1.0,1,52269,M,4785407.0,534558.0,52
201300006735,13,9,28,1730,1,1,1,1.0,6,52036,M,4782890.0,538533.0,52
201300006736,13,10,6,2345,5,2,1,1.0,3,52269,M,4785469.0,532932.0,52
201300006737,13,12,22,2215,5,2,1,2.0,1,52432,M,4795072.0,528418.0,52
201300006738,13,12,28,915,1,1,1,2.0,1,52207,M,4794958.0,545328.0,52
201300006739,13,5,1,1545,1,1,1,1.0,7,52120,M,4798336.0,542774.0,52
201300006740,13,5,6,745,1,1,1,1.0,7,52332,M,4797733.0,548419.0,52
201300006741,13,9,18,1500,1,1,1,2.0,7,52060,M,4793467.0,572299.0,52
201300006742,13,12,10,1530,1,2,1,7.0,6,52332,M,4801632.0,556378.0,52
201300006743,13,6,19,600,1,1,1,1.0,6,52197,M,4778292.0,563665.0,52
201300006744,13,7,2,1615,1,1,2,1.0,1,52119,M,4781747.0,549095.0,52
201300006745,13,8,6,2330,5,2,1,8.0,1,52093,M,4780594.0,543952.0,52
201300006746,13,8,18,1730,1,1,2,1.0,3,52197,M,4777598.0,565340.0,52
201300006747,13,8,29,1045,1,1,1,1.0,2,52197,M,4779276.0,557537.0,52
201300006748,13,9,11,1400,1,1,1,8.0,1,52438,M,4780951.0,554977.0,52
201300006749,13,10,20,1415,1,1,1,1.0,1,52539,M,4775518.0,543285.0,52
201300006750,13,11,9,2045,5,2,1,2.0,6,52093,M,4780227.0,544282.0,52
201300006751,13,2,24,1430,1,1,1,8.0,1,52070,M,4781438.0,528777.0,52
201300006752,13,9,25,1715,1,1,1,1.0,7,52360,M,4762086.0,528610.0,52
201300006753,13,11,14,1730,3,1,1,3.0,1,52340,M,4766374.0,529516.0,52
201300006754,13,12,3,945,1,1,1,4.0,6,52249,M,4764747.0,531734.0,52
201300006755,13,12,13,700,3,1,1,5.0,6,52446,M,4770871.0,529746.0,52
201300006756,13,12,16,2130,3,1,1,5.0,6,52529,M,4772775.0,530221.0,52
201300006757,13,1,6,1000,1,1,1,8.0,6,52414,M,4852229.0,508773.0,52
201300006758,13,5,7,1530,1,1,1,1.0,7,52386,M,4865148.0,484303.0,52
201300006759,13,5,17,1615,1,1,1,1.0,6,52386,M,4866749.0,478662.0,52
201300006760,13,5,30,1930,1,1,1,1.0,3,52429,M,4860597.0,502422.0,52
201300006761,13,7,9,1130,1,1,1,1.0,7,52429,M,4860386.0,502983.0,52
201300006762,13,8,29,1745,1,2,1,1.0,7,52123,M,4850597.0,511162.0,52
201300006763,13,10,9,1400,1,1,1,2.0,3,52448,M,4865053.0,490642.0,52
201300006764,13,11,10,1930,3,1,2,1.0,3,52235,M,4864711.0,487398.0,52
201300006765,13,12,13,215,4,1,1,2.0,7,52408,M,4856511.0,503676.0,52
201300006766,13,2,9,2330,5,2,1,1.0,6,52250,M,4844410.0,513878.0,52
201300006767,13,3,11,200,3,1,1,1.0,1,52175,M,4837024.0,515056.0,52
201300006768,13,3,15,1545,1,1,1,1.0,1,52118,M,4848956.0,511185.0,52
201300006769,13,5,10,1145,1,2,1,1.0,1,52250,M,4844331.0,513766.0,52
201300006770,13,5,16,2045,2,1,1,8.0,1,52356,M,4843488.0,508825.0,52
201300006771,13,9,20,2015,3,1,1,1.0,6,52370,M,4849126.0,519809.0,52
201300006772,13,3,13,1115,1,1,1,1.0,1,52296,M,4843092.0,469112.0,52
201300006773,13,7,11,2100,1,2,1,1.0,6,52341,M,4843096.0,500271.0,52
201300006774,13,11,5,830,1,1,1,2.0,1,52550,M,4850884.0,494034.0,52
201300006775,13,11,24,1445,1,1,1,1.0,1,52296,M,4843054.0,468715.0,52
201300006776,13,12,21,130,3,1,1,8.0,6,52331,M,4847183.0,478963.0,52
201300006777,13,3,20,1915,5,2,1,2.0,6,21038,M,4719700.0,538900.0,21
201300006778,13,5,13,700,1,1,1,1.0,6,21639,M,4719800.0,537600.0,21
201300006779,13,5,31,1800,1,2,1,3.0,6,21038,M,4720000.0,539500.0,21
201300006780,13,8,24,1715,1,1,1,1.0,3,21028,M,4723100.0,537800.0,21
201300006781,13,9,30,1045,1,1,1,1.0,3,21493,M,4723900.0,537800.0,21
201300006782,13,10,12,2245,3,1,1,1.0,6,21699,M,0.0,0.0,21
201300006783,13,12,28,1945,5,2,1,8.0,3,21038,M,0.0,0.0,21
201300006784,13,2,13,815,1,1,1,1.0,3,21656,M,4722700.0,518700.0,21
201300006785,13,8,24,1115,1,1,1,2.0,6,21106,M,0.0,0.0,21
201300006786,13,9,20,1145,1,1,1,1.0,1,21532,M,4724400.0,516700.0,21
201300006787,13,9,20,1615,1,1,1,1.0,3,21292,M,0.0,0.0,21
201300006788,13,12,6,500,3,1,1,1.0,1,21261,M,4726000.0,515800.0,21
201300006789,13,4,25,1830,1,1,1,1.0,1,21390,M,4728500.0,498000.0,21
201300006790,13,5,30,1845,1,1,6,1.0,3,21295,M,4722700.0,500000.0,21
201300006791,13,6,18,1730,1,1,1,1.0,7,21246,M,4718100.0,503000.0,21
201300006792,13,7,4,1500,1,1,1,1.0,7,21191,M,4717400.0,509900.0,21
201300006793,13,7,23,1730,1,1,3,1.0,1,21586,M,4722100.0,506600.0,21
201300006794,13,8,27,1800,1,2,1,3.0,1,21295,M,4720200.0,508300.0,21
201300006795,13,9,1,1900,1,1,1,1.0,3,21295,M,0.0,0.0,21
201300006796,13,9,7,1545,1,1,1,1.0,3,21295,M,0.0,0.0,21
201300006797,13,9,20,1900,1,1,1,1.0,1,21442,M,4721400.0,497200.0,21
201300006798,13,10,11,2115,3,1,1,1.0,6,21200,M,4726000.0,499300.0,21
201300006799,13,3,15,1130,1,2,1,1.0,6,21496,M,4730800.0,542000.0,21
201300006800,13,3,16,1100,1,1,1,1.0,6,21317,M,4758100.0,529900.0,21
201300006801,13,4,13,1900,1,1,1,1.0,3,21127,M,4747400.0,508000.0,21
201300006802,13,6,27,1700,1,1,4,1.0,3,21587,M,4753500.0,499400.0,21
201300006803,13,7,9,1415,1,1,3,1.0,1,21290,M,4748500.0,514900.0,21
201300006804,13,8,4,1300,1,1,1,1.0,7,21127,M,4747000.0,507700.0,21
201300006805,13,8,6,1330,1,1,1,1.0,7,21702,M,4758300.0,509600.0,21
201300006806,13,9,24,1230,1,1,1,1.0,6,21211,M,4756000.0,513500.0,21
201300006807,13,10,15,1215,1,1,1,2.0,3,21317,M,0.0,0.0,21
201300006808,13,12,13,2330,3,1,1,5.0,1,21317,M,0.0,0.0,21
201300006809,13,12,20,815,1,1,1,1.0,1,21317,M,0.0,0.0,21
201300006810,13,1,28,715,3,1,1,5.0,5,21037,M,4698520.0,471767.0,21
201300006811,13,2,12,1830,5,2,3,1.0,3,21412,M,4698650.0,476898.0,21
201300006812,13,3,5,830,1,1,2,1.0,2,21534,M,4701240.0,492334.0,21
201300006813,13,3,19,1445,1,1,1,4.0,6,21461,M,,,21
201300006814,13,3,25,1730,1,1,1,1.0,1,21360,M,4709300.0,468300.0,21
201300006815,13,3,31,1300,1,1,1,1.0,3,21582,M,4691320.0,471866.0,21
201300006816,13,4,1,1530,1,1,1,1.0,2,21065,M,4742425.0,443537.0,21
201300006817,13,4,12,1930,1,1,2,8.0,3,21412,M,4696550.0,477376.0,21
201300006818,13,5,23,1115,1,1,1,2.0,6,21387,M,,,21
201300006819,13,5,26,1540,1,1,1,1.0,6,21360,M,4708617.0,468718.0,21
201300006820,13,5,28,1045,1,2,1,1.0,2,21461,M,4695200.0,463098.0,21
201300006821,13,6,12,1215,1,2,2,1.0,3,21527,M,0.0,0.0,21
201300006822,13,7,31,1530,1,2,3,9.0,1,21461,M,0.0,0.0,21
201300006823,13,8,31,1415,1,1,1,1.0,1,21054,M,0.0,0.0,21
201300006824,13,9,21,1500,1,1,1,7.0,1,21360,M,0.0,0.0,21
201300006825,13,9,24,2130,3,1,1,1.0,7,21120,M,0.0,0.0,21
201300006826,13,10,4,715,2,1,1,1.0,3,21512,M,0.0,0.0,21
201300006827,13,10,16,800,2,1,2,1.0,3,21173,M,0.0,0.0,21
201300006828,13,10,5,100,5,2,1,2.0,1,21590,M,4706500.0,482100.0,21
201300006829,13,12,24,1600,2,1,1,2.0,6,21023,M,4725000.0,461200.0,21
201300006830,13,2,8,1330,1,1,2,1.0,3,21492,M,,,21
201300006831,13,5,15,330,5,1,1,1.0,6,21464,M,4713600.0,497200.0,21
201300006832,13,11,7,745,1,1,2,8.0,3,21022,M,0.0,0.0,21
201300006833,13,1,26,1745,2,2,1,4.0,3,21356,M,0.0,0.0,21
201300006834,13,6,27,1530,1,1,1,1.0,6,21012,M,4782500.0,453700.0,21
201300006835,13,8,19,1545,1,2,6,1.0,1,21154,M,4785710.0,457163.0,21
201300006836,13,12,5,1545,1,1,1,1.0,2,21078,M,4786200.0,443000.0,21
201300006837,13,12,12,2100,5,2,1,4.0,6,21154,M,4786200.0,457300.0,21
201300006838,13,12,15,1745,3,1,1,1.0,2,21115,M,4782200.0,455400.0,21
201300006839,13,12,8,1515,1,1,1,1.0,1,21663,M,0.0,0.0,21
201300006840,13,3,14,1930,3,1,1,4.0,6,21546,M,4730660.0,420845.0,21
201300006841,13,4,14,1345,1,1,1,1.0,6,21560,M,4722960.0,422468.0,21
201300006842,13,12,9,215,3,1,1,9.0,3,21525,M,4736600.0,419200.0,21
201300006843,13,1,28,700,2,1,1,5.0,1,21478,M,4737060.0,483835.0,21
201300006844,13,6,2,1915,1,1,1,1.0,7,21559,M,0.0,0.0,21
201300006845,13,6,14,745,1,1,1,9.0,6,21439,M,4726900.0,465100.0,21
201300006846,13,10,3,1515,1,1,1,1.0,2,21192,M,4730400.0,496000.0,21
201300006847,13,5,20,1730,1,1,1,2.0,1,58280,M,0.0,0.0,58
201300006848,13,6,26,1330,1,1,1,1.0,6,58020,M,0.0,0.0,58
201300006849,13,7,11,1545,1,2,1,1.0,6,58118,M,0.0,0.0,58
201300006850,13,10,25,1015,1,1,1,1.0,6,58151,M,0.0,0.0,58
201300006851,13,12,30,545,3,1,1,5.0,3,58105,M,0.0,0.0,58
201300006852,13,6,1,1630,1,1,1,1.0,2,58214,M,0.0,0.0,58
201300006853,13,12,10,1015,1,2,9,1.0,6,58117,M,0.0,0.0,58
201300006854,13,1,23,1830,3,1,1,1.0,3,58258,M,0.0,0.0,58
201300006855,13,4,28,545,2,2,1,2.0,6,58238,M,0.0,0.0,58
201300006856,13,5,2,815,1,2,1,1.0,6,58134,M,0.0,0.0,58
201300006857,13,7,19,1200,1,1,1,1.0,3,58072,M,0.0,0.0,58
201300006858,13,8,22,1430,1,1,1,1.0,1,58148,M,0.0,0.0,58
201300006859,13,12,23,1400,1,1,1,1.0,1,58232,M,0.0,0.0,58
201300006860,13,6,1,1730,1,1,1,1.0,3,58260,M,0.0,0.0,58
201300006861,13,6,8,815,1,1,1,1.0,3,58138,M,4681400.0,312200.0,58
201300006862,13,6,9,45,3,1,6,2.0,7,58260,M,0.0,0.0,58
201300006863,13,8,2,215,3,1,6,1.0,1,58260,M,4686500.0,314300.0,58
201300006864,13,8,16,530,3,1,1,1.0,6,58104,M,0.0,0.0,58
201300006865,13,1,12,415,4,2,1,5.0,6,58257,M,4711300.0,357200.0,58
201300006866,13,1,27,400,3,1,1,5.0,7,58035,M,0.0,0.0,58
201300006867,13,9,6,1515,1,1,1,1.0,3,58285,M,4706100.0,371600.0,58
201300006868,13,12,20,1730,2,1,1,8.0,7,58065,M,0.0,0.0,58
201300006869,13,1,7,1630,1,1,1,1.0,7,58182,M,4697500.0,380500.0,58
201300006870,13,2,22,1400,1,1,1,1.0,1,58063,M,4705500.0,394200.0,58
201300006871,13,3,6,1600,1,2,7,2.0,6,58062,M,4706800.0,393000.0,58
201300006872,13,4,7,1530,1,1,1,1.0,4,58277,M,0.0,0.0,58
201300006873,13,4,16,1900,1,1,1,1.0,6,58066,M,4711800.0,389300.0,58
201300006874,13,4,17,1730,1,2,1,1.0,6,58246,M,4691100.0,383500.0,58
201300006875,13,6,3,1115,1,1,1,1.0,6,58182,M,4699300.0,381300.0,58
201300006876,13,10,11,815,1,1,1,8.0,6,58063,M,4707100.0,392600.0,58
201300006877,13,1,26,15,4,2,1,1.0,6,58190,M,0.0,0.0,58
201300006878,13,2,8,615,3,1,1,4.0,5,58304,M,0.0,0.0,58
201300006879,13,4,25,1800,1,2,1,1.0,3,58103,M,0.0,0.0,58
201300006880,13,5,4,830,1,2,8,1.0,3,58098,M,0.0,0.0,58