Num_Acc,an,mois,jour,hrmn,lum,agg,int,atm,col,com,gps,lat,long,dep
201300006881,13,5,28,1700,1,1,1,1.0,7,58312,M,0.0,0.0,58
201300006882,13,6,1,445,3,1,1,1.0,6,58165,M,0.0,0.0,58
201300006883,13,7,3,1145,1,1,1,2.0,1,58109,M,0.0,0.0,58
201300006884,13,10,6,915,1,2,1,1.0,3,58304,M,0.0,0.0,58
201300006885,13,11,23,1200,1,2,1,1.0,3,58079,M,0.0,0.0,58
201300006886,13,2,16,1000,1,1,1,5.0,7,58229,M,0.0,0.0,58
201300006887,13,3,23,830,1,1,1,2.0,1,58153,M,0.0,0.0,58
201300006888,13,4,2,315,3,1,1,1.0,7,58180,M,0.0,0.0,58
201300006889,13,5,22,1600,1,1,1,1.0,3,58145,M,0.0,0.0,58
201300006890,13,5,24,1815,1,1,1,2.0,3,58047,M,0.0,0.0,58
201300006891,13,5,31,300,3,1,1,2.0,7,58129,M,4740000.0,409999.0,58
201300006892,13,6,1,2345,3,1,1,1.0,6,58037,M,0.0,0.0,58
201300006893,13,7,17,1030,1,1,1,1.0,7,58003,M,0.0,0.0,58
201300006894,13,8,3,1645,1,1,1,1.0,7,58145,M,0.0,0.0,58
201300006895,13,9,11,1015,1,1,1,2.0,1,58180,M,4703700.0,400399.0,58
201300006896,13,9,14,645,2,1,1,8.0,1,58145,M,0.0,0.0,58
201300006897,13,1,21,1445,1,1,1,2.0,6,58187,M,0.0,0.0,58
201300006898,13,4,4,1430,1,1,1,1.0,7,58261,M,0.0,0.0,58
201300006899,13,4,22,1015,1,1,1,1.0,7,58227,M,0.0,0.0,58
201300006900,13,5,3,1315,1,1,1,1.0,6,58036,M,4750100.0,316200.0,58
201300006901,13,5,10,2130,3,1,1,1.0,6,58002,M,0.0,0.0,58
201300006902,13,7,14,2030,2,2,2,7.0,1,58086,M,0.0,0.0,58
201300006903,13,11,28,1815,5,2,1,1.0,3,58086,M,0.0,0.0,58
201300006904,13,4,20,2200,3,1,1,1.0,7,58295,M,4734600.0,289200.0,58
201300006905,13,11,8,1130,1,2,1,8.0,3,58059,M,0.0,0.0,58
201300006906,13,3,2,1815,3,1,1,1.0,6,71350,M,4632765.0,466715.0,71
201300006907,13,4,12,2315,3,1,1,1.0,1,71169,M,0.0,0.0,71
201300006908,13,6,16,1745,1,1,1,1.0,3,71583,M,0.0,0.0,71
201300006909,13,7,6,645,2,1,1,1.0,1,71090,M,0.0,0.0,71
201300006910,13,8,3,2000,1,1,1,1.0,1,71481,M,4619784.0,476356.0,71
201300006911,13,9,17,2215,5,2,1,2.0,5,71150,M,4624304.0,478747.0,71
201300006912,13,6,16,415,1,1,1,1.0,6,71287,M,0.0,0.0,71
201300006913,13,8,19,1915,1,1,1,1.0,7,71582,M,0.0,0.0,71
201300006914,13,8,22,1945,1,2,1,1.0,1,71137,M,0.0,0.0,71
201300006915,13,9,23,1630,1,1,1,1.0,6,71137,M,0.0,0.0,71
201300006916,13,9,23,1200,1,1,1,1.0,6,71397,M,0.0,0.0,71
201300006917,13,4,1,1845,1,1,1,1.0,6,71145,M,0.0,0.0,71
201300006918,13,8,23,1645,1,1,1,1.0,3,71521,M,4656452.0,455401.0,71
201300006919,13,2,15,1215,1,2,6,1.0,6,71014,M,4694880.0,429121.0,71
201300006920,13,4,4,1400,1,1,1,7.0,7,71162,M,0.0,0.0,71
201300006921,13,5,11,1545,1,1,1,2.0,7,71009,M,4710636.0,407234.0,71
201300006922,13,6,18,1515,1,1,1,7.0,3,71535,M,0.0,0.0,71
201300006923,13,7,22,1130,1,1,1,7.0,6,71014,M,0.0,0.0,71
201300006924,13,8,9,1700,1,2,1,1.0,1,71014,M,0.0,0.0,71
201300006925,13,8,14,1030,1,2,1,1.0,3,71014,M,4695719.0,430453.0,71
201300006926,13,8,27,1430,1,2,2,1.0,3,71014,M,4695284.0,429423.0,71
201300006927,13,10,6,1345,1,2,1,1.0,1,71014,M,4695237.0,430033.0,71
201300006928,13,10,14,2030,5,1,1,8.0,3,71010,M,0.0,0.0,71
201300006929,13,10,20,1800,1,2,2,1.0,3,71014,M,4695233.0,429305.0,71
201300006930,13,10,20,1745,2,1,1,3.0,3,71251,M,4691920.0,418867.0,71
201300006931,13,3,22,1930,2,2,1,1.0,6,71073,M,0.0,0.0,71
201300006932,13,5,31,1500,1,1,1,3.0,5,71378,M,4687018.0,475243.0,71
201300006933,13,1,19,245,3,1,1,9.0,2,71404,M,0.0,0.0,71
201300006934,13,4,4,1600,1,1,1,1.0,3,71247,M,0.0,0.0,71
201300006935,13,4,14,1,5,2,1,1.0,2,71070,M,0.0,0.0,71
201300006936,13,11,27,1630,1,1,1,1.0,5,71426,M,0.0,0.0,71
201300006937,13,1,1,900,1,1,1,2.0,6,71548,M,0.0,0.0,71
201300006938,13,6,16,330,4,2,1,1.0,7,71003,M,0.0,0.0,71
201300006939,13,6,19,815,1,1,1,1.0,6,71355,M,0.0,0.0,71
201300006940,13,6,26,1445,1,1,1,1.0,2,71167,M,0.0,0.0,71
201300006941,13,7,24,1145,1,1,1,1.0,7,71355,M,0.0,0.0,71
201300006942,13,7,26,1945,1,1,1,1.0,3,71002,M,0.0,0.0,71
201300006943,13,8,21,1030,1,1,1,1.0,6,71256,M,4674312.0,507190.0,71
201300006944,13,10,31,1945,3,2,1,1.0,1,71215,M,4685952.0,491143.0,71
201300006945,13,12,13,545,3,2,1,5.0,6,71336,M,0.0,0.0,71
201300006946,13,12,23,1445,1,2,1,1.0,3,71336,M,4673228.0,494576.0,71
201300006947,13,4,14,1145,1,1,1,1.0,5,71555,M,4671988.0,486145.0,71
201300006948,13,5,3,1845,1,1,1,2.0,4,71026,M,4666973.0,487053.0,71
201300006949,13,8,9,1430,1,2,2,1.0,3,71512,M,4664044.0,486978.0,71
201300006950,13,10,16,700,3,1,1,8.0,5,71384,M,0.0,0.0,71
201300006951,13,4,9,1130,1,1,2,2.0,1,71021,M,4647991.0,427728.0,71
201300006952,13,5,22,1115,1,2,1,1.0,3,71106,M,0.0,0.0,71
201300006953,13,8,24,1115,1,1,1,1.0,1,71586,M,0.0,0.0,71
201300006954,13,11,19,1330,1,1,1,2.0,1,71082,M,0.0,0.0,71
201300006955,13,12,31,1630,1,1,1,1.0,6,71116,M,0.0,0.0,71
201300006956,13,5,12,1530,1,2,1,1.0,6,71176,M,4649918.0,398771.0,71
201300006957,13,6,8,1400,1,1,1,1.0,1,71176,M,0.0,0.0,71
201300006958,13,6,28,1345,1,2,1,8.0,6,71176,M,4648543.0,398932.0,71
201300006959,13,7,7,1745,1,1,1,1.0,1,71176,M,0.0,0.0,71
201300006960,13,7,17,1830,1,1,1,1.0,1,71325,M,0.0,0.0,71
201300006961,13,7,12,1415,1,1,1,1.0,6,71071,M,0.0,0.0,71
201300006962,13,7,15,745,1,1,1,1.0,3,71024,M,0.0,0.0,71
201300006963,13,8,20,1300,1,1,1,1.0,6,71011,M,4624279.0,401406.0,71
201300006964,13,9,1,1745,1,1,1,1.0,1,71011,M,4632927.0,408065.0,71
201300006965,13,10,27,900,1,1,1,8.0,1,71291,M,0.0,0.0,71
201300006966,13,11,2,530,1,1,1,8.0,1,71510,M,0.0,0.0,71
201300006967,13,1,23,1515,1,2,1,1.0,6,71342,M,4644914.0,412422.0,71
201300006968,13,4,2,1315,1,2,1,1.0,3,71342,M,4645400.0,410534.0,71
201300006969,13,4,20,1030,1,1,1,3.0,6,71590,M,0.0,0.0,71
201300006970,13,6,10,900,1,1,1,1.0,7,71588,M,0.0,0.0,71
201300006971,13,7,19,2045,2,1,2,1.0,3,71588,M,0.0,0.0,71
201300006972,13,9,23,700,1,1,1,5.0,3,71590,M,0.0,0.0,71
201300006973,13,4,4,1145,1,1,1,1.0,7,71480,M,0.0,0.0,71
201300006974,13,10,29,1430,1,1,1,1.0,6,71412,M,4672613.0,445838.0,71
201300006975,13,2,14,1900,2,1,1,2.0,1,71220,M,0.0,0.0,71
201300006976,13,5,16,915,1,2,6,2.0,3,71047,M,4662885.0,373604.0,71
201300006977,13,10,1,2130,5,2,1,1.0,3,71047,M,4662555.0,375210.0,71
201300006978,13,6,17,1330,1,2,1,1.0,3,71230,M,4659704.0,406737.0,71
201300006979,13,9,5,1630,1,1,1,1.0,3,71230,M,4660030.0,405177.0,71
201300006980,13,2,4,645,2,2,1,2.0,1,71263,M,0.0,0.0,71
201300006981,13,4,26,815,1,1,1,2.0,6,71558,M,0.0,0.0,71
201300006982,13,1,16,1530,1,1,2,7.0,3,71013,M,0.0,0.0,71
201300006983,13,1,29,1815,3,1,1,2.0,1,71222,M,0.0,0.0,71
201300006984,13,7,9,1530,1,2,1,1.0,6,71363,M,0.0,0.0,71
201300006985,13,9,3,1730,1,1,1,1.0,6,71222,M,0.0,0.0,71
201300006986,13,10,10,2015,3,1,1,3.0,1,71413,M,0.0,0.0,71
201300006987,13,10,21,1715,1,1,1,1.0,4,71412,M,0.0,0.0,71
201300006988,13,2,1,1655,1,1,1,3.0,5,89484,M,4791139.0,332696.0,89
201300006989,13,2,16,815,1,1,1,5.0,2,89438,M,4780059.0,364587.0,89
201300006990,13,2,19,545,3,1,1,1.0,2,89024,M,4784164.0,361304.0,89
201300006991,13,2,23,1900,3,1,1,4.0,7,89484,M,4791233.0,329480.0,89
201300006992,13,3,28,1240,1,1,1,1.0,2,89341,M,4771898.0,376036.0,89
201300006993,13,4,5,710,1,1,1,1.0,2,89384,M,4790441.0,334571.0,89
201300006994,13,5,28,1630,1,1,1,2.0,7,89013,M,4785813.0,353955.0,89
201300006995,13,7,16,400,3,1,1,1.0,5,89313,M,0.0,0.0,89
201300006996,13,8,5,1945,1,1,1,3.0,6,89341,M,4773433.0,373779.0,89
201300006997,13,9,2,100,3,1,1,1.0,2,89213,M,4789433.0,340103.0,89
201300006998,13,10,7,1000,1,1,1,1.0,6,89384,M,0.0,0.0,89
201300006999,13,10,16,1130,1,1,1,1.0,6,89263,M,0.0,0.0,89
201300007000,13,11,4,1230,1,1,1,3.0,6,89167,M,4787909.0,345665.0,89
201300007001,13,11,8,1145,1,1,1,2.0,2,89388,M,0.0,0.0,89
201300007002,13,12,20,2130,3,1,1,1.0,2,89341,M,0.0,0.0,89
201300007003,13,1,4,1245,1,1,1,8.0,7,89136,M,4826579.0,329229.0,89
201300007004,13,2,10,1930,3,1,1,4.0,6,89442,M,4808621.0,313176.0,89
201300007005,13,2,5,1615,1,1,1,4.0,7,89255,M,4832203.0,323188.0,89
201300007006,13,3,4,615,3,1,1,1.0,6,89390,M,4833758.0,320330.0,89
201300007007,13,3,25,845,1,1,1,1.0,6,89027,M,0.0,0.0,89
201300007008,13,4,22,600,2,1,1,1.0,1,89136,M,4824973.0,327063.0,89
201300007009,13,5,25,945,1,1,1,1.0,7,89080,M,4826142.0,331425.0,89
201300007010,13,5,31,2300,3,1,1,1.0,3,89298,M,4805309.0,310214.0,89
201300007011,13,6,5,1100,1,1,1,1.0,6,89080,M,4826579.0,329206.0,89
201300007012,13,7,3,1600,1,1,1,3.0,6,89171,M,0.0,0.0,89
201300007013,13,7,11,1730,1,1,1,1.0,7,89111,M,0.0,0.0,89
201300007014,13,8,9,445,3,1,1,1.0,2,89298,M,4804232.0,311735.0,89
201300007015,13,8,14,2030,1,1,1,1.0,6,89483,M,4823578.0,338045.0,89
201300007016,13,8,19,1715,1,1,1,1.0,3,89459,M,4814623.0,316295.0,89
201300007017,13,8,22,1015,1,1,1,1.0,6,89350,M,4801962.0,313963.0,89
201300007018,13,9,14,1630,1,1,1,2.0,6,89136,M,4826252.0,329001.0,89
201300007019,13,10,3,2145,3,1,1,2.0,6,89080,M,0.0,0.0,89
201300007020,13,12,8,2015,3,1,1,1.0,3,89350,M,4802026.0,313839.0,89
201300007021,13,3,20,800,1,1,1,1.0,1,89102,M,4775024.0,349865.0,89
201300007022,13,9,13,415,3,1,1,2.0,6,89453,M,4778291.0,350022.0,89
201300007023,13,10,8,715,2,2,1,1.0,6,89013,M,0.0,0.0,89
201300007024,13,3,31,1835,1,1,1,1.0,1,89130,M,4767619.0,369302.0,89
201300007025,13,4,21,1600,1,1,1,1.0,1,89125,M,4763699.0,349132.0,89
201300007026,13,4,28,1520,1,1,1,8.0,7,89030,M,4764947.0,365912.0,89
201300007027,13,5,28,2230,1,1,1,1.0,6,89252,M,4763755.0,349160.0,89
201300007028,13,6,3,900,1,1,1,1.0,3,89252,M,4766105.0,350224.0,89
201300007029,13,9,4,1130,1,1,1,1.0,6,89155,M,4773716.0,358283.0,89
201300007030,13,9,7,2230,2,1,1,3.0,6,89256,M,4767200.0,351100.0,89
201300007031,13,9,20,1845,1,2,1,1.0,1,89130,M,4767838.0,369152.0,89
201300007032,13,12,14,915,1,1,1,1.0,6,89182,M,4760800.0,354200.0,89
201300007033,13,1,26,1900,5,2,1,2.0,1,89101,M,4796665.0,376358.0,89
201300007034,13,2,4,1535,1,2,1,1.0,3,89439,M,4797995.0,373441.0,89
201300007035,13,6,4,2115,2,2,1,1.0,6,89041,M,4802141.0,380060.0,89
201300007036,13,9,9,1800,1,1,1,3.0,3,89276,M,4803100.0,381300.0,89
201300007037,13,9,30,1715,1,1,1,1.0,7,89439,M,4794000.0,367100.0,89
201300007038,13,10,31,130,5,2,3,1.0,3,89345,M,0.0,0.0,89
201300007039,13,5,30,1700,1,2,1,1.0,1,89224,M,4772812.0,385609.0,89
201300007040,13,6,14,2115,2,1,1,1.0,7,89341,M,4774100.0,377900.0,89
201300007041,13,1,8,2330,3,1,1,2.0,1,89286,M,4773860.0,334378.0,89
201300007042,13,3,9,1100,1,1,1,1.0,6,89416,M,4758992.0,327293.0,89
201300007043,13,3,9,200,3,2,1,1.0,7,89228,M,4779582.0,344157.0,89
201300007044,13,4,11,935,1,1,1,2.0,6,89344,M,4758602.0,308069.0,89
201300007045,13,7,14,2000,1,1,1,1.0,7,89173,M,4769900.0,326000.0,89
201300007046,13,7,25,730,1,1,1,1.0,6,89408,M,4774700.0,311900.0,89
201300007047,13,8,23,1945,1,1,1,1.0,6,89072,M,4774603.0,294165.0,89
201300007048,13,11,30,500,3,1,1,2.0,7,89286,M,0.0,0.0,89
201300007049,13,12,21,700,3,1,1,4.0,6,89216,M,4756078.0,326569.0,89
201300007050,13,3,9,1030,1,2,1,1.0,6,89025,M,4749396.0,390499.0,89
201300007051,13,5,5,1100,1,1,1,1.0,7,89347,M,4740755.0,392897.0,89
201300007052,13,7,20,1700,1,1,1,1.0,1,89446,M,0.0,0.0,89
201300007053,13,7,24,1545,1,2,1,1.0,6,89248,M,0.0,0.0,89
201300007054,13,8,4,2000,1,2,1,1.0,3,89025,M,0.0,0.0,89
201300007055,13,8,15,1200,1,1,2,1.0,1,89235,M,4750260.0,399223.0,89
201300007056,13,8,20,1445,1,2,1,1.0,6,89025,M,4749356.0,390619.0,89
201300007057,13,9,9,1430,1,2,1,1.0,1,89025,M,4748995.0,391530.0,89
201300007058,13,11,7,800,1,1,1,2.0,1,89485,M,4756600.0,379200.0,89
201300007059,13,11,8,1615,1,1,1,1.0,7,89025,M,4746934.0,391878.0,89
201300007060,13,12,3,1045,1,2,1,1.0,6,89025,M,4748603.0,392066.0,89
201300007061,13,7,20,2015,1,1,2,7.0,3,89128,M,,,89
201300007062,13,10,20,115,3,1,1,8.0,6,89378,M,0.0,0.0,89
201300007063,13,2,2,1115,1,1,1,2.0,3,89468,M,0.0,0.0,89
201300007064,13,3,4,1715,1,2,1,1.0,6,89206,M,4798205.0,339411.0,89
201300007065,13,4,26,1415,1,1,1,2.0,3,89067,M,0.0,0.0,89
201300007066,13,7,1,900,1,1,1,1.0,3,89067,M,0.0,0.0,89
201300007067,13,6,26,1800,1,1,1,1.0,6,89468,M,0.0,0.0,89
201300007068,13,8,22,1715,1,2,1,1.0,2,89075,M,0.0,0.0,89
201300007069,13,10,1,1930,2,1,1,1.0,5,89452,M,0.0,0.0,89
201300007070,13,10,2,1230,1,2,1,1.0,5,89206,M,0.0,0.0,89
201300007071,13,10,11,1430,1,2,1,2.0,1,89206,M,0.0,0.0,89
201300007072,13,10,23,1015,1,2,3,1.0,4,89206,M,0.0,0.0,89
201300007073,13,12,1,245,3,1,1,8.0,6,89206,M,0.0,0.0,89
201300007074,13,12,31,1400,1,2,1,1.0,5,89206,M,4797877.0,337604.0,89
201300007075,13,3,19,1145,1,2,1,1.0,3,89358,M,4784036.0,310183.0,89
201300007076,13,3,31,1410,1,1,1,1.0,6,89192,M,4779883.0,317414.0,89
201300007077,13,4,15,1530,1,1,1,1.0,1,89384,M,0.0,0.0,89
201300007078,13,6,28,1815,1,1,1,1.0,6,89334,M,0.0,0.0,89
201300007079,13,8,12,1130,1,1,1,1.0,1,89473,M,4788811.0,335324.0,89
201300007080,13,11,15,1630,1,1,1,1.0,7,89317,M,4788722.0,317641.0,89
201300007081,13,2,9,1515,1,1,1,8.0,7,89056,M,4798732.0,351019.0,89
201300007082,13,2,19,1230,1,2,1,1.0,1,89056,M,4799454.0,347895.0,89
201300007083,13,4,8,1100,1,2,7,1.0,6,89257,M,4796247.0,351392.0,89
201300007084,13,4,9,710,2,2,1,3.0,3,89055,M,4799013.0,361527.0,89
201300007085,13,4,12,610,2,2,2,8.0,3,89050,M,4793322.0,352984.0,89
201300007086,13,4,24,1615,1,1,1,1.0,5,89055,M,4799939.0,364831.0,89
201300007087,13,5,18,2215,3,1,1,1.0,6,89218,M,4796518.0,346769.0,89
201300007088,13,5,31,1700,1,1,2,2.0,3,89257,M,4796900.0,351400.0,89
201300007089,13,6,15,2030,1,2,9,1.0,3,89218,M,4796800.0,348500.0,89
201300007090,13,7,22,1430,1,2,1,1.0,1,89152,M,0.0,0.0,89
201300007091,13,8,1,1040,1,1,1,1.0,2,89029,M,4792400.0,351400.0,89
201300007092,13,9,1,630,3,1,1,1.0,6,89257,M,4797635.0,355273.0,89
201300007093,13,9,14,915,1,2,2,2.0,3,89099,M,4795424.0,353247.0,89
201300007094,13,10,11,1700,1,1,1,2.0,2,89257,M,4796800.0,351400.0,89
201300007095,13,11,26,1145,1,2,1,1.0,6,89055,M,4799477.0,363209.0,89
201300007096,13,1,5,1900,3,1,1,2.0,6,89411,M,4815416.0,341415.0,89
201300007097,13,2,9,1715,2,1,1,1.0,7,89171,M,4822645.0,351011.0,89
201300007098,13,4,17,1115,1,1,1,1.0,6,89443,M,0.0,0.0,89
201300007099,13,6,11,1745,1,1,1,1.0,1,89443,M,0.0,0.0,89
201300007100,13,7,29,945,1,1,1,1.0,1,89399,M,0.0,0.0,89
201300007101,13,1,11,1600,1,1,1,1.0,6,89285,M,4835290.0,332711.0,89
201300007102,13,3,23,1130,1,1,1,1.0,3,89136,M,4824772.0,328497.0,89
201300007103,13,4,4,800,1,1,1,1.0,6,89332,M,4829830.0,302323.0,89
201300007104,13,6,8,1245,1,1,1,1.0,6,89414,M,4826810.0,335558.0,89
201300007105,13,6,23,1700,1,1,1,1.0,3,89189,M,0.0,0.0,89
201300007106,13,9,1,1715,1,2,1,1.0,6,89309,M,0.0,0.0,89
201300007107,13,11,20,1700,3,2,1,2.0,1,89460,M,4833926.0,306732.0,89
201300007108,13,12,30,645,3,1,1,1.0,3,89456,M,0.0,0.0,89
201300007109,13,4,30,1545,1,1,2,3.0,3,89450,M,0.0,0.0,89
201300007110,13,5,15,1745,1,1,1,1.0,2,89450,M,4821010.0,312809.0,89
201300007111,13,6,23,1800,1,1,1,1.0,6,89467,M,0.0,0.0,89
201300007112,13,8,22,1715,1,1,1,1.0,7,89467,M,0.0,0.0,89
201300007113,13,1,23,2345,3,2,1,1.0,7,89464,M,4808770.0,328686.0,89
201300007114,13,1,28,505,3,1,1,2.0,7,89388,M,4793990.0,325072.0,89
201300007115,13,3,10,1800,1,2,1,1.0,6,89018,M,4804608.0,336199.0,89
201300007116,13,5,15,1245,1,2,1,1.0,6,89464,M,4808196.0,330535.0,89
201300007117,13,7,28,1900,1,2,1,1.0,3,89142,M,4809700.0,345400.0,89
201300007118,13,8,2,1100,1,2,1,1.0,3,89388,M,0.0,0.0,89
201300007119,13,8,23,1900,1,1,1,2.0,7,89142,M,4809000.0,347100.0,89
201300007120,13,9,5,830,1,2,1,1.0,6,89464,M,4808341.0,329556.0,89
201300007121,13,9,27,1515,1,2,1,1.0,1,89464,M,4808800.0,329500.0,89
201300007122,13,3,18,900,1,1,1,9.0,1,89418,M,4784500.0,395700.0,89
201300007123,13,4,2,2015,1,2,1,1.0,6,89386,M,4780654.0,428057.0,89
201300007124,13,11,7,2315,3,1,1,8.0,7,89447,M,4790259.0,393666.0,89
201300007125,13,11,23,1515,1,1,1,8.0,6,89005,M,4777100.0,417400.0,89
201300007126,13,2,3,130,3,1,1,1.0,6,25364,M,0.0,0.0,25
201300007127,13,4,14,1745,1,1,1,1.0,3,25532,M,0.0,0.0,25
201300007128,13,6,22,1815,1,1,1,1.0,1,25410,M,4722800.0,607700.0,25
201300007129,13,7,16,1145,1,1,3,7.0,3,25410,M,0.0,0.0,25
201300007130,13,7,17,1300,1,1,1,1.0,7,25410,M,4722500.0,606100.0,25
201300007131,13,7,22,245,5,2,1,1.0,1,25036,M,4721800.0,596300.0,25
201300007132,13,8,21,930,1,1,1,1.0,4,25410,M,0.0,0.0,25
201300007133,13,8,29,2115,3,1,1,1.0,2,25245,M,0.0,0.0,25
201300007134,13,12,8,1300,1,1,1,1.0,6,25267,M,4724700.0,613800.0,25
201300007135,13,2,28,1600,1,2,4,7.0,5,25558,M,4716000.0,611600.0,25
201300007136,13,6,18,1500,1,1,1,1.0,7,25633,M,0.0,0.0,25
201300007137,13,7,13,1830,1,1,1,1.0,5,25360,M,0.0,0.0,25
201300007138,13,7,17,1145,1,2,1,1.0,7,25375,M,0.0,0.0,25
201300007139,13,1,6,2330,3,1,1,1.0,6,25154,M,0.0,0.0,25
201300007140,13,1,21,1145,1,2,1,1.0,6,25220,M,4712300.0,602500.0,25
201300007141,13,4,13,1600,1,1,1,1.0,7,25336,M,4707800.0,582300.0,25
201300007142,13,4,26,1915,2,2,1,2.0,6,25527,M,0.0,0.0,25
201300007143,13,6,20,30,3,2,1,1.0,6,25502,M,4715700.0,581800.0,25
201300007144,13,6,24,700,1,1,1,2.0,1,25450,M,4707900.0,588300.0,25
201300007145,13,7,16,1400,1,1,1,1.0,1,25287,M,4719200.0,589000.0,25
201300007146,13,8,2,2245,3,1,1,1.0,6,25438,M,0.0,0.0,25
201300007147,13,8,17,845,1,2,8,1.0,1,25021,M,4703500.0,577700.0,25
201300007148,13,8,20,1445,1,2,1,1.0,6,25397,M,4718200.0,591000.0,25
201300007149,13,9,22,1545,1,1,1,1.0,2,25195,M,4720103.0,586288.0,25
201300007150,13,10,7,2100,3,1,1,1.0,6,25109,M,4713300.0,593200.0,25
201300007151,13,10,11,730,2,1,1,3.0,2,25103,M,4718000.0,596500.0,25
201300007152,13,11,21,2100,3,1,1,8.0,1,25631,M,0.0,0.0,25
201300007153,13,11,25,2045,3,2,1,1.0,6,25287,M,4714874.0,641970.0,25
201300007154,13,12,2,630,3,1,2,1.0,3,25466,M,4719700.0,584800.0,25
201300007155,13,6,16,530,2,2,1,1.0,6,25057,M,0.0,0.0,25
201300007156,13,10,18,900,1,2,1,1.0,6,25057,M,0.0,0.0,25
201300007157,13,10,25,30,5,2,1,1.0,6,25057,M,0.0,0.0,25
201300007158,13,11,7,715,1,1,1,1.0,5,25057,M,0.0,0.0,25
201300007159,13,12,19,1330,1,2,1,1.0,6,25057,M,4753300.0,679600.0,25
201300007160,13,1,10,1645,2,1,1,2.0,1,25170,M,0.0,0.0,25
201300007161,13,4,15,1915,1,1,1,1.0,2,25043,M,0.0,0.0,25
201300007162,13,9,20,1500,1,2,1,1.0,3,25198,M,0.0,0.0,25
201300007163,13,10,13,345,5,2,1,8.0,6,25198,M,4753386.0,682119.0,25
201300007164,13,10,25,1715,1,1,2,1.0,3,25481,M,0.0,0.0,25
201300007165,13,3,15,1145,1,1,1,1.0,6,25040,M,4751700.0,693100.0,25
201300007166,13,4,22,2200,5,2,1,1.0,6,25237,M,4752900.0,690500.0,25
201300007167,13,7,3,1945,1,1,1,3.0,6,25304,M,4743400.0,688800.0,25
201300007168,13,8,14,1000,1,2,1,1.0,3,25190,M,0.0,0.0,25
201300007169,13,9,17,700,2,1,1,2.0,1,25228,M,4751400.0,688000.0,25
201300007170,13,10,5,1100,1,2,1,3.0,1,25228,M,4751000.0,685700.0,25
201300007171,13,10,22,1345,1,2,1,1.0,6,25555,M,4750200.0,685300.0,25
201300007172,13,11,16,400,5,2,1,1.0,2,25367,M,4745100.0,681500.0,25
201300007173,13,3,9,1930,3,1,1,1.0,6,25255,M,0.0,0.0,25
201300007174,13,4,14,930,1,2,1,1.0,3,25127,M,4721298.0,682539.0,25
201300007175,13,4,28,1445,1,1,1,1.0,1,25091,M,0.0,0.0,25
201300007176,13,5,12,1430,1,2,1,2.0,2,25356,M,4725239.0,680461.0,25
201300007177,13,5,18,1800,1,1,1,1.0,2,25234,M,0.0,0.0,25
201300007178,13,6,19,1700,1,1,1,1.0,5,25127,M,0.0,0.0,25
201300007179,13,12,3,930,1,2,1,7.0,6,25571,M,0.0,0.0,25
201300007180,13,1,8,1645,2,2,3,1.0,3,25082,M,4741800.0,677900.0,25
201300007181,13,3,16,1945,3,1,4,1.0,1,25426,M,0.0,0.0,25
201300007182,13,7,20,1200,1,1,1,1.0,7,25387,M,4729000.0,681900.0,25
201300007183,13,7,21,300,3,1,1,1.0,7,25370,M,4745800.0,676900.0,25
201300007184,13,7,21,2045,1,1,1,1.0,7,25519,M,0.0,0.0,25
201300007185,13,11,10,715,2,2,1,8.0,7,25082,M,0.0,0.0,25
201300007186,13,1,15,1100,1,1,3,4.0,3,25298,M,4734500.0,630600.0,25
201300007187,13,3,11,1830,1,1,3,1.0,3,25006,M,4731200.0,636700.0,25
201300007188,13,4,11,1330,1,1,1,8.0,7,25408,M,4743100.0,629200.0,25
201300007189,13,6,8,1245,1,1,1,1.0,1,25546,M,4731900.0,631400.0,25
201300007190,13,8,28,745,1,1,1,5.0,1,25047,M,4736800.0,637800.0,25
201300007191,13,9,10,900,1,1,1,3.0,3,25032,M,4737900.0,637900.0,25
201300007192,13,9,12,2030,3,1,1,1.0,6,25499,M,4745400.0,637400.0,25
201300007193,13,12,31,1500,1,1,1,1.0,6,25047,M,0.0,0.0,25
201300007194,13,1,9,1345,1,1,1,5.0,3,25529,M,0.0,0.0,25
201300007195,13,2,20,1930,3,1,1,1.0,6,25022,M,4751700.0,667700.0,25
201300007196,13,3,17,1345,1,1,1,2.0,1,25018,M,0.0,0.0,25
201300007197,13,4,2,1615,1,1,1,1.0,1,25022,M,4751400.0,667100.0,25
201300007198,13,6,16,1545,1,2,1,7.0,7,25022,M,4753200.0,667100.0,25
201300007199,13,7,12,1645,1,2,1,1.0,6,25327,M,4739300.0,662500.0,25
201300007200,13,8,14,1745,1,1,1,1.0,2,25479,M,4742000.0,656300.0,25
201300007201,13,8,18,1745,1,1,1,8.0,3,25372,M,0.0,0.0,25
201300007202,13,10,15,1945,1,1,1,2.0,6,25345,M,0.0,0.0,25
201300007203,13,11,23,1315,1,1,1,8.0,6,25479,M,4743200.0,657900.0,25
201300007204,13,1,10,1700,2,2,1,3.0,1,25508,M,4731737.0,623213.0,25
201300007205,13,3,29,1845,1,2,1,2.0,3,25429,M,4728603.0,613172.0,25
201300007206,13,5,15,1600,1,1,1,2.0,1,25538,M,4734000.0,628200.0,25
201300007207,13,5,25,2145,3,1,1,1.0,1,25468,M,4735800.0,619700.0,25
201300007208,13,6,16,1845,1,1,1,1.0,1,25468,M,4735800.0,619800.0,25