Num_Acc,an,mois,jour,hrmn,lum,agg,int,atm,col,com,gps,lat,long,dep
201300007209,13,6,27,630,1,2,1,1.0,1,25086,M,0.0,0.0,25
201300007210,13,7,5,445,2,2,1,1.0,3,25429,M,0.0,0.0,25
201300007211,13,8,16,1600,1,1,1,1.0,1,25137,M,0.0,0.0,25
201300007212,13,10,17,1215,1,2,1,1.0,6,25508,M,0.0,0.0,25
201300007213,13,12,22,1700,3,1,1,1.0,1,25538,M,0.0,0.0,25
201300007214,13,1,7,700,3,1,1,5.0,6,25605,M,0.0,0.0,25
201300007215,13,1,18,1045,1,1,1,1.0,7,25424,M,0.0,0.0,25
201300007216,13,1,31,1345,1,1,1,1.0,6,25262,M,4713700.0,658600.0,25
201300007217,13,2,11,2015,3,1,1,4.0,1,25218,M,0.0,0.0,25
201300007218,13,3,11,1645,1,2,1,1.0,3,25601,M,0.0,0.0,25
201300007219,13,3,17,600,2,1,1,2.0,6,25447,M,0.0,0.0,25
201300007220,13,4,8,1710,1,1,1,1.0,7,25578,M,0.0,0.0,25
201300007221,13,5,31,2300,3,1,1,3.0,3,25262,M,0.0,0.0,25
201300007222,13,6,1,1045,1,1,1,8.0,7,25349,M,0.0,0.0,25
201300007223,13,7,13,1500,1,1,1,1.0,7,25233,M,0.0,0.0,25
201300007224,13,7,28,630,1,2,1,1.0,7,25227,M,4712202.0,634238.0,25
201300007225,13,7,28,700,2,2,1,1.0,7,25578,M,4715001.0,635211.0,25
201300007226,13,8,19,1900,1,2,1,1.0,6,25435,M,4725200.0,638900.0,25
201300007227,13,9,17,2030,5,2,1,3.0,6,25578,M,4715465.0,632864.0,25
201300007228,13,9,22,1130,1,1,1,1.0,3,25222,M,0.0,0.0,25
201300007229,13,10,19,1345,1,2,1,1.0,3,25601,M,0.0,0.0,25
201300007230,13,10,24,1800,1,2,1,1.0,3,25578,M,0.0,0.0,25
201300007231,13,12,18,1530,1,2,1,1.0,1,25601,M,0.0,0.0,25
201300007232,13,12,20,1830,5,2,1,1.0,6,25578,M,4714984.0,633913.0,25
201300007233,13,1,20,1800,3,1,1,4.0,1,25157,M,4684100.0,637000.0,25
201300007234,13,4,12,1500,1,1,1,3.0,6,25282,M,0.0,0.0,25
201300007235,13,4,20,330,3,1,1,2.0,6,25334,M,0.0,0.0,25
201300007236,13,5,7,2100,2,1,1,1.0,6,25634,M,0.0,0.0,25
201300007237,13,7,19,1345,1,2,1,3.0,3,25157,M,0.0,0.0,25
201300007238,13,8,10,2130,3,1,1,1.0,6,25634,M,4696500.0,634300.0,25
201300007239,13,8,26,615,2,1,1,5.0,3,25157,M,4684900.0,637100.0,25
201300007240,13,9,22,900,1,1,1,1.0,1,25029,M,0.0,0.0,25
201300007241,13,12,20,1930,3,1,1,5.0,6,25079,M,4692700.0,612000.0,25
201300007242,13,12,21,100,3,1,1,5.0,1,25110,M,4693400.0,623200.0,25
201300007243,13,4,14,1900,1,1,1,1.0,6,25380,M,0.0,0.0,25
201300007244,13,4,27,2020,3,1,1,4.0,3,25514,M,0.0,0.0,25
201300007245,13,5,5,1600,1,1,1,1.0,7,25318,M,0.0,0.0,25
201300007246,13,6,7,500,2,2,1,5.0,1,25320,M,0.0,0.0,25
201300007247,13,6,28,1630,1,1,1,1.0,1,25320,M,0.0,0.0,25
201300007248,13,8,23,730,2,1,1,1.0,7,25592,M,0.0,0.0,25
201300007249,13,9,17,1800,1,1,1,1.0,3,25096,M,0.0,0.0,25
201300007250,13,9,18,1415,1,2,1,2.0,6,25318,M,0.0,0.0,25
201300007251,13,12,2,1800,5,2,1,1.0,6,25318,M,0.0,0.0,25
201300007252,13,12,18,1615,1,1,1,1.0,6,25320,M,0.0,0.0,25
201300007253,13,2,1,1830,5,2,1,3.0,6,25411,M,0.0,0.0,25
201300007254,13,4,6,615,3,1,1,8.0,6,25050,M,4709900.0,662900.0,25
201300007255,13,4,14,445,3,1,1,1.0,6,25391,M,0.0,0.0,25
201300007256,13,5,29,1815,1,1,1,8.0,1,25160,M,0.0,0.0,25
201300007257,13,8,9,1230,1,1,1,1.0,1,25099,M,0.0,0.0,25
201300007258,13,9,22,1400,1,1,1,1.0,7,25050,M,0.0,0.0,25
201300007259,13,10,12,645,3,1,1,8.0,7,25050,M,0.0,0.0,25
201300007260,13,8,1,1130,1,2,1,1.0,6,04070,M,4409444.0,623956.0,04
201300007261,13,2,25,2215,3,1,1,1.0,1,39171,M,0.0,0.0,39
201300007262,13,5,22,1000,1,1,1,2.0,3,39217,M,0.0,0.0,39
201300007263,13,6,16,1545,1,1,1,1.0,5,39313,M,0.0,0.0,39
201300007264,13,8,30,1415,1,1,1,1.0,1,39558,M,0.0,0.0,39
201300007265,13,8,30,1630,1,1,1,1.0,1,39327,M,0.0,0.0,39
201300007266,13,10,24,1700,1,1,1,1.0,7,39348,M,0.0,0.0,39
201300007267,13,11,10,1800,3,1,1,2.0,7,39156,M,0.0,0.0,39
201300007268,13,6,15,1715,1,1,1,7.0,1,39021,M,0.0,0.0,39
201300007269,13,6,18,1015,1,1,1,1.0,1,39303,M,0.0,0.0,39
201300007270,13,9,17,915,1,2,1,1.0,6,39397,M,0.0,0.0,39
201300007271,13,10,29,1745,5,2,3,1.0,3,39397,M,0.0,0.0,39
201300007272,13,8,5,1215,1,1,1,1.0,6,39422,M,0.0,0.0,39
201300007273,13,4,2,1015,1,1,1,1.0,7,39088,M,0.0,0.0,39
201300007274,13,6,22,1830,1,2,9,1.0,3,39475,M,4673600.0,557100.0,39
201300007275,13,7,26,1830,1,1,1,1.0,6,39466,M,0.0,0.0,39
201300007276,13,10,26,1145,1,1,2,1.0,3,39474,M,0.0,0.0,39
201300007277,13,4,4,1530,1,1,1,1.0,1,39009,M,0.0,0.0,39
201300007278,13,5,3,1445,1,1,1,2.0,6,39376,M,0.0,0.0,39
201300007279,13,6,10,1100,1,1,1,8.0,1,39545,M,0.0,0.0,39
201300007280,13,2,7,815,1,1,1,4.0,3,39227,M,4663800.0,603000.0,39
201300007281,13,5,3,1015,1,1,1,1.0,3,39116,M,4687000.0,581200.0,39
201300007282,13,5,20,1715,1,1,1,8.0,5,39081,M,4688600.0,572000.0,39
201300007283,13,6,30,1545,1,1,1,1.0,6,39049,M,4686500.0,560600.0,39
201300007284,13,7,13,200,3,1,1,1.0,1,39013,M,4691900.0,577100.0,39
201300007285,13,7,27,1415,1,1,1,1.0,1,39081,M,0.0,0.0,39
201300007286,13,7,27,1715,1,2,1,1.0,3,39049,M,4686500.0,560400.0,39
201300007287,13,8,9,1845,1,1,1,1.0,3,39013,M,4690300.0,574500.0,39
201300007288,13,8,29,700,2,1,1,1.0,3,39013,M,4690100.0,573800.0,39
201300007289,13,11,4,1400,1,1,1,3.0,1,39434,M,4682200.0,574000.0,39
201300007290,13,11,11,1715,2,1,1,8.0,3,39434,M,4684000.0,569600.0,39
201300007291,13,6,4,1815,1,1,1,1.0,6,39176,M,0.0,0.0,39
201300007292,13,6,14,1845,1,2,1,1.0,6,39436,M,4687600.0,590000.0,39
201300007293,13,7,8,815,1,1,1,1.0,1,39500,M,0.0,0.0,39
201300007294,13,8,29,2345,3,1,1,1.0,7,39439,M,4699600.0,582200.0,39
201300007295,13,9,8,1930,2,1,1,3.0,1,39500,M,0.0,0.0,39
201300007296,13,9,27,745,1,1,3,1.0,3,39500,M,0.0,0.0,39
201300007297,13,10,28,1730,2,1,1,2.0,6,39202,M,0.0,0.0,39
201300007298,13,1,24,2200,5,2,1,1.0,3,39526,M,4703600.0,540200.0,39
201300007299,13,4,10,2045,3,1,1,3.0,7,39233,M,4709500.0,545300.0,39
201300007300,13,5,11,815,1,1,1,1.0,5,39233,M,0.0,0.0,39
201300007301,13,6,20,1815,1,1,1,1.0,1,39270,M,4714200.0,547500.0,39
201300007302,13,7,12,730,1,2,1,1.0,3,39405,M,4702700.0,549400.0,39
201300007303,13,7,12,1745,1,2,1,1.0,1,39476,M,4702900.0,533800.0,39
201300007304,13,10,5,515,3,1,6,1.0,3,39150,M,0.0,0.0,39
201300007305,13,11,10,700,2,2,1,2.0,6,39101,M,0.0,0.0,39
201300007306,13,11,8,1700,2,2,1,3.0,6,39412,M,0.0,0.0,39
201300007307,13,2,11,815,1,1,1,4.0,1,39048,M,4702300.0,561500.0,39
201300007308,13,4,15,1030,1,1,1,1.0,1,39387,M,0.0,0.0,39
201300007309,13,7,16,2330,3,1,1,1.0,7,39149,M,4702300.0,572700.0,39
201300007310,13,8,22,2145,3,1,1,1.0,7,39415,M,4692300.0,534300.0,39
201300007311,13,11,7,1615,1,2,1,1.0,3,39415,M,0.0,0.0,39
201300007312,13,3,17,1215,1,1,2,2.0,1,39074,M,4724700.0,555400.0,39
201300007313,13,5,17,745,1,2,1,2.0,1,39449,M,4715800.0,548400.0,39
201300007314,13,6,30,1500,1,1,1,1.0,3,39188,M,4726600.0,554500.0,39
201300007315,13,7,16,2015,1,1,1,1.0,3,39499,M,4723700.0,563900.0,39
201300007316,13,8,30,1415,1,1,1,1.0,1,39235,M,4715100.0,574900.0,39
201300007317,13,2,12,1730,1,1,1,9.0,5,39510,M,0.0,0.0,39
201300007318,13,2,20,2345,5,2,1,1.0,6,39478,M,4639000.0,586000.0,39
201300007319,13,4,25,1230,1,2,1,1.0,1,39102,M,0.0,0.0,39
201300007320,13,7,20,1300,1,1,1,1.0,2,39157,M,0.0,0.0,39
201300007321,13,9,27,1530,1,1,1,1.0,6,39491,M,0.0,0.0,39
201300007322,13,11,28,900,1,1,1,8.0,1,39547,M,0.0,0.0,39
201300007323,13,7,2,800,1,1,1,1.0,3,39441,M,4643300.0,602300.0,39
201300007324,13,7,19,1400,1,2,1,2.0,2,39059,M,0.0,0.0,39
201300007325,13,7,21,1630,1,2,1,1.0,3,39470,M,0.0,0.0,39
201300007326,13,8,20,1700,1,1,1,1.0,6,39131,M,0.0,0.0,39
201300007327,13,8,23,2015,2,2,1,1.0,3,39368,M,0.0,0.0,39
201300007328,13,9,15,1645,1,1,1,8.0,7,39258,M,0.0,0.0,39
201300007329,13,10,9,715,2,2,1,1.0,6,39115,M,0.0,0.0,39
201300007330,13,10,30,1415,1,2,1,1.0,3,39487,M,0.0,0.0,39
201300007331,13,11,26,1745,4,2,1,1.0,6,39470,M,4648000.0,606500.0,39
201300007332,13,12,26,1730,3,1,1,4.0,3,39470,M,4648900.0,604300.0,39
201300007333,13,6,20,740,1,2,9,1.0,3,04112,M,,,04
201300007334,13,6,17,1230,1,2,1,1.0,6,04112,M,,,04
201300007335,13,6,22,1450,1,2,1,1.0,6,04112,M,,,04
201300007336,13,6,17,910,1,2,3,1.0,3,04112,M,,,04
201300007337,13,6,23,1811,1,2,1,1.0,3,04112,M,,,04
201300007338,13,7,5,1825,1,1,2,1.0,3,04112,M,,,04
201300007339,13,7,15,15,3,1,1,1.0,6,70042,M,0.0,0.0,70
201300007340,13,8,9,2015,1,1,1,1.0,1,70433,M,0.0,0.0,70
201300007341,13,8,21,1400,1,1,1,1.0,6,70042,M,0.0,0.0,70
201300007342,13,11,24,1745,3,1,6,1.0,7,70517,M,0.0,0.0,70
201300007343,13,8,26,1015,1,1,1,2.0,6,70329,M,0.0,0.0,70
201300007344,13,12,8,730,2,2,1,1.0,6,70292,M,0.0,0.0,70
201300007345,13,2,21,1845,3,1,2,1.0,3,70566,M,0.0,0.0,70
201300007346,13,3,30,200,3,1,1,2.0,7,70457,M,0.0,0.0,70
201300007347,13,4,16,1215,1,1,1,1.0,5,70235,M,0.0,0.0,70
201300007348,13,4,19,1200,1,2,1,1.0,1,70167,M,0.0,0.0,70
201300007349,13,5,27,1215,1,1,1,1.0,1,70278,M,0.0,0.0,70
201300007350,13,6,10,815,1,2,1,1.0,3,70421,M,0.0,0.0,70
201300007351,13,8,23,1715,1,1,1,1.0,3,70482,M,0.0,0.0,70
201300007352,13,8,27,1215,1,1,1,1.0,1,70044,M,0.0,0.0,70
201300007353,13,1,5,1730,2,1,1,8.0,1,70431,M,0.0,0.0,70
201300007354,13,1,8,1615,1,1,1,8.0,1,70208,M,0.0,0.0,70
201300007355,13,4,25,745,1,2,1,1.0,1,70441,M,0.0,0.0,70
201300007356,13,9,21,730,2,1,1,5.0,1,70109,M,0.0,0.0,70
201300007357,13,10,10,1300,1,1,1,2.0,1,70383,M,0.0,0.0,70
201300007358,13,11,15,700,2,1,1,1.0,1,70407,M,0.0,0.0,70
201300007359,13,11,27,1000,1,1,5,1.0,5,70493,M,0.0,0.0,70
201300007360,13,12,12,1700,2,1,1,1.0,1,70493,M,0.0,0.0,70
201300007361,13,1,13,815,1,1,1,4.0,6,70432,M,0.0,0.0,70
201300007362,13,3,27,1600,1,1,1,1.0,3,70577,M,0.0,0.0,70
201300007363,13,4,5,1830,1,2,1,8.0,7,70004,M,0.0,0.0,70
201300007364,13,4,5,1230,1,1,1,1.0,7,70310,M,0.0,0.0,70
201300007365,13,5,11,1530,1,1,1,1.0,1,70262,M,0.0,0.0,70
201300007366,13,6,5,1845,1,2,1,1.0,7,70310,M,0.0,0.0,70
201300007367,13,7,31,1630,1,1,1,1.0,6,70432,M,0.0,0.0,70
201300007368,13,9,3,1700,1,2,1,1.0,3,70310,M,0.0,0.0,70
201300007369,13,10,19,1700,1,1,1,1.0,3,70260,M,0.0,0.0,70
201300007370,13,11,22,1745,5,2,1,1.0,6,70321,M,0.0,0.0,70
201300007371,13,1,4,1515,1,1,1,5.0,5,70313,M,0.0,0.0,70
201300007372,13,4,5,1430,1,2,3,1.0,1,70451,M,0.0,0.0,70
201300007373,13,7,8,1715,1,2,1,1.0,2,70339,M,0.0,0.0,70
201300007374,13,9,9,1715,1,2,1,1.0,1,70451,M,4769900.0,663200.0,70
201300007375,13,11,3,1745,3,1,1,2.0,2,70256,M,0.0,0.0,70
201300007376,13,11,22,2215,5,2,8,1.0,3,70120,M,0.0,0.0,70
201300007377,13,2,10,915,1,1,1,1.0,5,70031,M,0.0,0.0,70
201300007378,13,9,7,1115,1,2,1,1.0,1,70506,M,0.0,0.0,70
201300007379,13,9,29,730,1,1,1,2.0,6,70096,M,0.0,0.0,70
201300007380,13,11,8,2345,5,2,1,2.0,3,70477,M,0.0,0.0,70
201300007381,13,12,5,1945,3,1,1,9.0,3,70530,M,0.0,0.0,70
201300007382,13,1,6,930,1,1,1,2.0,6,70141,M,0.0,0.0,70
201300007383,13,3,16,1600,1,1,1,1.0,3,70473,M,0.0,0.0,70
201300007384,13,6,4,1745,1,2,1,7.0,1,70311,M,0.0,0.0,70
201300007385,13,12,10,550,3,1,1,9.0,7,70537,M,0.0,0.0,70
201300007386,13,1,25,815,1,1,1,8.0,2,70240,M,0.0,0.0,70
201300007387,13,4,4,2130,3,1,1,1.0,7,70171,M,0.0,0.0,70
201300007388,13,6,24,130,3,1,1,1.0,5,70245,M,0.0,0.0,70
201300007389,13,9,5,1515,1,2,3,1.0,5,70097,M,0.0,0.0,70
201300007390,13,10,6,1615,1,1,1,1.0,1,70245,M,0.0,0.0,70
201300007391,13,12,10,1100,1,2,1,1.0,6,70526,M,0.0,0.0,70
201300007392,13,1,15,1930,3,1,1,4.0,6,70331,M,0.0,0.0,70
201300007393,13,2,6,1930,3,1,1,4.0,7,70132,M,0.0,0.0,70
201300007394,13,4,28,115,5,2,6,2.0,6,70279,M,0.0,0.0,70
201300007395,13,7,27,2230,3,1,1,1.0,7,70024,M,0.0,0.0,70
201300007396,13,7,27,1215,1,2,1,1.0,1,70279,M,0.0,0.0,70
201300007397,13,7,27,1115,1,1,1,1.0,5,70279,M,0.0,0.0,70
201300007398,13,8,1,100,5,2,1,1.0,7,70026,M,0.0,0.0,70
201300007399,13,8,30,1730,1,1,1,1.0,1,70331,M,0.0,0.0,70
201300007400,13,10,19,1200,1,2,1,1.0,1,70026,M,0.0,0.0,70
201300007401,13,10,21,15,3,1,1,1.0,6,70220,M,0.0,0.0,70
201300007402,13,10,28,1150,1,1,1,8.0,1,70279,M,0.0,0.0,70
201300007403,13,11,8,1800,3,1,1,3.0,1,70026,M,0.0,0.0,70
201300007404,13,1,27,1845,3,2,1,2.0,6,70053,M,0.0,0.0,70
201300007405,13,8,18,2015,2,2,1,1.0,6,70568,M,0.0,0.0,70
201300007406,13,12,2,1845,3,1,1,1.0,7,70299,M,0.0,0.0,70
201300007407,13,4,6,546,3,1,1,1.0,1,90015,M,0.0,0.0,90
201300007408,13,5,31,900,1,1,1,3.0,6,90093,M,0.0,0.0,90
201300007409,13,6,4,801,1,1,1,1.0,6,90068,M,0.0,0.0,90
201300007410,13,7,16,2300,3,2,1,1.0,6,90087,M,0.0,0.0,90
201300007411,13,8,18,1400,1,2,1,1.0,1,90093,M,0.0,0.0,90
201300007412,13,10,26,1255,1,1,1,1.0,4,90015,M,0.0,0.0,90
201300007413,13,1,26,1415,1,1,1,1.0,6,90045,M,0.0,0.0,90
201300007414,13,3,25,645,2,1,1,4.0,6,90081,M,0.0,0.0,90
201300007415,13,4,13,1801,1,1,1,1.0,7,90046,M,0.0,0.0,90
201300007416,13,3,21,1505,1,1,6,1.0,3,90091,M,4769000.0,696000.0,90
201300007417,13,5,3,2345,3,1,1,1.0,6,90005,M,4773200.0,676000.0,90
201300007418,13,6,4,1831,1,2,3,1.0,3,90089,M,4773600.0,697400.0,90
201300007419,13,6,22,1601,1,2,1,1.0,3,90089,M,0.0,0.0,90
201300007420,13,7,8,315,5,2,1,1.0,6,90052,M,4774000.0,683000.0,90
201300007421,13,10,8,1544,1,2,1,2.0,7,90058,M,0.0,0.0,90
201300007422,13,10,31,803,1,2,1,1.0,2,90023,M,4771400.0,683800.0,90
201300007423,13,12,11,715,3,2,1,9.0,6,90091,M,0.0,0.0,90
201300007424,13,12,13,930,1,1,1,1.0,3,90052,M,0.0,0.0,90
201300007425,13,12,24,830,1,2,1,1.0,3,90041,M,0.0,0.0,90
201300007426,13,8,12,1100,1,2,1,1.0,3,90031,M,4763200.0,699500.0,90
201300007427,13,8,20,1345,1,1,1,1.0,7,90050,M,0.0,0.0,90
201300007428,13,9,25,1530,1,1,1,1.0,1,90053,M,0.0,0.0,90
201300007429,13,10,31,2005,5,2,1,1.0,6,90053,M,0.0,0.0,90
201300007430,13,7,30,1930,1,1,1,1.0,5,26141,M,0.0,0.0,26
201300007431,13,8,15,1500,1,1,1,1.0,6,26069,M,0.0,0.0,26
201300007432,13,8,21,1500,1,1,1,1.0,1,26248,M,0.0,0.0,26
201300007433,13,10,30,1400,1,1,1,7.0,6,26069,M,0.0,0.0,26
201300007434,13,12,11,1145,1,1,1,9.0,6,26277,M,0.0,0.0,26
201300007435,13,1,8,1300,1,1,1,1.0,5,38344,M,4539480.0,480822.0,38
201300007436,13,2,8,1615,1,1,1,1.0,5,26295,M,0.0,0.0,26
201300007437,13,2,26,445,3,1,1,1.0,2,26002,M,0.0,0.0,26
201300007438,13,3,16,1715,1,1,1,1.0,7,38448,M,0.0,0.0,38
201300007439,13,6,22,730,1,1,1,1.0,6,38344,M,0.0,0.0,38
201300007440,13,6,28,1845,1,1,1,1.0,6,26295,M,0.0,0.0,26
201300007441,13,7,6,1100,1,1,1,1.0,4,26325,M,0.0,0.0,26
201300007442,13,7,8,715,1,1,1,1.0,7,38468,M,0.0,0.0,38
201300007443,13,7,10,400,3,1,1,1.0,3,38072,M,0.0,0.0,38
201300007444,13,8,17,215,3,1,1,1.0,3,38019,M,0.0,0.0,38
201300007445,13,8,24,715,1,1,1,1.0,2,38468,M,0.0,0.0,38
201300007446,13,9,2,715,2,1,1,1.0,2,38468,M,0.0,0.0,38
201300007447,13,10,13,1730,1,1,1,1.0,2,38344,M,0.0,0.0,38
201300007448,13,10,20,1715,1,1,1,1.0,4,38344,M,4537140.0,480762.0,38
201300007449,13,11,17,2000,3,1,1,1.0,1,38344,M,0.0,0.0,38
201300007450,13,1,17,1915,3,1,1,1.0,5,26179,M,0.0,0.0,26
201300007451,13,1,18,2030,3,1,1,1.0,6,26252,M,0.0,0.0,26
201300007452,13,2,19,1100,1,1,1,1.0,2,26362,M,0.0,0.0,26
201300007453,13,4,14,1230,1,1,1,1.0,5,26072,M,0.0,0.0,26
201300007454,13,4,18,715,1,1,1,1.0,6,26156,M,0.0,0.0,26
201300007455,13,4,23,415,3,1,1,1.0,2,26362,M,0.0,0.0,26
201300007456,13,5,10,1815,1,1,1,1.0,7,26124,M,0.0,0.0,26
201300007457,13,6,15,1730,1,1,1,1.0,6,26072,M,0.0,0.0,26
201300007458,13,6,27,830,1,1,1,1.0,2,26165,M,0.0,0.0,26
201300007459,13,7,3,1900,1,1,1,1.0,6,26252,M,0.0,0.0,26
201300007460,13,7,6,1715,1,2,1,7.0,6,26124,M,4483730.0,489320.0,26
201300007461,13,7,11,1530,1,1,1,1.0,5,26206,M,0.0,0.0,26
201300007462,13,7,12,1445,1,1,1,1.0,6,26208,M,0.0,0.0,26
201300007463,13,7,17,1945,1,1,1,1.0,5,26206,M,0.0,0.0,26
201300007464,13,7,16,1600,1,1,1,1.0,3,26170,M,4490500.0,495700.0,26
201300007465,13,7,16,1445,1,2,2,1.0,1,26124,M,0.0,0.0,26
201300007466,13,7,17,1115,1,1,2,1.0,3,26170,M,4491340.0,494890.0,26
201300007467,13,7,18,1445,1,1,1,1.0,6,26185,M,0.0,0.0,26
201300007468,13,8,12,1545,1,1,3,1.0,3,26166,M,4474350.0,481990.0,26
201300007469,13,8,13,1745,1,1,1,1.0,2,26166,M,0.0,0.0,26
201300007470,13,8,14,1715,2,2,9,1.0,3,26170,M,4490020.0,494490.0,26
201300007471,13,8,14,1515,1,1,1,1.0,3,26144,M,0.0,0.0,26
201300007472,13,8,19,1030,1,1,1,2.0,1,26166,M,0.0,0.0,26
201300007473,13,9,1,915,1,1,1,1.0,6,26124,M,0.0,0.0,26
201300007474,13,8,31,1945,2,2,1,1.0,6,26313,M,4497100.0,495330.0,26
201300007475,13,9,3,845,1,1,1,1.0,3,26006,M,0.0,0.0,26
201300007476,13,9,9,830,1,2,1,1.0,6,26124,M,4483700.0,489360.0,26
201300007477,13,9,11,1100,1,1,1,1.0,7,26232,M,0.0,0.0,26
201300007478,13,9,11,1945,2,1,1,1.0,3,26037,M,0.0,0.0,26
201300007479,13,9,16,1100,1,2,1,1.0,6,26166,M,4475700.0,481900.0,26
201300007480,13,9,20,1545,1,1,2,1.0,3,26170,M,0.0,0.0,26
201300007481,13,9,20,1830,1,1,1,1.0,4,26124,M,0.0,0.0,26
201300007482,13,10,7,1830,1,1,3,1.0,1,26165,M,4477350.0,482860.0,26
201300007483,13,10,18,2230,3,1,1,1.0,2,26252,M,0.0,0.0,26
201300007484,13,10,20,830,1,1,1,3.0,7,26072,M,0.0,0.0,26
201300007485,13,10,23,1700,1,1,1,2.0,3,26058,M,0.0,0.0,26
201300007486,13,11,7,1715,3,1,1,1.0,6,26165,M,0.0,0.0,26
201300007487,13,11,30,1145,1,1,1,8.0,3,26358,M,4479500.0,493530.0,26
201300007488,13,12,9,1745,2,1,1,8.0,7,26144,M,0.0,0.0,26
201300007489,13,12,10,1530,1,1,1,1.0,6,26072,M,0.0,0.0,26
201300007490,13,12,11,1530,1,1,1,1.0,1,26064,M,0.0,0.0,26
201300007491,13,12,13,845,1,1,1,1.0,6,26337,M,0.0,0.0,26
201300007492,13,12,14,1815,1,1,1,1.0,5,26084,M,0.0,0.0,26
201300007493,13,12,19,1345,1,2,1,2.0,6,26042,M,0.0,0.0,26
201300007494,13,7,24,1515,1,2,1,1.0,2,13001,M,4354027.0,548659.0,13
201300007495,13,8,5,1900,2,1,1,1.0,1,13080,M,0.0,0.0,13
201300007496,13,8,20,830,1,2,1,1.0,6,13080,M,4366697.0,543714.0,13
201300007497,13,12,5,2330,3,1,1,1.0,6,13048,M,0.0,0.0,13
201300007498,13,12,15,1845,3,1,1,1.0,5,13048,M,0.0,0.0,13
201300007499,13,7,5,345,3,2,1,1.0,7,13067,M,0.0,0.0,13
201300007500,13,7,13,845,1,1,1,1.0,1,13053,M,0.0,0.0,13
201300007501,13,8,18,1930,1,1,1,1.0,2,13112,M,0.0,0.0,13
201300007502,13,8,21,1915,2,1,1,1.0,6,13009,M,0.0,0.0,13
201300007503,13,9,15,1245,1,1,1,1.0,3,13034,M,0.0,0.0,13
201300007504,13,9,24,1530,1,1,1,1.0,3,13051,M,0.0,0.0,13
201300007505,13,10,25,1645,1,1,1,1.0,6,13009,M,0.0,0.0,13
201300007506,13,10,28,2215,3,1,1,1.0,6,13067,M,0.0,0.0,13
201300007507,13,10,30,1700,1,1,1,1.0,6,13069,M,0.0,0.0,13
201300007508,13,11,5,930,1,1,1,1.0,3,13076,M,0.0,0.0,13
201300007509,13,11,13,500,3,1,1,1.0,2,13049,M,0.0,0.0,13
201300007510,13,1,7,1730,2,1,1,1.0,3,13062,M,0.0,0.0,13
201300007511,13,1,30,1245,1,2,7,1.0,3,13041,M,4345526.0,547073.0,13
201300007512,13,2,7,845,1,2,6,7.0,6,13041,M,4343401.0,546618.0,13
201300007513,13,2,7,1700,1,2,1,1.0,6,13041,M,0.0,0.0,13
201300007514,13,2,14,1545,1,1,1,1.0,3,13015,M,0.0,0.0,13
201300007515,13,2,26,1130,1,1,1,1.0,6,13060,M,4348847.0,551051.0,13
201300007516,13,3,26,1715,1,2,9,1.0,6,13041,M,4345624.0,546429.0,13
201300007517,13,5,17,845,1,1,1,1.0,3,13041,M,0.0,0.0,13
201300007518,13,5,31,1030,1,1,9,1.0,2,13041,M,0.0,0.0,13
201300007519,13,6,7,2100,1,1,6,1.0,6,13041,M,4345419.0,545503.0,13
201300007520,13,7,4,2130,2,1,1,1.0,7,13060,M,0.0,0.0,13
201300007521,13,7,15,645,1,1,1,1.0,6,13041,M,4345086.0,549887.0,13
201300007522,13,7,12,1715,1,2,1,1.0,3,13062,M,0.0,0.0,13
201300007523,13,8,9,700,1,1,1,1.0,6,13041,M,4344204.0,545801.0,13
201300007524,13,8,25,345,3,1,1,1.0,6,13060,M,4350350.0,551136.0,13
201300007525,13,9,15,1845,2,1,1,1.0,6,13041,M,4347500.0,546200.0,13
201300007526,13,10,2,1615,1,1,1,1.0,1,13041,M,0.0,0.0,13
201300007527,13,10,1,1015,1,1,9,1.0,6,13062,M,0.0,0.0,13
201300007528,13,10,13,1800,1,1,1,1.0,3,13041,M,0.0,0.0,13
201300007529,13,10,21,45,5,2,6,8.0,6,13041,M,0.0,0.0,13
201300007530,13,12,10,745,2,1,1,9.0,1,13062,M,0.0,0.0,13
201300007531,13,1,14,745,2,1,1,1.0,1,13059,M,0.0,0.0,13
201300007532,13,5,13,715,2,2,1,1.0,1,13059,M,0.0,0.0,13
201300007533,13,5,26,1700,1,1,1,1.0,1,13048,M,4364545.0,567926.0,13
201300007534,13,8,10,1700,1,1,1,1.0,2,13099,M,0.0,0.0,13
201300007535,13,9,2,1715,1,1,1,1.0,3,13048,M,4365342.0,561196.0,13
201300007536,13,11,16,2130,5,2,1,1.0,6,13059,M,0.0,0.0,13
201300007537,13,3,11,1300,1,1,1,1.0,7,13107,M,4342905.0,543764.0,13
201300007538,13,5,2,1600,1,2,1,1.0,3,13015,M,4344856.0,543177.0,13
201300007539,13,5,4,1215,1,2,3,1.0,3,13015,M,0.0,0.0,13
201300007540,13,5,21,1715,1,2,1,1.0,1,13015,M,4344685.0,541338.0,13
201300007541,13,6,19,500,5,2,9,1.0,6,13015,M,4344362.0,539759.0,13
201300007542,13,8,23,1515,1,1,1,1.0,2,13107,M,0.0,0.0,13
201300007543,13,10,1,830,1,1,1,1.0,3,13041,M,0.0,0.0,13
201300007544,13,10,31,1930,5,2,1,1.0,1,13107,M,0.0,0.0,13
201300007545,13,4,19,1600,1,1,1,1.0,2,13072,M,0.0,0.0,13
201300007546,13,6,4,1500,1,1,3,1.0,7,13087,M,0.0,0.0,13
201300007547,13,6,20,600,1,1,1,1.0,1,13079,M,0.0,0.0,13
201300007548,13,8,19,945,1,1,1,1.0,3,13110,M,0.0,0.0,13
201300007549,13,9,14,830,1,2,4,1.0,3,13072,M,0.0,0.0,13
201300007550,13,10,31,1815,5,1,9,1.0,3,13072,M,4346321.0,561096.0,13
201300007551,13,10,31,1900,3,1,1,1.0,2,13110,M,0.0,0.0,13
201300007552,13,12,1,1715,3,1,1,1.0,4,13110,M,4345144.0,569423.0,13
201300007553,13,12,19,2130,5,1,4,2.0,6,13110,M,0.0,0.0,13
201300007554,13,1,6,1830,3,1,1,6.0,6,13004,M,0.0,0.0,13
201300007555,13,3,31,15,3,1,1,1.0,6,13004,M,0.0,0.0,13
201300007556,13,6,5,1745,1,2,1,1.0,3,13004,M,0.0,0.0,13