Num_Acc,an,mois,jour,hrmn,lum,agg,int,atm,col,com,gps,lat,long,dep
201300007557,13,6,16,1645,1,1,1,1.0,5,13004,M,0.0,0.0,13
201300007558,13,7,3,1330,1,1,1,1.0,6,13004,M,0.0,0.0,13
201300007559,13,8,2,1600,1,1,1,1.0,1,13004,M,0.0,0.0,13
201300007560,13,9,14,945,1,1,1,1.0,1,13004,M,0.0,0.0,13
201300007561,13,9,20,2300,5,1,9,1.0,6,13004,M,0.0,0.0,13
201300007562,13,10,14,1800,1,1,1,1.0,2,13004,M,0.0,0.0,13
201300007563,13,10,20,2145,3,2,1,1.0,6,13004,M,0.0,0.0,13
201300007564,13,10,31,900,1,1,1,1.0,6,13004,M,0.0,0.0,13
201300007565,13,11,3,1015,1,1,1,1.0,6,13004,M,0.0,0.0,13
201300007566,13,3,9,500,3,1,4,2.0,1,13027,M,0.0,0.0,13
201300007567,13,5,18,600,2,1,1,2.0,6,13027,M,4385922.0,480427.0,13
201300007568,13,7,13,1045,1,1,1,1.0,5,13066,M,0.0,0.0,13
201300007569,13,8,22,815,1,1,1,1.0,3,13066,M,4388435.0,489783.0,13
201300007570,13,11,9,400,3,1,1,8.0,6,13027,M,0.0,0.0,13
201300007571,13,3,3,1645,1,1,1,1.0,1,13096,M,0.0,0.0,13
201300007572,13,4,10,2115,3,1,1,1.0,6,13096,M,0.0,0.0,13
201300007573,13,8,3,400,3,1,1,1.0,1,13096,M,4354429.0,435510.0,13
201300007574,13,8,25,1330,1,2,1,1.0,6,13096,M,4345319.0,442797.0,13
201300007575,13,2,19,2215,3,1,1,1.0,5,13097,M,0.0,0.0,13
201300007576,13,3,26,815,1,1,1,1.0,3,13097,M,0.0,0.0,13
201300007577,13,4,22,2000,1,1,3,1.0,3,13097,M,4362501.0,479703.0,13
201300007578,13,5,26,1815,1,1,1,1.0,2,13097,M,0.0,0.0,13
201300007579,13,7,15,1945,1,1,9,1.0,7,13097,M,4362509.0,474950.0,13
201300007580,13,7,17,1630,1,1,1,1.0,6,13097,M,0.0,0.0,13
201300007581,13,8,22,1600,1,2,7,1.0,6,13097,M,4363729.0,480812.0,13
201300007582,13,10,15,1445,1,1,1,1.0,7,13097,M,0.0,0.0,13
201300007583,13,11,14,1630,1,2,1,1.0,5,13097,M,4363849.0,481097.0,13
201300007584,13,11,26,1145,1,1,1,1.0,3,13097,M,0.0,0.0,13
201300007585,13,2,3,1445,1,1,1,1.0,6,13094,M,0.0,0.0,13
201300007586,13,2,28,1345,1,2,9,1.0,3,13100,M,4379093.0,484074.0,13
201300007587,13,3,9,215,3,1,1,1.0,7,13100,M,0.0,0.0,13
201300007588,13,6,26,115,3,1,1,1.0,6,13036,M,0.0,0.0,13
201300007589,13,12,21,1615,1,1,1,1.0,6,13100,M,4380474.0,482424.0,13
201300007590,13,1,13,1700,2,1,1,2.0,1,13042,M,0.0,0.0,13
201300007591,13,3,22,745,1,2,1,1.0,3,13042,M,0.0,0.0,13
201300007592,13,4,9,1845,1,1,1,1.0,1,13030,M,4326593.0,574826.0,13
201300007593,13,5,6,1915,1,1,1,1.0,6,13042,M,0.0,0.0,13
201300007594,13,6,2,1045,1,1,1,7.0,1,13030,M,0.0,0.0,13
201300007595,13,6,5,1645,1,1,1,1.0,6,13030,M,0.0,0.0,13
201300007596,13,9,3,945,1,2,1,1.0,2,13042,M,0.0,0.0,13
201300007597,13,10,29,945,1,1,1,3.0,1,13042,M,0.0,0.0,13
201300007598,13,10,29,1315,1,1,1,2.0,6,13030,M,0.0,0.0,13
201300007599,13,11,29,1215,1,1,1,1.0,1,13042,M,4328010.0,562104.0,13
201300007600,13,2,27,1615,1,1,1,1.0,3,13022,M,0.0,0.0,13
201300007601,13,3,9,1730,1,1,1,1.0,7,13023,M,4323004.0,565816.0,13
201300007602,13,4,6,1615,1,1,1,2.0,6,13023,M,0.0,0.0,13
201300007603,13,5,12,1545,1,1,1,6.0,7,13022,M,0.0,0.0,13
201300007604,13,5,24,645,1,2,1,1.0,1,13023,M,0.0,0.0,13
201300007605,13,7,21,115,3,1,1,1.0,1,13022,M,0.0,0.0,13
201300007606,13,8,11,745,1,2,1,1.0,3,13022,M,4321803.0,553627.0,13
201300007607,13,9,10,1745,1,2,1,1.0,3,13022,M,0.0,0.0,13
201300007608,13,10,17,1000,1,2,1,1.0,6,13022,M,4321639.0,554278.0,13
201300007609,13,6,2,1545,1,1,1,1.0,1,13085,M,0.0,0.0,13
201300007610,13,7,11,1230,1,1,3,1.0,3,13085,M,0.0,0.0,13
201300007611,13,8,4,1900,1,2,9,1.0,1,13119,M,4325196.0,555703.0,13
201300007612,13,9,26,1745,1,2,1,1.0,3,13085,M,0.0,0.0,13
201300007613,13,6,12,1830,1,2,2,1.0,3,13073,M,0.0,0.0,13
201300007614,13,6,16,1800,1,1,1,1.0,1,13013,M,0.0,0.0,13
201300007615,13,1,25,2000,3,1,1,1.0,5,13086,M,0.0,0.0,13
201300007616,13,2,16,1930,5,2,3,1.0,3,13086,M,0.0,0.0,13
201300007617,13,5,31,1545,1,2,1,1.0,6,13086,M,0.0,0.0,13
201300007618,13,6,24,1530,1,1,1,1.0,7,13007,M,4333005.0,568249.0,13
201300007619,13,9,12,830,1,1,1,1.0,3,13031,M,4339100.0,559000.0,13
201300007620,13,9,27,1200,1,2,1,1.0,2,13007,M,0.0,0.0,13
201300007621,13,10,14,730,2,1,1,1.0,1,13007,M,0.0,0.0,13
201300007622,13,10,30,1200,1,2,1,1.0,6,13086,M,0.0,0.0,13
201300007623,13,11,9,1845,5,2,1,8.0,3,13007,M,0.0,0.0,13
201300007624,13,11,15,2000,3,1,1,1.0,1,13007,M,0.0,0.0,13
201300007625,13,11,20,645,5,1,1,1.0,6,13007,M,4336537.0,561173.0,13
201300007626,13,12,29,1500,1,2,1,1.0,5,13086,M,0.0,0.0,13
201300007627,13,2,19,630,2,1,1,1.0,7,13014,M,0.0,0.0,13
201300007628,13,4,22,1615,1,1,1,1.0,2,13014,M,4349011.0,519944.0,13
201300007629,13,6,17,1515,1,1,1,1.0,1,13092,M,0.0,0.0,13
201300007630,13,7,25,2300,3,1,8,1.0,6,13014,M,0.0,0.0,13
201300007631,13,8,2,830,1,2,1,1.0,6,13014,M,4347602.0,516781.0,13
201300007632,13,1,11,1900,3,1,1,1.0,1,13003,M,0.0,0.0,13
201300007633,13,10,3,945,1,1,1,1.0,1,13035,M,0.0,0.0,13
201300007634,13,5,17,830,1,1,1,1.0,5,13053,M,0.0,0.0,13
201300007635,13,7,28,1030,1,1,1,7.0,6,13053,M,4371761.0,518771.0,13
201300007636,13,9,18,1330,1,1,1,1.0,3,13003,M,0.0,0.0,13
201300007637,13,10,7,1745,1,1,1,1.0,1,13115,M,0.0,0.0,13
201300007638,13,1,10,745,2,1,1,1.0,3,13067,M,0.0,0.0,13
201300007639,13,2,16,2200,3,1,1,1.0,7,13067,M,0.0,0.0,13
201300007640,13,6,13,345,5,1,1,1.0,6,13067,M,0.0,0.0,13
201300007641,13,6,14,1745,1,2,1,1.0,6,13076,M,0.0,0.0,13
201300007642,13,6,22,1600,1,1,1,1.0,1,13089,M,0.0,0.0,13
201300007643,13,7,20,530,2,1,1,1.0,6,13067,M,4377751.0,505318.0,13
201300007644,13,7,22,930,1,1,1,1.0,1,13034,M,0.0,0.0,13
201300007645,13,8,9,1730,1,1,1,1.0,1,13067,M,4377551.0,505450.0,13
201300007646,13,8,12,1830,1,2,6,1.0,1,13064,M,0.0,0.0,13
201300007647,13,8,29,1930,1,1,1,1.0,5,13067,M,0.0,0.0,13
201300007648,13,9,15,1300,1,2,1,1.0,3,13076,M,0.0,0.0,13
201300007649,13,10,3,1615,1,1,1,1.0,6,13076,M,0.0,0.0,13
201300007650,13,10,18,300,3,1,1,1.0,6,13064,M,0.0,0.0,13
201300007651,13,11,5,2300,3,1,1,2.0,6,13076,M,0.0,0.0,13
201300007652,13,1,24,115,1,1,1,1.0,3,13117,M,0.0,0.0,13
201300007653,13,6,11,1130,1,1,1,1.0,1,13081,M,0.0,0.0,13
201300007654,13,9,3,630,2,1,1,1.0,3,13081,M,0.0,0.0,13
201300007655,13,12,14,515,3,1,1,1.0,3,13081,M,0.0,0.0,13
201300007656,13,2,13,1945,3,1,1,1.0,3,13082,M,0.0,0.0,13
201300007657,13,9,30,815,1,1,2,1.0,1,13084,M,4372565.0,528691.0,13
201300007658,13,10,16,1515,1,1,1,1.0,2,13084,M,0.0,0.0,13
201300007659,13,10,25,845,2,2,1,7.0,3,13093,M,0.0,0.0,13
201300007660,13,1,5,145,3,1,1,1.0,6,04122,M,0.0,0.0,04
201300007661,13,1,11,1100,1,1,1,1.0,2,04001,M,0.0,0.0,04
201300007662,13,8,4,1015,1,1,1,1.0,1,04024,M,0.0,0.0,04
201300007663,13,8,13,1500,1,1,1,1.0,4,04070,M,0.0,0.0,04
201300007664,13,9,6,1145,1,1,1,1.0,7,04024,M,0.0,0.0,04
201300007665,13,9,8,1245,1,1,9,1.0,3,04097,M,0.0,0.0,04
201300007666,13,9,18,900,2,1,1,1.0,1,04122,M,0.0,0.0,04
201300007667,13,2,22,2100,3,1,1,1.0,1,04094,M,0.0,0.0,04
201300007668,13,3,22,1700,1,1,1,1.0,5,04230,M,0.0,0.0,04
201300007669,13,5,12,930,1,1,1,1.0,5,04094,M,0.0,0.0,04
201300007670,13,5,24,2215,3,1,1,1.0,1,04189,M,0.0,0.0,04
201300007671,13,8,1,45,3,1,1,1.0,6,04230,M,0.0,0.0,04
201300007672,13,8,7,1800,1,1,1,1.0,3,04230,M,0.0,0.0,04
201300007673,13,9,27,2145,3,1,1,1.0,7,04230,M,0.0,0.0,04
201300007674,13,10,12,630,3,2,1,1.0,6,04094,M,0.0,0.0,04
201300007675,13,1,27,500,5,2,7,1.0,6,04143,M,0.0,0.0,04
201300007676,13,4,22,1845,1,1,1,3.0,7,04116,M,0.0,0.0,04
201300007677,13,5,6,1345,1,1,1,1.0,6,04106,M,0.0,0.0,04
201300007678,13,5,20,1930,1,1,1,1.0,3,04143,M,0.0,0.0,04
201300007679,13,6,14,1400,1,1,1,1.0,1,04041,M,0.0,0.0,04
201300007680,13,8,1,1545,1,2,1,1.0,1,04149,M,0.0,0.0,04
201300007681,13,9,16,1645,1,1,1,1.0,6,04091,M,0.0,0.0,04
201300007682,13,9,26,45,3,1,1,1.0,6,04091,M,0.0,0.0,04
201300007683,13,11,17,600,3,1,1,8.0,6,04116,M,0.0,0.0,04
201300007684,13,12,19,1145,1,1,1,2.0,1,04034,M,0.0,0.0,04
201300007685,13,12,24,1115,1,1,1,1.0,6,04116,M,0.0,0.0,04
201300007686,13,6,10,730,1,1,1,1.0,6,04074,M,0.0,0.0,04
201300007687,13,6,14,1500,1,1,1,1.0,7,04022,M,0.0,0.0,04
201300007688,13,6,30,2345,3,1,1,1.0,7,04084,M,0.0,0.0,04
201300007689,13,10,5,1645,1,1,1,1.0,6,04074,M,4402800.0,625400.0,04
201300007690,13,11,3,1500,1,1,1,1.0,6,04054,M,0.0,0.0,04
201300007691,13,5,31,1740,1,1,1,1.0,6,04100,M,4444000.0,687200.0,04
201300007692,13,6,16,1645,1,2,1,1.0,1,04096,M,0.0,0.0,04
201300007693,13,6,22,1130,1,1,1,1.0,1,04062,M,0.0,0.0,04
201300007694,13,6,22,1545,1,1,1,1.0,1,04062,M,0.0,0.0,04
201300007695,13,8,5,1515,1,1,1,1.0,1,04096,M,0.0,0.0,04
201300007696,13,9,30,1615,1,2,1,1.0,3,04096,M,4433900.0,679100.0,04
201300007697,13,12,23,1100,1,2,7,1.0,6,04019,M,0.0,0.0,04
201300007698,13,3,17,1730,1,1,1,4.0,1,04237,M,0.0,0.0,04
201300007699,13,5,5,1345,1,1,1,1.0,7,04126,M,0.0,0.0,04
201300007700,13,7,11,1115,1,1,1,1.0,2,04203,M,0.0,0.0,04
201300007701,13,6,15,1315,1,1,1,1.0,1,04069,M,0.0,0.0,04
201300007702,13,7,7,1030,1,1,1,1.0,6,04171,M,0.0,0.0,04
201300007703,13,7,6,1445,1,1,1,1.0,6,04171,M,0.0,0.0,04
201300007704,13,8,6,1715,1,1,1,1.0,6,04183,M,4391700.0,654900.0,04
201300007705,13,8,14,1745,1,1,9,2.0,6,04039,M,0.0,0.0,04
201300007706,13,8,31,1315,1,1,1,1.0,1,04039,M,0.0,0.0,04
201300007707,13,9,6,1415,1,1,1,1.0,7,04148,M,0.0,0.0,04
201300007708,13,11,7,1700,1,2,1,1.0,6,04039,M,0.0,0.0,04
201300007709,13,11,11,1130,1,1,1,1.0,7,04171,M,4380800.0,644200.0,04
201300007710,13,11,22,1415,1,1,1,1.0,6,04148,M,0.0,0.0,04
201300007711,13,9,22,1700,1,1,1,1.0,1,04042,M,0.0,0.0,04
201300007712,13,9,27,630,2,1,1,1.0,3,04236,M,4391600.0,660500.0,04
201300007713,13,3,3,1730,2,1,1,1.0,1,04173,M,4394400.0,652300.0,04
201300007714,13,8,15,2345,3,1,1,1.0,1,04061,M,0.0,0.0,04
201300007715,13,8,23,1715,1,2,1,1.0,1,04006,M,4423860.0,662904.0,04
201300007716,13,6,15,1445,1,1,1,1.0,3,04124,M,0.0,0.0,04
201300007717,13,1,11,1445,1,1,1,1.0,3,04088,M,0.0,0.0,04
201300007718,13,5,25,400,3,2,1,1.0,6,04088,M,4395241.0,577382.0,04
201300007719,13,6,27,645,2,1,1,1.0,7,04160,M,0.0,0.0,04
201300007720,13,10,10,1745,1,2,1,8.0,6,04088,M,0.0,0.0,04
201300007721,13,12,9,1200,1,1,1,1.0,1,04088,M,0.0,0.0,04
201300007722,13,7,20,530,2,1,1,1.0,3,04130,M,0.0,0.0,04
201300007723,13,8,19,1500,1,2,1,1.0,7,04163,M,0.0,0.0,04
201300007724,13,1,29,815,1,1,1,2.0,6,04152,M,0.0,0.0,04
201300007725,13,3,12,1645,1,1,1,1.0,3,04197,M,0.0,0.0,04
201300007726,13,4,5,930,1,1,1,1.0,6,04152,M,0.0,0.0,04
201300007727,13,4,18,930,1,1,1,1.0,6,04197,M,0.0,0.0,04
201300007728,13,6,18,845,1,1,1,1.0,1,04063,M,0.0,0.0,04
201300007729,13,8,20,230,3,1,1,1.0,6,04112,M,0.0,0.0,04
201300007730,13,10,9,1515,1,2,1,1.0,1,04152,M,0.0,0.0,04
201300007731,13,11,9,1745,1,1,1,1.0,6,04118,M,0.0,0.0,04
201300007732,13,2,15,1515,1,1,1,1.0,6,04209,M,0.0,0.0,04
201300007733,13,3,3,400,4,1,1,1.0,6,04123,M,0.0,0.0,04
201300007734,13,3,9,2045,3,1,6,1.0,6,04209,M,0.0,0.0,04
201300007735,13,5,11,1545,1,1,1,1.0,2,04079,M,0.0,0.0,04
201300007736,13,7,28,1945,1,2,9,1.0,3,04049,M,0.0,0.0,04
201300007737,13,6,6,1400,1,1,1,1.0,2,05160,M,4424708.0,569183.0,05
201300007738,13,12,19,1200,1,1,1,9.0,7,05148,M,4465099.0,608886.0,05
201300007739,13,12,23,945,1,2,1,1.0,6,05132,M,4468329.0,607963.0,05
201300007740,13,12,29,2300,3,1,1,4.0,7,05002,M,0.0,0.0,05
201300007741,13,5,12,1200,1,1,2,1.0,3,05050,M,4446390.0,622181.0,05
201300007742,13,6,9,1815,1,1,1,2.0,1,05170,M,4446335.0,604415.0,05
201300007743,13,6,15,1815,1,1,1,1.0,2,05127,M,4446812.0,625721.0,05
201300007744,13,6,22,1045,1,2,1,1.0,3,05184,M,4441280.0,595332.0,05
201300007745,13,6,23,1845,1,1,1,1.0,1,05068,M,4450717.0,607982.0,05
201300007746,13,6,29,1330,1,1,1,1.0,1,05168,M,0.0,0.0,05
201300007747,13,8,7,15,5,2,7,1.0,1,05166,M,4442900.0,571700.0,05
201300007748,13,7,15,1045,1,1,1,1.0,3,05087,M,0.0,0.0,05
201300007749,13,8,6,1545,1,1,1,1.0,5,05146,M,4462034.0,570118.0,05
201300007750,13,8,23,1700,1,1,1,1.0,1,05008,M,4449632.0,572925.0,05
201300007751,13,9,15,1945,2,1,1,1.0,7,05154,M,0.0,0.0,05
201300007752,13,9,29,1745,1,1,1,1.0,1,05146,M,4464164.0,569838.0,05
201300007753,13,1,13,1645,1,1,1,1.0,3,05151,M,4484289.0,657703.0,05
201300007754,13,1,31,1900,3,1,1,1.0,1,05180,M,4481096.0,655982.0,05
201300007755,13,7,6,1615,1,1,1,1.0,1,05063,M,4504900.0,630300.0,05
201300007756,13,8,15,1030,1,1,1,1.0,3,05063,M,4504300.0,625500.0,05
201300007757,13,8,19,2130,3,1,1,1.0,6,05133,M,4492676.0,660135.0,05
201300007758,13,9,29,400,3,1,1,1.0,7,05079,M,4495935.0,654073.0,05
201300007759,13,6,21,1215,1,1,1,1.0,7,05164,M,4455792.0,637808.0,05
201300007760,13,6,27,1415,1,2,1,1.0,6,05046,M,4456266.0,649125.0,05
201300007761,13,7,13,1545,1,1,1,1.0,3,05163,M,4447035.0,632840.0,05
201300007762,13,8,6,300,5,2,1,1.0,6,05046,M,4456994.0,650258.0,05
201300007763,13,6,14,1330,1,1,1,1.0,3,05007,M,4470645.0,672568.0,05
201300007764,13,10,19,1500,1,1,1,1.0,1,05038,M,0.0,0.0,05
201300007765,13,1,31,1015,1,1,1,1.0,3,05017,M,4456354.0,619624.0,05
201300007766,13,2,13,1430,1,1,1,4.0,3,05017,M,4457324.0,617307.0,05
201300007767,13,4,8,1515,1,1,1,3.0,1,05017,M,4456830.0,618796.0,05
201300007768,13,4,8,1345,1,1,1,3.0,1,05011,M,4452722.0,617972.0,05
201300007769,13,8,14,45,3,1,1,1.0,6,05040,M,4453048.0,631453.0,05
201300007770,13,8,16,1715,1,1,1,1.0,1,05017,M,4456958.0,618315.0,05
201300007771,13,9,8,830,1,1,1,1.0,1,05124,M,4457721.0,615355.0,05
201300007772,13,12,28,845,1,1,1,2.0,6,05040,M,4455152.0,625543.0,05
201300007773,13,6,30,1745,1,2,1,1.0,1,05065,M,4465580.0,664537.0,05
201300007774,13,7,11,1600,1,1,1,1.0,1,05136,M,4468763.0,661342.0,05
201300007775,13,1,28,1145,2,1,1,2.0,6,06048,M,0.0,0.0,06
201300007776,13,6,14,2000,1,2,1,1.0,1,06048,M,0.0,0.0,06
201300007777,13,6,16,1645,1,2,1,1.0,1,06048,M,0.0,0.0,06
201300007778,13,7,23,1130,1,2,1,1.0,2,06014,M,0.0,0.0,06
201300007779,13,9,17,1615,1,2,1,1.0,1,06048,M,0.0,0.0,06
201300007780,13,9,24,845,1,2,1,1.0,2,06043,M,0.0,0.0,06
201300007781,13,11,5,1000,1,2,1,1.0,6,06019,M,0.0,0.0,06
201300007782,13,6,11,1430,1,1,1,1.0,3,06057,M,0.0,0.0,06
201300007783,13,7,23,1715,1,1,1,1.0,6,06092,M,0.0,0.0,06
201300007784,13,7,30,1730,1,1,1,1.0,1,06091,M,0.0,0.0,06
201300007785,13,9,11,1800,1,1,1,1.0,3,06142,M,0.0,0.0,06
201300007786,13,10,16,1830,1,1,1,1.0,1,06077,M,0.0,0.0,06
201300007787,13,10,18,1530,1,1,1,1.0,1,06048,M,0.0,0.0,06
201300007788,13,10,13,1215,1,1,1,1.0,3,06117,M,4381900.0,722900.0,06
201300007789,13,1,11,1930,5,2,6,1.0,6,06054,M,0.0,0.0,06
201300007790,13,2,5,730,5,1,1,1.0,3,06031,M,0.0,0.0,06
201300007791,13,3,27,2015,5,2,1,1.0,1,06149,M,4472600.0,731900.0,06
201300007792,13,9,18,715,1,1,1,1.0,3,06031,M,0.0,0.0,06
201300007793,13,6,20,1015,1,2,1,1.0,6,06121,M,0.0,0.0,06
201300007794,13,3,2,1400,1,1,1,1.0,6,06079,M,0.0,0.0,06
201300007795,13,4,3,130,1,2,1,1.0,1,06079,M,0.0,0.0,06
201300007796,13,3,27,1045,1,2,6,1.0,3,06090,M,0.0,0.0,06
201300007797,13,4,13,2030,5,2,1,1.0,3,06079,M,0.0,0.0,06
201300007798,13,4,19,1830,2,2,1,2.0,3,06079,M,0.0,0.0,06
201300007799,13,4,19,1715,1,1,1,1.0,2,06079,M,0.0,0.0,06
201300007800,13,5,15,1100,1,2,7,1.0,6,06108,M,0.0,0.0,06
201300007801,13,6,11,1800,1,2,1,1.0,3,06108,M,0.0,0.0,06
201300007802,13,7,18,1130,1,2,1,1.0,3,06007,M,0.0,0.0,06
201300007803,13,8,1,1245,1,2,1,1.0,3,06108,M,0.0,0.0,06
201300007804,13,8,4,2000,1,2,1,1.0,1,06007,M,0.0,0.0,06
201300007805,13,8,20,1030,1,1,1,1.0,3,06138,M,0.0,0.0,06
201300007806,13,8,21,1930,1,2,6,1.0,3,06079,M,0.0,0.0,06
201300007807,13,8,27,830,1,2,1,1.0,3,06079,M,0.0,0.0,06
201300007808,13,9,4,1315,1,2,1,1.0,1,06079,M,0.0,0.0,06
201300007809,13,9,6,1230,1,1,1,1.0,3,06079,M,0.0,0.0,06
201300007810,13,9,17,1900,1,1,1,1.0,3,06138,M,0.0,0.0,06
201300007811,13,9,24,1730,1,2,1,1.0,3,06079,M,0.0,0.0,06
201300007812,13,10,1,1730,1,2,1,1.0,6,06108,M,0.0,0.0,06
201300007813,13,10,12,715,2,2,1,1.0,3,06090,M,0.0,0.0,06
201300007814,13,10,17,1530,2,2,1,1.0,1,06079,M,0.0,0.0,06
201300007815,13,11,27,715,2,2,1,1.0,2,06079,M,0.0,0.0,06
201300007816,13,11,29,1145,1,2,1,1.0,3,06079,M,0.0,0.0,06
201300007817,13,12,21,500,5,1,1,1.0,6,06079,M,0.0,0.0,06
201300007818,13,12,22,1930,5,1,1,1.0,6,06079,M,0.0,0.0,06
201300007819,13,6,7,1400,1,1,1,1.0,1,06058,M,0.0,0.0,06
201300007820,13,8,22,1400,1,1,1,1.0,1,06003,M,4377800.0,683800.0,06
201300007821,13,10,11,1100,1,1,1,1.0,6,06070,M,0.0,0.0,06
201300007822,13,12,29,1145,1,1,1,9.0,7,06070,M,0.0,0.0,06
201300007823,13,2,6,915,1,2,1,1.0,6,06157,M,0.0,0.0,06
201300007824,13,4,3,1915,1,2,1,1.0,7,06157,M,0.0,0.0,06
201300007825,13,5,30,1930,1,2,1,2.0,1,06122,M,0.0,0.0,06
201300007826,13,8,1,100,3,1,1,1.0,3,06157,M,0.0,0.0,06
201300007827,13,8,16,1515,1,1,1,1.0,6,06050,M,0.0,0.0,06
201300007828,13,8,20,115,5,2,1,1.0,6,06157,M,0.0,0.0,06
201300007829,13,10,23,1930,3,1,1,2.0,1,06128,M,0.0,0.0,06
201300007830,13,11,9,1345,1,1,1,1.0,6,06128,M,0.0,0.0,06
201300007831,13,12,3,930,1,2,1,1.0,6,06157,M,0.0,0.0,06
201300007832,13,3,12,2115,3,1,1,1.0,1,06033,M,,,06
201300007833,13,7,7,1530,1,1,1,1.0,3,06033,M,0.0,0.0,06
201300007834,13,7,26,1415,1,1,9,1.0,1,06034,M,0.0,0.0,06
201300007835,13,8,16,1600,1,1,1,1.0,1,06006,M,0.0,0.0,06
201300007836,13,11,18,1445,1,1,1,2.0,1,06034,M,0.0,0.0,06
201300007837,13,5,23,1130,1,1,1,1.0,6,06036,M,0.0,0.0,06
201300007838,13,7,19,1215,1,1,1,2.0,6,06036,M,0.0,0.0,06
201300007839,13,1,5,1615,1,1,1,1.0,1,06023,M,0.0,0.0,06
201300007840,13,3,3,1500,1,2,1,1.0,6,06023,M,0.0,0.0,06
201300007841,13,8,18,1245,1,2,1,1.0,6,06132,M,4399100.0,754700.0,06
201300007842,13,1,8,830,1,2,1,1.0,6,06032,M,0.0,0.0,06
201300007843,13,3,23,800,1,1,1,7.0,3,06150,M,0.0,0.0,06
201300007844,13,4,30,100,5,2,1,3.0,6,06059,M,0.0,0.0,06
201300007845,13,5,26,1830,1,2,1,1.0,6,06032,M,0.0,0.0,06
201300007846,13,7,3,1230,1,2,1,1.0,6,06032,M,0.0,0.0,06
201300007847,13,7,19,2200,3,1,1,1.0,7,06150,M,0.0,0.0,06
201300007848,13,9,4,845,1,1,1,1.0,7,06059,M,0.0,0.0,06
201300007849,13,9,19,2315,3,1,1,1.0,6,06032,M,4321300.0,766400.0,06
201300007850,13,10,2,800,1,1,1,1.0,2,06032,M,0.0,0.0,06
201300007851,13,8,2,1100,1,1,1,1.0,6,06146,M,0.0,0.0,06
201300007852,13,5,14,1430,1,1,1,1.0,1,06071,M,4409500.0,685500.0,06
201300007853,13,6,2,1215,1,1,1,1.0,6,06160,M,4412200.0,680400.0,06
201300007854,13,6,24,1145,1,1,1,1.0,3,06071,M,4408900.0,685800.0,06
201300007855,13,8,11,1530,1,1,1,1.0,1,06071,M,4408800.0,686700.0,06
201300007856,13,8,15,1615,1,1,1,1.0,1,06016,M,4407300.0,698600.0,06
201300007857,13,9,18,1715,1,1,1,1.0,1,06141,M,4386700.0,711600.0,06
201300007858,13,8,15,945,1,1,1,1.0,5,06073,M,0.0,0.0,06
201300007859,13,1,25,745,1,2,1,1.0,2,83004,M,4345167.0,648502.0,83
201300007860,13,1,28,1700,1,1,1,7.0,1,83004,M,0.0,0.0,83
201300007861,13,3,8,1945,3,2,1,2.0,6,83008,M,4353736.0,668827.0,83
201300007862,13,6,25,1630,1,1,1,1.0,1,83008,M,0.0,0.0,83
201300007863,13,7,27,1500,1,1,1,1.0,1,83086,M,0.0,0.0,83
201300007864,13,9,10,2345,3,1,1,1.0,6,83086,M,0.0,0.0,83
201300007865,13,9,28,1215,1,1,1,1.0,1,83004,M,0.0,0.0,83
201300007866,13,11,8,1630,1,1,1,1.0,3,83148,M,0.0,0.0,83
201300007867,13,11,9,1045,1,1,1,1.0,6,83134,M,0.0,0.0,83
201300007868,13,11,14,1600,1,1,1,1.0,6,83134,M,4346700.0,643800.0,83
201300007869,13,5,8,1245,1,1,1,1.0,6,83074,M,0.0,0.0,83
201300007870,13,6,5,1745,1,1,1,1.0,6,83085,M,0.0,0.0,83
201300007871,13,6,30,1245,1,1,1,1.0,7,83038,M,0.0,0.0,83
201300007872,13,7,7,1845,1,1,1,9.0,1,83040,M,0.0,0.0,83
201300007873,13,7,21,1545,1,1,1,1.0,3,83082,M,4361900.0,655100.0,83
201300007874,13,8,7,1130,1,1,1,1.0,6,83013,M,0.0,0.0,83
201300007875,13,8,11,1845,1,1,1,1.0,1,83028,M,0.0,0.0,83
201300007876,13,10,4,1400,1,1,1,1.0,3,83085,M,0.0,0.0,83
201300007877,13,10,6,1730,1,1,1,2.0,6,83082,M,0.0,0.0,83
201300007878,13,11,3,1745,1,1,1,1.0,7,83082,M,0.0,0.0,83
201300007879,13,1,3,2115,3,1,1,1.0,6,83138,M,0.0,0.0,83
201300007880,13,4,19,745,1,1,1,1.0,1,83133,M,0.0,0.0,83
201300007881,13,4,20,1215,1,1,1,1.0,1,83133,M,0.0,0.0,83
201300007882,13,5,4,645,2,1,1,1.0,1,83029,M,4361543.0,674613.0,83
201300007883,13,5,16,1030,1,1,1,8.0,1,83081,M,0.0,0.0,83
201300007884,13,6,26,1830,1,1,1,1.0,7,83080,M,0.0,0.0,83
201300007885,13,8,26,2015,2,1,1,1.0,1,83055,M,0.0,0.0,83
201300007886,13,10,13,1030,1,1,1,1.0,2,83138,M,0.0,0.0,83
201300007887,13,10,23,1815,1,1,1,1.0,3,83055,M,0.0,0.0,83
201300007888,13,11,6,1545,1,1,1,1.0,2,83081,M,0.0,0.0,83
201300007889,13,3,6,800,1,1,1,2.0,1,83136,M,0.0,0.0,83
201300007890,13,3,14,1030,1,2,1,1.0,2,83072,M,0.0,0.0,83
201300007891,13,8,26,845,1,1,1,1.0,7,83072,M,0.0,0.0,83
201300007892,13,10,24,715,2,1,1,1.0,6,83072,M,0.0,0.0,83
201300007893,13,5,22,1845,1,2,6,7.0,3,83031,M,0.0,0.0,83
201300007894,13,6,6,1815,1,2,1,1.0,6,83073,M,4339382.0,631516.0,83
201300007895,13,6,12,1530,1,1,1,1.0,6,83031,M,4339300.0,637700.0,83
201300007896,13,7,21,1045,1,1,1,1.0,1,83057,M,0.0,0.0,83
201300007897,13,9,26,1430,1,1,1,1.0,3,83092,M,0.0,0.0,83
201300007898,13,12,10,700,2,2,1,5.0,1,83092,M,0.0,0.0,83
201300007899,13,4,16,1500,1,1,1,1.0,1,83128,M,0.0,0.0,83
201300007900,13,5,20,1100,1,1,1,1.0,3,83007,M,0.0,0.0,83
201300007901,13,6,16,200,3,1,1,1.0,7,83139,M,0.0,0.0,83
201300007902,13,6,17,1415,1,1,1,1.0,6,83121,M,0.0,0.0,83