Num_Acc,an,mois,jour,hrmn,lum,agg,int,atm,col,com,gps,lat,long,dep
201300007903,13,8,10,2200,3,1,1,1.0,6,83015,M,0.0,0.0,83
201300007904,13,10,7,1645,1,1,1,1.0,1,83149,M,0.0,0.0,83
201300007905,13,10,20,1600,1,1,1,8.0,1,83015,M,0.0,0.0,83
201300007906,13,10,26,115,3,1,1,1.0,6,83007,M,0.0,0.0,83
201300007907,13,10,29,1000,1,2,6,2.0,7,83102,M,0.0,0.0,83
201300007908,13,11,5,1715,2,1,1,1.0,6,83015,M,0.0,0.0,83
201300007909,13,12,16,930,2,1,1,1.0,3,83149,M,0.0,0.0,83
201300007910,13,1,7,1745,4,2,7,1.0,1,83023,M,4340817.0,606877.0,83
201300007911,13,4,6,1330,1,1,1,1.0,1,83023,M,0.0,0.0,83
201300007912,13,4,21,1500,1,1,1,1.0,5,83023,M,0.0,0.0,83
201300007913,13,4,24,600,2,2,6,1.0,7,83023,M,0.0,0.0,83
201300007914,13,5,3,1630,1,2,1,1.0,1,83037,M,0.0,0.0,83
201300007915,13,5,7,1215,1,1,1,1.0,7,83030,M,0.0,0.0,83
201300007916,13,5,9,1915,1,1,1,1.0,3,83023,M,0.0,0.0,83
201300007917,13,5,11,1030,1,1,6,1.0,3,83023,M,0.0,0.0,83
201300007918,13,6,4,1445,1,1,1,1.0,1,83023,M,0.0,0.0,83
201300007919,13,6,10,1530,1,1,1,1.0,6,83023,M,0.0,0.0,83
201300007920,13,7,11,1345,1,1,3,1.0,3,83023,M,0.0,0.0,83
201300007921,13,7,15,1000,1,2,1,1.0,6,83023,M,4340842.0,606425.0,83
201300007922,13,8,14,1900,1,2,1,1.0,3,83023,M,4340320.0,605259.0,83
201300007923,13,8,25,1700,1,1,1,1.0,1,83023,M,0.0,0.0,83
201300007924,13,8,25,2045,3,1,1,1.0,5,83023,M,0.0,0.0,83
201300007925,13,8,28,1145,1,2,1,1.0,6,83023,M,4340596.0,606677.0,83
201300007926,13,9,22,1715,1,1,1,1.0,3,83143,M,0.0,0.0,83
201300007927,13,10,7,845,1,1,1,1.0,6,83037,M,0.0,0.0,83
201300007928,13,11,5,1830,5,2,1,1.0,6,83023,M,4340850.0,606403.0,83
201300007929,13,12,13,1415,1,1,1,1.0,3,83030,M,0.0,0.0,83
201300007930,13,4,15,1715,1,2,3,1.0,3,83045,M,0.0,0.0,83
201300007931,13,5,10,845,1,2,3,2.0,6,83095,M,0.0,0.0,83
201300007932,13,8,14,1845,1,1,1,8.0,7,83032,M,0.0,0.0,83
201300007933,13,9,3,1645,1,1,1,1.0,6,83046,M,0.0,0.0,83
201300007934,13,10,3,1530,1,1,1,1.0,6,83060,M,0.0,0.0,83
201300007935,13,12,5,1745,3,1,1,1.0,6,83046,M,0.0,0.0,83
201300007936,13,5,2,1615,1,2,1,1.0,1,83104,M,0.0,0.0,83
201300007937,13,3,17,1815,1,1,1,1.0,5,83108,M,0.0,0.0,83
201300007938,13,4,27,1945,1,1,1,1.0,1,83106,M,0.0,0.0,83
201300007939,13,4,30,815,1,1,1,2.0,1,83088,M,0.0,0.0,83
201300007940,13,5,6,1815,1,1,1,1.0,2,83059,M,0.0,0.0,83
201300007941,13,5,11,1215,1,1,1,1.0,7,83076,M,0.0,0.0,83
201300007942,13,6,7,1715,1,1,2,1.0,3,83059,M,0.0,0.0,83
201300007943,13,6,29,1145,1,1,1,1.0,7,83088,M,0.0,0.0,83
201300007944,13,7,10,1130,1,2,6,1.0,3,83064,M,0.0,0.0,83
201300007945,13,7,12,1245,1,2,6,1.0,2,83064,M,0.0,0.0,83
201300007946,13,7,29,930,1,1,1,1.0,6,83077,M,0.0,0.0,83
201300007947,13,8,17,1830,1,1,6,1.0,6,83106,M,0.0,0.0,83
201300007948,13,9,30,1845,1,2,1,1.0,2,83108,M,0.0,0.0,83
201300007949,13,10,20,1400,1,1,1,1.0,1,83106,M,0.0,0.0,83
201300007950,13,10,28,1145,1,1,1,1.0,7,83106,M,0.0,0.0,83
201300007951,13,12,7,1315,1,1,1,1.0,5,83106,M,0.0,0.0,83
201300007952,13,12,17,1800,3,1,1,1.0,6,83077,M,0.0,0.0,83
201300007953,13,1,27,115,3,1,1,9.0,6,83087,M,0.0,0.0,83
201300007954,13,2,21,1730,1,2,1,1.0,6,83116,M,4345211.0,586252.0,83
201300007955,13,3,9,1930,5,2,1,1.0,1,83097,M,0.0,0.0,83
201300007956,13,5,5,700,2,2,1,1.0,6,83120,M,0.0,0.0,83
201300007957,13,5,19,245,3,1,1,1.0,6,83021,M,0.0,0.0,83
201300007958,13,6,18,1730,1,2,1,1.0,3,83116,M,0.0,0.0,83
201300007959,13,9,11,1515,1,1,1,1.0,1,83140,M,0.0,0.0,83
201300007960,13,9,23,630,2,1,6,1.0,1,83097,M,0.0,0.0,83
201300007961,13,10,1,1700,1,1,1,7.0,1,83116,M,0.0,0.0,83
201300007962,13,10,13,1745,1,1,1,1.0,1,83089,M,0.0,0.0,83
201300007963,13,11,6,1630,1,1,9,1.0,1,83140,M,0.0,0.0,83
201300007964,13,11,20,1430,1,1,1,1.0,1,83116,M,4342700.0,542700.0,83
201300007965,13,11,24,645,2,1,1,1.0,6,83096,M,0.0,0.0,83
201300007966,13,12,17,1815,3,1,1,1.0,3,83087,M,0.0,0.0,83
201300007967,13,1,7,630,3,1,1,8.0,2,83099,M,0.0,0.0,83
201300007968,13,1,14,930,1,1,1,1.0,5,83107,M,4349000.0,665200.0,83
201300007969,13,1,22,930,2,1,1,1.0,1,83107,M,4348504.0,665599.0,83
201300007970,13,2,9,1045,1,1,1,1.0,6,83107,M,4349000.0,664300.0,83
201300007971,13,2,27,1400,1,1,1,1.0,4,83107,M,4345500.0,667100.0,83
201300007972,13,3,7,2000,3,1,1,1.0,6,83107,M,4345900.0,662000.0,83
201300007973,13,4,14,30,3,1,1,1.0,6,83107,M,4380400.0,665800.0,83
201300007974,13,4,14,1730,1,1,1,1.0,3,83107,M,0.0,0.0,83
201300007975,13,5,3,1815,1,1,1,1.0,6,83107,M,0.0,0.0,83
201300007976,13,7,27,1630,1,2,1,1.0,3,83107,M,4346394.0,663371.0,83
201300007977,13,11,13,1015,1,1,1,1.0,2,83107,M,4351426.0,663871.0,83
201300007978,13,12,9,1930,3,1,1,8.0,6,83107,M,0.0,0.0,83
201300007979,13,12,30,615,2,2,1,1.0,2,83099,M,0.0,0.0,83
201300007980,13,1,5,2330,5,1,1,1.0,4,83068,M,0.0,0.0,83
201300007981,13,1,5,2330,3,1,1,1.0,1,83068,M,0.0,0.0,83
201300007982,13,1,16,1545,1,1,1,1.0,6,83042,M,4341700.0,690000.0,83
201300007983,13,2,1,715,2,1,1,1.0,1,83063,M,4330100.0,647600.0,83
201300007984,13,3,1,2345,3,1,1,1.0,1,83068,M,4345000.0,693300.0,83
201300007985,13,3,12,1745,1,1,1,1.0,4,83068,M,4345000.0,693300.0,83
201300007986,13,3,17,1600,1,1,1,2.0,3,83042,M,4325500.0,652200.0,83
201300007987,13,4,17,1700,1,1,1,1.0,6,83063,M,4332700.0,642600.0,83
201300007988,13,5,2,1830,1,1,1,1.0,3,83068,M,4327000.0,657100.0,83
201300007989,13,5,3,1230,1,1,1,1.0,5,83042,M,4325800.0,655700.0,83
201300007990,13,5,6,815,1,1,1,1.0,3,83042,M,4325100.0,653800.0,83
201300007991,13,5,10,1545,1,1,1,1.0,1,83063,M,0.0,0.0,83
201300007992,13,5,14,1815,1,1,1,1.0,6,83042,M,4325200.0,652000.0,83
201300007993,13,5,23,1900,1,1,1,1.0,1,83068,M,4329200.0,655600.0,83
201300007994,13,5,27,1645,1,1,1,1.0,1,83042,M,4323900.0,652600.0,83
201300007995,13,5,31,2200,3,1,1,1.0,7,83079,M,4320500.0,647100.0,83
201300007996,13,6,11,1515,1,2,1,1.0,2,83068,M,0.0,0.0,83
201300007997,13,6,28,2015,1,1,1,1.0,3,83042,M,0.0,0.0,83
201300007998,13,7,5,1800,1,1,1,1.0,3,83068,M,4343362.0,686786.0,83
201300007999,13,7,10,1230,1,1,3,1.0,3,83068,M,0.0,0.0,83
201300008000,13,7,17,1630,1,1,1,1.0,3,83068,M,4329200.0,661000.0,83
201300008001,13,7,24,1845,1,1,1,1.0,6,83068,M,0.0,0.0,83
201300008002,13,8,5,1415,1,1,1,1.0,3,83063,M,0.0,0.0,83
201300008003,13,8,10,1515,1,1,1,1.0,6,83068,M,0.0,0.0,83
201300008004,13,8,14,930,3,1,1,1.0,1,83079,M,4320600.0,648700.0,83
201300008005,13,8,18,1215,1,1,1,1.0,3,83068,M,0.0,0.0,83
201300008006,13,8,28,1215,1,1,1,1.0,6,83068,M,0.0,0.0,83
201300008007,13,8,28,1000,1,1,1,1.0,3,83068,M,0.0,0.0,83
201300008008,13,8,31,1730,1,1,1,1.0,3,83068,M,0.0,0.0,83
201300008009,13,9,7,945,1,2,1,1.0,1,83042,M,4341000.0,690000.0,83
201300008010,13,10,7,1200,1,1,1,1.0,1,83079,M,0.0,0.0,83
201300008011,13,11,11,1630,1,1,1,1.0,6,83063,M,0.0,0.0,83
201300008012,13,11,17,130,3,1,1,1.0,7,83079,M,0.0,0.0,83
201300008013,13,9,30,15,3,1,1,1.0,1,83004,M,0.0,0.0,83
201300008014,13,10,18,1815,1,1,1,1.0,1,83086,M,0.0,0.0,83
201300008015,13,2,27,1915,1,1,1,1.0,6,83115,M,0.0,0.0,83
201300008016,13,3,22,1045,1,2,1,1.0,3,83115,M,4354600.0,602400.0,83
201300008017,13,4,15,1800,1,2,1,1.0,1,83115,M,0.0,0.0,83
201300008018,13,5,15,715,1,2,1,1.0,3,83115,M,0.0,0.0,83
201300008019,13,5,28,1715,1,1,9,1.0,5,83115,M,0.0,0.0,83
201300008020,13,6,23,1600,1,1,1,1.0,7,83115,M,4361900.0,693700.0,83
201300008021,13,7,29,345,5,1,1,1.0,6,83115,M,4351700.0,606700.0,83
201300008022,13,8,1,715,1,2,1,7.0,6,83115,M,4349400.0,603500.0,83
201300008023,13,8,3,1600,1,2,1,1.0,2,83115,M,4350800.0,604800.0,83
201300008024,13,8,23,930,1,2,1,1.0,3,83115,M,4330400.0,662700.0,83
201300008025,13,8,23,830,1,2,6,1.0,2,83115,M,4330812.0,663310.0,83
201300008026,13,8,29,2015,1,1,9,1.0,3,83115,M,0.0,0.0,83
201300008027,13,9,1,130,5,2,1,1.0,1,83115,M,4331152.0,665223.0,83
201300008028,13,9,19,1900,2,2,1,7.0,6,83107,M,4334260.0,669074.0,83
201300008029,13,10,23,1130,1,2,1,2.0,1,83107,M,4335300.0,670900.0,83
201300008030,13,10,23,1600,1,1,1,2.0,1,83094,M,0.0,0.0,83
201300008031,13,11,20,2200,3,1,1,1.0,6,83115,M,4337800.0,659000.0,83
201300008032,13,12,4,845,2,1,1,1.0,1,83115,M,4359000.0,619000.0,83
201300008033,13,2,7,930,1,2,1,1.0,1,83065,M,4325800.0,661900.0,83
201300008034,13,2,26,2245,3,2,1,1.0,3,83119,M,4325500.0,662600.0,83
201300008035,13,3,4,1330,1,2,1,1.0,1,83119,M,4344600.0,607800.0,83
201300008036,13,4,12,1100,1,1,1,1.0,2,83065,M,4325000.0,658300.0,83
201300008037,13,5,20,1145,1,2,1,1.0,6,83119,M,4345500.0,606500.0,83
201300008038,13,5,22,645,2,1,1,1.0,1,83101,M,0.0,0.0,83
201300008039,13,5,24,400,3,2,1,1.0,1,83065,M,4344000.0,603600.0,83
201300008040,13,6,3,1800,1,1,1,1.0,7,83101,M,4320100.0,663700.0,83
201300008041,13,6,6,1715,5,1,1,1.0,7,83065,M,0.0,0.0,83
201300008042,13,6,6,2330,3,1,1,1.0,1,83065,M,0.0,0.0,83
201300008043,13,6,10,1500,1,1,1,1.0,6,83101,M,0.0,0.0,83
201300008044,13,6,29,1800,1,1,1,1.0,3,83065,M,4343500.0,699300.0,83
201300008045,13,7,19,1015,1,2,1,1.0,2,83119,M,4326626.0,667548.0,83
201300008046,13,7,27,730,1,1,1,1.0,7,83101,M,4323821.0,665831.0,83
201300008047,13,7,31,1830,1,1,1,1.0,6,83101,M,4321242.0,665444.0,83
201300008048,13,8,4,2145,3,2,1,1.0,3,83119,M,4325400.0,663400.0,83
201300008049,13,8,9,2300,5,2,1,1.0,6,83119,M,0.0,0.0,83
201300008050,13,8,10,1645,1,2,9,1.0,3,83119,M,0.0,0.0,83
201300008051,13,8,21,1815,1,1,9,1.0,3,83065,M,0.0,0.0,83
201300008052,13,9,3,1200,1,2,1,1.0,3,83065,M,0.0,0.0,83
201300008053,13,10,1,1015,1,1,1,1.0,6,83065,M,0.0,0.0,83
201300008054,13,10,1,1215,1,1,1,1.0,2,83065,M,4325800.0,661000.0,83
201300008055,13,10,5,215,5,1,1,8.0,6,83065,M,0.0,0.0,83
201300008056,13,11,4,845,1,2,1,2.0,3,83119,M,4327069.0,664120.0,83
201300008057,13,11,26,1645,2,1,1,1.0,7,83065,M,4341800.0,695500.0,83
201300008058,13,1,8,1630,1,1,1,1.0,1,83016,M,0.0,0.0,83
201300008059,13,3,25,1830,1,1,1,1.0,1,83035,M,0.0,0.0,83
201300008060,13,4,7,1530,1,1,1,1.0,1,83035,M,0.0,0.0,83
201300008061,13,4,25,1630,1,1,1,1.0,6,83053,M,0.0,0.0,83
201300008062,13,5,14,1645,1,2,1,1.0,3,83016,M,0.0,0.0,83
201300008063,13,6,24,845,1,1,1,1.0,5,83127,M,0.0,0.0,83
201300008064,13,10,5,1630,1,1,1,8.0,2,83127,M,0.0,0.0,83
201300008065,13,3,1,1715,2,1,1,2.0,3,83047,M,0.0,0.0,83
201300008066,13,4,9,1745,1,1,1,1.0,6,83047,M,0.0,0.0,83
201300008067,13,7,19,1445,1,1,3,1.0,3,83047,M,0.0,0.0,83
201300008068,13,12,9,900,1,2,1,1.0,6,83047,M,0.0,0.0,83
201300008069,13,12,12,1815,3,1,1,1.0,3,83047,M,0.0,0.0,83
201300008070,13,5,26,245,3,1,1,1.0,6,83071,M,0.0,0.0,83
201300008071,13,6,10,1300,1,1,1,1.0,3,83071,M,0.0,0.0,83
201300008072,13,6,26,145,5,1,1,1.0,7,83071,M,0.0,0.0,83
201300008073,13,8,3,215,5,1,1,1.0,2,83071,M,0.0,0.0,83
201300008074,13,8,15,1830,1,2,1,1.0,6,83071,M,4323100.0,639200.0,83
201300008075,13,9,1,915,1,1,1,1.0,1,83071,M,0.0,0.0,83
201300008076,13,9,28,145,3,1,1,1.0,6,83071,M,0.0,0.0,83
201300008077,13,1,14,1645,1,2,1,1.0,6,83112,M,0.0,0.0,83
201300008078,13,8,5,1130,1,1,1,7.0,3,83027,M,0.0,0.0,83
201300008079,13,8,9,1045,1,2,1,1.0,2,83112,M,0.0,0.0,83
201300008080,13,8,29,1,3,1,1,1.0,1,83112,M,0.0,0.0,83
201300008081,13,2,27,1800,1,1,1,1.0,1,84036,M,4393600.0,493000.0,84
201300008082,13,3,9,730,2,1,1,1.0,6,84034,M,0.0,0.0,84
201300008083,13,3,25,1700,1,1,1,1.0,6,84055,M,0.0,0.0,84
201300008084,13,6,30,2230,3,1,1,1.0,6,84034,M,0.0,0.0,84
201300008085,13,7,4,1915,1,2,1,1.0,6,84119,M,0.0,0.0,84
201300008086,13,7,5,845,1,1,1,1.0,3,84132,M,0.0,0.0,84
201300008087,13,7,28,500,5,2,1,1.0,6,84036,M,0.0,0.0,84
201300008088,13,9,23,1715,1,1,1,1.0,2,84132,M,0.0,0.0,84
201300008089,13,11,16,1445,1,1,1,1.0,3,84034,M,0.0,0.0,84
201300008090,13,11,20,1815,5,1,1,2.0,6,84119,M,0.0,0.0,84
201300008091,13,1,6,2230,3,1,1,1.0,6,84139,M,0.0,0.0,84
201300008092,13,1,28,1300,1,2,1,1.0,3,84054,M,0.0,0.0,84
201300008093,13,2,24,1400,1,1,3,6.0,5,84054,M,0.0,0.0,84
201300008094,13,5,3,100,3,1,1,1.0,1,84054,M,0.0,0.0,84
201300008095,13,6,1,1730,1,1,2,1.0,3,84054,M,0.0,0.0,84
201300008096,13,6,7,1230,1,2,6,1.0,6,84054,M,4393300.0,505700.0,84
201300008097,13,6,7,1145,1,1,1,1.0,7,84124,M,0.0,0.0,84
201300008098,13,6,8,1700,1,1,1,1.0,7,84054,M,0.0,0.0,84
201300008099,13,7,14,1815,1,1,1,1.0,1,84054,M,4391200.0,502700.0,84
201300008100,13,7,27,515,2,1,1,1.0,6,84054,M,4391900.0,503200.0,84
201300008101,13,8,15,730,1,1,1,1.0,1,84054,M,4389100.0,506800.0,84
201300008102,13,10,21,1,3,1,1,1.0,6,84054,M,0.0,0.0,84
201300008103,13,10,30,1630,1,2,1,1.0,6,84054,M,0.0,0.0,84
201300008104,13,11,20,615,5,2,1,2.0,6,84132,M,4393200.0,498700.0,84
201300008105,13,12,3,1545,1,1,1,1.0,1,84132,M,4396800.0,496000.0,84
201300008106,13,12,26,915,1,1,6,8.0,1,84054,M,4393100.0,506400.0,84
201300008107,13,1,20,330,5,2,1,1.0,6,84141,M,0.0,0.0,84
201300008108,13,1,25,1200,1,2,1,1.0,1,84092,M,0.0,0.0,84
201300008109,13,2,2,645,3,1,1,1.0,6,84141,M,0.0,0.0,84
201300008110,13,2,2,1430,1,1,9,7.0,5,84092,M,0.0,0.0,84
201300008111,13,3,26,1100,1,1,1,1.0,2,84092,M,0.0,0.0,84
201300008112,13,5,3,1500,1,1,1,1.0,6,84092,M,0.0,0.0,84
201300008113,13,5,13,645,1,2,1,7.0,2,84092,M,0.0,0.0,84
201300008114,13,7,8,1415,1,2,1,1.0,1,84092,M,0.0,0.0,84
201300008115,13,8,13,1145,1,2,9,1.0,1,84092,M,0.0,0.0,84
201300008116,13,10,8,1100,5,2,1,1.0,3,84092,M,0.0,0.0,84
201300008117,13,4,26,1415,1,1,1,1.0,1,84129,M,4399300.0,489200.0,84
201300008118,13,6,3,1830,1,2,1,1.0,2,84129,M,4401500.0,487800.0,84
201300008119,13,7,4,1345,1,2,1,1.0,6,84129,M,4399600.0,487100.0,84
201300008120,13,8,14,1000,1,2,1,6.0,2,84129,M,4400400.0,487200.0,84
201300008121,13,12,4,1630,1,1,9,1.0,2,84129,M,4400900.0,488000.0,84
201300008122,13,12,12,1815,3,1,1,2.0,6,84129,M,4403500.0,487400.0,84
201300008123,13,1,29,1715,1,1,1,1.0,1,84003,M,0.0,0.0,84
201300008124,13,4,8,1815,1,2,1,1.0,6,84003,M,0.0,0.0,84
201300008125,13,5,31,1445,1,1,1,1.0,2,84003,M,0.0,0.0,84
201300008126,13,6,15,345,3,1,1,1.0,6,84112,M,4385500.0,549900.0,84
201300008127,13,7,8,1745,1,2,1,1.0,3,84047,M,4390900.0,535400.0,84
201300008128,13,7,25,2330,3,1,1,1.0,6,84105,M,4388300.0,544500.0,84
201300008129,13,8,13,1745,1,1,1,1.0,3,84003,M,4388800.0,535500.0,84
201300008130,13,9,9,1015,1,2,1,1.0,1,84105,M,0.0,0.0,84
201300008131,13,11,19,1330,1,1,1,2.0,1,84003,M,0.0,0.0,84
201300008132,13,2,16,1345,3,1,1,1.0,6,84093,M,0.0,0.0,84
201300008133,13,4,9,1030,1,2,1,1.0,3,84074,M,4375900.0,523100.0,84
201300008134,13,6,8,1615,1,2,1,1.0,3,84026,M,4373600.0,537900.0,84
201300008135,13,8,3,1900,1,1,1,1.0,1,84026,M,0.0,0.0,84
201300008136,13,9,10,1500,1,1,1,1.0,1,84068,M,0.0,0.0,84
201300008137,13,5,23,1500,1,1,2,1.0,3,84051,M,0.0,0.0,84
201300008138,13,6,14,1845,1,1,1,1.0,1,84051,M,0.0,0.0,84
201300008139,13,7,12,1745,1,1,1,1.0,1,84020,M,0.0,0.0,84
201300008140,13,3,9,1800,2,2,1,1.0,3,84089,M,0.0,0.0,84
201300008141,13,8,9,1145,1,1,1,1.0,3,84089,M,0.0,0.0,84
201300008142,13,9,7,800,1,1,1,1.0,7,84002,M,0.0,0.0,84
201300008143,13,9,26,1130,1,2,1,1.0,6,84089,M,0.0,0.0,84
201300008144,13,10,30,1700,2,2,1,1.0,1,84089,M,0.0,0.0,84
201300008145,13,11,15,1130,1,1,1,8.0,1,84089,M,0.0,0.0,84
201300008146,13,2,24,15,3,1,1,1.0,7,84016,M,0.0,0.0,84
201300008147,13,7,14,1645,1,1,1,1.0,6,84043,M,0.0,0.0,84
201300008148,13,3,14,1930,3,1,9,1.0,3,84082,M,4406300.0,517500.0,84
201300008149,13,6,27,730,1,1,1,1.0,1,84017,M,0.0,0.0,84
201300008150,13,8,2,1500,1,1,1,1.0,1,84017,M,4418200.0,525300.0,84
201300008151,13,8,5,1515,1,1,1,1.0,1,84005,M,0.0,0.0,84
201300008152,13,8,14,1645,1,1,1,1.0,3,84070,M,0.0,0.0,84
201300008153,13,11,3,1730,1,1,1,1.0,1,84082,M,4405500.0,516500.0,84
201300008154,13,1,3,345,3,1,1,1.0,6,84088,M,0.0,0.0,84
201300008155,13,1,27,730,2,1,1,1.0,7,84143,M,0.0,0.0,84
201300008156,13,9,21,1930,1,2,1,1.0,3,84142,M,0.0,0.0,84
201300008157,13,2,14,700,2,2,1,1.0,6,84088,M,0.0,0.0,84
201300008158,13,5,13,1630,1,1,1,1.0,7,84088,M,0.0,0.0,84
201300008159,13,6,10,1400,1,1,1,1.0,2,84088,M,4401600.0,504200.0,84
201300008160,13,6,22,1500,1,1,3,1.0,3,84142,M,0.0,0.0,84
201300008161,13,7,27,1045,1,2,1,1.0,6,84088,M,0.0,0.0,84
201300008162,13,1,2,1830,3,1,1,1.0,1,84127,M,0.0,0.0,84
201300008163,13,4,27,1845,1,1,1,1.0,7,84127,M,0.0,0.0,84
201300008164,13,5,2,1645,1,1,1,1.0,1,84029,M,0.0,0.0,84
201300008165,13,6,23,645,2,1,1,1.0,6,84061,M,0.0,0.0,84
201300008166,13,1,19,800,3,1,1,2.0,7,84122,M,0.0,0.0,84
201300008167,13,4,6,2345,5,2,2,1.0,3,84122,M,4415000.0,461700.0,84
201300008168,13,6,1,1500,1,1,1,6.0,3,84012,M,0.0,0.0,84
201300008169,13,6,13,1400,1,1,2,1.0,6,84122,M,0.0,0.0,84
201300008170,13,6,21,930,1,2,1,1.0,6,84012,M,4426300.0,544400.0,84
201300008171,13,8,22,1515,1,1,1,1.0,4,84049,M,4417900.0,500200.0,84
201300008172,13,9,17,1100,1,1,1,1.0,1,84004,M,4409200.0,503300.0,84
201300008173,13,10,13,1445,1,1,1,1.0,6,84067,M,0.0,0.0,84
201300008174,13,11,1,1645,1,1,1,1.0,7,84059,M,4415000.0,505000.0,84
201300008175,13,11,25,900,1,2,1,1.0,3,84067,M,4407800.0,500700.0,84
201300008176,13,12,5,800,1,1,1,1.0,7,84136,M,4415900.0,498700.0,84
201300008177,13,12,10,1600,2,1,1,1.0,6,84004,M,4409100.0,501800.0,84
201300008178,13,1,9,1815,3,1,1,1.0,6,84064,M,4470200.0,470200.0,84
201300008179,13,3,13,930,1,1,1,6.0,6,84019,M,0.0,0.0,84
201300008180,13,5,28,145,5,2,1,1.0,6,84019,M,0.0,0.0,84
201300008181,13,6,14,1745,1,1,1,1.0,1,84019,M,0.0,0.0,84
201300008182,13,6,21,830,1,1,3,1.0,3,84078,M,0.0,0.0,84
201300008183,13,6,27,1915,1,2,6,1.0,1,84019,M,0.0,0.0,84
201300008184,13,7,10,1730,1,1,1,1.0,6,84063,M,4429200.0,470300.0,84
201300008185,13,12,15,645,3,1,1,1.0,7,84063,M,0.0,0.0,84
201300008186,13,12,16,845,2,1,1,8.0,3,84078,M,0.0,0.0,84
201300008187,13,1,25,1730,3,1,1,1.0,3,84044,M,0.0,0.0,84
201300008188,13,3,26,1200,1,2,1,1.0,3,84137,M,0.0,0.0,84
201300008189,13,4,13,615,2,1,1,1.0,1,84126,M,0.0,0.0,84
201300008190,13,4,13,1615,1,1,1,1.0,1,84044,M,0.0,0.0,84
201300008191,13,4,24,1330,1,1,9,1.0,5,84126,M,0.0,0.0,84
201300008192,13,5,19,745,1,2,1,1.0,6,84137,M,0.0,0.0,84
201300008193,13,6,2,2245,3,1,1,1.0,6,84137,M,0.0,0.0,84
201300008194,13,6,29,1530,1,1,1,1.0,5,84137,M,0.0,0.0,84
201300008195,13,7,12,1045,1,1,1,1.0,6,84137,M,0.0,0.0,84
201300008196,13,7,15,530,2,1,1,1.0,6,84094,M,0.0,0.0,84
201300008197,13,7,21,245,5,2,1,1.0,7,84069,M,0.0,0.0,84
201300008198,13,7,31,100,3,1,1,1.0,6,84126,M,0.0,0.0,84
201300008199,13,8,31,930,1,1,1,1.0,6,84096,M,0.0,0.0,84
201300008200,13,10,5,545,5,2,1,1.0,6,84137,M,0.0,0.0,84
201300008201,13,4,4,1800,1,2,1,2.0,2,84138,M,0.0,0.0,84
201300008202,13,4,23,1100,1,1,1,1.0,3,84138,M,0.0,0.0,84
201300008203,13,6,9,1400,1,1,1,1.0,7,84138,M,0.0,0.0,84
201300008204,13,6,27,1500,1,2,1,1.0,1,84138,M,0.0,0.0,84
201300008205,13,7,20,2045,1,1,1,1.0,7,84138,M,0.0,0.0,84
201300008206,13,8,11,415,3,1,1,1.0,6,84138,M,0.0,0.0,84
201300008207,13,9,2,1600,1,2,1,7.0,6,84138,M,0.0,0.0,84
201300008208,13,12,28,1100,1,1,1,2.0,2,84138,M,0.0,0.0,84
201300008209,13,4,17,900,1,1,2,1.0,1,34057,M,4364511.0,389833.0,34
201300008210,13,4,20,1815,1,2,4,1.0,3,34090,M,4364850.0,392944.0,34
201300008211,13,5,18,2200,5,2,6,1.0,3,34057,M,4362965.0,389978.0,34
201300008212,13,7,26,1930,1,2,1,1.0,1,34090,M,0.0,0.0,34
201300008213,13,8,16,1600,1,2,1,1.0,6,34057,M,0.0,0.0,34
201300008214,13,1,17,1630,1,1,3,1.0,3,34327,M,4365260.0,396099.0,34
201300008215,13,1,29,930,1,1,1,1.0,3,34033,M,4374206.0,405098.0,34
201300008216,13,2,19,1715,1,2,1,1.0,6,34327,M,4366195.0,397640.0,34
201300008217,13,3,2,1430,1,1,1,1.0,1,34327,M,4367413.0,395561.0,34
201300008218,13,4,11,800,1,2,1,1.0,3,34327,M,4365358.0,397019.0,34
201300008219,13,4,16,1130,1,2,1,1.0,2,34022,M,4366026.0,401961.0,34
201300008220,13,8,9,2115,3,1,1,1.0,7,34256,M,4370384.0,402437.0,34
201300008221,13,8,17,1315,1,2,1,1.0,1,34022,M,0.0,0.0,34
201300008222,13,11,2,415,3,1,1,1.0,6,34022,M,4310100.0,404399.0,34
201300008223,13,11,8,1600,1,1,1,1.0,2,34022,M,4308400.0,401700.0,34
201300008224,13,11,12,1400,1,1,1,1.0,7,34249,M,0.0,0.0,34
201300008225,13,12,30,2000,5,2,1,1.0,3,34022,M,0.0,0.0,34
201300008226,13,4,30,1600,1,1,1,8.0,1,34111,M,4394503.0,368930.0,34
201300008227,13,8,17,1530,1,2,1,1.0,6,34243,M,4390101.0,373722.0,34
201300008228,13,11,9,1830,2,1,1,1.0,1,34111,M,4395700.0,371000.0,34
201300008229,13,12,27,1815,5,2,1,1.0,6,34111,M,4394400.0,371700.0,34
201300008230,13,1,19,800,2,2,1,2.0,6,34344,M,4356116.0,407695.0,34
201300008231,13,2,16,1145,1,1,1,6.0,2,34344,M,4357401.0,408920.0,34
201300008232,13,6,1,700,1,1,1,1.0,6,34344,M,0.0,0.0,34
201300008233,13,6,3,1800,1,1,1,1.0,6,34344,M,4356640.0,407892.0,34
201300008234,13,6,30,1615,1,1,1,1.0,7,34344,M,4395000.0,411700.0,34
201300008235,13,7,21,1700,1,1,1,1.0,6,34344,M,0.0,0.0,34
201300008236,13,8,12,600,1,2,1,1.0,6,34344,M,0.0,0.0,34
201300008237,13,8,26,2315,3,1,1,1.0,5,34344,M,4392500.0,408000.0,34
201300008238,13,1,14,130,3,1,1,1.0,6,34151,M,0.0,0.0,34
201300008239,13,2,13,845,1,1,1,1.0,1,34145,M,4369288.0,416303.0,34
201300008240,13,3,2,1915,3,1,1,1.0,1,34146,M,4367533.0,407580.0,34
201300008241,13,4,18,800,1,2,1,1.0,2,34146,M,4367942.0,409248.0,34
201300008242,13,4,26,530,3,1,1,1.0,6,34145,M,4369130.0,414510.0,34
201300008243,13,6,6,815,1,1,1,1.0,1,34151,M,4358527.0,410421.0,34