Num_Acc,an,mois,jour,hrmn,lum,agg,int,atm,col,com,gps,lat,long,dep
201300008244,13,6,11,1645,1,1,1,1.0,3,34145,M,4366900.0,415200.0,34
201300008245,13,6,22,400,3,1,1,1.0,6,34321,M,4366446.0,406793.0,34
201300008246,13,6,27,1600,1,2,1,1.0,6,34145,M,0.0,0.0,34
201300008247,13,7,3,1000,1,1,1,2.0,6,34321,M,0.0,0.0,34
201300008248,13,7,16,1445,1,2,9,1.0,3,34145,M,4367300.0,413500.0,34
201300008249,13,8,3,1115,1,1,1,1.0,1,34033,M,4367000.0,407300.0,34
201300008250,13,8,14,1530,1,1,1,1.0,6,34146,M,0.0,0.0,34
201300008251,13,8,16,1515,1,1,1,1.0,1,34145,M,4365200.0,413900.0,34
201300008252,13,9,19,845,1,1,1,1.0,3,34294,M,4371525.0,411286.0,34
201300008253,13,9,24,2315,3,1,1,1.0,1,34145,M,4369000.0,413500.0,34
201300008254,13,10,23,1400,1,2,9,1.0,6,34145,M,4366900.0,412300.0,34
201300008255,13,10,25,1530,1,1,1,6.0,6,34145,M,4311900.0,424900.0,34
201300008256,13,11,12,1545,1,2,1,7.0,6,34146,M,0.0,0.0,34
201300008257,13,12,1,1515,1,2,1,1.0,6,34340,M,0.0,0.0,34
201300008258,13,5,9,615,4,1,1,1.0,6,34154,M,4361802.0,398410.0,34
201300008259,13,5,26,245,3,1,1,1.0,6,34050,M,4362000.0,405800.0,34
201300008260,13,6,25,1800,1,1,1,1.0,3,34176,M,0.0,0.0,34
201300008261,13,7,23,1215,1,1,9,1.0,1,34176,M,0.0,0.0,34
201300008262,13,8,15,130,3,1,1,1.0,6,34154,M,4358143.0,394344.0,34
201300008263,13,11,12,1130,1,1,1,1.0,1,34154,M,4362100.0,394700.0,34
201300008264,13,12,8,615,3,1,1,1.0,1,34154,M,4363000.0,405000.0,34
201300008265,13,12,12,730,2,1,3,1.0,3,34154,M,4362000.0,397000.0,34
201300008266,13,8,31,1845,1,1,1,1.0,1,34314,M,4374200.0,386900.0,34
201300008267,13,10,15,1900,3,1,1,1.0,3,34322,M,4381648.0,389125.0,34
201300008268,13,3,24,1115,1,1,1,3.0,3,34119,M,4357998.0,313976.0,34
201300008269,13,3,25,805,1,1,1,2.0,1,34096,M,4358135.0,316577.0,34
201300008270,13,3,30,1930,1,1,1,1.0,7,34312,M,4366089.0,315297.0,34
201300008271,13,4,15,1500,1,2,1,1.0,5,34119,M,4359105.0,311784.0,34
201300008272,13,5,8,1145,1,1,1,1.0,6,34235,M,4367275.0,299260.0,34
201300008273,13,5,10,1345,1,2,1,1.0,6,34028,M,4361523.0,315453.0,34
201300008274,13,5,17,1445,1,2,1,2.0,1,34126,M,4359118.0,308457.0,34
201300008275,13,6,16,1645,1,1,1,1.0,5,34126,M,4358909.0,309874.0,34
201300008276,13,6,29,1400,1,1,9,1.0,3,34211,M,0.0,0.0,34
201300008277,13,7,7,300,3,1,1,1.0,1,34071,M,4381195.0,314586.0,34
201300008278,13,7,15,1500,1,1,1,1.0,2,34096,M,4355930.0,318141.0,34
201300008279,13,7,23,1845,1,1,1,1.0,1,34028,M,0.0,0.0,34
201300008280,13,9,8,545,3,1,1,1.0,6,34144,M,4372500.0,325300.0,34
201300008281,13,1,25,545,3,1,1,1.0,5,34052,M,4335348.0,303861.0,34
201300008282,13,2,16,130,3,1,1,1.0,7,34161,M,4332698.0,312601.0,34
201300008283,13,5,15,230,3,1,1,2.0,6,34226,M,4335632.0,299427.0,34
201300008284,13,8,13,145,3,1,1,1.0,6,34183,M,4327704.0,312118.0,34
201300008285,13,5,11,1700,1,1,1,1.0,6,34052,M,4331866.0,301528.0,34
201300008286,13,6,17,745,1,1,1,1.0,1,34226,M,4335227.0,298850.0,34
201300008287,13,6,29,1945,1,2,1,1.0,6,34225,M,4337200.0,304500.0,34
201300008288,13,7,2,1800,1,1,1,1.0,7,34225,M,4336900.0,307200.0,34
201300008289,13,7,31,1015,3,1,1,1.0,6,34081,M,4331400.0,317000.0,34
201300008290,13,11,7,800,1,1,1,7.0,6,34052,M,4333100.0,310300.0,34
201300008291,13,12,26,1515,1,1,1,1.0,6,34052,M,0.0,0.0,34
201300008292,13,12,31,1945,3,1,1,1.0,1,34310,M,4341600.0,316900.0,34
201300008293,13,3,21,100,3,1,1,1.0,7,34084,M,4341376.0,319543.0,34
201300008294,13,5,29,1345,1,1,3,1.0,3,34310,M,4340222.0,316634.0,34
201300008295,13,6,13,300,3,1,1,1.0,7,34130,M,4352200.0,318900.0,34
201300008296,13,6,30,1130,1,2,1,1.0,5,34140,M,4337962.0,317484.0,34
201300008297,13,7,3,857,1,1,1,8.0,1,34100,M,4345693.0,289399.0,34
201300008298,13,7,7,615,2,2,1,1.0,6,34245,M,4342276.0,294616.0,34
201300008299,13,7,15,2000,1,1,1,1.0,7,34004,M,0.0,0.0,34
201300008300,13,11,1,1530,1,1,1,1.0,1,34007,M,4334500.0,283100.0,34
201300008301,13,11,18,1545,1,1,1,2.0,7,34069,M,4341100.0,308800.0,34
201300008302,13,12,18,1400,1,1,1,1.0,3,34258,M,4347300.0,317200.0,34
201300008303,13,1,9,1015,1,1,2,1.0,3,34189,M,4326889.0,275889.0,34
201300008304,13,10,1,1830,1,1,1,1.0,3,34075,M,4332100.0,272000.0,34
201300008305,13,3,3,2245,4,1,1,1.0,6,34063,M,4351488.0,335176.0,34
201300008306,13,3,12,1630,1,1,1,1.0,5,34184,M,4351900.0,337000.0,34
201300008307,13,5,30,1615,1,1,1,1.0,7,34063,M,4349250.0,334232.0,34
201300008308,13,6,5,700,2,1,1,1.0,1,34166,M,4335300.0,336097.0,34
201300008309,13,10,27,30,3,2,1,1.0,7,34199,M,4346643.0,342912.0,34
201300008310,13,11,8,1200,1,2,1,1.0,6,34182,M,4342600.0,340800.0,34
201300008311,13,7,14,1130,1,1,1,1.0,6,34284,M,0.0,0.0,34
201300008312,13,8,3,1700,1,1,1,1.0,6,34232,M,0.0,0.0,34
201300008313,13,8,3,1000,1,1,1,8.0,6,34305,M,0.0,0.0,34
201300008314,13,8,9,1930,1,2,1,7.0,1,34284,M,0.0,0.0,34
201300008315,13,10,5,1615,1,2,1,1.0,7,34030,M,4349400.0,295800.0,34
201300008316,13,1,13,1845,3,1,1,1.0,2,34147,M,4348436.0,320043.0,34
201300008317,13,5,26,1200,1,1,1,1.0,1,34224,M,4343632.0,323641.0,34
201300008318,13,8,10,1930,1,2,1,1.0,5,34237,M,4351500.0,331400.0,34
201300008319,13,10,21,1500,1,1,4,2.0,1,34139,M,0.0,0.0,34
201300008320,13,1,13,345,3,1,1,1.0,7,34209,M,4331312.0,333047.0,34
201300008321,13,4,14,1215,1,1,6,1.0,6,34329,M,4329524.0,321910.0,34
201300008322,13,5,10,1900,1,2,1,1.0,6,34298,M,4329623.0,324759.0,34
201300008323,13,6,3,1330,1,1,1,1.0,1,34299,M,4327673.0,328539.0,34
201300008324,13,8,1,1630,1,2,3,1.0,3,34135,M,4327128.0,317135.0,34
201300008325,13,8,9,1430,1,2,1,1.0,3,34135,M,0.0,0.0,34
201300008326,13,9,8,515,3,1,1,1.0,6,34298,M,4327290.0,326230.0,34
201300008327,13,9,25,2315,1,1,1,1.0,7,34135,M,,,34
201300008328,13,10,2,1215,1,1,1,1.0,3,34299,M,,,34
201300008329,13,11,2,900,1,2,6,1.0,3,34324,M,4341900.0,348300.0,34
201300008330,13,2,22,845,1,1,1,1.0,1,34283,M,4379496.0,344058.0,34
201300008331,13,5,13,2130,5,2,1,1.0,1,34142,M,4373700.0,332300.0,34
201300008332,13,12,6,1115,1,2,1,1.0,6,34142,M,4373000.0,332400.0,34
201300008333,13,12,10,2145,3,1,1,5.0,7,34277,M,4383017.0,349337.0,34
201300008334,13,5,8,1730,1,2,1,1.0,1,34013,M,4356558.0,345162.0,34
201300008335,13,4,12,1715,1,1,1,1.0,1,34016,M,4362008.0,361980.0,34
201300008336,13,9,7,1715,1,1,1,1.0,3,34122,M,0.0,0.0,34
201300008337,13,11,20,1730,2,2,1,1.0,6,34239,M,0.0,0.0,34
201300008338,13,12,28,145,3,1,1,1.0,1,34114,M,0.0,0.0,34
201300008339,13,12,28,1515,3,1,1,1.0,7,34114,M,0.0,0.0,34
201300008340,13,3,10,630,2,1,1,1.0,7,34031,M,4336320.0,339699.0,34
201300008341,13,3,25,1745,1,1,1,1.0,1,34101,M,4337407.0,349829.0,34
201300008342,13,3,30,1415,1,1,1,1.0,4,34332,M,4330500.0,344600.0,34
201300008343,13,4,6,2100,3,1,9,3.0,1,34332,M,4331326.0,338993.0,34
201300008344,13,5,8,1945,2,1,1,2.0,1,34101,M,4338292.0,345272.0,34
201300008345,13,6,21,2130,1,2,1,1.0,1,34150,M,0.0,0.0,34
201300008346,13,7,19,2345,3,2,1,1.0,6,34150,M,0.0,0.0,34
201300008347,13,7,23,2200,3,1,1,1.0,1,34031,M,4358500.0,371700.0,34
201300008348,13,8,31,1215,1,1,1,1.0,2,34031,M,4333300.0,341700.0,34
201300008349,13,9,5,1930,1,1,1,1.0,3,34031,M,0.0,0.0,34
201300008350,13,9,20,2300,5,2,6,1.0,1,34150,M,0.0,0.0,34
201300008351,13,11,10,1615,1,2,6,1.0,7,34203,M,4367000.0,384000.0,34
201300008352,13,12,3,1230,1,1,1,1.0,1,34101,M,4864000.0,374400.0,34
201300008353,13,12,5,730,2,2,1,1.0,1,34031,M,0.0,0.0,34
201300008354,13,12,14,1745,3,1,1,1.0,1,34207,M,4366700.0,389900.0,34
201300008355,13,2,5,1445,1,2,3,1.0,3,34024,M,4346049.0,368325.0,34
201300008356,13,3,31,1445,1,1,1,1.0,7,34165,M,4350400.0,370500.0,34
201300008357,13,10,18,1700,1,2,6,8.0,6,34023,M,0.0,0.0,34
201300008358,13,1,15,1100,1,1,1,7.0,1,34213,M,4350230.0,368338.0,34
201300008359,13,4,10,1115,1,1,1,1.0,2,34213,M,4347190.0,368161.0,34
201300008360,13,10,28,2130,5,2,1,1.0,3,34157,M,4341800.0,360100.0,34
201300008361,13,11,9,2330,3,1,1,1.0,7,34341,M,4348943.0,359707.0,34
201300008362,13,11,17,1330,1,1,1,8.0,6,34157,M,4345914.0,359335.0,34
201300008363,13,5,17,2045,1,1,1,1.0,3,34157,M,4343306.0,361461.0,34
201300008364,13,1,28,900,1,1,1,2.0,3,11413,M,0.0,0.0,11
201300008365,13,2,20,930,1,1,1,1.0,1,11099,M,0.0,0.0,11
201300008366,13,4,16,1145,1,1,1,1.0,7,11279,M,0.0,0.0,11
201300008367,13,6,15,2015,1,1,1,1.0,2,11099,M,0.0,0.0,11
201300008368,13,6,16,1630,1,1,1,1.0,7,11426,M,0.0,0.0,11
201300008369,13,12,8,2000,3,1,1,1.0,6,11279,M,0.0,0.0,11
201300008370,13,9,15,2030,2,2,1,1.0,7,11251,M,4314000.0,256500.0,11
201300008371,13,1,18,1215,1,2,1,1.0,3,11315,M,4328600.0,258600.0,11
201300008372,13,5,5,1130,1,1,1,1.0,6,11315,M,4327600.0,257800.0,11
201300008373,13,6,24,800,1,2,1,1.0,6,11315,M,0.0,0.0,11
201300008374,13,7,8,915,1,1,1,1.0,6,11315,M,4327500.0,257400.0,11
201300008375,13,8,3,500,3,1,1,1.0,6,11198,M,4330600.0,253500.0,11
201300008376,13,8,4,2230,3,1,1,1.0,7,11081,M,0.0,0.0,11
201300008377,13,8,22,1015,1,1,1,1.0,2,11081,M,4331800.0,250300.0,11
201300008378,13,10,9,1630,1,1,1,1.0,1,11301,M,4323400.0,258500.0,11
201300008379,13,11,13,1530,1,2,1,1.0,1,11315,M,4328700.0,258600.0,11
201300008380,13,1,26,1645,1,1,1,2.0,3,11356,M,4328700.0,200700.0,11
201300008381,13,2,23,215,3,2,1,1.0,6,11281,M,4327400.0,203300.0,11
201300008382,13,3,1,1230,1,1,1,1.0,1,11430,M,4329300.0,192800.0,11
201300008383,13,4,12,930,1,1,1,1.0,6,11243,M,0.0,0.0,11
201300008384,13,6,30,100,3,1,1,1.0,7,11225,M,0.0,0.0,11
201300008385,13,7,8,45,3,2,1,1.0,6,11192,M,4327600.0,202900.0,11
201300008386,13,8,3,830,1,2,9,1.0,6,11076,M,4330300.0,204900.0,11
201300008387,13,9,1,1830,1,1,1,1.0,1,11225,M,0.0,0.0,11
201300008388,13,9,26,745,2,1,1,1.0,1,11178,M,0.0,0.0,11
201300008389,13,10,6,1815,1,1,1,1.0,1,11074,M,4342500.0,186100.0,11
201300008390,13,1,29,830,1,1,1,1.0,1,11437,M,4324200.0,224000.0,11
201300008391,13,2,3,1815,2,1,1,1.0,6,11199,M,0.0,0.0,11
201300008392,13,2,23,1915,5,2,1,4.0,3,11259,M,0.0,0.0,11
201300008393,13,7,23,1800,1,2,1,1.0,2,11018,M,4320400.0,221100.0,11
201300008394,13,8,14,1130,1,1,1,1.0,3,11049,M,4324100.0,211800.0,11
201300008395,13,8,25,600,3,1,1,1.0,1,11253,M,4331300.0,221700.0,11
201300008396,13,8,27,1000,1,1,1,1.0,1,11343,M,0.0,0.0,11
201300008397,13,8,27,730,1,1,1,1.0,7,11418,M,0.0,0.0,11
201300008398,13,9,8,1800,1,1,1,1.0,2,11259,M,4328300.0,223200.0,11
201300008399,13,9,23,2030,3,1,1,1.0,6,11254,M,0.0,0.0,11
201300008400,13,10,20,445,3,1,1,2.0,6,11084,M,0.0,0.0,11
201300008401,13,11,28,1400,1,1,1,7.0,3,11136,M,0.0,0.0,11
201300008402,13,6,3,1630,1,1,1,1.0,7,11033,M,4321400.0,172800.0,11
201300008403,13,6,6,1200,1,1,1,1.0,6,11033,M,0.0,0.0,11
201300008404,13,6,20,1845,1,1,1,1.0,6,11149,M,0.0,0.0,11
201300008405,13,9,25,1630,1,1,1,1.0,7,11218,M,0.0,0.0,11
201300008406,13,1,6,845,2,2,1,1.0,6,11206,M,4304800.0,222300.0,11
201300008407,13,1,22,730,2,1,1,9.0,1,11102,M,4317500.0,230400.0,11
201300008408,13,1,26,2045,5,2,1,1.0,6,11034,M,0.0,0.0,11
201300008409,13,2,28,1330,1,2,1,2.0,3,11206,M,4306900.0,221800.0,11
201300008410,13,3,2,1045,1,2,1,1.0,6,11206,M,0.0,0.0,11
201300008411,13,5,4,1415,1,2,9,1.0,3,11206,M,0.0,0.0,11
201300008412,13,6,7,1600,1,2,1,1.0,1,11206,M,0.0,0.0,11
201300008413,13,7,4,1545,1,1,1,1.0,1,11206,M,0.0,0.0,11
201300008414,13,7,13,2115,3,1,1,1.0,6,11299,M,4316600.0,229900.0,11
201300008415,13,8,3,1445,1,1,1,1.0,7,11216,M,4311700.0,219100.0,11
201300008416,13,8,27,815,1,2,1,1.0,6,11206,M,0.0,0.0,11
201300008417,13,8,27,2300,3,2,1,1.0,7,11289,M,0.0,0.0,11
201300008418,13,9,29,1545,1,1,1,1.0,7,11008,M,4298000.0,226400.0,11
201300008419,13,7,10,1100,1,1,1,1.0,6,11130,M,,,11
201300008420,13,3,6,1115,1,2,1,2.0,6,11103,M,0.0,0.0,11
201300008421,13,5,5,1145,1,2,1,1.0,6,11304,M,4200000.0,200000.0,11
201300008422,13,8,3,1900,1,2,1,7.0,6,11129,M,0.0,0.0,11
201300008423,13,8,4,300,3,1,1,1.0,6,11131,M,0.0,0.0,11
201300008424,13,10,19,915,1,1,1,1.0,6,11304,M,0.0,0.0,11
201300008425,13,1,5,1045,1,2,1,7.0,6,11370,M,4323827.0,311090.0,11
201300008426,13,1,9,730,3,1,1,1.0,1,11262,M,0.0,0.0,11
201300008427,13,2,17,1115,1,2,1,1.0,7,11024,M,0.0,0.0,11
201300008428,13,2,21,1715,1,1,1,1.0,6,11262,M,0.0,0.0,11
201300008429,13,2,25,1015,1,2,1,1.0,6,11441,M,0.0,0.0,11
201300008430,13,2,28,1500,1,1,1,1.0,1,11106,M,0.0,0.0,11
201300008431,13,3,18,1715,1,1,1,1.0,5,11262,M,0.0,0.0,11
201300008432,13,3,20,1645,1,1,1,1.0,5,11024,M,0.0,0.0,11
201300008433,13,4,13,1915,1,2,1,1.0,1,11116,M,0.0,0.0,11
201300008434,13,4,26,800,1,1,1,2.0,3,11145,M,0.0,0.0,11
201300008435,13,5,19,130,3,1,1,2.0,6,11145,M,0.0,0.0,11
201300008436,13,7,6,1030,1,1,9,1.0,2,11262,M,4316700.0,305000.0,11
201300008437,13,7,9,2000,1,1,1,1.0,7,11040,M,0.0,0.0,11
201300008438,13,8,8,200,3,1,1,1.0,6,11262,M,0.0,0.0,11
201300008439,13,8,18,30,5,2,1,1.0,3,11170,M,0.0,0.0,11
201300008440,13,8,19,1545,1,2,1,1.0,3,11170,M,0.0,0.0,11
201300008441,13,9,8,1630,1,1,1,1.0,1,11116,M,4340000.0,266500.0,11
201300008442,13,9,9,430,3,1,1,1.0,6,11106,M,0.0,0.0,11
201300008443,13,9,12,1645,1,1,1,1.0,2,11106,M,0.0,0.0,11
201300008444,13,9,14,1130,3,1,1,1.0,1,11262,M,0.0,0.0,11
201300008445,13,9,30,1745,1,1,1,1.0,5,11106,M,0.0,0.0,11
201300008446,13,10,9,1030,1,1,1,1.0,2,11441,M,0.0,0.0,11
201300008447,13,11,5,1700,1,2,1,1.0,6,11170,M,0.0,0.0,11
201300008448,13,12,11,1400,1,1,1,1.0,3,11255,M,0.0,0.0,11
201300008449,13,7,11,1430,1,1,1,1.0,3,11351,M,0.0,0.0,11
201300008450,13,9,15,1030,1,1,1,1.0,1,11351,M,0.0,0.0,11
201300008451,13,12,29,400,3,1,1,1.0,6,11233,M,4327700.0,289200.0,11
201300008452,13,1,2,1200,1,2,1,1.0,1,11203,M,4320800.0,276000.0,11
201300008453,13,1,17,1730,1,1,1,1.0,6,11132,M,0.0,0.0,11
201300008454,13,2,16,1315,1,1,1,1.0,2,11067,M,0.0,0.0,11
201300008455,13,2,23,830,1,1,4,1.0,3,11098,M,0.0,0.0,11
201300008456,13,3,11,1630,1,1,1,1.0,2,11140,M,4316100.0,272600.0,11
201300008457,13,5,15,1215,1,1,1,2.0,3,11353,M,4326500.0,291600.0,11
201300008458,13,7,12,2145,3,1,1,1.0,7,11140,M,0.0,0.0,11
201300008459,13,9,28,2230,3,1,1,1.0,6,11203,M,0.0,0.0,11
201300008460,13,10,4,900,3,1,1,1.0,5,11132,M,0.0,0.0,11
201300008461,13,11,9,1345,1,2,1,1.0,3,11203,M,4320300.0,277800.0,11
201300008462,13,11,9,1745,3,1,1,1.0,3,11164,M,0.0,0.0,11
201300008463,13,11,20,1200,1,2,1,6.0,6,11203,M,4319900.0,276400.0,11
201300008464,13,12,20,1515,1,2,9,1.0,6,11203,M,4320400.0,276300.0,11
201300008465,13,1,12,1530,1,1,1,1.0,5,11379,M,4304300.0,297000.0,11
201300008466,13,6,13,1115,1,1,1,1.0,5,11379,M,0.0,0.0,11
201300008467,13,6,28,2245,3,1,1,1.0,7,11295,M,0.0,0.0,11
201300008468,13,10,25,1615,3,1,6,1.0,6,11266,M,0.0,0.0,11
201300008469,13,12,5,1700,2,1,1,6.0,6,11188,M,4296700.0,299500.0,11
201300008470,13,1,29,1100,1,1,1,1.0,6,30003,M,4357390.0,410492.0,30
201300008471,13,3,30,1730,1,1,1,1.0,7,30133,M,4352207.0,414968.0,30
201300008472,13,4,22,1900,1,1,1,1.0,2,30003,M,4357983.0,419552.0,30
201300008473,13,5,3,1045,1,2,6,1.0,3,30133,M,4352630.0,414980.0,30
201300008474,13,5,31,1445,1,1,6,1.0,6,30003,M,4356040.0,415346.0,30
201300008475,13,6,5,1000,1,2,1,1.0,2,30133,M,4353490.0,413618.0,30
201300008476,13,6,15,1400,1,1,1,1.0,6,30133,M,4355265.0,414278.0,30
201300008477,13,6,23,1330,1,1,1,1.0,2,30133,M,4353899.0,414430.0,30
201300008478,13,7,2,900,1,2,1,1.0,7,30133,M,4353576.0,413525.0,30
201300008479,13,8,1,1300,1,2,1,1.0,6,30133,M,4353906.0,413645.0,30
201300008480,13,9,6,1445,1,1,1,1.0,6,30003,M,4356915.0,416930.0,30
201300008481,13,9,21,2215,1,1,1,1.0,3,30133,M,4354080.0,414508.0,30
201300008482,13,10,8,115,3,1,1,1.0,7,30003,M,4357702.0,410044.0,30
201300008483,13,10,21,200,3,1,1,1.0,6,30276,M,4358134.0,426159.0,30
201300008484,13,12,10,1400,1,1,1,1.0,1,30003,M,4356976.0,417020.0,30
201300008485,13,1,4,1130,1,1,1,1.0,1,30352,M,4380385.0,408854.0,30
201300008486,13,1,14,1545,1,1,1,1.0,7,30249,M,4380847.0,422337.0,30
201300008487,13,2,9,100,3,1,1,1.0,6,30062,M,4375668.0,420457.0,30
201300008488,13,2,7,1430,1,2,1,1.0,3,30062,M,4378093.0,419856.0,30
201300008489,13,3,26,1145,1,2,1,1.0,3,30075,M,4382228.0,426438.0,30
201300008490,13,3,30,1445,1,1,1,1.0,7,30062,M,4375864.0,420412.0,30
201300008491,13,4,4,1830,1,1,1,2.0,3,30138,M,4379209.0,426006.0,30
201300008492,13,8,24,415,5,2,1,1.0,6,30321,M,4378706.0,409151.0,30
201300008493,13,9,13,2045,3,1,6,1.0,6,30062,M,4377951.0,419465.0,30
201300008494,13,9,19,1645,1,2,7,1.0,6,30321,M,4378212.0,408642.0,30
201300008495,13,9,30,1445,1,1,1,1.0,3,30062,M,4378094.0,419859.0,30
201300008496,13,10,14,1845,1,1,1,1.0,5,30114,M,4381409.0,409537.0,30
201300008497,13,11,15,1600,5,2,1,2.0,3,30352,M,4379112.0,409544.0,30
201300008498,13,12,8,1600,1,1,1,1.0,1,30138,M,4380939.0,424332.0,30
201300008499,13,12,18,915,2,1,1,3.0,6,30324,M,4380743.0,411784.0,30
201300008500,13,2,8,1615,1,1,1,1.0,3,30156,M,4386449.0,443918.0,30
201300008501,13,3,10,445,3,2,1,1.0,7,30156,M,4386379.0,443663.0,30
201300008502,13,7,5,745,1,1,1,1.0,3,30156,M,4383580.0,444773.0,30
201300008503,13,7,22,1815,1,2,1,1.0,7,30155,M,4382592.0,447924.0,30
201300008504,13,9,8,1430,1,2,1,1.0,1,30211,M,4383250.0,449610.0,30
201300008505,13,9,17,2115,5,1,1,1.0,6,30206,M,4391052.0,441683.0,30
201300008506,13,2,8,1700,1,2,1,1.0,6,30258,M,4368003.0,443851.0,30
201300008507,13,3,17,600,5,2,1,2.0,6,30258,M,4367332.0,443408.0,30
201300008508,13,7,12,1430,1,1,1,1.0,7,30128,M,4370865.0,437061.0,30
201300008509,13,9,14,1745,1,1,1,1.0,7,30258,M,4377371.0,441297.0,30
201300008510,13,9,22,30,3,1,1,1.0,7,30258,M,4362457.0,442373.0,30
201300008511,13,9,20,1745,1,2,1,1.0,1,30128,M,4373150.0,433188.0,30
201300008512,13,1,23,815,5,2,1,1.0,3,30123,M,0.0,0.0,30
201300008513,13,2,21,1930,3,1,3,1.0,3,30344,M,4371982.0,426175.0,30
201300008514,13,2,23,1030,1,2,7,1.0,6,30033,M,4371846.0,432304.0,30
201300008515,13,3,28,800,1,1,1,3.0,1,30341,M,4370457.0,425965.0,30
201300008516,13,4,29,1415,1,2,1,2.0,6,30341,M,4369570.0,427127.0,30
201300008517,13,5,26,1300,1,2,1,1.0,3,30344,M,4373448.0,421987.0,30
201300008518,13,6,1,1730,1,1,6,6.0,6,30347,M,4374741.0,425580.0,30
201300008519,13,6,2,1445,1,1,1,1.0,1,30347,M,4371532.0,427440.0,30
201300008520,13,6,5,1315,1,2,1,1.0,7,30169,M,4378471.0,430481.0,30
201300008521,13,6,10,2230,5,1,1,1.0,7,30006,M,4367820.0,419026.0,30
201300008522,13,6,15,1815,1,1,2,1.0,3,30083,M,4371022.0,422908.0,30
201300008523,13,6,23,1645,1,1,1,1.0,3,30185,M,4372794.0,421268.0,30
201300008524,13,7,3,1845,1,1,1,1.0,2,30169,M,4378336.0,429882.0,30
201300008525,13,7,7,345,3,1,1,1.0,6,30347,M,4373265.0,427440.0,30
201300008526,13,7,7,330,3,1,1,1.0,7,30333,M,4373867.0,428798.0,30
201300008527,13,7,17,615,2,1,1,1.0,1,30036,M,4376173.0,427960.0,30
201300008528,13,8,1,245,3,1,1,1.0,6,30004,M,4371595.0,420156.0,30
201300008529,13,8,10,1415,1,1,1,7.0,5,30169,M,4378865.0,431799.0,30
201300008530,13,8,10,1130,1,1,1,1.0,2,30344,M,4373282.0,423169.0,30
201300008531,13,8,24,1530,1,1,1,1.0,1,30006,M,4369450.0,416809.0,30
201300008532,13,8,28,1900,1,1,6,1.0,2,30004,M,4370600.0,419125.0,30
201300008533,13,9,3,1245,1,1,1,1.0,6,30341,M,4371604.0,428421.0,30
201300008534,13,9,18,1700,1,1,1,1.0,3,30344,M,4369923.0,420502.0,30
201300008535,13,9,30,830,1,1,1,1.0,1,30083,M,4373200.0,421137.0,30
201300008536,13,10,20,1900,2,1,1,2.0,1,30347,M,4372095.0,426944.0,30
201300008537,13,11,15,815,1,1,1,1.0,6,30276,M,4364172.0,419531.0,30
201300008538,13,11,23,715,1,1,1,1.0,6,30059,M,4368765.0,421982.0,30
201300008539,13,11,28,1300,1,1,1,1.0,6,30004,M,4371684.0,420227.0,30
201300008540,13,12,13,1845,2,2,1,1.0,6,30341,M,4369015.0,427470.0,30
201300008541,13,12,26,515,3,1,1,1.0,6,30344,M,4373313.0,422312.0,30
201300008542,13,3,14,1500,1,1,1,2.0,6,30214,M,4405104.0,409591.0,30
201300008543,13,3,26,1200,1,1,1,1.0,6,30214,M,4403800.0,408985.0,30
201300008544,13,4,14,100,3,1,1,1.0,5,30330,M,4401551.0,399433.0,30
201300008545,13,5,25,15,3,1,1,1.0,2,30042,M,4406590.0,403034.0,30
201300008546,13,6,2,1245,1,1,1,1.0,3,30330,M,4401120.0,399108.0,30
201300008547,13,6,22,315,3,2,1,1.0,1,30330,M,4403766.0,400056.0,30
201300008548,13,6,24,1545,1,1,1,1.0,1,30269,M,4412536.0,390158.0,30
201300008549,13,7,26,1100,1,1,8,1.0,7,30269,M,4409495.0,391470.0,30
201300008550,13,8,6,230,3,1,1,1.0,7,30329,M,4407658.0,392880.0,30
201300008551,13,10,7,800,1,1,1,1.0,5,30094,M,4407194.0,395335.0,30
201300008552,13,12,14,2115,3,1,1,1.0,6,30010,M,4403967.0,396001.0,30
201300008553,13,12,28,1915,3,1,1,2.0,1,30330,M,4401684.0,399276.0,30
201300008554,13,1,6,1545,1,1,1,1.0,5,30239,M,4424558.0,398520.0,30
201300008555,13,8,13,1745,1,1,9,1.0,3,30132,M,4423055.0,405455.0,30
201300008556,13,9,8,1500,1,2,1,2.0,7,30203,M,4427040.0,402142.0,30
201300008557,13,1,12,1800,5,1,1,1.0,6,30173,M,4413443.0,417152.0,30
201300008558,13,2,12,1745,2,2,1,1.0,3,30077,M,0.0,0.0,30
201300008559,13,5,27,1730,1,1,1,1.0,3,30077,M,4415899.0,405714.0,30
201300008560,13,7,8,1630,1,1,1,1.0,7,30294,M,4416097.0,411986.0,30
201300008561,13,7,23,1830,1,1,1,1.0,5,30270,M,4411654.0,405290.0,30
201300008562,13,8,1,1800,1,1,1,1.0,3,30305,M,4416007.0,412836.0,30
201300008563,13,8,9,1500,2,1,1,1.0,3,30318,M,4413997.0,418397.0,30