Num_Acc,an,mois,jour,hrmn,lum,agg,int,atm,col,com,gps,lat,long,dep
201300008564,13,9,13,1645,1,1,1,1.0,1,30305,M,4414802.0,416296.0,30
201300008565,13,9,27,1615,1,1,1,1.0,3,30223,M,4418845.0,412947.0,30
201300008566,13,10,5,1130,1,1,1,1.0,3,30294,M,4416548.0,412814.0,30
201300008567,13,10,7,1215,1,1,1,1.0,7,30284,M,0.0,0.0,30
201300008568,13,10,31,100,3,1,1,1.0,7,30274,M,4416590.0,409990.0,30
201300008569,13,11,13,2015,3,1,1,1.0,6,30223,M,4419307.0,413199.0,30
201300008570,13,11,17,1845,3,1,1,2.0,2,30173,M,4413138.0,415671.0,30
201300008571,13,2,18,1315,1,1,1,2.0,6,30146,M,4398336.0,411470.0,30
201300008572,13,3,16,1845,3,1,1,2.0,6,30002,M,4396982.0,410086.0,30
201300008573,13,4,24,1530,1,2,1,1.0,3,30046,M,4399538.0,418412.0,30
201300008574,13,5,4,1100,1,2,3,1.0,3,30348,M,4405015.0,413536.0,30
201300008575,13,5,8,1915,1,1,6,1.0,3,30348,M,4404848.0,414797.0,30
201300008576,13,5,8,2145,3,1,1,1.0,1,30046,M,4399662.0,418806.0,30
201300008577,13,6,9,530,2,1,1,8.0,6,30160,M,4400692.0,413766.0,30
201300008578,13,8,3,1545,1,2,1,1.0,1,30146,M,4398818.0,410693.0,30
201300008579,13,8,21,1515,1,1,1,1.0,3,30002,M,4395700.0,409924.0,30
201300008580,13,10,16,1745,1,2,1,1.0,1,30259,M,4409493.0,410726.0,30
201300008581,13,11,19,1600,1,1,1,2.0,5,30002,M,4396927.0,410095.0,30
201300008582,13,12,29,1530,1,1,1,1.0,2,30002,M,4396218.0,409834.0,30
201300008583,13,2,22,1545,1,2,1,1.0,7,30153,M,4442313.0,403794.0,30
201300008584,13,4,7,1600,1,2,1,1.0,6,30090,M,4438455.0,393948.0,30
201300008585,13,7,20,1730,1,2,1,1.0,3,30345,M,4428213.0,399634.0,30
201300008586,13,8,8,1100,1,1,1,2.0,3,30345,M,4427109.0,401734.0,30
201300008587,13,8,16,945,1,1,1,1.0,6,30044,M,4436258.0,404179.0,30
201300008588,13,11,28,1600,1,1,1,1.0,7,30130,M,4434080.0,394965.0,30
201300008589,13,1,8,1415,1,2,1,1.0,6,30227,M,4425960.0,419546.0,30
201300008590,13,1,8,1415,1,1,1,1.0,6,30152,M,4421720.0,417464.0,30
201300008591,13,2,4,1945,5,2,1,1.0,7,30037,M,4428686.0,410569.0,30
201300008592,13,2,23,915,4,1,1,1.0,6,30204,M,4423029.0,422206.0,30
201300008593,13,4,22,1745,1,1,1,1.0,1,30008,M,4421042.0,425561.0,30
201300008594,13,5,28,2100,2,1,1,2.0,5,30152,M,4422294.0,416174.0,30
201300008595,13,6,11,1315,1,1,1,1.0,6,30167,M,4427164.0,418518.0,30
201300008596,13,6,26,1815,1,2,1,1.0,6,30152,M,4422924.0,416740.0,30
201300008597,13,7,3,1700,1,2,1,1.0,1,30227,M,4425042.0,419974.0,30
201300008598,13,8,1,1815,1,1,1,1.0,1,30008,M,4422883.0,422551.0,30
201300008599,13,8,21,800,1,2,1,1.0,1,30227,M,4424975.0,418128.0,30
201300008600,13,9,22,500,3,1,1,1.0,6,30237,M,4429306.0,418264.0,30
201300008601,13,10,2,945,1,2,1,1.0,6,30227,M,4426650.0,419790.0,30
201300008602,13,10,19,900,1,1,1,2.0,3,30048,M,4413107.0,431837.0,30
201300008603,13,10,26,1715,1,1,1,1.0,3,30164,M,4422714.0,436358.0,30
201300008604,13,12,1,1515,1,1,1,1.0,6,30187,M,4414814.0,424554.0,30
201300008605,13,12,6,1,3,1,1,1.0,6,30227,M,4427164.0,419151.0,30
201300008606,13,1,27,1815,1,1,1,2.0,1,30286,M,4398696.0,444990.0,30
201300008607,13,2,22,1915,3,1,9,1.0,1,30319,M,4403865.0,432001.0,30
201300008608,13,3,16,515,5,2,1,1.0,6,30295,M,4404572.0,443256.0,30
201300008609,13,4,7,2230,3,1,1,1.0,6,30338,M,4413180.0,436860.0,30
201300008610,13,6,4,1245,1,1,1,1.0,7,30041,M,4395629.0,438226.0,30
201300008611,13,6,5,1145,1,2,1,1.0,6,30334,M,4399474.0,442403.0,30
201300008612,13,6,7,1145,1,1,1,1.0,3,30001,M,4405115.0,434345.0,30
201300008613,13,6,11,745,1,1,1,1.0,6,30151,M,4413980.0,435631.0,30
201300008614,13,6,10,1145,1,1,2,1.0,3,30334,M,4404097.0,440702.0,30
201300008615,13,6,22,15,3,1,1,1.0,6,30334,M,4402666.0,447017.0,30
201300008616,13,6,29,1245,1,2,1,1.0,6,30334,M,0.0,0.0,30
201300008617,13,7,14,1345,1,1,1,1.0,7,30308,M,4398310.0,441286.0,30
201300008618,13,7,17,2015,1,1,1,2.0,6,30334,M,4399975.0,439879.0,30
201300008619,13,7,21,900,1,1,1,1.0,6,30041,M,4395430.0,438019.0,30
201300008620,13,7,20,1030,1,1,1,1.0,7,30334,M,4402104.0,443724.0,30
201300008621,13,8,3,1715,1,2,1,1.0,1,30030,M,4405421.0,428557.0,30
201300008622,13,8,5,630,2,1,1,1.0,5,30174,M,4405598.0,440112.0,30
201300008623,13,12,12,2000,3,1,1,1.0,7,30337,M,4405304.0,446529.0,30
201300008624,13,3,12,2100,5,2,1,1.0,7,30202,M,0.0,0.0,30
201300008625,13,5,30,1115,1,1,1,1.0,3,30287,M,4419811.0,453844.0,30
201300008626,13,6,7,1115,1,2,1,1.0,6,30202,M,4425643.0,464757.0,30
201300008627,13,6,8,1515,1,2,1,2.0,1,30202,M,4426049.0,463910.0,30
201300008628,13,6,30,930,1,1,1,1.0,6,30143,M,4429660.0,452384.0,30
201300008629,13,6,30,1630,1,1,1,1.0,6,30226,M,4422151.0,463351.0,30
201300008630,13,7,15,1030,1,1,1,1.0,1,30005,M,4429578.0,455580.0,30
201300008631,13,7,19,2130,2,1,1,1.0,6,30304,M,4427012.0,453478.0,30
201300008632,13,8,21,945,1,1,1,1.0,1,30202,M,4427939.0,462058.0,30
201300008633,13,8,22,1700,1,1,1,1.0,6,30251,M,4415794.0,471398.0,30
201300008634,13,8,31,1600,1,1,3,1.0,3,30256,M,4418046.0,457752.0,30
201300008635,13,9,10,1415,1,1,1,1.0,2,30096,M,4421155.0,451411.0,30
201300008636,13,10,19,2300,5,1,1,1.0,3,30290,M,4426295.0,459710.0,30
201300008637,13,10,28,1800,5,2,1,1.0,6,30202,M,4426541.0,463871.0,30
201300008638,13,11,30,245,3,1,1,9.0,6,30230,M,4424013.0,441558.0,30
201300008639,13,11,30,1815,3,2,1,6.0,6,30070,M,4424081.0,459487.0,30
201300008640,13,12,20,2200,5,2,1,2.0,6,30202,M,4425462.0,464344.0,30
201300008641,13,2,12,1930,4,1,1,1.0,1,30145,M,4388900.0,454630.0,30
201300008642,13,3,12,1745,1,1,1,1.0,1,30328,M,4390080.0,468684.0,30
201300008643,13,4,20,1430,1,1,1,2.0,1,30085,M,0.0,0.0,30
201300008644,13,6,24,1400,1,1,1,6.0,5,30089,M,4384266.0,462136.0,30
201300008645,13,7,6,1000,1,2,1,1.0,6,30212,M,4393876.0,456174.0,30
201300008646,13,7,14,1945,1,2,1,1.0,6,30085,M,4395608.0,448093.0,30
201300008647,13,7,17,945,1,1,1,1.0,1,30107,M,4395226.0,464221.0,30
201300008648,13,9,29,1100,3,1,1,2.0,6,30116,M,4393947.0,459379.0,30
201300008649,13,11,27,1645,1,1,1,1.0,6,30103,M,4395233.0,466529.0,30
201300008650,13,12,8,1815,3,2,9,1.0,6,30212,M,4394155.0,452275.0,30
201300008651,13,12,14,2330,3,2,1,1.0,6,30346,M,4396513.0,452817.0,30
201300008652,13,2,12,1830,3,1,1,1.0,3,30254,M,4405513.0,476035.0,30
201300008653,13,2,17,2015,3,1,1,1.0,7,30326,M,4400165.0,471326.0,30
201300008654,13,3,10,100,1,1,1,1.0,6,30209,M,4401309.0,475313.0,30
201300008655,13,3,17,1430,1,1,1,2.0,6,30209,M,4398693.0,477573.0,30
201300008656,13,3,22,800,1,1,1,1.0,2,30221,M,4406739.0,476825.0,30
201300008657,13,3,28,1000,1,1,1,2.0,3,30221,M,4405521.0,475977.0,30
201300008658,13,5,8,1345,1,1,1,1.0,2,30278,M,4406190.0,470864.0,30
201300008659,13,6,21,415,3,1,1,1.0,7,30315,M,4394907.0,469872.0,30
201300008660,13,7,14,1715,1,1,1,1.0,7,30315,M,4394672.0,468219.0,30
201300008661,13,8,24,1930,1,1,1,1.0,3,30221,M,0.0,0.0,30
201300008662,13,8,31,1030,1,1,1,1.0,1,30221,M,4405487.0,476267.0,30
201300008663,13,9,5,1915,1,2,1,1.0,6,30254,M,4406458.0,472574.0,30
201300008664,13,10,20,445,3,1,1,8.0,1,30315,M,4394009.0,471050.0,30
201300008665,13,10,22,2115,5,2,1,1.0,6,30217,M,4395921.0,473848.0,30
201300008666,13,11,7,1515,1,2,4,1.0,6,30178,M,4406475.0,475642.0,30
201300008667,13,1,20,1730,2,2,1,8.0,7,30193,M,4387434.0,420556.0,30
201300008668,13,1,23,815,1,1,1,3.0,1,30224,M,4392782.0,422601.0,30
201300008669,13,2,9,1945,3,1,1,1.0,5,30182,M,4385874.0,416999.0,30
201300008670,13,3,2,1500,1,1,1,1.0,7,30241,M,4395365.0,426878.0,30
201300008671,13,4,29,1800,1,1,1,2.0,3,30354,M,4394464.0,414271.0,30
201300008672,13,7,19,1845,1,1,1,1.0,1,30228,M,4393861.0,438300.0,30
201300008673,13,7,25,1615,1,1,1,7.0,1,30281,M,4388268.0,418999.0,30
201300008674,13,12,22,1100,1,1,1,1.0,1,30088,M,4386000.0,413998.0,30
201300008675,13,12,21,2345,3,1,1,5.0,1,30228,M,4392443.0,439358.0,30
201300008676,13,4,10,1430,1,2,1,1.0,3,30350,M,4399083.0,360767.0,30
201300008677,13,6,11,1815,1,2,1,1.0,6,30350,M,4399215.0,360640.0,30
201300008678,13,7,9,1930,1,1,1,1.0,5,30350,M,4399220.0,360837.0,30
201300008679,13,9,1,1130,1,1,1,1.0,6,30038,M,4397181.0,351321.0,30
201300008680,13,9,14,1130,1,1,1,1.0,6,30229,M,4401476.0,368044.0,30
201300008681,13,10,26,1730,2,1,1,2.0,1,30325,M,4399347.0,368736.0,30
201300008682,13,11,6,1815,2,2,1,1.0,6,30350,M,4399156.0,362745.0,30
201300008683,13,11,8,1800,3,1,1,8.0,3,30272,M,4397717.0,368663.0,30
201300008684,13,12,21,1500,1,2,6,2.0,7,30350,M,4398577.0,360433.0,30
201300008685,13,11,24,1500,1,1,1,1.0,7,30140,M,4404639.0,387399.0,30
201300008686,13,12,1,1815,5,2,1,1.0,6,30140,M,4404366.0,385739.0,30
201300008687,13,2,12,2000,3,1,1,1.0,7,30349,M,4387655.0,407439.0,30
201300008688,13,4,2,1115,1,1,1,1.0,6,30058,M,4395009.0,378971.0,30
201300008689,13,4,27,1330,1,1,1,2.0,5,30349,M,4385451.0,409687.0,30
201300008690,13,5,3,900,1,2,1,1.0,6,30263,M,4396350.0,385459.0,30
201300008691,13,7,9,1100,1,1,1,1.0,4,30093,M,4394851.0,389690.0,30
201300008692,13,7,24,930,1,1,1,1.0,3,30121,M,4385847.0,401703.0,30
201300008693,13,8,7,1600,1,2,1,2.0,7,30349,M,4387855.0,406525.0,30
201300008694,13,8,20,1015,1,1,9,1.0,3,30093,M,4396302.0,391257.0,30
201300008695,13,10,28,1815,3,1,1,1.0,6,30263,M,4396048.0,390029.0,30
201300008696,13,12,1,345,3,1,1,1.0,6,30121,M,4386119.0,401694.0,30
201300008697,13,12,14,2315,5,2,1,1.0,6,30210,M,4391010.0,400232.0,30
201300008698,13,12,20,2030,3,1,1,1.0,7,30069,M,4384074.0,399410.0,30
201300008699,13,4,12,730,2,2,1,1.0,6,30105,M,4406891.0,344572.0,30
201300008700,13,8,21,1800,1,1,1,1.0,6,30297,M,4409035.0,351554.0,30
201300008701,13,11,3,1330,1,1,1,8.0,7,30139,M,4412792.0,341110.0,30
201300008702,13,4,19,1500,1,1,1,2.0,1,48111,M,0.0,0.0,48
201300008703,13,5,18,1130,1,1,1,1.0,1,48016,M,0.0,0.0,48
201300008704,13,6,6,1615,1,1,1,1.0,7,48042,M,0.0,0.0,48
201300008705,13,6,12,1145,1,2,1,1.0,6,48147,M,0.0,0.0,48
201300008706,13,6,23,1215,1,1,1,1.0,7,48157,M,0.0,0.0,48
201300008707,13,8,25,1700,1,1,1,1.0,1,48016,M,4450900.0,346000.0,48
201300008708,13,9,13,1900,1,1,2,1.0,3,48189,M,0.0,0.0,48
201300008709,13,9,24,1930,3,1,1,1.0,6,48037,M,0.0,0.0,48
201300008710,13,11,4,845,1,1,1,2.0,7,48053,M,0.0,0.0,48
201300008711,13,7,5,1830,1,1,1,1.0,6,48082,M,0.0,0.0,48
201300008712,13,10,10,945,3,1,1,2.0,6,48080,M,0.0,0.0,48
201300008713,13,1,24,1145,1,1,1,1.0,7,48015,M,4448700.0,397300.0,48
201300008714,13,4,14,1445,1,1,1,1.0,6,48135,M,4441300.0,393600.0,48
201300008715,13,5,18,715,1,1,1,3.0,7,48119,M,4454600.0,391700.0,48
201300008716,13,7,9,1315,1,1,1,1.0,7,48119,M,4455800.0,391500.0,48
201300008717,13,8,20,1800,1,1,1,1.0,3,48004,M,4446600.0,388600.0,48
201300008718,13,12,30,1800,3,1,1,1.0,6,48135,M,4440900.0,393500.0,48
201300008719,13,4,8,1345,1,1,1,2.0,7,48075,M,0.0,0.0,48
201300008720,13,6,8,1100,1,1,1,1.0,6,48193,M,0.0,0.0,48
201300008721,13,6,21,1230,1,1,1,1.0,1,48166,M,0.0,0.0,48
201300008722,13,6,29,1315,1,1,1,1.0,7,48116,M,0.0,0.0,48
201300008723,13,7,3,115,1,2,1,2.0,1,48061,M,0.0,0.0,48
201300008724,13,7,10,1130,1,1,1,1.0,7,48186,M,0.0,0.0,48
201300008725,13,8,1,1100,1,1,1,1.0,7,48075,M,0.0,0.0,48
201300008726,13,8,22,1645,1,1,1,1.0,1,48075,M,0.0,0.0,48
201300008727,13,9,16,1645,1,1,1,1.0,7,48166,M,0.0,0.0,48
201300008728,13,10,12,1800,1,1,1,1.0,7,48075,M,0.0,0.0,48
201300008729,13,10,26,1115,1,1,1,2.0,1,48075,M,0.0,0.0,48
201300008730,13,11,28,2000,3,1,1,1.0,7,48075,M,0.0,0.0,48
201300008731,13,7,7,1730,1,1,1,1.0,6,48067,M,0.0,0.0,48
201300008732,13,7,20,1215,1,1,1,1.0,1,48115,M,0.0,0.0,48
201300008733,13,8,3,1815,1,1,1,1.0,1,48146,M,0.0,0.0,48
201300008734,13,3,29,2330,3,1,1,2.0,6,48018,M,0.0,0.0,48
201300008735,13,1,23,1600,1,1,1,1.0,1,66182,M,0.0,0.0,66
201300008736,13,2,22,1900,3,1,1,1.0,5,66182,M,0.0,0.0,66
201300008737,13,3,14,1700,1,2,1,1.0,6,66037,M,4269780.0,303332.0,66
201300008738,13,7,8,1915,1,1,1,1.0,1,66037,M,4270648.0,299152.0,66
201300008739,13,7,14,345,3,1,1,1.0,6,66037,M,0.0,0.0,66
201300008740,13,8,12,1830,1,2,1,7.0,6,66037,M,4269554.0,303246.0,66
201300008741,13,8,20,1930,1,1,1,7.0,7,66037,M,0.0,0.0,66
201300008742,13,12,2,2100,5,2,1,1.0,3,66037,M,4269825.0,302707.0,66
201300008743,13,1,31,1630,1,1,1,1.0,1,66129,M,0.0,0.0,66
201300008744,13,4,28,1815,1,2,4,1.0,3,66114,M,4260804.0,293139.0,66
201300008745,13,5,21,1645,1,1,1,1.0,5,66208,M,0.0,0.0,66
201300008746,13,6,17,745,1,1,3,1.0,3,66059,M,0.0,0.0,66
201300008747,13,8,18,900,1,1,1,1.0,2,66011,M,0.0,0.0,66
201300008748,13,5,8,1815,1,1,1,2.0,6,66174,M,0.0,0.0,66
201300008749,13,8,29,1015,1,1,3,1.0,3,66173,M,0.0,0.0,66
201300008750,13,1,4,715,1,1,1,1.0,2,66190,M,0.0,0.0,66
201300008751,13,5,17,1500,1,2,1,1.0,3,66164,M,4276555.0,286912.0,66
201300008752,13,5,25,15,3,1,1,1.0,1,66231,M,4283800.0,280400.0,66
201300008753,13,5,26,1015,1,2,1,1.0,3,66190,M,0.0,0.0,66
201300008754,13,6,22,2015,1,1,1,1.0,7,66069,M,0.0,0.0,66
201300008755,13,7,10,1815,1,1,1,1.0,4,66164,M,0.0,0.0,66
201300008756,13,9,1,1930,1,1,1,1.0,1,66014,M,0.0,0.0,66
201300008757,13,9,4,645,2,1,1,1.0,3,66190,M,0.0,0.0,66
201300008758,13,9,13,2300,3,2,1,1.0,6,66190,M,0.0,0.0,66
201300008759,13,9,26,1215,1,1,1,1.0,3,66190,M,0.0,0.0,66
201300008760,13,10,1,1215,1,1,2,1.0,3,66014,M,0.0,0.0,66
201300008761,13,10,15,1545,1,2,3,1.0,1,66127,M,4286995.0,287181.0,66
201300008762,13,10,17,2315,3,1,1,1.0,1,66190,M,0.0,0.0,66
201300008763,13,11,24,1745,3,1,1,1.0,2,66069,M,0.0,0.0,66
201300008764,13,6,28,1715,1,2,1,1.0,6,66171,M,4263189.0,302377.0,66
201300008765,13,7,21,1215,1,1,1,1.0,6,66002,M,0.0,0.0,66
201300008766,13,8,17,30,5,2,1,1.0,4,66171,M,4262305.0,303451.0,66
201300008767,13,9,3,1915,1,2,1,7.0,6,66171,M,4260060.0,303724.0,66
201300008768,13,9,17,1900,1,1,1,1.0,7,66094,M,4260609.0,301973.0,66
201300008769,13,11,18,715,1,2,1,1.0,5,66171,M,4262004.0,300013.0,66
201300008770,13,12,4,1015,1,2,6,1.0,3,66171,M,0.0,0.0,66
201300008771,13,12,23,1600,1,2,1,1.0,6,66171,M,4261077.0,302843.0,66
201300008772,13,6,9,2345,3,1,1,1.0,7,66180,M,0.0,0.0,66
201300008773,13,6,15,2200,5,2,1,1.0,6,66180,M,4278373.0,296636.0,66
201300008774,13,8,6,1345,1,2,1,1.0,6,66212,M,0.0,0.0,66
201300008775,13,8,6,1500,1,2,1,1.0,6,66180,M,0.0,0.0,66
201300008776,13,8,17,1300,1,2,6,2.0,2,66180,M,4280608.0,303729.0,66
201300008777,13,10,24,1215,1,2,6,1.0,3,66180,M,4272746.0,298534.0,66
201300008778,13,4,22,1900,1,2,1,1.0,7,66099,M,4254954.0,274510.0,66
201300008779,13,9,23,1715,1,2,9,1.0,6,66210,M,4263186.0,275029.0,66
201300008780,13,11,15,445,3,1,1,6.0,1,66033,M,0.0,0.0,66
201300008781,13,12,26,1215,1,2,6,1.0,2,66210,M,0.0,0.0,66
201300008782,13,2,19,2130,4,1,1,1.0,6,66160,M,4248547.0,269848.0,66
201300008783,13,2,24,1830,3,1,1,1.0,5,66160,M,0.0,0.0,66
201300008784,13,1,11,1645,1,1,6,7.0,6,66168,M,0.0,0.0,66
201300008785,13,2,28,1615,1,1,1,2.0,1,66008,M,0.0,0.0,66
201300008786,13,6,27,1300,1,1,1,1.0,3,66008,M,0.0,0.0,66
201300008787,13,12,24,230,3,1,1,1.0,6,66008,M,0.0,0.0,66
201300008788,13,3,7,1745,1,2,1,1.0,6,66175,M,4254151.0,292562.0,66
201300008789,13,8,6,1,3,1,1,1.0,2,66214,M,0.0,0.0,66
201300008790,13,9,18,1200,1,1,2,1.0,1,66115,M,4253780.0,287873.0,66
201300008791,13,9,22,1745,1,1,1,1.0,7,66196,M,0.0,0.0,66
201300008792,13,9,24,2200,3,1,1,1.0,7,66093,M,0.0,0.0,66
201300008793,13,8,5,1230,1,1,1,1.0,1,66009,M,0.0,0.0,66
201300008794,13,1,1,500,3,1,1,1.0,7,66178,M,0.0,0.0,66
201300008795,13,7,4,1400,1,1,1,1.0,1,66214,M,4254192.0,284886.0,66
201300008796,13,10,5,1215,1,1,1,1.0,1,66063,M,0.0,0.0,66
201300008797,13,8,17,1000,1,1,1,1.0,5,66178,M,0.0,0.0,66
201300008798,13,9,20,1045,1,1,1,1.0,1,66063,M,0.0,0.0,66
201300008799,13,10,10,1200,1,1,1,1.0,1,66015,M,0.0,0.0,66
201300008800,13,10,29,930,1,1,1,1.0,6,66178,M,0.0,0.0,66
201300008801,13,11,1,945,1,1,1,1.0,7,66015,M,0.0,0.0,66
201300008802,13,12,3,1745,1,1,1,1.0,1,66024,M,0.0,0.0,66
201300008803,13,12,18,1145,1,2,1,1.0,6,66024,M,4253287.0,283982.0,66
201300008804,13,12,27,1530,1,1,1,1.0,7,66106,M,0.0,0.0,66
201300008805,13,3,10,230,3,2,1,1.0,1,66053,M,4252477.0,307456.0,66
201300008806,13,10,19,1630,1,2,1,1.0,6,66016,M,4247922.0,313013.0,66
201300008807,13,12,4,1445,1,2,1,7.0,6,66016,M,4248290.0,312902.0,66
201300008808,13,5,10,700,2,1,1,1.0,7,66045,M,0.0,0.0,66
201300008809,13,6,25,1245,1,2,1,1.0,6,66149,M,4261801.0,242750.0,66
201300008810,13,6,27,1715,1,1,1,1.0,1,66161,M,0.0,0.0,66
201300008811,13,11,2,345,3,1,1,1.0,6,66034,M,0.0,0.0,66
201300008812,13,1,15,1200,1,1,1,4.0,6,66218,M,0.0,0.0,66
201300008813,13,3,3,30,3,1,1,1.0,6,66181,M,0.0,0.0,66
201300008814,13,4,27,1145,1,1,1,4.0,6,66075,M,4247397.0,209044.0,66
201300008815,13,5,19,730,1,1,1,1.0,6,66181,M,0.0,0.0,66
201300008816,13,8,4,730,1,1,1,1.0,1,66146,M,0.0,0.0,66
201300008817,13,12,26,1145,1,1,1,4.0,1,66167,M,0.0,0.0,66
201300008818,13,4,6,1515,1,2,1,4.0,6,66082,M,0.0,0.0,66
201300008819,13,11,1,945,4,2,1,1.0,1,66124,M,0.0,0.0,66
201300008820,13,3,11,1500,1,1,1,2.0,1,66023,M,0.0,0.0,66
201300008821,13,4,12,545,1,1,1,1.0,1,66230,M,0.0,0.0,66
201300008822,13,4,21,1215,1,1,1,1.0,1,66165,M,0.0,0.0,66
201300008823,13,7,11,1830,1,1,8,1.0,3,66088,M,4267216.0,263100.0,66
201300008824,13,8,27,1215,1,1,1,1.0,3,66023,M,0.0,0.0,66
201300008825,13,1,14,945,1,1,1,2.0,1,20085,M,4191187.0,893589.0,201
201300008826,13,5,1,2215,5,2,1,1.0,7,20032,M,4192202.0,882815.0,201
201300008827,13,5,17,1945,1,2,1,1.0,1,20130,M,4188197.0,878842.0,201
201300008828,13,5,26,1045,1,2,1,1.0,2,20130,M,4188900.0,892300.0,201
201300008829,13,10,28,1045,2,2,1,1.0,6,20085,M,0.0,0.0,201
201300008830,13,1,28,1600,1,1,1,1.0,1,20209,M,4200097.0,885385.0,201
201300008831,13,2,9,1500,1,1,1,1.0,2,20271,M,4197207.0,881978.0,201
201300008832,13,2,17,315,5,1,1,1.0,6,20209,M,4200031.0,885844.0,201
201300008833,13,2,18,1415,1,1,1,1.0,7,20006,M,4197042.0,877877.0,201
201300008834,13,3,20,1845,3,1,1,3.0,1,20006,M,4196198.0,878025.0,201
201300008835,13,4,27,1645,1,1,3,1.0,2,20271,M,4198031.0,883497.0,201
201300008836,13,4,28,615,1,2,1,1.0,6,20271,M,0.0,0.0,201
201300008837,13,6,25,1245,1,1,1,1.0,1,20209,M,4200534.0,885876.0,201
201300008838,13,7,9,1830,1,2,1,1.0,6,20006,M,4197201.0,874281.0,201
201300008839,13,8,4,245,3,1,1,1.0,1,20271,M,4197800.0,882300.0,201
201300008840,13,10,13,915,1,1,1,1.0,3,20271,M,0.0,0.0,201
201300008841,13,11,17,600,5,2,1,1.0,6,20271,M,4195685.0,879953.0,201
201300008842,13,12,11,1300,1,1,1,1.0,7,20323,M,4202300.0,889100.0,201
201300008843,13,12,27,1145,1,1,1,1.0,5,20040,M,4209828.0,910455.0,201
201300008844,13,5,11,215,5,2,1,1.0,7,20198,M,4227100.0,869800.0,201
201300008845,13,7,11,500,2,1,1,1.0,6,20279,M,4229900.0,870100.0,201
201300008846,13,7,11,1915,1,1,1,7.0,1,20203,M,4230900.0,868100.0,201
201300008847,13,8,22,1545,1,1,1,1.0,7,20198,M,0.0,0.0,201
201300008848,13,9,3,1215,1,1,1,1.0,6,20212,M,4218900.0,862000.0,201
201300008849,13,1,25,830,1,1,1,8.0,6,20215,M,4149676.0,904634.0,201
201300008850,13,5,19,300,3,1,1,1.0,6,20215,M,4150200.0,904700.0,201
201300008851,13,5,24,1015,1,1,1,1.0,3,20041,M,4141299.0,917500.0,201
201300008852,13,8,17,1930,2,1,3,7.0,1,20041,M,4140278.0,916063.0,201
201300008853,13,2,22,500,3,1,1,1.0,7,20247,M,4151193.0,925608.0,201
201300008854,13,3,10,930,1,2,1,1.0,3,20269,M,0.0,0.0,201
201300008855,13,3,23,2330,5,2,6,1.0,6,20247,M,4159793.0,926690.0,201
201300008856,13,4,8,415,5,1,1,1.0,6,20247,M,4156616.0,927731.0,201
201300008857,13,5,4,1800,1,1,1,1.0,6,20247,M,4155600.0,927100.0,201
201300008858,13,6,4,1830,1,1,1,1.0,1,20247,M,4165000.0,920800.0,201
201300008859,13,6,14,1045,1,2,1,1.0,3,20247,M,0.0,0.0,201
201300008860,13,6,18,1615,1,2,1,1.0,2,20247,M,0.0,0.0,201
201300008861,13,6,27,915,1,1,1,1.0,1,20247,M,4164800.0,927800.0,201
201300008862,13,6,30,1915,1,1,1,1.0,6,20247,M,4156675.0,925432.0,201
201300008863,13,7,1,1000,1,2,6,1.0,3,20247,M,0.0,0.0,201
201300008864,13,7,28,30,3,2,1,1.0,3,20247,M,0.0,0.0,201
201300008865,13,7,25,1700,1,2,1,1.0,3,20247,M,0.0,0.0,201
201300008866,13,8,5,2315,3,1,1,1.0,6,20247,M,0.0,0.0,201
201300008867,13,8,7,2200,5,2,1,1.0,3,20247,M,4159700.0,928500.0,201
201300008868,13,8,17,1230,1,1,1,1.0,5,20247,M,4155799.0,927300.0,201
201300008869,13,9,3,1045,1,1,1,1.0,3,20247,M,0.0,0.0,201
201300008870,13,9,27,1645,1,1,1,1.0,3,20247,M,4158450.0,926415.0,201
201300008871,13,10,30,1845,3,1,1,1.0,6,20247,M,4159623.0,923926.0,201
201300008872,13,11,8,1830,1,2,6,1.0,3,20247,M,4160200.0,927600.0,201
201300008873,13,11,22,830,1,1,1,2.0,1,20247,M,4156600.0,923600.0,201
201300008874,13,12,7,1715,3,2,1,1.0,2,20247,M,4162048.0,928329.0,201
201300008875,13,12,7,1845,3,1,1,1.0,1,20247,M,0.0,0.0,201
201300008876,13,3,27,1030,1,1,1,1.0,1,20272,M,4165499.0,892658.0,201
201300008877,13,3,28,1015,1,1,1,2.0,6,20272,M,4162609.0,895706.0,201
201300008878,13,5,12,845,1,1,1,1.0,6,20272,M,0.0,0.0,201
201300008879,13,7,5,630,1,1,1,1.0,6,20272,M,0.0,0.0,201
201300008880,13,7,15,1230,1,2,1,1.0,6,20272,M,0.0,0.0,201
201300008881,13,8,31,1215,1,1,1,1.0,3,20272,M,4163119.0,895762.0,201
201300008882,13,9,2,930,1,2,1,1.0,3,20272,M,0.0,0.0,201
201300008883,13,12,10,900,1,1,1,1.0,6,20272,M,4160400.0,893900.0,201
201300008884,13,7,24,1600,1,1,1,1.0,6,20362,M,4176894.0,917355.0,201