Num_Acc,an,mois,jour,hrmn,lum,agg,int,atm,col,com,gps,lat,long,dep
201300008885,13,11,29,1130,1,1,1,1.0,1,20056,M,4189300.0,900400.0,201
201300008886,13,4,17,1515,1,1,1,1.0,5,20189,M,4170165.0,890683.0,201
201300008887,13,5,19,400,3,1,1,1.0,7,20189,M,4168896.0,893452.0,201
201300008888,13,7,10,930,1,1,1,1.0,3,20189,M,4171300.0,891600.0,201
201300008889,13,7,15,1830,1,1,1,1.0,3,20189,M,4170700.0,883800.0,201
201300008890,13,8,2,830,1,1,1,1.0,2,20189,M,4170100.0,890500.0,201
201300008891,13,9,4,1045,1,1,1,1.0,3,20189,M,4170427.0,891192.0,201
201300008892,13,9,7,1745,1,1,1,1.0,5,20189,M,4169380.0,891189.0,201
201300008893,13,10,18,30,5,2,1,1.0,6,20189,M,4169748.0,884517.0,201
201300008894,13,11,17,915,1,1,1,1.0,5,20189,M,4170500.0,891200.0,201
201300008895,13,1,7,1130,1,1,1,1.0,2,20042,M,0.0,0.0,202
201300008896,13,1,26,1530,1,1,1,1.0,1,20148,M,0.0,0.0,202
201300008897,13,5,4,1815,1,1,1,1.0,2,20042,M,0.0,0.0,202
201300008898,13,5,18,2300,3,1,1,3.0,1,20042,M,0.0,0.0,202
201300008899,13,5,17,845,1,2,1,1.0,3,20148,M,0.0,0.0,202
201300008900,13,6,13,1145,1,1,1,1.0,3,20042,M,0.0,0.0,202
201300008901,13,8,10,1030,1,1,1,1.0,3,20148,M,0.0,0.0,202
201300008902,13,8,15,1545,1,1,1,1.0,3,20055,M,0.0,0.0,202
201300008903,13,8,24,1400,1,1,1,1.0,6,20148,M,0.0,0.0,202
201300008904,13,9,29,1330,1,1,1,1.0,1,20055,M,0.0,0.0,202
201300008905,13,11,25,1600,1,1,1,8.0,5,20355,M,4251500.0,939300.0,202
201300008906,13,12,18,1300,1,2,1,1.0,6,20042,M,4255500.0,944300.0,202
201300008907,13,1,23,1445,1,2,9,2.0,6,20043,M,0.0,0.0,202
201300008908,13,6,8,2115,2,1,1,1.0,6,20281,M,0.0,0.0,202
201300008909,13,8,31,1415,1,1,1,1.0,3,20159,M,0.0,0.0,202
201300008910,13,9,3,1645,1,2,1,1.0,3,20309,M,0.0,0.0,202
201300008911,13,11,4,2215,3,1,1,6.0,6,20043,M,4289800.0,944700.0,202
201300008912,13,11,26,1000,1,1,1,1.0,3,20043,M,4279800.0,949100.0,202
201300008913,13,12,4,1200,1,1,1,1.0,1,20043,M,0.0,0.0,202
201300008914,13,3,16,1245,1,1,1,1.0,7,20314,M,0.0,0.0,202
201300008915,13,8,15,730,1,1,1,1.0,1,20265,M,0.0,0.0,202
201300008916,13,10,18,215,5,2,1,1.0,6,20298,M,0.0,0.0,202
201300008917,13,2,20,2245,5,2,9,1.0,5,20150,M,0.0,0.0,202
201300008918,13,5,6,1515,1,1,1,1.0,1,20050,M,0.0,0.0,202
201300008919,13,5,6,1530,1,1,1,1.0,1,20121,M,0.0,0.0,202
201300008920,13,5,15,1100,1,1,1,1.0,2,20050,M,0.0,0.0,202
201300008921,13,7,24,2245,5,1,1,1.0,7,20050,M,0.0,0.0,202
201300008922,13,8,2,1645,1,1,1,1.0,5,20150,M,0.0,0.0,202
201300008923,13,8,18,1030,1,1,1,1.0,1,20049,M,0.0,0.0,202
201300008924,13,9,11,1545,1,1,1,1.0,1,20150,M,0.0,0.0,202
201300008925,13,9,21,1500,1,1,1,1.0,1,20150,M,0.0,0.0,202
201300008926,13,10,23,1630,1,2,1,1.0,6,20050,M,0.0,0.0,202
201300008927,13,11,18,1700,3,1,1,3.0,3,20150,M,0.0,0.0,202
201300008928,13,3,13,1245,1,1,1,2.0,1,20093,M,0.0,0.0,202
201300008929,13,12,20,1745,3,1,1,1.0,3,20093,M,4261300.0,888600.0,202
201300008930,13,4,15,900,1,1,1,1.0,7,20329,M,0.0,0.0,202
201300008931,13,4,28,1000,1,1,1,1.0,6,20341,M,0.0,0.0,202
201300008932,13,5,26,1800,1,1,1,1.0,5,20096,M,0.0,0.0,202
201300008933,13,6,14,1430,1,1,1,1.0,3,20201,M,0.0,0.0,202
201300008934,13,8,18,1300,1,1,1,1.0,1,20329,M,0.0,0.0,202
201300008935,13,8,20,1315,1,1,1,1.0,7,20201,M,0.0,0.0,202
201300008936,13,9,27,1200,1,1,1,1.0,2,20096,M,0.0,0.0,202
201300008937,13,9,29,1045,1,1,1,3.0,7,20341,M,0.0,0.0,202
201300008938,13,9,28,1800,1,2,1,1.0,3,20096,M,0.0,0.0,202
201300008939,13,10,12,915,1,2,1,1.0,1,20341,M,0.0,0.0,202
201300008940,13,2,1,730,1,1,1,1.0,1,20337,M,0.0,0.0,202
201300008941,13,4,2,1030,1,1,1,3.0,3,20059,M,0.0,0.0,202
201300008942,13,8,24,315,3,1,1,1.0,6,20079,M,0.0,0.0,202
201300008943,13,9,22,1300,1,1,1,1.0,6,20162,M,0.0,0.0,202
201300008944,13,9,23,645,2,1,1,1.0,6,20220,M,0.0,0.0,202
201300008945,13,10,6,1730,1,1,1,1.0,1,20289,M,0.0,0.0,202
201300008946,13,10,18,700,2,1,1,1.0,6,20193,M,0.0,0.0,202
201300008947,13,10,8,1330,1,1,1,1.0,6,20289,M,0.0,0.0,202
201300008948,13,3,1,745,1,1,1,2.0,7,20123,M,0.0,0.0,202
201300008949,13,5,4,1945,2,1,1,2.0,6,20123,M,0.0,0.0,202
201300008950,13,6,4,1230,1,1,1,1.0,2,20342,M,0.0,0.0,202
201300008951,13,6,10,245,3,2,1,1.0,6,20123,M,0.0,0.0,202
201300008952,13,8,27,2030,2,1,1,1.0,3,20277,M,0.0,0.0,202
201300008953,13,8,28,1515,1,1,1,1.0,3,20283,M,0.0,0.0,202
201300008954,13,8,28,1630,1,2,1,1.0,3,20123,M,0.0,0.0,202
201300008955,13,10,4,1015,1,1,1,1.0,3,20123,M,0.0,0.0,202
201300008956,13,12,16,1800,5,1,1,1.0,6,20123,M,0.0,0.0,202
201300008957,13,1,6,2230,3,1,1,1.0,6,20143,M,0.0,0.0,202
201300008958,13,7,3,1100,1,1,1,1.0,2,20143,M,0.0,0.0,202
201300008959,13,7,23,1130,1,1,1,1.0,3,20143,M,0.0,0.0,202
201300008960,13,8,20,1700,1,1,1,1.0,1,20009,M,0.0,0.0,202
201300008961,13,10,14,1145,1,1,1,1.0,1,20177,M,0.0,0.0,202
201300008962,13,11,3,1415,1,1,1,1.0,2,20143,M,0.0,0.0,202
201300008963,13,12,3,1745,3,1,1,1.0,1,20009,M,0.0,0.0,202
201300008964,13,2,21,1430,1,1,1,1.0,1,20087,M,0.0,0.0,202
201300008965,13,4,13,630,1,1,1,1.0,6,20057,M,0.0,0.0,202
201300008966,13,5,7,845,1,1,1,1.0,3,20307,M,0.0,0.0,202
201300008967,13,5,20,1530,1,1,1,1.0,3,20303,M,0.0,0.0,202
201300008968,13,9,10,1145,1,1,1,1.0,6,20307,M,0.0,0.0,202
201300008969,13,10,1,1500,1,1,1,1.0,6,20303,M,0.0,0.0,202
201300008970,13,12,13,1145,1,1,1,1.0,3,20313,M,0.0,0.0,202
201300008971,13,5,14,1745,1,1,1,1.0,3,20207,M,0.0,0.0,202
201300008972,13,10,5,1415,1,1,1,1.0,1,20343,M,0.0,0.0,202
201300008973,13,10,19,715,1,1,1,1.0,6,20343,M,0.0,0.0,202
201300008974,13,12,5,1200,1,2,1,1.0,6,20286,M,4248800.0,948100.0,202
201300008975,13,2,23,1810,1,2,1,1.0,6,05023,M,4490557.0,663033.0,05
201300008976,13,3,9,1,5,2,6,1.0,6,05023,M,4490143.0,664360.0,05
201300008977,13,4,17,1023,1,2,3,1.0,3,05023,M,4490330.0,663039.0,05
201300008978,13,5,12,935,1,2,1,1.0,1,05023,M,4490259.0,664949.0,05
201300008979,13,5,27,353,3,1,1,1.0,6,05023,M,,,05
201300008980,13,6,8,620,1,2,6,1.0,6,05023,M,4488721.0,663365.0,05
201300008981,13,6,25,1620,1,2,1,1.0,6,05023,M,4489497.0,663310.0,05
201300008982,13,7,5,920,1,2,1,7.0,6,05023,M,4489668.0,663485.0,05
201300008983,13,7,11,1010,1,2,1,1.0,2,05023,M,4488480.0,662421.0,05
201300008984,13,7,12,1110,1,2,3,1.0,3,05023,M,4490564.0,662950.0,05
201300008985,13,7,19,1700,1,2,4,2.0,3,05023,M,4491666.0,662234.0,05
201300008986,13,7,22,955,1,2,1,1.0,4,05023,M,4489581.0,663298.0,05
201300008987,13,7,25,2110,3,1,1,1.0,6,05023,M,4490789.0,666201.0,05
201300008988,13,8,13,1255,1,2,3,1.0,3,05023,M,4490120.0,663209.0,05
201300008989,13,8,24,1555,1,2,1,2.0,3,05023,M,4490321.0,663050.0,05
201300008990,13,10,2,1000,1,2,9,1.0,3,05023,M,4489113.0,663138.0,05
201300008991,13,10,4,1850,2,2,1,2.0,3,05023,M,4490341.0,662990.0,05
201300008992,13,12,20,1930,5,2,3,4.0,7,05023,M,4489522.0,663085.0,05
201300008993,13,12,29,1950,5,2,1,1.0,1,05023,M,4489888.0,664089.0,05
201300008994,13,12,30,530,5,2,1,1.0,1,05023,M,4488464.0,662891.0,05
201300008995,13,12,18,945,1,1,1,1.0,3,05061,M,4451002.0,606962.0,05
201300008996,13,1,9,1020,1,2,1,1.0,6,05061,M,4455769.0,607760.0,05
201300008997,13,1,22,1645,1,2,1,1.0,6,05061,M,4456910.0,610187.0,05
201300008998,13,2,8,1826,5,2,1,1.0,6,05061,M,4455985.0,607534.0,05
201300008999,13,2,9,2136,3,1,1,1.0,4,05061,M,4450993.0,604589.0,05
201300009000,13,2,22,1230,1,2,1,1.0,1,05061,M,4457623.0,606253.0,05
201300009001,13,1,18,1015,1,1,1,1.0,5,05061,M,,,05
201300009002,13,3,28,1655,1,2,1,2.0,6,05061,M,4455803.0,606857.0,05
201300009003,13,4,8,830,1,2,1,1.0,2,05061,M,4454872.0,606712.0,05
201300009004,13,4,14,1220,1,2,6,1.0,3,05061,M,4456392.0,610037.0,05
201300009005,13,5,20,1715,1,1,1,1.0,3,05061,M,4454857.0,603819.0,05
201300009006,13,5,27,1730,1,1,3,1.0,3,05061,M,4458876.0,608119.0,05
201300009007,13,5,30,1230,1,2,1,1.0,3,05061,M,4455736.0,607717.0,05
201300009008,13,6,1,1555,1,2,1,1.0,2,05061,M,4455320.0,607262.0,05
201300009009,13,7,16,820,1,2,1,1.0,3,05061,M,4456863.0,610007.0,05
201300009010,13,6,25,1515,1,2,1,1.0,6,05061,M,4456565.0,608361.0,05
201300009011,13,8,2,1620,1,2,3,1.0,3,05061,M,4455351.0,607300.0,05
201300009012,13,8,21,1710,1,2,1,1.0,3,05061,M,4455295.0,607231.0,05
201300009013,13,8,28,905,1,2,3,1.0,6,05061,M,4454068.0,605725.0,05
201300009014,13,9,6,650,1,2,1,1.0,2,05061,M,4453803.0,605171.0,05
201300009015,13,9,19,1445,1,2,1,1.0,6,05061,M,4454279.0,605984.0,05
201300009016,13,9,22,1300,1,2,1,1.0,6,05061,M,4455666.0,607978.0,05
201300009017,13,10,3,1225,1,2,3,1.0,3,05061,M,4456322.0,608389.0,05
201300009018,13,10,8,721,2,1,1,8.0,3,05061,M,4462086.0,608223.0,05
201300009019,13,10,8,1748,1,1,1,1.0,1,05061,M,4460650.0,611807.0,05
201300009020,13,10,30,1230,1,2,3,1.0,3,05061,M,4456729.0,608343.0,05
201300009021,13,11,14,1720,2,2,3,1.0,3,05061,M,4454623.0,606407.0,05
201300009022,13,2,2,1800,2,2,1,1.0,6,78255,M,0.0,0.0,78
201300009023,13,4,11,2130,3,1,1,1.0,1,78320,M,0.0,0.0,78
201300009024,13,4,24,815,1,2,1,1.0,2,78089,M,0.0,0.0,78
201300009025,13,6,7,1500,1,2,1,1.0,3,78503,M,0.0,0.0,78
201300009026,13,8,1,1945,1,2,1,1.0,6,78255,M,0.0,0.0,78
201300009027,13,9,24,1845,1,1,1,1.0,1,78385,M,0.0,0.0,78
201300009028,13,11,5,1800,5,2,1,2.0,6,78107,M,0.0,0.0,78
201300009029,13,6,30,1500,2,1,1,1.0,6,78107,M,0.0,0.0,78
201300009030,13,8,6,1730,1,1,1,1.0,3,78536,M,0.0,0.0,78
201300009031,13,11,2,1815,3,1,2,1.0,3,78246,M,4903700.0,174900.0,78
201300009032,13,5,8,1230,1,1,1,1.0,3,78206,M,0.0,0.0,78
201300009033,13,10,11,1245,1,1,1,2.0,3,78206,M,0.0,0.0,78
201300009034,13,1,17,1800,3,1,1,1.0,1,78381,M,4879900.0,161900.0,78
201300009035,13,2,28,1730,1,2,1,1.0,6,78310,M,4879800.0,160200.0,78
201300009036,13,3,28,800,1,2,1,1.0,1,78310,M,0.0,0.0,78
201300009037,13,5,1,600,5,2,1,1.0,6,78310,M,4881200.0,159100.0,78
201300009038,13,5,25,1145,1,1,1,1.0,6,78381,M,4879600.0,163100.0,78
201300009039,13,5,30,2100,1,2,2,8.0,3,78171,M,4873600.0,163900.0,78
201300009040,13,6,10,1300,1,1,1,1.0,4,78048,M,4879800.0,164900.0,78
201300009041,13,6,18,2200,2,1,1,1.0,6,78381,M,0.0,0.0,78
201300009042,13,7,21,315,3,1,1,1.0,6,78263,M,0.0,0.0,78
201300009043,13,9,24,2000,2,1,1,1.0,6,78381,M,4879700.0,163400.0,78
201300009044,13,10,1,800,2,1,1,5.0,6,78381,M,0.0,0.0,78
201300009045,13,11,13,930,1,2,1,1.0,6,78310,M,0.0,0.0,78
201300009046,13,11,29,30,5,2,1,5.0,6,78171,M,4874400.0,165600.0,78
201300009047,13,12,7,1515,1,2,1,1.0,1,78310,M,4879600.0,160600.0,78
201300009048,13,12,12,1700,5,2,6,1.0,6,78310,M,4879900.0,160300.0,78
201300009049,13,12,12,1900,5,1,1,9.0,4,78381,M,4878400.0,162400.0,78
201300009050,13,12,13,1600,1,1,9,1.0,6,78381,M,0.0,0.0,78
201300009051,13,6,21,1200,1,2,1,1.0,6,78368,M,0.0,0.0,78
201300009052,13,7,18,1245,1,1,1,1.0,7,78380,M,0.0,0.0,78
201300009053,13,9,3,1915,1,1,1,1.0,2,78368,M,0.0,0.0,78
201300009054,13,9,22,1800,1,2,1,1.0,1,78033,M,4893700.0,184600.0,78
201300009055,13,11,1,400,3,1,1,2.0,7,78305,M,0.0,0.0,78
201300009056,13,7,23,845,1,1,1,1.0,1,78163,M,0.0,0.0,78
201300009057,13,10,8,645,5,2,1,2.0,6,78591,M,0.0,0.0,78
201300009058,13,5,26,2245,3,1,1,1.0,2,78464,M,0.0,0.0,78
201300009059,13,6,26,1115,1,1,1,1.0,6,78557,M,0.0,0.0,78
201300009060,13,9,25,1515,1,1,1,1.0,3,78108,M,0.0,0.0,78
201300009061,13,9,30,1730,1,1,1,1.0,1,78108,M,0.0,0.0,78
201300009062,13,10,18,915,2,1,1,5.0,1,78209,M,0.0,0.0,78
201300009063,13,1,24,1030,1,1,1,5.0,1,78478,M,4846573.0,187593.0,78
201300009064,13,2,17,345,3,1,1,8.0,6,78003,M,4852723.0,183086.0,78
201300009065,13,6,22,2000,2,1,1,1.0,3,78164,M,0.0,0.0,78
201300009066,13,9,5,1630,1,1,2,7.0,3,78470,M,4858200.0,180000.0,78
201300009067,13,10,8,1115,1,1,1,1.0,6,78506,M,0.0,0.0,78
201300009068,13,11,21,515,3,2,1,2.0,7,78003,M,4852100.0,182800.0,78
201300009069,13,1,9,815,2,1,1,8.0,6,78160,M,4868482.0,200416.0,78
201300009070,13,1,24,1630,1,1,2,8.0,3,78128,M,0.0,0.0,78
201300009071,13,3,3,1600,1,1,3,1.0,3,78128,M,4867721.0,198927.0,78
201300009072,13,4,24,1730,1,1,1,1.0,2,78128,M,0.0,0.0,78
201300009073,13,7,2,2030,1,2,1,1.0,7,78162,M,0.0,0.0,78
201300009074,13,7,14,1800,1,1,1,1.0,6,78128,M,0.0,0.0,78
201300009075,13,7,13,1945,1,1,1,1.0,7,78030,M,0.0,0.0,78
201300009076,13,8,9,1315,1,1,1,1.0,6,78548,M,0.0,0.0,78
201300009077,13,9,11,700,2,2,1,1.0,7,78575,M,0.0,0.0,78
201300009078,13,10,15,1845,2,2,1,1.0,5,78575,M,0.0,0.0,78
201300009079,13,10,19,1800,1,1,1,1.0,7,78193,M,4816700.0,156700.0,78
201300009080,13,2,22,500,3,1,1,1.0,6,78389,M,4880500.0,181600.0,78
201300009081,13,2,28,1930,5,1,1,1.0,6,78050,M,4878500.0,184600.0,78
201300009082,13,3,12,1530,1,2,1,4.0,5,78398,M,4874647.0,183188.0,78
201300009083,13,4,2,2330,3,1,1,1.0,5,78443,M,4883700.0,185300.0,78
201300009084,13,4,14,1745,1,1,1,1.0,2,78389,M,4880000.0,181400.0,78
201300009085,13,4,19,1745,1,1,1,1.0,6,78366,M,4879834.0,186006.0,78
201300009086,13,11,23,530,3,1,1,1.0,6,78264,M,4876300.0,173800.0,78
201300009087,13,12,12,945,1,1,1,1.0,2,78653,M,4881900.0,182900.0,78
201300009088,13,12,23,1845,5,2,1,6.0,6,78562,M,4872100.0,176900.0,78
201300009089,13,2,28,2300,4,2,1,1.0,7,78062,M,0.0,0.0,78
201300009090,13,11,1,1345,1,1,1,2.0,6,78321,M,0.0,0.0,78
201300009091,13,1,13,1400,1,1,1,8.0,6,78404,M,0.0,0.0,78
201300009092,13,2,15,815,1,1,1,8.0,6,78616,M,4887596.0,181151.0,78
201300009093,13,4,20,1945,1,1,1,1.0,2,78513,M,0.0,0.0,78
201300009094,13,9,5,1545,1,1,1,1.0,3,78262,M,0.0,0.0,78
201300009095,13,10,24,1845,2,2,1,1.0,6,78513,M,0.0,0.0,78
201300009096,13,11,7,1715,2,2,9,2.0,2,78265,M,0.0,0.0,78
201300009097,13,3,31,30,3,1,1,1.0,6,78087,M,0.0,0.0,78
201300009098,13,4,10,2300,3,1,2,2.0,3,78499,M,0.0,0.0,78
201300009099,13,6,19,200,3,1,1,1.0,6,78087,M,0.0,0.0,78
201300009100,13,7,20,1930,1,2,1,1.0,1,78537,M,0.0,0.0,78
201300009101,13,7,10,700,1,2,1,1.0,2,91235,M,4864200.0,236200.0,91
201300009102,13,10,13,1430,1,2,1,1.0,1,91235,M,4862300.0,235000.0,91
201300009103,13,2,5,1615,1,2,1,1.0,6,91386,M,4857000.0,242800.0,91
201300009104,13,5,16,2000,1,1,1,1.0,1,91179,M,4856300.0,249900.0,91
201300009105,13,7,23,1100,1,2,6,1.0,6,91386,M,0.0,0.0,91
201300009106,13,9,21,1045,1,2,1,1.0,1,91179,M,4856700.0,249500.0,91
201300009107,13,11,24,1000,1,2,1,7.0,2,91179,M,4856800.0,249000.0,91
201300009108,13,3,15,1145,1,1,1,1.0,2,91405,M,0.0,0.0,91
201300009109,13,4,24,1930,1,1,2,1.0,5,91405,M,0.0,0.0,91
201300009110,13,5,15,715,2,1,1,1.0,1,91599,M,0.0,0.0,91
201300009111,13,5,16,1245,1,1,1,1.0,3,91405,M,0.0,0.0,91
201300009112,13,7,16,1700,1,1,1,1.0,1,91405,M,0.0,0.0,91
201300009113,13,9,8,130,3,1,1,1.0,1,91599,M,4848500.0,247400.0,91
201300009114,13,9,14,2200,3,1,1,3.0,2,91180,M,4844100.0,248100.0,91
201300009115,13,9,21,315,4,2,1,1.0,6,91121,M,0.0,0.0,91
201300009116,13,11,10,1730,5,2,3,1.0,1,91405,M,0.0,0.0,91
201300009117,13,1,28,845,1,1,1,9.0,3,91130,M,4843000.0,211300.0,91
201300009118,13,3,20,745,1,1,1,1.0,1,91200,M,4850600.0,203100.0,91
201300009119,13,5,3,1815,1,1,1,1.0,3,91200,M,4842800.0,202800.0,91
201300009120,13,7,6,1345,1,2,1,1.0,3,91200,M,4853400.0,202000.0,91
201300009121,13,10,29,1800,5,2,1,1.0,6,91200,M,4853600.0,201399.0,91
201300009122,13,11,3,845,2,1,1,1.0,6,91547,M,4843200.0,196300.0,91
201300009123,13,11,21,1530,2,2,1,8.0,2,91130,M,4843700.0,207100.0,91
201300009124,13,12,21,2045,3,1,1,1.0,7,91393,M,4842200.0,199900.0,91
201300009125,13,1,25,700,2,1,1,8.0,6,91226,M,4848300.0,219100.0,91
201300009126,13,9,10,815,1,2,1,1.0,3,91330,M,4853600.0,229400.0,91
201300009127,13,1,18,1945,3,1,1,4.0,1,91080,M,4847500.0,228700.0,91
201300009128,13,3,22,1545,1,1,1,1.0,7,91100,M,4843000.0,228400.0,91
201300009129,13,5,16,1630,1,2,1,1.0,6,91232,M,0.0,0.0,91
201300009130,13,10,14,1815,1,2,1,1.0,1,91099,M,0.0,0.0,91
201300009131,13,11,28,2215,5,2,1,8.0,6,91099,M,4844800.0,236300.0,91
201300009132,13,1,12,1700,2,1,1,1.0,6,91294,M,0.0,0.0,91
201300009133,13,1,30,1300,1,1,1,2.0,1,91222,M,4830900.0,212300.0,91
201300009134,13,2,23,1230,1,1,1,8.0,6,91533,M,0.0,0.0,91
201300009135,13,6,6,1700,1,1,1,1.0,1,91079,M,0.0,0.0,91
201300009136,13,12,1,845,1,1,1,1.0,6,91544,M,0.0,0.0,91
201300009137,13,12,3,2330,5,2,1,1.0,3,91533,M,4836200.0,212500.0,91
201300009138,13,12,13,1745,3,1,1,5.0,1,91079,M,4838800.0,216900.0,91
201300009139,13,5,17,1545,1,1,1,1.0,2,91546,M,4857300.0,202999.0,91
201300009140,13,9,17,1645,1,1,1,2.0,1,91630,M,4857400.0,209700.0,91
201300009141,13,10,31,730,2,2,1,1.0,1,91546,M,0.0,0.0,91
201300009142,13,12,7,115,5,2,1,1.0,6,91630,M,0.0,0.0,91
201300009143,13,8,22,815,1,1,1,1.0,6,91661,M,4869300.0,222900.0,91
201300009144,13,11,30,1430,1,2,1,1.0,3,91661,M,4870300.0,224600.0,91
201300009145,13,2,6,1515,1,1,1,1.0,6,91292,M,4857300.0,226800.0,91
201300009146,13,6,7,1130,1,2,4,1.0,3,91115,M,0.0,0.0,91
201300009147,13,6,13,2200,1,1,1,1.0,2,91461,M,0.0,0.0,91
201300009148,13,7,12,1915,1,1,1,7.0,3,91115,M,0.0,0.0,91
201300009149,13,8,5,1500,1,1,1,1.0,1,91292,M,4857300.0,227300.0,91
201300009150,13,10,4,1945,5,2,1,1.0,3,91207,M,4858600.0,223200.0,91
201300009151,13,7,28,645,1,2,1,1.0,6,91579,M,0.0,0.0,91
201300009152,13,10,7,745,1,1,1,1.0,3,91579,M,0.0,0.0,91
201300009153,13,10,20,915,1,2,6,2.0,3,91376,M,0.0,0.0,91
201300009154,13,11,8,1715,1,2,1,1.0,6,91494,M,0.0,0.0,91
201300009155,13,12,29,1445,1,1,1,1.0,1,91494,M,0.0,0.0,91
201300009156,13,1,1,2145,5,2,1,1.0,6,91338,M,0.0,0.0,91
201300009157,13,1,11,2115,2,1,2,1.0,3,91338,M,0.0,0.0,91
201300009158,13,4,5,2100,1,2,1,1.0,1,91249,M,0.0,0.0,91
201300009159,13,5,6,1745,1,1,2,1.0,3,91338,M,0.0,0.0,91
201300009160,13,5,11,1400,1,1,1,1.0,1,91249,M,4863400.0,206700.0,91
201300009161,13,5,14,1630,1,1,2,1.0,3,91338,M,0.0,0.0,91
201300009162,13,6,15,1145,1,1,1,1.0,3,91186,M,4859800.0,215300.0,91
201300009163,13,7,2,1230,1,1,1,1.0,5,91111,M,4862500.0,213900.0,91
201300009164,13,9,5,2115,3,1,1,1.0,7,91186,M,4860900.0,213800.0,91
201300009165,13,9,16,700,2,1,1,8.0,6,91338,M,0.0,0.0,91
201300009166,13,9,21,1915,1,2,3,1.0,1,91338,M,0.0,0.0,91
201300009167,13,10,13,815,2,2,1,5.0,1,91243,M,4861300.0,216700.0,91
201300009168,13,10,18,1915,5,2,1,1.0,3,91338,M,4864700.0,206599.0,91
201300009169,13,11,8,945,1,1,2,3.0,3,91338,M,0.0,0.0,91
201300009170,13,11,20,600,5,1,1,1.0,7,91338,M,0.0,0.0,91
201300009171,13,12,4,1415,1,1,1,1.0,6,91111,M,4862700.0,212500.0,91
201300009172,13,12,11,1245,1,1,1,1.0,1,91111,M,0.0,0.0,91
201300009173,13,12,22,1430,1,1,1,8.0,6,91111,M,4863600.0,212800.0,91
201300009174,13,11,25,815,1,2,1,1.0,3,91587,M,0.0,0.0,91
201300009175,13,12,25,900,1,1,1,1.0,6,91587,M,0.0,0.0,91
201300009176,13,3,14,1615,1,1,1,1.0,6,91534,M,4873800.0,217400.0,91
201300009177,13,4,22,815,1,1,1,1.0,1,91534,M,4873100.0,218500.0,91
201300009178,13,5,27,645,1,1,1,1.0,3,91534,M,4874300.0,218600.0,91
201300009179,13,9,27,815,1,1,6,1.0,3,91534,M,4873500.0,216300.0,91
201300009180,13,2,11,1415,1,2,1,1.0,1,91275,M,0.0,0.0,91
201300009181,13,4,4,2230,5,2,1,2.0,6,91272,M,0.0,0.0,91
201300009182,13,4,17,1015,1,1,6,1.0,1,91538,M,4871700.0,214500.0,91
201300009183,13,4,23,1245,1,1,1,8.0,6,91538,M,0.0,0.0,91
201300009184,13,4,26,1245,1,2,1,2.0,7,91272,M,0.0,0.0,91
201300009185,13,6,11,1345,1,1,1,8.0,4,91275,M,4867800.0,215700.0,91
201300009186,13,6,30,1845,1,1,6,1.0,3,91560,M,0.0,0.0,91
201300009187,13,7,3,1045,1,1,6,1.0,7,91679,M,4873300.0,212600.0,91
201300009188,13,7,18,800,1,1,1,1.0,6,91272,M,0.0,0.0,91
201300009189,13,8,7,815,1,1,6,3.0,6,91560,M,0.0,0.0,91
201300009190,13,9,4,1745,1,2,1,7.0,6,91272,M,0.0,0.0,91
201300009191,13,9,5,1730,1,2,1,1.0,2,91538,M,0.0,0.0,91
201300009192,13,9,7,900,1,1,1,1.0,6,91679,M,4873600.0,210000.0,91
201300009193,13,9,5,1615,1,2,6,7.0,3,91272,M,0.0,0.0,91
201300009194,13,9,14,1915,3,1,1,3.0,1,91272,M,0.0,0.0,91
201300009195,13,10,10,815,1,2,1,1.0,3,91272,M,0.0,0.0,91
201300009196,13,12,2,2030,5,2,1,1.0,7,91272,M,0.0,0.0,91
201300009197,13,1,13,1145,1,1,1,5.0,1,95139,M,4818530.0,172910.0,95
201300009198,13,7,6,2230,3,1,1,1.0,1,95012,M,4909210.0,162630.0,95
201300009199,13,8,6,600,2,2,1,1.0,1,95139,M,4918580.0,172790.0,95
201300009200,13,8,25,1530,1,1,1,2.0,6,95690,M,4907670.0,181820.0,95
201300009201,13,8,31,1515,1,2,1,1.0,5,95656,M,4906370.0,271660.0,95
201300009202,13,2,10,2330,3,1,1,1.0,3,95177,M,4910820.0,203250.0,95
201300009203,13,12,1,545,3,2,1,1.0,6,95213,M,4911960.0,205110.0,95
201300009204,13,12,15,545,3,2,1,2.0,6,95213,M,4911970.0,205110.0,95
201300009205,13,6,29,2045,1,2,1,1.0,7,95627,M,4913890.0,211630.0,95
201300009206,13,10,10,1615,1,1,1,2.0,1,95308,M,4910560.0,213120.0,95
201300009207,13,12,28,1630,1,1,1,8.0,7,95446,M,4912220.0,216340.0,95
201300009208,13,3,9,845,1,2,1,1.0,1,95592,M,4903480.0,186480.0,95
201300009209,13,4,11,1800,1,1,1,1.0,7,95535,M,4903670.0,197669.0,95
201300009210,13,7,19,430,2,1,1,1.0,6,95348,M,4907490.0,195030.0,95
201300009211,13,12,17,1620,1,1,2,1.0,3,95483,M,4910720.0,192690.0,95
201300009212,13,1,10,1615,2,2,1,8.0,6,95199,M,4903680.0,234070.0,95
201300009213,13,2,16,1945,3,1,1,1.0,2,95489,M,4901960.0,235160.0,95
201300009214,13,6,6,2200,2,2,1,1.0,3,95199,M,4903710.0,231210.0,95
201300009215,13,6,28,45,5,2,1,1.0,6,95199,M,4902550.0,233040.0,95