Num_Acc,an,mois,jour,hrmn,lum,agg,int,atm,col,com,gps,lat,long,dep
201300009216,13,10,8,1715,1,2,1,1.0,6,95199,M,4903110.0,233520.0,95
201300009217,13,12,5,2015,3,1,1,1.0,4,95489,M,4902050.0,235130.0,95
201300009218,13,10,8,1200,1,1,1,1.0,1,95395,M,4905190.0,240910.0,95
201300009219,13,11,15,1645,2,1,1,2.0,4,95205,M,4902160.0,238650.0,95
201300009220,13,12,4,1645,1,2,1,1.0,6,95229,M,4903590.0,234590.0,95
201300009221,13,11,8,1530,1,2,1,2.0,6,95351,M,4904990.0,250330.0,95
201300009222,13,1,15,830,1,1,1,4.0,6,77457,M,0.0,0.0,77
201300009223,13,4,22,2145,5,2,1,1.0,7,77455,M,4865238.0,269027.0,77
201300009224,13,8,2,330,3,1,6,1.0,6,77253,M,0.0,0.0,77
201300009225,13,9,4,1815,1,1,1,7.0,3,77175,M,0.0,0.0,77
201300009226,13,1,23,1715,2,1,1,8.0,1,77266,M,4844500.0,285500.0,77
201300009227,13,6,25,1930,1,1,2,1.0,3,77034,M,0.0,0.0,77
201300009228,13,8,4,730,2,1,1,1.0,1,77480,M,0.0,0.0,77
201300009229,13,3,7,1730,1,1,1,1.0,1,77107,M,0.0,0.0,77
201300009230,13,3,28,915,1,1,1,1.0,6,77145,M,0.0,0.0,77
201300009231,13,4,16,1745,1,1,1,1.0,7,77534,M,0.0,0.0,77
201300009232,13,7,7,2345,3,1,1,1.0,6,77457,M,0.0,0.0,77
201300009233,13,9,17,915,1,1,1,1.0,7,77493,M,0.0,0.0,77
201300009234,13,9,26,1045,1,2,1,1.0,6,77493,M,0.0,0.0,77
201300009235,13,1,17,1045,1,1,1,1.0,7,77211,M,4857900.0,296400.0,77
201300009236,13,2,9,1415,1,1,1,1.0,3,77211,M,0.0,0.0,77
201300009237,13,4,23,400,3,1,1,1.0,6,77195,M,0.0,0.0,77
201300009238,13,5,10,1745,1,2,1,8.0,1,77317,M,0.0,0.0,77
201300009239,13,10,5,545,3,1,1,9.0,6,77010,M,0.0,0.0,77
201300009240,13,11,9,700,2,1,1,9.0,6,77428,M,4855700.0,291500.0,77
201300009241,13,1,9,630,2,1,2,1.0,3,77049,M,4891600.0,292100.0,77
201300009242,13,1,24,645,3,1,1,5.0,7,77130,M,0.0,0.0,77
201300009243,13,7,10,1530,1,1,1,1.0,1,77529,M,0.0,0.0,77
201300009244,13,7,15,145,3,1,1,1.0,6,77047,M,0.0,0.0,77
201300009245,13,8,14,845,1,1,1,1.0,7,77225,M,0.0,0.0,77
201300009246,13,11,16,1915,3,1,3,1.0,3,77142,M,4885500.0,293600.0,77
201300009247,13,12,8,1555,1,1,1,1.0,2,77529,M,4884600.0,288800.0,77
201300009248,13,1,26,1600,1,2,1,4.0,6,77512,M,0.0,0.0,77
201300009249,13,1,31,630,3,1,1,1.0,7,77151,M,0.0,0.0,77
201300009250,13,3,28,2315,3,1,1,1.0,6,77406,M,0.0,0.0,77
201300009251,13,4,16,830,1,1,1,1.0,3,77162,M,0.0,0.0,77
201300009252,13,7,23,1345,1,2,1,1.0,3,77406,M,0.0,0.0,77
201300009253,13,7,27,1515,1,2,1,1.0,3,77247,M,4875612.0,334368.0,77
201300009254,13,7,29,15,3,1,1,1.0,1,77162,M,0.0,0.0,77
201300009255,13,8,26,2100,3,1,1,1.0,2,77432,M,0.0,0.0,77
201300009256,13,9,1,45,3,1,1,1.0,6,77116,M,0.0,0.0,77
201300009257,13,9,15,530,3,1,1,2.0,6,77385,M,0.0,0.0,77
201300009258,13,5,23,1945,1,2,1,1.0,6,77183,M,0.0,0.0,77
201300009259,13,7,5,1845,1,2,1,1.0,6,77238,M,4893956.0,315242.0,77
201300009260,13,8,21,1730,1,1,1,1.0,1,77440,M,0.0,0.0,77
201300009261,13,9,13,1715,1,2,1,1.0,1,77183,M,4894563.0,313368.0,77
201300009262,13,11,30,715,1,1,1,1.0,2,77078,M,0.0,0.0,77
201300009263,13,1,11,1845,3,1,1,1.0,1,77508,M,0.0,0.0,77
201300009264,13,2,5,1715,2,1,1,1.0,1,77091,M,0.0,0.0,77
201300009265,13,4,25,1545,1,1,1,1.0,5,77144,M,0.0,0.0,77
201300009266,13,6,20,800,1,1,1,2.0,1,77318,M,0.0,0.0,77
201300009267,13,6,21,1645,1,1,1,1.0,5,77318,M,0.0,0.0,77
201300009268,13,7,5,845,1,1,1,1.0,1,77508,M,0.0,0.0,77
201300009269,13,9,5,1100,1,2,7,1.0,6,77176,M,0.0,0.0,77
201300009270,13,9,19,1200,1,1,1,1.0,4,77508,M,0.0,0.0,77
201300009271,13,10,17,545,2,1,1,2.0,3,77508,M,4881600.0,284000.0,77
201300009272,13,12,1,930,3,1,1,1.0,7,77154,M,0.0,0.0,77
201300009273,13,12,7,630,3,1,1,2.0,1,77508,M,0.0,0.0,77
201300009274,13,1,3,1245,1,1,1,2.0,3,77192,M,0.0,0.0,77
201300009275,13,3,16,2200,3,1,1,1.0,6,77264,M,0.0,0.0,77
201300009276,13,6,15,2000,1,1,2,1.0,1,77192,M,0.0,0.0,77
201300009277,13,9,27,2015,5,2,1,1.0,3,77192,M,4870902.0,287220.0,77
201300009278,13,11,3,1915,3,1,1,1.0,6,77264,M,4871100.0,297100.0,77
201300009279,13,8,3,1900,1,1,1,1.0,5,77359,M,0.0,0.0,77
201300009280,13,6,16,600,2,1,1,1.0,1,77041,M,0.0,0.0,77
201300009281,13,6,27,1600,1,2,1,1.0,6,77339,M,4838720.0,249906.0,77
201300009282,13,9,10,1845,1,1,1,1.0,7,77339,M,0.0,0.0,77
201300009283,13,10,16,1115,1,1,1,2.0,7,77477,M,4833400.0,258700.0,77
201300009284,13,11,13,1845,3,1,1,1.0,6,77003,M,4831300.0,252900.0,77
201300009285,13,3,15,1930,3,1,1,1.0,1,77102,M,0.0,0.0,77
201300009286,13,6,1,1030,1,1,1,1.0,6,77011,M,0.0,0.0,77
201300009287,13,8,6,100,3,1,1,1.0,7,77099,M,0.0,0.0,77
201300009288,13,11,7,1830,3,1,1,2.0,3,77102,M,0.0,0.0,77
201300009289,13,6,28,1130,1,1,2,2.0,3,77387,M,0.0,0.0,77
201300009290,13,10,28,415,5,2,1,2.0,6,77261,M,4824200.0,290600.0,77
201300009291,13,11,3,2145,3,1,2,3.0,3,77329,M,4826200.0,281000.0,77
201300009292,13,11,14,2030,3,1,1,8.0,6,77531,M,4827700.0,297000.0,77
201300009293,13,12,14,1945,3,1,1,1.0,1,77531,M,4827200.0,296700.0,77
201300009294,13,1,2,1145,1,2,1,2.0,6,77153,M,0.0,0.0,77
201300009295,13,2,9,430,3,1,1,4.0,2,77392,M,0.0,0.0,77
201300009296,13,4,29,1645,1,2,1,1.0,6,77259,M,4905022.0,266454.0,77
201300009297,13,5,20,1545,1,1,1,3.0,7,77392,M,0.0,0.0,77
201300009298,13,6,9,1915,1,2,1,2.0,6,77420,M,0.0,0.0,77
201300009299,13,6,13,830,1,1,1,1.0,1,77153,M,0.0,0.0,77
201300009300,13,7,1,15,3,1,9,1.0,7,77153,M,0.0,0.0,77
201300009301,13,7,24,1745,1,2,1,1.0,6,77153,M,4904975.0,269056.0,77
201300009302,13,9,11,815,1,1,1,2.0,1,77322,M,0.0,0.0,77
201300009303,13,10,1,1130,1,1,1,1.0,2,77392,M,4906000.0,271100.0,77
201300009304,13,11,25,1900,3,1,2,1.0,6,77153,M,4905900.0,271500.0,77
201300009305,13,1,28,1700,1,2,1,1.0,6,77005,M,0.0,0.0,77
201300009306,13,2,20,245,3,1,3,1.0,3,77474,M,0.0,0.0,77
201300009307,13,2,20,830,1,1,1,1.0,1,77005,M,4892300.0,270000.0,77
201300009308,13,6,17,2245,5,2,1,1.0,3,77315,M,0.0,0.0,77
201300009309,13,8,29,500,3,1,1,5.0,6,77234,M,0.0,0.0,77
201300009310,13,12,17,1730,3,1,1,1.0,3,77315,M,0.0,0.0,77
201300009311,13,1,11,745,3,1,1,8.0,6,77483,M,0.0,0.0,77
201300009312,13,5,17,2130,3,2,1,1.0,7,77204,M,4906592.0,315648.0,77
201300009313,13,5,29,2345,3,1,1,2.0,3,77367,M,0.0,0.0,77
201300009314,13,8,29,700,2,1,1,5.0,6,77126,M,4902500.0,297400.0,77
201300009315,13,9,1,930,3,1,1,1.0,1,77126,M,0.0,0.0,77
201300009316,13,2,10,1530,1,1,2,2.0,3,77380,M,4905900.0,287400.0,77
201300009317,13,6,30,2030,1,2,1,1.0,6,77173,M,0.0,0.0,77
201300009318,13,11,21,1930,3,2,9,1.0,6,77430,M,4908400.0,275600.0,77
201300009319,13,1,11,2015,3,1,3,1.0,7,77032,M,0.0,0.0,77
201300009320,13,7,5,1215,1,1,3,7.0,1,77416,M,0.0,0.0,77
201300009321,13,10,18,700,3,1,1,5.0,1,77301,M,0.0,0.0,77
201300009322,13,11,27,1630,1,2,1,1.0,6,77301,M,4869800.0,343800.0,77
201300009323,13,12,5,930,1,1,1,5.0,1,77301,M,4870600.0,345400.0,77
201300009324,13,12,13,200,3,1,1,9.0,6,77262,M,0.0,0.0,77
201300009325,13,2,8,1700,1,1,2,3.0,5,77524,M,0.0,0.0,77
201300009326,13,7,21,815,1,1,1,1.0,6,77509,M,0.0,0.0,77
201300009327,13,7,25,215,3,1,1,1.0,6,77311,M,0.0,0.0,77
201300009328,13,8,11,1330,1,1,2,1.0,6,77019,M,0.0,0.0,77
201300009329,13,8,13,230,3,1,1,1.0,6,77076,M,0.0,0.0,77
201300009330,13,12,10,1815,3,1,1,2.0,5,77167,M,4843200.0,311100.0,77
201300009331,13,7,26,1545,1,2,1,1.0,7,77327,M,4855132.0,300762.0,77
201300009332,13,8,23,1330,1,2,4,1.0,3,77383,M,4854892.0,306420.0,77
201300009333,13,12,30,730,2,1,1,9.0,1,77190,M,0.0,0.0,77
201300009334,13,4,23,2200,3,1,2,1.0,3,45059,M,4793023.0,174222.0,45
201300009335,13,9,3,1730,1,2,1,1.0,1,45008,M,4808079.0,187738.0,45
201300009336,13,9,16,1545,1,1,1,2.0,2,45046,M,4797412.0,178145.0,45
201300009337,13,12,2,700,2,1,1,5.0,6,45046,M,4798958.0,180512.0,45
201300009338,13,12,27,1445,1,1,1,8.0,3,45093,M,4803735.0,185336.0,45
201300009339,13,12,28,345,3,1,1,2.0,6,45290,M,4785085.0,229462.0,45
201300009340,13,1,15,1800,2,1,1,1.0,2,45267,M,4784482.0,231828.0,45
201300009341,13,2,3,345,3,2,1,1.0,6,45290,M,4785544.0,227551.0,45
201300009342,13,3,5,1700,1,1,1,1.0,5,45290,M,4785304.0,228547.0,45
201300009343,13,5,27,1700,1,2,2,1.0,4,45082,M,4786393.0,222684.0,45
201300009344,13,6,11,230,3,1,1,1.0,1,45316,M,0.0,0.0,45
201300009345,13,6,15,245,5,2,1,1.0,6,45290,M,4785587.0,227297.0,45
201300009346,13,7,26,1645,1,1,1,1.0,5,45082,M,4790691.0,229618.0,45
201300009347,13,8,26,1400,1,1,1,1.0,6,45082,M,4788963.0,221792.0,45
201300009348,13,12,20,1815,3,1,1,1.0,5,45142,M,4791603.0,213458.0,45
201300009349,13,1,17,745,2,2,1,9.0,6,45126,M,4791347.0,210377.0,45
201300009350,13,1,27,500,5,2,1,1.0,6,45089,M,4789308.0,204896.0,45
201300009351,13,3,16,1600,1,1,1,1.0,6,45175,M,4774337.0,182292.0,45
201300009352,13,7,18,2345,3,1,1,1.0,6,45182,M,4770161.0,179036.0,45
201300009353,13,9,13,115,5,2,1,2.0,6,45282,M,4786628.0,183097.0,45
201300009354,13,9,22,1215,1,2,1,1.0,6,45204,M,4783079.0,180527.0,45
201300009355,13,10,20,1815,2,1,1,8.0,1,45175,M,4778045.0,182151.0,45
201300009356,13,12,19,1345,1,1,1,1.0,6,45182,M,4768568.0,180064.0,45
201300009357,13,4,3,1630,1,1,2,1.0,3,45173,M,4784639.0,213071.0,45
201300009358,13,6,5,1115,1,1,1,1.0,6,45272,M,4781804.0,199358.0,45
201300009359,13,9,18,730,2,2,2,1.0,3,45272,M,4781709.0,195149.0,45
201300009360,13,10,24,1430,1,1,2,1.0,3,45193,M,4779945.0,207840.0,45
201300009361,13,3,7,1700,1,2,3,1.0,3,45269,M,0.0,0.0,45
201300009362,13,3,12,1200,1,2,2,1.0,6,45203,M,4783321.0,169872.0,45
201300009363,13,4,14,1245,1,1,1,1.0,2,45116,M,4783669.0,155069.0,45
201300009364,13,4,20,30,5,2,1,1.0,6,45179,M,4775264.0,166419.0,45
201300009365,13,7,28,400,3,1,1,1.0,6,45203,M,4784524.0,172181.0,45
201300009366,13,9,14,2345,3,1,1,2.0,6,45317,M,4775195.0,158854.0,45
201300009367,13,9,30,1700,1,1,1,1.0,3,45179,M,4774861.0,166464.0,45
201300009368,13,12,24,2000,5,2,1,3.0,6,45203,M,4783248.0,170428.0,45
201300009369,13,1,24,1045,1,1,1,1.0,3,45095,M,0.0,0.0,45
201300009370,13,5,5,1230,1,1,2,1.0,3,45195,M,4810814.0,217379.0,45
201300009371,13,6,14,2015,1,1,1,1.0,3,45301,M,0.0,0.0,45
201300009372,13,8,23,1130,1,1,1,7.0,6,45174,M,0.0,0.0,45
201300009373,13,9,9,1715,1,1,2,1.0,1,45080,M,4823321.0,207673.0,45
201300009374,13,10,20,315,3,1,1,1.0,6,45095,M,4803555.0,212078.0,45
201300009375,13,4,2,1445,1,1,6,1.0,7,45036,M,4776832.0,271769.0,45
201300009376,13,4,7,745,1,1,1,1.0,6,45096,M,4779814.0,269159.0,45
201300009377,13,6,10,1130,1,2,2,1.0,3,45155,M,4768848.0,263967.0,45
201300009378,13,8,3,1330,1,2,1,1.0,2,45254,M,4767799.0,262832.0,45
201300009379,13,11,9,945,1,2,2,7.0,3,45155,M,4769501.0,260865.0,45
201300009380,13,11,15,930,1,1,1,2.0,6,45155,M,0.0,0.0,45
201300009381,13,11,21,1000,1,1,2,2.0,3,45096,M,4777177.0,260714.0,45
201300009382,13,11,30,1600,1,1,1,2.0,6,45108,M,4759276.0,249638.0,45
201300009383,13,12,9,815,2,1,1,9.0,2,45108,M,4759349.0,250305.0,45
201300009384,13,12,9,1630,2,2,1,7.0,6,45155,M,4870819.0,263055.0,45
201300009385,13,7,13,1915,1,1,1,1.0,1,45087,M,4761049.0,273973.0,45
201300009386,13,8,12,1015,1,1,2,1.0,3,45060,M,4774369.0,273815.0,45
201300009387,13,12,6,1530,1,1,1,1.0,6,45029,M,4752529.0,277259.0,45
201300009388,13,12,15,1430,1,2,1,1.0,6,45064,M,4753962.0,265876.0,45
201300009389,13,1,19,1115,1,1,1,8.0,6,45340,M,4769552.0,228388.0,45
201300009390,13,10,8,2015,3,1,1,1.0,3,45297,M,4777311.0,235552.0,45
201300009391,13,10,8,1800,1,2,1,1.0,1,45051,M,4881206.0,236865.0,45
201300009392,13,11,26,1830,5,2,2,1.0,3,45315,M,0.0,0.0,45
201300009393,13,11,30,1945,3,1,1,8.0,4,45315,M,0.0,0.0,45
201300009394,13,12,10,1715,1,2,1,1.0,6,45315,M,0.0,0.0,45
201300009395,13,12,14,1815,3,1,1,1.0,1,45244,M,0.0,0.0,45
201300009396,13,7,2,1615,1,1,4,1.0,1,45031,M,4799367.0,245415.0,45
201300009397,13,7,13,1645,1,2,1,1.0,1,45247,M,4801783.0,269978.0,45
201300009398,13,8,11,1415,1,1,1,1.0,1,45213,M,4784505.0,258021.0,45
201300009399,13,8,13,1045,1,1,1,1.0,7,45213,M,4784824.0,260719.0,45
201300009400,13,9,30,2000,2,2,3,1.0,3,45345,M,4794614.0,268538.0,45
201300009401,13,10,21,1530,1,2,1,1.0,3,45187,M,4788929.0,251349.0,45
201300009402,13,12,3,1115,1,1,1,1.0,6,45187,M,4787301.0,252516.0,45
201300009403,13,12,5,1230,1,2,1,1.0,6,45178,M,4800289.0,253813.0,45
201300009404,13,12,27,1345,1,2,2,1.0,3,45187,M,4788789.0,250931.0,45
201300009405,13,1,11,1915,3,1,1,1.0,6,45275,M,4796586.0,290031.0,45
201300009406,13,4,13,800,1,1,1,1.0,6,45115,M,4805154.0,307856.0,45
201300009407,13,4,27,1815,1,1,1,1.0,7,45136,M,0.0,0.0,45
201300009408,13,4,27,1530,1,1,1,1.0,6,45201,M,4810302.0,294126.0,45
201300009409,13,5,23,815,1,1,1,1.0,6,45083,M,4793495.0,289767.0,45
201300009410,13,7,3,600,2,2,1,1.0,6,45306,M,4801651.0,289130.0,45
201300009411,13,9,19,2015,2,1,1,1.0,3,45279,M,4795487.0,282451.0,45
201300009412,13,6,21,800,1,1,3,1.0,3,45229,M,4785589.0,274072.0,45
201300009413,13,1,4,2100,3,1,1,2.0,7,45156,M,0.0,0.0,45
201300009414,13,1,24,2130,5,1,1,2.0,6,45061,M,4804461.0,275336.0,45
201300009415,13,2,1,2000,5,2,1,2.0,6,45127,M,4814555.0,276394.0,45
201300009416,13,4,2,1730,2,2,2,1.0,3,45127,M,4813919.0,277906.0,45
201300009417,13,6,25,15,5,2,1,1.0,6,45249,M,4803909.0,279589.0,45
201300009418,13,7,15,200,3,1,1,1.0,6,45127,M,4812652.0,276404.0,45
201300009419,13,7,28,1515,1,1,1,1.0,1,45161,M,4805793.0,283357.0,45
201300009420,13,8,1,1400,1,1,1,1.0,3,45255,M,4809417.0,269351.0,45
201300009421,13,8,23,1515,1,1,2,1.0,3,45343,M,4803881.0,263656.0,45
201300009422,13,8,24,1245,1,2,4,1.0,3,45145,M,4809000.0,279109.0,45
201300009423,13,11,24,600,3,1,1,1.0,6,45222,M,4810746.0,276775.0,45
201300009424,13,5,10,1600,1,1,1,1.0,1,45139,M,0.0,0.0,45
201300009425,13,5,29,215,3,1,2,1.0,2,45253,M,4814529.0,221706.0,45
201300009426,13,5,29,2100,2,1,1,1.0,7,45050,M,0.0,0.0,45
201300009427,13,11,8,1345,1,2,1,9.0,6,45252,M,0.0,0.0,45
201300009428,13,1,17,715,5,2,2,1.0,3,45018,M,4809401.0,246953.0,45
201300009429,13,3,29,1715,1,1,1,1.0,2,45220,M,0.0,0.0,45
201300009430,13,5,26,1645,1,2,1,1.0,1,45030,M,4807411.0,242536.0,45
201300009431,13,7,14,600,1,1,3,1.0,6,45176,M,4804037.0,247489.0,45
201300009432,13,7,31,2230,3,1,1,1.0,2,45035,M,4805305.0,235563.0,45
201300009433,13,8,17,715,2,2,2,1.0,3,45215,M,4801991.0,239693.0,45
201300009434,13,9,22,1330,1,1,1,1.0,7,45258,M,4821901.0,245688.0,45
201300009435,13,10,6,1400,1,1,2,1.0,5,45021,M,4810543.0,240224.0,45
201300009436,13,10,8,730,2,1,1,1.0,3,45233,M,4820309.0,242702.0,45
201300009437,13,6,8,900,1,2,1,1.0,1,45310,M,4830901.0,223217.0,45
201300009438,13,9,6,1715,1,2,1,1.0,6,45191,M,4829617.0,241165.0,45
201300009439,13,10,25,2215,3,1,1,2.0,5,45263,M,4833343.0,219326.0,45
201300009440,13,4,30,1115,1,2,1,8.0,1,18075,M,4702716.0,303163.0,18
201300009441,13,5,19,230,4,2,2,1.0,3,18240,M,4715445.0,291134.0,18
201300009442,13,6,21,1930,1,1,1,1.0,6,18139,M,4707100.0,301200.0,18
201300009443,13,6,28,2000,1,1,1,2.0,6,18241,M,0.0,0.0,18
201300009444,13,4,5,1945,1,1,1,1.0,6,18029,M,0.0,0.0,18
201300009445,13,1,17,1030,1,1,3,1.0,3,18252,M,4652400.0,231700.0,18
201300009446,13,1,18,1730,3,1,1,4.0,6,18165,M,4735600.0,223900.0,18
201300009447,13,6,14,1900,1,1,1,1.0,6,18210,M,0.0,0.0,18
201300009448,13,4,15,1415,1,1,1,1.0,7,18133,M,4695431.0,225203.0,18
201300009449,13,7,12,2100,2,1,1,1.0,6,18137,M,4688400.0,212800.0,18
201300009450,13,1,14,615,2,1,1,8.0,3,28177,M,4843146.0,152892.0,28
201300009451,13,3,9,2145,3,1,3,1.0,3,28006,M,4843585.0,140644.0,28
201300009452,13,5,24,1745,1,1,2,2.0,3,28006,M,4845800.0,140400.0,28
201300009453,13,5,23,1430,1,1,2,1.0,5,28358,M,0.0,0.0,28
201300009454,13,5,26,1500,1,2,1,1.0,3,28358,M,4848500.0,152200.0,28
201300009455,13,6,7,130,3,1,1,1.0,6,28006,M,0.0,0.0,28
201300009456,13,6,10,1930,1,1,1,1.0,7,28388,M,0.0,0.0,28
201300009457,13,6,7,1700,1,1,1,1.0,7,28253,M,0.0,0.0,28
201300009458,13,6,15,515,2,1,1,1.0,7,28024,M,0.0,0.0,28
201300009459,13,6,18,1815,1,1,2,1.0,3,28269,M,0.0,0.0,28
201300009460,13,6,30,1830,1,1,1,1.0,6,28048,M,0.0,0.0,28
201300009461,13,7,15,1200,1,1,1,1.0,3,28006,M,0.0,0.0,28
201300009462,13,8,23,1100,1,2,1,1.0,3,28388,M,0.0,0.0,28
201300009463,13,9,9,1630,1,1,1,2.0,1,28035,M,0.0,0.0,28
201300009464,13,10,1,1930,3,1,1,3.0,5,28035,M,4839600.0,157000.0,28
201300009465,13,10,6,2000,5,1,6,1.0,2,28006,M,0.0,0.0,28
201300009466,13,10,12,515,5,2,1,2.0,6,28048,M,0.0,0.0,28
201300009467,13,10,20,1515,1,1,1,1.0,7,28309,M,4836926.0,163188.0,28
201300009468,13,10,7,1630,1,1,3,1.0,3,28006,M,0.0,0.0,28
201300009469,13,11,22,1745,5,2,1,1.0,6,28122,M,0.0,0.0,28
201300009470,13,12,9,1445,1,1,1,1.0,3,28388,M,0.0,0.0,28
201300009471,13,12,13,1345,1,1,1,5.0,4,28048,M,0.0,0.0,28
201300009472,13,12,18,1830,3,1,1,2.0,1,28173,M,4844500.0,155200.0,28
201300009473,13,12,21,530,3,1,1,1.0,6,28358,M,0.0,0.0,28
201300009474,13,12,6,1130,1,1,1,2.0,1,28100,M,0.0,0.0,28
201300009475,13,7,27,1645,1,2,1,1.0,6,28116,M,4844849.0,124166.0,28
201300009476,13,9,28,1200,1,1,1,2.0,7,28116,M,4846869.0,124157.0,28
201300009477,13,4,18,2100,3,1,1,1.0,7,28242,M,4829000.0,117500.0,28
201300009478,13,7,7,2015,2,1,1,1.0,3,28398,M,4822301.0,106848.0,28
201300009479,13,11,1,1730,2,1,1,3.0,1,28424,M,4821600.0,125400.0,28
201300009480,13,1,27,1900,3,1,1,1.0,6,28249,M,4856800.0,159300.0,28
201300009481,13,5,4,1645,1,2,1,1.0,6,28140,M,0.0,0.0,28
201300009482,13,6,3,1115,1,1,1,1.0,7,28285,M,0.0,0.0,28
201300009483,13,6,5,1915,1,2,1,1.0,3,28208,M,0.0,0.0,28
201300009484,13,6,7,900,1,1,1,1.0,1,28357,M,0.0,0.0,28
201300009485,13,7,24,1415,1,2,1,1.0,6,28168,M,4852382.0,169116.0,28
201300009486,13,8,8,2000,1,1,1,1.0,2,28140,M,4861339.0,166662.0,28
201300009487,13,9,1,1145,1,1,1,1.0,1,28168,M,0.0,0.0,28
201300009488,13,9,5,830,1,1,1,1.0,2,28191,M,0.0,0.0,28
201300009489,13,9,19,1630,1,1,1,1.0,1,28208,M,4850464.0,175343.0,28
201300009490,13,10,2,1215,1,2,2,1.0,3,28023,M,0.0,0.0,28
201300009491,13,10,17,1330,1,1,1,1.0,6,28352,M,0.0,0.0,28
201300009492,13,10,29,1945,3,1,1,1.0,1,28073,M,4849000.0,166200.0,28
201300009493,13,11,18,715,1,1,1,1.0,1,28361,M,4850600.0,173000.0,28
201300009494,13,1,16,1915,3,1,1,1.0,2,28391,M,0.0,0.0,28
201300009495,13,1,17,1030,1,1,1,1.0,3,28189,M,0.0,0.0,28
201300009496,13,2,14,1400,1,1,1,1.0,3,28258,M,0.0,0.0,28
201300009497,13,2,15,915,1,1,1,7.0,3,28391,M,0.0,0.0,28
201300009498,13,4,2,1145,1,1,1,1.0,3,28311,M,0.0,0.0,28
201300009499,13,6,11,1300,1,1,1,1.0,3,28313,M,0.0,0.0,28
201300009500,13,7,24,1045,1,2,1,1.0,7,28199,M,4820524.0,187581.0,28
201300009501,13,8,4,1545,1,2,1,1.0,1,28304,M,0.0,0.0,28
201300009502,13,8,9,1415,1,1,1,1.0,7,28164,M,4825864.0,183737.0,28
201300009503,13,8,17,1615,1,1,1,1.0,1,28391,M,0.0,0.0,28
201300009504,13,8,18,1015,1,1,1,1.0,3,28392,M,0.0,0.0,28
201300009505,13,8,16,1900,1,1,4,1.0,3,28311,M,0.0,0.0,28
201300009506,13,8,18,2215,3,1,1,2.0,7,28284,M,0.0,0.0,28
201300009507,13,8,27,1945,1,1,1,8.0,3,28284,M,0.0,0.0,28
201300009508,13,9,9,1830,1,1,1,1.0,6,28025,M,0.0,0.0,28
201300009509,13,10,28,630,3,1,2,3.0,3,28304,M,0.0,0.0,28
201300009510,13,12,24,1800,2,1,1,3.0,1,28391,M,0.0,0.0,28
201300009511,13,1,9,1415,1,1,1,1.0,1,28075,M,4805800.0,132500.0,28
201300009512,13,1,22,530,3,1,1,1.0,3,28211,M,0.0,0.0,28
201300009513,13,4,1,1730,1,1,1,1.0,5,28389,M,4804000.0,135100.0,28
201300009514,13,4,28,1945,1,2,1,1.0,6,28233,M,4811000.0,134000.0,28
201300009515,13,7,5,2045,1,2,1,1.0,1,28088,M,4808115.0,134901.0,28
201300009516,13,7,19,1215,1,1,1,1.0,5,28075,M,0.0,0.0,28
201300009517,13,8,26,845,1,2,1,1.0,3,28334,M,0.0,0.0,28
201300009518,13,11,29,1600,1,1,1,1.0,1,28017,M,0.0,0.0,28
201300009519,13,11,24,615,5,2,1,1.0,6,28340,M,0.0,0.0,28
201300009520,13,1,15,815,2,2,1,1.0,1,28051,M,4818640.0,139918.0,28
201300009521,13,1,20,530,3,1,1,4.0,6,28259,M,0.0,0.0,28
201300009522,13,6,7,1845,1,2,1,1.0,3,28051,M,0.0,0.0,28
201300009523,13,6,22,715,1,1,1,1.0,3,28051,M,0.0,0.0,28
201300009524,13,7,29,800,1,1,1,1.0,6,28212,M,4812985.0,172522.0,28
201300009525,13,8,27,2130,3,1,1,1.0,2,28051,M,0.0,0.0,28
201300009526,13,11,2,900,1,1,1,1.0,7,28259,M,0.0,0.0,28
201300009527,13,12,1,1545,1,1,1,1.0,6,28057,M,0.0,0.0,28
201300009528,13,9,13,1145,1,1,1,2.0,6,28409,M,4825280.0,121393.0,28
201300009529,13,9,15,2015,2,1,1,8.0,7,28021,M,4837149.0,133691.0,28
201300009530,13,9,30,1430,1,1,2,1.0,3,28326,M,4826861.0,124366.0,28
201300009531,13,12,16,1645,1,2,1,1.0,6,28061,M,0.0,0.0,28
201300009532,13,1,30,1245,1,1,1,3.0,7,28098,M,0.0,0.0,28
201300009533,13,2,11,2015,5,2,1,1.0,6,28359,M,0.0,0.0,28
201300009534,13,2,13,1500,1,1,1,8.0,6,28124,M,0.0,0.0,28
201300009535,13,3,9,700,1,1,1,1.0,7,28267,M,4877300.0,137400.0,28
201300009536,13,4,24,1545,1,1,1,1.0,6,28251,M,0.0,0.0,28
201300009537,13,5,4,945,1,1,1,1.0,7,28239,M,4868825.0,139027.0,28
201300009538,13,5,24,1500,1,1,2,3.0,5,28171,M,0.0,0.0,28
201300009539,13,6,23,1715,1,2,1,1.0,3,28348,M,0.0,0.0,28
201300009540,13,8,6,745,1,1,1,1.0,6,28014,M,4865568.0,129922.0,28
201300009541,13,8,24,1200,1,1,1,1.0,3,28098,M,4875099.0,144720.0,28
201300009542,13,9,9,2200,3,1,1,8.0,3,28098,M,0.0,0.0,28
201300009543,13,9,19,1200,1,1,2,1.0,3,28178,M,4874336.0,144673.0,28
201300009544,13,9,21,1500,1,1,1,1.0,3,28239,M,4867804.0,138312.0,28
201300009545,13,12,6,2015,3,2,1,1.0,6,28124,M,0.0,0.0,28