Num_Acc,an,mois,jour,hrmn,lum,agg,int,atm,col,com,gps,lat,long,dep
201300009546,13,12,6,1745,5,2,1,1.0,3,28348,M,4876543.0,119781.0,28
201300009547,13,12,22,2230,3,1,1,2.0,3,28405,M,4874800.0,129200.0,28
201300009548,13,12,31,930,1,1,2,2.0,3,28098,M,4873100.0,144300.0,28
201300009549,13,2,13,1745,1,1,1,1.0,7,28007,M,0.0,0.0,28
201300009550,13,4,15,1745,1,1,1,1.0,7,28064,M,0.0,0.0,28
201300009551,13,9,9,1400,1,1,1,8.0,6,28247,M,0.0,0.0,28
201300009552,13,2,3,1515,1,1,1,8.0,6,28373,M,0.0,0.0,28
201300009553,13,4,23,1615,1,1,2,1.0,3,28373,M,4854600.0,107100.0,28
201300009554,13,5,19,2030,2,1,1,2.0,7,28206,M,4870700.0,115900.0,28
201300009555,13,5,21,2145,4,2,1,1.0,6,28090,M,4865029.0,101294.0,28
201300009556,13,7,20,200,3,1,1,1.0,1,28226,M,0.0,0.0,28
201300009557,13,2,26,215,5,2,1,4.0,6,28094,M,0.0,0.0,28
201300009558,13,7,3,1415,1,1,2,1.0,3,28374,M,4861162.0,143516.0,28
201300009559,13,7,19,1600,1,1,1,1.0,1,28279,M,0.0,0.0,28
201300009560,13,9,29,415,3,2,1,8.0,6,28113,M,4865610.0,154401.0,28
201300009561,13,11,30,1345,1,1,1,1.0,3,28374,M,4861000.0,142300.0,28
201300009562,13,2,11,1115,1,1,1,1.0,3,28378,M,0.0,0.0,28
201300009563,13,2,15,1800,2,1,1,1.0,6,28063,M,0.0,0.0,28
201300009564,13,4,14,2230,3,1,1,1.0,6,28378,M,4827600.0,85400.0,28
201300009565,13,4,28,2015,2,1,1,1.0,5,28236,M,4835400.0,86300.0,28
201300009566,13,5,16,1915,1,1,1,2.0,1,28027,M,4814700.0,93500.0,28
201300009567,13,8,4,1245,1,1,1,1.0,1,28280,M,0.0,0.0,28
201300009568,13,8,5,2115,2,1,1,1.0,1,28407,M,4826087.0,92977.0,28
201300009569,13,10,26,1815,1,2,1,1.0,3,28280,M,4832327.0,82042.0,28
201300009570,13,12,6,1030,5,2,1,1.0,6,28280,M,4832400.0,82200.0,28
201300009571,13,1,12,1530,1,2,1,1.0,7,28354,M,0.0,0.0,28
201300009572,13,5,12,1930,1,1,1,1.0,7,28071,M,0.0,0.0,28
201300009573,13,7,31,1730,1,1,2,7.0,3,28033,M,0.0,0.0,28
201300009574,13,10,21,1330,1,1,1,1.0,1,36056,M,4653820.0,175600.0,36
201300009575,13,1,5,300,3,1,1,2.0,6,36033,M,4652690.0,150518.0,36
201300009576,13,8,13,1315,1,1,1,1.0,7,36177,M,4650520.0,136182.0,36
201300009577,13,8,14,1430,1,1,1,1.0,7,36081,M,4650900.0,160789.0,36
201300009578,13,9,13,1530,1,2,3,1.0,3,36032,M,4655240.0,155452.0,36
201300009579,13,9,14,1045,1,1,2,2.0,3,36070,M,4643250.0,156700.0,36
201300009580,13,9,14,2215,5,2,2,3.0,3,36154,M,4658250.0,153215.0,36
201300009581,13,11,25,1100,1,2,4,1.0,3,36006,M,4658690.0,152171.0,36
201300009582,13,12,13,845,1,1,1,1.0,1,36239,M,4656250.0,144050.0,36
201300009583,13,1,1,830,3,1,1,2.0,7,36031,M,4690200.0,138000.0,36
201300009584,13,1,5,1700,2,2,1,1.0,6,36031,M,4688720.0,142278.0,36
201300009585,13,2,1,1830,5,2,3,3.0,3,36241,M,4684830.0,153468.0,36
201300009586,13,2,16,30,3,1,1,5.0,7,36086,M,4704730.0,134789.0,36
201300009587,13,4,17,1500,1,1,1,1.0,6,36139,M,4679530.0,149675.0,36
201300009588,13,5,3,2200,5,2,4,1.0,1,36031,M,4688850.0,140896.0,36
201300009589,13,7,8,1615,1,1,1,1.0,7,36232,M,4680940.0,136530.0,36
201300009590,13,7,15,745,1,1,1,1.0,6,36069,M,4708970.0,136061.0,36
201300009591,13,8,10,1745,1,1,1,1.0,7,36232,M,4681200.0,131300.0,36
201300009592,13,8,13,1730,1,1,1,1.0,6,36123,M,4681970.0,126124.0,36
201300009593,13,9,5,1530,1,1,2,1.0,3,36142,M,4679260.0,155377.0,36
201300009594,13,9,13,1130,1,1,1,1.0,4,36118,M,4674770.0,141020.0,36
201300009595,13,10,4,1930,3,1,1,3.0,6,36139,M,4679220.0,146908.0,36
201300009596,13,2,1,1645,1,1,8,3.0,3,36229,M,4719550.0,159685.0,36
201300009597,13,2,3,1730,1,1,1,1.0,2,36093,M,4699390.0,160129.0,36
201300009598,13,2,18,1530,1,1,2,7.0,3,36079,M,4695090.0,154944.0,36
201300009599,13,3,14,1800,1,1,1,1.0,5,36191,M,4712350.0,175588.0,36
201300009600,13,3,15,2045,3,1,1,1.0,6,36079,M,4694940.0,154594.0,36
201300009601,13,4,14,1945,1,2,7,1.0,7,36093,M,4697570.0,160145.0,36
201300009602,13,5,24,2030,1,1,1,2.0,2,36093,M,4695410.0,162275.0,36
201300009603,13,6,23,600,2,1,1,1.0,6,36228,M,4717000.0,158069.0,36
201300009604,13,6,21,1915,1,2,3,2.0,3,36228,M,4716240.0,157174.0,36
201300009605,13,7,12,315,3,1,1,1.0,6,36057,M,4682960.0,181174.0,36
201300009606,13,8,20,1945,1,1,1,1.0,6,36206,M,4697310.0,153723.0,36
201300009607,13,8,22,2100,5,2,1,1.0,6,36034,M,4725300.0,163886.0,36
201300009608,13,8,28,2000,3,1,1,1.0,7,36085,M,4709310.0,174330.0,36
201300009609,13,9,1,1000,1,1,1,1.0,3,36107,M,0.0,0.0,36
201300009610,13,9,30,345,3,1,1,2.0,6,36247,M,4692250.0,163738.0,36
201300009611,13,12,8,1800,3,1,1,1.0,6,36026,M,4693660.0,172780.0,36
201300009612,13,12,18,1215,1,1,1,1.0,6,36228,M,4716300.0,156939.0,36
201300009613,13,12,20,1930,3,1,1,1.0,6,36034,M,4725930.0,169099.0,36
201300009614,13,6,3,1600,1,1,1,1.0,1,36172,M,4664030.0,138178.0,36
201300009615,13,6,15,1930,1,1,1,1.0,6,36094,M,4645380.0,119197.0,36
201300009616,13,6,23,1645,1,2,1,8.0,7,36018,M,4664750.0,108158.0,36
201300009617,13,7,24,1330,1,1,1,1.0,6,36058,M,4658580.0,105189.0,36
201300009618,13,7,24,1745,1,1,4,1.0,2,36114,M,4655920.0,113075.0,36
201300009619,13,9,11,745,1,1,1,1.0,6,36096,M,4675390.0,113355.0,36
201300009620,13,10,8,1800,1,1,1,1.0,6,36148,M,4659050.0,127280.0,36
201300009621,13,11,14,1100,1,2,1,1.0,3,36096,M,4674980.0,113218.0,36
201300009622,13,12,10,1145,1,1,1,7.0,1,36018,M,4662020.0,106043.0,36
201300009623,13,12,27,1100,1,2,1,1.0,3,36018,M,4663080.0,106221.0,36
201300009624,13,10,7,130,3,1,1,1.0,6,36109,M,4656520.0,193870.0,36
201300009625,13,10,25,1145,1,1,1,1.0,1,36127,M,4659180.0,200557.0,36
201300009626,13,12,10,1015,1,1,1,1.0,6,36127,M,4661410.0,198547.0,36
201300009627,13,1,10,1700,2,1,1,2.0,6,36133,M,0.0,0.0,36
201300009628,13,2,18,2245,3,1,1,1.0,6,36210,M,4657580.0,189849.0,36
201300009629,13,3,22,1315,1,2,2,1.0,1,36005,M,4677660.0,181477.0,36
201300009630,13,4,18,2015,3,2,1,1.0,6,36126,M,4645850.0,176000.0,36
201300009631,13,5,29,1945,1,2,1,1.0,7,36141,M,,,36
201300009632,13,7,12,1430,1,2,4,1.0,3,36207,M,4642370.0,161289.0,36
201300009633,13,7,13,1215,1,1,1,1.0,6,36207,M,4645080.0,166079.0,36
201300009634,13,8,8,1,3,1,1,2.0,6,36071,M,4678250.0,180210.0,36
201300009635,13,9,5,530,3,1,1,1.0,6,36005,M,4669490.0,184256.0,36
201300009636,13,9,11,1315,1,2,2,1.0,3,36056,M,4654370.0,175068.0,36
201300009637,13,9,17,1645,1,1,1,2.0,6,36126,M,4649380.0,176374.0,36
201300009638,13,10,4,1830,1,1,1,3.0,1,36210,M,4660100.0,189739.0,36
201300009639,13,10,15,1145,1,1,2,2.0,3,36120,M,4669610.0,188783.0,36
201300009640,13,12,26,745,2,1,1,1.0,6,36009,M,4671360.0,171049.0,36
201300009641,13,1,12,2215,3,1,1,2.0,6,36021,M,4699120.0,196247.0,36
201300009642,13,2,12,800,1,2,1,1.0,7,36128,M,,,36
201300009643,13,5,4,300,5,2,1,1.0,6,36088,M,4696240.0,199569.0,36
201300009644,13,5,10,1830,1,2,1,1.0,6,36088,M,4694410.0,199225.0,36
201300009645,13,5,19,1830,1,1,1,3.0,6,36065,M,4702960.0,202570.0,36
201300009646,13,8,28,1615,1,1,2,1.0,3,36179,M,4691650.0,191543.0,36
201300009647,13,10,8,1745,1,1,1,1.0,1,36140,M,4690180.0,188074.0,36
201300009648,13,12,10,730,3,1,1,1.0,6,36003,M,4679020.0,194248.0,36
201300009649,13,12,10,915,1,1,1,1.0,6,36098,M,4700590.0,190179.0,36
201300009650,13,1,9,1030,1,1,1,8.0,6,37185,M,0.0,0.0,37
201300009651,13,2,12,800,1,2,1,1.0,6,37003,M,0.0,0.0,37
201300009652,13,2,17,430,3,1,1,5.0,6,37163,M,0.0,0.0,37
201300009653,13,3,17,615,3,1,1,8.0,6,37131,M,0.0,0.0,37
201300009654,13,4,9,930,1,2,2,2.0,3,37003,M,0.0,0.0,37
201300009655,13,4,9,1800,1,1,2,1.0,3,37163,M,0.0,0.0,37
201300009656,13,4,16,1700,1,2,1,1.0,2,37185,M,0.0,0.0,37
201300009657,13,6,1,1145,1,2,1,1.0,1,37131,M,0.0,0.0,37
201300009658,13,6,5,2030,1,1,9,1.0,3,37185,M,0.0,0.0,37
201300009659,13,6,7,1615,1,1,1,1.0,4,37171,M,0.0,0.0,37
201300009660,13,9,15,230,3,1,1,2.0,7,37163,M,0.0,0.0,37
201300009661,13,9,22,1130,1,1,1,1.0,1,37131,M,0.0,0.0,37
201300009662,13,10,18,1745,1,1,1,1.0,1,37043,M,0.0,0.0,37
201300009663,13,10,19,1245,1,1,1,1.0,3,37131,M,0.0,0.0,37
201300009664,13,11,13,1815,3,1,1,2.0,1,37003,M,0.0,0.0,37
201300009665,13,12,5,2200,3,2,1,1.0,1,37003,M,0.0,0.0,37
201300009666,13,12,28,1600,1,1,1,1.0,5,37185,M,0.0,0.0,37
201300009667,13,12,20,1230,1,1,1,7.0,1,37018,M,0.0,0.0,37
201300009668,13,1,30,1730,2,1,1,7.0,2,37002,M,0.0,0.0,37
201300009669,13,2,9,715,3,1,1,9.0,4,37251,M,0.0,0.0,37
201300009670,13,8,7,2300,4,2,1,3.0,6,37217,M,0.0,0.0,37
201300009671,13,9,4,1430,1,1,1,1.0,6,37002,M,0.0,0.0,37
201300009672,13,9,6,145,3,1,1,1.0,7,37081,M,0.0,0.0,37
201300009673,13,10,22,930,1,2,2,1.0,3,37109,M,0.0,0.0,37
201300009674,13,12,28,1700,3,1,1,9.0,4,37109,M,0.0,0.0,37
201300009675,13,12,29,1045,1,1,1,1.0,1,37237,M,0.0,0.0,37
201300009676,13,12,30,1530,1,1,1,8.0,1,37002,M,0.0,0.0,37
201300009677,13,1,9,1915,5,1,1,8.0,6,37054,M,0.0,0.0,37
201300009678,13,2,23,2115,5,2,1,1.0,1,37245,M,0.0,0.0,37
201300009679,13,3,16,2315,5,2,1,1.0,6,37021,M,0.0,0.0,37
201300009680,13,3,22,1515,1,1,1,1.0,7,37170,M,0.0,0.0,37
201300009681,13,6,12,945,1,1,1,1.0,6,37059,M,0.0,0.0,37
201300009682,13,7,13,1030,1,2,1,1.0,6,37167,M,0.0,0.0,37
201300009683,13,7,12,2245,3,1,2,1.0,3,37245,M,0.0,0.0,37
201300009684,13,8,24,1600,1,2,1,1.0,6,37245,M,0.0,0.0,37
201300009685,13,8,25,815,1,1,1,8.0,7,37068,M,0.0,0.0,37
201300009686,13,9,4,1430,1,1,2,1.0,3,37047,M,0.0,0.0,37
201300009687,13,9,10,1545,1,1,1,1.0,6,37021,M,0.0,0.0,37
201300009688,13,9,13,1400,1,1,1,1.0,7,37135,M,0.0,0.0,37
201300009689,13,1,2,1400,1,1,1,1.0,1,37270,M,0.0,0.0,37
201300009690,13,1,29,830,1,2,3,2.0,3,37203,M,0.0,0.0,37
201300009691,13,2,1,1230,1,1,1,2.0,3,37281,M,4740800.0,80700.0,37
201300009692,13,2,24,1830,2,2,1,1.0,3,37203,M,0.0,0.0,37
201300009693,13,3,1,1030,1,1,1,1.0,3,37224,M,0.0,0.0,37
201300009694,13,3,29,1800,1,1,1,3.0,6,37179,M,0.0,0.0,37
201300009695,13,4,15,2030,1,2,7,1.0,6,37194,M,0.0,0.0,37
201300009696,13,4,30,2215,3,1,1,8.0,6,37153,M,0.0,0.0,37
201300009697,13,5,8,215,3,1,1,1.0,7,37203,M,0.0,0.0,37
201300009698,13,5,5,2030,1,1,1,1.0,7,37224,M,0.0,0.0,37
201300009699,13,6,14,1415,1,1,1,1.0,2,37281,M,0.0,0.0,37
201300009700,13,7,17,1300,1,1,1,1.0,1,37009,M,0.0,0.0,37
201300009701,13,7,20,2315,3,1,1,1.0,7,37153,M,0.0,0.0,37
201300009702,13,7,29,1730,1,1,1,1.0,2,37281,M,4740300.0,82200.0,37
201300009703,13,8,16,1115,1,1,1,1.0,1,37276,M,0.0,0.0,37
201300009704,13,9,2,1630,1,1,1,1.0,3,37153,M,0.0,0.0,37
201300009705,13,9,9,1900,1,2,2,1.0,1,37153,M,0.0,0.0,37
201300009706,13,9,20,600,3,1,1,1.0,2,37179,M,0.0,0.0,37
201300009707,13,9,24,1500,1,1,2,1.0,3,37224,M,0.0,0.0,37
201300009708,13,11,6,2100,3,1,1,2.0,6,37169,M,0.0,0.0,37
201300009709,13,1,9,1830,2,2,1,1.0,3,37072,M,0.0,0.0,37
201300009710,13,1,13,1715,2,1,1,1.0,7,37074,M,0.0,0.0,37
201300009711,13,1,23,2200,5,2,6,1.0,7,37011,M,0.0,0.0,37
201300009712,13,2,27,1730,1,2,1,1.0,3,37031,M,0.0,0.0,37
201300009713,13,4,1,2300,3,1,2,1.0,3,37011,M,0.0,0.0,37
201300009714,13,4,13,930,1,2,1,8.0,6,37120,M,0.0,0.0,37
201300009715,13,4,17,2330,3,2,1,1.0,6,37072,M,0.0,0.0,37
201300009716,13,6,4,300,3,1,1,1.0,1,37072,M,0.0,0.0,37
201300009717,13,6,22,1045,1,2,1,1.0,2,37031,M,0.0,0.0,37
201300009718,13,7,14,2000,1,1,1,1.0,7,37072,M,0.0,0.0,37
201300009719,13,7,17,1630,1,2,1,1.0,6,37072,M,0.0,0.0,37
201300009720,13,8,8,1845,1,2,1,1.0,6,37031,M,0.0,0.0,37
201300009721,13,8,16,1900,1,1,1,1.0,6,37228,M,0.0,0.0,37
201300009722,13,9,5,1530,1,1,6,1.0,7,37118,M,0.0,0.0,37
201300009723,13,9,21,945,1,1,1,1.0,6,37144,M,0.0,0.0,37
201300009724,13,10,1,1830,1,1,1,1.0,1,37058,M,0.0,0.0,37
201300009725,13,12,9,800,2,1,1,5.0,3,37058,M,0.0,0.0,37
201300009726,13,8,26,930,1,1,1,1.0,1,37014,M,0.0,0.0,37
201300009727,13,9,27,2045,5,2,1,2.0,7,37123,M,0.0,0.0,37
201300009728,13,11,15,845,1,1,1,8.0,1,37232,M,0.0,0.0,37
201300009729,13,12,1,1730,5,2,1,1.0,6,37205,M,0.0,0.0,37
201300009730,13,2,3,1700,1,1,1,1.0,6,37226,M,0.0,0.0,37
201300009731,13,2,7,1000,1,2,1,7.0,6,37119,M,0.0,0.0,37
201300009732,13,4,10,2045,2,1,1,3.0,3,37040,M,0.0,0.0,37
201300009733,13,5,29,2030,1,1,3,1.0,3,37125,M,0.0,0.0,37
201300009734,13,6,1,1345,1,1,1,1.0,6,37278,M,0.0,0.0,37
201300009735,13,6,15,200,3,2,1,1.0,6,37065,M,0.0,0.0,37
201300009736,13,7,15,1545,1,1,1,1.0,6,37034,M,0.0,0.0,37
201300009737,13,7,27,1815,1,1,1,1.0,7,37178,M,0.0,0.0,37
201300009738,13,8,15,430,3,1,1,1.0,6,37165,M,0.0,0.0,37
201300009739,13,8,25,2030,3,1,1,2.0,7,37005,M,0.0,0.0,37
201300009740,13,9,18,1245,1,2,6,8.0,3,37226,M,0.0,0.0,37
201300009741,13,11,27,1115,1,1,1,1.0,3,37199,M,0.0,0.0,37
201300009742,13,12,23,1130,1,1,1,1.0,3,37212,M,0.0,0.0,37
201300009743,13,2,9,1945,3,1,1,3.0,4,37016,M,0.0,0.0,37
201300009744,13,3,20,1245,1,1,1,1.0,1,37049,M,0.0,0.0,37
201300009745,13,3,31,1730,1,1,1,1.0,7,37132,M,0.0,0.0,37
201300009746,13,5,15,800,1,1,1,1.0,3,37132,M,0.0,0.0,37
201300009747,13,6,8,1115,1,1,9,1.0,3,37108,M,0.0,0.0,37
201300009748,13,6,20,1730,1,2,1,1.0,6,37192,M,0.0,0.0,37
201300009749,13,7,5,2100,1,1,2,1.0,3,37111,M,0.0,0.0,37
201300009750,13,7,10,1445,1,1,1,1.0,5,37132,M,0.0,0.0,37
201300009751,13,8,22,1900,1,1,1,1.0,1,37222,M,0.0,0.0,37
201300009752,13,9,13,1600,1,2,1,1.0,2,37132,M,4714200.0,100200.0,37
201300009753,13,9,20,815,1,2,2,1.0,1,37183,M,0.0,0.0,37
201300009754,13,11,24,1530,1,1,1,1.0,1,37269,M,0.0,0.0,37
201300009755,13,2,16,745,2,1,1,5.0,5,37061,M,0.0,0.0,37
201300009756,13,6,16,630,2,2,8,1.0,7,37113,M,0.0,0.0,37
201300009757,13,4,7,1745,1,2,1,1.0,6,37001,M,4694600.0,72900.0,37
201300009758,13,6,19,1830,1,1,1,1.0,3,37098,M,0.0,0.0,37
201300009759,13,4,16,1000,1,2,1,1.0,6,37159,M,0.0,0.0,37
201300009760,13,6,25,830,1,2,1,1.0,2,37159,M,0.0,0.0,37
201300009761,13,7,7,1615,1,1,1,1.0,7,37104,M,0.0,0.0,37
201300009762,13,9,16,1730,1,2,1,1.0,1,41032,M,4755850.0,131114.0,41
201300009763,13,9,29,1715,1,1,1,1.0,3,41067,M,4749860.0,147001.0,41
201300009764,13,6,1,1230,1,1,1,1.0,7,41006,M,4789530.0,143990.0,41
201300009765,13,11,1,1845,4,2,1,3.0,6,41253,M,4777200.0,144900.0,41
201300009766,13,1,4,1200,1,1,1,1.0,1,41206,M,4764310.0,136992.0,41
201300009767,13,1,7,1615,1,1,1,2.0,2,41220,M,,,41
201300009768,13,3,3,1700,1,1,1,1.0,6,41220,M,4769270.0,157042.0,41
201300009769,13,4,25,730,1,2,1,7.0,6,41252,M,4766730.0,146204.0,41
201300009770,13,4,27,2145,3,1,1,1.0,6,41039,M,,,41
201300009771,13,7,7,1030,1,1,1,7.0,1,41136,M,0.0,0.0,41
201300009772,13,8,21,1715,1,1,1,1.0,7,41252,M,4768650.0,148838.0,41
201300009773,13,9,4,1815,1,1,2,1.0,1,41220,M,4773510.0,164732.0,41
201300009774,13,10,5,2345,5,2,1,1.0,6,41136,M,4770060.0,151027.0,41
201300009775,13,10,16,1830,1,2,1,1.0,6,41136,M,4769900.0,150378.0,41
201300009776,13,11,6,2015,3,1,3,8.0,3,41071,M,0.0,0.0,41
201300009777,13,11,11,1630,1,2,1,8.0,6,41130,M,4773960.0,133402.0,41
201300009778,13,11,28,530,3,1,1,1.0,2,41136,M,4771450.0,153153.0,41
201300009779,13,1,13,1415,1,1,1,2.0,7,41009,M,,,41
201300009780,13,3,14,1645,1,1,1,1.0,1,41167,M,4749170.0,119978.0,41
201300009781,13,7,14,100,5,2,1,1.0,6,41137,M,4750670.0,112200.0,41
201300009782,13,8,22,815,1,1,1,1.0,1,41055,M,4750730.0,124398.0,41
201300009783,13,9,11,1945,3,1,1,1.0,6,41234,M,4758990.0,112893.0,41
201300009784,13,10,30,1745,2,1,3,1.0,1,41055,M,4752210.0,125342.0,41
201300009785,13,11,11,500,3,2,1,5.0,7,41272,M,4747210.0,112749.0,41
201300009786,13,2,6,745,2,2,1,7.0,3,41106,M,4759140.0,202361.0,41
201300009787,13,5,22,1600,1,1,1,8.0,3,41296,M,4763110.0,204833.0,41
201300009788,13,6,22,1400,1,2,9,1.0,6,41232,M,,,41
201300009789,13,9,5,2130,5,2,1,1.0,5,41232,M,4743370.0,204956.0,41
201300009790,13,10,14,615,3,1,1,8.0,1,41159,M,0.0,0.0,41
201300009791,13,12,5,730,2,1,1,1.0,1,41046,M,4766820.0,191632.0,41
201300009792,13,3,2,1215,1,2,1,1.0,3,41242,M,,,41
201300009793,13,7,6,2045,1,1,1,1.0,6,41140,M,4743460.0,181132.0,41
201300009794,13,7,6,2315,3,1,1,1.0,6,41271,M,4748050.0,172575.0,41
201300009795,13,7,24,2245,3,1,1,1.0,1,41185,M,4737470.0,169119.0,41
201300009796,13,9,20,615,2,1,2,1.0,2,41287,M,4774430.0,103796.0,41
201300009797,13,1,5,1030,1,1,1,8.0,7,41248,M,4806260.0,83168.0,41
201300009798,13,1,23,1545,1,2,1,1.0,3,41143,M,4798260.0,90701.0,41
201300009799,13,2,16,1900,3,2,1,5.0,1,41028,M,4789300.0,112849.0,41
201300009800,13,4,17,1315,1,1,2,1.0,3,41041,M,4798350.0,100442.0,41
201300009801,13,6,29,2130,2,1,2,1.0,3,41275,M,4789220.0,108241.0,41
201300009802,13,1,24,845,1,1,9,8.0,1,33214,M,0.0,0.0,33
201300009803,13,7,19,1915,1,1,1,1.0,1,33214,M,0.0,0.0,33
201300009804,13,9,22,1930,2,1,1,1.0,1,33503,M,0.0,0.0,33
201300009805,13,2,19,1530,1,1,1,1.0,3,29234,M,4782954.0,-349722.0,29
201300009806,13,3,31,630,4,1,1,1.0,6,29233,M,4786386.0,-356977.0,29
201300009807,13,4,23,900,1,1,1,1.0,3,29002,M,4788842.0,-341252.0,29
201300009808,13,6,19,2100,1,2,1,2.0,6,29233,M,4786957.0,-356124.0,29
201300009809,13,7,10,615,2,1,1,1.0,6,29234,M,4785530.0,-348298.0,29
201300009810,13,9,17,1400,1,1,1,2.0,1,29297,M,4791812.0,-351658.0,29
201300009811,13,9,24,1630,1,2,1,1.0,7,29233,M,4786406.0,-352430.0,29
201300009812,13,10,16,1415,1,1,1,8.0,6,29230,M,4794599.0,-350806.0,29
201300009813,13,4,29,1430,1,1,1,1.0,3,29031,M,4781401.0,-356210.0,29
201300009814,13,5,2,2230,3,1,1,1.0,6,29293,M,4781758.0,-382976.0,29
201300009815,13,6,9,30,3,1,1,1.0,2,29300,M,4787723.0,-365335.0,29
201300009816,13,6,30,115,3,1,1,1.0,6,29217,M,4784869.0,-378675.0,29
201300009817,13,9,1,1830,1,1,1,1.0,1,29031,M,4778139.0,-359190.0,29
201300009818,13,9,2,730,1,1,1,1.0,3,29293,M,4785338.0,-383081.0,29
201300009819,13,9,4,915,1,2,1,7.0,6,29293,M,4785692.0,-378156.0,29
201300009820,13,9,7,1830,1,1,1,7.0,6,29236,M,4783215.0,-373308.0,29
201300009821,13,11,20,1730,2,1,1,2.0,2,29300,M,4787752.0,-363951.0,29
201300009822,13,3,15,1330,1,2,1,1.0,6,29004,M,4793249.0,-369794.0,29
201300009823,13,4,14,645,2,1,1,1.0,6,29269,M,4797880.0,-363386.0,29
201300009824,13,4,26,1530,1,1,1,1.0,1,29004,M,4795959.0,-365307.0,29
201300009825,13,5,6,1930,1,1,1,1.0,6,29241,M,4795238.0,-386834.0,29
201300009826,13,6,16,2030,1,1,1,1.0,7,29004,M,4792317.0,-367358.0,29
201300009827,13,6,27,830,1,2,1,1.0,1,29281,M,4802304.0,-382837.0,29
201300009828,13,8,31,545,3,1,1,1.0,7,29146,M,4790654.0,-385389.0,29
201300009829,13,8,14,1945,2,1,4,7.0,1,29274,M,4800598.0,-375003.0,29
201300009830,13,8,20,930,1,1,1,1.0,1,29300,M,4789421.0,-361795.0,29
201300009831,13,10,13,1045,1,1,1,1.0,3,29004,M,4793914.0,-374890.0,29
201300009832,13,12,14,1930,3,1,1,8.0,6,29049,M,4804367.0,-397465.0,29
201300009833,13,12,22,2330,4,2,1,2.0,6,29241,M,4795783.0,-384873.0,29
201300009834,13,1,11,2330,3,1,1,1.0,6,13088,M,0.0,0.0,13
201300009835,13,7,26,1915,1,1,1,1.0,3,13033,M,4337832.0,518741.0,13
201300009836,13,12,10,1530,1,1,1,1.0,3,13033,M,0.0,0.0,13
201300009837,13,1,8,1545,1,1,1,2.0,1,95055,M,4908540.0,246760.0,95
201300009838,13,5,18,1330,1,2,1,1.0,6,95149,M,4912410.0,243350.0,95
201300009839,13,5,27,1700,1,2,1,1.0,7,95149,M,4912930.0,242070.0,95
201300009840,13,6,14,1800,1,2,1,1.0,6,95149,M,4912260.0,243970.0,95
201300009841,13,1,16,1200,1,2,1,1.0,6,95116,M,4915760.0,232120.0,95
201300009842,13,7,4,130,3,1,1,1.0,7,95652,M,4912220.0,238480.0,95
201300009843,13,7,19,2030,2,1,6,1.0,6,95026,M,4913850.0,236050.0,95
201300009844,13,8,13,1830,1,2,1,1.0,3,95116,M,4915680.0,232430.0,95
201300009845,13,12,31,500,3,1,1,2.0,6,95352,M,4911650.0,242920.0,95
201300009846,13,3,25,1715,1,2,1,1.0,3,33199,M,4463600.0,-107400.0,33
201300009847,13,4,3,1745,1,2,2,1.0,3,33199,M,0.0,0.0,33
201300009848,13,6,14,1830,1,2,1,1.0,3,33199,M,0.0,0.0,33
201300009849,13,8,18,930,1,1,6,1.0,3,33199,M,0.0,0.0,33
201300009850,13,10,3,2230,5,2,1,1.0,2,33199,M,4464100.0,-110200.0,33
201300009851,13,12,19,1800,2,2,1,2.0,3,33199,M,4463600.0,-107200.0,33
201300009852,13,2,26,1100,1,1,4,1.0,1,87146,M,0.0,0.0,87
201300009853,13,3,24,515,3,2,1,1.0,6,87205,M,0.0,0.0,87
201300009854,13,10,15,1730,1,2,1,2.0,4,87169,M,0.0,0.0,87
201300009855,13,1,3,1441,1,2,6,1.0,2,06155,M,,,06
201300009856,13,1,4,1012,1,2,6,1.0,6,06004,M,,,06
201300009857,13,1,4,1025,1,2,1,1.0,6,06004,M,,,06
201300009858,13,1,5,1900,5,2,3,1.0,3,06004,M,,,06
201300009859,13,1,7,1750,5,2,1,1.0,6,06004,M,,,06
201300009860,13,1,9,1535,1,2,2,1.0,3,06004,M,,,06
201300009861,13,1,11,844,1,2,1,1.0,6,06155,M,,,06
201300009862,13,1,11,1805,3,2,1,1.0,6,06004,M,,,06
201300009863,13,1,14,1845,5,2,1,2.0,6,06155,M,,,06
201300009864,13,1,15,1545,1,2,1,1.0,6,06155,M,,,06
201300009865,13,1,15,1840,5,2,1,1.0,6,06155,M,,,06
201300009866,13,1,21,710,2,2,1,1.0,6,06004,M,,,06
201300009867,13,1,21,1955,5,1,9,1.0,2,06004,M,,,06
201300009868,13,1,23,1539,1,2,1,1.0,1,06004,M,4356896.0,713087.0,06
201300009869,13,1,24,1340,1,2,1,1.0,5,06004,M,,,06
201300009870,13,1,26,2050,5,2,1,1.0,6,06004,M,,,06
201300009871,13,1,28,800,1,2,1,2.0,3,06004,M,,,06
201300009872,13,1,28,900,1,2,1,2.0,4,06004,M,,,06
201300009873,13,1,28,1530,1,2,3,1.0,3,06004,M,,,06
201300009874,13,2,3,1225,1,2,1,1.0,3,06155,M,,,06
201300009875,13,2,6,2215,5,2,1,1.0,6,06004,M,,,06
201300009876,13,2,8,1740,2,2,1,8.0,6,06004,M,,,06
201300009877,13,2,10,950,1,2,1,1.0,7,06155,M,,,06
201300009878,13,2,10,1530,5,1,1,1.0,6,06155,M,,,06