Num_Acc,an,mois,jour,hrmn,lum,agg,int,atm,col,com,gps,lat,long,dep
201300009879,13,2,13,2205,4,2,1,1.0,6,06004,M,,,06
201300009880,13,2,15,1344,1,2,1,1.0,5,06155,M,,,06
201300009881,13,2,16,250,5,2,1,1.0,6,06004,M,,,06
201300009882,13,2,26,1750,1,2,1,1.0,6,06004,M,,,06
201300009883,13,3,2,2320,5,2,1,1.0,6,06155,M,,,06
201300009884,13,3,13,1700,1,1,2,1.0,3,06004,M,,,06
201300009885,13,3,13,849,1,1,1,1.0,3,06155,M,,,06
201300009886,13,3,20,525,5,2,1,2.0,6,06004,M,,,06
201300009887,13,3,21,1606,1,2,1,1.0,4,06004,M,,,06
201300009888,13,3,21,2315,5,2,2,1.0,3,06004,M,,,06
201300009889,13,3,23,455,5,2,1,1.0,6,06004,M,,,06
201300009890,13,3,24,439,5,1,1,2.0,6,06004,M,,,06
201300009891,13,3,25,1730,1,2,3,1.0,1,06155,M,,,06
201300009892,13,3,25,1715,1,2,1,1.0,3,06004,M,,,06
201300009893,13,3,26,924,1,2,9,2.0,3,06004,M,,,06
201300009894,13,3,28,1920,5,2,1,2.0,6,06155,M,,,06
201300009895,13,3,29,905,1,2,1,1.0,3,06004,M,,,06
201300009896,13,3,29,1329,1,2,1,1.0,6,06155,M,,,06
201300009897,13,3,29,1430,1,2,1,1.0,2,06155,M,,,06
201300009898,13,3,29,1712,1,2,1,1.0,6,06004,M,,,06
201300009899,13,4,1,1515,1,2,5,8.0,3,06155,M,,,06
201300009900,13,4,2,1310,1,2,3,1.0,3,06004,M,,,06
201300009901,13,4,3,1642,1,2,1,1.0,6,06155,M,,,06
201300009902,13,4,5,1016,1,2,1,1.0,6,06155,M,,,06
201300009903,13,4,8,1640,1,2,1,2.0,3,06004,M,,,06
201300009904,13,4,12,925,1,2,1,1.0,3,06004,M,,,06
201300009905,13,4,13,400,5,1,6,1.0,6,06004,M,,,06
201300009906,13,4,13,1100,1,2,9,1.0,3,06004,M,,,06
201300009907,13,4,15,1315,1,2,1,1.0,3,06155,M,,,06
201300009908,13,4,15,1235,1,1,1,1.0,1,06004,M,,,06
201300009909,13,4,16,1830,1,2,1,1.0,2,06004,M,,,06
201300009910,13,4,17,1225,1,2,6,1.0,3,06004,M,,,06
201300009911,13,4,18,1225,1,2,1,1.0,3,06004,M,,,06
201300009912,13,4,18,1100,1,2,1,1.0,3,06004,M,,,06
201300009913,13,4,20,1715,1,2,1,1.0,3,06004,M,,,06
201300009914,13,4,21,1020,1,2,1,1.0,3,06004,M,,,06
201300009915,13,4,22,38,5,2,1,2.0,1,06004,M,,,06
201300009916,13,4,30,754,1,2,1,2.0,6,06004,M,,,06
201300009917,13,4,30,1830,1,2,1,1.0,6,06004,M,,,06
201300009918,13,4,30,2311,5,2,1,2.0,6,06004,M,,,06
201300009919,13,5,3,1200,1,2,3,1.0,3,06004,M,4359626.0,712004.0,06
201300009920,13,5,3,1553,1,2,9,1.0,3,06004,M,,,06
201300009921,13,5,3,1825,1,2,1,1.0,3,06004,M,,,06
201300009922,13,5,5,1020,1,2,3,1.0,3,06004,M,,,06
201300009923,13,5,6,1650,1,2,1,1.0,3,06004,M,,,06
201300009924,13,5,13,2000,1,2,1,1.0,1,06155,M,,,06
201300009925,13,5,15,1710,1,2,3,1.0,4,06155,M,,,06
201300009926,13,5,16,1540,1,2,1,1.0,2,06004,M,,,06
201300009927,13,5,18,1935,2,2,1,3.0,6,06004,M,,,06
201300009928,13,5,19,1050,1,2,1,1.0,2,06004,M,,,06
201300009929,13,5,22,1810,1,2,4,3.0,1,06004,M,,,06
201300009930,13,5,24,1310,1,2,1,1.0,3,06004,M,,,06
201300009931,13,5,29,1005,1,2,1,1.0,3,06155,M,,,06
201300009932,13,5,12,1730,1,1,1,1.0,5,06004,M,,,06
201300009933,13,5,31,1630,1,2,1,1.0,6,06004,M,,,06
201300009934,13,6,2,1345,1,2,1,1.0,3,06004,M,,,06
201300009935,13,6,2,2100,5,1,1,1.0,2,06004,M,,,06
201300009936,13,6,5,740,1,2,9,1.0,3,06004,M,,,06
201300009937,13,6,5,1307,1,2,1,1.0,2,06004,M,,,06
201300009938,13,6,8,710,2,2,2,1.0,3,06004,M,,,06
201300009939,13,6,8,1210,1,2,1,1.0,6,06004,M,,,06
201300009940,13,6,8,1749,1,2,1,1.0,3,06004,M,,,06
201300009941,13,6,8,2115,5,2,1,1.0,3,06004,M,,,06
201300009942,13,6,10,1730,1,2,3,1.0,2,06155,M,,,06
201300009943,13,6,10,2343,5,2,1,1.0,6,06155,M,,,06
201300009944,13,6,7,2340,3,2,2,1.0,3,06004,M,,,06
201300009945,13,6,18,1400,1,2,1,1.0,2,06155,M,,,06
201300009946,13,6,19,734,2,2,1,1.0,6,06004,M,,,06
201300009947,13,6,19,1625,1,2,1,1.0,2,06004,M,,,06
201300009948,13,6,21,825,1,2,2,1.0,2,06004,M,,,06
201300009949,13,6,21,1610,1,2,1,1.0,3,06004,M,,,06
201300009950,13,6,21,1445,1,2,1,1.0,3,06155,M,,,06
201300009951,13,6,21,2110,5,2,1,1.0,3,06004,M,,,06
201300009952,13,6,22,825,1,1,1,1.0,5,06004,M,,,06
201300009953,13,6,22,1840,1,2,1,1.0,3,06004,M,,,06
201300009954,13,6,25,730,1,2,3,1.0,5,06155,M,,,06
201300009955,13,6,26,1305,1,2,1,1.0,7,06004,M,,,06
201300009956,13,6,26,1726,1,2,3,1.0,6,06004,M,,,06
201300009957,13,6,26,1840,1,2,1,1.0,5,06004,M,,,06
201300009958,13,6,27,1848,1,2,2,1.0,3,06004,M,,,06
201300009959,13,6,28,1055,1,2,2,1.0,3,06004,M,,,06
201300009960,13,6,29,1746,1,2,3,1.0,2,06155,M,,,06
201300009961,13,6,29,2335,5,2,4,1.0,6,06004,M,,,06
201300009962,13,7,1,850,1,2,1,1.0,2,06004,M,,,06
201300009963,13,7,2,1105,1,2,1,1.0,2,06004,M,,,06
201300009964,13,7,2,1155,1,2,1,1.0,6,06004,M,,,06
201300009965,13,7,2,1455,1,2,1,1.0,3,06004,M,,,06
201300009966,13,7,3,2230,5,2,2,1.0,3,06004,M,,,06
201300009967,13,7,4,1525,1,2,2,1.0,3,06155,M,,,06
201300009968,13,7,5,220,5,2,1,1.0,6,06004,M,,,06
201300009969,13,7,5,1545,1,2,1,1.0,6,06004,M,,,06
201300009970,13,7,6,905,1,2,1,1.0,3,06004,M,,,06
201300009971,13,7,8,850,1,2,1,1.0,5,06004,M,,,06
201300009972,13,7,9,645,1,2,3,1.0,7,06004,M,,,06
201300009973,13,7,12,1900,1,2,1,1.0,3,06004,M,,,06
201300009974,13,7,12,2045,1,2,9,1.0,3,06155,M,,,06
201300009975,13,7,13,1423,1,2,1,1.0,3,06004,M,,,06
201300009976,13,7,13,2045,2,2,3,1.0,3,06004,M,,,06
201300009977,13,7,15,130,5,2,1,1.0,3,06004,M,,,06
201300009978,13,7,15,840,1,2,1,1.0,2,06004,M,,,06
201300009979,13,7,15,1440,1,2,1,1.0,5,06004,M,,,06
201300009980,13,7,16,1855,1,2,1,1.0,6,06155,M,,,06
201300009981,13,7,17,1544,1,2,1,1.0,7,06004,M,,,06
201300009982,13,7,17,1700,1,2,6,1.0,3,06004,M,,,06
201300009983,13,7,16,1954,1,2,1,1.0,6,06004,M,,,06
201300009984,13,7,18,905,1,2,3,2.0,3,06004,M,,,06
201300009985,13,7,18,1622,1,2,1,1.0,3,06004,M,,,06
201300009986,13,7,20,210,5,1,1,1.0,7,06004,M,,,06
201300009987,13,7,21,300,5,1,1,1.0,6,06004,M,,,06
201300009988,13,7,22,1459,1,2,1,1.0,6,06155,M,,,06
201300009989,13,7,29,1125,1,2,1,1.0,2,06004,M,,,06
201300009990,13,7,30,120,5,2,1,1.0,3,06155,M,,,06
201300009991,13,8,2,1100,1,2,3,1.0,2,06004,M,,,06
201300009992,13,8,2,1510,1,2,1,1.0,1,06155,M,,,06
201300009993,13,8,3,1125,1,2,1,1.0,4,06004,M,,,06
201300009994,13,8,4,1306,1,2,3,1.0,3,06155,M,,,06
201300009995,13,8,7,1010,1,2,1,1.0,3,06004,M,,,06
201300009996,13,8,3,1135,1,2,1,1.0,6,06004,M,,,06
201300009997,13,8,7,2240,3,2,3,1.0,3,06155,M,,,06
201300009998,13,8,8,2235,5,2,2,1.0,6,06004,M,,,06
201300009999,13,8,8,2345,5,2,1,1.0,3,06004,M,,,06
201300010000,13,8,11,1254,1,2,1,1.0,3,06155,M,,,06
201300010001,13,8,12,1420,1,2,1,1.0,6,06155,M,,,06
201300010002,13,8,12,1830,1,1,1,1.0,5,06155,M,,,06
201300010003,13,8,13,1220,1,1,1,1.0,6,06004,M,,,06
201300010004,13,8,14,1643,1,2,1,1.0,3,06004,M,,,06
201300010005,13,8,15,1639,1,2,1,1.0,6,06004,M,,,06
201300010006,13,8,20,1050,1,2,9,1.0,3,06004,M,,,06
201300010007,13,8,21,950,1,2,3,1.0,3,06004,M,,,06
201300010008,13,8,21,1544,1,2,1,1.0,2,06004,M,,,06
201300010009,13,8,21,1805,1,2,9,1.0,1,06004,M,,,06
201300010010,13,8,24,630,2,2,1,1.0,6,06004,M,,,06
201300010011,13,8,25,1313,1,2,1,1.0,6,06004,M,,,06
201300010012,13,8,26,1205,1,2,1,1.0,6,06004,M,,,06
201300010013,13,8,26,1900,2,2,1,1.0,6,06155,M,,,06
201300010014,13,8,26,2340,5,2,1,1.0,1,06004,M,,,06
201300010015,13,8,27,1500,1,2,1,2.0,3,06004,M,,,06
201300010016,13,8,30,1035,1,1,1,1.0,6,06004,M,,,06
201300010017,13,8,31,1515,1,2,1,1.0,6,06004,M,,,06
201300010018,13,8,31,1922,2,2,1,1.0,2,06004,M,,,06
201300010019,13,9,1,1544,1,2,3,1.0,5,06004,M,,,06
201300010020,13,9,1,1810,1,1,1,1.0,3,06004,M,,,06
201300010021,13,9,4,1021,1,2,2,1.0,6,06004,M,,,06
201300010022,13,9,4,1620,1,2,1,1.0,1,06155,M,,,06
201300010023,13,9,5,600,1,2,3,1.0,6,06004,M,,,06
201300010024,13,9,6,1650,1,2,1,1.0,3,06004,M,,,06
201300010025,13,9,2,1120,1,2,1,1.0,2,06155,M,,,06
201300010026,13,9,8,1615,1,2,1,1.0,3,06155,M,,,06
201300010027,13,9,9,240,5,2,1,1.0,6,06155,M,,,06
201300010028,13,9,10,958,1,2,1,1.0,2,06155,M,,,06
201300010029,13,9,13,1622,1,2,1,1.0,2,06004,M,,,06
201300010030,13,9,15,1715,1,2,1,1.0,6,06155,M,,,06
201300010031,13,9,16,1000,1,2,1,1.0,3,06155,M,,,06
201300010032,13,9,17,1050,1,2,3,1.0,3,06155,M,,,06
201300010033,13,9,17,1419,1,2,1,1.0,3,06004,M,,,06
201300010034,13,9,19,750,1,2,1,1.0,6,06155,M,,,06
201300010035,13,9,19,1035,1,2,7,1.0,6,06004,M,,,06
201300010036,13,9,23,1230,1,2,2,1.0,3,06155,M,,,06
201300010037,13,9,23,1940,5,2,1,1.0,3,06004,M,,,06
201300010038,13,9,24,1839,1,2,1,1.0,3,06155,M,,,06
201300010039,13,9,25,1310,1,2,1,1.0,3,06004,M,,,06
201300010040,13,9,26,740,1,2,1,1.0,2,06004,M,,,06
201300010041,13,9,25,1005,1,2,1,1.0,1,06004,M,,,06
201300010042,13,9,26,1800,1,2,1,1.0,6,06004,M,,,06
201300010043,13,9,27,1920,5,2,1,1.0,6,06004,M,,,06
201300010044,13,9,29,35,5,2,1,1.0,2,06155,M,,,06
201300010045,13,9,30,1400,1,2,1,1.0,3,06004,M,,,06
201300010046,13,10,1,725,1,2,1,1.0,3,06004,M,,,06
201300010047,13,10,1,1910,1,2,3,1.0,3,06004,M,,,06
201300010048,13,10,5,1938,3,2,1,1.0,1,06004,M,,,06
201300010049,13,10,7,600,5,2,3,2.0,1,06004,M,,,06
201300010050,13,10,8,640,5,2,1,1.0,2,06155,M,,,06
201300010051,13,10,8,825,1,2,1,2.0,3,06004,M,,,06
201300010052,13,10,8,1225,1,2,1,1.0,1,06155,M,,,06
201300010053,13,10,9,900,1,2,1,1.0,3,06004,M,,,06
201300010054,13,10,12,415,5,2,1,1.0,6,06004,M,,,06
201300010055,13,10,13,935,1,2,1,1.0,3,06004,M,,,06
201300010056,13,10,13,1350,1,2,2,1.0,3,06004,M,,,06
201300010057,13,10,16,1655,1,2,1,1.0,1,06155,M,,,06
201300010058,13,10,5,2112,5,2,3,1.0,3,06155,M,,,06
201300010059,13,10,17,1910,5,2,3,1.0,3,06004,M,,,06
201300010060,13,10,19,1929,5,2,1,1.0,2,06004,M,,,06
201300010061,13,10,24,1241,1,2,1,1.0,7,06004,M,,,06
201300010062,13,10,25,712,1,2,1,1.0,1,06155,M,,,06
201300010063,13,10,25,838,1,2,1,1.0,2,06155,M,,,06
201300010064,13,10,26,100,5,2,1,1.0,1,06155,M,,,06
201300010065,13,10,28,1045,1,2,1,1.0,6,06004,M,,,06
201300010066,13,10,29,1453,1,2,1,1.0,6,06004,M,,,06
201300010067,13,11,1,1502,1,2,1,1.0,7,06004,M,,,06
201300010068,13,11,5,1425,1,2,1,1.0,3,06155,M,,,06
201300010069,13,11,6,1050,1,2,1,1.0,6,06155,M,,,06
201300010070,13,11,7,1000,1,1,3,1.0,3,06155,M,,,06
201300010071,13,11,10,1850,5,2,3,1.0,3,06004,M,,,06
201300010072,13,11,11,1430,1,2,1,1.0,1,06004,M,,,06
201300010073,13,11,12,1810,5,2,6,1.0,3,06004,M,,,06
201300010074,13,11,13,840,1,1,1,1.0,1,06004,M,,,06
201300010075,13,11,14,1000,1,2,1,1.0,3,06004,M,,,06
201300010076,13,11,17,1300,1,2,3,1.0,1,06004,M,,,06
201300010077,13,11,20,745,1,2,1,1.0,5,06004,M,,,06
201300010078,13,11,22,1456,1,2,1,8.0,6,06004,M,,,06
201300010079,13,11,25,1715,5,2,1,1.0,6,06004,M,,,06
201300010080,13,11,25,1755,3,2,1,1.0,6,06004,M,,,06
201300010081,13,11,29,1030,1,2,1,7.0,1,06004,M,,,06
201300010082,13,12,1,1515,1,2,1,1.0,6,06004,M,,,06
201300010083,13,12,4,1430,1,2,1,1.0,5,06004,M,,,06
201300010084,13,12,5,1930,3,2,1,1.0,3,06004,M,,,06
201300010085,13,12,6,845,1,2,1,1.0,6,06004,M,,,06
201300010086,13,12,10,1540,1,2,1,9.0,6,06004,M,,,06
201300010087,13,12,11,1715,5,1,6,1.0,2,06004,M,,,06
201300010088,13,12,11,1715,5,2,3,1.0,6,06004,M,,,06
201300010089,13,12,13,1500,1,2,1,1.0,6,06004,M,,,06
201300010090,13,12,18,1700,3,2,1,1.0,3,06004,M,,,06
201300010091,13,12,18,1310,1,2,6,1.0,3,06004,M,,,06
201300010092,13,12,22,1745,5,2,1,1.0,3,06155,M,,,06
201300010093,13,12,29,1145,1,2,1,1.0,6,06004,M,,,06
201300010094,13,1,1,1330,1,2,3,1.0,3,06027,M,,,06
201300010095,13,1,5,1340,1,2,1,1.0,3,06123,M,,,06
201300010096,13,1,9,1030,1,2,1,1.0,2,06027,M,,,06
201300010097,13,1,10,1010,1,2,3,1.0,5,06027,M,,,06
201300010098,13,1,11,1930,1,2,1,1.0,3,06027,M,,,06
201300010099,13,1,15,1205,1,2,1,1.0,3,06123,M,,,06
201300010100,13,1,18,820,1,2,4,1.0,3,06027,M,,,06
201300010101,13,1,18,1915,5,2,1,1.0,6,06123,M,,,06
201300010102,13,1,22,1400,1,2,1,1.0,1,06027,M,,,06
201300010103,13,1,22,1745,5,2,3,1.0,3,06027,M,,,06
201300010104,13,1,22,1830,5,2,3,1.0,3,06027,M,,,06
201300010105,13,1,23,800,1,2,1,2.0,5,06027,M,,,06
201300010106,13,1,24,745,1,2,1,1.0,6,06123,M,,,06
201300010107,13,2,2,1545,1,2,2,1.0,6,06027,M,,,06
201300010108,13,2,5,1230,1,2,1,1.0,3,06027,M,,,06
201300010109,13,2,8,1905,5,1,3,1.0,3,06027,M,,,06
201300010110,13,2,10,1030,1,2,1,1.0,2,06027,M,,,06
201300010111,13,2,11,750,2,2,1,3.0,6,06123,M,,,06
201300010112,13,2,13,1005,1,2,1,1.0,3,06123,M,,,06
201300010113,13,2,19,2030,5,2,1,1.0,3,06123,M,,,06
201300010114,13,2,28,1040,1,2,1,1.0,6,06123,M,,,06
201300010115,13,3,5,1730,2,2,1,2.0,2,06027,M,,,06
201300010116,13,3,6,820,1,2,1,3.0,2,06123,M,,,06
201300010117,13,3,6,1915,4,2,1,1.0,6,06027,M,,,06
201300010118,13,3,10,1250,1,2,1,1.0,6,06123,M,,,06
201300010119,13,3,10,1420,1,2,1,1.0,3,06027,M,,,06
201300010120,13,3,12,730,1,2,1,1.0,3,06027,M,,,06
201300010121,13,3,12,1215,1,2,1,1.0,3,06027,M,,,06
201300010122,13,3,11,845,1,2,1,1.0,2,06027,M,,,06
201300010123,13,3,12,1640,1,2,1,1.0,3,06123,M,,,06
201300010124,13,3,16,1100,1,2,1,1.0,6,06027,M,,,06
201300010125,13,3,18,2330,5,2,1,1.0,2,06123,M,,,06
201300010126,13,3,21,1400,1,2,1,1.0,2,06027,M,,,06
201300010127,13,3,21,1910,2,2,2,1.0,3,06027,M,,,06
201300010128,13,3,22,1415,1,2,1,1.0,3,06123,M,,,06
201300010129,13,3,29,1625,1,2,1,1.0,2,06027,M,,,06
201300010130,13,3,29,1755,1,2,1,1.0,6,06027,M,,,06
201300010131,13,4,3,1420,1,2,2,1.0,3,06027,M,,,06
201300010132,13,4,4,1940,2,2,1,3.0,2,06123,M,,,06
201300010133,13,4,5,1615,1,2,1,1.0,3,06123,M,,,06
201300010134,13,4,12,1840,1,2,3,1.0,1,06123,M,,,06
201300010135,13,4,12,1840,1,2,1,1.0,2,06123,M,,,06
201300010136,13,4,16,1915,1,2,6,1.0,7,06027,M,,,06
201300010137,13,4,17,2250,5,2,3,1.0,3,06123,M,,,06
201300010138,13,4,22,1730,1,2,1,1.0,2,06027,M,,,06
201300010139,13,4,26,1700,1,2,1,1.0,3,06027,M,,,06
201300010140,13,5,4,1720,1,2,1,1.0,3,06123,M,,,06
201300010141,13,5,10,1640,1,2,1,1.0,4,06027,M,,,06
201300010142,13,5,10,1640,1,1,1,1.0,1,06027,M,,,06
201300010143,13,5,15,1810,1,2,1,1.0,3,06027,M,,,06
201300010144,13,5,17,2050,4,2,2,1.0,3,06027,M,,,06
201300010145,13,5,21,1940,1,2,1,1.0,3,06027,M,,,06
201300010146,13,5,27,1525,1,2,1,1.0,3,06027,M,,,06
201300010147,13,5,28,1600,1,2,1,1.0,6,06123,M,,,06
201300010148,13,5,30,1215,1,2,1,1.0,3,06027,M,,,06
201300010149,13,6,4,2300,5,2,1,1.0,3,06027,M,,,06
201300010150,13,6,9,1550,1,2,1,3.0,4,06027,M,,,06
201300010151,13,1,2,1730,3,1,1,1.0,6,06123,M,,,06
201300010152,13,6,11,1520,1,2,1,1.0,3,06027,M,,,06
201300010153,13,6,14,1305,1,2,1,1.0,1,06027,M,,,06
201300010154,13,6,16,840,1,2,1,1.0,2,06027,M,,,06
201300010155,13,6,17,810,1,2,3,1.0,7,06027,M,,,06
201300010156,13,6,19,1340,1,2,1,1.0,6,06027,M,,,06
201300010157,13,6,23,2205,5,2,3,1.0,3,06027,M,,,06
201300010158,13,6,25,1045,1,2,1,1.0,3,06027,M,,,06
201300010159,13,6,26,1810,1,2,3,1.0,3,06123,M,,,06
201300010160,13,6,27,1705,1,2,1,1.0,3,06027,M,,,06
201300010161,13,6,28,835,1,2,3,1.0,3,06027,M,,,06
201300010162,13,6,28,1400,1,2,3,1.0,3,06027,M,,,06
201300010163,13,6,29,2030,1,2,1,1.0,3,06027,M,,,06
201300010164,13,7,4,1140,1,2,1,1.0,6,06027,M,,,06
201300010165,13,7,4,1515,1,2,3,1.0,3,06027,M,,,06
201300010166,13,7,11,2240,5,2,1,1.0,3,06027,M,,,06
201300010167,13,7,13,1900,1,2,1,1.0,3,06027,M,,,06
201300010168,13,7,13,1220,1,2,3,1.0,3,06027,M,,,06
201300010169,13,7,15,2040,2,2,1,1.0,3,06123,M,,,06
201300010170,13,7,15,1810,2,2,1,1.0,6,06123,M,,,06
201300010171,13,7,17,950,1,2,2,1.0,3,06123,M,,,06
201300010172,13,7,17,1130,1,2,1,1.0,3,06027,M,,,06
201300010173,13,7,19,1105,1,2,1,1.0,3,06027,M,,,06
201300010174,13,7,19,1425,1,2,1,1.0,1,06027,M,,,06
201300010175,13,7,22,1320,1,2,1,1.0,2,06027,M,,,06
201300010176,13,7,24,1300,1,2,6,1.0,3,06123,M,,,06
201300010177,13,7,25,735,1,2,3,1.0,3,06027,M,,,06
201300010178,13,7,25,845,1,2,1,1.0,3,06027,M,,,06
201300010179,13,7,27,1100,1,2,1,1.0,3,06123,M,,,06
201300010180,13,7,29,940,1,2,1,1.0,2,06123,M,,,06
201300010181,13,7,30,1155,1,2,2,1.0,2,06027,M,,,06
201300010182,13,7,31,830,1,2,1,1.0,2,06123,M,,,06
201300010183,13,7,31,1315,1,2,1,1.0,3,06027,M,,,06
201300010184,13,8,1,1230,1,2,1,1.0,3,06123,M,,,06
201300010185,13,8,1,1730,1,2,1,1.0,2,06027,M,,,06
201300010186,13,8,1,2000,1,2,3,1.0,3,06027,M,,,06
201300010187,13,8,3,400,5,2,1,1.0,7,06027,M,,,06
201300010188,13,8,3,1305,1,2,1,1.0,2,06123,M,,,06
201300010189,13,8,9,800,1,2,1,1.0,3,06123,M,,,06
201300010190,13,8,9,1155,1,2,1,1.0,3,06027,M,,,06
201300010191,13,8,9,1740,1,2,1,1.0,2,06027,M,,,06
201300010192,13,8,12,1315,1,2,1,1.0,2,06027,M,,,06
201300010193,13,8,12,1840,1,2,2,1.0,3,06027,M,,,06
201300010194,13,8,18,2235,5,2,1,1.0,2,06027,M,,,06
201300010195,13,8,19,1940,1,2,1,1.0,3,06123,M,,,06
201300010196,13,8,19,1610,1,2,1,1.0,6,06123,M,,,06
201300010197,13,8,19,1750,1,2,1,1.0,3,06027,M,,,06
201300010198,13,8,21,945,1,2,3,1.0,3,06123,M,,,06
201300010199,13,8,21,1200,1,2,4,1.0,3,06027,M,,,06
201300010200,13,8,21,1930,1,2,2,1.0,3,06027,M,,,06
201300010201,13,8,24,1900,1,2,1,2.0,7,06123,M,,,06
201300010202,13,8,25,2130,5,2,1,1.0,2,06123,M,,,06
201300010203,13,8,26,845,1,2,3,1.0,3,06123,M,,,06
201300010204,13,8,30,1845,1,2,3,1.0,3,06027,M,,,06
201300010205,13,8,30,920,1,2,3,1.0,3,06123,M,,,06
201300010206,13,9,1,1345,1,2,1,1.0,3,06123,M,,,06
201300010207,13,9,1,1445,1,2,1,1.0,3,06027,M,,,06
201300010208,13,9,1,2025,2,2,2,1.0,3,06027,M,,,06
201300010209,13,9,3,920,1,2,1,1.0,6,06027,M,,,06
201300010210,13,9,4,850,1,2,1,1.0,6,06027,M,,,06
201300010211,13,9,6,1120,1,2,1,1.0,3,06027,M,,,06
201300010212,13,9,6,1520,1,2,1,1.0,6,06027,M,,,06
201300010213,13,9,10,1000,1,2,1,1.0,6,06027,M,,,06
201300010214,13,9,11,1855,1,2,3,1.0,3,06123,M,,,06
201300010215,13,9,11,1915,1,2,3,1.0,3,06027,M,,,06
201300010216,13,9,11,1930,1,2,1,1.0,2,06027,M,,,06
201300010217,13,9,17,1235,1,2,1,1.0,2,06027,M,,,06
201300010218,13,9,20,1125,1,2,1,1.0,2,06123,M,,,06
201300010219,13,9,20,2140,5,2,3,1.0,3,06027,M,,,06
201300010220,13,9,24,1220,1,2,3,1.0,3,06123,M,,,06
201300010221,13,9,27,1615,1,2,1,1.0,6,06027,M,,,06
201300010222,13,9,27,2035,5,2,6,1.0,3,06123,M,,,06
201300010223,13,9,29,545,5,2,1,1.0,2,06123,M,,,06
201300010224,13,10,1,1310,1,2,3,1.0,3,06123,M,,,06
201300010225,13,10,2,810,1,2,3,1.0,3,06123,M,,,06
201300010226,13,10,2,1100,1,2,1,1.0,6,06027,M,,,06
201300010227,13,10,8,615,5,2,3,2.0,3,06027,M,,,06
201300010228,13,10,10,1310,1,2,1,1.0,6,06027,M,,,06
201300010229,13,10,12,1840,1,2,1,1.0,2,06123,M,,,06
201300010230,13,10,16,1230,1,2,2,1.0,3,06027,M,,,06
201300010231,13,10,22,950,1,2,1,1.0,6,06123,M,,,06
201300010232,13,10,22,1420,1,2,6,1.0,3,06123,M,,,06
201300010233,13,10,23,1845,5,2,3,1.0,2,06027,M,,,06
201300010234,13,10,24,1430,1,2,1,1.0,4,06027,M,,,06
201300010235,13,10,26,1350,1,2,1,1.0,7,06027,M,,,06
201300010236,13,10,28,1015,1,2,3,1.0,1,06123,M,,,06
201300010237,13,10,30,1535,1,2,1,1.0,3,06123,M,,,06
201300010238,13,11,1,2015,5,2,3,1.0,3,06027,M,,,06
201300010239,13,11,2,945,1,2,9,1.0,3,06027,M,,,06
201300010240,13,11,3,1220,1,2,1,1.0,6,06123,M,,,06
201300010241,13,11,7,700,1,2,1,1.0,1,06027,M,,,06
201300010242,13,11,11,1500,1,2,1,1.0,6,06123,M,,,06
201300010243,13,11,11,1900,2,2,1,1.0,3,06027,M,,,06
201300010244,13,11,12,745,2,2,1,1.0,6,06123,M,,,06
201300010245,13,11,12,1605,1,2,1,1.0,3,06123,M,,,06
201300010246,13,11,15,1420,1,2,1,1.0,6,06123,M,,,06
201300010247,13,11,18,1150,1,2,1,1.0,3,06027,M,,,06
201300010248,13,11,26,1915,3,2,1,1.0,6,06027,M,,,06
201300010249,13,11,27,930,1,2,3,1.0,3,06123,M,,,06
201300010250,13,11,27,1730,5,2,3,1.0,3,06027,M,,,06
201300010251,13,12,2,825,1,2,1,1.0,3,06123,M,,,06
201300010252,13,12,3,845,1,2,3,1.0,3,06123,M,,,06
201300010253,13,12,4,1145,1,2,1,1.0,2,06123,M,,,06
201300010254,13,12,5,1305,1,2,2,1.0,3,06027,M,,,06
201300010255,13,12,7,1430,1,2,6,1.0,3,06123,M,,,06
201300010256,13,12,9,1145,1,2,1,1.0,2,06027,M,,,06
201300010257,13,12,10,1610,1,2,1,1.0,3,06123,M,,,06
201300010258,13,12,12,1000,1,2,1,1.0,3,06027,M,,,06
201300010259,13,12,12,1123,1,2,1,1.0,6,06123,M,,,06
201300010260,13,12,13,725,2,2,1,1.0,3,06123,M,,,06
201300010261,13,12,13,820,1,2,1,1.0,3,06123,M,,,06
201300010262,13,12,21,400,5,2,2,1.0,3,06027,M,,,06
201300010263,13,12,22,1600,1,2,1,1.0,3,06123,M,,,06
201300010264,13,12,24,1120,1,2,1,1.0,5,06027,M,,,06
201300010265,13,12,24,1920,5,2,1,2.0,3,06027,M,,,06
201300010266,13,1,7,1055,1,2,1,1.0,6,06030,M,,,06
201300010267,13,1,8,1715,2,2,1,1.0,7,06029,M,,,06
201300010268,13,1,14,918,1,2,1,1.0,3,06029,M,,,06
201300010269,13,1,14,1745,5,2,1,2.0,3,06029,M,,,06
201300010270,13,1,14,1844,5,2,1,3.0,6,06029,M,,,06
201300010271,13,1,7,918,1,2,1,1.0,3,06029,M,,,06
201300010272,13,1,19,730,1,2,1,2.0,7,06029,M,,,06
201300010273,13,1,19,1732,5,2,1,3.0,6,06030,M,,,06
201300010274,13,1,22,1040,1,2,1,7.0,3,06029,M,,,06
201300010275,13,1,22,1455,1,2,1,1.0,6,06029,M,,,06
201300010276,13,1,24,1700,1,2,1,1.0,3,06029,M,,,06
201300010277,13,1,25,1130,1,2,1,1.0,3,06029,M,,,06
201300010278,13,1,25,1350,1,2,1,1.0,1,06029,M,,,06
201300010279,13,1,29,1220,1,2,1,1.0,6,06029,M,,,06
201300010280,13,2,1,1320,1,2,1,1.0,2,06029,M,,,06
201300010281,13,2,2,1611,1,2,1,3.0,6,06029,M,,,06
201300010282,13,2,8,1800,5,2,1,1.0,3,06029,M,,,06
201300010283,13,2,12,2000,1,2,1,1.0,6,06029,M,,,06
201300010284,13,2,13,1340,1,2,1,1.0,7,06030,M,,,06