Num_Acc,an,mois,jour,hrmn,lum,agg,int,atm,col,com,gps,lat,long,dep
201300010285,13,2,16,925,1,2,1,1.0,3,06029,M,,,06
201300010286,13,2,19,1700,2,2,1,1.0,2,06029,M,,,06
201300010287,13,3,3,1720,4,2,1,1.0,7,06029,M,,,06
201300010288,13,3,4,1925,5,2,1,1.0,2,06029,M,,,06
201300010289,13,3,7,1825,2,2,1,3.0,1,06030,M,,,06
201300010290,13,3,11,1520,1,2,1,1.0,6,06029,M,,,06
201300010291,13,3,12,810,1,2,6,1.0,3,06029,M,,,06
201300010292,13,3,13,700,1,2,1,1.0,3,06030,M,,,06
201300010293,13,3,14,1512,1,2,1,1.0,6,06029,M,,,06
201300010294,13,3,16,53,5,2,3,1.0,3,06030,M,,,06
201300010295,13,3,21,1536,1,2,1,1.0,2,06029,M,,,06
201300010296,13,3,25,855,1,2,1,1.0,3,06029,M,,,06
201300010297,13,3,27,1655,1,2,1,1.0,6,06029,M,,,06
201300010298,13,4,10,1430,1,2,1,1.0,6,06029,M,,,06
201300010299,13,4,12,820,1,2,1,1.0,1,06029,M,,,06
201300010300,13,4,12,1650,1,2,1,1.0,6,06029,M,,,06
201300010301,13,4,13,1610,1,2,3,1.0,6,06029,M,,,06
201300010302,13,4,19,1436,1,2,2,1.0,3,06029,M,,,06
201300010303,13,4,22,1320,1,2,1,1.0,2,06029,M,,,06
201300010304,13,4,23,900,1,2,1,1.0,2,06029,M,,,06
201300010305,13,4,29,1240,1,2,1,1.0,6,06029,M,,,06
201300010306,13,5,2,945,1,2,1,1.0,3,06029,M,,,06
201300010307,13,5,2,1920,1,2,1,1.0,6,06029,M,,,06
201300010308,13,5,3,830,1,2,1,1.0,3,06029,M,,,06
201300010309,13,5,3,1930,1,2,1,1.0,6,06029,M,,,06
201300010310,13,5,4,550,2,2,1,1.0,3,06029,M,,,06
201300010311,13,5,4,1400,1,2,1,1.0,3,06029,M,,,06
201300010312,13,5,12,405,5,2,1,1.0,6,06029,M,,,06
201300010313,13,5,12,1235,1,2,1,1.0,6,06029,M,,,06
201300010314,13,5,14,1435,1,2,1,1.0,6,06030,M,,,06
201300010315,13,5,15,2335,5,2,1,3.0,7,06029,M,,,06
201300010316,13,5,17,2015,1,2,1,1.0,6,06029,M,,,06
201300010317,13,5,18,505,5,2,1,2.0,1,06029,M,,,06
201300010318,13,5,22,745,1,2,1,1.0,2,06030,M,,,06
201300010319,13,5,22,950,1,2,1,1.0,3,06029,M,,,06
201300010320,13,5,22,1058,1,2,1,1.0,6,06029,M,,,06
201300010321,13,5,22,1400,1,2,1,1.0,2,06029,M,,,06
201300010322,13,5,23,1957,1,2,1,1.0,6,06029,M,,,06
201300010323,13,5,17,1900,1,2,1,1.0,3,06029,M,,,06
201300010324,13,5,26,1510,1,2,1,1.0,6,06030,M,,,06
201300010325,13,5,28,1610,1,2,1,1.0,6,06029,M,,,06
201300010326,13,5,29,1116,1,2,1,1.0,6,06030,M,,,06
201300010327,13,6,4,1755,1,2,1,1.0,3,06030,M,,,06
201300010328,13,6,7,1712,1,2,1,1.0,3,06030,M,,,06
201300010329,13,6,10,1055,1,2,1,1.0,3,06029,M,,,06
201300010330,13,6,13,815,1,2,1,1.0,3,06029,M,,,06
201300010331,13,6,15,1005,1,2,1,1.0,3,06030,M,,,06
201300010332,13,6,7,1115,1,2,1,1.0,6,06030,M,,,06
201300010333,13,6,18,1534,1,2,1,1.0,2,06030,M,,,06
201300010334,13,6,22,1600,1,2,1,1.0,6,06029,M,,,06
201300010335,13,6,23,450,5,2,1,1.0,1,06029,M,,,06
201300010336,13,6,24,1655,1,2,1,1.0,6,06029,M,,,06
201300010337,13,6,28,210,5,2,1,1.0,1,06029,M,,,06
201300010338,13,6,28,1130,1,2,1,1.0,3,06029,M,,,06
201300010339,13,6,30,1915,1,2,1,1.0,3,06029,M,,,06
201300010340,13,7,2,2100,2,2,1,1.0,3,06030,M,,,06
201300010341,13,7,5,1425,1,2,1,1.0,3,06029,M,,,06
201300010342,13,7,7,2340,5,2,1,1.0,6,06029,M,,,06
201300010343,13,7,9,1310,1,2,1,1.0,3,06029,M,,,06
201300010344,13,7,9,1620,1,2,1,1.0,3,06029,M,,,06
201300010345,13,7,12,905,1,2,1,1.0,3,06029,M,,,06
201300010346,13,7,13,1430,1,2,1,1.0,6,06029,M,,,06
201300010347,13,7,22,1039,1,2,1,1.0,6,06029,M,,,06
201300010348,13,7,25,1455,1,2,1,1.0,2,06029,M,,,06
201300010349,13,7,26,1800,1,2,1,1.0,3,06029,M,,,06
201300010350,13,7,30,1800,1,2,1,1.0,6,06029,M,,,06
201300010351,13,7,31,1100,1,2,1,1.0,6,06029,M,,,06
201300010352,13,8,3,1759,1,2,1,1.0,6,06029,M,,,06
201300010353,13,8,1,1100,1,2,1,1.0,6,06030,M,,,06
201300010354,13,8,7,518,2,2,1,1.0,3,06029,M,,,06
201300010355,13,8,8,820,1,2,1,3.0,3,06029,M,,,06
201300010356,13,8,10,745,1,2,1,1.0,6,06029,M,,,06
201300010357,13,8,10,1000,1,2,1,1.0,6,06029,M,,,06
201300010358,13,8,16,1000,1,2,3,1.0,5,06029,M,,,06
201300010359,13,8,19,1420,1,2,1,1.0,6,06030,M,,,06
201300010360,13,8,20,1830,1,2,1,1.0,6,06029,M,,,06
201300010361,13,8,23,652,1,2,1,1.0,7,06029,M,,,06
201300010362,13,8,23,1331,1,2,1,1.0,6,06029,M,,,06
201300010363,13,8,27,745,1,2,1,1.0,3,06029,M,,,06
201300010364,13,8,27,1500,1,2,1,1.0,3,06030,M,,,06
201300010365,13,8,28,1830,1,2,1,1.0,6,06029,M,,,06
201300010366,13,8,31,1210,1,2,1,1.0,7,06029,M,,,06
201300010367,13,9,1,103,5,2,1,1.0,1,06029,M,,,06
201300010368,13,9,7,1850,1,2,1,1.0,6,06029,M,,,06
201300010369,13,9,10,1930,1,2,1,1.0,6,06029,M,,,06
201300010370,13,9,12,1655,1,2,1,1.0,3,06029,M,,,06
201300010371,13,9,14,420,5,2,1,1.0,7,06029,M,,,06
201300010372,13,9,15,500,5,2,1,1.0,6,06029,M,,,06
201300010373,13,9,18,830,1,2,1,1.0,6,06029,M,,,06
201300010374,13,9,18,1815,1,2,1,1.0,6,06029,M,,,06
201300010375,13,9,16,1040,1,2,1,1.0,3,06030,M,,,06
201300010376,13,9,19,1033,1,2,1,1.0,6,06029,M,,,06
201300010377,13,9,24,1710,1,2,1,1.0,6,06030,M,,,06
201300010378,13,9,26,1235,1,2,1,1.0,6,06029,M,,,06
201300010379,13,9,26,1300,1,2,1,1.0,3,06029,M,,,06
201300010380,13,9,25,1004,1,2,1,1.0,3,06030,M,,,06
201300010381,13,10,1,1004,1,2,1,1.0,3,06029,M,,,06
201300010382,13,10,1,705,1,2,1,1.0,1,06029,M,,,06
201300010383,13,10,2,811,1,2,1,1.0,6,06029,M,,,06
201300010384,13,10,6,1005,1,2,1,2.0,2,06029,M,,,06
201300010385,13,10,12,2220,5,2,3,1.0,3,06029,M,,,06
201300010386,13,10,16,631,1,2,1,1.0,3,06029,M,,,06
201300010387,13,10,21,920,1,2,1,1.0,6,06029,M,,,06
201300010388,13,10,24,2026,1,2,1,1.0,6,06030,M,,,06
201300010389,13,10,26,1223,1,2,1,1.0,4,06029,M,,,06
201300010390,13,10,30,1420,1,2,2,1.0,6,06029,M,,,06
201300010391,13,11,4,1220,1,2,1,2.0,3,06029,M,,,06
201300010392,13,11,7,1840,1,2,1,1.0,6,06029,M,,,06
201300010393,13,11,7,1426,1,2,1,1.0,6,06030,M,,,06
201300010394,13,11,8,1518,1,2,1,1.0,6,06029,M,,,06
201300010395,13,11,10,1555,1,2,1,1.0,3,06030,M,,,06
201300010396,13,11,15,1900,5,2,1,1.0,3,06030,M,,,06
201300010397,13,11,24,1115,1,2,1,1.0,6,06029,M,,,06
201300010398,13,11,24,1650,1,2,1,1.0,6,06029,M,,,06
201300010399,13,11,25,1120,1,2,1,1.0,2,06030,M,,,06
201300010400,13,11,29,1216,1,2,1,1.0,6,06029,M,,,06
201300010401,13,12,13,1030,1,2,1,1.0,3,06029,M,,,06
201300010402,13,12,19,1915,5,2,1,3.0,6,06029,M,,,06
201300010403,13,12,23,1420,1,2,1,1.0,2,06030,M,,,06
201300010404,13,12,26,1100,1,2,1,1.0,1,06029,M,,,06
201300010405,13,12,29,1840,5,2,1,2.0,6,06029,M,,,06
201300010406,13,1,2,1415,1,2,1,1.0,7,06069,M,,,06
201300010407,13,1,2,1640,1,2,1,1.0,3,06069,M,,,06
201300010408,13,1,8,1630,1,2,1,1.0,1,06069,M,,,06
201300010409,13,1,10,225,5,2,1,1.0,7,06069,M,,,06
201300010410,13,1,10,1600,1,2,1,1.0,1,06069,M,,,06
201300010411,13,1,11,1630,1,2,1,1.0,6,06069,M,,,06
201300010412,13,1,14,915,1,2,1,1.0,7,06069,M,,,06
201300010413,13,1,14,2025,5,2,1,2.0,6,06069,M,,,06
201300010414,13,1,15,800,1,2,1,2.0,7,06069,M,,,06
201300010415,13,1,16,1520,1,2,6,1.0,3,06069,M,,,06
201300010416,13,1,16,1655,1,2,1,1.0,1,06069,M,,,06
201300010417,13,1,17,755,2,2,3,1.0,3,06069,M,,,06
201300010418,13,1,19,1110,1,2,1,1.0,1,06069,M,,,06
201300010419,13,1,19,1400,1,1,1,1.0,3,06069,M,,,06
201300010420,13,1,21,1520,1,2,1,1.0,6,06069,M,,,06
201300010421,13,1,22,1825,2,2,1,2.0,1,06069,M,,,06
201300010422,13,1,24,1745,3,2,1,1.0,6,06069,M,,,06
201300010423,13,1,25,1840,2,2,1,1.0,1,06069,M,,,06
201300010424,13,1,30,1005,1,2,1,1.0,2,06069,M,,,06
201300010425,13,1,31,845,1,2,1,1.0,7,06069,M,,,06
201300010426,13,1,31,2110,5,2,1,1.0,6,06069,M,,,06
201300010427,13,2,9,1130,1,2,1,1.0,6,06069,M,,,06
201300010428,13,2,11,2225,5,2,1,1.0,1,06069,M,,,06
201300010429,13,2,11,830,1,2,1,1.0,7,06069,M,,,06
201300010430,13,2,12,850,1,2,1,1.0,7,06069,M,,,06
201300010431,13,2,12,1340,1,2,1,1.0,5,06069,M,,,06
201300010432,13,2,12,1550,1,2,1,1.0,3,06069,M,,,06
201300010433,13,2,13,835,1,2,6,1.0,6,06069,M,,,06
201300010434,13,2,15,2030,5,2,3,1.0,3,06069,M,,,06
201300010435,13,2,20,1645,1,2,1,1.0,2,06069,M,,,06
201300010436,13,2,22,1040,1,2,1,1.0,4,06069,M,,,06
201300010437,13,2,23,1250,1,2,1,1.0,6,06069,M,,,06
201300010438,13,2,23,2020,5,2,1,1.0,1,06069,M,,,06
201300010439,13,2,25,700,2,2,1,8.0,2,06069,M,,,06
201300010440,13,2,25,710,5,1,1,8.0,5,06069,M,,,06
201300010441,13,2,25,730,2,2,1,8.0,7,06069,M,,,06
201300010442,13,2,28,905,1,2,1,1.0,1,06069,M,,,06
201300010443,13,3,2,1740,2,2,1,1.0,7,06069,M,,,06
201300010444,13,3,3,1950,2,2,1,1.0,7,06069,M,,,06
201300010445,13,3,5,850,1,2,1,2.0,1,06069,M,,,06
201300010446,13,3,7,1000,1,2,6,8.0,5,06069,M,,,06
201300010447,13,3,9,1930,5,2,1,1.0,6,06069,M,,,06
201300010448,13,3,11,800,1,2,3,1.0,3,06069,M,,,06
201300010449,13,3,12,1405,1,2,1,3.0,7,06069,M,,,06
201300010450,13,3,20,1200,1,2,1,1.0,2,06069,M,,,06
201300010451,13,3,21,1820,2,2,1,1.0,3,06069,M,,,06
201300010452,13,3,24,715,2,2,1,1.0,6,06069,M,,,06
201300010453,13,3,26,800,1,2,1,1.0,2,06069,M,,,06
201300010454,13,3,26,1140,1,2,3,1.0,3,06069,M,,,06
201300010455,13,3,26,2315,5,2,1,1.0,3,06069,M,,,06
201300010456,13,3,28,1900,2,2,1,1.0,3,06069,M,,,06
201300010457,13,3,30,1530,1,2,1,1.0,6,06069,M,,,06
201300010458,13,4,4,1520,1,2,1,2.0,1,06069,M,,,06
201300010459,13,4,6,950,1,2,1,1.0,6,06069,M,,,06
201300010460,13,4,8,1640,1,2,1,1.0,3,06069,M,,,06
201300010461,13,4,12,1720,1,2,1,1.0,3,06069,M,,,06
201300010462,13,4,13,1750,1,2,1,1.0,3,06069,M,,,06
201300010463,13,4,14,1055,1,2,1,1.0,3,06069,M,,,06
201300010464,13,4,16,930,1,2,1,1.0,6,06069,M,,,06
201300010465,13,4,16,1130,1,2,1,1.0,4,06069,M,,,06
201300010466,13,4,19,1120,1,2,1,1.0,6,06069,M,,,06
201300010467,13,4,19,1345,1,2,1,1.0,7,06069,M,,,06
201300010468,13,4,23,1205,1,2,1,1.0,3,06069,M,,,06
201300010469,13,4,25,945,1,2,1,1.0,6,06069,M,,,06
201300010470,13,4,27,1220,1,2,1,1.0,3,06069,M,,,06
201300010471,13,4,27,1745,1,2,1,1.0,2,06069,M,,,06
201300010472,13,4,27,2345,5,2,1,1.0,6,06069,M,,,06
201300010473,13,4,30,1715,1,2,1,1.0,2,06069,M,,,06
201300010474,13,5,1,740,1,2,1,1.0,6,06069,M,,,06
201300010475,13,5,7,900,1,2,1,1.0,2,06069,M,,,06
201300010476,13,5,7,1600,1,2,1,1.0,7,06069,M,,,06
201300010477,13,5,8,645,2,2,1,1.0,7,06069,M,,,06
201300010478,13,5,10,1635,1,2,1,1.0,2,06069,M,,,06
201300010479,13,5,11,1200,1,2,1,1.0,1,06069,M,,,06
201300010480,13,5,13,1115,1,2,1,1.0,1,06069,M,,,06
201300010481,13,5,21,2025,2,2,1,1.0,2,06069,M,,,06
201300010482,13,5,24,900,1,2,1,1.0,3,06069,M,,,06
201300010483,13,5,29,1050,1,2,1,1.0,6,06069,M,,,06
201300010484,13,5,31,1845,1,2,1,1.0,7,06069,M,,,06
201300010485,13,5,31,2050,2,2,1,1.0,6,06069,M,,,06
201300010486,13,6,1,940,1,2,1,1.0,3,06069,M,,,06
201300010487,13,6,2,1500,1,2,1,1.0,7,06069,M,,,06
201300010488,13,6,2,1630,1,2,1,1.0,6,06069,M,,,06
201300010489,13,6,2,2000,1,2,1,1.0,7,06069,M,,,06
201300010490,13,6,4,1715,1,2,1,1.0,7,06069,M,,,06
201300010491,13,6,6,1910,1,2,1,1.0,1,06069,M,,,06
201300010492,13,6,10,1405,1,2,1,1.0,7,06069,M,,,06
201300010493,13,6,11,1550,1,2,1,1.0,3,06069,M,,,06
201300010494,13,6,11,1705,1,2,1,1.0,4,06069,M,,,06
201300010495,13,6,12,755,1,2,1,1.0,3,06069,M,,,06
201300010496,13,6,13,850,1,2,1,1.0,2,06069,M,,,06
201300010497,13,6,13,1715,1,2,1,1.0,6,06069,M,,,06
201300010498,13,6,18,800,1,2,1,1.0,3,06069,M,,,06
201300010499,13,6,18,855,1,2,1,1.0,3,06069,M,,,06
201300010500,13,6,20,1600,1,2,1,1.0,2,06069,M,,,06
201300010501,13,6,21,1145,1,2,1,1.0,7,06069,M,,,06
201300010502,13,6,21,1335,1,2,6,1.0,3,06069,M,,,06
201300010503,13,6,23,1540,1,2,1,1.0,7,06069,M,,,06
201300010504,13,6,24,1520,1,2,1,1.0,6,06069,M,,,06
201300010505,13,6,27,1250,1,2,1,1.0,2,06069,M,,,06
201300010506,13,6,27,1800,1,2,1,1.0,2,06069,M,,,06
201300010507,13,6,28,1523,1,2,1,1.0,3,06069,M,,,06
201300010508,13,6,28,1640,1,2,1,1.0,2,06069,M,,,06
201300010509,13,6,29,1515,1,2,1,1.0,3,06069,M,,,06
201300010510,13,7,6,1443,1,2,1,1.0,7,06069,M,,,06
201300010511,13,7,6,2120,1,1,1,1.0,7,06069,M,,,06
201300010512,13,7,10,1400,1,2,1,1.0,3,06069,M,,,06
201300010513,13,7,11,1330,1,2,1,1.0,3,06069,M,,,06
201300010514,13,7,12,1320,1,2,1,1.0,2,06069,M,,,06
201300010515,13,7,12,1545,1,2,1,1.0,1,06069,M,,,06
201300010516,13,7,12,2000,1,2,1,1.0,6,06069,M,,,06
201300010517,13,7,13,1730,1,2,1,1.0,6,06069,M,,,06
201300010518,13,7,15,800,1,2,1,1.0,3,06069,M,,,06
201300010519,13,7,15,1755,1,2,1,1.0,2,06069,M,,,06
201300010520,13,7,16,1315,1,2,1,1.0,1,06069,M,,,06
201300010521,13,7,17,1955,1,2,1,1.0,3,06069,M,,,06
201300010522,13,7,19,1105,1,2,1,1.0,3,06069,M,,,06
201300010523,13,7,19,1200,1,2,1,1.0,6,06069,M,,,06
201300010524,13,7,19,1845,1,2,1,1.0,7,06069,M,,,06
201300010525,13,7,20,1615,1,2,1,1.0,2,06069,M,,,06
201300010526,13,7,20,1500,1,2,1,1.0,6,06069,M,,,06
201300010527,13,7,22,1320,1,2,1,1.0,3,06069,M,,,06
201300010528,13,7,26,1045,1,2,6,1.0,3,06069,M,,,06
201300010529,13,7,29,1410,1,2,1,1.0,2,06069,M,,,06
201300010530,13,8,4,1550,1,2,1,1.0,7,06069,M,,,06
201300010531,13,8,5,1200,1,2,1,1.0,6,06069,M,,,06
201300010532,13,8,6,845,1,2,1,1.0,7,06069,M,,,06
201300010533,13,8,7,930,1,2,1,1.0,2,06069,M,,,06
201300010534,13,8,7,1930,1,2,1,1.0,4,06069,M,,,06
201300010535,13,8,6,855,1,2,1,1.0,7,06069,M,,,06
201300010536,13,8,8,946,1,2,1,1.0,7,06069,M,,,06
201300010537,13,8,8,1025,1,2,1,1.0,6,06069,M,,,06
201300010538,13,8,10,2340,5,2,1,1.0,6,06069,M,,,06
201300010539,13,8,11,1935,1,2,1,1.0,7,06069,M,,,06
201300010540,13,8,12,1430,1,2,1,1.0,7,06069,M,,,06
201300010541,13,8,14,830,1,2,1,1.0,4,06069,M,,,06
201300010542,13,8,16,1721,1,2,1,1.0,5,06069,M,,,06
201300010543,13,8,17,1430,1,2,1,1.0,4,06069,M,,,06
201300010544,13,8,22,1130,1,2,1,1.0,4,06069,M,,,06
201300010545,13,8,23,140,5,2,1,1.0,7,06069,M,,,06
201300010546,13,8,24,1300,1,2,1,1.0,4,06069,M,,,06
201300010547,13,8,26,1820,1,2,3,1.0,3,06069,M,,,06
201300010548,13,8,27,1000,1,2,1,1.0,3,06069,M,,,06
201300010549,13,8,28,1525,1,2,1,1.0,2,06069,M,,,06
201300010550,13,8,28,1615,1,2,1,1.0,7,06069,M,,,06
201300010551,13,8,29,1200,1,2,1,1.0,2,06069,M,,,06
201300010552,13,8,30,1450,1,2,2,1.0,5,06069,M,,,06
201300010553,13,8,30,1850,1,2,1,1.0,1,06069,M,,,06
201300010554,13,9,3,1900,1,2,2,1.0,3,06069,M,,,06
201300010555,13,9,3,2010,1,2,1,1.0,7,06069,M,,,06
201300010556,13,9,5,905,1,2,1,1.0,1,06069,M,,,06
201300010557,13,9,5,1250,1,2,1,1.0,6,06069,M,,,06
201300010558,13,9,5,1320,1,2,1,1.0,4,06069,M,,,06
201300010559,13,9,5,1815,1,2,1,1.0,7,06069,M,,,06
201300010560,13,9,5,2115,2,2,1,1.0,2,06069,M,,,06
201300010561,13,9,6,1650,1,2,1,1.0,6,06069,M,,,06
201300010562,13,9,12,1830,1,2,1,1.0,3,06069,M,,,06
201300010563,13,9,14,1110,1,2,1,1.0,7,06069,M,,,06
201300010564,13,9,14,1115,1,2,1,1.0,2,06069,M,,,06
201300010565,13,9,14,1850,1,2,1,1.0,6,06069,M,,,06
201300010566,13,9,15,940,1,2,1,1.0,7,06069,M,,,06
201300010567,13,9,17,1100,1,2,1,1.0,6,06069,M,,,06
201300010568,13,9,17,1850,1,2,1,1.0,2,06069,M,,,06
201300010569,13,9,18,1745,1,2,1,1.0,1,06069,M,,,06
201300010570,13,9,19,1222,1,2,1,1.0,2,06069,M,,,06
201300010571,13,9,20,1855,1,2,1,1.0,2,06069,M,,,06
201300010572,13,9,24,820,1,2,1,1.0,2,06069,M,,,06
201300010573,13,9,24,840,1,2,1,1.0,7,06069,M,,,06
201300010574,13,9,24,1755,1,2,1,7.0,6,06069,M,,,06
201300010575,13,9,25,2040,2,2,1,1.0,6,06069,M,,,06
201300010576,13,9,25,755,1,2,1,1.0,3,06069,M,,,06
201300010577,13,9,25,815,1,2,1,1.0,3,06069,M,,,06
201300010578,13,9,25,1055,1,2,1,1.0,7,06069,M,,,06
201300010579,13,9,25,1350,1,2,1,1.0,5,06069,M,,,06
201300010580,13,9,25,1450,1,2,1,1.0,3,06069,M,,,06
201300010581,13,9,26,845,1,2,1,1.0,6,06069,M,,,06
201300010582,13,9,26,1705,1,2,1,1.0,7,06069,M,,,06
201300010583,13,9,29,1500,1,2,1,3.0,6,06069,M,,,06
201300010584,13,10,1,1125,1,2,1,1.0,1,06069,M,,,06
201300010585,13,10,3,1330,1,2,6,1.0,3,06069,M,,,06
201300010586,13,10,4,1625,1,2,1,1.0,7,06069,M,,,06
201300010587,13,10,4,1645,1,2,1,1.0,3,06069,M,,,06
201300010588,13,10,7,815,1,2,1,1.0,3,06069,M,,,06
201300010589,13,10,8,1340,1,2,1,1.0,3,06069,M,,,06
201300010590,13,10,9,1115,1,2,1,1.0,6,06069,M,,,06
201300010591,13,10,9,1250,1,2,1,1.0,3,06069,M,,,06
201300010592,13,10,10,1520,1,2,1,1.0,3,06069,M,,,06
201300010593,13,10,14,2030,5,2,1,1.0,3,06069,M,,,06
201300010594,13,10,21,855,1,2,1,1.0,2,06069,M,,,06
201300010595,13,10,21,1450,1,2,1,1.0,3,06069,M,,,06
201300010596,13,10,22,1337,1,2,1,1.0,7,06069,M,,,06
201300010597,13,10,22,1835,2,2,1,1.0,1,06069,M,,,06
201300010598,13,10,22,1945,5,2,1,1.0,7,06069,M,,,06
201300010599,13,10,23,1930,2,2,1,2.0,3,06069,M,,,06
201300010600,13,10,24,915,1,2,1,1.0,7,06069,M,,,06
201300010601,13,10,27,1820,2,2,1,1.0,7,06069,M,,,06
201300010602,13,10,28,1235,1,2,1,1.0,6,06069,M,,,06
201300010603,13,10,29,1005,1,2,1,2.0,7,06069,M,,,06
201300010604,13,10,30,1935,3,2,1,2.0,1,06069,M,,,06
201300010605,13,11,2,130,5,2,1,1.0,6,06069,M,,,06
201300010606,13,11,3,1645,1,2,4,1.0,3,06069,M,,,06
201300010607,13,11,3,1750,2,2,1,6.0,2,06069,M,,,06
201300010608,13,11,6,1540,1,2,1,7.0,6,06069,M,,,06
201300010609,13,11,6,1830,2,2,1,1.0,4,06069,M,,,06
201300010610,13,11,8,1850,1,2,3,1.0,1,06069,M,,,06
201300010611,13,11,10,1205,1,2,1,1.0,7,06069,M,,,06
201300010612,13,11,15,900,1,2,1,2.0,4,06069,M,,,06
201300010613,13,11,18,1725,5,2,1,2.0,6,06069,M,,,06
201300010614,13,11,19,1545,1,2,6,2.0,3,06069,M,,,06
201300010615,13,11,20,1210,1,2,3,1.0,3,06069,M,,,06
201300010616,13,11,22,1230,1,2,1,8.0,3,06069,M,,,06
201300010617,13,11,25,1110,1,2,1,1.0,2,06069,M,,,06
201300010618,13,11,27,800,1,2,1,1.0,2,06069,M,,,06
201300010619,13,11,27,950,1,2,1,1.0,6,06069,M,,,06
201300010620,13,11,27,1650,1,2,1,1.0,2,06069,M,,,06
201300010621,13,11,28,1107,1,1,1,1.0,5,06069,M,,,06
201300010622,13,11,28,1240,1,2,1,1.0,2,06069,M,,,06
201300010623,13,11,28,1755,5,2,1,1.0,1,06069,M,,,06
201300010624,13,11,29,755,2,2,1,1.0,6,06069,M,,,06
201300010625,13,11,29,2325,5,2,1,1.0,5,06069,M,,,06
201300010626,13,11,30,1055,1,2,1,2.0,7,06069,M,,,06
201300010627,13,11,30,1805,2,2,1,1.0,2,06069,M,,,06
201300010628,13,12,7,1125,1,2,1,1.0,6,06069,M,,,06
201300010629,13,12,7,1300,1,2,1,1.0,3,06069,M,,,06
201300010630,13,12,12,800,1,2,1,1.0,7,06069,M,,,06
201300010631,13,12,12,1440,1,2,1,1.0,6,06069,M,,,06
201300010632,13,12,12,1620,1,2,1,7.0,6,06069,M,,,06
201300010633,13,12,13,1400,1,2,1,1.0,7,06069,M,,,06
201300010634,13,12,15,1410,1,2,1,1.0,3,06069,M,,,06
201300010635,13,12,16,1015,1,2,1,7.0,6,06069,M,,,06
201300010636,13,12,19,950,1,2,1,2.0,5,06069,M,,,06
201300010637,13,12,19,1615,1,2,1,2.0,7,06069,M,,,06
201300010638,13,12,21,1000,1,2,1,2.0,7,06069,M,,,06
201300010639,13,12,22,1330,1,2,1,2.0,5,06069,M,,,06
201300010640,13,12,23,515,5,2,1,1.0,7,06069,M,,,06
201300010641,13,12,28,2110,3,1,1,1.0,6,06069,M,,,06
201300010642,13,12,30,1135,1,2,1,1.0,3,06069,M,,,06
201300010643,13,1,8,1845,5,2,1,1.0,6,06083,M,,,06
201300010644,13,1,9,1850,5,2,3,1.0,3,06083,M,,,06
201300010645,13,12,14,1620,2,2,4,1.0,1,06104,M,,,06
201300010646,13,1,18,700,2,2,1,1.0,3,06104,M,,,06
201300010647,13,1,17,1930,3,2,1,1.0,3,06104,M,,,06
201300010648,13,1,29,1515,1,2,1,1.0,6,06083,M,,,06
201300010649,13,1,31,1520,1,2,3,1.0,2,06012,M,,,06
201300010650,13,2,8,1140,1,2,1,1.0,3,06083,M,,,06
201300010651,13,3,1,1953,5,2,3,1.0,6,06083,M,,,06
201300010652,13,3,21,1705,1,2,1,1.0,6,06104,M,,,06
201300010653,13,3,29,1100,1,1,3,1.0,7,06104,M,,,06
201300010654,13,4,6,2330,5,2,1,1.0,6,06104,M,,,06
201300010655,13,4,14,530,5,2,1,1.0,1,06012,M,,,06
201300010656,13,4,16,1115,1,2,1,1.0,3,06083,M,,,06
201300010657,13,4,28,2220,5,2,3,8.0,3,06083,M,,,06
201300010658,13,4,11,655,2,2,1,1.0,3,06104,M,,,06
201300010659,13,5,10,1045,1,2,1,1.0,6,06104,M,,,06
201300010660,13,5,12,1315,1,2,1,1.0,7,06083,M,,,06
201300010661,13,5,4,1945,2,2,1,1.0,6,06104,M,,,06
201300010662,13,5,5,1825,1,2,3,1.0,3,06083,M,,,06
201300010663,13,5,6,1440,1,2,1,1.0,3,06104,M,,,06
201300010664,13,5,6,1000,1,2,3,1.0,3,06083,M,,,06
201300010665,13,5,9,4,5,2,2,1.0,3,06083,M,,,06
201300010666,13,5,11,1045,1,2,1,1.0,6,06083,M,,,06
201300010667,13,5,20,1845,1,2,1,1.0,6,06083,M,,,06
201300010668,13,5,21,1815,1,2,1,1.0,3,06083,M,,,06
201300010669,13,5,22,445,2,2,1,1.0,6,06104,M,,,06
201300010670,13,5,22,1730,1,2,1,2.0,3,06104,M,,,06
201300010671,13,5,24,1055,1,2,3,1.0,6,06083,M,,,06
201300010672,13,5,31,1340,1,2,1,1.0,6,06104,M,,,06
201300010673,13,6,6,950,1,2,3,1.0,5,06083,M,,,06
201300010674,13,6,13,1140,1,2,1,1.0,3,06104,M,,,06
201300010675,13,6,12,1210,1,2,1,1.0,3,06104,M,,,06
201300010676,13,6,18,2145,5,2,1,1.0,6,06083,M,4378040.0,749416.0,06
201300010677,13,6,20,1030,1,2,1,3.0,1,06012,M,,,06
201300010678,13,6,22,1100,1,1,1,1.0,6,06104,M,,,06
201300010679,13,6,20,2010,1,2,1,1.0,2,06083,M,,,06
201300010680,13,7,4,1544,1,2,6,1.0,6,06083,M,,,06
201300010681,13,7,11,30,5,2,1,1.0,5,06104,M,,,06
201300010682,13,7,20,1,5,1,1,1.0,6,06104,M,,,06
201300010683,13,7,20,1720,1,2,2,1.0,5,06083,M,,,06
201300010684,13,7,28,35,5,2,1,1.0,6,06083,M,,,06
201300010685,13,7,28,400,3,1,1,1.0,1,06104,M,,,06
201300010686,13,8,4,430,5,2,3,1.0,3,06083,M,,,06
201300010687,13,8,10,2310,5,2,3,1.0,3,06083,M,,,06
201300010688,13,8,7,1930,1,2,1,1.0,2,06083,M,,,06
201300010689,13,8,18,955,1,2,1,1.0,3,06104,M,,,06