Num_Acc,an,mois,jour,hrmn,lum,agg,int,atm,col,com,gps,lat,long,dep
201300010690,13,8,23,2116,5,2,3,1.0,3,06083,M,,,06
201300010691,13,8,6,805,1,2,3,1.0,3,06012,M,,,06
201300010692,13,9,9,1630,1,2,3,1.0,6,06083,M,,,06
201300010693,13,9,15,335,5,2,1,1.0,7,06104,M,,,06
201300010694,13,10,1,215,5,2,1,1.0,7,06083,M,,,06
201300010695,13,9,30,1735,1,2,1,1.0,3,06104,M,,,06
201300010696,13,8,26,845,1,2,2,1.0,3,06083,M,,,06
201300010697,13,9,24,1715,5,2,1,1.0,7,06104,M,,,06
201300010698,13,10,22,2345,5,2,1,1.0,1,06083,M,,,06
201300010699,13,10,23,1100,1,2,1,2.0,5,06012,M,,,06
201300010700,13,11,7,1700,2,2,1,1.0,1,06104,M,,,06
201300010701,13,11,13,2034,3,2,1,1.0,7,06083,M,,,06
201300010702,13,11,16,30,5,2,1,1.0,6,06083,M,,,06
201300010703,13,11,16,540,5,2,1,1.0,1,06104,M,,,06
201300010704,13,11,10,1955,5,2,3,1.0,3,06104,M,,,06
201300010705,13,12,12,2050,5,1,3,1.0,1,06012,M,,,06
201300010706,13,12,19,830,1,2,1,2.0,6,06083,M,,,06
201300010707,13,12,17,1000,1,2,3,1.0,6,06083,M,,,06
201300010708,13,12,29,1730,2,2,3,1.0,2,06012,M,,,06
201300010709,13,1,2,1000,1,2,1,1.0,4,06088,M,,,06
201300010710,13,1,2,1840,5,2,1,1.0,2,06088,M,,,06
201300010711,13,1,3,1000,1,2,1,1.0,6,06088,M,,,06
201300010712,13,1,3,1030,1,1,1,1.0,6,06088,M,,,06
201300010713,13,1,3,1420,1,2,1,1.0,3,06088,M,,,06
201300010714,13,1,4,1220,1,2,1,1.0,6,06088,M,,,06
201300010715,13,1,5,2040,5,2,1,1.0,3,06088,M,,,06
201300010716,13,1,5,2135,5,2,1,1.0,6,06088,M,,,06
201300010717,13,1,7,830,1,2,1,1.0,6,06088,M,,,06
201300010718,13,1,7,1125,1,2,1,1.0,3,06088,M,,,06
201300010719,13,1,7,1645,1,2,3,1.0,3,06088,M,,,06
201300010720,13,1,8,1115,1,2,1,1.0,3,06088,M,,,06
201300010721,13,1,8,1815,5,2,1,1.0,6,06088,M,,,06
201300010722,13,1,11,815,1,2,1,1.0,3,06088,M,,,06
201300010723,13,1,11,830,1,2,1,1.0,6,06088,M,,,06
201300010724,13,1,12,1440,1,1,1,1.0,6,06088,M,,,06
201300010725,13,1,13,1815,5,2,1,1.0,3,06088,M,,,06
201300010726,13,1,14,745,2,2,1,1.0,2,06088,M,,,06
201300010727,13,1,14,1400,1,2,2,2.0,3,06088,M,,,06
201300010728,13,1,14,1400,1,2,2,1.0,3,06088,M,,,06
201300010729,13,1,15,1740,5,2,1,1.0,2,06088,M,,,06
201300010730,13,1,16,310,5,2,6,1.0,3,06088,M,,,06
201300010731,13,1,16,1030,1,2,1,1.0,6,06088,M,,,06
201300010732,13,1,16,1540,1,2,1,1.0,1,06088,M,,,06
201300010733,13,1,16,1839,5,2,1,1.0,6,06088,M,,,06
201300010734,13,1,17,645,5,2,1,4.0,2,06088,M,,,06
201300010735,13,1,17,1125,1,2,1,1.0,4,06088,M,,,06
201300010736,13,1,17,1345,1,2,1,1.0,3,06088,M,,,06
201300010737,13,1,18,2010,5,2,1,1.0,6,06088,M,,,06
201300010738,13,1,19,1730,4,2,1,2.0,6,06088,M,,,06
201300010739,13,1,20,1700,2,2,1,3.0,6,06088,M,,,06
201300010740,13,1,20,1750,1,2,1,3.0,6,06088,M,,,06
201300010741,13,1,21,1230,1,2,3,1.0,3,06088,M,,,06
201300010742,13,1,21,1705,4,2,1,1.0,2,06088,M,,,06
201300010743,13,1,22,745,1,1,1,1.0,4,06088,M,,,06
201300010744,13,1,22,1750,5,2,1,1.0,6,06088,M,,,06
201300010745,13,1,23,1000,1,2,2,3.0,3,06088,M,,,06
201300010746,13,1,23,1314,1,2,1,2.0,6,06088,M,,,06
201300010747,13,1,24,930,1,2,1,1.0,6,06088,M,,,06
201300010748,13,1,24,940,1,2,1,1.0,2,06088,M,,,06
201300010749,13,1,24,1435,1,2,1,1.0,3,06088,M,,,06
201300010750,13,1,25,830,1,2,1,1.0,3,06088,M,,,06
201300010751,13,1,25,1330,1,2,1,1.0,6,06088,M,,,06
201300010752,13,1,25,1515,1,2,1,1.0,6,06088,M,,,06
201300010753,13,1,25,2240,5,2,3,1.0,3,06088,M,,,06
201300010754,13,1,26,520,5,2,1,1.0,6,06088,M,,,06
201300010755,13,1,28,1620,1,2,1,1.0,3,06088,M,,,06
201300010756,13,1,29,1350,1,2,1,1.0,6,06088,M,,,06
201300010757,13,1,29,1800,2,2,1,1.0,3,06088,M,,,06
201300010758,13,1,30,835,1,2,1,1.0,3,06088,M,,,06
201300010759,13,1,30,1545,1,2,3,1.0,3,06088,M,,,06
201300010760,13,1,31,1145,1,2,1,1.0,2,06088,M,,,06
201300010761,13,1,31,1520,1,2,1,1.0,4,06088,M,,,06
201300010762,13,1,31,1705,1,2,1,1.0,6,06088,M,,,06
201300010763,13,2,1,1330,1,2,2,1.0,3,06088,M,,,06
201300010764,13,2,1,1500,1,2,2,1.0,6,06088,M,,,06
201300010765,13,2,1,1810,1,2,1,1.0,3,06088,M,,,06
201300010766,13,2,2,1030,1,2,1,1.0,3,06088,M,,,06
201300010767,13,2,3,1625,1,2,2,1.0,3,06088,M,,,06
201300010768,13,2,4,905,1,2,2,1.0,6,06088,M,,,06
201300010769,13,2,4,1000,1,2,6,1.0,3,06088,M,,,06
201300010770,13,2,4,1730,1,2,1,1.0,6,06088,M,,,06
201300010771,13,2,5,755,1,2,1,1.0,6,06088,M,,,06
201300010772,13,2,5,1005,1,2,2,1.0,3,06088,M,,,06
201300010773,13,2,5,1135,1,2,1,1.0,6,06088,M,,,06
201300010774,13,2,5,1630,1,2,1,1.0,4,06088,M,,,06
201300010775,13,2,6,1030,1,2,1,1.0,6,06088,M,,,06
201300010776,13,2,6,1555,1,2,1,1.0,3,06088,M,,,06
201300010777,13,2,7,715,2,2,2,1.0,3,06088,M,,,06
201300010778,13,2,7,1050,1,2,1,1.0,3,06088,M,,,06
201300010779,13,2,7,1111,1,2,1,1.0,3,06088,M,,,06
201300010780,13,2,7,1515,1,2,1,1.0,2,06088,M,,,06
201300010781,13,2,7,1630,1,2,1,1.0,1,06088,M,,,06
201300010782,13,2,7,1820,5,2,1,1.0,6,06088,M,,,06
201300010783,13,2,7,1915,1,2,1,1.0,6,06088,M,,,06
201300010784,13,2,8,1700,2,2,1,1.0,3,06088,M,,,06
201300010785,13,2,11,1415,1,2,1,2.0,6,06088,M,,,06
201300010786,13,2,11,1810,1,2,1,1.0,6,06088,M,,,06
201300010787,13,2,12,715,1,2,1,1.0,2,06088,M,,,06
201300010788,13,2,12,1550,1,2,1,1.0,6,06088,M,,,06
201300010789,13,2,12,1755,2,2,1,1.0,6,06088,M,,,06
201300010790,13,2,12,2352,5,2,2,1.0,3,06088,M,,,06
201300010791,13,2,13,1010,1,2,1,1.0,6,06088,M,,,06
201300010792,13,2,13,1546,1,2,1,1.0,6,06088,M,4373455.0,729681.0,06
201300010793,13,2,13,1700,1,2,1,1.0,6,06088,M,,,06
201300010794,13,2,14,1235,1,2,1,1.0,6,06088,M,,,06
201300010795,13,2,14,1315,1,2,1,1.0,6,06088,M,,,06
201300010796,13,2,14,1745,2,2,1,1.0,4,06088,M,,,06
201300010797,13,2,14,2045,5,2,1,1.0,6,06088,M,,,06
201300010798,13,2,15,700,5,2,1,1.0,2,06088,M,,,06
201300010799,13,2,15,1350,1,2,1,1.0,2,06088,M,,,06
201300010800,13,2,16,1845,5,2,1,1.0,6,06088,M,,,06
201300010801,13,2,16,2335,5,2,1,2.0,6,06088,M,,,06
201300010802,13,2,17,1220,1,2,1,1.0,4,06088,M,,,06
201300010803,13,2,17,1810,4,2,1,2.0,6,06088,M,,,06
201300010804,13,2,18,830,1,2,1,1.0,6,06088,M,,,06
201300010805,13,2,19,845,1,2,3,1.0,6,06088,M,,,06
201300010806,13,2,19,1205,1,2,1,1.0,6,06088,M,,,06
201300010807,13,2,20,1600,1,2,3,1.0,3,06088,M,,,06
201300010808,13,2,20,1810,2,2,1,1.0,3,06088,M,,,06
201300010809,13,2,20,1900,5,2,2,1.0,3,06088,M,,,06
201300010810,13,2,21,750,1,2,1,1.0,3,06088,M,,,06
201300010811,13,2,21,1015,1,2,1,1.0,2,06088,M,,,06
201300010812,13,2,22,830,1,2,1,1.0,6,06088,M,,,06
201300010813,13,2,22,1910,5,2,1,2.0,3,06088,M,,,06
201300010814,13,2,23,715,2,2,1,1.0,6,06088,M,,,06
201300010815,13,2,25,1605,1,2,1,1.0,6,06088,M,,,06
201300010816,13,2,24,2040,5,2,2,3.0,3,06088,M,,,06
201300010817,13,2,25,145,5,2,1,2.0,6,06088,M,,,06
201300010818,13,2,25,1430,1,2,1,1.0,6,06088,M,,,06
201300010819,13,2,25,1705,1,2,1,1.0,6,06088,M,,,06
201300010820,13,2,26,1615,1,2,1,1.0,6,06088,M,,,06
201300010821,13,2,26,2244,5,2,2,1.0,3,06088,M,,,06
201300010822,13,2,28,755,1,2,2,1.0,3,06088,M,,,06
201300010823,13,3,2,1050,1,2,1,1.0,6,06088,M,,,06
201300010824,13,3,2,1140,1,2,1,1.0,1,06088,M,,,06
201300010825,13,3,2,1345,1,2,1,1.0,3,06088,M,,,06
201300010826,13,3,4,1445,1,2,2,1.0,6,06088,M,,,06
201300010827,13,3,4,1630,1,2,1,1.0,3,06088,M,,,06
201300010828,13,3,5,805,1,2,1,1.0,3,06088,M,,,06
201300010829,13,3,5,830,1,2,1,1.0,6,06088,M,,,06
201300010830,13,3,5,855,1,1,1,1.0,3,06088,M,,,06
201300010831,13,3,6,715,1,2,6,1.0,3,06088,M,,,06
201300010832,13,3,6,745,1,2,1,2.0,4,06088,M,,,06
201300010833,13,3,6,1135,1,2,1,3.0,2,06088,M,,,06
201300010834,13,3,6,1705,1,2,1,2.0,2,06088,M,,,06
201300010835,13,3,7,826,1,2,1,3.0,3,06088,M,,,06
201300010836,13,3,7,830,1,2,1,3.0,6,06088,M,,,06
201300010837,13,3,7,940,3,2,1,1.0,4,06088,M,,,06
201300010838,13,3,7,1840,2,2,1,1.0,3,06088,M,,,06
201300010839,13,3,8,236,5,2,1,2.0,6,06088,M,,,06
201300010840,13,3,9,1600,1,2,1,1.0,6,06088,M,,,06
201300010841,13,3,9,2345,5,2,1,1.0,1,06088,M,,,06
201300010842,13,3,10,135,5,2,2,1.0,3,06088,M,,,06
201300010843,13,3,10,1720,1,2,3,1.0,3,06088,M,,,06
201300010844,13,3,11,750,1,2,1,1.0,3,06088,M,,,06
201300010845,13,3,11,1720,1,2,1,1.0,2,06088,M,,,06
201300010846,13,3,12,955,1,2,1,1.0,2,06088,M,,,06
201300010847,13,3,12,1835,1,2,2,1.0,3,06088,M,,,06
201300010848,13,3,13,815,1,2,1,1.0,6,06088,M,,,06
201300010849,13,3,13,1200,1,2,1,1.0,3,06088,M,,,06
201300010850,13,3,15,945,1,2,1,1.0,6,06088,M,,,06
201300010851,13,3,15,1500,1,2,1,1.0,2,06088,M,,,06
201300010852,13,3,15,1610,1,2,1,1.0,2,06088,M,,,06
201300010853,13,3,16,1415,1,2,1,9.0,6,06088,M,,,06
201300010854,13,3,16,1430,1,2,1,1.0,3,06088,M,,,06
201300010855,13,3,18,925,1,2,1,3.0,6,06088,M,,,06
201300010856,13,3,18,1515,1,2,1,1.0,6,06088,M,,,06
201300010857,13,3,18,1620,1,2,1,1.0,3,06088,M,,,06
201300010858,13,3,18,1740,1,2,1,2.0,1,06088,M,,,06
201300010859,13,3,18,1812,1,2,1,1.0,3,06088,M,,,06
201300010860,13,3,19,1450,1,2,1,1.0,3,06088,M,,,06
201300010861,13,3,19,1545,1,2,1,1.0,2,06088,M,,,06
201300010862,13,3,19,1535,1,2,1,1.0,4,06088,M,,,06
201300010863,13,3,20,1320,1,2,1,1.0,3,06088,M,,,06
201300010864,13,3,20,1815,1,2,2,1.0,3,06088,M,,,06
201300010865,13,3,21,800,1,2,1,1.0,3,06088,M,,,06
201300010866,13,3,21,1040,1,2,1,1.0,3,06088,M,,,06
201300010867,13,3,21,1110,1,2,1,1.0,3,06088,M,,,06
201300010868,13,3,22,1320,1,2,1,1.0,2,06088,M,,,06
201300010869,13,3,24,1625,1,2,2,3.0,4,06088,M,,,06
201300010870,13,3,24,1800,1,2,1,2.0,3,06088,M,,,06
201300010871,13,3,24,1900,5,2,1,3.0,6,06088,M,,,06
201300010872,13,3,25,2200,5,2,2,1.0,1,06088,M,,,06
201300010873,13,3,26,750,1,2,1,9.0,6,06088,M,,,06
201300010874,13,3,26,1430,1,2,1,1.0,3,06088,M,,,06
201300010875,13,3,28,900,1,2,1,1.0,4,06088,M,,,06
201300010876,13,3,27,1130,1,2,1,1.0,3,06088,M,,,06
201300010877,13,3,27,2000,5,2,1,1.0,3,06088,M,,,06
201300010878,13,3,28,1310,1,2,2,2.0,3,06088,M,,,06
201300010879,13,3,28,1720,1,2,1,3.0,3,06088,M,,,06
201300010880,13,3,28,1730,1,2,1,3.0,3,06159,M,,,06
201300010881,13,3,28,2040,5,2,1,2.0,2,06088,M,,,06
201300010882,13,3,29,740,1,2,2,1.0,3,06088,M,,,06
201300010883,13,3,29,755,1,2,1,1.0,6,06088,M,,,06
201300010884,13,3,29,945,1,2,1,1.0,2,06088,M,,,06
201300010885,13,3,30,500,5,2,1,3.0,6,06088,M,,,06
201300010886,13,4,2,1655,1,2,1,1.0,3,06088,M,,,06
201300010887,13,4,2,1810,1,2,1,1.0,3,06088,M,,,06
201300010888,13,4,2,2300,5,2,1,1.0,3,06088,M,,,06
201300010889,13,4,3,1245,1,2,2,1.0,3,06088,M,,,06
201300010890,13,4,3,1800,1,2,7,1.0,6,06088,M,,,06
201300010891,13,4,3,1835,1,2,1,1.0,6,06088,M,,,06
201300010892,13,4,4,1100,1,2,1,1.0,6,06088,M,,,06
201300010893,13,4,4,1545,1,2,1,2.0,6,06088,M,,,06
201300010894,13,4,4,1840,1,2,2,2.0,3,06088,M,,,06
201300010895,13,4,5,1635,1,2,1,1.0,6,06088,M,,,06
201300010896,13,4,5,1754,1,2,1,1.0,3,06088,M,,,06
201300010897,13,4,8,925,1,2,2,1.0,3,06088,M,,,06
201300010898,13,4,8,1525,1,2,1,1.0,2,06088,M,,,06
201300010899,13,4,8,1610,1,1,1,2.0,1,06159,M,,,06
201300010900,13,4,10,955,1,2,1,1.0,3,06088,M,,,06
201300010901,13,4,10,1050,1,2,1,1.0,1,06088,M,,,06
201300010902,13,4,10,1200,1,2,1,1.0,4,06088,M,,,06
201300010903,13,4,10,2110,5,2,3,1.0,1,06088,M,,,06
201300010904,13,4,11,745,1,2,1,1.0,3,06088,M,,,06
201300010905,13,4,11,1030,1,2,1,1.0,3,06088,M,,,06
201300010906,13,4,12,750,1,2,1,1.0,5,06088,M,,,06
201300010907,13,4,12,830,1,2,1,1.0,3,06088,M,,,06
201300010908,13,4,12,1003,1,2,1,1.0,6,06088,M,,,06
201300010909,13,4,12,1045,1,2,2,1.0,3,06088,M,,,06
201300010910,13,4,12,1200,1,2,2,1.0,3,06088,M,,,06
201300010911,13,4,13,1415,1,2,1,1.0,2,06088,M,,,06
201300010912,13,4,13,1700,1,2,2,1.0,3,06088,M,,,06
201300010913,13,4,13,2330,5,2,1,1.0,6,06088,M,,,06
201300010914,13,4,14,1700,1,2,2,1.0,3,06088,M,,,06
201300010915,13,4,14,2115,2,1,2,1.0,3,06088,M,,,06
201300010916,13,4,15,945,1,2,1,1.0,4,06088,M,,,06
201300010917,13,4,15,1400,1,2,1,1.0,2,06088,M,,,06
201300010918,13,4,15,1435,1,2,1,1.0,3,06088,M,,,06
201300010919,13,4,15,1758,1,2,1,1.0,6,06088,M,,,06
201300010920,13,4,16,1830,1,2,1,1.0,3,06088,M,,,06
201300010921,13,4,17,1030,1,2,1,1.0,2,06088,M,,,06
201300010922,13,4,17,1610,1,2,2,1.0,3,06088,M,,,06
201300010923,13,4,17,1825,1,2,1,1.0,6,06088,M,,,06
201300010924,13,4,18,1820,1,2,1,1.0,6,06088,M,,,06
201300010925,13,4,18,1920,5,2,1,1.0,3,06088,M,,,06
201300010926,13,4,19,900,1,2,1,1.0,3,06159,M,,,06
201300010927,13,4,20,1215,1,2,2,1.0,3,06088,M,,,06
201300010928,13,4,21,1845,1,2,3,3.0,3,06088,M,,,06
201300010929,13,4,23,835,1,2,1,1.0,3,06088,M,,,06
201300010930,13,4,23,1800,1,2,1,1.0,1,06088,M,,,06
201300010931,13,4,24,840,1,2,1,1.0,6,06088,M,,,06
201300010932,13,4,24,1145,1,2,1,1.0,3,06159,M,,,06
201300010933,13,4,25,1050,1,2,1,1.0,6,06088,M,,,06
201300010934,13,4,25,1230,1,2,2,1.0,3,06088,M,,,06
201300010935,13,4,25,1610,1,2,1,1.0,3,06088,M,,,06
201300010936,13,4,25,1730,1,2,2,1.0,3,06088,M,,,06
201300010937,13,4,27,30,5,2,1,1.0,3,06088,M,,,06
201300010938,13,4,27,800,1,2,1,2.0,1,06088,M,,,06
201300010939,13,4,28,1315,1,2,2,2.0,3,06088,M,,,06
201300010940,13,4,28,1545,1,2,1,2.0,3,06088,M,,,06
201300010941,13,4,29,815,1,2,1,3.0,6,06088,M,,,06
201300010942,13,4,29,1350,1,2,1,1.0,3,06088,M,,,06
201300010943,13,4,29,1450,1,2,1,1.0,2,06088,M,,,06
201300010944,13,4,30,1330,1,2,2,1.0,3,06088,M,,,06
201300010945,13,4,30,1905,1,2,2,1.0,6,06088,M,,,06
201300010946,13,5,2,750,1,2,1,1.0,5,06088,M,,,06
201300010947,13,5,2,715,1,2,1,1.0,6,06088,M,,,06
201300010948,13,5,2,1500,1,2,1,1.0,6,06088,M,,,06
201300010949,13,5,2,1650,1,2,1,1.0,3,06088,M,,,06
201300010950,13,5,2,1700,1,2,1,1.0,6,06088,M,,,06
201300010951,13,5,2,2340,5,2,1,1.0,4,06088,M,,,06
201300010952,13,5,3,715,1,2,1,1.0,2,06088,M,,,06
201300010953,13,5,3,940,1,2,2,1.0,3,06088,M,,,06
201300010954,13,5,3,1535,1,2,1,1.0,2,06088,M,,,06
201300010955,13,5,4,1245,1,2,1,1.0,2,06088,M,,,06
201300010956,13,5,4,1540,1,2,1,1.0,3,06088,M,,,06
201300010957,13,5,6,1045,1,2,1,1.0,3,06088,M,,,06
201300010958,13,5,6,2230,5,2,2,1.0,3,06088,M,,,06
201300010959,13,5,7,1230,1,2,1,1.0,3,06088,M,,,06
201300010960,13,5,7,2205,5,2,2,1.0,5,06088,M,,,06
201300010961,13,5,10,1730,3,2,1,1.0,2,06088,M,,,06
201300010962,13,5,10,1930,1,2,1,1.0,6,06088,M,,,06
201300010963,13,5,11,515,5,2,1,1.0,6,06088,M,,,06
201300010964,13,5,13,1150,1,2,2,1.0,6,06088,M,,,06
201300010965,13,5,13,1710,1,2,1,1.0,5,06088,M,,,06
201300010966,13,5,13,1920,1,2,1,1.0,3,06088,M,,,06
201300010967,13,5,14,715,1,2,1,1.0,3,06088,M,,,06
201300010968,13,5,14,1710,1,2,1,1.0,5,06088,M,,,06
201300010969,13,5,15,1800,1,2,1,2.0,3,06088,M,,,06
201300010970,13,5,16,640,1,2,3,3.0,3,06088,M,,,06
201300010971,13,5,16,810,1,2,1,1.0,3,06088,M,,,06
201300010972,13,5,16,955,1,2,2,3.0,3,06088,M,,,06
201300010973,13,5,17,800,1,2,1,1.0,3,06088,M,,,06
201300010974,13,5,17,1735,1,2,1,1.0,6,06088,M,,,06
201300010975,13,5,20,1415,1,2,1,1.0,4,06088,M,,,06
201300010976,13,5,20,1850,1,2,1,1.0,3,06088,M,,,06
201300010977,13,5,21,930,1,2,1,1.0,5,06088,M,,,06
201300010978,13,5,21,1030,1,2,1,1.0,2,06088,M,,,06
201300010979,13,5,21,1845,1,2,1,1.0,6,06088,M,,,06
201300010980,13,5,22,815,1,2,1,1.0,6,06088,M,,,06
201300010981,13,5,22,1700,1,2,1,1.0,6,06088,M,,,06
201300010982,13,5,23,905,1,2,1,1.0,2,06088,M,,,06
201300010983,13,5,23,1430,1,2,1,1.0,2,06088,M,,,06
201300010984,13,5,23,1505,1,2,1,1.0,1,06088,M,,,06
201300010985,13,5,24,815,1,2,1,1.0,3,06088,M,,,06
201300010986,13,5,24,1715,1,2,2,1.0,3,06088,M,,,06
201300010987,13,5,25,1400,1,2,1,1.0,5,06088,M,,,06
201300010988,13,5,25,1645,1,2,1,1.0,6,06088,M,,,06
201300010989,13,5,26,1340,1,2,1,1.0,1,06088,M,,,06
201300010990,13,5,27,1700,1,2,1,1.0,2,06088,M,,,06
201300010991,13,5,28,920,1,2,1,1.0,2,06088,M,,,06
201300010992,13,5,28,1045,1,2,1,1.0,3,06088,M,,,06
201300010993,13,5,28,1345,1,2,2,1.0,3,06088,M,,,06
201300010994,13,5,28,1945,1,2,1,1.0,1,06088,M,,,06
201300010995,13,5,30,1330,1,2,1,1.0,6,06088,M,,,06
201300010996,13,5,31,730,1,2,1,1.0,2,06088,M,,,06
201300010997,13,5,31,1030,1,2,1,1.0,6,06088,M,,,06
201300010998,13,5,31,1420,1,2,1,1.0,2,06088,M,,,06
201300010999,13,5,31,1545,1,2,1,1.0,3,06088,M,,,06
201300011000,13,5,31,1650,1,2,2,1.0,3,06088,M,,,06
201300011001,13,5,31,2005,1,2,1,1.0,6,06088,M,,,06
201300011002,13,5,31,2353,5,2,1,1.0,6,06088,M,,,06
201300011003,13,6,1,930,1,2,1,1.0,2,06088,M,,,06
201300011004,13,6,2,35,5,2,2,1.0,3,06088,M,,,06
201300011005,13,6,2,1605,1,2,1,1.0,3,06088,M,,,06
201300011006,13,6,3,1,5,2,1,1.0,6,06088,M,,,06
201300011007,13,6,3,755,1,2,1,1.0,6,06088,M,,,06
201300011008,13,6,3,915,1,2,1,1.0,6,06088,M,,,06
201300011009,13,6,3,1030,1,2,1,1.0,7,06088,M,,,06
201300011010,13,6,4,1425,1,2,1,1.0,6,06088,M,,,06
201300011011,13,6,6,815,1,2,1,1.0,3,06088,M,,,06
201300011012,13,6,6,1600,1,2,1,1.0,2,06088,M,,,06
201300011013,13,6,6,1715,1,2,1,1.0,4,06088,M,,,06
201300011014,13,6,6,2000,2,2,1,1.0,1,06088,M,,,06
201300011015,13,6,7,2030,1,2,1,1.0,4,06088,M,,,06
201300011016,13,6,7,2040,1,2,4,1.0,3,06088,M,,,06
201300011017,13,6,7,2215,5,2,3,1.0,3,06088,M,,,06
201300011018,13,6,8,2224,5,2,1,1.0,3,06088,M,,,06
201300011019,13,6,9,1100,1,2,1,1.0,6,06088,M,,,06
201300011020,13,6,9,2348,5,2,1,1.0,6,06088,M,,,06
201300011021,13,6,9,58,5,2,1,1.0,1,06088,M,,,06
201300011022,13,6,10,1500,1,2,1,1.0,2,06088,M,,,06
201300011023,13,6,11,800,1,2,1,1.0,3,06088,M,,,06
201300011024,13,6,11,1845,1,2,1,1.0,6,06088,M,,,06
201300011025,13,6,12,810,1,2,1,1.0,4,06088,M,,,06
201300011026,13,6,13,1250,1,2,1,1.0,6,06088,M,,,06
201300011027,13,6,13,1415,1,2,2,1.0,3,06088,M,,,06
201300011028,13,6,13,1600,1,2,2,1.0,3,06088,M,,,06
201300011029,13,6,14,800,1,2,3,1.0,3,06088,M,,,06
201300011030,13,6,14,810,1,2,1,1.0,6,06088,M,,,06
201300011031,13,6,14,1430,1,2,1,1.0,2,06088,M,,,06
201300011032,13,6,14,2255,5,2,1,1.0,3,06088,M,,,06
201300011033,13,6,16,815,1,2,1,1.0,2,06088,M,,,06
201300011034,13,6,17,810,1,2,1,1.0,2,06088,M,,,06
201300011035,13,6,17,1245,1,2,1,1.0,4,06088,M,,,06
201300011036,13,6,17,1455,1,2,1,1.0,6,06088,M,,,06
201300011037,13,6,18,825,1,2,1,1.0,3,06088,M,,,06
201300011038,13,6,18,840,1,2,1,1.0,3,06088,M,,,06
201300011039,13,6,19,1130,1,2,1,1.0,6,06088,M,,,06
201300011040,13,6,19,1235,1,2,1,1.0,6,06088,M,,,06
201300011041,13,6,19,1600,1,2,1,1.0,3,06088,M,,,06
201300011042,13,6,19,1805,1,2,1,1.0,3,06088,M,,,06
201300011043,13,6,20,25,5,2,3,1.0,3,06088,M,,,06
201300011044,13,6,20,1900,1,2,6,1.0,3,06088,M,,,06
201300011045,13,6,21,1305,1,2,1,1.0,6,06088,M,,,06
201300011046,13,6,21,1730,1,2,1,1.0,6,06088,M,,,06
201300011047,13,6,22,230,5,2,1,1.0,6,06088,M,,,06
201300011048,13,6,22,940,1,2,1,1.0,6,06088,M,,,06
201300011049,13,6,22,1815,1,2,1,1.0,6,06088,M,,,06
201300011050,13,6,23,1310,1,2,1,1.0,6,06088,M,,,06
201300011051,13,6,23,1705,1,2,2,1.0,3,06088,M,,,06
201300011052,13,6,23,1800,1,2,2,1.0,7,06088,M,4370762.0,726791.0,06
201300011053,13,6,23,1920,1,2,1,1.0,2,06088,M,,,06
201300011054,13,6,24,900,1,2,1,1.0,2,06088,M,,,06
201300011055,13,6,24,1115,1,2,2,1.0,7,06088,M,,,06
201300011056,13,6,24,1420,1,2,3,1.0,3,06088,M,4366733.0,720812.0,06
201300011057,13,6,24,1820,1,2,1,1.0,3,06088,M,,,06
201300011058,13,6,25,950,1,2,1,1.0,2,06088,M,,,06
201300011059,13,6,25,1600,1,2,1,1.0,4,06088,M,,,06
201300011060,13,6,26,1200,1,2,1,1.0,6,06088,M,,,06
201300011061,13,6,26,1840,1,2,1,1.0,6,06088,M,,,06
201300011062,13,6,27,1125,1,2,1,1.0,3,06088,M,,,06
201300011063,13,6,27,1150,1,2,1,1.0,3,06088,M,,,06
201300011064,13,6,27,1430,1,2,2,1.0,6,06088,M,,,06
201300011065,13,6,27,1555,1,2,1,1.0,6,06088,M,,,06
201300011066,13,6,27,1750,1,2,1,1.0,6,06088,M,,,06
201300011067,13,6,28,830,1,2,1,1.0,6,06088,M,,,06
201300011068,13,6,28,840,1,2,1,1.0,2,06088,M,,,06
201300011069,13,6,28,1625,1,2,1,1.0,6,06088,M,,,06
201300011070,13,6,29,1020,1,2,1,1.0,2,06088,M,,,06
201300011071,13,6,29,1230,1,2,1,1.0,6,06088,M,,,06
201300011072,13,7,1,1621,1,2,1,1.0,6,06088,M,,,06
201300011073,13,7,1,1649,1,2,1,1.0,6,06088,M,,,06
201300011074,13,7,2,830,1,2,1,1.0,6,06088,M,,,06
201300011075,13,7,2,1920,1,2,1,1.0,1,06088,M,,,06
201300011076,13,7,2,2018,2,2,1,1.0,3,06088,M,,,06
201300011077,13,7,3,815,1,2,1,1.0,3,06088,M,,,06
201300011078,13,7,4,1045,1,2,1,1.0,6,06088,M,,,06
201300011079,13,7,4,1220,1,2,1,1.0,5,06088,M,,,06
201300011080,13,7,4,1435,1,2,1,1.0,6,06088,M,,,06
201300011081,13,7,4,1540,1,2,1,1.0,6,06088,M,,,06
201300011082,13,7,4,2023,1,2,1,1.0,3,06088,M,,,06
201300011083,13,7,5,920,1,2,1,1.0,4,06088,M,,,06
201300011084,13,7,5,1245,1,2,1,1.0,3,06088,M,,,06
201300011085,13,7,5,1540,1,2,1,1.0,6,06088,M,,,06
201300011086,13,7,5,1730,1,2,1,1.0,6,06088,M,,,06
201300011087,13,7,5,2230,5,2,1,1.0,1,06088,M,,,06
201300011088,13,7,6,215,5,2,1,1.0,7,06088,M,,,06
201300011089,13,7,6,1545,1,2,1,1.0,6,06088,M,,,06
201300011090,13,7,6,1800,1,2,1,1.0,2,06088,M,,,06
201300011091,13,7,7,1945,1,2,1,1.0,6,06088,M,,,06
201300011092,13,7,8,345,5,2,1,1.0,4,06088,M,,,06
201300011093,13,7,10,1015,1,2,1,1.0,6,06088,M,,,06
201300011094,13,7,10,1345,1,2,2,1.0,3,06088,M,,,06
201300011095,13,7,10,1555,1,2,1,1.0,2,06088,M,,,06
201300011096,13,7,11,900,1,2,1,1.0,6,06088,M,,,06