Num_Acc,an,mois,jour,hrmn,lum,agg,int,atm,col,com,gps,lat,long,dep
201300011097,13,7,11,915,1,2,1,1.0,6,06088,M,,,06
201300011098,13,7,11,1310,1,2,1,1.0,2,06088,M,,,06
201300011099,13,7,11,1400,1,2,1,1.0,3,06088,M,,,06
201300011100,13,7,11,1630,1,2,1,1.0,2,06088,M,,,06
201300011101,13,7,11,1825,1,2,1,1.0,6,06088,M,,,06
201300011102,13,7,12,1030,1,2,1,1.0,6,06088,M,,,06
201300011103,13,7,13,100,5,2,1,1.0,6,06088,M,,,06
201300011104,13,7,13,2024,1,2,2,1.0,3,06088,M,,,06
201300011105,13,7,14,1530,1,2,1,1.0,3,06159,M,,,06
201300011106,13,7,15,815,1,2,1,1.0,3,06088,M,,,06
201300011107,13,7,15,950,1,2,1,1.0,6,06088,M,,,06
201300011108,13,7,15,1950,1,2,1,1.0,6,06088,M,,,06
201300011109,13,7,15,2310,1,2,1,1.0,6,06088,M,,,06
201300011110,13,7,16,1100,1,2,3,1.0,6,06088,M,,,06
201300011111,13,7,16,1250,1,2,1,1.0,5,06088,M,,,06
201300011112,13,7,16,1720,1,2,1,1.0,5,06088,M,,,06
201300011113,13,7,16,1725,1,2,1,1.0,1,06088,M,,,06
201300011114,13,7,17,820,1,2,1,1.0,3,06088,M,,,06
201300011115,13,7,17,830,1,2,2,1.0,6,06088,M,,,06
201300011116,13,7,17,958,1,2,1,1.0,6,06088,M,,,06
201300011117,13,7,17,1510,1,2,2,1.0,6,06088,M,,,06
201300011118,13,7,17,1720,1,2,1,1.0,6,06088,M,,,06
201300011119,13,7,17,1940,1,2,1,1.0,2,06088,M,,,06
201300011120,13,7,18,820,1,2,1,1.0,6,06088,M,,,06
201300011121,13,7,18,2130,2,2,1,1.0,2,06088,M,,,06
201300011122,13,7,19,1030,1,2,1,1.0,2,06088,M,,,06
201300011123,13,7,19,1755,1,2,1,1.0,6,06088,M,,,06
201300011124,13,7,20,1010,1,2,1,1.0,6,06088,M,,,06
201300011125,13,7,20,1245,1,2,1,1.0,2,06088,M,,,06
201300011126,13,7,20,1850,1,2,2,1.0,3,06088,M,,,06
201300011127,13,7,22,1045,1,2,1,1.0,2,06088,M,,,06
201300011128,13,7,22,1225,1,2,1,1.0,6,06088,M,,,06
201300011129,13,7,22,1610,1,2,1,1.0,3,06088,M,,,06
201300011130,13,7,23,220,5,2,3,1.0,3,06088,M,,,06
201300011131,13,7,23,1530,1,2,1,1.0,2,06088,M,,,06
201300011132,13,7,24,720,1,2,2,1.0,3,06088,M,,,06
201300011133,13,7,24,2055,2,2,1,1.0,6,06088,M,,,06
201300011134,13,7,24,2215,5,2,1,1.0,6,06088,M,,,06
201300011135,13,7,25,950,1,2,1,1.0,2,06088,M,,,06
201300011136,13,7,25,1510,1,2,1,1.0,6,06088,M,,,06
201300011137,13,7,25,2345,5,2,1,1.0,3,06088,M,,,06
201300011138,13,7,26,845,1,2,1,1.0,2,06088,M,,,06
201300011139,13,7,26,1330,1,2,1,1.0,6,06088,M,,,06
201300011140,13,7,26,1935,1,2,2,1.0,1,06088,M,,,06
201300011141,13,7,27,1550,1,2,2,1.0,3,06088,M,,,06
201300011142,13,7,27,1700,1,2,1,1.0,3,06088,M,,,06
201300011143,13,7,27,1920,1,2,2,1.0,3,06088,M,,,06
201300011144,13,7,29,1600,1,2,1,1.0,6,06088,M,,,06
201300011145,13,7,30,1615,1,2,1,1.0,6,06088,M,,,06
201300011146,13,7,30,1930,1,2,1,1.0,3,06088,M,,,06
201300011147,13,7,31,225,5,2,1,1.0,6,06088,M,,,06
201300011148,13,7,31,945,1,2,1,1.0,3,06088,M,,,06
201300011149,13,7,31,2140,1,2,1,1.0,6,06088,M,,,06
201300011150,13,8,1,945,1,2,1,1.0,6,06088,M,,,06
201300011151,13,8,1,1645,1,2,2,1.0,3,06088,M,,,06
201300011152,13,8,2,950,1,2,1,1.0,2,06159,M,,,06
201300011153,13,8,2,1215,1,2,1,1.0,6,06088,M,,,06
201300011154,13,8,2,1250,1,2,1,1.0,3,06088,M,,,06
201300011155,13,8,3,15,5,2,1,1.0,6,06088,M,,,06
201300011156,13,8,3,1520,1,2,1,1.0,6,06088,M,,,06
201300011157,13,8,3,1830,1,2,1,1.0,3,06088,M,,,06
201300011158,13,8,4,1550,1,2,2,1.0,6,06088,M,,,06
201300011159,13,8,5,1150,1,2,2,1.0,3,06088,M,,,06
201300011160,13,8,5,1515,1,2,1,1.0,2,06088,M,,,06
201300011161,13,8,5,2010,1,2,1,1.0,6,06088,M,,,06
201300011162,13,8,6,820,1,2,1,1.0,6,06088,M,,,06
201300011163,13,8,7,1600,1,2,1,1.0,3,06088,M,,,06
201300011164,13,8,7,2225,5,2,1,1.0,2,06088,M,,,06
201300011165,13,8,8,1000,1,2,1,1.0,2,06088,M,,,06
201300011166,13,8,8,1831,1,2,2,1.0,3,06088,M,,,06
201300011167,13,8,10,1045,1,2,6,1.0,3,06088,M,,,06
201300011168,13,8,13,31,5,2,1,1.0,6,06088,M,,,06
201300011169,13,8,16,930,1,2,1,1.0,6,06088,M,,,06
201300011170,13,8,16,1850,1,2,1,1.0,6,06088,M,,,06
201300011171,13,8,17,1045,1,2,1,1.0,3,06088,M,,,06
201300011172,13,8,17,1135,1,2,1,1.0,1,06088,M,,,06
201300011173,13,8,17,1830,1,2,1,1.0,2,06088,M,,,06
201300011174,13,8,19,640,2,2,1,1.0,3,06088,M,,,06
201300011175,13,8,19,1430,1,2,1,1.0,6,06088,M,,,06
201300011176,13,8,19,1810,1,2,1,1.0,6,06088,M,,,06
201300011177,13,8,19,1900,1,2,1,1.0,3,06088,M,,,06
201300011178,13,8,23,1730,1,2,1,1.0,2,06088,M,,,06
201300011179,13,8,25,1515,1,2,1,1.0,3,06088,M,,,06
201300011180,13,8,26,1230,1,2,1,1.0,2,06088,M,,,06
201300011181,13,8,26,2100,1,2,1,1.0,6,06088,M,,,06
201300011182,13,8,27,615,1,2,2,1.0,3,06088,M,,,06
201300011183,13,8,27,1050,1,2,1,1.0,3,06088,M,,,06
201300011184,13,8,27,2020,1,2,1,1.0,3,06088,M,,,06
201300011185,13,8,28,850,1,2,1,1.0,3,06088,M,,,06
201300011186,13,8,28,1750,1,2,1,1.0,3,06088,M,,,06
201300011187,13,8,29,2110,5,2,2,1.0,6,06088,M,,,06
201300011188,13,8,30,1430,1,2,1,1.0,3,06088,M,,,06
201300011189,13,8,31,410,5,2,1,1.0,6,06088,M,,,06
201300011190,13,8,31,1730,1,2,1,1.0,6,06088,M,,,06
201300011191,13,8,31,1920,1,2,1,1.0,6,06088,M,,,06
201300011192,13,9,1,500,5,2,1,1.0,2,06088,M,,,06
201300011193,13,9,2,215,4,2,1,1.0,6,06088,M,,,06
201300011194,13,9,4,200,5,2,1,1.0,6,06088,M,,,06
201300011195,13,9,4,600,5,2,2,1.0,6,06088,M,,,06
201300011196,13,9,4,830,1,2,1,1.0,3,06088,M,,,06
201300011197,13,9,4,1045,1,2,1,1.0,6,06088,M,,,06
201300011198,13,9,4,1245,1,2,1,1.0,5,06088,M,,,06
201300011199,13,9,5,1230,1,2,1,1.0,3,06088,M,,,06
201300011200,13,9,5,1310,1,2,1,1.0,2,06088,M,,,06
201300011201,13,9,5,1730,1,2,1,1.0,6,06088,M,,,06
201300011202,13,9,5,1800,1,2,1,1.0,6,06088,M,,,06
201300011203,13,9,6,750,1,2,1,1.0,2,06088,M,,,06
201300011204,13,9,6,1010,1,2,1,1.0,6,06088,M,,,06
201300011205,13,9,6,1300,1,2,3,1.0,6,06088,M,,,06
201300011206,13,9,6,1330,1,2,1,1.0,3,06088,M,,,06
201300011207,13,9,7,1000,1,2,2,1.0,6,06088,M,,,06
201300011208,13,9,7,1120,1,2,1,1.0,2,06088,M,,,06
201300011209,13,9,7,1220,1,2,1,1.0,6,06159,M,,,06
201300011210,13,9,9,1300,1,2,1,1.0,3,06088,M,,,06
201300011211,13,9,9,2250,5,2,1,1.0,3,06088,M,,,06
201300011212,13,9,13,1405,1,2,1,1.0,1,06088,M,,,06
201300011213,13,9,13,2100,5,2,1,1.0,6,06088,M,,,06
201300011214,13,9,14,515,5,2,1,1.0,6,06088,M,,,06
201300011215,13,9,14,845,1,2,1,1.0,2,06088,M,,,06
201300011216,13,9,14,1545,1,2,1,1.0,6,06088,M,,,06
201300011217,13,9,14,1610,1,2,1,1.0,6,06088,M,,,06
201300011218,13,9,15,40,5,2,1,1.0,6,06088,M,,,06
201300011219,13,9,15,1120,1,2,3,1.0,3,06088,M,,,06
201300011220,13,9,15,1725,1,2,1,1.0,6,06088,M,,,06
201300011221,13,9,17,1905,1,2,1,1.0,6,06088,M,,,06
201300011222,13,9,18,1200,1,2,1,1.0,3,06088,M,,,06
201300011223,13,9,18,1425,1,2,1,1.0,5,06088,M,,,06
201300011224,13,9,19,1030,1,2,1,1.0,3,06088,M,,,06
201300011225,13,9,19,1740,1,2,1,1.0,3,06159,M,,,06
201300011226,13,9,19,1800,1,2,1,1.0,6,06088,M,,,06
201300011227,13,9,19,2302,5,2,1,1.0,3,06088,M,,,06
201300011228,13,9,22,1330,1,2,1,1.0,6,06088,M,,,06
201300011229,13,9,23,1010,1,2,1,1.0,6,06088,M,,,06
201300011230,13,9,23,1610,1,2,1,1.0,2,06088,M,,,06
201300011231,13,9,23,1940,5,2,1,1.0,6,06088,M,,,06
201300011232,13,9,24,915,1,2,1,1.0,3,06088,M,,,06
201300011233,13,9,24,1700,1,2,1,1.0,5,06088,M,,,06
201300011234,13,9,24,2020,5,2,1,1.0,6,06088,M,,,06
201300011235,13,9,24,2240,5,2,1,1.0,2,06088,M,,,06
201300011236,13,9,25,1630,1,2,1,1.0,3,06088,M,,,06
201300011237,13,9,26,1345,1,2,1,1.0,6,06088,M,,,06
201300011238,13,9,26,1445,1,2,1,1.0,1,06088,M,,,06
201300011239,13,9,26,1500,1,2,1,1.0,2,06088,M,,,06
201300011240,13,9,26,1900,1,2,2,1.0,3,06088,M,,,06
201300011241,13,9,29,1215,1,2,1,1.0,2,06088,M,,,06
201300011242,13,9,29,1500,1,2,1,3.0,2,06088,M,,,06
201300011243,13,9,30,954,1,2,1,1.0,2,06088,M,,,06
201300011244,13,9,30,1115,1,2,1,1.0,6,06088,M,,,06
201300011245,13,9,30,1230,1,2,2,1.0,3,06088,M,,,06
201300011246,13,9,30,1350,1,2,1,1.0,3,06088,M,,,06
201300011247,13,10,1,955,1,2,2,1.0,6,06088,M,,,06
201300011248,13,10,1,1415,1,2,1,1.0,6,06088,M,,,06
201300011249,13,10,1,1815,1,2,1,1.0,6,06088,M,,,06
201300011250,13,10,3,1630,1,2,1,1.0,6,06088,M,,,06
201300011251,13,10,4,2300,5,2,2,1.0,6,06088,M,,,06
201300011252,13,10,5,1340,1,2,1,1.0,3,06088,M,,,06
201300011253,13,10,5,1500,1,2,2,1.0,3,06088,M,,,06
201300011254,13,10,6,2335,5,2,1,1.0,3,06088,M,,,06
201300011255,13,10,7,1142,1,2,1,1.0,3,06088,M,,,06
201300011256,13,10,7,1330,1,2,2,1.0,3,06088,M,,,06
201300011257,13,10,7,1900,1,2,2,1.0,3,06088,M,,,06
201300011258,13,10,8,645,1,2,1,1.0,1,06159,M,,,06
201300011259,13,10,8,900,1,2,1,1.0,7,06088,M,,,06
201300011260,13,10,8,1005,1,2,1,1.0,6,06088,M,,,06
201300011261,13,10,8,1210,1,2,1,1.0,3,06088,M,,,06
201300011262,13,10,9,940,1,2,1,1.0,2,06088,M,,,06
201300011263,13,10,9,1255,1,2,1,1.0,2,06088,M,,,06
201300011264,13,10,9,1820,1,2,1,1.0,3,06088,M,,,06
201300011265,13,10,10,1015,1,2,1,1.0,6,06088,M,,,06
201300011266,13,10,10,2020,4,2,1,1.0,6,06088,M,,,06
201300011267,13,10,11,645,5,2,1,1.0,1,06088,M,,,06
201300011268,13,10,11,720,1,2,1,1.0,6,06088,M,,,06
201300011269,13,10,11,1200,1,2,1,1.0,6,06088,M,,,06
201300011270,13,10,11,1720,1,1,1,1.0,2,06088,M,,,06
201300011271,13,10,11,1815,1,2,1,1.0,6,06088,M,,,06
201300011272,13,10,12,1635,1,2,3,1.0,3,06088,M,,,06
201300011273,13,10,12,1700,1,2,1,1.0,6,06088,M,,,06
201300011274,13,10,14,1210,1,2,1,1.0,2,06088,M,,,06
201300011275,13,10,15,830,1,2,1,1.0,3,06088,M,,,06
201300011276,13,10,15,1210,1,2,1,1.0,3,06088,M,,,06
201300011277,13,10,15,1230,1,2,1,1.0,3,06088,M,,,06
201300011278,13,10,15,1715,1,2,1,1.0,6,06088,M,,,06
201300011279,13,10,16,1635,1,2,1,1.0,6,06088,M,,,06
201300011280,13,10,16,1900,5,2,1,1.0,6,06088,M,,,06
201300011281,13,10,16,2240,5,2,1,1.0,2,06088,M,,,06
201300011282,13,10,17,845,1,2,1,1.0,6,06088,M,,,06
201300011283,13,10,17,1810,1,2,3,1.0,3,06088,M,,,06
201300011284,13,10,17,2000,1,2,1,1.0,6,06088,M,,,06
201300011285,13,10,18,1410,1,2,1,1.0,3,06088,M,,,06
201300011286,13,10,18,2030,5,2,1,1.0,6,06088,M,,,06
201300011287,13,10,18,2048,5,2,1,1.0,3,06088,M,,,06
201300011288,13,10,19,500,5,2,2,1.0,3,06088,M,,,06
201300011289,13,10,19,555,5,2,1,1.0,6,06088,M,,,06
201300011290,13,10,19,1145,1,2,1,1.0,3,06088,M,,,06
201300011291,13,10,19,2153,5,2,1,1.0,3,06088,M,,,06
201300011292,13,10,19,2220,5,2,2,1.0,3,06088,M,,,06
201300011293,13,10,20,2102,5,2,1,1.0,1,06088,M,,,06
201300011294,13,10,22,1845,5,2,2,1.0,3,06088,M,,,06
201300011295,13,10,23,830,1,2,1,1.0,3,06088,M,,,06
201300011296,13,10,23,1015,1,2,1,3.0,6,06088,M,,,06
201300011297,13,10,23,1545,1,2,1,2.0,3,06088,M,,,06
201300011298,13,10,24,1530,1,2,2,1.0,3,06088,M,,,06
201300011299,13,10,24,1715,1,2,1,1.0,2,06088,M,,,06
201300011300,13,10,24,1815,2,2,1,1.0,3,06088,M,,,06
201300011301,13,10,24,1910,5,2,1,1.0,6,06088,M,,,06
201300011302,13,10,24,2100,5,2,1,1.0,2,06088,M,,,06
201300011303,13,10,25,840,1,2,1,1.0,1,06088,M,,,06
201300011304,13,10,25,1100,1,2,1,1.0,2,06088,M,,,06
201300011305,13,10,25,1200,1,2,2,1.0,3,06088,M,,,06
201300011306,13,10,25,1700,1,2,3,1.0,3,06088,M,,,06
201300011307,13,10,26,1425,1,2,1,1.0,3,06088,M,,,06
201300011308,13,10,26,1800,2,2,1,1.0,3,06088,M,,,06
201300011309,13,10,28,1405,1,2,3,1.0,6,06088,M,,,06
201300011310,13,10,28,1445,1,2,1,1.0,5,06088,M,,,06
201300011311,13,10,28,1635,1,2,1,1.0,1,06088,M,,,06
201300011312,13,10,28,2150,5,2,1,1.0,3,06088,M,,,06
201300011313,13,10,29,815,1,2,1,2.0,1,06088,M,,,06
201300011314,13,10,29,1800,5,2,1,2.0,6,06088,M,,,06
201300011315,13,10,29,1830,5,2,1,2.0,2,06088,M,,,06
201300011316,13,10,30,830,1,2,1,1.0,6,06088,M,,,06
201300011317,13,10,30,1655,1,2,6,1.0,6,06088,M,,,06
201300011318,13,10,31,1120,1,2,1,1.0,2,06088,M,,,06
201300011319,13,10,31,1805,5,2,1,1.0,5,06088,M,,,06
201300011320,13,10,31,1830,5,2,1,1.0,6,06088,M,,,06
201300011321,13,11,2,845,1,2,1,1.0,6,06088,M,,,06
201300011322,13,11,2,2100,5,2,1,1.0,1,06088,M,,,06
201300011323,13,11,4,735,1,2,2,1.0,3,06088,M,,,06
201300011324,13,11,4,740,1,2,1,1.0,2,06088,M,,,06
201300011325,13,11,5,1300,1,2,1,1.0,3,06088,M,,,06
201300011326,13,11,5,1430,1,2,1,1.0,6,06088,M,,,06
201300011327,13,11,5,1505,1,2,1,1.0,5,06088,M,,,06
201300011328,13,11,5,1800,2,1,1,1.0,4,06088,M,,,06
201300011329,13,11,6,855,1,2,1,1.0,2,06088,M,,,06
201300011330,13,11,6,955,1,2,3,1.0,3,06088,M,,,06
201300011331,13,11,6,1140,1,2,1,1.0,6,06088,M,,,06
201300011332,13,11,6,1255,1,2,1,1.0,2,06088,M,,,06
201300011333,13,11,6,1330,1,2,1,1.0,6,06088,M,,,06
201300011334,13,11,6,1550,1,2,1,1.0,3,06088,M,,,06
201300011335,13,11,6,1645,1,2,1,1.0,2,06088,M,,,06
201300011336,13,11,7,2015,5,2,1,1.0,3,06088,M,,,06
201300011337,13,11,9,300,5,2,2,1.0,3,06088,M,,,06
201300011338,13,11,9,1110,1,2,2,1.0,3,06088,M,,,06
201300011339,13,11,9,1210,1,2,1,1.0,3,06088,M,,,06
201300011340,13,11,9,1344,1,2,1,1.0,2,06088,M,,,06
201300011341,13,11,9,1530,1,2,1,1.0,2,06088,M,,,06
201300011342,13,11,10,1550,1,2,1,1.0,6,06088,M,,,06
201300011343,13,11,10,1845,5,2,3,1.0,3,06088,M,,,06
201300011344,13,11,11,1330,1,2,2,1.0,3,06088,M,,,06
201300011345,13,11,11,1900,5,2,1,1.0,3,06088,M,,,06
201300011346,13,11,12,720,1,2,1,1.0,3,06088,M,,,06
201300011347,13,11,12,1050,1,2,1,1.0,3,06088,M,,,06
201300011348,13,11,13,800,1,2,1,1.0,3,06088,M,,,06
201300011349,13,11,13,810,1,2,1,1.0,6,06088,M,,,06
201300011350,13,11,13,1035,1,2,6,1.0,3,06088,M,,,06
201300011351,13,11,14,1730,2,2,1,1.0,6,06088,M,,,06
201300011352,13,11,17,620,5,2,1,1.0,6,06088,M,,,06
201300011353,13,11,17,645,2,2,1,1.0,2,06088,M,,,06
201300011354,13,11,17,800,1,2,1,1.0,3,06088,M,,,06
201300011355,13,11,17,1100,1,2,1,2.0,3,06088,M,,,06
201300011356,13,11,17,1610,1,2,1,2.0,6,06088,M,,,06
201300011357,13,11,18,730,1,2,1,1.0,3,06088,M,,,06
201300011358,13,11,18,1145,1,2,1,1.0,6,06088,M,,,06
201300011359,13,11,18,1230,1,2,1,2.0,2,06088,M,,,06
201300011360,13,11,19,1135,1,2,1,2.0,6,06088,M,,,06
201300011361,13,11,20,2015,5,2,1,1.0,3,06088,M,,,06
201300011362,13,11,21,1845,1,2,1,1.0,1,06088,M,,,06
201300011363,13,11,22,50,5,2,3,1.0,6,06088,M,,,06
201300011364,13,11,22,1115,1,2,1,1.0,6,06088,M,,,06
201300011365,13,11,22,1930,5,2,1,1.0,3,06088,M,,,06
201300011366,13,11,22,2220,5,2,2,1.0,5,06088,M,,,06
201300011367,13,11,23,1715,2,2,1,1.0,6,06088,M,,,06
201300011368,13,11,23,2320,5,2,1,1.0,6,06088,M,,,06
201300011369,13,11,24,1215,1,2,1,1.0,6,06088,M,,,06
201300011370,13,11,24,1300,1,2,1,1.0,6,06088,M,,,06
201300011371,13,11,25,815,1,2,1,1.0,6,06088,M,,,06
201300011372,13,11,25,855,1,2,1,1.0,2,06088,M,,,06
201300011373,13,11,25,955,1,2,1,1.0,1,06088,M,,,06
201300011374,13,11,25,1840,5,2,1,1.0,4,06088,M,,,06
201300011375,13,11,26,1315,1,2,1,1.0,6,06088,M,,,06
201300011376,13,11,27,930,1,2,1,1.0,6,06088,M,,,06
201300011377,13,11,28,755,1,2,1,1.0,2,06088,M,,,06
201300011378,13,11,28,940,1,2,1,1.0,3,06088,M,,,06
201300011379,13,11,28,1130,1,2,2,1.0,3,06088,M,,,06
201300011380,13,11,28,1355,1,2,1,1.0,2,06088,M,,,06
201300011381,13,11,29,500,5,2,1,1.0,3,06088,M,,,06
201300011382,13,11,29,855,1,2,3,1.0,3,06088,M,,,06
201300011383,13,11,29,1100,1,2,1,1.0,6,06088,M,,,06
201300011384,13,11,29,1300,1,2,1,1.0,2,06088,M,,,06
201300011385,13,11,29,1630,1,2,1,1.0,3,06088,M,,,06
201300011386,13,11,30,239,5,2,1,1.0,6,06088,M,,,06
201300011387,13,11,30,830,1,2,1,1.0,6,06088,M,,,06
201300011388,13,11,30,1700,2,2,1,1.0,3,06088,M,,,06
201300011389,13,11,30,2100,5,2,2,1.0,3,06088,M,,,06
201300011390,13,12,1,1735,5,2,1,1.0,6,06088,M,,,06
201300011391,13,12,1,1905,5,2,1,1.0,5,06088,M,,,06
201300011392,13,12,2,750,1,2,1,1.0,6,06088,M,,,06
201300011393,13,12,2,1500,1,2,1,1.0,3,06088,M,,,06
201300011394,13,12,3,800,1,2,3,1.0,6,06088,M,,,06
201300011395,13,12,3,840,1,2,1,1.0,6,06088,M,,,06
201300011396,13,12,4,900,1,2,2,1.0,3,06088,M,,,06
201300011397,13,12,4,1500,1,2,1,1.0,6,06088,M,,,06
201300011398,13,12,4,1545,1,2,2,1.0,6,06088,M,,,06
201300011399,13,12,5,1640,2,2,2,1.0,3,06088,M,,,06
201300011400,13,12,5,1735,1,2,1,1.0,3,06088,M,,,06
201300011401,13,12,5,1945,5,2,1,1.0,2,06088,M,,,06
201300011402,13,12,6,855,1,2,1,1.0,2,06088,M,,,06
201300011403,13,12,6,1640,1,2,2,1.0,3,06088,M,,,06
201300011404,13,12,6,2015,5,2,1,1.0,2,06088,M,,,06
201300011405,13,12,6,2125,5,2,1,1.0,2,06088,M,,,06
201300011406,13,12,8,1515,1,2,1,1.0,3,06088,M,,,06
201300011407,13,12,9,825,1,2,1,1.0,6,06088,M,,,06
201300011408,13,12,9,845,1,2,2,1.0,3,06088,M,,,06
201300011409,13,12,9,930,1,2,3,1.0,6,06088,M,,,06
201300011410,13,12,9,1115,1,2,1,1.0,3,06088,M,,,06
201300011411,13,12,10,1705,1,2,1,1.0,3,06088,M,,,06
201300011412,13,12,10,2000,5,2,1,1.0,6,06088,M,,,06
201300011413,13,12,10,2145,5,2,1,1.0,6,06088,M,,,06
201300011414,13,12,11,915,1,2,1,1.0,5,06088,M,,,06
201300011415,13,12,11,1415,1,2,1,1.0,6,06088,M,,,06
201300011416,13,12,11,1420,1,2,1,1.0,6,06088,M,,,06
201300011417,13,12,11,1500,1,2,1,1.0,3,06088,M,,,06
201300011418,13,12,12,25,5,2,1,1.0,6,06088,M,,,06
201300011419,13,12,12,740,1,2,1,1.0,6,06088,M,,,06
201300011420,13,12,12,845,1,2,1,1.0,5,06088,M,,,06
201300011421,13,12,12,1440,1,2,4,1.0,2,06088,M,,,06
201300011422,13,12,13,1055,1,2,1,1.0,6,06088,M,,,06
201300011423,13,12,13,1300,1,2,1,1.0,6,06088,M,,,06
201300011424,13,12,13,1720,2,2,1,1.0,6,06088,M,,,06
201300011425,13,12,13,2020,5,2,2,1.0,3,06088,M,,,06
201300011426,13,12,15,2119,5,2,1,1.0,6,06088,M,,,06
201300011427,13,12,16,1110,1,2,1,1.0,3,06088,M,,,06
201300011428,13,12,16,1315,1,2,1,1.0,4,06088,M,,,06
201300011429,13,12,16,2120,5,2,1,1.0,6,06088,M,,,06
201300011430,13,12,17,1000,1,2,1,1.0,6,06088,M,,,06
201300011431,13,12,17,1215,1,2,1,1.0,6,06088,M,,,06
201300011432,13,12,17,1530,1,2,1,1.0,6,06088,M,,,06
201300011433,13,12,18,1230,1,2,1,1.0,6,06088,M,,,06
201300011434,13,12,18,1815,5,2,1,1.0,6,06088,M,,,06
201300011435,13,12,18,2220,5,2,1,1.0,1,06088,M,,,06
201300011436,13,12,19,650,2,2,1,2.0,1,06088,M,,,06
201300011437,13,12,22,810,1,2,1,1.0,1,06159,M,,,06
201300011438,13,12,23,1215,1,2,1,1.0,2,06088,M,,,06
201300011439,13,12,23,1305,1,2,1,1.0,6,06088,M,,,06
201300011440,13,12,23,1700,2,2,1,1.0,6,06088,M,,,06
201300011441,13,12,23,1720,5,2,1,1.0,3,06088,M,,,06
201300011442,13,12,24,920,1,2,1,3.0,3,06088,M,,,06
201300011443,13,12,26,900,1,2,1,3.0,3,06088,M,,,06
201300011444,13,12,26,1632,2,2,1,1.0,2,06088,M,,,06
201300011445,13,12,27,845,1,2,4,1.0,3,06088,M,,,06
201300011446,13,12,27,1000,1,2,1,1.0,3,06159,M,,,06
201300011447,13,12,29,1145,1,2,1,1.0,3,06088,M,,,06
201300011448,13,12,30,920,1,2,1,1.0,6,06088,M,,,06
201300011449,13,12,30,1545,1,2,1,1.0,3,06088,M,,,06
201300011450,13,4,9,1215,1,2,1,1.0,1,33099,M,0.0,0.0,33
201300011451,13,6,4,1115,1,2,1,1.0,1,33099,M,4481600.0,-47700.0,33
201300011452,13,1,8,945,1,2,1,1.0,2,58303,M,0.0,0.0,58
201300011453,13,1,15,1800,3,1,1,4.0,6,58303,M,0.0,0.0,58
201300011454,13,2,28,1545,1,2,1,1.0,3,58088,M,0.0,0.0,58
201300011455,13,4,13,530,3,1,1,8.0,6,58088,M,0.0,0.0,58
201300011456,13,5,19,1415,1,1,1,2.0,6,58300,M,0.0,0.0,58
201300011457,13,6,5,1930,1,2,1,1.0,2,58303,M,4701300.0,315300.0,58
201300011458,13,6,13,1500,1,1,1,3.0,5,58300,M,4703200.0,321300.0,58
201300011459,13,8,8,1145,1,2,1,1.0,6,58131,M,0.0,0.0,58
201300011460,13,10,12,1530,1,1,1,2.0,1,58231,M,0.0,0.0,58
201300011461,13,6,11,1100,1,2,1,1.0,6,21515,M,0.0,0.0,21
201300011462,13,6,11,1700,1,2,1,1.0,4,21171,M,0.0,0.0,21
201300011463,13,8,31,2245,3,1,1,1.0,2,21473,M,4727100.0,506300.0,21
201300011464,13,10,27,2030,5,2,1,8.0,6,21515,M,4731800.0,510900.0,21
201300011465,13,11,28,1415,1,2,1,1.0,6,21515,M,4731800.0,511400.0,21
201300011466,13,1,6,1500,1,1,3,1.0,3,13040,M,4347886.0,554346.0,13
201300011467,13,2,1,1415,1,2,1,8.0,6,13040,M,4344036.0,556139.0,13
201300011468,13,2,6,1745,2,1,1,1.0,1,13040,M,0.0,0.0,13
201300011469,13,6,2,1615,1,1,1,1.0,3,13040,M,0.0,0.0,13
201300011470,13,6,4,915,1,1,1,1.0,1,13040,M,0.0,0.0,13
201300011471,13,7,7,1300,1,1,1,1.0,1,13040,M,4344961.0,553676.0,13
201300011472,13,8,21,2030,1,1,1,1.0,1,13040,M,0.0,0.0,13
201300011473,13,10,7,745,2,1,1,1.0,6,13040,M,0.0,0.0,13
201300011474,13,11,23,1030,1,1,2,1.0,3,13025,M,0.0,0.0,13
201300011475,13,12,8,1200,1,1,1,1.0,6,13090,M,0.0,0.0,13
201300011476,13,1,4,1745,4,2,9,1.0,3,47318,M,4419810.0,32292.0,47
201300011477,13,4,21,1030,1,1,1,1.0,1,47266,M,4398570.0,8921.0,47
201300011478,13,9,7,2130,3,1,1,8.0,3,47195,M,4413100.0,33900.0,47
201300011479,13,9,13,1715,1,1,1,1.0,1,47143,M,4417300.0,29800.0,47
201300011480,13,11,29,1930,3,2,1,1.0,6,47195,M,4413220.0,35026.0,47
201300011481,13,12,21,1245,1,1,1,1.0,6,47195,M,4414160.0,35257.0,47
201300011482,13,4,23,1950,1,2,1,1.0,4,07019,M,,,07
201300011483,13,1,26,1100,1,1,1,1.0,2,07325,M,,,07
201300011484,13,2,28,815,1,1,1,1.0,1,07116,M,,,07
201300011485,13,6,13,905,1,2,7,1.0,6,07019,M,,,07
201300011486,13,10,7,1500,1,2,1,1.0,3,07019,M,,,07
201300011487,13,10,27,245,5,2,1,1.0,6,07019,M,,,07
201300011488,13,12,9,20,5,1,1,1.0,6,07019,M,,,07
201300011489,13,2,14,955,1,2,1,1.0,3,07102,M,,,07
201300011490,13,3,6,445,5,1,1,2.0,1,07102,M,,,07
201300011491,13,5,9,1755,1,2,6,2.0,3,07281,M,,,07
201300011492,13,6,8,210,5,2,2,1.0,7,07102,M,,,07
201300011493,13,9,3,800,1,2,1,1.0,1,07070,M,,,07