Num_Acc,an,mois,jour,hrmn,lum,agg,int,atm,col,com,gps,lat,long,dep
201300011494,13,11,1,240,5,2,6,1.0,6,07102,M,,,07
201300011495,13,7,9,1445,1,1,1,1.0,3,11202,M,0.0,0.0,11
201300011496,13,2,1,1715,5,2,1,2.0,6,57678,M,4941606.0,600179.0,57
201300011497,13,3,5,1630,1,2,1,1.0,1,57731,M,0.0,0.0,57
201300011498,13,3,24,1700,1,2,1,1.0,3,57038,M,4947102.0,595375.0,57
201300011499,13,5,19,15,5,1,1,1.0,3,57305,M,0.0,0.0,57
201300011500,13,6,25,1945,1,2,1,1.0,3,57038,M,4948558.0,596685.0,57
201300011501,13,8,18,1845,1,2,1,1.0,5,57038,M,4946567.0,595512.0,57
201300011502,13,10,19,500,3,1,1,1.0,7,57678,M,0.0,0.0,57
201300011503,13,10,26,2000,5,2,1,3.0,6,57731,M,4944372.0,608129.0,57
201300011504,13,11,1,1700,2,1,1,2.0,3,57529,M,0.0,0.0,57
201300011505,13,11,23,2015,5,2,1,1.0,3,57096,M,4938516.0,594013.0,57
201300011506,13,4,8,2050,3,2,1,1.0,6,07186,M,,,07
201300011507,13,2,14,845,1,2,1,1.0,1,07186,M,,,07
201300011508,13,2,20,900,1,2,1,1.0,2,07186,M,,,07
201300011509,13,4,10,1000,1,1,3,1.0,3,07340,M,,,07
201300011510,13,3,30,1650,1,2,6,3.0,3,07186,M,,,07
201300011511,13,6,24,1745,1,1,1,1.0,3,07072,M,,,07
201300011512,13,7,13,1915,1,2,1,7.0,3,07008,M,,,07
201300011513,13,7,12,1130,1,2,4,1.0,3,07186,M,,,07
201300011514,13,9,7,1015,1,2,1,2.0,6,07186,M,,,07
201300011515,13,7,13,1600,1,1,1,1.0,7,34259,M,0.0,0.0,34
201300011516,13,7,27,1715,1,1,1,1.0,3,34259,M,0.0,0.0,34
201300011517,13,4,11,1130,1,2,1,1.0,3,35334,M,4815212.0,-158598.0,35
201300011518,13,6,28,1800,1,1,6,1.0,3,35051,M,4814006.0,-162766.0,35
201300011519,13,7,18,930,1,1,1,1.0,5,35051,M,4811447.0,-156040.0,35
201300011520,13,1,11,1645,1,1,1,7.0,1,11151,M,4319400.0,247400.0,11
201300011521,13,6,14,1015,1,1,1,1.0,5,11068,M,0.0,0.0,11
201300011522,13,7,11,115,3,1,1,1.0,6,11151,M,0.0,0.0,11
201300011523,13,8,19,845,1,1,1,1.0,3,11261,M,0.0,0.0,11
201300011524,13,9,8,2130,3,1,1,1.0,6,11397,M,4320300.0,249400.0,11
201300011525,13,10,11,830,1,2,1,1.0,6,11088,M,4317800.0,237700.0,11
201300011526,13,10,30,30,5,2,1,1.0,6,11272,M,4317500.0,239300.0,11
201300011527,13,12,1,800,2,1,1,1.0,7,11397,M,4320700.0,241500.0,11
201300011528,13,12,25,1245,1,1,1,1.0,1,11397,M,0.0,0.0,11
201300011529,13,3,1,1345,1,1,1,1.0,3,23227,M,4593100.0,184200.0,23
201300011530,13,5,6,1730,1,1,1,1.0,1,23232,M,0.0,0.0,23
201300011531,13,9,6,1830,1,1,1,3.0,6,23165,M,0.0,0.0,23
201300011532,13,11,8,1000,1,1,1,2.0,7,23144,M,0.0,0.0,23
201300011533,13,2,12,700,3,1,1,1.0,7,28092,M,4837200.0,188300.0,28
201300011534,13,3,12,730,1,1,1,4.0,2,78349,M,4858000.0,200599.0,78
201300011535,13,3,16,2300,3,1,1,1.0,2,91111,M,0.0,0.0,91
201300011536,13,3,30,1445,1,1,9,1.0,1,78009,M,0.0,0.0,78
201300011537,13,4,25,645,2,1,9,1.0,1,28408,M,0.0,0.0,28
201300011538,13,5,2,1115,1,1,1,1.0,6,28026,M,0.0,0.0,28
201300011539,13,7,7,1145,1,1,1,1.0,5,91017,M,0.0,0.0,91
201300011540,13,7,15,1500,1,1,1,1.0,6,28169,M,0.0,0.0,28
201300011541,13,8,3,400,3,1,1,1.0,3,78506,M,4852800.0,182600.0,78
201300011542,13,9,29,830,1,1,1,5.0,7,78499,M,0.0,0.0,78
201300011543,13,12,30,1445,1,1,1,2.0,6,28092,M,0.0,0.0,28
201300011544,13,6,8,300,3,1,6,1.0,6,51088,M,0.0,0.0,51
201300011545,13,6,18,1815,1,2,2,1.0,3,51660,M,0.0,0.0,51
201300011546,13,7,26,1745,1,2,2,1.0,3,51505,M,0.0,0.0,51
201300011547,13,11,29,330,3,1,1,5.0,6,51074,M,0.0,0.0,51
201300011548,13,1,29,1015,1,2,1,1.0,6,69064,M,0.0,0.0,69
201300011549,13,3,8,1630,1,1,3,1.0,3,69007,M,0.0,0.0,69
201300011550,13,3,9,1815,5,2,1,1.0,3,69080,M,0.0,0.0,69
201300011551,13,4,23,330,5,2,1,1.0,6,69007,M,0.0,0.0,69
201300011552,13,5,14,2015,1,1,1,7.0,3,69252,M,0.0,0.0,69
201300011553,13,5,17,1730,1,2,1,2.0,1,69189,M,,,69
201300011554,13,6,15,1745,1,1,2,1.0,3,69097,M,0.0,0.0,69
201300011555,13,6,17,1230,1,1,1,1.0,3,69064,M,0.0,0.0,69
201300011556,13,6,23,1745,1,1,1,1.0,7,69007,M,0.0,0.0,69
201300011557,13,6,24,1645,1,1,1,1.0,1,69253,M,0.0,0.0,69
201300011558,13,7,7,1300,1,1,1,1.0,3,69080,M,0.0,0.0,69
201300011559,13,7,9,1700,1,1,1,1.0,6,69193,M,0.0,0.0,69
201300011560,13,9,5,1830,1,1,1,1.0,3,69007,M,0.0,0.0,69
201300011561,13,9,25,145,5,1,1,1.0,6,69189,M,0.0,0.0,69
201300011562,13,9,29,1630,1,1,1,1.0,1,69235,M,0.0,0.0,69
201300011563,13,11,27,1845,5,2,1,1.0,6,69189,M,0.0,0.0,69
201300011564,13,1,10,1530,1,1,1,2.0,1,37243,M,0.0,0.0,37
201300011565,13,4,3,1615,1,2,1,1.0,3,37018,M,0.0,0.0,37
201300011566,13,1,14,815,3,1,1,1.0,4,29137,M,4832789.0,-429564.0,29
201300011567,13,1,17,645,5,2,1,1.0,6,33229,M,4470800.0,-104000.0,33
201300011568,13,4,14,615,2,1,1,1.0,6,33005,M,0.0,0.0,33
201300011569,13,10,19,830,1,2,1,1.0,6,33005,M,0.0,0.0,33
201300011570,13,11,30,430,3,1,1,5.0,6,33005,M,0.0,0.0,33
201300011571,13,12,8,530,5,2,1,1.0,6,33229,M,4471900.0,-106200.0,33
201300011572,13,2,11,645,3,1,1,3.0,3,60482,M,0.0,0.0,60
201300011573,13,9,24,1430,1,1,1,1.0,6,60172,M,0.0,0.0,60
201300011574,13,1,6,1830,3,1,1,1.0,7,51312,M,0.0,0.0,51
201300011575,13,2,28,545,3,1,1,1.0,2,51212,M,0.0,0.0,51
201300011576,13,8,6,915,1,1,1,1.0,2,51545,M,0.0,0.0,51
201300011577,13,9,4,800,1,1,1,1.0,6,51453,M,0.0,0.0,51
201300011578,13,10,20,1215,1,1,1,1.0,6,51099,M,0.0,0.0,51
201300011579,13,2,11,815,1,1,1,2.0,7,77359,M,0.0,0.0,77
201300011580,13,2,15,1245,1,1,1,1.0,2,77520,M,0.0,0.0,77
201300011581,13,2,19,1015,1,1,1,1.0,6,77477,M,0.0,0.0,77
201300011582,13,3,18,1430,1,1,1,4.0,6,77088,M,0.0,0.0,77
201300011583,13,3,25,1045,1,1,1,1.0,6,77333,M,0.0,0.0,77
201300011584,13,3,27,1730,1,1,1,1.0,5,45094,M,4815711.0,288938.0,45
201300011585,13,4,4,1645,1,1,1,1.0,6,77359,M,0.0,0.0,77
201300011586,13,5,8,1530,1,1,1,2.0,2,77458,M,0.0,0.0,77
201300011587,13,6,9,815,1,1,1,8.0,6,77458,M,0.0,0.0,77
201300011588,13,6,12,2315,3,1,1,1.0,2,45032,M,4813232.0,294242.0,45
201300011589,13,6,27,1700,1,1,1,1.0,6,77412,M,0.0,0.0,77
201300011590,13,7,4,1015,1,1,1,1.0,2,77412,M,0.0,0.0,77
201300011591,13,7,11,1630,1,1,1,1.0,2,77370,M,0.0,0.0,77
201300011592,13,7,16,2315,3,1,1,1.0,2,77520,M,4831000.0,264700.0,77
201300011593,13,8,4,1745,1,1,1,1.0,6,77001,M,0.0,0.0,77
201300011594,13,8,24,325,3,1,1,1.0,5,77339,M,0.0,0.0,77
201300011595,13,9,1,930,1,1,1,1.0,6,77001,M,0.0,0.0,77
201300011596,13,9,3,1745,1,1,1,1.0,6,45094,M,4815739.0,288872.0,45
201300011597,13,11,1,45,3,1,1,1.0,5,77370,M,0.0,0.0,77
201300011598,13,11,8,1115,1,1,1,3.0,6,77477,M,4834300.0,258600.0,77
201300011599,13,11,14,1500,1,1,9,1.0,3,77339,M,4863100.0,256100.0,77
201300011600,13,11,22,2300,3,1,1,1.0,3,77339,M,4863100.0,256100.0,77
201300011601,13,1,12,1045,1,1,1,1.0,3,62873,M,0.0,0.0,62
201300011602,13,2,14,815,1,1,2,9.0,1,62317,M,0.0,0.0,62
201300011603,13,3,9,230,1,1,1,1.0,5,62873,M,0.0,0.0,62
201300011604,13,3,30,2345,3,1,1,1.0,7,62559,M,0.0,0.0,62
201300011605,13,6,19,1145,1,1,1,1.0,2,62164,M,0.0,0.0,62
201300011606,13,7,8,1715,1,1,1,1.0,6,62145,M,0.0,0.0,62
201300011607,13,7,10,1130,1,1,9,1.0,1,62728,M,0.0,0.0,62
201300011608,13,7,19,1615,1,1,1,1.0,2,62873,M,0.0,0.0,62
201300011609,13,7,29,1300,1,1,1,1.0,2,62121,M,5013000.0,287300.0,62
201300011610,13,9,16,745,1,1,1,1.0,6,62728,M,0.0,0.0,62
201300011611,13,9,23,1215,1,1,1,1.0,6,62080,M,0.0,0.0,62
201300011612,13,10,4,730,2,1,1,1.0,6,62873,M,5027600.0,287200.0,62
201300011613,13,3,25,1030,1,1,1,1.0,3,80430,M,0.0,0.0,80
201300011614,13,4,20,1600,1,1,1,1.0,3,80359,M,0.0,0.0,80
201300011615,13,5,13,2030,2,1,1,1.0,2,80002,M,0.0,0.0,80
201300011616,13,6,3,545,2,1,1,1.0,2,80521,M,0.0,0.0,80
201300011617,13,7,9,1745,1,1,1,1.0,7,80002,M,0.0,0.0,80
201300011618,13,8,5,845,1,1,1,1.0,6,80430,M,0.0,0.0,80
201300011619,13,8,15,1630,1,1,1,1.0,6,80383,M,0.0,0.0,80
201300011620,13,8,23,200,3,1,1,1.0,6,80307,M,0.0,0.0,80
201300011621,13,9,20,1500,1,1,1,1.0,6,80033,M,0.0,0.0,80
201300011622,13,9,28,545,3,1,1,1.0,2,80307,M,0.0,0.0,80
201300011623,13,11,1,2230,3,1,1,3.0,6,80204,M,0.0,0.0,80
201300011624,13,11,3,2200,3,1,1,2.0,5,80002,M,0.0,0.0,80
201300011625,13,11,11,1400,1,1,1,1.0,7,80421,M,0.0,0.0,80
201300011626,13,11,20,545,3,1,1,1.0,2,80383,M,0.0,0.0,80
201300011627,13,11,22,1330,1,1,1,1.0,2,80288,M,0.0,0.0,80
201300011628,13,11,26,2100,3,1,1,1.0,2,80101,M,0.0,0.0,80
201300011629,13,11,29,1630,1,1,1,8.0,2,80002,M,0.0,0.0,80
201300011630,13,12,8,1400,1,1,1,1.0,6,80421,M,0.0,0.0,80
201300011631,13,12,11,145,3,1,1,1.0,2,80307,M,0.0,0.0,80
201300011632,13,1,9,1915,1,1,1,1.0,1,13103,M,0.0,0.0,13
201300011633,13,2,5,1500,1,1,1,1.0,2,13067,M,0.0,0.0,13
201300011634,13,3,8,2355,3,1,1,1.0,4,13069,M,0.0,0.0,13
201300011635,13,3,26,1130,1,1,1,1.0,6,13067,M,0.0,0.0,13
201300011636,13,4,12,1030,1,1,1,1.0,3,13112,M,0.0,0.0,13
201300011637,13,5,9,930,1,1,1,1.0,6,13044,M,0.0,0.0,13
201300011638,13,6,17,930,1,1,1,1.0,5,13103,M,0.0,0.0,13
201300011639,13,7,21,1000,1,1,1,1.0,6,13001,M,0.0,0.0,13
201300011640,13,7,20,1830,1,1,1,1.0,6,13112,M,0.0,0.0,13
201300011641,13,7,22,830,1,1,1,1.0,2,13018,M,0.0,0.0,13
201300011642,13,8,11,1330,1,1,1,1.0,2,13049,M,0.0,0.0,13
201300011643,13,9,7,315,3,1,1,1.0,2,13001,M,0.0,0.0,13
201300011644,13,9,8,200,3,1,1,2.0,6,13018,M,0.0,0.0,13
201300011645,13,9,22,2230,3,1,1,1.0,2,13049,M,0.0,0.0,13
201300011646,13,9,25,1500,1,1,1,1.0,7,13018,M,0.0,0.0,13
201300011647,13,10,14,1430,1,1,1,1.0,6,13049,M,0.0,0.0,13
201300011648,13,10,16,630,3,1,1,1.0,2,13018,M,0.0,0.0,13
201300011649,13,11,5,1845,3,1,1,1.0,2,13067,M,0.0,0.0,13
201300011650,13,11,8,1730,3,1,1,1.0,2,13103,M,0.0,0.0,13
201300011651,13,11,28,730,2,1,1,1.0,2,13103,M,0.0,0.0,13
201300011652,13,12,3,930,1,1,1,1.0,6,13103,M,0.0,0.0,13
201300011653,13,12,4,815,1,1,1,1.0,5,13018,M,0.0,0.0,13
201300011654,13,12,22,1400,1,1,1,1.0,2,13076,M,0.0,0.0,13
201300011655,13,12,25,1815,3,1,1,3.0,3,13069,M,0.0,0.0,13
201300011656,13,6,25,200,3,1,1,1.0,3,84083,M,0.0,0.0,84
201300011657,13,7,6,1330,1,1,1,1.0,2,30107,M,4396666.0,464185.0,30
201300011658,13,8,11,2300,3,1,1,1.0,1,30107,M,4395849.0,462936.0,30
201300011659,13,8,23,1300,1,1,1,1.0,6,84129,M,0.0,0.0,84
201300011660,13,9,28,345,3,1,1,1.0,2,84083,M,0.0,0.0,84
201300011661,13,10,7,700,3,1,9,1.0,3,84007,M,0.0,0.0,84
201300011662,13,10,10,1,3,1,1,1.0,2,84081,M,0.0,0.0,84
201300011663,13,11,2,15,5,1,1,2.0,6,30217,M,4397581.0,465655.0,30
201300011664,13,6,2,1545,1,2,1,1.0,6,60584,M,0.0,0.0,60
201300011665,13,6,6,1100,1,1,3,1.0,1,60584,M,0.0,0.0,60
201300011666,13,7,26,1815,1,1,1,1.0,1,60651,M,0.0,0.0,60
201300011667,13,8,5,645,1,2,2,1.0,3,60513,M,0.0,0.0,60
201300011668,13,9,4,545,3,2,1,1.0,3,60686,M,0.0,0.0,60
201300011669,13,12,13,1600,1,2,1,1.0,5,60584,M,0.0,0.0,60
201300011670,13,12,17,930,1,2,1,8.0,1,60391,M,0.0,0.0,60
201300011671,13,8,28,1615,1,1,1,7.0,3,71542,M,4671294.0,413271.0,71
201300011672,13,11,25,1330,1,1,1,1.0,6,71335,M,4636241.0,431284.0,71
201300011673,13,7,20,15,3,1,1,1.0,5,25056,M,0.0,0.0,25
201300011674,13,1,29,1245,1,1,1,1.0,7,76484,M,4933943.0,106931.0,76
201300011675,13,2,8,1715,1,1,1,1.0,2,76682,M,4931797.0,110540.0,76
201300011676,13,3,22,830,1,1,1,1.0,6,76391,M,4934157.0,93161.0,76
201300011677,13,7,19,900,1,1,1,1.0,6,27497,M,4937400.0,72200.0,27
201300011678,13,7,25,1930,1,1,1,1.0,6,27656,M,4920500.0,26100.0,27
201300011679,13,8,6,2015,1,1,1,1.0,6,27228,M,0.0,0.0,27
201300011680,13,8,15,1545,1,1,1,1.0,2,27065,M,0.0,0.0,27
201300011681,13,9,7,1330,1,1,1,1.0,2,27340,M,0.0,0.0,27
201300011682,13,10,12,1000,1,1,1,1.0,3,27227,M,0.0,0.0,27
201300011683,13,10,19,345,3,1,1,1.0,6,76484,M,4933846.0,107111.0,76
201300011684,13,12,1,645,3,1,1,1.0,6,76484,M,4934519.0,104054.0,76
201300011685,13,12,3,1400,1,1,1,5.0,6,27228,M,4937700.0,68600.0,27
201300011686,13,2,15,1130,1,1,1,1.0,2,78068,M,4904200.0,146000.0,78
201300011687,13,3,6,2015,3,1,1,2.0,1,27351,M,4927200.0,113800.0,27
201300011688,13,3,22,1930,3,1,1,1.0,6,27351,M,4925400.0,117300.0,27
201300011689,13,5,10,745,1,1,1,1.0,6,27612,M,4907700.0,139900.0,27
201300011690,13,5,16,1415,1,1,1,1.0,2,78668,M,0.0,0.0,78
201300011691,13,6,11,1615,1,1,1,1.0,7,27203,M,4906400.0,142800.0,27
201300011692,13,7,10,745,1,1,9,1.0,6,27188,M,4930800.0,111800.0,27
201300011693,13,8,3,30,3,1,1,1.0,6,27203,M,4905000.0,145000.0,27
201300011694,13,8,31,715,1,1,1,1.0,6,27332,M,4919600.0,123300.0,27
201300011695,13,10,3,1615,1,1,1,1.0,2,27701,M,4923800.0,120100.0,27
201300011696,13,12,25,1645,1,1,1,1.0,6,27701,M,4925100.0,118000.0,27
201300011697,13,12,22,1645,1,1,1,2.0,6,78531,M,4899800.0,162500.0,78
201300011698,13,1,20,1945,3,1,1,8.0,1,60254,M,0.0,0.0,60
201300011699,13,2,3,830,1,1,1,1.0,6,60071,M,0.0,0.0,60
201300011700,13,2,12,445,3,1,1,1.0,2,60125,M,0.0,0.0,60
201300011701,13,2,18,1515,1,1,1,1.0,2,60019,M,0.0,0.0,60
201300011702,13,3,5,15,3,1,1,1.0,7,60100,M,0.0,0.0,60
201300011703,13,3,20,215,3,1,1,1.0,2,60531,M,0.0,0.0,60
201300011704,13,4,6,945,1,1,1,1.0,3,60533,M,0.0,0.0,60
201300011705,13,4,8,1630,1,1,1,1.0,2,60019,M,0.0,0.0,60
201300011706,13,6,19,2315,3,1,1,2.0,6,60125,M,0.0,0.0,60
201300011707,13,7,1,1,3,1,1,1.0,5,60538,M,0.0,0.0,60
201300011708,13,7,6,1600,1,1,1,1.0,2,60424,M,0.0,0.0,60
201300011709,13,7,18,815,1,1,1,1.0,5,60138,M,0.0,0.0,60
201300011710,13,8,8,1730,1,1,1,1.0,2,60541,M,0.0,0.0,60
201300011711,13,9,6,645,2,1,1,1.0,2,60508,M,0.0,0.0,60
201300011712,13,9,28,245,3,1,1,1.0,2,60100,M,0.0,0.0,60
201300011713,13,10,2,1445,1,1,1,1.0,6,60138,M,0.0,0.0,60
201300011714,13,10,21,1800,1,1,1,1.0,2,60558,M,0.0,0.0,60
201300011715,13,11,11,2315,3,1,1,1.0,6,60541,M,0.0,0.0,60
201300011716,13,12,1,1115,1,1,1,1.0,7,60138,M,0.0,0.0,60
201300011717,13,3,1,2030,3,1,1,1.0,3,21027,M,0.0,0.0,21
201300011718,13,4,1,1815,1,1,1,1.0,7,21227,M,4765700.0,457200.0,21
201300011719,13,4,25,1730,1,1,1,1.0,3,21027,M,4740400.0,504100.0,21
201300011720,13,7,12,1300,1,2,1,1.0,3,21142,M,0.0,0.0,21
201300011721,13,8,5,1930,1,1,1,1.0,1,21408,M,4742800.0,497100.0,21
201300011722,13,9,24,800,1,1,1,1.0,3,21027,M,4737800.0,503700.0,21
201300011723,13,1,29,700,2,1,1,1.0,4,69206,M,0.0,0.0,69
201300011724,13,3,23,730,2,1,1,2.0,2,69013,M,0.0,0.0,69
201300011725,13,7,26,1215,1,1,1,1.0,6,69242,M,0.0,0.0,69
201300011726,13,8,28,700,1,1,1,1.0,3,69206,M,0.0,0.0,69
201300011727,13,8,30,700,1,1,1,1.0,2,69242,M,0.0,0.0,69
201300011728,13,11,6,745,2,1,1,3.0,7,69242,M,0.0,0.0,69
201300011729,13,12,16,200,3,1,1,1.0,7,69242,M,0.0,0.0,69
201300011730,13,12,30,1815,3,1,1,1.0,6,69019,M,0.0,0.0,69
201300011731,13,11,14,630,3,1,1,9.0,2,59492,M,5020870.0,322885.0,59
201300011732,13,1,6,945,1,1,1,1.0,7,38381,M,4556500.0,547200.0,38
201300011733,13,2,22,1930,3,1,1,1.0,3,38530,M,4561690.0,519249.0,38
201300011734,13,2,23,2300,3,1,1,4.0,7,38193,M,4561280.0,521112.0,38
201300011735,13,4,8,1500,1,1,1,8.0,2,38053,M,4561300.0,523400.0,38
201300011736,13,5,16,2245,3,1,1,3.0,5,38053,M,0.0,0.0,38
201300011737,13,8,26,100,3,1,1,1.0,1,38530,M,4562900.0,517800.0,38
201300011738,13,11,2,1430,1,1,1,8.0,1,38537,M,0.0,0.0,38
201300011739,13,12,8,100,3,1,1,1.0,6,38348,M,,,38
201300011740,13,12,9,715,2,1,9,1.0,6,38537,M,0.0,0.0,38
201300011741,13,12,27,745,1,1,1,8.0,7,38553,M,0.0,0.0,38
201300011742,13,12,27,2000,3,1,1,1.0,5,38537,M,0.0,0.0,38
201300011743,13,3,8,1500,1,1,1,1.0,1,68278,M,0.0,0.0,68
201300011744,13,4,29,2230,5,2,1,1.0,1,68278,M,0.0,0.0,68
201300011745,13,5,19,1315,1,2,1,1.0,1,68118,M,0.0,0.0,68
201300011746,13,8,5,1030,1,1,1,1.0,2,68278,M,0.0,0.0,68
201300011747,13,12,14,500,5,2,9,1.0,6,68084,M,0.0,0.0,68
201300011748,13,2,15,1945,1,1,1,1.0,3,95580,M,4909010.0,253040.0,95
201300011749,13,3,11,1645,1,2,1,3.0,2,95250,M,4910260.0,251760.0,95
201300011750,13,4,19,830,2,1,1,1.0,1,95580,M,4908570.0,254350.0,95
201300011751,13,4,21,1015,1,2,1,1.0,2,95604,M,4909760.0,254660.0,95
201300011752,13,6,18,1845,1,1,1,1.0,3,95604,M,4910950.0,253210.0,95
201300011753,13,7,31,1900,1,2,1,1.0,5,95604,M,4909850.0,253790.0,95
201300011754,13,9,14,2000,2,1,1,2.0,4,95580,M,4909500.0,253100.0,95
201300011755,13,9,19,815,1,2,1,8.0,5,95250,M,4909590.0,249090.0,95
201300011756,13,10,20,845,1,1,1,1.0,1,95371,M,4907320.0,249880.0,95
201300011757,13,10,22,1130,1,2,1,1.0,1,95371,M,4907790.0,249910.0,95
201300011758,13,9,14,730,2,1,1,2.0,2,76502,M,4954554.0,124177.0,76
201300011759,13,9,27,1630,1,1,1,1.0,2,76705,M,4933354.0,108022.0,76
201300011760,13,12,22,1500,1,1,1,1.0,6,76547,M,4956645.0,127326.0,76
201300011761,13,8,4,30,4,2,1,1.0,6,17396,M,4622166.0,-88361.0,17
201300011762,13,9,8,1030,1,1,2,1.0,3,17394,M,4614713.0,-64317.0,17
201300011763,13,8,5,700,2,1,1,1.0,6,17280,M,4584811.0,-71892.0,17
201300011764,13,8,23,1630,1,1,1,1.0,6,17213,M,4604038.0,-53683.0,17
201300011765,13,12,1,215,3,1,1,1.0,4,17465,M,4595819.0,-55319.0,17
201300011766,13,1,25,730,2,2,1,1.0,3,31116,M,4368660.0,144171.0,31
201300011767,13,2,17,1045,1,1,1,1.0,6,31282,M,0.0,0.0,31
201300011768,13,6,16,815,1,1,1,1.0,1,31116,M,0.0,0.0,31
201300011769,13,7,28,1915,1,2,1,3.0,1,31282,M,4366580.0,144138.0,31
201300011770,13,2,16,1330,1,1,1,1.0,3,83140,M,0.0,0.0,83
201300011771,13,2,21,1700,1,1,1,1.0,6,83140,M,0.0,0.0,83
201300011772,13,3,2,1130,1,1,9,1.0,6,83023,M,0.0,0.0,83
201300011773,13,4,12,1830,1,1,1,1.0,2,13087,M,0.0,0.0,13
201300011774,13,4,15,2100,3,1,1,1.0,5,83140,M,0.0,0.0,83
201300011775,13,5,22,1630,1,1,1,1.0,6,13110,M,0.0,0.0,13
201300011776,13,5,27,1130,1,1,1,1.0,7,83116,M,0.0,0.0,83
201300011777,13,8,11,1945,1,1,1,1.0,7,83140,M,0.0,0.0,83
201300011778,13,8,21,2230,3,1,1,1.0,3,83096,M,0.0,0.0,83
201300011779,13,8,23,2100,3,1,1,1.0,5,83116,M,0.0,0.0,83
201300011780,13,8,26,545,3,1,1,1.0,2,83116,M,0.0,0.0,83
201300011781,13,8,26,1915,1,1,1,1.0,6,83116,M,0.0,0.0,83
201300011782,13,9,1,1015,1,1,1,1.0,6,83116,M,0.0,0.0,83
201300011783,13,2,8,1700,1,1,1,1.0,4,74021,M,0.0,0.0,74
201300011784,13,4,14,930,1,1,1,1.0,6,74197,M,0.0,0.0,74
201300011785,13,4,24,1515,1,1,1,1.0,6,74118,M,0.0,0.0,74
201300011786,13,6,5,1300,1,1,1,1.0,2,74197,M,0.0,0.0,74
201300011787,13,7,25,915,1,1,1,1.0,2,74256,M,4594300.0,664300.0,74
201300011788,13,8,29,1415,1,1,1,1.0,2,74197,M,0.0,0.0,74
201300011789,13,1,6,1900,3,1,1,1.0,3,34022,M,4365667.0,399607.0,34
201300011790,13,1,12,2030,3,1,1,2.0,2,30034,M,4373850.0,445978.0,30
201300011791,13,2,7,2130,5,1,1,1.0,2,30123,M,4372708.0,418214.0,30
201300011792,13,2,8,645,3,1,1,1.0,2,34146,M,4369465.0,408403.0,34
201300011793,13,2,15,400,3,1,1,1.0,5,30036,M,4378245.0,429135.0,30
201300011794,13,4,6,645,3,1,1,2.0,1,30344,M,4375065.0,422558.0,30
201300011795,13,4,22,530,3,1,1,1.0,2,30123,M,4372443.0,416675.0,30
201300011796,13,4,29,1615,1,1,1,1.0,4,30036,M,4377669.0,428566.0,30
201300011797,13,5,14,1645,1,1,1,1.0,2,30317,M,4391507.0,457301.0,30
201300011798,13,5,26,2035,1,1,1,1.0,1,34321,M,4368017.0,403940.0,34
201300011799,13,7,20,1930,1,1,1,1.0,7,30189,M,4380448.0,432723.0,30
201300011800,13,7,24,1045,1,1,1,1.0,4,30189,M,4380715.0,435790.0,30
201300011801,13,7,28,1045,1,1,1,1.0,1,30123,M,4372441.0,416195.0,30
201300011802,13,8,18,1045,1,1,1,1.0,5,30344,M,4375031.0,422788.0,30
201300011803,13,8,23,1400,1,1,1,1.0,5,30145,M,4390037.0,452172.0,30
201300011804,13,9,1,730,1,1,1,1.0,4,30123,M,4380642.0,436653.0,30
201300011805,13,9,9,1245,1,1,1,1.0,1,30189,M,4379948.0,430986.0,30
201300011806,13,9,21,1045,1,1,1,1.0,2,30189,M,4381807.0,437148.0,30
201300011807,13,10,5,915,1,1,1,5.0,6,30344,M,4374635.0,420252.0,30
201300011808,13,10,18,1815,1,1,1,8.0,6,30347,M,4374345.0,419896.0,30
201300011809,13,11,4,2045,3,1,1,1.0,5,30145,M,4389983.0,451984.0,30
201300011810,13,11,4,2345,3,1,1,1.0,1,30189,M,4382529.0,438639.0,30
201300011811,13,11,12,2300,5,1,1,1.0,6,34172,M,0.0,0.0,34
201300011812,13,1,10,545,3,1,1,6.0,7,11441,M,4320200.0,307700.0,11
201300011813,13,3,15,1430,1,1,1,1.0,3,11144,M,0.0,0.0,11
201300011814,13,3,21,1430,1,1,1,1.0,3,11379,M,0.0,0.0,11
201300011815,13,4,3,800,1,1,1,1.0,6,11441,M,4319600.0,306900.0,11
201300011816,13,6,24,1300,1,1,1,1.0,2,11262,M,4316800.0,299900.0,11
201300011817,13,7,19,1830,1,1,1,1.0,4,11040,M,4316800.0,284600.0,11
201300011818,13,8,11,100,3,1,1,1.0,6,11144,M,0.0,0.0,11
201300011819,13,9,6,1045,1,1,1,1.0,6,11295,M,4308000.0,293800.0,11
201300011820,13,4,18,645,2,1,3,1.0,3,37008,M,0.0,0.0,37
201300011821,13,5,11,1615,1,1,1,1.0,1,37008,M,0.0,0.0,37
201300011822,13,5,19,845,1,1,1,1.0,1,37091,M,0.0,0.0,37
201300011823,13,5,19,1145,1,2,1,1.0,3,37091,M,0.0,0.0,37
201300011824,13,8,26,1845,1,1,1,1.0,6,37267,M,0.0,0.0,37
201300011825,13,11,2,1330,1,2,1,1.0,3,37156,M,0.0,0.0,37
201300011826,13,11,24,1900,3,1,1,1.0,1,37008,M,0.0,0.0,37
201300011827,13,1,7,1245,1,1,1,1.0,6,45008,M,4807214.0,184882.0,45
201300011828,13,1,28,1200,1,1,1,1.0,7,28311,M,0.0,0.0,28
201300011829,13,2,22,1745,1,1,1,1.0,2,28002,M,0.0,0.0,28
201300011830,13,4,8,1700,1,1,1,1.0,2,45093,M,4803355.0,184009.0,45
201300011831,13,4,14,715,1,1,1,1.0,6,28276,M,0.0,0.0,28
201300011832,13,5,19,815,1,1,1,1.0,4,45008,M,4806601.0,184681.0,45
201300011833,13,5,31,845,1,1,1,1.0,3,28121,M,0.0,0.0,28
201300011834,13,6,2,1715,1,1,1,1.0,1,28121,M,0.0,0.0,28
201300011835,13,6,4,700,1,1,1,1.0,2,28002,M,0.0,0.0,28
201300011836,13,6,14,1800,1,1,1,1.0,6,45020,M,4783798.0,167100.0,45