Num_Acc,an,mois,jour,hrmn,lum,agg,int,atm,col,com,gps,lat,long,dep
201300011837,13,6,22,845,1,1,1,1.0,5,28367,M,0.0,0.0,28
201300011838,13,7,18,1115,1,1,1,1.0,6,45093,M,4803246.0,183999.0,45
201300011839,13,9,5,1415,1,1,1,1.0,6,45344,M,4779401.0,160751.0,45
201300011840,13,10,8,430,3,1,1,1.0,1,28303,M,0.0,0.0,28
201300011841,13,10,26,945,1,1,1,1.0,2,45006,M,4776709.0,185219.0,45
201300011842,13,11,13,1415,1,1,1,1.0,1,28367,M,4815900.0,185500.0,28
201300011843,13,12,2,1445,1,1,1,1.0,6,45317,M,4777089.0,157461.0,45
201300011844,13,12,22,130,3,1,1,2.0,6,45317,M,4776373.0,156101.0,45
201300011845,13,3,29,1830,1,1,1,1.0,6,13114,M,4353328.0,528066.0,13
201300011846,13,4,19,1545,1,2,1,1.0,3,13032,M,4357053.0,535599.0,13
201300011847,13,6,3,1815,1,1,1,1.0,3,13114,M,0.0,0.0,13
201300011848,13,7,17,1645,1,1,1,1.0,7,13114,M,4354691.0,529052.0,13
201300011849,13,7,23,1600,1,1,1,1.0,7,13032,M,0.0,0.0,13
201300011850,13,10,9,845,1,2,1,1.0,6,13032,M,0.0,0.0,13
201300011851,13,10,25,1430,1,2,1,1.0,6,13032,M,4356649.0,537400.0,13
201300011852,13,3,5,715,2,1,9,1.0,2,67472,M,0.0,0.0,67
201300011853,13,4,6,1330,1,2,7,1.0,3,67194,M,0.0,0.0,67
201300011854,13,5,4,945,1,2,3,2.0,3,67465,M,0.0,0.0,67
201300011855,13,8,4,1645,1,1,1,1.0,5,67319,M,0.0,0.0,67
201300011856,13,10,7,1030,1,1,1,2.0,7,67180,M,0.0,0.0,67
201300011857,13,10,15,1630,1,2,1,3.0,1,67194,M,0.0,0.0,67
201300011858,13,10,30,1200,3,2,1,1.0,6,67465,M,0.0,0.0,67
201300011859,13,1,2,845,1,1,1,9.0,6,21054,M,4703040.0,486967.0,21
201300011860,13,1,5,500,3,1,1,1.0,6,21347,M,4700630.0,486264.0,21
201300011861,13,4,30,630,2,1,1,2.0,6,21590,M,4705690.0,482694.0,21
201300011862,13,6,19,2215,3,1,1,2.0,6,21054,M,4700089.0,485938.0,21
201300011863,13,8,4,1300,1,1,1,1.0,7,21347,M,4700336.0,485370.0,21
201300011864,13,8,18,1445,1,1,1,1.0,2,21423,M,0.0,0.0,21
201300011865,13,10,21,2100,3,1,1,1.0,2,39029,M,4712700.0,554700.0,39
201300011866,13,1,15,945,1,1,1,4.0,6,73239,M,4578360.0,596412.0,73
201300011867,13,2,4,2200,3,1,1,8.0,1,73239,M,4578766.0,596656.0,73
201300011868,13,4,1,30,3,1,1,1.0,3,73103,M,4567494.0,592917.0,73
201300011869,13,4,29,1645,1,1,1,2.0,6,73128,M,4571900.0,592500.0,73
201300011870,13,5,16,1400,1,1,9,3.0,6,73103,M,4567608.0,592984.0,73
201300011871,13,5,30,1115,1,1,1,1.0,6,73128,M,4570580.0,592709.0,73
201300011872,13,7,16,2000,1,1,1,1.0,6,73179,M,4560272.0,587683.0,73
201300011873,13,7,17,2000,2,1,1,3.0,6,73182,M,4569610.0,593004.0,73
201300011874,13,7,18,900,1,1,1,1.0,2,73065,M,4560885.0,588799.0,73
201300011875,13,12,25,1400,1,1,1,3.0,6,73027,M,4556600.0,576200.0,73
201300011876,13,3,30,815,1,1,1,1.0,1,74307,M,0.0,0.0,74
201300011877,13,5,25,1600,1,1,1,4.0,5,74224,M,0.0,0.0,74
201300011878,13,7,12,115,3,1,1,1.0,7,74061,M,4587000.0,606000.0,74
201300011879,13,9,15,2100,3,1,1,8.0,6,74120,M,0.0,0.0,74
201300011880,13,2,8,800,1,1,1,8.0,6,38257,M,4546600.0,540200.0,38
201300011881,13,3,3,630,3,1,1,1.0,7,38368,M,,,38
201300011882,13,3,4,400,3,1,1,1.0,6,38508,M,4550842.0,540201.0,38
201300011883,13,4,10,1800,1,1,1,1.0,4,38565,M,4527300.0,562700.0,38
201300011884,13,10,17,900,1,1,1,1.0,2,38382,M,4524600.0,565900.0,38
201300011885,13,12,23,1415,1,1,1,1.0,5,38170,M,4525420.0,564662.0,38
201300011886,13,3,7,1045,1,1,1,8.0,3,55497,M,0.0,0.0,55
201300011887,13,8,3,1615,1,1,1,7.0,3,55237,M,0.0,0.0,55
201300011888,13,1,17,1620,1,1,1,1.0,6,08105,M,4979450.0,474421.0,08
201300011889,13,2,8,1915,2,2,1,2.0,7,08105,M,4976640.0,471872.0,08
201300011890,13,2,8,1920,5,2,3,1.0,3,08105,M,4978090.0,470777.0,08
201300011891,13,2,18,955,1,2,1,1.0,6,08105,M,4976640.0,471864.0,08
201300011892,13,2,19,920,1,2,3,1.0,6,08105,M,4977050.0,472451.0,08
201300011893,13,3,1,1735,1,2,1,1.0,6,08105,M,4975080.0,472433.0,08
201300011894,13,3,26,640,2,2,3,1.0,3,08105,M,4972880.0,471307.0,08
201300011895,13,5,13,745,1,2,1,1.0,6,08105,M,4976650.0,471858.0,08
201300011896,13,5,18,1900,1,2,1,1.0,2,08105,M,4974580.0,472471.0,08
201300011897,13,6,5,925,1,2,1,1.0,6,08105,M,4977520.0,471257.0,08
201300011898,13,6,9,1715,1,2,1,3.0,1,08105,M,4977630.0,471524.0,08
201300011899,13,6,14,1855,1,2,1,7.0,6,08180,M,4972180.0,471381.0,08
201300011900,13,6,18,900,1,2,5,1.0,3,08105,M,4977350.0,470455.0,08
201300011901,13,6,23,620,1,2,1,2.0,7,08105,M,4977980.0,472037.0,08
201300011902,13,7,6,1820,1,2,6,1.0,3,08105,M,4974010.0,471141.0,08
201300011903,13,6,11,1130,1,1,1,1.0,7,08105,M,,,08
201300011904,13,9,1,1215,1,2,1,1.0,1,08497,M,4978590.0,467821.0,08
201300011905,13,9,2,2125,5,2,2,1.0,3,08105,M,4976310.0,472036.0,08
201300011906,13,9,27,1945,2,2,1,1.0,5,08105,M,4978060.0,471523.0,08
201300011907,13,12,6,1815,3,1,1,1.0,7,35331,M,4812639.0,-193729.0,35
201300011908,13,2,28,1755,1,1,1,1.0,6,14536,M,4940990.0,26818.0,14
201300011909,13,5,21,830,1,1,1,8.0,6,14012,M,4924130.0,-2792.0,14
201300011910,13,8,2,1745,1,1,1,1.0,2,14682,M,0.0,0.0,14
201300011911,13,9,15,1215,1,1,1,1.0,6,14185,M,0.0,0.0,14
201300011912,13,11,1,2145,3,1,1,3.0,7,14203,M,0.0,0.0,14
201300011913,13,11,20,700,3,1,1,9.0,1,14682,M,0.0,0.0,14
201300011914,13,12,6,1645,3,1,1,1.0,4,14437,M,0.0,0.0,14
201300011915,13,2,19,1600,1,1,1,1.0,1,13065,M,0.0,0.0,13
201300011916,13,4,30,1830,1,2,2,1.0,3,13065,M,4368652.0,486554.0,13
201300011917,13,6,21,745,1,1,1,1.0,3,13058,M,0.0,0.0,13
201300011918,13,7,21,1045,1,1,1,1.0,1,13011,M,0.0,0.0,13
201300011919,13,9,6,1115,1,1,1,1.0,7,13011,M,4374794.0,483115.0,13
201300011920,13,12,14,1030,1,2,2,1.0,1,13065,M,0.0,0.0,13
201300011921,13,12,20,1815,5,2,1,2.0,6,13065,M,0.0,0.0,13
201300011922,13,1,5,115,3,1,1,8.0,2,28085,M,0.0,0.0,28
201300011923,13,4,10,1415,1,1,1,1.0,6,41295,M,4761700.0,139132.0,41
201300011924,13,5,9,1645,1,1,3,1.0,3,41067,M,4749440.0,152012.0,41
201300011925,13,6,4,1730,1,1,1,1.0,6,41050,M,4749130.0,143545.0,41
201300011926,13,5,10,1245,1,2,1,1.0,2,69027,M,0.0,0.0,69
201300011927,13,5,14,1800,1,2,1,1.0,1,69027,M,0.0,0.0,69
201300011928,13,7,22,2230,5,2,1,1.0,1,69027,M,0.0,0.0,69
201300011929,13,9,27,1515,1,2,6,1.0,3,69043,M,0.0,0.0,69
201300011930,13,11,11,530,5,2,1,1.0,6,69027,M,0.0,0.0,69
201300011931,13,12,22,1000,1,2,1,1.0,7,69268,M,0.0,0.0,69
201300011932,13,2,17,1530,1,2,1,1.0,3,29212,M,4838033.0,-459811.0,29
201300011933,13,4,25,1530,1,1,1,1.0,2,29130,M,4836101.0,-464885.0,29
201300011934,13,6,17,1915,1,1,1,3.0,1,29201,M,4841412.0,-465073.0,29
201300011935,13,7,5,1515,1,1,1,1.0,3,29212,M,4840467.0,-461940.0,29
201300011936,13,7,7,1830,3,1,1,1.0,6,29069,M,4842114.0,-456476.0,29
201300011937,13,7,22,1815,1,1,1,1.0,3,29201,M,4842125.0,-468888.0,29
201300011938,13,8,19,1045,1,1,6,1.0,7,29019,M,4837333.0,-456102.0,29
201300011939,13,10,9,445,3,1,1,5.0,6,29212,M,4839192.0,-461570.0,29
201300011940,13,10,19,1715,1,1,2,1.0,3,29201,M,4838051.0,-471202.0,29
201300011941,13,10,20,1400,1,1,1,1.0,6,29201,M,4837939.0,-475468.0,29
201300011942,13,11,30,1715,1,2,1,1.0,6,29212,M,4838146.0,-461539.0,29
201300011943,13,1,2,1130,1,1,1,1.0,2,34172,M,4360074.0,391949.0,34
201300011944,13,1,13,1000,1,1,1,1.0,6,34143,M,4346339.0,363029.0,34
201300011945,13,4,14,245,3,1,1,1.0,2,34031,M,4336800.0,339073.0,34
201300011946,13,5,12,1545,1,1,1,1.0,5,34129,M,4358290.0,388772.0,34
201300011947,13,5,14,345,3,1,1,1.0,6,34172,M,4360468.0,392951.0,34
201300011948,13,5,15,1015,1,1,9,2.0,2,34032,M,4334844.0,327884.0,34
201300011949,13,5,15,1930,2,1,1,2.0,5,34172,M,4360201.0,392266.0,34
201300011950,13,6,3,1445,1,1,1,1.0,2,34172,M,4361200.0,393600.0,34
201300011951,13,6,7,1115,1,1,1,1.0,7,34172,M,4359928.0,391673.0,34
201300011952,13,7,1,1745,1,1,1,1.0,3,34172,M,4359800.0,390600.0,34
201300011953,13,7,16,1700,1,1,1,1.0,3,34207,M,4341200.0,349200.0,34
201300011954,13,7,19,1115,1,1,9,1.0,2,34166,M,4359000.0,389700.0,34
201300011955,13,7,28,1545,1,1,1,1.0,6,34203,M,4342100.0,352600.0,34
201300011956,13,7,30,1030,1,1,1,1.0,6,34095,M,4354900.0,379200.0,34
201300011957,13,8,2,2000,1,1,1,1.0,5,34172,M,4358400.0,388400.0,34
201300011958,13,8,14,1615,1,1,1,1.0,1,34135,M,4328200.0,318400.0,34
201300011959,13,8,26,1500,1,1,1,1.0,4,34101,M,4340400.0,347400.0,34
201300011960,13,9,23,1100,3,1,1,1.0,6,34032,M,0.0,0.0,34
201300011961,13,9,28,130,3,1,1,1.0,6,34172,M,4358677.0,389312.0,34
201300011962,13,9,28,2100,3,1,1,1.0,5,34135,M,4328700.0,318700.0,34
201300011963,13,9,30,615,3,1,1,1.0,5,34113,M,4350538.0,373532.0,34
201300011964,13,10,20,545,3,1,1,1.0,5,34157,M,4344978.0,358371.0,34
201300011965,13,11,1,1545,1,1,1,1.0,6,34129,M,4357266.0,387217.0,34
201300011966,13,12,7,1915,1,1,1,1.0,5,34172,M,4359300.0,389900.0,34
201300011967,13,12,7,215,3,1,1,1.0,5,34101,M,4338800.0,345100.0,34
201300011968,13,12,7,345,3,1,1,1.0,2,34031,M,4338100.0,341700.0,34
201300011969,13,12,10,715,2,1,1,5.0,5,34135,M,4325200.0,315300.0,34
201300011970,13,12,20,815,1,1,1,1.0,2,34172,M,4359200.0,389700.0,34
201300011971,13,12,24,2330,3,1,1,1.0,2,34203,M,0.0,0.0,34
201300011972,13,3,18,1130,1,1,1,1.0,5,33036,M,0.0,0.0,33
201300011973,13,5,25,1645,1,1,1,1.0,7,33021,M,0.0,0.0,33
201300011974,13,6,18,1545,1,1,1,3.0,3,33227,M,0.0,0.0,33
201300011975,13,7,13,1600,1,1,1,1.0,7,33337,M,0.0,0.0,33
201300011976,13,8,12,1145,1,1,1,1.0,7,33072,M,0.0,0.0,33
201300011977,13,8,18,1730,1,1,1,1.0,7,33227,M,0.0,0.0,33
201300011978,13,6,5,1400,1,2,3,1.0,3,31506,M,4355050.0,153517.0,31
201300011979,13,6,17,1915,1,2,1,1.0,3,31506,M,0.0,0.0,31
201300011980,13,9,6,1800,1,2,1,1.0,2,31254,M,4352750.0,153848.0,31
201300011981,13,9,9,1800,1,1,1,1.0,3,31506,M,0.0,0.0,31
201300011982,13,9,30,1800,1,2,1,1.0,7,31506,M,0.0,0.0,31
201300011983,13,10,31,1830,3,1,1,1.0,1,31506,M,0.0,0.0,31
201300011984,13,12,4,1415,1,2,1,1.0,6,31446,M,4354455.0,147874.0,31
201300011985,13,7,4,700,1,2,1,1.0,3,26096,M,0.0,0.0,26
201300011986,13,7,4,1915,1,1,1,1.0,7,26034,M,0.0,0.0,26
201300011987,13,7,6,1715,1,1,2,1.0,3,26096,M,0.0,0.0,26
201300011988,13,7,8,930,1,1,2,1.0,3,26323,M,0.0,0.0,26
201300011989,13,7,16,830,1,1,1,1.0,3,26096,M,0.0,0.0,26
201300011990,13,7,21,1730,1,2,1,1.0,6,26088,M,0.0,0.0,26
201300011991,13,7,22,745,1,1,3,1.0,3,26092,M,0.0,0.0,26
201300011992,13,7,23,800,1,2,1,2.0,1,26325,M,4526960.0,481380.0,26
201300011993,13,7,23,1915,1,2,2,1.0,3,26273,M,0.0,0.0,26
201300011994,13,7,27,645,1,1,1,1.0,1,26301,M,0.0,0.0,26
201300011995,13,7,29,1045,1,1,9,1.0,3,26301,M,0.0,0.0,26
201300011996,13,7,30,1830,1,1,1,1.0,6,26247,M,0.0,0.0,26
201300011997,13,7,31,630,1,1,2,1.0,3,26139,M,4507130.0,509160.0,26
201300011998,13,7,31,800,1,1,1,1.0,6,26049,M,0.0,0.0,26
201300011999,13,8,1,1745,1,2,1,1.0,6,26307,M,4501460.0,529120.0,26
201300012000,13,8,10,1045,1,2,7,1.0,7,26301,M,4512200.0,498500.0,26
201300012001,13,8,10,1600,1,1,2,1.0,3,26084,M,4501800.0,497360.0,26
201300012002,13,8,16,730,1,1,1,7.0,2,26084,M,0.0,0.0,26
201300012003,13,8,16,945,1,1,1,1.0,4,26084,M,0.0,0.0,26
201300012004,13,8,18,530,3,1,1,1.0,6,26079,M,0.0,0.0,26
201300012005,13,8,17,2330,3,1,1,1.0,7,26148,M,0.0,0.0,26
201300012006,13,8,22,1215,1,1,1,1.0,6,26096,M,0.0,0.0,26
201300012007,13,8,24,545,2,2,6,1.0,3,26333,M,0.0,0.0,26
201300012008,13,8,25,1145,1,1,1,1.0,6,26088,M,4502130.0,509010.0,26
201300012009,13,8,27,2015,1,1,3,1.0,3,26231,M,4510630.0,505140.0,26
201300012010,13,8,29,1830,1,1,1,1.0,6,26207,M,0.0,0.0,26
201300012011,13,8,29,930,1,1,6,1.0,3,26023,M,0.0,0.0,26
201300012012,13,9,20,1645,1,1,1,1.0,7,26293,M,0.0,0.0,26
201300012013,13,9,22,1245,1,1,1,1.0,1,26156,M,0.0,0.0,26
201300012014,13,9,24,1000,1,1,1,1.0,2,26250,M,0.0,0.0,26
201300012015,13,9,24,945,1,1,9,1.0,3,26155,M,0.0,0.0,26
201300012016,13,9,26,1830,1,1,1,1.0,7,26084,M,0.0,0.0,26
201300012017,13,9,26,1815,1,2,1,1.0,3,26325,M,4528290.0,481980.0,26
201300012018,13,9,30,1315,1,1,1,1.0,1,26139,M,0.0,0.0,26
201300012019,13,10,9,200,3,1,1,5.0,7,26163,M,0.0,0.0,26
201300012020,13,10,13,15,3,1,1,3.0,1,26301,M,0.0,0.0,26
201300012021,13,10,14,1315,1,2,1,1.0,6,26148,M,0.0,0.0,26
201300012022,13,10,16,830,1,1,1,8.0,6,26231,M,0.0,0.0,26
201300012023,13,10,24,745,1,1,1,5.0,1,26004,M,0.0,0.0,26
201300012024,13,10,25,1900,3,1,2,1.0,3,26084,M,4499430.0,492270.0,26
201300012025,13,10,31,1515,1,1,1,1.0,3,26301,M,0.0,0.0,26
201300012026,13,11,5,815,2,1,1,1.0,6,26088,M,0.0,0.0,26
201300012027,13,11,5,1745,3,1,9,2.0,5,26084,M,0.0,0.0,26
201300012028,13,11,6,715,2,2,3,1.0,3,26323,M,0.0,0.0,26
201300012029,13,11,14,830,1,1,2,1.0,3,26084,M,0.0,0.0,26
201300012030,13,11,16,130,3,1,1,1.0,7,26009,M,0.0,0.0,26
201300012031,13,11,20,1500,1,1,1,4.0,3,26162,M,0.0,0.0,26
201300012032,13,11,21,1430,1,1,1,1.0,3,26160,M,0.0,0.0,26
201300012033,13,11,30,1130,1,1,1,1.0,7,26088,M,0.0,0.0,26
201300012034,13,12,3,2300,3,1,1,1.0,1,26311,M,0.0,0.0,26
201300012035,13,12,7,1715,2,1,1,1.0,6,26002,M,0.0,0.0,26
201300012036,13,12,16,745,2,1,1,5.0,6,26381,M,4502200.0,517200.0,26
201300012037,13,12,22,745,2,1,1,8.0,6,26155,M,0.0,0.0,26
201300012038,13,4,4,730,2,1,1,2.0,7,63241,M,0.0,0.0,63
201300012039,13,4,19,2300,3,1,1,1.0,2,63413,M,0.0,0.0,63
201300012040,13,5,2,930,1,1,1,1.0,4,63302,M,0.0,0.0,63
201300012041,13,5,6,1045,1,1,1,1.0,2,63455,M,0.0,0.0,63
201300012042,13,7,10,1400,1,1,1,1.0,2,63193,M,0.0,0.0,63
201300012043,13,7,18,1730,1,1,9,1.0,7,63113,M,0.0,0.0,63
201300012044,13,9,20,800,1,1,9,2.0,2,63126,M,0.0,0.0,63
201300012045,13,9,24,1745,1,1,1,1.0,3,63413,M,0.0,0.0,63
201300012046,13,1,11,1145,1,1,1,1.0,6,64147,M,4345040.0,-134954.0,64
201300012047,13,4,13,415,3,1,1,2.0,7,64483,M,4338300.0,-164399.0,64
201300012048,13,5,2,1915,1,1,1,8.0,2,64102,M,4347620.0,-145144.0,64
201300012049,13,7,3,1715,1,1,1,2.0,7,64122,M,4344810.0,-154913.0,64
201300012050,13,7,31,1800,1,1,1,1.0,6,64407,M,4345590.0,-140973.0,64
201300012051,13,9,25,1800,1,1,1,1.0,1,40212,M,4355827.0,-113653.0,40
201300012052,13,12,4,1615,1,1,1,1.0,5,64249,M,4341530.0,-160995.0,64
201300012053,13,12,21,1945,3,1,1,1.0,4,64125,M,4344470.0,-156569.0,64
201300012054,13,3,6,1215,1,2,1,1.0,6,08409,M,4969710.0,494106.0,08
201300012055,13,8,7,1340,1,2,1,2.0,6,08409,M,4970340.0,494317.0,08
201300012056,13,8,10,1050,1,2,2,1.0,3,08409,M,4970250.0,493000.0,08
201300012057,13,9,15,1350,1,1,1,1.0,7,08174,M,4971690.0,493202.0,08
201300012058,13,9,28,2150,3,1,1,1.0,7,08409,M,4969090.0,491795.0,08
201300012059,13,9,23,1409,1,2,3,1.0,6,08174,M,4972220.0,492757.0,08
201300012060,13,9,11,1700,1,1,1,3.0,2,08494,M,4968410.0,494141.0,08
201300012061,13,11,20,2204,3,1,1,4.0,6,08409,M,4969180.0,489659.0,08
201300012062,13,12,22,20,5,2,9,2.0,2,08409,M,4970160.0,493862.0,08
201300012063,13,7,3,2000,1,1,1,1.0,6,71297,M,0.0,0.0,71
201300012064,13,8,8,1230,1,1,1,8.0,2,71015,M,0.0,0.0,71
201300012065,13,11,26,1530,1,2,1,1.0,2,71014,M,4695487.0,429400.0,71
201300012066,13,7,11,1650,1,1,1,1.0,1,02159,M,0.0,0.0,02
201300012067,13,8,13,1745,1,2,1,1.0,6,02173,M,4961822.0,322177.0,02
201300012068,13,9,2,1740,2,1,2,7.0,3,02833,M,0.0,0.0,02
201300012069,13,9,7,1130,1,2,6,1.0,1,02173,M,0.0,0.0,02
201300012070,13,9,23,1345,1,1,9,1.0,1,02318,M,0.0,0.0,02
201300012071,13,9,28,1915,2,1,3,1.0,3,02746,M,0.0,0.0,02
201300012072,13,10,16,650,3,1,1,5.0,5,02820,M,0.0,0.0,02
201300012073,13,11,8,1015,1,1,1,1.0,7,02111,M,0.0,0.0,02
201300012074,13,12,13,710,3,1,1,9.0,2,02599,M,0.0,0.0,02
201300012075,13,12,20,1815,3,1,1,1.0,6,02566,M,0.0,0.0,02
201300012076,13,7,4,2000,2,2,9,1.0,1,02810,M,4924264.0,309696.0,02
201300012077,13,7,7,1815,1,2,4,1.0,6,02225,M,0.0,0.0,02
201300012078,13,7,11,1215,1,1,4,1.0,5,02172,M,0.0,0.0,02
201300012079,13,8,14,2200,3,1,1,1.0,7,02773,M,0.0,0.0,02
201300012080,13,9,8,1120,1,1,1,1.0,7,02368,M,0.0,0.0,02
201300012081,13,9,11,900,1,1,1,2.0,6,02810,M,0.0,0.0,02
201300012082,13,9,15,1545,1,1,3,1.0,1,02809,M,0.0,0.0,02
201300012083,13,9,30,1010,1,1,3,1.0,5,02763,M,0.0,0.0,02
201300012084,13,10,21,745,2,1,1,8.0,5,02011,M,0.0,0.0,02
201300012085,13,10,19,1445,1,2,3,1.0,3,02810,M,4924712.0,309103.0,02
201300012086,13,10,22,1710,1,2,1,3.0,1,02305,M,0.0,0.0,02
201300012087,13,10,28,1820,3,1,1,1.0,7,02372,M,0.0,0.0,02
201300012088,13,11,6,1700,1,1,1,1.0,6,02633,M,0.0,0.0,02
201300012089,13,11,26,1045,1,1,1,1.0,6,02131,M,0.0,0.0,02
201300012090,13,11,29,1900,3,1,1,2.0,5,02810,M,0.0,0.0,02
201300012091,13,1,19,200,3,1,1,4.0,6,51599,M,0.0,0.0,51
201300012092,13,2,18,1400,1,1,1,1.0,6,51183,M,0.0,0.0,51
201300012093,13,5,5,1430,1,1,1,1.0,7,51562,M,0.0,0.0,51
201300012094,13,5,5,2230,2,1,1,1.0,6,51573,M,0.0,0.0,51
201300012095,13,5,26,45,3,1,1,1.0,3,51562,M,0.0,0.0,51
201300012096,13,6,11,1130,1,1,1,1.0,7,51562,M,0.0,0.0,51
201300012097,13,7,31,1015,1,1,1,7.0,5,51329,M,0.0,0.0,51
201300012098,13,8,3,1700,1,1,1,1.0,7,51536,M,0.0,0.0,51
201300012099,13,9,23,400,3,1,1,1.0,2,51278,M,0.0,0.0,51
201300012100,13,7,5,1600,1,1,1,1.0,7,13078,M,0.0,0.0,13
201300012101,13,7,9,1930,1,1,1,1.0,3,13083,M,4390760.0,479544.0,13
201300012102,13,7,28,1345,1,1,1,1.0,7,13004,M,0.0,0.0,13
201300012103,13,9,22,330,3,1,1,1.0,7,13083,M,0.0,0.0,13
201300012104,13,10,24,1645,1,2,1,1.0,3,13004,M,0.0,0.0,13
201300012105,13,11,13,2045,3,1,1,1.0,2,13078,M,4341070.0,478000.0,13
201300012106,13,12,2,930,1,1,1,1.0,6,13097,M,0.0,0.0,13
201300012107,13,12,3,1230,1,1,1,1.0,2,13097,M,0.0,0.0,13
201300012108,13,12,16,1545,1,1,1,1.0,3,13100,M,0.0,0.0,13
201300012109,13,3,25,1745,5,2,6,1.0,3,38485,M,0.0,0.0,38
201300012110,13,4,16,830,1,2,1,1.0,1,38486,M,0.0,0.0,38
201300012111,13,4,24,845,1,2,1,1.0,6,38486,M,0.0,0.0,38
201300012112,13,4,30,1015,1,2,1,2.0,6,38485,M,0.0,0.0,38
201300012113,13,5,15,845,1,2,2,1.0,3,38485,M,0.0,0.0,38
201300012114,13,6,6,815,1,2,1,1.0,6,38486,M,4517500.0,569500.0,38
201300012115,13,7,13,945,1,2,1,1.0,7,38485,M,4518400.0,568600.0,38
201300012116,13,8,18,1630,1,1,1,1.0,6,38485,M,4516650.0,566768.0,38
201300012117,13,8,22,1845,1,1,1,1.0,3,38485,M,0.0,0.0,38
201300012118,13,9,28,1615,1,2,1,1.0,1,38485,M,4517190.0,568369.0,38
201300012119,13,9,12,2015,3,1,1,1.0,7,38485,M,0.0,0.0,38
201300012120,13,10,24,915,1,1,1,5.0,6,38433,M,0.0,0.0,38
201300012121,13,11,21,2100,3,1,1,4.0,6,38485,M,0.0,0.0,38
201300012122,13,12,5,1800,5,2,1,1.0,6,38485,M,0.0,0.0,38
201300012123,13,12,8,2000,5,2,1,1.0,1,38485,M,0.0,0.0,38
201300012124,13,4,16,1430,1,1,1,1.0,6,38052,M,0.0,0.0,38
201300012125,13,6,17,1315,1,1,1,1.0,6,38289,M,4511660.0,603540.0,38
201300012126,13,7,4,1730,1,1,1,1.0,6,38285,M,0.0,0.0,38
201300012127,13,8,9,1445,1,1,1,1.0,2,38052,M,0.0,0.0,38
201300012128,13,8,15,1145,1,1,1,1.0,6,38052,M,0.0,0.0,38
201300012129,13,4,16,2030,3,1,1,1.0,2,51515,M,0.0,0.0,51
201300012130,13,7,30,845,1,1,1,1.0,2,51507,M,0.0,0.0,51
201300012131,13,4,2,1730,1,1,1,1.0,4,57510,M,0.0,0.0,57
201300012132,13,4,25,1845,1,1,1,7.0,7,57144,M,0.0,0.0,57
201300012133,13,4,27,630,2,1,1,2.0,6,57762,M,0.0,0.0,57
201300012134,13,4,30,1200,1,1,1,3.0,2,57606,M,0.0,0.0,57
201300012135,13,5,5,945,1,1,1,1.0,7,57512,M,0.0,0.0,57
201300012136,13,6,23,2200,3,1,1,1.0,7,57444,M,0.0,0.0,57
201300012137,13,7,5,100,3,1,9,1.0,7,57303,M,0.0,0.0,57
201300012138,13,7,10,1745,1,1,1,1.0,2,57419,M,0.0,0.0,57
201300012139,13,8,25,545,3,1,1,1.0,2,57606,M,0.0,0.0,57
201300012140,13,10,7,730,1,1,1,1.0,3,57073,M,0.0,0.0,57
201300012141,13,10,25,1815,2,1,1,1.0,5,57694,M,0.0,0.0,57
201300012142,13,10,27,100,3,1,1,3.0,6,57332,M,0.0,0.0,57
201300012143,13,11,22,1730,3,1,1,3.0,5,57495,M,0.0,0.0,57
201300012144,13,1,15,1030,1,1,9,1.0,2,86174,M,0.0,0.0,86
201300012145,13,4,13,1445,1,1,1,1.0,7,86275,M,4688900.0,51600.0,86
201300012146,13,6,3,1115,1,1,1,1.0,6,86007,M,0.0,0.0,86
201300012147,13,8,29,1915,1,1,1,1.0,5,86297,M,0.0,0.0,86
201300012148,13,9,21,600,3,1,1,8.0,6,86066,M,0.0,0.0,86
201300012149,13,10,24,830,1,1,1,8.0,6,86146,M,0.0,0.0,86
201300012150,13,11,4,845,1,1,1,1.0,6,86062,M,0.0,0.0,86
201300012151,13,11,12,1730,2,1,1,8.0,7,86158,M,4663100.0,35000.0,86
201300012152,13,1,28,2000,3,1,1,1.0,2,36202,M,4682540.0,163701.0,36
201300012153,13,2,21,400,3,1,1,1.0,6,36230,M,4705510.0,181340.0,36
201300012154,13,3,17,400,3,1,1,2.0,6,36122,M,4709560.0,186008.0,36
201300012155,13,12,23,1045,1,1,1,1.0,6,36122,M,4708780.0,184117.0,36
201300012156,13,1,15,1500,1,1,1,1.0,6,49129,M,4750206.0,-50465.0,49
201300012157,13,2,3,545,3,1,1,1.0,6,49306,M,4744288.0,-74106.0,49
201300012158,13,4,24,1230,1,1,1,1.0,6,49129,M,4750320.0,-50093.0,49
201300012159,13,8,18,900,1,1,1,8.0,6,49321,M,4742494.0,-93799.0,49
201300012160,13,8,26,1115,1,1,1,1.0,6,49160,M,0.0,0.0,49
201300012161,13,9,22,1530,1,1,1,1.0,6,49289,M,4746651.0,-69140.0,49
201300012162,13,3,13,1055,1,1,1,4.0,6,02809,M,0.0,0.0,02
201300012163,13,7,6,45,3,1,1,1.0,6,02540,M,0.0,0.0,02
201300012164,13,8,22,1045,1,1,3,1.0,3,02289,M,4898041.0,343800.0,02
201300012165,13,9,10,1610,1,1,1,1.0,3,02290,M,0.0,0.0,02
201300012166,13,9,14,115,3,1,1,8.0,6,02297,M,0.0,0.0,02
201300012167,13,9,21,1545,1,1,1,1.0,1,02213,M,0.0,0.0,02
201300012168,13,10,23,840,1,1,1,1.0,6,02223,M,0.0,0.0,02
201300012169,13,1,28,2015,3,1,1,2.0,7,06088,M,0.0,0.0,06
201300012170,13,2,24,1745,2,1,1,4.0,4,06067,M,4378300.0,745000.0,06