Num_Acc,an,mois,jour,hrmn,lum,agg,int,atm,col,com,gps,lat,long,dep
201300012171,13,3,22,1600,1,1,1,1.0,4,06088,M,0.0,0.0,06
201300012172,13,4,2,515,3,1,1,1.0,6,06088,M,4367400.0,720200.0,06
201300012173,13,4,18,745,1,1,1,1.0,7,06088,M,0.0,0.0,06
201300012174,13,4,20,1145,1,1,1,1.0,6,06088,M,0.0,0.0,06
201300012175,13,5,12,2000,1,1,1,1.0,6,06088,M,0.0,0.0,06
201300012176,13,5,20,1615,1,1,1,1.0,3,06088,M,4373600.0,729200.0,06
201300012177,13,5,29,2015,1,1,1,1.0,6,06150,M,4375600.0,741400.0,06
201300012178,13,6,19,1715,1,1,1,1.0,2,06088,M,0.0,0.0,06
201300012179,13,6,15,1815,1,1,1,1.0,2,06088,M,0.0,0.0,06
201300012180,13,7,3,1630,1,1,1,1.0,2,06088,M,0.0,0.0,06
201300012181,13,7,11,1630,1,1,1,1.0,6,06150,M,0.0,0.0,06
201300012182,13,8,17,615,3,1,1,1.0,2,06149,M,0.0,0.0,06
201300012183,13,9,9,1715,1,1,1,1.0,2,06088,M,0.0,0.0,06
201300012184,13,11,9,1215,1,1,1,1.0,2,06149,M,0.0,0.0,06
201300012185,13,12,8,1115,1,1,1,1.0,2,06088,M,4372200.0,721600.0,06
201300012186,13,8,19,830,2,1,1,1.0,7,57168,M,0.0,0.0,57
201300012187,13,1,14,1815,3,1,1,1.0,5,90059,M,0.0,0.0,90
201300012188,13,1,31,215,3,1,1,1.0,6,68059,M,4771240.0,711997.0,68
201300012189,13,4,17,1001,1,1,1,1.0,6,90062,M,0.0,0.0,90
201300012190,13,7,31,1345,1,1,1,1.0,7,68059,M,0.0,0.0,68
201300012191,13,11,12,745,2,1,1,5.0,6,68059,M,0.0,0.0,68
201300012192,13,1,21,830,1,1,1,1.0,2,66136,M,0.0,0.0,66
201300012193,13,8,1,45,3,1,1,1.0,1,66214,M,0.0,0.0,66
201300012194,13,9,9,730,2,1,1,7.0,2,67444,M,0.0,0.0,67
201300012195,13,9,29,2045,3,1,1,1.0,2,67417,M,0.0,0.0,67
201300012196,13,11,3,430,3,1,1,2.0,6,67033,M,0.0,0.0,67
201300012197,13,11,22,430,3,1,1,2.0,6,67067,M,0.0,0.0,67
201300012198,13,2,2,1800,2,1,1,4.0,5,62073,M,0.0,0.0,62
201300012199,13,2,14,200,2,1,1,9.0,6,62609,M,5036000.0,278100.0,62
201300012200,13,3,20,1415,1,1,1,1.0,6,62480,M,0.0,0.0,62
201300012201,13,4,2,815,1,1,1,1.0,1,62073,M,5033700.0,281400.0,62
201300012202,13,5,8,830,1,1,1,1.0,6,62701,M,5058200.0,237400.0,62
201300012203,13,5,25,1015,1,1,1,1.0,6,62032,M,5041200.0,274200.0,62
201300012204,13,5,27,730,1,1,1,1.0,2,62480,M,5049300.0,268600.0,62
201300012205,13,7,15,245,3,1,1,1.0,6,62609,M,5036800.0,277100.0,62
201300012206,13,9,8,1915,1,1,1,1.0,7,62516,M,5054700.0,248900.0,62
201300012207,13,6,29,2115,1,1,1,1.0,6,44142,M,0.0,0.0,44
201300012208,13,7,3,1015,1,1,1,8.0,6,62794,M,5072300.0,217200.0,62
201300012209,13,8,3,1545,1,1,1,1.0,6,62504,M,0.0,0.0,62
201300012210,13,11,15,1645,3,1,1,8.0,2,62226,M,0.0,0.0,62
201300012211,13,7,1,245,3,1,1,1.0,7,02095,M,0.0,0.0,02
201300012212,13,7,19,2005,1,2,1,1.0,6,02312,M,4999014.0,390116.0,02
201300012213,13,7,20,2100,1,1,1,1.0,6,02374,M,0.0,0.0,02
201300012214,13,8,20,1500,1,2,1,1.0,7,02769,M,5002313.0,350218.0,02
201300012215,13,9,11,1300,1,1,1,2.0,6,02703,M,0.0,0.0,02
201300012216,13,9,16,1730,1,1,1,8.0,7,02757,M,0.0,0.0,02
201300012217,13,9,14,1105,1,2,3,2.0,6,02374,M,4991885.0,327910.0,02
201300012218,13,10,18,800,2,1,1,5.0,4,02814,M,0.0,0.0,02
201300012219,13,11,7,1530,1,2,1,3.0,1,02650,M,0.0,0.0,02
201300012220,13,11,21,2100,5,2,1,1.0,6,02067,M,0.0,0.0,02
201300012221,13,11,22,1820,3,1,3,1.0,5,02063,M,0.0,0.0,02
201300012222,13,12,5,900,1,1,1,5.0,3,02322,M,0.0,0.0,02
201300012223,13,12,10,1730,5,2,1,1.0,6,02361,M,4990042.0,362709.0,02
201300012224,13,12,17,2145,3,1,1,1.0,6,02808,M,0.0,0.0,02
201300012225,13,8,15,45,5,2,1,1.0,1,40307,M,4432203.0,-58608.0,40
201300012226,13,9,25,1300,1,1,1,1.0,6,40303,M,4416247.0,-89634.0,40
201300012227,13,10,27,1700,1,1,1,1.0,1,40046,M,4441686.0,-118813.0,40
201300012228,13,10,29,100,3,1,1,2.0,7,40307,M,4434904.0,-55426.0,40
201300012229,13,11,26,1400,1,1,2,1.0,3,40182,M,4408880.0,-115424.0,40
201300012230,13,3,9,1300,1,1,1,1.0,7,18129,M,0.0,0.0,18
201300012231,13,8,10,1000,1,1,1,1.0,6,18180,M,4700020.0,240337.0,18
201300012232,13,9,7,1415,1,1,1,1.0,1,18221,M,4682400.0,241400.0,18
201300012233,13,9,15,1045,1,1,1,1.0,6,18009,M,0.0,0.0,18
201300012234,13,11,1,1730,2,2,1,3.0,3,18197,M,4673675.0,248877.0,18
201300012235,13,8,11,1715,1,1,1,1.0,6,13042,M,0.0,0.0,13
201300012236,13,8,23,1830,2,1,1,1.0,6,13013,M,0.0,0.0,13
201300012237,13,10,20,1745,1,1,1,1.0,1,13007,M,0.0,0.0,13
201300012238,13,2,6,800,5,2,2,3.0,6,95323,M,4902080.0,202179.0,95
201300012239,13,3,10,215,5,2,3,1.0,2,95323,M,4901190.0,202939.0,95
201300012240,13,4,22,1800,1,2,1,1.0,6,95450,M,4901320.0,206110.0,95
201300012241,13,5,26,1915,1,1,2,1.0,3,95450,M,4901190.0,207439.0,95
201300012242,13,6,10,2245,1,2,1,1.0,1,95323,M,4902340.0,202530.0,95
201300012243,13,7,2,1715,1,2,1,1.0,1,95637,M,4903160.0,202380.0,95
201300012244,13,2,23,500,3,1,1,1.0,7,38062,M,4539290.0,598837.0,38
201300012245,13,3,17,1715,1,1,9,2.0,6,38027,M,4542900.0,599500.0,38
201300012246,13,6,9,1645,1,1,1,1.0,4,38140,M,4527300.0,589800.0,38
201300012247,13,7,10,1630,1,1,4,1.0,5,38229,M,4520680.0,579519.0,38
201300012248,13,7,19,1245,1,1,1,1.0,7,38062,M,0.0,0.0,38
201300012249,13,12,29,2300,3,1,1,1.0,7,38397,M,0.0,0.0,38
201300012250,13,1,28,1815,3,1,1,1.0,5,13073,M,0.0,0.0,13
201300012251,13,2,21,1045,1,1,1,1.0,3,13007,M,0.0,0.0,13
201300012252,13,4,27,515,2,1,1,2.0,5,13060,M,0.0,0.0,13
201300012253,13,6,9,500,2,1,1,1.0,2,13109,M,0.0,0.0,13
201300012254,13,7,16,1755,1,1,4,1.0,3,13001,M,0.0,0.0,13
201300012255,13,7,30,1400,1,1,1,1.0,2,13001,M,0.0,0.0,13
201300012256,13,8,17,200,3,1,1,1.0,7,13013,M,0.0,0.0,13
201300012257,13,8,18,2015,2,1,1,1.0,6,13025,M,0.0,0.0,13
201300012258,13,9,25,1700,1,1,1,1.0,2,13060,M,0.0,0.0,13
201300012259,13,9,28,1215,1,1,1,1.0,2,13001,M,0.0,0.0,13
201300012260,13,9,30,1400,1,1,9,1.0,6,13005,M,0.0,0.0,13
201300012261,13,11,12,1645,1,1,1,1.0,3,13025,M,0.0,0.0,13
201300012262,13,11,23,1900,3,1,1,1.0,2,13001,M,0.0,0.0,13
201300012263,13,12,7,330,3,1,1,1.0,3,13060,M,0.0,0.0,13
201300012264,13,1,7,2115,3,1,1,1.0,3,06155,M,0.0,0.0,06
201300012265,13,2,3,700,2,1,1,1.0,7,06027,M,0.0,0.0,06
201300012266,13,3,18,1945,3,1,1,1.0,4,06030,M,0.0,0.0,06
201300012267,13,3,25,430,3,1,1,1.0,6,06027,M,0.0,0.0,06
201300012268,13,4,4,945,1,1,1,1.0,2,06004,M,0.0,0.0,06
201300012269,13,4,12,1945,1,1,1,1.0,6,06004,M,0.0,0.0,06
201300012270,13,4,14,2145,3,1,1,1.0,6,06085,M,0.0,0.0,06
201300012271,13,4,20,1930,1,1,1,1.0,2,06085,M,0.0,0.0,06
201300012272,13,4,25,2345,3,1,1,1.0,5,06123,M,0.0,0.0,06
201300012273,13,5,1,715,1,1,1,1.0,6,06004,M,0.0,0.0,06
201300012274,13,5,6,1445,1,1,1,1.0,6,83001,M,0.0,0.0,83
201300012275,13,6,6,815,1,1,1,1.0,2,06004,M,0.0,0.0,06
201300012276,13,6,22,2315,1,1,1,1.0,2,06004,M,0.0,0.0,06
201300012277,13,6,29,1315,1,1,1,1.0,2,83001,M,0.0,0.0,83
201300012278,13,7,1,730,1,1,1,1.0,4,06004,M,0.0,0.0,06
201300012279,13,7,26,1630,1,1,1,1.0,6,06027,M,0.0,0.0,06
201300012280,13,8,14,1700,1,1,9,1.0,4,06004,M,0.0,0.0,06
201300012281,13,8,31,1000,1,1,1,1.0,1,06027,M,0.0,0.0,06
201300012282,13,9,21,1545,1,1,1,1.0,3,06123,M,0.0,0.0,06
201300012283,13,10,4,1730,1,1,1,1.0,2,06085,M,0.0,0.0,06
201300012284,13,10,6,630,3,1,1,1.0,5,06085,M,0.0,0.0,06
201300012285,13,10,24,1900,3,1,1,1.0,6,06123,M,0.0,0.0,06
201300012286,13,11,5,2030,3,1,1,9.0,5,06161,M,0.0,0.0,06
201300012287,13,11,16,500,3,1,1,1.0,2,83061,M,0.0,0.0,83
201300012288,13,12,10,815,1,1,1,1.0,4,06027,M,0.0,0.0,06
201300012289,13,12,23,645,3,1,1,2.0,5,06029,M,0.0,0.0,06
201300012290,13,1,18,815,3,1,1,2.0,6,64343,M,4327590.0,-19775.0,64
201300012291,13,12,10,2230,3,1,1,1.0,1,64198,M,4337930.0,-49987.0,64
201300012292,13,12,26,1315,1,1,1,4.0,5,64203,M,,,64
201300012293,13,9,3,800,1,1,1,1.0,6,66172,M,0.0,0.0,66
201300012294,13,10,13,400,3,1,1,1.0,3,66172,M,4270890.0,286899.0,66
201300012295,13,1,7,730,1,1,1,1.0,6,63164,M,4580679.0,316084.0,63
201300012296,13,3,6,815,1,1,1,2.0,6,63072,M,0.0,0.0,63
201300012297,13,5,19,400,3,1,1,1.0,6,63131,M,4584500.0,332200.0,63
201300012298,13,7,27,1145,1,1,1,1.0,4,63204,M,4581097.0,316569.0,63
201300012299,13,9,9,1630,1,1,1,1.0,6,63066,M,4588400.0,362900.0,63
201300012300,13,1,28,1530,1,2,2,7.0,6,74081,M,0.0,0.0,74
201300012301,13,4,6,2245,3,1,1,1.0,7,74064,M,0.0,0.0,74
201300012302,13,4,11,1100,1,1,1,8.0,4,74169,M,0.0,0.0,74
201300012303,13,5,8,130,5,2,2,1.0,3,74081,M,0.0,0.0,74
201300012304,13,5,13,1930,1,2,1,7.0,6,74264,M,0.0,0.0,74
201300012305,13,5,18,1115,1,2,3,1.0,3,74159,M,0.0,0.0,74
201300012306,13,5,31,2245,5,2,6,2.0,6,74081,M,0.0,0.0,74
201300012307,13,6,4,2345,3,1,1,1.0,1,74159,M,0.0,0.0,74
201300012308,13,6,20,1315,1,2,1,1.0,2,74264,M,0.0,0.0,74
201300012309,13,6,29,2230,5,2,2,2.0,1,74081,M,0.0,0.0,74
201300012310,13,7,8,1200,1,2,1,7.0,1,74081,M,0.0,0.0,74
201300012311,13,7,14,1900,1,1,1,1.0,7,74064,M,0.0,0.0,74
201300012312,13,7,19,1600,1,1,3,1.0,3,74081,M,0.0,0.0,74
201300012313,13,7,20,1400,1,1,1,1.0,1,74169,M,0.0,0.0,74
201300012314,13,7,28,1745,1,1,1,1.0,6,74081,M,0.0,0.0,74
201300012315,13,8,2,1945,1,2,1,1.0,6,74081,M,0.0,0.0,74
201300012316,13,8,11,1330,1,1,1,1.0,7,74064,M,0.0,0.0,74
201300012317,13,8,17,1315,1,2,2,1.0,3,74081,M,0.0,0.0,74
201300012318,13,8,18,1400,1,1,3,1.0,4,74159,M,0.0,0.0,74
201300012319,13,8,24,1500,1,1,1,3.0,1,74159,M,0.0,0.0,74
201300012320,13,9,2,1200,1,2,1,1.0,3,74081,M,0.0,0.0,74
201300012321,13,9,24,1845,1,1,1,1.0,6,74014,M,0.0,0.0,74
201300012322,13,11,3,1245,1,2,9,8.0,6,74169,M,0.0,0.0,74
201300012323,13,11,25,2300,5,2,1,1.0,1,74081,M,0.0,0.0,74
201300012324,13,7,6,1545,1,1,9,1.0,3,11397,M,0.0,0.0,11
201300012325,13,7,14,2345,3,1,1,1.0,5,11438,M,4321700.0,211700.0,11
201300012326,13,6,8,1600,1,1,1,1.0,1,59102,M,5015578.0,337509.0,59
201300012327,13,9,25,2130,5,2,2,1.0,3,59502,M,5020916.0,334548.0,59
201300012328,13,1,4,930,1,1,9,8.0,6,72375,M,0.0,0.0,72
201300012329,13,3,17,15,5,2,1,1.0,6,72276,M,0.0,0.0,72
201300012330,13,6,16,1630,1,1,1,1.0,7,72080,M,0.0,0.0,72
201300012331,13,8,29,1345,1,1,9,1.0,6,72375,M,0.0,0.0,72
201300012332,13,11,1,1200,1,1,1,3.0,1,72241,M,0.0,0.0,72
201300012333,13,12,20,1800,3,1,1,1.0,3,72105,M,0.0,0.0,72
201300012334,13,7,1,1300,1,1,1,1.0,2,89197,M,4751000.0,408699.0,89
201300012335,13,7,10,830,1,1,1,7.0,2,89277,M,0.0,0.0,89
201300012336,13,9,10,2155,5,2,1,,7,89339,M,,,89
201300012337,13,9,29,2330,3,1,1,2.0,3,89316,M,4754042.0,397433.0,89
201300012338,13,11,4,1615,1,1,1,3.0,7,89109,M,0.0,0.0,89
201300012339,13,5,1,1910,1,1,1,1.0,3,09207,M,4292459.0,163468.0,09
201300012340,13,5,6,2105,2,2,1,1.0,7,09122,M,4296390.0,160100.0,09
201300012341,13,7,6,1100,1,2,1,1.0,6,09122,M,4296374.0,160846.0,09
201300012342,13,7,9,1025,1,2,1,1.0,6,09122,M,4310491.0,162036.0,09
201300012343,13,7,10,1835,1,2,1,1.0,2,09122,M,4297292.0,160792.0,09
201300012344,13,7,15,1452,1,2,3,1.0,3,09122,M,4297020.0,160810.0,09
201300012345,13,7,26,905,1,1,1,1.0,6,09122,M,4294756.0,162647.0,09
201300012346,13,8,8,1432,1,1,1,1.0,5,09122,M,4297143.0,162292.0,09
201300012347,13,11,4,1905,3,1,1,2.0,5,09122,M,4296029.0,158627.0,09
201300012348,13,11,11,1355,1,2,1,1.0,7,09122,M,4696302.0,160690.0,09
201300012349,13,11,22,2015,5,2,1,4.0,7,09122,M,4296299.0,160886.0,09
201300012350,13,12,14,730,5,2,1,1.0,5,09122,M,4297747.0,160935.0,09
201300012351,13,12,27,1420,1,1,1,1.0,1,09207,M,4294309.0,163396.0,09
201300012352,13,1,13,15,3,1,1,1.0,7,91573,M,0.0,0.0,91
201300012353,13,2,2,2130,5,2,1,2.0,1,91553,M,4862400.0,248500.0,91
201300012354,13,5,13,2015,1,2,1,1.0,7,91577,M,0.0,0.0,91
201300012355,13,7,18,2000,1,2,1,1.0,5,91577,M,4860700.0,251000.0,91
201300012356,13,10,23,200,3,2,1,1.0,6,91577,M,4860700.0,250500.0,91
201300012357,13,10,30,900,1,2,1,1.0,1,91600,M,0.0,0.0,91
201300012358,13,11,2,600,3,1,6,2.0,6,91573,M,4866400.0,251800.0,91
201300012359,13,11,23,2100,3,1,1,1.0,3,91617,M,0.0,0.0,91
201300012360,13,1,9,2115,3,2,1,1.0,6,09225,M,4311500.0,160437.0,09
201300012361,13,4,3,2040,3,1,1,1.0,7,09225,M,4313015.0,165999.0,09
201300012362,13,5,10,2117,5,2,4,1.0,6,09225,M,4312262.0,160255.0,09
201300012363,13,7,19,945,1,2,6,1.0,6,09225,M,,,09
201300012364,13,8,4,405,5,1,6,1.0,6,09225,M,4314390.0,160585.0,09
201300012365,13,8,19,1030,1,2,1,1.0,6,09225,M,4311618.0,161038.0,09
201300012366,13,11,6,1800,5,2,4,2.0,6,09225,M,4311504.0,161817.0,09
201300012367,13,12,3,1535,1,2,2,1.0,3,09225,M,4311501.0,160960.0,09
201300012368,13,2,6,1315,1,1,1,4.0,5,31161,M,4382000.0,190600.0,31
201300012369,13,5,31,800,1,1,1,2.0,2,31037,M,0.0,0.0,31
201300012370,13,8,1,2245,3,1,1,6.0,5,31254,M,0.0,0.0,31
201300012371,13,1,15,1415,2,1,1,1.0,6,33284,M,4463100.0,-95600.0,33
201300012372,13,4,30,1730,1,1,1,1.0,4,33042,M,0.0,0.0,33
201300012373,13,6,8,1900,1,1,1,3.0,3,33498,M,4453200.0,-83400.0,33
201300012374,13,6,14,1900,1,1,1,1.0,1,33260,M,4450300.0,-83700.0,33
201300012375,13,6,20,745,1,1,1,3.0,5,33122,M,0.0,0.0,33
201300012376,13,6,24,1615,1,1,1,1.0,7,33284,M,0.0,0.0,33
201300012377,13,7,13,445,3,1,1,1.0,5,33527,M,4461600.0,-100200.0,33
201300012378,13,7,21,1930,1,1,1,1.0,2,33284,M,4461600.0,-101600.0,33
201300012379,13,8,21,1630,1,1,1,1.0,2,33284,M,0.0,0.0,33
201300012380,13,9,15,615,2,1,1,1.0,2,33042,M,0.0,0.0,33
201300012381,13,10,29,245,3,1,1,2.0,6,33284,M,4463700.0,-85000.0,33
201300012382,13,11,12,1315,1,1,1,1.0,1,33284,M,4467600.0,-80600.0,33
201300012383,13,2,26,715,2,1,1,8.0,6,74208,M,4551800.0,629000.0,74
201300012384,13,3,26,1445,1,1,1,2.0,7,74208,M,0.0,0.0,74
201300012385,13,6,19,1100,1,1,1,1.0,6,74056,M,0.0,0.0,74
201300012386,13,8,24,545,2,1,1,1.0,7,74143,M,0.0,0.0,74
201300012387,13,2,1,1,3,1,1,2.0,6,46040,M,4451175.0,166692.0,46
201300012388,13,9,2,1445,1,1,3,1.0,7,46077,M,4452400.0,155516.0,46
201300012389,13,10,31,1115,1,1,3,1.0,3,46010,M,4441620.0,156771.0,46
201300012390,13,11,1,2015,3,1,1,2.0,7,46049,M,4443324.0,180904.0,46
201300012391,13,3,22,1730,1,1,1,1.0,2,69086,M,4584400.0,463400.0,69
201300012392,13,6,8,615,1,1,1,1.0,6,69032,M,4585100.0,457100.0,69
201300012393,13,10,12,2300,3,1,1,1.0,6,69086,M,4584200.0,465800.0,69
201300012394,13,12,13,800,1,1,1,5.0,4,69112,M,0.0,0.0,69
201300012395,13,3,10,1515,1,1,1,1.0,7,72360,M,0.0,0.0,72
201300012396,13,11,15,1745,3,1,1,1.0,2,72149,M,0.0,0.0,72
201300012397,13,1,16,2015,3,1,1,1.0,5,68278,M,4776978.0,741297.0,68
201300012398,13,1,24,1930,3,1,1,1.0,1,68103,M,4768055.0,740056.0,68
201300012399,13,5,11,730,1,1,1,1.0,3,68042,M,4762104.0,751186.0,68
201300012400,13,8,17,1330,1,1,1,1.0,7,68300,M,4778007.0,740388.0,68
201300012401,13,10,4,1245,1,1,1,1.0,6,68300,M,4778019.0,740150.0,68
201300012402,13,1,31,1600,1,1,1,1.0,7,53201,M,4809857.0,-85072.0,53
201300012403,13,3,3,1000,1,1,1,1.0,7,53007,M,4807466.0,-60296.0,53
201300012404,13,8,7,415,3,1,1,1.0,7,53007,M,4807505.0,-62049.0,53
201300012405,13,10,7,2030,3,1,1,1.0,3,53034,M,4809986.0,-71816.0,53
201300012406,13,1,15,830,1,1,1,1.0,2,44035,M,0.0,0.0,44
201300012407,13,3,28,1630,1,1,1,1.0,2,44035,M,,,44
201300012408,13,3,28,1715,1,1,1,1.0,4,44035,M,0.0,0.0,44
201300012409,13,6,13,1930,1,1,1,1.0,6,44163,M,0.0,0.0,44
201300012410,13,6,16,45,3,1,1,1.0,7,44048,M,0.0,0.0,44
201300012411,13,7,28,1245,1,1,1,1.0,6,44026,M,0.0,0.0,44
201300012412,13,8,23,1245,1,1,1,1.0,2,44003,M,0.0,0.0,44
201300012413,13,10,1,2000,3,1,1,8.0,6,44213,M,4742500.0,-102600.0,44
201300012414,13,10,9,1945,3,1,1,1.0,6,44163,M,0.0,0.0,44
201300012415,13,10,26,1830,1,1,1,1.0,7,44003,M,0.0,0.0,44
201300012416,13,1,3,1845,3,1,9,1.0,3,47201,M,4416320.0,59891.0,47
201300012417,13,6,18,845,1,1,1,3.0,2,47238,M,0.0,0.0,47
201300012418,13,8,14,1615,1,1,1,1.0,7,47041,M,0.0,0.0,47
201300012419,13,1,21,1630,1,1,1,4.0,5,82033,M,0.0,0.0,82
201300012420,13,3,9,1615,1,1,1,1.0,7,82025,M,0.0,0.0,82
201300012421,13,4,8,1430,1,1,1,1.0,2,82031,M,0.0,0.0,82
201300012422,13,4,23,1645,1,1,1,1.0,6,82025,M,0.0,0.0,82
201300012423,13,7,16,1715,1,1,1,1.0,4,82025,M,0.0,0.0,82
201300012424,13,8,1,1030,1,1,1,1.0,6,82037,M,0.0,0.0,82
201300012425,13,9,29,1715,1,1,1,2.0,6,82123,M,0.0,0.0,82
201300012426,13,10,3,715,3,1,1,1.0,6,82125,M,0.0,0.0,82
201300012427,13,1,13,330,3,2,1,3.0,7,20270,M,4206280.0,882664.0,201
201300012428,13,5,21,1315,1,1,1,1.0,1,20065,M,4217194.0,860838.0,201
201300012429,13,7,21,2330,3,1,1,1.0,1,20090,M,0.0,0.0,201
201300012430,13,12,2,930,3,1,1,9.0,2,39101,M,0.0,0.0,39
201300012431,13,1,7,715,2,2,4,1.0,1,38397,M,4525000.0,583621.0,38
201300012432,13,3,11,645,2,2,1,8.0,1,38229,M,0.0,0.0,38
201300012433,13,3,26,1815,1,2,6,1.0,1,38140,M,0.0,0.0,38
201300012434,13,4,9,1800,1,2,1,2.0,6,38229,M,0.0,0.0,38
201300012435,13,12,13,1315,1,2,1,1.0,3,38140,M,0.0,0.0,38
201300012436,13,2,8,1900,5,2,1,1.0,1,06085,M,0.0,0.0,06
201300012437,13,2,22,1945,3,1,1,2.0,1,06085,M,0.0,0.0,06
201300012438,13,2,28,830,1,2,1,1.0,7,06085,M,0.0,0.0,06
201300012439,13,4,12,1600,1,2,1,1.0,3,06085,M,0.0,0.0,06
201300012440,13,4,22,2330,5,2,6,1.0,3,06085,M,0.0,0.0,06
201300012441,13,4,15,900,1,2,6,1.0,3,06085,M,0.0,0.0,06
201300012442,13,6,2,30,5,1,1,1.0,6,06085,M,0.0,0.0,06
201300012443,13,6,29,1100,1,2,1,1.0,1,06085,M,0.0,0.0,06
201300012444,13,7,22,1845,1,2,2,1.0,3,06085,M,0.0,0.0,06
201300012445,13,10,2,715,1,2,6,1.0,3,06085,M,0.0,0.0,06
201300012446,13,10,21,1915,5,2,1,1.0,3,06085,M,0.0,0.0,06
201300012447,13,11,5,500,3,2,1,1.0,3,06085,M,0.0,0.0,06
201300012448,13,12,4,1300,1,1,6,1.0,1,06085,M,0.0,0.0,06
201300012449,13,1,11,945,1,1,1,1.0,3,78189,M,4888682.0,190869.0,78
201300012450,13,6,17,1030,1,1,1,3.0,5,78189,M,0.0,0.0,78
201300012451,13,6,23,1800,1,2,1,1.0,3,78010,M,0.0,0.0,78
201300012452,13,10,9,945,1,2,1,9.0,1,78466,M,0.0,0.0,78
201300012453,13,5,6,1130,1,1,2,1.0,1,33122,M,4473500.0,-64000.0,33
201300012454,13,9,10,1530,1,2,9,1.0,6,33122,M,0.0,0.0,33
201300012455,13,10,4,800,1,2,1,3.0,1,33122,M,0.0,0.0,33
201300012456,13,12,11,1845,3,2,1,1.0,6,34199,M,4346700.0,343400.0,34
201300012457,13,1,31,900,1,1,1,1.0,2,66213,M,0.0,0.0,66
201300012458,13,5,10,845,1,2,1,1.0,6,66195,M,4268155.0,279228.0,66
201300012459,13,7,20,700,1,2,1,1.0,6,66195,M,0.0,0.0,66
201300012460,13,9,1,545,3,1,1,1.0,7,66213,M,0.0,0.0,66
201300012461,13,1,27,1415,1,1,1,8.0,6,67462,M,0.0,0.0,67
201300012462,13,3,16,300,3,1,1,1.0,6,67329,M,0.0,0.0,67
201300012463,13,5,19,300,3,1,9,1.0,6,67462,M,0.0,0.0,67
201300012464,13,6,16,1400,1,1,1,1.0,1,67112,M,0.0,0.0,67
201300012465,13,7,9,845,1,1,1,1.0,2,67155,M,0.0,0.0,67
201300012466,13,9,7,1245,1,1,1,1.0,6,67125,M,0.0,0.0,67
201300012467,13,10,3,2300,3,1,1,1.0,6,67101,M,0.0,0.0,67
201300012468,13,4,7,1600,1,1,1,1.0,3,79031,M,0.0,0.0,79
201300012469,13,8,11,1200,1,1,1,1.0,7,79003,M,0.0,0.0,79
201300012470,13,3,21,2045,3,1,1,1.0,3,74118,M,0.0,0.0,74
201300012471,13,4,23,1115,1,1,1,1.0,2,74201,M,0.0,0.0,74
201300012472,13,5,22,445,3,1,1,1.0,2,74044,M,0.0,0.0,74
201300012473,13,7,28,1830,1,1,1,3.0,6,74082,M,0.0,0.0,74
201300012474,13,9,25,715,2,1,1,1.0,7,74243,M,0.0,0.0,74
201300012475,13,10,3,1630,1,1,1,1.0,2,74243,M,0.0,0.0,74
201300012476,13,10,20,1215,1,1,1,3.0,6,74201,M,0.0,0.0,74
201300012477,13,1,15,1815,5,2,3,3.0,3,22182,M,4854795.0,-296080.0,22
201300012478,13,4,4,1830,1,1,4,8.0,2,22182,M,4853317.0,-293864.0,22
201300012479,13,4,26,1645,1,1,1,1.0,6,22187,M,4854876.0,-279408.0,22
201300012480,13,5,26,2115,1,1,3,1.0,3,22372,M,4852203.0,-283473.0,22
201300012481,13,7,28,315,5,1,1,1.0,7,22182,M,4853366.0,-294027.0,22
201300012482,13,5,22,1145,1,1,1,1.0,6,20269,M,4186600.0,937300.0,201
201300012483,13,7,29,2245,3,1,1,1.0,7,20269,M,0.0,0.0,201
201300012484,13,8,8,2115,3,1,1,1.0,5,20092,M,4173952.0,940570.0,201
201300012485,13,8,16,1300,1,1,1,1.0,3,20269,M,0.0,0.0,201
201300012486,13,8,21,1515,1,1,1,1.0,7,20269,M,0.0,0.0,201
201300012487,13,9,29,1330,1,1,1,8.0,7,20092,M,4172200.0,940200.0,201
201300012488,13,10,17,2245,3,1,1,1.0,7,20139,M,0.0,0.0,201
201300012489,13,1,4,2000,3,1,1,1.0,1,74268,M,0.0,0.0,74
201300012490,13,3,17,1600,1,2,1,8.0,3,74268,M,0.0,0.0,74
201300012491,13,4,14,2245,5,2,1,1.0,7,74268,M,0.0,0.0,74
201300012492,13,5,15,1215,1,2,1,2.0,1,74268,M,0.0,0.0,74
201300012493,13,6,14,730,1,2,1,1.0,6,74268,M,0.0,0.0,74
201300012494,13,7,21,1300,1,2,1,1.0,6,74268,M,0.0,0.0,74
201300012495,13,8,23,715,1,2,1,1.0,7,74268,M,0.0,0.0,74
201300012496,13,9,7,2015,3,1,4,3.0,1,74268,M,0.0,0.0,74
201300012497,13,9,28,1515,1,2,1,1.0,6,74268,M,0.0,0.0,74
201300012498,13,10,26,1445,1,1,2,1.0,5,74268,M,0.0,0.0,74
201300012499,13,10,26,1030,1,1,1,1.0,5,74268,M,0.0,0.0,74
201300012500,13,1,22,1445,1,1,1,1.0,2,01062,M,4585540.0,510571.0,01
201300012501,13,1,29,215,3,1,1,1.0,2,01099,M,4590640.0,523596.0,01
201300012502,13,1,30,745,2,1,1,1.0,7,01049,M,4583630.0,503673.0,01
201300012503,13,4,18,330,3,1,1,1.0,7,01089,M,4595160.0,530197.0,01
201300012504,13,6,16,2045,2,1,1,1.0,6,38557,M,4579800.0,507800.0,38
201300012505,13,9,5,1915,1,1,1,1.0,1,69280,M,4576400.0,508500.0,69
201300012506,13,9,9,2215,3,1,1,1.0,2,01450,M,4592500.0,526300.0,01
201300012507,13,10,31,2115,3,1,1,1.0,4,01007,M,4600100.0,531400.0,01
201300012508,13,1,10,2230,5,2,2,3.0,3,42279,M,4551280.0,426836.0,42
201300012509,13,2,19,1430,1,2,1,1.0,1,42279,M,4551080.0,426696.0,42