Num_Acc,an,mois,jour,hrmn,lum,agg,int,atm,col,com,gps,lat,long,dep
201300012510,13,6,17,800,1,2,1,1.0,6,42256,M,0.0,0.0,42
201300012511,13,6,22,1315,1,2,1,1.0,2,42279,M,4550959.0,427420.0,42
201300012512,13,7,23,1215,1,1,2,1.0,3,42279,M,4547218.0,425671.0,42
201300012513,13,8,10,1800,1,1,1,1.0,3,42279,M,4549984.0,426498.0,42
201300012514,13,10,5,1245,1,1,1,8.0,1,42279,M,0.0,0.0,42
201300012515,13,10,28,1200,1,2,1,1.0,1,42279,M,4550219.0,426227.0,42
201300012516,13,11,2,1945,3,1,1,2.0,7,42042,M,4546609.0,423021.0,42
201300012517,13,6,7,1845,1,1,2,1.0,3,91244,M,0.0,0.0,91
201300012518,13,8,26,2200,3,2,1,1.0,7,91045,M,4852800.0,236600.0,91
201300012519,13,11,11,1900,3,1,6,1.0,2,91649,M,0.0,0.0,91
201300012520,13,11,22,1700,5,2,3,1.0,1,91037,M,0.0,0.0,91
201300012521,13,12,14,430,5,2,1,3.0,6,91045,M,0.0,0.0,91
201300012522,13,1,25,845,1,1,1,9.0,6,51580,M,0.0,0.0,51
201300012523,13,2,19,1100,1,1,1,1.0,1,51333,M,0.0,0.0,51
201300012524,13,5,30,1655,1,1,1,8.0,6,51613,M,0.0,0.0,51
201300012525,13,6,26,1545,1,2,1,1.0,1,51461,M,0.0,0.0,51
201300012526,13,7,4,1530,1,1,2,1.0,3,51614,M,0.0,0.0,51
201300012527,13,8,8,430,3,1,1,1.0,6,51461,M,0.0,0.0,51
201300012528,13,9,1,1615,1,1,2,1.0,3,51115,M,0.0,0.0,51
201300012529,13,9,4,1715,1,2,1,1.0,3,51333,M,0.0,0.0,51
201300012530,13,9,27,845,1,1,3,1.0,3,51629,M,0.0,0.0,51
201300012531,13,10,8,1345,1,1,1,1.0,2,51536,M,0.0,0.0,51
201300012532,13,10,26,1845,2,1,1,1.0,6,51044,M,0.0,0.0,51
201300012533,13,11,3,1045,1,1,1,1.0,1,51428,M,0.0,0.0,51
201300012534,13,11,16,15,5,2,1,1.0,6,51562,M,0.0,0.0,51
201300012535,13,3,21,1145,1,2,1,1.0,6,31157,M,4353496.0,134539.0,31
201300012536,13,4,18,730,1,2,6,1.0,3,31157,M,4354439.0,134616.0,31
201300012537,13,4,27,2230,5,2,2,1.0,1,31157,M,4353893.0,133949.0,31
201300012538,13,5,5,1530,1,2,1,1.0,7,31588,M,4352434.0,132988.0,31
201300012539,13,8,31,2115,5,2,1,1.0,6,31203,M,4351643.0,131553.0,31
201300012540,13,9,9,1945,1,2,1,1.0,3,31588,M,0.0,0.0,31
201300012541,13,12,27,1500,1,2,1,1.0,6,31203,M,4351412.0,132101.0,31
201300012542,13,1,8,815,1,2,1,1.0,7,06152,M,0.0,0.0,06
201300012543,13,1,20,1615,1,1,1,3.0,1,06152,M,0.0,0.0,06
201300012544,13,1,21,1830,3,1,1,1.0,1,06152,M,0.0,0.0,06
201300012545,13,2,2,1745,1,1,1,1.0,1,06152,M,0.0,0.0,06
201300012546,13,2,12,1900,5,1,1,1.0,6,06018,M,0.0,0.0,06
201300012547,13,3,19,915,1,1,1,1.0,3,06152,M,0.0,0.0,06
201300012548,13,4,9,1645,1,2,1,1.0,6,06018,M,0.0,0.0,06
201300012549,13,5,29,1645,1,1,1,1.0,7,06018,M,0.0,0.0,06
201300012550,13,8,8,1215,1,1,1,1.0,6,06152,M,0.0,0.0,06
201300012551,13,9,6,1715,1,1,1,1.0,6,06152,M,0.0,0.0,06
201300012552,13,9,18,1400,1,2,1,1.0,1,06018,M,0.0,0.0,06
201300012553,13,9,20,1815,1,2,1,1.0,5,06018,M,0.0,0.0,06
201300012554,13,10,1,1700,1,1,6,1.0,2,06152,M,0.0,0.0,06
201300012555,13,10,8,600,3,1,1,1.0,6,06152,M,0.0,0.0,06
201300012556,13,10,29,2345,3,1,1,1.0,7,06152,M,0.0,0.0,06
201300012557,13,11,2,1630,1,1,1,1.0,3,06018,M,0.0,0.0,06
201300012558,13,2,14,645,2,2,6,1.0,3,69063,M,0.0,0.0,69
201300012559,13,4,28,1730,1,2,1,2.0,1,69088,M,0.0,0.0,69
201300012560,13,12,3,1400,1,1,1,1.0,1,69033,M,0.0,0.0,69
201300012561,13,1,28,1045,1,2,1,2.0,1,69244,M,0.0,0.0,69
201300012562,13,6,19,1915,1,2,4,1.0,3,69244,M,0.0,0.0,69
201300012563,13,6,26,1800,1,2,1,1.0,6,69244,M,0.0,0.0,69
201300012564,13,9,29,1545,1,2,2,1.0,5,69244,M,0.0,0.0,69
201300012565,13,10,7,930,1,2,1,1.0,7,69244,M,0.0,0.0,69
201300012566,13,12,27,2130,5,2,2,8.0,3,69244,M,0.0,0.0,69
201300012567,13,1,9,2030,5,2,1,1.0,6,38378,M,4544350.0,476916.0,38
201300012568,13,1,23,1000,1,2,1,1.0,6,38378,M,0.0,0.0,38
201300012569,13,3,23,100,3,1,1,1.0,6,38425,M,0.0,0.0,38
201300012570,13,5,10,1515,1,2,1,1.0,2,38425,M,0.0,0.0,38
201300012571,13,6,18,1700,1,1,1,1.0,3,38378,M,0.0,0.0,38
201300012572,13,7,8,1900,1,2,1,1.0,7,38340,M,0.0,0.0,38
201300012573,13,7,12,2230,5,2,1,1.0,7,38425,M,0.0,0.0,38
201300012574,13,9,6,1930,1,1,1,1.0,3,38536,M,0.0,0.0,38
201300012575,13,11,9,1745,2,1,1,1.0,6,38378,M,4545350.0,477818.0,38
201300012576,13,11,14,1215,1,2,1,1.0,3,38340,M,4545200.0,476900.0,38
201300012577,13,4,17,1715,1,1,1,1.0,1,74120,M,0.0,0.0,74
201300012578,13,5,13,1845,1,1,1,1.0,1,74137,M,4600700.0,618800.0,74
201300012579,13,7,12,645,1,2,4,1.0,3,74299,M,0.0,0.0,74
201300012580,13,9,7,2100,5,2,1,3.0,3,74011,M,0.0,0.0,74
201300012581,13,9,21,1730,1,1,1,1.0,1,74011,M,0.0,0.0,74
201300012582,13,11,11,1800,2,1,1,1.0,1,74120,M,0.0,0.0,74
201300012583,13,12,11,2100,3,1,1,1.0,7,74120,M,4605700.0,621700.0,74
201300012584,13,1,8,1800,2,1,1,1.0,1,34153,M,4374003.0,378022.0,34
201300012585,13,3,16,415,3,1,1,1.0,7,34153,M,4373518.0,379026.0,34
201300012586,13,7,5,1145,1,2,9,1.0,6,34255,M,0.0,0.0,34
201300012587,13,11,19,1500,1,2,1,2.0,3,34116,M,4365100.0,380700.0,34
201300012588,13,12,24,845,1,2,1,1.0,1,34116,M,0.0,0.0,34
201300012589,13,4,6,1515,1,1,1,1.0,7,01350,M,4628040.0,524186.0,01
201300012590,13,6,3,745,1,1,1,1.0,6,01451,M,4623490.0,527928.0,01
201300012591,13,8,8,1100,1,1,1,3.0,4,01422,M,4614620.0,529130.0,01
201300012592,13,3,16,155,3,1,1,1.0,6,02359,M,0.0,0.0,02
201300012593,13,7,3,2315,3,1,1,1.0,6,02123,M,0.0,0.0,02
201300012594,13,7,9,1130,1,1,1,7.0,6,02808,M,0.0,0.0,02
201300012595,13,8,11,1730,1,1,3,1.0,5,02575,M,0.0,0.0,02
201300012596,13,8,17,2345,3,1,1,1.0,2,02149,M,0.0,0.0,02
201300012597,13,9,3,1850,1,1,1,1.0,1,02571,M,0.0,0.0,02
201300012598,13,9,5,1730,1,1,1,1.0,6,02575,M,0.0,0.0,02
201300012599,13,9,21,2350,3,1,1,1.0,6,02397,M,0.0,0.0,02
201300012600,13,12,10,850,2,1,1,9.0,6,02397,M,0.0,0.0,02
201300012601,13,12,21,1030,1,1,1,1.0,2,02330,M,0.0,0.0,02
201300012602,13,1,28,1030,1,2,1,1.0,7,78571,M,0.0,0.0,78
201300012603,13,4,20,15,3,1,1,9.0,7,78455,M,0.0,0.0,78
201300012604,13,7,19,2245,5,2,1,1.0,6,78455,M,0.0,0.0,78
201300012605,13,9,20,2000,5,2,1,1.0,6,78233,M,0.0,0.0,78
201300012606,13,11,1,2230,3,2,1,3.0,7,78043,M,0.0,0.0,78
201300012607,13,12,16,1745,3,1,1,1.0,5,78233,M,0.0,0.0,78
201300012608,13,3,30,545,4,1,3,2.0,3,13037,M,0.0,0.0,13
201300012609,13,3,30,1430,1,1,1,1.0,2,13112,M,0.0,0.0,13
201300012610,13,4,24,2045,3,1,1,1.0,3,13032,M,0.0,0.0,13
201300012611,13,7,6,115,3,2,1,1.0,6,13014,M,0.0,0.0,13
201300012612,13,11,26,1745,3,1,1,1.0,5,13112,M,0.0,0.0,13
201300012613,13,11,28,815,1,1,1,1.0,3,95678,M,0.0,0.0,95
201300012614,13,1,1,2000,5,2,8,4.0,2,09139,M,4258866.0,179809.0,09
201300012615,13,1,10,2000,3,1,1,2.0,1,09032,M,4272263.0,184283.0,09
201300012616,13,1,31,815,1,1,1,9.0,7,09189,M,4267872.0,183180.0,09
201300012617,13,5,26,1500,1,2,1,1.0,1,09318,M,4276188.0,177188.0,09
201300012618,13,7,19,1130,1,1,1,1.0,6,09189,M,4266265.0,183556.0,09
201300012619,13,9,25,1345,1,1,1,1.0,5,09283,M,4273150.0,180875.0,09
201300012620,13,10,26,1245,1,1,1,1.0,3,09032,M,4269248.0,182814.0,09
201300012621,13,1,8,1800,5,2,1,1.0,6,35131,M,4812367.0,-180821.0,35
201300012622,13,3,10,1545,1,1,9,1.0,6,35210,M,4815060.0,-179663.0,35
201300012623,13,5,9,230,3,1,1,1.0,7,35210,M,4813152.0,-180490.0,35
201300012624,13,7,22,1130,1,1,1,1.0,1,35131,M,0.0,0.0,35
201300012625,13,9,17,700,2,1,3,1.0,1,35210,M,4815062.0,-179674.0,35
201300012626,13,10,10,1545,1,2,6,1.0,6,35210,M,0.0,0.0,35
201300012627,13,1,1,730,1,1,1,1.0,7,56240,M,0.0,0.0,56
201300012628,13,12,28,1645,1,1,1,2.0,1,56214,M,4750281.0,-282700.0,56
201300012629,13,4,30,1630,1,2,1,1.0,6,56005,M,4754187.0,-289017.0,56
201300012630,13,5,20,1715,1,1,1,8.0,3,56251,M,0.0,0.0,56
201300012631,13,6,9,1500,1,1,1,1.0,5,56252,M,0.0,0.0,56
201300012632,13,6,28,1830,1,1,9,1.0,6,56240,M,0.0,0.0,56
201300012633,13,8,1,1115,1,1,1,1.0,2,56240,M,4750814.0,-275080.0,56
201300012634,13,8,10,1845,1,1,9,1.0,3,56240,M,0.0,0.0,56
201300012635,13,8,12,1815,1,2,1,1.0,3,56251,M,0.0,0.0,56
201300012636,13,7,15,1100,1,1,1,1.0,6,42295,M,4585455.0,381043.0,42
201300012637,13,8,11,1830,1,1,1,1.0,6,42155,M,4582228.0,412033.0,42
201300012638,13,2,6,1300,1,1,1,1.0,7,42066,M,4574186.0,417931.0,42
201300012639,13,10,13,700,3,1,1,9.0,5,42209,M,4586347.0,430871.0,42
201300012640,13,5,13,1500,1,1,1,1.0,1,88022,M,4823180.0,586058.0,88
201300012641,13,5,25,1230,1,1,1,1.0,2,88324,M,4828853.0,585600.0,88
201300012642,13,5,29,1715,1,1,1,1.0,1,88031,M,4834779.0,585594.0,88
201300012643,13,10,1,2145,3,1,1,1.0,2,88390,M,4814515.0,568722.0,88
201300012644,13,2,25,1900,4,2,1,1.0,6,38553,M,0.0,0.0,38
201300012645,13,5,23,1700,1,1,1,3.0,4,38553,M,0.0,0.0,38
201300012646,13,6,3,900,1,2,1,1.0,3,38553,M,0.0,0.0,38
201300012647,13,6,17,1100,1,1,1,1.0,1,38048,M,0.0,0.0,38
201300012648,13,7,19,1045,1,1,1,1.0,3,38339,M,0.0,0.0,38
201300012649,13,1,20,2130,3,1,1,1.0,2,13113,M,0.0,0.0,13
201300012650,13,5,3,130,3,1,1,1.0,6,13113,M,0.0,0.0,13
201300012651,13,8,9,1900,1,1,1,1.0,3,13113,M,0.0,0.0,13
201300012652,13,9,9,745,1,1,1,1.0,6,13113,M,0.0,0.0,13
201300012653,13,9,9,1645,1,1,1,1.0,6,13099,M,0.0,0.0,13
201300012654,13,11,25,1830,3,1,1,1.0,6,13048,M,0.0,0.0,13
201300012655,13,12,23,1130,1,1,1,5.0,1,13113,M,0.0,0.0,13
201300012656,13,12,24,1615,1,1,1,1.0,6,13059,M,0.0,0.0,13
201300012657,13,3,13,2245,3,1,1,1.0,2,18138,M,0.0,0.0,18
201300012658,13,4,27,1800,1,1,1,1.0,6,18141,M,0.0,0.0,18
201300012659,13,6,1,1215,1,1,1,1.0,6,18279,M,0.0,0.0,18
201300012660,13,6,18,800,1,1,1,8.0,6,18279,M,0.0,0.0,18
201300012661,13,7,7,1115,1,1,1,1.0,3,18190,M,0.0,0.0,18
201300012662,13,7,9,245,5,1,1,1.0,6,18279,M,4724624.0,206519.0,18
201300012663,13,8,14,1530,1,1,1,1.0,6,18138,M,0.0,0.0,18
201300012664,13,9,8,1745,1,1,1,1.0,1,18279,M,0.0,0.0,18
201300012665,13,9,23,1500,1,1,9,1.0,4,18279,M,0.0,0.0,18
201300012666,13,10,17,700,2,1,1,8.0,6,18167,M,0.0,0.0,18
201300012667,13,10,19,1645,1,1,1,1.0,1,18279,M,0.0,0.0,18
201300012668,13,11,16,1200,1,1,1,1.0,6,18141,M,0.0,0.0,18
201300012669,13,1,18,1515,1,1,1,6.0,3,34333,M,4348805.0,377257.0,34
201300012670,13,1,22,2115,3,1,1,1.0,1,34337,M,4353953.0,388954.0,34
201300012671,13,3,17,115,3,1,1,9.0,7,34159,M,4352300.0,381444.0,34
201300012672,13,4,7,1230,1,1,1,1.0,3,34333,M,4348417.0,377259.0,34
201300012673,13,5,15,2015,2,1,1,1.0,6,34333,M,4349555.0,377693.0,34
201300012674,13,10,3,600,3,1,1,1.0,1,34337,M,4353359.0,353359.0,34
201300012675,13,11,8,745,2,1,1,1.0,6,34333,M,0.0,0.0,34
201300012676,13,11,27,1945,3,1,1,1.0,3,34333,M,0.0,0.0,34
201300012677,13,2,24,2000,3,1,1,1.0,4,01204,M,4616530.0,570255.0,01
201300012678,13,9,5,1845,2,1,1,1.0,7,01228,M,0.0,0.0,01
201300012679,13,9,19,745,2,1,1,9.0,6,01265,M,0.0,0.0,01
201300012680,13,9,28,1100,1,1,1,1.0,4,01228,M,0.0,0.0,01
201300012681,13,10,19,1530,1,1,1,1.0,6,01373,M,0.0,0.0,01
201300012682,13,11,18,2045,3,1,1,1.0,6,01283,M,0.0,0.0,01
201300012683,13,12,14,1600,2,1,1,8.0,2,01077,M,0.0,0.0,01
201300012684,13,12,24,2015,3,1,1,3.0,3,14391,M,0.0,0.0,14
201300012685,13,2,28,2145,3,1,1,1.0,7,13051,M,0.0,0.0,13
201300012686,13,3,4,1015,1,1,1,8.0,1,13044,M,0.0,0.0,13
201300012687,13,3,5,1545,1,1,1,1.0,6,13051,M,0.0,0.0,13
201300012688,13,3,14,930,1,2,1,6.0,1,13029,M,4356281.0,506639.0,13
201300012689,13,3,30,400,3,1,1,2.0,6,13051,M,0.0,0.0,13
201300012690,13,5,11,100,3,1,1,1.0,7,13009,M,0.0,0.0,13
201300012691,13,5,24,1845,1,1,1,1.0,1,13029,M,0.0,0.0,13
201300012692,13,5,27,800,1,1,2,1.0,1,13051,M,0.0,0.0,13
201300012693,13,6,22,115,5,1,1,1.0,3,13069,M,0.0,0.0,13
201300012694,13,7,4,1445,1,1,1,1.0,6,13044,M,0.0,0.0,13
201300012695,13,7,14,215,3,1,1,1.0,6,13044,M,0.0,0.0,13
201300012696,13,10,9,1815,1,2,1,7.0,6,13069,M,4363435.0,514616.0,13
201300012697,13,11,8,1600,1,1,2,1.0,3,13051,M,4358896.0,511936.0,13
201300012698,13,6,16,1745,1,1,1,1.0,1,05085,M,4492746.0,670972.0,05
201300012699,13,8,10,1530,1,1,1,1.0,1,05085,M,4492604.0,669033.0,05
201300012700,13,9,14,1230,1,1,1,1.0,3,05085,M,4492674.0,670172.0,05
201300012701,13,1,9,1715,2,1,1,1.0,2,03118,M,4611200.0,314000.0,03
201300012702,13,8,11,1600,1,1,1,1.0,6,03021,M,4612800.0,311900.0,03
201300012703,13,8,13,1215,1,1,1,1.0,2,03021,M,4611700.0,313500.0,03
201300012704,13,10,5,1945,2,1,1,2.0,6,03075,M,0.0,0.0,03
201300012705,13,7,11,2145,2,1,1,1.0,2,63113,M,4580562.0,314497.0,63
201300012706,13,9,24,945,1,1,1,1.0,1,63164,M,4583000.0,316000.0,63
201300012707,13,11,15,1430,1,1,1,4.0,4,63278,M,4592600.0,314700.0,63
201300012708,13,11,26,1200,1,1,1,1.0,3,63113,M,4578800.0,314300.0,63
201300012709,13,1,7,1615,1,1,1,1.0,2,06084,M,0.0,0.0,06
201300012710,13,5,20,1730,1,2,1,1.0,1,06084,M,0.0,0.0,06
201300012711,13,5,8,1200,1,1,1,1.0,4,49019,M,4751839.0,-37697.0,49
201300012712,13,8,23,530,3,1,9,1.0,6,49377,M,4751815.0,-42963.0,49
201300012713,13,10,6,1800,1,1,1,1.0,3,49127,M,4766659.0,-26539.0,49
201300012714,13,10,29,830,1,1,1,1.0,7,49076,M,4760617.0,-30296.0,49
201300012715,13,11,11,2000,5,1,1,2.0,6,49110,M,4753837.0,-34141.0,49
201300012716,13,12,2,1245,1,1,1,1.0,2,49127,M,4769155.0,-24997.0,49
201300012717,13,1,27,1900,3,1,1,3.0,4,40133,M,4362200.0,-140700.0,40
201300012718,13,7,16,2115,2,1,1,1.0,7,40261,M,4369835.0,-123044.0,40
201300012719,13,7,20,100,3,1,1,1.0,6,40075,M,4386200.0,-116400.0,40
201300012720,13,7,31,1100,1,1,1,1.0,2,40075,M,4389700.0,-113200.0,40
201300012721,13,8,13,1145,1,1,1,1.0,6,40075,M,4388304.0,-113109.0,40
201300012722,13,9,9,1015,1,1,1,1.0,7,40075,M,4388191.0,-113093.0,40
201300012723,13,10,5,2000,3,1,1,1.0,2,40133,M,4361506.0,-134120.0,40
201300012724,13,11,12,245,3,1,1,2.0,7,40168,M,4375791.0,-122229.0,40
201300012725,13,3,29,1215,1,1,1,1.0,4,40210,M,4408185.0,-100220.0,40
201300012726,13,4,17,2020,1,1,1,1.0,6,40295,M,4439721.0,-82428.0,40
201300012727,13,5,15,700,2,1,1,1.0,2,40152,M,4394166.0,-108505.0,40
201300012728,13,7,21,1200,1,1,1,1.0,2,40295,M,4433577.0,-86755.0,40
201300012729,13,9,23,1500,1,1,1,1.0,2,40152,M,4398948.0,-104182.0,40
201300012730,13,3,31,1745,1,1,1,1.0,6,63408,M,4598800.0,279200.0,63
201300012731,13,6,7,1330,1,1,2,1.0,3,63171,M,0.0,0.0,63
201300012732,13,6,15,1730,1,1,1,1.0,6,63171,M,0.0,0.0,63
201300012733,13,7,21,2015,1,1,2,1.0,3,63171,M,0.0,0.0,63
201300012734,13,8,15,1815,1,1,1,7.0,1,63198,M,0.0,0.0,63
201300012735,13,9,26,1630,1,1,1,1.0,7,63388,M,0.0,0.0,63
201300012736,13,12,10,745,1,1,1,1.0,6,63198,M,4593800.0,301400.0,63
201300012737,13,1,11,1535,1,2,1,1.0,1,10343,M,4826926.0,410942.0,10
201300012738,13,1,17,757,2,2,1,1.0,6,10333,M,4828486.0,405062.0,10
201300012739,13,1,31,2030,5,2,1,2.0,1,10321,M,4828819.0,403531.0,10
201300012740,13,2,1,1830,5,2,1,3.0,6,10387,M,4829357.0,406874.0,10
201300012741,13,2,13,950,1,2,1,1.0,4,10297,M,4831187.0,409738.0,10
201300012742,13,1,4,1820,5,2,1,2.0,1,10387,M,4829271.0,408213.0,10
201300012743,13,2,9,1100,1,2,1,1.0,6,10297,M,4831020.0,409719.0,10
201300012744,13,1,7,1805,1,2,1,1.0,6,10387,M,4830753.0,406663.0,10
201300012745,13,2,22,945,1,2,1,1.0,6,10357,M,4829759.0,413210.0,10
201300012746,13,3,5,750,1,2,3,1.0,3,10387,M,,,10
201300012747,13,3,16,935,1,2,2,1.0,3,10387,M,,,10
201300012748,13,3,16,1435,1,2,3,1.0,3,10387,M,,,10
201300012749,13,2,20,1300,1,2,1,1.0,4,10387,M,4829183.0,407212.0,10
201300012750,13,3,26,840,1,2,1,1.0,6,10081,M,,,10
201300012751,13,3,31,2000,1,1,1,1.0,6,10297,M,,,10
201300012752,13,4,4,1152,1,2,1,1.0,2,10333,M,,,10
201300012753,13,4,5,1915,1,2,1,1.0,6,10387,M,4830197.0,406361.0,10
201300012754,13,4,6,435,2,2,1,1.0,6,10333,M,4827880.0,404188.0,10
201300012755,13,4,12,1235,1,2,1,1.0,6,10387,M,4829500.0,406425.0,10
201300012756,13,4,15,835,1,2,1,1.0,6,10387,M,4829358.0,408362.0,10
201300012757,13,4,20,1920,1,2,9,1.0,3,10333,M,4826916.0,404891.0,10
201300012758,13,4,30,1040,1,2,1,1.0,6,10387,M,,,10
201300012759,13,4,30,1420,1,2,1,2.0,6,10081,M,4830782.0,402941.0,10
201300012760,13,5,6,1745,1,2,1,2.0,6,10387,M,4829296.0,407356.0,10
201300012761,13,5,15,1640,1,2,1,1.0,2,10387,M,4829661.0,406650.0,10
201300012762,13,5,18,650,2,2,1,1.0,7,10362,M,,,10
201300012763,13,5,27,1115,1,2,1,1.0,2,10333,M,4828066.0,406915.0,10
201300012764,13,5,21,1745,1,2,1,2.0,6,10387,M,4828425.0,407297.0,10
201300012765,13,5,24,1535,1,2,1,8.0,6,10387,M,4829151.0,407158.0,10
201300012766,13,5,29,2235,5,2,2,1.0,3,10387,M,4829140.0,407097.0,10
201300012767,13,5,29,848,1,2,2,1.0,5,10387,M,4831180.0,406604.0,10
201300012768,13,5,6,1120,1,2,3,1.0,1,10387,M,,,10
201300012769,13,6,1,1040,1,2,9,1.0,6,10362,M,,,10
201300012770,13,6,12,1823,1,2,1,1.0,6,10387,M,4827097.0,408438.0,10
201300012771,13,6,4,1935,1,2,1,1.0,2,10387,M,4830398.0,408086.0,10
201300012772,13,6,17,815,1,2,1,1.0,1,10387,M,4829357.0,410047.0,10
201300012773,13,6,21,845,1,2,1,1.0,6,10387,M,4829522.0,406744.0,10
201300012774,13,6,21,1525,1,1,1,1.0,1,10357,M,,,10
201300012775,13,6,5,2020,1,2,1,1.0,2,10362,M,,,10
201300012776,13,6,26,745,1,2,3,1.0,3,10081,M,,,10
201300012777,13,6,28,1725,1,2,3,8.0,6,10387,M,4830241.0,407616.0,10
201300012778,13,6,6,1125,1,2,1,1.0,6,10362,M,,,10
201300012779,13,7,9,1620,1,2,6,1.0,3,10387,M,4826845.0,408630.0,10
201300012780,13,7,10,1025,1,2,2,1.0,3,10387,M,4829690.0,407141.0,10
201300012781,13,7,19,1435,1,2,3,1.0,3,10362,M,4829412.0,405702.0,10
201300012782,13,7,26,850,1,2,1,1.0,6,10387,M,4827990.0,406835.0,10
201300012783,13,7,12,1727,1,2,1,1.0,4,10333,M,4826833.0,404753.0,10
201300012784,13,8,4,1332,1,2,2,1.0,3,10387,M,4830678.0,407664.0,10
201300012785,13,8,8,1705,1,2,1,1.0,3,10387,M,4830948.0,405408.0,10
201300012786,13,7,24,1925,1,2,3,1.0,3,10387,M,4830046.0,408683.0,10
201300012787,13,8,21,42,3,2,1,1.0,6,10362,M,4828980.0,404884.0,10
201300012788,13,7,22,1120,1,2,2,1.0,6,10387,M,4830475.0,407099.0,10
201300012789,13,8,23,1915,2,2,6,1.0,6,10387,M,4829130.0,408852.0,10
201300012790,13,9,4,1545,1,2,1,1.0,6,10333,M,4828506.0,405627.0,10
201300012791,13,9,4,1836,1,2,2,1.0,3,10387,M,4830354.0,407292.0,10
201300012792,13,8,9,1920,1,2,1,1.0,6,10387,M,4827158.0,408306.0,10
201300012793,13,9,14,1142,1,2,1,1.0,2,10387,M,,,10
201300012794,13,9,15,1625,1,2,1,1.0,6,10387,M,4830688.0,404219.0,10
201300012795,13,9,30,752,1,2,1,1.0,7,10321,M,4828760.0,403042.0,10
201300012796,13,10,10,945,1,2,1,1.0,6,10387,M,4827135.0,408392.0,10
201300012797,13,10,10,1634,1,2,1,2.0,6,10387,M,4830332.0,407710.0,10
201300012798,13,10,22,2050,5,2,1,2.0,3,10387,M,4827550.0,407155.0,10
201300012799,13,10,1,1345,1,2,1,1.0,6,10387,M,4829675.0,408485.0,10
201300012800,13,11,5,2128,5,2,2,1.0,3,10387,M,4828907.0,407684.0,10
201300012801,13,10,26,1955,5,2,1,2.0,6,10387,M,4829970.0,407314.0,10
201300012802,13,11,18,730,1,2,1,8.0,3,10060,M,4826421.0,411066.0,10
201300012803,13,11,25,1200,1,2,2,1.0,3,10325,M,4826305.0,405910.0,10
201300012804,13,11,29,1650,2,2,1,1.0,6,10387,M,,,10
201300012805,13,11,15,1808,5,2,1,2.0,6,10357,M,4829943.0,411856.0,10
201300012806,13,12,9,755,5,2,6,1.0,2,10343,M,4827390.0,409271.0,10
201300012807,13,4,26,1545,1,2,1,2.0,3,67152,M,0.0,0.0,67
201300012808,13,6,15,1530,1,2,6,1.0,3,67152,M,4853400.0,768800.0,67
201300012809,13,6,18,745,1,1,3,1.0,5,67152,M,4852100.0,766700.0,67
201300012810,13,6,18,1445,1,1,6,1.0,2,67152,M,4853200.0,769100.0,67
201300012811,13,9,11,1900,1,2,1,8.0,6,67152,M,4851800.0,764200.0,67
201300012812,13,11,19,645,2,2,1,8.0,4,67152,M,4855100.0,768200.0,67
201300012813,13,12,20,1400,1,2,1,1.0,4,67108,M,0.0,0.0,67
201300012814,13,1,11,1715,1,2,1,1.0,5,67309,M,4865300.0,772400.0,67
201300012815,13,5,16,1015,1,2,1,2.0,3,67471,M,4864000.0,773100.0,67
201300012816,13,5,16,1200,1,2,1,2.0,1,67296,M,0.0,0.0,67
201300012817,13,6,8,1145,1,2,1,1.0,2,67309,M,4864500.0,771100.0,67
201300012818,13,6,15,1215,1,2,1,1.0,6,67506,M,4867000.0,771000.0,67
201300012819,13,6,16,830,1,2,1,1.0,6,67343,M,4861000.0,768000.0,67
201300012820,13,6,18,1545,1,2,1,1.0,6,67471,M,4862000.0,773000.0,67
201300012821,13,8,5,1900,1,1,3,1.0,3,67389,M,0.0,0.0,67
201300012822,13,9,28,2000,5,2,1,1.0,6,67343,M,4861000.0,768300.0,67
201300012823,13,11,11,1800,3,1,1,1.0,6,67506,M,0.0,0.0,67
201300012824,13,11,15,800,1,2,1,1.0,3,67506,M,4867500.0,771900.0,67
201300012825,13,12,20,1245,1,2,1,1.0,6,67471,M,0.0,0.0,67
201300012826,13,1,8,1615,1,2,1,8.0,1,06105,M,4366900.0,705400.0,06
201300012827,13,1,13,945,1,2,1,8.0,3,06038,M,0.0,0.0,06
201300012828,13,2,10,145,3,1,1,1.0,3,06105,M,4368800.0,705900.0,06
201300012829,13,5,5,1230,1,2,1,1.0,3,06148,M,0.0,0.0,06
201300012830,13,6,23,1445,1,1,1,1.0,6,06148,M,4371300.0,705000.0,06
201300012831,13,7,1,2015,1,1,1,1.0,2,06148,M,4370600.0,700400.0,06
201300012832,13,7,28,1145,1,1,1,1.0,1,06010,M,0.0,0.0,06
201300012833,13,9,28,1800,1,2,1,8.0,2,06089,M,4366800.0,698700.0,06
201300012834,13,11,1,1030,1,2,1,1.0,4,06112,M,0.0,0.0,06
201300012835,13,10,25,1730,2,1,1,1.0,6,06148,M,0.0,0.0,06
201300012836,13,12,15,315,3,2,1,1.0,1,06112,M,0.0,0.0,06
201300012837,13,2,24,2000,3,1,1,4.0,6,65127,M,4310714.0,32639.0,65
201300012838,13,3,2,1230,1,1,1,1.0,5,65127,M,4310692.0,33185.0,65
201300012839,13,3,23,1630,1,1,1,4.0,6,65127,M,4312307.0,31946.0,65
201300012840,13,5,2,2230,3,1,1,2.0,6,65101,M,4318668.0,22271.0,65
201300012841,13,5,10,1730,1,1,1,1.0,6,65101,M,4318457.0,22333.0,65
201300012842,13,6,29,600,2,1,1,1.0,7,65353,M,4316384.0,26847.0,65