Num_Acc,an,mois,jour,hrmn,lum,agg,int,atm,col,com,gps,lat,long,dep
201300012843,13,7,13,1645,1,1,1,1.0,7,65258,M,4310008.0,37030.0,65
201300012844,13,8,4,315,3,1,1,1.0,5,65127,M,4310270.0,33783.0,65
201300012845,13,9,1,1,3,1,1,1.0,6,64216,M,4326190.0,-15482.0,64
201300012846,13,11,21,1600,1,1,1,4.0,4,65482,M,4310690.0,44399.0,65
201300012847,13,2,14,1825,2,1,1,9.0,6,02560,M,0.0,0.0,02
201300012848,13,4,29,1445,1,1,1,1.0,6,02360,M,0.0,0.0,02
201300012849,13,6,30,100,3,1,1,1.0,2,02180,M,0.0,0.0,02
201300012850,13,7,3,1115,1,1,2,1.0,3,02545,M,4971803.0,384562.0,02
201300012851,13,7,24,1935,1,1,1,1.0,6,02720,M,0.0,0.0,02
201300012852,13,7,26,1100,1,1,1,1.0,6,02169,M,0.0,0.0,02
201300012853,13,8,2,2230,3,1,1,1.0,3,02189,M,4962981.0,386490.0,02
201300012854,13,8,8,730,1,1,1,1.0,2,02498,M,0.0,0.0,02
201300012855,13,8,11,1700,1,2,3,1.0,3,02468,M,0.0,0.0,02
201300012856,13,9,8,655,2,1,1,1.0,1,02489,M,0.0,0.0,02
201300012857,13,9,8,1530,1,1,1,1.0,6,02350,M,4967147.0,385046.0,02
201300012858,13,9,25,1745,1,2,1,8.0,3,02690,M,4961920.0,390510.0,02
201300012859,13,10,9,1710,1,1,1,1.0,1,02073,M,0.0,0.0,02
201300012860,13,10,19,1515,1,2,1,1.0,6,02215,M,0.0,0.0,02
201300012861,13,10,24,1425,1,1,1,1.0,6,02553,M,0.0,0.0,02
201300012862,13,12,4,1615,2,1,1,2.0,2,02676,M,0.0,0.0,02
201300012863,13,12,21,330,3,1,1,1.0,3,02697,M,0.0,0.0,02
201300012864,13,1,5,1630,3,1,1,8.0,1,38530,M,4562390.0,517158.0,38
201300012865,13,5,30,1645,1,1,1,2.0,5,38530,M,4564200.0,514300.0,38
201300012866,13,6,16,615,2,2,1,1.0,6,38193,M,0.0,0.0,38
201300012867,13,6,27,1245,1,2,1,1.0,2,38193,M,0.0,0.0,38
201300012868,13,8,22,2015,1,2,3,1.0,3,38193,M,0.0,0.0,38
201300012869,13,8,30,1230,1,1,1,1.0,3,38172,M,0.0,0.0,38
201300012870,13,11,2,1700,1,1,1,1.0,3,38193,M,0.0,0.0,38
201300012871,13,6,19,2030,1,1,1,1.0,1,03158,M,4649100.0,266600.0,03
201300012872,13,7,17,2045,1,1,1,1.0,6,03031,M,4641200.0,274000.0,03
201300012873,13,10,29,1130,1,1,1,7.0,6,03158,M,4650400.0,264800.0,03
201300012874,13,1,12,1800,3,1,1,1.0,6,05178,M,4436690.0,592305.0,05
201300012875,13,3,17,2030,3,1,1,3.0,6,05078,M,4439280.0,594203.0,05
201300012876,13,5,24,2230,3,1,1,1.0,5,05103,M,4428760.0,590206.0,05
201300012877,13,9,13,730,1,1,1,1.0,2,04063,M,0.0,0.0,04
201300012878,13,9,22,1500,1,1,1,1.0,6,05178,M,4436776.0,592351.0,05
201300012879,13,10,3,1500,1,1,1,1.0,2,04149,M,0.0,0.0,04
201300012880,13,12,27,1045,1,1,1,1.0,6,04209,M,0.0,0.0,04
201300012881,13,4,8,700,1,1,1,1.0,6,13080,M,0.0,0.0,13
201300012882,13,4,13,1315,1,1,1,7.0,6,13080,M,0.0,0.0,13
201300012883,13,4,29,545,2,1,1,3.0,1,13080,M,0.0,0.0,13
201300012884,13,6,4,1945,1,1,1,1.0,5,13080,M,0.0,0.0,13
201300012885,13,6,15,1130,1,2,1,1.0,6,13113,M,4359820.0,548498.0,13
201300012886,13,7,4,945,1,1,1,1.0,5,13080,M,0.0,0.0,13
201300012887,13,7,11,1530,1,2,1,1.0,1,13113,M,4359598.0,547886.0,13
201300012888,13,8,11,500,2,1,1,1.0,6,13080,M,4366161.0,541503.0,13
201300012889,13,1,19,630,3,1,9,4.0,7,73118,M,4548348.0,602734.0,73
201300012890,13,3,17,2245,5,1,9,3.0,6,73151,M,4551381.0,600054.0,73
201300012891,13,4,21,1945,1,1,1,8.0,7,73213,M,4555900.0,595500.0,73
201300012892,13,3,27,745,1,1,1,5.0,6,38450,M,0.0,0.0,38
201300012893,13,3,25,1030,1,1,1,1.0,6,38033,M,0.0,0.0,38
201300012894,13,9,17,1715,1,1,1,1.0,6,38454,M,0.0,0.0,38
201300012895,13,4,20,1830,1,1,1,1.0,3,35352,M,4804863.0,-159433.0,35
201300012896,13,7,9,2330,3,1,1,1.0,7,35206,M,4805056.0,-166496.0,35
201300012897,13,8,30,1645,1,1,1,1.0,2,35206,M,4806261.0,-169929.0,35
201300012898,13,9,11,900,1,1,1,1.0,2,35206,M,4804566.0,-162864.0,35
201300012899,13,10,5,1130,1,1,1,1.0,3,35206,M,0.0,0.0,35
201300012900,13,2,14,2315,3,1,1,4.0,7,67194,M,4873500.0,789500.0,67
201300012901,13,5,27,1845,1,1,1,1.0,7,67205,M,0.0,0.0,67
201300012902,13,10,7,1000,1,1,1,1.0,6,67205,M,0.0,0.0,67
201300012903,13,4,25,1145,1,2,1,1.0,3,62432,M,0.0,0.0,62
201300012904,13,6,12,730,1,2,1,2.0,1,62043,M,5091404.0,194365.0,62
201300012905,13,6,25,1515,1,1,1,1.0,7,62203,M,0.0,0.0,62
201300012906,13,12,11,815,2,2,1,1.0,6,62397,M,0.0,0.0,62
201300012907,13,1,26,1216,1,1,3,1.0,3,11069,M,,,11
201300012908,13,2,13,1310,1,2,1,1.0,6,11069,M,4320625.0,231779.0,11
201300012909,13,1,4,1535,1,2,1,1.0,2,11069,M,4321943.0,234409.0,11
201300012910,13,3,31,1828,1,1,1,1.0,2,11069,M,,,11
201300012911,13,4,16,1847,1,1,1,1.0,3,11069,M,,,11
201300012912,13,6,4,1712,1,2,1,1.0,6,11069,M,,,11
201300012913,13,6,12,1740,1,1,1,1.0,2,11069,M,,,11
201300012914,13,6,25,2224,5,2,1,1.0,3,11069,M,,,11
201300012915,13,6,28,1602,1,2,1,1.0,1,11069,M,,,11
201300012916,13,1,8,1737,2,1,1,1.0,2,11069,M,,,11
201300012917,13,1,9,1114,1,1,1,1.0,3,11069,M,,,11
201300012918,13,8,10,1702,1,1,1,1.0,6,11069,M,,,11
201300012919,13,1,10,942,1,2,1,1.0,3,11069,M,4321767.0,234248.0,11
201300012920,13,9,6,1051,1,1,1,1.0,2,11069,M,,,11
201300012921,13,9,23,1813,1,2,1,1.0,6,11069,M,4320722.0,232274.0,11
201300012922,13,1,11,1057,1,1,1,1.0,6,11069,M,,,11
201300012923,13,1,11,2144,5,2,1,1.0,7,11069,M,4321081.0,234107.0,11
201300012924,13,12,7,1830,3,1,1,1.0,6,11069,M,4321312.0,237164.0,11
201300012925,13,12,21,1450,1,2,1,1.0,6,11069,M,,,11
201300012926,13,12,28,2145,5,2,3,1.0,3,11069,M,4321625.0,235909.0,11
201300012927,13,1,19,1137,1,1,1,1.0,1,11069,M,,,11
201300012928,13,1,23,1715,1,1,1,1.0,7,11069,M,,,11
201300012929,13,1,25,801,1,2,1,1.0,3,11069,M,,,11
201300012930,13,1,26,1452,1,2,1,1.0,6,11069,M,,,11
201300012931,13,1,31,1217,1,1,1,1.0,2,11069,M,,,11
201300012932,13,1,31,1833,2,1,1,1.0,7,11069,M,,,11
201300012933,13,2,4,743,2,1,1,1.0,3,11069,M,,,11
201300012934,13,2,5,702,2,2,1,1.0,6,11069,M,,,11
201300012935,13,2,5,1754,1,1,1,1.0,6,11069,M,,,11
201300012936,13,2,5,1915,3,1,1,1.0,3,11069,M,,,11
201300012937,13,2,6,1715,1,1,1,1.0,7,11069,M,,,11
201300012938,13,2,8,1212,1,1,1,1.0,7,11069,M,,,11
201300012939,13,2,8,1812,2,2,1,1.0,7,11069,M,,,11
201300012940,13,2,9,2057,3,1,1,1.0,6,11069,M,,,11
201300012941,13,2,13,1732,1,1,1,1.0,7,11069,M,,,11
201300012942,13,2,15,748,2,2,1,1.0,6,11069,M,,,11
201300012943,13,2,18,816,2,2,1,1.0,7,11069,M,,,11
201300012944,13,2,16,1219,1,2,1,1.0,6,11069,M,,,11
201300012945,13,2,18,1851,1,1,1,1.0,7,11069,M,,,11
201300012946,13,2,21,800,2,2,1,1.0,6,11069,M,,,11
201300012947,13,2,22,1030,1,2,1,1.0,4,11069,M,,,11
201300012948,13,2,22,1637,1,2,1,1.0,6,11069,M,,,11
201300012949,13,2,23,650,3,1,1,1.0,3,11069,M,,,11
201300012950,13,2,27,1902,2,2,3,1.0,3,11069,M,,,11
201300012951,13,2,28,25,5,2,1,1.0,7,11069,M,,,11
201300012952,13,2,28,2100,5,2,1,1.0,6,11069,M,,,11
201300012953,13,3,4,447,5,2,1,1.0,6,11069,M,,,11
201300012954,13,3,7,1445,1,1,1,1.0,2,11069,M,,,11
201300012955,13,3,8,1530,1,1,1,1.0,3,11069,M,,,11
201300012956,13,3,11,1357,1,2,1,1.0,6,11069,M,,,11
201300012957,13,3,12,1217,1,2,1,1.0,6,11069,M,,,11
201300012958,13,3,13,1501,1,1,1,1.0,3,11069,M,,,11
201300012959,13,3,25,932,1,2,1,1.0,2,11069,M,,,11
201300012960,13,3,28,858,1,1,1,1.0,5,11069,M,,,11
201300012961,13,4,2,850,1,2,1,1.0,6,11069,M,,,11
201300012962,13,4,2,1100,1,1,1,1.0,2,11069,M,,,11
201300012963,13,4,3,1055,1,1,1,1.0,6,11069,M,,,11
201300012964,13,4,5,1850,2,2,1,1.0,3,11069,M,,,11
201300012965,13,4,6,1550,1,1,1,1.0,6,11069,M,,,11
201300012966,13,4,11,1643,1,1,1,1.0,2,11069,M,,,11
201300012967,13,4,14,1847,1,2,1,1.0,6,11069,M,,,11
201300012968,13,4,15,1025,1,2,1,1.0,2,11069,M,,,11
201300012969,13,4,15,1840,1,2,1,1.0,1,11069,M,,,11
201300012970,13,4,16,1744,1,2,1,1.0,2,11069,M,,,11
201300012971,13,4,19,1534,1,2,1,1.0,6,11069,M,,,11
201300012972,13,4,20,1900,2,2,1,1.0,4,11069,M,,,11
201300012973,13,4,23,1142,1,1,1,1.0,2,11069,M,,,11
201300012974,13,4,26,1628,1,2,1,1.0,2,11069,M,,,11
201300012975,13,4,26,2130,3,2,3,1.0,3,11069,M,,,11
201300012976,13,4,28,1538,1,1,1,1.0,7,11069,M,,,11
201300012977,13,4,29,621,2,2,1,1.0,1,11069,M,,,11
201300012978,13,4,30,1218,1,2,1,1.0,3,11069,M,,,11
201300012979,13,4,30,1403,1,1,1,1.0,3,11069,M,,,11
201300012980,13,4,30,1730,1,1,1,1.0,4,11069,M,,,11
201300012981,13,5,4,855,1,1,1,1.0,7,11069,M,,,11
201300012982,13,5,7,850,1,2,3,1.0,6,11069,M,,,11
201300012983,13,5,7,1222,1,1,1,1.0,7,11069,M,,,11
201300012984,13,5,7,1250,1,1,1,1.0,7,11069,M,,,11
201300012985,13,5,12,1550,1,1,1,1.0,6,11069,M,,,11
201300012986,13,5,17,1006,1,2,1,1.0,6,11069,M,,,11
201300012987,13,5,17,1302,1,2,1,1.0,1,11069,M,,,11
201300012988,13,5,19,348,3,1,3,1.0,6,11069,M,,,11
201300012989,13,6,1,2220,3,2,1,1.0,6,11069,M,,,11
201300012990,13,6,2,2200,2,1,1,1.0,1,11069,M,,,11
201300012991,13,6,9,1510,1,1,1,1.0,7,11069,M,,,11
201300012992,13,6,11,1030,1,2,2,1.0,3,11069,M,,,11
201300012993,13,6,11,1430,1,1,1,1.0,2,11069,M,,,11
201300012994,13,6,13,1837,1,2,1,1.0,2,11069,M,,,11
201300012995,13,6,15,238,3,2,1,1.0,7,11069,M,,,11
201300012996,13,6,17,1814,1,1,1,1.0,6,11069,M,,,11
201300012997,13,6,22,1233,1,1,1,1.0,6,11069,M,,,11
201300012998,13,6,23,2021,2,1,1,1.0,7,11069,M,,,11
201300012999,13,6,25,1124,1,2,1,1.0,3,11069,M,,,11
201300013000,13,6,25,1718,1,1,1,1.0,2,11069,M,,,11
201300013001,13,6,26,1733,1,2,1,1.0,6,11069,M,,,11
201300013002,13,6,26,1958,1,1,1,1.0,6,11069,M,,,11
201300013003,13,7,2,1647,1,2,1,1.0,3,11069,M,,,11
201300013004,13,7,3,1420,1,1,1,1.0,4,11069,M,,,11
201300013005,13,7,5,450,3,1,1,1.0,2,11069,M,,,11
201300013006,13,7,6,15,3,1,1,1.0,3,11069,M,,,11
201300013007,13,7,8,1730,1,1,1,1.0,3,11069,M,,,11
201300013008,13,7,9,1014,1,2,1,1.0,2,11069,M,,,11
201300013009,13,7,11,455,3,1,1,1.0,1,11069,M,,,11
201300013010,13,7,12,126,3,1,1,1.0,7,11069,M,,,11
201300013011,13,7,14,525,3,1,1,1.0,7,11069,M,,,11
201300013012,13,7,14,1356,1,2,1,1.0,3,11069,M,,,11
201300013013,13,7,17,800,1,1,1,1.0,7,11069,M,,,11
201300013014,13,7,20,859,1,1,1,1.0,7,11069,M,,,11
201300013015,13,7,26,1404,1,1,1,1.0,3,11069,M,,,11
201300013016,13,7,26,1541,1,1,1,1.0,3,11069,M,,,11
201300013017,13,7,26,1647,1,2,1,1.0,2,11069,M,,,11
201300013018,13,7,27,1841,1,2,1,1.0,6,11069,M,,,11
201300013019,13,7,31,1610,1,1,1,1.0,1,11069,M,,,11
201300013020,13,8,3,2349,5,2,3,1.0,3,11069,M,,,11
201300013021,13,8,4,259,3,1,1,1.0,7,11069,M,,,11
201300013022,13,8,4,2352,3,2,1,1.0,3,11069,M,,,11
201300013023,13,8,10,1110,1,1,1,1.0,3,11069,M,,,11
201300013024,13,8,12,1802,1,1,1,1.0,7,11069,M,,,11
201300013025,13,8,16,2350,5,2,1,1.0,6,11069,M,,,11
201300013026,13,8,21,1125,1,1,1,1.0,3,11069,M,,,11
201300013027,13,8,23,1937,1,1,1,1.0,1,11069,M,,,11
201300013028,13,8,26,1943,1,2,1,1.0,6,11069,M,,,11
201300013029,13,9,2,1643,1,2,1,1.0,7,11069,M,,,11
201300013030,13,9,3,1731,1,2,1,1.0,6,11069,M,,,11
201300013031,13,9,4,213,5,2,1,1.0,3,11069,M,,,11
201300013032,13,9,6,2008,2,1,1,1.0,1,11069,M,,,11
201300013033,13,9,10,1900,2,1,1,1.0,1,11069,M,,,11
201300013034,13,9,13,802,1,2,1,1.0,7,11069,M,,,11
201300013035,13,9,20,1750,1,2,1,1.0,2,11069,M,,,11
201300013036,13,9,21,500,4,1,1,1.0,7,11069,M,,,11
201300013037,13,9,26,1346,1,2,1,1.0,7,11069,M,,,11
201300013038,13,9,27,1735,1,2,1,1.0,3,11069,M,,,11
201300013039,13,9,28,1050,1,1,1,1.0,6,11069,M,,,11
201300013040,13,10,3,1942,3,2,3,1.0,3,11069,M,,,11
201300013041,13,10,4,1851,1,1,1,1.0,2,11069,M,,,11
201300013042,13,10,10,1655,1,2,3,1.0,3,11069,M,,,11
201300013043,13,10,11,1553,1,1,1,1.0,3,11069,M,,,11
201300013044,13,10,16,737,2,2,1,1.0,2,11069,M,,,11
201300013045,13,10,16,805,1,1,1,1.0,3,11069,M,,,11
201300013046,13,10,18,121,3,2,1,1.0,7,11069,M,,,11
201300013047,13,10,23,857,1,2,1,1.0,7,11069,M,,,11
201300013048,13,10,25,1625,1,1,1,1.0,2,11069,M,,,11
201300013049,13,10,27,1320,1,1,1,1.0,6,11069,M,,,11
201300013050,13,11,6,1546,1,1,1,1.0,3,11069,M,,,11
201300013051,13,11,9,1127,1,2,1,1.0,3,11069,M,,,11
201300013052,13,11,11,1138,1,1,1,1.0,7,11069,M,,,11
201300013053,13,11,14,953,1,1,1,1.0,2,11069,M,,,11
201300013054,13,11,16,1908,5,2,1,1.0,6,11069,M,,,11
201300013055,13,11,19,900,1,1,1,1.0,3,11069,M,,,11
201300013056,13,11,19,1421,1,2,1,1.0,6,11069,M,,,11
201300013057,13,11,24,1945,3,1,1,1.0,3,11069,M,,,11
201300013058,13,12,1,2230,3,2,1,1.0,6,11069,M,4321026.0,234832.0,11
201300013059,13,12,4,610,2,1,1,1.0,1,11069,M,,,11
201300013060,13,12,4,1513,1,1,1,1.0,3,11069,M,4320974.0,231502.0,11
201300013061,13,12,9,1849,3,1,1,1.0,3,11069,M,4320915.0,231480.0,11
201300013062,13,12,12,1451,1,2,1,1.0,2,11069,M,4320862.0,237149.0,11
201300013063,13,12,12,2306,5,1,1,1.0,7,11069,M,,,11
201300013064,13,12,17,1800,3,1,1,1.0,5,11069,M,,,11
201300013065,13,12,18,1211,1,1,1,1.0,3,11069,M,,,11
201300013066,13,12,18,1426,1,1,1,1.0,3,11069,M,,,11
201300013067,13,12,27,450,5,2,1,1.0,6,11069,M,,,11
201300013068,13,12,28,1649,1,2,1,1.0,6,11069,M,4321192.0,232422.0,11
201300013069,13,12,30,1726,1,2,1,1.0,6,11069,M,4320860.0,232987.0,11
201300013070,13,3,21,1915,5,2,1,1.0,3,11076,M,,,11
201300013071,13,3,26,1315,1,2,2,1.0,3,11076,M,,,11
201300013072,13,4,7,1315,1,1,2,1.0,3,11076,M,,,11
201300013073,13,2,11,945,1,1,1,8.0,5,31022,M,4366799.0,142071.0,31
201300013074,13,10,28,1015,1,1,3,1.0,3,31584,M,0.0,0.0,31
201300013075,13,11,15,645,2,1,1,9.0,2,31555,M,0.0,0.0,31
201300013076,13,11,22,1700,1,1,3,2.0,3,31592,M,0.0,0.0,31
201300013077,13,11,24,615,3,1,1,8.0,6,31118,M,0.0,0.0,31
201300013078,13,2,5,930,1,1,1,4.0,3,77279,M,0.0,0.0,77
201300013079,13,6,27,800,1,1,1,2.0,2,77480,M,0.0,0.0,77
201300013080,13,12,14,1200,1,1,1,1.0,5,77354,M,4847300.0,234100.0,77
201300013081,13,12,24,1815,3,1,1,3.0,4,77410,M,4867000.0,227400.0,77
201300013082,13,12,27,1415,1,1,1,1.0,6,77279,M,0.0,0.0,77
201300013083,13,9,5,545,2,1,1,1.0,7,02498,M,0.0,0.0,02
201300013084,13,10,3,1520,1,2,1,2.0,3,11262,M,,,11
201300013085,13,1,2,1212,1,2,1,1.0,4,11262,M,4318564.0,298718.0,11
201300013086,13,1,7,1020,1,2,1,1.0,6,11262,M,4318693.0,299121.0,11
201300013087,13,1,7,1355,1,2,1,1.0,6,11262,M,4318601.0,300932.0,11
201300013088,13,1,8,830,1,2,2,1.0,3,11262,M,4318617.0,301265.0,11
201300013089,13,2,15,1805,1,2,3,1.0,3,11262,M,,,11
201300013090,13,2,22,1715,1,2,1,1.0,2,11262,M,,,11
201300013091,13,1,14,1120,1,2,1,1.0,3,11262,M,,,11
201300013092,13,2,15,1210,1,2,1,1.0,3,11262,M,,,11
201300013093,13,1,18,1225,1,2,1,8.0,3,11262,M,,,11
201300013094,13,4,3,1800,1,2,1,1.0,2,11262,M,,,11
201300013095,13,4,3,2130,5,2,2,1.0,3,11262,M,,,11
201300013096,13,1,23,1538,1,2,1,1.0,2,11262,M,,,11
201300013097,13,4,21,1900,1,2,2,1.0,3,11262,M,,,11
201300013098,13,1,25,750,1,2,1,1.0,6,11262,M,,,11
201300013099,13,1,25,2048,5,2,1,1.0,7,11262,M,,,11
201300013100,13,4,26,1455,1,2,3,1.0,2,11262,M,,,11
201300013101,13,5,4,1650,1,2,3,1.0,2,11262,M,,,11
201300013102,13,4,18,1115,1,2,1,1.0,6,11262,M,,,11
201300013103,13,5,8,2030,2,2,1,1.0,3,11262,M,,,11
201300013104,13,5,11,1440,1,2,1,6.0,6,11262,M,4317122.0,298108.0,11
201300013105,13,5,8,1825,1,2,6,2.0,6,11262,M,,,11
201300013106,13,5,16,1420,1,2,2,1.0,3,11262,M,,,11
201300013107,13,5,17,1625,1,2,1,1.0,6,11262,M,,,11
201300013108,13,5,23,1535,1,2,1,1.0,3,11262,M,,,11
201300013109,13,1,31,1005,1,2,1,1.0,2,11262,M,,,11
201300013110,13,5,29,2355,5,2,2,1.0,6,11262,M,,,11
201300013111,13,2,2,115,5,2,1,1.0,6,11262,M,,,11
201300013112,13,2,3,1015,1,2,1,1.0,6,11262,M,,,11
201300013113,13,6,12,1140,1,2,1,1.0,6,11262,M,,,11
201300013114,13,2,5,1800,2,2,1,1.0,1,11262,M,,,11
201300013115,13,6,21,820,1,2,1,1.0,6,11262,M,,,11
201300013116,13,2,7,1950,5,2,1,1.0,2,11262,M,,,11
201300013117,13,6,27,1425,1,2,1,1.0,3,11262,M,,,11
201300013118,13,2,11,1624,1,2,1,1.0,6,11262,M,,,11
201300013119,13,7,20,1440,1,2,2,1.0,3,11262,M,,,11
201300013120,13,2,14,1300,1,2,1,1.0,6,11262,M,,,11
201300013121,13,2,19,820,1,2,1,8.0,2,11262,M,,,11
201300013122,13,8,19,2050,1,2,3,1.0,3,11262,M,,,11
201300013123,13,8,20,535,5,2,3,1.0,3,11262,M,,,11
201300013124,13,2,20,1325,1,2,1,1.0,3,11262,M,,,11
201300013125,13,8,27,945,1,2,1,1.0,3,11262,M,,,11
201300013126,13,8,31,600,2,2,1,1.0,6,11262,M,,,11
201300013127,13,9,4,1015,1,2,6,1.0,3,11262,M,,,11
201300013128,13,2,25,1855,2,2,3,1.0,6,11262,M,,,11
201300013129,13,9,10,1250,1,2,1,1.0,6,11262,M,,,11
201300013130,13,9,14,2215,5,2,1,1.0,3,11262,M,,,11
201300013131,13,9,17,850,1,2,1,1.0,4,11262,M,,,11
201300013132,13,8,8,1115,1,2,2,1.0,3,11262,M,,,11
201300013133,13,9,24,1830,1,2,1,1.0,3,11262,M,,,11
201300013134,13,9,26,1145,1,2,1,1.0,7,11262,M,,,11
201300013135,13,9,25,1320,1,2,3,1.0,3,11262,M,,,11
201300013136,13,3,4,855,1,2,1,1.0,2,11262,M,,,11
201300013137,13,10,8,845,1,2,3,1.0,3,11262,M,,,11
201300013138,13,10,8,1811,1,2,1,1.0,2,11262,M,,,11
201300013139,13,10,10,1210,1,2,2,1.0,1,11262,M,,,11
201300013140,13,10,11,1700,1,2,1,1.0,3,11262,M,,,11
201300013141,13,10,16,1210,1,2,1,1.0,6,11262,M,,,11
201300013142,13,10,20,1915,1,2,1,1.0,1,11262,M,,,11
201300013143,13,10,24,1355,1,2,1,1.0,6,11262,M,,,11
201300013144,13,3,7,2110,5,2,2,1.0,3,11262,M,,,11
201300013145,13,10,28,1730,1,2,1,1.0,3,11262,M,,,11
201300013146,13,11,2,1550,1,2,1,1.0,6,11262,M,,,11
201300013147,13,11,1,1320,1,2,1,1.0,6,11262,M,,,11
201300013148,13,3,11,1320,1,2,1,1.0,2,11262,M,,,11
201300013149,13,11,14,1240,1,2,3,1.0,3,11262,M,,,11
201300013150,13,11,12,1630,1,2,1,1.0,6,11262,M,,,11
201300013151,13,8,5,815,1,2,1,1.0,7,11262,M,,,11
201300013152,13,11,8,1845,5,2,1,1.0,6,11262,M,,,11
201300013153,13,11,22,310,5,2,6,2.0,6,11262,M,4319357.0,300937.0,11
201300013154,13,11,21,1320,1,2,1,1.0,6,11262,M,,,11
201300013155,13,11,21,850,1,2,1,1.0,7,11262,M,,,11
201300013156,13,11,20,810,1,2,1,8.0,3,11262,M,,,11
201300013157,13,12,12,1120,1,1,1,1.0,6,11262,M,,,11
201300013158,13,3,19,830,1,2,1,1.0,7,11262,M,,,11
201300013159,13,3,19,1945,2,2,1,1.0,2,11262,M,,,11
201300013160,13,3,26,1710,1,2,1,1.0,6,11262,M,,,11
201300013161,13,4,7,2125,5,2,2,1.0,3,11262,M,,,11
201300013162,13,4,8,1005,1,2,1,1.0,4,11262,M,,,11
201300013163,13,4,8,1740,1,2,2,1.0,3,11262,M,,,11
201300013164,13,4,26,1530,1,2,1,1.0,6,11262,M,,,11
201300013165,13,4,30,1300,1,2,1,2.0,7,11262,M,,,11
201300013166,13,5,9,1035,1,2,1,1.0,6,11262,M,,,11
201300013167,13,5,10,1505,1,2,1,1.0,7,11262,M,,,11
201300013168,13,5,14,1145,1,1,1,1.0,3,11262,M,,,11
201300013169,13,5,17,1755,1,2,1,1.0,6,11262,M,,,11
201300013170,13,5,22,1145,1,2,1,1.0,3,11262,M,,,11
201300013171,13,5,27,904,1,2,1,1.0,7,11262,M,,,11
201300013172,13,5,28,755,1,2,2,2.0,3,11262,M,,,11
201300013173,13,5,28,1120,1,2,1,8.0,4,11262,M,,,11
201300013174,13,5,29,1435,1,2,1,8.0,6,11262,M,,,11
201300013175,13,6,4,1745,1,2,1,1.0,7,11262,M,,,11
201300013176,13,6,5,1545,1,2,6,1.0,7,11262,M,,,11
201300013177,13,6,6,610,2,2,1,1.0,3,11262,M,,,11
201300013178,13,6,16,1625,1,2,1,1.0,6,11262,M,,,11
201300013179,13,6,18,1100,1,2,1,1.0,6,11262,M,,,11
201300013180,13,6,21,1315,1,1,3,1.0,3,11262,M,,,11
201300013181,13,6,30,1940,1,2,2,1.0,3,11262,M,,,11
201300013182,13,7,1,1800,1,1,1,1.0,2,11262,M,,,11
201300013183,13,7,2,1350,1,2,3,1.0,3,11262,M,,,11
201300013184,13,7,3,1455,1,2,1,1.0,2,11262,M,,,11
201300013185,13,7,4,1210,1,2,1,1.0,6,11262,M,,,11
201300013186,13,7,5,1440,1,2,3,1.0,3,11262,M,,,11
201300013187,13,7,6,145,5,2,3,1.0,3,11262,M,,,11
201300013188,13,7,7,1035,1,2,1,1.0,3,11262,M,,,11
201300013189,13,7,10,1910,1,2,1,1.0,2,11262,M,,,11
201300013190,13,7,12,1955,1,2,1,1.0,2,11262,M,,,11
201300013191,13,7,13,740,1,2,3,1.0,3,11262,M,,,11
201300013192,13,7,21,1300,1,1,1,1.0,3,11262,M,,,11
201300013193,13,7,22,1905,1,2,1,1.0,2,11262,M,,,11
201300013194,13,7,26,1245,1,2,1,1.0,2,11262,M,,,11
201300013195,13,7,29,640,2,2,1,2.0,1,11262,M,,,11
201300013196,13,8,9,1350,1,2,1,1.0,4,11262,M,,,11
201300013197,13,8,17,1035,1,2,1,3.0,7,11262,M,,,11
201300013198,13,8,17,1155,1,2,1,3.0,6,11262,M,,,11
201300013199,13,8,21,1355,1,2,1,1.0,1,11262,M,,,11
201300013200,13,8,20,1910,1,2,1,1.0,2,11262,M,,,11
201300013201,13,9,1,1830,1,2,1,1.0,6,11262,M,,,11
201300013202,13,9,2,1730,1,2,2,1.0,2,11262,M,,,11
201300013203,13,9,7,1250,1,2,1,1.0,2,11262,M,,,11
201300013204,13,9,10,1213,1,2,1,1.0,5,11262,M,,,11
201300013205,13,9,13,1840,1,2,1,1.0,2,11262,M,,,11
201300013206,13,9,14,1543,1,2,1,1.0,4,11262,M,,,11
201300013207,13,10,5,1610,1,2,1,1.0,3,11262,M,,,11
201300013208,13,10,9,815,1,2,1,1.0,3,11262,M,,,11
201300013209,13,10,12,955,1,2,1,1.0,2,11262,M,,,11
201300013210,13,10,14,910,1,2,1,1.0,2,11262,M,,,11
201300013211,13,10,16,1412,1,2,1,1.0,7,11262,M,,,11
201300013212,13,10,21,955,1,2,1,1.0,6,11262,M,,,11
201300013213,13,10,30,1300,1,2,1,1.0,3,11262,M,,,11
201300013214,13,10,31,1845,2,2,1,1.0,2,11262,M,,,11
201300013215,13,11,6,1120,1,2,1,1.0,6,11262,M,,,11
201300013216,13,11,15,1600,1,2,3,1.0,3,11262,M,,,11
201300013217,13,11,18,1913,5,2,3,2.0,3,11262,M,,,11
201300013218,13,11,19,1830,5,2,1,1.0,2,11262,M,,,11
201300013219,13,11,25,1410,1,2,1,1.0,6,11262,M,,,11
201300013220,13,12,2,1800,5,2,1,1.0,6,11262,M,4318089.0,300482.0,11
201300013221,13,12,6,1615,1,2,1,1.0,3,11262,M,,,11
201300013222,13,12,9,855,1,2,1,1.0,3,11262,M,4318756.0,299666.0,11
201300013223,13,12,10,745,1,2,1,5.0,7,11262,M,4319266.0,302718.0,11
201300013224,13,12,10,815,1,2,1,1.0,2,11262,M,,,11