Num_Acc,an,mois,jour,hrmn,lum,agg,int,atm,col,com,gps,lat,long,dep
201300013225,13,12,10,1452,1,1,1,1.0,3,11262,M,4318748.0,298074.0,11
201300013226,13,12,14,1815,2,2,1,1.0,6,11262,M,4318081.0,300480.0,11
201300013227,13,12,15,530,5,2,2,1.0,3,11262,M,4318712.0,299413.0,11
201300013228,13,12,15,1220,1,2,2,1.0,3,11262,M,4317917.0,299686.0,11
201300013229,13,12,30,1130,1,2,1,1.0,3,11262,M,,,11
201300013230,13,2,23,530,3,1,1,1.0,3,95504,M,4910790.0,225720.0,95
201300013231,13,7,28,730,1,1,1,1.0,6,60453,M,0.0,0.0,60
201300013232,13,9,30,1130,1,1,1,1.0,6,60030,M,0.0,0.0,60
201300013233,13,11,9,300,3,1,1,2.0,6,95313,M,4911660.0,225290.0,95
201300013234,13,7,22,915,1,2,1,1.0,1,13050,M,0.0,0.0,13
201300013235,13,12,23,1200,1,2,1,1.0,6,13091,M,0.0,0.0,13
201300013236,13,10,9,1945,2,1,1,1.0,7,85223,M,0.0,0.0,85
201300013237,13,12,28,1745,3,1,1,4.0,2,85092,M,0.0,0.0,85
201300013238,13,2,6,1415,1,1,1,4.0,6,31395,M,4348300.0,132500.0,31
201300013239,13,2,23,15,3,1,1,1.0,3,31395,M,4349500.0,134400.0,31
201300013240,13,4,10,1445,1,1,1,1.0,5,31349,M,0.0,0.0,31
201300013241,13,10,1,845,1,1,1,1.0,1,31435,M,0.0,0.0,31
201300013242,13,10,1,2045,5,2,1,1.0,7,31188,M,4354551.0,118853.0,31
201300013243,13,11,13,1030,1,1,1,1.0,3,31499,M,0.0,0.0,31
201300013244,13,12,14,645,5,1,1,2.0,2,31458,M,0.0,0.0,31
201300013245,13,1,16,945,1,1,1,1.0,6,76489,M,4949099.0,29016.0,76
201300013246,13,3,6,815,3,1,1,1.0,5,76169,M,4949017.0,42531.0,76
201300013247,13,5,25,1230,1,1,1,1.0,6,76305,M,4949499.0,24959.0,76
201300013248,13,6,18,1345,1,1,1,1.0,2,76657,M,4949072.0,38734.0,76
201300013249,13,7,6,745,1,1,1,1.0,2,76489,M,4945688.0,27259.0,76
201300013250,13,11,5,715,2,1,1,1.0,7,76305,M,4949792.0,22513.0,76
201300013251,13,11,10,1045,1,1,1,1.0,7,76305,M,4949790.0,22518.0,76
201300013252,13,7,25,1800,1,1,1,1.0,6,31324,M,4320818.0,102538.0,31
201300013253,13,10,12,1945,2,1,1,1.0,3,31503,M,0.0,0.0,31
201300013254,13,4,5,900,1,2,1,1.0,6,74278,M,0.0,0.0,74
201300013255,13,6,9,1900,1,1,1,1.0,7,74311,M,0.0,0.0,74
201300013256,13,10,17,1630,1,1,1,1.0,2,74311,M,0.0,0.0,74
201300013257,13,10,20,1130,1,1,1,3.0,6,74209,M,0.0,0.0,74
201300013258,13,3,24,1130,1,1,1,1.0,6,80159,M,0.0,0.0,80
201300013259,13,3,23,2230,3,1,1,1.0,7,80157,M,0.0,0.0,80
201300013260,13,4,14,1600,1,1,1,1.0,6,80024,M,0.0,0.0,80
201300013261,13,7,25,1645,1,1,1,1.0,6,80100,M,0.0,0.0,80
201300013262,13,9,10,2245,3,1,1,8.0,6,80160,M,0.0,0.0,80
201300013263,13,9,28,1330,1,1,1,1.0,6,80058,M,0.0,0.0,80
201300013264,13,12,2,1600,1,1,1,1.0,7,80702,M,0.0,0.0,80
201300013265,13,12,16,700,3,1,1,1.0,1,80160,M,0.0,0.0,80
201300013266,13,1,26,830,1,1,1,9.0,6,80009,M,0.0,0.0,80
201300013267,13,3,31,900,1,1,1,1.0,6,80344,M,0.0,0.0,80
201300013268,13,5,10,2145,3,1,1,1.0,6,80296,M,0.0,0.0,80
201300013269,13,7,6,115,3,1,1,5.0,3,80779,M,0.0,0.0,80
201300013270,13,3,16,1130,1,1,1,1.0,6,73278,M,4539597.0,627371.0,73
201300013271,13,4,19,630,2,1,1,1.0,2,39159,M,0.0,0.0,39
201300013272,13,6,1,1830,1,1,1,1.0,2,71300,M,0.0,0.0,71
201300013273,13,9,3,45,3,1,1,1.0,2,39159,M,0.0,0.0,39
201300013274,13,9,7,1715,1,1,1,2.0,6,39507,M,0.0,0.0,39
201300013275,13,2,22,1505,1,2,3,1.0,3,12089,M,,,12
201300013276,13,2,26,1425,1,2,1,1.0,7,12013,M,4452980.0,345699.0,12
201300013277,13,4,6,1400,1,2,3,8.0,3,12083,M,,,12
201300013278,13,8,30,1735,1,1,3,1.0,3,12305,M,4454300.0,0.0,12
201300013279,13,9,23,1815,2,2,9,7.0,6,12089,M,4456266.0,0.0,12
201300013280,13,9,26,1140,1,2,1,1.0,3,12089,M,,,12
201300013281,13,10,22,1548,1,2,3,1.0,1,12083,M,,,12
201300013282,13,11,9,1655,1,2,1,2.0,1,12100,M,,,12
201300013283,13,11,28,855,1,2,3,1.0,3,12089,M,4456388.0,0.0,12
201300013284,13,12,3,1030,1,2,1,8.0,6,12089,M,,,12
201300013285,13,12,15,1140,1,1,1,9.0,7,12028,M,,,12
201300013286,13,12,25,1745,5,2,1,1.0,6,12013,M,,,12
201300013287,13,1,12,1935,5,2,1,1.0,6,12145,M,,,12
201300013288,13,3,2,2325,5,2,6,1.0,3,12145,M,,,12
201300013289,13,3,18,1640,1,2,1,2.0,3,12145,M,,,12
201300013290,13,3,18,1830,2,2,1,2.0,2,12145,M,,,12
201300013291,13,4,25,1550,1,2,1,1.0,7,12145,M,,,12
201300013292,13,5,2,1845,1,1,1,1.0,6,12145,M,,,12
201300013293,13,6,4,1845,1,2,1,1.0,3,12145,M,,,12
201300013294,13,7,12,1805,1,1,1,1.0,6,12145,M,,,12
201300013295,13,8,4,1820,1,1,1,1.0,1,12145,M,4413416.0,345699.0,12
201300013296,13,12,11,1625,1,2,1,1.0,6,12145,M,,,12
201300013297,13,1,21,1525,1,1,3,4.0,1,12174,M,,,12
201300013298,13,1,31,1800,5,2,1,1.0,6,12202,M,,,12
201300013299,13,2,13,1930,5,2,1,1.0,4,12202,M,,,12
201300013300,13,2,16,1158,1,1,1,1.0,7,12176,M,,,12
201300013301,13,2,16,1540,1,2,1,1.0,2,12202,M,,,12
201300013302,13,3,10,1725,1,1,1,7.0,7,12202,M,,,12
201300013303,13,3,13,1255,1,2,2,4.0,2,12176,M,,,12
201300013304,13,3,24,600,5,2,1,2.0,6,12202,M,,,12
201300013305,13,3,30,250,5,2,1,3.0,7,12202,M,,,12
201300013306,13,3,30,2120,5,2,1,2.0,3,12176,M,,,12
201300013307,13,4,7,1755,1,2,1,1.0,7,12146,M,,,12
201300013308,13,4,8,1740,1,2,1,1.0,3,12174,M,,,12
201300013309,13,4,16,1900,1,1,1,1.0,6,12202,M,,,12
201300013310,13,5,1,1545,1,2,1,1.0,6,12176,M,,,12
201300013311,13,5,7,1835,1,1,1,1.0,6,12176,M,,,12
201300013312,13,5,15,1540,1,1,1,3.0,2,12176,M,,,12
201300013313,13,5,21,1415,1,2,1,1.0,1,12202,M,,,12
201300013314,13,5,25,1120,1,2,1,2.0,4,12176,M,,,12
201300013315,13,5,30,845,1,2,1,2.0,2,12146,M,,,12
201300013316,13,5,31,2245,5,2,2,2.0,1,12176,M,,,12
201300013317,13,6,4,1645,1,2,1,1.0,6,12202,M,,,12
201300013318,13,6,10,1755,1,2,9,1.0,1,12202,M,,,12
201300013319,13,6,18,1215,1,2,1,1.0,6,12202,M,,,12
201300013320,13,6,27,1715,1,2,1,1.0,2,12176,M,,,12
201300013321,13,6,28,1920,1,2,1,8.0,1,12176,M,,,12
201300013322,13,7,2,1425,1,2,1,1.0,6,12202,M,,,12
201300013323,13,7,6,2055,2,1,1,1.0,7,12146,M,,,12
201300013324,13,7,11,1555,1,2,1,1.0,7,12202,M,,,12
201300013325,13,7,17,1810,1,2,1,1.0,1,12202,M,,,12
201300013326,13,7,24,2230,3,1,1,1.0,1,12176,M,,,12
201300013327,13,7,26,1030,1,2,6,1.0,6,12202,M,,,12
201300013328,13,7,28,255,5,2,1,3.0,6,12176,M,,,12
201300013329,13,7,29,945,1,2,4,1.0,6,12202,M,,,12
201300013330,13,7,29,1610,1,2,1,1.0,4,12174,M,,,12
201300013331,13,7,30,1940,1,2,1,1.0,7,12176,M,,,12
201300013332,13,8,3,1950,1,2,9,1.0,1,12176,M,,,12
201300013333,13,8,17,735,2,1,1,2.0,1,12176,M,,,12
201300013334,13,8,21,1155,1,2,1,1.0,7,12176,M,,,12
201300013335,13,9,4,1030,1,2,6,1.0,6,12202,M,,,12
201300013336,13,9,19,945,1,2,1,1.0,6,12202,M,,,12
201300013337,13,9,20,655,5,2,1,2.0,3,12202,M,,,12
201300013338,13,9,20,1625,2,2,1,2.0,7,12202,M,,,12
201300013339,13,10,3,1205,1,2,1,1.0,1,12176,M,,,12
201300013340,13,10,9,125,5,1,1,1.0,3,12202,M,,,12
201300013341,13,10,28,1500,1,2,9,1.0,1,12202,M,,,12
201300013342,13,11,19,955,1,2,1,2.0,6,12202,M,,,12
201300013343,13,11,21,1350,1,1,1,1.0,2,12176,M,,,12
201300013344,13,11,22,1425,1,1,2,4.0,5,12202,M,,,12
201300013345,13,11,26,1720,3,2,6,1.0,6,12202,M,,,12
201300013346,13,12,10,1805,5,1,2,1.0,1,12176,M,,,12
201300013347,13,12,12,1910,5,2,1,1.0,4,12202,M,,,12
201300013348,13,12,20,1305,1,1,1,2.0,7,12176,M,,,12
201300013349,13,12,20,1800,5,2,1,1.0,2,12202,M,,,12
201300013350,13,12,31,930,1,2,1,1.0,6,12176,M,,,12
201300013351,13,9,14,545,5,1,1,8.0,2,46118,M,4499303.0,152726.0,46
201300013352,13,4,29,345,3,1,1,1.0,2,45222,M,4813166.0,271755.0,45
201300013353,13,5,4,1645,1,1,1,1.0,6,45115,M,4804644.0,306315.0,45
201300013354,13,6,29,1930,1,1,1,1.0,2,45332,M,4789141.0,268362.0,45
201300013355,13,10,3,1815,1,1,1,1.0,6,45060,M,4773064.0,273708.0,45
201300013356,13,2,8,2000,1,2,1,1.0,3,24335,M,4484350.0,20479.0,24
201300013357,13,7,24,1615,1,1,1,1.0,7,24063,M,4472700.0,123200.0,24
201300013358,13,8,9,1900,1,1,1,1.0,1,24293,M,4479190.0,100998.0,24
201300013359,13,1,10,545,3,1,1,2.0,6,63399,M,0.0,0.0,63
201300013360,13,3,12,1500,1,1,1,1.0,7,19275,M,0.0,0.0,19
201300013361,13,8,25,1730,1,1,1,8.0,6,19263,M,4570100.0,206400.0,19
201300013362,13,10,11,1545,1,1,1,4.0,6,63399,M,0.0,0.0,63
201300013363,13,1,14,1945,3,1,1,1.0,7,10415,M,0.0,0.0,10
201300013364,13,3,17,1900,2,1,1,1.0,2,10329,M,0.0,0.0,10
201300013365,13,3,19,1630,1,1,1,3.0,3,10142,M,0.0,0.0,10
201300013366,13,5,13,1530,1,1,9,1.0,2,10415,M,0.0,0.0,10
201300013367,13,5,20,2115,2,1,1,2.0,6,10084,M,0.0,0.0,10
201300013368,13,5,20,1500,1,1,1,3.0,6,10256,M,0.0,0.0,10
201300013369,13,5,12,1145,1,1,1,1.0,2,10426,M,0.0,0.0,10
201300013370,13,7,20,1930,1,1,1,1.0,6,10130,M,0.0,0.0,10
201300013371,13,8,26,545,3,1,1,2.0,2,10048,M,0.0,0.0,10
201300013372,13,9,7,615,2,1,1,2.0,1,10115,M,0.0,0.0,10
201300013373,13,9,7,1430,1,1,1,8.0,6,10076,M,0.0,0.0,10
201300013374,13,9,25,1130,1,1,1,1.0,6,10260,M,0.0,0.0,10
201300013375,13,10,6,845,1,1,1,1.0,6,10216,M,0.0,0.0,10
201300013376,13,10,17,1900,2,1,9,1.0,2,10363,M,0.0,0.0,10
201300013377,13,11,21,1200,1,1,1,1.0,2,10260,M,0.0,0.0,10
201300013378,13,1,3,1830,5,2,3,1.0,1,13001,M,,,13
201300013379,13,1,6,1810,3,1,1,1.0,3,13001,M,,,13
201300013380,13,1,16,1645,1,2,1,1.0,6,13001,M,4351402.0,546138.0,13
201300013381,13,1,9,1815,3,1,9,1.0,6,13001,M,4352878.0,543670.0,13
201300013382,13,1,26,500,3,1,1,1.0,6,13001,M,,,13
201300013383,13,1,24,1230,1,2,1,1.0,2,13001,M,4353059.0,543899.0,13
201300013384,13,2,4,1340,1,2,1,1.0,3,13001,M,4351513.0,546903.0,13
201300013385,13,2,6,1845,5,2,1,2.0,6,13001,M,,,13
201300013386,13,2,9,2300,3,1,1,1.0,3,13001,M,4356033.0,541214.0,13
201300013387,13,2,25,2250,5,2,1,1.0,7,13001,M,4353262.0,544867.0,13
201300013388,13,2,24,540,3,1,1,1.0,2,13001,M,4349656.0,537717.0,13
201300013389,13,2,25,2030,3,2,1,1.0,6,13001,M,,,13
201300013390,13,2,28,2200,5,2,6,1.0,3,13001,M,4352378.0,543525.0,13
201300013391,13,3,5,145,5,2,1,1.0,6,13001,M,,,13
201300013392,13,3,7,1310,1,1,1,1.0,4,13001,M,4350616.0,540646.0,13
201300013393,13,3,13,1755,1,1,2,1.0,3,13001,M,4355897.0,544275.0,13
201300013394,13,3,25,740,1,2,1,1.0,2,13001,M,4352366.0,544641.0,13
201300013395,13,3,26,2100,3,2,1,1.0,6,13001,M,,,13
201300013396,13,3,29,1325,1,2,2,1.0,3,13001,M,4352829.0,542928.0,13
201300013397,13,4,3,2135,5,2,3,1.0,3,13001,M,4351927.0,544252.0,13
201300013398,13,4,5,345,5,2,1,1.0,2,13001,M,,,13
201300013399,13,4,7,2055,4,2,2,1.0,3,13001,M,4351856.0,543317.0,13
201300013400,13,4,6,230,5,2,3,1.0,7,13001,M,4352157.0,543515.0,13
201300013401,13,4,17,1100,1,2,1,1.0,6,13001,M,4352346.0,543872.0,13
201300013402,13,4,14,2130,4,2,1,1.0,3,13001,M,,,13
201300013403,13,4,23,1555,1,2,1,1.0,4,13001,M,4355288.0,542347.0,13
201300013404,13,4,27,325,5,2,1,2.0,6,13001,M,4352385.0,544274.0,13
201300013405,13,4,29,1540,1,1,1,1.0,6,13001,M,,,13
201300013406,13,5,12,10,5,2,3,1.0,2,13001,M,4352410.0,545122.0,13
201300013407,13,5,10,1250,1,2,1,1.0,3,13001,M,4352295.0,544233.0,13
201300013408,13,5,16,400,3,1,1,2.0,6,13001,M,,,13
201300013409,13,4,15,1100,1,2,1,1.0,7,13001,M,4354001.0,545422.0,13
201300013410,13,5,19,850,1,1,1,9.0,2,13001,M,,,13
201300013411,13,5,23,2320,3,1,1,1.0,1,13001,M,,,13
201300013412,13,5,24,1940,1,2,3,1.0,3,13001,M,4347279.0,539941.0,13
201300013413,13,5,23,1100,1,2,1,1.0,6,13001,M,,,13
201300013414,13,5,28,1945,2,2,3,3.0,6,13001,M,4353047.0,543836.0,13
201300013415,13,6,5,1045,1,2,1,1.0,6,13001,M,4352434.0,543170.0,13
201300013416,13,6,7,2300,5,2,6,1.0,3,13001,M,4351894.0,543280.0,13
201300013417,13,6,16,325,5,2,1,1.0,2,13001,M,,,13
201300013418,13,6,19,1230,1,1,2,1.0,3,13001,M,4357100.0,546850.0,13
201300013419,13,6,22,5,5,2,9,1.0,6,13001,M,4351999.0,545597.0,13
201300013420,13,6,24,1645,1,2,1,1.0,3,13001,M,4351343.0,545133.0,13
201300013421,13,6,25,1125,1,2,3,1.0,3,13001,M,4354126.0,543241.0,13
201300013422,13,6,28,1545,1,2,1,1.0,7,13001,M,4351013.0,539251.0,13
201300013423,13,6,29,5,2,2,1,9.0,7,13001,M,4353763.0,543773.0,13
201300013424,13,7,5,2020,1,1,1,1.0,3,13001,M,,,13
201300013425,13,6,28,920,1,2,1,1.0,4,13001,M,,,13
201300013426,13,7,13,1125,1,2,1,1.0,7,13001,M,4353270.0,542743.0,13
201300013427,13,7,20,1800,1,2,1,1.0,6,13001,M,,,13
201300013428,13,7,23,1445,1,1,1,1.0,1,13001,M,4351362.0,544624.0,13
201300013429,13,7,27,515,5,1,1,1.0,7,13001,M,4357435.0,538899.0,13
201300013430,13,8,12,930,1,1,3,1.0,3,13001,M,,,13
201300013431,13,7,31,2015,1,2,6,1.0,3,13001,M,,,13
201300013432,13,8,20,1800,1,2,1,1.0,6,13001,M,4351772.0,546872.0,13
201300013433,13,8,22,430,5,2,1,1.0,3,13001,M,,,13
201300013434,13,8,23,1800,1,2,1,1.0,6,13001,M,4352827.0,543326.0,13
201300013435,13,8,26,2050,5,1,1,1.0,3,13001,M,,,13
201300013436,13,9,1,315,3,2,9,1.0,6,13001,M,4352989.0,542837.0,13
201300013437,13,8,24,1955,1,1,2,1.0,3,13001,M,4353959.0,537832.0,13
201300013438,13,8,14,1215,1,2,2,1.0,1,13001,M,4352872.0,542385.0,13
201300013439,13,8,18,1140,1,1,1,1.0,3,13001,M,,,13
201300013440,13,9,20,1725,1,1,1,1.0,6,13001,M,4349548.0,540117.0,13
201300013441,13,9,24,720,1,2,1,1.0,3,13001,M,4351724.0,546542.0,13
201300013442,13,9,19,930,1,2,1,1.0,6,13001,M,4352860.0,545211.0,13
201300013443,13,9,23,1230,1,2,1,1.0,6,13001,M,4352453.0,543109.0,13
201300013444,13,9,28,1340,1,1,1,1.0,3,13001,M,4355288.0,542342.0,13
201300013445,13,10,1,530,3,1,1,1.0,6,13001,M,4351162.0,542070.0,13
201300013446,13,9,28,2030,5,1,1,1.0,2,13001,M,,,13
201300013447,13,9,28,1400,1,2,1,1.0,2,13001,M,4352553.0,544274.0,13
201300013448,13,10,3,2325,5,2,1,1.0,2,13001,M,4352465.0,544368.0,13
201300013449,13,9,30,935,1,1,1,1.0,4,13001,M,,,13
201300013450,13,10,3,1400,1,2,1,1.0,7,13001,M,,,13
201300013451,13,10,9,600,5,2,2,1.0,6,13001,M,4352861.0,542425.0,13
201300013452,13,9,25,1300,1,1,1,1.0,2,13001,M,,,13
201300013453,13,10,9,2120,5,2,1,1.0,1,13001,M,4352023.0,544268.0,13
201300013454,13,10,17,1900,2,1,3,1.0,3,13001,M,4347928.0,539382.0,13
201300013455,13,10,17,915,1,2,1,1.0,2,13001,M,4351463.0,543297.0,13
201300013456,13,10,12,1000,1,2,1,1.0,1,13001,M,4353702.0,545737.0,13
201300013457,13,11,2,920,1,2,3,1.0,6,13001,M,4352928.0,545203.0,13
201300013458,13,11,4,1345,1,1,1,2.0,4,13001,M,4356756.0,540018.0,13
201300013459,13,11,8,1800,3,1,1,1.0,1,13001,M,4361293.0,536320.0,13
201300013460,13,10,29,825,1,2,1,8.0,6,13001,M,4351981.0,544273.0,13
201300013461,13,11,14,1545,1,2,1,6.0,3,13001,M,4352280.0,545618.0,13
201300013462,13,11,24,1345,1,2,1,1.0,3,13001,M,,,13
201300013463,13,11,30,2115,3,1,1,1.0,6,13001,M,,,13
201300013464,13,12,11,1030,1,2,3,1.0,3,13001,M,4351853.0,544289.0,13
201300013465,13,12,19,2000,3,1,1,3.0,6,13001,M,,,13
201300013466,13,12,28,50,5,2,3,1.0,6,13001,M,4348456.0,541897.0,13
201300013467,13,12,31,930,1,2,1,1.0,6,13001,M,,,13
201300013468,13,1,9,10,5,2,1,1.0,6,13004,M,4369041.0,463359.0,13
201300013469,13,1,3,2010,5,2,1,1.0,6,13004,M,4368231.0,463207.0,13
201300013470,13,1,18,1715,1,2,3,1.0,3,13004,M,4367429.0,462357.0,13
201300013471,13,1,27,2145,3,1,1,2.0,6,13004,M,,,13
201300013472,13,2,2,825,1,2,1,1.0,6,13004,M,4367708.0,462471.0,13
201300013473,13,2,17,1740,1,1,1,1.0,3,13004,M,4367856.0,460921.0,13
201300013474,13,5,19,1500,1,1,1,1.0,6,13004,M,,,13
201300013475,13,6,1,2210,5,2,1,1.0,6,13004,M,4368734.0,461489.0,13
201300013476,13,6,7,1215,1,2,1,1.0,3,13004,M,,,13
201300013477,13,6,17,1612,1,2,1,1.0,6,13004,M,,,13
201300013478,13,6,24,2155,5,2,1,1.0,7,13004,M,,,13
201300013479,13,7,1,1413,1,1,1,1.0,6,13004,M,,,13
201300013480,13,7,13,100,5,2,2,1.0,3,13004,M,4367215.0,463302.0,13
201300013481,13,7,19,1200,1,1,1,1.0,4,13004,M,,,13
201300013482,13,8,31,1425,1,2,3,1.0,6,13004,M,4367170.0,463383.0,13
201300013483,13,9,6,1405,1,2,2,1.0,6,13004,M,4366874.0,463447.0,13
201300013484,13,9,24,1808,1,2,1,1.0,6,13004,M,,,13
201300013485,13,9,28,2300,5,2,2,1.0,3,13004,M,4367497.0,462502.0,13
201300013486,13,9,29,1710,1,1,1,1.0,2,13004,M,,,13
201300013487,13,9,29,1945,1,1,1,2.0,7,13004,M,,,13
201300013488,13,11,14,1840,5,2,2,1.0,3,13004,M,4367813.0,463368.0,13
201300013489,13,11,1,2150,5,2,1,1.0,1,13004,M,4370210.0,463411.0,13
201300013490,13,12,4,1010,1,2,2,1.0,6,13004,M,4367472.0,463862.0,13
201300013491,13,12,5,900,1,2,2,1.0,3,13004,M,4366682.0,461902.0,13
201300013492,13,12,8,2050,3,2,1,1.0,5,13004,M,,,13
201300013493,13,12,10,1820,5,2,1,1.0,6,13004,M,,,13
201300013494,13,12,12,740,2,2,1,1.0,3,13004,M,,,13
201300013495,13,12,23,1745,3,2,1,1.0,6,13004,M,,,13
201300013496,13,12,23,2140,5,2,2,1.0,1,13004,M,4367497.0,462502.0,13
201300013497,13,12,4,639,5,2,1,1.0,3,13005,M,,,13
201300013498,13,1,8,855,1,2,1,1.0,6,13005,M,4328161.0,554821.0,13
201300013499,13,1,9,1250,1,2,1,1.0,7,13005,M,4330726.0,557494.0,13
201300013500,13,1,10,1045,1,2,1,1.0,7,13005,M,4328945.0,557242.0,13
201300013501,13,1,13,1235,1,1,1,2.0,1,13005,M,4331380.0,559366.0,13
201300013502,13,1,17,1910,5,2,9,9.0,3,13005,M,4329061.0,556019.0,13
201300013503,13,4,4,2120,5,2,1,2.0,3,13005,M,4328345.0,560461.0,13
201300013504,13,1,23,1740,5,2,3,2.0,3,13005,M,4328934.0,556841.0,13
201300013505,13,1,23,1950,5,2,6,2.0,1,13005,M,4329797.0,559066.0,13
201300013506,13,1,24,2255,5,2,1,1.0,6,13005,M,4328947.0,556765.0,13
201300013507,13,1,25,915,1,2,1,1.0,6,13005,M,4329584.0,556665.0,13
201300013508,13,1,28,1210,1,1,1,1.0,3,13005,M,4328878.0,559401.0,13
201300013509,13,1,29,830,1,2,1,1.0,6,13005,M,,,13
201300013510,13,2,7,1620,1,1,1,6.0,7,13005,M,4331443.0,559383.0,13
201300013511,13,2,10,1415,1,2,3,4.0,3,13070,M,4328263.0,553005.0,13
201300013512,13,2,10,1550,1,2,1,4.0,7,13005,M,4331194.0,557998.0,13
201300013513,13,2,11,1750,1,1,1,8.0,1,13005,M,4330714.0,555150.0,13
201300013514,13,2,14,1410,1,2,1,1.0,3,13005,M,4329279.0,556830.0,13
201300013515,13,2,20,1050,1,2,1,1.0,6,13005,M,4328429.0,560127.0,13
201300013516,13,2,16,1655,1,2,6,1.0,3,13005,M,4329806.0,559703.0,13
201300013517,13,2,25,1250,1,2,1,1.0,6,13005,M,4328319.0,553317.0,13
201300013518,13,2,27,845,1,2,1,7.0,5,13005,M,4328769.0,558718.0,13
201300013519,13,2,26,1220,1,1,9,1.0,3,13005,M,,,13
201300013520,13,3,4,1845,5,1,9,1.0,5,13005,M,4330870.0,560804.0,13
201300013521,13,3,8,930,1,2,6,1.0,2,13005,M,4329432.0,555850.0,13
201300013522,13,3,9,1515,1,2,1,1.0,2,13005,M,4329170.0,556131.0,13
201300013523,13,3,19,755,1,2,1,1.0,2,13005,M,4328015.0,553870.0,13
201300013524,13,3,21,1415,1,2,1,1.0,3,13070,M,4328446.0,551647.0,13
201300013525,13,3,20,1225,1,2,1,2.0,2,13005,M,4329044.0,558240.0,13
201300013526,13,3,24,1755,1,2,6,2.0,5,13005,M,4330335.0,557178.0,13
201300013527,13,3,27,1930,5,2,1,1.0,3,13070,M,4328260.0,552989.0,13
201300013528,13,3,28,1400,1,2,2,3.0,3,13005,M,,,13
201300013529,13,4,2,1250,1,2,1,1.0,2,13005,M,4328721.0,557935.0,13
201300013530,13,4,2,1645,1,2,1,1.0,3,13005,M,4328463.0,552440.0,13
201300013531,13,4,5,1605,1,2,1,1.0,6,13005,M,4329574.0,556629.0,13
201300013532,13,4,8,1740,1,2,1,1.0,7,13005,M,4329181.0,556915.0,13
201300013533,13,4,9,1600,1,1,1,1.0,2,13211,M,4328314.0,550554.0,13
201300013534,13,4,9,1630,1,1,3,1.0,1,13005,M,4328334.0,560506.0,13
201300013535,13,4,9,1820,1,1,1,1.0,2,13005,M,4328392.0,559467.0,13
201300013536,13,4,11,630,2,2,1,1.0,6,13005,M,4328843.0,560049.0,13
201300013537,13,4,11,1135,1,1,9,1.0,6,13005,M,4329235.0,559202.0,13
201300013538,13,4,14,1750,1,2,3,1.0,3,13005,M,4328786.0,557899.0,13
201300013539,13,4,15,1650,1,2,1,1.0,7,13005,M,4327395.0,553224.0,13
201300013540,13,4,16,1730,1,2,1,1.0,3,13005,M,4328811.0,552302.0,13
201300013541,13,4,16,1910,1,1,1,1.0,4,13005,M,4329244.0,555585.0,13
201300013542,13,4,17,845,1,2,3,1.0,3,13005,M,4328637.0,559549.0,13
201300013543,13,4,25,940,1,1,1,1.0,3,13005,M,4328808.0,552303.0,13
201300013544,13,4,30,935,1,2,9,1.0,3,13005,M,4330322.0,557173.0,13
201300013545,13,4,30,1000,1,2,1,1.0,3,13005,M,4328648.0,558740.0,13
201300013546,13,5,2,1930,2,2,1,1.0,4,13005,M,4328602.0,558078.0,13
201300013547,13,5,7,1120,1,2,9,1.0,2,13005,M,,,13
201300013548,13,5,7,1940,1,2,1,1.0,3,13005,M,4328479.0,559208.0,13
201300013549,13,5,10,1510,1,2,2,1.0,3,13005,M,4328415.0,554418.0,13
201300013550,13,5,11,1400,1,1,1,1.0,6,13005,M,,,13
201300013551,13,5,12,1625,1,2,1,1.0,3,13005,M,4330086.0,557001.0,13
201300013552,13,5,14,1435,1,2,1,1.0,2,13070,M,4328441.0,551746.0,13
201300013553,13,5,17,1105,1,2,1,9.0,3,13005,M,4329270.0,556903.0,13
201300013554,13,5,20,1515,1,2,1,1.0,3,13005,M,4330583.0,557262.0,13
201300013555,13,5,21,1730,1,2,3,1.0,3,13005,M,4330871.0,560804.0,13
201300013556,13,5,23,730,1,2,6,1.0,3,13005,M,4329099.0,558646.0,13
201300013557,13,5,27,800,1,1,3,1.0,3,13005,M,4328592.0,560171.0,13
201300013558,13,5,28,1710,1,2,1,2.0,6,13005,M,4329801.0,559706.0,13
201300013559,13,5,29,1855,1,2,1,1.0,2,13005,M,4330585.0,553584.0,13
201300013560,13,5,31,1155,1,2,3,1.0,3,13005,M,4329087.0,557010.0,13
201300013561,13,6,3,1845,1,2,1,1.0,3,13005,M,4326720.0,558791.0,13
201300013562,13,6,3,1230,1,2,6,1.0,6,13005,M,4329638.0,556864.0,13
201300013563,13,6,8,1000,1,2,1,1.0,2,13005,M,4328615.0,558752.0,13
201300013564,13,5,31,1800,1,2,1,1.0,3,13070,M,4328692.0,551459.0,13
201300013565,13,6,11,2355,5,2,1,1.0,1,13005,M,4330533.0,553444.0,13
201300013566,13,6,14,850,1,1,3,1.0,3,13005,M,,,13
201300013567,13,6,14,1100,1,2,3,1.0,3,13005,M,4328930.0,556858.0,13
201300013568,13,6,15,1200,1,2,9,1.0,7,13005,M,4329468.0,557357.0,13