Num_Acc,an,mois,jour,hrmn,lum,agg,int,atm,col,com,gps,lat,long,dep
201300013569,13,6,16,1550,1,2,1,1.0,3,13005,M,4328927.0,556635.0,13
201300013570,13,6,19,820,1,2,6,1.0,3,13005,M,4329187.0,558798.0,13
201300013571,13,6,20,1015,1,2,1,1.0,3,13070,M,4328217.0,552684.0,13
201300013572,13,6,22,1740,1,2,1,1.0,6,13005,M,4329970.0,559101.0,13
201300013573,13,6,22,2100,1,2,1,1.0,3,13005,M,4328833.0,556672.0,13
201300013574,13,6,24,1220,1,2,1,1.0,3,13005,M,4328660.0,557851.0,13
201300013575,13,6,24,2040,1,2,1,1.0,3,13005,M,4329606.0,556853.0,13
201300013576,13,3,4,1205,1,2,1,1.0,3,13070,M,4328119.0,551785.0,13
201300013577,13,3,7,1600,1,2,3,1.0,3,13005,M,4328734.0,554504.0,13
201300013578,13,4,3,750,1,2,3,1.0,3,13070,M,4328691.0,551788.0,13
201300013579,13,6,27,1600,1,2,1,1.0,2,13005,M,4328983.0,557174.0,13
201300013580,13,6,28,1400,1,2,1,1.0,1,13070,M,4328118.0,551879.0,13
201300013581,13,6,29,1125,1,2,1,1.0,3,13005,M,4329616.0,559417.0,13
201300013582,13,4,26,910,1,2,1,1.0,5,13005,M,4329350.0,556901.0,13
201300013583,13,6,30,1900,1,2,2,1.0,3,13005,M,4328768.0,558719.0,13
201300013584,13,7,5,1025,1,1,1,1.0,6,13005,M,4331997.0,558534.0,13
201300013585,13,7,6,1030,1,2,1,1.0,6,13005,M,4328585.0,555581.0,13
201300013586,13,7,7,1210,1,2,1,1.0,1,13005,M,4331276.0,557804.0,13
201300013587,13,7,10,1640,1,2,1,1.0,2,13070,M,4328129.0,551724.0,13
201300013588,13,7,10,1709,1,1,3,1.0,3,13005,M,,,13
201300013589,13,7,11,1820,1,1,1,1.0,7,13005,M,4327843.0,558997.0,13
201300013590,13,7,13,1330,1,1,1,1.0,7,13005,M,,,13
201300013591,13,7,16,550,1,2,1,1.0,5,13005,M,4331610.0,558087.0,13
201300013592,13,7,11,1500,1,1,1,1.0,4,13005,M,4331135.0,559304.0,13
201300013593,13,7,21,1800,1,1,1,1.0,3,13005,M,4327361.0,559012.0,13
201300013594,13,7,24,1300,1,2,1,1.0,3,13005,M,4329399.0,556717.0,13
201300013595,13,7,26,2000,1,2,1,1.0,2,13005,M,4331558.0,556160.0,13
201300013596,13,7,26,2140,5,2,1,1.0,1,13005,M,4327812.0,553882.0,13
201300013597,13,7,26,1600,1,2,1,1.0,6,13005,M,4329522.0,556817.0,13
201300013598,13,7,31,1850,1,2,1,1.0,2,13005,M,4329299.0,556760.0,13
201300013599,13,8,2,1200,1,1,1,1.0,2,13005,M,4328533.0,559069.0,13
201300013600,13,8,4,1420,1,2,1,1.0,7,13005,M,4329538.0,556086.0,13
201300013601,13,8,5,1715,1,1,1,1.0,3,13005,M,4329225.0,559095.0,13
201300013602,13,8,8,1250,1,1,1,1.0,1,13005,M,4328640.0,558022.0,13
201300013603,13,8,8,1315,1,2,1,1.0,6,13070,M,4327777.0,551729.0,13
201300013604,13,8,8,1350,1,2,1,1.0,3,13005,M,4329265.0,556605.0,13
201300013605,13,8,13,1750,1,2,1,1.0,6,13005,M,4328993.0,557162.0,13
201300013606,13,8,14,1745,1,2,1,1.0,2,13005,M,4330336.0,557162.0,13
201300013607,13,8,17,1030,1,1,1,1.0,7,13005,M,4329300.0,556761.0,13
201300013608,13,8,19,1600,1,2,1,1.0,6,13005,M,4332236.0,559397.0,13
201300013609,13,8,20,1830,1,1,1,1.0,3,13005,M,,,13
201300013610,13,8,21,1800,1,2,1,1.0,3,13005,M,4329442.0,556704.0,13
201300013611,13,8,23,330,5,2,4,1.0,6,13005,M,,,13
201300013612,13,8,24,1300,1,2,3,1.0,3,13005,M,4328766.0,558721.0,13
201300013613,13,9,1,430,5,2,1,1.0,6,13005,M,4328340.0,553763.0,13
201300013614,13,9,2,1025,1,2,1,1.0,3,13005,M,4328731.0,553555.0,13
201300013615,13,9,3,650,1,2,3,7.0,3,13005,M,4328633.0,558685.0,13
201300013616,13,9,3,1030,1,2,1,1.0,6,13005,M,4329591.0,554805.0,13
201300013617,13,9,5,1330,1,2,1,1.0,7,13005,M,4328824.0,556450.0,13
201300013618,13,9,10,1240,1,2,1,1.0,2,13005,M,4331996.0,558532.0,13
201300013619,13,9,9,1650,1,1,1,1.0,2,13005,M,4329575.0,559504.0,13
201300013620,13,9,9,1815,1,2,1,1.0,2,13005,M,4328563.0,558129.0,13
201300013621,13,9,10,1810,1,1,1,1.0,7,13005,M,4328503.0,559553.0,13
201300013622,13,9,12,1135,1,2,1,1.0,5,13005,M,4331368.0,557851.0,13
201300013623,13,9,12,1605,1,2,1,1.0,6,13005,M,4329170.0,558500.0,13
201300013624,13,9,13,1735,1,1,3,1.0,7,13005,M,4331255.0,560281.0,13
201300013625,13,9,14,820,1,2,1,1.0,3,13005,M,4329736.0,558641.0,13
201300013626,13,9,16,915,1,2,1,1.0,6,13005,M,4329258.0,556550.0,13
201300013627,13,9,18,1740,1,2,1,1.0,6,13005,M,4329468.0,557380.0,13
201300013628,13,9,19,830,1,2,1,1.0,6,13070,M,4327824.0,551840.0,13
201300013629,13,9,19,1350,1,2,1,1.0,3,13005,M,,,13
201300013630,13,9,20,715,1,1,1,1.0,1,13005,M,4329778.0,560584.0,13
201300013631,13,9,25,1135,1,2,1,1.0,2,13005,M,4329753.0,558110.0,13
201300013632,13,9,17,1140,1,2,1,1.0,1,13005,M,4329706.0,556591.0,13
201300013633,13,9,23,1420,1,2,1,1.0,4,13005,M,4330372.0,557209.0,13
201300013634,13,9,23,1530,1,2,1,1.0,3,13005,M,4329844.0,559329.0,13
201300013635,13,9,24,1840,1,1,2,1.0,3,13005,M,,,13
201300013636,13,9,24,1930,2,2,1,1.0,3,13005,M,4328718.0,556146.0,13
201300013637,13,9,17,1215,1,1,9,1.0,2,13005,M,4330385.0,557223.0,13
201300013638,13,9,27,1445,1,2,1,1.0,6,13005,M,4329339.0,556781.0,13
201300013639,13,9,28,2010,5,2,3,1.0,3,13005,M,,,13
201300013640,13,9,30,1155,1,2,1,1.0,2,13005,M,4330549.0,557255.0,13
201300013641,13,10,5,1145,1,1,1,1.0,6,13005,M,4332620.0,559643.0,13
201300013642,13,10,7,1635,1,2,1,1.0,2,13005,M,4330324.0,557171.0,13
201300013643,13,10,7,1730,1,2,2,1.0,3,13005,M,4329543.0,556970.0,13
201300013644,13,10,8,1500,1,1,3,1.0,2,13005,M,,,13
201300013645,13,10,9,1030,1,2,1,1.0,3,13005,M,4328442.0,559423.0,13
201300013646,13,10,9,1400,1,1,1,1.0,7,13005,M,4330718.0,555129.0,13
201300013647,13,10,10,1700,1,2,1,1.0,6,13070,M,4328138.0,550474.0,13
201300013648,13,10,10,1815,1,1,1,1.0,7,13005,M,4328611.0,559985.0,13
201300013649,13,10,9,1850,2,2,1,1.0,3,13005,M,4328459.0,555400.0,13
201300013650,13,10,15,640,5,2,6,1.0,3,13005,M,4328426.0,559366.0,13
201300013651,13,10,16,1615,1,2,1,1.0,1,13005,M,4329614.0,559101.0,13
201300013652,13,10,17,1220,1,1,1,1.0,3,13005,M,4328888.0,559938.0,13
201300013653,13,10,31,1320,1,2,1,1.0,6,13005,M,4330012.0,557195.0,13
201300013654,13,10,31,1430,1,2,1,1.0,3,13005,M,4331738.0,559308.0,13
201300013655,13,11,3,2130,5,2,6,1.0,3,13005,M,4329639.0,556864.0,13
201300013656,13,11,6,1100,1,2,1,1.0,3,13005,M,4329776.0,558907.0,13
201300013657,13,11,12,820,1,2,1,1.0,2,13005,M,4328512.0,555403.0,13
201300013658,13,11,8,1440,1,1,1,1.0,3,13005,M,4329657.0,559023.0,13
201300013659,13,11,16,1930,5,2,1,1.0,4,13005,M,4328629.0,555942.0,13
201300013660,13,11,18,720,2,2,1,3.0,1,13005,M,4328340.0,560487.0,13
201300013661,13,11,19,740,1,2,1,2.0,2,13070,M,4328495.0,551419.0,13
201300013662,13,11,22,1715,2,2,1,1.0,3,13005,M,4329510.0,556017.0,13
201300013663,13,11,23,1250,1,2,1,1.0,2,13005,M,4328883.0,559398.0,13
201300013664,13,11,25,1755,3,1,1,1.0,1,13005,M,4328667.0,556565.0,13
201300013665,13,11,15,1850,5,2,1,1.0,6,13070,M,4328695.0,551492.0,13
201300013666,13,11,27,1920,5,2,1,1.0,3,13005,M,4331698.0,556000.0,13
201300013667,13,11,28,1230,1,2,1,1.0,6,13005,M,4329377.0,556725.0,13
201300013668,13,11,29,1600,1,2,1,1.0,6,13005,M,4328533.0,554860.0,13
201300013669,13,11,30,1750,5,2,6,2.0,3,13005,M,4330039.0,559112.0,13
201300013670,13,12,3,1030,1,2,3,1.0,3,13070,M,4327713.0,552160.0,13
201300013671,13,11,28,1145,1,1,1,1.0,7,13005,M,4328223.0,558373.0,13
201300013672,13,12,5,1900,5,2,1,1.0,2,13005,M,4328743.0,552991.0,13
201300013673,13,12,6,830,1,2,1,1.0,6,13005,M,4329291.0,556597.0,13
201300013674,13,12,7,1445,1,2,1,1.0,3,13005,M,4328880.0,557324.0,13
201300013675,13,11,27,1725,5,1,9,1.0,3,13005,M,4329157.0,559279.0,13
201300013676,13,12,10,1720,5,2,1,1.0,6,13005,M,4328797.0,557668.0,13
201300013677,13,12,14,1140,1,2,6,1.0,3,13005,M,4328431.0,559386.0,13
201300013678,13,12,18,1100,1,2,1,1.0,7,13005,M,4327525.0,555559.0,13
201300013679,13,12,20,1040,1,1,1,3.0,3,13005,M,,,13
201300013680,13,12,20,2030,5,1,1,2.0,2,13005,M,4328439.0,557295.0,13
201300013681,13,12,24,1625,1,1,1,1.0,3,13005,M,4329114.0,558746.0,13
201300013682,13,12,27,1530,1,2,3,1.0,3,13005,M,4329091.0,558141.0,13
201300013683,13,12,15,1500,1,2,1,1.0,2,13005,M,,,13
201300013684,13,12,21,1300,1,1,1,1.0,5,13005,M,,,13
201300013685,13,12,30,2200,3,1,1,1.0,7,13005,M,4327281.0,559010.0,13
201300013686,13,12,31,1150,1,2,1,1.0,3,13005,M,4331057.0,557695.0,13
201300013687,13,1,10,1100,1,2,1,1.0,3,13028,M,4318652.0,561464.0,13
201300013688,13,1,30,740,1,2,6,1.0,3,13028,M,4318953.0,562154.0,13
201300013689,13,2,5,1900,5,2,1,1.0,1,13028,M,4318487.0,558902.0,13
201300013690,13,3,1,1510,1,2,9,1.0,3,13028,M,4318261.0,559794.0,13
201300013691,13,3,9,1550,1,1,1,1.0,3,13028,M,4319935.0,558970.0,13
201300013692,13,3,11,1740,1,2,1,1.0,3,13028,M,4320750.0,560577.0,13
201300013693,13,3,22,1743,1,2,1,1.0,6,13028,M,4318845.0,559918.0,13
201300013694,13,4,16,1130,1,2,1,1.0,3,13028,M,4318366.0,561015.0,13
201300013695,13,5,15,1125,1,2,1,8.0,3,13028,M,4320522.0,560046.0,13
201300013696,13,5,15,1415,1,2,1,1.0,2,13028,M,4318346.0,560434.0,13
201300013697,13,5,16,1725,1,2,1,2.0,1,13028,M,4319070.0,563924.0,13
201300013698,13,6,1,1700,1,1,1,1.0,5,13028,M,,,13
201300013699,13,6,17,1815,1,1,2,1.0,3,13028,M,4318360.0,566756.0,13
201300013700,13,7,15,1900,1,2,3,1.0,3,13028,M,4317732.0,561079.0,13
201300013701,13,7,21,2045,1,1,1,1.0,1,13028,M,4319439.0,559988.0,13
201300013702,13,7,30,1155,1,2,3,1.0,2,13028,M,4318944.0,562941.0,13
201300013703,13,7,30,2245,5,2,1,1.0,6,13028,M,4318729.0,562537.0,13
201300013704,13,8,2,55,5,2,3,1.0,5,13028,M,4318365.0,561016.0,13
201300013705,13,8,2,1920,1,2,1,7.0,1,13028,M,4318025.0,559856.0,13
201300013706,13,8,5,915,1,2,1,1.0,7,13028,M,4317689.0,561111.0,13
201300013707,13,8,6,815,1,2,6,1.0,6,13028,M,4319258.0,560936.0,13
201300013708,13,8,10,1945,2,2,1,1.0,6,13028,M,4319505.0,561140.0,13
201300013709,13,8,14,2325,5,2,3,1.0,3,13028,M,4317793.0,559750.0,13
201300013710,13,8,27,1610,1,1,2,1.0,3,13028,M,4319874.0,562643.0,13
201300013711,13,8,28,1455,1,2,1,1.0,3,13028,M,4318924.0,563455.0,13
201300013712,13,8,30,1635,1,2,3,1.0,1,13028,M,4317061.0,560140.0,13
201300013713,13,10,21,1535,1,2,1,1.0,3,13028,M,4318685.0,560163.0,13
201300013714,13,10,22,1935,3,1,1,8.0,7,13028,M,0.0,0.0,13
201300013715,13,10,31,1830,5,2,1,1.0,3,13028,M,4319323.0,560055.0,13
201300013716,13,11,6,1210,1,2,6,1.0,6,13028,M,4318973.0,560382.0,13
201300013717,13,11,14,1930,5,2,1,6.0,5,13028,M,4318888.0,560868.0,13
201300013718,13,11,17,1930,5,2,9,8.0,3,13028,M,4317547.0,560260.0,13
201300013719,13,12,10,1810,5,2,1,1.0,6,13028,M,4319393.0,561065.0,13
201300013720,13,12,16,730,2,2,3,1.0,3,13028,M,4320249.0,562453.0,13
201300013721,13,12,19,1725,5,2,1,3.0,6,13028,M,4318604.0,560746.0,13
201300013722,13,1,30,1315,1,1,1,1.0,7,13047,M,,,13
201300013723,13,3,17,1,3,1,1,1.0,3,13063,M,,,13
201300013724,13,7,16,1910,1,1,1,1.0,7,13047,M,,,13
201300013725,13,7,20,1240,1,1,1,1.0,5,13047,M,,,13
201300013726,13,10,15,745,1,2,1,1.0,6,13047,M,4350956.0,499888.0,13
201300013727,13,11,1,1915,5,2,1,1.0,6,13063,M,4359810.0,500900.0,13
201300013728,13,11,29,2000,5,2,1,6.0,6,13047,M,4351580.0,498952.0,13
201300013729,13,1,5,1545,1,2,9,1.0,6,13054,M,4341977.0,522488.0,13
201300013730,13,1,5,1750,5,2,1,1.0,4,13043,M,4339391.0,523633.0,13
201300013731,13,1,7,1330,1,2,1,1.0,1,13102,M,4341925.0,522883.0,13
201300013732,13,1,9,1250,1,2,1,1.0,5,13043,M,4339702.0,525094.0,13
201300013733,13,1,9,1813,3,2,1,1.0,3,13043,M,4339369.0,520176.0,13
201300013734,13,1,20,1850,5,2,2,1.0,3,13054,M,4341565.0,521067.0,13
201300013735,13,2,13,1215,1,2,1,9.0,3,13054,M,4341633.0,522651.0,13
201300013736,13,2,22,1832,5,2,3,1.0,1,13054,M,4341811.0,522308.0,13
201300013737,13,3,22,1400,1,2,6,1.0,3,13043,M,4339384.0,523148.0,13
201300013738,13,4,16,840,1,2,6,1.0,3,13054,M,4341190.0,520513.0,13
201300013739,13,4,16,1750,1,1,1,1.0,4,13043,M,4339506.0,521673.0,13
201300013740,13,4,21,1920,1,1,1,1.0,7,13043,M,,,13
201300013741,13,5,3,1745,1,2,1,1.0,2,13102,M,4342006.0,523529.0,13
201300013742,13,5,4,1545,1,2,1,1.0,3,13043,M,4339362.0,522024.0,13
201300013743,13,6,9,1850,1,1,1,1.0,2,13054,M,4341109.0,521559.0,13
201300013744,13,6,11,1710,1,2,3,1.0,3,13043,M,4339710.0,525174.0,13
201300013745,13,6,20,1820,1,2,1,1.0,2,13102,M,4341935.0,524245.0,13
201300013746,13,6,22,1340,1,2,6,1.0,3,13054,M,,,13
201300013747,13,6,24,1705,1,2,1,6.0,3,13054,M,4341278.0,522496.0,13
201300013748,13,6,29,807,1,1,1,1.0,2,13054,M,4340668.0,520732.0,13
201300013749,13,7,2,750,1,2,1,1.0,3,13043,M,4338371.0,521971.0,13
201300013750,13,7,6,1235,1,2,2,1.0,3,13054,M,4342111.0,520777.0,13
201300013751,13,7,9,1740,1,2,1,1.0,3,13054,M,4341012.0,520605.0,13
201300013752,13,7,17,1625,1,2,1,1.0,6,13043,M,4338789.0,523466.0,13
201300013753,13,7,18,1755,1,1,1,1.0,3,13054,M,4342325.0,523071.0,13
201300013754,13,7,26,15,5,2,1,1.0,6,13054,M,4343025.0,518779.0,13
201300013755,13,7,28,1615,1,2,2,1.0,3,13054,M,4342111.0,520777.0,13
201300013756,13,8,4,2200,5,2,1,1.0,3,13102,M,4341526.0,524484.0,13
201300013757,13,8,5,1636,1,2,2,1.0,1,13054,M,4341948.0,521793.0,13
201300013758,13,8,14,1855,1,1,3,1.0,3,13054,M,4340976.0,521995.0,13
201300013759,13,8,15,228,3,1,1,1.0,6,13043,M,4339526.0,521332.0,13
201300013760,13,8,27,1230,1,1,3,1.0,1,13054,M,4340289.0,523955.0,13
201300013761,13,8,27,1110,1,2,1,1.0,3,13054,M,,,13
201300013762,13,9,3,1625,1,2,1,1.0,2,13054,M,4341779.0,522490.0,13
201300013763,13,9,5,1604,1,2,1,1.0,5,13043,M,4339378.0,519841.0,13
201300013764,13,9,6,1720,1,2,1,1.0,6,13054,M,4341918.0,522255.0,13
201300013765,13,9,7,1900,1,2,1,1.0,2,13054,M,4341568.0,520535.0,13
201300013766,13,9,14,1900,1,2,1,1.0,3,13054,M,4341117.0,521083.0,13
201300013767,13,9,17,945,1,1,1,1.0,3,13102,M,4341708.0,526132.0,13
201300013768,13,9,19,1915,5,2,3,1.0,3,13043,M,,,13
201300013769,13,9,19,845,1,2,1,1.0,6,13054,M,4342115.0,521635.0,13
201300013770,13,9,26,1805,1,2,1,1.0,3,13043,M,4338505.0,521597.0,13
201300013771,13,10,7,830,1,2,1,1.0,3,13043,M,4338756.0,522898.0,13
201300013772,13,10,12,2030,4,2,1,1.0,1,13102,M,4341820.0,523336.0,13
201300013773,13,10,24,1545,1,2,1,1.0,3,13054,M,4341511.0,521692.0,13
201300013774,13,11,5,1345,1,2,1,2.0,6,13043,M,,,13
201300013775,13,11,5,1810,5,2,1,1.0,5,13043,M,4339755.0,525414.0,13
201300013776,13,11,8,1410,1,2,1,8.0,2,13043,M,,,13
201300013777,13,11,11,1753,5,2,3,1.0,3,13054,M,4342090.0,522465.0,13
201300013778,13,11,12,1400,1,2,3,1.0,6,13054,M,4342175.0,523186.0,13
201300013779,13,12,12,1630,1,2,1,1.0,2,13054,M,4340453.0,522331.0,13
201300013780,13,11,18,1231,1,2,1,1.0,6,13054,M,4341857.0,521521.0,13
201300013781,13,11,23,1738,5,2,1,1.0,3,13054,M,,,13
201300013782,13,11,28,830,1,2,8,1.0,6,13054,M,4341810.0,521343.0,13
201300013783,13,12,4,1520,1,2,1,1.0,3,13102,M,4341955.0,524182.0,13
201300013784,13,12,7,1430,1,2,3,1.0,3,13043,M,4339523.0,521192.0,13
201300013785,13,12,7,2025,5,2,2,1.0,3,13054,M,4341725.0,521969.0,13
201300013786,13,12,10,1810,4,2,1,1.0,6,13054,M,,,13
201300013787,13,10,24,710,1,2,1,1.0,4,13055,M,4327818.0,535488.0,13
201300013788,13,10,24,1215,1,2,1,1.0,2,13055,M,4328480.0,539062.0,13
201300013789,13,12,3,1200,1,2,1,1.0,7,13055,M,4329935.0,538618.0,13
201300013790,13,12,22,1910,2,2,1,1.0,4,13055,M,4330485.0,540093.0,13
201300013791,13,10,12,1035,2,2,1,1.0,6,13055,M,4328789.0,544185.0,13
201300013792,13,10,17,1620,1,2,1,1.0,3,13055,M,4324816.0,540616.0,13
201300013793,13,10,26,1040,1,2,1,1.0,3,13055,M,4327399.0,539366.0,13
201300013794,13,10,31,905,1,1,1,1.0,6,13055,M,,,13
201300013795,13,11,10,1650,2,2,1,1.0,3,13055,M,,,13
201300013796,13,11,18,1015,1,1,1,2.0,6,13055,M,4326708.0,538288.0,13
201300013797,13,11,24,250,5,2,1,1.0,6,13055,M,4324588.0,541720.0,13
201300013798,13,12,2,630,2,2,1,1.0,3,13055,M,4324772.0,539705.0,13
201300013799,13,12,2,830,1,2,1,1.0,3,13055,M,,,13
201300013800,13,12,2,1100,1,2,1,1.0,6,13055,M,4326948.0,539300.0,13
201300013801,13,12,6,920,1,2,1,1.0,3,13055,M,4325850.0,538390.0,13
201300013802,13,12,11,1950,5,2,1,1.0,3,13055,M,4327941.0,539126.0,13
201300013803,13,12,23,900,2,2,1,1.0,2,13055,M,4327376.0,539332.0,13
201300013804,13,12,10,1255,1,2,1,1.0,6,13055,M,,,13
201300013805,13,12,12,1300,1,2,1,1.0,3,13055,M,4327369.0,538511.0,13
201300013806,13,12,17,855,1,2,3,7.0,3,13055,M,4332417.0,536270.0,13
201300013807,13,11,29,1615,1,2,3,1.0,3,13055,M,4334824.0,536238.0,13
201300013808,13,12,27,1335,1,2,2,1.0,6,13055,M,4329760.0,538106.0,13
201300013809,13,12,14,1100,1,2,1,1.0,3,13055,M,4333044.0,535905.0,13
201300013810,13,12,18,1330,1,2,1,1.0,6,13055,M,4337349.0,535442.0,13
201300013811,13,12,18,1420,1,2,3,2.0,3,13055,M,4331482.0,537285.0,13
201300013812,13,12,20,830,1,2,1,3.0,3,13055,M,,,13
201300013813,13,12,26,1710,5,2,1,1.0,3,13055,M,4332402.0,536737.0,13
201300013814,13,12,30,1515,1,2,1,1.0,3,13055,M,4331647.0,538301.0,13
201300013815,13,1,6,534,4,2,1,1.0,6,13055,M,4335348.0,541562.0,13
201300013816,13,1,3,1710,1,2,6,1.0,2,13055,M,,,13
201300013817,13,3,1,2115,5,2,1,1.0,2,13055,M,4327132.0,540913.0,13
201300013818,13,1,8,640,2,2,1,1.0,2,13055,M,4332618.0,536661.0,13
201300013819,13,1,4,500,5,2,3,1.0,3,13055,M,4330207.0,538251.0,13
201300013820,13,12,16,945,1,2,1,1.0,6,13055,M,,,13
201300013821,13,8,30,1140,1,2,1,1.0,6,13055,M,,,13
201300013822,13,6,11,1000,1,2,3,1.0,5,13106,M,4338369.0,535082.0,13
201300013823,13,12,17,1,5,2,1,1.0,6,13055,M,4323136.0,540057.0,13
201300013824,13,12,20,1500,1,2,1,2.0,3,13055,M,4328434.0,542001.0,13
201300013825,13,12,20,735,2,2,1,3.0,6,13055,M,4327705.0,538370.0,13
201300013826,13,12,16,1730,5,2,1,1.0,6,13055,M,4330443.0,541454.0,13
201300013827,13,12,17,1815,5,2,1,1.0,1,13055,M,4327564.0,541764.0,13
201300013828,13,1,1,850,1,2,3,1.0,6,13055,M,4328871.0,545834.0,13
201300013829,13,12,18,1000,1,2,6,1.0,6,13055,M,4324767.0,538989.0,13
201300013830,13,12,24,710,2,2,1,1.0,3,13055,M,4328858.0,545378.0,13
201300013831,13,12,26,1745,5,2,1,1.0,4,13055,M,4330869.0,546710.0,13
201300013832,13,12,27,1845,5,2,1,1.0,6,13055,M,4325972.0,540200.0,13
201300013833,13,11,21,900,1,2,1,3.0,4,13055,M,4332199.0,541785.0,13
201300013834,13,12,10,1420,1,2,1,1.0,2,13055,M,,,13
201300013835,13,12,13,1700,1,2,2,1.0,2,13055,M,4334729.0,537838.0,13
201300013836,13,12,19,1805,1,2,1,3.0,2,13055,M,4332996.0,537620.0,13
201300013837,13,1,11,600,4,2,2,1.0,3,13055,M,4329210.0,538058.0,13
201300013838,13,12,20,745,2,2,1,3.0,7,13055,M,4336204.0,532475.0,13
201300013839,13,12,20,805,1,2,1,3.0,6,13055,M,4332755.0,541275.0,13
201300013840,13,1,9,1740,5,2,1,1.0,3,13055,M,4335986.0,535757.0,13
201300013841,13,12,20,1315,1,1,1,3.0,6,13055,M,4332743.0,543616.0,13
201300013842,13,12,21,1800,5,2,2,1.0,3,13055,M,4332554.0,543049.0,13
201300013843,13,1,4,1238,1,2,3,1.0,3,13055,M,4333043.0,535907.0,13
201300013844,13,12,22,2230,5,2,3,1.0,2,13055,M,4331606.0,540059.0,13
201300013845,13,10,25,915,1,2,2,1.0,3,13055,M,4333643.0,543452.0,13
201300013846,13,10,17,1135,1,2,1,1.0,3,13055,M,4331821.0,537480.0,13
201300013847,13,9,12,1730,1,2,1,1.0,3,13055,M,4333279.0,541994.0,13
201300013848,13,1,11,1715,5,2,2,1.0,6,13055,M,4331156.0,537120.0,13
201300013849,13,9,19,830,1,2,1,1.0,3,13055,M,4333298.0,536427.0,13
201300013850,13,1,15,45,5,2,6,1.0,3,13055,M,4332872.0,536572.0,13
201300013851,13,11,13,945,1,2,1,1.0,3,13055,M,4336664.0,535670.0,13
201300013852,13,12,11,730,2,2,1,1.0,7,13055,M,4334223.0,544917.0,13
201300013853,13,12,18,2100,5,2,1,2.0,2,13055,M,4334651.0,537984.0,13
201300013854,13,12,21,1400,1,2,1,1.0,6,13055,M,,,13
201300013855,13,12,27,1810,5,2,3,1.0,3,13055,M,4334097.0,536531.0,13
201300013856,13,1,3,1035,1,2,1,1.0,2,13055,M,4335945.0,533796.0,13
201300013857,13,12,11,1830,5,2,3,1.0,6,13055,M,4331189.0,541078.0,13
201300013858,13,12,20,1945,5,2,2,2.0,3,13055,M,4330106.0,541513.0,13
201300013859,13,12,20,1000,1,2,1,3.0,6,13055,M,4326209.0,539330.0,13
201300013860,13,11,14,655,2,2,1,1.0,6,13055,M,4332401.0,538867.0,13
201300013861,13,1,10,1450,1,2,1,1.0,3,13055,M,,,13
201300013862,13,10,30,810,1,2,1,1.0,2,13055,M,4332574.0,544102.0,13
201300013863,13,9,26,1555,1,2,3,1.0,3,13002,M,4334898.0,547547.0,13
201300013864,13,11,7,1830,5,2,1,1.0,1,13055,M,4328839.0,546237.0,13
201300013865,13,1,17,1230,1,2,3,1.0,6,13055,M,4337377.0,535579.0,13
201300013866,13,12,19,1730,2,2,1,3.0,2,13075,M,,,13
201300013867,13,12,6,1010,1,2,1,6.0,3,13055,M,4325223.0,540277.0,13
201300013868,13,1,18,805,2,2,1,1.0,6,13055,M,4325651.0,538253.0,13
201300013869,13,12,13,1950,5,2,9,1.0,3,13055,M,4331378.0,540582.0,13
201300013870,13,12,16,1330,1,2,1,1.0,2,13106,M,4345171.0,541372.0,13
201300013871,13,11,29,1015,1,2,1,1.0,2,13055,M,4331052.0,540342.0,13
201300013872,13,1,1,2015,5,2,1,1.0,5,13055,M,4327332.0,540067.0,13
201300013873,13,12,2,1500,1,2,1,2.0,2,13055,M,,,13
201300013874,13,12,3,1410,1,2,1,1.0,3,13055,M,4329259.0,536735.0,13
201300013875,13,12,10,1525,1,2,2,1.0,3,13055,M,4328862.0,537890.0,13
201300013876,13,12,19,1815,5,2,1,2.0,7,13055,M,4329760.0,539991.0,13
201300013877,13,12,20,600,5,2,1,3.0,6,13055,M,,,13
201300013878,13,12,21,750,1,2,2,1.0,3,13055,M,4329878.0,540095.0,13
201300013879,13,1,12,1900,5,2,1,1.0,3,13055,M,4330172.0,537627.0,13
201300013880,13,12,25,15,5,2,3,2.0,6,13055,M,4330020.0,538873.0,13