Num_Acc,an,mois,jour,hrmn,lum,agg,int,atm,col,com,gps,lat,long,dep
201300013881,13,1,8,1750,3,2,1,1.0,6,13055,M,4332997.0,536531.0,13
201300013882,13,12,26,710,1,2,1,1.0,6,13055,M,4330476.0,540093.0,13
201300013883,13,12,30,1530,1,2,1,1.0,2,13055,M,4330773.0,540187.0,13
201300013884,13,11,15,1230,1,2,1,1.0,2,13055,M,4327887.0,539663.0,13
201300013885,13,1,11,945,1,2,7,1.0,3,13055,M,4330714.0,537521.0,13
201300013886,13,12,8,1600,1,1,1,1.0,7,13055,M,,,13
201300013887,13,12,12,2055,3,2,1,2.0,7,13055,M,4324293.0,538654.0,13
201300013888,13,1,11,700,1,2,1,1.0,2,13055,M,4327355.0,540039.0,13
201300013889,13,12,16,2030,5,2,1,1.0,6,13055,M,4328192.0,538599.0,13
201300013890,13,1,14,1300,1,2,3,1.0,3,13055,M,4336231.0,531516.0,13
201300013891,13,12,3,1100,1,2,1,1.0,3,13055,M,4323148.0,540500.0,13
201300013892,13,1,10,1410,1,2,9,1.0,6,13055,M,4334067.0,538674.0,13
201300013893,13,11,26,1330,5,2,3,1.0,2,13055,M,4324788.0,538387.0,13
201300013894,13,12,17,1000,1,2,1,1.0,6,13055,M,4325932.0,539873.0,13
201300013895,13,1,13,410,5,2,1,1.0,6,13055,M,4333608.0,536307.0,13
201300013896,13,1,14,1335,1,2,3,1.0,3,13055,M,4329921.0,543035.0,13
201300013897,13,12,3,1645,2,2,1,1.0,2,13002,M,4333836.0,547989.0,13
201300013898,13,1,5,1545,1,2,1,7.0,6,13055,M,4330399.0,540295.0,13
201300013899,13,12,6,1500,1,2,1,1.0,3,13002,M,4333224.0,548462.0,13
201300013900,13,12,17,830,1,2,1,1.0,6,13055,M,4338479.0,535946.0,13
201300013901,13,2,20,1800,1,2,1,1.0,6,13055,M,4328118.0,538640.0,13
201300013902,13,1,20,1830,5,2,1,8.0,1,13055,M,,,13
201300013903,13,11,22,1100,1,2,1,1.0,3,13055,M,4329249.0,549452.0,13
201300013904,13,12,4,910,1,2,9,7.0,6,13002,M,4333252.0,546397.0,13
201300013905,13,12,21,1800,5,2,1,1.0,2,13075,M,4334366.0,546615.0,13
201300013906,13,1,13,500,5,2,1,1.0,2,13055,M,,,13
201300013907,13,12,12,830,1,2,1,1.0,3,13055,M,,,13
201300013908,13,12,22,1600,1,2,1,1.0,6,13055,M,,,13
201300013909,13,12,25,935,1,2,1,8.0,6,13055,M,4333051.0,536510.0,13
201300013910,13,1,5,1630,2,2,1,1.0,7,13055,M,,,13
201300013911,13,8,8,1700,1,2,1,1.0,2,13055,M,4335515.0,537021.0,13
201300013912,13,12,11,1220,1,2,1,1.0,6,13055,M,4332611.0,537691.0,13
201300013913,13,12,16,1200,1,2,1,1.0,3,13055,M,4334679.0,536609.0,13
201300013914,13,12,20,2030,5,2,1,2.0,7,13055,M,4329266.0,537276.0,13
201300013915,13,12,10,1440,1,1,1,1.0,7,13055,M,4324589.0,539118.0,13
201300013916,13,10,25,820,1,2,3,1.0,3,13055,M,4328305.0,543282.0,13
201300013917,13,10,24,1700,1,2,1,1.0,7,13055,M,4327947.0,541101.0,13
201300013918,13,10,11,1715,2,2,1,1.0,6,13055,M,4324484.0,542763.0,13
201300013919,13,12,20,150,5,2,1,3.0,3,13055,M,4327447.0,539019.0,13
201300013920,13,4,21,1745,1,2,3,1.0,3,13055,M,4331368.0,543186.0,13
201300013921,13,3,29,1130,1,2,1,1.0,2,13055,M,4329373.0,549336.0,13
201300013922,13,1,9,1100,1,2,1,1.0,6,13055,M,4334304.0,542060.0,13
201300013923,13,1,9,700,1,2,1,1.0,2,13055,M,4331862.0,537961.0,13
201300013924,13,11,21,1800,5,2,1,1.0,2,13055,M,,,13
201300013925,13,12,2,1500,1,2,1,1.0,2,13055,M,4330428.0,537677.0,13
201300013926,13,12,24,1345,1,2,3,1.0,3,13055,M,4329015.0,539991.0,13
201300013927,13,12,18,2030,4,2,1,1.0,7,13055,M,4328375.0,538495.0,13
201300013928,13,7,8,1910,1,2,1,1.0,7,13055,M,4325654.0,540448.0,13
201300013929,13,10,16,1645,1,2,1,1.0,3,13055,M,4323468.0,541137.0,13
201300013930,13,1,21,2008,5,2,1,1.0,2,13055,M,4325105.0,538226.0,13
201300013931,13,11,27,1950,5,2,1,1.0,3,13055,M,4327577.0,541713.0,13
201300013932,13,1,8,1500,1,2,3,1.0,3,13055,M,4326375.0,539624.0,13
201300013933,13,12,3,930,1,2,1,1.0,2,13055,M,4325489.0,537631.0,13
201300013934,13,12,24,2030,5,2,2,1.0,3,13055,M,4329058.0,538750.0,13
201300013935,13,1,9,1100,1,2,1,1.0,6,13055,M,4329076.0,547362.0,13
201300013936,13,1,11,1045,1,2,1,1.0,2,13055,M,4333771.0,543228.0,13
201300013937,13,11,7,1345,1,2,1,1.0,6,13055,M,4324996.0,538190.0,13
201300013938,13,1,9,2000,5,2,1,1.0,6,13055,M,,,13
201300013939,13,11,29,620,5,2,1,1.0,6,13055,M,4327559.0,542624.0,13
201300013940,13,1,4,1745,2,2,1,1.0,4,13055,M,4338135.0,536320.0,13
201300013941,13,12,13,845,1,1,1,1.0,3,13055,M,4331571.0,546145.0,13
201300013942,13,12,15,1145,1,2,1,1.0,2,13055,M,4323239.0,535598.0,13
201300013943,13,12,16,1130,1,2,1,1.0,6,13055,M,4326203.0,540084.0,13
201300013944,13,12,19,2110,5,2,1,3.0,6,13055,M,4326965.0,539025.0,13
201300013945,13,12,21,1050,1,2,1,2.0,2,13055,M,4327843.0,538813.0,13
201300013946,13,12,21,1330,1,2,1,1.0,2,13055,M,4328334.0,542698.0,13
201300013947,13,1,23,520,5,2,1,1.0,7,13055,M,,,13
201300013948,13,1,11,840,1,2,4,1.0,1,13055,M,4329680.0,536694.0,13
201300013949,13,12,23,1830,5,2,6,1.0,6,13055,M,4333036.0,541013.0,13
201300013950,13,11,21,720,2,2,1,3.0,6,13055,M,4328478.0,544244.0,13
201300013951,13,1,9,745,2,2,1,1.0,1,13055,M,4328523.0,544082.0,13
201300013952,13,12,26,1245,1,2,5,6.0,3,13055,M,,,13
201300013953,13,12,11,530,2,2,6,1.0,3,13055,M,4334290.0,544570.0,13
201300013954,13,1,8,745,1,2,1,1.0,3,13075,M,4333719.0,545250.0,13
201300013955,13,1,10,915,1,2,6,7.0,6,13055,M,4333685.0,538571.0,13
201300013956,13,11,29,1905,5,2,1,1.0,1,13055,M,4331811.0,543910.0,13
201300013957,13,12,10,1840,5,2,1,1.0,6,13055,M,,,13
201300013958,13,12,10,2030,5,2,1,1.0,6,13055,M,,,13
201300013959,13,1,4,1700,1,2,1,1.0,6,13055,M,,,13
201300013960,13,10,5,915,1,2,1,1.0,6,13055,M,4329330.0,537685.0,13
201300013961,13,1,3,1850,5,2,1,1.0,2,13055,M,,,13
201300013962,13,1,15,1230,1,2,1,8.0,3,13055,M,4333109.0,537335.0,13
201300013963,13,1,10,1730,2,2,1,1.0,6,13055,M,4328131.0,539214.0,13
201300013964,13,10,29,2300,5,2,1,1.0,3,13055,M,,,13
201300013965,13,1,23,1900,5,2,1,1.0,6,13055,M,4330858.0,537762.0,13
201300013966,13,1,6,1350,1,2,3,1.0,5,13075,M,4335114.0,547186.0,13
201300013967,13,1,3,1900,5,2,2,1.0,3,13055,M,4330081.0,538164.0,13
201300013968,13,1,6,330,5,2,1,1.0,2,13055,M,4327997.0,539939.0,13
201300013969,13,4,11,1100,1,2,1,1.0,6,13055,M,4331740.0,546035.0,13
201300013970,13,1,19,1815,2,2,1,1.0,6,13055,M,,,13
201300013971,13,12,20,2030,5,2,1,1.0,6,13055,M,,,13
201300013972,13,12,29,1705,2,2,1,1.0,6,13055,M,4329581.0,540120.0,13
201300013973,13,12,5,820,1,2,1,1.0,6,13055,M,,,13
201300013974,13,1,3,1305,1,1,1,1.0,3,13055,M,,,13
201300013975,13,12,19,1230,1,2,1,1.0,6,13055,M,4330979.0,540141.0,13
201300013976,13,1,16,1700,2,2,1,1.0,3,13055,M,,,13
201300013977,13,1,3,1610,1,2,1,1.0,7,13055,M,,,13
201300013978,13,12,24,1105,1,2,3,1.0,3,13055,M,4326591.0,537293.0,13
201300013979,13,12,6,920,1,2,3,1.0,3,13055,M,4333896.0,539234.0,13
201300013980,13,12,31,1045,1,2,1,1.0,3,13055,M,4338113.0,536304.0,13
201300013981,13,1,25,2120,5,2,1,1.0,6,13055,M,4330026.0,543067.0,13
201300013982,13,9,20,1215,1,2,1,1.0,6,13055,M,4330539.0,539168.0,13
201300013983,13,1,6,1505,1,2,1,1.0,3,13055,M,4327975.0,536355.0,13
201300013984,13,1,6,1900,5,2,1,1.0,6,13055,M,4328430.0,538466.0,13
201300013985,13,12,29,1320,1,2,3,1.0,3,13055,M,4338024.0,535742.0,13
201300013986,13,1,20,1520,1,2,1,1.0,6,13055,M,4332984.0,542952.0,13
201300013987,13,1,21,1820,5,2,1,1.0,6,13055,M,4331489.0,538787.0,13
201300013988,13,5,2,715,1,2,1,1.0,3,13055,M,4329594.0,539786.0,13
201300013989,13,9,30,1150,1,2,1,1.0,3,13055,M,,,13
201300013990,13,10,4,1355,1,2,1,1.0,2,13055,M,4329397.0,540158.0,13
201300013991,13,12,27,750,1,2,3,1.0,3,13055,M,4324797.0,537481.0,13
201300013992,13,1,6,1300,1,2,1,1.0,3,13055,M,4330191.0,540053.0,13
201300013993,13,1,23,915,1,1,1,3.0,6,13055,M,,,13
201300013994,13,1,7,1230,1,2,1,1.0,4,13055,M,,,13
201300013995,13,1,22,1050,1,1,1,1.0,2,13055,M,4328656.0,538338.0,13
201300013996,13,1,18,820,1,2,1,1.0,6,13055,M,4329987.0,539965.0,13
201300013997,13,1,18,2047,5,2,1,8.0,1,13055,M,4324981.0,540269.0,13
201300013998,13,1,22,2015,5,2,1,1.0,2,13055,M,4325849.0,538383.0,13
201300013999,13,1,23,1230,1,2,1,2.0,2,13055,M,4336813.0,534432.0,13
201300014000,13,1,26,1530,1,2,1,1.0,1,13055,M,,,13
201300014001,13,1,6,710,5,2,1,1.0,7,13055,M,,,13
201300014002,13,1,8,800,1,2,1,1.0,6,13055,M,4330204.0,538192.0,13
201300014003,13,11,30,1200,1,2,1,1.0,5,13055,M,4330403.0,541033.0,13
201300014004,13,9,24,1155,1,2,1,1.0,3,13055,M,4333729.0,543547.0,13
201300014005,13,1,19,1845,5,2,1,2.0,6,13055,M,4329122.0,547302.0,13
201300014006,13,1,23,1115,1,2,1,2.0,3,13055,M,4325933.0,541661.0,13
201300014007,13,1,9,1400,1,2,1,1.0,6,13055,M,4325269.0,542022.0,13
201300014008,13,12,23,2030,5,2,1,1.0,2,13055,M,4332895.0,543138.0,13
201300014009,13,1,15,1415,1,2,3,1.0,2,13055,M,4328880.0,546138.0,13
201300014010,13,10,23,2100,5,2,1,1.0,6,13055,M,4330504.0,537292.0,13
201300014011,13,1,10,800,1,2,1,1.0,6,13055,M,,,13
201300014012,13,1,9,740,2,2,1,1.0,6,13055,M,4327570.0,539632.0,13
201300014013,13,1,8,1340,1,2,1,1.0,3,13055,M,4325922.0,539887.0,13
201300014014,13,1,2,930,1,2,1,1.0,2,13055,M,,,13
201300014015,13,1,30,1305,1,2,1,1.0,6,13055,M,4329081.0,537941.0,13
201300014016,13,1,7,1750,5,2,1,1.0,3,13055,M,4325797.0,540863.0,13
201300014017,13,1,21,745,1,2,1,1.0,3,13055,M,,,13
201300014018,13,8,3,2100,2,2,1,1.0,6,13055,M,,,13
201300014019,13,1,7,1100,1,2,1,1.0,6,13055,M,4327697.0,541848.0,13
201300014020,13,1,12,1200,1,1,1,1.0,3,13055,M,,,13
201300014021,13,11,29,1630,1,2,1,1.0,6,13055,M,4326132.0,541488.0,13
201300014022,13,1,19,2020,5,2,1,3.0,4,13055,M,4328926.0,549717.0,13
201300014023,13,9,24,1630,1,2,1,1.0,3,13055,M,,,13
201300014024,13,1,16,1350,1,2,1,1.0,6,13055,M,4327187.0,541027.0,13
201300014025,13,10,22,1430,1,2,1,1.0,7,13055,M,4327911.0,541247.0,13
201300014026,13,1,31,1045,1,2,1,1.0,6,13055,M,4330583.0,537248.0,13
201300014027,13,1,16,1150,1,2,1,1.0,6,13055,M,4331377.0,543185.0,13
201300014028,13,1,3,810,1,2,1,1.0,3,13055,M,4328893.0,542889.0,13
201300014029,13,1,2,1150,1,2,3,1.0,3,13055,M,4325914.0,539417.0,13
201300014030,13,10,2,1130,1,2,1,1.0,2,13055,M,4330091.0,537418.0,13
201300014031,13,10,10,1400,1,2,1,1.0,6,13055,M,4328119.0,541191.0,13
201300014032,13,12,22,130,5,2,1,1.0,6,13055,M,,,13
201300014033,13,1,31,2336,5,2,3,1.0,7,13055,M,4330539.0,539932.0,13
201300014034,13,3,11,1200,1,2,1,1.0,3,13055,M,,,13
201300014035,13,12,26,1630,1,2,1,1.0,5,13055,M,4334057.0,534840.0,13
201300014036,13,1,5,30,5,2,1,1.0,2,13055,M,4329931.0,538619.0,13
201300014037,13,1,17,1155,1,2,1,1.0,6,13055,M,,,13
201300014038,13,1,13,1820,5,2,1,1.0,2,13055,M,,,13
201300014039,13,11,28,830,1,2,1,1.0,4,13055,M,4335057.0,535872.0,13
201300014040,13,1,19,1830,5,2,1,1.0,2,13055,M,,,13
201300014041,13,1,18,550,5,2,1,9.0,6,13055,M,4325477.0,537627.0,13
201300014042,13,1,22,1530,1,2,8,1.0,6,13055,M,4327250.0,539126.0,13
201300014043,13,1,17,1415,1,2,1,1.0,2,13055,M,4326927.0,542082.0,13
201300014044,13,1,3,130,5,2,1,1.0,3,13055,M,,,13
201300014045,13,1,24,1630,1,2,6,1.0,3,13055,M,4329081.0,547315.0,13
201300014046,13,6,30,1545,1,2,1,1.0,1,13055,M,4328626.0,547322.0,13
201300014047,13,1,21,1500,1,2,1,1.0,3,13055,M,4328874.0,545834.0,13
201300014048,13,1,15,1220,1,2,1,1.0,2,13055,M,4332362.0,538481.0,13
201300014049,13,12,15,1630,2,1,1,1.0,1,13055,M,,,13
201300014050,13,1,28,1400,1,2,1,1.0,6,13055,M,4329854.0,538091.0,13
201300014051,13,1,29,945,1,2,1,1.0,3,13055,M,4329457.0,540125.0,13
201300014052,13,1,23,1115,1,2,1,2.0,2,13002,M,4333976.0,548207.0,13
201300014053,13,11,19,730,5,1,1,3.0,6,13055,M,4334992.0,543155.0,13
201300014054,13,1,10,1600,2,2,3,1.0,3,13055,M,4327036.0,539252.0,13
201300014055,13,1,23,2230,5,2,1,2.0,1,13055,M,4335561.0,535733.0,13
201300014056,13,1,24,1630,1,2,1,1.0,6,13055,M,4332533.0,537402.0,13
201300014057,13,1,24,800,1,2,1,1.0,6,13055,M,4328768.0,538277.0,13
201300014058,13,1,24,1050,1,2,1,1.0,7,13055,M,4331174.0,540380.0,13
201300014059,13,1,24,557,5,2,1,1.0,6,13055,M,,,13
201300014060,13,1,24,1630,1,2,1,1.0,6,13055,M,,,13
201300014061,13,1,31,1500,1,2,1,1.0,6,13055,M,4333043.0,540436.0,13
201300014062,13,5,22,1840,1,2,1,1.0,2,13055,M,4328090.0,539945.0,13
201300014063,13,1,29,1635,1,2,1,1.0,6,13055,M,4328191.0,536675.0,13
201300014064,13,1,17,1700,1,2,3,1.0,3,13055,M,4330849.0,540384.0,13
201300014065,13,1,15,1430,1,2,1,8.0,2,13055,M,4329034.0,537500.0,13
201300014066,13,1,10,830,1,2,1,1.0,3,13055,M,4328601.0,538406.0,13
201300014067,13,1,19,1330,1,2,3,1.0,6,13055,M,4328966.0,536526.0,13
201300014068,13,1,4,1930,5,2,1,1.0,2,13055,M,4325786.0,539932.0,13
201300014069,13,1,19,1100,1,2,1,1.0,6,13055,M,4335999.0,535756.0,13
201300014070,13,1,22,1815,5,2,3,1.0,3,13055,M,4338545.0,536430.0,13
201300014071,13,1,10,1400,1,2,3,1.0,3,13055,M,4324788.0,538387.0,13
201300014072,13,12,16,1800,5,2,1,1.0,3,13055,M,4329411.0,541240.0,13
201300014073,13,1,18,1215,1,2,1,1.0,6,13055,M,4329928.0,537383.0,13
201300014074,13,1,10,1400,1,2,2,1.0,6,13055,M,4328569.0,539619.0,13
201300014075,13,1,13,1850,2,2,1,1.0,2,13055,M,4328558.0,538432.0,13
201300014076,13,1,8,1200,1,2,1,1.0,5,13055,M,4328939.0,539656.0,13
201300014077,13,2,26,1205,1,2,1,1.0,3,13055,M,,,13
201300014078,13,1,26,1700,1,2,1,1.0,6,13055,M,4324694.0,539352.0,13
201300014079,13,1,16,1540,1,2,1,1.0,6,13055,M,4328616.0,539896.0,13
201300014080,13,2,2,140,5,2,1,2.0,6,13055,M,4335898.0,535765.0,13
201300014081,13,2,1,1300,1,2,1,1.0,6,13055,M,4331944.0,537006.0,13
201300014082,13,1,28,1630,1,2,1,1.0,3,13055,M,4324796.0,539712.0,13
201300014083,13,6,28,2040,2,2,1,1.0,6,13055,M,4331160.0,540117.0,13
201300014084,13,1,21,1650,1,2,1,1.0,1,13055,M,4329306.0,543829.0,13
201300014085,13,1,2,1620,1,2,1,1.0,4,13055,M,4327881.0,538149.0,13
201300014086,13,12,13,1830,5,2,1,8.0,6,13055,M,4326779.0,540249.0,13
201300014087,13,1,8,1330,1,2,1,1.0,7,13055,M,,,13
201300014088,13,12,15,1400,1,2,1,1.0,4,13055,M,4325111.0,538990.0,13
201300014089,13,1,8,1600,1,2,1,1.0,6,13055,M,4331224.0,541134.0,13
201300014090,13,12,19,845,1,2,1,2.0,3,13055,M,4326820.0,541584.0,13
201300014091,13,1,16,1600,1,2,6,1.0,3,13055,M,4332861.0,543311.0,13
201300014092,13,8,12,1645,1,2,1,1.0,3,13055,M,4327985.0,540002.0,13
201300014093,13,1,23,2150,5,2,1,1.0,7,13055,M,,,13
201300014094,13,1,21,1355,1,2,1,1.0,3,13055,M,4331305.0,538630.0,13
201300014095,13,1,26,1800,2,2,1,1.0,2,13055,M,,,13
201300014096,13,8,12,2215,5,2,1,1.0,6,13055,M,4328848.0,539336.0,13
201300014097,13,1,17,1110,1,2,1,1.0,3,13055,M,,,13
201300014098,13,12,5,1400,1,2,3,1.0,3,13075,M,4335188.0,547593.0,13
201300014099,13,2,1,845,1,2,1,1.0,6,13055,M,,,13
201300014100,13,1,16,1130,1,2,1,1.0,3,13055,M,4337893.0,535697.0,13
201300014101,13,1,24,2045,5,2,1,1.0,3,13055,M,4333086.0,540441.0,13
201300014102,13,1,30,1630,1,2,1,1.0,6,13055,M,4334859.0,543051.0,13
201300014103,13,1,4,705,5,2,1,1.0,2,13055,M,4328201.0,539952.0,13
201300014104,13,1,2,1330,1,2,2,1.0,6,13055,M,4329435.0,548031.0,13
201300014105,13,2,3,2130,5,2,9,1.0,3,13055,M,4328679.0,538688.0,13
201300014106,13,1,28,1220,1,2,1,6.0,5,13055,M,4325186.0,537569.0,13
201300014107,13,1,24,1330,1,2,1,1.0,2,13055,M,4326350.0,539260.0,13
201300014108,13,1,28,820,1,2,2,1.0,6,13055,M,4330621.0,537227.0,13
201300014109,13,2,4,1700,1,2,1,1.0,6,13055,M,4329557.0,543332.0,13
201300014110,13,9,5,1500,1,2,1,1.0,6,13055,M,,,13
201300014111,13,1,30,1620,1,2,1,1.0,3,13055,M,4327374.0,543556.0,13
201300014112,13,2,1,1100,1,2,1,1.0,4,13055,M,4329340.0,545149.0,13
201300014113,13,1,24,1220,1,2,4,1.0,6,13055,M,4329966.0,550138.0,13
201300014114,13,1,14,1810,1,2,1,1.0,6,13055,M,4327165.0,540008.0,13
201300014115,13,1,10,1130,1,2,1,1.0,3,13055,M,4330415.0,541161.0,13
201300014116,13,1,26,2030,5,2,1,1.0,3,13055,M,4328767.0,546474.0,13
201300014117,13,1,26,1050,1,2,1,1.0,6,13055,M,4325863.0,541703.0,13
201300014118,13,2,10,30,5,2,1,1.0,6,13055,M,,,13
201300014119,13,1,29,1630,1,2,1,1.0,6,13055,M,4327765.0,542057.0,13
201300014120,13,1,25,1615,1,2,1,1.0,3,13055,M,4323451.0,541152.0,13
201300014121,13,1,29,1620,1,2,1,1.0,2,13055,M,4330084.0,540080.0,13
201300014122,13,1,24,1500,1,2,1,1.0,6,13055,M,4328064.0,538796.0,13
201300014123,13,2,3,2040,5,2,1,1.0,6,13055,M,4330813.0,540401.0,13
201300014124,13,1,1,1955,5,2,3,2.0,3,13055,M,4328524.0,544083.0,13
201300014125,13,1,31,1215,1,2,1,1.0,6,13055,M,,,13
201300014126,13,1,7,1845,5,2,1,1.0,6,13055,M,,,13
201300014127,13,11,28,730,1,2,1,1.0,3,13055,M,4329563.0,539807.0,13
201300014128,13,1,24,1410,1,2,1,1.0,6,13055,M,4328317.0,538868.0,13
201300014129,13,1,23,1900,2,2,1,1.0,6,13055,M,4328770.0,537786.0,13
201300014130,13,1,24,2000,5,2,1,1.0,2,13055,M,,,13
201300014131,13,1,29,1100,1,2,1,1.0,6,13055,M,,,13
201300014132,13,2,11,2045,5,2,1,1.0,6,13055,M,4329217.0,537505.0,13
201300014133,13,1,25,830,1,2,3,1.0,3,13055,M,4334110.0,537748.0,13
201300014134,13,1,29,1000,1,2,1,1.0,6,13055,M,,,13
201300014135,13,1,11,1315,1,2,1,1.0,6,13055,M,,,13
201300014136,13,1,19,1350,1,2,1,1.0,2,13055,M,4332570.0,544111.0,13
201300014137,13,2,12,1620,1,2,1,1.0,3,13055,M,4330317.0,545497.0,13
201300014138,13,2,12,2000,5,2,1,1.0,2,13055,M,4328717.0,538922.0,13
201300014139,13,1,17,1130,1,2,2,1.0,3,13055,M,4328777.0,537829.0,13
201300014140,13,1,19,2020,5,2,1,2.0,6,13055,M,4329295.0,537471.0,13
201300014141,13,2,4,1430,1,2,1,1.0,6,13055,M,,,13
201300014142,13,1,3,1530,1,2,2,1.0,6,13055,M,4328975.0,539067.0,13
201300014143,13,1,9,2100,5,2,1,1.0,2,13055,M,4329795.0,540091.0,13
201300014144,13,1,3,1620,5,2,1,1.0,2,13055,M,4328665.0,538101.0,13
201300014145,13,1,9,2225,5,2,1,1.0,7,13055,M,4329631.0,537581.0,13
201300014146,13,2,3,125,5,2,9,6.0,3,13055,M,4329921.0,538083.0,13
201300014147,13,2,5,815,1,2,1,1.0,3,13055,M,4328908.0,536174.0,13
201300014148,13,1,14,1115,1,2,1,1.0,6,13055,M,4328838.0,538816.0,13
201300014149,13,4,6,130,5,2,1,1.0,6,13055,M,4335201.0,535802.0,13
201300014150,13,5,9,2200,5,2,1,1.0,2,13055,M,4335880.0,535764.0,13
201300014151,13,2,15,345,5,2,1,1.0,1,13055,M,4325936.0,539871.0,13
201300014152,13,4,15,1100,1,2,1,1.0,6,13055,M,4323817.0,536224.0,13
201300014153,13,2,4,2200,5,2,2,1.0,3,13055,M,4330309.0,536667.0,13
201300014154,13,2,4,1410,1,2,1,6.0,6,13055,M,4334186.0,535220.0,13
201300014155,13,12,20,1845,5,2,1,2.0,6,13055,M,,,13
201300014156,13,1,29,1650,1,2,1,1.0,6,13055,M,4331277.0,538635.0,13
201300014157,13,1,31,1345,1,2,1,1.0,6,13055,M,4328004.0,536529.0,13
201300014158,13,7,12,1200,1,1,1,1.0,7,13055,M,4324202.0,536395.0,13
201300014159,13,1,23,1015,1,2,1,8.0,4,13055,M,4328942.0,536391.0,13
201300014160,13,1,30,1530,1,2,3,1.0,1,13055,M,4331217.0,540277.0,13
201300014161,13,1,1,2225,5,2,2,2.0,3,13055,M,4331523.0,538720.0,13
201300014162,13,2,6,2130,5,1,3,1.0,6,13055,M,4330806.0,537399.0,13
201300014163,13,1,29,1100,1,2,1,2.0,2,13055,M,4330090.0,538224.0,13
201300014164,13,2,4,1455,1,2,1,1.0,4,13055,M,4337130.0,535879.0,13
201300014165,13,8,19,1210,1,2,1,1.0,4,13055,M,4327675.0,541888.0,13
201300014166,13,1,21,800,1,2,1,1.0,6,13055,M,4333871.0,543720.0,13
201300014167,13,10,23,1500,1,2,1,1.0,3,13055,M,4329867.0,543975.0,13
201300014168,13,2,10,2030,5,2,1,2.0,3,13055,M,4332469.0,543513.0,13
201300014169,13,2,11,842,1,2,1,2.0,2,13055,M,4332810.0,543466.0,13
201300014170,13,2,6,915,1,2,1,1.0,2,13055,M,4335473.0,535721.0,13
201300014171,13,4,27,1215,1,2,2,1.0,3,13055,M,4330535.0,536937.0,13
201300014172,13,2,18,1300,1,2,3,1.0,7,13055,M,4329585.0,548225.0,13
201300014173,13,6,18,1215,1,2,1,1.0,3,13055,M,4333076.0,538485.0,13
201300014174,13,2,11,1700,1,2,1,1.0,3,13055,M,4337738.0,536065.0,13
201300014175,13,2,8,1300,1,2,1,1.0,1,13055,M,4336364.0,536118.0,13
201300014176,13,1,21,1800,4,2,1,1.0,7,13055,M,4335624.0,532754.0,13
201300014177,13,2,5,1240,1,2,1,1.0,2,13055,M,4327378.0,541394.0,13
201300014178,13,1,7,2110,5,2,3,1.0,3,13055,M,4331753.0,543849.0,13
201300014179,13,2,7,1015,1,2,6,1.0,6,13075,M,4334541.0,546474.0,13
201300014180,13,2,6,810,1,2,1,1.0,6,13055,M,4335383.0,533812.0,13
201300014181,13,2,11,1900,5,2,1,1.0,1,13055,M,4327849.0,538312.0,13
201300014182,13,2,7,845,1,2,1,1.0,6,13055,M,4332576.0,538804.0,13
201300014183,13,2,2,900,1,2,1,1.0,3,13055,M,4332029.0,546097.0,13
201300014184,13,4,9,1815,1,2,1,1.0,3,13055,M,4327244.0,539192.0,13
201300014185,13,2,6,1000,1,2,1,1.0,3,13055,M,4328364.0,541754.0,13
201300014186,13,12,30,1615,1,2,1,1.0,6,13055,M,4330018.0,538745.0,13
201300014187,13,2,5,1600,1,2,1,1.0,3,13055,M,4328972.0,546440.0,13
201300014188,13,1,2,1905,5,2,1,1.0,3,13055,M,4330132.0,540460.0,13
201300014189,13,2,7,345,5,2,1,6.0,3,13055,M,,,13
201300014190,13,6,13,850,1,2,1,1.0,6,13055,M,4326469.0,539162.0,13
201300014191,13,1,10,1415,1,2,3,1.0,3,13055,M,4333225.0,540409.0,13
201300014192,13,1,11,1345,1,2,3,1.0,3,13055,M,4332045.0,543911.0,13
201300014193,13,2,12,1315,1,2,1,1.0,5,13055,M,4332782.0,541376.0,13
201300014194,13,1,26,1330,1,2,1,1.0,6,13055,M,4330244.0,537263.0,13
201300014195,13,12,20,2000,5,2,1,9.0,6,13055,M,,,13
201300014196,13,9,25,945,1,2,1,1.0,2,13055,M,4332782.0,541376.0,13
201300014197,13,1,29,1930,5,2,1,1.0,6,13055,M,,,13
201300014198,13,12,18,2100,5,2,3,1.0,3,13055,M,4326388.0,540431.0,13
201300014199,13,2,20,550,5,2,2,1.0,3,13055,M,4330061.0,538838.0,13