Num_Acc,an,mois,jour,hrmn,lum,agg,int,atm,col,com,gps,lat,long,dep
201300014200,13,12,19,730,2,2,2,1.0,3,13055,M,4328234.0,540513.0,13
201300014201,13,2,20,1115,1,2,2,1.0,3,13055,M,4334048.0,537856.0,13
201300014202,13,2,3,615,2,2,1,1.0,7,13055,M,4326156.0,541433.0,13
201300014203,13,1,2,1750,5,2,1,1.0,1,13055,M,,,13
201300014204,13,2,13,1720,1,2,1,1.0,3,13055,M,4333026.0,536996.0,13
201300014205,13,2,7,1030,1,2,1,1.0,6,13055,M,,,13
201300014206,13,2,6,1550,1,2,3,1.0,3,13055,M,4326300.0,538844.0,13
201300014207,13,2,2,1530,1,2,2,1.0,3,13055,M,4329241.0,538214.0,13
201300014208,13,12,9,905,1,2,1,1.0,6,13055,M,4330565.0,539224.0,13
201300014209,13,2,2,1815,5,2,1,6.0,6,13055,M,4328578.0,535083.0,13
201300014210,13,2,11,1700,1,2,2,1.0,3,13055,M,4328501.0,538964.0,13
201300014211,13,8,4,1500,1,2,1,1.0,6,13055,M,4324851.0,545371.0,13
201300014212,13,1,31,1545,1,2,1,1.0,2,13055,M,,,13
201300014213,13,2,7,1400,1,2,1,1.0,6,13055,M,,,13
201300014214,13,2,7,1900,5,2,1,1.0,3,13055,M,4331522.0,538674.0,13
201300014215,13,2,4,1515,1,2,3,1.0,3,13055,M,4336262.0,535723.0,13
201300014216,13,2,14,1605,1,2,1,1.0,3,13075,M,4335177.0,547348.0,13
201300014217,13,1,19,45,5,2,1,1.0,6,13055,M,4329388.0,537428.0,13
201300014218,13,2,3,1645,1,2,3,1.0,3,13055,M,4331481.0,539765.0,13
201300014219,13,1,18,1815,5,2,1,1.0,6,13055,M,4327032.0,538792.0,13
201300014220,13,2,8,1255,1,2,1,1.0,2,13055,M,4327878.0,539378.0,13
201300014221,13,1,29,1700,1,2,1,1.0,3,13055,M,,,13
201300014222,13,2,6,930,1,2,1,1.0,2,13055,M,,,13
201300014223,13,2,6,1800,2,2,1,1.0,3,13055,M,,,13
201300014224,13,1,29,2025,5,2,6,2.0,3,13055,M,4325072.0,540358.0,13
201300014225,13,2,6,700,1,2,1,1.0,1,13055,M,4325543.0,538222.0,13
201300014226,13,2,7,1400,1,2,1,1.0,3,13055,M,4328699.0,544592.0,13
201300014227,13,1,26,745,2,2,1,1.0,2,13055,M,,,13
201300014228,13,10,13,720,2,2,1,1.0,6,13055,M,,,13
201300014229,13,2,5,2000,5,2,1,1.0,6,13055,M,,,13
201300014230,13,2,8,1900,5,2,1,1.0,6,13055,M,,,13
201300014231,13,2,10,1900,5,2,1,1.0,6,13055,M,,,13
201300014232,13,2,20,2345,5,2,1,1.0,1,13055,M,,,13
201300014233,13,2,6,1845,5,2,1,1.0,3,13055,M,4329139.0,538469.0,13
201300014234,13,2,23,150,5,2,2,1.0,3,13055,M,4329880.0,540086.0,13
201300014235,13,2,6,745,1,2,2,1.0,3,13055,M,4328042.0,538366.0,13
201300014236,13,2,18,600,5,2,1,1.0,3,13055,M,,,13
201300014237,13,2,16,1315,1,2,4,1.0,3,13055,M,4327829.0,540453.0,13
201300014238,13,3,21,1013,1,2,1,1.0,6,13055,M,4331763.0,542562.0,13
201300014239,13,1,10,1410,1,2,1,1.0,6,13055,M,4329028.0,537811.0,13
201300014240,13,10,28,2045,5,2,3,1.0,3,13055,M,4328117.0,540580.0,13
201300014241,13,1,20,1615,1,2,2,1.0,3,13055,M,4329150.0,537084.0,13
201300014242,13,9,22,1400,1,2,1,1.0,1,13055,M,4333280.0,543594.0,13
201300014243,13,2,6,730,1,2,1,1.0,3,13055,M,4328866.0,540021.0,13
201300014244,13,2,18,1820,2,2,1,1.0,6,13055,M,4329906.0,537410.0,13
201300014245,13,2,19,930,1,2,1,1.0,3,13055,M,4333723.0,540740.0,13
201300014246,13,2,7,820,1,2,2,1.0,3,13055,M,4328935.0,535760.0,13
201300014247,13,2,6,1420,1,2,1,1.0,4,13055,M,,,13
201300014248,13,2,6,1150,1,2,1,1.0,6,13055,M,4330428.0,540095.0,13
201300014249,13,1,12,1220,1,2,1,1.0,3,13055,M,4329293.0,537473.0,13
201300014250,13,2,14,2150,5,2,2,1.0,3,13055,M,4329692.0,537363.0,13
201300014251,13,1,31,945,1,2,1,1.0,6,13055,M,4333042.0,540434.0,13
201300014252,13,2,13,1425,1,2,1,1.0,6,13055,M,4329810.0,538099.0,13
201300014253,13,2,22,2130,5,2,1,1.0,2,13055,M,4328819.0,538330.0,13
201300014254,13,2,22,2130,5,2,1,1.0,6,13055,M,4329047.0,542098.0,13
201300014255,13,2,13,1415,1,2,1,1.0,6,13055,M,4329945.0,540089.0,13
201300014256,13,2,10,1440,1,2,1,2.0,4,13055,M,4327938.0,539928.0,13
201300014257,13,2,19,740,1,2,1,1.0,2,13055,M,4327655.0,539940.0,13
201300014258,13,2,12,540,3,2,1,1.0,6,13055,M,4331613.0,546115.0,13
201300014259,13,2,23,1700,1,1,1,1.0,7,13055,M,4336281.0,536721.0,13
201300014260,13,2,4,1340,1,2,1,1.0,6,13055,M,4327620.0,539944.0,13
201300014261,13,2,15,850,1,2,1,1.0,3,13055,M,4326146.0,540382.0,13
201300014262,13,1,18,745,2,2,1,1.0,6,13055,M,,,13
201300014263,13,2,15,800,1,2,1,1.0,6,13055,M,,,13
201300014264,13,2,5,900,1,2,1,1.0,2,13055,M,4333024.0,538841.0,13
201300014265,13,2,17,2000,5,2,1,1.0,7,13055,M,4332212.0,541776.0,13
201300014266,13,2,21,910,1,2,1,1.0,6,13055,M,4328156.0,540608.0,13
201300014267,13,12,30,1,5,2,2,1.0,3,13055,M,4331495.0,538793.0,13
201300014268,13,2,19,1430,1,2,1,1.0,3,13055,M,,,13
201300014269,13,2,12,840,1,2,1,1.0,6,13055,M,4332677.0,542275.0,13
201300014270,13,2,6,1415,1,2,1,1.0,6,13055,M,,,13
201300014271,13,2,16,1320,1,2,1,1.0,2,13055,M,,,13
201300014272,13,1,18,30,5,2,1,1.0,6,13055,M,,,13
201300014273,13,2,18,1020,1,2,1,1.0,6,13055,M,,,13
201300014274,13,2,27,1215,1,2,1,1.0,6,13055,M,4335672.0,535744.0,13
201300014275,13,2,27,115,5,2,1,1.0,6,13055,M,4328290.0,543246.0,13
201300014276,13,2,13,820,1,2,1,1.0,2,13055,M,4333211.0,537701.0,13
201300014277,13,2,22,2355,5,2,1,1.0,3,13055,M,4329638.0,537767.0,13
201300014278,13,2,24,2040,5,2,3,1.0,3,13055,M,4328402.0,538479.0,13
201300014279,13,2,7,1500,1,2,7,1.0,3,13055,M,4329446.0,539793.0,13
201300014280,13,2,18,1330,1,2,1,1.0,4,13055,M,4327002.0,536577.0,13
201300014281,13,2,8,1130,1,2,1,1.0,2,13055,M,4324597.0,543024.0,13
201300014282,13,1,14,900,1,2,1,1.0,5,13055,M,4328869.0,540022.0,13
201300014283,13,2,1,840,1,2,1,1.0,1,13055,M,4330507.0,540100.0,13
201300014284,13,2,16,1640,1,2,2,1.0,3,13055,M,4329578.0,539158.0,13
201300014285,13,2,20,940,1,2,1,1.0,3,13055,M,4329157.0,541026.0,13
201300014286,13,2,16,1400,1,2,1,1.0,6,13055,M,4329954.0,537168.0,13
201300014287,13,2,16,2330,5,2,1,1.0,6,13055,M,4329228.0,539645.0,13
201300014288,13,9,29,1255,1,1,6,1.0,6,13055,M,4324922.0,538689.0,13
201300014289,13,2,28,250,5,2,1,1.0,6,13055,M,4328882.0,538215.0,13
201300014290,13,2,21,1150,1,2,1,1.0,6,13055,M,4330293.0,539703.0,13
201300014291,13,2,7,1145,1,2,1,1.0,2,13055,M,4326793.0,541950.0,13
201300014292,13,3,25,130,5,2,3,8.0,6,13055,M,4330053.0,541276.0,13
201300014293,13,2,26,700,2,2,1,1.0,2,13055,M,4331018.0,538970.0,13
201300014294,13,2,2,1345,1,2,1,1.0,7,13055,M,4328465.0,548450.0,13
201300014295,13,9,23,725,2,2,1,1.0,6,13055,M,4328780.0,546439.0,13
201300014296,13,12,19,1700,5,2,1,1.0,6,13055,M,4326823.0,540625.0,13
201300014297,13,2,19,1230,1,2,1,1.0,6,13055,M,4325869.0,541729.0,13
201300014298,13,2,8,1605,1,2,3,1.0,3,13055,M,4326946.0,539301.0,13
201300014299,13,2,5,1600,1,2,1,1.0,3,13055,M,4332650.0,543826.0,13
201300014300,13,3,5,2033,5,2,1,2.0,4,13055,M,4330409.0,541090.0,13
201300014301,13,2,19,1430,1,2,1,1.0,2,13055,M,4326146.0,537490.0,13
201300014302,13,2,2,2130,5,2,1,1.0,3,13055,M,4331387.0,544743.0,13
201300014303,13,2,26,2030,5,2,1,1.0,6,13055,M,4328116.0,540579.0,13
201300014304,13,2,19,1300,1,2,1,1.0,3,13055,M,4324989.0,540277.0,13
201300014305,13,2,15,1930,5,2,1,1.0,2,13055,M,4329558.0,543335.0,13
201300014306,13,2,22,840,1,2,1,1.0,3,13055,M,4328133.0,539211.0,13
201300014307,13,10,19,2305,5,2,1,1.0,6,13055,M,4336139.0,535740.0,13
201300014308,13,2,2,1850,5,2,1,6.0,3,13055,M,4326851.0,540933.0,13
201300014309,13,2,12,1530,1,2,1,1.0,6,13055,M,4329186.0,537953.0,13
201300014310,13,12,26,1145,1,2,1,1.0,3,13055,M,4329908.0,538228.0,13
201300014311,13,2,16,1315,1,2,1,1.0,4,13055,M,,,13
201300014312,13,11,16,2005,5,2,1,2.0,6,13055,M,4330521.0,540100.0,13
201300014313,13,2,24,1530,1,2,9,1.0,3,13055,M,4334148.0,537312.0,13
201300014314,13,2,28,1900,5,2,1,1.0,2,13055,M,4333153.0,543351.0,13
201300014315,13,2,23,1400,1,2,1,1.0,6,13055,M,4330767.0,537602.0,13
201300014316,13,2,5,1545,1,2,1,1.0,5,13055,M,4331729.0,538981.0,13
201300014317,13,1,23,1645,1,2,1,8.0,6,13055,M,4328600.0,544321.0,13
201300014318,13,2,16,1750,1,2,1,1.0,6,13055,M,4332302.0,536771.0,13
201300014319,13,3,2,1900,2,2,1,1.0,2,13055,M,4336732.0,535662.0,13
201300014320,13,2,28,905,1,2,1,1.0,6,13055,M,4330629.0,538508.0,13
201300014321,13,10,29,1340,1,1,1,1.0,6,13055,M,4328320.0,541195.0,13
201300014322,13,2,26,1514,1,2,1,1.0,5,13055,M,4330530.0,540089.0,13
201300014323,13,3,8,820,1,2,2,2.0,3,13055,M,4327971.0,536241.0,13
201300014324,13,2,20,1830,2,2,3,1.0,1,13055,M,4329629.0,548605.0,13
201300014325,13,1,9,1600,1,2,3,1.0,3,13055,M,4330686.0,538369.0,13
201300014326,13,11,28,2045,5,2,1,1.0,6,13055,M,,,13
201300014327,13,1,13,1010,1,2,3,2.0,3,13055,M,4333574.0,539886.0,13
201300014328,13,2,22,945,1,2,1,7.0,6,13055,M,4334868.0,535892.0,13
201300014329,13,2,26,1020,1,2,1,1.0,6,13055,M,4328676.0,538325.0,13
201300014330,13,2,26,1130,1,2,1,1.0,3,13055,M,4328606.0,538353.0,13
201300014331,13,2,27,1815,1,2,1,1.0,2,13055,M,4329138.0,538316.0,13
201300014332,13,7,18,1930,1,2,1,1.0,6,13055,M,4327734.0,539337.0,13
201300014333,13,3,5,1020,1,2,2,2.0,7,13055,M,4329294.0,538020.0,13
201300014334,13,2,7,1130,1,2,1,1.0,6,13055,M,4332221.0,539180.0,13
201300014335,13,2,22,1500,1,2,1,1.0,6,13055,M,4328287.0,540209.0,13
201300014336,13,2,20,830,1,2,6,1.0,2,13055,M,,,13
201300014337,13,2,8,2130,5,2,4,1.0,3,13055,M,4331279.0,538635.0,13
201300014338,13,2,12,2045,5,2,1,1.0,6,13055,M,,,13
201300014339,13,3,11,940,1,2,1,1.0,4,13055,M,,,13
201300014340,13,12,4,1750,5,2,1,1.0,6,13055,M,4332321.0,536764.0,13
201300014341,13,7,21,2335,4,2,1,1.0,2,13055,M,4326991.0,538729.0,13
201300014342,13,3,8,2040,5,2,1,1.0,2,13055,M,4331536.0,540372.0,13
201300014343,13,3,12,820,1,2,1,8.0,3,13055,M,4327956.0,538529.0,13
201300014344,13,2,5,1200,1,2,1,1.0,6,13055,M,4326908.0,540317.0,13
201300014345,13,2,21,1145,1,2,1,1.0,3,13055,M,,,13
201300014346,13,3,4,555,5,2,1,1.0,1,13055,M,4330039.0,551379.0,13
201300014347,13,2,15,745,1,2,1,1.0,6,13055,M,4323906.0,536562.0,13
201300014348,13,2,25,1355,1,2,1,1.0,2,13055,M,4326849.0,540103.0,13
201300014349,13,3,2,450,5,2,1,1.0,6,13055,M,4324408.0,537849.0,13
201300014350,13,2,28,1,5,2,6,1.0,2,13075,M,,,13
201300014351,13,2,23,2300,5,2,1,1.0,7,13055,M,4331025.0,542089.0,13
201300014352,13,1,11,845,1,2,1,1.0,3,13055,M,4335573.0,543957.0,13
201300014353,13,2,22,1335,1,2,1,1.0,2,13055,M,4329078.0,540473.0,13
201300014354,13,2,27,1730,1,2,1,1.0,7,13055,M,4329470.0,537454.0,13
201300014355,13,1,31,1900,5,2,1,1.0,6,13055,M,,,13
201300014356,13,2,5,1830,5,2,1,1.0,1,13055,M,,,13
201300014357,13,12,11,1100,1,2,2,1.0,6,13055,M,4329237.0,540114.0,13
201300014358,13,2,9,2000,5,2,1,1.0,3,13055,M,4327618.0,538405.0,13
201300014359,13,11,29,1030,1,2,1,1.0,6,13055,M,4328575.0,539109.0,13
201300014360,13,2,11,1630,1,2,1,1.0,2,13055,M,4328154.0,539168.0,13
201300014361,13,2,14,1515,1,2,1,1.0,7,13055,M,,,13
201300014362,13,2,28,1545,1,1,6,1.0,2,13055,M,4330403.0,547250.0,13
201300014363,13,3,5,2300,5,2,1,3.0,6,13055,M,4328275.0,543310.0,13
201300014364,13,3,2,1000,1,2,1,1.0,3,13055,M,4333175.0,542861.0,13
201300014365,13,3,4,1400,1,2,1,1.0,6,13055,M,4332520.0,543377.0,13
201300014366,13,2,8,1400,1,2,1,1.0,6,13055,M,4334902.0,537576.0,13
201300014367,13,2,23,515,5,2,1,1.0,7,13055,M,4329324.0,539997.0,13
201300014368,13,3,6,1830,1,2,1,1.0,7,13055,M,4328706.0,536422.0,13
201300014369,13,2,28,1420,1,2,1,1.0,2,13055,M,4330058.0,538393.0,13
201300014370,13,3,9,2300,5,2,1,1.0,2,13055,M,4328751.0,535221.0,13
201300014371,13,1,31,1130,1,2,4,1.0,3,13055,M,4324799.0,537473.0,13
201300014372,13,2,16,1630,1,2,1,1.0,1,13055,M,,,13
201300014373,13,2,27,1445,1,2,1,1.0,6,13055,M,4329103.0,537556.0,13
201300014374,13,3,4,1200,1,2,1,1.0,6,13055,M,,,13
201300014375,13,12,4,1440,1,2,1,1.0,6,13055,M,4335562.0,535733.0,13
201300014376,13,12,22,1900,5,2,1,1.0,6,13055,M,4326819.0,541582.0,13
201300014377,13,2,18,1000,1,2,1,1.0,3,13055,M,4331204.0,537926.0,13
201300014378,13,9,7,1215,1,2,1,1.0,2,13055,M,4328540.0,544130.0,13
201300014379,13,2,1,2000,5,2,1,1.0,6,13055,M,4335451.0,533358.0,13
201300014380,13,3,15,710,1,2,1,6.0,1,13055,M,4324428.0,537160.0,13
201300014381,13,3,10,2300,5,2,2,1.0,6,13106,M,4340687.0,536177.0,13
201300014382,13,3,5,1900,2,2,2,1.0,6,13055,M,4326873.0,540393.0,13
201300014383,13,8,4,2300,5,2,1,1.0,6,13055,M,,,13
201300014384,13,2,20,1840,1,2,1,1.0,6,13055,M,4333135.0,540755.0,13
201300014385,13,2,14,1500,1,2,1,1.0,6,13055,M,,,13
201300014386,13,2,22,1650,1,2,1,1.0,6,13055,M,,,13
201300014387,13,3,2,230,5,2,1,1.0,6,13055,M,,,13
201300014388,13,3,11,1200,1,2,1,1.0,6,13055,M,,,13
201300014389,13,1,12,1830,5,2,1,1.0,6,13055,M,4329942.0,536685.0,13
201300014390,13,2,13,1120,1,2,1,1.0,6,13055,M,,,13
201300014391,13,10,31,710,2,2,1,1.0,6,13055,M,4328093.0,540138.0,13
201300014392,13,2,5,1740,1,2,1,1.0,6,13055,M,,,13
201300014393,13,2,5,900,1,2,1,1.0,3,13055,M,4337220.0,534891.0,13
201300014394,13,2,15,2045,5,2,1,1.0,3,13055,M,,,13
201300014395,13,12,13,1900,5,2,1,1.0,6,13055,M,4323478.0,536041.0,13
201300014396,13,2,27,1545,1,2,1,1.0,2,13055,M,4327429.0,536189.0,13
201300014397,13,2,28,1320,1,2,1,1.0,2,13055,M,4327452.0,536121.0,13
201300014398,13,3,4,1130,1,2,1,1.0,4,13055,M,4328854.0,539352.0,13
201300014399,13,3,5,1300,1,2,1,6.0,2,13055,M,4328964.0,535693.0,13
201300014400,13,3,9,1520,1,2,1,1.0,6,13055,M,4329670.0,537746.0,13
201300014401,13,3,12,1645,1,2,1,1.0,6,13055,M,4333739.0,543237.0,13
201300014402,13,2,14,930,1,2,1,1.0,2,13055,M,4331627.0,540050.0,13
201300014403,13,2,9,215,5,2,2,1.0,6,13055,M,4328831.0,539274.0,13
201300014404,13,2,1,1400,1,2,1,1.0,3,13055,M,4332448.0,543561.0,13
201300014405,13,3,7,1620,1,2,1,1.0,1,13055,M,4335389.0,535261.0,13
201300014406,13,6,21,2250,5,2,2,1.0,3,13055,M,4328645.0,538550.0,13
201300014407,13,3,8,1635,1,2,3,1.0,3,13055,M,4333945.0,535538.0,13
201300014408,13,6,28,1415,1,2,1,1.0,6,13055,M,4329819.0,538097.0,13
201300014409,13,3,8,2000,3,2,1,1.0,2,13055,M,4333040.0,541010.0,13
201300014410,13,11,7,425,5,2,1,1.0,6,13055,M,4329415.0,537423.0,13
201300014411,13,12,21,1640,1,2,1,2.0,6,13055,M,4329457.0,538695.0,13
201300014412,13,3,9,1545,1,2,1,1.0,2,13002,M,4334551.0,547639.0,13
201300014413,13,3,7,1840,5,2,1,1.0,4,13055,M,,,13
201300014414,13,3,10,1910,2,2,2,1.0,2,13055,M,4330348.0,538596.0,13
201300014415,13,3,15,1530,1,2,1,1.0,3,13055,M,4329513.0,540074.0,13
201300014416,13,3,16,1115,1,2,8,1.0,6,13055,M,4328791.0,535963.0,13
201300014417,13,3,15,1145,1,2,3,1.0,3,13055,M,,,13
201300014418,13,11,27,700,5,2,1,2.0,6,13055,M,4329357.0,548362.0,13
201300014419,13,3,16,1150,1,2,1,1.0,6,13055,M,,,13
201300014420,13,12,3,1200,1,2,1,1.0,1,13055,M,4328138.0,539938.0,13
201300014421,13,3,19,1215,1,2,1,1.0,6,13055,M,4329011.0,549412.0,13
201300014422,13,3,20,1030,1,2,2,2.0,3,13055,M,4334816.0,536239.0,13
201300014423,13,3,21,700,1,2,1,1.0,1,13055,M,4337892.0,535567.0,13
201300014424,13,1,26,2330,5,2,3,1.0,7,13055,M,4333827.0,536679.0,13
201300014425,13,2,17,2040,5,2,1,1.0,6,13055,M,,,13
201300014426,13,3,8,1200,1,2,3,1.0,6,13055,M,4330229.0,539548.0,13
201300014427,13,3,21,715,1,2,2,1.0,3,13055,M,4328304.0,539000.0,13
201300014428,13,3,21,1145,1,2,1,1.0,6,13055,M,4328911.0,543517.0,13
201300014429,13,2,12,1715,1,2,2,1.0,3,13055,M,4329579.0,540033.0,13
201300014430,13,2,22,1400,1,2,2,1.0,3,13055,M,4334786.0,534400.0,13
201300014431,13,3,11,1845,2,2,1,1.0,2,13055,M,4331848.0,540723.0,13
201300014432,13,3,24,15,5,2,1,3.0,6,13055,M,4333993.0,536151.0,13
201300014433,13,1,23,815,1,2,1,1.0,3,13055,M,4331562.0,540150.0,13
201300014434,13,2,23,1800,5,2,2,1.0,3,13055,M,4329898.0,537883.0,13
201300014435,13,2,20,1645,1,2,1,1.0,3,13055,M,4331650.0,536927.0,13
201300014436,13,3,13,1940,2,2,1,1.0,2,13055,M,4333555.0,539966.0,13
201300014437,13,3,14,1630,1,1,3,1.0,3,13055,M,4334128.0,537646.0,13
201300014438,13,3,15,1815,1,2,1,6.0,3,13055,M,4328481.0,543874.0,13
201300014439,13,2,24,1030,1,2,3,1.0,3,13055,M,4330240.0,536974.0,13
201300014440,13,2,12,1130,1,2,3,1.0,3,13055,M,4338516.0,536226.0,13
201300014441,13,2,17,420,5,2,3,1.0,3,13055,M,4332169.0,544839.0,13
201300014442,13,3,4,1040,1,2,1,1.0,6,13055,M,4334630.0,535486.0,13
201300014443,13,3,4,1930,5,2,1,1.0,3,13055,M,,,13
201300014444,13,3,7,1700,1,2,1,1.0,6,13055,M,4332715.0,541370.0,13
201300014445,13,3,17,15,5,2,1,1.0,6,13055,M,4330841.0,538177.0,13
201300014446,13,3,17,1800,2,2,1,1.0,4,13055,M,4332211.0,541241.0,13
201300014447,13,3,22,750,1,2,1,1.0,3,13055,M,4333123.0,543240.0,13
201300014448,13,3,18,1238,1,1,1,2.0,7,13002,M,4335193.0,547663.0,13
201300014449,13,3,16,1850,5,2,1,1.0,2,13106,M,4338728.0,535938.0,13
201300014450,13,3,26,1354,1,2,1,1.0,6,13055,M,4328990.0,536702.0,13
201300014451,13,3,7,400,5,2,1,1.0,7,13055,M,4327547.0,535989.0,13
201300014452,13,3,27,755,1,2,1,1.0,3,13055,M,4331559.0,543895.0,13
201300014453,13,3,13,2100,5,2,1,1.0,3,13055,M,4329242.0,536629.0,13
201300014454,13,3,21,750,1,2,3,1.0,3,13055,M,4333095.0,538897.0,13
201300014455,13,3,21,1500,1,2,1,1.0,6,13055,M,4333388.0,540754.0,13
201300014456,13,3,27,2230,5,2,1,1.0,2,13055,M,4329249.0,540093.0,13
201300014457,13,1,30,1430,1,2,1,1.0,3,13055,M,4327624.0,538920.0,13
201300014458,13,3,12,750,1,2,1,1.0,6,13055,M,4327530.0,536001.0,13
201300014459,13,2,16,1900,5,2,1,1.0,2,13055,M,4324634.0,543250.0,13
201300014460,13,3,2,1000,1,2,2,1.0,7,13055,M,4328388.0,538744.0,13
201300014461,13,3,12,2130,5,2,1,1.0,6,13055,M,4324483.0,542762.0,13
201300014462,13,3,28,1145,1,2,1,2.0,3,13055,M,4329364.0,538225.0,13
201300014463,13,1,28,1010,1,2,1,1.0,3,13055,M,4329748.0,541707.0,13
201300014464,13,2,24,10,5,2,1,1.0,6,13055,M,,,13
201300014465,13,3,7,1630,1,2,1,1.0,2,13055,M,4327061.0,540747.0,13
201300014466,13,3,13,1830,5,2,1,1.0,3,13055,M,4324248.0,537959.0,13
201300014467,13,2,11,1000,1,2,1,1.0,6,13055,M,4333095.0,537283.0,13
201300014468,13,2,21,1605,1,2,1,1.0,6,13055,M,4330609.0,537233.0,13
201300014469,13,3,8,1515,1,2,9,1.0,6,13055,M,4325722.0,538298.0,13
201300014470,13,3,3,2215,5,2,2,1.0,3,13055,M,4328584.0,542545.0,13
201300014471,13,3,9,1820,1,2,1,1.0,3,13055,M,4328065.0,542107.0,13
201300014472,13,3,15,1645,1,2,1,1.0,6,13055,M,4328293.0,538739.0,13
201300014473,13,3,20,1200,1,2,1,1.0,3,13055,M,4329631.0,543360.0,13
201300014474,13,3,21,800,1,2,1,1.0,7,13055,M,4328977.0,549545.0,13
201300014475,13,3,11,1700,1,2,1,1.0,6,13055,M,4334620.0,535482.0,13
201300014476,13,2,27,1900,3,2,1,1.0,3,13055,M,4325499.0,542021.0,13
201300014477,13,3,8,1320,1,2,1,1.0,6,13055,M,4327000.0,538738.0,13
201300014478,13,2,9,2005,3,2,1,1.0,1,13055,M,4329544.0,539464.0,13
201300014479,13,2,27,1750,1,2,1,1.0,2,13055,M,4328143.0,542480.0,13
201300014480,13,3,4,1312,1,2,1,1.0,2,13055,M,4328018.0,541960.0,13
201300014481,13,3,4,2015,5,2,1,1.0,3,13055,M,4328611.0,544335.0,13
201300014482,13,3,20,1400,1,2,1,1.0,2,13055,M,4333039.0,541012.0,13
201300014483,13,3,21,1125,1,2,1,1.0,3,13055,M,4336133.0,533722.0,13
201300014484,13,3,29,1140,1,2,1,8.0,2,13055,M,,,13
201300014485,13,3,22,1700,1,2,6,1.0,3,13055,M,4336365.0,534224.0,13
201300014486,13,3,19,1825,5,2,3,1.0,6,13002,M,4333766.0,546518.0,13
201300014487,13,1,6,1530,1,2,1,1.0,2,13055,M,,,13
201300014488,13,2,20,1420,1,2,1,1.0,3,13055,M,4332467.0,538841.0,13
201300014489,13,3,21,1930,5,2,1,1.0,6,13055,M,,,13
201300014490,13,4,3,1600,1,2,1,1.0,6,13055,M,4323236.0,540334.0,13
201300014491,13,3,22,1530,1,2,3,1.0,6,13055,M,4331308.0,544746.0,13
201300014492,13,3,8,1715,1,2,1,1.0,6,13055,M,4330768.0,537605.0,13
201300014493,13,3,27,1803,2,2,1,1.0,7,13055,M,4329270.0,540014.0,13
201300014494,13,3,15,745,1,2,1,1.0,2,13055,M,4330458.0,540796.0,13
201300014495,13,3,11,1600,1,2,2,1.0,2,13055,M,4329926.0,537412.0,13
201300014496,13,3,15,2018,5,2,1,2.0,6,13055,M,4330604.0,538351.0,13
201300014497,13,3,14,1915,1,2,1,1.0,6,13055,M,4329135.0,537003.0,13
201300014498,13,4,1,1400,1,2,1,2.0,3,13055,M,4330319.0,540070.0,13
201300014499,13,3,20,1700,1,2,9,1.0,6,13055,M,4329075.0,540487.0,13
201300014500,13,3,27,2100,5,2,1,1.0,2,13055,M,4326766.0,537213.0,13
201300014501,13,3,24,1515,1,2,1,3.0,6,13055,M,4332449.0,545557.0,13
201300014502,13,2,11,730,2,2,1,1.0,6,13055,M,,,13
201300014503,13,1,17,2000,5,2,1,1.0,6,13055,M,,,13
201300014504,13,3,13,1630,1,1,1,1.0,6,13055,M,4327175.0,540565.0,13
201300014505,13,4,5,1500,1,2,1,1.0,6,13055,M,4336047.0,535750.0,13
201300014506,13,4,6,212,5,2,1,1.0,1,13055,M,,,13
201300014507,13,4,2,1645,1,2,1,8.0,5,13055,M,4326511.0,539548.0,13
201300014508,13,3,9,2245,5,2,1,1.0,1,13055,M,4336632.0,535674.0,13
201300014509,13,4,8,1250,1,2,1,1.0,6,13055,M,4329256.0,538402.0,13
201300014510,13,2,7,1430,1,2,1,1.0,3,13055,M,4331308.0,536834.0,13
201300014511,13,3,18,1540,1,2,1,1.0,3,13055,M,4331590.0,538483.0,13
201300014512,13,4,1,1945,1,2,1,2.0,6,13055,M,4330544.0,538101.0,13
201300014513,13,3,22,945,1,2,4,1.0,3,13055,M,4332094.0,537473.0,13
201300014514,13,3,26,805,1,2,3,1.0,3,13106,M,4340846.0,536656.0,13
201300014515,13,3,28,830,1,2,1,2.0,2,13002,M,4333023.0,548492.0,13
201300014516,13,4,8,2105,5,2,1,1.0,7,13055,M,4329600.0,538689.0,13
201300014517,13,4,9,1355,1,2,1,1.0,6,13055,M,4328299.0,543273.0,13