Num_Acc,an,mois,jour,hrmn,lum,agg,int,atm,col,com,gps,lat,long,dep
201300014518,13,3,25,1030,1,2,1,1.0,6,13055,M,4328533.0,538260.0,13
201300014519,13,4,4,1340,1,2,1,2.0,3,13055,M,4328854.0,539353.0,13
201300014520,13,4,1,2015,5,2,6,2.0,6,13055,M,4330591.0,539330.0,13
201300014521,13,3,10,1630,1,2,1,1.0,3,13055,M,4335809.0,528871.0,13
201300014522,13,3,27,1830,5,2,1,1.0,2,13055,M,4331835.0,539031.0,13
201300014523,13,3,23,2015,3,2,1,2.0,4,13055,M,4330898.0,546684.0,13
201300014524,13,4,3,710,2,2,1,1.0,3,13002,M,4334196.0,547122.0,13
201300014525,13,3,26,1745,1,2,1,1.0,6,13055,M,4329057.0,538165.0,13
201300014526,13,3,24,1315,1,2,1,3.0,3,13055,M,,,13
201300014527,13,2,14,1700,1,2,1,1.0,2,13055,M,4333488.0,544725.0,13
201300014528,13,4,7,1700,1,2,1,1.0,6,13055,M,,,13
201300014529,13,3,30,1150,1,1,1,1.0,7,13002,M,,,13
201300014530,13,2,24,900,1,1,1,1.0,3,13075,M,4334828.0,546520.0,13
201300014531,13,3,19,1145,1,2,1,1.0,2,13055,M,,,13
201300014532,13,4,5,1640,1,2,1,1.0,6,13055,M,4334621.0,538049.0,13
201300014533,13,4,12,800,1,2,1,1.0,2,13055,M,,,13
201300014534,13,4,12,1320,1,2,1,1.0,6,13055,M,4329186.0,537953.0,13
201300014535,13,4,15,735,1,2,3,1.0,3,13055,M,4329406.0,537399.0,13
201300014536,13,3,26,1130,1,2,1,1.0,6,13055,M,,,13
201300014537,13,3,27,2000,5,2,3,1.0,3,13055,M,4328231.0,543025.0,13
201300014538,13,4,7,130,5,2,1,1.0,6,13055,M,4328621.0,547320.0,13
201300014539,13,3,30,830,1,2,1,1.0,4,13055,M,4326864.0,540406.0,13
201300014540,13,3,20,1130,1,2,1,1.0,2,13055,M,4326763.0,540773.0,13
201300014541,13,3,30,2130,3,2,2,2.0,3,13055,M,4331202.0,541908.0,13
201300014542,13,3,4,1450,1,2,1,1.0,3,13055,M,4330159.0,552638.0,13
201300014543,13,4,1,2115,5,2,1,2.0,6,13055,M,4330401.0,544085.0,13
201300014544,13,4,2,950,2,2,1,1.0,6,13055,M,4330453.0,541510.0,13
201300014545,13,4,3,1830,1,2,1,1.0,3,13002,M,4332281.0,546978.0,13
201300014546,13,4,4,1500,1,2,1,2.0,6,13055,M,4329796.0,542158.0,13
201300014547,13,4,15,1840,1,2,6,1.0,4,13055,M,4330023.0,547709.0,13
201300014548,13,3,20,1130,1,2,1,1.0,3,13055,M,4324597.0,539013.0,13
201300014549,13,3,16,2030,5,2,1,2.0,1,13055,M,4326827.0,539114.0,13
201300014550,13,3,25,1625,1,2,1,1.0,6,13055,M,,,13
201300014551,13,3,2,1501,1,2,6,1.0,3,13055,M,4324706.0,538261.0,13
201300014552,13,2,21,2030,5,2,2,1.0,3,13055,M,4326526.0,538002.0,13
201300014553,13,4,7,1200,1,2,1,1.0,3,13055,M,4328422.0,538505.0,13
201300014554,13,3,24,1800,2,2,1,2.0,3,13055,M,4323134.0,540058.0,13
201300014555,13,4,8,1300,1,2,3,1.0,3,13055,M,4325434.0,540133.0,13
201300014556,13,3,8,2230,4,2,3,1.0,3,13055,M,4326674.0,540285.0,13
201300014557,13,3,21,810,1,2,1,1.0,6,13055,M,4327290.0,539216.0,13
201300014558,13,4,7,245,5,2,1,1.0,7,13055,M,4330212.0,538713.0,13
201300014559,13,1,15,1400,1,2,1,1.0,3,13055,M,4324270.0,537965.0,13
201300014560,13,3,28,1200,1,2,1,3.0,3,13055,M,4326524.0,540363.0,13
201300014561,13,3,24,1915,5,2,1,2.0,6,13055,M,4329160.0,548558.0,13
201300014562,13,3,10,50,4,2,4,1.0,3,13075,M,4334993.0,546513.0,13
201300014563,13,3,26,745,1,2,1,1.0,4,13055,M,4328938.0,549673.0,13
201300014564,13,3,26,1750,1,2,1,1.0,3,13055,M,4328113.0,539943.0,13
201300014565,13,3,28,1030,1,2,1,2.0,6,13055,M,4330589.0,541892.0,13
201300014566,13,4,16,2133,2,2,3,1.0,3,13055,M,4329177.0,540896.0,13
201300014567,13,3,5,1300,1,2,2,1.0,3,13055,M,4329401.0,539982.0,13
201300014568,13,3,29,1330,1,2,1,1.0,3,13055,M,4325463.0,539938.0,13
201300014569,13,3,20,920,1,1,1,3.0,6,13055,M,4324622.0,543136.0,13
201300014570,13,3,13,1015,1,2,9,1.0,4,13055,M,4331607.0,540400.0,13
201300014571,13,4,17,915,1,2,1,1.0,6,13055,M,4325106.0,540159.0,13
201300014572,13,3,14,730,1,2,1,6.0,1,13055,M,4331686.0,539682.0,13
201300014573,13,4,6,1945,5,2,1,2.0,3,13055,M,4335108.0,535334.0,13
201300014574,13,1,12,1815,4,2,1,1.0,3,13055,M,4330576.0,540091.0,13
201300014575,13,3,14,915,1,2,3,1.0,7,13055,M,4331378.0,540585.0,13
201300014576,13,3,24,1745,1,2,2,2.0,6,13055,M,4330903.0,537840.0,13
201300014577,13,4,8,840,1,2,1,1.0,3,13055,M,4330875.0,537083.0,13
201300014578,13,1,22,845,1,2,1,1.0,6,13055,M,4328866.0,536553.0,13
201300014579,13,4,19,520,5,2,1,1.0,6,13055,M,,,13
201300014580,13,2,8,1730,1,2,1,1.0,3,13055,M,4327395.0,536230.0,13
201300014581,13,3,22,735,1,2,1,1.0,6,13055,M,4328906.0,535822.0,13
201300014582,13,4,8,630,2,2,1,1.0,5,13055,M,4329302.0,538244.0,13
201300014583,13,4,8,1640,1,2,1,1.0,3,13055,M,4329064.0,537126.0,13
201300014584,13,4,9,1630,1,2,1,1.0,7,13055,M,4329564.0,539818.0,13
201300014585,13,3,12,1745,5,2,1,1.0,7,13055,M,4333622.0,536242.0,13
201300014586,13,4,13,1650,1,2,1,1.0,3,13055,M,4337320.0,535357.0,13
201300014587,13,3,21,1030,1,2,1,1.0,3,13055,M,4335879.0,535764.0,13
201300014588,13,4,1,1800,1,2,1,2.0,2,13055,M,4335119.0,537379.0,13
201300014589,13,3,23,526,5,2,1,1.0,2,13055,M,,,13
201300014590,13,3,10,1446,1,2,1,1.0,2,13055,M,,,13
201300014591,13,4,19,850,1,2,1,1.0,6,13055,M,4330169.0,536708.0,13
201300014592,13,4,13,20,5,2,1,1.0,6,13055,M,4329751.0,539817.0,13
201300014593,13,3,15,930,1,2,1,1.0,6,13055,M,4323638.0,536214.0,13
201300014594,13,4,4,820,1,2,1,1.0,3,13002,M,,,13
201300014595,13,4,9,810,1,2,1,1.0,2,13075,M,4334287.0,545757.0,13
201300014596,13,4,7,1335,1,2,1,1.0,6,13055,M,4333268.0,543564.0,13
201300014597,13,4,11,840,1,2,1,1.0,3,13055,M,,,13
201300014598,13,4,13,2030,1,2,1,1.0,6,13055,M,,,13
201300014599,13,4,7,800,1,2,1,1.0,6,13002,M,4335788.0,549118.0,13
201300014600,13,4,21,405,5,2,1,1.0,6,13055,M,,,13
201300014601,13,4,15,1840,1,2,1,1.0,6,13055,M,,,13
201300014602,13,3,20,2345,5,2,1,1.0,6,13055,M,,,13
201300014603,13,3,2,700,2,2,1,1.0,1,13055,M,,,13
201300014604,13,4,23,1345,1,2,3,1.0,3,13055,M,4330179.0,542270.0,13
201300014605,13,4,23,2345,5,2,1,2.0,6,13055,M,4328475.0,538182.0,13
201300014606,13,4,12,750,1,2,1,1.0,7,13002,M,4333279.0,546321.0,13
201300014607,13,4,9,920,1,2,1,1.0,6,13055,M,4330507.0,540100.0,13
201300014608,13,4,18,1200,1,2,1,1.0,2,13055,M,4329336.0,537450.0,13
201300014609,13,4,19,1500,1,2,1,1.0,7,13055,M,4327563.0,535943.0,13
201300014610,13,1,19,1600,1,2,1,1.0,2,13055,M,,,13
201300014611,13,1,25,1530,1,2,1,1.0,6,13055,M,4330264.0,539619.0,13
201300014612,13,3,18,930,1,2,1,1.0,6,13055,M,4329076.0,540469.0,13
201300014613,13,4,2,1630,1,2,1,1.0,7,13055,M,4328755.0,537841.0,13
201300014614,13,3,31,630,5,2,1,1.0,6,13055,M,4328932.0,537623.0,13
201300014615,13,4,24,2315,5,2,1,1.0,1,13055,M,4336393.0,535707.0,13
201300014616,13,4,9,1115,1,2,1,1.0,6,13055,M,4332707.0,539594.0,13
201300014617,13,4,24,2215,5,2,3,1.0,7,13055,M,4326210.0,540429.0,13
201300014618,13,3,6,655,1,2,2,1.0,3,13055,M,4328771.0,535909.0,13
201300014619,13,4,4,1610,1,2,1,2.0,2,13055,M,4333105.0,543186.0,13
201300014620,13,4,11,1355,1,2,1,1.0,6,13055,M,4332844.0,542581.0,13
201300014621,13,4,17,1600,1,2,1,1.0,7,13055,M,4331265.0,538638.0,13
201300014622,13,4,18,1410,1,2,1,1.0,6,13055,M,4333155.0,538712.0,13
201300014623,13,4,25,1430,1,2,1,1.0,6,13055,M,4328796.0,537919.0,13
201300014624,13,4,28,1500,1,2,1,2.0,1,13055,M,4333748.0,536716.0,13
201300014625,13,2,28,1900,5,2,1,1.0,2,13055,M,,,13
201300014626,13,3,16,1610,1,2,1,1.0,3,13055,M,4333071.0,540484.0,13
201300014627,13,3,24,1405,1,2,3,2.0,6,13055,M,4329677.0,537253.0,13
201300014628,13,3,25,830,1,2,1,1.0,2,13055,M,4333031.0,537023.0,13
201300014629,13,4,23,1415,1,2,1,1.0,7,13002,M,4333347.0,548585.0,13
201300014630,13,4,11,1840,1,2,1,1.0,1,13106,M,4338589.0,535882.0,13
201300014631,13,4,28,510,4,2,2,1.0,6,13055,M,4330714.0,538421.0,13
201300014632,13,4,26,1910,2,2,1,1.0,3,13055,M,4324193.0,536639.0,13
201300014633,13,4,27,2215,5,2,1,2.0,7,13002,M,,,13
201300014634,13,1,29,1200,1,2,1,2.0,6,13055,M,4329017.0,537339.0,13
201300014635,13,3,16,1105,1,1,1,1.0,7,13055,M,,,13
201300014636,13,4,23,1925,1,2,9,1.0,3,13055,M,,,13
201300014637,13,4,17,1630,1,2,1,1.0,3,13055,M,4331563.0,538601.0,13
201300014638,13,4,18,1415,1,2,3,1.0,1,13055,M,4335637.0,535742.0,13
201300014639,13,4,24,1535,1,2,1,1.0,3,13055,M,4328141.0,539948.0,13
201300014640,13,3,27,1520,1,2,1,1.0,3,13055,M,4327923.0,540893.0,13
201300014641,13,1,10,715,2,2,1,1.0,6,13055,M,4327915.0,541703.0,13
201300014642,13,4,1,455,2,2,2,1.0,2,13055,M,4331292.0,537052.0,13
201300014643,13,3,31,2045,5,2,1,1.0,3,13055,M,4327176.0,540999.0,13
201300014644,13,4,13,730,1,2,1,1.0,7,13055,M,4333579.0,537453.0,13
201300014645,13,5,2,1030,2,2,3,1.0,2,13055,M,4337762.0,535626.0,13
201300014646,13,4,27,200,5,2,2,2.0,6,13055,M,4329029.0,537582.0,13
201300014647,13,4,25,635,2,2,3,1.0,3,13055,M,4329177.0,540896.0,13
201300014648,13,4,8,1700,1,2,1,1.0,3,13055,M,4338315.0,535829.0,13
201300014649,13,3,11,900,1,2,1,1.0,3,13055,M,,,13
201300014650,13,4,24,2130,5,2,1,1.0,3,13055,M,4332469.0,543513.0,13
201300014651,13,5,2,1830,1,2,1,1.0,3,13055,M,4328835.0,546282.0,13
201300014652,13,2,27,1730,1,2,6,1.0,2,13055,M,4333003.0,538778.0,13
201300014653,13,4,24,1745,1,2,6,1.0,6,13055,M,4329760.0,547919.0,13
201300014654,13,4,16,952,1,2,1,1.0,3,13055,M,4330037.0,538668.0,13
201300014655,13,5,3,2220,5,2,1,1.0,2,13055,M,4325805.0,539947.0,13
201300014656,13,5,5,1300,1,2,1,2.0,5,13055,M,4326425.0,539228.0,13
201300014657,13,4,5,905,1,2,1,1.0,3,13055,M,4329518.0,538174.0,13
201300014658,13,4,23,10,5,2,2,1.0,3,13055,M,4330654.0,540101.0,13
201300014659,13,4,23,1910,1,2,1,1.0,3,13055,M,4329954.0,540073.0,13
201300014660,13,4,27,1830,1,2,1,1.0,6,13055,M,4329726.0,538010.0,13
201300014661,13,4,25,1630,1,2,1,1.0,6,13055,M,4328675.0,539982.0,13
201300014662,13,4,26,800,1,2,2,8.0,3,13055,M,4328607.0,538700.0,13
201300014663,13,2,22,1830,3,2,1,1.0,6,13055,M,4328054.0,542079.0,13
201300014664,13,5,8,1830,1,2,1,1.0,6,13055,M,4335378.0,532867.0,13
201300014665,13,5,8,1600,1,2,4,1.0,3,13055,M,4338398.0,536517.0,13
201300014666,13,3,2,1045,1,2,1,7.0,6,13055,M,4327559.0,541758.0,13
201300014667,13,3,18,630,1,2,3,3.0,3,13055,M,4327131.0,540911.0,13
201300014668,13,4,12,1820,1,2,6,1.0,6,13055,M,4324628.0,539880.0,13
201300014669,13,4,15,1330,1,2,1,1.0,7,13055,M,4327023.0,542317.0,13
201300014670,13,4,17,1800,1,2,1,1.0,6,13055,M,4324818.0,540615.0,13
201300014671,13,4,30,1720,2,2,1,1.0,6,13055,M,4324963.0,537536.0,13
201300014672,13,5,6,1600,1,2,1,1.0,6,13055,M,,,13
201300014673,13,3,29,750,1,2,1,1.0,2,13055,M,4328289.0,539228.0,13
201300014674,13,3,30,1700,1,2,3,1.0,3,13055,M,4329727.0,540729.0,13
201300014675,13,3,31,1800,1,2,1,1.0,2,13055,M,,,13
201300014676,13,4,19,720,2,2,1,1.0,2,13055,M,4328606.0,539897.0,13
201300014677,13,5,7,200,5,2,4,1.0,1,13055,M,4330298.0,538491.0,13
201300014678,13,3,15,1220,1,2,1,1.0,6,13055,M,4327506.0,539647.0,13
201300014679,13,3,31,1330,1,2,1,1.0,3,13055,M,4333670.0,540728.0,13
201300014680,13,4,25,1815,1,2,1,1.0,6,13055,M,4331357.0,537704.0,13
201300014681,13,1,12,1445,1,2,1,1.0,6,13055,M,4328603.0,541283.0,13
201300014682,13,4,14,205,5,2,3,1.0,1,13055,M,4325269.0,540227.0,13
201300014683,13,3,18,1545,1,2,1,1.0,6,13055,M,4329312.0,547378.0,13
201300014684,13,4,24,1120,1,2,2,1.0,3,13055,M,4332780.0,545310.0,13
201300014685,13,4,26,2200,5,2,1,1.0,3,13055,M,,,13
201300014686,13,3,31,1300,1,2,1,7.0,6,13055,M,4327250.0,541125.0,13
201300014687,13,4,3,1330,1,2,1,1.0,3,13055,M,4327296.0,539104.0,13
201300014688,13,4,8,920,1,2,1,1.0,7,13055,M,4325213.0,538392.0,13
201300014689,13,4,10,830,1,2,3,1.0,2,13055,M,4325397.0,539428.0,13
201300014690,13,4,13,1600,1,2,1,1.0,6,13055,M,4326281.0,537585.0,13
201300014691,13,4,17,1500,1,2,1,1.0,2,13055,M,4326818.0,540018.0,13
201300014692,13,4,25,2100,5,2,1,1.0,7,13055,M,4329526.0,547892.0,13
201300014693,13,4,20,1640,1,2,1,1.0,3,13055,M,,,13
201300014694,13,1,22,1730,5,2,1,1.0,6,13055,M,,,13
201300014695,13,4,14,920,1,2,1,1.0,1,13055,M,4328365.0,542697.0,13
201300014696,13,1,18,1600,1,2,1,1.0,6,13055,M,4330779.0,542933.0,13
201300014697,13,1,22,1100,1,2,1,1.0,3,13055,M,4330328.0,545421.0,13
201300014698,13,1,31,1815,5,2,3,1.0,3,13055,M,4329924.0,543039.0,13
201300014699,13,5,7,1730,1,2,1,1.0,6,13055,M,4329313.0,538539.0,13
201300014700,13,4,3,900,1,2,1,1.0,6,13055,M,4329738.0,542695.0,13
201300014701,13,4,6,1545,1,2,1,3.0,1,13055,M,4329900.0,542259.0,13
201300014702,13,4,9,845,1,2,1,1.0,6,13055,M,4328128.0,538193.0,13
201300014703,13,4,10,1300,1,2,1,1.0,4,13055,M,4329026.0,546344.0,13
201300014704,13,4,10,1830,1,2,1,1.0,4,13055,M,,,13
201300014705,13,4,12,1125,1,2,1,1.0,6,13075,M,4334213.0,545728.0,13
201300014706,13,5,12,530,5,2,2,1.0,3,13055,M,4328348.0,538235.0,13
201300014707,13,2,1,2140,5,2,3,1.0,2,13055,M,4323265.0,540444.0,13
201300014708,13,3,14,910,1,2,1,6.0,6,13055,M,4328933.0,536314.0,13
201300014709,13,3,14,1130,1,2,2,1.0,3,13055,M,4329131.0,535726.0,13
201300014710,13,4,5,1145,1,2,1,1.0,6,13055,M,4329318.0,539801.0,13
201300014711,13,4,30,1615,1,2,3,8.0,3,13055,M,4328969.0,536525.0,13
201300014712,13,4,10,1550,1,2,1,1.0,3,13055,M,4329060.0,537105.0,13
201300014713,13,4,3,930,1,2,1,1.0,5,13055,M,4331682.0,539652.0,13
201300014714,13,4,28,1830,1,2,1,2.0,2,13055,M,,,13
201300014715,13,3,28,1500,1,2,1,3.0,2,13055,M,4330648.0,538304.0,13
201300014716,13,3,4,1630,1,2,1,1.0,2,13055,M,,,13
201300014717,13,5,8,1630,1,2,1,1.0,7,13055,M,,,13
201300014718,13,3,27,1010,1,2,1,1.0,6,13055,M,4328085.0,538859.0,13
201300014719,13,4,15,900,1,2,1,1.0,7,13055,M,4325400.0,538151.0,13
201300014720,13,4,18,1835,1,1,1,1.0,3,13002,M,4333496.0,547797.0,13
201300014721,13,4,19,1505,1,2,1,1.0,1,13055,M,4330408.0,541060.0,13
201300014722,13,5,2,1255,1,2,1,1.0,3,13055,M,,,13
201300014723,13,4,10,1350,1,2,1,1.0,3,13055,M,4334281.0,544680.0,13
201300014724,13,4,24,1855,1,2,1,1.0,3,13055,M,4332710.0,543681.0,13
201300014725,13,5,3,845,1,2,1,1.0,6,13055,M,4332520.0,543377.0,13
201300014726,13,4,11,1100,1,2,1,1.0,2,13055,M,4333278.0,543593.0,13
201300014727,13,4,30,1720,1,2,1,1.0,3,13055,M,4331937.0,536843.0,13
201300014728,13,5,15,600,1,2,1,1.0,7,13055,M,,,13
201300014729,13,1,1,200,5,2,1,1.0,6,13055,M,,,13
201300014730,13,5,15,1300,1,2,2,1.0,6,13055,M,4330991.0,537020.0,13
201300014731,13,5,8,1615,1,2,1,1.0,6,13055,M,4328003.0,542513.0,13
201300014732,13,5,3,1845,1,2,6,1.0,3,13055,M,4325424.0,538195.0,13
201300014733,13,4,10,1630,1,2,1,1.0,1,13055,M,4334947.0,535883.0,13
201300014734,13,4,19,1150,1,2,2,1.0,3,13055,M,4334740.0,537843.0,13
201300014735,13,4,29,1800,1,2,1,2.0,3,13055,M,4332684.0,543732.0,13
201300014736,13,5,13,2345,5,2,1,1.0,3,13055,M,4332491.0,538833.0,13
201300014737,13,4,29,1610,1,2,1,1.0,6,13055,M,4329117.0,538077.0,13
201300014738,13,3,2,1545,1,2,1,1.0,3,13055,M,4328812.0,538252.0,13
201300014739,13,3,26,1300,1,2,1,1.0,2,13055,M,,,13
201300014740,13,5,7,1715,1,2,3,1.0,3,13055,M,4334208.0,536209.0,13
201300014741,13,5,22,920,1,2,1,1.0,7,13055,M,,,13
201300014742,13,4,20,1140,1,2,2,2.0,5,13055,M,4329517.0,538176.0,13
201300014743,13,4,29,1400,1,2,1,1.0,4,13055,M,4330870.0,540124.0,13
201300014744,13,5,7,1400,1,2,1,1.0,6,13055,M,4328970.0,535681.0,13
201300014745,13,3,26,1700,2,2,1,1.0,3,13055,M,4334105.0,536267.0,13
201300014746,13,4,30,1630,1,2,1,1.0,6,13055,M,,,13
201300014747,13,5,1,1400,1,2,1,1.0,6,13055,M,4329681.0,536708.0,13
201300014748,13,5,5,1300,1,2,1,1.0,2,13055,M,,,13
201300014749,13,5,7,1600,1,2,1,1.0,2,13055,M,,,13
201300014750,13,4,30,1220,1,2,1,1.0,6,13055,M,4328494.0,538549.0,13
201300014751,13,3,4,720,1,2,1,1.0,6,13055,M,,,13
201300014752,13,3,28,800,1,2,1,1.0,2,13055,M,,,13
201300014753,13,2,26,800,1,2,1,1.0,5,13055,M,4329806.0,549825.0,13
201300014754,13,4,15,2215,5,2,2,1.0,3,13055,M,4330326.0,544979.0,13
201300014755,13,4,16,2115,5,2,1,1.0,3,13055,M,,,13
201300014756,13,4,30,800,1,2,1,8.0,3,13055,M,4326905.0,540437.0,13
201300014757,13,3,11,2145,5,2,1,1.0,3,13055,M,4328887.0,540027.0,13
201300014758,13,4,20,1215,1,2,1,3.0,3,13055,M,4327100.0,542478.0,13
201300014759,13,2,14,1640,1,2,1,1.0,2,13055,M,4326278.0,540892.0,13
201300014760,13,4,18,815,1,2,1,1.0,7,13055,M,4328629.0,539880.0,13
201300014761,13,4,25,1800,1,2,1,1.0,2,13055,M,4326772.0,540247.0,13
201300014762,13,4,29,745,1,2,1,2.0,2,13055,M,4330624.0,540094.0,13
201300014763,13,5,17,1430,1,2,1,1.0,1,13055,M,,,13
201300014764,13,5,3,950,1,2,1,1.0,3,13055,M,,,13
201300014765,13,5,13,1530,1,2,1,1.0,3,13055,M,4329491.0,544394.0,13
201300014766,13,5,14,830,1,2,1,1.0,2,13055,M,4327926.0,539927.0,13
201300014767,13,5,2,1010,1,2,1,1.0,6,13055,M,4326709.0,537243.0,13
201300014768,13,5,20,1950,1,2,4,1.0,6,13055,M,4330969.0,540862.0,13
201300014769,13,5,3,815,1,2,1,1.0,2,13055,M,,,13
201300014770,13,4,19,2215,5,2,1,1.0,3,13055,M,4336371.0,535709.0,13
201300014771,13,5,16,145,5,2,1,2.0,7,13055,M,4327809.0,537781.0,13
201300014772,13,5,18,1800,1,2,1,2.0,4,13055,M,4333019.0,538835.0,13
201300014773,13,2,10,1610,1,1,1,2.0,3,13002,M,,,13
201300014774,13,3,26,820,1,2,1,1.0,2,13002,M,4333112.0,548854.0,13
201300014775,13,4,11,945,1,2,4,1.0,3,13055,M,4327709.0,538833.0,13
201300014776,13,5,12,1619,1,2,3,1.0,6,13075,M,4334827.0,546517.0,13
201300014777,13,2,4,1905,5,2,1,1.0,6,13055,M,4338522.0,536440.0,13
201300014778,13,5,17,1720,1,2,3,1.0,3,13055,M,4332668.0,535838.0,13
201300014779,13,1,3,1550,1,2,1,1.0,2,13055,M,4329043.0,537578.0,13
201300014780,13,5,15,2025,2,2,4,2.0,3,13055,M,4329567.0,538257.0,13
201300014781,13,4,19,1300,1,1,1,1.0,7,13002,M,,,13
201300014782,13,5,22,1545,1,2,1,1.0,3,13055,M,,,13
201300014783,13,4,8,1345,1,2,1,1.0,7,13055,M,4327784.0,537283.0,13
201300014784,13,4,30,715,1,2,1,2.0,5,13055,M,4326748.0,537203.0,13
201300014785,13,5,10,1050,1,2,1,1.0,6,13055,M,4328803.0,538878.0,13
201300014786,13,5,3,1320,1,2,1,1.0,5,13055,M,,,13
201300014787,13,5,7,950,1,2,1,1.0,3,13055,M,4329524.0,538173.0,13
201300014788,13,5,10,400,5,2,1,1.0,6,13055,M,4329367.0,537667.0,13
201300014789,13,3,14,840,1,2,1,1.0,2,13055,M,4333066.0,540484.0,13
201300014790,13,5,19,1700,1,2,2,1.0,6,13055,M,4331484.0,540770.0,13
201300014791,13,5,21,850,1,2,2,1.0,6,13055,M,4328373.0,538353.0,13
201300014792,13,4,12,1020,1,2,1,1.0,6,13055,M,4331504.0,538736.0,13
201300014793,13,5,10,1230,1,2,1,1.0,3,13055,M,,,13
201300014794,13,5,11,1540,1,2,1,1.0,6,13055,M,4336358.0,530896.0,13
201300014795,13,5,18,1345,1,2,6,3.0,3,13055,M,4331930.0,536854.0,13
201300014796,13,3,28,910,1,2,1,2.0,4,13055,M,4328943.0,539676.0,13
201300014797,13,4,30,1215,1,2,1,1.0,6,13055,M,4325972.0,537950.0,13
201300014798,13,5,25,130,5,2,1,1.0,2,13055,M,4328933.0,536324.0,13
201300014799,13,5,23,1215,1,2,1,1.0,6,13055,M,4330012.0,537570.0,13
201300014800,13,5,18,1520,1,2,1,3.0,3,13055,M,4331177.0,540384.0,13
201300014801,13,5,21,1354,1,2,1,1.0,3,13055,M,4330172.0,540165.0,13
201300014802,13,2,19,1600,1,2,6,1.0,3,13055,M,4328360.0,539908.0,13
201300014803,13,5,16,1145,1,2,1,1.0,3,13055,M,,,13
201300014804,13,2,26,1615,1,1,1,1.0,4,13055,M,,,13
201300014805,13,4,4,1245,1,2,1,2.0,6,13055,M,4334712.0,536868.0,13
201300014806,13,5,4,2010,2,2,2,1.0,6,13055,M,4331824.0,536918.0,13
201300014807,13,4,5,830,1,2,1,7.0,2,13055,M,,,13
201300014808,13,5,27,1310,1,2,6,1.0,3,13055,M,4329218.0,544585.0,13
201300014809,13,5,27,1730,1,2,1,1.0,1,13055,M,,,13
201300014810,13,5,27,1800,1,1,1,1.0,3,13002,M,,,13
201300014811,13,5,22,2210,5,2,2,1.0,3,13055,M,4330253.0,539404.0,13
201300014812,13,5,16,1640,1,2,1,1.0,2,13055,M,,,13
201300014813,13,5,28,830,1,1,1,2.0,6,13055,M,,,13
201300014814,13,5,27,830,1,2,1,1.0,4,13055,M,4335562.0,535733.0,13
201300014815,13,4,28,1635,1,2,1,2.0,1,13055,M,4334611.0,542571.0,13
201300014816,13,5,30,1150,1,2,6,1.0,3,13055,M,4324165.0,539709.0,13
201300014817,13,5,28,1315,1,2,1,1.0,3,13055,M,4332348.0,538581.0,13
201300014818,13,5,30,1935,1,2,1,1.0,3,13055,M,0.0,0.0,13
201300014819,13,4,27,1700,1,2,1,1.0,2,13055,M,4328612.0,539882.0,13
201300014820,13,3,16,1720,1,2,1,1.0,6,13055,M,4330254.0,539696.0,13
201300014821,13,3,22,1400,1,2,1,1.0,1,13055,M,4328212.0,536961.0,13
201300014822,13,5,7,2200,5,2,1,1.0,6,13055,M,4329959.0,539649.0,13
201300014823,13,3,25,1830,5,2,3,1.0,3,13055,M,4334147.0,536036.0,13
201300014824,13,3,24,544,5,2,2,3.0,6,13055,M,4333594.0,535422.0,13
201300014825,13,4,15,2035,5,2,2,1.0,3,13055,M,4328910.0,538410.0,13
201300014826,13,1,10,950,1,2,8,1.0,6,13055,M,,,13
201300014827,13,6,4,1130,1,2,1,1.0,6,13055,M,4327743.0,538355.0,13
201300014828,13,6,4,2000,1,2,1,1.0,5,13055,M,4329361.0,540210.0,13
201300014829,13,6,5,1530,1,2,1,1.0,4,13055,M,4324721.0,540724.0,13
201300014830,13,3,29,920,1,2,1,2.0,3,13055,M,4334308.0,542063.0,13
201300014831,13,4,16,1015,1,2,1,1.0,6,13055,M,,,13
201300014832,13,5,17,1630,1,2,1,1.0,6,13055,M,4331962.0,537436.0,13
201300014833,13,5,4,50,5,2,1,1.0,6,13055,M,4329228.0,537156.0,13
201300014834,13,5,17,2225,5,2,2,1.0,3,13055,M,4328795.0,538345.0,13
201300014835,13,5,7,1210,1,2,1,1.0,6,13055,M,4327937.0,538727.0,13
201300014836,13,6,4,1409,1,2,1,1.0,2,13055,M,,,13
201300014837,13,2,27,730,1,2,1,1.0,3,13055,M,4327649.0,539756.0,13
201300014838,13,4,22,1100,1,2,1,1.0,6,13055,M,4327931.0,539928.0,13