Num_Acc,an,mois,jour,hrmn,lum,agg,int,atm,col,com,gps,lat,long,dep
201300014839,13,5,10,1140,1,2,1,1.0,2,13075,M,4334639.0,546242.0,13
201300014840,13,5,12,1600,1,2,1,1.0,3,13055,M,4324963.0,538180.0,13
201300014841,13,5,15,930,1,2,1,1.0,3,13055,M,4326087.0,539384.0,13
201300014842,13,12,3,1040,1,1,1,1.0,6,13055,M,4329713.0,537972.0,13
201300014843,13,5,16,720,1,2,6,2.0,7,13075,M,,,13
201300014844,13,5,18,1500,1,2,1,3.0,7,13055,M,4329906.0,547818.0,13
201300014845,13,5,30,1930,1,2,1,1.0,6,13055,M,4337621.0,535615.0,13
201300014846,13,4,16,2000,1,2,4,1.0,1,13055,M,4328726.0,546401.0,13
201300014847,13,4,30,1315,1,2,1,1.0,3,13055,M,4327545.0,539596.0,13
201300014848,13,4,30,900,1,2,1,1.0,3,13055,M,4328248.0,538586.0,13
201300014849,13,12,7,130,5,2,1,1.0,7,13055,M,4328427.0,534975.0,13
201300014850,13,5,19,1930,1,2,1,1.0,3,13055,M,4330293.0,540075.0,13
201300014851,13,5,26,250,5,2,1,1.0,2,13055,M,4328629.0,539909.0,13
201300014852,13,6,6,755,2,1,1,1.0,1,13002,M,,,13
201300014853,13,5,27,1740,1,2,4,2.0,6,13055,M,4328529.0,538831.0,13
201300014854,13,5,27,1910,1,2,1,1.0,6,13055,M,4328848.0,539506.0,13
201300014855,13,5,13,1725,1,2,1,1.0,6,13055,M,4326190.0,538764.0,13
201300014856,13,5,17,400,5,2,2,2.0,3,13055,M,4329028.0,537579.0,13
201300014857,13,5,18,1515,1,2,1,6.0,7,13055,M,,,13
201300014858,13,5,25,730,1,2,3,2.0,3,13055,M,4324255.0,540635.0,13
201300014859,13,4,3,1930,1,2,1,1.0,3,13055,M,4326078.0,539386.0,13
201300014860,13,4,29,1045,1,2,1,2.0,6,13055,M,,,13
201300014861,13,5,10,1200,1,2,1,1.0,3,13055,M,4334250.0,535991.0,13
201300014862,13,2,21,1030,1,2,1,1.0,6,13075,M,4334665.0,546272.0,13
201300014863,13,5,24,700,1,2,1,1.0,6,13055,M,4330777.0,542685.0,13
201300014864,13,5,13,1820,1,2,1,1.0,6,13055,M,4328917.0,549659.0,13
201300014865,13,5,26,530,2,2,1,1.0,2,13055,M,4327907.0,538284.0,13
201300014866,13,5,26,1100,1,2,1,1.0,6,13055,M,4329078.0,547258.0,13
201300014867,13,5,14,1320,1,2,1,1.0,6,13055,M,4326391.0,540450.0,13
201300014868,13,4,12,900,1,2,1,1.0,3,13055,M,4323578.0,541044.0,13
201300014869,13,5,14,1815,1,2,1,1.0,4,13055,M,4328824.0,550135.0,13
201300014870,13,5,23,1410,1,2,1,1.0,4,13055,M,4329728.0,549554.0,13
201300014871,13,5,24,2040,1,2,1,1.0,6,13055,M,,,13
201300014872,13,6,6,1804,1,2,4,1.0,7,13055,M,4332933.0,542772.0,13
201300014873,13,5,13,1630,1,2,1,1.0,6,13055,M,4330212.0,538714.0,13
201300014874,13,4,15,1245,1,2,1,1.0,5,13055,M,4334646.0,536675.0,13
201300014875,13,6,7,805,1,2,6,1.0,3,13075,M,4335330.0,546692.0,13
201300014876,13,6,20,1250,1,2,1,1.0,2,13055,M,,,13
201300014877,13,6,9,15,5,2,1,1.0,3,13055,M,4327528.0,538441.0,13
201300014878,13,4,12,10,5,2,1,2.0,6,13055,M,4331409.0,540628.0,13
201300014879,13,5,30,1430,1,2,1,1.0,4,13055,M,4330532.0,540089.0,13
201300014880,13,6,3,2100,1,2,1,1.0,6,13055,M,4329435.0,537897.0,13
201300014881,13,4,29,1900,1,2,1,2.0,2,13055,M,4325049.0,538936.0,13
201300014882,13,5,16,1045,1,2,3,1.0,7,13055,M,4327685.0,540835.0,13
201300014883,13,5,29,2000,1,2,1,2.0,6,13055,M,4325813.0,540988.0,13
201300014884,13,5,10,1520,1,2,1,1.0,6,13055,M,4331733.0,543814.0,13
201300014885,13,4,5,1450,1,2,1,1.0,6,13055,M,4334694.0,537811.0,13
201300014886,13,5,4,1450,1,2,1,1.0,2,13055,M,4332085.0,543884.0,13
201300014887,13,5,16,1430,1,2,3,1.0,3,13055,M,4332372.0,539311.0,13
201300014888,13,5,25,920,1,2,1,1.0,3,13055,M,,,13
201300014889,13,5,29,1625,1,2,1,1.0,7,13002,M,4332963.0,548998.0,13
201300014890,13,5,24,1245,1,2,1,1.0,3,13002,M,4333851.0,547941.0,13
201300014891,13,5,23,915,1,2,1,1.0,3,13055,M,4332390.0,544419.0,13
201300014892,13,5,10,1055,1,2,1,1.0,4,13055,M,,,13
201300014893,13,5,23,1440,1,2,1,1.0,6,13055,M,4329257.0,540063.0,13
201300014894,13,5,24,1430,1,2,3,1.0,3,13055,M,4329830.0,538094.0,13
201300014895,13,5,27,805,1,2,1,1.0,1,13055,M,,,13
201300014896,13,5,25,1030,1,2,1,1.0,2,13055,M,4330265.0,539628.0,13
201300014897,13,5,30,830,1,2,1,1.0,7,13055,M,4329400.0,537374.0,13
201300014898,13,5,30,1230,1,2,1,1.0,3,13055,M,4330143.0,537983.0,13
201300014899,13,6,1,2000,5,2,2,1.0,4,13055,M,4328630.0,539136.0,13
201300014900,13,6,5,2100,3,2,2,1.0,3,13055,M,4330020.0,538873.0,13
201300014901,13,5,24,750,1,2,1,1.0,6,13055,M,4330267.0,539708.0,13
201300014902,13,6,4,1230,1,2,1,1.0,3,13055,M,4328443.0,538643.0,13
201300014903,13,5,11,1900,1,2,1,1.0,3,13055,M,4328902.0,539528.0,13
201300014904,13,5,13,900,1,2,1,1.0,6,13055,M,4329929.0,537161.0,13
201300014905,13,4,10,1845,1,2,1,1.0,2,13055,M,,,13
201300014906,13,5,6,1100,1,2,1,1.0,6,13055,M,4328228.0,540512.0,13
201300014907,13,5,7,740,2,2,1,1.0,2,13055,M,4324711.0,539334.0,13
201300014908,13,5,10,1745,1,2,1,1.0,6,13055,M,4328388.0,538456.0,13
201300014909,13,5,17,730,1,2,1,1.0,6,13055,M,4325392.0,540184.0,13
201300014910,13,5,20,1840,1,2,6,1.0,3,13055,M,4329012.0,547656.0,13
201300014911,13,5,22,1035,1,2,1,1.0,2,13055,M,4328196.0,539953.0,13
201300014912,13,5,24,905,1,2,1,1.0,6,13055,M,4324292.0,538655.0,13
201300014913,13,5,25,945,1,2,3,1.0,3,13055,M,4327927.0,538413.0,13
201300014914,13,4,8,1730,1,2,3,1.0,6,13055,M,4331029.0,537704.0,13
201300014915,13,6,10,1912,1,2,1,1.0,2,13055,M,,,13
201300014916,13,3,11,1800,5,2,1,1.0,4,13055,M,,,13
201300014917,13,5,30,2255,5,2,1,1.0,6,13055,M,4328625.0,544396.0,13
201300014918,13,6,2,1930,1,2,1,1.0,6,13075,M,4334332.0,545791.0,13
201300014919,13,5,24,1150,1,2,1,1.0,6,13055,M,4332035.0,543895.0,13
201300014920,13,5,26,915,1,2,1,1.0,3,13055,M,4335508.0,532783.0,13
201300014921,13,2,25,1620,1,1,1,1.0,3,13055,M,4335508.0,532781.0,13
201300014922,13,3,6,900,1,2,1,2.0,7,13055,M,4333902.0,536241.0,13
201300014923,13,6,4,1500,1,2,1,1.0,7,13055,M,4329353.0,542508.0,13
201300014924,13,5,30,1545,1,2,1,1.0,2,13055,M,4329250.0,539836.0,13
201300014925,13,5,30,1800,1,2,1,1.0,6,13055,M,4329278.0,539055.0,13
201300014926,13,5,12,1855,1,2,1,1.0,4,13055,M,,,13
201300014927,13,5,21,1025,1,2,1,1.0,2,13055,M,,,13
201300014928,13,5,30,1400,1,2,1,1.0,2,13055,M,4333184.0,542869.0,13
201300014929,13,6,5,1930,1,2,1,1.0,7,13055,M,4331057.0,536981.0,13
201300014930,13,6,14,1350,1,2,2,1.0,3,13055,M,4329009.0,537252.0,13
201300014931,13,6,16,2345,5,1,1,1.0,7,13106,M,4339938.0,535528.0,13
201300014932,13,6,13,1830,1,2,1,1.0,7,13055,M,4333127.0,538476.0,13
201300014933,13,5,7,1720,1,2,1,1.0,3,13055,M,4323957.0,540385.0,13
201300014934,13,6,8,1630,1,1,1,1.0,3,13075,M,4333915.0,545567.0,13
201300014935,13,5,27,1530,1,2,1,1.0,6,13055,M,4328991.0,542638.0,13
201300014936,13,2,3,2000,4,2,3,1.0,1,13055,M,4328386.0,539623.0,13
201300014937,13,3,14,1400,2,2,1,1.0,2,13055,M,4327999.0,541917.0,13
201300014938,13,5,24,1330,1,2,1,1.0,6,13055,M,4327593.0,539524.0,13
201300014939,13,4,8,1540,1,2,1,1.0,3,13055,M,,,13
201300014940,13,5,29,1220,1,2,1,1.0,6,13055,M,4327177.0,540569.0,13
201300014941,13,6,6,1720,1,2,1,1.0,6,13055,M,,,13
201300014942,13,5,26,1130,1,2,1,1.0,3,13055,M,4329908.0,538203.0,13
201300014943,13,5,30,1235,1,2,1,1.0,3,13055,M,4328933.0,536330.0,13
201300014944,13,6,4,2000,1,2,1,1.0,3,13055,M,4330615.0,540172.0,13
201300014945,13,6,6,1645,1,2,1,1.0,6,13055,M,4331330.0,537133.0,13
201300014946,13,6,7,1526,1,2,1,1.0,3,13055,M,4329751.0,538107.0,13
201300014947,13,5,2,1650,1,2,1,1.0,6,13055,M,4328055.0,538225.0,13
201300014948,13,5,25,1115,1,2,1,1.0,6,13055,M,4325705.0,541916.0,13
201300014949,13,5,30,810,1,2,1,1.0,3,13055,M,4328181.0,550215.0,13
201300014950,13,5,30,1330,2,2,1,1.0,3,13055,M,,,13
201300014951,13,4,22,1110,1,2,1,1.0,4,13055,M,4330340.0,537028.0,13
201300014952,13,6,6,1610,1,2,1,1.0,7,13055,M,4331631.0,540020.0,13
201300014953,13,5,16,1430,1,2,1,1.0,3,13055,M,,,13
201300014954,13,4,29,755,1,2,3,1.0,3,13055,M,4335744.0,535748.0,13
201300014955,13,5,14,1430,2,2,1,1.0,3,13055,M,,,13
201300014956,13,5,17,1145,1,2,1,1.0,2,13055,M,4337664.0,535629.0,13
201300014957,13,5,24,500,5,2,1,1.0,2,13055,M,4333066.0,540526.0,13
201300014958,13,6,5,810,1,1,1,1.0,6,13055,M,4332460.0,540271.0,13
201300014959,13,6,5,950,1,2,6,1.0,3,13055,M,4332960.0,538829.0,13
201300014960,13,6,3,1900,1,1,1,1.0,6,13055,M,4329936.0,537290.0,13
201300014961,13,5,14,930,1,2,9,1.0,3,13055,M,4331697.0,539870.0,13
201300014962,13,5,24,1545,1,2,1,1.0,3,13055,M,,,13
201300014963,13,6,3,2305,5,2,3,1.0,3,13055,M,4329743.0,537709.0,13
201300014964,13,5,27,1610,1,2,1,1.0,6,13055,M,4335172.0,543372.0,13
201300014965,13,5,31,2000,1,2,1,1.0,3,13055,M,4329725.0,540854.0,13
201300014966,13,6,18,1200,1,2,1,1.0,2,13002,M,4333225.0,548461.0,13
201300014967,13,5,26,1545,1,2,2,1.0,7,13055,M,4326919.0,540285.0,13
201300014968,13,4,20,1705,1,2,1,2.0,2,13055,M,4332888.0,543137.0,13
201300014969,13,5,19,840,1,2,2,1.0,3,13055,M,4332514.0,542333.0,13
201300014970,13,5,30,845,1,2,1,1.0,3,13055,M,4330588.0,537123.0,13
201300014971,13,6,18,1645,1,2,1,1.0,6,13055,M,4330859.0,537169.0,13
201300014972,13,3,8,1940,5,2,1,1.0,6,13055,M,4328943.0,536389.0,13
201300014973,13,4,18,1405,1,2,2,1.0,3,13055,M,4328956.0,538239.0,13
201300014974,13,4,19,1545,1,2,1,1.0,2,13055,M,4329237.0,540115.0,13
201300014975,13,4,26,1000,1,2,1,1.0,6,13055,M,4330123.0,538641.0,13
201300014976,13,5,7,2000,1,2,1,1.0,6,13055,M,4329489.0,539794.0,13
201300014977,13,5,31,2030,1,2,1,1.0,6,13055,M,4331384.0,539519.0,13
201300014978,13,6,18,1930,1,2,1,1.0,1,13055,M,,,13
201300014979,13,5,13,1930,1,2,1,1.0,3,13055,M,,,13
201300014980,13,3,12,845,1,2,3,1.0,3,13055,M,4329912.0,538159.0,13
201300014981,13,5,10,1250,1,2,1,1.0,3,13055,M,4328629.0,538540.0,13
201300014982,13,5,16,1630,1,1,1,1.0,2,13055,M,,,13
201300014983,13,6,11,1600,1,2,1,1.0,6,13055,M,4329958.0,538691.0,13
201300014984,13,6,12,20,5,2,1,1.0,6,13055,M,4329786.0,537407.0,13
201300014985,13,4,13,2150,5,2,1,1.0,6,13055,M,4328893.0,542902.0,13
201300014986,13,5,21,1700,1,2,1,1.0,3,13002,M,4332789.0,548297.0,13
201300014987,13,6,12,2220,5,2,1,1.0,1,13055,M,4332659.0,543804.0,13
201300014988,13,6,20,800,1,2,9,1.0,3,13055,M,4331633.0,546906.0,13
201300014989,13,6,1,1725,1,2,1,1.0,6,13055,M,,,13
201300014990,13,3,29,1000,1,1,1,1.0,2,13055,M,4333486.0,540757.0,13
201300014991,13,4,16,1250,1,2,1,1.0,3,13055,M,4335076.0,535424.0,13
201300014992,13,4,22,1630,1,2,1,1.0,6,13055,M,4330588.0,537245.0,13
201300014993,13,4,23,1815,1,2,1,1.0,3,13055,M,4332084.0,536757.0,13
201300014994,13,4,30,1100,1,2,1,1.0,2,13055,M,,,13
201300014995,13,5,10,1730,1,2,1,1.0,7,13055,M,4331434.0,536982.0,13
201300014996,13,5,13,705,1,2,4,1.0,2,13055,M,4332000.0,537435.0,13
201300014997,13,5,27,1305,1,2,1,1.0,6,13055,M,4330466.0,536729.0,13
201300014998,13,5,27,1700,1,2,1,1.0,6,13055,M,4332914.0,538784.0,13
201300014999,13,5,28,1345,1,2,4,1.0,3,13055,M,4336293.0,531646.0,13
201300015000,13,6,9,1400,1,2,1,1.0,6,13055,M,4330485.0,537115.0,13
201300015001,13,6,11,905,1,2,1,1.0,6,13055,M,4333096.0,536637.0,13
201300015002,13,6,12,1910,1,2,1,1.0,4,13055,M,4331471.0,540379.0,13
201300015003,13,6,13,1630,1,2,1,1.0,4,13055,M,,,13
201300015004,13,6,15,2215,3,2,1,1.0,2,13055,M,4333108.0,535489.0,13
201300015005,13,6,23,2135,5,2,3,1.0,3,13055,M,4328862.0,545555.0,13
201300015006,13,6,23,300,3,2,3,1.0,7,13055,M,4327815.0,536887.0,13
201300015007,13,6,10,1150,1,2,1,1.0,2,13055,M,4333043.0,536513.0,13
201300015008,13,6,24,30,5,2,1,1.0,3,13055,M,,,13
201300015009,13,6,17,1523,1,2,1,1.0,2,13055,M,4325447.0,541261.0,13
201300015010,13,5,28,1700,1,2,1,1.0,2,13055,M,,,13
201300015011,13,6,22,1730,1,2,2,1.0,5,13055,M,4329682.0,540397.0,13
201300015012,13,5,14,2015,1,2,1,1.0,7,13055,M,4329906.0,538079.0,13
201300015013,13,6,26,1435,1,2,2,1.0,3,13055,M,4329692.0,537363.0,13
201300015014,13,6,7,1005,1,2,1,1.0,2,13055,M,4329468.0,543329.0,13
201300015015,13,6,8,1020,1,2,1,1.0,2,13055,M,,,13
201300015016,13,6,14,1330,1,2,1,1.0,6,13055,M,,,13
201300015017,13,6,25,715,1,2,2,1.0,3,13055,M,4329400.0,539578.0,13
201300015018,13,5,2,1150,1,2,1,1.0,6,13055,M,4326442.0,539192.0,13
201300015019,13,6,18,1630,1,2,1,1.0,6,13055,M,4329825.0,539053.0,13
201300015020,13,6,27,2330,5,2,3,1.0,3,13055,M,4329177.0,540896.0,13
201300015021,13,6,28,1,4,2,1,1.0,6,13055,M,4328990.0,536666.0,13
201300015022,13,7,1,1000,1,2,1,1.0,7,13055,M,4329261.0,538396.0,13
201300015023,13,7,1,400,5,2,1,1.0,6,13055,M,4326606.0,537346.0,13
201300015024,13,6,1,220,5,2,1,1.0,6,13055,M,4329511.0,538281.0,13
201300015025,13,6,13,1100,1,2,3,1.0,2,13055,M,4330176.0,540245.0,13
201300015026,13,6,14,825,1,2,1,1.0,3,13055,M,4330412.0,538750.0,13
201300015027,13,6,18,2030,1,2,1,1.0,6,13055,M,4329678.0,538709.0,13
201300015028,13,6,18,2113,5,2,1,1.0,7,13055,M,4329894.0,537853.0,13
201300015029,13,6,18,1815,1,2,2,1.0,3,13055,M,4328346.0,535021.0,13
201300015030,13,5,30,1210,1,2,4,1.0,2,13055,M,4331766.0,538914.0,13
201300015031,13,6,7,845,1,2,2,1.0,3,13055,M,4331824.0,536918.0,13
201300015032,13,3,20,1600,1,2,1,1.0,6,13055,M,4330972.0,539975.0,13
201300015033,13,6,3,1000,1,2,2,1.0,1,13055,M,4328910.0,538410.0,13
201300015034,13,6,4,1715,1,2,1,1.0,1,13055,M,4329887.0,538957.0,13
201300015035,13,6,11,1400,1,2,1,1.0,6,13055,M,4329528.0,539152.0,13
201300015036,13,6,13,1700,1,2,1,1.0,6,13055,M,4329311.0,539972.0,13
201300015037,13,6,14,1230,1,2,1,1.0,6,13055,M,4330644.0,539305.0,13
201300015038,13,6,25,830,1,2,2,1.0,3,13055,M,4328921.0,537863.0,13
201300015039,13,6,26,735,1,2,1,1.0,4,13055,M,4331140.0,540363.0,13
201300015040,13,6,16,30,5,2,1,1.0,3,13055,M,4331744.0,538991.0,13
201300015041,13,5,6,1730,1,2,1,1.0,6,13055,M,4328916.0,549922.0,13
201300015042,13,5,21,830,1,2,1,1.0,3,13055,M,4326320.0,539656.0,13
201300015043,13,6,18,1815,1,2,1,1.0,3,13055,M,4326396.0,537801.0,13
201300015044,13,3,20,1715,2,2,1,1.0,4,13055,M,4330868.0,546709.0,13
201300015045,13,4,2,1004,1,2,1,1.0,2,13055,M,,,13
201300015046,13,4,13,1745,1,2,1,1.0,3,13055,M,4326203.0,540444.0,13
201300015047,13,4,26,905,1,2,3,1.0,3,13055,M,4327716.0,538365.0,13
201300015048,13,5,15,1215,1,2,1,1.0,3,13055,M,4326397.0,542276.0,13
201300015049,13,5,15,1715,1,2,1,1.0,6,13055,M,4331291.0,541613.0,13
201300015050,13,5,22,1945,2,2,3,1.0,3,13055,M,4324946.0,542264.0,13
201300015051,13,6,3,1345,1,2,6,1.0,2,13055,M,4326277.0,540458.0,13
201300015052,13,3,21,1645,1,2,1,1.0,6,13055,M,4326659.0,539462.0,13
201300015053,13,3,20,915,1,2,1,1.0,6,13055,M,4327186.0,539034.0,13
201300015054,13,4,17,1030,1,2,1,1.0,6,13055,M,4328076.0,538521.0,13
201300015055,13,5,2,2040,1,2,2,1.0,3,13055,M,4328332.0,541282.0,13
201300015056,13,5,10,930,1,2,1,1.0,3,13055,M,4328030.0,540059.0,13
201300015057,13,7,2,1600,1,2,1,1.0,6,13055,M,4332047.0,545558.0,13
201300015058,13,5,26,1330,1,2,1,1.0,6,13055,M,,,13
201300015059,13,5,28,1040,1,2,6,1.0,3,13055,M,,,13
201300015060,13,6,4,1030,1,2,2,1.0,3,13055,M,4329580.0,539159.0,13
201300015061,13,6,25,1815,1,2,1,1.0,6,13055,M,,,13
201300015062,13,6,26,2210,5,2,1,1.0,6,13055,M,4330677.0,540027.0,13
201300015063,13,6,13,1300,1,2,1,1.0,6,13055,M,,,13
201300015064,13,6,11,1840,1,2,1,1.0,1,13055,M,4324981.0,542945.0,13
201300015065,13,6,14,900,1,2,1,1.0,3,13055,M,4325283.0,539463.0,13
201300015066,13,6,17,1530,1,2,1,1.0,6,13055,M,4324713.0,540733.0,13
201300015067,13,5,27,700,1,2,2,1.0,3,13055,M,4333113.0,540617.0,13
201300015068,13,6,26,1100,1,2,1,1.0,3,13055,M,4336205.0,530905.0,13
201300015069,13,5,22,1420,1,2,1,1.0,6,13055,M,,,13
201300015070,13,6,18,1710,1,2,1,1.0,2,13055,M,4336570.0,535684.0,13
201300015071,13,6,19,830,1,2,3,1.0,3,13055,M,4332654.0,543814.0,13
201300015072,13,6,20,1220,1,2,1,1.0,2,13055,M,4334106.0,541106.0,13
201300015073,13,6,21,1850,1,2,1,1.0,2,13055,M,,,13
201300015074,13,6,17,1620,1,2,1,1.0,1,13055,M,4334066.0,539170.0,13
201300015075,13,6,17,1210,1,2,1,1.0,6,13055,M,4335020.0,537604.0,13
201300015076,13,6,16,1755,1,2,3,1.0,3,13055,M,4334105.0,540665.0,13
201300015077,13,6,17,1015,1,2,1,1.0,3,13055,M,4335970.0,531646.0,13
201300015078,13,6,21,730,1,2,1,1.0,3,13055,M,4333260.0,543545.0,13
201300015079,13,4,5,930,1,2,3,1.0,3,13055,M,4334108.0,537728.0,13
201300015080,13,4,9,1155,1,2,1,1.0,6,13055,M,4329639.0,544827.0,13
201300015081,13,4,2,1855,1,2,1,2.0,5,13055,M,4331981.0,537824.0,13
201300015082,13,6,17,2145,5,2,2,1.0,3,13055,M,4331824.0,536918.0,13
201300015083,13,6,23,1710,1,2,2,1.0,3,13055,M,4331319.0,538626.0,13
201300015084,13,6,27,1815,1,2,1,1.0,3,13055,M,4332782.0,541375.0,13
201300015085,13,7,2,645,1,2,1,1.0,4,13055,M,,,13
201300015086,13,5,22,1000,1,2,1,1.0,6,13055,M,4329671.0,540208.0,13
201300015087,13,6,25,810,1,2,1,1.0,2,13055,M,,,13
201300015088,13,6,9,1700,1,2,2,1.0,3,13055,M,4332638.0,542143.0,13
201300015089,13,6,22,1730,1,2,1,1.0,3,13055,M,4331300.0,546385.0,13
201300015090,13,7,5,1045,1,2,1,1.0,2,13055,M,4329967.0,539772.0,13
201300015091,13,7,5,1438,1,2,1,1.0,3,13055,M,4334050.0,537858.0,13
201300015092,13,7,8,655,1,2,1,1.0,5,13055,M,4327611.0,538927.0,13
201300015093,13,7,8,1820,1,2,1,1.0,6,13055,M,4331833.0,537485.0,13
201300015094,13,6,16,1630,1,2,1,1.0,3,13055,M,4329594.0,540232.0,13
201300015095,13,6,24,1050,1,2,1,1.0,3,13055,M,4332251.0,538942.0,13
201300015096,13,6,28,1,5,2,2,1.0,3,13055,M,4329692.0,537363.0,13
201300015097,13,7,9,1600,1,2,1,1.0,4,13055,M,,,13
201300015098,13,6,4,2000,2,2,1,1.0,6,13055,M,4324770.0,541056.0,13
201300015099,13,6,17,1520,1,2,1,1.0,3,13055,M,4327230.0,538276.0,13
201300015100,13,7,1,530,2,2,1,1.0,6,13055,M,,,13
201300015101,13,6,21,1900,1,2,1,1.0,2,13055,M,,,13
201300015102,13,5,3,1630,1,2,1,1.0,7,13055,M,4332708.0,538433.0,13
201300015103,13,5,30,1830,1,2,1,1.0,3,13055,M,4330477.0,540277.0,13
201300015104,13,5,30,1200,1,2,1,1.0,3,13055,M,4332509.0,541830.0,13
201300015105,13,6,28,1430,1,2,1,1.0,3,13055,M,4333031.0,537025.0,13
201300015106,13,6,8,1100,1,2,1,1.0,6,13055,M,4328246.0,539001.0,13
201300015107,13,6,24,1530,1,2,1,1.0,7,13055,M,4325933.0,540260.0,13
201300015108,13,7,2,320,5,2,1,1.0,3,13055,M,4332752.0,543599.0,13
201300015109,13,5,31,1005,1,2,1,1.0,6,13055,M,4325456.0,537621.0,13
201300015110,13,6,21,750,1,2,1,1.0,3,13055,M,4323665.0,536253.0,13
201300015111,13,7,10,1630,1,2,1,1.0,6,13055,M,4328540.0,538466.0,13
201300015112,13,6,4,1420,1,2,1,1.0,2,13055,M,4328050.0,538227.0,13
201300015113,13,6,17,930,1,2,1,1.0,2,13055,M,4327997.0,542493.0,13
201300015114,13,6,19,1700,1,2,1,1.0,5,13055,M,4327290.0,539075.0,13
201300015115,13,6,19,1310,1,2,3,1.0,3,13055,M,4327508.0,538985.0,13
201300015116,13,6,17,1720,1,2,1,1.0,3,13075,M,4334827.0,546515.0,13
201300015117,13,6,12,1130,1,2,1,1.0,2,13055,M,4330317.0,547358.0,13
201300015118,13,6,12,1820,1,2,1,1.0,3,13055,M,4325793.0,539954.0,13
201300015119,13,6,12,1630,1,2,1,1.0,1,13055,M,4325377.0,541532.0,13
201300015120,13,6,18,800,1,2,1,1.0,6,13055,M,4327158.0,538990.0,13
201300015121,13,5,2,1145,1,2,1,1.0,7,13055,M,,,13
201300015122,13,6,24,1530,1,2,1,1.0,6,13055,M,4325232.0,540270.0,13
201300015123,13,6,15,1145,1,2,1,1.0,3,13055,M,4326060.0,540319.0,13
201300015124,13,5,29,1720,1,2,3,1.0,3,13055,M,4325378.0,539614.0,13
201300015125,13,6,14,1230,1,2,1,1.0,2,13055,M,,,13
201300015126,13,6,22,330,5,2,1,1.0,2,13055,M,4325425.0,537617.0,13
201300015127,13,6,29,1400,1,2,1,1.0,5,13055,M,4331144.0,544636.0,13
201300015128,13,3,26,1540,1,2,2,1.0,3,13055,M,4328042.0,538366.0,13
201300015129,13,6,27,545,1,2,2,1.0,5,13055,M,4330427.0,541306.0,13
201300015130,13,6,25,820,1,2,1,1.0,6,13055,M,4330248.0,544961.0,13
201300015131,13,6,18,1230,1,2,1,1.0,3,13055,M,4325635.0,541978.0,13
201300015132,13,7,13,230,5,2,1,1.0,6,13055,M,,,13
201300015133,13,7,11,115,5,2,1,1.0,6,13055,M,,,13
201300015134,13,7,14,230,5,2,1,2.0,7,13002,M,,,13
201300015135,13,7,12,330,5,2,7,1.0,3,13055,M,4327907.0,538286.0,13
201300015136,13,7,12,2220,5,2,3,1.0,3,13055,M,4328583.0,547954.0,13
201300015137,13,7,10,40,5,2,2,1.0,3,13055,M,4328346.0,541423.0,13
201300015138,13,7,6,835,1,2,1,1.0,2,13055,M,4333463.0,540763.0,13
201300015139,13,6,18,900,1,2,1,1.0,6,13002,M,,,13
201300015140,13,6,29,1730,1,2,1,1.0,3,13055,M,4329046.0,542147.0,13
201300015141,13,6,6,855,1,1,1,1.0,4,13055,M,4330786.0,542706.0,13
201300015142,13,6,18,725,1,2,1,1.0,3,13055,M,4331605.0,538436.0,13
201300015143,13,7,6,730,1,2,1,1.0,6,13055,M,,,13
201300015144,13,7,5,2035,1,2,1,1.0,7,13055,M,4337642.0,533960.0,13
201300015145,13,7,6,1430,1,2,1,1.0,2,13055,M,4331338.0,537129.0,13
201300015146,13,4,2,1400,1,2,2,1.0,6,13055,M,4328330.0,541281.0,13
201300015147,13,4,22,1030,1,2,1,1.0,2,13055,M,4327188.0,542764.0,13
201300015148,13,7,16,1150,1,2,1,1.0,6,13055,M,4329334.0,538235.0,13
201300015149,13,5,16,1645,1,2,9,2.0,3,13055,M,4328319.0,542710.0,13
201300015150,13,6,13,1345,1,2,1,1.0,2,13075,M,4334629.0,546230.0,13
201300015151,13,7,4,720,1,2,1,1.0,6,13055,M,4327963.0,541779.0,13
201300015152,13,5,20,320,5,2,1,1.0,2,13055,M,,,13
201300015153,13,6,17,745,1,2,1,1.0,2,13055,M,4330504.0,537292.0,13
201300015154,13,6,7,530,2,2,1,1.0,3,13055,M,4331654.0,539709.0,13
201300015155,13,6,13,900,1,2,1,1.0,3,13055,M,4328985.0,535932.0,13
201300015156,13,6,24,1500,1,2,1,1.0,2,13055,M,4328824.0,539246.0,13