Num_Acc,an,mois,jour,hrmn,lum,agg,int,atm,col,com,gps,lat,long,dep
201300015157,13,5,7,1300,1,1,1,1.0,3,13055,M,,,13
201300015158,13,7,10,1830,1,2,1,1.0,3,13055,M,4328557.0,539521.0,13
201300015159,13,7,17,1820,1,2,1,1.0,3,13055,M,4328310.0,539972.0,13
201300015160,13,6,15,1200,1,2,1,1.0,6,13055,M,4329766.0,538119.0,13
201300015161,13,6,22,1530,1,2,1,1.0,6,13055,M,4329621.0,540021.0,13
201300015162,13,7,4,1930,1,2,1,1.0,6,13055,M,4330012.0,537568.0,13
201300015163,13,6,29,1220,1,2,1,1.0,6,13055,M,4329201.0,535871.0,13
201300015164,13,2,26,1800,1,2,1,1.0,3,13055,M,4331577.0,536876.0,13
201300015165,13,5,2,1715,1,2,1,1.0,2,13055,M,,,13
201300015166,13,7,3,1000,1,2,1,1.0,7,13055,M,4330080.0,540078.0,13
201300015167,13,5,26,1745,1,2,2,1.0,7,13055,M,4329113.0,538081.0,13
201300015168,13,6,7,320,5,2,1,1.0,2,13055,M,4329979.0,538748.0,13
201300015169,13,7,11,1000,1,2,1,1.0,4,13055,M,4326857.0,537065.0,13
201300015170,13,7,11,1600,1,2,1,1.0,3,13055,M,4333296.0,536162.0,13
201300015171,13,7,18,2215,5,2,1,1.0,6,13055,M,4328738.0,538926.0,13
201300015172,13,4,19,430,5,2,2,1.0,3,13055,M,4331487.0,543911.0,13
201300015173,13,6,27,1545,1,2,9,1.0,1,13055,M,4331124.0,538853.0,13
201300015174,13,6,23,850,1,2,1,1.0,7,13055,M,,,13
201300015175,13,6,21,1445,1,2,1,1.0,2,13055,M,,,13
201300015176,13,7,9,1700,1,2,1,1.0,3,13055,M,4332068.0,537643.0,13
201300015177,13,7,11,1430,1,2,2,1.0,3,13055,M,4334284.0,538012.0,13
201300015178,13,7,16,1230,1,2,2,1.0,6,13055,M,4329559.0,539647.0,13
201300015179,13,7,1,1845,5,2,1,1.0,3,13055,M,4326369.0,539248.0,13
201300015180,13,5,8,1620,1,2,1,1.0,6,13055,M,4328489.0,543968.0,13
201300015181,13,5,14,800,1,2,1,1.0,4,13055,M,4328977.0,547081.0,13
201300015182,13,7,23,1900,1,2,1,1.0,3,13055,M,4328603.0,541281.0,13
201300015183,13,7,23,1900,1,2,1,1.0,6,13055,M,4334235.0,542017.0,13
201300015184,13,7,6,1800,1,2,1,1.0,4,13055,M,4327650.0,542674.0,13
201300015185,13,6,12,1650,1,2,1,1.0,3,13055,M,4325470.0,539418.0,13
201300015186,13,6,24,805,1,2,1,1.0,3,13055,M,4327270.0,540106.0,13
201300015187,13,7,14,2000,1,2,1,1.0,3,13055,M,,,13
201300015188,13,7,10,1245,1,2,3,1.0,3,13055,M,4326145.0,540378.0,13
201300015189,13,7,14,2044,1,2,1,1.0,3,13055,M,4327094.0,538890.0,13
201300015190,13,7,3,2140,5,2,2,1.0,3,13055,M,4324946.0,542264.0,13
201300015191,13,7,16,1130,1,2,1,1.0,3,13055,M,4332720.0,542374.0,13
201300015192,13,7,25,1215,1,2,1,1.0,6,13055,M,4327316.0,538535.0,13
201300015193,13,7,24,1400,1,2,3,1.0,5,13055,M,4335261.0,535771.0,13
201300015194,13,7,28,700,1,2,1,1.0,7,13055,M,4327112.0,542567.0,13
201300015195,13,6,22,2200,5,2,1,1.0,1,13055,M,,,13
201300015196,13,7,25,1400,1,2,1,1.0,2,13055,M,4336042.0,534587.0,13
201300015197,13,6,21,1430,1,2,1,1.0,6,13055,M,4331937.0,539013.0,13
201300015198,13,6,13,1940,1,2,1,1.0,6,13055,M,4329527.0,537661.0,13
201300015199,13,7,2,1045,1,2,3,1.0,2,13055,M,4329069.0,538419.0,13
201300015200,13,7,11,1100,1,2,1,1.0,4,13055,M,4333279.0,543592.0,13
201300015201,13,7,16,300,5,2,1,1.0,6,13055,M,,,13
201300015202,13,7,12,1705,1,2,1,1.0,6,13055,M,,,13
201300015203,13,7,14,650,2,2,1,1.0,6,13055,M,,,13
201300015204,13,7,17,1610,1,2,1,1.0,5,13055,M,4329230.0,538012.0,13
201300015205,13,6,4,800,1,2,2,1.0,3,13055,M,4329870.0,539878.0,13
201300015206,13,7,13,1615,1,1,1,1.0,1,13002,M,,,13
201300015207,13,7,16,1540,1,2,1,1.0,2,13055,M,,,13
201300015208,13,6,24,1800,1,2,9,1.0,2,13055,M,,,13
201300015209,13,7,19,1745,1,2,1,1.0,3,13055,M,,,13
201300015210,13,7,17,145,5,2,1,1.0,6,13055,M,4329237.0,546224.0,13
201300015211,13,7,19,404,1,1,3,1.0,3,13055,M,,,13
201300015212,13,7,5,2030,1,2,1,1.0,3,13055,M,4328933.0,543677.0,13
201300015213,13,7,4,1505,1,2,3,1.0,3,13055,M,4328070.0,539327.0,13
201300015214,13,7,16,2035,2,2,2,1.0,3,13055,M,4327823.0,538322.0,13
201300015215,13,7,19,720,1,2,2,1.0,7,13055,M,4327089.0,542490.0,13
201300015216,13,7,18,1840,1,2,3,3.0,3,13055,M,4325667.0,540023.0,13
201300015217,13,7,18,1330,1,2,1,1.0,7,13055,M,4327996.0,542488.0,13
201300015218,13,3,2,1,5,2,1,1.0,6,13055,M,4329571.0,539922.0,13
201300015219,13,5,21,1220,1,2,1,1.0,2,13055,M,,,13
201300015220,13,7,8,2040,1,2,1,1.0,1,13055,M,4330884.0,542605.0,13
201300015221,13,7,3,1050,1,1,1,2.0,6,13002,M,,,13
201300015222,13,7,24,110,5,2,1,1.0,6,13055,M,4330829.0,536963.0,13
201300015223,13,7,17,1500,1,2,1,1.0,2,13055,M,4328938.0,549673.0,13
201300015224,13,7,17,1215,1,2,2,1.0,6,13055,M,4327413.0,539072.0,13
201300015225,13,7,13,2020,5,2,1,1.0,6,13055,M,4330041.0,543715.0,13
201300015226,13,7,17,1850,5,2,1,1.0,3,13055,M,4325972.0,539853.0,13
201300015227,13,7,2,1220,1,2,1,1.0,6,13055,M,4327992.0,540010.0,13
201300015228,13,7,20,2010,1,2,1,1.0,2,13055,M,,,13
201300015229,13,7,3,1900,1,2,1,1.0,2,13055,M,4327299.0,539103.0,13
201300015230,13,7,19,907,1,2,6,1.0,2,13002,M,4333117.0,548843.0,13
201300015231,13,6,16,1800,1,2,2,1.0,3,13055,M,4331454.0,537050.0,13
201300015232,13,6,6,1615,1,2,1,1.0,3,13055,M,,,13
201300015233,13,7,3,1330,1,2,3,1.0,1,13055,M,4328545.0,538774.0,13
201300015234,13,7,25,515,2,2,1,1.0,6,13055,M,4330399.0,544098.0,13
201300015235,13,4,11,745,1,2,1,7.0,4,13055,M,4333729.0,543547.0,13
201300015236,13,6,11,1700,1,2,1,1.0,3,13055,M,4331944.0,537989.0,13
201300015237,13,6,27,1400,1,2,1,1.0,3,13055,M,4338184.0,535836.0,13
201300015238,13,6,13,1430,1,2,1,1.0,2,13055,M,,,13
201300015239,13,7,10,1745,1,2,1,1.0,3,13055,M,4332107.0,537516.0,13
201300015240,13,7,3,1810,1,2,1,1.0,6,13055,M,4329240.0,544580.0,13
201300015241,13,7,8,855,1,2,1,1.0,1,13055,M,4328329.0,549791.0,13
201300015242,13,6,28,1100,1,2,1,1.0,3,13055,M,4332847.0,542585.0,13
201300015243,13,7,3,1035,1,2,1,2.0,6,13055,M,4328957.0,535937.0,13
201300015244,13,6,24,640,1,2,2,1.0,3,13055,M,4331728.0,538983.0,13
201300015245,13,7,25,2240,5,2,1,1.0,6,13002,M,4333546.0,548239.0,13
201300015246,13,7,9,1420,2,2,1,1.0,2,13055,M,,,13
201300015247,13,7,1,1735,1,2,1,1.0,6,13055,M,4329817.0,541803.0,13
201300015248,13,7,26,1945,1,2,2,1.0,6,13055,M,4328832.0,539275.0,13
201300015249,13,7,14,1600,1,2,1,1.0,2,13055,M,4328687.0,544574.0,13
201300015250,13,7,11,1530,1,2,1,1.0,6,13055,M,4336127.0,532642.0,13
201300015251,13,7,12,1350,1,2,1,1.0,3,13055,M,4332794.0,541871.0,13
201300015252,13,7,1,1609,1,2,1,1.0,4,13055,M,4331460.0,546233.0,13
201300015253,13,5,15,2000,2,2,1,1.0,6,13055,M,4324763.0,539173.0,13
201300015254,13,7,16,1450,1,1,1,1.0,6,13055,M,,,13
201300015255,13,7,16,1320,1,2,1,1.0,3,13055,M,4331037.0,546381.0,13
201300015256,13,6,21,2000,1,2,1,1.0,3,13055,M,4327430.0,539415.0,13
201300015257,13,7,3,1750,1,2,1,1.0,2,13055,M,4325684.0,539409.0,13
201300015258,13,7,31,1845,1,2,1,1.0,6,13055,M,,,13
201300015259,13,7,8,445,3,1,1,1.0,7,13055,M,,,13
201300015260,13,7,24,1030,1,2,1,1.0,3,13055,M,4333705.0,535548.0,13
201300015261,13,7,21,1630,1,2,2,1.0,3,13055,M,4329638.0,537765.0,13
201300015262,13,7,23,125,5,2,1,1.0,7,13055,M,4327732.0,535662.0,13
201300015263,13,7,31,1520,1,2,6,1.0,3,13055,M,4337716.0,535961.0,13
201300015264,13,7,25,2045,2,2,1,1.0,7,13055,M,4328794.0,538469.0,13
201300015265,13,7,26,550,2,2,1,1.0,6,13055,M,4328627.0,540699.0,13
201300015266,13,7,27,2120,5,2,2,1.0,2,13075,M,4334746.0,546376.0,13
201300015267,13,8,5,730,1,2,1,1.0,6,13055,M,4327156.0,536276.0,13
201300015268,13,8,4,945,1,2,2,1.0,3,13055,M,4328865.0,537651.0,13
201300015269,13,5,21,1420,1,2,1,1.0,4,13055,M,4331559.0,540155.0,13
201300015270,13,7,6,1145,1,2,1,1.0,5,13055,M,4329250.0,537145.0,13
201300015271,13,7,8,1345,1,2,1,1.0,6,13055,M,4329225.0,536214.0,13
201300015272,13,7,17,1805,1,2,3,1.0,6,13055,M,4329286.0,536872.0,13
201300015273,13,7,18,1200,1,2,2,1.0,3,13055,M,4329209.0,538058.0,13
201300015274,13,7,22,1700,1,2,1,1.0,3,13055,M,4326991.0,536597.0,13
201300015275,13,7,23,1605,1,2,3,1.0,3,13055,M,4330096.0,540076.0,13
201300015276,13,7,25,1230,1,2,1,1.0,6,13055,M,4329591.0,537860.0,13
201300015277,13,7,29,1320,1,2,1,1.0,7,13055,M,4329437.0,537638.0,13
201300015278,13,7,30,1940,1,2,1,1.0,6,13055,M,4329908.0,538233.0,13
201300015279,13,7,30,1540,1,2,1,1.0,3,13055,M,4328399.0,538499.0,13
201300015280,13,6,6,40,5,2,1,1.0,7,13055,M,4328426.0,538202.0,13
201300015281,13,6,4,1220,1,2,1,1.0,1,13055,M,,,13
201300015282,13,7,25,558,2,2,1,1.0,2,13055,M,,,13
201300015283,13,7,27,1630,1,2,1,1.0,6,13055,M,4331772.0,541760.0,13
201300015284,13,5,27,1300,1,2,1,1.0,7,13055,M,4333146.0,537535.0,13
201300015285,13,7,23,1445,1,2,1,1.0,2,13055,M,4337066.0,534675.0,13
201300015286,13,7,24,900,1,2,1,1.0,6,13055,M,4326655.0,539469.0,13
201300015287,13,7,24,1015,1,2,3,1.0,3,13055,M,4324914.0,540201.0,13
201300015288,13,7,30,1810,1,2,1,1.0,6,13055,M,4326869.0,540150.0,13
201300015289,13,7,27,130,5,2,1,1.0,6,13055,M,4328928.0,540009.0,13
201300015290,13,5,31,2130,5,2,1,1.0,6,13055,M,4328622.0,547674.0,13
201300015291,13,6,13,1600,1,2,1,1.0,2,13055,M,4325931.0,540073.0,13
201300015292,13,7,2,1800,1,2,1,1.0,7,13055,M,4324628.0,539477.0,13
201300015293,13,7,23,1800,1,2,1,1.0,3,13055,M,,,13
201300015294,13,7,24,1815,1,2,1,1.0,2,13055,M,4326868.0,540151.0,13
201300015295,13,7,23,1830,1,2,6,1.0,3,13055,M,4333021.0,538845.0,13
201300015296,13,7,10,1015,1,2,1,1.0,6,13055,M,4334636.0,535922.0,13
201300015297,13,7,28,850,1,2,1,1.0,3,13055,M,4331876.0,536711.0,13
201300015298,13,8,1,935,1,2,1,1.0,6,13055,M,4325342.0,539474.0,13
201300015299,13,8,2,1140,1,2,1,1.0,6,13055,M,4328280.0,543223.0,13
201300015300,13,7,25,1830,1,2,1,1.0,6,13055,M,,,13
201300015301,13,7,26,930,1,1,1,1.0,6,13055,M,4331220.0,544760.0,13
201300015302,13,7,6,2030,1,2,1,1.0,1,13055,M,,,13
201300015303,13,6,20,1400,1,2,1,1.0,2,13055,M,,,13
201300015304,13,7,18,1000,1,2,1,1.0,3,13055,M,4329052.0,538617.0,13
201300015305,13,7,24,810,1,2,5,1.0,6,13055,M,4329278.0,540010.0,13
201300015306,13,7,29,715,1,2,1,1.0,7,13055,M,4329057.0,537994.0,13
201300015307,13,6,28,1625,1,2,8,1.0,6,13055,M,,,13
201300015308,13,7,19,1945,1,2,1,1.0,6,13055,M,4332526.0,537397.0,13
201300015309,13,7,29,1907,1,2,1,1.0,6,13055,M,4327438.0,538480.0,13
201300015310,13,7,30,1500,1,2,6,1.0,7,13075,M,,,13
201300015311,13,6,11,1830,1,2,1,1.0,2,13106,M,4339214.0,536397.0,13
201300015312,13,7,19,2315,5,2,1,1.0,6,13055,M,,,13
201300015313,13,8,9,242,5,2,2,1.0,3,13055,M,4328935.0,535760.0,13
201300015314,13,7,29,1700,1,2,1,1.0,1,13055,M,4337329.0,535412.0,13
201300015315,13,8,4,605,2,2,2,1.0,6,13055,M,4329938.0,536794.0,13
201300015316,13,8,6,1215,1,2,1,1.0,7,13055,M,4325562.0,539181.0,13
201300015317,13,4,26,830,1,2,1,1.0,2,13055,M,4331205.0,544741.0,13
201300015318,13,8,11,2120,5,2,2,1.0,3,13055,M,4328233.0,540513.0,13
201300015319,13,5,26,1150,1,2,3,1.0,3,13055,M,,,13
201300015320,13,7,1,1330,1,2,3,2.0,3,13055,M,4326524.0,540364.0,13
201300015321,13,7,2,745,1,2,1,1.0,3,13055,M,4326495.0,539555.0,13
201300015322,13,7,20,1400,1,2,1,1.0,7,13055,M,4326191.0,538766.0,13
201300015323,13,8,6,1730,1,2,1,1.0,3,13055,M,4331688.0,546072.0,13
201300015324,13,8,9,1030,1,2,1,1.0,6,13055,M,4328983.0,542653.0,13
201300015325,13,8,1,1400,1,2,1,1.0,3,13055,M,,,13
201300015326,13,7,16,1800,1,2,1,1.0,6,13055,M,,,13
201300015327,13,6,20,1400,1,2,1,1.0,3,13055,M,4333711.0,536031.0,13
201300015328,13,8,13,750,2,2,1,7.0,6,13055,M,4327110.0,542551.0,13
201300015329,13,8,6,900,1,2,1,1.0,3,13055,M,,,13
201300015330,13,8,15,1500,1,2,1,1.0,1,13055,M,,,13
201300015331,13,8,7,1635,1,2,1,1.0,6,13002,M,4335611.0,548509.0,13
201300015332,13,8,8,910,1,1,1,1.0,6,13055,M,,,13
201300015333,13,8,3,2245,5,2,9,1.0,1,13055,M,4329907.0,538529.0,13
201300015334,13,8,9,815,1,2,1,1.0,6,13055,M,4331031.0,538441.0,13
201300015335,13,8,9,1615,1,2,1,1.0,3,13055,M,4331204.0,537216.0,13
201300015336,13,6,22,130,5,2,1,1.0,6,13055,M,4324359.0,537043.0,13
201300015337,13,7,23,1855,1,2,1,1.0,6,13055,M,4324981.0,540268.0,13
201300015338,13,5,30,1550,1,2,3,1.0,3,13055,M,4331387.0,546292.0,13
201300015339,13,6,11,1610,1,2,1,1.0,3,13055,M,4324630.0,543203.0,13
201300015340,13,3,27,2305,5,2,4,1.0,3,13055,M,4329303.0,549473.0,13
201300015341,13,7,31,2000,1,2,1,1.0,6,13055,M,4333197.0,540656.0,13
201300015342,13,8,18,1410,1,2,1,1.0,6,13055,M,4334197.0,536936.0,13
201300015343,13,8,19,750,1,2,1,1.0,3,13055,M,4326847.0,541927.0,13
201300015344,13,5,13,1840,1,2,1,1.0,4,13055,M,4324700.0,539350.0,13
201300015345,13,4,15,845,1,2,1,1.0,3,13055,M,,,13
201300015346,13,6,26,730,1,2,1,1.0,5,13055,M,,,13
201300015347,13,8,7,1110,1,2,1,1.0,6,13055,M,4328019.0,541960.0,13
201300015348,13,8,2,1700,1,2,1,1.0,6,13055,M,,,13
201300015349,13,8,13,2115,5,2,2,1.0,3,13055,M,4330577.0,540155.0,13
201300015350,13,7,19,930,1,2,1,1.0,6,13055,M,4330480.0,539048.0,13
201300015351,13,7,24,1730,1,2,1,1.0,6,13055,M,4330439.0,540095.0,13
201300015352,13,7,2,1815,1,2,1,1.0,3,13055,M,4334843.0,535894.0,13
201300015353,13,8,3,1830,1,2,1,1.0,6,13055,M,,,13
201300015354,13,8,23,1300,1,2,1,1.0,3,13055,M,4331617.0,538431.0,13
201300015355,13,8,25,1745,1,2,1,1.0,2,13055,M,4328687.0,544574.0,13
201300015356,13,8,12,1420,1,2,4,1.0,3,13055,M,4324447.0,537207.0,13
201300015357,13,8,5,1200,1,2,1,1.0,2,13055,M,,,13
201300015358,13,8,9,1215,1,1,1,1.0,3,13055,M,4332093.0,537474.0,13
201300015359,13,8,9,1510,1,2,1,1.0,1,13055,M,4331382.0,537635.0,13
201300015360,13,7,27,1350,1,2,2,1.0,3,13055,M,4329292.0,539291.0,13
201300015361,13,8,15,1245,1,2,3,1.0,2,13055,M,4330273.0,539824.0,13
201300015362,13,8,13,805,1,2,1,1.0,4,13055,M,4330192.0,537350.0,13
201300015363,13,7,26,500,3,2,2,1.0,3,13055,M,4333696.0,541015.0,13
201300015364,13,7,30,1750,1,2,1,1.0,3,13055,M,4333691.0,536739.0,13
201300015365,13,7,30,1740,1,2,1,1.0,3,13055,M,4335083.0,534087.0,13
201300015366,13,8,1,930,1,2,1,1.0,2,13055,M,,,13
201300015367,13,4,11,2000,5,2,6,1.0,6,13055,M,,,13
201300015368,13,8,14,2200,5,2,4,1.0,3,13055,M,4335589.0,534631.0,13
201300015369,13,5,19,2120,5,2,3,1.0,6,13055,M,4330529.0,541692.0,13
201300015370,13,6,5,900,1,2,1,1.0,6,13055,M,4330395.0,541734.0,13
201300015371,13,6,5,2200,5,2,1,1.0,5,13055,M,4328615.0,544341.0,13
201300015372,13,6,22,2150,5,2,2,1.0,3,13075,M,4334747.0,546375.0,13
201300015373,13,7,30,940,1,2,6,1.0,6,13055,M,4329472.0,543330.0,13
201300015374,13,8,1,910,1,2,6,1.0,6,13055,M,4326772.0,538925.0,13
201300015375,13,8,4,1445,2,2,1,2.0,2,13055,M,,,13
201300015376,13,8,6,1100,1,2,1,1.0,6,13055,M,4330459.0,541849.0,13
201300015377,13,8,11,1820,1,2,1,1.0,4,13055,M,4328902.0,544144.0,13
201300015378,13,8,13,810,1,2,1,1.0,6,13055,M,4330587.0,541880.0,13
201300015379,13,8,27,930,1,2,9,1.0,3,13106,M,,,13
201300015380,13,6,7,1505,1,2,1,1.0,5,13055,M,4324523.0,537577.0,13
201300015381,13,7,27,1930,1,2,1,1.0,3,13055,M,4324736.0,537406.0,13
201300015382,13,7,6,1800,1,2,1,1.0,3,13055,M,,,13
201300015383,13,7,30,830,1,2,1,1.0,3,13055,M,4326497.0,539554.0,13
201300015384,13,8,12,1725,1,2,1,1.0,4,13055,M,4325791.0,541803.0,13
201300015385,13,7,26,2300,5,2,1,1.0,7,13055,M,4328929.0,540009.0,13
201300015386,13,7,28,115,5,2,1,1.0,3,13055,M,4326714.0,540210.0,13
201300015387,13,6,1,1100,1,2,1,1.0,3,13055,M,4327313.0,539090.0,13
201300015388,13,8,10,1935,1,2,6,1.0,2,13055,M,4328582.0,542526.0,13
201300015389,13,7,10,1845,1,2,1,1.0,2,13055,M,4328625.0,547404.0,13
201300015390,13,8,20,1715,1,2,1,1.0,7,13055,M,4332049.0,544501.0,13
201300015391,13,8,15,2245,5,2,1,1.0,6,13055,M,,,13
201300015392,13,8,7,1140,1,2,1,1.0,6,13055,M,,,13
201300015393,13,8,11,215,5,2,1,1.0,6,13055,M,4329382.0,538218.0,13
201300015394,13,5,13,2130,5,2,1,1.0,2,13055,M,4331344.0,543158.0,13
201300015395,13,7,17,1135,1,2,1,1.0,3,13055,M,4329745.0,549639.0,13
201300015396,13,4,12,800,1,2,1,1.0,6,13055,M,4328967.0,538700.0,13
201300015397,13,6,10,730,1,2,2,1.0,3,13055,M,4334116.0,540735.0,13
201300015398,13,7,29,710,1,2,1,1.0,2,13055,M,4331262.0,538524.0,13
201300015399,13,8,14,1130,1,2,1,1.0,3,13055,M,4333031.0,537026.0,13
201300015400,13,8,21,1930,1,2,1,1.0,3,13055,M,4330868.0,540040.0,13
201300015401,13,8,23,2200,5,2,1,1.0,6,13055,M,4329838.0,538324.0,13
201300015402,13,8,22,900,1,2,1,1.0,6,13055,M,4335225.0,536042.0,13
201300015403,13,6,28,1930,1,2,1,1.0,3,13055,M,4335759.0,535749.0,13
201300015404,13,7,26,1915,1,2,1,1.0,6,13055,M,4336169.0,531505.0,13
201300015405,13,7,9,1330,1,2,1,1.0,1,13055,M,4330811.0,538314.0,13
201300015406,13,8,30,1420,1,2,1,1.0,3,13055,M,4329015.0,538356.0,13
201300015407,13,8,31,530,2,2,1,1.0,2,13055,M,4335945.0,541450.0,13
201300015408,13,8,30,2045,5,2,1,1.0,7,13055,M,4332645.0,545127.0,13
201300015409,13,8,30,2055,5,2,1,1.0,6,13055,M,,,13
201300015410,13,6,10,1730,1,2,1,1.0,2,13055,M,4330098.0,538268.0,13
201300015411,13,7,31,805,1,2,2,1.0,3,13055,M,4329769.0,539057.0,13
201300015412,13,8,1,920,1,2,1,1.0,6,13055,M,4329993.0,538071.0,13
201300015413,13,8,3,330,5,2,1,1.0,7,13055,M,4327266.0,536286.0,13
201300015414,13,8,6,2005,1,2,1,1.0,6,13055,M,4329357.0,537941.0,13
201300015415,13,8,12,600,5,2,1,1.0,6,13055,M,,,13
201300015416,13,8,18,145,5,2,3,1.0,3,13055,M,4329042.0,537577.0,13
201300015417,13,8,22,1915,1,2,1,1.0,4,13055,M,4330268.0,539751.0,13
201300015418,13,8,23,1530,1,2,1,1.0,7,13055,M,4330345.0,540504.0,13
201300015419,13,8,23,1630,1,2,2,1.0,2,13055,M,4328396.0,538726.0,13
201300015420,13,8,22,1745,1,2,1,1.0,3,13055,M,4328085.0,535216.0,13
201300015421,13,9,3,1952,1,2,1,1.0,6,13055,M,4328384.0,538752.0,13
201300015422,13,6,10,1000,1,2,1,1.0,6,13055,M,4326327.0,541108.0,13
201300015423,13,8,18,1550,1,2,1,1.0,3,13055,M,4328760.0,546495.0,13
201300015424,13,8,18,1830,1,2,1,1.0,3,13055,M,4327593.0,539669.0,13
201300015425,13,8,25,1900,1,2,1,1.0,6,13055,M,,,13
201300015426,13,8,13,2145,5,2,2,1.0,3,13055,M,4329577.0,538554.0,13
201300015427,13,3,10,1130,1,2,1,1.0,2,13055,M,4327897.0,536808.0,13
201300015428,13,7,27,1925,1,2,1,1.0,2,13055,M,4328988.0,535563.0,13
201300015429,13,7,28,945,1,2,1,1.0,1,13055,M,4328431.0,535831.0,13
201300015430,13,7,30,1500,1,2,1,1.0,2,13055,M,4329814.0,540093.0,13
201300015431,13,8,26,1405,1,2,1,1.0,4,13055,M,4329171.0,546042.0,13
201300015432,13,7,3,945,1,2,1,2.0,3,13055,M,4333792.0,542077.0,13
201300015433,13,7,21,10,5,2,6,1.0,3,13055,M,4334891.0,537543.0,13
201300015434,13,8,21,1850,1,2,3,1.0,3,13055,M,4332609.0,536663.0,13
201300015435,13,9,4,1845,1,2,3,1.0,1,13002,M,4332934.0,549030.0,13
201300015436,13,9,4,2015,5,2,1,1.0,6,13055,M,4331083.0,537846.0,13
201300015437,13,7,10,850,1,2,3,1.0,3,13055,M,4324551.0,541223.0,13
201300015438,13,7,15,1800,1,2,1,1.0,6,13055,M,4328056.0,542083.0,13
201300015439,13,9,5,1915,1,2,1,1.0,3,13055,M,4332840.0,542571.0,13
201300015440,13,7,23,1940,5,2,1,1.0,3,13055,M,4327805.0,542113.0,13
201300015441,13,8,24,1500,1,2,6,1.0,3,13055,M,4328282.0,539238.0,13
201300015442,13,8,27,2205,5,2,1,1.0,3,13055,M,4328074.0,540731.0,13
201300015443,13,6,19,1400,1,2,1,1.0,6,13055,M,4337164.0,534832.0,13
201300015444,13,7,2,1958,1,2,1,1.0,6,13055,M,4330273.0,537518.0,13
201300015445,13,7,22,1115,1,2,1,1.0,3,13055,M,4333123.0,543238.0,13
201300015446,13,8,15,115,5,2,1,1.0,3,13055,M,4332259.0,541259.0,13
201300015447,13,8,18,2130,5,2,1,1.0,3,13055,M,,,13
201300015448,13,7,5,1015,1,2,1,1.0,6,13055,M,4327910.0,539193.0,13
201300015449,13,8,2,1700,1,2,1,1.0,3,13055,M,4327751.0,539879.0,13
201300015450,13,8,7,1900,1,2,1,1.0,2,13055,M,4324905.0,539685.0,13
201300015451,13,8,9,2315,5,2,2,1.0,3,13055,M,4326668.0,540288.0,13
201300015452,13,8,14,1545,1,2,1,1.0,5,13055,M,4325947.0,540137.0,13
201300015453,13,8,16,1200,1,2,1,1.0,3,13055,M,4325437.0,540764.0,13
201300015454,13,8,19,2245,5,2,1,1.0,3,13055,M,4328146.0,539186.0,13
201300015455,13,8,25,1940,3,1,1,1.0,3,13055,M,,,13
201300015456,13,9,4,2240,5,2,1,1.0,6,13055,M,4326191.0,538766.0,13
201300015457,13,8,2,2030,5,2,1,1.0,6,13055,M,4327049.0,538819.0,13
201300015458,13,8,18,100,5,2,3,1.0,3,13055,M,4331786.0,543882.0,13
201300015459,13,8,18,330,5,2,1,1.0,7,13055,M,4329353.0,549390.0,13
201300015460,13,8,22,2345,3,1,1,1.0,7,13055,M,,,13
201300015461,13,9,7,755,1,2,1,1.0,6,13075,M,4335203.0,546782.0,13
201300015462,13,9,3,1720,1,2,1,1.0,6,13055,M,4330404.0,538712.0,13
201300015463,13,8,7,1900,1,2,1,1.0,2,13055,M,4328862.0,545540.0,13
201300015464,13,8,20,1940,1,2,1,1.0,6,13055,M,4330950.0,544097.0,13
201300015465,13,8,21,1715,1,2,1,1.0,7,13002,M,4333142.0,548618.0,13
201300015466,13,7,3,1530,1,2,1,1.0,6,13055,M,4329693.0,536782.0,13
201300015467,13,7,17,730,1,2,1,1.0,6,13055,M,4333666.0,539708.0,13
201300015468,13,8,17,1200,1,1,1,1.0,6,13055,M,,,13
201300015469,13,8,18,1330,1,2,1,1.0,6,13055,M,,,13
201300015470,13,8,29,1200,1,2,2,1.0,5,13055,M,4332494.0,542316.0,13
201300015471,13,8,31,1740,1,2,1,1.0,2,13055,M,,,13
201300015472,13,7,15,1745,1,2,1,1.0,2,13055,M,4333087.0,538891.0,13
201300015473,13,8,15,1815,1,2,1,1.0,1,13055,M,4331857.0,540460.0,13
201300015474,13,9,3,800,1,2,1,1.0,6,13055,M,4329308.0,547377.0,13
201300015475,13,8,31,730,2,2,3,1.0,6,13055,M,4332779.0,535992.0,13