Num_Acc,an,mois,jour,hrmn,lum,agg,int,atm,col,com,gps,lat,long,dep
201300015476,13,8,28,1405,1,2,1,1.0,3,13075,M,4334280.0,545755.0,13
201300015477,13,8,22,1430,1,2,3,1.0,6,13055,M,4333070.0,540479.0,13
201300015478,13,7,22,2130,2,2,1,1.0,6,13055,M,4328074.0,540730.0,13
201300015479,13,9,10,1745,1,2,1,1.0,3,13055,M,4328903.0,543424.0,13
201300015480,13,9,12,1510,1,2,1,1.0,6,13055,M,4329954.0,540074.0,13
201300015481,13,9,6,1930,1,2,1,1.0,6,13055,M,4329606.0,537401.0,13
201300015482,13,8,10,2115,5,2,1,1.0,6,13055,M,4329537.0,537971.0,13
201300015483,13,9,7,2015,5,2,1,1.0,3,13055,M,4331001.0,540072.0,13
201300015484,13,7,20,1335,1,2,1,1.0,2,13055,M,,,13
201300015485,13,6,10,2230,5,2,3,1.0,3,13055,M,4331454.0,537053.0,13
201300015486,13,9,4,1220,1,2,1,1.0,3,13055,M,,,13
201300015487,13,9,5,810,1,1,1,1.0,6,13055,M,4333044.0,541235.0,13
201300015488,13,9,3,720,2,2,3,7.0,6,13055,M,4335184.0,543447.0,13
201300015489,13,9,4,1020,1,2,1,1.0,2,13055,M,,,13
201300015490,13,9,2,1300,1,2,2,1.0,3,13055,M,4334825.0,536236.0,13
201300015491,13,8,8,1415,1,2,1,1.0,2,13055,M,4328080.0,535224.0,13
201300015492,13,9,4,1320,1,2,1,1.0,2,13055,M,4328959.0,536486.0,13
201300015493,13,8,7,1215,1,2,1,1.0,2,13055,M,4336567.0,535681.0,13
201300015494,13,8,31,2230,5,2,3,1.0,3,13055,M,4330319.0,540312.0,13
201300015495,13,8,28,1250,1,2,1,1.0,6,13055,M,4328193.0,538598.0,13
201300015496,13,9,3,1700,1,2,1,1.0,6,13055,M,4327556.0,541679.0,13
201300015497,13,5,14,1310,1,2,1,1.0,6,13055,M,4324769.0,537447.0,13
201300015498,13,9,6,1500,1,2,1,1.0,7,13055,M,4325113.0,539024.0,13
201300015499,13,9,13,1,5,2,6,1.0,7,13055,M,4324484.0,542746.0,13
201300015500,13,8,19,1945,2,2,1,1.0,6,13055,M,4329732.0,549558.0,13
201300015501,13,9,3,1800,1,2,1,1.0,6,13055,M,4330770.0,542552.0,13
201300015502,13,7,4,820,1,2,3,1.0,3,13055,M,4327625.0,540472.0,13
201300015503,13,9,4,800,1,2,1,1.0,6,13055,M,4332911.0,542740.0,13
201300015504,13,9,3,1453,1,2,1,1.0,2,13055,M,4331580.0,538516.0,13
201300015505,13,9,5,755,1,2,1,7.0,6,13055,M,4336264.0,532064.0,13
201300015506,13,9,3,1150,1,2,1,1.0,6,13055,M,,,13
201300015507,13,9,4,1910,1,2,1,1.0,2,13055,M,,,13
201300015508,13,9,3,1630,1,2,1,1.0,6,13055,M,,,13
201300015509,13,8,11,1830,1,2,1,1.0,6,13055,M,,,13
201300015510,13,9,16,1552,1,2,2,1.0,6,13055,M,4329241.0,537495.0,13
201300015511,13,9,10,2105,5,2,1,1.0,6,13055,M,4329909.0,538203.0,13
201300015512,13,9,5,620,1,2,1,1.0,3,13055,M,,,13
201300015513,13,9,11,1205,1,2,1,1.0,3,13055,M,4327914.0,541203.0,13
201300015514,13,9,6,715,1,1,1,1.0,3,13055,M,4324889.0,544212.0,13
201300015515,13,9,11,645,2,2,3,1.0,3,13055,M,4328467.0,548566.0,13
201300015516,13,9,2,1145,1,2,1,1.0,6,13055,M,4333546.0,545113.0,13
201300015517,13,9,10,1655,1,2,1,1.0,4,13055,M,4331510.0,540294.0,13
201300015518,13,9,11,745,1,2,1,1.0,2,13055,M,4337739.0,535654.0,13
201300015519,13,9,11,1515,1,2,1,1.0,6,13055,M,4331863.0,538246.0,13
201300015520,13,8,31,1030,1,2,1,1.0,7,13055,M,4326580.0,541155.0,13
201300015521,13,7,16,1210,1,1,1,1.0,2,13002,M,4335264.0,548205.0,13
201300015522,13,9,10,830,1,2,1,1.0,2,13002,M,,,13
201300015523,13,8,21,1530,1,2,3,1.0,5,13055,M,4330109.0,536413.0,13
201300015524,13,8,30,930,1,2,2,1.0,3,13055,M,4333999.0,534846.0,13
201300015525,13,9,3,1030,1,2,3,1.0,3,13055,M,4332839.0,536228.0,13
201300015526,13,9,13,910,1,2,1,1.0,6,13055,M,,,13
201300015527,13,9,3,1015,1,2,1,1.0,6,13055,M,4333935.0,536253.0,13
201300015528,13,6,19,1225,1,2,1,1.0,6,13055,M,4327691.0,541927.0,13
201300015529,13,8,31,1630,1,2,1,1.0,3,13055,M,4337741.0,535653.0,13
201300015530,13,9,20,115,5,2,1,1.0,1,13055,M,4325565.0,538228.0,13
201300015531,13,9,21,2020,5,2,1,1.0,3,13055,M,4335846.0,535760.0,13
201300015532,13,9,21,1900,5,2,1,1.0,2,13055,M,4326866.0,540415.0,13
201300015533,13,9,25,1330,1,2,1,1.0,6,13055,M,4333942.0,535572.0,13
201300015534,13,6,20,1645,1,2,1,1.0,6,13055,M,4328728.0,538892.0,13
201300015535,13,9,4,1230,1,2,1,1.0,6,13055,M,4328793.0,539136.0,13
201300015536,13,9,10,1600,1,2,1,1.0,6,13055,M,4327530.0,536000.0,13
201300015537,13,9,12,755,1,2,1,1.0,2,13055,M,,,13
201300015538,13,9,12,1130,1,2,3,1.0,3,13055,M,4329635.0,538688.0,13
201300015539,13,9,18,1920,1,2,1,1.0,6,13055,M,4329969.0,537806.0,13
201300015540,13,6,12,1630,1,2,1,1.0,2,13055,M,4327957.0,541726.0,13
201300015541,13,9,12,2130,5,2,1,1.0,3,13055,M,4330805.0,543456.0,13
201300015542,13,9,13,115,5,2,1,1.0,3,13106,M,,,13
201300015543,13,9,19,1950,3,2,1,1.0,6,13055,M,4337379.0,535660.0,13
201300015544,13,2,6,1915,1,2,1,1.0,6,13055,M,4332471.0,536714.0,13
201300015545,13,9,7,1415,1,2,1,1.0,6,13055,M,,,13
201300015546,13,9,14,1225,1,2,1,1.0,2,13055,M,,,13
201300015547,13,9,5,1745,1,2,1,1.0,2,13055,M,,,13
201300015548,13,9,10,1230,1,2,1,1.0,2,13055,M,,,13
201300015549,13,9,3,1200,1,2,1,1.0,6,13055,M,4329227.0,537432.0,13
201300015550,13,9,12,830,1,2,1,1.0,2,13055,M,4335784.0,532139.0,13
201300015551,13,8,31,2355,5,2,1,1.0,2,13055,M,4325155.0,537571.0,13
201300015552,13,9,3,1230,1,2,1,1.0,2,13055,M,4327210.0,538793.0,13
201300015553,13,9,5,730,1,2,1,1.0,3,13055,M,4327221.0,539087.0,13
201300015554,13,9,12,1300,1,2,1,1.0,2,13055,M,4324337.0,537983.0,13
201300015555,13,9,12,1915,1,2,1,1.0,3,13055,M,4328866.0,545690.0,13
201300015556,13,9,18,1745,1,2,1,1.0,6,13055,M,4324972.0,538986.0,13
201300015557,13,5,21,1700,1,2,1,1.0,6,13055,M,4325512.0,540113.0,13
201300015558,13,6,24,1315,1,2,1,1.0,4,13055,M,4326247.0,539319.0,13
201300015559,13,8,2,700,1,2,1,1.0,5,13055,M,,,13
201300015560,13,8,23,1430,1,2,3,1.0,3,13055,M,4331788.0,544552.0,13
201300015561,13,9,15,1400,1,2,2,1.0,3,13055,M,4327459.0,538682.0,13
201300015562,13,9,11,1630,1,2,2,1.0,3,13055,M,4325876.0,539902.0,13
201300015563,13,9,15,1715,1,2,1,1.0,6,13055,M,4328510.0,546021.0,13
201300015564,13,9,18,1330,1,2,1,1.0,6,13055,M,4329540.0,543332.0,13
201300015565,13,9,6,1530,1,2,1,1.0,6,13055,M,4327792.0,538824.0,13
201300015566,13,8,29,1020,1,2,1,1.0,6,13055,M,4335317.0,543806.0,13
201300015567,13,7,5,1015,1,2,2,1.0,6,13055,M,4331824.0,536918.0,13
201300015568,13,7,8,2030,1,2,1,1.0,6,13055,M,4330844.0,538100.0,13
201300015569,13,8,24,25,5,2,1,1.0,2,13055,M,,,13
201300015570,13,9,25,1730,1,1,1,1.0,5,13055,M,,,13
201300015571,13,8,16,1900,1,2,1,1.0,2,13055,M,4332991.0,541357.0,13
201300015572,13,9,13,1315,1,2,2,1.0,7,13055,M,4332517.0,542326.0,13
201300015573,13,1,15,1645,1,2,1,1.0,1,13055,M,4335494.0,537060.0,13
201300015574,13,9,6,1215,1,2,1,1.0,6,13055,M,,,13
201300015575,13,9,9,1545,1,2,1,1.0,3,13055,M,4336613.0,535499.0,13
201300015576,13,9,13,1400,1,2,1,1.0,1,13055,M,4335955.0,531701.0,13
201300015577,13,9,4,815,1,2,1,1.0,7,13055,M,4331184.0,537896.0,13
201300015578,13,9,13,915,1,2,2,1.0,3,13055,M,4330791.0,537960.0,13
201300015579,13,9,13,1450,1,1,1,1.0,7,13002,M,4335787.0,549120.0,13
201300015580,13,9,15,915,1,2,2,2.0,3,13055,M,4331824.0,536918.0,13
201300015581,13,9,29,1925,1,2,1,1.0,6,13055,M,4328658.0,541554.0,13
201300015582,13,9,27,1549,1,2,1,1.0,6,13055,M,4333108.0,538503.0,13
201300015583,13,9,19,1000,1,1,1,1.0,3,13055,M,,,13
201300015584,13,9,22,1700,1,2,1,1.0,6,13055,M,4330390.0,537356.0,13
201300015585,13,9,27,1540,1,2,1,1.0,1,13055,M,4330669.0,539969.0,13
201300015586,13,9,27,1920,1,2,1,1.0,6,13055,M,4328265.0,538597.0,13
201300015587,13,8,13,1750,1,2,1,1.0,6,13055,M,4328586.0,547937.0,13
201300015588,13,6,7,1230,1,2,1,1.0,3,13055,M,4328617.0,544346.0,13
201300015589,13,7,20,2230,5,1,2,1.0,3,13055,M,4334114.0,537694.0,13
201300015590,13,9,12,1900,1,2,1,1.0,3,13055,M,4330538.0,551165.0,13
201300015591,13,7,6,930,1,2,1,1.0,6,13055,M,4334610.0,544843.0,13
201300015592,13,7,16,1030,1,2,1,1.0,3,13055,M,4332057.0,537329.0,13
201300015593,13,9,20,1715,1,2,1,1.0,3,13055,M,4332209.0,541773.0,13
201300015594,13,9,10,1700,1,2,3,1.0,6,13055,M,4334252.0,535968.0,13
201300015595,13,9,30,2100,5,2,1,1.0,6,13055,M,4327530.0,536001.0,13
201300015596,13,9,25,1600,1,2,1,1.0,6,13055,M,,,13
201300015597,13,9,30,1405,1,2,1,1.0,6,13055,M,4328987.0,539847.0,13
201300015598,13,10,2,700,1,2,1,1.0,5,13055,M,4326819.0,539372.0,13
201300015599,13,4,1,1720,1,2,4,3.0,3,13055,M,4334001.0,538801.0,13
201300015600,13,9,30,1755,1,2,1,1.0,6,13055,M,4331917.0,538967.0,13
201300015601,13,9,30,1120,1,2,1,1.0,6,13055,M,4326693.0,538963.0,13
201300015602,13,9,10,815,1,2,1,1.0,2,13055,M,,,13
201300015603,13,9,13,845,1,2,1,1.0,6,13055,M,4331274.0,538546.0,13
201300015604,13,9,22,2030,2,2,1,1.0,2,13055,M,,,13
201300015605,13,9,13,1525,1,2,1,1.0,6,13055,M,,,13
201300015606,13,9,27,830,1,2,1,1.0,1,13055,M,4332822.0,540676.0,13
201300015607,13,10,1,1800,2,2,1,1.0,6,13055,M,4332953.0,536724.0,13
201300015608,13,9,28,1515,1,2,1,1.0,6,13055,M,4329645.0,538049.0,13
201300015609,13,10,3,1200,1,2,1,1.0,1,13055,M,4334549.0,535463.0,13
201300015610,13,10,7,825,1,2,1,1.0,6,13075,M,4334358.0,546654.0,13
201300015611,13,7,22,1835,1,2,2,1.0,3,13055,M,4329009.0,537252.0,13
201300015612,13,9,18,1015,1,2,1,1.0,3,13055,M,4329176.0,538303.0,13
201300015613,13,9,17,1620,1,2,1,1.0,6,13055,M,4330732.0,538215.0,13
201300015614,13,9,24,1445,1,2,1,1.0,6,13055,M,4335547.0,535731.0,13
201300015615,13,9,25,1515,1,2,1,1.0,2,13055,M,4330497.0,540093.0,13
201300015616,13,9,19,855,1,2,3,1.0,2,13055,M,4329573.0,542273.0,13
201300015617,13,9,19,1250,1,1,1,1.0,7,13055,M,4329177.0,547076.0,13
201300015618,13,9,21,2215,5,2,6,1.0,2,13055,M,4325423.0,538194.0,13
201300015619,13,9,23,2110,5,2,1,1.0,3,13055,M,4328263.0,538972.0,13
201300015620,13,9,6,815,1,2,1,1.0,6,13055,M,4329129.0,535909.0,13
201300015621,13,9,24,830,1,2,2,1.0,3,13055,M,4329751.0,540081.0,13
201300015622,13,9,8,1445,1,2,1,1.0,3,13055,M,4328999.0,537319.0,13
201300015623,13,9,29,1330,1,1,1,2.0,6,13055,M,4333571.0,545506.0,13
201300015624,13,9,18,1110,1,2,3,1.0,2,13055,M,4325069.0,541538.0,13
201300015625,13,9,23,1800,1,2,1,7.0,6,13055,M,4328657.0,540958.0,13
201300015626,13,9,26,935,1,2,3,1.0,3,13055,M,4327936.0,539929.0,13
201300015627,13,9,6,1200,1,2,3,1.0,7,13055,M,4333366.0,542021.0,13
201300015628,13,10,7,2143,5,2,1,1.0,6,13055,M,4327332.0,539268.0,13
201300015629,13,9,10,2030,5,2,2,1.0,3,13055,M,4330536.0,536936.0,13
201300015630,13,9,17,850,1,2,1,1.0,6,13055,M,4334425.0,534709.0,13
201300015631,13,9,9,1120,1,2,1,1.0,6,13055,M,4327473.0,542652.0,13
201300015632,13,9,14,100,5,2,1,1.0,7,13055,M,4329368.0,548335.0,13
201300015633,13,9,16,2020,5,2,3,1.0,1,13055,M,4327060.0,540745.0,13
201300015634,13,9,18,945,1,2,1,1.0,6,13055,M,4328114.0,543868.0,13
201300015635,13,9,21,1655,1,2,1,1.0,3,13055,M,4329048.0,542154.0,13
201300015636,13,7,30,930,1,2,2,1.0,7,13055,M,4332354.0,538915.0,13
201300015637,13,9,26,1525,1,2,2,1.0,3,13055,M,4332561.0,541948.0,13
201300015638,13,9,29,1730,1,2,1,1.0,6,13055,M,4334019.0,536261.0,13
201300015639,13,7,4,1230,1,2,1,1.0,3,13055,M,4332678.0,538415.0,13
201300015640,13,10,7,1445,1,2,1,1.0,3,13055,M,4322767.0,540277.0,13
201300015641,13,7,23,1130,1,2,1,1.0,2,13055,M,4328138.0,536903.0,13
201300015642,13,7,29,1130,1,2,1,1.0,3,13055,M,,,13
201300015643,13,9,17,1730,1,2,1,1.0,2,13055,M,4331299.0,546384.0,13
201300015644,13,9,18,1,5,2,1,1.0,3,13055,M,4332863.0,543311.0,13
201300015645,13,9,19,1815,1,2,1,1.0,1,13055,M,4329741.0,549630.0,13
201300015646,13,9,22,1600,1,2,1,1.0,1,13055,M,4331366.0,538659.0,13
201300015647,13,9,21,900,1,2,1,1.0,3,13075,M,4334469.0,546037.0,13
201300015648,13,9,26,1110,1,2,3,1.0,3,13055,M,4333799.0,542157.0,13
201300015649,13,9,29,330,5,2,3,1.0,2,13055,M,4331323.0,536629.0,13
201300015650,13,10,8,1330,1,2,2,1.0,6,13055,M,4328570.0,539618.0,13
201300015651,13,9,19,1425,1,2,1,1.0,1,13055,M,4328728.0,541221.0,13
201300015652,13,9,26,2100,5,2,1,1.0,3,13055,M,4326095.0,539782.0,13
201300015653,13,9,30,1200,1,2,1,1.0,6,13055,M,,,13
201300015654,13,10,9,715,1,2,1,1.0,6,13055,M,4335455.0,533377.0,13
201300015655,13,9,23,1304,1,2,1,1.0,2,13055,M,4333364.0,542021.0,13
201300015656,13,9,4,1800,1,2,1,1.0,6,13055,M,4327984.0,540997.0,13
201300015657,13,9,15,1815,1,2,4,1.0,3,13055,M,4330771.0,542535.0,13
201300015658,13,9,27,1400,1,2,1,1.0,6,13055,M,4329960.0,550134.0,13
201300015659,13,9,10,1100,1,2,1,1.0,6,13055,M,,,13
201300015660,13,9,23,1205,1,2,1,1.0,6,13055,M,,,13
201300015661,13,9,20,1515,1,2,1,1.0,7,13055,M,,,13
201300015662,13,9,21,1200,1,2,1,1.0,1,13055,M,4331220.0,538889.0,13
201300015663,13,9,5,930,1,2,2,1.0,6,13055,M,4330649.0,537349.0,13
201300015664,13,10,1,840,1,2,2,1.0,3,13055,M,4326969.0,538695.0,13
201300015665,13,10,3,1545,1,2,1,1.0,6,13055,M,4323393.0,536392.0,13
201300015666,13,10,4,1100,1,2,2,1.0,3,13055,M,4327016.0,538767.0,13
201300015667,13,10,5,1735,2,2,3,1.0,3,13055,M,4326209.0,540431.0,13
201300015668,13,5,2,845,1,2,1,1.0,6,13055,M,4326318.0,539657.0,13
201300015669,13,9,7,1345,1,2,1,1.0,6,13055,M,4325147.0,537771.0,13
201300015670,13,9,8,2030,5,2,2,1.0,2,13055,M,4328690.0,541243.0,13
201300015671,13,9,10,1130,1,2,3,1.0,3,13055,M,4327988.0,538714.0,13
201300015672,13,9,25,1430,1,2,3,1.0,3,13055,M,4324902.0,537514.0,13
201300015673,13,9,30,2020,5,2,1,1.0,4,13055,M,,,13
201300015674,13,9,23,1715,1,2,1,1.0,3,13055,M,4329504.0,542710.0,13
201300015675,13,9,20,850,1,2,1,1.0,3,13055,M,4329802.0,549808.0,13
201300015676,13,10,10,2205,5,2,1,1.0,7,13002,M,4333224.0,548462.0,13
201300015677,13,9,24,2340,5,2,6,1.0,3,13055,M,4337008.0,534622.0,13
201300015678,13,9,27,2115,5,2,3,1.0,7,13055,M,4331077.0,538369.0,13
201300015679,13,10,6,1940,4,2,1,2.0,6,13055,M,4331540.0,538921.0,13
201300015680,13,9,16,1630,1,2,2,1.0,3,13055,M,4328416.0,538554.0,13
201300015681,13,9,16,1715,1,2,1,1.0,3,13055,M,4328891.0,536088.0,13
201300015682,13,9,23,745,1,2,3,1.0,2,13055,M,4332569.0,544114.0,13
201300015683,13,10,2,800,1,2,1,1.0,6,13055,M,4330571.0,538387.0,13
201300015684,13,10,1,2050,5,2,1,1.0,3,13055,M,,,13
201300015685,13,10,2,1510,1,2,1,1.0,6,13055,M,4331574.0,540304.0,13
201300015686,13,6,20,1945,1,2,1,1.0,2,13055,M,4329624.0,538790.0,13
201300015687,13,9,28,1330,1,2,3,1.0,7,13055,M,4328708.0,536429.0,13
201300015688,13,10,4,1820,1,2,1,1.0,2,13055,M,4329448.0,538199.0,13
201300015689,13,9,28,1700,1,2,1,1.0,1,13055,M,4332248.0,541255.0,13
201300015690,13,10,3,810,1,2,1,1.0,6,13055,M,,,13
201300015691,13,10,7,1020,1,2,3,1.0,6,13055,M,4327877.0,538777.0,13
201300015692,13,5,17,1010,1,2,1,1.0,6,13055,M,4335730.0,536975.0,13
201300015693,13,9,2,740,1,2,1,1.0,3,13055,M,4329970.0,547041.0,13
201300015694,13,9,27,1100,1,2,1,1.0,6,13055,M,4327918.0,542288.0,13
201300015695,13,10,2,2100,5,2,3,1.0,3,13055,M,4329489.0,541747.0,13
201300015696,13,10,4,1940,3,2,1,8.0,3,13055,M,4333192.0,535900.0,13
201300015697,13,10,12,520,5,2,1,1.0,6,13055,M,,,13
201300015698,13,10,13,530,3,2,1,1.0,2,13055,M,4330235.0,539724.0,13
201300015699,13,10,12,1745,1,2,1,1.0,6,13055,M,4331314.0,538520.0,13
201300015700,13,9,30,1715,1,2,1,1.0,2,13055,M,4331586.0,538495.0,13
201300015701,13,10,1,930,1,2,1,1.0,6,13055,M,4335761.0,536618.0,13
201300015702,13,10,2,920,1,2,1,1.0,2,13055,M,4334131.0,541046.0,13
201300015703,13,10,4,1325,1,2,1,1.0,6,13055,M,4331650.0,537422.0,13
201300015704,13,9,21,1645,1,2,1,1.0,6,13055,M,,,13
201300015705,13,8,19,2300,5,2,1,1.0,6,13055,M,,,13
201300015706,13,9,19,750,1,2,1,1.0,6,13055,M,,,13
201300015707,13,9,24,700,2,2,1,1.0,3,13055,M,4328955.0,539729.0,13
201300015708,13,10,9,1020,1,2,1,1.0,2,13055,M,4329225.0,536310.0,13
201300015709,13,10,7,1950,5,2,1,1.0,2,13055,M,4328744.0,538949.0,13
201300015710,13,7,1,1110,1,2,1,1.0,7,13055,M,4325638.0,541976.0,13
201300015711,13,9,18,730,1,2,1,1.0,3,13055,M,4324656.0,538621.0,13
201300015712,13,9,24,910,1,2,2,1.0,3,13055,M,4330324.0,544963.0,13
201300015713,13,10,5,1100,1,2,1,1.0,6,13055,M,4329321.0,551157.0,13
201300015714,13,10,5,1800,5,2,1,1.0,3,13055,M,4326722.0,538311.0,13
201300015715,13,10,8,2325,5,2,1,1.0,3,13055,M,4325997.0,541603.0,13
201300015716,13,10,14,750,1,2,1,3.0,3,13055,M,4329998.0,540056.0,13
201300015717,13,10,7,1230,1,2,1,1.0,6,13055,M,4327897.0,542666.0,13
201300015718,13,9,23,1610,1,2,1,1.0,6,13055,M,,,13
201300015719,13,6,22,1930,1,2,7,1.0,3,13055,M,4328594.0,538374.0,13
201300015720,13,10,9,1610,1,2,1,1.0,2,13055,M,4332266.0,538940.0,13
201300015721,13,10,5,750,1,2,1,1.0,2,13055,M,4329223.0,536346.0,13
201300015722,13,10,6,1440,1,2,1,1.0,3,13055,M,4330630.0,539414.0,13
201300015723,13,10,5,1750,1,2,1,1.0,3,13055,M,4333171.0,540415.0,13
201300015724,13,10,8,835,1,2,1,1.0,2,13055,M,4333079.0,537218.0,13
201300015725,13,5,30,1415,1,2,1,1.0,2,13055,M,,,13
201300015726,13,10,4,1700,1,2,1,1.0,6,13055,M,4329620.0,540024.0,13
201300015727,13,9,29,1930,2,2,1,1.0,2,13055,M,4331143.0,545495.0,13
201300015728,13,10,10,1245,1,2,1,1.0,6,13055,M,4334674.0,542711.0,13
201300015729,13,10,9,950,1,2,1,1.0,3,13055,M,4336204.0,530904.0,13
201300015730,13,9,30,915,1,2,1,1.0,3,13002,M,,,13
201300015731,13,10,5,1510,1,2,1,1.0,3,13055,M,,,13
201300015732,13,10,3,1810,1,2,1,1.0,7,13055,M,4329122.0,547302.0,13
201300015733,13,10,12,1320,1,2,3,1.0,3,13055,M,4329789.0,541336.0,13
201300015734,13,10,13,200,5,1,1,1.0,6,13002,M,,,13
201300015735,13,10,17,740,1,2,1,1.0,6,13055,M,4329859.0,538386.0,13
201300015736,13,9,25,1330,1,2,1,1.0,3,13055,M,4326781.0,538919.0,13
201300015737,13,9,18,1430,1,2,1,1.0,6,13055,M,4333074.0,540463.0,13
201300015738,13,9,19,1730,1,2,1,1.0,6,13055,M,,,13
201300015739,13,9,14,1800,1,2,1,1.0,6,13055,M,,,13
201300015740,13,10,17,1035,1,2,1,1.0,6,13055,M,4327767.0,539296.0,13
201300015741,13,10,10,2310,5,2,1,1.0,3,13055,M,4324785.0,537455.0,13
201300015742,13,10,12,1250,1,2,3,1.0,7,13055,M,4327614.0,539496.0,13
201300015743,13,10,17,1030,1,2,1,1.0,7,13055,M,4328191.0,540262.0,13
201300015744,13,10,8,840,1,2,1,1.0,3,13055,M,4328452.0,543688.0,13
201300015745,13,9,26,1230,1,2,1,1.0,1,13055,M,4333640.0,536746.0,13
201300015746,13,9,27,2200,5,2,1,1.0,1,13055,M,,,13
201300015747,13,9,29,315,5,2,1,1.0,6,13055,M,4333055.0,541919.0,13
201300015748,13,10,17,1245,1,1,3,1.0,2,13055,M,4324983.0,540270.0,13
201300015749,13,10,18,1000,1,2,2,1.0,2,13055,M,4329294.0,538020.0,13
201300015750,13,9,24,1,5,2,3,1.0,1,13055,M,4335715.0,536769.0,13
201300015751,13,10,16,1735,1,2,1,1.0,6,13055,M,4328632.0,538504.0,13
201300015752,13,10,5,1745,1,2,1,1.0,7,13055,M,4329212.0,542638.0,13
201300015753,13,10,4,2000,5,2,9,1.0,2,13055,M,4331391.0,540608.0,13
201300015754,13,10,13,1730,1,2,1,1.0,6,13055,M,4330267.0,539721.0,13
201300015755,13,10,15,1055,1,2,1,2.0,6,13055,M,4329081.0,537941.0,13
201300015756,13,9,2,2140,5,2,1,1.0,3,13055,M,4328410.0,549051.0,13
201300015757,13,10,20,645,5,2,1,1.0,3,13055,M,4330145.0,539246.0,13
201300015758,13,9,16,2000,2,2,1,1.0,6,13055,M,4329893.0,538814.0,13
201300015759,13,10,9,5,5,2,1,1.0,2,13055,M,4328945.0,539687.0,13
201300015760,13,10,15,600,2,2,1,1.0,6,13055,M,4328866.0,540021.0,13
201300015761,13,10,10,640,2,2,1,1.0,6,13055,M,4332849.0,536267.0,13
201300015762,13,10,10,1130,1,2,1,1.0,3,13055,M,,,13
201300015763,13,10,15,330,5,2,1,1.0,6,13055,M,4329883.0,536534.0,13
201300015764,13,9,23,2040,5,2,9,1.0,3,13055,M,4324678.0,538378.0,13
201300015765,13,10,9,815,1,2,1,1.0,6,13055,M,4330119.0,546536.0,13
201300015766,13,10,15,1400,1,2,1,2.0,2,13055,M,4326923.0,538831.0,13
201300015767,13,10,15,1810,1,2,1,1.0,6,13055,M,4326465.0,540793.0,13
201300015768,13,10,15,2245,5,2,2,1.0,3,13055,M,4330326.0,544979.0,13
201300015769,13,10,16,1530,1,2,1,1.0,3,13106,M,4338962.0,535496.0,13
201300015770,13,10,17,1125,1,2,9,1.0,6,13055,M,4329593.0,544612.0,13
201300015771,13,10,23,1940,5,2,1,2.0,5,13055,M,4328867.0,542553.0,13
201300015772,13,5,27,800,1,2,1,1.0,3,13055,M,4326181.0,540404.0,13
201300015773,13,10,8,857,1,2,1,1.0,3,13055,M,4335455.0,533376.0,13
201300015774,13,10,7,1345,1,2,1,1.0,3,13055,M,4329209.0,535938.0,13
201300015775,13,10,23,1515,1,2,1,1.0,2,13055,M,,,13
201300015776,13,10,23,1645,1,2,2,1.0,3,13055,M,4329907.0,538086.0,13
201300015777,13,10,24,1545,1,2,1,1.0,7,13055,M,4329628.0,537182.0,13
201300015778,13,9,26,1330,1,2,1,1.0,6,13055,M,,,13
201300015779,13,7,25,2050,1,2,1,1.0,3,13055,M,,,13
201300015780,13,10,9,715,1,2,1,1.0,3,13055,M,,,13
201300015781,13,9,17,1710,1,2,1,1.0,3,13055,M,4331526.0,536908.0,13
201300015782,13,10,20,1515,1,1,1,1.0,6,13055,M,4331326.0,538697.0,13
201300015783,13,10,19,2207,5,2,2,1.0,3,13055,M,4332116.0,537471.0,13
201300015784,13,10,11,1530,1,2,2,1.0,3,13055,M,4329692.0,537362.0,13
201300015785,13,9,26,1745,1,2,1,1.0,3,13055,M,4328017.0,538698.0,13
201300015786,13,10,9,1205,1,2,1,1.0,3,13055,M,4326941.0,540221.0,13
201300015787,13,10,16,1500,1,2,1,1.0,1,13055,M,4323684.0,536287.0,13
201300015788,13,10,16,1830,1,2,1,1.0,3,13055,M,4331843.0,542978.0,13
201300015789,13,10,17,815,1,2,1,1.0,6,13055,M,4331152.0,544504.0,13
201300015790,13,9,25,1700,1,2,1,1.0,3,13055,M,4326498.0,539555.0,13
201300015791,13,10,3,940,1,2,1,1.0,6,13055,M,4328012.0,540037.0,13
201300015792,13,10,5,2240,4,2,1,1.0,6,13055,M,4324994.0,539612.0,13