Num_Acc,an,mois,jour,hrmn,lum,agg,int,atm,col,com,gps,lat,long,dep
201300015793,13,10,27,850,1,2,1,1.0,6,13055,M,4329147.0,535906.0,13
201300015794,13,10,26,2100,5,2,1,1.0,3,13055,M,4330516.0,540091.0,13
201300015795,13,10,27,555,2,2,2,1.0,3,13055,M,4326669.0,540288.0,13
201300015796,13,11,3,1700,1,2,1,7.0,6,13055,M,,,13
201300015797,13,11,3,1810,5,2,1,1.0,3,13055,M,4337296.0,535111.0,13
201300015798,13,9,6,1445,1,2,1,1.0,3,13055,M,,,13
201300015799,13,9,18,2318,5,2,1,1.0,6,13055,M,4328686.0,539987.0,13
201300015800,13,9,7,1120,1,2,6,1.0,6,13055,M,4336160.0,534506.0,13
201300015801,13,11,6,1815,3,1,1,1.0,6,13055,M,,,13
201300015802,13,8,23,1045,1,2,1,1.0,7,13055,M,4330333.0,536670.0,13
201300015803,13,9,28,850,1,2,6,1.0,3,13055,M,4334776.0,534385.0,13
201300015804,13,9,13,2100,5,2,2,1.0,3,13055,M,4328759.0,539006.0,13
201300015805,13,10,24,2030,5,2,1,1.0,4,13055,M,4327643.0,539746.0,13
201300015806,13,10,24,1325,1,2,6,1.0,3,13055,M,4325423.0,538197.0,13
201300015807,13,10,29,1230,1,2,1,2.0,3,13055,M,4326726.0,540792.0,13
201300015808,13,10,9,940,1,2,6,8.0,7,13055,M,4325789.0,541009.0,13
201300015809,13,10,16,1230,1,2,1,1.0,6,13055,M,4329256.0,545807.0,13
201300015810,13,10,27,710,2,2,1,1.0,6,13055,M,4333571.0,545506.0,13
201300015811,13,10,27,2242,5,2,1,1.0,2,13055,M,4327645.0,541831.0,13
201300015812,13,10,2,2126,5,2,1,1.0,1,13055,M,4331383.0,537636.0,13
201300015813,13,10,30,1130,1,2,3,1.0,3,13055,M,4331485.0,538868.0,13
201300015814,13,10,9,2000,4,2,1,1.0,6,13055,M,4331612.0,536716.0,13
201300015815,13,10,30,1615,1,2,1,1.0,3,13055,M,4332111.0,537522.0,13
201300015816,13,5,24,1200,1,2,1,1.0,3,13055,M,,,13
201300015817,13,9,16,1710,1,2,1,1.0,3,13055,M,4326126.0,540569.0,13
201300015818,13,10,21,1850,1,2,1,1.0,2,13055,M,4327359.0,540042.0,13
201300015819,13,10,26,1155,1,2,1,1.0,2,13055,M,4326260.0,539311.0,13
201300015820,13,10,30,1120,1,2,1,1.0,6,13055,M,4330401.0,540728.0,13
201300015821,13,11,1,1557,1,2,1,1.0,3,13055,M,4328675.0,541442.0,13
201300015822,13,11,11,1104,1,2,1,1.0,6,13055,M,4331191.0,538213.0,13
201300015823,13,11,8,1850,2,2,1,1.0,4,13055,M,4330833.0,540022.0,13
201300015824,13,11,10,2030,5,2,1,6.0,6,13055,M,4325885.0,539421.0,13
201300015825,13,11,9,1700,1,2,1,1.0,1,13055,M,4332449.0,545556.0,13
201300015826,13,11,9,1645,1,2,2,1.0,6,13055,M,4327622.0,538921.0,13
201300015827,13,11,11,2000,5,2,3,1.0,3,13075,M,4334498.0,545811.0,13
201300015828,13,10,4,1750,1,2,1,1.0,6,13055,M,4331689.0,537395.0,13
201300015829,13,10,31,1510,1,2,1,1.0,2,13055,M,4330657.0,540094.0,13
201300015830,13,10,5,1810,1,2,1,1.0,2,13055,M,4329656.0,544621.0,13
201300015831,13,5,14,2015,2,2,1,1.0,3,13055,M,4332132.0,545787.0,13
201300015832,13,10,11,1420,1,2,1,1.0,6,13055,M,4333861.0,538621.0,13
201300015833,13,11,5,100,5,2,1,1.0,1,13055,M,4338505.0,536798.0,13
201300015834,13,11,2,1450,1,2,1,1.0,7,13055,M,4325694.0,539178.0,13
201300015835,13,8,8,845,1,2,1,1.0,3,13055,M,4327060.0,540744.0,13
201300015836,13,10,9,2020,5,2,2,1.0,7,13055,M,4329225.0,538827.0,13
201300015837,13,8,13,1600,1,2,1,1.0,6,13055,M,4328780.0,538269.0,13
201300015838,13,8,28,2000,1,2,1,1.0,3,13055,M,4328982.0,535555.0,13
201300015839,13,10,8,1120,1,2,3,1.0,2,13055,M,4329342.0,539429.0,13
201300015840,13,10,16,1615,1,2,1,1.0,6,13055,M,4329822.0,537768.0,13
201300015841,13,10,24,1820,1,2,2,1.0,3,13055,M,4329895.0,538816.0,13
201300015842,13,10,25,1605,1,2,1,1.0,3,13055,M,4333571.0,543288.0,13
201300015843,13,10,31,1100,1,2,1,9.0,6,13055,M,4326780.0,539899.0,13
201300015844,13,11,12,1230,1,2,1,1.0,4,13055,M,4328697.0,540008.0,13
201300015845,13,11,11,240,5,2,1,1.0,6,13055,M,,,13
201300015846,13,7,17,1940,1,2,1,1.0,5,13055,M,4328246.0,543076.0,13
201300015847,13,8,10,220,5,2,1,1.0,2,13055,M,4328560.0,548066.0,13
201300015848,13,10,6,1600,1,2,1,1.0,2,13055,M,4324570.0,542944.0,13
201300015849,13,10,29,920,1,2,1,2.0,3,13055,M,4326810.0,541656.0,13
201300015850,13,10,10,1400,1,2,1,1.0,4,13055,M,4328383.0,542683.0,13
201300015851,13,10,13,1930,5,2,1,1.0,6,13055,M,4328001.0,540946.0,13
201300015852,13,10,16,2000,5,2,1,1.0,2,13055,M,,,13
201300015853,13,10,20,1330,1,2,1,2.0,6,13055,M,4326693.0,540302.0,13
201300015854,13,11,5,745,1,2,1,1.0,6,13055,M,4329842.0,543176.0,13
201300015855,13,11,6,745,1,2,1,1.0,6,13055,M,4329183.0,546012.0,13
201300015856,13,11,6,2214,5,2,1,1.0,6,13055,M,4328130.0,539214.0,13
201300015857,13,11,13,1740,2,2,1,1.0,5,13055,M,,,13
201300015858,13,11,14,145,5,2,1,1.0,6,13055,M,4331706.0,538174.0,13
201300015859,13,11,13,1215,1,2,1,1.0,5,13055,M,4330247.0,541309.0,13
201300015860,13,8,12,1800,1,2,1,1.0,1,13055,M,4330808.0,536903.0,13
201300015861,13,10,3,2055,5,2,1,1.0,2,13055,M,,,13
201300015862,13,10,13,1315,1,2,1,1.0,2,13055,M,4332071.0,541445.0,13
201300015863,13,10,13,1915,5,2,1,1.0,6,13055,M,,,13
201300015864,13,10,25,1700,1,2,1,1.0,6,13055,M,4335988.0,535757.0,13
201300015865,13,10,24,835,1,2,6,1.0,3,13055,M,4332338.0,544876.0,13
201300015866,13,11,14,1640,2,2,1,1.0,6,13055,M,4327165.0,542699.0,13
201300015867,13,9,28,1330,1,2,1,1.0,2,13055,M,4328606.0,538357.0,13
201300015868,13,9,22,1745,1,2,2,1.0,3,13055,M,4330375.0,537063.0,13
201300015869,13,11,14,1145,1,2,1,1.0,6,13055,M,4328915.0,540012.0,13
201300015870,13,11,14,1100,1,2,6,1.0,3,13055,M,4331354.0,539711.0,13
201300015871,13,11,5,1835,5,2,2,1.0,3,13075,M,4335650.0,546659.0,13
201300015872,13,11,16,1630,1,2,1,2.0,2,13055,M,4333204.0,539863.0,13
201300015873,13,11,16,1425,1,2,1,1.0,6,13055,M,4333691.0,536741.0,13
201300015874,13,11,18,1125,1,2,1,2.0,6,13055,M,4331062.0,537868.0,13
201300015875,13,10,31,1420,1,2,1,1.0,6,13055,M,4337755.0,536154.0,13
201300015876,13,11,17,1400,1,2,1,1.0,6,13055,M,,,13
201300015877,13,10,13,2055,5,2,3,1.0,3,13055,M,4330303.0,540207.0,13
201300015878,13,11,7,1300,1,2,2,1.0,3,13055,M,4328607.0,538700.0,13
201300015879,13,11,13,1940,5,2,2,1.0,2,13055,M,4329908.0,540381.0,13
201300015880,13,11,7,1330,1,2,1,1.0,6,13055,M,4328737.0,544202.0,13
201300015881,13,9,7,1800,1,2,3,1.0,1,13055,M,4332417.0,536268.0,13
201300015882,13,11,11,2100,5,2,1,1.0,3,13055,M,4325800.0,539949.0,13
201300015883,13,11,10,1345,1,2,3,1.0,3,13055,M,4331755.0,543850.0,13
201300015884,13,11,7,840,1,2,1,1.0,6,13055,M,4333039.0,541011.0,13
201300015885,13,11,11,1000,1,2,1,1.0,6,13055,M,4338417.0,535890.0,13
201300015886,13,11,11,1700,5,2,1,1.0,6,13055,M,4331305.0,537093.0,13
201300015887,13,11,12,1855,5,2,1,1.0,6,13055,M,4336503.0,534721.0,13
201300015888,13,10,3,955,1,2,1,1.0,3,13055,M,4334594.0,538165.0,13
201300015889,13,10,27,1545,1,1,1,1.0,5,13002,M,,,13
201300015890,13,11,5,850,1,2,1,1.0,3,13055,M,4333279.0,543593.0,13
201300015891,13,11,6,1900,5,2,1,1.0,3,13055,M,4328861.0,545495.0,13
201300015892,13,11,13,1500,1,2,1,1.0,6,13002,M,4333962.0,548444.0,13
201300015893,13,9,7,1530,5,2,1,1.0,2,13055,M,,,13
201300015894,13,9,9,640,2,2,9,1.0,6,13055,M,4329935.0,537295.0,13
201300015895,13,9,19,1900,1,2,2,1.0,3,13055,M,4331377.0,540578.0,13
201300015896,13,10,18,1000,1,2,4,1.0,2,13055,M,4328338.0,537669.0,13
201300015897,13,10,27,1930,5,2,1,1.0,3,13055,M,4329017.0,537588.0,13
201300015898,13,10,30,910,1,2,1,1.0,3,13055,M,4329039.0,536986.0,13
201300015899,13,10,31,1635,1,2,2,1.0,3,13055,M,4328862.0,538838.0,13
201300015900,13,11,9,1300,1,2,3,1.0,1,13055,M,4331598.0,540078.0,13
201300015901,13,11,12,2000,5,2,1,1.0,3,13055,M,4325441.0,538205.0,13
201300015902,13,9,14,945,1,2,1,1.0,3,13055,M,4331602.0,538438.0,13
201300015903,13,10,6,1730,1,2,1,1.0,6,13055,M,4332736.0,542388.0,13
201300015904,13,10,17,1715,1,2,1,1.0,2,13055,M,4335597.0,536661.0,13
201300015905,13,10,31,1820,5,2,1,1.0,6,13055,M,4333046.0,541232.0,13
201300015906,13,11,12,1223,1,2,6,1.0,2,13055,M,4334778.0,534387.0,13
201300015907,13,11,12,1745,5,2,1,1.0,6,13055,M,4333456.0,542059.0,13
201300015908,13,11,12,1400,1,2,1,1.0,6,13055,M,4332716.0,540533.0,13
201300015909,13,11,12,750,1,2,1,1.0,3,13055,M,4327604.0,539949.0,13
201300015910,13,9,6,1445,1,2,1,1.0,3,13055,M,4336685.0,535621.0,13
201300015911,13,10,31,1550,1,2,1,1.0,2,13055,M,4336688.0,536302.0,13
201300015912,13,7,2,1030,1,2,1,1.0,3,13055,M,4324798.0,539712.0,13
201300015913,13,11,6,1415,1,2,1,1.0,1,13055,M,4325660.0,540842.0,13
201300015914,13,11,12,2100,5,2,3,1.0,3,13055,M,4325738.0,539427.0,13
201300015915,13,10,18,1500,1,2,1,1.0,6,13055,M,4331540.0,538921.0,13
201300015916,13,9,18,1900,1,2,1,1.0,6,13055,M,4335492.0,537062.0,13
201300015917,13,9,11,1730,1,2,1,1.0,6,13055,M,4323147.0,535527.0,13
201300015918,13,10,2,1245,1,2,9,1.0,3,13055,M,4328870.0,540022.0,13
201300015919,13,11,22,210,5,2,1,1.0,6,13055,M,,,13
201300015920,13,10,29,930,1,2,1,1.0,6,13055,M,4329373.0,539868.0,13
201300015921,13,11,21,1700,2,2,2,1.0,3,13055,M,4328760.0,539006.0,13
201300015922,13,11,25,950,1,2,1,1.0,6,13055,M,4332743.0,536618.0,13
201300015923,13,11,23,2010,5,1,1,1.0,3,13055,M,4328070.0,539326.0,13
201300015924,13,9,23,1015,1,2,1,1.0,2,13055,M,4329996.0,537603.0,13
201300015925,13,11,23,400,5,2,1,1.0,7,13055,M,4330170.0,539327.0,13
201300015926,13,4,3,530,5,2,1,1.0,6,13055,M,4328410.0,534967.0,13
201300015927,13,11,25,850,1,2,1,1.0,3,13055,M,4333095.0,537284.0,13
201300015928,13,11,26,1000,1,2,1,1.0,3,13055,M,4334606.0,538130.0,13
201300015929,13,11,25,1800,2,2,1,1.0,6,13055,M,,,13
201300015930,13,11,26,1900,5,2,1,1.0,3,13055,M,4324551.0,541234.0,13
201300015931,13,11,26,1340,1,2,1,1.0,2,13055,M,4323140.0,540501.0,13
201300015932,13,10,12,1110,1,2,3,1.0,3,13055,M,4328501.0,538964.0,13
201300015933,13,11,27,745,1,2,1,2.0,2,13002,M,4332307.0,547970.0,13
201300015934,13,11,14,1610,1,2,1,1.0,6,13055,M,4329418.0,537434.0,13
201300015935,13,10,11,1740,1,2,2,1.0,3,13055,M,4330536.0,536936.0,13
201300015936,13,10,16,1200,1,2,1,1.0,7,13055,M,4333988.0,542073.0,13
201300015937,13,11,12,830,1,2,1,1.0,7,13055,M,4331159.0,537246.0,13
201300015938,13,11,19,1210,1,2,1,8.0,4,13055,M,4331280.0,536850.0,13
201300015939,13,6,25,930,1,2,1,1.0,3,13055,M,4331677.0,537548.0,13
201300015940,13,11,14,1040,1,2,1,1.0,6,13055,M,4329046.0,537800.0,13
201300015941,13,11,15,1145,1,2,1,1.0,6,13055,M,4328679.0,538325.0,13
201300015942,13,11,21,100,5,2,2,1.0,3,13055,M,4329461.0,538897.0,13
201300015943,13,11,23,2055,5,2,2,1.0,3,13055,M,4331500.0,541454.0,13
201300015944,13,10,29,2135,5,2,1,1.0,1,13055,M,4328197.0,539945.0,13
201300015945,13,9,6,100,5,2,1,1.0,6,13055,M,4327991.0,537867.0,13
201300015946,13,10,31,1210,1,2,1,1.0,6,13055,M,4327622.0,539714.0,13
201300015947,13,11,6,1715,5,2,1,1.0,6,13055,M,4327728.0,538860.0,13
201300015948,13,11,12,1045,1,2,1,1.0,3,13055,M,4327157.0,536277.0,13
201300015949,13,11,17,1720,5,2,1,1.0,3,13055,M,4326022.0,539399.0,13
201300015950,13,10,20,1815,2,2,1,1.0,3,13055,M,4327881.0,542226.0,13
201300015951,13,10,28,1200,1,2,1,1.0,7,13055,M,4327567.0,542623.0,13
201300015952,13,11,7,1330,1,2,1,1.0,3,13055,M,4328946.0,540792.0,13
201300015953,13,11,15,1830,5,2,1,1.0,6,13055,M,4327281.0,542809.0,13
201300015954,13,11,16,1920,5,2,1,1.0,6,13055,M,4328313.0,535038.0,13
201300015955,13,11,22,1100,1,2,1,1.0,3,13055,M,4329531.0,538171.0,13
201300015956,13,11,24,2135,5,2,1,1.0,7,13055,M,4329553.0,539506.0,13
201300015957,13,9,14,610,5,2,3,1.0,2,13055,M,4330066.0,538069.0,13
201300015958,13,11,7,1200,1,2,2,1.0,2,13055,M,4329608.0,537396.0,13
201300015959,13,11,13,1600,1,2,1,1.0,7,13055,M,4335454.0,533379.0,13
201300015960,13,11,26,1840,5,2,1,1.0,2,13055,M,4328902.0,549734.0,13
201300015961,13,12,1,1950,5,2,1,1.0,7,13055,M,4332938.0,543047.0,13
201300015962,13,11,7,1830,5,2,1,1.0,2,13055,M,4331626.0,540745.0,13
201300015963,13,11,21,240,5,2,1,2.0,6,13055,M,4331271.0,538411.0,13
201300015964,13,11,8,1730,5,2,1,1.0,2,13055,M,,,13
201300015965,13,11,15,1800,5,2,1,1.0,4,13055,M,4333691.0,536741.0,13
201300015966,13,11,30,1750,5,2,1,8.0,7,13055,M,,,13
201300015967,13,9,13,1200,1,2,1,1.0,1,13055,M,4325179.0,541838.0,13
201300015968,13,11,4,1540,1,2,1,2.0,2,13002,M,4335649.0,548737.0,13
201300015969,13,11,15,445,2,2,1,6.0,2,13055,M,,,13
201300015970,13,11,19,1735,5,2,1,2.0,3,13075,M,4334828.0,546520.0,13
201300015971,13,11,5,1410,1,2,3,1.0,3,13055,M,4329352.0,545240.0,13
201300015972,13,12,3,1720,1,2,1,1.0,7,13055,M,4332616.0,543940.0,13
201300015973,13,11,20,830,1,2,1,1.0,3,13055,M,4328929.0,535474.0,13
201300015974,13,11,26,600,3,2,2,2.0,3,13055,M,4329228.0,538677.0,13
201300015975,13,11,15,1100,1,2,3,1.0,3,13055,M,4331292.0,538506.0,13
201300015976,13,11,8,745,1,2,1,1.0,6,13055,M,4332656.0,543808.0,13
201300015977,13,11,13,830,1,2,1,1.0,6,13055,M,4338720.0,536323.0,13
201300015978,13,11,24,2130,5,2,3,1.0,3,13055,M,4336552.0,534298.0,13
201300015979,13,11,20,1800,5,2,3,1.0,1,13055,M,4332340.0,541671.0,13
201300015980,13,8,3,2110,1,2,1,1.0,4,13055,M,4332056.0,545834.0,13
201300015981,13,9,13,800,1,2,1,1.0,6,13055,M,4332688.0,541956.0,13
201300015982,13,9,18,1730,1,2,1,1.0,2,13055,M,,,13
201300015983,13,9,26,2130,5,2,1,1.0,3,13055,M,4332658.0,543800.0,13
201300015984,13,11,4,1720,1,2,1,3.0,6,13055,M,4335182.0,543847.0,13
201300015985,13,11,27,1330,1,2,1,1.0,4,13055,M,,,13
201300015986,13,11,27,2230,5,2,3,1.0,3,13055,M,4329817.0,537260.0,13
201300015987,13,11,28,850,1,2,1,1.0,7,13055,M,4335248.0,544533.0,13
201300015988,13,11,28,1930,5,2,1,1.0,3,13055,M,,,13
201300015989,13,11,18,2200,5,2,1,2.0,6,13055,M,4335338.0,537181.0,13
201300015990,13,11,21,1700,1,2,1,1.0,2,13055,M,,,13
201300015991,13,11,12,1030,1,2,1,1.0,3,13055,M,4329346.0,538231.0,13
201300015992,13,11,15,1415,1,2,1,1.0,7,13055,M,4328914.0,538409.0,13
201300015993,13,11,23,645,5,2,1,1.0,5,13055,M,4331654.0,539709.0,13
201300015994,13,11,28,900,1,2,5,1.0,6,13055,M,4329913.0,538556.0,13
201300015995,13,11,28,1020,1,2,1,1.0,3,13055,M,4330031.0,538068.0,13
201300015996,13,11,18,600,5,2,1,2.0,3,13055,M,4329685.0,536678.0,13
201300015997,13,11,30,1345,1,2,1,1.0,7,13055,M,4331675.0,537530.0,13
201300015998,13,9,27,1458,1,2,1,1.0,2,13055,M,4329812.0,540094.0,13
201300015999,13,11,24,1740,1,2,2,1.0,3,13055,M,4330291.0,540074.0,13
201300016000,13,11,27,2335,5,2,1,1.0,6,13055,M,4329791.0,538189.0,13
201300016001,13,11,28,1330,1,2,3,1.0,1,13055,M,4329178.0,540750.0,13
201300016002,13,11,29,1500,1,2,1,1.0,6,13055,M,4329489.0,539887.0,13
201300016003,13,12,6,1030,1,2,1,1.0,6,13055,M,4332072.0,541004.0,13
201300016004,13,11,4,850,1,2,1,2.0,6,13055,M,4327292.0,536288.0,13
201300016005,13,11,5,1230,1,2,2,1.0,3,13055,M,4329692.0,537365.0,13
201300016006,13,11,17,100,5,2,2,1.0,3,13055,M,4329127.0,537327.0,13
201300016007,13,10,14,1240,1,2,1,1.0,6,13055,M,4326214.0,540441.0,13
201300016008,13,10,21,1610,1,2,1,1.0,6,13055,M,4329685.0,548369.0,13
201300016009,13,11,5,2015,3,2,1,1.0,6,13055,M,4330600.0,541302.0,13
201300016010,13,11,6,1800,5,2,1,1.0,3,13055,M,4324516.0,539886.0,13
201300016011,13,11,9,2030,4,2,1,1.0,5,13055,M,4327871.0,542825.0,13
201300016012,13,6,9,900,1,2,3,1.0,2,13055,M,4331180.0,542937.0,13
201300016013,13,7,23,800,1,2,1,1.0,5,13055,M,4325801.0,540990.0,13
201300016014,13,8,2,1400,1,2,3,1.0,1,13055,M,4327141.0,541812.0,13
201300016015,13,8,28,1815,1,2,1,1.0,2,13055,M,,,13
201300016016,13,10,23,1530,1,2,3,1.0,1,13055,M,4328859.0,545479.0,13
201300016017,13,11,24,2330,5,2,1,1.0,3,13055,M,4325782.0,539958.0,13
201300016018,13,11,12,2045,5,2,2,1.0,3,13055,M,4328690.0,541242.0,13
201300016019,13,11,18,745,1,1,1,3.0,3,13002,M,,,13
201300016020,13,10,30,1130,1,2,2,1.0,6,13055,M,4328645.0,538550.0,13
201300016021,13,11,10,410,5,2,1,1.0,6,13055,M,4325089.0,538978.0,13
201300016022,13,11,11,1000,1,2,1,1.0,6,13055,M,4327597.0,541750.0,13
201300016023,13,6,24,1230,1,2,1,1.0,6,13055,M,4325033.0,538899.0,13
201300016024,13,11,16,1300,1,1,1,1.0,4,13055,M,,,13
201300016025,13,11,16,1535,1,1,1,1.0,3,13055,M,4331498.0,537023.0,13
201300016026,13,12,6,1600,1,1,3,1.0,6,13055,M,4334328.0,537802.0,13
201300016027,13,12,9,720,1,2,1,1.0,2,13055,M,4332409.0,536277.0,13
201300016028,13,12,9,1215,1,2,1,1.0,3,13055,M,4329841.0,539053.0,13
201300016029,13,10,31,1030,1,2,1,1.0,6,13055,M,,,13
201300016030,13,12,4,1200,1,2,1,1.0,1,13055,M,4337238.0,534915.0,13
201300016031,13,11,20,1700,5,2,1,1.0,6,13055,M,4330219.0,538344.0,13
201300016032,13,12,11,1130,1,2,3,1.0,6,13055,M,4330148.0,539602.0,13
201300016033,13,12,3,1915,5,2,1,1.0,6,13055,M,4329336.0,537449.0,13
201300016034,13,12,4,745,1,2,2,1.0,6,13055,M,4330203.0,539442.0,13
201300016035,13,12,5,900,1,2,1,1.0,6,13055,M,4327120.0,536283.0,13
201300016036,13,12,2,1810,4,2,1,1.0,7,13055,M,4332009.0,538046.0,13
201300016037,13,12,3,1915,5,2,2,1.0,3,13055,M,4331292.0,537051.0,13
201300016038,13,12,4,1430,1,2,1,1.0,6,13055,M,4334650.0,536689.0,13
201300016039,13,9,1,140,5,2,1,1.0,1,13055,M,4330504.0,538052.0,13
201300016040,13,12,11,2133,5,2,1,1.0,6,13055,M,,,13
201300016041,13,9,27,755,1,2,1,1.0,6,13055,M,,,13
201300016042,13,10,8,945,1,2,1,1.0,6,13055,M,4332070.0,539199.0,13
201300016043,13,10,2,1345,1,2,2,1.0,3,13055,M,4324949.0,542264.0,13
201300016044,13,2,14,900,1,1,1,1.0,6,13106,M,4340218.0,535706.0,13
201300016045,13,10,7,1800,1,2,1,1.0,6,13055,M,,,13
201300016046,13,9,2,1440,1,2,1,1.0,7,13055,M,,,13
201300016047,13,9,2,558,5,2,1,1.0,3,13055,M,4328949.0,539709.0,13
201300016048,13,9,2,1530,1,2,1,1.0,6,13055,M,4329374.0,538738.0,13
201300016049,13,11,15,1745,5,2,1,1.0,3,13106,M,4340842.0,536650.0,13
201300016050,13,12,2,1400,1,2,1,1.0,3,13055,M,4331818.0,539032.0,13
201300016051,13,12,2,1515,1,2,3,1.0,6,13055,M,4329526.0,537965.0,13
201300016052,13,11,5,1130,1,2,2,1.0,3,13055,M,4332987.0,539796.0,13
201300016053,13,11,23,1720,5,2,3,1.0,3,13055,M,4333353.0,539627.0,13
201300016054,13,11,25,1645,2,2,1,1.0,6,13055,M,4331576.0,537315.0,13
201300016055,13,11,25,1130,1,2,1,1.0,3,13055,M,4333006.0,538994.0,13
201300016056,13,11,26,840,1,2,1,1.0,2,13055,M,4332486.0,542667.0,13
201300016057,13,11,27,720,2,2,1,3.0,3,13055,M,4333144.0,537469.0,13
201300016058,13,11,28,700,5,2,1,1.0,3,13055,M,,,13
201300016059,13,11,28,1335,1,1,1,1.0,6,13055,M,4332486.0,542662.0,13
201300016060,13,11,29,1845,5,2,3,1.0,3,13055,M,4333499.0,545243.0,13
201300016061,13,12,1,1850,5,2,1,1.0,4,13055,M,4331555.0,540164.0,13
201300016062,13,12,2,910,1,1,6,1.0,3,13055,M,4333040.0,541016.0,13
201300016063,13,12,3,1550,1,2,1,1.0,6,13055,M,4333044.0,541917.0,13
201300016064,13,12,15,2100,5,2,2,1.0,6,13055,M,4328452.0,534971.0,13
201300016065,13,9,1,2050,2,2,1,1.0,6,13055,M,,,13
201300016066,13,12,14,2140,5,2,1,1.0,2,13055,M,4329844.0,549898.0,13
201300016067,13,12,15,1420,1,2,1,1.0,4,13055,M,4328602.0,542789.0,13
201300016068,13,11,29,845,1,2,1,1.0,6,13055,M,4329289.0,540230.0,13
201300016069,13,11,15,1310,1,2,1,1.0,6,13055,M,4330639.0,542050.0,13
201300016070,13,12,2,1100,2,2,1,1.0,3,13055,M,4326209.0,539330.0,13
201300016071,13,12,4,1930,5,2,1,1.0,6,13055,M,4327354.0,541343.0,13
201300016072,13,12,4,1310,1,2,1,1.0,2,13055,M,4328390.0,542680.0,13
201300016073,13,12,5,2315,5,2,3,1.0,2,13055,M,4330136.0,545772.0,13
201300016074,13,12,3,1225,1,2,1,1.0,3,13055,M,4332469.0,543513.0,13
201300016075,13,11,15,1640,1,2,3,1.0,3,13055,M,4330063.0,538838.0,13
201300016076,13,11,21,1130,1,2,1,1.0,1,13055,M,4328848.0,538446.0,13
201300016077,13,12,9,1400,1,2,3,1.0,3,13055,M,4333112.0,539813.0,13
201300016078,13,12,2,910,1,2,1,1.0,2,13055,M,,,13
201300016079,13,12,10,900,1,2,1,1.0,3,13055,M,4333498.0,544369.0,13
201300016080,13,11,12,1415,1,2,2,1.0,7,13055,M,4329375.0,540161.0,13
201300016081,13,11,18,1,5,2,9,1.0,6,13055,M,4331356.0,540555.0,13
201300016082,13,12,5,1400,1,2,2,1.0,6,13055,M,4329581.0,540033.0,13
201300016083,13,12,5,1844,5,2,1,1.0,7,13055,M,4328636.0,538577.0,13
201300016084,13,11,15,1400,1,2,1,1.0,3,13055,M,4331123.0,538972.0,13
201300016085,13,11,9,935,1,2,1,1.0,3,13055,M,4325116.0,538796.0,13
201300016086,13,11,14,1600,1,2,1,7.0,6,13055,M,,,13
201300016087,13,11,21,1400,1,2,3,1.0,3,13055,M,4326436.0,537864.0,13
201300016088,13,11,29,1625,1,2,3,1.0,3,13055,M,4328444.0,540462.0,13
201300016089,13,12,4,1130,1,2,1,1.0,6,13055,M,4324657.0,540435.0,13
201300016090,13,12,5,140,5,2,1,1.0,2,13055,M,,,13
201300016091,13,11,11,1045,1,2,1,1.0,2,13055,M,,,13
201300016092,13,12,4,1745,2,2,3,1.0,3,13055,M,4326652.0,540222.0,13
201300016093,13,11,14,810,1,2,1,1.0,2,13002,M,,,13
201300016094,13,11,19,630,5,2,1,3.0,6,13002,M,4334194.0,547126.0,13
201300016095,13,12,17,2040,5,2,1,1.0,6,13055,M,4327612.0,541775.0,13
201300016096,13,12,18,1330,1,2,1,1.0,7,13055,M,4328263.0,538970.0,13
201300016097,13,12,2,500,2,2,1,1.0,7,13055,M,4331700.0,538957.0,13
201300016098,13,12,5,1815,5,2,1,1.0,3,13055,M,4332485.0,543858.0,13
201300016099,13,12,6,905,1,2,3,1.0,6,13055,M,4332858.0,535922.0,13
201300016100,13,12,10,730,2,2,1,1.0,7,13055,M,4330209.0,537118.0,13
201300016101,13,4,26,1750,1,2,1,1.0,3,13055,M,4325634.0,540491.0,13
201300016102,13,11,22,1400,1,2,3,8.0,3,13055,M,4327406.0,539042.0,13