Num_Acc,an,mois,jour,hrmn,lum,agg,int,atm,col,com,gps,lat,long,dep
201300016103,13,11,22,1730,5,2,3,1.0,3,13055,M,4328892.0,542907.0,13
201300016104,13,11,28,1230,1,1,6,1.0,4,13055,M,,,13
201300016105,13,12,1,1615,1,2,1,1.0,3,13055,M,4329358.0,548360.0,13
201300016106,13,12,4,1115,1,2,1,1.0,3,13055,M,,,13
201300016107,13,12,11,645,5,2,1,1.0,3,13055,M,4331143.0,542296.0,13
201300016108,13,12,11,1845,5,2,3,9.0,3,13055,M,4329703.0,548184.0,13
201300016109,13,12,12,1715,5,2,3,1.0,5,13055,M,4332829.0,544381.0,13
201300016110,13,12,4,930,1,2,6,7.0,3,13055,M,4324167.0,539710.0,13
201300016111,13,12,9,1530,1,2,1,1.0,7,13055,M,4329607.0,540470.0,13
201300016112,13,12,9,1920,5,2,1,1.0,6,13055,M,4328019.0,535362.0,13
201300016113,13,11,22,1450,1,2,1,1.0,3,13055,M,4331947.0,536797.0,13
201300016114,13,12,7,1910,5,2,1,1.0,3,13055,M,4332633.0,539453.0,13
201300016115,13,12,10,1830,5,2,1,1.0,3,13055,M,4330247.0,536947.0,13
201300016116,13,12,16,950,1,2,1,1.0,1,13055,M,,,13
201300016117,13,12,1,1800,5,2,1,1.0,1,13055,M,4330819.0,540325.0,13
201300016118,13,12,2,1205,1,2,1,1.0,6,13055,M,4329661.0,539148.0,13
201300016119,13,11,4,900,1,2,1,2.0,3,13055,M,4328160.0,542455.0,13
201300016120,13,11,15,830,1,2,1,1.0,6,13055,M,4327521.0,538444.0,13
201300016121,13,11,19,850,1,2,1,2.0,6,13055,M,4328326.0,543343.0,13
201300016122,13,11,19,1250,1,2,1,1.0,3,13055,M,4326122.0,541496.0,13
201300016123,13,11,26,1955,5,2,1,1.0,4,13055,M,4326717.0,540264.0,13
201300016124,13,10,14,1030,1,2,1,1.0,1,13055,M,4328412.0,543578.0,13
201300016125,13,10,18,1620,1,2,1,1.0,7,13055,M,4327122.0,538934.0,13
201300016126,13,11,14,2200,5,2,1,1.0,1,13055,M,4328563.0,548043.0,13
201300016127,13,11,22,1630,1,2,1,1.0,3,13055,M,4324980.0,539625.0,13
201300016128,13,12,5,850,1,2,6,1.0,7,13055,M,4328570.0,542536.0,13
201300016129,13,12,7,1045,1,2,1,1.0,5,13055,M,4327707.0,542722.0,13
201300016130,13,11,5,1700,1,2,1,1.0,6,13055,M,4328866.0,544156.0,13
201300016131,13,12,17,1020,1,2,1,2.0,3,13055,M,4328258.0,540661.0,13
201300016132,13,9,24,2310,5,1,1,1.0,3,13055,M,4336791.0,534422.0,13
201300016133,13,11,21,815,1,2,1,2.0,2,13055,M,4335406.0,537124.0,13
201300016134,13,11,21,1010,1,2,1,1.0,2,13055,M,4332183.0,540771.0,13
201300016135,13,11,28,1600,1,2,1,1.0,6,13055,M,4337755.0,536154.0,13
201300016136,13,12,4,1700,5,2,1,1.0,6,13055,M,,,13
201300016137,13,12,6,1450,1,2,2,1.0,7,13055,M,4331933.0,540812.0,13
201300016138,13,12,6,1615,5,2,2,1.0,6,13055,M,4331492.0,539089.0,13
201300016139,13,12,8,1030,1,2,6,1.0,3,13055,M,4333039.0,541009.0,13
201300016140,13,12,9,655,5,2,1,1.0,3,13055,M,,,13
201300016141,13,12,13,1315,1,2,1,1.0,7,13055,M,4333345.0,539062.0,13
201300016142,13,12,13,1535,1,2,3,1.0,3,13055,M,4332589.0,537434.0,13
201300016143,13,12,15,1630,1,2,1,1.0,4,13055,M,4336624.0,535524.0,13
201300016144,13,12,17,1500,1,2,1,1.0,6,13055,M,,,13
201300016145,13,5,19,2200,5,2,1,1.0,6,13055,M,4326702.0,537239.0,13
201300016146,13,11,19,2030,5,2,1,1.0,3,13055,M,4325692.0,541054.0,13
201300016147,13,11,25,1915,5,2,3,1.0,7,13055,M,4326366.0,538944.0,13
201300016148,13,11,26,1830,5,2,1,1.0,1,13055,M,4325900.0,538515.0,13
201300016149,13,12,5,1030,1,2,6,1.0,3,13055,M,,,13
201300016150,13,12,11,1140,1,2,1,1.0,6,13055,M,4331411.0,542774.0,13
201300016151,13,12,8,2020,5,2,1,1.0,6,13055,M,4329702.0,543416.0,13
201300016152,13,12,14,1620,1,2,1,1.0,6,13055,M,4328362.0,539984.0,13
201300016153,13,12,16,1845,5,2,1,1.0,3,13055,M,4329036.0,543621.0,13
201300016154,13,11,29,700,2,2,1,1.0,3,13055,M,4333412.0,543179.0,13
201300016155,13,9,24,1830,1,1,1,1.0,2,13055,M,4328924.0,549661.0,13
201300016156,13,11,18,1815,5,2,1,2.0,6,13055,M,4330256.0,542922.0,13
201300016157,13,12,3,1710,3,2,1,1.0,3,13002,M,,,13
201300016158,13,12,16,615,3,2,1,1.0,6,13055,M,4331611.0,536714.0,13
201300016159,13,11,28,1645,1,2,1,1.0,6,13055,M,4337533.0,535588.0,13
201300016160,13,12,1,1200,1,2,1,1.0,3,13055,M,4330318.0,537399.0,13
201300016161,13,12,7,1420,1,2,1,1.0,7,13055,M,,,13
201300016162,13,12,7,1615,1,2,9,1.0,3,13055,M,4331469.0,537553.0,13
201300016163,13,12,11,1500,1,2,1,1.0,3,13055,M,4329624.0,537333.0,13
201300016164,13,12,12,1800,5,2,1,1.0,3,13055,M,4338585.0,536906.0,13
201300016165,13,12,17,1840,5,2,1,1.0,6,13055,M,4332985.0,542941.0,13
201300016166,13,12,18,1000,1,2,1,1.0,6,13055,M,,,13
201300016167,13,12,19,1330,1,2,1,3.0,7,13055,M,4333137.0,537685.0,13
201300016168,13,12,6,2140,5,2,1,1.0,2,13055,M,4329796.0,540093.0,13
201300016169,13,9,18,1700,1,2,1,1.0,3,13055,M,4334043.0,542454.0,13
201300016170,13,11,6,1345,1,2,2,1.0,3,13055,M,4329016.0,538196.0,13
201300016171,13,11,30,1730,2,2,1,1.0,6,13055,M,,,13
201300016172,13,12,12,1510,1,2,1,1.0,3,13055,M,,,13
201300016173,13,12,16,810,2,2,1,1.0,2,13055,M,4330420.0,538813.0,13
201300016174,13,12,16,1000,1,2,1,1.0,6,13055,M,,,13
201300016175,13,11,7,1210,1,2,1,1.0,3,13055,M,4333176.0,538700.0,13
201300016176,13,11,12,1020,1,2,1,1.0,2,13055,M,4334601.0,535467.0,13
201300016177,13,11,29,1940,5,2,1,1.0,2,13055,M,,,13
201300016178,13,12,5,1200,1,2,1,1.0,3,13055,M,4327415.0,543500.0,13
201300016179,13,12,28,2310,5,2,1,8.0,7,13055,M,4327530.0,536001.0,13
201300016180,13,12,29,630,5,2,1,1.0,6,13075,M,4335114.0,547187.0,13
201300016181,13,12,30,1100,1,2,1,1.0,6,13055,M,4334705.0,537885.0,13
201300016182,13,11,8,1600,1,2,1,1.0,3,13055,M,4330694.0,538257.0,13
201300016183,13,12,18,1330,1,2,1,1.0,3,13055,M,4335108.0,535850.0,13
201300016184,13,9,22,1755,1,2,1,1.0,6,13055,M,4328142.0,539936.0,13
201300016185,13,10,27,300,5,2,1,1.0,6,13055,M,4328420.0,541973.0,13
201300016186,13,12,12,1100,1,2,1,1.0,3,13055,M,4328124.0,538994.0,13
201300016187,13,6,13,1105,1,2,1,1.0,6,13055,M,4331451.0,545483.0,13
201300016188,13,6,28,2045,5,2,1,1.0,1,13055,M,4335368.0,533057.0,13
201300016189,13,11,20,1500,1,2,1,1.0,3,13055,M,4336568.0,535685.0,13
201300016190,13,12,2,2140,5,1,1,1.0,1,13055,M,4328855.0,539358.0,13
201300016191,13,1,15,730,2,1,4,2.0,3,13039,M,4344248.0,491373.0,13
201300016192,13,1,17,1145,1,1,1,1.0,3,13039,M,4346499.0,493987.0,13
201300016193,13,1,17,1335,1,2,2,1.0,3,13077,M,4341766.0,499364.0,13
201300016194,13,1,10,1355,1,2,1,1.0,3,13056,M,4340294.0,505745.0,13
201300016195,13,1,21,810,2,2,6,1.0,6,13039,M,4346511.0,494116.0,13
201300016196,13,1,26,1200,1,1,1,1.0,3,13056,M,4340745.0,505476.0,13
201300016197,13,1,28,1000,1,2,1,1.0,2,13056,M,4341170.0,504386.0,13
201300016198,13,1,27,1850,3,1,1,1.0,1,13056,M,4338313.0,506535.0,13
201300016199,13,2,4,1345,1,1,9,1.0,7,13039,M,4348556.0,488380.0,13
201300016200,13,2,7,2250,3,1,1,1.0,6,13026,M,,,13
201300016201,13,2,13,1845,3,1,1,1.0,1,13026,M,,,13
201300016202,13,2,16,1935,3,1,9,1.0,5,13026,M,4339009.0,516636.0,13
201300016203,13,2,19,1345,1,1,9,1.0,2,13039,M,4343285.0,494153.0,13
201300016204,13,3,3,910,1,1,1,1.0,7,13039,M,,,13
201300016205,13,2,18,1200,1,2,3,1.0,3,13056,M,4342075.0,503590.0,13
201300016206,13,2,25,1930,3,1,1,1.0,2,13039,M,4343285.0,494148.0,13
201300016207,13,3,3,1650,1,2,1,1.0,7,13026,M,,,13
201300016208,13,3,8,1905,5,2,1,1.0,3,13026,M,4338628.0,515335.0,13
201300016209,13,3,9,1600,1,2,3,1.0,1,13056,M,4341364.0,505704.0,13
201300016210,13,3,11,1645,1,2,1,1.0,4,13077,M,,,13
201300016211,13,3,19,1215,1,2,1,1.0,2,13056,M,4341218.0,504709.0,13
201300016212,13,3,24,1810,2,1,1,1.0,2,13026,M,,,13
201300016213,13,3,17,1955,1,2,3,1.0,3,13056,M,4342294.0,505614.0,13
201300016214,13,3,13,1155,1,2,1,1.0,1,13056,M,4339868.0,507665.0,13
201300016215,13,3,25,1400,1,2,3,1.0,3,13056,M,4342434.0,503993.0,13
201300016216,13,4,17,1020,1,2,1,1.0,4,13056,M,4341168.0,504384.0,13
201300016217,13,4,3,1810,1,2,9,1.0,6,13026,M,,,13
201300016218,13,4,14,945,1,1,1,1.0,2,13056,M,4333540.0,504903.0,13
201300016219,13,4,23,1340,1,2,1,1.0,3,13056,M,4333251.0,504374.0,13
201300016220,13,5,9,220,5,2,1,1.0,6,13056,M,4340212.0,505835.0,13
201300016221,13,5,15,2335,3,1,1,9.0,6,13039,M,4345441.0,492816.0,13
201300016222,13,5,17,1100,1,2,1,1.0,2,13056,M,4340409.0,505694.0,13
201300016223,13,5,13,1640,1,1,1,1.0,3,13026,M,,,13
201300016224,13,5,29,1755,1,2,1,1.0,6,13056,M,4341365.0,505645.0,13
201300016225,13,5,30,1815,1,1,1,1.0,4,13056,M,,,13
201300016226,13,6,2,1505,1,2,1,1.0,2,13056,M,,,13
201300016227,13,6,16,1740,1,1,1,1.0,3,13056,M,,,13
201300016228,13,6,13,855,1,2,1,1.0,3,13039,M,4345460.0,493752.0,13
201300016229,13,6,11,1610,1,2,1,1.0,3,13056,M,,,13
201300016230,13,6,29,1949,2,2,1,1.0,3,13056,M,,,13
201300016231,13,7,3,900,1,1,1,3.0,3,13056,M,,,13
201300016232,13,6,26,730,2,1,1,1.0,4,13077,M,,,13
201300016233,13,6,16,1210,1,1,1,1.0,3,13056,M,,,13
201300016234,13,6,17,800,2,2,1,1.0,3,13039,M,4343388.0,494570.0,13
201300016235,13,6,20,1220,1,1,1,1.0,4,13039,M,4343539.0,494139.0,13
201300016236,13,6,26,708,2,1,1,1.0,2,13077,M,,,13
201300016237,13,7,22,1900,1,1,2,1.0,3,13056,M,4339631.0,502620.0,13
201300016238,13,7,22,1845,1,2,3,1.0,1,13026,M,4338682.0,515818.0,13
201300016239,13,7,7,1720,1,2,1,1.0,7,13056,M,,,13
201300016240,13,7,7,1840,1,2,3,1.0,3,13077,M,4341102.0,498979.0,13
201300016241,13,7,8,1355,1,2,3,1.0,3,13056,M,4340912.0,504659.0,13
201300016242,13,7,13,1440,1,2,1,1.0,5,13039,M,4345553.0,494153.0,13
201300016243,13,7,28,655,2,2,1,1.0,1,13056,M,,,13
201300016244,13,6,29,1355,1,2,1,1.0,3,13039,M,4345895.0,494153.0,13
201300016245,13,7,13,950,1,2,9,1.0,3,13056,M,,,13
201300016246,13,7,31,1830,1,2,1,1.0,2,13056,M,4340700.0,505569.0,13
201300016247,13,8,1,2220,3,2,1,1.0,7,13077,M,,,13
201300016248,13,8,6,1915,1,2,1,1.0,7,13056,M,,,13
201300016249,13,8,8,1030,1,1,1,1.0,2,13039,M,,,13
201300016250,13,8,10,1050,1,2,3,1.0,6,13026,M,4338662.0,516415.0,13
201300016251,13,8,17,600,3,1,6,1.0,7,13039,M,4348683.0,488518.0,13
201300016252,13,8,21,2015,2,2,1,1.0,6,13056,M,,,13
201300016253,13,8,12,1115,1,2,3,1.0,3,13026,M,4338439.0,516754.0,13
201300016254,13,8,28,1737,1,2,1,1.0,6,13077,M,,,13
201300016255,13,9,7,1200,1,1,1,1.0,2,13077,M,4342178.0,497733.0,13
201300016256,13,9,8,1030,1,2,6,1.0,6,13039,M,4345590.0,494162.0,13
201300016257,13,9,15,1650,1,1,1,1.0,7,13039,M,,,13
201300016258,13,9,17,1850,2,1,1,1.0,3,13039,M,,,13
201300016259,13,9,21,830,1,2,1,1.0,6,13056,M,4340791.0,505351.0,13
201300016260,13,9,30,1617,1,2,6,1.0,4,13056,M,4339722.0,503422.0,13
201300016261,13,9,19,1715,1,1,9,1.0,2,13039,M,4347815.0,489454.0,13
201300016262,13,9,24,1140,1,2,1,1.0,6,13056,M,4333790.0,507191.0,13
201300016263,13,10,1,1300,1,2,6,1.0,6,13056,M,4339723.0,503419.0,13
201300016264,13,10,11,830,1,2,1,1.0,4,13056,M,4342297.0,505614.0,13
201300016265,13,10,9,2200,5,1,1,1.0,6,13056,M,4336604.0,506001.0,13
201300016266,13,10,15,1415,1,2,2,1.0,1,13077,M,4340508.0,498435.0,13
201300016267,13,10,14,1310,1,1,1,1.0,2,13077,M,,,13
201300016268,13,10,12,1845,2,2,1,1.0,6,13056,M,4340731.0,505648.0,13
201300016269,13,10,20,1100,1,2,1,1.0,6,13056,M,4340872.0,505627.0,13
201300016270,13,10,25,535,5,2,1,1.0,1,13056,M,4339890.0,505231.0,13
201300016271,13,10,29,1600,1,1,1,1.0,2,13039,M,4345266.0,493099.0,13
201300016272,13,11,10,800,2,2,1,1.0,2,13056,M,,,13
201300016273,13,11,11,35,5,2,1,6.0,1,13026,M,4338260.0,516215.0,13
201300016274,13,11,5,1640,1,2,1,1.0,6,13077,M,4340965.0,497772.0,13
201300016275,13,11,12,1305,1,1,1,1.0,2,13077,M,,,13
201300016276,13,11,13,1455,1,2,3,1.0,3,13056,M,4339969.0,504667.0,13
201300016277,13,11,13,1800,3,1,1,1.0,5,13056,M,,,13
201300016278,13,11,6,1300,1,2,1,1.0,6,13056,M,,,13
201300016279,13,11,14,925,1,2,1,1.0,6,13056,M,,,13
201300016280,13,11,15,2245,5,2,2,1.0,1,13056,M,4339954.0,505972.0,13
201300016281,13,11,18,736,2,1,1,1.0,3,13039,M,,,13
201300016282,13,12,2,1120,1,1,1,1.0,3,13039,M,,,13
201300016283,13,11,4,950,1,2,1,2.0,6,13026,M,,,13
201300016284,13,11,29,1700,2,2,1,1.0,2,13077,M,4340638.0,497816.0,13
201300016285,13,11,25,1130,1,2,1,1.0,2,13056,M,4341669.0,505854.0,13
201300016286,13,12,4,1930,3,1,1,1.0,3,13078,M,,,13
201300016287,13,12,6,930,1,2,1,1.0,2,13077,M,4342180.0,497734.0,13
201300016288,13,12,11,1740,2,1,1,1.0,4,13004,M,,,13
201300016289,13,12,23,2330,3,2,1,1.0,6,13077,M,,,13
201300016290,13,12,28,1940,2,2,1,1.0,3,13056,M,4338823.0,503154.0,13
201300016291,13,12,5,715,2,2,1,7.0,2,13077,M,,,13
201300016292,13,2,3,550,3,1,1,1.0,6,13103,M,,,13
201300016293,13,3,19,1310,1,2,1,1.0,6,13103,M,,,13
201300016294,13,3,21,1430,1,2,1,1.0,7,13103,M,,,13
201300016295,13,3,22,1645,1,2,1,1.0,6,13103,M,,,13
201300016296,13,3,30,1650,1,2,1,1.0,6,13103,M,4364263.0,508851.0,13
201300016297,13,5,25,1200,1,2,1,1.0,3,13103,M,4363644.0,508116.0,13
201300016298,13,5,30,1635,1,1,1,1.0,5,13103,M,,,13
201300016299,13,6,14,2130,3,1,1,1.0,5,13049,M,,,13
201300016300,13,8,4,835,1,2,2,1.0,3,13103,M,4364051.0,508314.0,13
201300016301,13,8,8,1435,1,2,2,1.0,6,13103,M,4364055.0,509511.0,13
201300016302,13,8,27,1730,1,2,2,1.0,3,13103,M,4364218.0,509315.0,13
201300016303,13,9,23,1605,1,2,1,1.0,6,13103,M,,,13
201300016304,13,9,30,1130,1,1,1,1.0,6,13103,M,4364964.0,509157.0,13
201300016305,13,10,7,1220,1,2,2,1.0,5,13103,M,4364052.0,509068.0,13
201300016306,13,10,20,655,3,2,1,1.0,6,13103,M,,,13
201300016307,13,11,4,1130,1,2,1,2.0,3,13103,M,,,13
201300016308,13,11,25,1840,5,2,1,1.0,2,13103,M,,,13
201300016309,13,11,30,2340,5,2,2,1.0,3,13103,M,4364043.0,505748.0,13
201300016310,13,11,30,2310,3,2,1,1.0,7,13103,M,,,13
201300016311,13,12,5,1640,2,2,3,1.0,2,13103,M,4363441.0,507812.0,13
201300016312,13,12,8,1845,3,1,1,1.0,2,13103,M,,,13
201300016313,13,12,30,1800,5,2,1,1.0,4,13103,M,4364739.0,509377.0,13
201300016314,13,1,4,1000,1,1,1,1.0,7,13108,M,,,13
201300016315,13,2,1,1010,1,2,1,1.0,6,13108,M,4380326.0,465683.0,13
201300016316,13,2,19,1110,1,1,3,1.0,3,13108,M,,,13
201300016317,13,2,24,130,3,1,1,1.0,1,30032,M,4379172.0,458269.0,30
201300016318,13,2,25,1300,1,1,1,1.0,5,30032,M,4379347.0,458868.0,30
201300016319,13,4,7,300,5,2,1,1.0,1,30032,M,4380601.0,464223.0,30
201300016320,13,4,12,1630,1,1,3,1.0,3,13108,M,,,13
201300016321,13,5,2,1300,1,1,1,1.0,7,13108,M,4380082.0,465594.0,13
201300016322,13,5,11,2250,3,1,1,1.0,7,30032,M,4380449.0,462965.0,30
201300016323,13,5,17,1015,1,2,3,1.0,3,13108,M,4381383.0,466501.0,13
201300016324,13,5,27,1130,1,1,1,1.0,5,30032,M,4380599.0,464231.0,30
201300016325,13,6,4,905,1,2,1,1.0,6,30032,M,,,30
201300016326,13,6,7,1745,1,1,4,1.0,3,30032,M,4378300.0,461507.0,30
201300016327,13,6,12,1750,1,1,6,1.0,2,13045,M,,,13
201300016328,13,6,14,835,1,1,2,1.0,3,30032,M,4379530.0,462207.0,30
201300016329,13,6,14,1830,1,2,1,1.0,6,13108,M,4380367.0,466386.0,13
201300016330,13,6,16,345,5,2,6,1.0,7,30032,M,4378886.0,464399.0,30
201300016331,13,6,22,1015,1,2,1,1.0,2,13108,M,4380665.0,465986.0,13
201300016332,13,7,1,1715,1,2,1,1.0,6,30032,M,4380599.0,464229.0,30
201300016333,13,7,5,1600,1,1,1,1.0,7,30032,M,4379530.0,463613.0,30
201300016334,13,7,13,1110,1,2,1,1.0,4,30032,M,,,30
201300016335,13,7,15,505,3,1,1,1.0,7,13108,M,4381975.0,465179.0,13
201300016336,13,7,16,730,1,1,1,1.0,7,30032,M,,,30
201300016337,13,7,24,1715,1,1,1,1.0,1,30032,M,4382921.0,461550.0,30
201300016338,13,7,25,2340,3,1,1,1.0,7,30032,M,4379518.0,459869.0,30
201300016339,13,7,30,1440,1,1,9,1.0,7,13108,M,4375551.0,468294.0,13
201300016340,13,7,27,1520,1,1,1,1.0,7,13108,M,,,13
201300016341,13,8,2,915,1,1,1,1.0,7,13108,M,4378496.0,470460.0,13
201300016342,13,8,2,2113,5,2,1,1.0,7,30032,M,4383782.0,434517.0,30
201300016343,13,8,7,900,1,1,1,1.0,6,30032,M,,,30
201300016344,13,8,14,1315,1,1,1,1.0,1,13108,M,,,13
201300016345,13,8,10,1230,1,2,2,1.0,3,13108,M,4380620.0,465741.0,13
201300016346,13,8,15,1500,1,2,1,1.0,7,13108,M,4380667.0,466127.0,13
201300016347,13,8,19,1250,1,1,1,1.0,7,13108,M,4381397.0,467203.0,13
201300016348,13,8,23,1210,1,1,1,1.0,3,13108,M,4378496.0,470460.0,13
201300016349,13,8,24,200,3,1,1,1.0,7,13108,M,4373901.0,467202.0,13
201300016350,13,8,24,1200,1,1,2,1.0,3,30032,M,4379768.0,461925.0,30
201300016351,13,9,1,754,1,1,1,1.0,7,13108,M,4382889.0,467194.0,13
201300016352,13,9,1,1915,2,1,1,1.0,7,13108,M,4380049.0,467264.0,13
201300016353,13,9,3,20,3,1,1,1.0,7,30032,M,4382339.0,461322.0,30
201300016354,13,9,4,1300,1,2,1,1.0,2,30032,M,4380600.0,464227.0,30
201300016355,13,9,6,800,1,1,1,1.0,1,30032,M,,,30
201300016356,13,9,22,1200,1,1,3,1.0,3,13108,M,,,13
201300016357,13,9,28,1400,1,1,6,1.0,2,13045,M,,,13
201300016358,13,9,27,515,3,1,1,1.0,6,30032,M,4378243.0,462518.0,30
201300016359,13,10,23,1955,5,2,1,1.0,6,30032,M,4380783.0,464554.0,30
201300016360,13,10,24,1945,3,1,1,1.0,6,13108,M,4376745.0,469350.0,13
201300016361,13,10,28,630,4,2,1,1.0,7,30032,M,,,30
201300016362,13,10,31,945,1,1,1,1.0,6,30032,M,4379858.0,460911.0,30
201300016363,13,11,2,350,5,2,1,1.0,6,13108,M,4380684.0,465652.0,13
201300016364,13,11,15,2315,3,1,1,1.0,7,13108,M,4384500.0,467747.0,13
201300016365,13,11,18,750,1,1,1,2.0,7,13108,M,,,13
201300016366,13,11,22,1300,1,1,9,1.0,3,13108,M,4381912.0,466654.0,13
201300016367,13,11,20,1200,1,2,1,1.0,2,13108,M,4380703.0,465761.0,13
201300016368,13,11,27,1000,1,1,1,1.0,7,13108,M,4378745.0,467599.0,13
201300016369,13,11,29,2030,3,1,1,1.0,7,30032,M,4379259.0,463030.0,30
201300016370,13,12,9,1730,1,2,1,1.0,6,13108,M,4380202.0,466404.0,13
201300016371,13,12,20,800,2,1,3,3.0,5,30032,M,4378537.0,457025.0,30
201300016372,13,12,17,810,1,2,1,1.0,6,13108,M,4380224.0,466328.0,13
201300016373,13,12,19,800,1,1,1,1.0,7,13108,M,4382882.0,467194.0,13
201300016374,13,12,14,1530,1,1,1,1.0,7,30032,M,4378928.0,458037.0,30
201300016375,13,12,21,2055,5,2,1,1.0,7,30032,M,,,30
201300016376,13,12,22,515,3,1,1,2.0,7,13108,M,,,13
201300016377,13,1,2,1320,1,1,3,1.0,7,13019,M,,,13
201300016378,13,1,10,1050,1,1,1,1.0,7,13117,M,,,13
201300016379,13,1,10,1200,1,1,1,1.0,2,13117,M,,,13
201300016380,13,1,13,1100,1,1,1,2.0,7,13117,M,4344856.0,523036.0,13
201300016381,13,1,14,510,5,1,1,1.0,1,13019,M,,,13
201300016382,13,1,14,745,1,1,1,1.0,5,13019,M,,,13
201300016383,13,1,14,1600,1,1,1,1.0,6,13019,M,,,13
201300016384,13,1,17,1840,3,1,1,1.0,3,13071,M,,,13
201300016385,13,1,18,825,1,1,1,8.0,5,13117,M,,,13
201300016386,13,1,19,640,5,2,1,2.0,7,13071,M,,,13
201300016387,13,1,23,1320,1,1,1,2.0,6,13071,M,,,13
201300016388,13,1,24,900,1,1,1,1.0,2,13117,M,,,13
201300016389,13,1,24,1125,1,2,1,1.0,2,13117,M,,,13
201300016390,13,1,25,730,5,1,1,1.0,6,13071,M,4341603.0,534992.0,13
201300016391,13,1,26,1815,5,2,9,1.0,3,13071,M,,,13
201300016392,13,1,28,920,1,1,1,1.0,7,13117,M,,,13
201300016393,13,1,31,555,3,2,2,1.0,6,13117,M,4342850.0,527084.0,13
201300016394,13,1,31,1720,1,2,4,1.0,3,13117,M,,,13
201300016395,13,2,4,1100,1,2,3,1.0,3,13071,M,4341570.0,529596.0,13
201300016396,13,2,5,830,1,1,1,1.0,3,13019,M,,,13
201300016397,13,2,5,1745,2,2,3,1.0,3,13019,M,4342006.0,536692.0,13
201300016398,13,2,7,1740,2,1,1,3.0,2,13071,M,4338587.0,534584.0,13
201300016399,13,2,14,15,5,1,1,1.0,7,13071,M,,,13
201300016400,13,2,14,1915,5,1,1,1.0,6,13117,M,,,13
201300016401,13,2,15,750,1,1,6,1.0,3,13019,M,4342055.0,536715.0,13
201300016402,13,2,16,1740,1,2,1,1.0,6,13117,M,,,13
201300016403,13,2,20,2210,5,2,1,1.0,7,13117,M,,,13
201300016404,13,2,23,1820,1,2,1,1.0,6,13071,M,,,13
201300016405,13,3,1,1120,1,1,1,1.0,7,13071,M,,,13
201300016406,13,3,4,1325,1,1,1,1.0,2,13117,M,,,13
201300016407,13,3,6,915,1,2,1,6.0,1,13019,M,,,13
201300016408,13,3,6,1500,1,1,1,1.0,3,13071,M,,,13
201300016409,13,3,12,900,1,2,1,1.0,3,13117,M,,,13
201300016410,13,3,20,2210,5,2,1,1.0,1,13117,M,4345505.0,524283.0,13
201300016411,13,3,21,1720,1,1,3,1.0,3,13117,M,,,13
201300016412,13,3,22,930,1,2,1,1.0,5,13071,M,,,13
201300016413,13,3,23,1745,1,1,1,1.0,3,13019,M,,,13
201300016414,13,3,24,1210,1,2,1,3.0,6,13071,M,,,13
201300016415,13,3,25,800,1,1,1,1.0,2,13117,M,,,13
201300016416,13,3,25,1630,1,2,8,1.0,6,13117,M,,,13
201300016417,13,3,28,1255,1,2,1,3.0,7,13071,M,,,13
201300016418,13,3,30,1300,1,2,1,1.0,1,13117,M,,,13
201300016419,13,3,30,1615,1,2,1,1.0,6,13117,M,,,13
201300016420,13,3,31,1535,1,1,1,1.0,2,13117,M,,,13
201300016421,13,4,2,1415,1,1,1,1.0,7,13117,M,,,13
201300016422,13,4,3,1715,1,1,1,1.0,6,13019,M,,,13
201300016423,13,4,9,1655,1,1,6,1.0,2,13117,M,,,13
201300016424,13,4,9,1820,1,2,1,1.0,2,13117,M,,,13
201300016425,13,4,10,1225,1,2,9,1.0,3,13117,M,,,13
201300016426,13,4,12,1200,1,2,3,1.0,3,13117,M,4343364.0,528413.0,13
201300016427,13,4,12,1230,1,2,1,1.0,3,13071,M,,,13
201300016428,13,4,15,1100,1,2,3,1.0,3,13019,M,4342175.0,536763.0,13
201300016429,13,4,21,1115,1,1,1,1.0,6,13071,M,,,13
201300016430,13,4,22,1140,1,1,1,1.0,6,13117,M,,,13
201300016431,13,4,23,1740,1,1,1,1.0,4,13071,M,,,13
201300016432,13,4,27,1700,1,2,1,2.0,7,13117,M,,,13
201300016433,13,4,28,525,3,2,6,1.0,2,13117,M,,,13
201300016434,13,4,28,1610,1,1,1,2.0,4,13117,M,,,13
201300016435,13,4,28,1800,1,2,1,3.0,6,13019,M,,,13
201300016436,13,4,30,1100,1,2,1,1.0,6,13071,M,,,13
201300016437,13,6,3,2345,3,1,1,1.0,2,13117,M,,,13
201300016438,13,6,4,1840,1,2,1,1.0,2,13117,M,,,13
201300016439,13,6,5,730,1,1,1,1.0,7,13117,M,,,13
201300016440,13,6,7,1540,1,1,1,1.0,4,13117,M,,,13