Num_Acc,an,mois,jour,hrmn,lum,agg,int,atm,col,com,gps,lat,long,dep
201300016441,13,6,11,1400,1,2,1,1.0,6,13117,M,,,13
201300016442,13,6,13,1415,1,2,1,1.0,4,13117,M,,,13
201300016443,13,6,14,930,1,2,6,1.0,3,13117,M,4342188.0,526957.0,13
201300016444,13,6,15,1320,1,2,1,1.0,2,13117,M,,,13
201300016445,13,6,17,1200,1,2,6,1.0,3,13117,M,4345427.0,524318.0,13
201300016446,13,6,20,1315,1,2,1,1.0,1,13117,M,,,13
201300016447,13,6,20,1520,1,1,1,1.0,3,13071,M,4340313.0,527668.0,13
201300016448,13,6,26,1320,1,1,1,1.0,3,13071,M,,,13
201300016449,13,6,27,1505,1,2,1,1.0,3,13019,M,,,13
201300016450,13,6,30,300,3,2,1,1.0,6,13117,M,,,13
201300016451,13,7,1,1800,1,1,3,1.0,1,13019,M,4342291.0,537179.0,13
201300016452,13,7,2,1745,1,1,1,1.0,5,13117,M,,,13
201300016453,13,7,3,1,5,1,1,1.0,6,13071,M,4339877.0,534003.0,13
201300016454,13,7,3,2115,1,2,9,1.0,2,13117,M,4342931.0,526916.0,13
201300016455,13,7,5,1230,1,1,1,1.0,7,13117,M,,,13
201300016456,13,7,7,550,2,2,1,1.0,6,13117,M,,,13
201300016457,13,7,9,1100,1,1,3,1.0,3,13071,M,4341540.0,529676.0,13
201300016458,13,7,10,1940,1,1,1,1.0,2,13071,M,,,13
201300016459,13,7,10,2210,5,1,1,1.0,7,13071,M,,,13
201300016460,13,7,11,2245,4,1,1,1.0,6,13071,M,,,13
201300016461,13,7,13,1415,1,2,3,1.0,3,13071,M,4341654.0,529493.0,13
201300016462,13,7,15,1935,1,2,1,1.0,3,13117,M,,,13
201300016463,13,7,17,1730,1,1,1,1.0,3,13117,M,,,13
201300016464,13,7,17,1745,1,2,1,1.0,3,13117,M,,,13
201300016465,13,7,20,930,1,2,1,1.0,2,13071,M,,,13
201300016466,13,7,22,2310,5,2,9,1.0,3,13117,M,,,13
201300016467,13,7,23,1210,1,1,3,1.0,3,13019,M,,,13
201300016468,13,7,23,1300,1,2,1,1.0,3,13117,M,,,13
201300016469,13,7,24,1,5,2,1,1.0,6,13117,M,4343950.0,525597.0,13
201300016470,13,7,24,1800,1,2,1,1.0,2,13117,M,,,13
201300016471,13,7,26,1430,1,1,1,1.0,2,13117,M,,,13
201300016472,13,7,27,1650,1,1,1,1.0,5,13071,M,,,13
201300016473,13,7,29,700,2,1,1,3.0,6,13117,M,,,13
201300016474,13,7,29,800,2,1,1,3.0,6,13071,M,,,13
201300016475,13,7,30,1930,1,2,3,1.0,2,13117,M,,,13
201300016476,13,7,30,1645,1,1,1,1.0,4,13019,M,,,13
201300016477,13,7,29,1655,1,2,3,1.0,2,13117,M,4344219.0,524455.0,13
201300016478,13,8,2,1130,1,2,1,1.0,2,13117,M,,,13
201300016479,13,8,3,1420,1,2,1,1.0,2,13117,M,,,13
201300016480,13,8,7,410,3,1,1,1.0,6,13019,M,4346626.0,536375.0,13
201300016481,13,8,7,1930,1,2,1,8.0,6,13071,M,,,13
201300016482,13,8,8,645,2,1,1,2.0,7,13019,M,,,13
201300016483,13,8,9,300,3,2,1,1.0,7,13117,M,,,13
201300016484,13,8,10,1915,1,2,1,1.0,6,13019,M,,,13
201300016485,13,8,12,1810,1,1,1,1.0,2,13117,M,,,13
201300016486,13,8,15,1510,1,2,1,1.0,6,13071,M,4340601.0,530959.0,13
201300016487,13,8,23,1750,1,2,1,1.0,2,13071,M,,,13
201300016488,13,9,1,855,1,2,1,1.0,6,13117,M,,,13
201300016489,13,9,1,1615,1,2,4,1.0,6,13117,M,4345797.0,524946.0,13
201300016490,13,9,4,845,2,2,1,1.0,6,13117,M,,,13
201300016491,13,9,4,1630,1,2,1,1.0,1,13117,M,4343868.0,524518.0,13
201300016492,13,9,4,1810,1,1,1,1.0,3,13019,M,,,13
201300016493,13,9,5,750,1,2,3,1.0,3,13071,M,,,13
201300016494,13,9,5,1240,1,1,1,1.0,7,13117,M,,,13
201300016495,13,9,5,1600,1,1,1,1.0,2,13117,M,,,13
201300016496,13,9,6,1700,1,1,1,1.0,2,13117,M,,,13
201300016497,13,9,6,1800,1,2,9,1.0,3,13117,M,,,13
201300016498,13,9,10,1840,1,1,1,1.0,4,13071,M,,,13
201300016499,13,9,13,1415,1,2,1,1.0,6,13117,M,,,13
201300016500,13,9,13,1530,1,2,1,1.0,6,13117,M,,,13
201300016501,13,9,19,1200,1,1,2,1.0,3,13117,M,4346846.0,523339.0,13
201300016502,13,9,20,1700,1,2,1,1.0,2,13071,M,,,13
201300016503,13,9,22,1500,1,2,2,1.0,6,13071,M,4338122.0,534984.0,13
201300016504,13,9,23,630,2,1,1,1.0,6,13117,M,,,13
201300016505,13,9,23,900,1,2,1,1.0,2,13071,M,,,13
201300016506,13,9,26,1615,1,2,1,1.0,3,13117,M,,,13
201300016507,13,9,26,1800,1,2,1,1.0,1,13071,M,,,13
201300016508,13,9,26,1915,1,2,1,1.0,2,13019,M,,,13
201300016509,13,9,27,1100,1,1,1,1.0,3,13071,M,,,13
201300016510,13,9,29,1410,1,1,1,1.0,7,13071,M,,,13
201300016511,13,10,1,1810,1,2,1,1.0,2,13117,M,,,13
201300016512,13,10,3,1230,1,2,1,1.0,3,13071,M,,,13
201300016513,13,10,3,1520,1,2,1,1.0,6,13117,M,,,13
201300016514,13,10,5,1330,1,1,1,1.0,7,13117,M,,,13
201300016515,13,10,6,1730,1,2,9,1.0,2,13117,M,,,13
201300016516,13,10,8,1200,1,2,1,1.0,4,13117,M,,,13
201300016517,13,10,10,1310,1,1,1,1.0,6,13117,M,,,13
201300016518,13,10,14,840,1,1,1,1.0,7,13019,M,,,13
201300016519,13,10,14,1650,1,2,1,1.0,6,13117,M,,,13
201300016520,13,10,16,1630,1,1,3,1.0,3,13071,M,4341546.0,529658.0,13
201300016521,13,10,17,1310,1,2,2,1.0,3,13117,M,4342330.0,528372.0,13
201300016522,13,10,19,1540,1,2,1,1.0,4,13019,M,,,13
201300016523,13,10,23,550,5,1,1,2.0,6,13117,M,,,13
201300016524,13,10,23,845,1,1,1,1.0,6,13117,M,,,13
201300016525,13,10,25,910,1,1,3,1.0,3,13117,M,4345401.0,523184.0,13
201300016526,13,10,27,1830,5,2,6,1.0,7,13117,M,4342317.0,525850.0,13
201300016527,13,10,28,2350,5,2,1,1.0,6,13117,M,,,13
201300016528,13,10,27,2150,5,2,1,1.0,6,13071,M,4341331.0,535843.0,13
201300016529,13,10,29,2100,5,2,3,1.0,3,13071,M,4341544.0,529664.0,13
201300016530,13,10,31,1105,1,1,4,1.0,3,13117,M,,,13
201300016531,13,10,31,2135,3,2,3,1.0,3,13117,M,4345775.0,523301.0,13
201300016532,13,10,31,1210,1,2,1,1.0,7,13117,M,4345191.0,523195.0,13
201300016533,13,10,31,1130,1,1,1,2.0,6,13117,M,,,13
201300016534,13,11,2,1050,1,2,1,1.0,3,13019,M,4346520.0,535254.0,13
201300016535,13,11,3,1430,1,2,2,1.0,3,13117,M,,,13
201300016536,13,11,4,1200,1,2,1,2.0,7,13071,M,,,13
201300016537,13,11,4,1840,3,1,1,1.0,6,13117,M,,,13
201300016538,13,11,5,1850,3,1,1,1.0,3,13117,M,,,13
201300016539,13,11,7,810,1,2,3,1.0,1,13117,M,4343788.0,525627.0,13
201300016540,13,11,7,1645,1,2,6,1.0,3,13117,M,4344410.0,524577.0,13
201300016541,13,11,8,1515,1,2,1,1.0,3,13117,M,,,13
201300016542,13,11,9,1315,1,1,1,1.0,6,13019,M,,,13
201300016543,13,11,12,945,1,2,1,1.0,2,13117,M,4343316.0,525391.0,13
201300016544,13,11,18,1400,1,1,1,2.0,6,13117,M,,,13
201300016545,13,11,18,1735,3,2,1,1.0,6,13117,M,4342141.0,526575.0,13
201300016546,13,11,19,1030,1,1,1,1.0,2,13117,M,,,13
201300016547,13,11,20,2230,5,1,1,2.0,7,13071,M,,,13
201300016548,13,11,21,1000,1,1,1,8.0,3,13071,M,,,13
201300016549,13,11,23,530,2,2,1,1.0,6,13117,M,,,13
201300016550,13,11,28,630,5,1,6,1.0,3,13019,M,,,13
201300016551,13,11,28,915,1,1,6,1.0,3,13071,M,,,13
201300016552,13,11,28,1150,1,1,1,1.0,7,13019,M,,,13
201300016553,13,11,28,1240,1,1,1,1.0,6,13019,M,,,13
201300016554,13,11,29,1115,1,2,1,1.0,6,13019,M,,,13
201300016555,13,11,30,1955,3,2,1,8.0,3,13117,M,,,13
201300016556,13,12,4,815,1,2,3,1.0,3,13117,M,4342368.0,528422.0,13
201300016557,13,12,5,1132,1,2,2,1.0,3,13117,M,4342323.0,524109.0,13
201300016558,13,12,5,1200,1,2,1,1.0,4,13117,M,,,13
201300016559,13,12,6,1040,1,2,1,1.0,3,13117,M,,,13
201300016560,13,12,6,1755,3,1,1,1.0,4,13117,M,4347087.0,523115.0,13
201300016561,13,12,10,1840,3,1,1,1.0,3,13071,M,,,13
201300016562,13,12,11,1800,3,1,1,1.0,3,13019,M,,,13
201300016563,13,12,12,1700,3,1,1,1.0,3,13071,M,,,13
201300016564,13,12,14,1540,1,2,1,1.0,3,13019,M,,,13
201300016565,13,12,16,1800,3,1,1,1.0,3,13117,M,,,13
201300016566,13,12,17,1700,2,2,1,1.0,3,13117,M,4344083.0,524353.0,13
201300016567,13,12,18,805,1,1,1,1.0,3,13071,M,,,13
201300016568,13,12,19,1500,1,1,1,3.0,6,13117,M,,,13
201300016569,13,12,19,1645,3,2,1,3.0,4,13117,M,,,13
201300016570,13,12,20,1640,1,2,1,2.0,2,13117,M,,,13
201300016571,13,12,20,1900,3,1,1,2.0,1,13019,M,,,13
201300016572,13,12,21,2040,3,2,1,1.0,7,13117,M,,,13
201300016573,13,12,22,1410,1,1,1,1.0,1,13019,M,,,13
201300016574,13,12,23,845,1,2,1,1.0,1,13117,M,,,13
201300016575,13,12,23,1510,1,1,1,1.0,7,13117,M,,,13
201300016576,13,12,23,350,5,1,1,2.0,6,13117,M,,,13
201300016577,13,12,24,1330,1,2,1,1.0,3,13071,M,,,13
201300016578,13,12,20,1100,1,2,1,3.0,6,13117,M,,,13
201300016579,13,12,30,1445,1,2,1,1.0,2,13117,M,,,13
201300016580,13,12,30,2335,3,1,1,1.0,6,13117,M,,,13
201300016581,13,1,19,2345,3,1,1,4.0,6,68296,M,4821678.0,740147.0,68
201300016582,13,2,20,2215,3,1,1,1.0,7,68234,M,4795312.0,736608.0,68
201300016583,13,3,31,800,1,1,1,8.0,6,68234,M,4795221.0,736610.0,68
201300016584,13,4,20,1230,1,1,1,1.0,2,68113,M,4818623.0,739003.0,68
201300016585,13,5,2,2030,2,1,1,1.0,7,68082,M,4783798.0,739427.0,68
201300016586,13,5,15,1815,1,1,6,1.0,3,68146,M,4812066.0,736745.0,68
201300016587,13,7,17,500,2,1,1,1.0,5,68022,M,4782305.0,739369.0,68
201300016588,13,7,18,1345,1,1,1,1.0,2,68205,M,4792633.0,735983.0,68
201300016589,13,7,26,330,3,1,1,1.0,2,68082,M,4786700.0,739500.0,68
201300016590,13,8,1,1930,1,1,1,1.0,4,68296,M,4822800.0,740360.0,68
201300016591,13,9,2,845,1,1,1,1.0,6,68082,M,4788500.0,738400.0,68
201300016592,13,9,6,1015,1,1,1,1.0,3,68146,M,4814400.0,736600.0,68
201300016593,13,10,21,1800,2,1,1,1.0,6,68146,M,4714107.0,736606.0,68
201300016594,13,10,24,1000,1,1,1,1.0,2,68066,M,4806405.0,738268.0,68
201300016595,13,10,26,2130,3,1,1,1.0,2,68037,M,4796639.0,737027.0,68
201300016596,13,11,10,345,3,1,1,2.0,6,68228,M,4793400.0,736200.0,68
201300016597,13,11,22,2115,3,1,1,5.0,2,68082,M,4786500.0,739500.0,68
201300016598,13,1,27,330,3,1,1,2.0,1,78620,M,4875500.0,211900.0,78
201300016599,13,10,11,730,5,2,1,2.0,6,78356,M,4875600.0,206800.0,78
201300016600,13,10,13,1445,1,1,1,1.0,2,78561,M,4874100.0,201600.0,78
201300016601,13,8,21,1845,1,1,2,1.0,3,41157,M,4745470.0,157548.0,41
201300016602,13,2,4,715,3,1,1,2.0,2,24454,M,4498943.0,10688.0,24
201300016603,13,3,10,1645,1,1,1,4.0,7,72047,M,0.0,0.0,72
201300016604,13,5,8,1400,1,1,1,1.0,6,72320,M,0.0,0.0,72
201300016605,13,6,25,700,1,1,1,1.0,2,72320,M,0.0,0.0,72
201300016606,13,8,16,1445,1,1,1,1.0,3,72221,M,0.0,0.0,72
201300016607,13,8,23,1530,1,1,1,1.0,3,72054,M,0.0,0.0,72
201300016608,13,9,30,1830,1,1,1,1.0,7,72231,M,0.0,0.0,72
201300016609,13,10,18,800,2,1,1,5.0,7,72300,M,0.0,0.0,72
201300016610,13,10,31,1230,1,1,1,1.0,2,72124,M,0.0,0.0,72
201300016611,13,2,21,845,1,2,1,1.0,1,72198,M,4807000.0,13500.0,72
201300016612,13,4,29,1000,1,1,1,1.0,5,72089,M,4813200.0,-2200.0,72
201300016613,13,6,13,1600,1,1,1,1.0,7,72211,M,0.0,0.0,72
201300016614,13,6,19,1900,1,2,1,1.0,7,72181,M,0.0,0.0,72
201300016615,13,12,28,1415,1,1,1,1.0,1,72256,M,0.0,0.0,72
201300016616,13,1,7,1930,3,1,1,1.0,6,95151,M,4905960.0,226910.0,95
201300016617,13,4,2,1430,1,2,2,1.0,3,95256,M,4900710.0,228120.0,95
201300016618,13,7,17,700,1,2,1,1.0,3,95394,M,4905350.0,219480.0,95
201300016619,13,7,18,1415,1,2,1,1.0,6,95392,M,4907450.0,220060.0,95
201300016620,13,9,7,1245,1,2,1,1.0,3,95394,M,4905930.0,216560.0,95
201300016621,13,9,7,1930,1,1,1,1.0,7,95394,M,4904910.0,219190.0,95
201300016622,13,10,15,745,2,2,1,8.0,6,95394,M,4906290.0,218710.0,95
201300016623,13,10,30,1730,1,1,1,1.0,5,95392,M,4908550.0,220680.0,95
201300016624,13,11,20,1445,1,2,1,3.0,6,95394,M,4905950.0,216640.0,95
201300016625,13,7,22,1400,1,1,1,1.0,6,72380,M,0.0,0.0,72
201300016626,13,5,6,915,1,1,1,1.0,2,49308,M,4739994.0,-51286.0,49
201300016627,13,6,27,1200,1,1,1,1.0,2,49022,M,4731967.0,-60584.0,49
201300016628,13,7,11,1715,1,1,1,1.0,2,49022,M,4732094.0,-60539.0,49
201300016629,13,8,10,1600,1,1,1,1.0,6,49099,M,4701552.0,-87905.0,49
201300016630,13,3,30,430,3,1,1,2.0,6,24212,M,4472460.0,59457.0,24
201300016631,13,10,18,715,3,1,1,1.0,6,24274,M,4479970.0,45647.0,24
201300016632,13,4,13,600,2,1,1,2.0,6,68321,M,4783515.0,725304.0,68
201300016633,13,5,21,1930,1,1,1,2.0,6,68375,M,4777276.0,722606.0,68
201300016634,13,6,26,300,3,1,1,1.0,6,68375,M,4781000.0,727182.0,68
201300016635,13,6,30,630,2,1,1,1.0,6,68375,M,4783085.0,727870.0,68
201300016636,13,7,2,1200,1,2,1,1.0,3,68375,M,4781479.0,724126.0,68
201300016637,13,9,30,800,1,2,1,1.0,6,68375,M,4781100.0,724100.0,68
201300016638,13,9,27,1230,1,2,1,1.0,3,68321,M,4782800.0,727000.0,68
201300016639,13,10,28,1700,5,2,7,1.0,6,68375,M,4781300.0,723900.0,68
201300016640,13,12,16,930,1,2,1,1.0,3,68321,M,4783300.0,724700.0,68
201300016641,13,12,19,1930,5,2,1,2.0,6,68321,M,4782900.0,725100.0,68
201300016642,13,4,16,130,3,1,1,1.0,6,19009,M,4532100.0,179100.0,19
201300016643,13,7,13,1645,1,1,1,1.0,7,19287,M,4537300.0,197900.0,19
201300016644,13,10,18,1745,1,1,1,1.0,7,19236,M,0.0,0.0,19
201300016645,13,3,6,1600,1,2,3,1.0,3,67512,M,4885400.0,760900.0,67
201300016646,13,4,8,1630,1,2,1,1.0,1,67512,M,0.0,0.0,67
201300016647,13,4,9,615,2,2,1,1.0,1,67388,M,0.0,0.0,67
201300016648,13,5,8,1900,1,2,1,1.0,6,67388,M,0.0,0.0,67
201300016649,13,6,19,845,1,1,1,1.0,1,67358,M,4891600.0,755000.0,67
201300016650,13,12,14,2315,3,1,1,5.0,1,67176,M,4890000.0,765700.0,67
201300016651,13,12,23,1900,3,1,1,8.0,6,67174,M,0.0,0.0,67
201300016652,13,1,4,1720,2,2,1,1.0,6,14118,M,,,14
201300016653,13,1,8,825,4,2,1,1.0,6,14118,M,4917310.0,-35433.0,14
201300016654,13,1,13,500,3,1,1,1.0,7,14137,M,,,14
201300016655,13,1,21,1730,2,2,1,2.0,6,14118,M,4917140.0,-35001.0,14
201300016656,13,1,22,800,2,2,1,8.0,6,14118,M,4918170.0,-40121.0,14
201300016657,13,1,24,1530,1,2,1,1.0,1,14118,M,4917880.0,-36492.0,14
201300016658,13,1,24,2100,4,2,1,1.0,6,14118,M,4921120.0,-36264.0,14
201300016659,13,1,31,1950,5,2,1,1.0,2,14242,M,4921460.0,-36521.0,14
201300016660,13,2,6,1420,1,2,1,1.0,3,14437,M,4916330.0,-30311.0,14
201300016661,13,2,6,2330,5,2,1,1.0,2,14118,M,,,14
201300016662,13,2,5,900,1,2,1,1.0,3,14118,M,,,14
201300016663,13,2,5,1800,2,2,1,1.0,6,14327,M,,,14
201300016664,13,2,11,2200,3,1,1,1.0,2,14341,M,4914470.0,-36215.0,14
201300016665,13,2,12,1055,1,2,1,1.0,6,14118,M,4918360.0,-36919.0,14
201300016666,13,2,11,1230,1,2,3,1.0,6,14118,M,4918420.0,-36154.0,14
201300016667,13,2,16,110,5,2,2,1.0,3,14327,M,,,14
201300016668,13,2,16,600,5,1,1,1.0,6,14437,M,4916860.0,-30232.0,14
201300016669,13,2,15,1720,1,2,1,1.0,2,14181,M,,,14
201300016670,13,2,18,1520,1,2,2,1.0,3,14167,M,4920660.0,-29873.0,14
201300016671,13,2,19,1835,1,2,2,1.0,6,14118,M,4918330.0,-39973.0,14
201300016672,13,2,20,1145,1,2,1,1.0,3,14118,M,4918020.0,-36771.0,14
201300016673,13,2,22,1800,1,2,1,1.0,3,14341,M,4916050.0,-36191.0,14
201300016674,13,2,23,200,5,2,1,1.0,6,14118,M,4920000.0,-37093.0,14
201300016675,13,2,27,1100,1,2,1,1.0,3,14118,M,,,14
201300016676,13,3,1,20,5,2,1,1.0,6,14118,M,4920510.0,-37008.0,14
201300016677,13,3,5,830,1,2,2,1.0,6,14118,M,4918520.0,-36833.0,14
201300016678,13,3,16,435,5,2,1,1.0,6,14118,M,4918310.0,-37951.0,14
201300016679,13,3,21,800,1,2,1,1.0,6,14118,M,,,14
201300016680,13,3,21,2340,5,2,1,1.0,6,14181,M,4916560.0,-34259.0,14
201300016681,13,3,26,1715,1,2,1,1.0,2,14118,M,4916920.0,-40505.0,14
201300016682,13,3,29,1315,1,2,1,1.0,5,14437,M,4918010.0,-32346.0,14
201300016683,13,4,13,1635,1,2,3,2.0,3,14437,M,4916420.0,-32841.0,14
201300016684,13,4,16,2325,5,2,1,1.0,6,14118,M,4916800.0,-36236.0,14
201300016685,13,4,27,1615,1,2,1,1.0,2,14118,M,4917950.0,-34171.0,14
201300016686,13,4,29,1955,1,2,3,1.0,3,14118,M,4918770.0,-40588.0,14
201300016687,13,4,29,2155,5,1,1,1.0,3,14118,M,4919580.0,-39851.0,14
201300016688,13,5,1,2200,5,2,1,1.0,6,14118,M,4917160.0,-39836.0,14
201300016689,13,5,4,10,5,2,1,1.0,6,14118,M,4918290.0,-37788.0,14
201300016690,13,5,9,1730,1,2,3,1.0,6,14437,M,4917780.0,-32788.0,14
201300016691,13,5,10,1835,1,2,1,1.0,6,14118,M,4917800.0,-36049.0,14
201300016692,13,5,15,240,3,2,7,1.0,6,14167,M,4918720.0,-31055.0,14
201300016693,13,6,4,2010,1,2,3,1.0,2,14118,M,4918200.0,-35355.0,14
201300016694,13,6,4,1730,1,2,1,1.0,5,14437,M,4916530.0,-29635.0,14
201300016695,13,6,10,1025,1,2,1,1.0,3,14118,M,,,14
201300016696,13,6,13,200,5,2,1,1.0,6,14118,M,4917490.0,-34448.0,14
201300016697,13,6,16,45,5,2,1,1.0,6,14167,M,4920260.0,-29664.0,14
201300016698,13,6,18,920,1,2,1,1.0,6,14118,M,4920310.0,-39079.0,14
201300016699,13,6,21,1540,1,2,1,1.0,6,14118,M,4918500.0,-34503.0,14
201300016700,13,6,22,250,5,2,1,1.0,6,14437,M,4917940.0,-33389.0,14
201300016701,13,6,26,1000,1,1,6,1.0,1,14271,M,4913920.0,-37628.0,14
201300016702,13,6,28,2330,5,2,2,1.0,3,14118,M,4918630.0,-39130.0,14
201300016703,13,6,29,430,5,2,1,9.0,6,14437,M,4917950.0,-33230.0,14
201300016704,13,6,12,1915,1,2,3,1.0,3,14118,M,4916840.0,-35212.0,14
201300016705,13,6,27,1350,1,2,1,1.0,6,14118,M,4920500.0,-37578.0,14
201300016706,13,7,1,1850,1,2,1,1.0,2,14101,M,,,14
201300016707,13,7,6,2000,1,1,1,1.0,2,14341,M,,,14
201300016708,13,7,9,1500,1,2,1,1.0,2,14181,M,,,14
201300016709,13,7,15,1510,1,2,3,1.0,3,14118,M,,,14
201300016710,13,7,13,2340,5,1,1,1.0,3,14118,M,,,14
201300016711,13,7,13,800,2,2,1,1.0,7,14327,M,,,14
201300016712,13,7,24,2030,1,1,1,1.0,7,14341,M,,,14
201300016713,13,7,25,1150,1,2,1,1.0,3,14118,M,,,14
201300016714,13,7,31,1705,1,2,1,1.0,6,14118,M,,,14
201300016715,13,6,20,1830,1,2,1,1.0,3,14341,M,4915430.0,-35330.0,14
201300016716,13,8,6,1610,1,2,1,1.0,6,14118,M,,,14
201300016717,13,6,30,20,5,2,2,1.0,3,14118,M,4918370.0,-35701.0,14
201300016718,13,8,10,1145,1,2,1,1.0,6,14437,M,,,14
201300016719,13,8,11,1100,1,2,1,1.0,3,14118,M,,,14
201300016720,13,8,14,2345,3,1,1,1.0,6,14383,M,,,14
201300016721,13,8,20,415,5,1,1,1.0,7,14118,M,,,14
201300016722,13,8,23,15,3,1,1,1.0,6,14271,M,,,14
201300016723,13,8,31,530,5,2,1,1.0,6,14118,M,,,14
201300016724,13,9,4,1945,1,2,1,1.0,6,14118,M,,,14
201300016725,13,9,5,1550,1,2,1,1.0,6,14118,M,,,14
201300016726,13,9,9,1645,1,2,1,1.0,6,14118,M,,,14
201300016727,13,9,12,2045,5,2,1,1.0,6,14118,M,,,14
201300016728,13,9,14,1615,1,2,1,1.0,6,14587,M,,,14
201300016729,13,9,20,1730,1,2,1,1.0,2,14327,M,,,14
201300016730,13,9,24,1810,1,1,1,1.0,5,14118,M,,,14
201300016731,13,9,26,1740,1,2,3,1.0,3,14327,M,,,14
201300016732,13,9,27,1340,1,2,1,1.0,3,14118,M,,,14
201300016733,13,9,27,1205,1,2,2,1.0,3,14327,M,,,14
201300016734,13,10,2,1630,1,2,6,1.0,2,14118,M,,,14
201300016735,13,10,2,1540,1,2,2,1.0,6,14118,M,,,14
201300016736,13,10,4,1600,1,1,1,1.0,2,14271,M,,,14
201300016737,13,10,4,1745,1,2,1,1.0,6,14118,M,,,14
201300016738,13,10,8,840,1,2,3,1.0,3,14118,M,,,14
201300016739,13,10,10,750,5,2,1,1.0,2,14118,M,,,14
201300016740,13,10,11,755,2,1,2,2.0,5,14587,M,,,14
201300016741,13,10,28,1630,1,2,1,2.0,6,14118,M,,,14
201300016742,13,11,7,905,1,2,1,2.0,6,14118,M,,,14
201300016743,13,11,8,1155,1,2,2,2.0,3,14118,M,,,14
201300016744,13,11,11,2125,5,2,1,1.0,1,14341,M,,,14
201300016745,13,11,13,1500,1,2,1,1.0,2,14118,M,,,14
201300016746,13,11,15,905,1,2,2,1.0,1,14118,M,,,14
201300016747,13,11,23,540,5,2,1,1.0,6,14118,M,,,14
201300016748,13,11,26,900,1,2,1,1.0,6,14118,M,,,14
201300016749,13,11,22,1400,1,2,1,2.0,6,14118,M,,,14
201300016750,13,11,29,1800,5,2,1,1.0,6,14118,M,,,14
201300016751,13,12,1,300,5,2,1,1.0,6,14327,M,,,14
201300016752,13,11,30,915,1,2,2,8.0,1,14118,M,,,14
201300016753,13,11,19,955,1,2,1,1.0,7,14118,M,,,14
201300016754,13,12,10,1755,1,2,1,1.0,3,14327,M,,,14
201300016755,13,12,16,1025,1,2,1,1.0,1,14118,M,,,14
201300016756,13,12,16,1410,1,2,1,1.0,6,14118,M,,,14
201300016757,13,12,16,2150,5,2,1,1.0,6,14437,M,,,14
201300016758,13,12,26,1410,1,2,1,1.0,6,14118,M,,,14
201300016759,13,12,28,1950,5,2,1,1.0,4,14341,M,,,14
201300016760,13,2,11,1945,3,1,1,3.0,6,31269,M,0.0,0.0,31
201300016761,13,4,24,1530,1,1,1,1.0,1,31547,M,4349056.0,128210.0,31
201300016762,13,4,29,1700,1,2,2,1.0,3,14117,M,4929370.0,-11217.0,14
201300016763,13,5,29,1115,1,2,6,1.0,6,14117,M,4929050.0,-11510.0,14
201300016764,13,7,6,1955,1,2,3,1.0,3,14225,M,,,14
201300016765,13,7,31,1810,1,2,1,1.0,2,14117,M,,,14
201300016766,13,8,5,1755,1,2,2,1.0,3,14117,M,,,14
201300016767,13,8,6,1700,1,2,1,1.0,6,14225,M,,,14
201300016768,13,8,10,1950,1,2,3,1.0,3,14225,M,,,14
201300016769,13,8,15,1145,1,2,3,1.0,3,14338,M,,,14
201300016770,13,8,18,720,1,1,1,2.0,6,14225,M,,,14
201300016771,13,9,12,815,1,2,2,1.0,6,14225,M,,,14
201300016772,13,9,25,1800,1,2,1,1.0,7,14117,M,,,14
201300016773,13,9,27,1500,1,1,1,1.0,5,14338,M,,,14
201300016774,13,11,30,1325,1,2,3,1.0,3,14225,M,,,14
201300016775,13,12,22,1745,5,2,4,3.0,3,14117,M,,,14
201300016776,13,12,21,1010,1,2,3,1.0,7,14225,M,,,14
201300016777,13,2,26,1815,2,1,1,1.0,5,30356,M,4383007.0,442239.0,30
201300016778,13,4,30,2245,3,1,1,2.0,3,30060,M,4377720.0,439799.0,30
201300016779,13,5,4,1915,1,2,1,1.0,1,30034,M,4375570.0,452047.0,30
201300016780,13,5,8,1115,1,1,6,1.0,3,30117,M,4370742.0,455420.0,30
201300016781,13,6,11,1715,1,1,1,1.0,3,30047,M,4380954.0,440198.0,30
201300016782,13,6,21,1345,1,2,1,1.0,3,30125,M,4377185.0,442757.0,30
201300016783,13,6,26,1030,1,1,1,1.0,2,30060,M,4379172.0,437317.0,30
201300016784,13,6,28,1315,1,2,1,1.0,6,30034,M,4375769.0,451878.0,30
201300016785,13,7,13,430,3,1,1,1.0,2,30117,M,4371271.0,454892.0,30
201300016786,13,9,11,1830,1,2,1,1.0,1,30135,M,4383037.0,456379.0,30
201300016787,13,10,14,900,1,1,1,1.0,4,30117,M,4369270.0,460381.0,30
201300016788,13,11,4,1145,1,1,1,1.0,2,30034,M,4371800.0,445978.0,30
201300016789,13,11,15,1745,1,1,5,8.0,3,30034,M,4374803.0,452076.0,30
201300016790,13,11,19,715,2,1,1,1.0,6,30117,M,4371005.0,454950.0,30
201300016791,13,11,25,1830,3,1,6,6.0,3,30047,M,4379107.0,443102.0,30
201300016792,13,12,19,1900,3,1,1,2.0,1,30034,M,4373286.0,0.0,30