Num_Acc,an,mois,jour,hrmn,lum,agg,int,atm,col,com,gps,lat,long,dep
201300017455,13,8,22,1545,1,1,1,1.0,1,60699,M,0.0,0.0,60
201300017456,13,9,6,2315,3,2,1,1.0,6,60622,M,0.0,0.0,60
201300017457,13,10,12,1515,1,1,1,1.0,6,60205,M,0.0,0.0,60
201300017458,13,10,18,2030,5,2,1,1.0,6,60403,M,0.0,0.0,60
201300017459,13,11,14,1800,5,2,1,2.0,6,60233,M,0.0,0.0,60
201300017460,13,12,27,2015,5,1,1,2.0,6,60590,M,0.0,0.0,60
201300017461,13,1,28,900,1,1,1,4.0,6,60173,M,0.0,0.0,60
201300017462,13,3,7,1015,1,1,1,2.0,1,60086,M,0.0,0.0,60
201300017463,13,7,11,1930,1,1,1,7.0,7,60173,M,0.0,0.0,60
201300017464,13,2,14,730,2,1,1,9.0,1,60082,M,0.0,0.0,60
201300017465,13,4,3,930,2,1,1,2.0,1,60664,M,0.0,0.0,60
201300017466,13,5,20,1000,1,1,2,3.0,3,60104,M,0.0,0.0,60
201300017467,13,8,18,415,3,1,1,1.0,6,60104,M,0.0,0.0,60
201300017468,13,10,7,1430,1,2,1,1.0,6,60104,M,0.0,0.0,60
201300017469,13,12,6,1845,3,1,1,1.0,5,60664,M,0.0,0.0,60
201300017470,13,12,24,1645,1,2,1,1.0,6,60026,M,0.0,0.0,60
201300017471,13,1,8,1530,1,2,1,8.0,6,60360,M,0.0,0.0,60
201300017472,13,3,6,1000,1,1,2,1.0,3,60040,M,0.0,0.0,60
201300017473,13,4,25,1700,1,1,1,1.0,1,60152,M,0.0,0.0,60
201300017474,13,7,7,630,2,1,1,1.0,6,60524,M,0.0,0.0,60
201300017475,13,1,28,800,2,1,1,8.0,1,60701,M,4954800.0,237500.0,60
201300017476,13,1,27,2000,3,1,1,2.0,7,60556,M,4960600.0,252400.0,60
201300017477,13,2,8,700,3,1,1,9.0,6,60498,M,4950900.0,246100.0,60
201300017478,13,2,12,1100,1,1,1,8.0,3,60133,M,0.0,0.0,60
201300017479,13,4,5,1345,1,2,1,1.0,6,60581,M,0.0,0.0,60
201300017480,13,5,4,1000,1,2,1,1.0,6,60581,M,4951300.0,243300.0,60
201300017481,13,6,13,1430,1,1,1,2.0,7,60522,M,4956000.0,241600.0,60
201300017482,13,6,15,115,5,2,1,1.0,6,60581,M,4951000.0,243000.0,60
201300017483,13,9,1,15,3,2,1,1.0,3,60112,M,0.0,0.0,60
201300017484,13,9,21,1330,1,1,2,1.0,3,60357,M,0.0,0.0,60
201300017485,13,10,16,1100,1,1,1,1.0,7,60564,M,0.0,0.0,60
201300017486,13,11,30,1545,1,2,1,1.0,1,60522,M,0.0,0.0,60
201300017487,13,11,27,1830,5,2,3,8.0,6,60581,M,0.0,0.0,60
201300017488,13,12,16,1930,3,1,1,1.0,6,60581,M,0.0,0.0,60
201300017489,13,1,2,1800,3,1,1,1.0,2,60537,M,4953900.0,294700.0,60
201300017490,13,2,15,2300,3,1,1,1.0,7,60064,M,4941800.0,303700.0,60
201300017491,13,4,4,1700,1,2,1,1.0,3,60156,M,0.0,0.0,60
201300017492,13,6,15,1145,1,2,1,1.0,6,60064,M,4941800.0,301900.0,60
201300017493,13,6,15,1645,1,1,1,1.0,6,60151,M,4944700.0,289000.0,60
201300017494,13,8,5,745,1,1,1,1.0,3,60582,M,4948100.0,294200.0,60
201300017495,13,8,7,1400,1,2,1,1.0,6,60636,M,4949100.0,288200.0,60
201300017496,13,9,15,1900,1,1,2,1.0,3,60150,M,0.0,0.0,60
201300017497,13,10,25,2300,3,1,1,2.0,6,60129,M,4951800.0,303600.0,60
201300017498,13,12,15,1230,1,1,1,1.0,6,60032,M,4944800.0,313400.0,60
201300017499,13,8,15,1800,1,1,1,9.0,7,60059,M,0.0,0.0,60
201300017500,13,3,2,1630,1,1,1,1.0,6,60166,M,0.0,0.0,60
201300017501,13,7,1,1930,1,1,1,1.0,1,60533,M,0.0,0.0,60
201300017502,13,8,14,15,3,1,1,1.0,6,60386,M,0.0,0.0,60
201300017503,13,9,13,930,1,2,1,2.0,3,60273,M,0.0,0.0,60
201300017504,13,10,12,1500,1,1,3,1.0,1,60191,M,0.0,0.0,60
201300017505,13,2,1,1245,1,2,2,2.0,3,60509,M,0.0,0.0,60
201300017506,13,2,18,1745,1,2,1,1.0,6,60509,M,0.0,0.0,60
201300017507,13,5,5,2045,2,2,1,1.0,6,60068,M,0.0,0.0,60
201300017508,13,8,19,1615,1,2,1,1.0,3,60068,M,0.0,0.0,60
201300017509,13,11,1,1215,1,1,1,2.0,1,60272,M,0.0,0.0,60
201300017510,13,11,4,1945,5,2,1,2.0,1,60509,M,0.0,0.0,60
201300017511,13,12,18,1715,4,2,1,1.0,5,60508,M,0.0,0.0,60
201300017512,13,4,17,2200,5,2,1,1.0,6,09176,M,4275000.0,175000.0,09
201300017513,13,10,21,330,5,2,1,1.0,6,09053,M,4276663.0,178539.0,09
201300017514,13,11,6,2015,3,1,1,1.0,1,09214,M,4297707.0,121189.0,09
201300017515,13,3,14,2300,3,1,1,4.0,6,09301,M,4290099.0,122715.0,09
201300017516,13,11,13,1730,2,1,1,2.0,1,09235,M,4303660.0,99438.0,09
201300017517,13,4,14,815,1,1,1,1.0,3,83012,M,0.0,0.0,83
201300017518,13,4,21,1715,1,1,1,1.0,7,83060,M,0.0,0.0,83
201300017519,13,8,9,945,1,1,1,1.0,6,83084,M,0.0,0.0,83
201300017520,13,1,6,1515,1,1,1,1.0,6,83007,M,0.0,0.0,83
201300017521,13,6,14,1700,1,1,1,1.0,1,83002,M,0.0,0.0,83
201300017522,13,2,12,1900,5,2,1,4.0,1,90009,M,0.0,0.0,90
201300017523,13,10,20,1205,1,1,1,3.0,7,90024,M,0.0,0.0,90
201300017524,13,9,14,700,2,1,1,2.0,6,90058,M,4771600.0,701200.0,90
201300017525,13,3,8,430,3,2,1,1.0,6,90072,M,0.0,0.0,90
201300017526,13,4,3,2216,3,1,1,8.0,6,90072,M,4754500.0,693100.0,90
201300017527,13,4,19,401,3,1,1,1.0,6,90017,M,0.0,0.0,90
201300017528,13,5,10,2046,2,2,1,1.0,6,90048,M,0.0,0.0,90
201300017529,13,5,21,2015,2,1,1,3.0,1,90053,M,0.0,0.0,90
201300017530,13,11,11,1830,3,1,1,1.0,6,90053,M,4753100.0,696300.0,90
201300017531,13,1,4,1930,3,1,4,1.0,7,50123,M,4912510.0,-120999.0,50
201300017532,13,7,2,1530,1,2,1,1.0,6,50356,M,4921050.0,-104255.0,50
201300017533,13,7,9,1730,1,1,1,1.0,1,50119,M,4916500.0,-122026.0,50
201300017534,13,9,22,530,3,1,1,5.0,7,50455,M,4917360.0,-103533.0,50
201300017535,13,10,12,1815,1,2,1,1.0,6,50606,M,4921500.0,-124294.0,50
201300017536,13,8,30,1900,1,1,3,1.0,3,50607,M,4878210.0,-127255.0,50
201300017537,13,10,2,1800,1,1,2,1.0,3,50453,M,4881710.0,-119663.0,50
201300017538,13,1,10,1430,1,1,1,1.0,6,50133,M,4861100.0,-105922.0,50
201300017539,13,5,10,1915,1,1,3,1.0,3,50263,M,4857680.0,-103404.0,50
201300017540,13,5,27,1745,1,1,1,1.0,1,50256,M,4865130.0,-114014.0,50
201300017541,13,5,28,300,3,2,1,2.0,6,50484,M,4857730.0,-108848.0,50
201300017542,13,6,2,2045,1,1,1,1.0,6,50484,M,4858200.0,-111222.0,50
201300017543,13,6,3,830,1,2,1,1.0,6,50484,M,4858020.0,-109232.0,50
201300017544,13,6,14,1930,1,2,1,1.0,7,50484,M,4857820.0,-109200.0,50
201300017545,13,7,15,1615,1,1,2,1.0,3,50293,M,4861150.0,-112057.0,50
201300017546,13,8,11,1000,1,1,1,1.0,7,50274,M,4855740.0,-111025.0,50
201300017547,13,8,14,900,1,1,2,1.0,3,50570,M,4852150.0,-100784.0,50
201300017548,13,9,29,1500,1,1,2,1.0,3,50329,M,4861080.0,-103087.0,50
201300017549,13,11,21,1430,1,1,1,1.0,1,50263,M,4855710.0,-104664.0,50
201300017550,13,5,12,1715,1,1,2,1.0,3,50619,M,4960070.0,-136768.0,50
201300017551,13,4,24,1600,1,2,2,1.0,3,50082,M,4947000.0,-164118.0,50
201300017552,13,9,10,615,5,2,1,1.0,3,50082,M,4947190.0,-162961.0,50
201300017553,13,8,16,2300,3,1,3,1.0,3,50003,M,4906640.0,-159578.0,50
201300017554,13,8,29,1945,1,1,1,1.0,6,50354,M,4909720.0,-148743.0,50
201300017555,13,5,27,1445,1,1,1,1.0,2,50365,M,4893020.0,-149361.0,50
201300017556,13,12,24,1715,5,2,1,2.0,6,50524,M,4913110.0,-141300.0,50
201300017557,13,12,30,1945,3,1,1,1.0,1,50481,M,4923810.0,-161610.0,50
201300017558,13,5,20,1415,1,1,1,2.0,1,14257,M,4909320.0,-49788.0,14
201300017559,13,12,31,1945,3,1,1,2.0,6,14727,M,0.0,0.0,14
201300017560,13,5,29,1645,1,2,9,1.0,2,14714,M,4921800.0,-79261.0,14
201300017561,13,7,17,1715,1,2,1,1.0,2,14480,M,0.0,0.0,14
201300017562,13,10,5,1515,1,1,1,1.0,6,14124,M,0.0,0.0,14
201300017563,13,4,3,1730,1,1,1,1.0,7,14196,M,4930710.0,-54780.0,14
201300017564,13,7,19,1445,1,2,1,1.0,6,14191,M,4933400.0,-45700.0,14
201300017565,13,9,20,900,1,1,2,1.0,3,14008,M,0.0,0.0,14
201300017566,13,1,14,2245,3,1,1,3.0,6,14102,M,,,14
201300017567,13,1,24,2300,3,1,1,1.0,2,14601,M,4928250.0,21255.0,14
201300017568,13,2,8,930,1,1,1,8.0,1,14563,M,,,14
201300017569,13,3,9,1800,1,1,3,1.0,3,14492,M,4938770.0,13429.0,14
201300017570,13,6,9,1625,1,1,1,1.0,6,14086,M,4933790.0,11538.0,14
201300017571,13,7,2,2000,1,1,1,1.0,3,14086,M,0.0,0.0,14
201300017572,13,12,9,1730,2,1,1,8.0,1,14593,M,0.0,0.0,14
201300017573,13,8,10,1715,1,1,1,1.0,3,14754,M,0.0,0.0,14
201300017574,13,8,14,1615,1,1,1,1.0,1,14494,M,0.0,0.0,14
201300017575,13,3,9,1830,1,1,2,1.0,1,14039,M,4900960.0,-34689.0,14
201300017576,13,4,4,230,4,1,1,1.0,6,14020,M,4913330.0,-16386.0,14
201300017577,13,5,31,2200,2,1,1,1.0,6,14020,M,4913300.0,-16376.0,14
201300017578,13,5,13,700,1,1,2,2.0,3,14162,M,4888510.0,-50412.0,14
201300017579,13,1,11,835,1,1,1,3.0,7,14403,M,4914360.0,36187.0,14
201300017580,13,2,9,1745,2,1,1,2.0,6,14303,M,,,14
201300017581,13,2,26,300,3,1,1,2.0,6,14270,M,4914390.0,33662.0,14
201300017582,13,3,23,945,1,1,1,2.0,6,14421,M,4910500.0,26338.0,14
201300017583,13,7,14,400,4,2,1,5.0,6,14621,M,0.0,0.0,14
201300017584,13,7,26,1515,1,1,1,1.0,3,14582,M,0.0,0.0,14
201300017585,13,8,2,1630,1,1,1,1.0,1,14265,M,4905300.0,27800.0,14
201300017586,13,9,1,2145,3,1,1,1.0,6,14504,M,4922200.0,32300.0,14
201300017587,13,9,5,2130,3,1,1,1.0,1,14595,M,4909200.0,23500.0,14
201300017588,13,9,21,445,3,1,1,1.0,1,14334,M,0.0,0.0,14
201300017589,13,4,15,830,1,2,3,1.0,2,14431,M,4907000.0,-6692.0,14
201300017590,13,6,7,1545,1,2,6,1.0,3,14431,M,4907630.0,-7710.0,14
201300017591,13,11,9,1530,1,1,1,1.0,3,14331,M,4901900.0,800.0,14
201300017592,13,3,3,615,3,1,1,1.0,6,14717,M,4880070.0,-80233.0,14
201300017593,13,4,25,1130,1,2,6,1.0,6,14762,M,,,14
201300017594,13,6,28,1630,1,1,1,1.0,5,14730,M,4884630.0,-85958.0,14
201300017595,13,9,13,1615,1,1,1,2.0,6,14717,M,0.0,0.0,14
201300017596,13,11,17,1200,1,1,1,1.0,1,06136,M,0.0,0.0,06
201300017597,13,6,16,1000,1,1,1,1.0,7,06023,M,0.0,0.0,06
201300017598,13,7,21,1200,1,1,1,1.0,3,06163,M,0.0,0.0,06
201300017599,13,9,1,1230,1,1,1,1.0,1,06023,M,0.0,0.0,06
201300017600,13,10,19,1930,3,1,1,1.0,6,06062,M,0.0,0.0,06
201300017601,13,10,16,1015,1,1,1,7.0,2,06032,M,0.0,0.0,06
201300017602,13,5,6,800,1,1,1,1.0,3,06151,M,0.0,0.0,06
201300017603,13,7,24,1515,1,2,1,1.0,3,06158,M,4394100.0,708700.0,06
201300017604,13,9,12,1645,1,1,1,1.0,6,06078,M,4393600.0,714000.0,06
201300017605,13,7,20,1315,1,1,1,1.0,1,06151,M,4388900.0,725200.0,06
201300017606,13,1,2,915,1,1,1,8.0,6,72074,M,0.0,0.0,72
201300017607,13,1,8,1815,3,1,1,2.0,6,72329,M,4808200.0,31700.0,72
201300017608,13,3,30,1400,1,1,6,1.0,2,72310,M,0.0,0.0,72
201300017609,13,3,6,1730,1,1,1,1.0,2,72269,M,4793000.0,76200.0,72
201300017610,13,6,17,1230,1,1,1,1.0,2,72204,M,4794100.0,69300.0,72
201300017611,13,7,11,2200,5,2,1,1.0,6,72269,M,4792400.0,74000.0,72
201300017612,13,7,12,300,3,1,1,1.0,7,72204,M,4796900.0,69200.0,72
201300017613,13,8,21,600,2,1,1,1.0,6,72094,M,0.0,0.0,72
201300017614,13,11,3,2115,3,1,1,2.0,2,72125,M,4795200.0,64800.0,72
201300017615,13,3,17,915,1,2,1,1.0,2,72358,M,0.0,0.0,72
201300017616,13,8,16,2330,5,2,1,1.0,6,72090,M,0.0,0.0,72
201300017617,13,4,6,1645,1,1,1,1.0,6,72157,M,0.0,0.0,72
201300017618,13,8,28,1830,1,1,1,1.0,3,72089,M,0.0,0.0,72
201300017619,13,8,31,430,3,1,1,1.0,6,72256,M,0.0,0.0,72
201300017620,13,10,24,1315,1,1,1,1.0,3,72315,M,0.0,0.0,72
201300017621,13,10,26,345,3,1,1,8.0,1,72229,M,0.0,0.0,72
201300017622,13,1,18,2000,3,1,1,4.0,6,72115,M,4765600.0,47900.0,72
201300017623,13,1,18,1715,3,1,1,4.0,2,72071,M,4771900.0,40500.0,72
201300017624,13,5,7,1030,1,1,1,1.0,1,72376,M,4788100.0,51700.0,72
201300017625,13,7,1,745,1,1,9,1.0,3,72221,M,4766200.0,40400.0,72
201300017626,13,7,28,1900,1,1,1,3.0,5,72115,M,4768200.0,46000.0,72
201300017627,13,10,2,1,5,1,1,2.0,6,72183,M,0.0,0.0,72
201300017628,13,11,21,1715,2,1,1,8.0,6,72175,M,4769900.0,14100.0,72
201300017629,13,1,18,830,1,2,1,1.0,6,72180,M,0.0,0.0,72
201300017630,13,5,26,2000,1,1,1,7.0,3,72112,M,0.0,0.0,72
201300017631,13,11,10,1415,1,2,1,1.0,6,72039,M,0.0,0.0,72
201300017632,13,1,8,45,5,2,3,1.0,6,72132,M,0.0,0.0,72
201300017633,13,5,8,2045,1,2,1,1.0,6,72132,M,0.0,0.0,72
201300017634,13,9,20,1445,1,1,2,1.0,5,72383,M,0.0,0.0,72
201300017635,13,10,1,1800,1,1,1,2.0,1,72331,M,0.0,0.0,72
201300017636,13,1,20,915,1,1,1,8.0,6,72380,M,4823300.0,16300.0,72
201300017637,13,2,26,1245,1,1,1,1.0,6,72199,M,0.0,0.0,72
201300017638,13,4,12,800,1,1,1,2.0,3,72273,M,0.0,0.0,72
201300017639,13,7,28,745,1,2,1,1.0,6,72138,M,0.0,0.0,72
201300017640,13,1,4,2045,3,1,1,2.0,7,54027,M,4889900.0,610800.0,54
201300017641,13,7,7,2130,2,2,1,1.0,6,54425,M,4930920.0,576624.0,54
201300017642,13,4,13,1515,1,1,2,1.0,3,54269,M,4860530.0,638383.0,54
201300017643,13,5,5,1230,1,1,2,1.0,3,54176,M,4866900.0,649100.0,54
201300017644,13,4,18,2115,2,1,1,1.0,6,54467,M,4845066.0,642824.0,54
201300017645,13,6,5,1045,1,2,1,1.0,3,54465,M,4847139.0,629509.0,54
201300017646,13,7,26,1715,1,2,3,1.0,3,54076,M,4855543.0,641126.0,54
201300017647,13,12,18,1415,1,1,1,1.0,6,54054,M,4849118.0,633808.0,54
201300017648,13,7,30,1400,1,1,9,1.0,6,54030,M,4860767.0,678157.0,54
201300017649,13,11,5,1630,2,2,1,3.0,6,54014,M,0.0,0.0,54
201300017650,13,9,27,1745,1,2,1,1.0,6,54047,M,4854100.0,584400.0,54
201300017651,13,10,14,1145,1,1,1,1.0,6,54080,M,4860621.0,581327.0,54
201300017652,13,5,5,1915,1,1,1,1.0,6,54346,M,4878005.0,592517.0,54
201300017653,13,12,26,1415,1,1,1,2.0,7,54532,M,4879798.0,592954.0,54
201300017654,13,8,19,2330,3,1,1,1.0,6,54416,M,4894003.0,580837.0,54
201300017655,13,7,28,2215,3,1,1,1.0,6,66160,M,0.0,0.0,66
201300017656,13,9,28,2230,5,2,2,1.0,3,66049,M,4249013.0,275011.0,66
201300017657,13,6,19,945,1,2,1,1.0,6,66178,M,4251435.0,278692.0,66
201300017658,13,6,30,550,2,1,1,1.0,3,14701,M,4932770.0,8093.0,14
201300017659,13,2,17,10,5,2,1,1.0,3,14220,M,4936380.0,8342.0,14
201300017660,13,9,6,1600,1,1,1,1.0,1,66024,M,0.0,0.0,66
201300017661,13,9,8,1245,1,1,3,1.0,3,66137,M,0.0,0.0,66
201300017662,13,9,29,130,3,1,1,1.0,6,66024,M,0.0,0.0,66
201300017663,13,8,27,1020,1,2,2,1.0,7,14220,M,,,14
201300017664,13,3,30,1520,1,2,1,1.0,2,14220,M,4936280.0,8486.0,14
201300017665,13,4,6,2315,5,2,1,1.0,6,14557,M,4934400.0,8614.0,14
201300017666,13,11,12,1545,1,2,1,2.0,6,14220,M,,,14
201300017667,13,4,16,1740,1,1,1,1.0,7,14715,M,4936630.0,10698.0,14
201300017668,13,5,1,1745,1,2,1,1.0,6,14086,M,4933930.0,10649.0,14
201300017669,13,5,3,1915,1,2,1,1.0,6,14699,M,4934640.0,9586.0,14
201300017670,13,5,5,1845,1,2,1,1.0,3,14220,M,4936080.0,8624.0,14
201300017671,13,5,11,1215,1,1,2,1.0,3,14079,M,4932400.0,3632.0,14
201300017672,13,6,14,425,5,2,3,1.0,3,14699,M,4934880.0,9843.0,14
201300017673,13,7,14,2015,1,2,1,1.0,7,14220,M,,,14
201300017674,13,7,19,1620,1,2,1,1.0,7,14220,M,,,14
201300017675,13,7,21,1055,1,1,2,1.0,3,14079,M,,,14
201300017676,13,8,4,528,3,1,1,1.0,7,14699,M,,,14
201300017677,13,8,9,1505,1,1,6,1.0,7,14699,M,,,14
201300017678,13,8,20,1850,1,2,1,1.0,5,14699,M,,,14
201300017679,13,8,20,1850,1,2,1,1.0,2,14699,M,,,14
201300017680,13,9,22,925,1,2,1,1.0,6,14699,M,,,14
201300017681,13,10,1,2035,1,2,1,1.0,6,14715,M,,,14
201300017682,13,10,3,1340,1,1,1,1.0,7,14079,M,,,14
201300017683,13,10,30,1805,5,2,1,1.0,7,14220,M,,,14
201300017684,13,11,24,1125,1,1,1,1.0,7,14079,M,,,14
201300017685,13,11,28,1805,5,2,1,1.0,7,14715,M,,,14
201300017686,13,12,6,1750,3,1,1,1.0,7,14079,M,,,14
201300017687,13,12,19,1100,1,2,1,1.0,6,14220,M,,,14
201300017688,13,12,26,1440,1,2,1,1.0,3,14220,M,,,14
201300017689,13,12,31,1820,5,2,1,1.0,7,14715,M,,,14
201300017690,13,1,6,1115,1,1,1,1.0,1,66048,M,0.0,0.0,66
201300017691,13,8,9,530,3,1,1,1.0,3,66167,M,0.0,0.0,66
201300017692,13,8,31,1000,1,1,1,1.0,6,66147,M,0.0,0.0,66
201300017693,13,9,21,2000,2,2,1,1.0,6,66025,M,0.0,0.0,66
201300017694,13,1,17,1030,1,1,1,4.0,5,66064,M,0.0,0.0,66
201300017695,13,9,7,1800,1,1,1,3.0,1,66188,M,0.0,0.0,66
201300017696,13,3,20,1330,1,2,1,1.0,5,66187,M,0.0,0.0,66
201300017697,13,3,29,1645,1,1,1,1.0,2,66046,M,0.0,0.0,66
201300017698,13,4,1,1615,1,1,1,8.0,6,66097,M,0.0,0.0,66
201300017699,13,7,20,930,1,1,1,1.0,7,66158,M,0.0,0.0,66
201300017700,13,7,26,1245,1,1,1,7.0,6,66096,M,0.0,0.0,66
201300017701,13,8,15,1745,1,2,1,1.0,3,66096,M,0.0,0.0,66
201300017702,13,8,18,445,3,1,1,1.0,7,66205,M,0.0,0.0,66
201300017703,13,10,27,145,3,1,1,5.0,6,66096,M,0.0,0.0,66
201300017704,13,6,10,2115,1,1,1,1.0,6,58300,M,4704400.0,319300.0,58
201300017705,13,12,1,1945,5,2,1,1.0,1,58088,M,0.0,0.0,58
201300017706,13,2,6,730,1,2,1,2.0,1,58273,M,0.0,0.0,58
201300017707,13,3,30,1145,1,1,1,1.0,1,58278,M,0.0,0.0,58
201300017708,13,9,14,1030,1,1,1,8.0,7,58072,M,0.0,0.0,58
201300017709,13,9,16,1930,2,1,1,2.0,1,58311,M,0.0,0.0,58
201300017710,13,2,1,1915,3,1,1,3.0,6,58267,M,0.0,0.0,58
201300017711,13,2,9,1015,1,1,1,4.0,3,58267,M,0.0,0.0,58
201300017712,13,3,15,1900,3,1,1,1.0,6,58004,M,0.0,0.0,58
201300017713,13,7,27,2330,3,1,1,3.0,6,58281,M,4732700.0,309300.0,58
201300017714,13,3,26,915,1,1,1,1.0,7,58109,M,0.0,0.0,58
201300017715,13,11,7,1000,1,1,1,8.0,1,58308,M,0.0,0.0,58
201300017716,13,11,27,30,3,2,1,1.0,6,58222,M,0.0,0.0,58
201300017717,13,12,12,2030,3,1,1,1.0,6,58090,M,0.0,0.0,58
201300017718,13,2,20,500,5,2,1,1.0,6,26124,M,0.0,0.0,26
201300017719,13,4,20,1830,1,1,1,2.0,6,26124,M,0.0,0.0,26
201300017720,13,4,26,930,1,1,1,2.0,1,26166,M,0.0,0.0,26
201300017721,13,5,2,1900,1,2,1,1.0,2,26165,M,4477230.0,484620.0,26
201300017722,13,5,3,1545,1,2,1,1.0,3,26165,M,0.0,0.0,26
201300017723,13,5,6,1745,1,1,1,1.0,1,26006,M,0.0,0.0,26
201300017724,13,5,22,1515,1,1,1,1.0,3,26337,M,0.0,0.0,26
201300017725,13,12,16,1945,3,2,1,1.0,7,26165,M,4477880.0,485670.0,26
201300017726,13,8,23,2100,5,2,1,1.0,2,26234,M,0.0,0.0,26
201300017727,13,11,8,900,1,1,1,1.0,7,26011,M,0.0,0.0,26
201300017728,13,12,31,345,3,1,1,1.0,7,26113,M,0.0,0.0,26
201300017729,13,6,8,1200,1,1,1,1.0,7,26040,M,0.0,0.0,26
201300017730,13,1,11,1800,3,1,2,1.0,1,26176,M,0.0,0.0,26
201300017731,13,2,12,1900,5,1,1,1.0,2,26106,M,0.0,0.0,26
201300017732,13,3,12,1930,3,1,1,1.0,1,26106,M,0.0,0.0,26
201300017733,13,7,7,1545,1,1,1,1.0,6,26338,M,0.0,0.0,26
201300017734,13,5,24,715,1,1,6,1.0,6,26114,M,0.0,0.0,26
201300017735,13,6,12,1700,1,2,1,1.0,6,26211,M,4436140.0,485780.0,26
201300017736,13,6,12,1030,1,1,1,1.0,1,26264,M,0.0,0.0,26
201300017737,13,8,17,1200,1,1,1,1.0,7,26181,M,0.0,0.0,26
201300017738,13,12,23,1630,1,1,1,1.0,6,26135,M,0.0,0.0,26
201300017739,13,6,14,800,1,1,1,1.0,5,26084,M,0.0,0.0,26
201300017740,13,4,13,1615,1,1,1,1.0,6,26330,M,0.0,0.0,26
201300017741,13,6,23,930,1,2,1,1.0,6,26330,M,4529010.0,495320.0,26
201300017742,13,2,23,1845,5,1,1,4.0,6,70219,M,0.0,0.0,70
201300017743,13,3,29,1515,1,1,1,1.0,3,70199,M,0.0,0.0,70
201300017744,13,4,17,1415,1,2,6,1.0,3,70428,M,0.0,0.0,70
201300017745,13,6,21,815,1,1,2,1.0,3,70492,M,0.0,0.0,70
201300017746,13,4,23,700,1,2,1,1.0,6,70282,M,0.0,0.0,70
201300017747,13,7,8,1715,1,1,1,7.0,1,70356,M,0.0,0.0,70
201300017748,13,7,13,2230,5,2,1,1.0,7,70410,M,0.0,0.0,70
201300017749,13,9,22,215,5,2,1,1.0,6,70408,M,0.0,0.0,70
201300017750,13,1,1,630,4,2,1,1.0,6,70128,M,0.0,0.0,70
201300017751,13,2,16,1915,5,2,1,1.0,7,70311,M,0.0,0.0,70
201300017752,13,3,18,1830,5,2,6,2.0,7,70311,M,0.0,0.0,70
201300017753,13,4,20,1700,3,2,1,1.0,6,70172,M,0.0,0.0,70
201300017754,13,4,25,1645,1,2,1,1.0,1,70007,M,0.0,0.0,70
201300017755,13,9,12,1045,1,2,1,8.0,6,70435,M,0.0,0.0,70
201300017756,13,9,13,1545,1,1,1,2.0,1,70176,M,0.0,0.0,70
201300017757,13,5,3,200,3,1,1,1.0,6,85191,M,0.0,0.0,85
201300017758,13,2,6,755,1,1,1,4.0,5,01321,M,4616420.0,535796.0,01
201300017759,13,6,23,1730,1,2,2,1.0,3,01184,M,4615940.0,541709.0,01
201300017760,13,1,27,930,1,1,1,1.0,4,01092,M,4597670.0,521725.0,01
201300017761,13,1,28,700,2,1,1,1.0,3,01074,M,4598700.0,516593.0,01
201300017762,13,4,15,1455,1,1,1,1.0,6,01359,M,4607610.0,503859.0,01
201300017763,13,7,7,2145,3,1,1,1.0,6,01090,M,,,01
201300017764,13,9,19,1415,1,1,2,8.0,3,01090,M,0.0,0.0,01
201300017765,13,8,21,1800,1,2,1,1.0,7,01066,M,4586800.0,553376.0,01
201300017766,13,11,24,1230,1,1,1,8.0,6,01092,M,0.0,0.0,01
201300017767,13,12,16,2030,5,2,1,1.0,6,01092,M,0.0,0.0,01
201300017768,13,8,16,1250,1,1,1,1.0,7,01093,M,4615390.0,496199.0,01
201300017769,13,8,27,1145,1,1,1,2.0,1,01146,M,4612830.0,489790.0,01
201300017770,13,1,30,1025,1,1,1,8.0,7,01232,M,4632690.0,524821.0,01
201300017771,13,4,11,815,1,1,9,2.0,3,01130,M,4631220.0,514407.0,01
201300017772,13,4,27,1915,1,1,1,2.0,7,01323,M,,,01
201300017773,13,5,19,945,1,1,1,1.0,6,01124,M,,,01
201300017774,13,9,18,945,1,2,1,1.0,6,01024,M,0.0,0.0,01
201300017775,13,9,17,1430,1,2,1,1.0,5,01115,M,0.0,0.0,01
201300017776,13,11,22,630,3,1,1,4.0,1,01229,M,0.0,0.0,01
201300017777,13,6,9,800,1,1,1,5.0,1,01179,M,4626170.0,487428.0,01
201300017778,13,10,16,1745,1,1,2,1.0,3,01343,M,0.0,0.0,01
201300017779,13,3,31,930,1,1,1,1.0,6,01310,M,4567410.0,564710.0,01
201300017780,13,4,21,2300,3,1,1,2.0,7,01058,M,4564630.0,561059.0,01
201300017781,13,5,23,1415,1,2,1,1.0,6,01098,M,,,01
201300017782,13,5,26,1715,1,1,1,1.0,1,01064,M,4577730.0,547805.0,01
201300017783,13,5,24,1145,1,1,1,8.0,1,01034,M,4573820.0,567401.0,01
201300017784,13,7,31,1845,1,1,1,1.0,3,01034,M,0.0,0.0,01
201300017785,13,3,15,1400,1,1,1,1.0,6,01010,M,4589770.0,580723.0,01
201300017786,13,2,7,1415,1,2,9,4.0,6,01202,M,,,01
201300017787,13,1,10,745,2,1,1,4.0,5,01392,M,4625370.0,559512.0,01
201300017788,13,2,28,2245,3,1,1,1.0,6,01392,M,4625430.0,559269.0,01
201300017789,13,3,18,2115,3,1,1,4.0,7,01192,M,4621790.0,557098.0,01
201300017790,13,5,14,700,1,1,1,1.0,1,01240,M,4624940.0,554768.0,01
201300017791,13,7,8,1115,1,1,1,1.0,7,01214,M,4616200.0,547669.0,01
201300017792,13,7,26,2245,5,1,1,1.0,3,01269,M,4616350.0,559190.0,01
201300017793,13,2,2,700,3,1,1,4.0,6,01080,M,4600770.0,558977.0,01