Num_Acc,an,mois,jour,hrmn,lum,agg,int,atm,col,com,gps,lat,long,dep
201300017794,13,7,14,1640,1,2,1,1.0,3,01068,M,,,01
201300017795,13,5,22,745,1,2,1,2.0,3,01273,M,4607810.0,538267.0,01
201300017796,13,8,3,1800,1,2,1,1.0,2,01304,M,4605380.0,533503.0,01
201300017797,13,10,3,2330,3,1,1,1.0,1,01145,M,0.0,0.0,01
201300017798,13,3,11,1400,1,1,3,1.0,3,01052,M,4602540.0,499055.0,01
201300017799,13,5,25,1300,1,1,1,2.0,6,01333,M,,,01
201300017800,13,7,5,2330,5,2,2,1.0,3,01398,M,4600090.0,484689.0,01
201300017801,13,8,13,955,1,2,2,1.0,3,01005,M,4599870.0,490240.0,01
201300017802,13,8,11,1100,1,2,1,1.0,3,01446,M,4601930.0,483767.0,01
201300017803,13,3,2,2320,5,1,1,1.0,7,01295,M,4613560.0,480291.0,01
201300017804,13,10,4,1645,1,1,4,3.0,1,15204,M,4496100.0,228200.0,15
201300017805,13,9,28,1345,1,2,1,1.0,1,15268,M,0.0,0.0,15
201300017806,13,11,8,1030,1,2,1,2.0,6,15184,M,0.0,0.0,15
201300017807,13,11,14,1015,1,1,1,1.0,3,15181,M,0.0,0.0,15
201300017808,13,4,23,1545,1,1,1,1.0,6,15261,M,4523400.0,236400.0,15
201300017809,13,1,5,715,3,1,1,9.0,7,15124,M,4532900.0,258600.0,15
201300017810,13,9,14,1045,1,2,1,1.0,3,15162,M,4528800.0,265600.0,15
201300017811,13,12,9,1615,1,1,1,1.0,3,15162,M,4526800.0,267500.0,15
201300017812,13,3,16,1030,1,2,1,1.0,6,15169,M,4534000.0,248000.0,15
201300017813,13,4,7,730,1,1,1,1.0,6,15092,M,4542500.0,250200.0,15
201300017814,13,9,22,630,3,1,1,5.0,7,15265,M,4533300.0,244500.0,15
201300017815,13,6,29,2000,1,1,1,1.0,7,15125,M,4506600.0,313600.0,15
201300017816,13,6,18,930,1,2,7,1.0,6,15004,M,0.0,0.0,15
201300017817,13,4,10,1900,1,1,1,1.0,7,15053,M,4509200.0,297200.0,15
201300017818,13,3,12,2045,5,1,1,1.0,6,15244,M,4506800.0,297500.0,15
201300017819,13,6,28,500,2,1,1,1.0,1,15101,M,4511700.0,279800.0,15
201300017820,13,11,4,2330,3,1,1,1.0,1,03283,M,4653600.0,352200.0,03
201300017821,13,11,30,1400,1,1,1,1.0,6,03197,M,4649500.0,340200.0,03
201300017822,13,6,12,645,1,1,1,1.0,2,03092,M,4644300.0,314700.0,03
201300017823,13,8,2,1915,1,1,1,1.0,5,03073,M,0.0,0.0,03
201300017824,13,10,27,1430,1,1,1,1.0,3,03099,M,0.0,0.0,03
201300017825,13,11,22,1545,1,1,1,4.0,3,03292,M,4640800.0,307000.0,03
201300017826,13,12,9,1645,1,1,1,7.0,1,03292,M,4641100.0,307700.0,03
201300017827,13,12,24,1715,5,2,1,1.0,6,03275,M,4653800.0,319400.0,03
201300017828,13,3,18,445,3,1,1,1.0,7,03128,M,0.0,0.0,03
201300017829,13,5,12,1930,1,1,1,1.0,6,03317,M,4646500.0,238300.0,03
201300017830,13,10,17,800,1,2,1,1.0,6,03082,M,4629300.0,274300.0,03
201300017831,13,11,5,1900,3,1,1,2.0,6,03161,M,4619800.0,263200.0,03
201300017832,13,1,11,1730,2,1,1,8.0,6,03236,M,0.0,0.0,03
201300017833,13,2,28,1400,1,1,2,1.0,3,03236,M,0.0,0.0,03
201300017834,13,6,29,2130,2,1,1,1.0,1,03236,M,0.0,0.0,03
201300017835,13,7,23,1715,1,1,1,8.0,3,03080,M,0.0,0.0,03
201300017836,13,8,11,245,3,1,6,1.0,6,03093,M,4618800.0,345400.0,03
201300017837,13,11,3,1115,1,2,6,1.0,6,03157,M,4621400.0,350400.0,03
201300017838,13,3,8,1815,3,1,1,1.0,7,03030,M,0.0,0.0,03
201300017839,13,3,8,1715,1,2,3,1.0,3,03109,M,0.0,0.0,03
201300017840,13,6,16,1730,1,1,1,1.0,3,03078,M,0.0,0.0,03
201300017841,13,6,1,1630,1,1,1,1.0,1,03133,M,0.0,0.0,03
201300017842,13,11,3,1500,1,1,1,8.0,7,03118,M,0.0,0.0,03
201300017843,13,11,28,645,3,1,1,1.0,1,03043,M,0.0,0.0,03
201300017844,13,1,20,1545,1,1,1,4.0,6,03141,M,4597600.0,370900.0,03
201300017845,13,6,6,400,3,1,1,1.0,7,84079,M,4409800.0,532000.0,84
201300017846,13,7,13,2330,3,1,1,1.0,6,84017,M,0.0,0.0,84
201300017847,13,8,3,1045,1,1,1,2.0,7,84017,M,4414000.0,530400.0,84
201300017848,13,10,20,1945,2,1,1,2.0,7,84107,M,0.0,0.0,84
201300017849,13,2,5,1445,1,1,1,4.0,3,02046,M,0.0,0.0,02
201300017850,13,4,20,1845,1,1,1,1.0,2,02493,M,0.0,0.0,02
201300017851,13,6,16,1800,1,1,2,1.0,3,02037,M,4960521.0,362289.0,02
201300017852,13,8,24,1215,1,1,1,3.0,6,02621,M,0.0,0.0,02
201300017853,13,12,15,210,3,1,1,1.0,7,02237,M,0.0,0.0,02
201300017854,13,1,1,1400,1,2,1,1.0,6,02754,M,0.0,0.0,02
201300017855,13,2,19,1515,1,1,2,1.0,3,02461,M,4956914.0,298048.0,02
201300017856,13,6,1,2215,5,2,2,1.0,3,02820,M,4963110.0,324312.0,02
201300017857,13,6,10,1600,1,2,1,1.0,6,02631,M,0.0,0.0,02
201300017858,13,8,1,2030,1,2,1,1.0,5,02173,M,4961375.0,322148.0,02
201300017859,13,12,13,1005,1,2,3,5.0,3,02173,M,4962200.0,322132.0,02
201300017860,13,1,9,545,3,2,1,2.0,7,02475,M,0.0,0.0,02
201300017861,13,1,23,1320,1,2,1,1.0,2,02808,M,4995233.0,319189.0,02
201300017862,13,6,6,1800,1,2,1,1.0,6,02293,M,0.0,0.0,02
201300017863,13,5,9,1830,1,2,1,1.0,1,02757,M,0.0,0.0,02
201300017864,13,7,2,1300,1,2,2,1.0,3,02361,M,4989530.0,362671.0,02
201300017865,13,3,8,1645,1,1,1,2.0,1,02447,M,0.0,0.0,02
201300017866,13,4,4,2100,3,1,1,1.0,6,02580,M,4920200.0,337300.0,02
201300017867,13,5,4,2000,1,1,3,1.0,3,02593,M,4939381.0,330488.0,02
201300017868,13,6,5,2330,4,2,1,1.0,7,02154,M,4930900.0,340900.0,02
201300017869,13,3,1,1140,1,2,1,1.0,6,02795,M,4940605.0,311473.0,02
201300017870,13,3,21,1820,1,2,3,8.0,3,02795,M,4940645.0,311853.0,02
201300017871,13,4,17,1345,1,1,1,1.0,4,02232,M,0.0,0.0,02
201300017872,13,4,18,1900,1,1,1,1.0,7,02673,M,0.0,0.0,02
201300017873,13,5,24,1210,1,2,1,3.0,7,02810,M,0.0,0.0,02
201300017874,13,6,22,1330,1,1,9,2.0,6,02795,M,0.0,0.0,02
201300017875,13,10,5,2350,5,2,6,1.0,6,02810,M,0.0,0.0,02
201300017876,13,10,27,240,3,1,1,1.0,7,02810,M,0.0,0.0,02
201300017877,13,3,23,1300,1,1,1,8.0,6,02819,M,0.0,0.0,02
201300017878,13,12,12,1010,1,2,2,1.0,6,02020,M,0.0,0.0,02
201300017879,13,5,5,2030,1,2,1,1.0,7,02286,M,0.0,0.0,02
201300017880,13,5,6,1500,1,1,1,1.0,1,02308,M,5005900.0,367000.0,02
201300017881,13,2,4,2000,3,1,1,1.0,6,13036,M,4382589.0,483578.0,13
201300017882,13,4,22,745,1,1,1,1.0,6,13045,M,0.0,0.0,13
201300017883,13,5,3,1230,1,2,1,1.0,1,13045,M,0.0,0.0,13
201300017884,13,6,30,1215,1,1,1,1.0,1,13010,M,0.0,0.0,13
201300017885,13,3,24,130,5,2,1,3.0,6,38158,M,0.0,0.0,38
201300017886,13,4,1,2215,5,2,1,1.0,1,38158,M,0.0,0.0,38
201300017887,13,9,3,1115,1,2,1,1.0,2,38158,M,0.0,0.0,38
201300017888,13,5,31,1000,1,1,1,1.0,1,38413,M,0.0,0.0,38
201300017889,13,8,13,1900,1,1,1,1.0,1,38489,M,0.0,0.0,38
201300017890,13,6,24,1445,1,1,1,1.0,7,38212,M,0.0,0.0,38
201300017891,13,7,5,1600,1,1,1,1.0,1,38279,M,,,38
201300017892,13,7,15,730,1,1,1,1.0,1,38068,M,4509900.0,571777.0,38
201300017893,13,7,30,100,4,1,1,1.0,1,38068,M,0.0,0.0,38
201300017894,13,8,26,1930,1,2,1,1.0,1,38529,M,0.0,0.0,38
201300017895,13,10,2,830,1,1,1,7.0,2,38063,M,4543300.0,544300.0,38
201300017896,13,10,19,1515,1,1,1,1.0,5,38043,M,0.0,0.0,38
201300017897,13,11,2,845,1,1,1,1.0,7,38013,M,0.0,0.0,38
201300017898,13,2,18,1945,5,2,1,1.0,6,38124,M,0.0,0.0,38
201300017899,13,6,19,915,1,2,1,1.0,6,38261,M,0.0,0.0,38
201300017900,13,10,31,1000,1,1,1,1.0,3,38124,M,0.0,0.0,38
201300017901,13,2,5,930,1,1,1,2.0,6,38229,M,4520840.0,579945.0,38
201300017902,13,7,7,1115,1,1,1,1.0,7,38039,M,0.0,0.0,38
201300017903,13,7,9,1845,1,1,1,1.0,3,38431,M,0.0,0.0,38
201300017904,13,8,22,2015,1,2,1,1.0,3,38039,M,0.0,0.0,38
201300017905,13,9,19,1630,1,2,7,1.0,6,38229,M,4521700.0,576700.0,38
201300017906,13,10,12,1745,2,2,1,2.0,3,38229,M,0.0,0.0,38
201300017907,13,4,15,1600,1,1,1,1.0,1,38422,M,0.0,0.0,38
201300017908,13,5,28,1615,1,2,1,3.0,6,38150,M,0.0,0.0,38
201300017909,13,7,16,1430,1,1,1,1.0,6,38175,M,4527100.0,590900.0,38
201300017910,13,9,11,830,1,2,1,1.0,6,38538,M,0.0,0.0,38
201300017911,13,10,19,1600,1,1,1,1.0,6,38422,M,4515000.0,588500.0,38
201300017912,13,2,20,1800,2,2,3,1.0,3,38503,M,4532040.0,592775.0,38
201300017913,13,8,17,1100,1,1,1,1.0,1,38181,M,0.0,0.0,38
201300017914,13,1,6,1845,3,1,2,2.0,2,38161,M,4539180.0,518018.0,38
201300017915,13,1,8,1930,3,1,1,1.0,2,38274,M,4542250.0,526898.0,38
201300017916,13,2,6,730,2,1,4,4.0,7,38335,M,4535820.0,502941.0,38
201300017917,13,6,7,1330,1,2,4,1.0,1,38393,M,4539040.0,531667.0,38
201300017918,13,7,14,1500,1,1,1,1.0,2,38300,M,0.0,0.0,38
201300017919,13,8,13,1045,1,1,1,1.0,6,38130,M,0.0,0.0,38
201300017920,13,9,8,2030,3,1,1,2.0,1,38134,M,0.0,0.0,38
201300017921,13,9,23,830,1,2,1,7.0,1,38180,M,0.0,0.0,38
201300017922,13,12,11,1700,1,2,1,1.0,4,38130,M,0.0,0.0,38
201300017923,13,2,1,2015,3,1,1,2.0,6,38199,M,4547750.0,490921.0,38
201300017924,13,2,16,945,1,1,3,1.0,2,38107,M,4546260.0,482628.0,38
201300017925,13,4,12,1400,1,1,1,2.0,3,38110,M,4558500.0,487400.0,38
201300017926,13,5,20,1500,1,2,1,1.0,3,38131,M,0.0,0.0,38
201300017927,13,6,3,600,1,1,1,1.0,6,38157,M,4547600.0,497500.0,38
201300017928,13,7,1,800,1,2,1,1.0,1,38558,M,4559800.0,491000.0,38
201300017929,13,1,20,545,5,2,2,5.0,1,38519,M,4561150.0,501020.0,38
201300017930,13,4,26,830,1,1,1,2.0,1,38389,M,0.0,0.0,38
201300017931,13,5,17,1600,1,1,3,2.0,3,38389,M,4556000.0,509800.0,38
201300017932,13,7,16,815,1,1,1,1.0,1,38351,M,0.0,0.0,38
201300017933,13,7,20,1215,1,1,1,1.0,6,38512,M,0.0,0.0,38
201300017934,13,7,24,1945,1,2,2,1.0,3,38189,M,0.0,0.0,38
201300017935,13,9,4,1115,1,1,2,1.0,3,38035,M,0.0,0.0,38
201300017936,13,2,18,1430,1,2,1,1.0,6,31232,M,4377049.0,129474.0,31
201300017937,13,6,26,900,1,1,1,1.0,6,31232,M,4376215.0,123529.0,31
201300017938,13,7,12,2000,1,1,1,1.0,1,31232,M,0.0,0.0,31
201300017939,13,8,16,945,1,1,2,1.0,3,31341,M,0.0,0.0,31
201300017940,13,10,18,845,1,2,1,1.0,1,31033,M,0.0,0.0,31
201300017941,13,2,17,1745,1,2,2,1.0,3,31261,M,4329573.0,116171.0,31
201300017942,13,11,13,1645,5,2,1,1.0,1,31390,M,0.0,0.0,31
201300017943,13,12,26,1515,1,1,1,4.0,1,31190,M,0.0,0.0,31
201300017944,13,9,17,1700,1,1,1,1.0,6,31443,M,0.0,0.0,31
201300017945,13,11,16,1245,1,1,1,8.0,6,31080,M,0.0,0.0,31
201300017946,13,3,24,800,1,1,2,1.0,3,29037,M,4790902.0,-419251.0,29
201300017947,13,7,15,1830,1,2,1,1.0,1,29158,M,4780184.0,-435076.0,29
201300017948,13,8,13,1345,1,1,1,1.0,1,29165,M,4780847.0,-422555.0,29
201300017949,13,2,1,1530,1,1,6,2.0,6,29235,M,4840824.0,-439756.0,29
201300017950,13,2,28,2045,2,2,1,1.0,2,29075,M,4843843.0,-438855.0,29
201300017951,13,1,4,1545,1,1,1,1.0,1,29093,M,4856794.0,-442735.0,29
201300017952,13,1,22,1745,1,1,1,1.0,1,29290,M,4854334.0,-454213.0,29
201300017953,13,3,17,1615,1,1,1,1.0,3,29035,M,4850540.0,-454708.0,29
201300017954,13,4,1,1530,1,2,1,1.0,1,29160,M,4861598.0,-451463.0,29
201300017955,13,5,28,930,1,1,1,1.0,5,29160,M,4847446.0,-448353.0,29
201300017956,13,6,23,800,1,1,1,1.0,7,29117,M,4858241.0,-452169.0,29
201300017957,13,7,20,1515,1,2,1,1.0,2,29195,M,4860420.0,-451060.0,29
201300017958,13,3,26,700,2,1,1,1.0,1,29208,M,4849672.0,-469838.0,29
201300017959,13,5,29,1615,1,2,1,1.0,3,29178,M,4855555.0,-469722.0,29
201300017960,13,5,13,1415,1,1,1,1.0,6,29162,M,4821929.0,-398231.0,29
201300017961,13,7,26,1,3,1,1,1.0,6,29267,M,4813464.0,-390425.0,29
201300017962,13,9,20,745,2,1,1,1.0,3,29020,M,4816086.0,-404110.0,29
201300017963,13,10,22,1515,1,1,1,1.0,6,29027,M,4816683.0,-386079.0,29
201300017964,13,12,30,1845,5,2,1,1.0,6,29162,M,4822529.0,-397126.0,29
201300017965,13,2,18,1715,1,1,1,7.0,6,29104,M,4829447.0,-427413.0,29
201300017966,13,1,8,1900,3,1,1,1.0,2,29264,M,4851527.0,-414881.0,29
201300017967,13,7,28,1100,1,1,1,1.0,1,29204,M,4851540.0,-423225.0,29
201300017968,13,8,10,2100,2,1,1,8.0,7,29010,M,4849309.0,-411864.0,29
201300017969,13,2,17,1530,1,1,1,1.0,1,29285,M,4862629.0,-410446.0,29
201300017970,13,8,8,1845,1,1,1,1.0,1,29132,M,4860909.0,-386070.0,29
201300017971,13,11,24,630,2,1,1,1.0,6,29192,M,4867462.0,-400847.0,29
201300017972,13,12,1,530,5,2,1,1.0,6,29259,M,4868216.0,-398445.0,29
201300017973,13,5,28,700,2,1,1,1.0,3,29071,M,4794056.0,-343862.0,29
201300017974,13,8,1,1015,1,2,1,7.0,1,29031,M,4777073.0,-356209.0,29
201300017975,13,3,2,630,2,1,1,1.0,6,29146,M,4790668.0,-385106.0,29
201300017976,13,4,19,2015,1,1,1,1.0,6,29004,M,4792829.0,-368819.0,29
201300017977,13,7,2,1915,1,2,1,3.0,3,29049,M,4804388.0,-391232.0,29
201300017978,13,7,13,1330,1,1,1,1.0,1,29004,M,4790428.0,-370392.0,29
201300017979,13,7,24,1330,1,1,1,1.0,6,29004,M,4795428.0,-365849.0,29
201300017980,13,2,10,200,3,1,1,1.0,6,34154,M,4355928.0,402968.0,34
201300017981,13,3,9,2315,3,1,1,1.0,2,34154,M,4355312.0,400217.0,34
201300017982,13,5,9,1145,1,2,1,1.0,1,34192,M,4352595.0,391930.0,34
201300017983,13,5,19,1315,1,2,1,1.0,6,34154,M,4354910.0,398281.0,34
201300017984,13,10,9,715,2,2,1,1.0,3,34192,M,4353800.0,395200.0,34
201300017985,13,1,20,200,3,1,1,1.0,6,35177,M,4820415.0,-174309.0,35
201300017986,13,3,2,115,3,1,1,1.0,6,35027,M,4815900.0,-204800.0,35
201300017987,13,3,9,1830,1,2,2,1.0,3,35184,M,4819872.0,-204775.0,35
201300017988,13,5,16,800,1,1,1,1.0,1,35201,M,4812686.0,-216733.0,35
201300017989,13,8,17,1515,1,2,1,1.0,1,35320,M,0.0,0.0,35
201300017990,13,10,12,1445,1,1,3,1.0,1,35180,M,4829325.0,-192249.0,35
201300017991,13,2,10,630,3,1,1,2.0,6,35223,M,4801876.0,-206123.0,35
201300017992,13,3,10,1715,1,1,1,8.0,1,35133,M,4812087.0,-203738.0,35
201300017993,13,3,23,1500,1,1,1,1.0,1,35227,M,4819740.0,-190735.0,35
201300017994,13,3,20,1450,1,2,2,1.0,1,35188,M,4813849.0,-195064.0,35
201300017995,13,4,25,1440,1,1,9,1.0,2,35188,M,4813023.0,-193555.0,35
201300017996,13,4,21,1930,1,1,1,1.0,6,35223,M,4798756.0,-213912.0,35
201300017997,13,5,26,2045,1,1,1,1.0,6,35227,M,4818898.0,-191095.0,35
201300017998,13,5,30,2215,5,2,1,3.0,6,35319,M,4803281.0,-192903.0,35
201300017999,13,8,22,1810,1,1,2,1.0,3,35133,M,4815413.0,-201382.0,35
201300018000,13,10,25,1530,1,2,1,1.0,6,35133,M,4809870.0,-200222.0,35
201300018001,13,11,27,2200,3,1,1,1.0,6,35331,M,4809367.0,-193411.0,35
201300018002,13,7,13,2345,3,2,2,1.0,6,35321,M,4791558.0,-158885.0,35
201300018003,13,8,2,1915,1,2,2,1.0,3,35012,M,0.0,0.0,35
201300018004,13,2,17,1715,1,1,1,1.0,2,35179,M,4854008.0,-191991.0,35
201300018005,13,6,8,1615,1,1,1,1.0,2,35299,M,4864894.0,-187938.0,35
201300018006,13,7,6,1600,3,1,1,1.0,6,35299,M,0.0,0.0,35
201300018007,13,7,16,1945,1,1,1,1.0,1,35263,M,0.0,0.0,35
201300018008,13,10,20,1945,3,1,2,2.0,2,35043,M,4850645.0,-188781.0,35
201300018009,13,12,10,1115,3,1,1,9.0,6,35362,M,0.0,0.0,35
201300018010,13,12,14,1930,5,1,2,1.0,6,35224,M,4852500.0,-184800.0,35
201300018011,13,1,16,1845,3,1,1,1.0,7,35248,M,4854825.0,-158716.0,35
201300018012,13,3,13,815,1,1,1,1.0,5,35186,M,4856111.0,-177504.0,35
201300018013,13,1,7,1045,1,2,1,1.0,6,35360,M,4812060.0,-120982.0,35
201300018014,13,4,23,1030,1,1,1,1.0,5,35109,M,4806373.0,-119788.0,35
201300018015,13,2,11,1830,2,1,1,1.0,3,35254,M,4803922.0,-148796.0,35
201300018016,13,2,14,1830,1,2,1,1.0,6,35207,M,4812024.0,-153162.0,35
201300018017,13,4,12,1630,1,1,1,1.0,3,35068,M,4809933.0,-140125.0,35
201300018018,13,4,19,1900,1,1,1,1.0,7,35096,M,4806491.0,-142426.0,35
201300018019,13,4,27,1230,1,2,1,1.0,6,35069,M,4804838.0,-150474.0,35
201300018020,13,7,17,2315,3,2,1,1.0,6,35264,M,4809417.0,-137476.0,35
201300018021,13,8,1,1800,1,2,3,1.0,3,35207,M,0.0,0.0,35
201300018022,13,10,17,2245,3,1,3,1.0,6,35264,M,4810732.0,0.0,35
201300018023,13,11,29,500,3,1,1,1.0,6,35068,M,0.0,0.0,35
201300018024,13,12,11,755,1,2,1,9.0,1,35207,M,4810967.0,-152723.0,35
201300018025,13,1,29,815,5,1,1,3.0,6,44194,M,0.0,0.0,44
201300018026,13,5,25,2100,2,1,3,1.0,3,44158,M,0.0,0.0,44
201300018027,13,5,26,1830,1,1,1,1.0,1,44045,M,0.0,0.0,44
201300018028,13,9,23,1715,1,2,1,1.0,6,44194,M,0.0,0.0,44
201300018029,13,11,15,845,1,2,6,1.0,3,44158,M,0.0,0.0,44
201300018030,13,7,24,1615,1,1,1,1.0,1,44003,M,0.0,0.0,44
201300018031,13,9,13,1500,1,1,1,1.0,3,44093,M,0.0,0.0,44
201300018032,13,2,7,915,1,1,1,1.0,1,44115,M,0.0,0.0,44
201300018033,13,3,1,2045,3,1,1,1.0,6,44144,M,0.0,0.0,44
201300018034,13,8,1,2230,3,1,1,1.0,6,44082,M,0.0,0.0,44
201300018035,13,10,18,1630,1,1,1,1.0,3,44048,M,0.0,0.0,44
201300018036,13,8,31,2230,3,1,1,1.0,7,44099,M,0.0,0.0,44
201300018037,13,11,23,1930,5,1,6,1.0,7,44036,M,4771100.0,-138200.0,44
201300018038,13,6,18,1000,1,2,1,1.0,3,44185,M,4765100.0,-207900.0,44
201300018039,13,6,20,1515,1,1,1,1.0,6,44128,M,0.0,0.0,44
201300018040,13,10,22,700,3,1,1,8.0,5,44164,M,0.0,0.0,44
201300018041,13,12,11,2330,3,1,1,1.0,7,44012,M,0.0,0.0,44
201300018042,13,12,26,1215,1,1,1,1.0,6,44131,M,0.0,0.0,44
201300018043,13,3,17,1115,1,1,1,6.0,7,44005,M,0.0,0.0,44
201300018044,13,7,23,1830,1,2,1,7.0,1,44154,M,0.0,0.0,44
201300018045,13,8,2,1645,1,1,1,1.0,2,44182,M,0.0,0.0,44
201300018046,13,3,26,1115,1,1,2,1.0,1,44084,M,0.0,0.0,44
201300018047,13,6,24,1545,1,1,1,1.0,1,44169,M,0.0,0.0,44
201300018048,13,7,4,2300,3,1,1,1.0,6,44029,M,0.0,0.0,44
201300018049,13,11,5,845,1,1,1,2.0,1,44008,M,0.0,0.0,44
201300018050,13,11,27,1730,2,1,1,1.0,1,44108,M,0.0,0.0,44
201300018051,13,11,27,1830,3,1,2,1.0,3,44029,M,0.0,0.0,44
201300018052,13,11,29,1845,2,1,1,2.0,3,44140,M,0.0,0.0,44
201300018053,13,3,3,2230,1,1,1,1.0,6,44130,M,0.0,0.0,44
201300018054,13,5,24,1245,1,1,1,1.0,1,44150,M,0.0,0.0,44
201300018055,13,10,31,1800,2,2,9,2.0,3,44018,M,0.0,0.0,44
201300018056,13,12,18,1845,5,2,1,2.0,3,44130,M,0.0,0.0,44
201300018057,13,3,21,1900,5,2,3,2.0,3,44083,M,,,44
201300018058,13,3,29,615,3,1,1,2.0,1,44072,M,4740700.0,-235500.0,44
201300018059,13,4,26,1200,1,1,1,1.0,3,44069,M,0.0,0.0,44
201300018060,13,6,25,1245,1,1,1,1.0,7,44069,M,0.0,0.0,44
201300018061,13,7,20,1600,1,1,1,1.0,4,44183,M,0.0,0.0,44
201300018062,13,6,26,1915,1,1,1,1.0,6,44129,M,4743300.0,-202700.0,44
201300018063,13,4,30,1930,1,2,1,1.0,7,25542,M,4723187.0,593710.0,25
201300018064,13,7,19,1100,1,1,1,1.0,4,25133,M,0.0,0.0,25
201300018065,13,5,18,1715,1,2,1,1.0,1,25564,M,0.0,0.0,25
201300018066,13,6,5,2315,3,1,1,1.0,6,25104,M,0.0,0.0,25
201300018067,13,11,12,2100,3,1,1,8.0,7,25310,M,4744400.0,634600.0,25
201300018068,13,5,21,1030,1,2,1,1.0,6,25578,M,0.0,0.0,25
201300018069,13,5,21,2045,1,1,1,2.0,1,25222,M,0.0,0.0,25
201300018070,13,7,3,1430,1,1,1,3.0,6,25301,M,0.0,0.0,25
201300018071,13,8,28,1650,1,2,1,1.0,6,25039,M,,,25
201300018072,13,2,6,1315,1,2,1,4.0,3,25228,M,4751000.0,686400.0,25
201300018073,13,4,9,1415,1,1,1,8.0,1,25071,M,4743400.0,684600.0,25
201300018074,13,6,3,1530,1,1,1,1.0,1,25517,M,4705800.0,635000.0,25
201300018075,13,6,13,1100,1,2,1,1.0,2,25259,M,0.0,0.0,25
201300018076,13,7,5,2015,2,1,2,1.0,3,25201,M,0.0,0.0,25
201300018077,13,7,21,730,1,1,1,1.0,6,25110,M,0.0,0.0,25
201300018078,13,8,7,45,3,1,1,2.0,6,25110,M,0.0,0.0,25
201300018079,13,10,31,2230,3,1,1,1.0,6,25282,M,0.0,0.0,25
201300018080,13,5,5,100,3,1,1,5.0,6,25362,M,0.0,0.0,25
201300018081,13,9,1,1745,1,1,1,1.0,1,25413,M,0.0,0.0,25
201300018082,13,6,30,1230,1,1,1,1.0,5,73075,M,4544395.0,607495.0,73
201300018083,13,9,9,1130,1,1,1,1.0,2,73079,M,4554155.0,617487.0,73
201300018084,13,1,8,2000,3,1,1,5.0,6,39332,M,0.0,0.0,39
201300018085,13,2,17,730,1,1,1,8.0,7,39217,M,0.0,0.0,39
201300018086,13,3,15,2000,3,1,1,1.0,3,39531,M,0.0,0.0,39
201300018087,13,5,16,1345,1,1,1,2.0,6,39390,M,0.0,0.0,39
201300018088,13,6,20,945,1,1,1,1.0,2,39552,M,0.0,0.0,39
201300018089,13,6,21,1300,1,1,1,1.0,5,39492,M,0.0,0.0,39
201300018090,13,10,9,1345,1,1,1,1.0,6,39552,M,0.0,0.0,39
201300018091,13,5,17,815,1,1,1,2.0,1,39397,M,0.0,0.0,39
201300018092,13,7,27,1815,1,2,1,1.0,3,39317,M,0.0,0.0,39
201300018093,13,12,25,630,3,1,1,8.0,6,39199,M,0.0,0.0,39
201300018094,13,1,9,715,3,1,1,5.0,2,39197,M,0.0,0.0,39
201300018095,13,9,9,715,1,1,1,5.0,6,39295,M,0.0,0.0,39
201300018096,13,2,8,1100,1,2,1,1.0,6,39500,M,0.0,0.0,39
201300018097,13,3,23,1330,1,1,1,8.0,1,39267,M,0.0,0.0,39
201300018098,13,3,11,1130,1,1,1,1.0,1,39299,M,4698100.0,536100.0,39
201300018099,13,6,16,1715,1,2,1,1.0,1,39415,M,4694100.0,534300.0,39
201300018100,13,6,28,930,1,1,1,2.0,6,39387,M,4701800.0,549500.0,39
201300018101,13,12,10,715,2,1,1,5.0,1,39128,M,0.0,0.0,39
201300018102,13,1,30,1245,1,1,1,8.0,5,39283,M,4634000.0,568500.0,39
201300018103,13,7,10,1530,1,1,1,8.0,1,39286,M,0.0,0.0,39
201300018104,13,1,9,715,3,1,1,2.0,1,22065,M,4862103.0,-299965.0,22
201300018105,13,1,24,1745,4,2,4,8.0,3,22375,M,4861630.0,-298416.0,22
201300018106,13,6,11,1630,1,2,1,1.0,3,22236,M,4866334.0,-298636.0,22
201300018107,13,7,11,1745,1,1,1,7.0,3,22117,M,4859000.0,-285900.0,22
201300018108,13,9,24,845,1,2,1,1.0,3,22007,M,0.0,0.0,22
201300018109,13,9,24,1600,1,2,1,1.0,6,22007,M,0.0,0.0,22
201300018110,13,12,20,1900,3,1,1,2.0,3,22117,M,4861923.0,-289622.0,22
201300018111,13,2,1,2230,3,1,1,3.0,3,22155,M,4822613.0,-275617.0,22
201300018112,13,7,1,1445,1,1,3,1.0,3,22147,M,0.0,0.0,22
201300018113,13,11,16,2100,3,1,1,1.0,1,22183,M,4817098.0,-258473.0,22
201300018114,13,4,6,1845,1,1,1,1.0,3,22182,M,0.0,0.0,22
201300018115,13,2,13,815,2,1,2,1.0,3,22258,M,4844819.0,-264369.0,22
201300018116,13,10,21,945,1,1,1,1.0,1,22364,M,4842700.0,-208800.0,22
201300018117,13,2,7,1215,1,1,2,2.0,3,22077,M,4852837.0,-242248.0,22
201300018118,13,2,18,730,2,2,1,9.0,1,22004,M,4862328.0,-331212.0,22
201300018119,13,7,12,1515,1,1,1,1.0,1,22338,M,4864218.0,-317925.0,22
201300018120,13,11,3,400,3,1,6,3.0,6,22298,M,4820039.0,-289061.0,22
201300018121,13,7,18,1745,1,1,3,1.0,3,22257,M,4872368.0,-332426.0,22
201300018122,13,11,1,545,3,1,1,2.0,6,22347,M,4879900.0,-320200.0,22