Num_Acc,an,mois,jour,hrmn,lum,agg,int,atm,col,com,gps,lat,long,dep
201300018123,13,11,12,1845,5,2,6,1.0,6,22362,M,4877887.0,-323339.0,22
201300018124,13,9,10,900,1,2,1,3.0,6,68138,M,0.0,0.0,68
201300018125,13,3,3,2030,5,2,1,1.0,3,68068,M,4762811.0,711683.0,68
201300018126,13,8,22,2030,3,1,1,1.0,6,68267,M,4777500.0,723500.0,68
201300018127,13,2,6,1100,1,2,9,1.0,6,68349,M,4760693.0,757451.0,68
201300018128,13,5,18,1145,1,1,1,1.0,1,68232,M,4752483.0,750787.0,68
201300018129,13,6,29,1530,1,1,1,1.0,7,68297,M,4754460.0,750485.0,68
201300018130,13,8,2,2000,1,1,1,1.0,3,68135,M,4758227.0,751410.0,68
201300018131,13,8,13,1730,1,1,1,1.0,7,68364,M,4795400.0,724700.0,68
201300018132,13,7,4,930,1,1,1,1.0,7,68307,M,0.0,0.0,68
201300018133,13,12,6,2300,3,1,1,1.0,6,68060,M,0.0,0.0,68
201300018134,13,11,2,1300,1,1,1,1.0,1,34038,M,0.0,0.0,34
201300018135,13,1,11,900,2,1,1,1.0,1,34310,M,4341222.0,313139.0,34
201300018136,13,4,24,1930,1,1,1,1.0,7,34201,M,4342104.0,296973.0,34
201300018137,13,7,31,1830,1,2,1,1.0,3,34074,M,4346700.0,303400.0,34
201300018138,13,3,16,1600,1,1,1,1.0,6,34139,M,4342325.0,324437.0,34
201300018139,13,3,20,1830,1,1,1,1.0,1,34025,M,4340153.0,325759.0,34
201300018140,13,5,26,430,3,1,1,1.0,6,34237,M,4351557.0,331758.0,34
201300018141,13,2,23,2330,3,1,1,4.0,6,34293,M,4359718.0,272037.0,34
201300018142,13,3,14,2000,5,2,1,1.0,7,34284,M,4348740.0,276869.0,34
201300018143,13,8,4,1045,1,1,1,1.0,7,34107,M,4360500.0,280200.0,34
201300018144,13,8,18,845,1,1,1,1.0,7,34160,M,4356500.0,297800.0,34
201300018145,13,5,2,2110,5,2,1,1.0,6,34209,M,4330586.0,332793.0,34
201300018146,13,5,21,1145,1,2,1,1.0,3,34299,M,0.0,0.0,34
201300018147,13,7,26,900,1,1,1,1.0,1,34299,M,4328934.0,329012.0,34
201300018148,13,9,3,1545,1,2,6,1.0,3,34036,M,4368800.0,335900.0,34
201300018149,13,1,7,1015,1,1,1,1.0,2,34197,M,4356926.0,341252.0,34
201300018150,13,2,10,245,3,1,1,1.0,6,34041,M,4362734.0,346069.0,34
201300018151,13,2,20,1840,3,1,1,1.0,2,34180,M,4359326.0,344978.0,34
201300018152,13,5,14,1730,1,1,1,1.0,6,34175,M,4360677.0,337254.0,34
201300018153,13,8,10,600,2,1,1,1.0,6,34281,M,4352515.0,348492.0,34
201300018154,13,9,9,630,2,1,1,1.0,7,34079,M,4361200.0,344800.0,34
201300018155,13,9,22,1745,1,1,1,1.0,6,34175,M,4361300.0,338600.0,34
201300018156,13,9,27,1445,1,1,1,2.0,3,34175,M,0.0,0.0,34
201300018157,13,10,5,1615,1,2,1,1.0,6,34079,M,4363300.0,343500.0,34
201300018158,13,11,11,830,1,2,1,1.0,6,34076,M,4364446.0,345613.0,34
201300018159,13,12,28,1545,1,1,1,2.0,6,34292,M,0.0,0.0,34
201300018160,13,2,26,1815,2,2,2,1.0,3,34239,M,4364104.0,350183.0,34
201300018161,13,1,17,1520,1,2,1,7.0,6,15014,M,,,15
201300018162,13,2,8,1355,1,2,1,1.0,6,15014,M,,,15
201300018163,13,2,18,915,1,2,6,7.0,6,15014,M,,,15
201300018164,13,4,30,1035,1,2,6,2.0,6,15014,M,,,15
201300018165,13,5,11,2025,1,2,1,2.0,3,15014,M,,,15
201300018166,13,5,13,1444,1,2,1,1.0,6,15014,M,,,15
201300018167,13,6,30,1620,1,1,1,1.0,7,15012,M,,,15
201300018168,13,8,9,2110,2,2,1,1.0,6,15014,M,,,15
201300018169,13,9,10,1134,1,2,1,1.0,3,15014,M,,,15
201300018170,13,9,24,730,2,2,2,1.0,3,15014,M,,,15
201300018171,13,10,24,850,1,2,3,1.0,3,15014,M,,,15
201300018172,13,12,6,2050,5,2,1,9.0,1,15012,M,,,15
201300018173,13,1,18,1445,1,1,1,1.0,6,34207,M,4338025.0,349884.0,34
201300018174,13,3,22,30,3,1,1,1.0,6,34031,M,4335623.0,344413.0,34
201300018175,13,4,19,2015,2,1,1,1.0,1,34207,M,4339204.0,351291.0,34
201300018176,13,7,12,1300,1,2,1,1.0,7,34332,M,0.0,0.0,34
201300018177,13,8,10,1030,1,1,1,1.0,2,34150,M,4332421.0,354823.0,34
201300018178,13,11,1,1030,1,1,1,1.0,7,34031,M,0.0,0.0,34
201300018179,13,11,12,1630,1,1,1,1.0,2,34332,M,0.0,0.0,34
201300018180,13,2,8,330,3,1,3,1.0,3,34024,M,4346737.0,369138.0,34
201300018181,13,6,13,1500,1,2,1,1.0,3,34023,M,0.0,0.0,34
201300018182,13,8,9,1900,1,1,1,1.0,6,34113,M,,,34
201300018183,13,8,9,2115,5,1,1,1.0,1,34213,M,,,34
201300018184,13,9,1,130,3,1,1,1.0,6,34088,M,0.0,0.0,34
201300018185,13,11,27,900,1,2,1,1.0,6,34087,M,0.0,0.0,34
201300018186,13,1,26,1945,5,2,4,1.0,1,34199,M,4345412.0,342116.0,34
201300018187,13,3,11,1730,1,1,1,2.0,1,34285,M,4352023.0,351745.0,34
201300018188,13,7,8,1400,1,2,1,1.0,3,34166,M,4340000.0,336800.0,34
201300018189,13,7,16,1730,3,1,1,1.0,7,34199,M,4347400.0,338200.0,34
201300018190,13,9,15,1800,1,1,1,1.0,5,34199,M,4343800.0,341500.0,34
201300018191,13,11,2,1945,3,2,1,1.0,6,34199,M,4346800.0,342400.0,34
201300018192,13,12,1,1945,3,1,1,1.0,1,34199,M,0.0,0.0,34
201300018193,13,12,8,2130,3,1,1,1.0,6,34063,M,4348555.0,335694.0,34
201300018194,13,1,22,1530,1,1,1,1.0,1,86290,M,0.0,0.0,86
201300018195,13,4,20,2015,1,1,1,1.0,3,86148,M,0.0,0.0,86
201300018196,13,4,21,15,3,2,1,1.0,6,86103,M,0.0,0.0,86
201300018197,13,9,28,1900,1,1,1,3.0,6,86038,M,0.0,0.0,86
201300018198,13,11,23,1100,1,2,1,1.0,6,86290,M,0.0,0.0,86
201300018199,13,1,7,1845,3,1,1,5.0,6,86213,M,0.0,0.0,86
201300018200,13,1,18,1115,1,1,1,2.0,2,86293,M,0.0,0.0,86
201300018201,13,7,20,600,2,1,1,1.0,7,86039,M,0.0,0.0,86
201300018202,13,8,4,415,3,1,1,1.0,6,86293,M,0.0,0.0,86
201300018203,13,1,3,1015,1,2,1,1.0,6,86177,M,0.0,0.0,86
201300018204,13,1,25,1130,1,1,2,8.0,3,86208,M,0.0,0.0,86
201300018205,13,4,29,1730,1,2,1,1.0,6,86160,M,0.0,0.0,86
201300018206,13,5,23,1745,1,1,2,1.0,5,86281,M,0.0,0.0,86
201300018207,13,6,9,1400,1,1,1,2.0,3,86177,M,0.0,0.0,86
201300018208,13,7,5,645,1,1,1,1.0,1,86177,M,4666100.0,28400.0,86
201300018209,13,8,3,1430,1,1,1,1.0,6,86299,M,0.0,0.0,86
201300018210,13,8,7,2000,1,2,3,1.0,3,86144,M,0.0,0.0,86
201300018211,13,8,25,1130,1,1,1,2.0,7,86281,M,0.0,0.0,86
201300018212,13,9,5,1845,1,1,1,1.0,3,86177,M,4667100.0,27700.0,86
201300018213,13,9,16,945,1,1,1,8.0,7,86177,M,0.0,0.0,86
201300018214,13,12,4,1430,1,1,1,7.0,2,86300,M,4667500.0,21700.0,86
201300018215,13,2,6,445,3,2,1,1.0,3,86174,M,4677900.0,47000.0,86
201300018216,13,12,26,415,3,1,1,1.0,6,86183,M,0.0,0.0,86
201300018217,13,6,29,1245,1,1,3,1.0,5,86137,M,0.0,0.0,86
201300018218,13,7,20,1700,1,1,1,1.0,6,86274,M,0.0,0.0,86
201300018219,13,9,16,700,2,1,1,1.0,5,86287,M,0.0,0.0,86
201300018220,13,10,5,1400,1,1,2,1.0,3,86173,M,0.0,0.0,86
201300018221,13,10,9,1630,1,2,1,1.0,3,86137,M,0.0,0.0,86
201300018222,13,11,30,1045,1,1,1,1.0,3,86137,M,0.0,0.0,86
201300018223,13,12,20,1830,3,1,1,1.0,5,86227,M,0.0,0.0,86
201300018224,13,8,21,2100,2,1,1,1.0,3,86086,M,0.0,0.0,86
201300018225,13,10,26,2100,3,1,1,1.0,6,86037,M,0.0,0.0,86
201300018226,13,4,8,1745,1,2,1,1.0,6,29080,M,4837268.0,-437551.0,29
201300018227,13,5,10,1330,1,1,6,1.0,7,29045,M,4840146.0,-424757.0,29
201300018228,13,7,21,215,3,2,1,1.0,6,29189,M,4837896.0,-434690.0,29
201300018229,13,8,8,900,1,1,1,1.0,2,29140,M,4835612.0,-431472.0,29
201300018230,13,8,19,1530,1,1,1,1.0,6,29189,M,4837616.0,-437987.0,29
201300018231,13,8,20,1415,1,1,1,1.0,1,29043,M,4835804.0,-425948.0,29
201300018232,13,12,29,2115,3,1,1,2.0,7,29137,M,4833636.0,-425940.0,29
201300018233,13,1,18,2015,5,2,1,2.0,6,41025,M,4756080.0,153538.0,41
201300018234,13,2,4,1845,1,1,1,1.0,3,41104,M,4758620.0,143027.0,41
201300018235,13,2,20,1900,3,1,1,1.0,6,41034,M,4764540.0,152584.0,41
201300018236,13,4,1,1745,1,1,1,1.0,3,41050,M,,,41
201300018237,13,5,24,1000,1,1,1,1.0,3,41295,M,4759450.0,137057.0,41
201300018238,13,6,25,2300,3,1,1,1.0,6,41295,M,,,41
201300018239,13,7,6,1130,1,1,1,1.0,3,41246,M,0.0,0.0,41
201300018240,13,7,12,2130,1,2,1,1.0,1,41204,M,,,41
201300018241,13,7,15,1545,1,2,1,1.0,6,41295,M,4757430.0,139498.0,41
201300018242,13,7,18,1230,1,1,1,1.0,7,41086,M,4751700.0,154687.0,41
201300018243,13,8,19,1100,1,2,6,1.0,3,41150,M,4756250.0,145502.0,41
201300018244,13,3,28,1545,1,1,1,1.0,1,41097,M,4727680.0,164426.0,41
201300018245,13,4,20,245,3,1,1,1.0,6,41097,M,4726490.0,165922.0,41
201300018246,13,6,9,100,3,1,1,1.0,7,41280,M,4728420.0,171612.0,41
201300018247,13,9,8,1515,1,1,3,1.0,3,41242,M,4726690.0,155331.0,41
201300018248,13,2,7,1100,1,1,2,1.0,1,41257,M,4739090.0,131424.0,41
201300018249,13,2,26,445,3,1,1,4.0,7,41164,M,4729270.0,136507.0,41
201300018250,13,4,8,1,5,2,1,1.0,6,41180,M,4739090.0,125492.0,41
201300018251,13,5,25,1800,1,1,1,1.0,2,41164,M,4727270.0,143489.0,41
201300018252,13,6,15,2000,1,1,1,1.0,6,41180,M,4737460.0,120653.0,41
201300018253,13,6,29,1515,1,2,1,1.0,3,41151,M,0.0,0.0,41
201300018254,13,7,15,1945,1,1,1,1.0,7,41043,M,4727910.0,147116.0,41
201300018255,13,7,17,2000,1,1,1,1.0,2,41051,M,4735640.0,113897.0,41
201300018256,13,7,22,2045,1,2,1,1.0,7,41043,M,4727700.0,149100.0,41
201300018257,13,8,11,1815,1,1,2,1.0,3,41151,M,4736430.0,121107.0,41
201300018258,13,10,8,1930,3,1,1,1.0,3,41049,M,4736180.0,147566.0,41
201300018259,13,10,14,815,1,1,1,2.0,1,41051,M,4736900.0,111956.0,41
201300018260,13,10,18,1215,1,1,2,1.0,7,41146,M,4735510.0,127243.0,41
201300018261,13,10,29,1630,1,1,1,1.0,6,41164,M,,,41
201300018262,13,11,17,1030,1,2,7,1.0,6,41211,M,,,41
201300018263,13,12,1,400,3,1,1,5.0,7,41126,M,4728360.0,127755.0,41
201300018264,13,12,20,1200,1,1,1,1.0,7,41054,M,,,41
201300018265,13,12,28,1115,1,2,1,2.0,1,41059,M,4742280.0,142880.0,41
201300018266,13,5,23,915,1,1,1,1.0,7,41176,M,4748270.0,209070.0,41
201300018267,13,9,2,1915,1,2,1,1.0,6,41161,M,4754230.0,203467.0,41
201300018268,13,11,20,715,2,1,1,1.0,3,41127,M,4757730.0,178262.0,41
201300018269,13,11,22,1845,3,1,1,2.0,1,41046,M,4759990.0,189822.0,41
201300018270,13,12,4,1845,5,2,1,1.0,1,41159,M,4753570.0,179490.0,41
201300018271,13,12,11,1800,3,1,1,1.0,6,41159,M,4751050.0,176278.0,41
201300018272,13,12,8,1730,3,1,1,1.0,1,41216,M,4797760.0,123082.0,41
201300018273,13,12,14,1830,3,1,1,1.0,3,41154,M,,,41
201300018274,13,12,19,1200,1,1,3,1.0,3,41214,M,4792100.0,119262.0,41
201300018275,13,12,24,1900,3,1,1,3.0,1,41048,M,4793050.0,108512.0,41
201300018276,13,2,14,730,3,1,1,2.0,1,47300,M,4421290.0,49048.0,47
201300018277,13,6,13,530,3,1,1,1.0,1,47019,M,4427400.0,68500.0,47
201300018278,13,6,25,1715,1,1,1,1.0,7,47069,M,0.0,0.0,47
201300018279,13,10,23,1700,1,1,1,1.0,1,47246,M,4423370.0,51187.0,47
201300018280,13,11,7,845,1,2,1,1.0,5,47040,M,4420370.0,54905.0,47
201300018281,13,11,8,830,1,2,1,1.0,6,47209,M,4421960.0,66044.0,47
201300018282,13,11,20,1715,1,2,1,1.0,2,47040,M,4420550.0,54147.0,47
201300018283,13,12,12,815,2,1,1,5.0,3,47060,M,4411790.0,71285.0,47
201300018284,13,12,24,1630,1,2,1,2.0,1,47016,M,4413960.0,55914.0,47
201300018285,13,5,3,830,1,1,1,1.0,3,47213,M,0.0,0.0,47
201300018286,13,6,5,745,1,1,2,1.0,3,47190,M,0.0,0.0,47
201300018287,13,6,29,730,1,1,1,1.0,1,47066,M,4424400.0,45100.0,47
201300018288,13,7,1,1030,1,1,1,1.0,5,47022,M,4424720.0,41334.0,47
201300018289,13,3,3,415,4,1,1,1.0,7,47138,M,4425780.0,72854.0,47
201300018290,13,7,27,1845,1,1,1,1.0,6,47234,M,4421000.0,75000.0,47
201300018291,13,8,30,2100,2,1,1,1.0,1,47086,M,0.0,0.0,47
201300018292,13,12,31,1500,1,2,1,1.0,1,47310,M,0.0,0.0,47
201300018293,13,7,27,1145,1,1,1,1.0,7,47071,M,4446620.0,48339.0,47
201300018294,13,10,19,1300,1,2,1,1.0,4,47310,M,4438980.0,31019.0,47
201300018295,13,10,22,1700,2,1,3,1.0,3,47159,M,4439060.0,19455.0,47
201300018296,13,11,1,1445,1,1,1,1.0,7,47159,M,4439570.0,22865.0,47
201300018297,13,11,12,1045,1,2,1,1.0,1,47310,M,4439190.0,30605.0,47
201300018298,13,12,16,700,2,1,1,8.0,2,47253,M,4444030.0,13192.0,47
201300018299,13,8,1,1645,1,1,1,1.0,6,47195,M,0.0,0.0,47
201300018300,13,10,6,1300,1,1,1,1.0,2,47097,M,4421650.0,37753.0,47
201300018301,13,11,26,1745,5,2,1,1.0,6,47052,M,0.0,0.0,47
201300018302,13,1,22,800,2,1,1,1.0,6,47146,M,4443010.0,68460.0,47
201300018303,13,3,16,1830,1,1,1,2.0,7,47284,M,4453530.0,88677.0,47
201300018304,13,3,25,15,3,1,1,1.0,6,47117,M,4432580.0,77971.0,47
201300018305,13,4,1,1845,1,1,1,2.0,6,47181,M,4450600.0,84800.0,47
201300018306,13,4,23,1830,1,1,1,1.0,6,47297,M,4431850.0,66352.0,47
201300018307,13,9,5,1900,2,2,1,7.0,6,47280,M,4439740.0,80613.0,47
201300018308,13,6,28,1330,1,2,1,1.0,6,46273,M,4486683.0,188125.0,46
201300018309,13,6,23,2115,1,1,1,2.0,1,42067,M,4535131.0,460791.0,42
201300018310,13,6,30,1630,1,2,1,1.0,3,42023,M,4529672.0,455915.0,42
201300018311,13,10,25,1800,1,2,1,1.0,1,42097,M,4550210.0,432117.0,42
201300018312,13,11,13,1600,1,1,1,1.0,1,42030,M,4581059.0,403943.0,42
201300018313,13,4,24,1330,1,2,1,1.0,6,42266,M,4541635.0,406880.0,42
201300018314,13,5,3,2015,2,1,1,1.0,3,42262,M,4540003.0,416661.0,42
201300018315,13,3,31,545,3,1,1,2.0,6,42038,M,4564541.0,420088.0,42
201300018316,13,7,16,1415,1,2,9,1.0,3,42013,M,4564627.0,428980.0,42
201300018317,13,9,4,1445,1,1,1,1.0,7,42010,M,4556572.0,437269.0,42
201300018318,13,10,4,1700,1,1,1,3.0,1,42059,M,4562850.0,438316.0,42
201300018319,13,5,30,1615,1,1,1,2.0,1,42334,M,4585397.0,435951.0,42
201300018320,13,7,7,1945,1,2,1,1.0,3,42334,M,4585139.0,435709.0,42
201300018321,13,9,21,1045,1,1,1,7.0,3,42334,M,4584967.0,430372.0,42
201300018322,13,6,24,1545,1,1,1,1.0,6,42230,M,4582309.0,403258.0,42
201300018323,13,1,8,715,3,1,1,5.0,1,12068,M,0.0,0.0,12
201300018324,13,1,10,200,3,1,1,2.0,6,12188,M,4428000.0,276100.0,12
201300018325,13,2,16,930,1,1,3,1.0,3,12056,M,4429400.0,243600.0,12
201300018326,13,3,16,1515,1,1,2,1.0,3,12188,M,4428100.0,277100.0,12
201300018327,13,6,30,1900,1,1,1,1.0,1,12090,M,4437200.0,253200.0,12
201300018328,13,7,7,245,3,1,1,1.0,6,12133,M,0.0,0.0,12
201300018329,13,7,14,1400,1,1,4,1.0,5,12050,M,4423200.0,277600.0,12
201300018330,13,7,26,745,1,1,1,1.0,1,12090,M,4437400.0,248400.0,12
201300018331,13,8,8,1530,1,1,1,8.0,4,12050,M,0.0,0.0,12
201300018332,13,9,12,1830,2,1,1,2.0,2,12032,M,4430900.0,238000.0,12
201300018333,13,10,12,2030,3,1,1,2.0,1,12032,M,4430800.0,238900.0,12
201300018334,13,11,15,1645,1,1,1,8.0,1,12090,M,0.0,0.0,12
201300018335,13,12,31,1630,1,1,1,1.0,7,12277,M,0.0,0.0,12
201300018336,13,5,18,2030,2,1,1,3.0,6,12061,M,0.0,0.0,12
201300018337,13,3,24,430,3,2,1,2.0,6,12203,M,0.0,0.0,12
201300018338,13,7,21,1515,1,1,1,1.0,7,12203,M,4398200.0,300600.0,12
201300018339,13,11,6,830,1,1,1,2.0,7,12243,M,4401700.0,295400.0,12
201300018340,13,7,13,730,1,1,1,1.0,1,12183,M,4395700.0,255600.0,12
201300018341,13,8,12,1215,1,1,1,1.0,1,12248,M,4387800.0,261900.0,12
201300018342,13,9,18,1600,1,2,1,1.0,5,12248,M,4388600.0,261400.0,12
201300018343,13,6,14,1500,1,1,1,7.0,1,12242,M,0.0,0.0,12
201300018344,13,9,2,1615,1,1,1,1.0,3,49035,M,4740257.0,-63195.0,49
201300018345,13,2,7,1115,1,1,1,1.0,3,49377,M,4754390.0,-43444.0,49
201300018346,13,2,12,645,3,1,1,1.0,3,49307,M,4740869.0,-29743.0,49
201300018347,13,2,14,1145,1,1,1,8.0,6,49323,M,4752246.0,-49722.0,49
201300018348,13,3,23,1630,1,1,1,1.0,5,49377,M,4755229.0,-49388.0,49
201300018349,13,4,6,1815,1,1,2,1.0,3,49307,M,4741441.0,-31160.0,49
201300018350,13,4,27,830,1,1,1,1.0,6,49238,M,4752177.0,-43725.0,49
201300018351,13,5,22,1515,1,1,1,2.0,6,49241,M,4748227.0,-41515.0,49
201300018352,13,6,2,1545,1,1,1,1.0,7,49377,M,4754295.0,-48584.0,49
201300018353,13,6,2,1630,1,1,1,1.0,6,49117,M,4743176.0,-43084.0,49
201300018354,13,6,28,2015,1,2,1,1.0,7,49307,M,4741062.0,-33151.0,49
201300018355,13,7,7,1715,1,1,1,1.0,1,49241,M,4749328.0,-45645.0,49
201300018356,13,9,22,1145,1,1,1,1.0,2,49042,M,0.0,0.0,49
201300018357,13,9,28,900,1,1,1,8.0,1,49377,M,4754202.0,-48647.0,49
201300018358,13,10,5,2030,4,1,1,1.0,6,49042,M,0.0,0.0,49
201300018359,13,10,6,215,3,1,1,1.0,7,49307,M,4741120.0,-33408.0,49
201300018360,13,10,26,1215,1,1,2,1.0,3,49323,M,0.0,0.0,49
201300018361,13,11,9,1315,1,1,1,2.0,3,49323,M,4751300.0,-47100.0,49
201300018362,13,11,15,1030,1,1,1,1.0,1,49004,M,0.0,0.0,49
201300018363,13,3,3,1415,1,1,1,1.0,7,49082,M,4734330.0,-71027.0,49
201300018364,13,12,15,1145,1,1,1,8.0,2,49297,M,4737153.0,-96955.0,49
201300018365,13,2,5,1015,1,1,2,2.0,3,49380,M,4757981.0,-1967.0,49
201300018366,13,3,17,1115,1,1,1,1.0,2,49101,M,4765078.0,-7261.0,49
201300018367,13,12,4,1130,1,1,1,5.0,2,49356,M,4715652.0,-42040.0,49
201300018368,13,4,26,400,3,1,1,1.0,6,49219,M,4722260.0,4694.0,49
201300018369,13,5,3,1700,1,1,1,1.0,6,49112,M,4717363.0,-13711.0,49
201300018370,13,10,5,1630,1,2,1,1.0,2,49215,M,0.0,0.0,49
201300018371,13,8,18,1700,1,1,1,1.0,1,49136,M,0.0,0.0,49
201300018372,13,2,1,1115,1,1,1,2.0,7,49043,M,4758371.0,-76913.0,49
201300018373,13,3,8,1915,3,1,6,1.0,1,49200,M,4755709.0,-66639.0,49
201300018374,13,5,18,530,2,1,6,1.0,7,49251,M,4756719.0,-67762.0,49
201300018375,13,12,5,1715,3,1,1,1.0,4,49155,M,0.0,0.0,49
201300018376,13,6,8,545,2,1,1,1.0,7,49132,M,4766749.0,-42979.0,49
201300018377,13,11,22,800,1,1,1,1.0,6,49216,M,0.0,0.0,49
201300018378,13,3,15,1630,1,1,1,1.0,3,55504,M,4872900.0,525200.0,55
201300018379,13,1,18,1600,1,1,1,1.0,7,55282,M,4881900.0,532100.0,55
201300018380,13,7,21,1845,1,2,6,1.0,1,55463,M,4889900.0,553700.0,55
201300018381,13,3,5,1850,3,1,3,1.0,3,55573,M,4868434.0,562123.0,55
201300018382,13,2,4,1300,1,2,1,2.0,1,55119,M,4936835.0,517615.0,55
201300018383,13,7,7,300,3,1,1,1.0,6,55063,M,4930500.0,574700.0,55
201300018384,13,7,25,1515,1,2,1,7.0,3,55158,M,0.0,0.0,55
201300018385,13,8,14,1500,1,1,1,1.0,3,55002,M,4920500.0,555700.0,55
201300018386,13,8,4,15,5,2,1,1.0,7,55110,M,4953600.0,529700.0,55
201300018387,13,11,7,1930,3,1,1,2.0,1,55252,M,4946470.0,540831.0,55
201300018388,13,5,30,1630,1,1,3,2.0,3,61203,M,4839454.0,5727.0,61
201300018389,13,9,14,1545,1,1,1,2.0,1,61213,M,4847434.0,-11605.0,61
201300018390,13,2,18,1515,1,1,1,1.0,1,61036,M,4863328.0,10398.0,61
201300018391,13,3,7,1230,1,1,1,8.0,7,61301,M,4855319.0,17215.0,61
201300018392,13,11,9,2230,3,1,1,3.0,7,61133,M,4860666.0,34428.0,61
201300018393,13,3,7,2115,3,1,1,2.0,6,61283,M,4880363.0,-9054.0,61
201300018394,13,3,23,1900,2,1,1,1.0,3,61179,M,4871869.0,-26904.0,61
201300018395,13,3,25,1630,1,1,1,1.0,1,61210,M,4867069.0,-15189.0,61
201300018396,13,4,28,700,2,1,1,1.0,7,61298,M,4873924.0,-4812.0,61
201300018397,13,10,9,1430,1,2,1,1.0,1,61194,M,4873280.0,-9143.0,61
201300018398,13,11,10,430,3,1,1,1.0,6,61346,M,4889411.0,11008.0,61
201300018399,13,2,12,1730,1,1,1,1.0,5,61232,M,4863253.0,-69825.0,61
201300018400,13,7,31,1500,1,1,1,1.0,3,61145,M,4883011.0,-58271.0,61
201300018401,13,9,3,1130,1,1,1,7.0,2,61091,M,4858797.0,-50067.0,61
201300018402,13,4,21,2230,3,1,1,1.0,6,61223,M,4870159.0,-67325.0,61
201300018403,13,8,12,1355,1,2,1,1.0,7,61376,M,4868456.0,-62361.0,61
201300018404,13,6,4,1745,1,2,1,1.0,7,61168,M,4859507.0,-35357.0,61
201300018405,13,12,19,1800,3,1,2,8.0,2,61168,M,4856122.0,-39565.0,61
201300018406,13,6,19,830,1,1,3,1.0,3,61255,M,4845775.0,61715.0,61
201300018407,13,9,12,1745,1,1,1,2.0,7,61476,M,4838553.0,41583.0,61
201300018408,13,12,19,1900,3,1,1,9.0,7,61229,M,4851258.0,59719.0,61
201300018409,13,1,1,345,3,1,1,1.0,7,61422,M,4868714.0,59260.0,61
201300018410,13,2,13,1715,1,1,3,8.0,5,61140,M,4871099.0,66582.0,61
201300018411,13,3,8,1500,1,2,6,1.0,6,61214,M,4876469.0,62832.0,61
201300018412,13,7,4,815,1,1,1,1.0,1,61193,M,4879451.0,50194.0,61
201300018413,13,8,31,45,3,1,1,1.0,7,61193,M,4883633.0,47957.0,61
201300018414,13,11,17,2045,3,1,1,1.0,6,61297,M,4864390.0,45447.0,61
201300018415,13,8,26,530,4,1,9,1.0,1,61356,M,4870449.0,61578.0,61
201300018416,13,10,7,2300,3,1,1,1.0,6,61079,M,4820491.0,72387.0,61
201300018417,13,11,3,1800,3,1,1,2.0,1,61246,M,4827250.0,77260.0,61
201300018418,13,5,24,1745,1,1,1,1.0,1,61429,M,4863234.0,73907.0,61
201300018419,13,6,16,1815,1,1,1,1.0,1,61125,M,4840327.0,92183.0,61
201300018420,13,7,22,1830,1,1,1,1.0,7,61230,M,4853956.0,73440.0,61
201300018421,13,10,29,1115,1,1,1,1.0,2,61345,M,4842973.0,75458.0,61
201300018422,13,1,28,1745,1,2,2,1.0,6,76098,M,4998232.0,125571.0,76
201300018423,13,3,18,1645,1,2,2,2.0,3,76255,M,5004848.0,141599.0,76
201300018424,13,3,28,430,3,1,1,1.0,1,76255,M,5002840.0,143433.0,76
201300018425,13,4,3,745,1,2,3,1.0,3,76618,M,4995703.0,122238.0,76
201300018426,13,6,8,1,5,2,1,1.0,6,76507,M,5004299.0,143470.0,76
201300018427,13,6,8,2345,5,2,1,1.0,6,76711,M,5005820.0,138074.0,76
201300018428,13,6,29,1930,1,2,6,1.0,3,76255,M,5005306.0,139940.0,76
201300018429,13,7,8,1445,1,2,1,1.0,3,76711,M,5005968.0,137992.0,76
201300018430,13,7,21,1215,1,2,1,1.0,1,76644,M,5000853.0,137359.0,76
201300018431,13,7,28,1145,1,2,1,1.0,7,76252,M,5003380.0,138817.0,76
201300018432,13,8,13,2000,1,1,1,1.0,6,76255,M,5003583.0,142419.0,76
201300018433,13,8,15,1700,1,2,1,1.0,7,76496,M,4997972.0,123220.0,76
201300018434,13,9,24,1400,1,2,1,1.0,6,76711,M,5005496.0,138267.0,76
201300018435,13,11,19,1330,1,1,1,1.0,1,76644,M,5001742.0,139831.0,76
201300018436,13,12,16,1545,1,1,1,1.0,6,76207,M,4993079.0,136843.0,76
201300018437,13,1,7,1530,1,1,1,8.0,2,76673,M,4946223.0,125672.0,76
201300018438,13,2,18,900,1,1,1,1.0,1,76548,M,4947266.0,135104.0,76
201300018439,13,3,2,1400,1,2,1,1.0,3,76591,M,4944238.0,117690.0,76
201300018440,13,3,16,1730,1,1,1,2.0,6,76358,M,4947550.0,140686.0,76
201300018441,13,4,11,1630,1,1,1,1.0,2,76591,M,4944235.0,119138.0,76
201300018442,13,6,21,1,5,2,1,2.0,7,76560,M,4941829.0,118789.0,76
201300018443,13,7,8,1715,1,1,1,7.0,6,76560,M,4942381.0,117117.0,76