Num_Acc,an,mois,jour,hrmn,lum,agg,int,atm,col,com,gps,lat,long,dep
201300018444,13,8,3,230,3,1,1,1.0,7,76248,M,4958364.0,130702.0,76
201300018445,13,8,12,1445,1,1,2,1.0,3,76248,M,4957918.0,129383.0,76
201300018446,13,10,6,1100,1,1,2,1.0,6,76571,M,4954151.0,134418.0,76
201300018447,13,3,29,1615,1,1,1,1.0,1,63126,M,4569200.0,315000.0,63
201300018448,13,6,2,1915,1,1,1,1.0,1,63120,M,0.0,0.0,63
201300018449,13,6,16,45,3,1,1,1.0,3,63350,M,4572700.0,326200.0,63
201300018450,13,6,18,515,2,1,1,1.0,6,63126,M,0.0,0.0,63
201300018451,13,10,17,1445,1,2,1,1.0,1,63457,M,0.0,0.0,63
201300018452,13,12,2,1615,1,2,1,7.0,6,63455,M,4512100.0,328500.0,63
201300018453,13,2,19,1715,1,1,1,1.0,1,63137,M,4540900.0,360400.0,63
201300018454,13,3,6,1715,1,2,1,1.0,1,63211,M,0.0,0.0,63
201300018455,13,7,27,2115,2,2,1,1.0,1,63003,M,4555511.0,375005.0,63
201300018456,13,8,30,1100,1,1,1,1.0,5,63374,M,0.0,0.0,63
201300018457,13,5,5,1500,1,1,1,1.0,6,63207,M,0.0,0.0,63
201300018458,13,8,12,1515,1,1,1,1.0,3,63465,M,4543600.0,388600.0,63
201300018459,13,6,6,1715,1,2,1,1.0,6,63353,M,4546000.0,354200.0,63
201300018460,13,6,19,1400,1,1,1,1.0,6,63353,M,4543900.0,356200.0,63
201300018461,13,3,11,1400,1,1,1,2.0,1,63261,M,0.0,0.0,63
201300018462,13,5,7,1415,1,2,1,1.0,6,63172,M,0.0,0.0,63
201300018463,13,10,11,1100,1,1,1,2.0,6,63380,M,0.0,0.0,63
201300018464,13,10,18,1345,1,1,1,1.0,3,63268,M,0.0,0.0,63
201300018465,13,11,9,945,1,2,1,1.0,3,63178,M,0.0,0.0,63
201300018466,13,12,8,1700,2,2,1,1.0,1,63007,M,0.0,0.0,63
201300018467,13,1,22,1300,1,1,1,8.0,3,63397,M,0.0,0.0,63
201300018468,13,6,6,1700,1,1,1,1.0,1,63098,M,4551200.0,272100.0,63
201300018469,13,9,5,1030,1,2,1,1.0,6,63236,M,4557255.0,281138.0,63
201300018470,13,6,25,1730,1,1,1,1.0,1,63400,M,4604300.0,336200.0,63
201300018471,13,7,19,1815,1,1,1,1.0,6,63362,M,4593100.0,324300.0,63
201300018472,13,1,4,1330,1,1,1,2.0,3,63223,M,0.0,0.0,63
201300018473,13,6,6,730,1,2,6,1.0,6,63231,M,4587032.0,362829.0,63
201300018474,13,6,9,2330,3,1,1,8.0,1,63066,M,4586877.0,365345.0,63
201300018475,13,7,15,1815,1,1,1,1.0,3,63430,M,0.0,0.0,63
201300018476,13,8,10,200,5,2,1,1.0,6,63430,M,0.0,0.0,63
201300018477,13,9,3,1815,1,2,1,1.0,6,63430,M,4584597.0,353550.0,63
201300018478,13,12,3,1815,5,2,1,1.0,6,63430,M,4585671.0,354866.0,63
201300018479,13,12,15,415,5,2,1,9.0,6,63276,M,0.0,0.0,63
201300018480,13,10,31,1645,1,2,1,1.0,6,63125,M,0.0,0.0,63
201300018481,13,1,2,1615,1,2,1,2.0,6,63180,M,0.0,0.0,63
201300018482,13,5,19,1215,1,1,1,8.0,3,63201,M,4594500.0,338000.0,63
201300018483,13,8,28,30,3,1,1,2.0,6,63271,M,4593300.0,346300.0,63
201300018484,13,10,25,1800,1,2,1,1.0,1,63128,M,4591600.0,337800.0,63
201300018485,13,12,8,2100,5,1,1,8.0,6,63271,M,4593400.0,349100.0,63
201300018486,13,12,12,1715,1,1,1,9.0,6,63095,M,4596300.0,346000.0,63
201300018487,13,10,11,2000,3,1,1,3.0,1,89252,M,4763905.0,349287.0,89
201300018488,13,2,17,700,5,2,1,5.0,6,89382,M,4790281.0,359976.0,89
201300018489,13,2,20,1600,1,1,1,1.0,5,89068,M,4782341.0,376621.0,89
201300018490,13,5,7,1500,1,1,1,1.0,1,89227,M,4789319.0,375857.0,89
201300018491,13,7,6,1815,1,2,1,1.0,1,89226,M,0.0,0.0,89
201300018492,13,8,3,1730,1,2,2,1.0,3,89341,M,0.0,0.0,89
201300018493,13,8,11,1830,1,1,1,1.0,6,89282,M,0.0,0.0,89
201300018494,13,9,3,1045,1,1,1,1.0,6,89198,M,4788400.0,356900.0,89
201300018495,13,9,26,1715,1,1,3,1.0,3,89198,M,4786300.0,357800.0,89
201300018496,13,10,6,1600,1,1,1,1.0,7,89034,M,4781600.0,371500.0,89
201300018497,13,11,20,1845,3,1,1,4.0,1,89250,M,0.0,0.0,89
201300018498,13,1,28,730,2,1,1,9.0,5,89345,M,4799881.0,370408.0,89
201300018499,13,5,31,1715,1,2,1,2.0,5,89276,M,4804551.0,379448.0,89
201300018500,13,7,21,2300,3,1,1,1.0,1,89026,M,0.0,0.0,89
201300018501,13,8,28,1800,1,2,1,1.0,2,89026,M,4800409.0,367930.0,89
201300018502,13,10,7,1345,1,2,1,1.0,6,89402,M,0.0,0.0,89
201300018503,13,1,6,1810,3,1,1,8.0,6,89272,M,4770429.0,334748.0,89
201300018504,13,2,9,800,1,1,1,4.0,6,89216,M,4753483.0,326312.0,89
201300018505,13,5,11,1015,1,1,1,1.0,6,89344,M,4761763.0,307483.0,89
201300018506,13,5,12,1445,1,1,1,1.0,7,89344,M,4763127.0,305363.0,89
201300018507,13,5,17,1900,1,1,1,1.0,7,89400,M,4755867.0,333097.0,89
201300018508,13,6,14,2130,2,2,1,1.0,6,89324,M,4774139.0,287707.0,89
201300018509,13,10,11,1100,1,1,1,8.0,6,89311,M,4777800.0,341900.0,89
201300018510,13,6,1,1530,1,1,1,1.0,1,89025,M,4748100.0,391600.0,89
201300018511,13,6,13,1015,1,1,1,1.0,7,89025,M,4747519.0,391528.0,89
201300018512,13,1,7,1145,1,2,2,1.0,6,89321,M,0.0,0.0,89
201300018513,13,4,11,1545,1,1,1,3.0,1,89355,M,4786852.0,407161.0,89
201300018514,13,6,29,615,2,2,1,2.0,7,89211,M,0.0,0.0,89
201300018515,13,7,3,1515,1,1,1,3.0,6,89039,M,0.0,0.0,89
201300018516,13,12,16,1015,2,1,1,8.0,1,89407,M,4785400.0,404699.0,89
201300018517,13,4,16,830,1,2,1,1.0,3,89473,M,0.0,0.0,89
201300018518,13,6,14,1445,1,2,1,1.0,7,89074,M,4832038.0,312430.0,89
201300018519,13,11,4,1400,1,1,1,1.0,7,89480,M,0.0,0.0,89
201300018520,13,11,21,1400,1,1,1,8.0,2,89456,M,4830677.0,316824.0,89
201300018521,13,12,6,1115,1,1,1,1.0,1,89449,M,0.0,0.0,89
201300018522,13,12,24,1545,1,1,2,2.0,3,89449,M,4833209.0,309799.0,89
201300018523,13,1,11,1130,1,1,1,2.0,7,89428,M,4823367.0,305745.0,89
201300018524,13,11,21,1345,1,1,1,1.0,6,89380,M,4808229.0,308774.0,89
201300018525,13,1,8,900,1,2,1,1.0,6,89348,M,4803288.0,329589.0,89
201300018526,13,1,31,2045,3,1,1,1.0,6,89142,M,4807762.0,336603.0,89
201300018527,13,4,5,1630,1,1,1,1.0,3,89464,M,4806337.0,329029.0,89
201300018528,13,11,9,1930,5,2,1,2.0,1,89464,M,4809300.0,329600.0,89
201300018529,13,8,28,1630,1,1,1,1.0,3,71495,M,4652504.0,460674.0,71
201300018530,13,6,8,2215,3,2,1,3.0,6,71550,M,0.0,0.0,71
201300018531,13,11,1,1630,1,1,3,1.0,5,71591,M,0.0,0.0,71
201300018532,13,1,22,1045,1,2,1,1.0,6,71014,M,4695033.0,429860.0,71
201300018533,13,1,26,1400,1,1,3,8.0,1,71014,M,0.0,0.0,71
201300018534,13,4,18,2130,3,1,1,1.0,1,71162,M,0.0,0.0,71
201300018535,13,4,26,330,3,1,1,1.0,6,71162,M,0.0,0.0,71
201300018536,13,5,7,1430,1,1,1,1.0,3,71535,M,4700600.0,425466.0,71
201300018537,13,6,1,1100,1,1,2,1.0,3,71144,M,0.0,0.0,71
201300018538,13,7,5,1830,1,2,2,7.0,1,71190,M,0.0,0.0,71
201300018539,13,7,22,30,5,2,6,1.0,6,71014,M,0.0,0.0,71
201300018540,13,7,31,2045,1,1,1,1.0,6,71014,M,4694929.0,434788.0,71
201300018541,13,8,15,1945,1,2,1,1.0,5,71014,M,4695776.0,430019.0,71
201300018542,13,9,5,1100,1,2,1,1.0,6,71014,M,4695574.0,430661.0,71
201300018543,13,9,5,715,1,1,1,7.0,1,71162,M,0.0,0.0,71
201300018544,13,10,29,1000,1,1,1,1.0,3,71493,M,0.0,0.0,71
201300018545,13,12,21,800,1,1,1,8.0,7,71438,M,4703800.0,440044.0,71
201300018546,13,7,5,1200,1,2,6,1.0,3,71192,M,4686674.0,419916.0,71
201300018547,13,4,14,945,1,1,1,1.0,1,71191,M,0.0,0.0,71
201300018548,13,6,14,730,1,1,1,1.0,6,71347,M,0.0,0.0,71
201300018549,13,2,16,900,1,1,1,5.0,3,71222,M,0.0,0.0,71
201300018550,13,11,15,645,3,1,1,3.0,3,71463,M,0.0,0.0,71
201300018551,13,12,9,1615,1,1,1,7.0,6,71483,M,4633484.0,428481.0,71
201300018552,13,3,4,1330,1,1,1,1.0,1,71132,M,0.0,0.0,71
201300018553,13,5,5,2000,2,1,1,7.0,1,71340,M,0.0,0.0,71
201300018554,13,1,14,700,2,2,1,2.0,3,71484,M,0.0,0.0,71
201300018555,13,1,20,2030,3,1,1,4.0,1,71064,M,0.0,0.0,71
201300018556,13,4,7,1545,1,1,1,1.0,6,71177,M,0.0,0.0,71
201300018557,13,8,6,845,1,2,1,1.0,3,71380,M,0.0,0.0,71
201300018558,13,8,21,1715,1,1,3,1.0,3,71263,M,4664585.0,520614.0,71
201300018559,13,8,31,1400,1,1,1,1.0,1,71056,M,0.0,0.0,71
201300018560,13,8,30,2015,2,2,1,1.0,7,71263,M,0.0,0.0,71
201300018561,13,9,21,1500,1,1,1,1.0,7,71484,M,0.0,0.0,71
201300018562,13,10,3,1600,1,1,1,1.0,3,71196,M,4665658.0,534919.0,71
201300018563,13,10,14,1700,1,1,1,1.0,1,71143,M,4645887.0,530715.0,71
201300018564,13,6,15,1900,1,2,1,1.0,1,64061,M,0.0,0.0,64
201300018565,13,9,21,1000,1,1,1,1.0,6,64301,M,4341010.0,-67408.0,64
201300018566,13,7,13,730,1,1,1,1.0,6,11136,M,4319300.0,204999.0,11
201300018567,13,7,17,1215,1,1,1,1.0,5,11009,M,0.0,0.0,11
201300018568,13,10,26,1415,1,2,1,1.0,3,11049,M,4324700.0,211500.0,11
201300018569,13,2,18,445,3,2,1,1.0,6,11035,M,0.0,0.0,11
201300018570,13,7,27,1130,1,2,1,1.0,6,11106,M,0.0,0.0,11
201300018571,13,5,11,1015,1,1,1,1.0,2,81048,M,0.0,0.0,81
201300018572,13,5,22,1745,1,1,1,1.0,1,81008,M,4409500.0,215900.0,81
201300018573,13,3,16,445,5,2,1,1.0,6,81011,M,4373550.0,182337.0,81
201300018574,13,4,13,2200,3,1,1,1.0,6,81140,M,4368330.0,175287.0,81
201300018575,13,8,1,1845,1,1,1,1.0,5,81298,M,0.0,0.0,81
201300018576,13,12,22,330,5,1,6,2.0,6,81104,M,0.0,0.0,81
201300018577,13,11,19,1730,3,1,1,2.0,6,81227,M,4367400.0,229000.0,81
201300018578,13,2,4,1130,1,1,1,3.0,1,81120,M,4355580.0,227939.0,81
201300018579,13,8,9,1115,1,1,1,1.0,1,81325,M,4355700.0,218300.0,81
201300018580,13,2,23,1400,1,2,1,1.0,1,69063,M,0.0,0.0,69
201300018581,13,2,3,1430,1,1,1,1.0,1,69018,M,4624600.0,447700.0,69
201300018582,13,7,28,115,5,2,1,1.0,6,69165,M,4612900.0,463300.0,69
201300018583,13,7,6,1900,1,2,1,1.0,1,69006,M,0.0,0.0,69
201300018584,13,5,23,1830,1,2,3,1.0,1,33363,M,0.0,0.0,33
201300018585,13,8,24,1800,1,1,1,1.0,7,33083,M,0.0,0.0,33
201300018586,13,4,23,1915,1,1,1,1.0,6,33036,M,0.0,0.0,33
201300018587,13,5,29,930,1,2,1,8.0,6,33036,M,4443700.0,-21200.0,33
201300018588,13,1,5,645,5,2,1,1.0,6,33523,M,0.0,0.0,33
201300018589,13,5,18,2045,1,1,1,1.0,1,33097,M,0.0,0.0,33
201300018590,13,10,21,530,3,1,1,1.0,6,33203,M,0.0,0.0,33
201300018591,13,10,24,1445,1,1,1,1.0,1,33203,M,0.0,0.0,33
201300018592,13,1,30,2015,3,1,1,8.0,1,33314,M,0.0,0.0,33
201300018593,13,6,9,900,1,1,1,8.0,6,33314,M,0.0,0.0,33
201300018594,13,8,2,730,2,1,3,8.0,3,33125,M,0.0,0.0,33
201300018595,13,12,19,2045,3,1,1,2.0,7,33395,M,0.0,0.0,33
201300018596,13,1,6,1815,3,1,1,1.0,6,33348,M,4536800.0,-96900.0,33
201300018597,13,5,7,1830,1,1,1,1.0,1,33390,M,0.0,0.0,33
201300018598,13,9,4,1330,1,1,1,1.0,3,33045,M,0.0,0.0,33
201300018599,13,10,13,1730,1,1,1,8.0,6,33108,M,0.0,0.0,33
201300018600,13,5,8,1500,2,1,1,1.0,7,33468,M,0.0,0.0,33
201300018601,13,8,27,1900,1,2,1,1.0,3,33402,M,0.0,0.0,33
201300018602,13,9,14,1630,1,2,1,1.0,6,33402,M,0.0,0.0,33
201300018603,13,5,20,2345,3,1,1,1.0,1,65292,M,4324957.0,-11621.0,65
201300018604,13,7,11,915,1,1,1,1.0,1,65155,M,4329075.0,55991.0,65
201300018605,13,10,8,1345,1,1,1,1.0,6,65373,M,4330110.0,44205.0,65
201300018606,13,1,10,1445,1,1,1,2.0,6,65432,M,4352999.0,-4011.0,65
201300018607,13,7,13,700,1,2,1,1.0,7,65460,M,4338492.0,4855.0,65
201300018608,13,8,2,1830,1,2,1,7.0,3,65304,M,4347611.0,2306.0,65
201300018609,13,9,9,1745,1,2,1,1.0,2,65460,M,4336911.0,6136.0,65
201300018610,13,12,13,1145,1,2,1,7.0,6,65460,M,4338593.0,5527.0,65
201300018611,13,5,20,1230,1,2,1,1.0,6,65395,M,4310246.0,-17034.0,65
201300018612,13,8,25,1900,1,2,1,1.0,3,65421,M,4306949.0,1027.0,65
201300018613,13,9,2,1830,1,2,1,1.0,7,65029,M,4299176.0,-12923.0,65
201300018614,13,10,10,1230,1,1,1,2.0,7,65363,M,4311810.0,46430.0,65
201300018615,13,9,9,1830,1,2,6,1.0,1,65388,M,4282173.0,32801.0,65
201300018616,13,1,18,2015,3,1,1,4.0,5,41229,M,4730370.0,134732.0,41
201300018617,13,4,8,2300,3,1,1,1.0,6,41099,M,4730190.0,134043.0,41
201300018618,13,7,1,915,1,1,1,1.0,2,41049,M,4732680.0,149207.0,41
201300018619,13,7,27,1900,1,1,1,1.0,3,41135,M,4729620.0,187971.0,41
201300018620,13,8,3,215,3,1,1,3.0,2,41110,M,4731470.0,181312.0,41
201300018621,13,8,19,1315,1,1,1,1.0,2,41110,M,4731390.0,181694.0,41
201300018622,13,9,18,1115,1,1,1,2.0,1,41229,M,4730590.0,135819.0,41
201300018623,13,1,11,730,3,1,1,2.0,4,82075,M,0.0,0.0,82
201300018624,13,4,13,1645,1,1,1,1.0,6,82160,M,0.0,0.0,82
201300018625,13,6,14,1930,1,1,1,1.0,7,82073,M,0.0,0.0,82
201300018626,13,1,10,815,1,1,1,5.0,6,80784,M,0.0,0.0,80
201300018627,13,6,3,1430,1,1,1,1.0,4,80159,M,0.0,0.0,80
201300018628,13,6,10,1530,1,2,1,1.0,1,80507,M,0.0,0.0,80
201300018629,13,6,11,1900,1,1,1,8.0,5,80156,M,0.0,0.0,80
201300018630,13,6,29,1545,1,1,1,1.0,3,80672,M,0.0,0.0,80
201300018631,13,7,2,2300,3,1,2,2.0,3,80412,M,0.0,0.0,80
201300018632,13,7,6,1745,1,1,1,1.0,5,80461,M,0.0,0.0,80
201300018633,13,7,10,1815,1,1,1,1.0,7,80107,M,0.0,0.0,80
201300018634,13,11,6,2030,3,1,1,8.0,4,80036,M,0.0,0.0,80
201300018635,13,11,18,1630,1,2,1,1.0,6,80212,M,4990898.0,250680.0,80
201300018636,13,1,18,1115,1,1,2,8.0,3,80142,M,0.0,0.0,80
201300018637,13,2,16,1030,1,1,1,1.0,1,80013,M,0.0,0.0,80
201300018638,13,3,5,1730,1,1,1,1.0,6,80655,M,0.0,0.0,80
201300018639,13,3,9,1615,1,1,3,1.0,3,80013,M,0.0,0.0,80
201300018640,13,9,11,2245,3,1,1,2.0,6,80062,M,0.0,0.0,80
201300018641,13,9,29,1445,1,1,1,1.0,1,80703,M,0.0,0.0,80
201300018642,13,10,15,1630,1,2,1,1.0,3,80324,M,4994274.0,181225.0,80
201300018643,13,11,28,900,1,1,1,8.0,6,80443,M,0.0,0.0,80
201300018644,13,12,11,1915,3,1,1,1.0,1,80443,M,0.0,0.0,80
201300018645,13,12,28,1915,3,1,1,8.0,3,80456,M,0.0,0.0,80
201300018646,13,4,6,800,1,1,1,1.0,1,80050,M,0.0,0.0,80
201300018647,13,4,18,715,1,1,1,1.0,6,80791,M,0.0,0.0,80
201300018648,13,5,31,2100,1,1,1,1.0,3,80114,M,0.0,0.0,80
201300018649,13,6,1,815,1,2,3,1.0,3,80630,M,0.0,0.0,80
201300018650,13,7,29,1045,1,1,2,1.0,3,80583,M,0.0,0.0,80
201300018651,13,8,7,1720,1,1,2,1.0,3,80515,M,0.0,0.0,80
201300018652,13,9,7,1700,1,2,1,1.0,1,80424,M,0.0,0.0,80
201300018653,13,10,8,1700,1,2,1,1.0,7,80399,M,0.0,0.0,80
201300018654,13,10,14,1915,5,2,4,2.0,1,80211,M,0.0,0.0,80
201300018655,13,10,18,1845,1,2,1,1.0,2,80791,M,4983912.0,222426.0,80
201300018656,13,4,8,1815,1,1,2,1.0,3,80130,M,0.0,0.0,80
201300018657,13,4,14,1330,1,2,1,1.0,3,80011,M,0.0,0.0,80
201300018658,13,4,28,2200,3,1,1,1.0,2,80650,M,0.0,0.0,80
201300018659,13,5,26,1830,1,2,1,1.0,3,80011,M,0.0,0.0,80
201300018660,13,6,19,430,2,1,2,1.0,1,80718,M,0.0,0.0,80
201300018661,13,6,26,1300,1,1,1,1.0,1,80020,M,0.0,0.0,80
201300018662,13,7,12,1700,1,1,1,1.0,5,80798,M,0.0,0.0,80
201300018663,13,8,19,1900,1,1,2,1.0,1,80718,M,0.0,0.0,80
201300018664,13,10,7,545,3,1,2,5.0,1,80718,M,0.0,0.0,80
201300018665,13,10,18,1845,3,1,1,1.0,5,80650,M,0.0,0.0,80
201300018666,13,11,24,1500,1,1,2,1.0,3,80130,M,0.0,0.0,80
201300018667,13,12,12,845,1,1,1,9.0,1,80187,M,0.0,0.0,80
201300018668,13,12,19,945,1,1,1,1.0,5,80650,M,0.0,0.0,80
201300018669,13,3,8,2015,3,1,1,5.0,6,80486,M,0.0,0.0,80
201300018670,13,5,10,1830,1,2,1,1.0,6,80251,M,5000112.0,177789.0,80
201300018671,13,5,19,1915,2,1,1,1.0,1,80019,M,0.0,0.0,80
201300018672,13,7,5,1300,1,1,1,1.0,6,80171,M,0.0,0.0,80
201300018673,13,8,12,1900,1,2,1,1.0,6,80486,M,5004065.0,197816.0,80
201300018674,13,12,25,1745,2,2,1,2.0,3,80385,M,0.0,0.0,80
201300018675,13,1,15,1345,1,2,1,1.0,7,80368,M,5008319.0,154712.0,80
201300018676,13,1,19,1100,1,2,1,4.0,6,80345,M,5009512.0,164478.0,80
201300018677,13,2,20,1215,1,2,2,1.0,3,80770,M,5008607.0,152105.0,80
201300018678,13,3,3,530,5,2,1,1.0,6,80767,M,0.0,0.0,80
201300018679,13,3,8,2115,3,1,1,2.0,6,80721,M,0.0,0.0,80
201300018680,13,3,9,1415,1,2,1,1.0,3,80373,M,4999118.0,154901.0,80
201300018681,13,4,20,1815,1,2,1,1.0,5,80775,M,0.0,0.0,80
201300018682,13,5,5,615,2,1,1,1.0,6,80373,M,0.0,0.0,80
201300018683,13,5,9,1700,1,2,1,1.0,7,80654,M,5010358.0,167532.0,80
201300018684,13,5,13,915,1,2,1,2.0,3,80368,M,0.0,0.0,80
201300018685,13,6,2,1645,1,1,1,1.0,3,80527,M,0.0,0.0,80
201300018686,13,6,7,1010,1,2,1,1.0,1,80287,M,5015399.0,163556.0,80
201300018687,13,6,30,1445,1,1,1,1.0,2,80126,M,0.0,0.0,80
201300018688,13,7,26,1245,1,2,1,1.0,3,80360,M,0.0,0.0,80
201300018689,13,8,16,1515,1,1,1,1.0,7,80826,M,5010769.0,149669.0,80
201300018690,13,8,23,945,1,2,2,1.0,3,80373,M,0.0,0.0,80
201300018691,13,8,24,1730,1,1,2,2.0,3,80308,M,0.0,0.0,80
201300018692,13,9,7,1515,1,1,1,1.0,1,80110,M,5014349.0,165824.0,80
201300018693,13,9,28,100,5,2,1,1.0,3,80663,M,0.0,0.0,80
201300018694,13,10,4,1700,1,2,1,1.0,6,80721,M,5018668.0,162705.0,80
201300018695,13,10,10,700,5,2,1,8.0,1,80096,M,0.0,0.0,80
201300018696,13,11,9,1530,1,2,1,1.0,7,80182,M,5017983.0,149584.0,80
201300018697,13,11,10,1445,1,1,1,6.0,7,80182,M,0.0,0.0,80
201300018698,13,11,23,1115,1,1,2,1.0,3,80287,M,5014752.0,159884.0,80
201300018699,13,12,16,1945,3,1,1,1.0,3,80710,M,0.0,0.0,80
201300018700,13,12,17,100,5,2,1,1.0,6,80368,M,5008582.0,154276.0,80
201300018701,13,12,25,1145,1,1,1,1.0,1,80618,M,0.0,0.0,80
201300018702,13,1,14,1730,5,2,1,4.0,6,80598,M,0.0,0.0,80
201300018703,13,2,16,1500,1,1,1,1.0,7,80222,M,0.0,0.0,80
201300018704,13,5,7,930,1,1,2,1.0,3,80327,M,0.0,0.0,80
201300018705,13,6,7,2230,3,1,1,1.0,2,80688,M,0.0,0.0,80
201300018706,13,6,13,1400,1,1,2,2.0,1,80030,M,0.0,0.0,80
201300018707,13,8,26,1715,1,1,1,1.0,7,80649,M,0.0,0.0,80
201300018708,13,9,14,1845,1,2,1,2.0,3,80649,M,0.0,0.0,80
201300018709,13,11,2,315,3,1,1,3.0,7,80303,M,0.0,0.0,80
201300018710,13,11,27,1415,1,1,2,1.0,3,80149,M,0.0,0.0,80
201300018711,13,12,12,930,3,1,2,9.0,3,80133,M,0.0,0.0,80
201300018712,13,12,20,445,3,1,1,8.0,6,80222,M,0.0,0.0,80
201300018713,13,12,27,1730,3,1,1,2.0,2,80030,M,0.0,0.0,80
201300018714,13,4,13,1615,1,1,1,2.0,3,80253,M,0.0,0.0,80
201300018715,13,8,3,1600,1,1,4,1.0,3,80253,M,0.0,0.0,80
201300018716,13,8,19,1130,1,1,1,1.0,6,80253,M,0.0,0.0,80
201300018717,13,9,29,1515,1,1,1,1.0,6,80584,M,0.0,0.0,80
201300018718,13,10,30,945,1,1,1,1.0,1,80253,M,0.0,0.0,80
201300018719,13,11,24,1545,1,1,2,8.0,3,80659,M,0.0,0.0,80
201300018720,13,12,10,1500,1,1,2,1.0,5,80602,M,0.0,0.0,80
201300018721,13,12,13,1130,1,1,1,5.0,1,80792,M,0.0,0.0,80
201300018722,13,1,14,830,1,1,1,1.0,6,80310,M,0.0,0.0,80
201300018723,13,1,31,1500,1,1,1,6.0,2,80318,M,0.0,0.0,80
201300018724,13,2,15,2100,3,1,1,1.0,6,80205,M,0.0,0.0,80
201300018725,13,4,30,800,1,1,1,1.0,6,80778,M,0.0,0.0,80
201300018726,13,7,3,1830,1,2,1,1.0,6,80318,M,0.0,0.0,80
201300018727,13,7,6,1845,1,1,1,1.0,6,80089,M,0.0,0.0,80
201300018728,13,7,23,515,2,1,1,1.0,5,80835,M,0.0,0.0,80
201300018729,13,1,8,1845,3,1,2,1.0,3,80302,M,0.0,0.0,80
201300018730,13,3,21,2015,5,2,2,1.0,3,80678,M,0.0,0.0,80
201300018731,13,4,19,430,3,1,1,1.0,7,80230,M,0.0,0.0,80
201300018732,13,4,26,745,1,1,1,1.0,3,80433,M,0.0,0.0,80
201300018733,13,5,31,1130,1,1,1,1.0,1,80220,M,0.0,0.0,80
201300018734,13,6,11,1500,1,1,2,1.0,3,80185,M,0.0,0.0,80
201300018735,13,7,5,2030,1,1,1,1.0,6,80232,M,0.0,0.0,80
201300018736,13,7,9,1730,1,1,9,1.0,2,80685,M,0.0,0.0,80
201300018737,13,7,22,915,1,1,1,1.0,1,80386,M,0.0,0.0,80
201300018738,13,8,18,1,3,2,1,1.0,7,80101,M,4963419.0,276132.0,80
201300018739,13,9,27,1245,1,2,1,1.0,1,80467,M,0.0,0.0,80
201300018740,13,11,13,1430,1,1,2,1.0,3,80306,M,0.0,0.0,80
201300018741,13,12,20,1645,2,1,1,1.0,7,80669,M,0.0,0.0,80
201300018742,13,4,17,1930,1,1,1,1.0,7,80571,M,0.0,0.0,80
201300018743,13,5,4,615,2,1,1,8.0,6,80209,M,0.0,0.0,80
201300018744,13,8,7,1045,1,2,6,3.0,6,80570,M,0.0,0.0,80
201300018745,13,8,29,1845,1,1,1,1.0,2,80758,M,0.0,0.0,80
201300018746,13,11,15,1415,1,1,1,8.0,7,80415,M,0.0,0.0,80
201300018747,13,11,23,1100,1,1,1,1.0,1,80758,M,0.0,0.0,80
201300018748,13,12,20,1200,1,2,1,7.0,6,80570,M,0.0,0.0,80
201300018749,13,12,20,1745,3,2,1,1.0,6,80570,M,0.0,0.0,80
201300018750,13,5,26,700,2,2,1,1.0,6,80601,M,0.0,0.0,80
201300018751,13,7,22,2215,3,1,1,1.0,1,80054,M,0.0,0.0,80
201300018752,13,8,20,2030,1,1,1,1.0,7,80472,M,0.0,0.0,80
201300018753,13,9,27,2305,5,2,1,1.0,3,80620,M,0.0,0.0,80
201300018754,13,11,30,430,5,1,1,1.0,1,80240,M,0.0,0.0,80
201300018755,13,1,28,1430,1,1,1,1.0,1,80647,M,0.0,0.0,80
201300018756,13,2,5,1400,1,1,1,4.0,6,80694,M,0.0,0.0,80
201300018757,13,6,1,1915,1,1,1,1.0,3,80481,M,0.0,0.0,80
201300018758,13,6,2,1600,1,2,1,1.0,7,80136,M,4994045.0,272140.0,80
201300018759,13,6,13,830,1,2,3,8.0,1,80693,M,0.0,0.0,80
201300018760,13,7,27,2045,1,2,1,2.0,1,80432,M,0.0,0.0,80
201300018761,13,9,2,1315,1,2,2,1.0,3,80430,M,0.0,0.0,80
201300018762,13,9,5,2000,2,1,2,1.0,3,80481,M,4984260.0,273970.0,80
201300018763,13,9,9,1130,1,1,1,2.0,5,80162,M,0.0,0.0,80
201300018764,13,10,2,1530,1,2,1,1.0,1,80295,M,4992859.0,267349.0,80
201300018765,13,10,15,1430,1,2,1,1.0,6,80481,M,0.0,0.0,80
201300018766,13,11,13,1115,1,2,2,1.0,3,80781,M,0.0,0.0,80
201300018767,13,12,5,2045,3,1,8,2.0,1,80680,M,0.0,0.0,80
201300018768,13,1,4,1830,3,1,1,5.0,1,80616,M,0.0,0.0,80
201300018769,13,2,4,800,2,2,1,1.0,6,80410,M,0.0,0.0,80
201300018770,13,2,12,1200,1,2,1,1.0,6,80144,M,4971782.0,309583.0,80
201300018771,13,6,30,2000,1,1,2,1.0,1,80568,M,0.0,0.0,80
201300018772,13,8,14,1700,1,2,1,1.0,6,80519,M,0.0,0.0,80
201300018773,13,9,26,900,1,2,1,1.0,6,80410,M,4974832.0,307459.0,80
201300018774,13,2,4,2315,5,2,1,1.0,6,60587,M,0.0,0.0,60
201300018775,13,4,12,2100,5,2,1,1.0,7,60102,M,0.0,0.0,60
201300018776,13,6,7,645,1,2,2,1.0,3,60587,M,0.0,0.0,60
201300018777,13,7,22,1415,1,2,2,1.0,3,60539,M,0.0,0.0,60
201300018778,13,10,3,1745,1,1,1,1.0,1,60587,M,0.0,0.0,60
201300018779,13,10,14,2015,3,1,1,3.0,2,60006,M,0.0,0.0,60
201300018780,13,11,20,1630,1,1,1,2.0,1,60587,M,0.0,0.0,60
201300018781,13,8,13,1230,1,1,1,1.0,6,24550,M,4515430.0,108269.0,24
201300018782,13,11,4,1200,1,1,1,8.0,6,19030,M,0.0,0.0,19
201300018783,13,11,24,1900,3,1,1,8.0,7,19274,M,0.0,0.0,19