Num_Acc,an,mois,jour,hrmn,lum,agg,int,atm,col,com,gps,lat,long,dep
201300018784,13,12,10,1145,1,1,1,1.0,6,24166,M,4516070.0,86853.0,24
201300018785,13,12,20,745,2,1,1,1.0,6,24044,M,4515681.0,93950.0,24
201300018786,13,1,9,1515,1,2,1,1.0,6,20207,M,0.0,0.0,202
201300018787,13,4,20,1130,1,1,1,1.0,1,20343,M,0.0,0.0,202
201300018788,13,6,1,1445,1,1,1,1.0,5,20185,M,0.0,0.0,202
201300018789,13,8,26,1115,1,1,1,1.0,7,20314,M,0.0,0.0,202
201300018790,13,9,9,900,1,1,1,1.0,7,20188,M,0.0,0.0,202
201300018791,13,7,7,730,1,1,1,1.0,1,20050,M,0.0,0.0,202
201300018792,13,7,7,1515,1,1,1,1.0,1,20150,M,0.0,0.0,202
201300018793,13,11,6,1430,1,2,1,1.0,6,20050,M,0.0,0.0,202
201300018794,13,7,18,1400,1,1,1,2.0,5,20199,M,4265300.0,909000.0,202
201300018795,13,7,30,1430,1,1,1,1.0,1,20199,M,4264400.0,910500.0,202
201300018796,13,10,7,1645,1,1,1,2.0,1,20034,M,0.0,0.0,202
201300018797,13,12,12,715,2,1,1,1.0,2,20123,M,0.0,0.0,202
201300018798,13,1,10,1515,1,1,2,2.0,3,31150,M,4364158.0,133322.0,31
201300018799,13,4,25,1930,1,1,1,1.0,1,31032,M,4368800.0,133800.0,31
201300018800,13,6,22,530,2,1,1,1.0,6,31351,M,4365700.0,128200.0,31
201300018801,13,8,22,1700,1,1,1,1.0,6,31150,M,4364797.0,128489.0,31
201300018802,13,7,29,1630,1,1,1,1.0,6,20266,M,4207350.0,890559.0,201
201300018803,13,12,17,1900,5,2,9,1.0,3,20070,M,4206139.0,874298.0,201
201300018804,13,3,13,715,1,1,1,1.0,3,20209,M,4201454.0,888195.0,201
201300018805,13,1,6,1345,1,1,1,1.0,6,20031,M,4198906.0,904687.0,201
201300018806,13,1,18,730,2,2,1,9.0,1,20130,M,4190269.0,881364.0,201
201300018807,13,3,22,1730,1,2,3,1.0,3,20215,M,4148685.0,905550.0,201
201300018808,13,6,6,900,1,1,1,1.0,3,20041,M,0.0,0.0,201
201300018809,13,6,23,1515,1,1,1,1.0,2,20041,M,4141735.0,912508.0,201
201300018810,13,7,31,1015,1,2,1,1.0,3,20215,M,4149180.0,905381.0,201
201300018811,13,4,9,1900,1,1,6,1.0,7,20139,M,4163241.0,933110.0,201
201300018812,13,4,25,1900,1,1,1,1.0,3,20269,M,4177802.0,939471.0,201
201300018813,13,6,10,1030,1,1,1,1.0,3,20362,M,0.0,0.0,201
201300018814,13,3,31,2100,3,1,1,2.0,7,20191,M,4169177.0,905225.0,201
201300018815,13,7,18,1030,1,1,1,1.0,7,20362,M,0.0,0.0,201
201300018816,13,7,19,1717,1,2,1,1.0,2,79101,M,0.0,0.0,79
201300018817,13,8,22,1915,1,1,2,1.0,3,79117,M,0.0,0.0,79
201300018818,13,10,7,1230,1,2,1,1.0,6,79109,M,0.0,0.0,79
201300018819,13,10,8,1945,3,1,1,1.0,6,79104,M,0.0,0.0,79
201300018820,13,11,17,615,3,1,1,1.0,6,79012,M,0.0,0.0,79
201300018821,13,11,23,1945,3,1,1,1.0,6,79101,M,0.0,0.0,79
201300018822,13,12,27,1145,1,1,1,1.0,6,79293,M,0.0,0.0,79
201300018823,13,2,15,1600,1,1,2,1.0,1,79254,M,0.0,0.0,79
201300018824,13,4,8,845,1,1,1,8.0,1,79034,M,0.0,0.0,79
201300018825,13,6,14,1745,1,2,4,1.0,1,79257,M,0.0,0.0,79
201300018826,13,7,28,1600,1,1,1,1.0,2,79170,M,0.0,0.0,79
201300018827,13,10,18,1815,1,1,1,1.0,1,79355,M,0.0,0.0,79
201300018828,13,10,24,715,3,1,2,1.0,3,79127,M,0.0,0.0,79
201300018829,13,10,31,1500,1,1,1,1.0,5,79130,M,0.0,0.0,79
201300018830,13,11,3,1730,2,2,2,9.0,1,79031,M,0.0,0.0,79
201300018831,13,11,23,1945,3,1,1,1.0,6,79130,M,0.0,0.0,79
201300018832,13,4,28,1545,1,2,1,1.0,1,79057,M,0.0,0.0,79
201300018833,13,8,24,1100,1,1,1,1.0,1,79353,M,0.0,0.0,79
201300018834,13,9,9,1700,1,1,3,1.0,5,79064,M,0.0,0.0,79
201300018835,13,9,10,1730,1,2,1,1.0,3,79158,M,0.0,0.0,79
201300018836,13,9,24,1545,1,1,1,1.0,1,79301,M,0.0,0.0,79
201300018837,13,10,17,1700,1,2,2,1.0,2,79264,M,0.0,0.0,79
201300018838,13,11,12,100,3,1,1,2.0,7,79217,M,0.0,0.0,79
201300018839,13,12,16,815,1,1,1,1.0,7,79327,M,0.0,0.0,79
201300018840,13,6,8,1730,1,1,3,1.0,2,79048,M,0.0,0.0,79
201300018841,13,10,25,1800,1,1,1,9.0,1,79201,M,0.0,0.0,79
201300018842,13,11,17,1645,1,1,1,1.0,1,79302,M,0.0,0.0,79
201300018843,13,1,17,1745,1,1,1,1.0,2,79123,M,0.0,0.0,79
201300018844,13,1,25,1445,1,1,1,1.0,1,79210,M,0.0,0.0,79
201300018845,13,8,6,330,3,1,1,1.0,6,79079,M,0.0,0.0,79
201300018846,13,12,25,30,3,1,1,1.0,6,79235,M,0.0,0.0,79
201300018847,13,12,31,745,3,1,3,8.0,5,79079,M,0.0,0.0,79
201300018848,13,4,7,530,3,1,1,1.0,6,79013,M,0.0,0.0,79
201300018849,13,10,12,700,3,1,1,2.0,6,79053,M,0.0,0.0,79
201300018850,13,12,2,2230,5,2,1,1.0,6,79265,M,0.0,0.0,79
201300018851,13,7,1,1400,1,2,1,7.0,6,79202,M,0.0,0.0,79
201300018852,13,9,10,1815,1,1,4,1.0,1,79202,M,0.0,0.0,79
201300018853,13,9,26,1415,1,1,1,2.0,2,79080,M,0.0,0.0,79
201300018854,13,10,5,1815,1,1,2,1.0,5,79285,M,0.0,0.0,79
201300018855,13,10,6,2000,5,2,1,1.0,7,79202,M,0.0,0.0,79
201300018856,13,11,2,1315,1,2,1,1.0,3,79253,M,0.0,0.0,79
201300018857,13,12,14,945,1,1,1,9.0,6,79029,M,0.0,0.0,79
201300018858,13,10,1,815,2,1,4,8.0,1,79016,M,0.0,0.0,79
201300018859,13,2,11,800,3,1,1,8.0,6,79076,M,0.0,0.0,79
201300018860,13,3,23,1230,1,2,9,1.0,3,79188,M,0.0,0.0,79
201300018861,13,4,21,1545,1,1,1,7.0,1,79075,M,0.0,0.0,79
201300018862,13,7,4,2215,2,2,1,1.0,1,79286,M,0.0,0.0,79
201300018863,13,9,18,1545,1,1,2,1.0,3,79342,M,0.0,0.0,79
201300018864,13,11,2,1530,1,1,2,1.0,3,79025,M,0.0,0.0,79
201300018865,13,12,5,1000,1,2,1,1.0,1,79051,M,0.0,0.0,79
201300018866,13,12,23,1345,1,1,1,1.0,1,79007,M,0.0,0.0,79
201300018867,13,12,29,30,4,1,1,2.0,6,79069,M,0.0,0.0,79
201300018868,13,4,7,2145,1,1,1,1.0,6,76105,M,4961040.0,104935.0,76
201300018869,13,6,13,1530,1,2,3,1.0,1,76377,M,4949994.0,115401.0,76
201300018870,13,1,28,1415,1,2,1,1.0,6,76482,M,4986906.0,104897.0,76
201300018871,13,2,15,1715,2,2,3,7.0,6,76482,M,4987428.0,104636.0,76
201300018872,13,6,3,1930,1,1,1,1.0,7,76694,M,4977846.0,90454.0,76
201300018873,13,7,18,1745,1,1,1,7.0,3,76047,M,4974321.0,93918.0,76
201300018874,13,8,21,1900,1,2,1,1.0,6,76136,M,4981453.0,95454.0,76
201300018875,13,9,5,1500,1,1,2,1.0,3,76492,M,4988352.0,98865.0,76
201300018876,13,9,5,1900,1,1,1,1.0,2,76360,M,4973612.0,106736.0,76
201300018877,13,10,2,930,3,1,1,1.0,2,76667,M,4984604.0,107155.0,76
201300018878,13,12,20,930,1,2,1,8.0,3,76051,M,4978736.0,100150.0,76
201300018879,13,2,15,2100,5,2,1,1.0,3,76258,M,4965384.0,59209.0,76
201300018880,13,4,11,1815,1,1,1,2.0,1,76236,M,4964747.0,65855.0,76
201300018881,13,7,17,1430,1,1,1,1.0,1,76082,M,4962743.0,48384.0,76
201300018882,13,8,15,1315,1,1,1,1.0,7,76592,M,4949441.0,47341.0,76
201300018883,13,9,15,1000,1,1,2,1.0,3,76279,M,4961031.0,60078.0,76
201300018884,13,9,16,730,2,1,1,8.0,1,76592,M,4948942.0,49318.0,76
201300018885,13,12,6,1445,1,2,2,1.0,3,76462,M,4973171.0,143735.0,76
201300018886,13,12,7,1745,3,1,1,2.0,1,76454,M,4974838.0,155755.0,76
201300018887,13,1,23,630,3,1,1,4.0,4,76042,M,4974978.0,159233.0,76
201300018888,13,11,2,1000,1,1,1,1.0,1,76578,M,4965212.0,141699.0,76
201300018889,13,1,17,845,1,2,1,9.0,6,76312,M,4948106.0,172229.0,76
201300018890,13,10,22,800,1,1,1,8.0,7,76067,M,4949913.0,158688.0,76
201300018891,13,1,11,700,3,2,1,8.0,6,76135,M,4957102.0,90837.0,76
201300018892,13,3,10,630,5,2,1,2.0,6,76057,M,4953562.0,95975.0,76
201300018893,13,11,8,1300,1,1,1,3.0,5,76433,M,4959174.0,87362.0,76
201300018894,13,12,7,1230,1,2,1,1.0,6,76057,M,4954891.0,95345.0,76
201300018895,13,12,27,1300,1,1,1,3.0,6,76370,M,4962178.0,98311.0,76
201300018896,13,1,27,1830,2,1,1,1.0,1,76557,M,4952822.0,71472.0,76
201300018897,13,2,13,1630,1,1,4,1.0,3,76636,M,4950010.0,94530.0,76
201300018898,13,6,28,2330,3,1,1,1.0,6,76020,M,4945374.0,86227.0,76
201300018899,13,6,29,1730,1,1,2,1.0,2,76418,M,4955886.0,72423.0,76
201300018900,13,4,21,1730,1,1,2,1.0,3,76251,M,4974027.0,82598.0,76
201300018901,13,6,8,2300,3,1,1,1.0,6,76348,M,4967129.0,73376.0,76
201300018902,13,1,1,1500,1,1,1,3.0,4,67543,M,0.0,0.0,67
201300018903,13,1,25,1315,1,2,1,1.0,6,67448,M,4848300.0,722100.0,67
201300018904,13,2,5,1200,1,1,1,4.0,1,67448,M,0.0,0.0,67
201300018905,13,3,24,1545,2,1,1,1.0,1,67325,M,4853500.0,734800.0,67
201300018906,13,4,19,1030,1,1,1,1.0,7,67168,M,0.0,0.0,67
201300018907,13,4,30,1830,1,1,1,2.0,6,67144,M,0.0,0.0,67
201300018908,13,4,13,1615,1,1,1,1.0,3,67098,M,0.0,0.0,67
201300018909,13,6,9,1430,1,2,1,1.0,3,67325,M,0.0,0.0,67
201300018910,13,6,14,1330,1,1,1,1.0,6,67436,M,0.0,0.0,67
201300018911,13,6,16,1500,1,2,1,1.0,3,67342,M,0.0,0.0,67
201300018912,13,8,19,1630,1,2,1,1.0,4,67414,M,0.0,0.0,67
201300018913,13,8,22,1745,1,1,6,1.0,3,67188,M,0.0,0.0,67
201300018914,13,11,12,815,1,1,1,1.0,6,67165,M,0.0,0.0,67
201300018915,13,11,11,1730,5,2,1,1.0,6,67448,M,4848700.0,720500.0,67
201300018916,13,12,8,1915,3,1,1,1.0,5,67384,M,0.0,0.0,67
201300018917,13,12,29,2145,3,1,1,1.0,6,67026,M,0.0,0.0,67
201300018918,13,4,16,1700,1,1,1,1.0,7,67093,M,4893900.0,777500.0,67
201300018919,13,4,24,1600,1,2,1,1.0,3,67132,M,4887800.0,773800.0,67
201300018920,13,1,16,715,3,2,1,4.0,7,78082,M,4897500.0,158500.0,78
201300018921,13,2,27,2145,5,1,1,2.0,6,78531,M,4901000.0,161800.0,78
201300018922,13,4,27,1415,1,1,1,1.0,1,78385,M,4896200.0,161800.0,78
201300018923,13,2,21,1630,1,1,1,1.0,5,78234,M,0.0,0.0,78
201300018924,13,6,19,645,2,2,1,8.0,6,78475,M,4887000.0,171700.0,78
201300018925,13,9,19,1345,1,1,1,1.0,2,77267,M,0.0,0.0,77
201300018926,13,5,30,845,1,1,2,2.0,1,77239,M,0.0,0.0,77
201300018927,13,8,23,1600,1,1,1,1.0,1,77066,M,0.0,0.0,77
201300018928,13,8,29,100,3,1,1,1.0,1,77444,M,0.0,0.0,77
201300018929,13,10,18,2315,3,1,1,1.0,4,77109,M,0.0,0.0,77
201300018930,13,11,25,1945,3,1,1,1.0,1,77519,M,0.0,0.0,77
201300018931,13,12,20,1700,1,1,2,1.0,5,77239,M,0.0,0.0,77
201300018932,13,4,27,1830,1,2,1,1.0,3,77101,M,0.0,0.0,77
201300018933,13,5,7,1930,2,2,2,1.0,3,77347,M,0.0,0.0,77
201300018934,13,5,8,1645,1,1,3,1.0,5,77019,M,4839400.0,314400.0,77
201300018935,13,5,12,745,1,2,6,1.0,6,77467,M,0.0,0.0,77
201300018936,13,6,10,930,1,1,1,1.0,1,77347,M,0.0,0.0,77
201300018937,13,11,9,1615,1,1,1,3.0,3,77167,M,4843500.0,311700.0,77
201300018938,13,7,17,430,5,2,1,1.0,3,74011,M,4592200.0,614500.0,74
201300018939,13,7,15,945,1,1,3,1.0,2,74116,M,4604900.0,625800.0,74
201300018940,13,10,4,1600,1,2,1,1.0,6,74011,M,0.0,0.0,74
201300018941,13,10,7,1100,1,2,1,1.0,6,74011,M,4590900.0,616000.0,74
201300018942,13,1,9,700,4,1,4,8.0,6,74138,M,0.0,0.0,74
201300018943,13,2,1,1200,1,1,4,2.0,3,74255,M,0.0,0.0,74
201300018944,13,2,6,1145,1,2,1,4.0,6,74225,M,0.0,0.0,74
201300018945,13,6,21,2230,2,1,1,1.0,2,74165,M,4582600.0,599500.0,74
201300018946,13,10,26,530,5,2,1,1.0,6,74225,M,4586100.0,594500.0,74
201300018947,13,12,21,730,2,1,1,1.0,6,74002,M,0.0,0.0,74
201300018948,13,1,16,900,1,1,1,4.0,1,74311,M,0.0,0.0,74
201300018949,13,1,22,2130,3,1,1,1.0,1,74311,M,0.0,0.0,74
201300018950,13,3,19,2130,3,1,1,1.0,6,74164,M,0.0,0.0,74
201300018951,13,4,14,1445,1,2,1,1.0,7,74278,M,0.0,0.0,74
201300018952,13,7,6,955,1,2,6,1.0,6,74278,M,0.0,0.0,74
201300018953,13,8,7,2045,5,2,1,3.0,1,74312,M,0.0,0.0,74
201300018954,13,12,6,1630,1,2,8,1.0,1,74164,M,0.0,0.0,74
201300018955,13,1,9,730,3,1,1,1.0,4,74094,M,0.0,0.0,74
201300018956,13,1,20,645,2,1,1,4.0,1,74094,M,0.0,0.0,74
201300018957,13,2,21,1515,1,2,2,1.0,1,74021,M,0.0,0.0,74
201300018958,13,2,27,1630,1,1,1,1.0,4,74197,M,0.0,0.0,74
201300018959,13,4,29,1615,1,1,1,3.0,1,74128,M,0.0,0.0,74
201300018960,13,5,25,430,3,1,1,2.0,6,74128,M,0.0,0.0,74
201300018961,13,6,7,2330,3,2,1,1.0,6,74094,M,0.0,0.0,74
201300018962,13,6,21,2245,5,2,1,1.0,6,74211,M,0.0,0.0,74
201300018963,13,9,10,1500,1,1,2,1.0,3,74262,M,0.0,0.0,74
201300018964,13,9,16,1830,2,1,1,3.0,3,74094,M,0.0,0.0,74
201300018965,13,11,25,730,2,1,1,1.0,3,74158,M,0.0,0.0,74
201300018966,13,5,31,1700,1,1,1,1.0,1,74096,M,0.0,0.0,74
201300018967,13,5,31,1000,1,1,1,1.0,6,74074,M,0.0,0.0,74
201300018968,13,6,2,115,3,1,1,2.0,7,74006,M,4601000.0,608400.0,74
201300018969,13,11,20,1815,5,2,1,2.0,1,74309,M,4611400.0,603800.0,74
201300018970,13,12,7,1045,1,1,1,1.0,1,74074,M,0.0,0.0,74
201300018971,13,3,16,1400,1,1,1,1.0,1,74269,M,0.0,0.0,74
201300018972,13,6,17,1230,1,1,1,1.0,1,74195,M,0.0,0.0,74
201300018973,13,7,13,700,1,1,4,1.0,1,74269,M,0.0,0.0,74
201300018974,13,10,27,1715,2,2,1,1.0,1,74075,M,0.0,0.0,74
201300018975,13,5,24,830,1,2,1,1.0,7,74236,M,0.0,0.0,74
201300018976,13,8,25,2100,5,2,1,1.0,5,59647,M,5083096.0,221090.0,59
201300018977,13,4,26,1445,1,2,1,1.0,1,59663,M,5088220.0,247192.0,59
201300018978,13,9,7,1815,1,1,1,1.0,6,59663,M,5090323.0,246251.0,59
201300018979,13,1,26,1345,1,1,1,1.0,5,25133,M,0.0,0.0,25
201300018980,13,8,8,1930,1,1,1,1.0,1,25258,M,4722500.0,593800.0,25
201300018981,13,9,14,1730,1,1,1,2.0,3,25035,M,4730900.0,597900.0,25
201300018982,13,11,5,1700,2,1,1,2.0,3,25212,M,4727200.0,598800.0,25
201300018983,13,11,19,1015,1,1,1,2.0,3,25371,M,4725900.0,587500.0,25
201300018984,13,2,5,2030,3,1,1,3.0,6,56067,M,0.0,0.0,56
201300018985,13,7,7,1800,1,1,1,1.0,7,56067,M,0.0,0.0,56
201300018986,13,7,11,945,1,1,2,1.0,1,56067,M,0.0,0.0,56
201300018987,13,4,14,1800,1,2,1,1.0,1,56143,M,4756364.0,-250104.0,56
201300018988,13,4,27,1515,1,1,1,1.0,1,56212,M,0.0,0.0,56
201300018989,13,5,27,1330,1,1,1,1.0,1,56147,M,4752924.0,-225715.0,56
201300018990,13,1,25,830,1,2,9,1.0,6,56053,M,4773077.0,-258579.0,56
201300018991,13,1,26,1900,5,2,1,1.0,1,56028,M,0.0,0.0,56
201300018992,13,1,28,2145,3,1,1,3.0,6,56261,M,0.0,0.0,56
201300018993,13,7,3,1645,1,1,1,1.0,2,56184,M,0.0,0.0,56
201300018994,13,7,4,1400,1,1,1,1.0,3,56135,M,0.0,0.0,56
201300018995,13,7,31,545,4,1,1,2.0,1,56184,M,0.0,0.0,56
201300018996,13,10,1,1900,1,1,2,8.0,3,56184,M,0.0,0.0,56
201300018997,13,12,9,1615,1,1,1,7.0,2,56206,M,0.0,0.0,56
201300018998,13,11,19,745,2,2,1,1.0,6,56084,M,4757955.0,-269425.0,56
201300018999,13,6,24,1745,1,1,1,1.0,3,56258,M,0.0,0.0,56
201300019000,13,6,24,1900,1,2,1,1.0,7,56034,M,4756635.0,-309084.0,56
201300019001,13,7,8,145,5,2,1,1.0,6,56034,M,4757453.0,-306124.0,56
201300019002,13,7,26,900,1,2,6,1.0,3,56034,M,0.0,0.0,56
201300019003,13,9,21,2200,5,2,1,1.0,2,56258,M,4758650.0,-302705.0,56
201300019004,13,10,22,645,3,1,1,2.0,3,56168,M,0.0,0.0,56
201300019005,13,1,3,1500,1,1,1,1.0,6,56078,M,4779021.0,-347537.0,56
201300019006,13,2,12,1145,1,1,1,1.0,1,56078,M,4780368.0,-349926.0,56
201300019007,13,6,18,1500,1,1,1,1.0,1,56036,M,0.0,0.0,56
201300019008,13,7,3,1030,1,1,1,8.0,1,56185,M,0.0,0.0,56
201300019009,13,7,12,530,2,1,1,1.0,1,56166,M,4793911.0,-337127.0,56
201300019010,13,8,9,330,4,1,1,1.0,5,56185,M,4776955.0,-337853.0,56
201300019011,13,8,11,815,2,1,1,1.0,7,56185,M,0.0,0.0,56
201300019012,13,9,4,2100,3,1,1,1.0,7,56185,M,0.0,0.0,56
201300019013,13,9,25,900,1,2,6,1.0,6,56179,M,0.0,0.0,56
201300019014,13,11,13,930,1,2,1,1.0,1,56166,M,4791636.0,-333277.0,56
201300019015,13,12,19,915,1,2,1,1.0,6,56166,M,4790682.0,-333597.0,56
201300019016,13,1,15,1645,1,1,1,1.0,6,56181,M,0.0,0.0,56
201300019017,13,2,4,745,3,1,1,2.0,6,56055,M,0.0,0.0,56
201300019018,13,4,23,1100,1,2,6,1.0,3,56193,M,4771364.0,-333149.0,56
201300019019,13,5,22,730,1,2,6,1.0,3,56013,M,0.0,0.0,56
201300019020,13,6,27,1645,1,2,1,1.0,6,56193,M,4770833.0,-332243.0,56
201300019021,13,7,7,630,1,2,1,1.0,6,56169,M,4769900.0,-325211.0,56
201300019022,13,7,14,1200,1,1,1,1.0,3,56054,M,4762731.0,-318559.0,56
201300019023,13,8,5,1515,1,1,1,1.0,5,56161,M,0.0,0.0,56
201300019024,13,8,21,1030,1,2,1,1.0,6,56054,M,0.0,0.0,56
201300019025,13,8,29,1600,1,2,6,1.0,3,56054,M,4763949.0,-315383.0,56
201300019026,13,9,7,530,3,1,1,1.0,6,56220,M,4770947.0,-317504.0,56
201300019027,13,7,27,2045,1,1,1,1.0,7,56145,M,0.0,0.0,56
201300019028,13,10,24,1945,3,1,1,2.0,7,56127,M,0.0,0.0,56
201300019029,13,1,6,930,1,1,1,2.0,3,56075,M,0.0,0.0,56
201300019030,13,2,26,100,3,2,1,1.0,6,56075,M,4794547.0,-215131.0,56
201300019031,13,3,15,815,1,2,1,1.0,6,56124,M,0.0,0.0,56
201300019032,13,4,10,1930,2,1,1,2.0,1,56012,M,0.0,0.0,56
201300019033,13,6,2,1845,1,1,2,1.0,3,56230,M,0.0,0.0,56
201300019034,13,7,27,1745,1,1,1,1.0,7,56219,M,0.0,0.0,56
201300019035,13,9,26,1415,1,2,1,1.0,6,56124,M,0.0,0.0,56
201300019036,13,10,5,2345,5,2,1,1.0,3,56244,M,4782180.0,-250793.0,56
201300019037,13,11,3,630,3,1,1,1.0,7,56244,M,4781133.0,-249174.0,56
201300019038,13,11,9,45,3,1,1,2.0,7,56219,M,4779426.0,-253836.0,56
201300019039,13,3,13,1130,1,1,1,1.0,2,56024,M,0.0,0.0,56
201300019040,13,7,6,1745,1,1,1,1.0,7,56017,M,0.0,0.0,56
201300019041,13,8,4,1900,1,1,1,1.0,1,56187,M,4788969.0,-245442.0,56
201300019042,13,8,7,1045,1,1,1,1.0,1,56190,M,4798216.0,-277020.0,56
201300019043,13,10,24,2130,3,1,1,3.0,6,56047,M,0.0,0.0,56
201300019044,13,11,18,800,5,2,1,1.0,6,56198,M,0.0,0.0,56
201300019045,13,12,5,1215,1,1,1,1.0,6,56190,M,0.0,0.0,56
201300019046,13,12,16,1530,1,1,2,1.0,3,56190,M,0.0,0.0,56
201300019047,13,1,9,1745,5,2,1,2.0,6,56073,M,4806590.0,-320501.0,56
201300019048,13,2,13,1130,1,1,1,2.0,1,56178,M,4818245.0,-302802.0,56
201300019049,13,7,1,1830,1,1,1,1.0,1,56151,M,0.0,0.0,56
201300019050,13,7,23,1915,1,2,1,1.0,1,56238,M,0.0,0.0,56
201300019051,13,8,17,1645,1,1,1,1.0,4,56246,M,0.0,0.0,56
201300019052,13,11,5,400,3,2,1,2.0,6,56178,M,4807615.0,-294449.0,56
201300019053,13,12,14,1200,1,2,1,1.0,3,56178,M,4806953.0,-296683.0,56
201300019054,13,3,29,1330,1,2,1,2.0,3,56117,M,4787970.0,-283855.0,56
201300019055,13,4,21,1700,1,1,1,1.0,1,56144,M,0.0,0.0,56
201300019056,13,5,31,1730,1,2,1,1.0,4,56010,M,4787686.0,-301960.0,56
201300019057,13,8,4,2015,1,1,1,1.0,3,56144,M,0.0,0.0,56
201300019058,13,3,27,1730,1,1,1,1.0,3,56014,M,0.0,0.0,56
201300019059,13,3,27,1400,1,1,1,1.0,3,56199,M,0.0,0.0,56
201300019060,13,8,16,1500,1,1,1,2.0,1,56057,M,0.0,0.0,56
201300019061,13,10,20,15,3,1,1,2.0,6,56100,M,0.0,0.0,56
201300019062,13,4,2,755,2,1,1,1.0,4,95510,M,4905890.0,201180.0,95
201300019063,13,5,8,930,1,2,1,2.0,6,95388,M,4902510.0,197860.0,95
201300019064,13,3,5,930,1,1,1,1.0,5,95134,M,4913520.0,225520.0,95
201300019065,13,4,12,2330,3,1,1,1.0,2,95134,M,4913280.0,223280.0,95
201300019066,13,6,15,2030,1,1,1,1.0,5,95134,M,4913230.0,225590.0,95
201300019067,13,6,7,1000,1,1,1,1.0,6,95527,M,4901610.0,249340.0,95
201300019068,13,6,29,1930,1,2,1,1.0,6,95527,M,4900250.0,251970.0,95
201300019069,13,9,9,2115,5,2,1,2.0,6,95527,M,4900250.0,251970.0,95
201300019070,13,9,22,2115,5,1,6,1.0,3,95527,M,4899660.0,251170.0,95
201300019071,13,11,30,30,3,1,1,2.0,6,95527,M,4900480.0,248910.0,95
201300019072,13,7,27,915,1,1,1,1.0,3,19192,M,4513600.0,188700.0,19
201300019073,13,4,15,1615,1,1,1,8.0,6,19287,M,0.0,0.0,19
201300019074,13,5,29,1030,1,1,1,2.0,3,19176,M,0.0,0.0,19
201300019075,13,6,29,500,2,1,1,3.0,7,19176,M,0.0,0.0,19
201300019076,13,7,21,1545,1,1,2,1.0,5,19213,M,4538900.0,164300.0,19
201300019077,13,7,17,2345,3,1,1,1.0,1,19151,M,4510700.0,153600.0,19
201300019078,13,3,23,1330,1,1,1,1.0,2,19019,M,4498900.0,182600.0,19
201300019079,13,9,9,830,1,2,9,1.0,6,19278,M,4519700.0,144200.0,19
201300019080,13,3,21,1345,1,1,1,1.0,1,19024,M,4539100.0,139700.0,19
201300019081,13,4,27,1715,1,1,1,2.0,6,19241,M,4573000.0,210600.0,19
201300019082,13,7,9,1345,1,2,1,7.0,3,19136,M,4554000.0,214400.0,19
201300019083,13,1,31,2345,3,1,1,2.0,4,56097,M,0.0,0.0,56
201300019084,13,2,14,2015,3,1,1,1.0,3,56177,M,0.0,0.0,56
201300019085,13,3,9,1715,1,1,1,1.0,2,56094,M,0.0,0.0,56
201300019086,13,5,11,115,3,1,1,1.0,6,56094,M,4774518.0,-324140.0,56
201300019087,13,5,16,1045,1,2,1,1.0,6,56090,M,4782568.0,-325179.0,56
201300019088,13,5,26,600,2,2,1,1.0,6,56177,M,4777526.0,-301038.0,56
201300019089,13,6,9,1215,1,2,1,1.0,6,56096,M,0.0,0.0,56
201300019090,13,6,19,1815,1,1,1,2.0,7,56097,M,0.0,0.0,56
201300019091,13,6,20,830,1,2,1,1.0,6,56101,M,4783410.0,-315973.0,56
201300019092,13,7,8,730,1,1,1,7.0,1,56096,M,0.0,0.0,56
201300019093,13,7,13,115,3,1,1,1.0,7,56175,M,0.0,0.0,56
201300019094,13,7,25,830,1,1,1,1.0,6,56097,M,4777162.0,-310608.0,56
201300019095,13,8,11,1330,1,1,1,1.0,2,56175,M,0.0,0.0,56
201300019096,13,8,23,1445,1,2,1,1.0,1,56090,M,0.0,0.0,56
201300019097,13,10,4,2115,3,1,1,8.0,1,56175,M,0.0,0.0,56
201300019098,13,10,17,1130,1,1,1,1.0,2,56094,M,0.0,0.0,56
201300019099,13,10,19,1830,1,2,1,2.0,6,56094,M,0.0,0.0,56
201300019100,13,11,27,1930,3,1,1,1.0,6,56094,M,0.0,0.0,56
201300019101,13,6,9,1545,1,1,1,1.0,6,59474,M,5008439.0,376093.0,59
201300019102,13,9,16,700,2,1,1,8.0,1,59503,M,5015051.0,365474.0,59
201300019103,13,11,10,345,5,2,1,3.0,6,59099,M,5014955.0,363108.0,59
201300019104,13,11,30,900,1,1,1,1.0,1,59607,M,5016293.0,360187.0,59
201300019105,13,7,5,2000,1,2,1,7.0,3,59229,M,5004178.0,402043.0,59
201300019106,13,9,29,1400,1,1,1,1.0,6,59601,M,5007110.0,411414.0,59
201300019107,13,5,30,1315,1,2,1,1.0,6,59322,M,5024100.0,332200.0,59
201300019108,13,7,12,1215,1,2,1,1.0,3,59037,M,5019458.0,339001.0,59
201300019109,13,4,28,145,5,2,1,1.0,3,59074,M,5009091.0,344520.0,59
201300019110,13,7,22,2245,5,2,1,1.0,1,59624,M,5003200.0,329971.0,59
201300019111,13,9,15,630,2,1,1,5.0,3,59074,M,5009419.0,343627.0,59
201300019112,13,3,3,2200,5,2,1,1.0,6,59572,M,5016962.0,409849.0,59
201300019113,13,4,7,1530,1,2,1,7.0,3,59151,M,5025423.0,407378.0,59
201300019114,13,9,2,2130,3,2,1,1.0,6,59351,M,5021139.0,392553.0,59
201300019115,13,5,12,315,5,2,1,2.0,6,51597,M,0.0,0.0,51
201300019116,13,6,17,745,1,1,1,1.0,6,51002,M,0.0,0.0,51
201300019117,13,8,2,1730,1,2,1,1.0,7,51153,M,0.0,0.0,51