Num_Acc,an,mois,jour,hrmn,lum,agg,int,atm,col,com,gps,lat,long,dep
201300019118,13,8,11,2015,2,1,1,1.0,6,51488,M,0.0,0.0,51
201300019119,13,8,15,1930,1,1,1,1.0,3,51393,M,0.0,0.0,51
201300019120,13,8,24,2300,3,1,1,1.0,7,51076,M,0.0,0.0,51
201300019121,13,12,27,945,1,1,1,2.0,7,51576,M,0.0,0.0,51
201300019122,13,12,28,745,3,1,1,2.0,6,51153,M,0.0,0.0,51
201300019123,13,7,28,2045,1,2,1,1.0,1,51140,M,0.0,0.0,51
201300019124,13,12,9,730,1,1,3,1.0,3,51183,M,0.0,0.0,51
201300019125,13,8,1,1100,1,2,6,1.0,1,51261,M,0.0,0.0,51
201300019126,13,10,23,1715,1,2,1,1.0,1,51440,M,0.0,0.0,51
201300019127,13,10,13,1945,3,1,1,6.0,6,62440,M,5011588.0,302891.0,62
201300019128,13,4,21,1830,1,1,1,7.0,7,62793,M,5042200.0,264400.0,62
201300019129,13,11,24,2115,5,2,1,2.0,6,62443,M,0.0,0.0,62
201300019130,13,3,2,1330,1,2,1,1.0,6,51498,M,0.0,0.0,51
201300019131,13,7,29,1615,1,1,1,1.0,7,51442,M,0.0,0.0,51
201300019132,13,8,20,1500,1,1,1,1.0,7,51166,M,0.0,0.0,51
201300019133,13,9,7,1930,1,1,3,1.0,3,51507,M,0.0,0.0,51
201300019134,13,10,25,2300,3,2,1,3.0,6,51053,M,0.0,0.0,51
201300019135,13,6,29,1330,1,2,1,1.0,6,91225,M,0.0,0.0,91
201300019136,13,1,28,700,2,1,6,1.0,2,91538,M,0.0,0.0,91
201300019137,13,10,22,1715,1,1,1,3.0,2,91679,M,0.0,0.0,91
201300019138,13,12,27,1315,1,1,1,2.0,1,91272,M,0.0,0.0,91
201300019139,13,12,27,1030,1,1,6,2.0,7,91275,M,0.0,0.0,91
201300019140,13,8,22,545,3,1,1,1.0,3,95056,M,4909590.0,236160.0,95
201300019141,13,11,5,1815,5,2,1,1.0,6,95352,M,4911870.0,242330.0,95
201300019142,13,12,9,1715,3,1,1,1.0,7,95566,M,4911660.0,233290.0,95
201300019143,13,12,9,1015,1,2,1,1.0,6,95149,M,4912450.0,242780.0,95
201300019144,13,2,4,830,1,1,2,8.0,3,89471,M,4820272.0,339050.0,89
201300019145,13,6,8,1630,1,1,1,1.0,3,89291,M,4811500.0,328600.0,89
201300019146,13,10,10,2200,3,1,1,2.0,1,89240,M,0.0,0.0,89
201300019147,13,1,14,1845,5,1,3,1.0,3,57438,M,0.0,0.0,57
201300019148,13,2,7,2030,3,1,1,8.0,7,57716,M,0.0,0.0,57
201300019149,13,4,21,615,2,1,1,1.0,6,57523,M,0.0,0.0,57
201300019150,13,4,22,1530,1,1,9,7.0,3,57193,M,4922902.0,621087.0,57
201300019151,13,4,11,1600,1,1,3,2.0,3,57490,M,0.0,0.0,57
201300019152,13,3,4,1800,1,1,1,7.0,2,57314,M,0.0,0.0,57
201300019153,13,3,27,2030,3,1,1,1.0,7,57630,M,0.0,0.0,57
201300019154,13,6,20,1600,1,1,1,1.0,6,57682,M,0.0,0.0,57
201300019155,13,8,13,1745,1,1,1,1.0,1,57377,M,0.0,0.0,57
201300019156,13,10,21,1100,1,2,1,1.0,6,57003,M,4863696.0,709619.0,57
201300019157,13,11,23,1930,5,2,1,1.0,6,57509,M,0.0,0.0,57
201300019158,13,11,23,2330,3,1,1,9.0,6,57623,M,0.0,0.0,57
201300019159,13,12,2,1445,1,1,1,1.0,1,57630,M,0.0,0.0,57
201300019160,13,1,6,1900,3,1,1,1.0,1,57334,M,0.0,0.0,57
201300019161,13,12,8,1900,3,1,1,8.0,6,57330,M,0.0,0.0,57
201300019162,13,5,29,2330,3,1,1,2.0,7,57269,M,0.0,0.0,57
201300019163,13,11,23,1935,3,1,2,1.0,3,35024,M,4818477.0,-169380.0,35
201300019164,13,12,3,1630,1,1,1,1.0,7,35024,M,4816700.0,-162500.0,35
201300019165,13,3,17,1800,1,1,2,1.0,5,35173,M,4819570.0,-169163.0,35
201300019166,13,4,19,1715,1,1,3,1.0,3,35152,M,4822738.0,-150515.0,35
201300019167,13,5,3,1245,1,1,6,1.0,1,35051,M,4815465.0,-162455.0,35
201300019168,13,5,25,1030,1,1,1,1.0,1,35024,M,4817222.0,-166738.0,35
201300019169,13,6,15,1700,1,1,1,1.0,5,35173,M,4820081.0,-172283.0,35
201300019170,13,7,25,2245,5,2,1,1.0,1,35024,M,4817821.0,-163906.0,35
201300019171,13,8,22,1900,1,2,7,7.0,3,35152,M,4821090.0,-151544.0,35
201300019172,13,1,22,1230,1,1,1,2.0,1,44009,M,0.0,0.0,44
201300019173,13,9,22,1445,1,1,1,1.0,6,44009,M,0.0,0.0,44
201300019174,13,11,29,2200,3,1,1,1.0,6,44070,M,0.0,0.0,44
201300019175,13,1,23,1930,3,1,1,1.0,3,62792,M,0.0,0.0,62
201300019176,13,2,6,1815,3,1,1,6.0,1,62297,M,0.0,0.0,62
201300019177,13,2,18,615,3,1,1,5.0,6,62452,M,5068646.0,227401.0,62
201300019178,13,7,15,2015,1,2,8,1.0,1,62297,M,5083298.0,220271.0,62
201300019179,13,9,7,2330,3,1,1,1.0,1,62792,M,0.0,0.0,62
201300019180,13,1,5,1600,1,2,1,1.0,2,83116,M,0.0,0.0,83
201300019181,13,3,31,1745,1,1,1,1.0,1,83087,M,0.0,0.0,83
201300019182,13,8,1,630,2,1,1,1.0,1,83096,M,4300000.0,0.0,83
201300019183,13,5,13,1045,1,2,1,1.0,6,83067,M,0.0,0.0,83
201300019184,13,6,25,745,1,2,1,1.0,6,83057,M,0.0,0.0,83
201300019185,13,10,29,1930,3,2,1,2.0,2,83073,M,0.0,0.0,83
201300019186,13,11,8,1815,2,2,1,1.0,3,83073,M,4338511.0,630572.0,83
201300019187,13,11,25,1730,5,2,1,1.0,1,83073,M,0.0,0.0,83
201300019188,13,12,6,1445,1,2,1,1.0,6,83031,M,4366000.0,655100.0,83
201300019189,13,12,17,1700,3,2,1,1.0,5,83031,M,4365500.0,656800.0,83
201300019190,13,1,8,1830,3,1,1,5.0,6,74206,M,0.0,0.0,74
201300019191,13,1,13,1100,1,1,1,2.0,1,74105,M,4629900.0,627700.0,74
201300019192,13,2,20,230,3,1,1,1.0,6,74106,M,4630800.0,646500.0,74
201300019193,13,2,22,1500,1,1,4,4.0,3,74048,M,0.0,0.0,74
201300019194,13,2,27,1945,5,2,2,1.0,1,74105,M,4631200.0,631300.0,74
201300019195,13,4,18,1815,1,1,1,1.0,6,74005,M,4633600.0,645000.0,74
201300019196,13,5,1,2030,2,1,1,8.0,6,74025,M,4628800.0,634800.0,74
201300019197,13,5,30,1415,1,1,1,1.0,6,74048,M,4627500.0,638900.0,74
201300019198,13,6,7,1900,1,1,1,1.0,1,74043,M,4626400.0,635500.0,74
201300019199,13,6,20,1045,1,2,6,1.0,6,74150,M,0.0,0.0,74
201300019200,13,6,30,1100,1,1,3,1.0,3,74210,M,4630000.0,643200.0,74
201300019201,13,7,16,1815,1,1,1,1.0,3,74005,M,4633900.0,645400.0,74
201300019202,13,7,9,1230,1,2,1,1.0,3,74105,M,0.0,0.0,74
201300019203,13,7,24,1300,1,1,1,1.0,7,74150,M,4629800.0,631900.0,74
201300019204,13,8,20,900,1,2,2,1.0,3,74105,M,0.0,0.0,74
201300019205,13,8,24,1915,1,1,1,1.0,6,74043,M,0.0,0.0,74
201300019206,13,9,22,1345,1,1,2,1.0,3,74005,M,0.0,0.0,74
201300019207,13,11,26,1230,1,2,4,1.0,3,74315,M,0.0,0.0,74
201300019208,13,12,8,1630,1,2,1,1.0,6,74105,M,0.0,0.0,74
201300019209,13,5,11,1,3,2,1,1.0,6,50173,M,4966950.0,-168071.0,50
201300019210,13,6,30,1145,1,1,2,1.0,3,35152,M,4819766.0,-151102.0,35
201300019211,13,7,15,1445,1,1,6,1.0,1,35031,M,4817875.0,-143305.0,35
201300019212,13,8,1,2245,3,1,1,1.0,2,35173,M,4820269.0,-169468.0,35
201300019213,13,1,4,1130,1,1,1,1.0,2,24449,M,4498970.0,19817.0,24
201300019214,13,4,6,1115,1,1,1,1.0,6,24312,M,4514400.0,68705.0,24
201300019215,13,5,12,15,3,1,1,1.0,6,24059,M,4502455.0,39348.0,24
201300019216,13,2,7,1630,1,1,3,1.0,1,34169,M,4366780.0,385570.0,34
201300019217,13,2,8,400,3,1,1,1.0,6,34077,M,4365058.0,388368.0,34
201300019218,13,3,21,1745,1,2,2,1.0,3,34120,M,4366578.0,392011.0,34
201300019219,13,5,8,1830,1,2,1,1.0,6,34217,M,4369789.0,386295.0,34
201300019220,13,6,6,1315,1,1,1,1.0,7,34118,M,4371649.0,391308.0,34
201300019221,13,6,15,1315,1,2,1,1.0,7,34120,M,4366213.0,390978.0,34
201300019222,13,6,21,1830,1,1,1,1.0,1,34217,M,4372902.0,386816.0,34
201300019223,13,7,11,2340,3,1,1,1.0,1,34169,M,4368101.0,386550.0,34
201300019224,13,8,10,300,3,1,1,1.0,6,34169,M,,,34
201300019225,13,8,18,1800,1,1,1,1.0,5,34014,M,4372629.0,390266.0,34
201300019226,13,10,16,1745,1,2,1,1.0,2,34077,M,0.0,0.0,34
201300019227,13,11,22,1500,1,1,1,8.0,3,34090,M,0.0,0.0,34
201300019228,13,11,28,1615,1,1,1,1.0,1,34077,M,0.0,0.0,34
201300019229,13,10,21,1225,1,2,1,1.0,6,16015,M,4564991.0,16887.0,16
201300019230,13,10,7,1746,1,1,1,1.0,2,16358,M,4567887.0,14904.0,16
201300019231,13,1,9,1055,1,1,1,1.0,1,16374,M,,,16
201300019232,13,1,22,725,2,2,1,2.0,3,16154,M,4567172.0,17588.0,16
201300019233,13,1,27,920,1,2,1,2.0,3,16015,M,4565161.0,12850.0,16
201300019234,13,10,12,1500,1,2,1,2.0,6,16015,M,4563489.0,12881.0,16
201300019235,13,2,6,1525,1,1,1,1.0,4,16358,M,4567577.0,14466.0,16
201300019236,13,2,20,1817,5,2,4,1.0,6,16015,M,4564897.0,15026.0,16
201300019237,13,2,21,1636,1,2,1,1.0,6,16154,M,4567439.0,17422.0,16
201300019238,13,3,5,2145,5,2,1,1.0,6,16015,M,4564766.0,12842.0,16
201300019239,13,3,24,915,1,2,3,1.0,2,16358,M,4566285.0,13204.0,16
201300019240,13,3,21,1430,1,1,1,1.0,2,16271,M,4562543.0,18079.0,16
201300019241,13,3,21,1640,1,2,1,1.0,2,16113,M,4561924.0,10631.0,16
201300019242,13,4,15,1740,1,2,1,1.0,2,16015,M,4565678.0,17050.0,16
201300019243,13,4,18,1040,1,2,1,1.0,2,16015,M,4565712.0,14740.0,16
201300019244,13,4,21,650,2,2,1,1.0,1,16154,M,4568029.0,17730.0,16
201300019245,13,4,28,1155,1,2,3,1.0,3,16015,M,4565973.0,14185.0,16
201300019246,13,5,1,900,1,2,3,2.0,1,16015,M,4565139.0,13823.0,16
201300019247,13,4,26,830,1,1,1,2.0,2,16113,M,4561976.0,12188.0,16
201300019248,13,4,26,1815,1,2,1,2.0,7,16015,M,4565344.0,14836.0,16
201300019249,13,5,2,1850,1,2,1,1.0,6,16015,M,4564943.0,17545.0,16
201300019250,13,4,29,1445,1,2,1,1.0,3,16291,M,4567717.0,22051.0,16
201300019251,13,5,11,1128,1,2,3,1.0,3,16015,M,,,16
201300019252,13,5,10,1512,1,2,2,1.0,3,16015,M,4565643.0,17503.0,16
201300019253,13,5,25,1635,1,1,1,1.0,6,16358,M,4563566.0,15317.0,16
201300019254,13,5,14,1445,1,2,1,1.0,2,16015,M,4565677.0,17050.0,16
201300019255,13,5,17,955,1,1,1,1.0,3,16015,M,4565038.0,15894.0,16
201300019256,13,5,16,1155,1,2,1,1.0,3,16015,M,4563543.0,15317.0,16
201300019257,13,5,18,1710,1,1,1,1.0,1,16358,M,4569000.0,10710.0,16
201300019258,13,6,4,1256,1,1,1,1.0,7,16113,M,4561872.0,11767.0,16
201300019259,13,6,9,2345,3,1,1,1.0,2,16291,M,4569115.0,23185.0,16
201300019260,13,6,9,1600,1,2,6,1.0,3,16015,M,4565035.0,14458.0,16
201300019261,13,6,12,1305,1,2,1,1.0,6,16113,M,4560668.0,9164.0,16
201300019262,13,6,15,1340,1,2,1,1.0,7,16113,M,4560683.0,8807.0,16
201300019263,13,6,18,728,1,2,6,2.0,2,16374,M,4563368.0,21194.0,16
201300019264,13,6,20,1430,1,2,1,2.0,5,16166,M,4566908.0,18295.0,16
201300019265,13,6,21,2130,2,1,1,2.0,7,16113,M,4560857.0,11125.0,16
201300019266,13,6,22,2200,3,1,1,2.0,6,16291,M,4560857.0,11125.0,16
201300019267,13,6,28,1504,1,2,3,1.0,3,16166,M,4565275.0,19043.0,16
201300019268,13,7,1,1110,1,2,6,1.0,6,16015,M,4564919.0,17494.0,16
201300019269,13,7,1,1355,1,1,1,1.0,2,16015,M,4565505.0,12017.0,16
201300019270,13,7,6,1930,1,2,3,1.0,3,16015,M,4564758.0,15737.0,16
201300019271,13,7,12,100,5,2,1,1.0,3,16015,M,4565319.0,15542.0,16
201300019272,13,7,14,220,5,2,1,1.0,3,16015,M,4563182.0,15614.0,16
201300019273,13,7,17,20,5,2,6,1.0,6,16015,M,4565843.0,17267.0,16
201300019274,13,7,15,2200,5,2,1,1.0,2,16015,M,4564991.0,16895.0,16
201300019275,13,7,22,804,1,2,1,1.0,6,16015,M,4564877.0,17505.0,16
201300019276,13,7,23,1600,1,2,1,1.0,6,16358,M,4567355.0,12371.0,16
201300019277,13,7,20,1040,1,2,9,1.0,6,16015,M,4564884.0,17490.0,16
201300019278,13,8,2,1806,1,2,3,1.0,3,16015,M,4566473.0,15525.0,16
201300019279,13,8,21,130,5,2,1,1.0,6,16374,M,4563862.0,18041.0,16
201300019280,13,9,1,2200,3,1,1,1.0,6,16358,M,4567366.0,14434.0,16
201300019281,13,9,4,1735,1,2,1,1.0,2,16154,M,4567837.0,17525.0,16
201300019282,13,9,5,2100,5,2,1,1.0,6,16015,M,4565065.0,15172.0,16
201300019283,13,9,15,1720,1,2,1,1.0,2,16154,M,4567907.0,16347.0,16
201300019284,13,9,14,1215,1,2,1,2.0,2,16015,M,4565240.0,15835.0,16
201300019285,13,9,14,2355,5,2,1,2.0,2,16374,M,4564547.0,18290.0,16
201300019286,13,9,12,1415,1,2,1,1.0,6,16374,M,4564708.0,18158.0,16
201300019287,13,9,20,1145,1,2,9,1.0,6,16015,M,4563439.0,15400.0,16
201300019288,13,10,11,1305,1,2,1,1.0,6,16015,M,4563560.0,15854.0,16
201300019289,13,10,17,1710,1,2,1,1.0,5,16374,M,4564097.0,19577.0,16
201300019290,13,10,30,1730,2,2,1,1.0,2,16113,M,4561092.0,10145.0,16
201300019291,13,11,6,2255,5,1,1,1.0,7,16113,M,4562410.0,11027.0,16
201300019292,13,11,19,2015,3,1,1,1.0,6,16358,M,4568488.0,15542.0,16
201300019293,13,7,13,945,1,2,1,1.0,6,16015,M,4565824.0,14506.0,16
201300019294,13,7,17,2130,5,2,1,1.0,2,16166,M,4566068.0,19813.0,16
201300019295,13,7,19,1010,1,2,1,1.0,6,16015,M,4564838.0,16011.0,16
201300019296,13,11,22,1610,1,2,3,1.0,6,16015,M,4565583.0,18192.0,16
201300019297,13,11,29,225,4,2,1,1.0,6,16015,M,4565449.0,16776.0,16
201300019298,13,8,19,1525,1,2,6,1.0,3,16015,M,4564768.0,16443.0,16
201300019299,13,8,31,1915,1,2,1,1.0,6,16358,M,4567447.0,12564.0,16
201300019300,13,12,3,1213,1,2,1,7.0,6,16154,M,4569120.0,15572.0,16
201300019301,13,8,2,1827,1,2,1,1.0,6,16291,M,4568166.0,23388.0,16
201300019302,13,12,14,1110,1,2,1,1.0,7,16341,M,4563484.0,12498.0,16
201300019303,13,10,25,1005,1,2,1,2.0,2,16374,M,4564340.0,18550.0,16
201300019304,13,9,1,1840,2,2,6,1.0,6,16015,M,4566412.0,15169.0,16
201300019305,13,1,2,1835,5,2,1,1.0,7,16089,M,4568671.0,-32907.0,16
201300019306,13,3,15,1905,5,2,1,1.0,3,16102,M,4569718.0,-31810.0,16
201300019307,13,3,26,1805,1,2,1,1.0,6,16102,M,4568850.0,-31455.0,16
201300019308,13,4,20,1730,1,2,3,1.0,2,16102,M,4568789.0,-34949.0,16
201300019309,13,5,28,1320,1,2,1,1.0,1,16089,M,4568051.0,-32846.0,16
201300019310,13,6,7,725,1,2,6,1.0,2,16102,M,4569442.0,-34764.0,16
201300019311,13,6,7,1140,1,2,1,1.0,6,16102,M,4569595.0,-32649.0,16
201300019312,13,6,10,840,1,2,6,1.0,3,16089,M,4567877.0,-31148.0,16
201300019313,13,7,4,1311,1,2,2,1.0,3,16102,M,4568975.0,-32426.0,16
201300019314,13,9,4,810,1,2,1,1.0,7,16102,M,4541302.0,-19375.0,16
201300019315,13,10,14,1850,5,2,6,1.0,3,16089,M,4568463.0,-30573.0,16
201300019316,13,11,13,745,2,1,1,2.0,7,16089,M,4566629.0,-33971.0,16
201300019317,13,11,23,1415,1,2,1,1.0,7,16102,M,4571064.0,-33605.0,16
201300019318,13,11,28,2140,5,2,1,1.0,6,16102,M,4568773.0,-31201.0,16
201300019319,13,12,15,353,3,2,1,1.0,7,16089,M,4566853.0,-32606.0,16
201300019320,13,12,16,1705,1,2,1,7.0,6,16102,M,4570048.0,-31513.0,16
201300019321,13,12,29,1815,4,2,1,3.0,3,16089,M,4567815.0,-32818.0,16
201300019322,13,12,30,1206,1,2,1,1.0,6,16102,M,4567815.0,-32818.0,16
201300019323,13,6,28,700,1,2,1,1.0,6,77069,M,4846177.0,261465.0,77
201300019324,13,7,14,1045,1,1,1,1.0,2,77006,M,0.0,0.0,77
201300019325,13,8,21,630,2,1,1,1.0,2,77069,M,0.0,0.0,77
201300019326,13,2,6,1400,1,1,1,1.0,3,69204,M,0.0,0.0,69
201300019327,13,3,3,1845,2,2,1,1.0,2,69100,M,0.0,0.0,69
201300019328,13,6,13,1345,1,2,1,1.0,1,69100,M,0.0,0.0,69
201300019329,13,6,18,1530,1,1,1,1.0,7,69100,M,0.0,0.0,69
201300019330,13,9,21,430,5,1,1,1.0,7,69204,M,0.0,0.0,69
201300019331,13,12,12,1645,2,2,1,5.0,6,69100,M,0.0,0.0,69
201300019332,13,1,3,1135,1,2,1,1.0,7,17299,M,4594470.0,-97564.0,17
201300019333,13,1,31,1720,1,2,1,1.0,2,17449,M,4595280.0,-88189.0,17
201300019334,13,1,31,1820,3,2,2,1.0,3,17299,M,4593560.0,-96242.0,17
201300019335,13,2,1,2015,5,2,1,2.0,3,17299,M,4593471.0,-96028.0,17
201300019336,13,2,2,1005,1,2,1,1.0,6,17299,M,4594768.0,-97184.0,17
201300019337,13,2,6,227,3,1,1,3.0,7,17299,M,4597085.0,-95772.0,17
201300019338,13,2,6,630,3,1,1,3.0,7,17449,M,4596210.0,-92821.0,17
201300019339,13,2,6,2325,4,2,1,1.0,1,17299,M,4594240.0,-97525.0,17
201300019340,13,2,8,1540,1,2,1,1.0,2,17299,M,4595068.0,-89414.0,17
201300019341,13,2,12,700,3,2,1,1.0,7,17299,M,4594433.0,-95873.0,17
201300019342,13,2,12,1835,3,2,1,1.0,7,17449,M,4595089.0,-89346.0,17
201300019343,13,2,13,2005,5,2,1,2.0,3,17299,M,4592901.0,-95653.0,17
201300019344,13,2,13,2030,5,2,1,1.0,7,17449,M,4594772.0,-91042.0,17
201300019345,13,3,4,910,1,1,1,1.0,4,17299,M,4594852.0,-98748.0,17
201300019346,13,3,7,900,1,2,1,1.0,2,17449,M,4594503.0,-89111.0,17
201300019347,13,3,7,1820,2,2,6,2.0,3,17299,M,4595824.0,-96920.0,17
201300019348,13,3,8,755,1,2,1,1.0,3,17299,M,4593783.0,-97658.0,17
201300019349,13,3,10,2040,3,1,3,1.0,3,17299,M,4592482.0,-97460.0,17
201300019350,13,3,11,1045,1,1,1,2.0,7,17299,M,4596179.0,-97943.0,17
201300019351,13,3,14,755,1,2,2,1.0,3,17449,M,4594899.0,-91793.0,17
201300019352,13,3,28,1030,1,2,6,1.0,3,17299,M,4594616.0,-96279.0,17
201300019353,13,3,29,635,2,2,3,2.0,7,17299,M,4595236.0,-97739.0,17
201300019354,13,4,2,1248,1,2,1,1.0,7,17299,M,4593588.0,-96911.0,17
201300019355,13,4,17,1115,1,2,6,1.0,3,17299,M,4593123.0,-96998.0,17
201300019356,13,4,23,1145,1,2,1,1.0,7,17299,M,4593151.0,-96563.0,17
201300019357,13,4,30,750,1,2,1,2.0,7,17449,M,4594684.0,-89173.0,17
201300019358,13,4,30,815,1,2,6,2.0,3,17449,M,4594602.0,-89163.0,17
201300019359,13,5,6,1750,1,2,1,1.0,3,17299,M,4592870.0,-96006.0,17
201300019360,13,5,10,1650,1,2,1,1.0,7,17299,M,4594248.0,-96202.0,17
201300019361,13,5,10,1400,1,2,1,1.0,7,17299,M,4594819.0,-97654.0,17
201300019362,13,5,12,1900,1,1,1,1.0,7,17449,M,4597667.0,-91239.0,17
201300019363,13,5,17,1800,1,2,1,1.0,3,17299,M,4594919.0,-94875.0,17
201300019364,13,5,19,1900,1,1,1,2.0,6,17449,M,4595791.0,-85161.0,17
201300019365,13,5,20,1600,1,2,2,2.0,3,17299,M,4593757.0,-96199.0,17
201300019366,13,5,28,1550,1,1,1,1.0,7,17449,M,4596439.0,-87239.0,17
201300019367,13,6,6,1035,1,2,1,1.0,7,17299,M,4592441.0,-95650.0,17
201300019368,13,6,13,825,1,2,1,1.0,7,17449,M,4594997.0,-88895.0,17
201300019369,13,6,14,1535,1,1,2,1.0,2,17449,M,,,17
201300019370,13,6,15,1500,1,2,6,1.0,1,17449,M,4594541.0,-89043.0,17
201300019371,13,6,24,2125,2,1,6,1.0,3,17449,M,4595374.0,-87784.0,17
201300019372,13,6,25,1920,1,2,1,1.0,3,17299,M,4594954.0,-94791.0,17
201300019373,13,6,27,1730,1,2,2,1.0,3,17299,M,4593017.0,-95974.0,17
201300019374,13,6,30,1925,1,1,1,1.0,2,17299,M,4592560.0,-97548.0,17
201300019375,13,7,5,1125,1,2,1,1.0,6,17299,M,4594000.0,-97081.0,17
201300019376,13,7,12,1045,1,1,1,1.0,2,17299,M,4592500.0,-97452.0,17
201300019377,13,7,20,1120,1,2,1,1.0,4,17449,M,4595063.0,-89472.0,17
201300019378,13,7,29,1355,1,1,1,1.0,3,17449,M,4595389.0,-87718.0,17
201300019379,13,7,29,1730,1,2,6,1.0,3,17299,M,4594687.0,-97620.0,17
201300019380,13,8,5,1740,1,2,2,1.0,3,17299,M,4595561.0,-96911.0,17
201300019381,13,8,6,1935,1,2,2,1.0,3,17299,M,4593881.0,-96280.0,17
201300019382,13,8,8,1200,1,1,1,1.0,2,17299,M,4593166.0,-98210.0,17
201300019383,13,8,11,2050,2,2,1,1.0,7,17299,M,4594163.0,-96489.0,17
201300019384,13,9,1,1800,1,2,2,1.0,3,17299,M,4593707.0,-96096.0,17
201300019385,13,9,4,1210,1,2,1,1.0,2,17299,M,4594578.0,-95607.0,17
201300019386,13,9,5,825,1,2,1,1.0,3,17299,M,4594643.0,-95635.0,17
201300019387,13,9,11,1005,1,2,1,1.0,7,17299,M,4594264.0,-96182.0,17
201300019388,13,9,13,1640,1,1,1,1.0,3,17449,M,4596454.0,-92551.0,17
201300019389,13,9,14,1555,1,2,2,3.0,5,17299,M,4594176.0,-95907.0,17
201300019390,13,9,15,1840,1,1,1,1.0,7,17449,M,4595814.0,-85921.0,17
201300019391,13,9,16,755,1,2,1,2.0,3,17299,M,4593120.0,-97027.0,17
201300019392,13,9,19,1600,1,2,1,1.0,3,17299,M,4592354.0,-95598.0,17
201300019393,13,9,21,1115,1,2,1,1.0,2,17299,M,4594567.0,-95579.0,17
201300019394,13,9,24,810,1,2,6,1.0,3,17299,M,4594307.0,-96014.0,17
201300019395,13,9,29,450,5,2,1,1.0,1,17299,M,4595876.0,-97877.0,17
201300019396,13,10,9,1220,1,2,1,1.0,2,17299,M,4593390.0,-97699.0,17
201300019397,13,10,11,1705,1,2,1,1.0,2,17449,M,4594974.0,-89964.0,17
201300019398,13,10,14,1655,1,2,2,1.0,3,17299,M,4594106.0,-96014.0,17
201300019399,13,10,17,1750,1,2,3,1.0,3,17299,M,4594827.0,-99001.0,17
201300019400,13,10,18,1825,1,2,1,1.0,1,17449,M,4594364.0,-89138.0,17
201300019401,13,10,23,940,1,2,1,1.0,7,17299,M,4593948.0,-96952.0,17
201300019402,13,10,25,1155,1,2,1,3.0,7,17299,M,4594891.0,-98740.0,17
201300019403,13,10,25,1200,1,1,1,3.0,4,17299,M,4591094.0,-96517.0,17
201300019404,13,10,28,1135,1,1,1,2.0,7,17299,M,4592203.0,-97077.0,17
201300019405,13,10,28,1715,1,1,2,1.0,3,17299,M,4593515.0,-96353.0,17
201300019406,13,11,5,715,5,2,3,3.0,3,17449,M,4594812.0,-91052.0,17
201300019407,13,11,9,1210,1,2,1,3.0,2,17299,M,4594851.0,-97647.0,17
201300019408,13,11,16,1645,1,2,1,1.0,3,17299,M,4595183.0,-95474.0,17
201300019409,13,11,20,1330,1,2,1,1.0,7,17299,M,4593288.0,-96643.0,17
201300019410,13,11,20,1845,5,2,1,2.0,3,17299,M,4594578.0,-95566.0,17
201300019411,13,11,21,1825,1,2,1,1.0,4,17299,M,4593094.0,-96341.0,17
201300019412,13,11,21,1825,5,2,2,2.0,3,17299,M,4594945.0,-97297.0,17
201300019413,13,11,21,1835,5,2,3,2.0,3,17449,M,4594461.0,-89423.0,17
201300019414,13,12,4,1215,1,2,1,1.0,2,17299,M,4595089.0,-96753.0,17
201300019415,13,12,11,825,1,1,1,1.0,7,17449,M,4594836.0,-91418.0,17
201300019416,13,12,17,1505,1,2,1,1.0,7,17299,M,4594000.0,-96351.0,17
201300019417,13,12,19,945,1,2,6,1.0,3,17299,M,4593099.0,-96577.0,17
201300019418,13,12,19,1915,5,2,3,2.0,3,17449,M,4595015.0,-92565.0,17
201300019419,13,12,21,1610,1,2,1,1.0,6,17299,M,4593947.0,-96595.0,17
201300019420,13,12,24,1340,1,2,2,2.0,3,17299,M,4593722.0,-96212.0,17
201300019421,13,12,29,100,3,2,1,1.0,7,17299,M,4593324.0,-97544.0,17
201300019422,13,12,27,1805,5,2,2,1.0,7,17299,M,4594928.0,-97458.0,17
201300019423,13,1,18,1055,1,1,1,2.0,6,17300,M,4612122.0,-110956.0,17
201300019424,13,1,23,1023,1,2,1,1.0,2,17300,M,4614710.0,-115094.0,17
201300019425,13,1,23,1940,2,2,1,1.0,3,17300,M,4616890.0,-117189.0,17
201300019426,13,1,25,608,5,1,1,1.0,7,17300,M,4617220.0,-118817.0,17
201300019427,13,1,27,1738,1,1,1,1.0,7,17300,M,4617540.0,-112473.0,17
201300019428,13,1,29,1656,1,2,1,1.0,3,17300,M,4616390.0,-111621.0,17
201300019429,13,1,29,1615,1,2,3,1.0,3,17028,M,4612760.0,-112677.0,17
201300019430,13,1,30,805,2,2,1,1.0,6,17300,M,4617280.0,-116185.0,17
201300019431,13,2,4,1741,2,2,1,2.0,6,17300,M,4618001.0,-109378.0,17
201300019432,13,2,8,1937,2,2,1,1.0,3,17300,M,4615851.0,-115955.0,17
201300019433,13,2,11,1650,1,2,1,1.0,6,17300,M,4615380.0,-114903.0,17