Num_Acc,an,mois,jour,hrmn,lum,agg,int,atm,col,com,gps,lat,long,dep
201300019434,13,2,12,1710,1,2,1,1.0,6,17300,M,4616850.0,-114994.0,17
201300019435,13,2,12,2135,5,2,1,1.0,6,17300,M,4615590.0,-116635.0,17
201300019436,13,2,14,1445,1,2,1,1.0,7,17300,M,4616250.0,-115864.0,17
201300019437,13,2,15,50,5,2,1,1.0,3,17300,M,4615262.0,-115487.0,17
201300019438,13,2,16,1825,2,2,1,1.0,6,17300,M,4616000.0,-116400.0,17
201300019439,13,2,19,1710,2,2,1,1.0,6,17200,M,4617220.0,-117201.0,17
201300019440,13,2,21,1501,1,2,1,1.0,7,17300,M,4616220.0,-114166.0,17
201300019441,13,2,22,1710,1,2,1,1.0,3,17300,M,4616940.0,-117064.0,17
201300019442,13,2,26,1600,1,2,1,1.0,7,17300,M,4613914.0,-116699.0,17
201300019443,13,3,1,1505,1,2,1,1.0,2,17300,M,4616026.0,-115576.0,17
201300019444,13,3,1,1700,1,2,1,1.0,6,17300,M,4615190.0,-112285.0,17
201300019445,13,3,8,2210,4,2,1,1.0,2,17300,M,4616017.0,-116889.0,17
201300019446,13,3,9,1745,1,2,1,1.0,6,17300,M,4616945.0,-114882.0,17
201300019447,13,3,10,514,5,2,1,1.0,6,17274,M,4615023.0,-109017.0,17
201300019448,13,3,11,1134,1,2,1,1.0,3,17274,M,4613842.0,-113987.0,17
201300019449,13,3,11,1218,1,2,1,1.0,2,17300,M,4616663.0,-113665.0,17
201300019450,13,3,20,1435,1,2,1,1.0,6,17300,M,4614957.0,-115032.0,17
201300019451,13,3,22,1111,1,2,1,1.0,2,17300,M,4616029.0,-115575.0,17
201300019452,13,3,22,1345,1,2,1,1.0,3,17300,M,4616734.0,-114003.0,17
201300019453,13,3,26,2009,2,2,1,9.0,6,17300,M,4616669.0,-116297.0,17
201300019454,13,3,27,1508,1,2,1,1.0,6,17300,M,4616054.0,-114063.0,17
201300019455,13,3,28,1925,1,2,9,1.0,7,17300,M,4615694.0,-114230.0,17
201300019456,13,3,29,130,5,2,1,1.0,6,17300,M,4615986.0,-115595.0,17
201300019457,13,3,31,1627,1,2,1,1.0,7,17300,M,4615802.0,-115360.0,17
201300019458,13,4,9,903,1,1,1,2.0,6,17300,M,4617096.0,-119100.0,17
201300019459,13,4,9,1624,1,2,1,1.0,3,17300,M,4616666.0,-113662.0,17
201300019460,13,4,13,1645,1,2,1,1.0,6,17300,M,4615643.0,-112806.0,17
201300019461,13,4,19,2050,1,1,1,1.0,6,17300,M,4617237.0,-118678.0,17
201300019462,13,4,19,2250,3,1,1,1.0,7,17300,M,4617491.0,-111066.0,17
201300019463,13,4,20,450,5,2,1,1.0,6,17300,M,4616667.0,-113662.0,17
201300019464,13,4,28,2200,5,2,1,1.0,7,17300,M,4616745.0,-117972.0,17
201300019465,13,5,3,1012,1,1,1,1.0,6,17028,M,4614181.0,-112155.0,17
201300019466,13,5,7,920,1,2,1,1.0,2,17300,M,4616249.0,-115867.0,17
201300019467,13,5,10,1900,1,2,1,1.0,6,17300,M,4615447.0,-114749.0,17
201300019468,13,5,22,1320,1,2,2,1.0,4,17300,M,4616953.0,-118697.0,17
201300019469,13,5,26,220,5,2,1,1.0,6,17300,M,4616170.0,-114837.0,17
201300019470,13,5,27,1530,1,2,1,1.0,3,17300,M,4614712.0,-115219.0,17
201300019471,13,5,27,2000,1,2,1,1.0,6,17300,M,4616559.0,-114036.0,17
201300019472,13,5,27,2010,1,2,1,1.0,6,17300,M,4616293.0,-113146.0,17
201300019473,13,5,29,1435,1,2,1,1.0,6,17300,M,4616307.0,-116414.0,17
201300019474,13,6,2,453,5,2,1,1.0,6,17300,M,4616467.0,-117549.0,17
201300019475,13,6,5,1456,1,2,1,1.0,3,17300,M,4617044.0,-115846.0,17
201300019476,13,6,9,1222,1,2,1,1.0,6,17300,M,4615621.0,-116631.0,17
201300019477,13,6,19,2105,1,2,1,1.0,3,17300,M,4617008.0,-115839.0,17
201300019478,13,6,25,2115,2,2,1,1.0,6,17300,M,4616475.0,-119680.0,17
201300019479,13,6,28,1729,1,2,1,1.0,5,17300,M,4617516.0,-117173.0,17
201300019480,13,6,28,2055,1,2,1,1.0,6,17300,M,4615191.0,-112033.0,17
201300019481,13,6,29,110,5,2,1,1.0,2,17300,M,4616712.0,-113610.0,17
201300019482,13,6,29,515,5,1,1,1.0,6,17300,M,4612209.0,-110997.0,17
201300019483,13,6,30,105,5,2,1,1.0,6,17300,M,4616478.0,-115170.0,17
201300019484,13,7,4,1025,1,2,1,1.0,3,17300,M,4616012.0,-114590.0,17
201300019485,13,7,7,300,5,2,1,1.0,7,17300,M,4615482.0,-114798.0,17
201300019486,13,7,10,2255,5,2,1,1.0,6,17300,M,4616474.0,-120538.0,17
201300019487,13,7,18,800,1,2,1,1.0,6,17028,M,4612071.0,-110927.0,17
201300019488,13,7,20,1510,1,2,1,1.0,6,17300,M,4617554.0,-119560.0,17
201300019489,13,7,22,1620,1,2,1,1.0,1,17300,M,4615023.0,-115389.0,17
201300019490,13,7,24,840,1,2,3,1.0,3,17300,M,4616458.0,-118168.0,17
201300019491,13,7,25,934,1,2,1,1.0,6,17300,M,4615646.0,-112801.0,17
201300019492,13,7,25,1820,1,2,1,1.0,6,17300,M,4616118.0,-114005.0,17
201300019493,13,7,26,2235,5,2,1,1.0,6,17300,M,4617060.0,-120476.0,17
201300019494,13,7,27,100,5,2,1,1.0,6,17300,M,4615644.0,-114961.0,17
201300019495,13,8,3,1000,1,2,1,1.0,6,17300,M,4616143.0,-114856.0,17
201300019496,13,8,6,420,5,2,1,1.0,7,17300,M,4616692.0,-120076.0,17
201300019497,13,8,9,50,4,2,1,1.0,7,17300,M,4616038.0,-117560.0,17
201300019498,13,8,10,1755,1,1,1,1.0,7,17300,M,4614385.0,-110837.0,17
201300019499,13,8,12,1944,2,2,1,1.0,3,17200,M,4618615.0,-115105.0,17
201300019500,13,8,25,636,2,1,1,2.0,6,17300,M,4617840.0,-115753.0,17
201300019501,13,8,25,1550,1,2,1,1.0,2,17300,M,4616919.0,-114680.0,17
201300019502,13,8,28,1219,1,2,1,1.0,3,17300,M,4615644.0,-112833.0,17
201300019503,13,9,5,619,2,2,3,1.0,7,17300,M,4615616.0,-116223.0,17
201300019504,13,9,5,755,1,1,1,1.0,6,17028,M,4613407.0,-111713.0,17
201300019505,13,9,10,925,1,2,1,1.0,6,17300,M,4615958.0,-116002.0,17
201300019506,13,9,14,1115,1,2,1,3.0,6,17300,M,4616253.0,-115865.0,17
201300019507,13,9,20,1915,1,2,1,1.0,6,17300,M,4615618.0,-115904.0,17
201300019508,13,10,5,2145,5,1,1,1.0,2,17300,M,4612883.0,-110267.0,17
201300019509,13,10,10,800,1,2,1,1.0,3,17300,M,4616221.0,-112228.0,17
201300019510,13,10,24,845,1,2,1,1.0,3,17300,M,4616048.0,-117139.0,17
201300019511,13,10,25,1155,1,2,1,2.0,3,17300,M,4614954.0,-114485.0,17
201300019512,13,10,27,1750,2,1,1,1.0,6,17300,M,4617109.0,-119009.0,17
201300019513,13,10,27,1115,1,1,1,1.0,2,17300,M,4617241.0,-111876.0,17
201300019514,13,11,3,1745,1,1,1,1.0,3,17028,M,4613788.0,-111108.0,17
201300019515,13,11,8,1632,1,2,1,1.0,6,17300,M,4616669.0,-113659.0,17
201300019516,13,11,12,838,2,2,1,1.0,3,17300,M,4616250.0,-115916.0,17
201300019517,13,11,15,300,5,2,1,1.0,6,17028,M,4613640.0,-112486.0,17
201300019518,13,11,17,1100,1,2,1,1.0,6,17300,M,4616201.0,-114368.0,17
201300019519,13,11,17,2050,5,2,1,1.0,1,17300,M,4616004.0,-114103.0,17
201300019520,13,11,20,2014,5,2,9,1.0,6,17300,M,4615147.0,-115405.0,17
201300019521,13,11,21,2330,5,2,1,1.0,6,17300,M,4615895.0,-116073.0,17
201300019522,13,11,26,1740,2,2,1,1.0,6,17300,M,4616641.0,-115122.0,17
201300019523,13,12,5,857,1,2,1,1.0,7,17291,M,4617867.0,-111633.0,17
201300019524,13,12,5,1340,1,2,1,1.0,3,17300,M,4613843.0,-113989.0,17
201300019525,13,12,5,1930,5,2,1,1.0,6,17300,M,4616757.0,-116381.0,17
201300019526,13,12,12,532,5,2,1,3.0,3,17300,M,4616077.0,-114570.0,17
201300019527,13,12,12,1125,1,2,1,1.0,6,17300,M,4616252.0,-115873.0,17
201300019528,13,12,17,955,1,2,3,1.0,3,17300,M,4615608.0,-116346.0,17
201300019529,13,12,21,635,2,2,1,1.0,1,17300,M,4616406.0,-114434.0,17
201300019530,13,12,30,1307,1,2,1,1.0,6,17200,M,4617391.0,-116635.0,17
201300019531,13,1,2,1718,1,2,1,1.0,6,17306,M,4562605.0,-104670.0,17
201300019532,13,1,2,2315,5,2,1,1.0,3,17333,M,4560760.0,-100749.0,17
201300019533,13,2,13,1445,1,2,2,1.0,3,17306,M,4562925.0,-102415.0,17
201300019534,13,5,14,1755,2,2,1,1.0,6,17306,M,4563170.0,-100211.0,17
201300019535,13,5,24,1735,1,2,1,1.0,3,17306,M,4562310.0,-101581.0,17
201300019536,13,5,26,1527,1,2,1,1.0,2,17306,M,4562322.0,-100731.0,17
201300019537,13,6,18,1800,1,2,1,1.0,7,17333,M,4559309.0,-97027.0,17
201300019538,13,6,27,1240,1,1,1,1.0,2,17306,M,,,17
201300019539,13,7,3,1600,1,2,1,1.0,6,17306,M,4562672.0,-102964.0,17
201300019540,13,7,4,1745,1,1,1,1.0,3,17380,M,4564800.0,-111306.0,17
201300019541,13,7,14,1433,1,2,1,1.0,2,17380,M,4562341.0,-104979.0,17
201300019542,13,7,20,145,3,2,1,1.0,6,17461,M,4565225.0,-104295.0,17
201300019543,13,7,20,1450,1,1,1,1.0,7,17306,M,4562872.0,-100279.0,17
201300019544,13,7,21,1055,1,2,1,1.0,2,17333,M,4560682.0,-100646.0,17
201300019545,13,8,2,305,5,2,1,1.0,6,17306,M,4561923.0,-101679.0,17
201300019546,13,8,11,255,5,2,1,1.0,6,17306,M,4561419.0,-101117.0,17
201300019547,13,8,12,25,5,2,1,1.0,6,17306,M,4562615.0,-102029.0,17
201300019548,13,8,14,820,1,2,1,1.0,6,17306,M,4561842.0,-103099.0,17
201300019549,13,11,21,1225,1,2,1,1.0,3,17306,M,4562417.0,-104486.0,17
201300019550,13,11,22,1255,1,2,2,1.0,3,17306,M,4561967.0,-100109.0,17
201300019551,13,11,21,2000,5,2,1,1.0,6,17306,M,4563423.0,-103611.0,17
201300019552,13,11,25,1118,1,2,1,1.0,2,17306,M,4562621.0,-104160.0,17
201300019553,13,11,25,1645,1,2,2,1.0,3,17306,M,4562708.0,-100975.0,17
201300019554,13,11,27,900,1,2,1,1.0,6,17306,M,4561758.0,-101479.0,17
201300019555,13,11,28,915,2,2,1,1.0,6,17306,M,4562335.0,-103608.0,17
201300019556,13,12,16,1808,2,2,4,1.0,3,17306,M,4563590.0,-103471.0,17
201300019557,13,12,17,1750,2,2,1,1.0,2,17333,M,4560966.0,-99539.0,17
201300019558,13,3,9,2245,5,2,1,1.0,6,17306,M,4563173.0,-100220.0,17
201300019559,13,3,1,1125,1,2,5,1.0,6,17306,M,4562449.0,-102968.0,17
201300019560,13,3,4,1442,1,2,1,1.0,7,17380,M,4566371.0,-107209.0,17
201300019561,13,3,15,1715,1,2,2,1.0,3,17461,M,4564353.0,-102961.0,17
201300019562,13,3,17,1600,1,1,1,1.0,7,17333,M,4558778.0,-98519.0,17
201300019563,13,3,23,1410,1,2,1,1.0,3,17333,M,4559079.0,-98376.0,17
201300019564,13,3,27,840,2,2,1,1.0,6,17306,M,4562320.0,-100938.0,17
201300019565,13,4,7,1540,1,1,2,1.0,3,17380,M,4565849.0,-112631.0,17
201300019566,13,4,8,1450,1,2,1,1.0,2,17306,M,4562382.0,-102314.0,17
201300019567,13,4,9,1859,1,2,1,1.0,6,17306,M,4561996.0,-100117.0,17
201300019568,13,4,25,2115,2,2,1,1.0,4,17306,M,4562961.0,-102409.0,17
201300019569,13,4,27,235,3,2,1,1.0,6,17461,M,4564876.0,-105031.0,17
201300019570,13,4,28,543,3,1,1,1.0,6,17380,M,4565881.0,-112672.0,17
201300019571,13,5,27,1135,1,2,1,1.0,2,17306,M,4563170.0,-100211.0,17
201300019572,13,6,8,1835,1,2,1,1.0,7,17306,M,4562368.0,-101320.0,17
201300019573,13,6,9,740,1,1,1,1.0,6,17380,M,,,17
201300019574,13,5,4,1815,1,2,1,1.0,2,17306,M,4562918.0,-104851.0,17
201300019575,13,5,8,1346,1,2,1,1.0,4,17306,M,4563172.0,-98747.0,17
201300019576,13,5,15,2330,5,2,1,1.0,6,17306,M,4562698.0,-102567.0,17
201300019577,13,5,19,1615,1,2,1,1.0,6,17380,M,4564912.0,-108620.0,17
201300019578,13,6,4,1615,1,2,1,1.0,3,17306,M,4562666.0,-102887.0,17
201300019579,13,6,17,1536,1,2,1,1.0,6,17306,M,4562909.0,-103973.0,17
201300019580,13,6,26,2030,2,1,1,1.0,7,17333,M,,,17
201300019581,13,6,27,1200,1,2,1,1.0,6,17306,M,4563685.0,-103501.0,17
201300019582,13,7,6,645,1,2,1,1.0,6,17306,M,4564052.0,-102495.0,17
201300019583,13,7,12,1955,2,2,2,1.0,3,17380,M,4564135.0,-108544.0,17
201300019584,13,7,18,1840,1,2,1,1.0,6,17461,M,4563476.0,-106737.0,17
201300019585,13,7,26,908,1,1,1,1.0,5,17306,M,4564462.0,-104263.0,17
201300019586,13,7,27,430,5,2,1,1.0,7,17306,M,4562746.0,-103085.0,17
201300019587,13,7,25,710,1,2,1,1.0,6,17306,M,4562658.0,-102593.0,17
201300019588,13,7,25,320,3,2,1,1.0,6,17306,M,4563912.0,-102439.0,17
201300019589,13,7,20,930,1,2,2,1.0,1,17333,M,4561175.0,-100381.0,17
201300019590,13,8,8,2145,2,2,1,1.0,3,17306,M,4562732.0,-102040.0,17
201300019591,13,8,11,55,5,2,1,1.0,7,17333,M,4559593.0,-99203.0,17
201300019592,13,8,13,2040,2,2,1,1.0,3,17306,M,4563026.0,-101501.0,17
201300019593,13,8,24,1110,1,2,1,1.0,3,17380,M,4564805.0,-108234.0,17
201300019594,13,8,18,1615,1,2,1,1.0,7,17380,M,4564613.0,-107346.0,17
201300019595,13,8,3,711,2,2,1,1.0,6,17380,M,4564376.0,-108734.0,17
201300019596,13,7,11,1230,1,2,1,1.0,2,17306,M,4563206.0,-103421.0,17
201300019597,13,7,10,1410,1,1,1,1.0,1,17461,M,4564840.0,-105040.0,17
201300019598,13,7,10,1500,1,2,1,1.0,6,17306,M,4561987.0,-103377.0,17
201300019599,13,9,10,1055,1,1,1,1.0,3,17306,M,4562692.0,-99812.0,17
201300019600,13,9,11,1045,1,2,1,1.0,6,17306,M,4562832.0,-102892.0,17
201300019601,13,7,21,2005,2,2,1,1.0,6,17333,M,4561028.0,-100895.0,17
201300019602,13,8,12,1010,1,2,1,1.0,6,17306,M,4562859.0,-103166.0,17
201300019603,13,9,30,2120,5,2,1,1.0,6,17306,M,4562010.0,-103125.0,17
201300019604,13,10,19,1915,2,1,1,1.0,1,17306,M,4564111.0,-102484.0,17
201300019605,13,10,11,1200,1,2,2,1.0,3,17306,M,4563561.0,-102638.0,17
201300019606,13,8,1,1130,1,2,1,1.0,2,17306,M,4564280.0,-102477.0,17
201300019607,13,8,6,845,1,2,1,1.0,2,17380,M,4564364.0,-108996.0,17
201300019608,13,8,12,1955,2,2,1,1.0,6,17306,M,4563203.0,-103415.0,17
201300019609,13,8,14,1042,1,2,6,1.0,3,17306,M,4564353.0,-102962.0,17
201300019610,13,8,19,1120,1,2,1,1.0,3,17306,M,4563389.0,-102924.0,17
201300019611,13,8,24,1615,1,2,1,1.0,6,17306,M,4562190.0,-102979.0,17
201300019612,13,8,28,1525,1,2,1,1.0,6,17306,M,4563168.0,-105424.0,17
201300019613,13,9,11,1725,1,2,1,1.0,6,17306,M,4562493.0,-102209.0,17
201300019614,13,9,24,1748,1,2,2,1.0,3,17306,M,4562892.0,-102445.0,17
201300019615,13,9,3,1110,1,2,1,1.0,3,17306,M,4563200.0,-103237.0,17
201300019616,13,9,6,1345,1,2,2,1.0,3,17306,M,4562595.0,-102907.0,17
201300019617,13,10,4,850,1,2,1,1.0,2,17306,M,4561936.0,-104080.0,17
201300019618,13,10,10,1015,1,2,1,1.0,2,17306,M,4562595.0,-102085.0,17
201300019619,13,10,15,1515,1,2,1,2.0,2,17306,M,4562381.0,-102754.0,17
201300019620,13,10,21,1940,5,2,2,1.0,3,17306,M,4563653.0,-102879.0,17
201300019621,13,10,24,1245,1,2,1,1.0,6,17306,M,4562455.0,-101688.0,17
201300019622,13,11,6,730,5,2,2,3.0,3,17333,M,4560393.0,-100411.0,17
201300019623,13,9,30,1545,1,1,1,1.0,5,40220,M,4365782.0,-36919.0,40
201300019624,13,10,30,1900,3,1,1,1.0,1,40141,M,4371849.0,-76723.0,40
201300019625,13,2,9,1115,1,1,1,1.0,6,27564,M,4908700.0,48600.0,27
201300019626,13,8,1,1500,1,1,1,1.0,7,27680,M,4855000.0,24100.0,27
201300019627,13,11,19,830,1,1,1,1.0,6,27460,M,0.0,0.0,27
201300019628,13,3,27,1825,1,1,1,1.0,3,40227,M,4428863.0,-76835.0,40
201300019629,13,3,11,1945,3,1,1,4.0,2,61181,M,4879037.0,32743.0,61
201300019630,13,3,19,1430,1,1,1,4.0,6,61175,M,4848785.0,12054.0,61
201300019631,13,3,19,1910,3,1,1,4.0,7,61464,M,4860728.0,19618.0,61
201300019632,13,11,27,1145,1,1,1,8.0,2,61181,M,4878031.0,31533.0,61
201300019633,13,12,22,1600,1,1,1,1.0,7,61314,M,4876196.0,-9212.0,61
201300019634,13,1,2,1455,1,2,1,1.0,6,17415,M,4573680.0,-64428.0,17
201300019635,13,1,15,1130,1,2,1,1.0,6,17415,M,4573640.0,-64896.0,17
201300019636,13,1,19,1540,1,1,1,1.0,6,17415,M,,,17
201300019637,13,2,8,1450,1,2,1,1.0,6,17415,M,4574658.0,-64058.0,17
201300019638,13,2,12,635,2,2,1,2.0,6,17415,M,4574600.0,-62400.0,17
201300019639,13,2,15,800,5,2,1,1.0,6,17415,M,4574629.0,-61741.0,17
201300019640,13,2,17,1740,1,2,1,1.0,6,17415,M,4574710.0,-63247.0,17
201300019641,13,2,21,1715,1,2,1,1.0,6,17415,M,4574717.0,-63713.0,17
201300019642,13,2,27,2245,5,2,1,1.0,6,17415,M,,,17
201300019643,13,3,7,1015,1,2,1,1.0,6,17415,M,4574291.0,-63510.0,17
201300019644,13,3,7,2145,5,2,1,1.0,6,17415,M,4574771.0,-64053.0,17
201300019645,13,3,16,1334,1,2,1,1.0,6,17415,M,4574751.0,-63709.0,17
201300019646,13,3,18,845,5,2,1,1.0,6,17415,M,4574559.0,-61791.0,17
201300019647,13,3,19,1400,1,2,1,1.0,6,17415,M,4574552.0,-62399.0,17
201300019648,13,4,9,1100,1,2,1,1.0,6,17415,M,4574753.0,-63362.0,17
201300019649,13,4,17,2140,5,2,1,1.0,6,17415,M,4574584.0,-63045.0,17
201300019650,13,4,19,1030,1,2,1,1.0,6,17415,M,4574064.0,-62083.0,17
201300019651,13,4,22,1410,1,1,1,1.0,6,17415,M,4572581.0,-63695.0,17
201300019652,13,4,25,835,2,2,1,1.0,6,17415,M,4574858.0,-64690.0,17
201300019653,13,4,25,1325,1,2,1,1.0,6,17415,M,4574722.0,-63723.0,17
201300019654,13,4,30,1320,1,2,1,2.0,6,17415,M,4572458.0,-63530.0,17
201300019655,13,5,4,1435,1,2,1,1.0,6,17415,M,4574096.0,-62214.0,17
201300019656,13,5,8,355,3,2,1,1.0,6,17415,M,4574315.0,-63999.0,17
201300019657,13,5,24,1035,1,1,1,1.0,6,17415,M,4574416.0,-60033.0,17
201300019658,13,5,28,1830,1,2,1,1.0,6,17415,M,4574131.0,-63915.0,17
201300019659,13,6,6,905,1,1,1,1.0,6,17415,M,,,17
201300019660,13,6,7,1100,1,2,1,1.0,6,17415,M,4574719.0,-63171.0,17
201300019661,13,6,14,1245,1,1,1,1.0,7,17415,M,4574602.0,-60008.0,17
201300019662,13,6,21,1918,1,2,1,1.0,6,17415,M,4575126.0,-63143.0,17
201300019663,13,6,24,1400,1,1,1,1.0,7,17415,M,4576352.0,-64008.0,17
201300019664,13,6,26,1945,1,2,1,1.0,6,17415,M,4575306.0,-63107.0,17
201300019665,13,7,5,1216,1,2,1,1.0,6,17415,M,4574607.0,-63804.0,17
201300019666,13,7,8,1415,1,1,1,1.0,6,17415,M,4574635.0,-67419.0,17
201300019667,13,7,19,1925,1,2,1,1.0,6,17415,M,4574093.0,-62242.0,17
201300019668,13,7,28,2110,2,1,1,1.0,6,17415,M,4572559.0,-63721.0,17
201300019669,13,8,14,800,1,1,1,1.0,6,17415,M,4573376.0,-64553.0,17
201300019670,13,8,16,1400,1,2,1,1.0,6,17415,M,4574958.0,-63895.0,17
201300019671,13,8,14,1335,1,2,1,1.0,6,17415,M,4574002.0,-66214.0,17
201300019672,13,8,17,2255,3,1,1,1.0,6,17415,M,4573123.0,-61678.0,17
201300019673,13,9,4,940,1,2,1,1.0,6,17415,M,4574145.0,-63853.0,17
201300019674,13,9,4,945,1,2,1,1.0,6,17415,M,4574202.0,-62709.0,17
201300019675,13,9,18,1430,1,2,1,1.0,6,17415,M,4574416.0,-65167.0,17
201300019676,13,9,19,955,1,2,1,1.0,6,17415,M,4574586.0,-63049.0,17
201300019677,13,9,26,1850,1,2,1,1.0,7,17415,M,4574938.0,-64497.0,17
201300019678,13,10,10,1845,1,2,1,1.0,6,17415,M,4574057.0,-62138.0,17
201300019679,13,10,18,1945,1,2,1,1.0,6,17415,M,4574628.0,-61774.0,17
201300019680,13,10,19,930,1,2,1,1.0,6,17415,M,4575256.0,-63096.0,17
201300019681,13,10,19,1745,1,1,1,1.0,6,17415,M,4574569.0,-58912.0,17
201300019682,13,10,21,635,2,1,1,1.0,6,17415,M,4574569.0,-58912.0,17
201300019683,13,11,4,1235,1,2,1,2.0,6,17415,M,4575432.0,-63167.0,17
201300019684,13,11,5,815,5,2,1,1.0,6,17415,M,4574626.0,-61671.0,17
201300019685,13,11,6,1230,1,2,1,1.0,6,17415,M,4575053.0,-64986.0,17
201300019686,13,11,8,1750,5,2,1,1.0,6,17415,M,4574738.0,-63570.0,17
201300019687,13,11,9,625,3,1,1,1.0,6,17415,M,4574707.0,-66922.0,17
201300019688,13,11,10,130,3,2,1,3.0,6,17415,M,4574075.0,-62255.0,17
201300019689,13,11,12,1810,5,2,1,1.0,6,17415,M,4573251.0,-64564.0,17
201300019690,13,11,15,1830,5,2,1,1.0,6,17415,M,4574014.0,-65667.0,17
201300019691,13,11,22,1225,1,2,1,1.0,6,17415,M,4574858.0,-64386.0,17
201300019692,13,11,27,1225,1,2,1,1.0,6,17415,M,4574084.0,-62242.0,17
201300019693,13,11,29,1525,1,2,1,1.0,6,17415,M,4574989.0,-64660.0,17
201300019694,13,12,9,1615,1,2,1,1.0,6,17415,M,4574572.0,-64502.0,17
201300019695,13,12,10,1155,1,1,1,9.0,6,17415,M,4574554.0,-68768.0,17
201300019696,13,12,13,820,2,2,1,1.0,6,17415,M,4573857.0,-63852.0,17
201300019697,13,12,16,1400,1,2,2,1.0,6,17415,M,4574302.0,-62200.0,17
201300019698,13,12,16,1815,2,1,1,1.0,6,17415,M,4571621.0,-67709.0,17
201300019699,13,12,16,1925,5,2,1,1.0,6,17415,M,4574624.0,-66460.0,17
201300019700,13,12,18,1830,2,1,1,1.0,6,17415,M,4574807.0,-66890.0,17
201300019701,13,12,22,1410,1,2,1,1.0,6,17415,M,4574527.0,-61373.0,17
201300019702,13,12,24,1855,3,1,1,3.0,6,17415,M,4572526.0,-64341.0,17
201300019703,13,1,18,1915,3,1,1,3.0,5,37179,M,0.0,0.0,37
201300019704,13,1,18,1800,3,1,1,3.0,2,37153,M,0.0,0.0,37
201300019705,13,2,7,2200,3,1,1,1.0,2,37160,M,0.0,0.0,37
201300019706,13,7,22,1030,1,1,1,1.0,3,37194,M,0.0,0.0,37
201300019707,13,7,27,2230,3,1,1,1.0,1,37194,M,0.0,0.0,37
201300019708,13,11,30,345,3,1,1,1.0,4,37153,M,0.0,0.0,37
201300019709,13,3,21,1000,1,1,1,1.0,2,34095,M,4352698.0,374166.0,34
201300019710,13,4,23,430,5,1,1,1.0,3,34270,M,4356282.0,385000.0,34
201300019711,13,4,30,1630,1,2,2,1.0,3,34270,M,4356053.0,384938.0,34
201300019712,13,5,3,1715,1,1,1,1.0,3,34095,M,4353393.0,375396.0,34
201300019713,13,7,2,1445,1,1,1,1.0,3,34270,M,4357900.0,386500.0,34
201300019714,13,8,7,1930,1,1,1,2.0,3,34095,M,4351634.0,376798.0,34
201300019715,13,9,11,715,1,1,1,1.0,3,34095,M,4354600.0,375000.0,34
201300019716,13,9,11,1600,1,1,1,1.0,3,34270,M,4357400.0,384800.0,34
201300019717,13,12,7,1000,1,2,1,1.0,6,34270,M,4358600.0,382000.0,34
201300019718,13,12,14,1745,3,1,1,1.0,6,34270,M,4359200.0,383400.0,34
201300019719,13,2,1,1415,1,1,1,1.0,3,66141,M,4277208.0,290082.0,66
201300019720,13,3,7,2245,3,1,1,8.0,7,66141,M,0.0,0.0,66
201300019721,13,5,17,1930,1,1,1,1.0,5,66050,M,4274050.0,296295.0,66
201300019722,13,5,18,2015,2,1,1,1.0,6,66141,M,0.0,0.0,66
201300019723,13,9,4,1300,1,2,1,1.0,2,66141,M,4273972.0,303724.0,66
201300019724,13,10,9,2015,5,2,1,1.0,1,66050,M,4276104.0,295129.0,66
201300019725,13,11,19,2300,5,1,1,8.0,7,66050,M,0.0,0.0,66
201300019726,13,12,7,2200,3,1,1,1.0,7,66050,M,4277721.0,293446.0,66
201300019727,13,2,7,1900,3,1,1,1.0,7,30084,M,4412151.0,468495.0,30
201300019728,13,4,4,1500,1,1,1,8.0,6,30127,M,4407241.0,458186.0,30
201300019729,13,4,20,1230,1,1,1,2.0,5,30141,M,4408985.0,470492.0,30
201300019730,13,5,25,1715,1,1,8,1.0,1,30141,M,4408915.0,470494.0,30
201300019731,13,5,28,1145,1,1,1,2.0,7,30076,M,4410978.0,452979.0,30
201300019732,13,6,6,2215,3,1,1,1.0,6,30092,M,4409302.0,459677.0,30
201300019733,13,6,11,1415,1,2,2,1.0,3,30092,M,4408754.0,459520.0,30
201300019734,13,7,7,2030,1,1,1,1.0,7,30331,M,4411837.0,459116.0,30
201300019735,13,7,9,1845,1,1,1,3.0,1,30331,M,4413521.0,461318.0,30
201300019736,13,7,17,2110,3,1,1,2.0,7,30331,M,4411402.0,461526.0,30
201300019737,13,8,10,1500,1,1,1,1.0,5,30207,M,4404368.0,456133.0,30
201300019738,13,8,13,1745,1,1,1,1.0,6,30196,M,4409472.0,453776.0,30