Num_Acc,an,mois,jour,hrmn,lum,agg,int,atm,col,com,gps,lat,long,dep
201300019739,13,8,18,445,3,1,1,1.0,6,30225,M,4414883.0,453980.0,30
201300019740,13,8,30,1930,1,1,1,1.0,5,30141,M,4411336.0,461525.0,30
201300019741,13,9,8,1730,1,1,1,2.0,5,30191,M,4413813.0,466684.0,30
201300019742,13,3,11,1315,1,1,1,8.0,1,41263,M,,,41
201300019743,13,4,24,1845,1,2,1,1.0,3,41149,M,,,41
201300019744,13,7,11,845,1,1,1,1.0,6,41278,M,4763790.0,94449.0,41
201300019745,13,1,14,630,3,1,1,2.0,2,77436,M,0.0,0.0,77
201300019746,13,3,24,1600,1,1,2,1.0,3,77405,M,4893500.0,320200.0,77
201300019747,13,6,3,1515,1,1,1,1.0,3,77182,M,0.0,0.0,77
201300019748,13,6,7,2015,2,2,1,1.0,7,77436,M,0.0,0.0,77
201300019749,13,6,10,2000,1,1,3,1.0,1,77406,M,0.0,0.0,77
201300019750,13,6,29,2015,1,1,1,1.0,2,77406,M,0.0,0.0,77
201300019751,13,8,29,1900,1,1,1,1.0,6,77472,M,0.0,0.0,77
201300019752,13,9,17,545,3,1,1,1.0,2,77278,M,0.0,0.0,77
201300019753,13,11,21,1645,2,2,1,8.0,1,77406,M,4885500.0,320200.0,77
201300019754,13,12,22,400,3,2,1,2.0,6,77030,M,4885524.0,332343.0,77
201300019755,13,1,10,815,1,2,1,1.0,6,62817,M,0.0,0.0,62
201300019756,13,2,15,1045,1,1,1,1.0,6,62754,M,0.0,0.0,62
201300019757,13,3,11,830,1,1,1,4.0,3,62780,M,0.0,0.0,62
201300019758,13,6,22,1815,1,2,1,1.0,6,62484,M,5016300.0,295300.0,62
201300019759,13,9,28,2000,1,1,1,1.0,7,62184,M,5019543.0,301869.0,62
201300019760,13,4,14,1945,1,2,2,1.0,3,62640,M,5013700.0,241000.0,62
201300019761,13,5,16,2315,3,1,1,1.0,6,62770,M,0.0,0.0,62
201300019762,13,4,9,815,1,1,1,2.0,2,62581,M,5044400.0,227200.0,62
201300019763,13,4,14,1430,1,1,1,1.0,7,62036,M,5045300.0,228100.0,62
201300019764,13,4,27,2230,3,1,1,1.0,6,62813,M,0.0,0.0,62
201300019765,13,7,14,2045,1,2,1,1.0,2,62050,M,0.0,0.0,62
201300019766,13,7,21,1000,1,1,1,1.0,4,62850,M,0.0,0.0,62
201300019767,13,8,4,2100,2,2,1,1.0,6,62036,M,0.0,0.0,62
201300019768,13,10,17,2130,1,2,1,1.0,6,62808,M,0.0,0.0,62
201300019769,13,11,14,2200,3,1,1,2.0,6,62166,M,5045509.0,238915.0,62
201300019770,13,12,26,1145,1,1,1,1.0,1,62269,M,5042038.0,242125.0,62
201300019771,13,1,13,1445,1,1,1,4.0,4,63198,M,0.0,0.0,63
201300019772,13,1,18,1600,1,1,1,4.0,7,63381,M,0.0,0.0,63
201300019773,13,10,6,1315,1,1,1,8.0,6,63381,M,0.0,0.0,63
201300019774,13,11,14,1700,1,1,1,4.0,3,63290,M,0.0,0.0,63
201300019775,13,12,16,645,3,1,1,1.0,6,63116,M,0.0,0.0,63
201300019776,13,1,15,2030,3,1,1,1.0,7,37261,M,0.0,0.0,37
201300019777,13,1,18,2330,3,1,1,4.0,3,37122,M,0.0,0.0,37
201300019778,13,2,8,2115,3,1,1,2.0,6,37193,M,0.0,0.0,37
201300019779,13,6,2,2245,3,1,1,1.0,5,37272,M,0.0,0.0,37
201300019780,13,7,7,1230,1,1,1,1.0,7,37228,M,0.0,0.0,37
201300019781,13,8,26,900,1,1,1,9.0,7,37216,M,0.0,0.0,37
201300019782,13,8,31,545,2,1,1,1.0,4,37261,M,0.0,0.0,37
201300019783,13,10,14,1045,1,1,1,2.0,3,37050,M,0.0,0.0,37
201300019784,13,10,21,1345,1,1,1,1.0,6,37159,M,0.0,0.0,37
201300019785,13,12,26,1230,1,1,1,1.0,7,37104,M,0.0,0.0,37
201300019786,13,12,27,2330,5,1,1,3.0,3,37261,M,0.0,0.0,37
201300019787,13,9,13,2100,5,1,1,2.0,6,21485,M,0.0,0.0,21
201300019788,13,3,12,1915,4,2,9,1.0,3,83054,M,4316652.0,604708.0,83
201300019789,13,5,25,1715,1,1,6,1.0,3,83054,M,0.0,0.0,83
201300019790,13,6,24,1630,1,2,1,1.0,3,83054,M,0.0,0.0,83
201300019791,13,7,12,1515,1,1,1,1.0,2,83054,M,0.0,0.0,83
201300019792,13,8,22,1615,1,2,1,1.0,2,83054,M,0.0,0.0,83
201300019793,13,9,3,1700,1,2,1,1.0,2,83130,M,0.0,0.0,83
201300019794,13,9,7,1215,1,1,1,1.0,4,83131,M,0.0,0.0,83
201300019795,13,10,11,1715,1,1,6,1.0,2,83054,M,0.0,0.0,83
201300019796,13,10,26,1945,5,2,3,1.0,3,83132,M,0.0,0.0,83
201300019797,13,11,2,1645,1,2,1,1.0,1,83130,M,4319459.0,603705.0,83
201300019798,13,11,3,1600,1,2,1,1.0,7,83054,M,4315658.0,604638.0,83
201300019799,13,10,31,1715,1,2,1,1.0,3,83054,M,0.0,0.0,83
201300019800,13,12,11,1215,1,2,6,1.0,6,83054,M,0.0,0.0,83
201300019801,13,12,23,1345,1,2,1,8.0,1,83131,M,0.0,0.0,83
201300019802,13,5,3,1530,1,1,1,1.0,1,87001,M,0.0,0.0,87
201300019803,13,6,9,1115,1,2,7,1.0,3,87001,M,0.0,0.0,87
201300019804,13,8,30,1400,1,1,1,1.0,7,87202,M,0.0,0.0,87
201300019805,13,9,3,1445,1,1,1,1.0,6,87001,M,0.0,0.0,87
201300019806,13,11,7,1030,1,2,2,1.0,2,87001,M,4581900.0,115200.0,87
201300019807,13,12,7,1245,1,2,1,1.0,1,87015,M,4577200.0,116800.0,87
201300019808,13,8,24,15,3,1,1,1.0,3,20009,M,0.0,0.0,202
201300019809,13,8,31,1145,1,2,1,1.0,3,20009,M,0.0,0.0,202
201300019810,13,10,20,515,3,1,1,1.0,3,20143,M,0.0,0.0,202
201300019811,13,2,14,1945,3,1,1,1.0,6,50363,M,4898730.0,-114681.0,50
201300019812,13,5,18,1145,1,1,1,1.0,6,50048,M,4888060.0,-115317.0,50
201300019813,13,9,14,1845,1,1,1,2.0,7,50225,M,4898510.0,-121292.0,50
201300019814,13,9,27,2245,5,2,2,3.0,3,50545,M,4903990.0,-110463.0,50
201300019815,13,12,8,1745,3,1,1,1.0,6,50592,M,4896140.0,-113505.0,50
201300019816,13,12,11,1400,1,1,1,1.0,1,50180,M,4900520.0,-110511.0,50
201300019817,13,11,25,1730,2,1,1,1.0,1,71158,M,0.0,0.0,71
201300019818,13,8,1,1830,1,2,1,1.0,7,22084,M,0.0,0.0,22
201300019819,13,8,4,1815,1,1,1,1.0,6,22084,M,4841000.0,-234700.0,22
201300019820,13,9,6,930,1,1,1,2.0,1,22193,M,4842590.0,-243886.0,22
201300019821,13,10,8,630,3,1,1,5.0,3,22305,M,0.0,0.0,22
201300019822,13,11,19,915,1,1,1,1.0,1,22185,M,4836786.0,-243983.0,22
201300019823,13,2,7,15,3,1,1,4.0,7,14538,M,4909140.0,-30777.0,14
201300019824,13,2,12,1930,3,1,1,1.0,6,14554,M,4907830.0,-30024.0,14
201300019825,13,4,19,1845,1,1,1,1.0,2,14160,M,4906370.0,-29115.0,14
201300019826,13,5,17,1015,1,1,1,1.0,1,14554,M,,,14
201300019827,13,7,20,1645,1,1,1,1.0,6,14677,M,4895500.0,-22100.0,14
201300019828,13,9,17,1430,1,1,1,2.0,6,14677,M,4894600.0,-20900.0,14
201300019829,13,1,20,900,2,1,1,9.0,3,08327,M,4971300.0,478900.0,08
201300019830,13,2,4,1630,5,2,1,1.0,6,08173,M,4969840.0,477420.0,08
201300019831,13,10,22,1300,1,1,1,1.0,1,08328,M,4980220.0,475371.0,08
201300019832,13,6,15,1000,1,1,1,1.0,3,38204,M,0.0,0.0,38
201300019833,13,1,1,530,5,2,1,2.0,6,18033,M,4707750.0,239002.0,18
201300019834,13,1,3,800,5,2,1,2.0,6,18033,M,4708946.0,240151.0,18
201300019835,13,1,6,1810,5,2,1,1.0,2,18033,M,4707451.0,240385.0,18
201300019836,13,1,8,1850,5,2,1,1.0,7,18033,M,,,18
201300019837,13,1,8,740,3,1,1,1.0,3,18213,M,,,18
201300019838,13,1,8,1210,1,2,1,1.0,2,18033,M,4708003.0,240189.0,18
201300019839,13,1,9,2005,5,2,1,1.0,6,18033,M,4707256.0,238886.0,18
201300019840,13,1,10,805,2,2,1,2.0,6,18033,M,4710071.0,242221.0,18
201300019841,13,1,10,800,1,1,6,3.0,2,18205,M,4711874.0,237407.0,18
201300019842,13,1,11,1130,1,2,3,1.0,3,18033,M,4709539.0,239294.0,18
201300019843,13,1,11,1928,5,2,1,1.0,6,18033,M,4710677.0,240988.0,18
201300019844,13,1,12,1240,1,1,1,1.0,6,18213,M,4712134.0,247958.0,18
201300019845,13,1,13,1455,1,2,1,1.0,3,18033,M,4710243.0,241191.0,18
201300019846,13,1,16,745,5,2,3,1.0,3,18033,M,4710315.0,240934.0,18
201300019847,13,1,16,1028,1,2,3,1.0,3,18033,M,4707427.0,240350.0,18
201300019848,13,1,17,800,2,2,1,1.0,6,18033,M,4706210.0,239947.0,18
201300019849,13,1,19,1520,1,2,1,2.0,5,18033,M,4707855.0,239917.0,18
201300019850,13,1,22,1515,1,2,2,1.0,6,18033,M,4708812.0,239826.0,18
201300019851,13,1,24,2110,5,2,2,1.0,1,18033,M,4706149.0,240906.0,18
201300019852,13,1,28,1815,5,2,3,1.0,3,18033,M,4712224.0,240248.0,18
201300019853,13,2,8,755,2,2,2,2.0,3,18033,M,4710008.0,241564.0,18
201300019854,13,2,18,1005,1,1,1,5.0,7,18033,M,4706920.0,243477.0,18
201300019855,13,2,27,508,3,1,1,1.0,7,18267,M,4701617.0,235231.0,18
201300019856,13,3,3,630,3,1,1,1.0,6,18205,M,,,18
201300019857,13,3,3,1730,1,2,2,1.0,3,18213,M,4709747.0,245970.0,18
201300019858,13,3,4,1545,1,2,2,1.0,3,18033,M,4707032.0,238194.0,18
201300019859,13,3,7,1438,1,2,2,1.0,3,18033,M,4707157.0,239037.0,18
201300019860,13,3,9,550,3,1,1,2.0,7,18205,M,4710101.0,232710.0,18
201300019861,13,3,10,625,4,1,1,1.0,2,18033,M,4711797.0,241429.0,18
201300019862,13,3,17,2010,5,2,1,1.0,5,18033,M,,,18
201300019863,13,3,21,800,1,2,1,1.0,2,18205,M,4710147.0,236369.0,18
201300019864,13,3,23,15,5,2,2,1.0,5,18033,M,4707224.0,238185.0,18
201300019865,13,3,25,1715,1,2,2,1.0,3,18033,M,,,18
201300019866,13,3,26,204,5,1,6,1.0,6,18033,M,4707521.0,235458.0,18
201300019867,13,3,26,402,5,2,1,1.0,6,18033,M,4707977.0,239911.0,18
201300019868,13,3,26,1730,1,2,6,1.0,3,18213,M,4709720.0,245527.0,18
201300019869,13,4,1,1155,1,2,1,7.0,3,18033,M,,,18
201300019870,13,4,2,1125,1,2,2,1.0,3,18033,M,4707050.0,237711.0,18
201300019871,13,4,9,1735,1,2,1,2.0,6,18033,M,4707982.0,240176.0,18
201300019872,13,4,12,2015,5,2,2,2.0,3,18033,M,4708339.0,238899.0,18
201300019873,13,4,14,2255,5,2,2,1.0,1,18033,M,4709391.0,240116.0,18
201300019874,13,4,15,1745,1,2,1,1.0,4,18033,M,4709511.0,239547.0,18
201300019875,13,4,16,1315,1,2,2,1.0,3,18205,M,4711392.0,235988.0,18
201300019876,13,4,17,915,1,2,2,1.0,3,18267,M,4705359.0,238062.0,18
201300019877,13,4,23,1045,1,2,3,1.0,3,18033,M,4707331.0,240640.0,18
201300019878,13,4,24,730,1,1,1,1.0,7,18033,M,4705220.0,243421.0,18
201300019879,13,4,27,56,5,2,1,2.0,7,18033,M,4707954.0,239540.0,18
201300019880,13,4,30,820,1,2,3,2.0,3,18033,M,4708888.0,240040.0,18
201300019881,13,5,1,1739,1,2,1,1.0,6,18033,M,4708297.0,238712.0,18
201300019882,13,5,2,1949,1,2,1,1.0,7,18033,M,4707156.0,240390.0,18
201300019883,13,5,4,1510,1,2,7,1.0,3,18205,M,4711845.0,237559.0,18
201300019884,13,5,6,740,1,2,2,1.0,3,18033,M,4708339.0,238890.0,18
201300019885,13,5,7,1709,1,2,1,1.0,2,18033,M,4706122.0,236424.0,18
201300019886,13,5,8,2204,3,1,1,1.0,6,18267,M,,,18
201300019887,13,5,10,1817,1,1,1,1.0,1,18205,M,4712351.0,234735.0,18
201300019888,13,5,12,1838,1,2,1,1.0,3,18033,M,4709100.0,239358.0,18
201300019889,13,5,15,910,1,1,6,8.0,7,18205,M,,,18
201300019890,13,5,18,1230,1,2,1,3.0,7,18033,M,4711634.0,242452.0,18
201300019891,13,5,18,1847,1,1,1,8.0,3,18255,M,4700932.0,230367.0,18
201300019892,13,5,20,2150,5,2,1,3.0,6,18033,M,4706448.0,240339.0,18
201300019893,13,5,20,1112,1,1,1,3.0,6,18033,M,4707252.0,235379.0,18
201300019894,13,5,28,1400,1,1,1,2.0,6,18255,M,,,18
201300019895,13,5,30,1445,1,2,2,2.0,3,18205,M,4709651.0,237299.0,18
201300019896,13,6,5,1420,1,2,1,1.0,3,18033,M,4707151.0,237650.0,18
201300019897,13,6,6,1745,1,2,1,1.0,2,18033,M,4707087.0,241274.0,18
201300019898,13,6,10,1215,1,2,1,1.0,6,18033,M,4708659.0,239141.0,18
201300019899,13,6,10,1730,1,2,1,1.0,6,18033,M,4707620.0,240288.0,18
201300019900,13,6,11,1349,1,1,1,1.0,6,18033,M,4708420.0,239069.0,18
201300019901,13,6,12,1515,1,2,1,1.0,3,18033,M,4710262.0,242482.0,18
201300019902,13,6,13,800,1,2,3,2.0,6,18033,M,4707696.0,238995.0,18
201300019903,13,6,19,1000,1,2,1,1.0,6,18033,M,4708276.0,241414.0,18
201300019904,13,6,20,1720,1,2,5,1.0,3,18033,M,4707819.0,240973.0,18
201300019905,13,6,24,715,1,2,3,1.0,3,18033,M,4707813.0,238818.0,18
201300019906,13,6,25,934,1,2,1,1.0,6,18033,M,4707263.0,241068.0,18
201300019907,13,6,29,1115,1,1,6,1.0,6,18255,M,,,18
201300019908,13,7,1,1530,1,2,3,1.0,1,18205,M,4710456.0,235533.0,18
201300019909,13,7,2,1810,1,2,4,1.0,3,18033,M,4708084.0,238950.0,18
201300019910,13,7,3,1500,1,1,1,2.0,2,18033,M,4708662.0,244276.0,18
201300019911,13,7,5,1730,1,2,1,1.0,7,18033,M,4712569.0,239538.0,18
201300019912,13,7,5,1740,1,2,1,1.0,2,18213,M,4709767.0,245850.0,18
201300019913,13,7,6,1810,1,2,1,1.0,6,18033,M,4709261.0,239392.0,18
201300019914,13,7,8,732,1,2,1,1.0,6,18213,M,4709910.0,248364.0,18
201300019915,13,7,12,1350,1,2,6,1.0,3,18033,M,4706940.0,237558.0,18
201300019916,13,7,13,2214,5,2,6,1.0,6,18033,M,4708364.0,243550.0,18
201300019917,13,7,16,1609,1,2,1,1.0,2,18033,M,4709563.0,243324.0,18
201300019918,13,7,20,1845,1,1,1,1.0,1,18033,M,4705980.0,236230.0,18
201300019919,13,7,21,2348,5,2,1,1.0,6,18033,M,4709609.0,240465.0,18
201300019920,13,7,22,2015,1,2,2,1.0,2,18213,M,4709882.0,247960.0,18
201300019921,13,7,23,1318,1,2,3,3.0,2,18033,M,4710306.0,240929.0,18
201300019922,13,7,23,2130,1,2,1,1.0,3,18033,M,4707250.0,239697.0,18
201300019923,13,8,1,2020,1,2,3,1.0,3,18033,M,4709493.0,242080.0,18
201300019924,13,8,2,1845,1,2,1,1.0,2,18033,M,4709409.0,240062.0,18
201300019925,13,8,3,50,5,2,1,2.0,6,18033,M,4708427.0,241582.0,18
201300019926,13,8,4,830,1,1,1,1.0,6,18267,M,4703384.0,237563.0,18
201300019927,13,8,4,2138,2,1,1,1.0,6,18033,M,4709938.0,243555.0,18
201300019928,13,8,6,1320,1,2,1,1.0,2,18033,M,4709570.0,243485.0,18
201300019929,13,8,7,1730,1,2,2,1.0,3,18033,M,4712071.0,240068.0,18
201300019930,13,8,3,1830,1,2,1,1.0,3,18213,M,4709906.0,245946.0,18
201300019931,13,8,14,1530,1,2,9,1.0,6,18033,M,4705906.0,240993.0,18
201300019932,13,8,15,1915,1,1,1,1.0,7,18033,M,4704975.0,240814.0,18
201300019933,13,8,17,1655,1,2,7,1.0,3,18033,M,,,18
201300019934,13,8,19,1425,1,2,1,6.0,6,18033,M,,,18
201300019935,13,8,19,1920,1,2,1,7.0,6,18033,M,4710285.0,241153.0,18
201300019936,13,8,19,1000,1,1,6,1.0,7,18033,M,4704715.0,234352.0,18
201300019937,13,8,23,1715,1,2,3,7.0,3,18033,M,4709188.0,242036.0,18
201300019938,13,8,28,1710,1,2,1,1.0,2,18033,M,4708721.0,238875.0,18
201300019939,13,8,30,1145,1,2,1,1.0,2,18033,M,4708399.0,241874.0,18
201300019940,13,9,1,253,5,2,1,1.0,6,18033,M,4707391.0,237655.0,18
201300019941,13,9,11,731,2,1,1,1.0,7,18205,M,,,18
201300019942,13,9,15,1110,1,2,1,1.0,2,18033,M,4707284.0,239907.0,18
201300019943,13,9,17,1850,1,2,1,2.0,2,18033,M,4709920.0,241635.0,18
201300019944,13,9,20,1658,1,2,2,1.0,1,18033,M,4709393.0,240116.0,18
201300019945,13,9,22,2015,3,1,3,1.0,2,18213,M,4709805.0,246837.0,18
201300019946,13,9,24,1010,1,2,1,1.0,3,18033,M,4708951.0,240084.0,18
201300019947,13,9,24,2054,5,2,3,1.0,1,18033,M,4710691.0,239289.0,18
201300019948,13,9,26,2023,5,2,1,1.0,6,18033,M,4707194.0,239286.0,18
201300019949,13,9,27,1650,1,2,2,1.0,3,18213,M,4709745.0,245969.0,18
201300019950,13,9,28,1745,1,2,1,1.0,2,18033,M,4709610.0,244016.0,18
201300019951,13,9,28,2131,4,2,6,2.0,6,18033,M,4707537.0,235399.0,18
201300019952,13,10,2,1556,1,2,1,1.0,6,18033,M,4708122.0,240774.0,18
201300019953,13,10,4,825,1,2,1,1.0,1,18205,M,4710985.0,238648.0,18
201300019954,13,10,6,1657,1,1,1,1.0,6,18213,M,,,18
201300019955,13,10,10,751,2,2,3,3.0,2,18205,M,4710475.0,239024.0,18
201300019956,13,10,11,755,1,1,1,1.0,2,18267,M,4702647.0,239130.0,18
201300019957,13,10,11,1735,1,2,1,1.0,3,18213,M,4710100.0,249164.0,18
201300019958,13,10,12,1520,1,2,9,2.0,3,18213,M,4709876.0,246342.0,18
201300019959,13,10,15,945,1,2,1,1.0,6,18033,M,4708032.0,240475.0,18
201300019960,13,10,16,1810,1,2,1,3.0,2,18205,M,4710677.0,238771.0,18
201300019961,13,10,17,1140,1,2,1,1.0,2,18033,M,4708270.0,238452.0,18
201300019962,13,10,17,1725,1,2,1,1.0,6,18033,M,4708725.0,239283.0,18
201300019963,13,10,20,33,5,2,3,2.0,3,18213,M,4709964.0,249170.0,18
201300019964,13,10,20,1155,1,1,1,1.0,6,18213,M,,,18
201300019965,13,10,25,1950,5,2,1,3.0,6,18033,M,4708945.0,239534.0,18
201300019966,13,10,26,1635,1,2,2,1.0,3,18033,M,4708533.0,239457.0,18
201300019967,13,10,28,1442,1,2,6,2.0,2,18033,M,4707968.0,239904.0,18
201300019968,13,10,28,1845,5,2,1,1.0,3,18033,M,4707795.0,241664.0,18
201300019969,13,10,28,2025,5,2,2,1.0,2,18033,M,4708671.0,238853.0,18
201300019970,13,10,29,1053,1,2,6,1.0,3,18033,M,4706558.0,239526.0,18
201300019971,13,10,30,1635,1,2,2,1.0,3,18033,M,4706671.0,237810.0,18
201300019972,13,10,31,1139,1,2,1,1.0,2,18033,M,4707740.0,238999.0,18
201300019973,13,10,31,1630,1,2,1,1.0,2,18033,M,4707734.0,239004.0,18
201300019974,13,10,31,1650,1,2,1,1.0,3,18033,M,4710160.0,240463.0,18
201300019975,13,10,31,2355,5,2,2,1.0,3,18033,M,4707051.0,237712.0,18
201300019976,13,11,4,1810,5,2,1,1.0,6,18033,M,4708927.0,240070.0,18
201300019977,13,11,6,1130,1,2,2,1.0,1,18213,M,4709748.0,245969.0,18
201300019978,13,11,7,1934,2,2,1,1.0,2,18033,M,4708102.0,240544.0,18
201300019979,13,11,8,1615,1,2,1,1.0,2,18033,M,4710093.0,241188.0,18
201300019980,13,11,9,1900,5,2,1,2.0,4,18033,M,4709030.0,242162.0,18
201300019981,13,11,15,1333,1,1,2,2.0,3,18033,M,4704492.0,244325.0,18
201300019982,13,11,18,1730,5,2,1,5.0,4,18213,M,4709781.0,246472.0,18
201300019983,13,11,19,1200,1,2,2,8.0,3,18213,M,,,18
201300019984,13,11,22,1800,5,1,1,2.0,2,18033,M,4709563.0,243449.0,18
201300019985,13,11,26,835,1,2,1,1.0,6,18033,M,4710791.0,242095.0,18
201300019986,13,11,26,1523,1,2,1,1.0,2,18033,M,4708361.0,243414.0,18
201300019987,13,11,27,1630,1,1,1,7.0,6,18033,M,,,18
201300019988,13,11,28,1630,1,2,6,1.0,3,18033,M,4709160.0,242173.0,18
201300019989,13,11,28,1725,5,1,1,1.0,6,18033,M,4707856.0,239913.0,18
201300019990,13,12,3,1000,1,2,1,1.0,6,18033,M,4709517.0,239484.0,18
201300019991,13,12,6,2210,3,2,1,9.0,6,18267,M,4701594.0,235299.0,18
201300019992,13,12,9,1132,1,2,1,1.0,6,18033,M,4705998.0,238822.0,18
201300019993,13,12,10,755,2,2,1,9.0,6,18205,M,4710305.0,234387.0,18
201300019994,13,12,10,730,3,1,1,9.0,2,18255,M,,,18
201300019995,13,12,10,1215,1,2,1,1.0,5,18213,M,4709643.0,244468.0,18
201300019996,13,12,11,805,2,2,1,1.0,6,18033,M,4707132.0,241221.0,18
201300019997,13,12,11,1230,1,2,1,1.0,6,18033,M,4705332.0,240588.0,18
201300019998,13,12,14,1942,3,1,1,1.0,7,18033,M,4704271.0,242725.0,18
201300019999,13,12,18,1045,1,2,2,1.0,6,18033,M,4708658.0,239882.0,18
201300020000,13,12,20,1626,1,2,1,1.0,6,18033,M,4709839.0,239960.0,18
201300020001,13,12,28,450,3,1,1,2.0,7,18033,M,4704442.0,237709.0,18
201300020002,13,12,28,1620,1,1,1,1.0,4,18213,M,4709666.0,244822.0,18
201300020003,13,12,30,1150,1,2,1,1.0,6,18213,M,4709665.0,244783.0,18
201300020004,13,1,19,145,5,2,1,3.0,6,83091,M,0.0,0.0,83
201300020005,13,2,6,1930,3,1,1,1.0,3,83049,M,0.0,0.0,83
201300020006,13,4,18,715,1,1,2,1.0,3,83100,M,0.0,0.0,83
201300020007,13,5,13,1645,1,1,1,1.0,1,83049,M,0.0,0.0,83
201300020008,13,7,14,15,5,2,1,1.0,6,83091,M,0.0,0.0,83
201300020009,13,8,12,1730,1,1,1,1.0,1,83091,M,0.0,0.0,83
201300020010,13,8,13,1030,1,1,2,1.0,3,83100,M,0.0,0.0,83
201300020011,13,8,26,800,1,1,1,1.0,6,83043,M,0.0,0.0,83
201300020012,13,10,12,1030,1,1,1,1.0,1,83100,M,0.0,0.0,83
201300020013,13,10,13,415,3,1,1,1.0,1,83049,M,0.0,0.0,83
201300020014,13,10,14,645,3,2,1,1.0,1,83091,M,4323800.0,608800.0,83
201300020015,13,10,26,1745,1,1,1,1.0,6,83100,M,0.0,0.0,83
201300020016,13,1,10,1815,3,1,1,2.0,7,41119,M,4780350.0,150245.0,41
201300020017,13,2,9,2030,5,2,1,1.0,6,41123,M,4782900.0,139800.0,41
201300020018,13,3,10,1015,3,1,1,1.0,7,12145,M,0.0,0.0,12
201300020019,13,6,13,1215,1,1,1,1.0,7,12063,M,4403500.0,312000.0,12
201300020020,13,6,20,1145,1,1,1,3.0,7,12291,M,4428200.0,300200.0,12
201300020021,13,6,22,1230,1,1,1,1.0,2,12122,M,0.0,0.0,12
201300020022,13,7,21,1815,1,1,1,1.0,6,12291,M,4426300.0,306400.0,12
201300020023,13,8,7,715,1,1,1,3.0,7,12084,M,4405800.0,312900.0,12
201300020024,13,9,1,2130,3,1,1,1.0,6,12291,M,0.0,0.0,12
201300020025,13,7,27,915,1,1,1,1.0,6,58193,M,0.0,0.0,58
201300020026,13,10,4,1500,1,1,1,1.0,6,58164,M,0.0,0.0,58
201300020027,13,2,22,1915,3,1,1,1.0,1,71333,M,0.0,0.0,71
201300020028,13,1,26,1415,1,1,1,8.0,1,36219,M,4663750.0,155103.0,36
201300020029,13,2,12,1530,1,1,1,1.0,2,36033,M,4651490.0,151100.0,36
201300020030,13,4,2,1030,1,1,1,1.0,6,36134,M,4640310.0,145820.0,36
201300020031,13,5,11,2145,2,1,1,8.0,6,36239,M,4648680.0,149966.0,36
201300020032,13,6,8,615,1,1,1,1.0,6,36239,M,4648570.0,149995.0,36
201300020033,13,6,9,1600,1,1,1,1.0,6,36134,M,4639180.0,145052.0,36
201300020034,13,9,4,826,1,1,1,1.0,2,36239,M,4647830.0,149912.0,36
201300020035,13,10,20,2300,3,1,1,1.0,6,36219,M,4666020.0,157063.0,36
201300020036,13,11,4,845,1,1,1,3.0,6,36200,M,4660980.0,151185.0,36
201300020037,13,12,25,1845,3,1,1,3.0,6,36150,M,4645580.0,149738.0,36
201300020038,13,5,18,1700,1,1,1,2.0,6,15168,M,4498500.0,318800.0,15
201300020039,13,8,1,1700,1,1,1,1.0,6,15168,M,4499000.0,318700.0,15
201300020040,13,4,30,1045,1,1,1,2.0,6,63178,M,4554300.0,326500.0,63
201300020041,13,5,1,145,3,1,1,3.0,1,63178,M,4556400.0,326800.0,63
201300020042,13,7,12,1415,1,1,1,1.0,2,63052,M,0.0,0.0,63
201300020043,13,9,3,630,2,1,1,1.0,2,63054,M,4550700.0,326200.0,63
201300020044,13,2,24,1045,1,1,1,4.0,6,87182,M,0.0,0.0,87
201300020045,13,6,22,2100,1,1,1,1.0,6,87133,M,4632600.0,163800.0,87
201300020046,13,7,13,1645,1,1,9,1.0,2,87182,M,4632600.0,142300.0,87
201300020047,13,8,8,1545,1,1,1,1.0,6,87133,M,0.0,0.0,87
201300020048,13,1,11,515,3,1,1,1.0,6,34196,M,4380481.0,332656.0,34
201300020049,13,3,1,545,3,1,1,1.0,6,34123,M,4360601.0,381703.0,34
201300020050,13,6,17,1300,1,1,1,1.0,2,34194,M,4354744.0,344869.0,34
201300020051,13,6,19,1245,1,1,1,1.0,6,34079,M,0.0,0.0,34
201300020052,13,6,22,1015,1,1,1,1.0,6,34036,M,4367684.0,341604.0,34
201300020053,13,6,29,15,3,1,1,1.0,6,34199,M,0.0,0.0,34
201300020054,13,8,3,1615,1,1,1,1.0,6,34114,M,0.0,0.0,34
201300020055,13,8,17,1715,1,1,1,1.0,2,34300,M,0.0,0.0,34
201300020056,13,8,29,1115,1,1,1,1.0,7,34013,M,0.0,0.0,34
201300020057,13,9,12,1045,1,1,1,1.0,1,34032,M,0.0,0.0,34
201300020058,13,10,10,730,2,1,1,1.0,3,34036,M,0.0,0.0,34
201300020059,13,12,22,915,1,1,1,7.0,3,34123,M,0.0,0.0,34
201300020060,13,12,23,945,2,1,1,1.0,7,34325,M,0.0,0.0,34