Num_Acc,an,mois,jour,hrmn,lum,agg,int,atm,col,com,gps,lat,long,dep
201300020061,13,1,18,2000,3,1,1,3.0,5,48049,M,4488400.0,341600.0,48
201300020062,13,1,18,2000,3,1,1,2.0,4,48183,M,0.0,0.0,48
201300020063,13,4,9,1215,1,1,1,3.0,6,48140,M,0.0,0.0,48
201300020064,13,7,11,1315,1,1,1,1.0,2,48049,M,0.0,0.0,48
201300020065,13,7,16,715,1,1,1,7.0,1,48034,M,0.0,0.0,48
201300020066,13,10,1,2145,3,1,1,1.0,7,48140,M,0.0,0.0,48
201300020067,13,5,10,900,1,1,1,1.0,6,08397,M,0.0,0.0,08
201300020068,13,5,26,530,3,1,1,2.0,6,08111,M,0.0,0.0,08
201300020069,13,9,9,845,1,1,1,1.0,2,08435,M,0.0,0.0,08
201300020070,13,5,22,1715,1,2,1,1.0,2,67472,M,0.0,0.0,67
201300020071,13,4,7,2030,3,1,1,1.0,3,44209,M,0.0,0.0,44
201300020072,13,11,17,730,3,1,1,1.0,6,44149,M,0.0,0.0,44
201300020073,13,1,13,415,3,1,1,2.0,6,44089,M,0.0,0.0,44
201300020074,13,1,12,1745,3,1,1,3.0,7,44033,M,0.0,0.0,44
201300020075,13,2,1,1245,1,1,1,3.0,5,44103,M,0.0,0.0,44
201300020076,13,2,12,1730,1,1,1,1.0,5,44203,M,0.0,0.0,44
201300020077,13,3,15,1600,1,1,1,1.0,7,44033,M,0.0,0.0,44
201300020078,13,4,12,1530,1,1,1,1.0,5,44137,M,0.0,0.0,44
201300020079,13,5,7,2300,3,1,1,2.0,2,44089,M,0.0,0.0,44
201300020080,13,6,15,945,1,1,1,1.0,6,44195,M,0.0,0.0,44
201300020081,13,6,30,2045,1,1,1,1.0,7,44089,M,0.0,0.0,44
201300020082,13,7,7,1630,1,1,1,1.0,6,44129,M,0.0,0.0,44
201300020083,13,7,12,930,1,1,1,1.0,6,44072,M,0.0,0.0,44
201300020084,13,7,19,15,3,1,1,1.0,7,44052,M,0.0,0.0,44
201300020085,13,8,13,1830,1,1,1,1.0,5,44137,M,0.0,0.0,44
201300020086,13,9,18,2045,3,1,1,1.0,2,44103,M,0.0,0.0,44
201300020087,13,9,24,1530,1,1,1,1.0,5,44089,M,0.0,0.0,44
201300020088,13,10,5,1015,1,1,1,1.0,1,44089,M,0.0,0.0,44
201300020089,13,11,7,1,3,1,1,3.0,7,44195,M,0.0,0.0,44
201300020090,13,11,22,730,3,1,1,1.0,2,44052,M,0.0,0.0,44
201300020091,13,11,26,1615,1,1,1,1.0,6,44129,M,0.0,0.0,44
201300020092,13,11,29,1845,5,2,1,1.0,1,44129,M,0.0,0.0,44
201300020093,13,2,8,2210,3,1,1,4.0,5,14449,M,4910650.0,-60436.0,14
201300020094,13,6,23,1130,1,1,1,2.0,6,14389,M,4906690.0,-67311.0,14
201300020095,13,10,31,1645,1,1,1,1.0,6,14475,M,0.0,0.0,14
201300020096,13,11,20,430,3,1,1,4.0,6,14188,M,0.0,0.0,14
201300020097,13,11,25,745,2,1,1,2.0,4,14738,M,0.0,0.0,14
201300020098,13,3,19,1530,1,1,1,4.0,6,50185,M,4883800.0,-123100.0,50
201300020099,13,6,8,1030,1,1,1,1.0,7,50516,M,4865680.0,-135808.0,50
201300020100,13,6,20,1445,1,1,1,1.0,6,50616,M,4867950.0,-137235.0,50
201300020101,13,10,12,1945,3,1,1,1.0,2,50338,M,4890730.0,-110396.0,50
201300020102,13,1,4,300,3,1,1,1.0,7,50467,M,4947690.0,-137465.0,50
201300020103,13,2,10,30,3,1,1,2.0,6,50485,M,4930530.0,-121048.0,50
201300020104,13,5,31,1515,1,1,1,1.0,7,50467,M,4947730.0,-137584.0,50
201300020105,13,12,16,745,3,1,1,1.0,2,50498,M,4952430.0,-150765.0,50
201300020106,13,1,14,1725,1,2,1,1.0,6,18279,M,,,18
201300020107,13,1,15,744,2,2,1,9.0,2,18279,M,4720305.0,209170.0,18
201300020108,13,1,17,1250,1,2,9,8.0,6,18279,M,,,18
201300020109,13,2,11,550,2,2,1,2.0,7,18279,M,,,18
201300020110,13,2,18,1440,1,1,1,1.0,7,18279,M,4721539.0,210195.0,18
201300020111,13,2,24,1210,1,2,1,4.0,6,18279,M,4722744.0,205247.0,18
201300020112,13,3,4,1130,1,2,1,1.0,2,18279,M,4722916.0,205070.0,18
201300020113,13,3,7,1340,1,1,1,1.0,1,18279,M,4721326.0,212888.0,18
201300020114,13,3,12,930,1,2,1,2.0,5,18279,M,4723258.0,203999.0,18
201300020115,13,4,5,1100,1,2,2,1.0,3,18279,M,4723121.0,208079.0,18
201300020116,13,4,8,1800,1,2,1,1.0,6,18279,M,4721092.0,206304.0,18
201300020117,13,5,7,1610,1,2,1,1.0,1,18279,M,4720845.0,209729.0,18
201300020118,13,6,3,1500,1,2,2,1.0,1,18279,M,4721541.0,205907.0,18
201300020119,13,6,4,1010,1,2,1,1.0,2,18279,M,4723298.0,207936.0,18
201300020120,13,6,8,1015,1,2,1,1.0,3,18279,M,4722421.0,205663.0,18
201300020121,13,6,9,710,1,2,1,1.0,6,18279,M,4721761.0,209953.0,18
201300020122,13,6,13,1335,1,2,1,2.0,2,18279,M,4723018.0,207948.0,18
201300020123,13,6,14,105,5,2,1,1.0,6,18279,M,,,18
201300020124,13,6,20,1830,1,1,3,1.0,3,18279,M,4721415.0,212277.0,18
201300020125,13,7,13,1105,1,2,2,1.0,2,18279,M,4722300.0,206598.0,18
201300020126,13,7,26,1045,1,2,2,1.0,3,18279,M,4722690.0,205507.0,18
201300020127,13,8,3,1816,1,1,6,1.0,7,18279,M,4724877.0,206055.0,18
201300020128,13,8,6,935,1,2,1,1.0,2,18279,M,4722469.0,207252.0,18
201300020129,13,8,12,2045,1,2,1,1.0,1,18279,M,4722105.0,208636.0,18
201300020130,13,9,20,1620,1,2,1,1.0,6,18279,M,4722462.0,206829.0,18
201300020131,13,9,24,2050,5,2,6,1.0,6,18279,M,4720523.0,207146.0,18
201300020132,13,10,7,1750,1,2,2,1.0,3,18279,M,,,18
201300020133,13,10,8,1655,1,2,1,1.0,6,18279,M,4723031.0,203821.0,18
201300020134,13,11,14,1700,2,1,1,1.0,2,18279,M,4725017.0,206037.0,18
201300020135,13,12,13,755,1,2,1,9.0,1,18279,M,4722393.0,207099.0,18
201300020136,13,12,17,1155,1,2,1,1.0,1,18279,M,4723002.0,210325.0,18
201300020137,13,12,19,1147,1,2,2,1.0,3,18279,M,4722095.0,206084.0,18
201300020138,13,5,22,1800,1,1,1,1.0,6,44051,M,0.0,0.0,44
201300020139,13,5,27,1815,1,1,1,1.0,6,44051,M,0.0,0.0,44
201300020140,13,7,20,2215,3,2,1,1.0,6,44197,M,0.0,0.0,44
201300020141,13,7,27,2115,1,1,1,1.0,6,44197,M,0.0,0.0,44
201300020142,13,11,24,545,3,1,1,1.0,6,44197,M,0.0,0.0,44
201300020143,13,11,28,900,2,1,1,5.0,1,44051,M,0.0,0.0,44
201300020144,13,5,19,1600,1,1,1,8.0,2,72058,M,4799300.0,28000.0,72
201300020145,13,5,19,1500,1,1,2,1.0,3,72350,M,4790200.0,26000.0,72
201300020146,13,9,9,2230,3,1,1,1.0,3,72213,M,4793200.0,25200.0,72
201300020147,13,9,20,1845,1,1,1,1.0,1,72231,M,4791000.0,39800.0,72
201300020148,13,12,8,1330,1,1,1,1.0,1,72287,M,4787500.0,20400.0,72
201300020149,13,3,30,1300,1,2,1,2.0,1,72124,M,0.0,0.0,72
201300020150,13,4,22,945,1,1,2,1.0,3,72008,M,0.0,0.0,72
201300020151,13,4,29,1045,1,1,1,1.0,3,72058,M,4796200.0,31200.0,72
201300020152,13,8,15,30,3,2,1,1.0,6,72124,M,0.0,0.0,72
201300020153,13,10,14,1730,1,1,1,2.0,5,72213,M,4789800.0,24400.0,72
201300020154,13,12,17,915,1,2,6,1.0,6,72213,M,4791600.0,25200.0,72
201300020155,13,10,24,1215,1,1,1,1.0,1,65375,M,4339910.0,15609.0,65
201300020156,13,1,6,2130,5,2,1,1.0,6,83019,M,0.0,0.0,83
201300020157,13,1,8,1115,1,1,1,1.0,5,83019,M,0.0,0.0,83
201300020158,13,3,2,1200,1,2,1,1.0,1,83070,M,0.0,0.0,83
201300020159,13,4,6,1445,1,2,9,2.0,6,83070,M,0.0,0.0,83
201300020160,13,5,10,1345,1,2,1,1.0,6,83019,M,4312389.0,636029.0,83
201300020161,13,6,26,1900,1,2,1,1.0,1,83070,M,4313410.0,636447.0,83
201300020162,13,7,7,330,3,1,1,1.0,1,83019,M,0.0,0.0,83
201300020163,13,7,7,1330,1,1,1,1.0,1,83019,M,0.0,0.0,83
201300020164,13,7,13,245,5,2,1,1.0,6,83019,M,0.0,0.0,83
201300020165,13,7,26,2000,1,1,1,1.0,1,83019,M,0.0,0.0,83
201300020166,13,7,28,800,1,2,6,1.0,1,83070,M,0.0,0.0,83
201300020167,13,8,22,1800,1,1,1,1.0,6,83019,M,0.0,0.0,83
201300020168,13,9,5,1915,2,2,1,1.0,6,83019,M,4312428.0,635788.0,83
201300020169,13,9,11,1045,1,1,1,1.0,3,83019,M,0.0,0.0,83
201300020170,13,10,15,1015,1,2,1,1.0,1,83019,M,4313952.0,635198.0,83
201300020171,13,10,30,1715,1,2,1,1.0,1,83070,M,0.0,0.0,83
201300020172,13,11,6,1445,1,1,1,1.0,2,83019,M,4312387.0,635101.0,83
201300020173,13,1,5,330,5,2,1,1.0,7,60358,M,0.0,0.0,60
201300020174,13,2,3,1845,3,2,1,2.0,4,60661,M,0.0,0.0,60
201300020175,13,3,19,315,3,2,1,1.0,7,60031,M,0.0,0.0,60
201300020176,13,4,21,1715,1,1,1,1.0,7,60478,M,0.0,0.0,60
201300020177,13,4,21,2015,2,1,2,1.0,3,60683,M,0.0,0.0,60
201300020178,13,6,16,1030,1,2,1,1.0,1,60176,M,0.0,0.0,60
201300020179,13,6,17,1845,1,1,1,2.0,1,60005,M,0.0,0.0,60
201300020180,13,6,25,2130,2,1,1,1.0,7,60094,M,0.0,0.0,60
201300020181,13,9,14,1345,1,1,1,9.0,3,60430,M,0.0,0.0,60
201300020182,13,11,28,1545,1,2,2,1.0,1,60046,M,0.0,0.0,60
201300020183,13,12,13,1030,1,2,1,1.0,6,60358,M,0.0,0.0,60
201300020184,13,1,3,1330,1,2,1,2.0,6,91340,M,0.0,0.0,91
201300020185,13,1,28,1430,1,2,1,1.0,4,91086,M,0.0,0.0,91
201300020186,13,2,23,400,3,1,1,1.0,6,91086,M,0.0,0.0,91
201300020187,13,3,8,1415,1,1,6,2.0,7,91648,M,0.0,0.0,91
201300020188,13,3,21,1745,1,1,1,1.0,3,91648,M,0.0,0.0,91
201300020189,13,7,13,30,3,1,1,1.0,6,91648,M,0.0,0.0,91
201300020190,13,12,19,945,1,2,1,1.0,6,91340,M,0.0,0.0,91
201300020191,13,1,2,1535,1,2,3,1.0,3,19031,M,4515198.0,451331.0,19
201300020192,13,1,3,1510,1,2,1,1.0,6,19031,M,4515564.0,151709.0,19
201300020193,13,1,3,1745,5,2,1,1.0,6,19031,M,4516016.0,454069.0,19
201300020194,13,1,7,1000,1,2,6,1.0,3,19031,M,4515256.0,450530.0,19
201300020195,13,1,19,2235,5,2,2,3.0,3,19031,M,4516467.0,450815.0,19
201300020196,13,1,28,805,2,2,1,2.0,2,19031,M,4515546.0,151593.0,19
201300020197,13,1,31,1955,5,2,2,2.0,3,19031,M,4515769.0,454041.0,19
201300020198,13,2,1,1220,1,2,3,2.0,3,19031,M,4516146.0,450320.0,19
201300020199,13,2,4,2100,5,2,3,1.0,3,19031,M,4515677.0,451140.0,19
201300020200,13,2,5,1425,1,2,1,1.0,6,19031,M,4516498.0,452870.0,19
201300020201,13,2,6,1630,1,2,1,3.0,2,19031,M,4516592.0,452256.0,19
201300020202,13,2,7,1605,1,2,1,1.0,6,19031,M,4515307.0,450492.0,19
201300020203,13,2,8,1545,1,2,1,1.0,6,19031,M,4515905.0,454056.0,19
201300020204,13,2,16,1630,1,2,1,1.0,6,19031,M,4516182.0,453415.0,19
201300020205,13,2,27,1619,1,2,1,1.0,6,19031,M,4515873.0,453026.0,19
201300020206,13,3,1,1945,2,2,1,1.0,3,19031,M,4516663.0,454627.0,19
201300020207,13,3,8,1730,1,2,1,1.0,2,19031,M,4516267.0,450750.0,19
201300020208,13,3,9,1355,1,2,1,1.0,2,19031,M,4514616.0,449029.0,19
201300020209,13,3,10,1545,1,2,1,1.0,4,19031,M,4515133.0,451653.0,19
201300020210,13,3,11,1640,1,2,2,1.0,3,19031,M,4516273.0,452284.0,19
201300020211,13,3,12,1855,2,2,1,1.0,4,19031,M,4516553.0,453739.0,19
201300020212,13,3,15,1200,1,2,3,1.0,3,19031,M,4515528.0,454836.0,19
201300020213,13,3,15,1205,1,2,1,1.0,6,19031,M,4515905.0,452964.0,19
201300020214,13,3,15,1610,1,2,3,1.0,3,19031,M,4514856.0,454226.0,19
201300020215,13,3,18,1335,1,2,3,3.0,3,19031,M,4515534.0,454947.0,19
201300020216,13,3,26,1545,1,2,1,1.0,6,19031,M,4516341.0,453566.0,19
201300020217,13,3,28,1815,1,2,1,1.0,6,19031,M,4516661.0,454612.0,19
201300020218,13,3,29,1530,1,2,9,2.0,3,19031,M,4514368.0,447587.0,19
201300020219,13,3,29,1615,1,2,1,2.0,2,19031,M,4516802.0,452756.0,19
201300020220,13,3,29,1735,1,2,1,2.0,4,19031,M,4516474.0,450342.0,19
201300020221,13,3,30,940,1,2,3,1.0,6,19031,M,4516252.0,453250.0,19
201300020222,13,4,3,1750,1,2,3,1.0,3,19031,M,,,19
201300020223,13,4,5,1025,1,2,2,1.0,3,19031,M,,,19
201300020224,13,4,6,920,1,2,3,1.0,3,19031,M,,,19
201300020225,13,4,6,1020,1,2,3,1.0,3,19031,M,,,19
201300020226,13,4,8,1300,1,2,1,1.0,6,19031,M,,,19
201300020227,13,4,9,1825,1,2,1,2.0,4,19031,M,,,19
201300020228,13,4,12,1635,1,2,1,2.0,6,19031,M,,,19
201300020229,13,4,12,1820,1,2,1,1.0,2,19031,M,,,19
201300020230,13,4,16,1720,1,2,1,1.0,2,19031,M,,,19
201300020231,13,4,26,1805,1,2,1,1.0,2,19031,M,,,19
201300020232,13,4,28,1050,1,2,2,1.0,3,19031,M,,,19
201300020233,13,5,7,1915,1,2,1,1.0,6,19031,M,,,19
201300020234,13,5,10,1355,1,2,2,1.0,3,19031,M,,,19
201300020235,13,5,11,2000,1,2,1,1.0,5,19031,M,,,19
201300020236,13,5,14,1630,1,2,1,1.0,2,19031,M,,,19
201300020237,13,5,14,1705,1,2,3,1.0,3,19031,M,,,19
201300020238,13,5,21,1735,1,2,2,2.0,6,19031,M,,,19
201300020239,13,5,22,1705,1,2,1,1.0,6,19031,M,,,19
201300020240,13,5,30,815,1,2,2,2.0,3,19031,M,,,19
201300020241,13,5,30,1340,1,2,3,2.0,3,19031,M,,,19
201300020242,13,6,2,1930,1,2,2,1.0,3,19031,M,,,19
201300020243,13,6,4,1740,1,2,2,1.0,3,19031,M,,,19
201300020244,13,6,6,1825,1,2,1,1.0,3,19031,M,,,19
201300020245,13,6,13,1200,1,2,3,1.0,3,19031,M,,,19
201300020246,13,6,15,1150,1,2,1,1.0,6,19031,M,,,19
201300020247,13,6,19,1340,1,2,1,1.0,1,19031,M,,,19
201300020248,13,6,21,1125,1,2,2,1.0,3,19031,M,,,19
201300020249,13,6,24,1355,1,2,6,1.0,6,19031,M,,,19
201300020250,13,6,24,1730,1,2,3,1.0,3,19031,M,,,19
201300020251,13,6,27,1335,1,2,1,1.0,2,19031,M,,,19
201300020252,13,6,29,1805,5,2,1,2.0,6,19031,M,,,19
201300020253,13,7,3,1240,1,2,3,1.0,3,19031,M,,,19
201300020254,13,7,4,1405,1,2,1,1.0,3,19031,M,,,19
201300020255,13,7,5,1705,1,2,1,1.0,3,19031,M,,,19
201300020256,13,7,7,2025,1,2,2,1.0,3,19031,M,,,19
201300020257,13,7,12,1120,1,2,1,1.0,6,19031,M,,,19
201300020258,13,7,13,940,1,2,1,1.0,2,19031,M,,,19
201300020259,13,7,14,1835,1,2,2,1.0,2,19031,M,,,19
201300020260,13,7,16,935,1,2,1,1.0,2,19031,M,,,19
201300020261,13,7,16,1340,1,2,1,1.0,2,19031,M,,,19
201300020262,13,7,31,2020,1,2,2,1.0,3,19031,M,,,19
201300020263,13,8,6,1640,1,2,1,1.0,4,19031,M,,,19
201300020264,13,8,17,1350,1,2,2,1.0,1,19031,M,,,19
201300020265,13,8,21,750,1,2,2,1.0,6,19031,M,,,19
201300020266,13,8,30,1145,1,2,1,1.0,6,19031,M,,,19
201300020267,13,9,7,1417,1,2,1,1.0,4,19031,M,,,19
201300020268,13,9,9,715,1,2,1,1.0,3,19031,M,,,19
201300020269,13,9,10,1420,1,2,2,1.0,2,19031,M,,,19
201300020270,13,9,13,1835,1,2,1,1.0,3,19031,M,,,19
201300020271,13,9,13,2125,5,2,1,1.0,3,19031,M,,,19
201300020272,13,9,18,1705,1,1,1,2.0,6,19031,M,4512640.0,455414.0,19
201300020273,13,9,20,840,1,2,1,2.0,5,19031,M,4515080.0,451042.0,19
201300020274,13,9,23,1615,1,2,1,1.0,5,19031,M,4516493.0,451836.0,19
201300020275,13,9,25,1725,1,2,3,1.0,3,19031,M,4515220.0,451725.0,19
201300020276,13,9,27,530,5,2,3,1.0,3,19031,M,4516690.0,453162.0,19
201300020277,13,9,28,1835,1,2,1,1.0,2,19031,M,4515372.0,451000.0,19
201300020278,13,10,4,1745,1,1,1,1.0,6,19031,M,4512992.0,451738.0,19
201300020279,13,10,5,1010,1,2,2,1.0,3,19031,M,4516062.0,452318.0,19
201300020280,13,10,5,1200,1,2,2,3.0,3,19031,M,4516062.0,450337.0,19
201300020281,13,10,5,1500,1,2,1,3.0,2,19031,M,4515083.0,449914.0,19
201300020282,13,10,7,1710,1,2,3,1.0,3,19031,M,4515273.0,451974.0,19
201300020283,13,10,11,1825,1,2,3,1.0,1,19031,M,4516704.0,453158.0,19
201300020284,13,10,16,1035,1,2,2,2.0,3,19031,M,4515673.0,451141.0,19
201300020285,13,10,18,1830,1,2,6,1.0,2,19031,M,4516644.0,454189.0,19
201300020286,13,10,22,1810,2,2,1,2.0,2,19031,M,4515777.0,454866.0,19
201300020287,13,10,22,1915,5,2,6,2.0,6,19031,M,4514751.0,448647.0,19
201300020288,13,10,25,755,2,2,3,1.0,3,19031,M,4516768.0,453149.0,19
201300020289,13,10,31,1320,1,2,3,1.0,3,19031,M,4516738.0,454341.0,19
201300020290,13,11,5,2010,5,2,2,2.0,3,19031,M,4515655.0,450418.0,19
201300020291,13,11,6,1800,5,2,1,2.0,2,19031,M,4516470.0,450487.0,19
201300020292,13,11,6,1847,5,2,1,2.0,6,19031,M,4515792.0,455351.0,19
201300020293,13,11,13,1410,1,2,3,1.0,3,19031,M,,,19
201300020294,13,11,15,1630,1,2,3,2.0,3,19031,M,,,19
201300020295,13,11,16,750,2,2,1,1.0,2,19031,M,4516305.0,450276.0,19
201300020296,13,11,26,1350,1,2,2,1.0,3,19031,M,4516587.0,454007.0,19
201300020297,13,11,28,1815,5,1,9,1.0,3,19031,M,4513537.0,449353.0,19
201300020298,13,11,30,1716,2,2,1,1.0,4,19031,M,4515354.0,453182.0,19
201300020299,13,12,3,1030,1,2,1,1.0,6,19031,M,4516258.0,453776.0,19
201300020300,13,12,3,1805,5,2,1,1.0,6,19031,M,4516654.0,454421.0,19
201300020301,13,12,4,1805,5,2,3,1.0,6,19031,M,4516801.0,453421.0,19
201300020302,13,12,5,1800,5,2,1,8.0,6,19031,M,4515659.0,154857.0,19
201300020303,13,12,5,1815,5,2,3,8.0,3,19031,M,4515260.0,153998.0,19
201300020304,13,12,6,1645,1,2,1,1.0,5,19031,M,4516474.0,451356.0,19
201300020305,13,12,8,10,5,2,2,1.0,3,19031,M,4516067.0,452315.0,19
201300020306,13,12,10,1810,5,2,2,1.0,3,19031,M,4515268.0,451975.0,19
201300020307,13,12,11,335,5,2,1,5.0,6,19031,M,4516468.0,451235.0,19
201300020308,13,12,12,1025,1,2,1,1.0,6,19031,M,4516181.0,453700.0,19
201300020309,13,12,12,1910,5,2,2,1.0,3,19031,M,4516063.0,452314.0,19
201300020310,13,12,17,1205,1,2,1,1.0,2,19031,M,4516238.0,450298.0,19
201300020311,13,12,23,2110,5,2,1,1.0,6,19031,M,4516466.0,149717.0,19
201300020312,13,12,25,2000,5,2,1,3.0,6,19031,M,4516036.0,452616.0,19
201300020313,13,12,27,1809,5,2,3,1.0,3,19031,M,4516587.0,454007.0,19
201300020314,13,12,29,30,5,2,3,2.0,2,19031,M,4515675.0,453228.0,19
201300020315,13,2,25,1045,1,1,6,8.0,3,68058,M,4792358.0,719748.0,68
201300020316,13,10,28,2145,5,1,9,3.0,2,68156,M,0.0,0.0,68
201300020317,13,4,24,1645,1,1,1,1.0,3,68315,M,4788926.0,725631.0,68
201300020318,13,4,30,2345,5,2,1,5.0,3,68315,M,0.0,0.0,68
201300020319,13,6,16,1700,1,1,1,1.0,2,68156,M,4791300.0,725300.0,68
201300020320,13,6,30,1615,1,1,2,1.0,3,68177,M,4794251.0,715041.0,68
201300020321,13,7,15,1130,1,1,1,1.0,4,68315,M,4789004.0,725640.0,68
201300020322,13,8,4,1730,1,1,1,1.0,1,68315,M,4787768.0,719984.0,68
201300020323,13,2,21,1400,1,1,1,8.0,1,59309,M,5095161.0,261669.0,59
201300020324,13,5,12,1145,1,1,1,7.0,2,59260,M,5105714.0,255588.0,59
201300020325,13,7,21,1530,1,2,1,1.0,3,59309,M,5097669.0,258083.0,59
201300020326,13,9,9,1715,1,2,1,2.0,6,59260,M,5106179.0,252227.0,59
201300020327,13,10,15,1800,1,1,1,1.0,1,59605,M,5105097.0,247087.0,59
201300020328,13,1,4,1940,5,2,1,8.0,1,19272,M,,,19
201300020329,13,1,30,735,2,2,3,1.0,3,19272,M,4527058.0,376934.0,19
201300020330,13,4,3,1900,1,2,1,1.0,3,19272,M,,,19
201300020331,13,4,10,1545,1,2,1,1.0,6,19272,M,,,19
201300020332,13,4,25,1035,1,2,1,7.0,7,19272,M,,,19
201300020333,13,5,4,1547,1,2,9,7.0,6,19272,M,,,19
201300020334,13,5,7,1250,1,2,1,1.0,6,19272,M,,,19
201300020335,13,6,23,40,5,2,1,2.0,6,19272,M,,,19
201300020336,13,7,3,1910,1,1,1,2.0,6,19272,M,,,19
201300020337,13,7,27,1635,1,2,1,1.0,6,19272,M,,,19
201300020338,13,8,4,2035,2,2,1,1.0,3,19272,M,,,19
201300020339,13,9,6,1328,1,2,1,1.0,6,19272,M,,,19
201300020340,13,9,11,752,1,2,1,8.0,7,19272,M,,,19
201300020341,13,10,5,850,1,2,1,3.0,6,19272,M,,,19
201300020342,13,10,25,1055,1,2,1,1.0,6,19272,M,,,19
201300020343,13,12,9,1445,1,2,1,1.0,6,19272,M,,,19
201300020344,13,12,27,1145,1,2,1,2.0,1,19272,M,,,19
201300020345,13,2,8,230,3,1,4,9.0,6,19275,M,4556889.0,531835.0,19
201300020346,13,5,15,950,1,2,1,3.0,6,19275,M,4554609.0,530652.0,19
201300020347,13,7,23,1510,1,2,3,1.0,3,19275,M,4554656.0,530685.0,19
201300020348,13,8,18,1135,1,2,3,1.0,4,19275,M,4554242.0,530711.0,19
201300020349,13,11,9,1136,1,2,1,1.0,2,19275,M,4554397.0,530248.0,19
201300020350,13,11,26,1350,1,2,1,1.0,6,19275,M,4554675.0,530814.0,19
201300020351,13,12,29,1115,1,1,1,2.0,3,19275,M,4557436.0,535177.0,19
201300020352,13,7,13,1500,1,1,1,1.0,3,68300,M,4779718.0,736108.0,68
201300020353,13,7,17,1715,1,1,1,1.0,3,68289,M,4783091.0,732003.0,68
201300020354,13,7,23,1745,1,2,6,2.0,6,68300,M,4779058.0,737947.0,68
201300020355,13,8,7,1615,1,1,1,1.0,6,68064,M,4781882.0,754280.0,68
201300020356,13,9,25,845,1,2,1,1.0,3,68020,M,4782900.0,751000.0,68
201300020357,13,10,22,1030,1,2,6,1.0,3,68300,M,4778400.0,736600.0,68
201300020358,13,12,5,1915,3,1,1,1.0,6,68015,M,4781292.0,743840.0,68
201300020359,13,12,22,345,3,1,1,1.0,6,68064,M,0.0,0.0,68
201300020360,13,2,16,1640,1,2,1,1.0,2,21054,M,,,21
201300020361,13,3,21,1345,1,2,3,1.0,5,21054,M,,,21
201300020362,13,4,18,1014,1,2,1,1.0,3,21054,M,,,21
201300020363,13,4,23,1445,1,2,2,1.0,6,21054,M,,,21
201300020364,13,5,4,230,5,2,2,3.0,3,21054,M,,,21
201300020365,13,6,5,1702,1,2,1,1.0,2,21054,M,,,21
201300020366,13,6,23,1824,1,2,1,1.0,3,21054,M,,,21
201300020367,13,6,27,1350,1,2,1,1.0,3,21054,M,,,21
201300020368,13,7,1,922,1,2,2,1.0,3,21054,M,,,21
201300020369,13,8,28,1205,1,2,1,1.0,3,21054,M,,,21
201300020370,13,8,30,1155,1,2,1,1.0,3,21054,M,,,21
201300020371,13,10,3,1105,1,2,1,1.0,6,21054,M,,,21
201300020372,13,10,3,1800,1,2,1,1.0,3,21054,M,,,21
201300020373,13,10,19,1645,1,2,1,1.0,3,21054,M,,,21
201300020374,13,11,27,1020,1,2,1,1.0,3,21054,M,,,21
201300020375,13,1,2,1954,5,2,2,8.0,1,21231,M,,,21
201300020376,13,1,3,1823,5,2,2,1.0,6,21231,M,,,21
201300020377,13,1,4,2041,5,2,2,8.0,6,21231,M,,,21
201300020378,13,1,8,341,5,2,6,1.0,6,21231,M,,,21
201300020379,13,1,10,1228,1,2,9,2.0,3,21231,M,,,21
201300020380,13,1,10,908,1,2,3,2.0,6,21231,M,,,21
201300020381,13,1,18,802,2,2,9,1.0,6,21231,M,,,21
201300020382,13,1,18,1142,1,2,2,1.0,3,21231,M,,,21
201300020383,13,1,30,1047,1,2,1,2.0,2,21231,M,,,21
201300020384,13,2,5,452,5,2,3,2.0,6,21231,M,,,21
201300020385,13,2,6,1942,5,2,4,2.0,6,21231,M,,,21
201300020386,13,2,7,1927,5,2,3,2.0,3,21231,M,,,21
201300020387,13,2,9,2000,5,2,1,1.0,5,21231,M,,,21
201300020388,13,2,10,505,5,2,7,1.0,6,21231,M,,,21
201300020389,13,2,13,1745,2,2,3,1.0,3,21231,M,,,21
201300020390,13,2,18,809,1,2,9,1.0,1,21231,M,4700000.0,500000.0,21
201300020391,13,2,20,1910,3,2,2,1.0,1,21231,M,,,21
201300020392,13,2,28,1545,1,2,1,1.0,6,21231,M,,,21
201300020393,13,3,3,1835,5,2,1,1.0,2,21355,M,,,21
201300020394,13,3,7,30,5,2,2,1.0,3,21278,M,,,21
201300020395,13,3,9,1946,5,2,1,1.0,6,21231,M,,,21
201300020396,13,4,9,1724,1,2,3,2.0,3,21231,M,,,21
201300020397,13,4,12,1130,1,2,1,1.0,6,21231,M,,,21
201300020398,13,4,16,1919,2,2,3,1.0,6,21231,M,,,21
201300020399,13,4,19,1335,1,2,1,1.0,3,21231,M,,,21
201300020400,13,5,3,2110,1,2,2,2.0,2,21231,M,,,21
201300020401,13,5,6,1116,1,2,4,1.0,6,21166,M,,,21
201300020402,13,5,6,1957,1,2,6,1.0,6,21231,M,,,21
201300020403,13,5,7,2244,5,2,1,1.0,2,21231,M,,,21
201300020404,13,5,15,1834,1,1,9,1.0,6,21231,M,,,21
201300020405,13,5,17,1148,1,2,2,2.0,6,21278,M,,,21
201300020406,13,5,18,844,1,2,2,1.0,2,21231,M,,,21
201300020407,13,5,22,1818,1,2,2,8.0,1,21231,M,,,21