Num_Acc,an,mois,jour,hrmn,lum,agg,int,atm,col,com,gps,lat,long,dep
201300020408,13,5,24,1026,1,2,1,1.0,6,21231,M,,,21
201300020409,13,6,5,1639,1,2,2,1.0,3,21355,M,,,21
201300020410,13,6,8,49,5,2,3,1.0,3,21231,M,,,21
201300020411,13,6,9,453,5,2,6,1.0,6,21231,M,,,21
201300020412,13,6,13,2150,5,2,1,8.0,6,21231,M,,,21
201300020413,13,6,14,1337,1,2,1,1.0,6,21231,M,,,21
201300020414,13,6,16,1250,1,2,1,1.0,2,21231,M,,,21
201300020415,13,6,17,1720,1,2,1,1.0,3,21231,M,,,21
201300020416,13,6,26,1742,1,2,3,1.0,4,21231,M,,,21
201300020417,13,7,1,955,1,2,2,1.0,3,21231,M,,,21
201300020418,13,7,1,1140,1,2,1,1.0,1,21231,M,,,21
201300020419,13,7,2,1159,1,2,7,1.0,6,21231,M,,,21
201300020420,13,7,2,1715,1,2,7,1.0,6,21231,M,,,21
201300020421,13,7,2,1802,1,2,2,1.0,3,21166,M,,,21
201300020422,13,7,5,1440,1,2,1,1.0,6,21231,M,,,21
201300020423,13,7,8,2215,5,2,1,1.0,3,21231,M,,,21
201300020424,13,7,9,1152,1,2,1,1.0,3,21231,M,,,21
201300020425,13,7,11,2120,1,2,1,1.0,3,21231,M,,,21
201300020426,13,7,14,2051,1,2,2,1.0,3,21231,M,,,21
201300020427,13,7,16,2049,1,2,1,1.0,2,21617,M,,,21
201300020428,13,7,16,1655,1,2,2,1.0,1,21231,M,,,21
201300020429,13,7,17,145,5,2,2,1.0,6,21231,M,,,21
201300020430,13,7,19,2334,5,2,2,1.0,3,21231,M,,,21
201300020431,13,7,16,1858,1,2,3,1.0,6,21231,M,,,21
201300020432,13,8,7,1819,1,2,7,8.0,6,21231,M,,,21
201300020433,13,8,9,1020,1,2,3,1.0,6,21231,M,,,21
201300020434,13,8,10,1530,1,2,2,1.0,1,21231,M,,,21
201300020435,13,8,13,1204,1,2,3,1.0,6,21231,M,,,21
201300020436,13,8,14,32,5,2,2,1.0,3,21231,M,,,21
201300020437,13,8,21,814,1,2,4,1.0,4,21231,M,,,21
201300020438,13,8,22,2258,5,2,7,1.0,2,21231,M,,,21
201300020439,13,8,22,1913,1,2,1,1.0,2,21231,M,,,21
201300020440,13,8,30,1948,1,2,3,1.0,1,21231,M,,,21
201300020441,13,9,7,152,5,2,7,2.0,2,21231,M,,,21
201300020442,13,9,11,2317,5,2,2,2.0,2,21231,M,,,21
201300020443,13,9,14,549,5,2,3,1.0,6,21231,M,,,21
201300020444,13,10,5,1635,1,2,2,2.0,3,21355,M,,,21
201300020445,13,10,15,1717,1,2,9,2.0,5,21231,M,,,21
201300020446,13,10,16,1515,1,2,2,1.0,6,21355,M,,,21
201300020447,13,10,16,1946,5,2,1,2.0,5,21231,M,,,21
201300020448,13,10,17,1223,1,2,2,1.0,3,21231,M,,,21
201300020449,13,10,26,1020,1,2,3,1.0,6,21231,M,,,21
201300020450,13,11,5,1816,5,2,2,2.0,6,21231,M,,,21
201300020451,13,11,6,1426,1,2,3,1.0,6,21231,M,,,21
201300020452,13,11,6,2348,5,2,3,1.0,6,21231,M,,,21
201300020453,13,11,8,1142,1,2,1,2.0,3,21231,M,,,21
201300020454,13,11,14,2119,5,2,3,2.0,3,21231,M,,,21
201300020455,13,11,15,1156,1,2,1,1.0,2,21231,M,,,21
201300020456,13,11,22,1343,1,2,3,1.0,3,21355,M,,,21
201300020457,13,11,23,1833,1,2,3,1.0,1,21231,M,,,21
201300020458,13,11,24,1123,1,2,3,1.0,3,21278,M,,,21
201300020459,13,11,27,1857,5,2,2,1.0,6,21231,M,,,21
201300020460,13,11,28,644,5,2,2,1.0,1,21355,M,,,21
201300020461,13,12,6,1453,1,2,2,1.0,1,21166,M,,,21
201300020462,13,12,18,1746,5,2,6,1.0,6,21231,M,,,21
201300020463,13,12,20,420,5,2,7,1.0,7,21231,M,,,21
201300020464,13,12,28,713,5,2,9,2.0,1,21231,M,,,21
201300020465,13,5,1,1630,1,1,3,1.0,3,42271,M,4545060.0,460704.0,42
201300020466,13,5,26,2030,1,1,1,1.0,1,42032,M,4550715.0,454151.0,42
201300020467,13,7,20,415,3,1,1,1.0,7,42308,M,4546624.0,458404.0,42
201300020468,13,7,20,2300,3,1,1,8.0,7,42308,M,4546495.0,458430.0,42
201300020469,13,8,27,2000,2,2,1,2.0,1,42271,M,4547634.0,458210.0,42
201300020470,13,11,11,1630,1,1,1,1.0,1,42167,M,4546285.0,464878.0,42
201300020471,13,12,18,2030,3,1,1,8.0,1,42032,M,4551750.0,454260.0,42
201300020472,13,1,10,750,5,2,1,2.0,6,22050,M,,,22
201300020473,13,3,14,835,1,2,1,4.0,6,22050,M,4845420.0,-205027.0,22
201300020474,13,4,6,145,3,1,1,1.0,7,22050,M,4846815.0,-203944.0,22
201300020475,13,4,21,2045,2,2,3,1.0,3,22050,M,4845076.0,-204751.0,22
201300020476,13,5,2,1645,1,2,1,1.0,1,22050,M,4846087.0,-204922.0,22
201300020477,13,5,23,1540,1,2,1,1.0,6,22050,M,4845605.0,-204336.0,22
201300020478,13,7,15,1705,1,2,1,1.0,6,22050,M,4846193.0,-204195.0,22
201300020479,13,7,16,1645,1,2,3,1.0,3,22050,M,4846196.0,-204519.0,22
201300020480,13,8,22,1715,1,2,1,7.0,6,22050,M,4845415.0,-205040.0,22
201300020481,13,8,20,1730,1,2,1,1.0,6,22050,M,4845410.0,-205098.0,22
201300020482,13,1,3,1345,1,2,1,1.0,2,22113,M,4873132.0,-346033.0,22
201300020483,13,1,9,920,1,2,1,2.0,6,22113,M,4873781.0,-346766.0,22
201300020484,13,1,21,1210,1,2,1,3.0,1,22113,M,4873185.0,-344397.0,22
201300020485,13,1,23,1955,3,2,1,1.0,7,22113,M,4874724.0,-344734.0,22
201300020486,13,2,12,1202,1,1,1,2.0,5,22113,M,4873921.0,-343966.0,22
201300020487,13,2,18,800,1,1,6,9.0,7,22113,M,4875116.0,-345896.0,22
201300020488,13,2,21,1835,1,2,6,8.0,7,22113,M,4875728.0,-345155.0,22
201300020489,13,2,27,1435,1,2,1,1.0,6,22113,M,4873099.0,-346051.0,22
201300020490,13,3,9,1605,1,2,6,1.0,3,22113,M,4873543.0,-343668.0,22
201300020491,13,4,8,1950,1,2,1,1.0,6,22113,M,4873117.0,-345219.0,22
201300020492,13,4,12,1310,1,2,6,2.0,2,22113,M,4872774.0,-345971.0,22
201300020493,13,4,12,1825,1,1,1,2.0,4,22113,M,4875208.0,-341249.0,22
201300020494,13,5,7,2015,1,2,2,1.0,3,22113,M,4873038.0,-346886.0,22
201300020495,13,5,7,1015,1,2,1,1.0,6,22113,M,4872750.0,-345707.0,22
201300020496,13,5,31,1755,1,2,1,1.0,2,22113,M,4873390.0,-344239.0,22
201300020497,13,6,13,1755,1,2,1,1.0,3,22113,M,4872702.0,-346098.0,22
201300020498,13,6,9,1615,1,2,1,1.0,7,22113,M,4872766.0,-346606.0,22
201300020499,13,6,14,1350,1,2,6,1.0,6,22113,M,4875129.0,-345894.0,22
201300020500,13,6,27,840,1,2,3,1.0,3,22113,M,4873280.0,-345682.0,22
201300020501,13,7,10,1415,1,1,1,1.0,3,22113,M,,,22
201300020502,13,7,13,850,1,2,1,1.0,2,22113,M,4872817.0,-345783.0,22
201300020503,13,8,14,1800,1,2,1,1.0,2,22113,M,4874663.0,-346421.0,22
201300020504,13,8,16,1130,1,1,1,1.0,2,22113,M,4872487.0,-347259.0,22
201300020505,13,8,20,1700,1,2,1,1.0,4,22113,M,4873846.0,-343129.0,22
201300020506,13,8,22,930,1,2,6,1.0,3,22113,M,4873426.0,-344044.0,22
201300020507,13,8,16,825,1,2,1,1.0,7,22113,M,4872665.0,-346098.0,22
201300020508,13,9,24,1000,1,2,1,1.0,6,22113,M,4872894.0,-345989.0,22
201300020509,13,9,28,1020,1,2,3,9.0,3,22113,M,4874099.0,-346826.0,22
201300020510,13,10,4,920,1,2,1,1.0,7,22113,M,,,22
201300020511,13,11,21,1830,5,1,6,3.0,3,22113,M,4875113.0,-344864.0,22
201300020512,13,11,25,810,3,1,1,1.0,2,22113,M,4871634.0,-340120.0,22
201300020513,13,12,15,1920,3,1,1,2.0,6,22113,M,4871468.0,-339629.0,22
201300020514,13,12,7,1230,1,2,1,1.0,7,22113,M,4874428.0,-344487.0,22
201300020515,13,12,13,1410,1,1,1,1.0,7,22113,M,4875588.0,-348459.0,22
201300020516,13,12,14,1020,1,1,9,1.0,3,22113,M,4876510.0,-347753.0,22
201300020517,13,12,9,1800,2,2,1,1.0,7,22113,M,4872417.0,-342987.0,22
201300020518,13,7,22,2130,1,1,1,1.0,6,22113,M,4874181.0,-350958.0,22
201300020519,13,1,3,1800,5,2,1,1.0,4,22215,M,4849946.0,-278374.0,22
201300020520,13,1,4,1920,5,2,3,1.0,3,22278,M,4850662.0,-274868.0,22
201300020521,13,1,9,1200,1,2,1,1.0,3,22106,M,4849694.0,-272265.0,22
201300020522,13,1,11,1330,1,1,1,1.0,6,22106,M,4849565.0,-272887.0,22
201300020523,13,1,11,1200,1,2,1,1.0,1,22278,M,4852007.0,-273187.0,22
201300020524,13,1,12,2045,5,2,3,1.0,3,22278,M,4851366.0,-277493.0,22
201300020525,13,1,12,235,5,2,1,1.0,7,22278,M,4850509.0,-276183.0,22
201300020526,13,1,15,1800,5,2,1,2.0,6,22278,M,4850617.0,-276119.0,22
201300020527,13,1,16,1835,5,2,3,1.0,3,22106,M,4850064.0,-272651.0,22
201300020528,13,1,21,800,2,1,1,4.0,7,22360,M,4847875.0,-277250.0,22
201300020529,13,1,22,1100,1,2,1,2.0,1,22278,M,4852481.0,-279700.0,22
201300020530,13,1,26,415,5,2,2,2.0,1,22278,M,4851555.0,-277361.0,22
201300020531,13,1,31,2101,3,1,6,1.0,7,22360,M,4847808.0,-276803.0,22
201300020532,13,2,6,115,3,1,1,1.0,7,22360,M,4848182.0,-269135.0,22
201300020533,13,2,11,900,1,2,1,8.0,7,22278,M,4851957.0,-279180.0,22
201300020534,13,2,16,1910,5,2,1,1.0,3,22360,M,4848811.0,-272112.0,22
201300020535,13,2,19,1805,2,2,1,1.0,2,22278,M,4850787.0,-275194.0,22
201300020536,13,2,23,1010,1,1,1,8.0,7,22360,M,4848293.0,-269160.0,22
201300020537,13,2,24,200,5,2,1,1.0,7,22278,M,4849971.0,-274264.0,22
201300020538,13,2,26,1800,2,2,1,1.0,6,22215,M,4849093.0,-279393.0,22
201300020539,13,2,26,1820,2,2,3,1.0,3,22215,M,4848856.0,-278507.0,22
201300020540,13,3,5,1715,1,1,3,1.0,4,22360,M,4847881.0,-271010.0,22
201300020541,13,3,5,1700,1,2,1,1.0,4,22278,M,4850412.0,-274141.0,22
201300020542,13,3,7,1920,1,2,6,1.0,3,22278,M,4850377.0,-274065.0,22
201300020543,13,3,8,1615,1,1,3,1.0,2,22360,M,4848181.0,-269310.0,22
201300020544,13,3,20,730,1,2,3,1.0,3,22278,M,4851671.0,-276490.0,22
201300020545,13,3,21,1820,2,1,1,3.0,2,22215,M,4848952.0,-283794.0,22
201300020546,13,3,21,1330,1,2,6,1.0,3,22278,M,4850079.0,-274102.0,22
201300020547,13,3,28,1820,1,2,3,1.0,3,22278,M,4849896.0,-276853.0,22
201300020548,13,3,29,1710,1,1,1,2.0,3,22215,M,4852308.0,-281818.0,22
201300020549,13,3,29,1900,2,1,1,2.0,7,22215,M,4852570.0,-282316.0,22
201300020550,13,3,29,1945,3,2,1,1.0,7,22215,M,4849843.0,-277196.0,22
201300020551,13,3,30,1600,1,2,3,1.0,3,22278,M,4850640.0,-274778.0,22
201300020552,13,3,30,1545,1,1,1,1.0,3,22106,M,4849759.0,-272498.0,22
201300020553,13,4,3,955,1,2,1,1.0,6,22278,M,4851330.0,-276271.0,22
201300020554,13,4,3,720,2,2,6,1.0,6,22278,M,4850081.0,-274083.0,22
201300020555,13,4,5,830,2,1,1,8.0,4,22215,M,4848967.0,-284151.0,22
201300020556,13,4,5,1715,1,1,1,2.0,7,22215,M,4852567.0,-282271.0,22
201300020557,13,4,11,1335,1,2,1,3.0,2,22278,M,4850778.0,-273297.0,22
201300020558,13,4,11,1200,1,2,1,1.0,7,22278,M,4852276.0,-276115.0,22
201300020559,13,4,13,1550,1,1,1,1.0,7,22360,M,4847923.0,-270965.0,22
201300020560,13,4,15,1806,1,1,1,1.0,1,22360,M,4847170.0,-275177.0,22
201300020561,13,4,21,350,5,2,6,1.0,7,22278,M,4849774.0,-275295.0,22
201300020562,13,4,19,1850,1,2,1,1.0,7,22106,M,4851352.0,-270907.0,22
201300020563,13,4,26,955,1,1,3,1.0,5,22360,M,4847790.0,-271898.0,22
201300020564,13,4,25,1557,1,2,1,1.0,7,22278,M,4851115.0,-275558.0,22
201300020565,13,4,27,110,4,2,1,1.0,7,22106,M,4849422.0,-271362.0,22
201300020566,13,5,5,445,5,2,1,1.0,7,22215,M,4849747.0,-278978.0,22
201300020567,13,5,7,1415,1,2,1,1.0,6,22278,M,4850740.0,-276064.0,22
201300020568,13,5,13,2120,2,2,1,1.0,7,22278,M,4850928.0,-276842.0,22
201300020569,13,5,13,1635,1,2,4,1.0,3,22278,M,4851609.0,-276973.0,22
201300020570,13,5,14,1330,1,2,6,1.0,7,22278,M,4849698.0,-274718.0,22
201300020571,13,5,1,430,3,2,1,1.0,7,22360,M,4849542.0,-273827.0,22
201300020572,13,5,16,730,2,2,6,1.0,3,22360,M,4848390.0,-273487.0,22
201300020573,13,5,21,1715,1,2,1,1.0,7,22106,M,4849663.0,-273378.0,22
201300020574,13,5,21,1830,1,2,6,1.0,3,22278,M,4851364.0,-275722.0,22
201300020575,13,5,23,1835,1,2,2,1.0,3,22278,M,4850860.0,-276113.0,22
201300020576,13,5,24,1420,1,2,2,1.0,3,22215,M,4849472.0,-279636.0,22
201300020577,13,6,5,1650,1,2,1,1.0,6,22278,M,4851906.0,-278596.0,22
201300020578,13,6,9,1700,1,1,1,1.0,7,22360,M,4848263.0,-276591.0,22
201300020579,13,6,14,1700,1,2,1,1.0,6,22278,M,4849862.0,-275409.0,22
201300020580,13,6,15,1120,1,2,6,1.0,7,22278,M,4850362.0,-276263.0,22
201300020581,13,6,22,1740,1,2,6,1.0,3,22278,M,4851109.0,-276235.0,22
201300020582,13,6,26,1425,1,2,1,1.0,7,22278,M,4851465.0,-277014.0,22
201300020583,13,6,29,935,1,2,1,2.0,7,22215,M,4846865.0,-279753.0,22
201300020584,13,7,1,745,2,2,1,8.0,3,22278,M,4851210.0,-276817.0,22
201300020585,13,7,1,1745,1,2,3,1.0,2,22215,M,4849716.0,-279102.0,22
201300020586,13,7,2,1750,1,2,2,2.0,3,22215,M,4849474.0,-279634.0,22
201300020587,13,7,3,1845,1,2,1,1.0,6,22278,M,4850617.0,-276122.0,22
201300020588,13,7,9,1740,1,2,2,1.0,2,22278,M,4850721.0,-277211.0,22
201300020589,13,7,10,1010,1,1,1,1.0,2,22360,M,4848693.0,-271808.0,22
201300020590,13,7,11,1115,1,2,1,1.0,6,22278,M,4851471.0,-275908.0,22
201300020591,13,7,11,2220,2,1,3,1.0,2,22215,M,4850362.0,-280305.0,22
201300020592,13,7,13,5,5,2,3,1.0,3,22278,M,4851151.0,-275805.0,22
201300020593,13,7,16,2035,1,2,1,1.0,7,22106,M,4850510.0,-272289.0,22
201300020594,13,7,20,2130,2,2,2,1.0,1,22278,M,4850256.0,-273803.0,22
201300020595,13,7,20,1930,1,2,6,1.0,3,22278,M,4851096.0,-275929.0,22
201300020596,13,7,24,902,1,2,1,1.0,4,22360,M,4848336.0,-270006.0,22
201300020597,13,7,23,1950,1,2,1,1.0,3,22278,M,4852337.0,-274960.0,22
201300020598,13,7,24,1450,1,2,1,1.0,6,22278,M,4851175.0,-275933.0,22
201300020599,13,7,28,445,5,2,6,1.0,7,22278,M,4850802.0,-276446.0,22
201300020600,13,7,27,1700,1,2,1,2.0,3,22278,M,4852187.0,-276447.0,22
201300020601,13,7,27,1620,1,1,1,3.0,1,22215,M,4852563.0,-282305.0,22
201300020602,13,7,29,1630,1,2,1,1.0,4,22278,M,4849479.0,-275250.0,22
201300020603,13,7,30,1850,1,2,1,1.0,2,22278,M,4849325.0,-274832.0,22
201300020604,13,7,31,1105,1,2,1,1.0,2,22278,M,4851829.0,-276545.0,22
201300020605,13,8,5,1825,1,2,4,1.0,7,22278,M,4849369.0,-274595.0,22
201300020606,13,8,8,1630,1,1,3,1.0,3,22106,M,4849764.0,-272801.0,22
201300020607,13,8,8,1945,1,2,2,1.0,7,22278,M,4850982.0,-276514.0,22
201300020608,13,8,14,1135,1,2,1,1.0,3,22278,M,4851242.0,-275546.0,22
201300020609,13,8,17,1620,1,2,1,1.0,2,22278,M,4851561.0,-275944.0,22
201300020610,13,8,20,1400,1,2,2,1.0,1,22215,M,4848959.0,-281679.0,22
201300020611,13,8,20,1655,1,2,1,1.0,4,22360,M,4849192.0,-273856.0,22
201300020612,13,8,22,110,5,2,1,1.0,6,22278,M,4849938.0,-275026.0,22
201300020613,13,8,22,1515,1,1,1,1.0,7,22360,M,4849310.0,-276073.0,22
201300020614,13,8,27,1425,1,2,6,1.0,2,22278,M,4849716.0,-274704.0,22
201300020615,13,8,28,930,1,2,4,1.0,3,22106,M,4849903.0,-273711.0,22
201300020616,13,8,28,1610,1,2,1,1.0,7,22360,M,4848593.0,-271659.0,22
201300020617,13,8,28,1835,1,2,1,1.0,6,22278,M,4848989.0,-275484.0,22
201300020618,13,9,2,625,5,2,6,1.0,3,22278,M,4850353.0,-276228.0,22
201300020619,13,9,1,910,1,2,6,1.0,3,22106,M,4849648.0,-272348.0,22
201300020620,13,9,1,2050,2,2,3,1.0,3,22278,M,4849444.0,-274551.0,22
201300020621,13,9,3,1045,1,1,1,1.0,3,22106,M,4850407.0,-273188.0,22
201300020622,13,9,3,1715,1,2,1,1.0,6,22278,M,4851024.0,-275617.0,22
201300020623,13,9,5,1530,1,2,3,1.0,6,22187,M,4855952.0,-277458.0,22
201300020624,13,9,5,1900,1,2,3,1.0,1,22215,M,4849521.0,-279656.0,22
201300020625,13,9,12,845,1,2,1,1.0,7,22187,M,4852722.0,-276986.0,22
201300020626,13,9,6,820,2,2,6,2.0,7,22278,M,4849695.0,-274716.0,22
201300020627,13,9,7,2155,5,2,1,1.0,7,22278,M,4852228.0,-272767.0,22
201300020628,13,9,9,1125,1,2,1,1.0,7,22106,M,4849621.0,-269131.0,22
201300020629,13,9,17,945,1,2,1,1.0,6,22278,M,4851331.0,-278163.0,22
201300020630,13,9,19,910,1,2,6,1.0,3,22215,M,4849809.0,-277241.0,22
201300020631,13,9,18,900,1,2,3,1.0,3,22278,M,4852470.0,-278637.0,22
201300020632,13,9,18,1100,1,2,1,2.0,7,22278,M,4851135.0,-275831.0,22
201300020633,13,9,20,1730,1,2,3,1.0,3,22278,M,4850516.0,-274386.0,22
201300020634,13,9,20,2030,5,2,6,1.0,3,22278,M,4851120.0,-276230.0,22
201300020635,13,9,24,1045,1,1,1,1.0,2,22106,M,4849914.0,-272597.0,22
201300020636,13,9,28,30,3,1,1,1.0,7,22360,M,,,22
201300020637,13,9,29,120,3,1,1,1.0,7,22360,M,4848182.0,-275663.0,22
201300020638,13,9,29,120,3,2,1,1.0,7,22106,M,4849090.0,-271761.0,22
201300020639,13,9,30,1630,1,2,1,1.0,2,22278,M,4848920.0,-275295.0,22
201300020640,13,10,1,810,2,2,1,1.0,6,22278,M,4851224.0,-275592.0,22
201300020641,13,9,27,1505,1,1,1,1.0,7,22187,M,4853104.0,-278140.0,22
201300020642,13,10,5,1220,1,2,1,1.0,3,22278,M,4851847.0,-278289.0,22
201300020643,13,10,6,1750,1,2,3,1.0,3,22278,M,4850721.0,-275075.0,22
201300020644,13,10,4,2140,5,1,4,1.0,3,22187,M,4854278.0,-283608.0,22
201300020645,13,10,7,1635,1,2,1,7.0,6,22278,M,4851225.0,-275591.0,22
201300020646,13,10,11,1205,1,2,9,2.0,6,22278,M,4851314.0,-275357.0,22
201300020647,13,10,11,1210,1,2,9,1.0,3,22187,M,4853638.0,-276327.0,22
201300020648,13,10,12,2330,3,1,6,1.0,7,22360,M,4847792.0,-276806.0,22
201300020649,13,10,13,2040,5,2,9,1.0,6,22278,M,4850841.0,-276885.0,22
201300020650,13,10,17,840,2,1,1,1.0,7,22215,M,4850135.0,-277694.0,22
201300020651,13,10,18,1135,1,2,1,1.0,6,22278,M,4851134.0,-276882.0,22
201300020652,13,10,20,1630,1,1,2,1.0,3,22215,M,4848961.0,-281686.0,22
201300020653,13,10,18,1040,1,2,1,1.0,6,22278,M,,,22
201300020654,13,10,17,1545,1,1,1,1.0,6,22215,M,4849908.0,-277811.0,22
201300020655,13,10,21,900,1,2,1,1.0,7,22106,M,4849272.0,-270852.0,22
201300020656,13,10,21,1415,1,2,1,1.0,7,22278,M,4849842.0,-275131.0,22
201300020657,13,10,22,1530,1,2,2,1.0,2,22278,M,4850633.0,-276582.0,22
201300020658,13,10,18,1040,1,2,1,1.0,2,22278,M,4850764.0,-275956.0,22
201300020659,13,10,27,500,5,2,6,1.0,6,22278,M,4849728.0,-274710.0,22
201300020660,13,10,28,700,1,2,1,1.0,7,22215,M,4848009.0,-280772.0,22
201300020661,13,10,29,2040,5,2,1,1.0,7,22278,M,4850406.0,-276471.0,22
201300020662,13,11,1,1625,1,2,1,2.0,3,22187,M,4852461.0,-276297.0,22
201300020663,13,11,5,1945,5,2,1,2.0,6,22278,M,4850953.0,-277259.0,22
201300020664,13,11,8,1910,4,2,1,1.0,6,22278,M,4851921.0,-279134.0,22
201300020665,13,11,8,2055,4,1,9,2.0,5,22187,M,4853553.0,-275956.0,22
201300020666,13,11,7,1820,3,2,1,3.0,2,22187,M,4854867.0,-279411.0,22
201300020667,13,11,9,1125,1,1,1,1.0,7,22360,M,4847728.0,-275099.0,22
201300020668,13,11,13,740,2,1,1,1.0,6,22278,M,4850800.0,-273706.0,22
201300020669,13,11,15,750,2,2,2,1.0,6,22278,M,4850857.0,-274285.0,22
201300020670,13,11,16,1130,1,2,1,1.0,7,22278,M,4850771.0,-276588.0,22
201300020671,13,11,19,1140,1,2,2,2.0,3,22278,M,4851308.0,-279128.0,22
201300020672,13,11,20,2330,3,1,1,4.0,6,22106,M,4848284.0,-269464.0,22
201300020673,13,11,21,1855,3,1,1,2.0,2,22187,M,4853601.0,-275996.0,22
201300020674,13,11,22,1350,1,1,6,2.0,7,22360,M,4848341.0,-274894.0,22
201300020675,13,11,25,1610,1,2,3,1.0,6,22278,M,4851909.0,-278614.0,22
201300020676,13,11,25,1900,3,1,1,1.0,7,22360,M,4848677.0,-271790.0,22
201300020677,13,11,25,1915,5,2,1,1.0,6,22215,M,4849386.0,-279820.0,22
201300020678,13,11,26,1130,1,2,2,1.0,3,22278,M,4850803.0,-274920.0,22
201300020679,13,11,27,1819,5,2,2,2.0,2,22278,M,4851690.0,-275810.0,22
201300020680,13,11,28,940,1,2,6,1.0,6,22278,M,4850796.0,-276443.0,22
201300020681,13,11,30,1345,1,1,1,1.0,7,22278,M,4850835.0,-273741.0,22
201300020682,13,12,1,1,5,2,6,1.0,6,22187,M,4852341.0,-276418.0,22
201300020683,13,12,2,1330,1,2,3,1.0,2,22215,M,4849854.0,-278593.0,22
201300020684,13,12,4,1700,1,2,1,1.0,6,22278,M,4851105.0,-276111.0,22
201300020685,13,12,5,1140,1,2,2,1.0,7,22278,M,4849546.0,-275872.0,22
201300020686,13,12,6,1930,3,1,2,1.0,3,22187,M,4854276.0,-283616.0,22
201300020687,13,12,9,1659,1,2,6,1.0,3,22187,M,4853002.0,-276130.0,22
201300020688,13,12,10,743,2,2,2,1.0,6,22278,M,4851549.0,-277349.0,22
201300020689,13,12,13,545,5,2,6,1.0,3,22278,M,4851113.0,-276243.0,22
201300020690,13,12,14,2115,5,1,1,2.0,1,22360,M,4847742.0,-272265.0,22
201300020691,13,12,17,1330,1,1,1,1.0,7,22215,M,4852570.0,-282305.0,22
201300020692,13,12,18,755,5,2,2,2.0,6,22278,M,4850247.0,-273821.0,22
201300020693,13,12,18,1150,1,2,3,1.0,2,22278,M,4850360.0,-273630.0,22
201300020694,13,12,19,1150,1,1,1,1.0,2,22360,M,4848270.0,-269143.0,22
201300020695,13,12,20,630,3,1,1,9.0,6,22360,M,4846817.0,-275186.0,22
201300020696,13,12,20,820,2,2,1,2.0,6,22278,M,4851500.0,-277399.0,22
201300020697,13,12,20,1915,5,2,3,1.0,6,22278,M,4851634.0,-273501.0,22
201300020698,13,12,20,2230,5,2,1,1.0,7,22278,M,4851328.0,-273898.0,22
201300020699,13,12,22,1640,1,1,6,2.0,7,22360,M,4849318.0,-276170.0,22
201300020700,13,12,23,930,5,2,6,2.0,2,22278,M,4851044.0,-278309.0,22
201300020701,13,12,23,1600,1,1,1,3.0,6,22187,M,4854582.0,-278807.0,22
201300020702,13,12,23,1835,5,2,1,3.0,6,22278,M,4850687.0,-276084.0,22
201300020703,13,1,7,1640,1,2,2,1.0,3,23096,M,,,23
201300020704,13,1,9,850,1,1,1,5.0,3,23096,M,,,23
201300020705,13,2,13,1205,1,2,1,1.0,6,23096,M,4616944.0,187562.0,23
201300020706,13,3,15,840,1,2,1,1.0,6,23096,M,4616972.0,187439.0,23
201300020707,13,4,30,1240,1,1,3,5.0,1,23096,M,,,23
201300020708,13,5,11,22,5,2,2,2.0,3,23096,M,,,23
201300020709,13,5,15,1520,1,2,2,1.0,3,23096,M,,,23
201300020710,13,5,27,1740,1,2,2,1.0,3,23096,M,,,23
201300020711,13,6,3,2115,1,2,1,1.0,6,23096,M,,,23
201300020712,13,6,21,1735,1,2,3,1.0,2,23096,M,,,23
201300020713,13,7,11,1025,1,2,1,1.0,6,23096,M,,,23
201300020714,13,7,17,725,1,2,1,1.0,3,23096,M,,,23
201300020715,13,12,6,730,5,2,1,2.0,6,23096,M,,,23
201300020716,13,11,29,1800,3,1,1,2.0,5,23096,M,,,23
201300020717,13,1,19,2230,5,2,6,3.0,3,24140,M,4484960.0,53435.0,24
201300020718,13,2,6,1052,1,2,3,1.0,6,24037,M,4485320.0,49229.0,24
201300020719,13,2,14,1855,4,2,1,2.0,6,24037,M,4485640.0,47632.0,24
201300020720,13,3,30,1415,1,1,1,3.0,6,24274,M,4481530.0,43563.0,24
201300020721,13,3,27,1800,1,2,1,1.0,6,24037,M,4485890.0,47456.0,24
201300020722,13,6,22,908,1,2,1,1.0,6,24037,M,4482930.0,52402.0,24
201300020723,13,8,7,1845,1,1,1,3.0,5,24140,M,4484760.0,53489.0,24
201300020724,13,8,14,1855,1,2,7,1.0,6,24037,M,4485150.0,48505.0,24
201300020725,13,9,16,1843,1,2,1,1.0,7,24037,M,4484760.0,49251.0,24
201300020726,13,10,7,735,2,2,5,1.0,3,24037,M,4484930.0,49281.0,24