Num_Acc,an,mois,jour,hrmn,lum,agg,int,atm,col,com,gps,lat,long,dep
201300020727,13,12,11,1214,1,2,1,1.0,2,24140,M,4485020.0,53761.0,24
201300020728,13,1,9,120,3,1,1,2.0,6,24102,M,4521550.0,64251.0,24
201300020729,13,1,25,2106,5,2,3,1.0,3,24053,M,4519450.0,77784.0,24
201300020730,13,1,30,1915,3,2,1,2.0,6,24053,M,4517970.0,72108.0,24
201300020731,13,2,8,715,5,2,1,3.0,6,24053,M,4518260.0,74277.0,24
201300020732,13,3,20,1559,1,2,1,2.0,6,24053,M,4517960.0,72546.0,24
201300020733,13,3,23,1037,1,2,1,1.0,6,24138,M,4519100.0,69060.0,24
201300020734,13,3,30,1650,1,2,1,1.0,6,24138,M,4519790.0,69951.0,24
201300020735,13,4,10,1156,1,2,1,1.0,6,24138,M,4518230.0,71208.0,24
201300020736,13,5,4,2100,5,2,1,1.0,2,24552,M,4518580.0,71082.0,24
201300020737,13,5,16,1500,1,1,1,3.0,1,24312,M,4511660.0,69457.0,24
201300020738,13,5,25,1735,1,2,1,1.0,2,24053,M,4518940.0,73241.0,24
201300020739,13,7,6,1200,1,2,1,1.0,6,24053,M,4519020.0,74345.0,24
201300020740,13,6,11,849,1,2,6,1.0,6,24322,M,4518720.0,72152.0,24
201300020741,13,7,16,1828,1,2,1,1.0,1,24098,M,4520960.0,70031.0,24
201300020742,13,7,28,2010,1,1,1,1.0,7,24013,M,4513710.0,72509.0,24
201300020743,13,7,29,2035,1,2,1,1.0,3,24322,M,4518300.0,72378.0,24
201300020744,13,7,30,1835,1,2,3,1.0,3,24557,M,4519740.0,78779.0,24
201300020745,13,8,2,1345,1,1,1,1.0,1,24557,M,4519570.0,78255.0,24
201300020746,13,8,13,2000,1,2,1,7.0,6,24312,M,4517750.0,72962.0,24
201300020747,13,8,29,1545,1,1,1,1.0,1,24312,M,4512650.0,70731.0,24
201300020748,13,9,16,757,1,2,1,1.0,6,24322,M,4519170.0,72595.0,24
201300020749,13,9,18,1435,1,2,1,1.0,6,24322,M,4518470.0,71448.0,24
201300020750,13,10,14,1026,1,2,2,1.0,5,24322,M,4518920.0,70867.0,24
201300020751,13,11,16,1920,5,2,1,1.0,5,24557,M,4518970.0,74775.0,24
201300020752,13,11,25,1515,1,2,1,1.0,6,24322,M,4518580.0,72009.0,24
201300020753,13,1,8,1606,1,2,1,8.0,3,25056,M,4725822.0,604439.0,25
201300020754,13,1,10,809,5,2,1,1.0,6,25056,M,4722844.0,600531.0,25
201300020755,13,1,11,755,1,2,1,2.0,6,25056,M,4725758.0,601715.0,25
201300020756,13,1,14,1440,1,2,1,1.0,6,25056,M,4722364.0,596866.0,25
201300020757,13,1,19,1820,5,2,4,3.0,3,25056,M,4721480.0,595242.0,25
201300020758,13,1,25,423,5,2,1,1.0,2,25056,M,4724266.0,602699.0,25
201300020759,13,1,29,1235,1,2,1,2.0,4,25056,M,4722875.0,598800.0,25
201300020760,13,1,29,1709,2,2,1,3.0,6,25056,M,4721993.0,596271.0,25
201300020761,13,1,31,2355,5,2,1,1.0,1,25056,M,4723081.0,602772.0,25
201300020762,13,2,2,1430,1,2,2,2.0,1,25056,M,4724283.0,602590.0,25
201300020763,13,2,3,2000,5,2,1,2.0,1,25056,M,,,25
201300020764,13,2,6,912,1,2,1,4.0,6,25056,M,4722778.0,600258.0,25
201300020765,13,2,7,1649,1,2,1,1.0,6,25056,M,4726625.0,604679.0,25
201300020766,13,2,7,1259,1,2,4,4.0,3,25056,M,4722682.0,597921.0,25
201300020767,13,2,12,825,1,1,1,4.0,6,25056,M,4723581.0,599568.0,25
201300020768,13,2,14,1320,1,2,2,1.0,3,25056,M,4721486.0,595109.0,25
201300020769,13,2,28,17,5,2,2,1.0,3,25056,M,4714844.0,559959.0,25
201300020770,13,3,1,450,5,2,1,1.0,6,25056,M,4724514.0,601909.0,25
201300020771,13,3,1,743,1,2,1,1.0,3,25056,M,4724251.0,602908.0,25
201300020772,13,3,1,1157,1,2,1,1.0,6,25056,M,4725463.0,601752.0,25
201300020773,13,3,1,1846,2,2,1,1.0,6,25056,M,4725463.0,601762.0,25
201300020774,13,3,2,1645,1,2,2,1.0,3,25056,M,4724929.0,600263.0,25
201300020775,13,3,13,2128,5,2,1,1.0,2,25056,M,4726077.0,603330.0,25
201300020776,13,3,16,714,1,2,1,1.0,6,25056,M,4723112.0,602466.0,25
201300020777,13,3,20,1245,1,2,2,2.0,6,25056,M,4724668.0,603066.0,25
201300020778,13,3,26,1435,1,2,1,1.0,6,25056,M,4724683.0,602624.0,25
201300020779,13,4,10,1430,1,2,1,1.0,4,25056,M,4722878.0,598707.0,25
201300020780,13,4,14,1440,1,2,2,1.0,3,25056,M,4724901.0,603121.0,25
201300020781,13,4,19,1840,1,2,1,8.0,6,25056,M,4722305.0,597457.0,25
201300020782,13,4,27,1045,1,2,1,3.0,1,25056,M,4721826.0,597610.0,25
201300020783,13,4,27,2025,2,2,1,3.0,6,25056,M,4721811.0,597007.0,25
201300020784,13,4,27,2048,5,2,2,3.0,3,25056,M,4723532.0,601747.0,25
201300020785,13,4,28,1347,1,1,1,8.0,1,25056,M,0.0,0.0,25
201300020786,13,5,7,1640,1,2,1,1.0,3,25056,M,4723440.0,601530.0,25
201300020787,13,5,8,126,5,2,4,1.0,6,25056,M,4723514.0,601290.0,25
201300020788,13,5,10,1625,1,2,2,1.0,3,25056,M,4723916.0,598759.0,25
201300020789,13,5,13,1710,1,2,1,1.0,6,25056,M,4722225.0,596340.0,25
201300020790,13,5,17,135,5,2,1,3.0,6,25056,M,,,25
201300020791,13,5,23,820,1,2,1,8.0,7,25056,M,4721797.0,602482.0,25
201300020792,13,5,23,1155,1,2,1,1.0,6,25056,M,4724787.0,599793.0,25
201300020793,13,5,27,1125,1,2,1,1.0,6,25056,M,4722133.0,596440.0,25
201300020794,13,5,28,1300,1,2,1,1.0,3,25056,M,4724520.0,600278.0,25
201300020795,13,6,7,1716,1,2,1,1.0,3,25056,M,4727129.0,602792.0,25
201300020796,13,6,6,1531,1,2,1,1.0,3,25056,M,4725876.0,599018.0,25
201300020797,13,6,15,1543,1,2,1,1.0,3,25056,M,4723939.0,603053.0,25
201300020798,13,6,20,1328,1,2,1,1.0,6,25056,M,4724381.0,603452.0,25
201300020799,13,6,22,2204,2,2,1,1.0,6,25056,M,4723141.0,599185.0,25
201300020800,13,6,25,2103,1,2,2,1.0,3,25056,M,4725205.0,602688.0,25
201300020801,13,6,27,918,1,2,1,1.0,3,25056,M,4723957.0,603387.0,25
201300020802,13,7,2,1516,1,2,1,1.0,6,25056,M,4721735.0,594861.0,25
201300020803,13,7,4,707,1,2,1,3.0,6,25056,M,4723418.0,600850.0,25
201300020804,13,7,4,1138,1,2,2,1.0,3,25056,M,4724462.0,602173.0,25
201300020805,13,7,8,1600,1,2,1,1.0,6,25056,M,4722405.0,597499.0,25
201300020806,13,7,12,1518,1,2,6,1.0,3,25056,M,4725202.0,599850.0,25
201300020807,13,7,18,2355,5,2,1,2.0,7,25056,M,4723477.0,601859.0,25
201300020808,13,7,20,458,2,1,1,1.0,6,25056,M,4730110.0,608370.0,25
201300020809,13,7,29,1046,1,2,1,2.0,1,25056,M,4722270.0,696657.0,25
201300020810,13,7,30,2217,5,2,1,1.0,6,25056,M,,,25
201300020811,13,8,6,1410,1,2,3,1.0,1,25056,M,,,25
201300020812,13,8,15,2025,1,2,1,7.0,6,25056,M,4723153.0,599320.0,25
201300020813,13,8,20,1644,1,2,1,1.0,2,25056,M,4714829.0,616344.0,25
201300020814,13,8,29,1056,1,2,1,1.0,3,25056,M,4724199.0,603323.0,25
201300020815,13,9,3,1358,1,2,2,1.0,3,25056,M,4713387.0,557967.0,25
201300020816,13,9,9,1848,1,2,1,1.0,7,25056,M,4723577.0,602728.0,25
201300020817,13,9,11,700,2,2,2,8.0,3,25056,M,,,25
201300020818,13,9,15,2010,5,2,1,2.0,3,25056,M,4725424.0,603429.0,25
201300020819,13,9,16,1617,1,2,1,1.0,5,25056,M,,,25
201300020820,13,9,25,1540,1,2,3,1.0,3,25056,M,4715902.0,607116.0,25
201300020821,13,9,27,550,5,2,1,2.0,6,25056,M,,,25
201300020822,13,9,27,1250,1,2,4,1.0,3,25056,M,4722778.0,600118.0,25
201300020823,13,10,3,1436,1,2,3,1.0,3,25056,M,4723445.0,598420.0,25
201300020824,13,10,8,1551,1,2,3,1.0,7,25056,M,4721834.0,595223.0,25
201300020825,13,10,17,1649,1,2,1,1.0,2,25056,M,4714521.0,559570.0,25
201300020826,13,10,19,1556,1,2,1,1.0,3,25056,M,4725795.0,601075.0,25
201300020827,13,10,24,1355,1,2,1,1.0,3,25056,M,4713773.0,559460.0,25
201300020828,13,10,26,608,2,1,1,1.0,6,25056,M,4724481.0,601595.0,25
201300020829,13,10,26,1547,1,2,1,1.0,1,25056,M,4725541.0,602816.0,25
201300020830,13,10,28,903,1,2,1,1.0,1,25056,M,4723267.0,597340.0,25
201300020831,13,10,28,1837,5,2,1,2.0,6,25056,M,4723256.0,557307.0,25
201300020832,13,10,28,1952,5,2,1,3.0,6,25056,M,4723474.0,601188.0,25
201300020833,13,10,31,955,1,2,1,1.0,3,25056,M,4722618.0,596557.0,25
201300020834,13,10,31,2029,5,2,1,1.0,1,25056,M,4725189.0,603835.0,25
201300020835,13,11,2,2058,1,2,1,1.0,2,25056,M,,,25
201300020836,13,11,3,1157,1,2,1,1.0,6,25056,M,4725297.0,603674.0,25
201300020837,13,11,4,806,1,2,1,1.0,6,25056,M,4724431.0,601947.0,25
201300020838,13,11,4,1806,2,2,1,3.0,6,25056,M,4723639.0,602280.0,25
201300020839,13,11,6,1531,1,2,1,1.0,2,25056,M,,,25
201300020840,13,11,8,2034,5,2,3,2.0,3,25056,M,4725717.0,603579.0,25
201300020841,13,11,12,2105,5,2,1,1.0,6,25056,M,4723842.0,601293.0,25
201300020842,13,11,13,909,1,2,1,1.0,3,25056,M,,,25
201300020843,13,11,14,1727,5,2,1,3.0,6,25056,M,,,25
201300020844,13,11,19,138,5,2,1,5.0,7,25056,M,4723276.0,603807.0,25
201300020845,13,11,20,1505,1,2,1,2.0,6,25056,M,0.0,0.0,25
201300020846,13,11,21,1306,1,2,1,2.0,6,25056,M,4725706.0,604534.0,25
201300020847,13,11,22,146,5,2,1,4.0,6,25056,M,4713664.0,659020.0,25
201300020848,13,11,22,1530,1,2,1,1.0,7,25056,M,4725090.0,601837.0,25
201300020849,13,11,22,2320,3,2,1,2.0,5,25056,M,4712882.0,559245.0,25
201300020850,13,11,23,940,1,2,1,1.0,6,25056,M,4723043.0,599398.0,25
201300020851,13,11,23,1736,2,2,1,1.0,6,25056,M,,,25
201300020852,13,11,26,1102,1,2,1,1.0,7,25056,M,4725079.0,599633.0,25
201300020853,13,11,26,1920,1,2,2,1.0,3,25056,M,4723516.0,601879.0,25
201300020854,13,11,27,1216,1,2,1,1.0,1,25056,M,4725502.0,602332.0,25
201300020855,13,11,28,721,1,2,2,1.0,3,25056,M,4723909.0,601904.0,25
201300020856,13,11,28,1450,1,2,1,1.0,5,25056,M,,,25
201300020857,13,12,8,150,5,2,1,9.0,6,25056,M,,,25
201300020858,13,12,9,848,1,2,1,1.0,2,25056,M,4721695.0,596847.0,25
201300020859,13,12,17,844,1,2,1,9.0,1,25056,M,,,25
201300020860,13,12,17,1900,5,2,1,1.0,6,25056,M,4724000.0,603374.0,25
201300020861,13,12,17,1730,3,2,1,1.0,6,25056,M,,,25
201300020862,13,12,20,745,5,2,1,2.0,6,25056,M,4715654.0,608860.0,25
201300020863,13,12,22,1022,1,2,1,1.0,2,25056,M,,,25
201300020864,13,12,26,1335,1,2,1,2.0,6,25056,M,4724429.0,598274.0,25
201300020865,13,12,28,1715,2,2,1,2.0,6,25056,M,4723105.0,599458.0,25
201300020866,13,12,28,2250,5,2,1,2.0,6,25056,M,,,25
201300020867,13,2,1,950,5,2,2,1.0,3,25580,M,4747185.0,683459.0,25
201300020868,13,2,1,1930,5,2,1,3.0,6,25547,M,4700000.0,682692.0,25
201300020869,13,3,1,2040,5,2,2,1.0,3,25230,M,,,25
201300020870,13,3,9,2040,5,2,1,1.0,6,25388,M,,,25
201300020871,13,3,12,1640,1,2,1,1.0,6,25031,M,,,25
201300020872,13,4,25,720,1,2,2,1.0,3,25614,M,,,25
201300020873,13,4,17,2200,5,2,3,1.0,3,25547,M,4751428.0,682977.0,25
201300020874,13,5,14,940,1,1,1,1.0,5,25580,M,,,25
201300020875,13,6,11,1840,1,2,1,1.0,3,25388,M,,,25
201300020876,13,6,17,1800,1,2,1,1.0,2,25539,M,,,25
201300020877,13,6,18,1120,1,2,1,1.0,6,25230,M,4749780.0,683328.0,25
201300020878,13,7,13,1710,1,2,1,1.0,6,25031,M,,,25
201300020879,13,8,17,1300,1,2,2,1.0,3,25388,M,4751892.0,677868.0,25
201300020880,13,8,19,1830,1,2,1,1.0,6,25580,M,4746297.0,683506.0,25
201300020881,13,8,21,1930,1,2,1,1.0,7,25388,M,4749902.0,680425.0,25
201300020882,13,8,23,1948,1,2,1,1.0,3,25388,M,,,25
201300020883,13,8,26,1652,1,2,3,1.0,3,25031,M,4747422.0,685712.0,25
201300020884,13,8,31,2355,4,2,1,1.0,1,25539,M,4745811.0,685564.0,25
201300020885,13,8,21,1928,1,2,1,1.0,7,25388,M,4750351.0,679421.0,25
201300020886,13,8,9,1531,1,2,2,1.0,1,25388,M,4751867.0,678714.0,25
201300020887,13,8,5,1331,1,1,1,1.0,3,25580,M,,,25
201300020888,13,9,1,1547,1,2,3,1.0,2,25388,M,4750316.0,680727.0,25
201300020889,13,7,26,510,5,2,3,1.0,6,25388,M,4750256.0,679186.0,25
201300020890,13,9,26,759,1,2,1,1.0,3,25020,M,4748723.0,681634.0,25
201300020891,13,9,27,554,5,1,1,1.0,6,25388,M,4750438.0,680335.0,25
201300020892,13,9,29,2150,5,2,2,1.0,3,25031,M,4748144.0,684541.0,25
201300020893,13,10,10,1246,1,2,1,2.0,1,25547,M,4751549.0,683584.0,25
201300020894,13,10,13,720,2,2,1,1.0,1,25230,M,4749279.0,683922.0,25
201300020895,13,10,14,1805,1,2,1,1.0,6,25388,M,,,25
201300020896,13,10,21,1858,5,2,1,1.0,6,25388,M,,,25
201300020897,13,10,23,2335,5,2,1,2.0,7,25388,M,,,25
201300020898,13,11,29,647,5,2,4,1.0,6,25031,M,4747569.0,684332.0,25
201300020899,13,12,15,1614,1,2,1,1.0,6,25388,M,4751867.0,677782.0,25
201300020900,13,12,11,706,5,2,3,9.0,6,25388,M,,,25
201300020901,13,8,28,1152,1,2,1,1.0,1,25580,M,,,25
201300020902,13,10,21,530,5,2,2,2.0,3,25388,M,4750338.0,680526.0,25
201300020903,13,12,9,1445,1,2,6,1.0,3,25388,M,4751874.0,681087.0,25
201300020904,13,12,10,804,1,2,3,1.0,3,25388,M,4750215.0,681637.0,25
201300020905,13,3,4,1655,1,2,1,1.0,3,25462,M,4789984.0,636148.0,25
201300020906,13,3,17,55,5,2,6,1.0,6,25204,M,4600000.0,0.0,25
201300020907,13,3,22,2225,3,1,1,1.0,6,25204,M,4600000.0,600000.0,25
201300020908,13,4,30,1427,1,2,1,1.0,7,25462,M,4690000.0,630000.0,25
201300020909,13,6,22,128,5,2,1,1.0,6,25462,M,,,25
201300020910,13,6,22,1250,1,2,6,1.0,3,25462,M,,,25
201300020911,13,6,26,1407,1,2,6,1.0,3,25462,M,4690569.0,633409.0,25
201300020912,13,7,13,453,3,1,1,1.0,6,25462,M,,,25
201300020913,13,7,26,1635,1,2,1,1.0,6,25462,M,4691094.0,635994.0,25
201300020914,13,9,2,2205,4,2,3,1.0,3,25462,M,4691642.0,634475.0,25
201300020915,13,9,4,1520,1,2,1,1.0,3,25462,M,4691017.0,635049.0,25
201300020916,13,9,19,1618,1,2,1,1.0,7,25462,M,4690511.0,635464.0,25
201300020917,13,11,12,835,1,2,1,1.0,6,25462,M,4690406.0,635285.0,25
201300020918,13,3,19,2030,3,1,1,1.0,7,84071,M,0.0,0.0,84
201300020919,13,4,6,1500,1,1,1,2.0,1,84062,M,0.0,0.0,84
201300020920,13,4,7,1245,1,1,1,1.0,6,84025,M,0.0,0.0,84
201300020921,13,5,8,45,3,1,1,1.0,6,84038,M,0.0,0.0,84
201300020922,13,10,4,1015,1,1,1,1.0,3,84038,M,0.0,0.0,84
201300020923,13,10,12,1645,1,1,1,1.0,1,84099,M,0.0,0.0,84
201300020924,13,11,17,2330,3,1,1,1.0,1,84038,M,0.0,0.0,84
201300020925,13,12,1,1800,3,1,2,1.0,3,84099,M,0.0,0.0,84
201300020926,13,3,20,1345,1,1,1,1.0,1,59016,M,5098974.0,233778.0,59
201300020927,13,4,23,1045,1,1,1,1.0,1,59083,M,5091657.0,240837.0,59
201300020928,13,7,30,1915,1,1,1,2.0,1,59588,M,5100148.0,245259.0,59
201300020929,13,10,1,815,1,2,1,1.0,6,59319,M,5097099.0,244493.0,59
201300020930,13,10,9,2230,3,1,1,1.0,1,59016,M,5097251.0,234479.0,59
201300020931,13,10,23,1500,2,1,1,1.0,3,59478,M,5094795.0,243168.0,59
201300020932,13,2,18,2145,5,2,1,1.0,1,62261,M,0.0,0.0,62
201300020933,13,4,11,1430,1,2,1,9.0,7,62849,M,0.0,0.0,62
201300020934,13,4,21,1400,1,2,1,1.0,6,62261,M,0.0,0.0,62
201300020935,13,5,12,1645,1,2,1,1.0,6,62261,M,0.0,0.0,62
201300020936,13,5,30,2145,1,2,1,1.0,2,62261,M,0.0,0.0,62
201300020937,13,6,10,1215,1,2,1,1.0,3,62261,M,5047951.0,158193.0,62
201300020938,13,7,5,1445,1,2,6,1.0,1,62261,M,0.0,0.0,62
201300020939,13,7,23,1600,1,2,2,2.0,3,62261,M,0.0,0.0,62
201300020940,13,7,26,2145,2,1,2,1.0,3,62233,M,0.0,0.0,62
201300020941,13,7,26,1615,1,1,1,1.0,6,62752,M,0.0,0.0,62
201300020942,13,8,1,2245,3,1,2,1.0,3,62016,M,0.0,0.0,62
201300020943,13,8,28,730,1,1,1,1.0,6,62233,M,0.0,0.0,62
201300020944,13,10,20,1545,1,1,2,8.0,3,62016,M,5042278.0,168265.0,62
201300020945,13,3,5,1700,1,2,1,1.0,2,59278,M,5061327.0,296368.0,59
201300020946,13,5,29,845,1,1,2,1.0,3,59487,M,5063545.0,289086.0,59
201300020947,13,6,12,1400,1,2,1,1.0,3,59553,M,5059882.0,293922.0,59
201300020948,13,6,24,630,1,2,1,7.0,2,59278,M,5060760.0,295421.0,59
201300020949,13,7,1,815,1,1,1,1.0,5,59653,M,5058636.0,294411.0,59
201300020950,13,7,24,1500,1,2,1,1.0,1,59653,M,5056521.0,293542.0,59
201300020951,13,8,1,815,1,1,3,1.0,3,59088,M,5065592.0,288537.0,59
201300020952,13,6,15,545,1,2,1,1.0,6,74217,M,0.0,0.0,74
201300020953,13,6,21,1745,1,1,2,1.0,1,74213,M,0.0,0.0,74
201300020954,13,7,5,1830,1,1,1,1.0,7,74179,M,0.0,0.0,74
201300020955,13,7,9,1130,1,1,1,1.0,6,74112,M,0.0,0.0,74
201300020956,13,2,23,200,5,2,2,1.0,3,01033,M,,,01
201300020957,13,6,8,1530,1,1,1,8.0,1,01082,M,4600860.0,574801.0,01
201300020958,13,7,12,2130,1,2,1,1.0,6,01033,M,,,01
201300020959,13,5,5,1645,1,2,1,1.0,7,01114,M,4615220.0,581951.0,01
201300020960,13,8,7,1705,1,1,1,3.0,1,01091,M,4613560.0,580260.0,01
201300020961,13,7,21,1130,1,1,1,1.0,3,83100,M,0.0,0.0,83
201300020962,13,9,14,930,1,1,1,1.0,6,83049,M,0.0,0.0,83
201300020963,13,10,10,1700,1,1,1,1.0,1,54244,M,4903018.0,587485.0,54
201300020964,13,12,18,1232,1,2,1,1.0,3,26198,M,4452670.0,473830.0,26
201300020965,13,1,8,1800,3,1,1,1.0,3,26198,M,4454840.0,477390.0,26
201300020966,13,1,5,1145,1,2,1,1.0,3,26198,M,,,26
201300020967,13,1,10,1842,5,2,1,1.0,3,26198,M,,,26
201300020968,13,1,19,1700,1,2,1,3.0,3,26198,M,,,26
201300020969,13,3,3,1945,5,2,1,1.0,3,26198,M,,,26
201300020970,13,3,14,1215,1,2,6,1.0,3,26198,M,,,26
201300020971,13,4,2,1350,1,2,6,1.0,2,26198,M,,,26
201300020972,13,4,14,1200,1,1,1,1.0,2,26198,M,,,26
201300020973,13,5,1,1055,1,1,1,3.0,7,26198,M,,,26
201300020974,13,5,9,1940,1,2,1,2.0,3,26198,M,,,26
201300020975,13,5,3,930,1,2,1,1.0,6,26198,M,,,26
201300020976,13,5,12,1705,1,1,1,1.0,3,26198,M,,,26
201300020977,13,5,15,1130,1,2,1,2.0,6,26198,M,,,26
201300020978,13,5,22,1450,1,1,1,1.0,5,26198,M,,,26
201300020979,13,6,15,150,5,1,1,1.0,6,26198,M,,,26
201300020980,13,6,18,350,3,1,1,1.0,1,26198,M,,,26
201300020981,13,6,23,1605,1,1,1,1.0,1,26198,M,4455230.0,472120.0,26
201300020982,13,6,21,1500,1,2,4,1.0,1,26198,M,4455520.0,472120.0,26
201300020983,13,7,3,1141,1,2,1,1.0,6,26198,M,,,26
201300020984,13,6,29,830,1,2,1,1.0,3,26198,M,,,26
201300020985,13,7,16,705,1,2,1,1.0,3,26198,M,4456140.0,474630.0,26
201300020986,13,7,25,1105,1,2,1,1.0,2,26198,M,,,26
201300020987,13,8,18,1804,1,1,1,1.0,3,26198,M,,,26
201300020988,13,8,29,1315,1,2,6,1.0,3,26198,M,,,26
201300020989,13,9,9,1645,1,2,6,1.0,3,26198,M,,,26
201300020990,13,9,23,1937,1,1,1,1.0,6,26198,M,,,26
201300020991,13,9,24,2223,5,2,6,1.0,7,26198,M,,,26
201300020992,13,9,15,910,1,2,1,1.0,7,26198,M,,,26
201300020993,13,9,12,620,4,1,1,1.0,6,26198,M,,,26
201300020994,13,9,30,1410,1,1,1,1.0,6,26198,M,,,26
201300020995,13,10,3,1300,1,1,1,1.0,6,26198,M,,,26
201300020996,13,10,11,1530,1,1,3,1.0,3,26198,M,,,26
201300020997,13,10,9,1730,2,2,1,1.0,7,26198,M,,,26
201300020998,13,10,18,220,5,2,9,1.0,5,26198,M,4455930.0,475630.0,26
201300020999,13,10,28,1257,1,2,1,1.0,6,26198,M,,,26
201300021000,13,10,30,2120,5,2,1,1.0,2,26198,M,,,26
201300021001,13,11,13,1205,1,2,1,1.0,7,26198,M,,,26
201300021002,13,11,2,2130,5,1,1,2.0,3,26198,M,,,26
201300021003,13,11,17,1515,1,2,1,1.0,3,26198,M,,,26
201300021004,13,11,28,1635,1,2,1,1.0,7,26198,M,,,26
201300021005,13,12,5,2030,5,2,1,1.0,3,26198,M,,,26
201300021006,13,12,11,1820,5,2,1,1.0,3,26198,M,,,26
201300021007,13,1,7,1945,5,2,1,1.0,3,26281,M,4504604.0,505360.0,26
201300021008,13,1,10,920,1,1,1,1.0,3,26281,M,4504530.0,506440.0,26
201300021009,13,1,11,740,5,2,2,2.0,6,26281,M,4505080.0,505570.0,26
201300021010,13,1,19,2345,5,2,1,1.0,7,26281,M,4503760.0,504150.0,26
201300021011,13,1,26,1455,1,2,3,8.0,3,26057,M,,,26
201300021012,13,1,29,1600,1,2,1,1.0,2,26281,M,4504140.0,505360.0,26
201300021013,13,2,13,1100,1,2,3,1.0,1,26281,M,4504840.0,503740.0,26
201300021014,13,2,19,1158,1,1,2,1.0,3,26281,M,4505410.0,510100.0,26
201300021015,13,2,19,1850,2,2,1,1.0,6,26281,M,4504480.0,504540.0,26
201300021016,13,3,13,1445,1,2,1,1.0,2,26281,M,4504780.0,507250.0,26
201300021017,13,3,18,1430,1,2,9,1.0,3,26057,M,,,26
201300021018,13,3,28,1730,1,2,1,2.0,2,26281,M,,,26
201300021019,13,3,28,1932,1,2,1,2.0,7,26281,M,4504790.0,504190.0,26
201300021020,13,4,5,930,1,2,3,2.0,1,26281,M,,,26
201300021021,13,4,13,1120,1,2,1,7.0,6,26281,M,4504550.0,505280.0,26
201300021022,13,4,20,2230,5,2,1,2.0,1,26281,M,4504510.0,505570.0,26
201300021023,13,4,22,2340,5,2,1,1.0,6,26281,M,4504840.0,504020.0,26
201300021024,13,4,23,1708,1,2,1,1.0,3,26281,M,,,26
201300021025,13,5,31,1825,1,2,2,2.0,3,26281,M,4504770.0,505160.0,26
201300021026,13,6,6,1005,1,2,2,1.0,3,26281,M,4505210.0,504780.0,26
201300021027,13,6,8,820,1,2,2,1.0,3,26057,M,,,26
201300021028,13,6,16,1415,1,2,3,1.0,3,26281,M,4505810.0,504990.0,26
201300021029,13,6,16,915,1,2,1,1.0,1,26281,M,4504460.0,505710.0,26
201300021030,13,6,25,738,1,2,1,1.0,1,26281,M,4504950.0,507710.0,26
201300021031,13,6,26,1500,1,2,2,1.0,6,26281,M,4504580.0,504920.0,26
201300021032,13,6,28,1735,1,2,1,1.0,6,26281,M,4504360.0,506160.0,26
201300021033,13,6,30,1520,1,2,3,1.0,3,26281,M,4505370.0,504640.0,26
201300021034,13,7,2,1845,1,2,3,1.0,6,26281,M,4504730.0,508380.0,26
201300021035,13,7,3,730,1,2,1,2.0,6,26057,M,,,26
201300021036,13,7,3,1725,1,1,1,1.0,3,26281,M,4504560.0,505750.0,26
201300021037,13,7,4,1710,1,2,1,1.0,1,26057,M,4504100.0,505140.0,26
201300021038,13,7,9,1410,1,1,2,1.0,6,26057,M,,,26
201300021039,13,7,10,1225,1,2,2,1.0,3,26281,M,,,26
201300021040,13,7,11,1320,1,1,1,1.0,6,26281,M,,,26
201300021041,13,7,11,1620,1,1,3,1.0,6,26281,M,,,26
201300021042,13,7,16,1844,1,2,1,1.0,6,26281,M,4504710.0,505900.0,26
201300021043,13,7,16,2020,1,2,2,1.0,6,26281,M,4504760.0,505050.0,26
201300021044,13,7,18,1700,1,2,1,1.0,6,26281,M,,,26
201300021045,13,7,20,1840,1,2,7,1.0,6,26281,M,4504540.0,505320.0,26
201300021046,13,7,21,1045,1,2,1,1.0,6,26281,M,4504730.0,504710.0,26
201300021047,13,7,24,1800,1,2,1,1.0,3,26281,M,,,26
201300021048,13,7,29,1830,1,2,1,1.0,7,26281,M,4504720.0,505500.0,26
201300021049,13,8,1,1115,1,2,1,1.0,7,26281,M,4504560.0,504840.0,26
201300021050,13,8,9,1600,1,2,2,1.0,1,26281,M,4504760.0,505480.0,26
201300021051,13,8,13,1315,1,2,2,1.0,7,26057,M,,,26
201300021052,13,8,13,1720,1,1,1,1.0,3,26281,M,4504630.0,503220.0,26
201300021053,13,8,16,1225,1,2,2,1.0,3,26281,M,4504580.0,505060.0,26
201300021054,13,8,18,1219,1,2,6,1.0,3,26281,M,4504530.0,506200.0,26
201300021055,13,8,22,1828,1,2,2,1.0,3,26281,M,4504750.0,504970.0,26
201300021056,13,8,26,1900,1,2,1,1.0,5,26281,M,,,26
201300021057,13,9,3,1120,1,2,1,1.0,4,26281,M,4504780.0,507250.0,26