Num_Acc,an,mois,jour,hrmn,lum,agg,int,atm,col,com,gps,lat,long,dep
201300021058,13,9,5,1027,1,2,1,1.0,3,26281,M,4504510.0,502560.0,26
201300021059,13,9,5,1250,1,1,1,1.0,2,26281,M,,,26
201300021060,13,9,8,30,5,2,1,2.0,6,26281,M,4504250.0,505750.0,26
201300021061,13,9,11,1350,1,1,1,1.0,4,26281,M,,,26
201300021062,13,9,14,1350,1,2,1,1.0,3,26281,M,4504220.0,504990.0,26
201300021063,13,9,24,817,1,2,6,1.0,6,26281,M,4504580.0,505540.0,26
201300021064,13,9,24,2110,5,2,6,1.0,2,26281,M,4504710.0,507080.0,26
201300021065,13,9,24,1910,2,2,1,1.0,6,26281,M,4504020.0,503430.0,26
201300021066,13,9,28,1145,1,1,1,1.0,2,26281,M,,,26
201300021067,13,10,1,1650,1,2,1,1.0,7,26281,M,4504680.0,504690.0,26
201300021068,13,10,2,1305,1,1,2,1.0,2,26057,M,,,26
201300021069,13,10,15,820,1,2,6,2.0,3,26057,M,,,26
201300021070,13,10,16,1845,1,2,1,1.0,7,26281,M,4504680.0,504890.0,26
201300021071,13,10,17,1715,1,2,1,1.0,3,26281,M,,,26
201300021072,13,10,21,1955,5,2,1,1.0,1,26281,M,4504680.0,507310.0,26
201300021073,13,10,22,1239,1,2,1,1.0,1,26281,M,4504120.0,508100.0,26
201300021074,13,10,22,1650,1,2,2,1.0,3,26281,M,,,26
201300021075,13,10,24,1345,1,2,2,1.0,3,26281,M,4504590.0,505180.0,26
201300021076,13,10,27,1945,5,2,3,1.0,3,26281,M,4504580.0,504990.0,26
201300021077,13,10,29,1700,1,2,1,1.0,6,26281,M,4505110.0,506920.0,26
201300021078,13,11,3,900,1,2,6,2.0,3,26281,M,4505020.0,504700.0,26
201300021079,13,11,5,1820,4,2,3,2.0,3,26281,M,4505770.0,505790.0,26
201300021080,13,11,6,1727,2,2,1,1.0,4,26281,M,,,26
201300021081,13,11,9,1600,1,1,6,1.0,7,26281,M,4505020.0,504670.0,26
201300021082,13,11,16,1920,5,2,2,1.0,3,26281,M,4504650.0,505050.0,26
201300021083,13,11,19,1709,2,1,1,2.0,6,26281,M,4507300.0,504710.0,26
201300021084,13,11,27,1150,1,1,1,1.0,3,26281,M,,,26
201300021085,13,11,27,1930,5,2,6,1.0,2,26281,M,4504210.0,505620.0,26
201300021086,13,12,3,2143,5,2,1,1.0,6,26057,M,4504070.0,505020.0,26
201300021087,13,12,5,1655,2,2,3,1.0,6,26057,M,4504070.0,505200.0,26
201300021088,13,12,9,1800,3,1,6,1.0,7,26281,M,,,26
201300021089,13,12,20,729,2,2,3,2.0,7,26281,M,4505350.0,505540.0,26
201300021090,13,12,21,845,1,2,2,1.0,6,26057,M,4503530.0,504630.0,26
201300021091,13,12,24,1925,5,2,2,1.0,6,26281,M,4504990.0,503990.0,26
201300021092,13,12,29,1730,5,2,2,1.0,3,26057,M,,,26
201300021093,13,12,30,955,1,1,1,1.0,6,26057,M,4501750.0,503570.0,26
201300021094,13,12,30,1222,1,2,2,1.0,3,26057,M,4503530.0,504630.0,26
201300021095,13,1,1,1600,1,2,1,1.0,7,26362,M,4492480.0,488810.0,26
201300021096,13,1,5,2215,4,1,1,1.0,6,26058,M,,,26
201300021097,13,1,11,1710,2,2,1,1.0,6,26362,M,4492960.0,489450.0,26
201300021098,13,1,23,1120,1,2,2,1.0,3,26058,M,4493780.0,489130.0,26
201300021099,13,1,28,1700,2,2,2,1.0,3,26058,M,4493780.0,489130.0,26
201300021100,13,1,28,1805,5,1,1,1.0,6,26362,M,4491780.0,491310.0,26
201300021101,13,2,8,1310,1,2,1,1.0,6,26362,M,4492540.0,489160.0,26
201300021102,13,2,7,700,3,2,3,2.0,6,26362,M,4491550.0,493120.0,26
201300021103,13,2,6,2035,4,2,1,1.0,7,26362,M,4493770.0,492380.0,26
201300021104,13,2,15,1728,1,2,2,1.0,3,26252,M,,,26
201300021105,13,2,23,1456,1,2,1,1.0,7,26362,M,4490900.0,489470.0,26
201300021106,13,2,24,2200,5,2,1,2.0,7,26058,M,4494450.0,489410.0,26
201300021107,13,3,3,430,4,1,1,1.0,7,26362,M,,,26
201300021108,13,3,8,1820,1,1,6,1.0,2,26362,M,,,26
201300021109,13,3,13,1645,1,2,1,1.0,6,26362,M,4494410.0,492050.0,26
201300021110,13,3,15,1530,1,2,1,1.0,4,26362,M,4491200.0,490780.0,26
201300021111,13,3,19,1450,1,2,2,1.0,3,26362,M,,,26
201300021112,13,3,23,1810,1,2,1,1.0,6,26252,M,,,26
201300021113,13,3,26,2310,5,2,2,1.0,3,26058,M,4494780.0,489560.0,26
201300021114,13,3,28,1455,1,2,2,1.0,6,26362,M,4491620.0,491130.0,26
201300021115,13,4,8,1056,2,2,1,2.0,3,26362,M,4493710.0,491190.0,26
201300021116,13,4,11,1614,1,2,1,1.0,6,26362,M,4493040.0,489120.0,26
201300021117,13,4,10,1810,1,1,2,1.0,3,26058,M,4497390.0,490550.0,26
201300021118,13,4,10,1815,1,1,1,1.0,5,26004,M,,,26
201300021119,13,4,12,1255,1,2,1,1.0,3,26362,M,4491480.0,490790.0,26
201300021120,13,4,13,1554,1,1,1,1.0,6,26058,M,,,26
201300021121,13,4,14,1255,1,2,1,1.0,1,26058,M,,,26
201300021122,13,4,13,1606,1,2,1,1.0,2,26362,M,4493400.0,490490.0,26
201300021123,13,4,14,1620,1,1,1,1.0,7,26252,M,,,26
201300021124,13,4,12,1705,1,2,1,1.0,6,26362,M,4492650.0,489210.0,26
201300021125,13,4,11,845,1,2,1,1.0,2,26362,M,4493930.0,490450.0,26
201300021126,13,4,19,900,1,2,2,2.0,3,26362,M,4492860.0,489500.0,26
201300021127,13,4,25,1750,1,2,1,1.0,3,26058,M,4494660.0,489470.0,26
201300021128,13,4,23,1440,1,2,2,1.0,3,26058,M,4495100.0,490180.0,26
201300021129,13,4,29,1530,1,2,2,1.0,6,26362,M,4492720.0,489980.0,26
201300021130,13,5,3,850,1,2,1,1.0,6,26362,M,4491850.0,488550.0,26
201300021131,13,5,17,1500,1,1,1,1.0,2,26058,M,,,26
201300021132,13,5,20,1450,1,1,6,1.0,3,26362,M,,,26
201300021133,13,6,1,540,5,2,1,1.0,6,26362,M,4493320.0,489620.0,26
201300021134,13,6,1,1400,1,2,1,1.0,3,26252,M,4486810.0,486810.0,26
201300021135,13,6,5,1815,1,2,1,1.0,3,26362,M,4493100.0,488600.0,26
201300021136,13,6,5,730,1,2,6,1.0,3,26362,M,4493250.0,489860.0,26
201300021137,13,6,5,800,1,2,2,1.0,3,26362,M,4492740.0,492270.0,26
201300021138,13,6,7,1805,1,1,1,1.0,2,26058,M,,,26
201300021139,13,6,11,945,1,2,3,1.0,3,26362,M,4491590.0,488870.0,26
201300021140,13,6,15,755,1,2,2,1.0,3,26362,M,4492040.0,490020.0,26
201300021141,13,6,25,1600,1,2,6,1.0,6,26362,M,4493970.0,491590.0,26
201300021142,13,6,19,2240,5,2,6,1.0,3,26362,M,4492440.0,490340.0,26
201300021143,13,6,28,1140,1,2,1,1.0,3,26362,M,4493860.0,492180.0,26
201300021144,13,7,2,1000,1,1,1,1.0,2,26058,M,,,26
201300021145,13,7,9,1430,1,2,1,1.0,2,26362,M,4492910.0,488290.0,26
201300021146,13,7,10,1855,1,1,1,1.0,3,26252,M,,,26
201300021147,13,7,14,50,3,2,1,1.0,7,26362,M,,,26
201300021148,13,7,15,1035,1,2,2,1.0,3,26362,M,4492460.0,489550.0,26
201300021149,13,7,12,2340,3,1,1,1.0,7,26362,M,,,26
201300021150,13,7,16,1605,1,2,2,1.0,3,26362,M,4492330.0,492420.0,26
201300021151,13,7,20,1116,1,1,1,1.0,2,26058,M,,,26
201300021152,13,7,25,1330,1,2,1,1.0,3,26362,M,4494200.0,491770.0,26
201300021153,13,7,27,2320,5,2,1,1.0,6,26362,M,4493290.0,489600.0,26
201300021154,13,7,30,2310,3,1,1,1.0,1,26058,M,,,26
201300021155,13,7,26,1950,1,2,1,1.0,3,26362,M,4492710.0,491550.0,26
201300021156,13,8,5,1120,1,1,2,1.0,3,26252,M,,,26
201300021157,13,8,6,1645,1,2,1,1.0,3,26362,M,4492540.0,489690.0,26
201300021158,13,8,18,1300,1,2,1,1.0,1,26362,M,4491940.0,490780.0,26
201300021159,13,8,22,1255,1,2,3,1.0,3,26362,M,4492120.0,490830.0,26
201300021160,13,8,26,1920,1,2,1,1.0,6,26362,M,4493230.0,489540.0,26
201300021161,13,8,1,1555,1,1,1,1.0,4,26252,M,,,26
201300021162,13,8,29,2050,3,1,1,1.0,7,26252,M,,,26
201300021163,13,9,4,945,1,2,1,1.0,3,26058,M,4494920.0,489820.0,26
201300021164,13,9,4,1350,1,2,3,1.0,3,26362,M,4492760.0,492760.0,26
201300021165,13,9,6,1020,1,2,1,1.0,6,26362,M,4494510.0,492230.0,26
201300021166,13,9,10,855,1,2,1,1.0,6,26362,M,4494210.0,491790.0,26
201300021167,13,9,10,735,1,2,1,1.0,6,26362,M,4493040.0,489460.0,26
201300021168,13,9,12,740,1,2,1,1.0,6,26362,M,4493420.0,490550.0,26
201300021169,13,9,16,1900,1,2,1,1.0,6,26362,M,4493250.0,492110.0,26
201300021170,13,9,17,1850,1,2,1,1.0,2,26362,M,4492701.0,490090.0,26
201300021171,13,9,19,1855,1,1,3,1.0,3,26362,M,,,26
201300021172,13,9,22,1905,1,2,1,1.0,6,26362,M,4493210.0,489550.0,26
201300021173,13,9,26,2125,5,2,2,1.0,3,26362,M,4493010.0,489750.0,26
201300021174,13,9,30,735,5,2,6,1.0,3,26058,M,,,26
201300021175,13,10,1,1441,1,2,1,1.0,6,26362,M,4491680.0,491210.0,26
201300021176,13,10,3,700,5,1,2,1.0,3,26058,M,,,26
201300021177,13,10,4,2230,3,2,1,3.0,6,26362,M,,,26
201300021178,13,10,5,1325,1,2,1,2.0,1,26362,M,4494483.0,490769.0,26
201300021179,13,10,5,1720,1,2,1,1.0,4,26362,M,,,26
201300021180,13,10,11,2100,5,2,1,2.0,2,26058,M,,,26
201300021181,13,10,8,750,1,2,1,1.0,6,26362,M,4491973.0,487801.0,26
201300021182,13,10,14,1600,1,2,1,1.0,6,26362,M,4492890.0,488360.0,26
201300021183,13,10,21,1717,1,2,1,1.0,6,26362,M,4492675.0,489709.0,26
201300021184,13,10,17,2010,3,1,1,1.0,6,26058,M,,,26
201300021185,13,10,18,905,1,1,3,1.0,3,26362,M,4494630.0,495810.0,26
201300021186,13,10,23,1315,1,1,1,3.0,7,26362,M,,,26
201300021187,13,10,31,1950,3,2,1,1.0,1,26058,M,,,26
201300021188,13,11,2,2330,3,1,1,2.0,7,26362,M,,,26
201300021189,13,11,4,834,1,2,1,2.0,6,26058,M,4495090.0,488770.0,26
201300021190,13,11,16,2330,5,2,1,1.0,7,26362,M,4492008.0,490276.0,26
201300021191,13,11,19,1642,2,2,1,2.0,6,26362,M,4491628.0,489070.0,26
201300021192,13,11,26,1110,1,2,1,1.0,6,26362,M,4494210.0,491790.0,26
201300021193,13,12,3,1335,1,2,1,1.0,6,26058,M,4495010.0,490370.0,26
201300021194,13,12,5,1625,1,1,1,1.0,1,26362,M,4489470.0,490570.0,26
201300021195,13,12,9,650,5,2,6,1.0,6,26362,M,4493250.0,489860.0,26
201300021196,13,12,20,945,1,1,1,1.0,2,26058,M,,,26
201300021197,13,12,20,950,1,1,1,1.0,6,26362,M,4495210.0,492980.0,26
201300021198,13,2,15,1630,1,2,1,1.0,6,84027,M,0.0,0.0,84
201300021199,13,2,23,2300,3,1,1,1.0,6,84027,M,4410900.0,473100.0,84
201300021200,13,4,21,2030,2,1,1,1.0,6,84039,M,4409300.0,487500.0,84
201300021201,13,8,7,800,3,1,1,1.0,2,84039,M,0.0,0.0,84
201300021202,13,8,22,1930,1,1,1,1.0,7,84027,M,4411900.0,476900.0,84
201300021203,13,12,24,1845,3,1,1,2.0,1,84056,M,0.0,0.0,84
201300021204,13,7,15,1645,1,1,1,1.0,6,06033,M,0.0,0.0,06
201300021205,13,9,13,1730,1,1,1,1.0,6,38239,M,0.0,0.0,38
201300021206,13,9,26,2045,3,1,1,1.0,5,38030,M,4535320.0,545420.0,38
201300021207,13,10,12,45,3,1,1,1.0,1,38383,M,4537110.0,564231.0,38
201300021208,13,10,28,2215,3,1,1,2.0,6,38030,M,0.0,0.0,38
201300021209,13,2,3,730,2,1,4,1.0,6,38105,M,4542830.0,556371.0,38
201300021210,13,3,8,1700,1,1,1,5.0,5,38084,M,0.0,0.0,38
201300021211,13,3,17,1730,1,1,1,1.0,6,38105,M,4542025.0,555247.0,38
201300021212,13,5,4,1745,1,2,2,1.0,3,38239,M,0.0,0.0,38
201300021213,13,5,27,2000,1,2,1,1.0,6,38383,M,4537670.0,564529.0,38
201300021214,13,6,6,1000,1,1,1,1.0,6,38133,M,0.0,0.0,38
201300021215,13,7,7,715,1,1,1,1.0,2,38432,M,0.0,0.0,38
201300021216,13,9,12,330,4,1,1,1.0,6,38239,M,0.0,0.0,38
201300021217,13,9,13,1315,1,1,6,1.0,6,38194,M,4536510.0,542028.0,38
201300021218,13,9,15,1200,1,1,1,2.0,7,38332,M,0.0,0.0,38
201300021219,13,10,15,1500,3,1,1,9.0,6,38239,M,0.0,0.0,38
201300021220,13,10,26,500,5,1,1,1.0,3,38383,M,0.0,0.0,38
201300021221,13,10,30,1930,3,1,1,1.0,1,38239,M,0.0,0.0,38
201300021222,13,11,14,1800,3,1,1,3.0,5,38030,M,0.0,0.0,38
201300021223,13,11,27,630,2,1,4,1.0,1,38337,M,4534660.0,549437.0,38
201300021224,13,7,21,2315,5,2,2,1.0,5,69283,M,0.0,0.0,69
201300021225,13,9,28,715,5,1,1,1.0,1,69283,M,0.0,0.0,69
201300021226,13,11,10,1715,2,1,1,2.0,6,69283,M,4564100.0,495600.0,69
201300021227,13,11,28,1715,5,2,1,1.0,6,69283,M,0.0,0.0,69
201300021228,13,3,16,1800,1,1,2,2.0,3,62203,M,5084622.0,190324.0,62
201300021229,13,10,18,815,1,2,1,5.0,3,62397,M,0.0,0.0,62
201300021230,13,12,11,1530,1,1,1,2.0,3,62506,M,0.0,0.0,62
201300021231,13,1,19,215,3,1,1,4.0,6,41047,M,4765190.0,137480.0,41
201300021232,13,2,22,1930,3,1,1,1.0,7,41136,M,4772090.0,148948.0,41
201300021233,13,3,29,1800,1,1,1,1.0,2,41252,M,4771270.0,147042.0,41
201300021234,13,4,21,545,3,1,1,1.0,3,41206,M,4764250.0,136333.0,41
201300021235,13,4,29,1400,1,1,1,1.0,6,41101,M,4761120.0,113940.0,41
201300021236,13,5,24,1500,1,1,1,2.0,1,41208,M,,,41
201300021237,13,6,28,915,1,1,9,2.0,5,41223,M,4761680.0,118798.0,41
201300021238,13,7,2,2115,2,1,1,1.0,7,41245,M,4775180.0,154431.0,41
201300021239,13,7,8,615,1,1,1,7.0,2,41136,M,4771970.0,148743.0,41
201300021240,13,7,11,130,3,1,1,1.0,7,41114,M,,,41
201300021241,13,7,22,745,1,1,1,1.0,4,41288,M,4765470.0,137820.0,41
201300021242,13,7,24,1315,1,1,1,1.0,6,41252,M,4771270.0,147042.0,41
201300021243,13,9,16,1515,1,1,1,2.0,6,41252,M,4767830.0,140440.0,41
201300021244,13,9,13,1300,1,1,1,1.0,6,41234,M,4759070.0,108761.0,41
201300021245,13,9,29,1745,1,1,1,8.0,2,41206,M,4764290.0,136378.0,41
201300021246,13,10,10,515,2,1,1,2.0,5,41223,M,4761690.0,118530.0,41
201300021247,13,10,15,1145,1,1,1,2.0,2,41136,M,4773020.0,150495.0,41
201300021248,13,10,18,2345,3,1,1,1.0,2,41101,M,4761700.0,117992.0,41
201300021249,13,11,28,345,3,1,1,1.0,7,41230,M,4761890.0,125192.0,41
201300021250,13,1,17,2350,5,1,1,1.0,6,27229,M,4902400.0,111600.0,27
201300021251,13,1,22,1655,1,2,1,1.0,6,27229,M,,,27
201300021252,13,2,9,2000,5,2,1,1.0,2,27229,M,4901000.0,107400.0,27
201300021253,13,2,19,1130,1,2,2,1.0,3,27229,M,4901000.0,110100.0,27
201300021254,13,2,19,1418,1,2,3,1.0,3,27229,M,4900400.0,109500.0,27
201300021255,13,3,2,2130,5,2,1,1.0,2,27229,M,4901200.0,108300.0,27
201300021256,13,4,16,1650,1,2,1,1.0,3,27229,M,4900600.0,108200.0,27
201300021257,13,4,29,1330,1,2,2,1.0,3,27229,M,4901000.0,110100.0,27
201300021258,13,5,3,1900,1,2,1,1.0,6,27229,M,,,27
201300021259,13,5,16,1100,1,2,1,1.0,2,27229,M,4900500.0,110400.0,27
201300021260,13,5,25,1405,1,2,1,2.0,2,27229,M,4901500.0,109300.0,27
201300021261,13,5,27,1320,1,2,2,1.0,3,27229,M,4901200.0,108200.0,27
201300021262,13,6,7,1705,1,2,5,1.0,3,27229,M,4901000.0,109000.0,27
201300021263,13,6,30,145,5,2,1,1.0,6,27229,M,4901400.0,109000.0,27
201300021264,13,7,22,1615,1,2,1,1.0,7,27229,M,4900100.0,109200.0,27
201300021265,13,9,1,615,2,2,1,1.0,7,27229,M,,,27
201300021266,13,9,2,1124,1,2,1,1.0,3,27229,M,,,27
201300021267,13,9,5,1810,1,2,1,1.0,6,27229,M,,,27
201300021268,13,9,13,2020,2,2,2,2.0,3,27229,M,,,27
201300021269,13,9,20,2035,2,2,1,1.0,3,27229,M,,,27
201300021270,13,9,20,2000,5,2,1,1.0,6,27229,M,,,27
201300021271,13,9,21,1140,2,2,1,1.0,6,27229,M,,,27
201300021272,13,10,3,2225,5,2,1,1.0,2,27229,M,,,27
201300021273,13,10,5,2030,5,2,1,1.0,3,27229,M,,,27
201300021274,13,10,18,1950,5,2,1,1.0,7,27229,M,,,27
201300021275,13,10,19,2225,5,2,1,1.0,3,27229,M,,,27
201300021276,13,10,30,1830,5,2,2,1.0,3,27229,M,,,27
201300021277,13,11,2,920,1,2,2,1.0,3,27229,M,,,27
201300021278,13,11,12,615,2,2,2,1.0,3,27229,M,,,27
201300021279,13,11,18,1125,1,2,1,1.0,3,27229,M,,,27
201300021280,13,11,27,1110,1,2,1,1.0,6,27229,M,,,27
201300021281,13,12,6,1805,2,2,1,1.0,6,27229,M,,,27
201300021282,13,12,12,1145,1,2,1,1.0,6,27229,M,,,27
201300021283,13,12,20,1130,1,2,1,1.0,6,27229,M,,,27
201300021284,13,12,22,1745,5,2,1,1.0,3,27229,M,,,27
201300021285,13,6,5,1630,1,1,1,1.0,6,35353,M,4812700.0,-177700.0,35
201300021286,13,7,20,1115,1,1,1,1.0,6,35353,M,4812912.0,-175194.0,35
201300021287,13,11,7,1400,1,2,1,2.0,3,35353,M,4810486.0,-173633.0,35
201300021288,13,2,8,855,1,2,1,2.0,6,27351,M,4914000.0,110500.0,27
201300021289,13,3,5,715,2,2,2,1.0,1,27528,M,4915100.0,111300.0,27
201300021290,13,4,24,1130,1,2,1,1.0,6,27701,M,4916100.0,112500.0,27
201300021291,13,5,9,1235,1,1,3,1.0,6,27365,M,4917200.0,111150.0,27
201300021292,13,6,15,1635,1,2,1,1.0,6,27375,M,4912300.0,109300.0,27
201300021293,13,6,30,1930,1,2,1,1.0,1,27701,M,,,27
201300021294,13,7,10,1055,1,2,1,1.0,2,27375,M,4912400.0,110000.0,27
201300021295,13,7,10,930,1,2,1,1.0,6,27375,M,4912400.0,110100.0,27
201300021296,13,7,12,1305,1,2,1,1.0,6,27701,M,4916000.0,113000.0,27
201300021297,13,7,19,1950,1,2,1,1.0,6,27375,M,4912300.0,107500.0,27
201300021298,13,7,24,1415,1,2,1,1.0,3,27375,M,4912500.0,110100.0,27
201300021299,13,8,6,1745,1,2,2,1.0,5,27701,M,,,27
201300021300,13,11,5,1124,1,1,1,8.0,7,27701,M,,,27
201300021301,13,11,16,1,5,1,6,1.0,7,27375,M,,,27
201300021302,13,11,16,1535,1,2,3,1.0,1,27701,M,,,27
201300021303,13,11,22,1535,1,1,1,8.0,7,27375,M,,,27
201300021304,13,12,18,805,2,2,1,1.0,6,27701,M,,,27
201300021305,13,4,15,1015,1,1,1,1.0,6,14681,M,4932700.0,-88105.0,14
201300021306,13,6,27,1930,1,1,1,1.0,6,14378,M,4934430.0,-96130.0,14
201300021307,13,7,3,1015,1,1,1,1.0,2,14525,M,4922400.0,-54200.0,14
201300021308,13,7,25,630,1,1,1,1.0,2,14568,M,4923400.0,-57000.0,14
201300021309,13,8,17,945,1,1,1,1.0,2,14186,M,4924000.0,-58500.0,14
201300021310,13,10,2,2145,5,1,1,1.0,3,14568,M,0.0,0.0,14
201300021311,13,11,4,1445,1,1,1,1.0,6,14342,M,0.0,0.0,14
201300021312,13,11,22,915,1,1,1,4.0,7,14681,M,0.0,0.0,14
201300021313,13,4,10,830,1,2,1,1.0,3,06095,M,0.0,0.0,06
201300021314,13,12,28,1145,1,2,1,3.0,6,06140,M,0.0,0.0,06
201300021315,13,1,17,1615,1,2,1,1.0,6,06095,M,0.0,0.0,06
201300021316,13,2,14,1030,1,2,1,1.0,1,06095,M,0.0,0.0,06
201300021317,13,7,19,1230,1,1,1,1.0,7,06037,M,0.0,0.0,06
201300021318,13,8,11,1815,1,1,1,1.0,6,06118,M,0.0,0.0,06
201300021319,13,8,13,1615,1,1,1,1.0,6,06037,M,0.0,0.0,06
201300021320,13,2,20,1810,2,2,9,1.0,2,27562,M,,,27
201300021321,13,3,5,805,2,2,1,1.0,6,27681,M,4905000.0,128400.0,27
201300021322,13,6,24,1320,1,2,3,1.0,3,27562,M,4905300.0,127200.0,27
201300021323,13,6,26,1555,1,2,9,1.0,3,27681,M,4905000.0,129500.0,27
201300021324,13,4,16,1610,1,2,1,1.0,7,27681,M,4905400.0,128200.0,27
201300021325,13,8,5,1630,1,2,3,1.0,3,27554,M,,,27
201300021326,13,8,29,905,1,2,4,1.0,3,27681,M,,,27
201300021327,13,8,29,1650,1,2,3,1.0,7,27562,M,,,27
201300021328,13,11,9,720,2,2,1,1.0,6,27681,M,,,27
201300021329,13,12,27,1300,1,1,1,8.0,1,17472,M,4624201.0,-108606.0,17
201300021330,13,8,2,515,3,1,1,1.0,3,17407,M,4619093.0,-102737.0,17
201300021331,13,2,17,2015,3,1,1,1.0,3,25618,M,4743500.0,669500.0,25
201300021332,13,6,9,500,2,1,1,2.0,6,25614,M,4752800.0,685700.0,25
201300021333,13,6,12,1815,1,1,1,1.0,2,25188,M,0.0,0.0,25
201300021334,13,8,8,700,1,1,1,2.0,5,25230,M,0.0,0.0,25
201300021335,13,3,19,845,1,2,1,1.0,1,91363,M,0.0,0.0,91
201300021336,13,6,18,1830,1,1,1,1.0,3,91665,M,0.0,0.0,91
201300021337,13,9,14,1430,1,1,1,2.0,6,91666,M,0.0,0.0,91
201300021338,13,9,29,1900,2,2,1,2.0,2,91363,M,0.0,0.0,91
201300021339,13,10,5,100,5,2,1,1.0,6,91363,M,0.0,0.0,91
201300021340,13,12,2,715,5,1,9,9.0,5,91458,M,4866400.0,222800.0,91
201300021341,13,12,12,2030,3,1,1,1.0,6,91363,M,0.0,0.0,91
201300021342,13,2,24,2230,3,1,1,4.0,3,76537,M,4973836.0,161330.0,76
201300021343,13,5,8,2200,3,1,1,3.0,6,76244,M,4971453.0,140922.0,76
201300021344,13,5,13,1045,1,1,1,2.0,6,76257,M,4986365.0,155487.0,76
201300021345,13,6,2,1615,1,1,1,1.0,6,76278,M,4984054.0,153988.0,76
201300021346,13,6,4,1,3,1,1,1.0,6,76122,M,4979758.0,150444.0,76
201300021347,13,6,5,900,1,1,1,1.0,2,76516,M,4972001.0,142694.0,76
201300021348,13,6,23,1230,1,1,1,2.0,7,76424,M,4976123.0,148353.0,76
201300021349,13,9,9,1800,1,1,1,3.0,7,76126,M,4967730.0,133851.0,76
201300021350,13,5,28,2300,3,1,1,1.0,2,76287,M,4956127.0,104348.0,76
201300021351,13,5,8,1015,1,1,1,3.0,6,87120,M,0.0,0.0,87
201300021352,13,6,7,1815,1,1,1,1.0,6,87203,M,0.0,0.0,87
201300021353,13,8,19,1100,1,1,1,1.0,2,87019,M,0.0,0.0,87
201300021354,13,12,27,2030,3,1,1,8.0,5,87019,M,0.0,0.0,87
201300021355,13,3,19,730,2,1,1,8.0,1,19031,M,4513300.0,149300.0,19
201300021356,13,5,13,545,3,1,1,1.0,2,19248,M,0.0,0.0,19
201300021357,13,7,8,1345,1,1,1,1.0,6,19162,M,4537000.0,157200.0,19
201300021358,13,8,4,1330,1,1,1,1.0,2,19031,M,4512700.0,149900.0,19
201300021359,13,12,6,715,2,1,1,1.0,5,19248,M,4547100.0,151600.0,19
201300021360,13,6,1,800,1,1,1,1.0,7,59462,M,5052732.0,300798.0,59
201300021361,13,9,18,545,5,2,1,3.0,1,59266,M,5054199.0,298454.0,59
201300021362,13,10,22,330,3,1,1,1.0,7,59123,M,5051815.0,299063.0,59
201300021363,13,11,30,1800,3,2,1,1.0,5,59266,M,5054252.0,299023.0,59
201300021364,13,1,8,1905,5,2,2,2.0,3,28085,M,4844689.0,149888.0,28
201300021365,13,1,11,725,5,2,1,1.0,2,28085,M,4844517.0,149630.0,28
201300021366,13,1,15,1430,1,2,3,1.0,3,28085,M,4844610.0,148197.0,28
201300021367,13,1,17,1402,1,1,1,1.0,7,28110,M,,,28
201300021368,13,1,18,1030,1,2,1,1.0,6,28209,M,,,28
201300021369,13,1,19,1714,2,2,2,1.0,3,28110,M,,,28
201300021370,13,1,25,1905,5,2,1,1.0,2,28218,M,4843345.0,146090.0,28
201300021371,13,1,30,730,5,2,1,2.0,6,28085,M,,,28
201300021372,13,1,30,1745,5,2,1,1.0,3,28218,M,4843894.0,145811.0,28
201300021373,13,2,2,1610,1,2,1,1.0,5,28085,M,,,28
201300021374,13,2,4,1802,2,2,1,1.0,6,28085,M,4844554.0,148357.0,28
201300021375,13,2,6,1315,1,2,3,1.0,6,28085,M,4845117.0,149215.0,28
201300021376,13,2,5,812,2,1,1,1.0,5,28085,M,4845363.0,152912.0,28
201300021377,13,2,8,2110,5,1,1,8.0,1,28070,M,4846825.0,151577.0,28
201300021378,13,2,14,1855,5,2,3,2.0,6,28229,M,4845166.0,146676.0,28
201300021379,13,2,14,2055,5,2,1,1.0,7,28229,M,4844702.0,146914.0,28
201300021380,13,2,17,1355,1,2,1,1.0,3,28218,M,4844054.0,147025.0,28
201300021381,13,2,19,2300,5,2,6,1.0,6,28085,M,,,28
201300021382,13,2,21,1047,1,2,1,1.0,3,28110,M,,,28
201300021383,13,2,27,1255,1,2,1,1.0,3,28209,M,4847440.0,146629.0,28
201300021384,13,3,5,1240,1,2,2,1.0,3,28218,M,,,28
201300021385,13,3,7,800,1,2,1,1.0,2,28085,M,4844920.0,149941.0,28
201300021386,13,3,8,800,1,2,1,2.0,2,28085,M,,,28
201300021387,13,3,9,900,1,2,1,1.0,3,28110,M,4842560.0,148912.0,28
201300021388,13,3,9,1900,2,2,1,1.0,3,28220,M,4843236.0,147647.0,28
201300021389,13,3,14,1220,1,2,1,1.0,2,28229,M,4845403.0,145575.0,28
201300021390,13,3,15,825,1,2,1,1.0,2,28085,M,4844859.0,150146.0,28