Num_Acc,an,mois,jour,hrmn,lum,agg,int,atm,col,com,gps,lat,long,dep
201300021391,13,3,19,1805,1,2,1,1.0,3,28229,M,4844935.0,145188.0,28
201300021392,13,3,22,240,5,2,1,1.0,3,28085,M,4844567.0,152453.0,28
201300021393,13,3,22,1930,5,2,1,1.0,6,28085,M,4845132.0,147800.0,28
201300021394,13,3,25,1650,1,2,1,1.0,6,28085,M,4844237.0,148811.0,28
201300021395,13,3,25,1715,1,2,1,1.0,2,28085,M,4844845.0,150256.0,28
201300021396,13,3,26,2100,5,2,3,1.0,3,28085,M,,,28
201300021397,13,3,27,1220,1,2,1,1.0,2,28085,M,,,28
201300021398,13,3,27,1453,1,2,1,1.0,3,28220,M,4841926.0,145800.0,28
201300021399,13,4,1,520,5,2,1,1.0,6,28085,M,,,28
201300021400,13,4,11,1700,1,2,3,1.0,2,28085,M,,,28
201300021401,13,4,15,1950,1,2,1,1.0,7,28085,M,,,28
201300021402,13,4,11,1210,1,2,1,1.0,3,28085,M,4844344.0,148986.0,28
201300021403,13,4,25,550,5,2,2,1.0,3,28085,M,4843959.0,148204.0,28
201300021404,13,4,26,2106,2,2,1,1.0,5,28085,M,,,28
201300021405,13,4,29,1300,1,2,1,1.0,6,28218,M,4843723.0,146572.0,28
201300021406,13,5,1,650,2,2,1,1.0,3,28209,M,,,28
201300021407,13,5,12,740,1,2,1,1.0,6,28220,M,,,28
201300021408,13,5,14,1430,1,2,1,1.0,6,28085,M,4844722.0,151383.0,28
201300021409,13,5,14,1838,1,2,2,1.0,3,28085,M,,,28
201300021410,13,5,20,1727,1,1,1,2.0,7,28218,M,,,28
201300021411,13,5,21,820,2,2,2,2.0,3,28218,M,4844014.0,146654.0,28
201300021412,13,5,21,1255,1,2,1,2.0,1,28218,M,4843886.0,147143.0,28
201300021413,13,5,21,1335,1,1,1,1.0,1,28229,M,,,28
201300021414,13,5,23,1925,1,2,1,1.0,3,28085,M,4844661.0,151012.0,28
201300021415,13,5,28,939,1,2,2,2.0,3,28218,M,4843385.0,144352.0,28
201300021416,13,5,31,1630,1,2,1,1.0,7,28220,M,4843096.0,147559.0,28
201300021417,13,6,8,1925,1,2,1,3.0,6,28085,M,4844556.0,148351.0,28
201300021418,13,6,6,1738,1,1,1,1.0,2,28229,M,,,28
201300021419,13,6,7,910,1,2,1,1.0,6,28220,M,,,28
201300021420,13,6,12,1320,1,1,6,2.0,3,28085,M,,,28
201300021421,13,6,18,740,1,2,3,1.0,6,28218,M,4843855.0,144994.0,28
201300021422,13,6,19,1305,1,2,1,1.0,6,28085,M,,,28
201300021423,13,6,20,2224,5,2,1,1.0,6,28085,M,4844316.0,149565.0,28
201300021424,13,6,21,1655,1,1,1,1.0,5,28209,M,,,28
201300021425,13,6,22,1728,1,2,1,1.0,6,28085,M,,,28
201300021426,13,6,22,1800,1,2,1,1.0,2,28110,M,,,28
201300021427,13,6,26,1710,1,2,1,1.0,6,28218,M,4843878.0,146108.0,28
201300021428,13,6,30,1522,1,2,2,1.0,3,28218,M,4843806.0,146202.0,28
201300021429,13,7,3,1521,1,2,9,1.0,6,28085,M,4844539.0,148354.0,28
201300021430,13,7,3,1800,1,2,1,1.0,3,28085,M,4844261.0,148661.0,28
201300021431,13,7,6,1910,1,2,2,1.0,3,28218,M,,,28
201300021432,13,7,9,1420,1,2,1,1.0,6,28085,M,4844574.0,148361.0,28
201300021433,13,7,10,1850,1,2,1,1.0,2,28085,M,4844227.0,148306.0,28
201300021434,13,7,11,1016,1,2,2,1.0,3,28229,M,4844904.0,145187.0,28
201300021435,13,7,11,1219,1,2,2,1.0,3,28220,M,4842512.0,148014.0,28
201300021436,13,7,13,1915,1,2,1,1.0,6,28085,M,4843482.0,149134.0,28
201300021437,13,7,17,1600,1,2,1,1.0,6,28220,M,4843620.0,147947.0,28
201300021438,13,7,18,1015,1,2,2,1.0,6,28085,M,4844753.0,151540.0,28
201300021439,13,7,19,1655,1,2,1,1.0,2,28220,M,4842483.0,148172.0,28
201300021440,13,7,20,1700,1,2,1,1.0,2,28220,M,4842474.0,145511.0,28
201300021441,13,7,23,1734,1,2,1,1.0,6,28229,M,4844869.0,145173.0,28
201300021442,13,7,25,1745,1,2,1,1.0,3,28220,M,4843567.0,147906.0,28
201300021443,13,7,29,1530,1,2,3,1.0,3,28110,M,,,28
201300021444,13,7,31,1640,1,2,1,1.0,6,28220,M,4842759.0,146705.0,28
201300021445,13,8,5,720,1,2,2,1.0,3,28220,M,4842760.0,146811.0,28
201300021446,13,8,8,1045,1,2,1,1.0,3,28220,M,4842951.0,147441.0,28
201300021447,13,8,10,1010,1,2,1,1.0,6,28229,M,4844887.0,146412.0,28
201300021448,13,8,14,1220,1,1,1,1.0,6,28070,M,4847703.0,151704.0,28
201300021449,13,8,13,1320,1,2,1,1.0,2,28085,M,4844243.0,148773.0,28
201300021450,13,8,15,2230,5,2,1,1.0,3,28085,M,,,28
201300021451,13,8,16,1122,1,2,1,1.0,1,28085,M,4844524.0,148344.0,28
201300021452,13,8,17,1103,1,2,2,1.0,3,28085,M,,,28
201300021453,13,8,23,900,1,2,2,1.0,1,28085,M,4844668.0,147990.0,28
201300021454,13,8,27,805,1,1,1,1.0,1,28229,M,,,28
201300021455,13,8,27,1500,1,2,1,8.0,6,28085,M,4844533.0,148355.0,28
201300021456,13,9,9,1015,1,2,1,2.0,2,28085,M,4843889.0,148423.0,28
201300021457,13,9,9,758,1,2,1,1.0,2,28085,M,4844644.0,150856.0,28
201300021458,13,9,10,1108,1,2,1,1.0,6,28218,M,4843963.0,147112.0,28
201300021459,13,9,10,1550,1,2,1,1.0,6,28085,M,4844285.0,148325.0,28
201300021460,13,9,4,930,1,2,1,1.0,7,28085,M,4844792.0,148196.0,28
201300021461,13,9,11,1235,1,2,1,1.0,3,28085,M,4844141.0,147424.0,28
201300021462,13,9,12,1020,1,2,1,2.0,1,28070,M,,,28
201300021463,13,9,12,2030,5,1,3,2.0,5,28110,M,,,28
201300021464,13,9,14,1350,1,2,1,2.0,7,28085,M,4844856.0,149268.0,28
201300021465,13,9,16,700,2,1,1,2.0,6,28209,M,4847038.0,147893.0,28
201300021466,13,9,17,1520,1,2,1,2.0,3,28070,M,4846930.0,150817.0,28
201300021467,13,9,17,1742,1,1,6,1.0,3,28085,M,4845381.0,153100.0,28
201300021468,13,9,17,2220,5,1,6,3.0,3,28085,M,,,28
201300021469,13,9,11,350,3,1,1,1.0,7,28209,M,,,28
201300021470,13,9,2,1915,2,2,1,1.0,3,28070,M,4846164.0,150746.0,28
201300021471,13,9,28,1005,1,2,3,1.0,3,28085,M,,,28
201300021472,13,9,26,755,1,2,6,1.0,6,28229,M,4844744.0,147641.0,28
201300021473,13,9,29,1627,1,2,4,1.0,7,28085,M,4845920.0,148970.0,28
201300021474,13,10,2,912,1,2,1,1.0,7,28085,M,4844167.0,148290.0,28
201300021475,13,10,3,745,1,2,1,1.0,6,28209,M,,,28
201300021476,13,9,27,1945,1,1,1,1.0,6,28085,M,,,28
201300021477,13,10,5,2345,5,1,1,1.0,7,28110,M,,,28
201300021478,13,10,3,2036,3,1,2,3.0,2,28110,M,,,28
201300021479,13,10,9,2007,5,2,3,2.0,4,28085,M,,,28
201300021480,13,10,11,810,1,2,3,2.0,3,28085,M,4844359.0,148127.0,28
201300021481,13,10,11,745,2,2,9,1.0,6,28218,M,4843636.0,145767.0,28
201300021482,13,10,12,640,5,1,1,1.0,6,28085,M,,,28
201300021483,13,10,13,400,5,2,1,1.0,7,28085,M,4844230.0,147796.0,28
201300021484,13,10,13,1800,1,2,3,1.0,6,28085,M,4844835.0,148693.0,28
201300021485,13,10,15,1255,1,1,3,2.0,3,28209,M,,,28
201300021486,13,10,18,1800,1,2,3,1.0,2,28085,M,4846062.0,148304.0,28
201300021487,13,10,18,2135,4,2,1,1.0,7,28085,M,4843278.0,151064.0,28
201300021488,13,10,19,1642,1,1,9,1.0,3,28110,M,,,28
201300021489,13,10,21,855,1,2,3,1.0,3,28085,M,4843417.0,150633.0,28
201300021490,13,10,26,1515,1,2,1,1.0,2,28085,M,4844980.0,150634.0,28
201300021491,13,10,30,1720,1,2,2,1.0,3,28220,M,4842885.0,147391.0,28
201300021492,13,10,31,948,1,2,1,1.0,4,28220,M,,,28
201300021493,13,11,3,1540,1,2,1,2.0,2,28085,M,4845239.0,148733.0,28
201300021494,13,11,3,1410,1,2,2,1.0,3,28085,M,4846271.0,149104.0,28
201300021495,13,11,4,1145,1,2,1,1.0,6,28085,M,,,28
201300021496,13,11,5,1750,5,2,1,1.0,6,28085,M,,,28
201300021497,13,11,6,645,3,1,1,2.0,6,28085,M,,,28
201300021498,13,11,6,1715,1,2,6,1.0,7,28218,M,,,28
201300021499,13,11,6,1225,1,2,1,1.0,6,28085,M,4844441.0,149204.0,28
201300021500,13,11,7,1855,3,1,3,3.0,4,28229,M,,,28
201300021501,13,11,12,850,1,2,3,2.0,3,28209,M,,,28
201300021502,13,11,12,1800,3,1,6,2.0,2,28229,M,,,28
201300021503,13,11,13,911,1,2,1,1.0,6,28218,M,4842929.0,146634.0,28
201300021504,13,11,14,1755,5,2,1,2.0,6,28209,M,,,28
201300021505,13,11,18,840,1,2,2,2.0,3,28218,M,4843586.0,146123.0,28
201300021506,13,11,20,550,5,2,1,1.0,7,28209,M,,,28
201300021507,13,11,23,1225,1,1,2,1.0,3,28229,M,4845578.0,146260.0,28
201300021508,13,11,24,1610,1,2,1,1.0,3,28218,M,4843534.0,144697.0,28
201300021509,13,11,29,1846,3,1,1,1.0,6,28085,M,4844674.0,152793.0,28
201300021510,13,11,30,1055,1,1,1,1.0,7,28209,M,,,28
201300021511,13,12,2,735,3,2,3,1.0,7,28085,M,,,28
201300021512,13,12,2,930,1,2,2,1.0,3,28085,M,4846078.0,149510.0,28
201300021513,13,12,2,1720,5,2,1,1.0,6,28218,M,4843026.0,146489.0,28
201300021514,13,12,3,1745,3,1,1,1.0,3,28229,M,,,28
201300021515,13,11,14,1750,5,2,1,1.0,3,28110,M,,,28
201300021516,13,12,6,1601,1,2,1,1.0,2,28220,M,4841908.0,147304.0,28
201300021517,13,12,9,838,1,2,2,1.0,7,28229,M,,,28
201300021518,13,12,9,1150,1,2,2,1.0,3,28218,M,4844019.0,146659.0,28
201300021519,13,12,9,1850,5,2,1,8.0,7,28085,M,,,28
201300021520,13,12,11,800,1,1,1,9.0,4,28220,M,,,28
201300021521,13,12,13,945,1,2,1,9.0,7,28218,M,4842804.0,144614.0,28
201300021522,13,12,14,1750,1,2,3,1.0,7,28085,M,4844278.0,147537.0,28
201300021523,13,12,15,1155,1,2,2,1.0,6,28218,M,4844058.0,146596.0,28
201300021524,13,12,15,1300,1,2,1,1.0,2,28070,M,4846896.0,150267.0,28
201300021525,13,12,15,1615,1,2,3,1.0,1,28085,M,4845172.0,148649.0,28
201300021526,13,12,15,1845,5,2,3,1.0,6,28085,M,4844875.0,150676.0,28
201300021527,13,12,16,755,2,2,1,1.0,7,28085,M,,,28
201300021528,13,12,17,950,1,2,1,7.0,4,28218,M,4842954.0,146598.0,28
201300021529,13,12,17,1650,1,2,1,1.0,5,28085,M,,,28
201300021530,13,12,16,1650,2,1,1,1.0,2,28209,M,,,28
201300021531,13,12,23,1630,1,2,1,1.0,7,28085,M,,,28
201300021532,13,12,31,720,3,1,1,2.0,7,28229,M,,,28
201300021533,13,10,30,1430,1,2,6,2.0,2,42176,M,4604743.0,398495.0,42
201300021534,13,10,14,1115,1,2,1,1.0,1,42182,M,4603953.0,401091.0,42
201300021535,13,1,4,1415,1,1,9,2.0,1,42231,M,4611661.0,397379.0,42
201300021536,13,1,20,2230,3,1,1,1.0,1,42220,M,4611780.0,394868.0,42
201300021537,13,2,1,1500,1,1,1,1.0,4,42220,M,4612514.0,393004.0,42
201300021538,13,3,8,800,1,1,1,8.0,6,42220,M,4611974.0,394388.0,42
201300021539,13,3,14,1000,1,1,1,4.0,5,42284,M,4609197.0,400293.0,42
201300021540,13,3,29,845,1,2,1,2.0,3,42182,M,4605904.0,392822.0,42
201300021541,13,4,11,1330,1,1,1,2.0,6,42163,M,4620903.0,389815.0,42
201300021542,13,5,13,1530,1,1,1,1.0,2,42284,M,4608320.0,402548.0,42
201300021543,13,6,18,1345,1,2,6,1.0,7,42182,M,4605179.0,393537.0,42
201300021544,13,6,25,1645,1,2,1,1.0,3,42176,M,4603870.0,397978.0,42
201300021545,13,7,10,1215,1,1,1,1.0,7,42253,M,4603592.0,399614.0,42
201300021546,13,7,21,1000,1,2,1,1.0,6,42182,M,4605183.0,392503.0,42
201300021547,13,8,15,2145,3,1,1,1.0,6,42078,M,4616920.0,386531.0,42
201300021548,13,9,4,1745,1,2,1,7.0,3,42163,M,4617542.0,386831.0,42
201300021549,13,11,28,1000,1,2,1,1.0,6,42198,M,4600884.0,393517.0,42
201300021550,13,1,15,740,5,2,3,8.0,6,28134,M,,,28
201300021551,13,2,2,1830,5,1,1,1.0,2,28134,M,4874604.0,136504.0,28
201300021552,13,2,18,1415,1,2,1,1.0,3,28404,M,,,28
201300021553,13,2,18,1810,1,2,1,1.0,3,28404,M,,,28
201300021554,13,3,25,1850,1,2,2,1.0,3,28404,M,,,28
201300021555,13,3,26,1640,1,2,1,1.0,6,28404,M,4872507.0,133123.0,28
201300021556,13,4,1,1130,1,1,1,1.0,2,28134,M,,,28
201300021557,13,4,11,840,1,1,1,1.0,5,28134,M,,,28
201300021558,13,4,14,1840,1,2,1,1.0,6,28134,M,4873881.0,138742.0,28
201300021559,13,4,18,1810,1,2,1,1.0,6,28134,M,,,28
201300021560,13,5,10,135,3,1,1,2.0,2,28134,M,,,28
201300021561,13,6,16,2215,1,2,2,1.0,3,28404,M,,,28
201300021562,13,7,3,2000,1,1,1,1.0,1,28134,M,4875608.0,134467.0,28
201300021563,13,7,14,2100,1,2,1,1.0,3,28404,M,4873023.0,134159.0,28
201300021564,13,7,18,755,1,2,1,1.0,3,28332,M,,,28
201300021565,13,7,23,930,1,2,1,1.0,3,28134,M,4874105.0,133632.0,28
201300021566,13,8,5,2010,1,1,1,7.0,1,28134,M,4876384.0,133444.0,28
201300021567,13,9,12,1025,1,1,2,2.0,2,28134,M,,,28
201300021568,13,9,14,1300,1,2,1,4.0,3,28134,M,4874045.0,138290.0,28
201300021569,13,10,10,910,1,2,6,7.0,6,28134,M,,,28
201300021570,13,10,29,1520,1,1,3,7.0,3,28404,M,0.0,0.0,28
201300021571,13,11,5,1900,5,2,1,2.0,3,28134,M,4874853.0,135432.0,28
201300021572,13,12,7,850,1,2,6,1.0,3,28134,M,,,28
201300021573,13,12,14,1630,1,2,1,1.0,1,28134,M,,,28
201300021574,13,12,29,1510,1,2,3,1.0,3,28134,M,4874013.0,133604.0,28
201300021575,13,2,14,1515,1,1,1,2.0,2,71520,M,0.0,0.0,71
201300021576,13,4,5,430,3,1,1,1.0,6,71052,M,0.0,0.0,71
201300021577,13,4,12,1145,1,1,1,1.0,5,71170,M,0.0,0.0,71
201300021578,13,5,13,2200,3,1,1,1.0,5,71052,M,0.0,0.0,71
201300021579,13,6,19,1615,1,1,1,1.0,5,71052,M,0.0,0.0,71
201300021580,13,6,28,615,2,1,1,8.0,2,71052,M,0.0,0.0,71
201300021581,13,7,10,615,1,1,1,1.0,6,71475,M,0.0,0.0,71
201300021582,13,7,12,2130,1,1,1,1.0,2,71384,M,0.0,0.0,71
201300021583,13,7,13,800,1,1,1,1.0,6,71444,M,0.0,0.0,71
201300021584,13,7,27,315,3,1,1,1.0,2,71052,M,0.0,0.0,71
201300021585,13,8,10,2000,2,1,1,1.0,6,71336,M,0.0,0.0,71
201300021586,13,8,15,1545,1,1,1,1.0,2,71170,M,0.0,0.0,71
201300021587,13,8,18,245,3,2,1,1.0,6,71073,M,4691400.0,475348.0,71
201300021588,13,9,1,915,1,1,1,1.0,3,71118,M,0.0,0.0,71
201300021589,13,9,8,1900,1,1,1,8.0,1,71189,M,0.0,0.0,71
201300021590,13,10,10,2045,3,1,1,2.0,6,71138,M,0.0,0.0,71
201300021591,13,10,25,1845,2,1,1,1.0,5,71019,M,0.0,0.0,71
201300021592,13,12,14,1245,1,1,1,1.0,2,71245,M,0.0,0.0,71
201300021593,13,12,27,1015,1,1,1,8.0,7,71384,M,4669195.0,484477.0,71
201300021594,13,3,4,1445,1,1,1,1.0,3,74179,M,0.0,0.0,74
201300021595,13,4,22,1815,1,2,4,1.0,3,74272,M,0.0,0.0,74
201300021596,13,4,18,845,1,1,2,1.0,3,74272,M,0.0,0.0,74
201300021597,13,4,26,800,1,1,1,1.0,1,74152,M,0.0,0.0,74
201300021598,13,5,5,1500,1,1,1,1.0,6,74179,M,0.0,0.0,74
201300021599,13,5,21,730,1,2,1,2.0,6,74272,M,0.0,0.0,74
201300021600,13,6,21,100,5,1,1,1.0,6,74112,M,0.0,0.0,74
201300021601,13,6,22,2200,3,1,1,1.0,1,74152,M,0.0,0.0,74
201300021602,13,7,11,1615,1,1,1,1.0,7,74231,M,0.0,0.0,74
201300021603,13,12,4,345,3,1,1,9.0,1,74112,M,0.0,0.0,74
201300021604,13,3,29,1715,1,1,2,1.0,3,14532,M,4890480.0,-83378.0,14
201300021605,13,4,1,1830,1,1,2,1.0,3,14347,M,4903710.0,-72952.0,14
201300021606,13,4,11,1200,1,1,2,1.0,3,14052,M,4892970.0,-81048.0,14
201300021607,13,4,17,1630,1,1,3,1.0,3,14413,M,4898950.0,-74456.0,14
201300021608,13,7,13,1900,1,1,1,1.0,1,14443,M,4894600.0,-74200.0,14
201300021609,13,1,31,330,4,1,1,8.0,7,22206,M,4853269.0,-300667.0,22
201300021610,13,2,9,1415,1,1,1,2.0,1,22182,M,4853121.0,-294253.0,22
201300021611,13,2,22,1900,3,1,1,1.0,2,22182,M,4853074.0,-291978.0,22
201300021612,13,2,25,1045,1,1,1,4.0,7,22188,M,4852328.0,-288558.0,22
201300021613,13,4,26,1115,1,1,1,1.0,7,22227,M,4856559.0,-354570.0,22
201300021614,13,4,28,1700,1,1,1,1.0,4,22187,M,4853200.0,-275000.0,22
201300021615,13,6,9,2330,4,1,1,1.0,2,22187,M,4854509.0,-280621.0,22
201300021616,13,7,26,1615,1,1,1,1.0,2,22187,M,4854623.0,-278072.0,22
201300021617,13,7,29,1100,1,1,1,1.0,6,22225,M,4855300.0,-310800.0,22
201300021618,13,8,17,1100,1,1,1,1.0,2,22227,M,4856705.0,-357514.0,22
201300021619,13,9,22,715,2,1,1,5.0,7,22030,M,4870913.0,-338259.0,22
201300021620,13,12,8,2115,3,1,1,1.0,2,22164,M,4858555.0,-324883.0,22
201300021621,13,2,13,1500,1,1,1,1.0,7,22180,M,4842573.0,-224151.0,22
201300021622,13,2,22,845,1,1,9,1.0,3,22259,M,4844759.0,-209525.0,22
201300021623,13,2,23,1030,1,1,1,4.0,2,22051,M,4836867.0,-233317.0,22
201300021624,13,3,5,440,3,1,1,1.0,7,22389,M,4847986.0,-265796.0,22
201300021625,13,3,11,715,2,1,1,3.0,7,22193,M,4840416.0,-241364.0,22
201300021626,13,3,12,2100,3,1,1,4.0,7,22185,M,4844150.0,-247746.0,22
201300021627,13,3,15,1230,1,1,1,1.0,7,22337,M,4835409.0,-230760.0,22
201300021628,13,4,28,1400,1,1,1,1.0,6,22339,M,0.0,0.0,22
201300021629,13,6,15,1945,1,1,9,1.0,7,22339,M,4848700.0,-204100.0,22
201300021630,13,7,15,730,1,1,1,1.0,2,22081,M,4848111.0,-264534.0,22
201300021631,13,7,31,2015,1,1,1,1.0,7,22190,M,4851993.0,-203847.0,22
201300021632,13,10,15,1830,1,1,1,1.0,6,22032,M,4830000.0,-222300.0,22
201300021633,13,12,2,530,3,1,1,1.0,2,22020,M,4832008.0,-225125.0,22
201300021634,13,12,10,1545,1,1,1,1.0,6,22193,M,4841925.0,-244438.0,22
201300021635,13,12,10,2245,3,1,1,1.0,7,22339,M,4847992.0,-204430.0,22
201300021636,13,12,25,1500,1,1,1,2.0,7,22369,M,4834366.0,-228795.0,22
201300021637,13,12,25,1800,3,1,1,2.0,7,22190,M,4851815.0,-203864.0,22
201300021638,13,12,26,1430,1,1,1,1.0,6,22160,M,4843835.0,-247432.0,22
201300021639,13,12,29,200,3,1,9,1.0,6,22389,M,4848060.0,-265168.0,22
201300021640,13,7,1,2345,3,1,1,1.0,6,29266,M,4853745.0,-391766.0,29
201300021641,13,6,30,900,1,1,1,1.0,7,29181,M,4848871.0,-423444.0,29
201300021642,13,7,15,1630,1,1,1,1.0,6,29268,M,4847180.0,-432644.0,29
201300021643,13,8,18,1315,1,1,1,1.0,6,29199,M,4857752.0,-365213.0,29
201300021644,13,8,29,500,3,1,1,5.0,7,29068,M,4852570.0,-398637.0,29
201300021645,13,10,22,1800,1,1,9,2.0,6,29268,M,4847234.0,-432595.0,29
201300021646,13,8,15,1345,1,1,1,1.0,7,29053,M,4829698.0,-417068.0,29
201300021647,13,9,18,1845,1,1,1,1.0,2,29140,M,4838179.0,-430328.0,29
201300021648,13,2,21,2230,3,1,1,1.0,6,35206,M,4805574.0,-168092.0,35
201300021649,13,3,8,1930,2,1,1,1.0,4,35206,M,4806186.0,-167870.0,35
201300021650,13,5,18,630,2,1,1,1.0,2,35012,M,4785328.0,-169345.0,35
201300021651,13,6,4,1315,1,1,1,1.0,5,35139,M,4797411.0,-169416.0,35
201300021652,13,6,10,1345,1,1,1,1.0,6,35139,M,4797924.0,-169548.0,35
201300021653,13,6,19,1130,1,1,1,1.0,5,35139,M,4797760.0,-169517.0,35
201300021654,13,6,23,1815,1,1,1,1.0,6,35206,M,4806525.0,-167761.0,35
201300021655,13,10,6,645,2,1,1,1.0,6,35129,M,4783500.0,-182109.0,35
201300021656,13,10,15,845,1,1,1,3.0,2,35139,M,4798462.0,-169555.0,35
201300021657,13,10,20,330,3,1,1,3.0,5,35012,M,0.0,0.0,35
201300021658,13,11,13,645,5,2,1,1.0,2,35012,M,4784142.0,-168102.0,35
201300021659,13,9,8,2245,3,1,2,1.0,3,35310,M,4836937.0,-130635.0,35
201300021660,13,10,11,2200,3,1,1,1.0,7,35243,M,4835570.0,-125509.0,35
201300021661,13,4,14,1830,1,1,1,1.0,2,01209,M,4609560.0,587685.0,01
201300021662,13,4,30,755,1,1,1,1.0,3,01354,M,,,01
201300021663,13,6,21,1715,1,1,1,1.0,7,01109,M,4612230.0,589715.0,01
201300021664,13,9,10,1815,1,1,3,1.0,3,01354,M,0.0,0.0,01
201300021665,13,11,1,1500,1,1,1,1.0,6,01109,M,0.0,0.0,01
201300021666,13,6,28,1315,1,1,1,1.0,3,01419,M,,,01
201300021667,13,12,24,1430,1,1,1,1.0,1,01209,M,4609200.0,588800.0,01
201300021668,13,7,8,1200,1,2,2,1.0,3,01419,M,4623450.0,597915.0,01
201300021669,13,7,23,1500,1,2,9,1.0,1,01288,M,4618600.0,592679.0,01
201300021670,13,9,1,630,1,2,6,1.0,6,01354,M,0.0,0.0,01
201300021671,13,1,11,545,3,1,1,9.0,7,54314,M,4950759.0,571405.0,54
201300021672,13,1,27,30,3,1,1,1.0,3,54314,M,4949800.0,574200.0,54
201300021673,13,3,11,2130,5,2,1,4.0,1,54138,M,4952808.0,574635.0,54
201300021674,13,4,7,2000,2,1,1,1.0,7,54134,M,4944100.0,559700.0,54
201300021675,13,4,12,1045,1,2,1,1.0,6,54322,M,4944700.0,559900.0,54
201300021676,13,4,14,1645,1,1,1,1.0,2,54428,M,4940800.0,571900.0,54
201300021677,13,5,25,1345,1,1,1,2.0,7,54236,M,4944312.0,554677.0,54
201300021678,13,6,15,815,4,2,1,1.0,6,54582,M,4947600.0,554393.0,54
201300021679,13,7,6,1815,1,2,1,1.0,3,54322,M,0.0,0.0,54
201300021680,13,7,10,1930,1,1,1,1.0,1,54067,M,4944480.0,569993.0,54
201300021681,13,7,25,1800,1,1,1,1.0,7,54590,M,4946689.0,562193.0,54
201300021682,13,7,27,1200,1,1,1,1.0,7,54067,M,4943751.0,564401.0,54
201300021683,13,8,5,2030,1,1,1,1.0,7,54537,M,4945989.0,569166.0,54
201300021684,13,9,25,600,2,1,1,5.0,6,54067,M,4943956.0,569810.0,54
201300021685,13,9,25,1145,1,2,1,1.0,6,54234,M,4953475.0,568534.0,54
201300021686,13,10,20,2100,1,1,1,1.0,7,54236,M,4944566.0,553710.0,54
201300021687,13,10,20,800,1,1,1,2.0,6,54290,M,4943400.0,575500.0,54
201300021688,13,11,27,845,1,2,1,1.0,6,54322,M,4943908.0,560693.0,54
201300021689,13,12,20,1415,1,1,1,1.0,3,54590,M,0.0,0.0,54
201300021690,13,3,18,1445,2,1,1,8.0,1,67489,M,0.0,0.0,67
201300021691,13,7,27,945,1,1,1,1.0,2,67437,M,0.0,0.0,67
201300021692,13,9,9,1730,1,1,1,2.0,7,67459,M,0.0,0.0,67
201300021693,13,9,11,2100,3,1,1,3.0,5,67469,M,0.0,0.0,67
201300021694,13,10,9,2030,3,1,1,2.0,1,67347,M,0.0,0.0,67
201300021695,13,2,18,745,2,1,1,1.0,1,83048,M,4332300.0,699700.0,83
201300021696,13,3,8,1100,1,1,1,2.0,1,83048,M,4332300.0,695700.0,83
201300021697,13,5,3,1145,1,1,1,1.0,1,83036,M,4327600.0,685900.0,83
201300021698,13,6,4,1900,1,1,1,1.0,1,83048,M,4319100.0,659300.0,83
201300021699,13,6,21,1545,1,2,3,1.0,3,83048,M,4320652.0,656531.0,83
201300021700,13,6,21,2000,1,2,1,1.0,6,83036,M,4319434.0,653089.0,83
201300021701,13,7,2,415,5,2,1,1.0,6,83036,M,4316900.0,653800.0,83
201300021702,13,8,22,915,1,2,1,1.0,6,83048,M,4319426.0,656981.0,83
201300021703,13,10,11,1600,1,1,1,1.0,5,83048,M,0.0,0.0,83
201300021704,13,12,3,1000,1,2,1,1.0,6,83036,M,4317300.0,653500.0,83
201300021705,13,1,20,1745,2,2,1,1.0,3,35151,M,0.0,0.0,35
201300021706,13,1,22,1230,1,1,1,8.0,7,35057,M,4793900.0,-191200.0,35
201300021707,13,8,25,1515,1,1,1,1.0,6,35168,M,0.0,0.0,35
201300021708,13,10,19,1600,1,1,1,1.0,6,35129,M,0.0,0.0,35
201300021709,13,7,17,2215,2,1,1,7.0,6,86056,M,0.0,0.0,86
201300021710,13,11,5,615,3,1,1,3.0,6,86056,M,4651500.0,13700.0,86
201300021711,13,7,9,1045,1,1,1,1.0,7,62491,M,5002000.0,230300.0,62
201300021712,13,10,20,1730,1,2,1,1.0,6,62502,M,0.0,0.0,62
201300021713,13,1,2,115,3,1,1,8.0,6,21272,M,0.0,0.0,21
201300021714,13,7,2,1445,1,1,1,1.0,1,21087,M,,,21
201300021715,13,8,16,1030,1,1,1,1.0,6,21128,M,0.0,0.0,21
201300021716,13,8,21,1150,1,1,1,1.0,6,21244,M,0.0,0.0,21
201300021717,13,9,13,745,1,1,1,1.0,6,21298,M,,,21
201300021718,13,9,13,945,1,1,1,2.0,2,21501,M,4741800.0,494800.0,21
201300021719,13,9,20,1230,1,1,1,1.0,7,21633,M,4757300.0,478000.0,21
201300021720,13,5,20,845,1,1,1,3.0,5,86120,M,0.0,0.0,86