Num_Acc,an,mois,jour,hrmn,lum,agg,int,atm,col,com,gps,lat,long,dep
201300021721,13,1,29,1835,5,2,1,2.0,6,01143,M,4635440.0,613909.0,01
201300021722,13,4,1,1200,1,1,1,1.0,5,01436,M,4634160.0,608915.0,01
201300021723,13,9,21,1600,1,1,1,1.0,2,01436,M,4634800.0,609500.0,01
201300021724,13,11,9,1045,1,1,1,1.0,1,01153,M,0.0,0.0,01
201300021725,13,1,10,1845,5,2,1,2.0,6,12096,M,4452800.0,276600.0,12
201300021726,13,1,29,1330,1,1,1,1.0,2,12157,M,0.0,0.0,12
201300021727,13,3,3,1430,1,1,1,7.0,1,12049,M,0.0,0.0,12
201300021728,13,3,30,530,3,1,1,2.0,6,12157,M,0.0,0.0,12
201300021729,13,4,9,1515,1,1,1,2.0,6,12216,M,4452900.0,282700.0,12
201300021730,13,5,2,1530,1,1,1,1.0,2,12033,M,4443700.0,267900.0,12
201300021731,13,12,19,900,1,2,1,2.0,6,12096,M,4452800.0,276300.0,12
201300021732,13,11,17,15,3,1,1,8.0,7,64450,M,4347950.0,-55289.0,64
201300021733,13,12,12,1845,5,1,1,1.0,2,64300,M,4341530.0,-62874.0,64
201300021734,13,1,16,720,2,1,2,5.0,3,01322,M,4594780.0,480885.0,01
201300021735,13,3,6,1700,1,2,1,1.0,6,01427,M,4594040.0,477074.0,01
201300021736,13,4,23,1100,1,1,2,7.0,3,01157,M,4602420.0,475271.0,01
201300021737,13,6,18,1245,1,2,3,1.0,3,01194,M,4598600.0,475877.0,01
201300021738,13,7,25,1905,1,1,1,1.0,6,01322,M,4594060.0,480976.0,01
201300021739,13,8,6,1700,1,1,2,1.0,3,01322,M,4594280.0,482178.0,01
201300021740,13,1,1,425,5,2,1,2.0,2,29019,M,4841574.0,-447370.0,29
201300021741,13,1,2,1755,2,2,1,1.0,6,29019,M,4839046.0,-445200.0,29
201300021742,13,1,3,1140,1,2,1,1.0,3,29019,M,4842670.0,-447714.0,29
201300021743,13,1,11,2335,5,2,1,3.0,6,29019,M,4838790.0,-450338.0,29
201300021744,13,1,15,1830,5,2,1,1.0,6,29019,M,4838261.0,-450567.0,29
201300021745,13,1,17,2225,5,1,6,3.0,6,29019,M,4839977.0,-449664.0,29
201300021746,13,1,18,905,1,2,1,1.0,6,29019,M,4840448.0,-446672.0,29
201300021747,13,1,18,730,5,2,3,1.0,3,29019,M,4842117.0,-449679.0,29
201300021748,13,1,20,610,5,2,1,1.0,2,29019,M,4839799.0,-449119.0,29
201300021749,13,1,22,1925,5,2,6,1.0,3,29019,M,4838395.0,-452784.0,29
201300021750,13,1,25,1540,1,2,2,1.0,3,29019,M,4839172.0,-448365.0,29
201300021751,13,1,26,2310,5,2,3,1.0,3,29019,M,4841313.0,-449285.0,29
201300021752,13,1,28,850,2,2,1,1.0,6,29019,M,4838188.0,-450166.0,29
201300021753,13,1,29,715,5,2,1,3.0,6,29019,M,4840491.0,-448463.0,29
201300021754,13,1,29,1330,1,2,1,1.0,6,29019,M,4840469.0,-450166.0,29
201300021755,13,1,30,820,2,2,1,1.0,3,29019,M,4840182.0,-446825.0,29
201300021756,13,1,30,1730,1,2,6,1.0,3,29019,M,4840199.0,-450237.0,29
201300021757,13,1,31,1850,5,2,2,1.0,3,29019,M,4842873.0,-447677.0,29
201300021758,13,2,1,1210,1,2,1,2.0,6,29019,M,4838418.0,-451720.0,29
201300021759,13,2,1,1705,1,2,1,1.0,6,29019,M,4840733.0,-447540.0,29
201300021760,13,2,2,1340,1,2,3,1.0,3,29019,M,4841607.0,-447053.0,29
201300021761,13,2,4,1410,1,2,6,1.0,3,29019,M,4841250.0,-447593.0,29
201300021762,13,2,14,755,1,2,1,2.0,6,29019,M,4840469.0,-450960.0,29
201300021763,13,2,16,2000,2,2,1,1.0,6,29019,M,4840461.0,-449742.0,29
201300021764,13,2,22,540,4,2,3,1.0,3,29019,M,4838432.0,-448403.0,29
201300021765,13,2,24,1425,1,2,3,1.0,6,29019,M,4839309.0,-449851.0,29
201300021766,13,2,26,930,1,2,1,1.0,4,29019,M,4837768.0,-452234.0,29
201300021767,13,2,27,1200,1,2,2,1.0,3,29019,M,4840429.0,-447644.0,29
201300021768,13,2,28,715,5,2,1,1.0,2,29019,M,4840283.0,-447397.0,29
201300021769,13,3,2,1455,1,2,6,1.0,6,29019,M,4840461.0,-450601.0,29
201300021770,13,3,7,505,5,2,2,2.0,3,29019,M,4840820.0,-446228.0,29
201300021771,13,3,11,750,1,2,6,2.0,2,29019,M,4841501.0,-447979.0,29
201300021772,13,3,11,850,1,2,1,1.0,6,29019,M,4839193.0,-448480.0,29
201300021773,13,3,14,1650,1,2,6,1.0,6,29019,M,4837602.0,-455382.0,29
201300021774,13,3,16,1055,1,2,1,1.0,6,29019,M,4838935.0,-448455.0,29
201300021775,13,3,17,2035,4,2,1,2.0,3,29019,M,4840817.0,-448517.0,29
201300021776,13,3,18,1020,1,2,2,1.0,3,29019,M,4840068.0,-446002.0,29
201300021777,13,3,21,1720,1,2,1,2.0,6,29019,M,4840301.0,-454933.0,29
201300021778,13,3,25,1725,1,2,1,1.0,6,29019,M,4839069.0,-450916.0,29
201300021779,13,3,31,1050,1,2,1,1.0,6,29019,M,4839627.0,-445818.0,29
201300021780,13,3,31,2245,5,2,6,1.0,2,29019,M,4839107.0,-448873.0,29
201300021781,13,4,3,1830,1,2,6,1.0,6,29019,M,4842625.0,-447553.0,29
201300021782,13,4,4,905,1,2,1,2.0,2,29019,M,4839339.0,-449209.0,29
201300021783,13,4,6,1420,1,1,1,1.0,6,29019,M,4838242.0,-448563.0,29
201300021784,13,4,15,1020,1,2,2,1.0,3,29019,M,4839671.0,-447987.0,29
201300021785,13,4,13,510,5,2,1,1.0,6,29019,M,4840679.0,-448944.0,29
201300021786,13,4,21,1525,1,2,1,1.0,6,29019,M,4839309.0,-449851.0,29
201300021787,13,4,23,1750,1,2,2,1.0,3,29019,M,4840206.0,-446792.0,29
201300021788,13,4,24,1,5,2,3,1.0,3,29019,M,4839280.0,-447749.0,29
201300021789,13,4,25,1645,1,2,1,1.0,3,29019,M,4838699.0,-452589.0,29
201300021790,13,4,27,2040,1,2,6,1.0,3,29019,M,4841012.0,-446254.0,29
201300021791,13,5,2,1505,1,2,1,1.0,3,29019,M,4840683.0,-447940.0,29
201300021792,13,5,7,940,1,2,1,1.0,6,29019,M,4838304.0,-453837.0,29
201300021793,13,5,7,1220,1,2,1,1.0,3,29019,M,4838985.0,-450764.0,29
201300021794,13,5,10,440,5,2,2,1.0,6,29019,M,4840181.0,-448312.0,29
201300021795,13,5,10,1700,1,2,1,1.0,2,29019,M,4839522.0,-448421.0,29
201300021796,13,5,15,1750,1,2,1,1.0,3,29019,M,4841731.0,-448702.0,29
201300021797,13,5,17,1250,1,2,6,1.0,3,29019,M,4838622.0,-451264.0,29
201300021798,13,5,25,5,5,2,1,1.0,3,29019,M,4841302.0,-447752.0,29
201300021799,13,5,25,1655,1,2,6,1.0,3,29019,M,4840461.0,-450601.0,29
201300021800,13,5,28,820,1,2,1,1.0,3,29019,M,4838790.0,-450338.0,29
201300021801,13,5,31,2330,5,2,1,1.0,2,29019,M,4839815.0,-447238.0,29
201300021802,13,6,1,1635,1,2,1,1.0,3,29019,M,4840469.0,-450960.0,29
201300021803,13,6,3,750,1,2,1,1.0,2,29019,M,4838753.0,-447543.0,29
201300021804,13,6,4,1340,1,2,3,1.0,3,29019,M,4838386.0,-451609.0,29
201300021805,13,6,7,1415,1,2,1,1.0,2,29019,M,4840985.0,-451646.0,29
201300021806,13,6,7,1530,1,2,2,3.0,3,29019,M,4841313.0,-449294.0,29
201300021807,13,6,7,1535,1,2,2,1.0,6,29019,M,4841197.0,-445789.0,29
201300021808,13,6,8,1450,1,2,2,1.0,3,29019,M,4838561.0,-448818.0,29
201300021809,13,6,10,1907,1,2,6,1.0,3,29019,M,4840703.0,-447947.0,29
201300021810,13,6,11,930,1,2,1,2.0,6,29019,M,4837711.0,-452145.0,29
201300021811,13,6,15,1750,1,2,1,1.0,1,29019,M,4840970.0,-446831.0,29
201300021812,13,6,16,840,1,2,1,2.0,2,29019,M,4840666.0,-451220.0,29
201300021813,13,6,17,2020,1,2,4,1.0,3,29019,M,4839948.0,-446598.0,29
201300021814,13,6,19,1025,1,2,1,1.0,6,29019,M,4838828.0,-448940.0,29
201300021815,13,6,20,1207,1,2,1,2.0,3,29019,M,4838698.0,-451448.0,29
201300021816,13,6,20,1735,1,2,2,8.0,5,29019,M,4839999.0,-448582.0,29
201300021817,13,6,24,1540,1,2,3,1.0,3,29019,M,4839079.0,-449397.0,29
201300021818,13,6,24,1300,1,2,1,1.0,6,29019,M,4839000.0,-446432.0,29
201300021819,13,6,22,2120,1,2,2,1.0,3,29019,M,4841594.0,-447177.0,29
201300021820,13,6,25,1405,1,2,1,1.0,6,29019,M,4838516.0,-448952.0,29
201300021821,13,6,25,1715,1,2,3,1.0,2,29019,M,4838674.0,-453542.0,29
201300021822,13,6,27,1100,1,2,1,1.0,6,29019,M,4839054.0,-448681.0,29
201300021823,13,6,29,2000,1,2,1,1.0,4,29019,M,4839946.0,-444297.0,29
201300021824,13,6,30,420,5,2,1,1.0,6,29019,M,4836709.0,-452897.0,29
201300021825,13,7,10,1835,1,2,3,1.0,3,29019,M,4841511.0,-446828.0,29
201300021826,13,7,16,1300,1,2,1,1.0,7,29019,M,4841474.0,-447885.0,29
201300021827,13,7,17,1240,1,2,1,1.0,1,29019,M,4843191.0,-448751.0,29
201300021828,13,7,18,2000,1,1,1,1.0,6,29019,M,4841326.0,-447145.0,29
201300021829,13,7,20,1215,1,2,1,1.0,3,29019,M,4841026.0,-447091.0,29
201300021830,13,7,25,635,2,2,1,1.0,6,29019,M,4839190.0,-447292.0,29
201300021831,13,7,27,1840,1,2,3,1.0,5,29019,M,4839671.0,-453261.0,29
201300021832,13,8,2,1100,1,2,2,1.0,3,29019,M,4839977.0,-449664.0,29
201300021833,13,8,3,1310,1,2,1,1.0,6,29019,M,4838683.0,-449061.0,29
201300021834,13,8,9,720,1,2,1,1.0,1,29019,M,4841313.0,-449286.0,29
201300021835,13,8,13,1720,1,2,1,1.0,6,29019,M,4838679.0,-447010.0,29
201300021836,13,8,15,1200,1,2,1,1.0,6,29019,M,4841691.0,-449267.0,29
201300021837,13,8,19,2120,1,2,6,1.0,6,29019,M,4838308.0,-452757.0,29
201300021838,13,8,23,100,5,2,2,1.0,3,29019,M,4840499.0,-446348.0,29
201300021839,13,8,30,1450,1,2,1,1.0,6,29019,M,4840718.0,-448958.0,29
201300021840,13,9,10,800,1,2,6,1.0,3,29019,M,4838955.0,-445872.0,29
201300021841,13,9,3,1320,1,2,2,1.0,3,29019,M,4839060.0,-446652.0,29
201300021842,13,9,4,2020,1,2,3,1.0,3,29019,M,4841419.0,-447239.0,29
201300021843,13,9,4,2243,5,2,2,1.0,6,29019,M,4839559.0,-448158.0,29
201300021844,13,9,5,855,1,2,1,1.0,6,29019,M,4840469.0,-450960.0,29
201300021845,13,9,6,1735,1,2,1,2.0,3,29019,M,4838453.0,-447930.0,29
201300021846,13,9,7,1840,1,2,6,1.0,3,29019,M,4840461.0,-450601.0,29
201300021847,13,9,9,1210,1,2,1,1.0,3,29019,M,4787562.0,-391729.0,29
201300021848,13,9,12,1740,1,2,3,2.0,4,29019,M,4843191.0,-448751.0,29
201300021849,13,9,13,2323,5,2,1,2.0,6,29019,M,4840568.0,-450741.0,29
201300021850,13,9,14,1700,1,2,8,1.0,3,29019,M,4839548.0,-444849.0,29
201300021851,13,9,15,555,4,2,6,1.0,3,29019,M,4840247.0,-446686.0,29
201300021852,13,9,16,830,1,2,1,1.0,6,29019,M,4838263.0,-450580.0,29
201300021853,13,9,17,1130,1,2,1,5.0,1,29019,M,4841680.0,-447608.0,29
201300021854,13,9,20,55,5,2,3,1.0,3,29019,M,4839996.0,-447113.0,29
201300021855,13,9,22,1620,1,2,1,1.0,3,29019,M,4841731.0,-448702.0,29
201300021856,13,9,23,1850,1,2,6,7.0,2,29019,M,4840036.0,-449894.0,29
201300021857,13,9,24,810,1,2,1,1.0,6,29019,M,4839295.0,-449917.0,29
201300021858,13,9,24,850,1,2,1,1.0,6,29019,M,4840027.0,-450811.0,29
201300021859,13,9,27,855,1,2,1,1.0,6,29019,M,4839446.0,-446929.0,29
201300021860,13,9,27,1715,1,2,1,1.0,3,29019,M,4840380.0,-450856.0,29
201300021861,13,9,28,1615,1,2,1,1.0,3,29019,M,4840304.0,-446730.0,29
201300021862,13,9,28,1830,1,2,1,1.0,6,29019,M,4839054.0,-448681.0,29
201300021863,13,9,30,955,1,2,1,1.0,2,29019,M,4840358.0,-448046.0,29
201300021864,13,10,3,950,1,2,2,1.0,3,29019,M,4840461.0,-450601.0,29
201300021865,13,10,5,1025,1,2,1,1.0,3,29019,M,4840399.0,-450718.0,29
201300021866,13,10,7,935,1,2,1,1.0,6,29019,M,4838575.0,-451615.0,29
201300021867,13,10,8,1430,1,2,2,1.0,3,29019,M,4838201.0,-448676.0,29
201300021868,13,10,8,1845,1,2,1,1.0,6,29019,M,4839530.0,-448847.0,29
201300021869,13,10,10,1105,1,2,3,1.0,3,29019,M,4841509.0,-447765.0,29
201300021870,13,10,11,1500,1,2,2,1.0,3,29019,M,4839769.0,-446787.0,29
201300021871,13,10,11,1825,1,2,9,1.0,3,29019,M,4840752.0,-447971.0,29
201300021872,13,10,14,835,1,2,3,1.0,6,29019,M,4838340.0,-450793.0,29
201300021873,13,10,15,1540,1,2,1,1.0,6,29019,M,4839490.0,-453860.0,29
201300021874,13,10,17,905,1,2,1,1.0,6,29019,M,4840718.0,-448958.0,29
201300021875,13,10,18,1710,1,2,2,1.0,3,29019,M,4840088.0,-445133.0,29
201300021876,13,10,21,845,2,2,6,1.0,6,29019,M,4841758.0,-447654.0,29
201300021877,13,10,25,1430,1,2,1,1.0,2,29019,M,4839565.0,-448406.0,29
201300021878,13,10,29,1415,1,2,1,3.0,2,29019,M,4841097.0,-448179.0,29
201300021879,13,11,2,1335,1,2,1,1.0,2,29019,M,4837478.0,-455745.0,29
201300021880,13,11,3,30,5,2,3,3.0,3,29019,M,4840356.0,-446739.0,29
201300021881,13,11,3,1910,5,2,2,3.0,5,29019,M,4840711.0,-450164.0,29
201300021882,13,11,5,1020,1,2,3,2.0,3,29019,M,4842093.0,-446346.0,29
201300021883,13,11,6,2000,5,2,3,1.0,6,29019,M,4838938.0,-448334.0,29
201300021884,13,11,7,1705,1,2,3,1.0,3,29019,M,4841583.0,-447154.0,29
201300021885,13,11,9,1020,1,2,1,1.0,2,29019,M,4840742.0,-451606.0,29
201300021886,13,11,9,1825,5,2,1,1.0,6,29019,M,4838902.0,-448922.0,29
201300021887,13,11,11,1110,1,2,1,2.0,2,29019,M,4838534.0,-452803.0,29
201300021888,13,11,13,1645,1,2,1,1.0,6,29019,M,4838685.0,-452745.0,29
201300021889,13,11,16,1515,1,2,1,1.0,4,29019,M,4840559.0,-448466.0,29
201300021890,13,11,18,1215,1,2,1,1.0,2,29019,M,4839295.0,-449960.0,29
201300021891,13,11,19,1255,1,2,1,1.0,3,29019,M,4840529.0,-446316.0,29
201300021892,13,11,21,815,2,2,1,1.0,6,29019,M,4838271.0,-450653.0,29
201300021893,13,11,22,1235,1,2,1,1.0,6,29019,M,4840434.0,-451157.0,29
201300021894,13,11,22,2125,1,2,3,1.0,3,29019,M,4841599.0,-447099.0,29
201300021895,13,11,23,1830,3,2,2,1.0,3,29019,M,4838893.0,-450942.0,29
201300021896,13,11,24,1825,5,2,1,1.0,6,29019,M,4840603.0,-446213.0,29
201300021897,13,11,26,740,5,2,1,1.0,6,29019,M,4838710.0,-452115.0,29
201300021898,13,11,27,1800,5,2,2,2.0,3,29019,M,4838262.0,-450566.0,29
201300021899,13,11,27,1930,5,2,5,2.0,3,29019,M,4839837.0,-449350.0,29
201300021900,13,11,29,1315,1,2,1,8.0,6,29019,M,4839489.0,-449261.0,29
201300021901,13,11,29,1558,1,2,1,8.0,4,29019,M,4838420.0,-448314.0,29
201300021902,13,11,30,125,5,2,2,1.0,6,29019,M,4842775.0,-447300.0,29
201300021903,13,12,2,1830,5,2,3,1.0,2,29019,M,4840496.0,-448016.0,29
201300021904,13,12,4,1835,5,2,1,2.0,6,29019,M,4838264.0,-450582.0,29
201300021905,13,12,13,1458,1,2,1,2.0,6,29019,M,4840330.0,-450585.0,29
201300021906,13,12,14,2230,5,2,1,3.0,6,29019,M,4838980.0,-448283.0,29
201300021907,13,12,14,1525,1,2,2,1.0,3,29019,M,4837547.0,-454136.0,29
201300021908,13,12,16,810,5,2,3,3.0,6,29019,M,4840469.0,-450960.0,29
201300021909,13,12,16,1538,1,2,1,3.0,6,29019,M,4839058.0,-452307.0,29
201300021910,13,12,16,2020,1,2,1,3.0,6,29019,M,4838987.0,-448549.0,29
201300021911,13,12,18,1430,1,2,2,3.0,6,29019,M,4839353.0,-449236.0,29
201300021912,13,12,18,1810,5,2,3,3.0,6,29019,M,4838212.0,-451536.0,29
201300021913,13,12,19,1930,5,2,1,1.0,6,29019,M,4840265.0,-449846.0,29
201300021914,13,12,21,1215,1,2,1,3.0,6,29019,M,4839094.0,-448884.0,29
201300021915,13,12,22,120,5,2,1,2.0,6,29019,M,4838771.0,-451796.0,29
201300021916,13,12,22,1055,1,2,2,1.0,3,29019,M,4840175.0,-448319.0,29
201300021917,13,12,23,1754,5,2,1,6.0,6,29019,M,4840380.0,-448570.0,29
201300021918,13,12,26,1535,1,2,1,1.0,6,29019,M,4838991.0,-447267.0,29
201300021919,13,12,26,1850,3,2,1,2.0,6,29019,M,4840953.0,-446619.0,29
201300021920,13,12,26,2245,3,2,1,2.0,6,29019,M,4839247.0,-446898.0,29
201300021921,13,12,31,1945,5,2,1,3.0,2,29019,M,4840487.0,-448459.0,29
201300021922,13,2,6,1245,1,1,1,4.0,1,40001,M,4369792.0,-28614.0,40
201300021923,13,2,23,1515,1,1,1,1.0,6,40185,M,4362615.0,-29741.0,40
201300021924,13,4,9,1500,1,1,1,1.0,2,40234,M,4399671.0,-35917.0,40
201300021925,13,4,19,1415,1,1,1,1.0,7,40238,M,4385302.0,-34250.0,40
201300021926,13,7,28,1625,1,1,1,1.0,7,40050,M,4397276.0,-38186.0,40
201300021927,13,10,12,1500,1,1,1,1.0,7,40238,M,4386821.0,-35993.0,40
201300021928,13,10,31,1015,1,1,1,1.0,6,40105,M,4403391.0,-65587.0,40
201300021929,13,12,11,2100,5,1,6,1.0,7,40103,M,4394879.0,-39260.0,40
201300021930,13,1,4,1720,1,1,1,2.0,7,29039,M,4787801.0,-390125.0,29
201300021931,13,1,10,1300,1,1,1,2.0,7,29039,M,4789705.0,-393370.0,29
201300021932,13,1,10,1405,1,1,1,2.0,7,29039,M,4793352.0,-390735.0,29
201300021933,13,1,10,1540,1,1,1,2.0,1,29039,M,4787513.0,-389860.0,29
201300021934,13,1,15,545,5,2,1,8.0,7,29039,M,4789563.0,-391334.0,29
201300021935,13,1,17,1210,1,2,1,1.0,3,29039,M,4787838.0,-391989.0,29
201300021936,13,1,20,1515,1,1,1,1.0,6,29039,M,4785606.0,-390929.0,29
201300021937,13,2,2,105,3,2,1,2.0,6,29039,M,4787472.0,-389112.0,29
201300021938,13,2,9,1200,1,1,1,1.0,7,29039,M,4792374.0,-389343.0,29
201300021939,13,2,9,1255,1,1,1,1.0,7,29039,M,4792631.0,-389449.0,29
201300021940,13,2,23,1553,1,2,1,1.0,5,29039,M,4790893.0,-391901.0,29
201300021941,13,2,25,1512,1,2,1,1.0,4,29039,M,4787280.0,-391784.0,29
201300021942,13,2,26,1650,1,2,1,1.0,6,29039,M,4788920.0,-391963.0,29
201300021943,13,3,28,745,1,2,1,1.0,7,29039,M,4786311.0,-389536.0,29
201300021944,13,3,28,1845,1,2,7,1.0,3,29039,M,4787159.0,-391902.0,29
201300021945,13,3,31,1,5,2,1,1.0,7,29039,M,4787750.0,-391008.0,29
201300021946,13,4,8,2120,3,1,1,2.0,7,29039,M,4787208.0,-389746.0,29
201300021947,13,4,18,1055,1,2,9,1.0,7,29039,M,4789585.0,-391322.0,29
201300021948,13,4,21,110,5,2,1,1.0,6,29039,M,4787682.0,-391932.0,29
201300021949,13,4,21,130,5,1,1,1.0,6,29039,M,4788006.0,-390687.0,29
201300021950,13,4,24,1708,1,2,1,1.0,6,29039,M,4786454.0,-390244.0,29
201300021951,13,5,10,850,1,2,1,1.0,7,29039,M,4789725.0,-391032.0,29
201300021952,13,5,12,1603,1,1,1,1.0,7,29039,M,4787752.0,-390029.0,29
201300021953,13,5,18,1930,1,2,1,1.0,2,29039,M,4788252.0,-392404.0,29
201300021954,13,5,21,1800,1,2,1,1.0,5,29039,M,4788485.0,-391271.0,29
201300021955,13,5,26,640,1,2,1,1.0,7,29039,M,4786933.0,-388484.0,29
201300021956,13,6,6,1710,1,2,1,1.0,7,29039,M,4787980.0,-391588.0,29
201300021957,13,6,10,1735,1,2,9,1.0,2,29039,M,4787821.0,-387749.0,29
201300021958,13,6,13,1430,1,2,1,1.0,6,29039,M,4786907.0,-390737.0,29
201300021959,13,6,26,1700,1,1,1,1.0,2,29039,M,4789660.0,-393308.0,29
201300021960,13,6,30,2310,5,2,1,1.0,6,29039,M,4787892.0,-390369.0,29
201300021961,13,7,15,2200,2,2,1,1.0,2,29039,M,4787385.0,-391836.0,29
201300021962,13,7,17,1015,1,2,9,1.0,2,29039,M,4788644.0,-391372.0,29
201300021963,13,7,22,730,1,2,1,1.0,2,29039,M,4789515.0,-391364.0,29
201300021964,13,7,23,1743,1,2,1,1.0,6,29039,M,4786333.0,-389601.0,29
201300021965,13,7,24,1225,1,1,3,1.0,3,29039,M,4789658.0,-393312.0,29
201300021966,13,7,30,1935,1,2,1,2.0,7,29039,M,4787334.0,-387924.0,29
201300021967,13,8,2,1445,1,2,2,1.0,4,29039,M,4786819.0,-389440.0,29
201300021968,13,8,11,710,1,2,1,1.0,1,29039,M,4790423.0,-391021.0,29
201300021969,13,8,12,315,3,1,1,1.0,7,29039,M,4787789.0,-390094.0,29
201300021970,13,8,16,1928,1,1,1,2.0,7,29039,M,4789611.0,-393540.0,29
201300021971,13,8,24,1500,1,2,3,1.0,4,29039,M,4787948.0,-391994.0,29
201300021972,13,8,26,1435,1,2,1,1.0,6,29039,M,4787160.0,-391903.0,29
201300021973,13,8,29,955,1,2,1,1.0,6,29039,M,4789566.0,-391335.0,29
201300021974,13,8,31,1030,1,2,1,1.0,6,29039,M,4787573.0,-391482.0,29
201300021975,13,9,6,1900,1,1,1,1.0,7,29039,M,,,29
201300021976,13,9,7,330,5,2,1,1.0,6,29039,M,4787493.0,-392681.0,29
201300021977,13,9,12,920,1,2,1,2.0,7,29039,M,4788504.0,-391979.0,29
201300021978,13,9,15,50,5,2,1,1.0,3,29039,M,,,29
201300021979,13,9,15,500,3,1,1,1.0,7,29039,M,4787618.0,-391721.0,29
201300021980,13,9,24,830,1,2,6,1.0,3,29039,M,4789745.0,-393410.0,29
201300021981,13,9,29,1500,1,2,1,1.0,6,29039,M,4787562.0,-391729.0,29
201300021982,13,10,1,2105,3,1,3,2.0,7,29039,M,4787463.0,-389525.0,29
201300021983,13,10,1,1215,1,1,1,1.0,1,29039,M,4788002.0,-392421.0,29
201300021984,13,10,11,813,2,2,1,1.0,7,29039,M,4788651.0,-391968.0,29
201300021985,13,10,23,928,1,1,1,1.0,3,29039,M,4792521.0,-389612.0,29
201300021986,13,11,11,1730,2,2,1,2.0,6,29039,M,4787749.0,-391958.0,29
201300021987,13,11,22,1110,1,2,3,1.0,6,29039,M,4790724.0,-390549.0,29
201300021988,13,12,1,920,1,2,1,1.0,6,29039,M,4786355.0,-389656.0,29
201300021989,13,12,6,2120,5,1,2,1.0,3,29039,M,4790859.0,-391873.0,29
201300021990,13,12,7,1245,1,1,6,1.0,7,29039,M,4786258.0,-388955.0,29
201300021991,13,12,6,1235,1,2,1,1.0,3,29039,M,4787388.0,-391832.0,29
201300021992,13,12,9,1200,1,2,2,1.0,3,29039,M,4787708.0,-392516.0,29
201300021993,13,12,13,2335,5,2,1,9.0,7,29039,M,4790119.0,-390650.0,29
201300021994,13,12,19,1230,1,1,3,1.0,5,29039,M,4789205.0,-392387.0,29
201300021995,13,12,20,1750,5,2,1,1.0,3,29039,M,4789727.0,-391241.0,29
201300021996,13,12,23,1710,2,2,1,3.0,5,29039,M,4787903.0,-390385.0,29
201300021997,13,8,11,1230,1,1,1,1.0,1,09009,M,4299368.0,147388.0,09
201300021998,13,8,16,1530,1,1,1,1.0,1,09099,M,4298120.0,157368.0,09
201300021999,13,12,18,115,3,1,1,1.0,6,09181,M,4306591.0,135351.0,09
201300022000,13,12,22,1530,1,1,2,1.0,3,09061,M,4311297.0,136601.0,09
201300022001,13,1,1,2330,3,1,1,1.0,6,29254,M,4860128.0,-384732.0,29
201300022002,13,1,16,1430,1,2,1,1.0,6,29151,M,4857722.0,-382840.0,29
201300022003,13,1,25,2000,3,1,1,3.0,3,29151,M,4858982.0,-383816.0,29
201300022004,13,2,27,1100,1,2,1,8.0,3,29151,M,4857706.0,-381096.0,29
201300022005,13,3,11,1145,1,1,1,4.0,2,29151,M,4858993.0,-383407.0,29
201300022006,13,4,7,1205,1,2,1,1.0,3,29151,M,4857714.0,-382632.0,29
201300022007,13,4,17,1735,1,2,1,1.0,6,29151,M,4857789.0,-382880.0,29
201300022008,13,4,19,2055,1,2,2,1.0,3,29151,M,4857731.0,-382694.0,29
201300022009,13,5,19,1715,1,2,1,2.0,6,29151,M,4857502.0,-381937.0,29
201300022010,13,5,20,1150,1,2,1,1.0,6,29151,M,4857741.0,-382713.0,29
201300022011,13,5,26,1400,1,1,1,1.0,1,29151,M,4858930.0,-383794.0,29
201300022012,13,5,15,925,1,2,1,2.0,4,29151,M,4858671.0,-380570.0,29
201300022013,13,6,7,1710,1,2,1,1.0,6,29151,M,4857742.0,-382716.0,29
201300022014,13,6,21,208,3,1,1,1.0,7,29254,M,4855983.0,-384714.0,29
201300022015,13,9,11,1315,1,1,1,1.0,7,29254,M,4856548.0,-384631.0,29
201300022016,13,9,10,1350,1,2,1,1.0,2,29254,M,4858039.0,-384505.0,29
201300022017,13,11,20,1900,5,2,2,6.0,3,29151,M,4858777.0,-381374.0,29
201300022018,13,11,22,25,5,2,9,8.0,6,29151,M,4858907.0,-382882.0,29
201300022019,13,12,1,2140,4,2,1,1.0,6,29151,M,4858350.0,-383436.0,29
201300022020,13,2,5,1145,1,1,1,4.0,6,52422,M,4801676.0,509760.0,52
201300022021,13,2,23,745,1,1,1,1.0,7,52312,M,4788547.0,522283.0,52