Num_Acc,an,mois,jour,hrmn,lum,agg,int,atm,col,com,gps,lat,long,dep
201300022022,13,3,18,1715,1,1,1,1.0,2,52432,M,4793638.0,529328.0,52
201300022023,13,7,21,815,1,1,1,1.0,6,52163,M,4795541.0,537739.0,52
201300022024,13,7,25,1100,1,1,1,1.0,2,52399,M,4808108.0,486684.0,52
201300022025,13,8,9,1000,1,1,1,1.0,6,52014,M,4777081.0,519948.0,52
201300022026,13,8,14,1115,1,1,1,1.0,6,52111,M,4795370.0,536620.0,52
201300022027,13,9,14,2030,3,1,1,1.0,3,52410,M,0.0,0.0,52
201300022028,13,9,20,100,3,1,1,1.0,6,52027,M,4774712.0,519426.0,52
201300022029,13,11,21,15,3,1,1,4.0,7,52014,M,4774900.0,519351.0,52
201300022030,13,12,14,415,3,1,1,9.0,2,52027,M,4771967.0,519088.0,52
201300022031,13,12,30,1015,1,1,1,1.0,6,52469,M,4803666.0,507183.0,52
201300022032,13,9,30,1630,1,1,1,1.0,3,57690,M,0.0,0.0,57
201300022033,13,1,3,1930,5,2,1,2.0,6,76238,M,4955936.0,22620.0,76
201300022034,13,3,30,2030,5,2,1,1.0,6,76238,M,4956296.0,23272.0,76
201300022035,13,7,9,730,1,2,1,1.0,1,76238,M,4955576.0,21595.0,76
201300022036,13,11,15,115,5,2,1,8.0,7,76534,M,4958588.0,21086.0,76
201300022037,13,2,19,1230,1,1,1,1.0,3,41046,M,4762880.0,195734.0,41
201300022038,13,4,8,1915,1,1,1,3.0,6,41231,M,4747900.0,200884.0,41
201300022039,13,6,23,1715,1,1,1,3.0,2,41161,M,4751860.0,200677.0,41
201300022040,13,7,7,630,2,1,1,1.0,7,41046,M,4766870.0,192267.0,41
201300022041,13,8,18,1345,1,1,1,1.0,6,41232,M,4738070.0,205134.0,41
201300022042,13,9,7,1645,1,1,1,1.0,7,41046,M,4763190.0,195501.0,41
201300022043,13,9,14,715,2,1,1,2.0,6,41161,M,4757300.0,200179.0,41
201300022044,13,9,21,730,2,1,1,1.0,6,41256,M,4733910.0,204794.0,41
201300022045,13,1,6,1900,2,2,1,1.0,7,29232,M,4800598.0,-409740.0,29
201300022046,13,1,6,1920,4,2,1,1.0,6,29232,M,4797661.0,-413441.0,29
201300022047,13,1,11,1130,1,2,1,1.0,6,29051,M,4800640.0,-406036.0,29
201300022048,13,1,12,1226,1,2,1,3.0,7,29232,M,4799655.0,-410000.0,29
201300022049,13,1,12,1740,1,1,6,2.0,3,29232,M,4797897.0,-401579.0,29
201300022050,13,1,15,952,1,2,1,7.0,3,29232,M,4797637.0,-408155.0,29
201300022051,13,1,15,1940,5,2,1,1.0,7,29232,M,4799371.0,-409156.0,29
201300022052,13,1,22,1155,1,1,1,1.0,2,29232,M,4797885.0,-401521.0,29
201300022053,13,1,25,1355,1,2,1,1.0,6,29232,M,4797999.0,-412163.0,29
201300022054,13,1,30,1320,1,2,1,1.0,3,29232,M,4798685.0,-412824.0,29
201300022055,13,2,4,1811,2,2,1,1.0,7,29232,M,4797786.0,-412301.0,29
201300022056,13,2,9,2205,5,2,1,1.0,7,29232,M,4799125.0,-407536.0,29
201300022057,13,2,13,1650,1,1,1,2.0,6,29232,M,4798261.0,-411958.0,29
201300022058,13,2,18,1830,1,2,3,1.0,3,29232,M,4798296.0,-407203.0,29
201300022059,13,2,20,1715,1,2,1,1.0,3,29232,M,4799132.0,-412605.0,29
201300022060,13,2,24,1605,1,2,1,1.0,7,29232,M,4798684.0,-407036.0,29
201300022061,13,3,2,2045,5,2,1,9.0,6,29232,M,4799065.0,-408323.0,29
201300022062,13,3,3,600,4,1,1,1.0,1,29051,M,4799540.0,-403126.0,29
201300022063,13,3,3,1625,1,2,1,1.0,2,29232,M,4800598.0,-409740.0,29
201300022064,13,3,4,1300,1,2,1,1.0,3,29232,M,4801033.0,-410384.0,29
201300022065,13,3,6,131,4,2,1,1.0,7,29232,M,4797345.0,-404799.0,29
201300022066,13,3,10,2000,3,1,1,3.0,6,29232,M,4797857.0,-404778.0,29
201300022067,13,3,13,1345,1,1,1,1.0,2,29232,M,4801771.0,-409042.0,29
201300022068,13,3,14,750,1,1,1,1.0,7,29232,M,4799778.0,-410101.0,29
201300022069,13,3,18,1215,1,1,1,1.0,6,29232,M,4798273.0,-410593.0,29
201300022070,13,3,19,50,5,2,1,1.0,6,29232,M,4799582.0,-410319.0,29
201300022071,13,3,19,1715,1,1,1,4.0,1,29232,M,4794801.0,-406017.0,29
201300022072,13,3,20,1715,1,1,1,1.0,7,29232,M,4802313.0,-408458.0,29
201300022073,13,3,22,700,2,2,1,1.0,7,29232,M,4795759.0,-404677.0,29
201300022074,13,3,24,1225,1,2,1,1.0,2,29232,M,4799458.0,-410437.0,29
201300022075,13,3,26,1840,1,2,1,1.0,7,29232,M,4802220.0,-408417.0,29
201300022076,13,3,29,1220,1,1,1,2.0,6,29232,M,4794465.0,-407361.0,29
201300022077,13,3,29,1650,1,2,1,1.0,3,29232,M,4797569.0,-409236.0,29
201300022078,13,3,29,2158,3,1,1,2.0,2,29232,M,4801644.0,-408026.0,29
201300022079,13,4,5,1010,1,2,1,1.0,7,29232,M,4798331.0,-412917.0,29
201300022080,13,4,6,1800,1,2,1,1.0,3,29232,M,4799315.0,-411917.0,29
201300022081,13,4,7,1740,1,1,1,1.0,3,29232,M,4801359.0,-414857.0,29
201300022082,13,4,11,1840,1,2,1,1.0,7,29232,M,4798023.0,-410282.0,29
201300022083,13,4,14,545,5,2,2,1.0,3,29232,M,4799233.0,-410838.0,29
201300022084,13,4,19,1345,1,2,1,1.0,1,29232,M,4798755.0,-410399.0,29
201300022085,13,4,19,1955,1,2,1,1.0,2,29232,M,4799528.0,-409946.0,29
201300022086,13,4,21,2207,3,2,1,2.0,7,29232,M,4801000.0,-407555.0,29
201300022087,13,4,24,2015,1,2,1,1.0,6,29232,M,4799227.0,-411260.0,29
201300022088,13,4,26,315,5,2,3,1.0,6,29232,M,4799764.0,-409759.0,29
201300022089,13,4,29,1440,1,2,6,1.0,2,29232,M,4798337.0,-410396.0,29
201300022090,13,4,30,1820,1,1,1,1.0,5,29232,M,4797857.0,-404778.0,29
201300022091,13,5,2,747,1,1,1,1.0,7,29232,M,,,29
201300022092,13,5,3,1400,1,1,1,1.0,1,29232,M,4798116.0,-404640.0,29
201300022093,13,5,3,1650,1,2,1,1.0,7,29232,M,4799128.0,-413645.0,29
201300022094,13,5,5,1545,1,2,1,1.0,1,29232,M,4799816.0,-412854.0,29
201300022095,13,5,6,1012,1,1,1,1.0,3,29232,M,4801359.0,-414857.0,29
201300022096,13,5,6,1650,1,2,1,1.0,6,29232,M,4799909.0,-410322.0,29
201300022097,13,5,9,1300,1,2,1,2.0,7,29232,M,4795623.0,-408137.0,29
201300022098,13,5,14,1030,1,1,1,1.0,2,29232,M,4797928.0,-409356.0,29
201300022099,13,5,15,1612,1,1,1,1.0,6,29232,M,4803004.0,-408761.0,29
201300022100,13,5,17,2015,2,2,1,3.0,3,29232,M,4798431.0,-410520.0,29
201300022101,13,5,22,1700,1,1,1,1.0,7,29232,M,4803047.0,-408710.0,29
201300022102,13,5,22,2114,1,2,6,1.0,3,29232,M,4800365.0,-408406.0,29
201300022103,13,5,28,800,1,2,1,1.0,7,29232,M,4798304.0,-408863.0,29
201300022104,13,5,28,1635,1,2,1,1.0,3,29232,M,4798145.0,-409631.0,29
201300022105,13,5,28,1740,1,2,1,2.0,2,29232,M,4798844.0,-409047.0,29
201300022106,13,6,2,25,5,2,1,1.0,7,29232,M,4799918.0,-410273.0,29
201300022107,13,6,3,1736,1,2,1,1.0,7,29232,M,4799734.0,-409509.0,29
201300022108,13,6,3,1847,1,2,1,1.0,3,29232,M,4801608.0,-408703.0,29
201300022109,13,6,6,2045,1,2,1,1.0,3,29232,M,4797788.0,-409816.0,29
201300022110,13,6,7,1352,1,2,9,1.0,3,29232,M,4798246.0,-409274.0,29
201300022111,13,6,9,615,1,2,1,1.0,7,29232,M,4798818.0,-411003.0,29
201300022112,13,6,9,657,1,2,1,1.0,7,29232,M,4799692.0,-412189.0,29
201300022113,13,6,17,1550,1,2,1,1.0,7,29232,M,4799733.0,-410010.0,29
201300022114,13,6,20,830,1,1,1,8.0,6,29232,M,4795225.0,-407453.0,29
201300022115,13,6,20,1556,1,2,1,1.0,6,29232,M,4797575.0,-412729.0,29
201300022116,13,6,22,2350,5,2,1,1.0,6,29232,M,4799092.0,-409147.0,29
201300022117,13,6,24,1756,1,1,1,1.0,5,29232,M,4797857.0,-404778.0,29
201300022118,13,6,28,50,3,2,1,1.0,7,29232,M,4799474.0,-410123.0,29
201300022119,13,6,29,1653,1,2,1,1.0,2,29232,M,4801095.0,-408016.0,29
201300022120,13,6,30,1430,1,1,1,1.0,7,29232,M,4798516.0,-413018.0,29
201300022121,13,7,2,2005,1,2,1,2.0,3,29232,M,4799431.0,-409374.0,29
201300022122,13,7,7,114,5,2,1,1.0,2,29232,M,4797550.0,-409813.0,29
201300022123,13,7,8,2350,5,1,6,1.0,3,29232,M,4798337.0,-407425.0,29
201300022124,13,7,11,740,1,2,6,1.0,6,29232,M,4798778.0,-410888.0,29
201300022125,13,7,11,1337,1,2,1,1.0,3,29232,M,4799060.0,-407407.0,29
201300022126,13,7,12,345,5,2,1,1.0,6,29232,M,4797644.0,-408003.0,29
201300022127,13,7,12,1520,1,1,1,1.0,3,29232,M,4798116.0,-407775.0,29
201300022128,13,7,14,205,4,1,1,1.0,7,29051,M,4801207.0,-401413.0,29
201300022129,13,7,18,2027,1,1,1,1.0,7,29232,M,4797556.0,-400012.0,29
201300022130,13,7,20,545,4,2,1,1.0,7,29232,M,4797994.0,-412268.0,29
201300022131,13,7,23,1645,1,1,1,1.0,2,29232,M,4797315.0,-406502.0,29
201300022132,13,7,25,750,1,1,1,1.0,4,29051,M,4799707.0,-406034.0,29
201300022133,13,8,3,1940,1,2,1,1.0,1,29232,M,4799416.0,-413403.0,29
201300022134,13,8,4,751,1,1,1,1.0,7,29232,M,4801404.0,-407631.0,29
201300022135,13,8,4,2030,1,1,1,1.0,7,29232,M,4801709.0,-408086.0,29
201300022136,13,8,5,1131,1,2,1,1.0,2,29232,M,4798362.0,-407453.0,29
201300022137,13,8,6,1130,1,2,1,1.0,3,29232,M,4799425.0,-410742.0,29
201300022138,13,8,7,530,3,1,1,1.0,6,29232,M,4801637.0,-411461.0,29
201300022139,13,8,16,1740,1,1,1,2.0,7,29051,M,4802588.0,-397425.0,29
201300022140,13,8,17,1530,1,2,1,1.0,6,29232,M,4797400.0,-406881.0,29
201300022141,13,8,18,148,5,1,6,2.0,7,29232,M,4797874.0,-401512.0,29
201300022142,13,8,20,142,3,2,1,1.0,7,29232,M,4798675.0,-407391.0,29
201300022143,13,8,22,550,2,1,9,1.0,6,29232,M,4795623.0,-408137.0,29
201300022144,13,8,22,2005,1,2,1,1.0,7,29232,M,4797788.0,-409816.0,29
201300022145,13,8,26,1000,1,2,1,1.0,7,29232,M,4799611.0,-412213.0,29
201300022146,13,8,28,2306,5,2,6,9.0,3,29232,M,4799457.0,-411001.0,29
201300022147,13,8,29,821,1,1,1,1.0,7,29232,M,4797806.0,-404294.0,29
201300022148,13,8,30,1440,1,2,1,1.0,5,29232,M,4799247.0,-410725.0,29
201300022149,13,9,3,1149,1,1,1,1.0,3,29232,M,4798517.0,-404328.0,29
201300022150,13,9,3,1655,1,2,1,1.0,3,29232,M,4798432.0,-407149.0,29
201300022151,13,9,5,2005,1,2,1,1.0,2,29232,M,4802973.0,-408804.0,29
201300022152,13,9,6,1620,1,2,1,2.0,2,29232,M,4799595.0,-407896.0,29
201300022153,13,9,10,836,1,1,1,1.0,6,29232,M,4795493.0,-408005.0,29
201300022154,13,9,15,435,3,2,1,1.0,1,29232,M,4798693.0,-407406.0,29
201300022155,13,9,22,1620,1,1,6,1.0,6,29232,M,4803097.0,-408261.0,29
201300022156,13,9,29,930,1,1,1,8.0,7,29232,M,4802689.0,-406785.0,29
201300022157,13,10,10,1800,1,2,1,1.0,6,29232,M,4798216.0,-403878.0,29
201300022158,13,10,11,1830,1,2,1,1.0,3,29232,M,4798822.0,-410999.0,29
201300022159,13,10,12,105,5,2,1,1.0,6,29232,M,4799413.0,-409280.0,29
201300022160,13,10,12,1700,1,2,1,1.0,7,29232,M,4801095.0,-409708.0,29
201300022161,13,10,14,751,1,2,1,1.0,6,29232,M,4798882.0,-410361.0,29
201300022162,13,10,16,858,1,2,3,2.0,3,29232,M,4798618.0,-408943.0,29
201300022163,13,10,24,1450,1,2,6,1.0,6,29232,M,4799013.0,-407372.0,29
201300022164,13,10,24,1450,1,2,6,1.0,7,29232,M,4799133.0,-407362.0,29
201300022165,13,10,24,1515,1,1,1,1.0,2,29051,M,4800241.0,-405058.0,29
201300022166,13,10,25,1910,3,1,1,1.0,7,29232,M,4803010.0,-408837.0,29
201300022167,13,10,26,46,5,2,6,1.0,7,29232,M,4798775.0,-410892.0,29
201300022168,13,10,29,1052,1,2,1,1.0,2,29232,M,4798650.0,-408139.0,29
201300022169,13,10,29,1320,1,1,1,2.0,7,29232,M,4802313.0,-408458.0,29
201300022170,13,10,31,1800,2,2,1,9.0,7,29232,M,4800397.0,-409765.0,29
201300022171,13,10,31,2120,5,2,3,1.0,3,29232,M,4799896.0,-409269.0,29
201300022172,13,11,4,1000,1,1,1,1.0,7,29232,M,4800713.0,-407514.0,29
201300022173,13,11,4,1120,1,2,1,1.0,7,29232,M,4798590.0,-412403.0,29
201300022174,13,11,5,1030,1,1,6,2.0,2,29232,M,4797918.0,-409539.0,29
201300022175,13,11,6,1210,1,1,1,1.0,3,29232,M,4798590.0,-412403.0,29
201300022176,13,11,11,1500,1,2,1,2.0,6,29232,M,4798003.0,-410752.0,29
201300022177,13,11,12,840,1,1,1,1.0,2,29232,M,4797933.0,-412257.0,29
201300022178,13,11,12,1845,5,2,6,1.0,2,29232,M,4797980.0,-412409.0,29
201300022179,13,11,21,1730,1,1,1,1.0,2,29051,M,4799878.0,-405581.0,29
201300022180,13,11,22,810,1,2,7,1.0,6,29051,M,4799671.0,-402713.0,29
201300022181,13,11,22,2005,5,2,1,1.0,3,29232,M,4798958.0,-408280.0,29
201300022182,13,11,23,1517,1,2,6,1.0,6,29232,M,4799122.0,-411718.0,29
201300022183,13,11,27,1300,1,2,1,1.0,7,29232,M,4799513.0,-409782.0,29
201300022184,13,11,27,1950,4,2,1,2.0,7,29232,M,4799124.0,-411553.0,29
201300022185,13,11,30,2105,5,2,1,1.0,3,29232,M,4800210.0,-409957.0,29
201300022186,13,12,3,2105,5,2,1,1.0,3,29232,M,4800210.0,-409957.0,29
201300022187,13,12,3,1345,1,2,1,1.0,3,29232,M,4799563.0,-408088.0,29
201300022188,13,12,5,1845,5,2,1,1.0,3,29232,M,,,29
201300022189,13,12,6,1700,1,2,1,1.0,5,29232,M,4800681.0,-408299.0,29
201300022190,13,12,6,1830,5,1,1,1.0,7,29232,M,4799198.0,-411932.0,29
201300022191,13,12,9,1410,1,2,2,1.0,3,29232,M,4799744.0,-410940.0,29
201300022192,13,12,13,832,1,2,1,1.0,3,29232,M,4797939.0,-409529.0,29
201300022193,13,12,14,255,5,1,1,9.0,6,29232,M,4797522.0,-409776.0,29
201300022194,13,12,16,1730,5,2,1,2.0,7,29232,M,4799072.0,-412007.0,29
201300022195,13,12,17,920,2,2,1,2.0,7,29232,M,4800225.0,-411400.0,29
201300022196,13,12,17,1314,1,2,1,2.0,7,29232,M,4798342.0,-411882.0,29
201300022197,13,12,19,1158,1,2,1,7.0,7,29232,M,4798839.0,-412643.0,29
201300022198,13,12,22,1739,1,2,3,2.0,3,29051,M,4801966.0,-402189.0,29
201300022199,13,12,26,950,1,2,1,2.0,7,29232,M,4798770.0,-412248.0,29
201300022200,13,12,27,2000,2,1,1,2.0,7,29232,M,4797888.0,-412573.0,29
201300022201,13,12,28,1245,1,1,1,4.0,6,29232,M,4801705.0,-408081.0,29
201300022202,13,3,14,1730,2,1,1,4.0,6,57622,M,0.0,0.0,57
201300022203,13,5,31,1130,1,1,1,2.0,1,55242,M,4913900.0,570200.0,55
201300022204,13,8,19,1545,1,1,9,1.0,6,54371,M,4919900.0,593300.0,54
201300022205,13,10,12,1430,1,1,9,1.0,4,54371,M,4919898.0,592423.0,54
201300022206,13,10,25,1115,1,1,1,1.0,6,55242,M,4912500.0,566800.0,55
201300022207,13,6,8,1000,1,2,1,1.0,2,60395,M,0.0,0.0,60
201300022208,13,6,27,1800,1,1,1,1.0,1,60010,M,4920200.0,209200.0,60
201300022209,13,1,6,1925,5,2,1,1.0,3,30007,M,4412397.0,408390.0,30
201300022210,13,1,9,1825,3,2,2,1.0,7,30007,M,4412589.0,407857.0,30
201300022211,13,1,18,1700,2,2,1,1.0,7,30007,M,4412949.0,407162.0,30
201300022212,13,1,26,1715,1,2,1,1.0,5,30243,M,4408159.0,407156.0,30
201300022213,13,1,31,245,5,1,1,1.0,7,30007,M,4411340.0,410689.0,30
201300022214,13,2,11,1525,1,2,1,1.0,6,30007,M,,,30
201300022215,13,2,20,1310,1,2,3,1.0,6,30007,M,4411757.0,408190.0,30
201300022216,13,2,28,1820,1,2,2,1.0,1,30007,M,4412775.0,406557.0,30
201300022217,13,3,11,1210,1,2,1,1.0,6,30007,M,,,30
201300022218,13,3,12,1145,1,2,1,1.0,2,30243,M,4408674.0,407763.0,30
201300022219,13,3,13,1130,1,2,1,1.0,3,30007,M,,,30
201300022220,13,5,13,1740,1,2,2,1.0,3,30007,M,4413063.0,410906.0,30
201300022221,13,5,14,2105,5,2,1,1.0,2,30007,M,4412749.0,407896.0,30
201300022222,13,5,24,820,1,2,1,1.0,2,30007,M,,,30
201300022223,13,5,28,2045,2,1,1,1.0,7,30243,M,4406177.0,408965.0,30
201300022224,13,5,29,1930,1,2,1,1.0,2,30007,M,,,30
201300022225,13,6,10,1220,1,2,1,1.0,2,30007,M,,,30
201300022226,13,6,14,1530,1,2,1,1.0,5,30007,M,,,30
201300022227,13,7,1,1445,1,2,1,1.0,3,30007,M,4412395.0,408033.0,30
201300022228,13,7,9,1830,1,2,1,1.0,3,30007,M,4412129.0,407967.0,30
201300022229,13,7,15,1420,1,2,1,1.0,3,30007,M,,,30
201300022230,13,7,26,2245,5,2,1,1.0,1,30007,M,,,30
201300022231,13,8,6,1220,1,2,1,1.0,7,30007,M,4412587.0,407348.0,30
201300022232,13,8,7,1110,1,2,1,2.0,4,30007,M,,,30
201300022233,13,8,13,1730,1,1,1,1.0,1,30007,M,,,30
201300022234,13,8,14,1315,1,2,1,1.0,7,30007,M,4412618.0,407991.0,30
201300022235,13,8,16,1240,1,2,1,1.0,7,30007,M,4410897.0,407896.0,30
201300022236,13,8,16,1500,1,1,1,1.0,3,30007,M,,,30
201300022237,13,9,1,2055,5,2,1,1.0,4,30007,M,,,30
201300022238,13,8,31,1648,1,2,1,1.0,1,30007,M,,,30
201300022239,13,8,26,1710,1,2,1,1.0,6,30007,M,4412614.0,407998.0,30
201300022240,13,9,5,1734,1,2,1,1.0,6,30007,M,,,30
201300022241,13,9,13,1525,1,2,1,1.0,3,30007,M,4413435.0,408914.0,30
201300022242,13,9,20,1030,1,2,1,1.0,3,30007,M,,,30
201300022243,13,10,4,2224,5,1,1,2.0,2,30007,M,,,30
201300022244,13,10,15,1130,1,2,1,2.0,3,30007,M,4414455.0,409828.0,30
201300022245,13,10,25,1720,1,2,1,1.0,6,30007,M,,,30
201300022246,13,11,24,1255,1,2,3,1.0,3,30007,M,4412702.0,407817.0,30
201300022247,13,7,13,1450,1,2,3,1.0,3,30243,M,4408549.0,408544.0,30
201300022248,13,12,6,750,1,1,1,1.0,2,30243,M,4407663.0,407162.0,30
201300022249,13,12,24,1040,1,2,1,2.0,2,30007,M,4412957.0,410619.0,30
201300022250,13,12,28,2250,3,1,1,1.0,7,30007,M,4414920.0,409842.0,30
201300022251,13,12,19,726,5,2,1,2.0,3,30007,M,,,30
201300022252,13,1,7,2105,5,2,1,1.0,6,30028,M,4416156.0,462648.0,30
201300022253,13,2,16,1400,1,2,2,1.0,3,30028,M,4414621.0,461750.0,30
201300022254,13,3,4,1545,1,2,3,1.0,3,30028,M,4416042.0,460913.0,30
201300022255,13,3,22,1840,1,2,1,1.0,2,30028,M,4415632.0,462236.0,30
201300022256,13,4,12,1200,1,1,2,1.0,3,30028,M,4415479.0,461263.0,30
201300022257,13,4,12,1150,1,2,1,1.0,6,30028,M,4415479.0,461263.0,30
201300022258,13,4,27,1425,1,2,1,2.0,6,30028,M,4415499.0,461659.0,30
201300022259,13,5,5,725,2,2,1,1.0,6,30028,M,4414902.0,461567.0,30
201300022260,13,5,7,1340,1,2,1,1.0,2,30028,M,4415689.0,462277.0,30
201300022261,13,5,21,1905,1,2,1,1.0,6,30028,M,,,30
201300022262,13,7,17,806,1,2,1,1.0,6,30028,M,4417251.0,462217.0,30
201300022263,13,6,2,600,1,2,1,1.0,6,30028,M,4416707.0,461211.0,30
201300022264,13,6,6,1350,1,2,1,1.0,2,30028,M,4416078.0,461817.0,30
201300022265,13,6,13,1900,1,2,1,1.0,2,30028,M,4415501.0,461659.0,30
201300022266,13,7,17,840,1,2,1,1.0,2,30028,M,4416051.0,461817.0,30
201300022267,13,7,27,935,1,2,1,1.0,6,30028,M,4415231.0,461616.0,30
201300022268,13,8,26,1730,1,2,1,1.0,6,30028,M,4415501.0,461604.0,30
201300022269,13,7,19,845,1,2,1,1.0,3,30028,M,,,30
201300022270,13,9,14,1720,1,2,3,1.0,3,30028,M,4414952.0,461575.0,30
201300022271,13,8,31,920,1,2,1,1.0,6,30028,M,4416518.0,461984.0,30
201300022272,13,9,14,1610,1,2,1,1.0,2,30028,M,,,30
201300022273,13,9,19,1705,1,2,3,1.0,2,30028,M,4414671.0,461140.0,30
201300022274,13,9,20,1545,1,2,1,1.0,2,30028,M,4416121.0,462651.0,30
201300022275,13,10,22,1940,5,2,3,1.0,3,30028,M,4415794.0,462352.0,30
201300022276,13,11,3,1445,1,2,3,1.0,2,30028,M,4416814.0,461927.0,30
201300022277,13,11,2,1120,1,2,3,1.0,3,30028,M,4417887.0,461945.0,30
201300022278,13,11,18,2105,5,2,1,1.0,1,30028,M,4417179.0,462012.0,30
201300022279,13,11,22,1100,1,2,1,1.0,2,30028,M,4415960.0,462476.0,30
201300022280,13,11,14,1435,1,2,1,1.0,6,30028,M,4416524.0,461900.0,30
201300022281,13,12,3,720,1,2,1,1.0,3,30028,M,4416341.0,461180.0,30
201300022282,13,12,9,1945,5,2,3,1.0,2,30028,M,4416825.0,461926.0,30
201300022283,13,11,25,1720,5,2,3,6.0,3,30028,M,4415862.0,462534.0,30
201300022284,13,1,2,1815,3,2,3,1.0,3,30189,M,4383153.0,437399.0,30
201300022285,13,1,3,746,1,2,2,1.0,2,30189,M,4380496.0,433678.0,30
201300022286,13,1,4,1700,1,2,1,1.0,6,30189,M,4383900.0,435958.0,30
201300022287,13,1,7,1607,1,2,1,1.0,6,30189,M,4383998.0,435561.0,30
201300022288,13,1,9,1530,1,2,1,1.0,3,30189,M,4383873.0,435279.0,30
201300022289,13,1,11,1345,1,2,1,1.0,6,30189,M,,,30
201300022290,13,1,14,1010,1,2,1,1.0,2,30189,M,,,30
201300022291,13,1,15,1810,4,1,1,1.0,1,30189,M,4383837.0,431992.0,30
201300022292,13,1,16,1033,1,1,1,1.0,6,30189,M,,,30
201300022293,13,1,18,720,5,2,1,1.0,3,30189,M,4384756.0,434634.0,30
201300022294,13,1,18,2250,3,2,1,2.0,7,30189,M,,,30
201300022295,13,1,19,1759,5,2,3,2.0,3,30189,M,4382126.0,435582.0,30
201300022296,13,1,21,1730,2,2,2,1.0,3,30189,M,4381973.0,432275.0,30
201300022297,13,1,25,1530,1,2,2,1.0,6,30189,M,4383222.0,434972.0,30
201300022298,13,1,27,2108,3,2,1,2.0,7,30189,M,4385688.0,432387.0,30
201300022299,13,1,28,1115,1,2,1,1.0,6,30189,M,4384307.0,436942.0,30
201300022300,13,1,30,1217,1,2,1,1.0,3,30189,M,4382230.0,435924.0,30
201300022301,13,1,31,1245,1,2,1,1.0,6,30189,M,4381539.0,432792.0,30
201300022302,13,2,1,710,2,2,2,1.0,1,30189,M,4380521.0,433648.0,30
201300022303,13,2,1,1034,1,2,1,1.0,6,30189,M,4382362.0,435190.0,30
201300022304,13,2,1,1555,1,2,2,1.0,3,30189,M,4383277.0,436963.0,30
201300022305,13,2,1,1625,1,2,1,1.0,3,30189,M,4381417.0,433169.0,30
201300022306,13,2,1,1817,2,2,1,1.0,3,30189,M,4381987.0,434459.0,30
201300022307,13,2,5,1421,1,2,1,1.0,2,30189,M,4382646.0,437326.0,30
201300022308,13,2,7,840,1,2,3,1.0,3,30189,M,4385485.0,432176.0,30
201300022309,13,2,7,1135,1,2,6,1.0,6,30189,M,4382353.0,432791.0,30
201300022310,13,2,11,1235,1,2,1,1.0,2,30189,M,4387530.0,441473.0,30
201300022311,13,2,11,1857,5,2,6,1.0,3,30189,M,4381775.0,436051.0,30
201300022312,13,2,11,1855,3,2,1,1.0,3,30189,M,,,30
201300022313,13,2,15,930,1,2,1,1.0,5,30189,M,4381937.0,435369.0,30
201300022314,13,2,15,1445,1,2,1,1.0,3,30189,M,4381895.0,435369.0,30
201300022315,13,2,16,200,5,2,1,1.0,6,30189,M,4383167.0,436103.0,30
201300022316,13,2,18,730,1,2,3,2.0,3,30189,M,4384231.0,437042.0,30
201300022317,13,2,18,810,1,2,1,2.0,3,30189,M,4382174.0,434902.0,30
201300022318,13,2,18,1725,1,2,9,1.0,1,30189,M,4383879.0,436224.0,30
201300022319,13,2,20,15,5,2,1,1.0,6,30189,M,4383819.0,434919.0,30
201300022320,13,2,20,1922,2,2,1,1.0,3,30189,M,4381502.0,433026.0,30
201300022321,13,2,21,932,1,1,1,1.0,3,30189,M,,,30
201300022322,13,2,22,1415,1,2,2,1.0,6,30189,M,,,30
201300022323,13,2,22,1736,1,2,1,1.0,3,30189,M,,,30
201300022324,13,2,27,1419,1,2,1,1.0,3,30189,M,4384528.0,439390.0,30
201300022325,13,2,28,1013,1,2,3,1.0,1,30189,M,4384224.0,436805.0,30
201300022326,13,3,1,1240,1,2,2,1.0,3,30189,M,4381267.0,437033.0,30
201300022327,13,3,3,3,3,2,1,1.0,1,30189,M,4385992.0,432395.0,30
201300022328,13,3,3,1245,1,2,4,1.0,1,30189,M,4384998.0,439477.0,30
201300022329,13,3,3,2155,5,2,3,1.0,3,30189,M,4382890.0,433595.0,30
201300022330,13,3,4,2148,3,1,1,1.0,7,30189,M,4389271.0,441936.0,30
201300022331,13,3,7,1155,1,2,1,9.0,3,30189,M,4383720.0,434568.0,30
201300022332,13,3,7,1740,1,2,1,1.0,3,30189,M,4382758.0,435579.0,30