Num_Acc,an,mois,jour,hrmn,lum,agg,int,atm,col,com,gps,lat,long,dep
201300022333,13,3,8,1400,1,2,2,1.0,3,30189,M,4387493.0,437071.0,30
201300022334,13,3,8,1700,1,2,1,1.0,6,30189,M,4381849.0,434264.0,30
201300022335,13,3,12,1650,1,2,2,1.0,3,30189,M,4382264.0,434770.0,30
201300022336,13,3,13,1255,1,2,2,1.0,3,30189,M,4385380.0,437181.0,30
201300022337,13,3,15,1330,1,2,2,1.0,2,30189,M,4383386.0,436000.0,30
201300022338,13,3,17,1815,3,2,1,2.0,7,30189,M,,,30
201300022339,13,3,18,1540,1,2,1,1.0,6,30189,M,4381550.0,434856.0,30
201300022340,13,3,20,725,1,1,1,2.0,7,30189,M,4385500.0,433803.0,30
201300022341,13,3,21,1155,1,2,1,1.0,6,30189,M,4384297.0,436964.0,30
201300022342,13,3,23,1620,1,2,1,2.0,2,30189,M,4380717.0,431527.0,30
201300022343,13,3,23,2136,5,2,1,2.0,3,30189,M,4383349.0,435535.0,30
201300022344,13,3,24,155,5,2,1,2.0,6,30189,M,,,30
201300022345,13,3,24,2140,5,2,2,1.0,3,30189,M,4381740.0,435597.0,30
201300022346,13,3,26,1145,1,2,2,1.0,3,30189,M,4382614.0,437689.0,30
201300022347,13,3,28,1330,1,2,3,2.0,1,30189,M,4383221.0,436076.0,30
201300022348,13,3,28,1336,1,2,3,2.0,6,30189,M,4382834.0,433714.0,30
201300022349,13,4,4,1601,1,2,3,2.0,6,30189,M,,,30
201300022350,13,4,5,1240,1,2,1,1.0,7,30189,M,,,30
201300022351,13,4,5,2032,2,2,2,1.0,1,30189,M,4384167.0,436140.0,30
201300022352,13,4,6,50,5,2,3,1.0,6,30189,M,4383459.0,435810.0,30
201300022353,13,4,6,1350,1,2,1,2.0,2,30189,M,,,30
201300022354,13,4,6,2240,5,2,2,2.0,3,30189,M,4382928.0,436694.0,30
201300022355,13,4,7,615,3,2,1,1.0,1,30189,M,4385650.0,432358.0,30
201300022356,13,4,8,1755,1,2,2,1.0,6,30189,M,4382640.0,433180.0,30
201300022357,13,4,9,1405,1,2,4,1.0,6,30189,M,4383810.0,437545.0,30
201300022358,13,4,9,1620,1,2,1,1.0,2,30189,M,4388735.0,438309.0,30
201300022359,13,4,11,845,1,2,2,1.0,3,30189,M,4382947.0,439447.0,30
201300022360,13,4,12,1745,1,2,1,1.0,3,30189,M,4381639.0,436305.0,30
201300022361,13,4,12,1915,1,2,1,1.0,3,30189,M,,,30
201300022362,13,4,13,45,1,2,1,1.0,1,30189,M,4383625.0,442033.0,30
201300022363,13,4,13,1140,1,2,1,1.0,2,30189,M,4380469.0,437289.0,30
201300022364,13,4,15,1235,1,2,3,1.0,3,30189,M,4381498.0,436871.0,30
201300022365,13,4,17,1655,1,2,1,1.0,2,30189,M,,,30
201300022366,13,4,17,1915,1,2,1,1.0,6,30189,M,4382957.0,436179.0,30
201300022367,13,4,18,1500,1,2,1,1.0,6,30189,M,4381370.0,432053.0,30
201300022368,13,4,19,1159,1,2,2,1.0,3,30189,M,4382812.0,435518.0,30
201300022369,13,4,20,1410,1,2,1,2.0,1,30189,M,4384668.0,438104.0,30
201300022370,13,4,22,1110,1,2,1,1.0,6,30189,M,,,30
201300022371,13,4,24,1752,1,2,1,1.0,4,30189,M,4380664.0,437198.0,30
201300022372,13,4,30,1149,1,1,1,2.0,7,30189,M,4383855.0,434346.0,30
201300022373,13,5,1,1958,1,2,2,1.0,3,30189,M,4383392.0,436841.0,30
201300022374,13,5,2,837,1,2,2,1.0,3,30189,M,4382966.0,436497.0,30
201300022375,13,5,3,127,3,2,1,1.0,4,30189,M,4382698.0,437412.0,30
201300022376,13,5,4,1200,1,2,1,1.0,4,30189,M,4382760.0,435336.0,30
201300022377,13,5,8,45,3,1,1,1.0,6,30189,M,,,30
201300022378,13,5,8,2230,5,2,6,1.0,7,30189,M,4382035.0,435781.0,30
201300022379,13,5,10,1200,1,2,6,1.0,3,30189,M,4381782.0,434747.0,30
201300022380,13,5,13,1130,1,2,1,1.0,6,30189,M,4385207.0,434407.0,30
201300022381,13,5,13,1600,1,2,2,1.0,3,30189,M,4380737.0,432498.0,30
201300022382,13,5,14,1840,1,2,2,1.0,3,30189,M,4382639.0,433176.0,30
201300022383,13,5,15,1515,1,2,1,2.0,2,30189,M,,,30
201300022384,13,5,17,1726,1,2,1,1.0,2,30189,M,,,30
201300022385,13,5,21,1120,1,2,2,1.0,2,30189,M,4382847.0,435991.0,30
201300022386,13,5,21,1534,1,2,3,1.0,3,30189,M,4383929.0,437178.0,30
201300022387,13,5,24,1305,1,2,2,1.0,3,30189,M,4383682.0,434601.0,30
201300022388,13,5,26,2020,1,2,3,9.0,3,30189,M,4382511.0,435410.0,30
201300022389,13,5,30,1245,1,2,6,1.0,2,30189,M,4382008.0,435814.0,30
201300022390,13,5,30,2136,5,2,3,1.0,3,30189,M,4385921.0,439494.0,30
201300022391,13,5,31,1205,1,2,2,1.0,6,30189,M,4383205.0,435283.0,30
201300022392,13,5,31,1925,1,2,3,1.0,3,30189,M,4382643.0,437640.0,30
201300022393,13,6,3,1155,1,2,1,1.0,2,30189,M,4385332.0,434206.0,30
201300022394,13,6,3,1946,1,2,2,1.0,3,30189,M,4381115.0,433024.0,30
201300022395,13,6,4,2111,5,2,1,1.0,3,30189,M,4384833.0,438972.0,30
201300022396,13,6,5,1030,1,2,1,1.0,6,30189,M,4384193.0,437059.0,30
201300022397,13,6,11,1610,1,2,3,1.0,6,30189,M,4383784.0,436303.0,30
201300022398,13,6,12,1609,1,2,1,1.0,7,30189,M,4381330.0,430916.0,30
201300022399,13,6,13,1455,1,2,3,1.0,3,30189,M,4383673.0,436831.0,30
201300022400,13,6,15,1040,1,2,1,1.0,3,30189,M,4383404.0,435146.0,30
201300022401,13,6,15,2145,2,2,1,1.0,7,30189,M,4384046.0,436167.0,30
201300022402,13,6,16,1800,1,2,1,1.0,6,30189,M,4383766.0,432726.0,30
201300022403,13,6,16,1820,1,2,1,1.0,1,30189,M,4382416.0,433759.0,30
201300022404,13,6,19,949,1,2,1,1.0,3,30189,M,4381472.0,434073.0,30
201300022405,13,6,19,1115,1,2,2,1.0,2,30189,M,4382770.0,437531.0,30
201300022406,13,6,19,1651,1,2,1,1.0,3,30189,M,,,30
201300022407,13,6,19,1700,1,2,2,1.0,3,30189,M,4384915.0,436420.0,30
201300022408,13,6,21,1045,1,2,3,1.0,3,30189,M,4382847.0,435392.0,30
201300022409,13,6,23,2034,1,2,2,1.0,4,30189,M,4381116.0,433024.0,30
201300022410,13,6,25,1125,1,2,3,1.0,6,30075,M,4385131.0,427474.0,30
201300022411,13,6,26,1834,1,2,1,1.0,2,30189,M,4381584.0,434149.0,30
201300022412,13,6,28,1615,1,2,3,1.0,7,30189,M,4384021.0,435679.0,30
201300022413,13,6,29,216,3,1,1,1.0,7,30189,M,,,30
201300022414,13,6,29,1200,1,2,1,1.0,3,30189,M,,,30
201300022415,13,6,29,2113,2,2,1,1.0,2,30189,M,4383689.0,438825.0,30
201300022416,13,7,1,740,1,1,1,1.0,7,30189,M,4382056.0,433277.0,30
201300022417,13,7,3,1707,1,2,1,1.0,6,30189,M,4383468.0,434786.0,30
201300022418,13,7,4,1815,1,2,3,1.0,6,30189,M,4384217.0,435551.0,30
201300022419,13,7,5,403,5,2,2,1.0,3,30189,M,4384173.0,436041.0,30
201300022420,13,7,5,1200,1,2,2,1.0,1,30189,M,4381276.0,437060.0,30
201300022421,13,7,5,1830,1,2,2,1.0,2,30189,M,4381642.0,432274.0,30
201300022422,13,7,6,1556,1,2,1,1.0,2,30189,M,4378783.0,436159.0,30
201300022423,13,7,7,1050,1,2,3,1.0,3,30189,M,4383721.0,438509.0,30
201300022424,13,7,8,1047,1,2,1,7.0,4,30189,M,4382057.0,434597.0,30
201300022425,13,7,9,1701,1,2,1,1.0,7,30189,M,,,30
201300022426,13,7,12,357,5,2,2,1.0,3,30189,M,4383148.0,435838.0,30
201300022427,13,7,16,113,5,2,1,1.0,7,30189,M,4382391.0,433882.0,30
201300022428,13,7,16,1835,1,2,1,1.0,2,30189,M,,,30
201300022429,13,7,18,1636,1,2,2,2.0,3,30189,M,4384105.0,435603.0,30
201300022430,13,7,18,2141,2,2,3,1.0,3,30189,M,4383543.0,436940.0,30
201300022431,13,7,19,413,5,2,2,1.0,3,30189,M,4383135.0,435788.0,30
201300022432,13,7,19,1559,1,2,2,1.0,3,30189,M,4384011.0,437005.0,30
201300022433,13,7,19,1707,1,2,3,1.0,3,30189,M,4384748.0,437298.0,30
201300022434,13,7,20,1049,1,2,2,1.0,2,30189,M,4380522.0,433647.0,30
201300022435,13,7,20,1540,1,2,2,1.0,3,30189,M,4382960.0,435331.0,30
201300022436,13,7,23,41,4,2,2,1.0,3,30189,M,4383717.0,434568.0,30
201300022437,13,7,24,1825,1,2,1,1.0,3,30189,M,4380275.0,437394.0,30
201300022438,13,7,25,900,1,2,2,1.0,6,30189,M,4383341.0,438355.0,30
201300022439,13,7,25,2045,1,1,1,1.0,7,30189,M,4390341.0,428478.0,30
201300022440,13,7,25,2102,1,2,2,1.0,3,30189,M,4383962.0,437166.0,30
201300022441,13,7,26,326,3,2,1,1.0,6,30189,M,,,30
201300022442,13,7,26,1135,1,2,2,1.0,6,30189,M,,,30
201300022443,13,7,26,1800,1,2,3,1.0,6,30189,M,4382824.0,431020.0,30
201300022444,13,7,26,2030,1,2,3,1.0,3,30189,M,4382888.0,433326.0,30
201300022445,13,7,31,1641,1,2,1,1.0,4,30189,M,4382196.0,436470.0,30
201300022446,13,7,31,2150,1,2,1,1.0,6,30189,M,4384996.0,437057.0,30
201300022447,13,8,1,1945,1,2,1,1.0,1,30189,M,4384853.0,434167.0,30
201300022448,13,8,2,1722,1,2,1,1.0,6,30189,M,4383741.0,437757.0,30
201300022449,13,8,6,1550,1,2,2,1.0,3,30189,M,4383782.0,434517.0,30
201300022450,13,8,9,1720,1,2,1,1.0,2,30189,M,,,30
201300022451,13,8,10,1859,1,2,6,1.0,3,30189,M,4381609.0,434820.0,30
201300022452,13,8,11,1745,1,2,3,1.0,3,30189,M,4383902.0,435971.0,30
201300022453,13,8,11,1820,1,2,6,1.0,2,30189,M,4381793.0,436088.0,30
201300022454,13,8,13,1549,1,2,3,1.0,3,30189,M,4385188.0,434446.0,30
201300022455,13,8,13,2025,1,2,2,1.0,3,30189,M,4383025.0,435458.0,30
201300022456,13,8,14,1020,1,1,1,1.0,4,30189,M,,,30
201300022457,13,8,15,1843,1,2,2,1.0,3,30189,M,4382726.0,437502.0,30
201300022458,13,8,16,1425,1,2,2,1.0,3,30189,M,4385510.0,439924.0,30
201300022459,13,8,17,1045,1,2,2,1.0,7,30189,M,4385182.0,437682.0,30
201300022460,13,8,22,1950,1,2,1,1.0,1,30189,M,4383147.0,434400.0,30
201300022461,13,8,27,1529,1,2,1,1.0,3,30189,M,4384259.0,434228.0,30
201300022462,13,9,4,1700,1,2,4,1.0,6,30189,M,4383875.0,435289.0,30
201300022463,13,9,5,1305,1,2,3,1.0,3,30189,M,4381498.0,436876.0,30
201300022464,13,8,12,1754,1,2,2,1.0,2,30189,M,,,30
201300022465,13,9,6,1555,1,2,2,1.0,3,30189,M,4380518.0,433650.0,30
201300022466,13,9,8,612,5,2,3,2.0,3,30189,M,4382504.0,436197.0,30
201300022467,13,9,10,830,1,2,1,1.0,2,30189,M,,,30
201300022468,13,9,10,1242,1,2,2,1.0,3,30189,M,4383232.0,436169.0,30
201300022469,13,9,11,1555,1,2,2,1.0,3,30189,M,4383280.0,435183.0,30
201300022470,13,9,13,5,5,2,2,1.0,3,30189,M,4383945.0,435547.0,30
201300022471,13,9,13,510,5,2,1,1.0,7,30189,M,4383743.0,435591.0,30
201300022472,13,9,13,1620,1,2,2,1.0,3,30189,M,4383548.0,436948.0,30
201300022473,13,9,16,1715,1,2,4,1.0,2,30189,M,4383862.0,432384.0,30
201300022474,13,9,18,1215,1,2,1,1.0,7,30189,M,,,30
201300022475,13,9,18,1400,1,1,1,1.0,4,30189,M,,,30
201300022476,13,9,19,900,1,2,2,1.0,3,30189,M,4383549.0,436949.0,30
201300022477,13,9,21,1040,1,2,1,1.0,3,30189,M,,,30
201300022478,13,9,29,610,5,2,1,2.0,6,30189,M,,,30
201300022479,13,9,30,1145,1,1,1,1.0,2,30189,M,,,30
201300022480,13,9,30,1200,1,2,1,1.0,3,30189,M,,,30
201300022481,13,10,4,1605,1,2,1,1.0,6,30189,M,,,30
201300022482,13,10,4,2230,5,1,2,2.0,3,30189,M,4382506.0,435410.0,30
201300022483,13,10,5,1830,1,2,3,1.0,6,30189,M,4382553.0,437792.0,30
201300022484,13,10,6,1125,1,2,1,1.0,4,30189,M,4380726.0,431539.0,30
201300022485,13,10,6,2330,5,2,2,1.0,3,30189,M,4382840.0,435992.0,30
201300022486,13,10,7,735,2,2,2,1.0,3,30189,M,4381623.0,434873.0,30
201300022487,13,10,8,1110,1,2,2,1.0,3,30189,M,4384350.0,438520.0,30
201300022488,13,10,8,1920,5,2,1,1.0,6,30189,M,,,30
201300022489,13,10,9,920,1,2,2,1.0,1,30189,M,4384726.0,438964.0,30
201300022490,13,10,9,1520,1,2,2,1.0,3,30189,M,4383637.0,435076.0,30
201300022491,13,10,10,1745,1,2,1,2.0,3,30189,M,,,30
201300022492,13,10,11,2015,3,2,1,1.0,7,30189,M,,,30
201300022493,13,10,14,1650,1,2,1,1.0,1,30189,M,,,30
201300022494,13,10,14,1700,1,2,3,1.0,6,30189,M,4380753.0,432468.0,30
201300022495,13,10,15,1120,1,2,2,2.0,7,30189,M,4383691.0,437119.0,30
201300022496,13,10,16,1415,1,2,1,1.0,6,30189,M,4385778.0,433666.0,30
201300022497,13,10,16,2005,5,2,1,1.0,2,30189,M,4384018.0,436377.0,30
201300022498,13,10,18,1555,1,1,1,1.0,4,30189,M,,,30
201300022499,13,10,18,2220,3,1,3,2.0,3,30189,M,,,30
201300022500,13,10,19,450,5,2,1,1.0,6,30189,M,,,30
201300022501,13,10,19,2145,3,2,1,1.0,6,30189,M,,,30
201300022502,13,10,20,2305,5,2,2,1.0,3,30189,M,4383785.0,434990.0,30
201300022503,13,10,24,1645,1,2,1,1.0,6,30189,M,4384154.0,431451.0,30
201300022504,13,10,24,2140,5,1,1,1.0,6,30189,M,4383234.0,437800.0,30
201300022505,13,10,24,2300,5,2,2,1.0,6,30189,M,4383582.0,437693.0,30
201300022506,13,10,25,1014,1,2,1,1.0,6,30189,M,4382327.0,434988.0,30
201300022507,13,10,25,1620,1,2,2,1.0,2,30189,M,4384433.0,438291.0,30
201300022508,13,10,27,320,5,2,2,1.0,3,30189,M,4382206.0,436495.0,30
201300022509,13,10,28,1406,1,2,2,1.0,3,30189,M,4383135.0,435788.0,30
201300022510,13,10,29,1020,1,2,1,1.0,6,30189,M,4381608.0,433709.0,30
201300022511,13,10,31,855,1,2,1,1.0,4,30189,M,4383243.0,435147.0,30
201300022512,13,11,2,1300,1,2,2,1.0,6,30189,M,,,30
201300022513,13,11,2,1700,1,2,3,1.0,1,30189,M,4382643.0,437633.0,30
201300022514,13,11,3,930,1,2,3,1.0,6,30189,M,4383719.0,438511.0,30
201300022515,13,11,5,1015,1,2,1,1.0,6,30189,M,4382505.0,435367.0,30
201300022516,13,11,6,1235,1,2,1,1.0,3,30189,M,4381126.0,433013.0,30
201300022517,13,11,8,1905,3,1,1,2.0,6,30189,M,4381399.0,431130.0,30
201300022518,13,11,9,1408,1,2,3,1.0,2,30189,M,4384149.0,435863.0,30
201300022519,13,11,12,2205,5,2,1,1.0,6,30189,M,,,30
201300022520,13,11,5,1015,1,2,6,1.0,6,30189,M,4383090.0,438164.0,30
201300022521,13,11,14,2150,5,2,1,1.0,6,30189,M,4383300.0,434901.0,30
201300022522,13,11,15,1250,1,2,1,1.0,6,30189,M,4385728.0,440302.0,30
201300022523,13,11,16,45,5,2,3,1.0,6,30189,M,4384240.0,436831.0,30
201300022524,13,11,22,1220,1,2,1,1.0,3,30189,M,4383245.0,432989.0,30
201300022525,13,11,28,1555,1,2,6,1.0,6,30189,M,4381380.0,434982.0,30
201300022526,13,11,28,1735,5,2,4,1.0,3,30189,M,4384388.0,437019.0,30
201300022527,13,12,1,740,1,2,4,1.0,3,30189,M,4382835.0,433568.0,30
201300022528,13,12,2,2146,5,2,2,1.0,3,30189,M,4383549.0,436936.0,30
201300022529,13,12,3,1700,1,2,1,1.0,4,30189,M,4381318.0,432027.0,30
201300022530,13,12,6,1920,3,2,1,1.0,6,30189,M,,,30
201300022531,13,12,8,10,5,2,6,1.0,6,30189,M,4381526.0,434065.0,30
201300022532,13,12,8,1353,1,2,3,1.0,6,30189,M,4382885.0,437689.0,30
201300022533,13,12,10,2055,5,2,6,1.0,3,30189,M,4381779.0,434749.0,30
201300022534,13,12,11,1450,1,2,1,1.0,1,30189,M,,,30
201300022535,13,12,11,1515,1,2,3,1.0,2,30189,M,4384743.0,439721.0,30
201300022536,13,12,11,1815,5,2,1,1.0,3,30189,M,4383809.0,432514.0,30
201300022537,13,12,12,1005,1,2,1,1.0,6,30189,M,,,30
201300022538,13,12,13,2340,5,2,2,1.0,6,30189,M,4384159.0,436309.0,30
201300022539,13,12,14,450,5,2,6,1.0,2,30189,M,4382189.0,436514.0,30
201300022540,13,12,16,940,1,2,6,1.0,2,30189,M,4380713.0,431518.0,30
201300022541,13,12,17,1425,1,2,1,1.0,6,30189,M,4382788.0,433549.0,30
201300022542,13,12,20,1530,1,2,3,2.0,3,30189,M,4383656.0,433726.0,30
201300022543,13,12,20,1600,1,2,1,2.0,4,30189,M,,,30
201300022544,13,12,20,2215,5,2,2,1.0,3,30189,M,4383972.0,435555.0,30
201300022545,13,12,21,1900,5,2,2,2.0,3,30189,M,4382841.0,435996.0,30
201300022546,13,12,23,1200,1,1,6,1.0,3,30189,M,4383288.0,442592.0,30
201300022547,13,12,27,142,5,2,1,1.0,3,30189,M,4381591.0,434441.0,30
201300022548,13,12,28,50,5,2,1,1.0,2,30189,M,4382271.0,435526.0,30
201300022549,13,12,28,1625,1,1,1,1.0,1,30189,M,4387280.0,436227.0,30
201300022550,13,12,29,5,3,1,1,1.0,1,30189,M,,,30
201300022551,13,12,30,1048,1,2,1,1.0,6,30189,M,4384025.0,436296.0,30
201300022552,13,12,30,1805,1,2,2,1.0,3,30189,M,4383136.0,435788.0,30
201300022553,13,12,31,1650,1,2,1,1.0,1,30189,M,,,30
201300022554,13,12,31,1835,5,2,2,1.0,3,30351,M,4397462.0,478120.0,30
201300022555,13,5,22,1000,1,2,1,1.0,6,30351,M,,,30
201300022556,13,7,28,915,1,1,3,1.0,3,30011,M,4394758.0,478624.0,30
201300022557,13,8,13,1315,1,2,1,1.0,3,30351,M,,,30
201300022558,13,8,18,2030,1,1,3,1.0,3,30011,M,4394055.0,477387.0,30
201300022559,13,9,3,1630,1,2,1,1.0,6,30351,M,,,30
201300022560,13,10,8,1101,1,2,1,1.0,6,30351,M,,,30
201300022561,13,4,21,1730,1,1,1,1.0,7,63470,M,0.0,0.0,63
201300022562,13,5,30,1015,1,1,1,1.0,7,63099,M,0.0,0.0,63
201300022563,13,6,9,1500,1,1,1,1.0,7,63092,M,0.0,0.0,63
201300022564,13,1,27,1730,2,2,1,2.0,1,63116,M,0.0,0.0,63
201300022565,13,3,12,1830,1,1,1,1.0,6,63135,M,0.0,0.0,63
201300022566,13,3,20,1845,1,1,1,1.0,6,63278,M,0.0,0.0,63
201300022567,13,6,22,1800,1,1,1,1.0,1,63240,M,0.0,0.0,63
201300022568,13,7,10,2230,1,2,1,1.0,6,63116,M,4598387.0,308739.0,63
201300022569,13,7,12,1800,1,1,2,1.0,3,63446,M,0.0,0.0,63
201300022570,13,7,15,1030,1,1,1,1.0,4,63432,M,0.0,0.0,63
201300022571,13,8,11,1600,1,1,1,1.0,7,63473,M,0.0,0.0,63
201300022572,13,8,11,1700,1,2,2,1.0,3,63090,M,4603224.0,317606.0,63
201300022573,13,9,23,1845,1,1,3,1.0,6,63035,M,0.0,0.0,63
201300022574,13,9,25,1415,1,1,3,1.0,3,63446,M,4609000.0,334600.0,63
201300022575,13,10,19,1145,1,2,1,1.0,1,63143,M,0.0,0.0,63
201300022576,13,10,20,2045,3,1,1,1.0,1,63143,M,0.0,0.0,63
201300022577,13,11,14,945,1,1,1,1.0,3,63001,M,0.0,0.0,63
201300022578,13,4,20,1315,1,2,1,8.0,2,63004,M,0.0,0.0,63
201300022579,13,6,14,1015,1,1,3,1.0,3,23001,M,4609700.0,200199.0,23
201300022580,13,6,26,1745,1,1,1,1.0,1,23154,M,0.0,0.0,23
201300022581,13,7,7,445,3,1,1,1.0,7,23186,M,0.0,0.0,23
201300022582,13,8,4,1330,1,1,1,7.0,6,23001,M,4609200.0,205399.0,23
201300022583,13,8,9,2145,5,1,1,1.0,6,23245,M,4617200.0,184800.0,23
201300022584,13,9,8,915,1,1,1,2.0,3,23186,M,4611100.0,186400.0,23
201300022585,13,1,14,1215,1,1,1,1.0,2,26339,M,0.0,0.0,26
201300022586,13,2,1,2345,3,1,1,1.0,3,26116,M,0.0,0.0,26
201300022587,13,4,23,1345,1,1,1,1.0,3,26138,M,0.0,0.0,26
201300022588,13,6,1,715,1,1,1,1.0,2,26106,M,0.0,0.0,26
201300022589,13,6,16,1915,1,1,1,1.0,3,26169,M,0.0,0.0,26
201300022590,13,7,2,1345,1,2,1,1.0,7,26182,M,0.0,0.0,26
201300022591,13,7,11,1800,1,1,1,1.0,3,26338,M,0.0,0.0,26
201300022592,13,7,15,1000,1,1,1,1.0,1,26005,M,0.0,0.0,26
201300022593,13,7,21,1115,1,1,6,1.0,6,26169,M,0.0,0.0,26
201300022594,13,7,24,1615,1,1,1,1.0,6,26236,M,0.0,0.0,26
201300022595,13,7,29,1045,1,1,1,1.0,3,26338,M,0.0,0.0,26
201300022596,13,7,30,815,1,1,1,1.0,1,26063,M,0.0,0.0,26
201300022597,13,8,6,1500,1,1,1,1.0,3,26146,M,0.0,0.0,26
201300022598,13,8,7,1345,1,1,3,1.0,3,26324,M,0.0,0.0,26
201300022599,13,8,9,1615,1,2,1,1.0,7,26188,M,0.0,0.0,26
201300022600,13,8,11,2330,3,1,2,1.0,3,26305,M,0.0,0.0,26
201300022601,13,8,12,1945,1,1,1,1.0,3,26031,M,0.0,0.0,26
201300022602,13,8,15,1715,1,1,1,1.0,1,26169,M,0.0,0.0,26
201300022603,13,8,15,1845,1,1,1,1.0,7,26211,M,0.0,0.0,26
201300022604,13,9,2,430,3,1,1,1.0,2,26337,M,0.0,0.0,26
201300022605,13,9,6,2200,5,2,1,1.0,6,26220,M,0.0,0.0,26
201300022606,13,9,9,1515,1,1,9,1.0,5,26169,M,0.0,0.0,26
201300022607,13,9,8,545,3,1,1,1.0,2,26324,M,0.0,0.0,26
201300022608,13,9,10,915,1,2,1,1.0,6,26235,M,4437230.0,470010.0,26
201300022609,13,9,16,815,1,1,1,1.0,2,26169,M,0.0,0.0,26
201300022610,13,9,24,215,3,1,1,1.0,2,26339,M,0.0,0.0,26
201300022611,13,9,24,1100,1,1,6,1.0,6,26338,M,0.0,0.0,26
201300022612,13,9,28,1130,1,1,1,1.0,3,26003,M,0.0,0.0,26
201300022613,13,10,9,645,3,1,1,1.0,2,26005,M,0.0,0.0,26
201300022614,13,10,14,1245,1,1,1,1.0,3,26085,M,0.0,0.0,26
201300022615,13,10,30,945,1,1,1,1.0,2,26338,M,4458700.0,480500.0,26
201300022616,13,11,24,1330,1,1,1,1.0,6,26138,M,0.0,0.0,26
201300022617,13,11,29,1445,1,1,1,1.0,3,26188,M,0.0,0.0,26
201300022618,13,11,29,1430,1,1,1,1.0,5,26284,M,0.0,0.0,26
201300022619,13,12,2,945,1,1,1,1.0,6,26357,M,0.0,0.0,26
201300022620,13,12,7,1830,3,1,3,1.0,1,26005,M,0.0,0.0,26
201300022621,13,12,10,1500,1,1,1,1.0,2,26005,M,0.0,0.0,26
201300022622,13,12,20,1730,1,1,1,2.0,6,26116,M,0.0,0.0,26
201300022623,13,12,22,545,3,1,1,1.0,6,26192,M,4444600.0,501600.0,26
201300022624,13,12,27,1915,3,1,6,1.0,6,26145,M,0.0,0.0,26
201300022625,13,12,29,1745,3,1,9,1.0,2,26063,M,0.0,0.0,26
201300022626,13,11,2,600,3,1,1,2.0,6,84083,M,0.0,0.0,84
201300022627,13,1,12,1630,1,1,1,8.0,2,35337,M,0.0,0.0,35
201300022628,13,1,26,730,2,1,1,1.0,6,35225,M,0.0,0.0,35
201300022629,13,7,15,1900,1,1,1,1.0,1,35226,M,4838564.0,-188662.0,35
201300022630,13,8,20,1200,1,1,1,1.0,1,35092,M,4843419.0,-166361.0,35
201300022631,13,9,19,1000,1,2,1,1.0,6,35337,M,4832721.0,-184358.0,35
201300022632,13,12,8,1230,1,1,1,1.0,3,35226,M,4843000.0,-188900.0,35
201300022633,13,11,14,1200,1,1,1,2.0,6,27391,M,4881000.0,134400.0,27
201300022634,13,4,2,745,2,1,1,1.0,3,84122,M,0.0,0.0,84
201300022635,13,3,11,1245,1,2,1,4.0,3,62078,M,0.0,0.0,62
201300022636,13,3,16,1530,1,2,1,1.0,6,62038,M,5089119.0,196850.0,62
201300022637,13,3,24,130,3,1,1,1.0,6,62852,M,5091792.0,209802.0,62
201300022638,13,4,2,900,1,2,1,7.0,6,62623,M,0.0,0.0,62
201300022639,13,4,25,1930,1,1,1,1.0,5,62852,M,0.0,0.0,62
201300022640,13,6,7,1230,1,1,1,1.0,3,62057,M,5086549.0,205493.0,62
201300022641,13,11,4,2015,3,1,1,8.0,5,62645,M,5098740.0,207173.0,62
201300022642,13,12,15,1830,3,1,1,1.0,1,62748,M,0.0,0.0,62
201300022643,13,2,20,1430,1,1,1,1.0,6,83148,M,0.0,0.0,83
201300022644,13,5,4,1930,1,1,1,1.0,6,83061,M,0.0,0.0,83
201300022645,13,6,16,1830,1,1,1,1.0,6,83085,M,0.0,0.0,83
201300022646,13,8,9,1900,1,1,1,1.0,2,83004,M,4345699.0,647717.0,83
201300022647,13,9,3,945,1,1,1,1.0,5,83148,M,0.0,0.0,83
201300022648,13,9,4,1430,1,2,1,1.0,3,83004,M,0.0,0.0,83
201300022649,13,8,30,945,1,1,1,1.0,3,83085,M,0.0,0.0,83
201300022650,13,9,8,615,3,1,1,3.0,7,83004,M,0.0,0.0,83
201300022651,13,9,20,1700,1,2,1,1.0,1,83086,M,0.0,0.0,83
201300022652,13,11,7,1645,2,1,4,1.0,3,83004,M,0.0,0.0,83
201300022653,13,1,7,740,2,2,1,1.0,4,31483,M,4311224.0,74564.0,31
201300022654,13,1,10,905,1,2,1,2.0,3,31483,M,4311608.0,74765.0,31
201300022655,13,1,2,1840,5,2,3,1.0,2,31483,M,4311125.0,73979.0,31
201300022656,13,1,19,1930,3,2,3,3.0,7,31483,M,4311361.0,73916.0,31
201300022657,13,1,22,740,2,2,1,2.0,6,31483,M,4310693.0,73451.0,31
201300022658,13,1,25,405,5,2,1,1.0,6,31483,M,4311176.0,74276.0,31
201300022659,13,1,31,725,5,2,1,1.0,2,31483,M,,,31
201300022660,13,3,5,1740,1,2,1,1.0,4,31483,M,4311027.0,73430.0,31