Num_Acc,an,mois,jour,hrmn,lum,agg,int,atm,col,com,gps,lat,long,dep
201300022661,13,3,15,910,1,1,1,1.0,2,31483,M,,,31
201300022662,13,5,1,1820,1,2,1,1.0,3,31483,M,4311097.0,72576.0,31
201300022663,13,5,10,1930,1,1,1,1.0,7,31483,M,4309540.0,73629.0,31
201300022664,13,5,23,2310,5,2,9,2.0,2,31483,M,4311095.0,72579.0,31
201300022665,13,6,2,1300,1,1,1,1.0,7,31565,M,,,31
201300022666,13,6,17,1000,1,2,1,1.0,7,31483,M,4310951.0,72960.0,31
201300022667,13,7,8,1830,1,2,3,1.0,1,31483,M,4311780.0,72029.0,31
201300022668,13,7,20,1835,1,2,1,1.0,3,31483,M,4310867.0,72133.0,31
201300022669,13,7,25,1255,1,2,1,1.0,6,31483,M,4311001.0,71927.0,31
201300022670,13,7,27,1950,1,1,1,2.0,7,31483,M,4314059.0,69564.0,31
201300022671,13,7,26,1155,1,2,1,1.0,2,31483,M,4310942.0,72947.0,31
201300022672,13,8,17,920,1,2,1,1.0,6,31483,M,4310631.0,72278.0,31
201300022673,13,8,19,645,3,1,1,1.0,1,31344,M,4309647.0,75668.0,31
201300022674,13,8,30,1840,1,2,1,1.0,4,31483,M,4309910.0,70824.0,31
201300022675,13,8,22,1910,1,2,2,1.0,3,31483,M,4311015.0,73360.0,31
201300022676,13,8,25,1545,1,2,3,1.0,2,31483,M,4311666.0,74928.0,31
201300022677,13,9,7,1835,1,1,1,2.0,7,31483,M,4315137.0,74972.0,31
201300022678,13,9,5,1310,1,2,1,1.0,7,31483,M,4310959.0,70862.0,31
201300022679,13,9,7,1520,1,2,1,2.0,7,31483,M,4310740.0,72648.0,31
201300022680,13,10,17,855,1,1,1,2.0,6,31344,M,4309137.0,75263.0,31
201300022681,13,10,30,1150,1,1,3,1.0,1,31565,M,4309461.0,69143.0,31
201300022682,13,11,2,320,3,1,1,3.0,7,31483,M,4314323.0,73727.0,31
201300022683,13,11,5,1900,5,2,1,2.0,6,31483,M,4360227.0,34228.0,31
201300022684,13,11,12,1605,1,2,1,2.0,3,31483,M,4311212.0,72578.0,31
201300022685,13,11,21,745,2,2,1,4.0,6,31483,M,4310762.0,71558.0,31
201300022686,13,12,3,948,1,2,1,1.0,6,31483,M,4310885.0,72181.0,31
201300022687,13,12,3,1830,5,2,3,1.0,3,31483,M,4310787.0,71634.0,31
201300022688,13,10,25,2205,3,1,1,1.0,7,31483,M,4312107.0,73236.0,31
201300022689,13,1,9,2200,5,2,1,1.0,6,69285,M,0.0,0.0,69
201300022690,13,7,1,830,1,2,1,1.0,6,69285,M,0.0,0.0,69
201300022691,13,3,29,2000,5,2,1,2.0,3,69285,M,0.0,0.0,69
201300022692,13,5,10,2315,5,1,6,1.0,7,69277,M,0.0,0.0,69
201300022693,13,1,2,420,5,2,1,3.0,6,31555,M,,,31
201300022694,13,1,2,1830,5,2,1,1.0,3,31555,M,,,31
201300022695,13,1,3,1800,5,2,1,1.0,3,31555,M,,,31
201300022696,13,1,4,1125,1,2,1,1.0,1,31555,M,,,31
201300022697,13,1,5,1230,1,2,1,1.0,3,31555,M,,,31
201300022698,13,1,6,2020,1,1,1,1.0,7,31555,M,,,31
201300022699,13,1,7,2047,5,2,1,1.0,6,31555,M,,,31
201300022700,13,1,8,1715,1,2,1,1.0,2,31555,M,,,31
201300022701,13,1,3,1700,1,2,6,1.0,3,31555,M,,,31
201300022702,13,1,9,1315,1,2,1,1.0,1,31555,M,,,31
201300022703,13,1,8,820,1,2,1,2.0,4,31557,M,4357835.0,132876.0,31
201300022704,13,1,10,2220,5,2,1,3.0,7,31555,M,,,31
201300022705,13,1,10,2350,5,2,1,2.0,6,31555,M,,,31
201300022706,13,1,12,240,5,2,1,2.0,1,31555,M,,,31
201300022707,13,1,13,645,1,2,1,1.0,7,31555,M,,,31
201300022708,13,1,11,1840,5,1,1,1.0,4,31555,M,,,31
201300022709,13,1,15,917,1,2,1,2.0,6,31555,M,,,31
201300022710,13,1,15,800,1,2,1,3.0,6,31555,M,,,31
201300022711,13,1,16,2330,5,2,1,3.0,7,31555,M,,,31
201300022712,13,1,16,1830,5,2,1,2.0,6,31555,M,,,31
201300022713,13,1,19,1100,1,2,1,1.0,1,31555,M,,,31
201300022714,13,1,19,1400,1,2,1,1.0,4,31555,M,,,31
201300022715,13,1,30,1735,1,2,1,2.0,6,31555,M,,,31
201300022716,13,1,20,1,5,2,1,3.0,6,31555,M,,,31
201300022717,13,1,20,1500,1,2,4,1.0,6,31555,M,,,31
201300022718,13,1,21,1815,5,2,1,1.0,1,31555,M,,,31
201300022719,13,1,22,555,5,2,1,1.0,3,31555,M,,,31
201300022720,13,1,22,800,1,2,1,2.0,7,31555,M,,,31
201300022721,13,1,23,1840,4,2,1,1.0,1,31555,M,,,31
201300022722,13,1,24,830,2,2,3,3.0,3,31555,M,,,31
201300022723,13,1,23,1900,5,2,1,1.0,6,31555,M,,,31
201300022724,13,1,22,2000,5,2,1,1.0,1,31555,M,,,31
201300022725,13,1,25,1730,2,2,1,1.0,3,31555,M,,,31
201300022726,13,1,27,1535,1,2,1,1.0,7,31555,M,,,31
201300022727,13,1,28,1150,1,2,1,1.0,1,31555,M,,,31
201300022728,13,1,25,1730,4,2,1,1.0,2,31555,M,,,31
201300022729,13,1,30,1115,1,2,1,1.0,2,31555,M,,,31
201300022730,13,1,31,1940,4,2,3,1.0,6,31555,M,,,31
201300022731,13,1,31,2310,4,2,1,1.0,3,31555,M,,,31
201300022732,13,2,2,1900,5,2,1,2.0,6,31555,M,,,31
201300022733,13,2,2,1337,1,1,1,2.0,2,31555,M,,,31
201300022734,13,2,3,415,5,2,2,1.0,3,31555,M,,,31
201300022735,13,1,31,1710,1,2,1,1.0,4,31557,M,4357518.0,132057.0,31
201300022736,13,2,1,1630,1,2,1,1.0,2,31069,M,,,31
201300022737,13,2,8,35,5,2,1,1.0,6,31555,M,,,31
201300022738,13,2,11,1230,1,2,1,1.0,6,31555,M,,,31
201300022739,13,2,11,1553,1,2,1,1.0,6,31069,M,4361846.0,138887.0,31
201300022740,13,2,10,955,1,2,1,1.0,3,31149,M,4360986.0,135057.0,31
201300022741,13,2,11,1050,1,2,1,1.0,6,31557,M,4358169.0,130339.0,31
201300022742,13,2,13,2055,5,2,1,1.0,1,31555,M,,,31
201300022743,13,2,13,1605,1,2,1,1.0,2,31555,M,,,31
201300022744,13,2,12,2030,5,2,1,2.0,3,31555,M,,,31
201300022745,13,2,14,1734,1,2,1,1.0,6,31555,M,,,31
201300022746,13,2,17,2110,5,2,1,1.0,1,31149,M,4361232.0,134355.0,31
201300022747,13,2,16,2150,5,2,6,1.0,3,31555,M,,,31
201300022748,13,2,15,700,2,2,1,1.0,2,31069,M,,,31
201300022749,13,2,19,1000,1,2,1,1.0,6,31555,M,,,31
201300022750,13,2,19,900,1,2,1,1.0,6,31555,M,,,31
201300022751,13,2,19,900,1,2,1,1.0,6,31555,M,,,31
201300022752,13,2,19,450,5,2,1,1.0,6,31555,M,,,31
201300022753,13,2,20,1137,1,2,1,1.0,6,31555,M,,,31
201300022754,13,2,20,1605,1,2,1,1.0,7,31555,M,,,31
201300022755,13,2,20,810,1,2,1,1.0,1,31557,M,4359226.0,132075.0,31
201300022756,13,2,15,1535,1,2,1,1.0,6,31555,M,,,31
201300022757,13,2,19,1930,5,1,1,1.0,6,31555,M,,,31
201300022758,13,2,21,1600,1,1,1,1.0,7,31555,M,,,31
201300022759,13,2,21,940,1,2,1,1.0,1,31555,M,,,31
201300022760,13,2,21,1750,1,2,1,1.0,1,31555,M,,,31
201300022761,13,2,22,1025,1,2,3,1.0,3,31555,M,,,31
201300022762,13,2,22,1030,1,1,1,1.0,3,31555,M,,,31
201300022763,13,2,22,1925,5,2,1,1.0,6,31555,M,,,31
201300022764,13,2,22,1205,1,1,1,1.0,4,31555,M,,,31
201300022765,13,2,20,1830,5,2,1,1.0,3,31149,M,4361201.0,135217.0,31
201300022766,13,2,25,620,5,1,1,2.0,6,31555,M,,,31
201300022767,13,2,22,1520,1,2,6,1.0,3,31555,M,,,31
201300022768,13,2,21,840,1,2,1,1.0,6,31069,M,,,31
201300022769,13,3,4,840,1,2,1,1.0,6,31555,M,,,31
201300022770,13,2,25,1950,5,2,1,1.0,6,31555,M,,,31
201300022771,13,3,6,1620,1,2,1,1.0,6,31555,M,,,31
201300022772,13,3,6,2051,5,2,1,1.0,2,31555,M,,,31
201300022773,13,3,6,1930,5,2,1,1.0,1,31555,M,,,31
201300022774,13,3,6,2000,5,2,1,1.0,3,31555,M,,,31
201300022775,13,3,7,1425,1,2,1,1.0,6,31555,M,,,31
201300022776,13,3,8,1540,1,2,1,1.0,2,31149,M,4361729.0,133971.0,31
201300022777,13,3,8,1950,5,1,1,1.0,4,31555,M,4365070.0,142235.0,31
201300022778,13,3,9,250,5,2,2,1.0,3,31555,M,,,31
201300022779,13,3,9,450,5,2,1,2.0,6,31555,M,,,31
201300022780,13,3,9,1150,1,2,1,1.0,3,31557,M,4358706.0,131572.0,31
201300022781,13,3,11,1125,1,2,1,1.0,6,31555,M,,,31
201300022782,13,3,4,855,1,1,1,1.0,2,31555,M,,,31
201300022783,13,3,11,1130,1,2,1,1.0,2,31555,M,,,31
201300022784,13,3,13,705,2,2,1,1.0,5,31555,M,,,31
201300022785,13,3,13,800,1,1,1,1.0,2,31555,M,,,31
201300022786,13,3,13,1645,1,2,1,4.0,3,31555,M,,,31
201300022787,13,3,14,900,1,2,1,1.0,1,31557,M,4357980.0,132756.0,31
201300022788,13,3,14,1251,1,2,1,1.0,2,31555,M,,,31
201300022789,13,3,15,2055,5,2,1,1.0,2,31555,M,,,31
201300022790,13,3,17,50,5,2,2,1.0,3,31555,M,,,31
201300022791,13,3,16,1730,1,2,1,1.0,6,31555,M,,,31
201300022792,13,3,13,1310,1,2,1,1.0,6,31555,M,,,31
201300022793,13,3,18,1950,5,2,1,1.0,6,31555,M,,,31
201300022794,13,3,18,1700,1,2,1,1.0,3,31555,M,,,31
201300022795,13,3,18,1615,1,2,1,1.0,1,31555,M,,,31
201300022796,13,3,20,822,1,2,1,1.0,1,31555,M,,,31
201300022797,13,3,20,750,1,2,1,1.0,6,31555,M,,,31
201300022798,13,3,18,805,1,2,1,2.0,6,31555,M,,,31
201300022799,13,3,21,710,1,1,1,7.0,2,31555,M,,,31
201300022800,13,3,19,1700,1,2,1,1.0,3,31149,M,4361299.0,135253.0,31
201300022801,13,3,20,2010,5,1,1,1.0,2,31555,M,,,31
201300022802,13,3,21,915,1,2,1,1.0,6,31555,M,,,31
201300022803,13,3,22,30,5,2,1,1.0,3,31555,M,,,31
201300022804,13,3,22,1720,1,1,1,1.0,2,31555,M,,,31
201300022805,13,3,23,630,2,1,3,1.0,3,31555,M,,,31
201300022806,13,3,23,2254,5,2,1,1.0,4,31555,M,,,31
201300022807,13,3,25,1637,1,2,1,1.0,3,31555,M,,,31
201300022808,13,3,26,1710,1,2,1,1.0,3,31555,M,,,31
201300022809,13,3,27,1000,1,2,1,1.0,1,31555,M,,,31
201300022810,13,3,27,1630,1,2,1,1.0,6,31555,M,,,31
201300022811,13,3,27,1750,1,2,1,1.0,6,31555,M,,,31
201300022812,13,3,28,730,1,2,1,2.0,3,31149,M,4361918.0,134283.0,31
201300022813,13,3,28,1700,1,2,1,1.0,6,31555,M,,,31
201300022814,13,3,29,1916,1,2,1,1.0,6,31555,M,,,31
201300022815,13,3,29,1255,1,2,1,1.0,3,31555,M,,,31
201300022816,13,4,1,1440,1,2,3,1.0,3,31555,M,,,31
201300022817,13,4,2,615,4,2,1,2.0,6,31555,M,4362150.0,139305.0,31
201300022818,13,4,2,1040,1,1,1,2.0,5,31555,M,,,31
201300022819,13,4,2,1530,1,2,1,1.0,6,31555,M,,,31
201300022820,13,3,29,1128,1,2,1,1.0,6,31149,M,4361590.0,134003.0,31
201300022821,13,4,3,1225,1,2,1,1.0,3,31555,M,,,31
201300022822,13,4,3,2315,1,2,1,1.0,7,31555,M,,,31
201300022823,13,4,3,1330,1,1,1,1.0,4,31555,M,,,31
201300022824,13,4,3,750,1,2,1,1.0,3,31557,M,4358396.0,134261.0,31
201300022825,13,4,4,900,1,2,1,1.0,3,31555,M,,,31
201300022826,13,4,7,235,5,2,1,1.0,1,31149,M,4360384.0,130625.0,31
201300022827,13,4,5,2040,1,2,1,1.0,6,31149,M,4361450.0,130084.0,31
201300022828,13,4,6,915,1,2,1,1.0,6,31555,M,,,31
201300022829,13,4,6,1645,1,2,1,1.0,3,31555,M,,,31
201300022830,13,4,8,1010,1,2,1,1.0,6,31555,M,,,31
201300022831,13,4,8,1115,1,1,1,2.0,5,31555,M,,,31
201300022832,13,4,8,1215,1,1,1,1.0,2,31555,M,,,31
201300022833,13,4,9,830,1,1,1,2.0,2,31555,M,,,31
201300022834,13,4,9,1435,2,2,1,1.0,6,31555,M,,,31
201300022835,13,4,9,1845,1,1,1,1.0,5,31555,M,,,31
201300022836,13,4,8,1120,1,2,1,1.0,1,31557,M,4358669.0,131887.0,31
201300022837,13,4,9,1845,1,1,1,1.0,3,31555,M,,,31
201300022838,13,4,10,1800,1,2,1,1.0,3,31555,M,,,31
201300022839,13,4,11,745,1,2,1,1.0,6,31555,M,,,31
201300022840,13,4,18,1115,1,1,1,1.0,3,31555,M,,,31
201300022841,13,4,12,1920,1,2,1,1.0,1,31555,M,,,31
201300022842,13,4,12,1420,1,1,1,1.0,4,31555,M,,,31
201300022843,13,4,13,1340,1,2,3,1.0,3,31555,M,,,31
201300022844,13,4,15,640,1,2,1,1.0,1,31149,M,4360480.0,130748.0,31
201300022845,13,4,18,945,1,2,1,1.0,1,31555,M,4357734.0,143638.0,31
201300022846,13,4,18,1850,1,2,1,1.0,6,31555,M,,,31
201300022847,13,4,18,2240,1,1,1,1.0,7,31555,M,,,31
201300022848,13,4,21,1145,1,2,1,1.0,6,31555,M,,,31
201300022849,13,4,19,2015,1,2,1,1.0,4,31149,M,,,31
201300022850,13,4,21,750,1,2,1,1.0,4,31555,M,,,31
201300022851,13,4,21,1110,1,2,1,1.0,6,31555,M,,,31
201300022852,13,4,25,1540,1,2,2,1.0,3,31555,M,,,31
201300022853,13,4,27,2135,5,1,1,1.0,6,31555,M,,,31
201300022854,13,4,26,1355,1,2,3,1.0,3,31555,M,,,31
201300022855,13,4,29,1730,1,2,1,1.0,7,31555,M,,,31
201300022856,13,4,29,2150,5,1,1,1.0,7,31555,M,,,31
201300022857,13,4,30,950,1,2,1,2.0,6,31555,M,,,31
201300022858,13,5,1,135,5,1,1,1.0,7,31561,M,,,31
201300022859,13,4,25,925,1,2,1,1.0,3,31555,M,,,31
201300022860,13,4,30,1040,1,2,1,1.0,2,31149,M,4360650.0,131588.0,31
201300022861,13,5,3,840,1,2,1,1.0,6,31555,M,,,31
201300022862,13,5,4,1715,1,2,1,1.0,6,31555,M,,,31
201300022863,13,5,5,445,5,2,2,1.0,1,31555,M,,,31
201300022864,13,5,5,1225,1,2,1,1.0,1,31555,M,,,31
201300022865,13,5,7,1715,1,1,1,1.0,3,31555,M,,,31
201300022866,13,5,8,1130,1,2,2,1.0,3,31557,M,4358707.0,134504.0,31
201300022867,13,5,10,1125,1,2,1,1.0,6,31555,M,,,31
201300022868,13,5,10,1630,1,2,1,1.0,6,31555,M,,,31
201300022869,13,5,10,1900,1,2,1,1.0,1,31555,M,,,31
201300022870,13,5,11,1510,1,2,1,1.0,3,31555,M,,,31
201300022871,13,5,12,1750,1,2,1,1.0,1,31555,M,,,31
201300022872,13,5,12,2324,1,1,1,1.0,3,31555,M,,,31
201300022873,13,5,7,800,1,2,1,2.0,3,31557,M,4359395.0,132490.0,31
201300022874,13,5,13,945,1,2,6,1.0,3,31555,M,,,31
201300022875,13,5,13,1300,1,2,1,1.0,3,31149,M,4359746.0,135078.0,31
201300022876,13,5,13,1705,1,1,1,1.0,3,31555,M,,,31
201300022877,13,5,13,2000,1,2,1,1.0,2,31555,M,,,31
201300022878,13,5,14,956,1,2,1,1.0,3,31555,M,,,31
201300022879,13,5,15,1015,1,1,1,2.0,6,31555,M,,,31
201300022880,13,5,16,500,5,2,1,2.0,6,31555,M,,,31
201300022881,13,5,16,1800,1,2,1,1.0,6,31555,M,,,31
201300022882,13,5,17,1805,1,2,1,1.0,7,31555,M,,,31
201300022883,13,5,18,1405,1,2,1,1.0,4,31555,M,,,31
201300022884,13,5,16,1030,1,2,1,2.0,2,31555,M,,,31
201300022885,13,5,21,1520,1,2,1,1.0,3,31555,M,,,31
201300022886,13,5,17,900,1,1,1,1.0,2,31149,M,,,31
201300022887,13,5,23,1225,1,2,1,1.0,2,31555,M,,,31
201300022888,13,5,24,1533,1,2,1,1.0,3,31149,M,,,31
201300022889,13,5,24,1620,1,1,1,1.0,4,31149,M,,,31
201300022890,13,5,26,1100,1,2,1,1.0,2,31557,M,4358473.0,134439.0,31
201300022891,13,5,27,800,1,2,1,1.0,3,31149,M,4359935.0,133001.0,31
201300022892,13,5,22,1800,1,2,1,1.0,2,31557,M,4358755.0,133884.0,31
201300022893,13,5,28,2150,2,2,1,1.0,6,31555,M,,,31
201300022894,13,5,27,915,1,2,1,1.0,2,31555,M,,,31
201300022895,13,5,30,800,1,2,1,1.0,2,31555,M,,,31
201300022896,13,5,30,1640,1,2,1,2.0,6,31555,M,,,31
201300022897,13,5,30,2145,1,2,1,2.0,3,31555,M,,,31
201300022898,13,5,29,829,1,2,1,1.0,2,31149,M,4361966.0,134787.0,31
201300022899,13,6,1,1,5,2,1,1.0,1,31555,M,,,31
201300022900,13,6,3,2215,1,2,1,1.0,3,31555,M,,,31
201300022901,13,6,3,1345,1,2,1,1.0,5,31555,M,,,31
201300022902,13,6,2,1900,1,2,1,1.0,3,31555,M,,,31
201300022903,13,6,4,1900,1,2,1,1.0,6,31555,M,,,31
201300022904,13,6,4,1830,1,1,1,1.0,4,31555,M,,,31
201300022905,13,6,3,930,1,2,1,1.0,6,31555,M,,,31
201300022906,13,6,3,1725,1,2,1,1.0,1,31555,M,,,31
201300022907,13,6,5,1140,1,2,1,1.0,3,31555,M,,,31
201300022908,13,6,5,1300,1,2,1,1.0,6,31557,M,4358492.0,134481.0,31
201300022909,13,6,5,1645,1,2,1,1.0,6,31555,M,,,31
201300022910,13,6,5,1955,1,2,1,1.0,2,31069,M,4364308.0,137870.0,31
201300022911,13,6,6,1740,1,2,3,1.0,5,31555,M,,,31
201300022912,13,6,6,1800,1,2,1,1.0,6,31555,M,,,31
201300022913,13,6,7,105,5,2,1,2.0,2,31555,M,,,31
201300022914,13,6,7,1230,1,2,1,1.0,6,31555,M,,,31
201300022915,13,6,8,1936,1,1,1,1.0,2,31555,M,,,31
201300022916,13,6,9,725,1,2,1,2.0,2,31555,M,,,31
201300022917,13,6,7,1456,1,2,1,1.0,4,31555,M,,,31
201300022918,13,6,10,2235,5,2,1,1.0,6,31555,M,,,31
201300022919,13,6,7,1740,1,2,1,1.0,6,31149,M,4360990.0,134548.0,31
201300022920,13,6,6,1240,1,2,3,1.0,1,31555,M,,,31
201300022921,13,6,11,830,1,2,1,1.0,6,31555,M,,,31
201300022922,13,6,11,2100,2,2,1,1.0,3,31555,M,,,31
201300022923,13,6,11,1425,1,2,1,1.0,2,31555,M,,,31
201300022924,13,6,11,1805,1,2,1,1.0,3,31555,M,,,31
201300022925,13,6,11,1800,1,2,1,1.0,6,31555,M,,,31
201300022926,13,6,10,805,1,1,1,1.0,3,31555,M,,,31
201300022927,13,6,7,1940,1,2,1,1.0,3,31557,M,4355965.0,135097.0,31
201300022928,13,6,12,2350,5,2,1,1.0,6,31555,M,,,31
201300022929,13,6,7,1525,1,2,1,1.0,2,31555,M,,,31
201300022930,13,6,11,1830,1,2,1,1.0,1,31555,M,,,31
201300022931,13,6,13,2025,1,2,1,1.0,4,31555,M,,,31
201300022932,13,6,15,2120,3,2,1,1.0,3,31555,M,,,31
201300022933,13,6,7,1545,1,1,1,1.0,3,31555,M,,,31
201300022934,13,6,14,900,1,2,1,1.0,3,31069,M,4363099.0,137997.0,31
201300022935,13,6,19,30,5,2,3,2.0,3,31555,M,,,31
201300022936,13,6,13,1223,1,2,1,1.0,1,31555,M,,,31
201300022937,13,6,21,1345,1,2,1,1.0,3,31149,M,4362173.0,133448.0,31
201300022938,13,6,21,2350,1,2,1,1.0,6,31555,M,,,31
201300022939,13,6,23,620,2,1,1,2.0,6,31555,M,,,31
201300022940,13,6,23,1915,1,2,1,1.0,1,31555,M,,,31
201300022941,13,6,20,645,1,1,1,1.0,5,31069,M,,,31
201300022942,13,6,24,1915,1,2,1,1.0,6,31555,M,,,31
201300022943,13,6,24,2150,5,2,1,1.0,7,31555,M,,,31
201300022944,13,6,22,10,5,2,1,1.0,6,31149,M,4360986.0,133313.0,31
201300022945,13,6,25,745,1,1,1,1.0,5,31555,M,,,31
201300022946,13,6,27,955,1,2,1,1.0,6,31555,M,,,31
201300022947,13,6,27,2300,5,2,3,1.0,3,31555,M,,,31
201300022948,13,6,28,1,5,2,1,1.0,7,31555,M,,,31
201300022949,13,6,27,1355,1,1,1,1.0,2,31555,M,4358683.0,140187.0,31
201300022950,13,6,28,1700,1,2,1,1.0,3,31555,M,,,31
201300022951,13,6,29,2340,1,2,1,1.0,1,31555,M,,,31
201300022952,13,6,30,500,5,2,1,1.0,1,31555,M,,,31
201300022953,13,6,30,1230,1,2,1,1.0,7,31149,M,4361208.0,130877.0,31
201300022954,13,6,30,1345,1,2,1,1.0,6,31555,M,,,31
201300022955,13,7,2,905,1,2,1,1.0,7,31555,M,,,31
201300022956,13,7,2,900,1,2,1,1.0,2,31149,M,,,31
201300022957,13,6,26,1400,1,2,1,1.0,2,31555,M,,,31
201300022958,13,7,2,1225,1,2,1,1.0,6,31555,M,,,31
201300022959,13,7,2,1500,1,2,1,1.0,6,31555,M,,,31
201300022960,13,6,30,1650,1,2,1,1.0,2,31149,M,,,31
201300022961,13,7,2,1650,1,2,1,1.0,6,31555,M,,,31
201300022962,13,7,4,500,2,2,1,2.0,1,31555,M,,,31
201300022963,13,7,4,650,2,1,1,1.0,1,31555,M,,,31
201300022964,13,7,2,510,5,2,1,1.0,7,31555,M,,,31
201300022965,13,7,6,15,5,2,1,1.0,6,31149,M,4362771.0,133138.0,31
201300022966,13,7,7,100,5,2,1,1.0,6,31555,M,,,31
201300022967,13,7,7,1510,1,2,1,1.0,2,31555,M,,,31
201300022968,13,7,5,1910,1,1,1,1.0,6,31555,M,,,31
201300022969,13,7,9,745,1,2,3,1.0,2,31069,M,4362295.0,139533.0,31
201300022970,13,7,9,745,1,2,1,1.0,6,31555,M,,,31
201300022971,13,7,3,1845,1,2,1,1.0,6,31555,M,,,31
201300022972,13,7,10,830,1,2,1,1.0,6,31555,M,,,31
201300022973,13,7,10,2120,2,2,1,2.0,1,31069,M,4362803.0,139229.0,31
201300022974,13,7,10,1940,1,2,1,2.0,3,31555,M,,,31
201300022975,13,7,9,1840,1,1,1,1.0,2,31555,M,,,31
201300022976,13,7,12,1745,1,2,1,1.0,3,31555,M,,,31
201300022977,13,7,16,1,5,2,1,1.0,2,31555,M,,,31
201300022978,13,7,13,1200,1,2,1,1.0,3,31555,M,,,31
201300022979,13,7,17,950,1,2,1,1.0,6,31557,M,4358201.0,134331.0,31
201300022980,13,7,18,2000,1,1,1,1.0,3,31555,M,,,31
201300022981,13,7,19,1745,1,2,1,1.0,5,31555,M,,,31
201300022982,13,7,21,15,4,2,1,1.0,6,31555,M,,,31
201300022983,13,7,22,1545,1,1,1,1.0,7,31555,M,,,31
201300022984,13,7,22,2049,1,2,3,1.0,3,31555,M,,,31
201300022985,13,7,23,1200,1,2,1,1.0,7,31555,M,,,31
201300022986,13,7,23,1400,1,2,3,1.0,5,31069,M,4363225.0,138860.0,31
201300022987,13,7,24,1640,1,2,1,1.0,7,31555,M,,,31
201300022988,13,7,26,730,1,2,1,1.0,1,31555,M,,,31
201300022989,13,7,28,140,5,2,1,1.0,3,31555,M,,,31
201300022990,13,7,27,2345,5,2,1,1.0,3,31555,M,,,31
201300022991,13,7,30,1940,1,2,1,1.0,2,31555,M,,,31
201300022992,13,8,1,630,2,2,1,1.0,7,31555,M,,,31
201300022993,13,7,31,1240,1,2,1,1.0,3,31555,M,,,31
201300022994,13,7,31,1930,1,2,6,1.0,3,31149,M,4359486.0,132575.0,31
201300022995,13,8,3,1630,1,1,3,1.0,1,31555,M,,,31
201300022996,13,8,2,2050,1,2,4,1.0,3,31069,M,4362250.0,139461.0,31
201300022997,13,8,5,1120,1,2,1,1.0,1,31555,M,,,31
201300022998,13,8,5,1930,1,2,1,1.0,2,31555,M,,,31
201300022999,13,8,6,1215,1,2,1,1.0,2,31555,M,,,31
201300023000,13,8,6,1540,1,2,1,1.0,2,31555,M,,,31
201300023001,13,8,6,1645,1,2,2,1.0,3,31555,M,,,31
201300023002,13,8,6,900,1,2,1,1.0,1,31555,M,,,31
201300023003,13,8,7,1545,1,2,1,1.0,2,31555,M,,,31
201300023004,13,8,6,130,1,2,1,2.0,7,31557,M,4357388.0,131740.0,31
201300023005,13,8,8,1805,1,2,3,1.0,1,31555,M,,,31
201300023006,13,8,7,835,1,1,1,1.0,3,31555,M,,,31
201300023007,13,8,10,300,5,1,1,1.0,6,31555,M,,,31
201300023008,13,8,10,1650,1,2,1,2.0,3,31555,M,,,31
201300023009,13,8,14,1815,1,2,1,1.0,6,31555,M,,,31
201300023010,13,8,15,1520,1,2,1,1.0,1,31555,M,,,31
201300023011,13,8,15,1740,1,2,1,1.0,1,31555,M,,,31
201300023012,13,8,20,1750,1,2,1,1.0,1,31557,M,4359059.0,136605.0,31
201300023013,13,8,22,1515,1,2,1,1.0,6,31555,M,,,31
201300023014,13,8,22,1325,1,2,1,1.0,6,31555,M,,,31
201300023015,13,8,22,2100,1,2,1,1.0,1,31555,M,,,31
201300023016,13,8,22,1455,1,2,1,1.0,6,31555,M,,,31
201300023017,13,8,23,800,2,1,1,1.0,4,31555,M,,,31
201300023018,13,8,23,1420,1,2,1,1.0,2,31555,M,,,31
201300023019,13,8,23,1655,1,2,1,1.0,3,31555,M,,,31
201300023020,13,8,28,1740,1,1,1,1.0,2,31555,M,,,31
201300023021,13,8,28,2200,5,2,1,1.0,4,31069,M,,,31
201300023022,13,8,30,1655,1,2,1,1.0,6,31555,M,,,31
201300023023,13,9,1,235,1,2,1,1.0,2,31555,M,,,31
201300023024,13,9,1,1500,1,2,1,1.0,3,31555,M,,,31
201300023025,13,9,2,1155,1,2,3,1.0,2,31555,M,,,31
201300023026,13,9,2,2125,5,2,2,1.0,3,31555,M,,,31
201300023027,13,9,4,700,2,2,2,1.0,3,31555,M,,,31
201300023028,13,9,3,1030,1,2,1,1.0,1,31555,M,,,31
201300023029,13,9,4,1940,1,2,1,1.0,4,31555,M,,,31
201300023030,13,9,6,515,5,2,3,1.0,6,31555,M,,,31
201300023031,13,9,6,1619,1,2,1,1.0,2,31555,M,,,31
201300023032,13,9,6,1725,1,2,3,9.0,6,31555,M,,,31
201300023033,13,9,7,1900,1,2,1,1.0,3,31555,M,,,31
201300023034,13,9,4,855,1,2,1,1.0,3,31555,M,,,31
201300023035,13,9,10,1140,1,2,1,8.0,3,31555,M,,,31
201300023036,13,9,10,1610,1,2,1,1.0,6,31069,M,4364028.0,139230.0,31
201300023037,13,9,9,825,1,2,1,1.0,6,31557,M,4357924.0,135932.0,31
201300023038,13,9,10,1045,5,2,1,2.0,6,31555,M,,,31
201300023039,13,9,12,837,1,2,1,1.0,3,31555,M,,,31
201300023040,13,9,12,1150,1,2,1,1.0,3,31555,M,,,31
201300023041,13,9,13,750,2,1,1,1.0,4,31555,M,,,31
201300023042,13,9,13,930,1,2,1,1.0,4,31555,M,,,31
201300023043,13,9,13,715,1,2,1,2.0,2,31555,M,,,31