Num_Acc,an,mois,jour,hrmn,lum,agg,int,atm,col,com,gps,lat,long,dep
201300023044,13,9,13,1935,1,2,1,1.0,3,31555,M,,,31
201300023045,13,9,13,2145,5,2,1,1.0,1,31555,M,,,31
201300023046,13,9,14,1235,1,2,1,1.0,3,31555,M,,,31
201300023047,13,9,15,1550,1,2,1,1.0,6,31555,M,,,31
201300023048,13,9,15,1940,1,1,9,1.0,5,31555,M,,,31
201300023049,13,9,15,1530,1,2,1,1.0,6,31555,M,,,31
201300023050,13,9,13,1750,1,2,1,1.0,3,31555,M,,,31
201300023051,13,9,17,745,1,2,1,1.0,6,31555,M,,,31
201300023052,13,9,18,2215,5,2,6,3.0,3,31149,M,4360919.0,135247.0,31
201300023053,13,9,19,1035,1,2,1,1.0,1,31555,M,,,31
201300023054,13,9,19,815,2,2,1,2.0,6,31149,M,4360926.0,134843.0,31
201300023055,13,9,18,700,5,2,1,1.0,2,31557,M,4357715.0,132593.0,31
201300023056,13,9,18,1005,1,2,1,1.0,2,31149,M,4361838.0,133921.0,31
201300023057,13,9,20,1715,1,2,1,1.0,6,31555,M,,,31
201300023058,13,9,20,1832,1,1,1,1.0,5,31555,M,4365460.0,142678.0,31
201300023059,13,9,23,1400,1,2,3,1.0,3,31555,M,,,31
201300023060,13,9,25,1230,1,2,1,1.0,3,31555,M,,,31
201300023061,13,9,25,1420,1,2,1,1.0,6,31555,M,,,31
201300023062,13,9,27,745,1,2,2,1.0,1,31555,M,,,31
201300023063,13,9,30,755,1,2,1,1.0,1,31555,M,,,31
201300023064,13,9,30,1005,1,2,1,1.0,4,31555,M,,,31
201300023065,13,9,30,1100,1,2,1,1.0,6,31555,M,,,31
201300023066,13,9,30,1138,1,2,8,1.0,1,31555,M,,,31
201300023067,13,9,30,1635,1,1,1,1.0,2,31555,M,,,31
201300023068,13,9,30,1645,1,1,1,2.0,4,31555,M,,,31
201300023069,13,10,1,735,2,1,1,1.0,3,31555,M,,,31
201300023070,13,10,1,1630,1,1,1,1.0,4,31555,M,,,31
201300023071,13,10,3,730,2,1,1,1.0,5,31555,M,,,31
201300023072,13,10,3,1035,1,2,3,2.0,3,31555,M,,,31
201300023073,13,10,3,630,5,2,1,1.0,6,31555,M,,,31
201300023074,13,10,3,1315,1,2,1,2.0,6,31149,M,4361064.0,133552.0,31
201300023075,13,10,4,746,2,1,1,1.0,2,31555,M,,,31
201300023076,13,10,5,2300,5,1,1,1.0,2,31555,M,,,31
201300023077,13,10,6,1425,1,2,1,1.0,3,31555,M,,,31
201300023078,13,10,7,724,1,1,1,1.0,2,31149,M,,,31
201300023079,13,10,4,825,1,1,1,1.0,2,31555,M,,,31
201300023080,13,10,11,1500,1,2,1,1.0,1,31555,M,,,31
201300023081,13,10,14,930,1,2,3,1.0,6,31555,M,,,31
201300023082,13,10,14,2058,5,2,3,1.0,2,31555,M,,,31
201300023083,13,10,14,1800,1,2,1,1.0,6,31555,M,,,31
201300023084,13,10,10,1030,1,2,3,1.0,3,31557,M,4357500.0,134607.0,31
201300023085,13,10,15,1035,1,2,1,1.0,6,31555,M,,,31
201300023086,13,10,16,655,1,2,6,2.0,3,31555,M,,,31
201300023087,13,10,14,655,2,2,1,1.0,2,31149,M,4360810.0,132620.0,31
201300023088,13,10,16,1945,3,2,1,1.0,2,31555,M,,,31
201300023089,13,10,16,2035,4,2,3,1.0,3,31555,M,,,31
201300023090,13,10,17,900,1,2,2,1.0,3,31555,M,,,31
201300023091,13,10,17,1220,1,2,1,1.0,6,31555,M,,,31
201300023092,13,10,17,1100,1,2,1,1.0,2,31555,M,,,31
201300023093,13,10,19,620,5,2,1,1.0,6,31555,M,,,31
201300023094,13,10,18,2135,5,2,1,1.0,6,31555,M,,,31
201300023095,13,10,18,1845,2,2,2,1.0,3,31555,M,,,31
201300023096,13,10,20,1155,1,2,1,1.0,6,31555,M,,,31
201300023097,13,10,20,1,5,2,1,1.0,7,31555,M,,,31
201300023098,13,10,18,750,2,1,1,1.0,2,31555,M,,,31
201300023099,13,10,21,2125,5,2,1,1.0,6,31555,M,,,31
201300023100,13,10,21,2045,5,2,1,1.0,6,31555,M,,,31
201300023101,13,10,21,1950,5,2,1,1.0,3,31555,M,,,31
201300023102,13,10,18,1525,1,2,1,1.0,3,31149,M,4360790.0,133009.0,31
201300023103,13,10,22,1215,1,2,1,1.0,6,31069,M,4364541.0,137033.0,31
201300023104,13,10,21,1925,2,2,1,1.0,6,31555,M,,,31
201300023105,13,10,23,1700,1,2,1,1.0,1,31555,M,,,31
201300023106,13,10,23,920,1,2,1,1.0,3,31555,M,,,31
201300023107,13,10,25,340,5,2,1,1.0,6,31555,M,,,31
201300023108,13,10,26,1545,1,2,1,1.0,4,31555,M,,,31
201300023109,13,10,26,1650,1,2,1,1.0,6,31555,M,,,31
201300023110,13,10,26,1815,2,2,4,1.0,1,31555,M,,,31
201300023111,13,10,27,1240,1,2,1,1.0,6,31555,M,,,31
201300023112,13,10,28,1730,1,2,1,1.0,7,31149,M,4361652.0,130590.0,31
201300023113,13,10,24,1600,1,2,1,1.0,3,31069,M,4364277.0,136730.0,31
201300023114,13,10,25,920,1,2,1,1.0,3,31555,M,,,31
201300023115,13,10,30,10,1,2,1,1.0,3,31555,M,,,31
201300023116,13,10,24,1655,1,2,1,1.0,6,31555,M,,,31
201300023117,13,10,30,1610,1,2,1,1.0,6,31555,M,,,31
201300023118,13,10,30,1700,1,1,1,1.0,3,31555,M,,,31
201300023119,13,10,30,1920,4,2,1,1.0,1,31149,M,,,31
201300023120,13,10,31,1100,1,1,1,1.0,2,31555,M,,,31
201300023121,13,10,31,1545,1,2,1,1.0,6,31555,M,,,31
201300023122,13,10,31,2000,5,2,1,1.0,1,31555,M,,,31
201300023123,13,11,1,330,5,2,1,1.0,7,31555,M,,,31
201300023124,13,11,1,1430,1,2,1,1.0,7,31069,M,,,31
201300023125,13,11,2,1536,1,2,1,1.0,2,31069,M,4362549.0,138311.0,31
201300023126,13,11,3,650,5,2,1,1.0,6,31555,M,,,31
201300023127,13,10,31,1400,1,2,1,1.0,2,31555,M,,,31
201300023128,13,11,4,1110,1,2,1,2.0,3,31555,M,,,31
201300023129,13,11,4,1345,1,2,1,2.0,6,31555,M,,,31
201300023130,13,11,4,1850,1,2,3,1.0,3,31555,M,,,31
201300023131,13,11,4,1915,5,1,1,1.0,5,31555,M,,,31
201300023132,13,11,4,1700,1,2,1,1.0,1,31555,M,,,31
201300023133,13,11,4,1321,1,2,1,3.0,7,31555,M,,,31
201300023134,13,11,4,835,1,2,2,1.0,5,31555,M,,,31
201300023135,13,11,6,1650,1,2,1,1.0,2,31555,M,,,31
201300023136,13,11,6,1450,1,2,1,1.0,1,31149,M,4360193.0,133599.0,31
201300023137,13,11,5,840,1,2,3,1.0,2,31149,M,4360227.0,134228.0,31
201300023138,13,11,5,1000,1,2,1,3.0,6,31555,M,,,31
201300023139,13,11,7,1530,1,2,1,1.0,6,31555,M,,,31
201300023140,13,11,4,815,1,1,1,2.0,4,31069,M,,,31
201300023141,13,11,6,1050,1,2,1,1.0,7,31149,M,4361763.0,131578.0,31
201300023142,13,11,7,1926,5,2,1,1.0,6,31555,M,,,31
201300023143,13,11,8,1835,4,2,1,2.0,3,31557,M,4357920.0,132870.0,31
201300023144,13,11,8,1330,1,2,1,1.0,2,31555,M,,,31
201300023145,13,11,8,2315,3,2,2,1.0,1,31555,M,,,31
201300023146,13,11,9,1745,2,2,2,2.0,3,31555,M,,,31
201300023147,13,11,9,2145,5,2,1,2.0,6,31555,M,,,31
201300023148,13,11,10,340,5,2,1,2.0,2,31555,M,,,31
201300023149,13,11,10,330,5,2,1,1.0,6,31555,M,,,31
201300023150,13,11,10,710,1,2,1,2.0,7,31555,M,,,31
201300023151,13,11,10,1210,1,2,1,2.0,3,31555,M,,,31
201300023152,13,10,31,1630,1,2,1,1.0,2,31557,M,,,31
201300023153,13,11,9,1027,1,2,1,1.0,6,31555,M,,,31
201300023154,13,11,12,1955,5,2,1,2.0,6,31555,M,,,31
201300023155,13,11,13,1445,1,2,1,1.0,2,31555,M,,,31
201300023156,13,11,12,2025,5,1,1,8.0,6,31555,M,,,31
201300023157,13,11,8,930,1,2,1,1.0,6,31555,M,,,31
201300023158,13,11,17,715,1,2,1,1.0,7,31555,M,,,31
201300023159,13,11,12,2006,5,2,1,2.0,3,31555,M,,,31
201300023160,13,11,18,1510,1,2,1,1.0,3,31069,M,4363615.0,139099.0,31
201300023161,13,11,18,1830,3,2,1,2.0,6,31555,M,,,31
201300023162,13,11,19,2325,5,2,1,1.0,6,31555,M,,,31
201300023163,13,11,20,1730,2,2,1,1.0,2,31555,M,,,31
201300023164,13,11,20,1833,1,2,1,1.0,2,31555,M,,,31
201300023165,13,11,15,1720,5,2,1,2.0,2,31555,M,,,31
201300023166,13,11,22,1745,4,2,1,1.0,1,31555,M,,,31
201300023167,13,11,21,1750,5,2,2,1.0,6,31555,M,,,31
201300023168,13,11,21,740,2,2,1,1.0,2,31149,M,,,31
201300023169,13,11,22,1745,5,2,1,9.0,1,31555,M,,,31
201300023170,13,11,26,722,5,2,1,1.0,6,31149,M,4361183.0,133228.0,31
201300023171,13,11,23,1850,5,2,1,2.0,3,31555,M,,,31
201300023172,13,11,26,1835,1,1,1,1.0,2,31555,M,,,31
201300023173,13,11,27,748,1,2,1,1.0,6,31555,M,,,31
201300023174,13,11,26,1610,1,2,1,1.0,6,31557,M,4358360.0,134530.0,31
201300023175,13,11,28,810,1,2,3,1.0,3,31555,M,,,31
201300023176,13,11,29,530,5,2,1,1.0,6,31555,M,,,31
201300023177,13,11,29,1630,1,2,1,1.0,4,31069,M,,,31
201300023178,13,11,29,1745,2,2,1,1.0,6,31555,M,,,31
201300023179,13,12,1,245,5,2,3,1.0,3,31555,M,,,31
201300023180,13,12,1,1315,1,2,1,1.0,3,31555,M,,,31
201300023181,13,11,26,2020,5,2,1,1.0,6,31069,M,,,31
201300023182,13,11,26,1400,1,2,1,9.0,5,31069,M,4362564.0,139872.0,31
201300023183,13,12,3,1700,1,2,1,1.0,2,31555,M,,,31
201300023184,13,12,3,1930,5,2,1,1.0,6,31555,M,,,31
201300023185,13,12,4,100,5,2,2,1.0,3,31555,M,,,31
201300023186,13,12,4,650,2,2,1,5.0,4,31149,M,4362725.0,134655.0,31
201300023187,13,12,4,820,1,2,1,1.0,2,31557,M,4358746.0,134581.0,31
201300023188,13,12,1,955,1,1,1,1.0,6,31555,M,,,31
201300023189,13,12,4,800,1,2,1,1.0,6,31555,M,,,31
201300023190,13,12,5,1800,5,2,1,1.0,3,31555,M,,,31
201300023191,13,12,6,1151,1,2,1,1.0,6,31555,M,,,31
201300023192,13,12,7,120,5,2,1,1.0,3,31555,M,,,31
201300023193,13,12,7,1840,5,2,1,1.0,2,31555,M,,,31
201300023194,13,12,7,1915,5,2,1,1.0,4,31555,M,,,31
201300023195,13,12,8,400,5,1,1,5.0,2,31555,M,,,31
201300023196,13,12,8,1535,1,1,1,1.0,4,31555,M,,,31
201300023197,13,12,8,1400,1,2,1,1.0,3,31555,M,,,31
201300023198,13,12,9,845,1,2,1,1.0,2,31555,M,,,31
201300023199,13,12,9,1457,1,2,1,1.0,6,31555,M,,,31
201300023200,13,12,5,1315,1,2,1,1.0,3,31149,M,4361357.0,135369.0,31
201300023201,13,12,10,1450,1,2,1,1.0,2,31555,M,,,31
201300023202,13,12,10,1655,1,2,1,1.0,6,31555,M,,,31
201300023203,13,12,6,1625,1,2,1,1.0,6,31555,M,,,31
201300023204,13,12,11,1830,5,2,1,1.0,4,31555,M,,,31
201300023205,13,12,12,630,5,2,1,1.0,6,31555,M,,,31
201300023206,13,12,12,750,1,2,1,1.0,6,31555,M,,,31
201300023207,13,12,12,1730,5,2,3,1.0,1,31555,M,,,31
201300023208,13,12,12,2100,5,2,1,1.0,1,31555,M,,,31
201300023209,13,12,15,1945,5,2,1,1.0,1,31555,M,,,31
201300023210,13,12,16,1540,1,2,1,1.0,1,31555,M,,,31
201300023211,13,12,12,1630,1,1,1,1.0,2,31149,M,,,31
201300023212,13,12,16,1350,1,2,1,1.0,6,31555,M,,,31
201300023213,13,12,17,1610,1,2,1,1.0,6,31555,M,,,31
201300023214,13,12,17,1745,5,2,1,1.0,6,31555,M,,,31
201300023215,13,12,18,1520,1,2,1,1.0,2,31555,M,,,31
201300023216,13,12,19,1803,5,1,1,1.0,4,31555,M,,,31
201300023217,13,12,20,750,2,2,1,1.0,6,31555,M,,,31
201300023218,13,12,19,1730,1,2,1,2.0,6,31069,M,4365254.0,137426.0,31
201300023219,13,12,20,1545,1,2,1,1.0,6,31149,M,,,31
201300023220,13,12,20,2155,5,2,1,1.0,2,31555,M,,,31
201300023221,13,12,21,2117,5,2,3,1.0,3,31555,M,,,31
201300023222,13,12,22,1105,1,2,1,1.0,3,31555,M,,,31
201300023223,13,12,22,930,1,1,1,5.0,6,31555,M,,,31
201300023224,13,12,23,1200,1,2,1,1.0,3,31555,M,,,31
201300023225,13,12,23,1421,1,2,6,1.0,3,31149,M,4360990.0,135196.0,31
201300023226,13,12,26,1545,1,2,1,1.0,2,31555,M,,,31
201300023227,13,12,26,1730,5,2,1,2.0,2,31555,M,,,31
201300023228,13,12,6,750,1,2,3,1.0,4,31149,M,4361228.0,131055.0,31
201300023229,13,12,27,1430,1,2,1,1.0,3,31555,M,,,31
201300023230,13,12,27,1925,1,2,1,1.0,1,31555,M,,,31
201300023231,13,12,28,113,5,2,1,1.0,6,31555,M,,,31
201300023232,13,12,30,800,2,2,1,1.0,1,31555,M,,,31
201300023233,13,12,30,955,1,2,1,1.0,1,31555,M,,,31
201300023234,13,12,23,1045,1,2,1,1.0,3,31149,M,4361310.0,133045.0,31
201300023235,13,9,30,745,1,1,1,1.0,2,10115,M,0.0,0.0,10
201300023236,13,1,28,630,3,1,1,2.0,7,10240,M,4828100.0,390400.0,10
201300023237,13,7,4,1615,1,2,9,1.0,3,10142,M,4827200.0,380700.0,10
201300023238,13,7,17,1830,1,1,1,1.0,7,10276,M,4821300.0,370300.0,10
201300023239,13,12,15,1230,1,1,1,1.0,7,68009,M,4811250.0,756867.0,68
201300023240,13,1,15,2300,3,1,1,9.0,5,71150,M,0.0,0.0,71
201300023241,13,5,13,1515,1,1,1,1.0,6,71448,M,0.0,0.0,71
201300023242,13,6,12,1900,1,1,1,1.0,2,71497,M,0.0,0.0,71
201300023243,13,6,23,845,1,1,1,1.0,2,71494,M,0.0,0.0,71
201300023244,13,7,14,1300,1,1,1,1.0,7,71195,M,0.0,0.0,71
201300023245,13,8,17,15,3,1,1,1.0,2,71591,M,0.0,0.0,71
201300023246,13,9,2,1715,1,2,1,1.0,1,71359,M,0.0,0.0,71
201300023247,13,10,16,1930,3,1,1,3.0,1,71515,M,4660119.0,469375.0,71
201300023248,13,12,13,615,3,1,1,5.0,2,71481,M,0.0,0.0,71
201300023249,13,1,20,930,1,1,1,4.0,6,88232,M,4846120.0,587004.0,88
201300023250,13,3,10,1800,1,1,1,1.0,2,88232,M,4845900.0,586940.0,88
201300023251,13,7,18,730,1,1,2,1.0,2,88232,M,4845379.0,586860.0,88
201300023252,13,9,3,1130,1,1,1,1.0,6,54041,M,4856470.0,588919.0,54
201300023253,13,1,18,2100,3,1,1,8.0,5,83031,M,0.0,0.0,83
201300023254,13,3,23,1445,1,1,1,2.0,1,83148,M,0.0,0.0,83
201300023255,13,4,6,1500,1,1,1,1.0,6,83057,M,0.0,0.0,83
201300023256,13,5,7,1915,1,1,1,1.0,6,83073,M,0.0,0.0,83
201300023257,13,5,11,345,3,1,1,1.0,6,83099,M,0.0,0.0,83
201300023258,13,5,18,945,1,1,1,3.0,6,83031,M,0.0,0.0,83
201300023259,13,6,7,1245,1,1,1,1.0,6,83130,M,0.0,0.0,83
201300023260,13,6,12,1645,1,1,1,1.0,3,83086,M,0.0,0.0,83
201300023261,13,6,23,1730,1,1,1,1.0,2,83086,M,0.0,0.0,83
201300023262,13,7,5,615,2,1,1,1.0,6,83023,M,0.0,0.0,83
201300023263,13,8,2,700,1,1,1,1.0,6,83054,M,0.0,0.0,83
201300023264,13,8,19,1700,1,1,1,1.0,7,83023,M,0.0,0.0,83
201300023265,13,8,29,1515,1,1,1,1.0,5,83148,M,0.0,0.0,83
201300023266,13,9,6,815,1,1,1,1.0,5,83031,M,0.0,0.0,83
201300023267,13,9,9,2230,3,1,1,1.0,5,83107,M,0.0,0.0,83
201300023268,13,9,22,1000,1,1,1,1.0,6,83023,M,0.0,0.0,83
201300023269,13,10,9,715,1,1,1,1.0,1,83054,M,0.0,0.0,83
201300023270,13,10,16,2115,3,1,1,1.0,6,83086,M,0.0,0.0,83
201300023271,13,10,23,1815,2,1,1,1.0,5,83107,M,0.0,0.0,83
201300023272,13,12,29,945,1,1,1,1.0,6,83073,M,0.0,0.0,83
201300023273,13,2,12,415,3,1,9,1.0,3,28161,M,0.0,0.0,28
201300023274,13,4,9,845,1,1,1,2.0,7,28073,M,4849300.0,166500.0,28
201300023275,13,5,12,1500,1,1,1,1.0,4,28177,M,0.0,0.0,28
201300023276,13,6,12,1430,1,1,1,1.0,2,28161,M,0.0,0.0,28
201300023277,13,6,21,1645,1,1,1,1.0,3,28398,M,0.0,0.0,28
201300023278,13,7,5,1915,1,1,1,1.0,3,28104,M,0.0,0.0,28
201300023279,13,7,8,1030,1,1,1,1.0,3,28219,M,0.0,0.0,28
201300023280,13,7,15,1700,1,1,1,1.0,6,28085,M,0.0,0.0,28
201300023281,13,8,12,1545,1,1,1,1.0,6,28018,M,0.0,0.0,28
201300023282,13,8,20,745,1,1,1,1.0,6,28085,M,0.0,0.0,28
201300023283,13,8,26,215,3,1,1,1.0,6,28031,M,0.0,0.0,28
201300023284,13,11,19,1330,1,1,1,1.0,2,28261,M,0.0,0.0,28
201300023285,13,11,30,915,1,1,1,1.0,6,28141,M,0.0,0.0,28
201300023286,13,4,15,715,1,1,1,1.0,2,45093,M,4804787.0,190497.0,45
201300023287,13,5,3,1800,1,2,1,1.0,7,13078,M,4338375.0,480813.0,13
201300023288,13,7,10,1830,1,2,1,1.0,1,13078,M,4338897.0,480029.0,13
201300023289,13,7,24,1615,1,2,1,1.0,7,13078,M,4338677.0,482029.0,13
201300023290,13,11,22,1500,1,2,1,1.0,6,13078,M,4338719.0,480410.0,13
201300023291,13,1,11,615,3,1,1,2.0,2,77141,M,0.0,0.0,77
201300023292,13,2,8,1645,1,1,1,8.0,2,77157,M,0.0,0.0,77
201300023293,13,3,17,415,3,1,1,1.0,2,77141,M,0.0,0.0,77
201300023294,13,6,12,1745,1,1,1,1.0,6,77141,M,0.0,0.0,77
201300023295,13,10,10,1600,1,1,1,3.0,7,77235,M,4898300.0,310000.0,77
201300023296,13,12,1,1515,1,1,1,1.0,2,77382,M,4890000.0,289100.0,77
201300023297,13,1,25,1715,1,2,1,1.0,3,81238,M,4348070.0,245675.0,81
201300023298,13,1,27,1700,1,2,1,2.0,7,81209,M,4351830.0,237041.0,81
201300023299,13,3,7,1500,1,2,1,1.0,6,81238,M,4347770.0,248849.0,81
201300023300,13,7,19,1745,1,1,1,1.0,6,81209,M,0.0,0.0,81
201300023301,13,1,10,1656,1,2,2,1.0,3,32013,M,4366540.0,61837.0,32
201300023302,13,3,8,25,3,1,1,1.0,7,32013,M,4365740.0,55939.0,32
201300023303,13,4,2,1225,1,2,3,8.0,3,32013,M,4365340.0,58135.0,32
201300023304,13,4,7,2025,3,1,1,1.0,7,32013,M,4366420.0,60065.0,32
201300023305,13,4,25,1915,1,2,1,1.0,2,32013,M,4364900.0,58954.0,32
201300023306,13,4,28,1945,1,1,1,1.0,7,32013,M,4362930.0,63359.0,32
201300023307,13,5,12,2045,2,1,1,1.0,1,32013,M,4367410.0,58523.0,32
201300023308,13,5,24,2240,5,2,1,2.0,6,32013,M,4366040.0,61732.0,32
201300023309,13,6,20,850,1,2,3,1.0,7,32013,M,4364970.0,59806.0,32
201300023310,13,7,7,1945,1,2,1,1.0,7,32013,M,4364900.0,58954.0,32
201300023311,13,7,11,830,1,2,1,1.0,3,32013,M,4365330.0,59532.0,32
201300023312,13,9,5,1024,1,2,1,1.0,2,32013,M,4363930.0,58466.0,32
201300023313,13,9,10,1955,3,1,6,1.0,7,32013,M,4367050.0,53168.0,32
201300023314,13,11,7,1130,1,2,1,1.0,3,32013,M,4363350.0,59084.0,32
201300023315,13,11,26,1305,1,2,1,1.0,1,32013,M,4363870.0,57246.0,32
201300023316,13,11,27,1305,1,2,1,1.0,1,32013,M,,,32
201300023317,13,12,13,738,2,1,1,5.0,7,32013,M,4365260.0,54905.0,32
201300023318,13,12,13,1440,1,2,1,1.0,5,32013,M,4363000.0,58053.0,32
201300023319,13,12,17,1855,5,2,1,1.0,7,32013,M,4363190.0,58739.0,32
201300023320,13,12,27,1455,1,1,1,1.0,1,32013,M,4365900.0,63387.0,32
201300023321,13,12,28,1715,1,1,1,1.0,1,32013,M,4366790.0,60218.0,32
201300023322,13,4,14,945,1,1,1,1.0,7,57270,M,0.0,0.0,57
201300023323,13,6,29,1200,1,1,1,8.0,6,57098,M,0.0,0.0,57
201300023324,13,10,23,745,3,2,1,3.0,4,57180,M,4876278.0,702712.0,57
201300023325,13,11,19,1315,1,2,1,2.0,6,57177,M,4881163.0,671720.0,57
201300023326,13,11,26,815,3,1,2,1.0,3,57161,M,0.0,0.0,57
201300023327,13,1,23,630,2,1,1,1.0,6,21532,M,4725610.0,511900.0,21
201300023328,13,4,2,1845,1,1,1,1.0,7,21021,M,0.0,0.0,21
201300023329,13,5,16,1415,1,1,1,1.0,6,21483,M,0.0,0.0,21
201300023330,13,5,20,1330,1,1,1,3.0,6,21599,M,0.0,0.0,21
201300023331,13,5,21,830,1,1,2,2.0,5,21638,M,0.0,0.0,21
201300023332,13,11,21,430,3,1,1,4.0,6,21599,M,0.0,0.0,21
201300023333,13,1,20,1830,5,1,1,4.0,6,76188,M,4964670.0,124246.0,76
201300023334,13,2,25,1430,1,1,1,8.0,3,76675,M,4958611.0,104859.0,76
201300023335,13,10,27,1615,1,2,1,1.0,7,31254,M,4355290.0,150321.0,31
201300023336,13,6,1,1745,1,1,1,1.0,6,84069,M,0.0,0.0,84
201300023337,13,9,5,1000,1,1,9,1.0,4,84126,M,0.0,0.0,84
201300023338,13,10,16,1845,3,1,1,1.0,1,84022,M,0.0,0.0,84
201300023339,13,5,18,545,2,1,1,1.0,7,76071,M,4991696.0,124621.0,76
201300023340,13,9,8,1145,1,1,1,1.0,7,76624,M,4987347.0,120525.0,76
201300023341,13,9,18,1230,1,2,1,1.0,6,76437,M,4984521.0,122273.0,76
201300023342,13,12,20,1630,1,2,1,1.0,6,41167,M,,,41
201300023343,13,1,9,1708,2,1,1,1.0,6,33529,M,,,33
201300023344,13,1,11,1900,5,2,2,2.0,3,33009,M,,,33
201300023345,13,1,16,810,2,1,1,3.0,2,33529,M,,,33
201300023346,13,1,18,1530,1,2,2,2.0,3,33009,M,,,33
201300023347,13,2,5,1140,1,2,1,1.0,2,33009,M,,,33
201300023348,13,2,18,1630,1,2,1,1.0,1,33529,M,,,33
201300023349,13,3,17,235,5,2,2,2.0,3,33009,M,,,33
201300023350,13,3,26,1445,1,1,1,1.0,6,33529,M,,,33
201300023351,13,4,2,1520,1,2,1,1.0,2,33529,M,,,33
201300023352,13,4,6,415,5,2,1,1.0,6,33009,M,,,33
201300023353,13,5,18,600,2,1,1,3.0,6,33529,M,,,33
201300023354,13,5,19,1650,1,2,1,1.0,3,33009,M,,,33
201300023355,13,5,26,900,1,2,3,1.0,3,33529,M,,,33
201300023356,13,6,6,1750,1,2,1,1.0,2,33529,M,,,33
201300023357,13,6,9,600,3,1,1,2.0,1,33529,M,,,33
201300023358,13,6,8,1100,1,2,1,1.0,6,33009,M,,,33
201300023359,13,6,10,925,1,1,1,2.0,2,33529,M,,,33
201300023360,13,6,28,2325,5,2,1,2.0,7,33009,M,,,33
201300023361,13,7,9,2105,1,1,2,1.0,3,33529,M,,,33
201300023362,13,7,13,1220,1,2,1,1.0,7,33529,M,,,33
201300023363,13,7,5,1525,1,2,1,1.0,6,33529,M,,,33
201300023364,13,7,14,2230,5,2,1,1.0,1,33009,M,,,33
201300023365,13,7,21,910,1,2,1,1.0,1,33009,M,,,33
201300023366,13,7,23,1725,1,1,1,1.0,3,33529,M,,,33
201300023367,13,7,28,1515,1,2,6,1.0,3,33529,M,,,33
201300023368,13,8,7,2150,5,2,1,1.0,3,33529,M,,,33
201300023369,13,8,14,1000,1,2,1,1.0,3,33009,M,,,33
201300023370,13,8,16,2055,2,1,1,1.0,3,33529,M,,,33
201300023371,13,8,2,1230,1,2,3,1.0,3,33529,M,,,33
201300023372,13,8,1,1840,1,2,1,1.0,1,33529,M,,,33
201300023373,13,8,24,2050,2,2,1,9.0,6,33529,M,,,33
201300023374,13,8,28,1620,1,2,1,1.0,6,33529,M,,,33
201300023375,13,8,10,1320,1,1,1,1.0,2,33529,M,,,33
201300023376,13,9,26,1625,1,2,1,1.0,6,33529,M,,,33
201300023377,13,9,26,1225,1,2,1,1.0,6,33529,M,,,33
201300023378,13,10,1,145,5,2,1,1.0,6,33009,M,,,33
201300023379,13,10,2,2000,5,2,1,1.0,3,33529,M,,,33
201300023380,13,10,3,1630,1,2,1,1.0,2,33529,M,,,33
201300023381,13,10,18,1440,1,1,1,1.0,6,33529,M,,,33
201300023382,13,10,19,1840,1,2,1,1.0,6,33009,M,,,33
201300023383,13,10,21,1925,5,1,1,1.0,6,33529,M,,,33
201300023384,13,11,24,1945,5,2,1,1.0,1,33529,M,,,33
201300023385,13,11,23,2105,3,2,1,1.0,7,33529,M,,,33
201300023386,13,11,28,1540,1,2,6,1.0,3,33529,M,,,33
201300023387,13,12,11,1710,1,2,1,1.0,6,33529,M,,,33
201300023388,13,12,16,1340,1,2,6,1.0,3,33529,M,,,33
201300023389,13,12,17,1935,5,2,2,1.0,3,33009,M,,,33
201300023390,13,12,16,1600,1,2,1,1.0,6,33529,M,,,33
201300023391,13,12,16,530,3,1,1,1.0,6,33529,M,,,33
201300023392,13,12,23,1940,5,2,1,1.0,1,33009,M,,,33
201300023393,13,3,24,2000,3,1,1,5.0,7,74034,M,0.0,0.0,74
201300023394,13,4,29,45,3,1,1,8.0,6,74114,M,4619700.0,668000.0,74
201300023395,13,6,18,1700,1,1,2,1.0,3,74030,M,4628900.0,661500.0,74
201300023396,13,7,24,2015,2,1,1,1.0,1,74295,M,4631400.0,661000.0,74
201300023397,13,7,29,1730,1,1,1,8.0,1,74034,M,4625200.0,663700.0,74
201300023398,13,8,18,515,3,2,1,1.0,6,74188,M,0.0,0.0,74
201300023399,13,8,26,1000,1,1,1,1.0,6,74191,M,4620200.0,674600.0,74
201300023400,13,9,29,230,5,2,1,1.0,6,74188,M,0.0,0.0,74
201300023401,13,1,1,300,5,2,2,2.0,2,33063,M,,,33
201300023402,13,1,2,1210,1,2,2,1.0,3,33063,M,,,33
201300023403,13,1,6,2200,5,2,2,1.0,6,33063,M,,,33
201300023404,13,1,6,1230,1,2,1,1.0,2,33063,M,,,33
201300023405,13,12,26,1940,5,2,2,1.0,3,33281,M,,,33
201300023406,13,1,7,1400,1,2,2,1.0,6,33063,M,,,33
201300023407,13,12,28,925,1,2,2,1.0,3,33550,M,,,33
201300023408,13,12,30,1445,1,2,1,1.0,6,33065,M,,,33
201300023409,13,12,30,1045,1,2,4,1.0,6,33069,M,,,33
201300023410,13,12,31,2110,5,2,1,2.0,6,33013,M,,,33
201300023411,13,1,2,1415,1,2,1,1.0,2,33200,M,,,33
201300023412,13,1,8,850,1,2,2,2.0,3,33063,M,,,33