Num_Acc,an,mois,jour,hrmn,lum,agg,int,atm,col,com,gps,lat,long,dep
201300023413,13,1,8,1740,5,2,1,2.0,3,33063,M,,,33
201300023414,13,1,4,1825,5,2,1,1.0,2,33013,M,,,33
201300023415,13,12,31,1740,5,2,2,2.0,3,33550,M,,,33
201300023416,13,12,31,1034,1,2,1,1.0,6,33550,M,,,33
201300023417,13,1,10,1825,4,2,1,1.0,6,33039,M,,,33
201300023418,13,1,10,1742,5,2,2,1.0,3,33063,M,,,33
201300023419,13,1,8,700,5,2,2,2.0,6,33281,M,,,33
201300023420,13,1,9,920,1,2,1,1.0,5,33200,M,,,33
201300023421,13,1,11,1810,2,2,1,1.0,4,33063,M,,,33
201300023422,13,1,12,300,5,2,1,1.0,6,33063,M,,,33
201300023423,13,1,11,1850,5,2,3,1.0,3,33063,M,,,33
201300023424,13,1,7,1635,1,2,2,1.0,3,33318,M,,,33
201300023425,13,1,11,1650,1,2,3,1.0,6,33063,M,,,33
201300023426,13,1,7,1145,1,2,1,1.0,6,33281,M,,,33
201300023427,13,1,14,1455,1,2,3,1.0,3,33063,M,,,33
201300023428,13,1,16,915,1,2,1,3.0,6,33063,M,,,33
201300023429,13,1,16,830,2,2,1,3.0,6,33063,M,,,33
201300023430,13,1,16,834,1,2,2,3.0,6,33063,M,,,33
201300023431,13,1,16,1220,1,2,1,2.0,6,33063,M,,,33
201300023432,13,1,11,1220,1,2,2,1.0,3,33200,M,,,33
201300023433,13,1,16,1450,1,2,1,2.0,2,33281,M,,,33
201300023434,13,1,14,830,1,2,1,1.0,6,33550,M,,,33
201300023435,13,1,18,1650,1,2,3,2.0,6,33063,M,,,33
201300023436,13,1,18,1230,1,2,2,2.0,3,33063,M,,,33
201300023437,13,1,21,805,1,2,2,2.0,6,33063,M,,,33
201300023438,13,1,18,750,5,2,1,2.0,6,33281,M,,,33
201300023439,13,1,16,740,5,2,1,3.0,6,33318,M,,,33
201300023440,13,1,14,745,1,2,1,1.0,2,33550,M,,,33
201300023441,13,1,15,1235,1,2,2,1.0,3,33318,M,,,33
201300023442,13,1,10,634,5,2,1,2.0,2,33063,M,,,33
201300023443,13,1,15,730,5,2,2,2.0,3,33318,M,,,33
201300023444,13,1,15,950,1,2,1,8.0,2,33013,M,,,33
201300023445,13,1,11,900,1,2,1,1.0,6,33192,M,,,33
201300023446,13,1,11,1420,1,2,1,1.0,6,33522,M,,,33
201300023447,13,1,23,22,5,2,6,3.0,6,33063,M,,,33
201300023448,13,1,23,1410,1,2,3,1.0,3,33063,M,,,33
201300023449,13,1,23,730,5,2,1,1.0,2,33063,M,,,33
201300023450,13,1,20,1500,1,2,6,2.0,7,33281,M,,,33
201300023451,13,1,17,1820,5,2,1,1.0,3,33318,M,,,33
201300023452,13,1,16,2200,5,2,2,1.0,3,33162,M,,,33
201300023453,13,1,24,1620,1,2,2,1.0,6,33063,M,,,33
201300023454,13,1,21,30,5,2,3,2.0,1,33162,M,,,33
201300023455,13,1,18,2355,5,2,3,2.0,3,33162,M,,,33
201300023456,13,1,27,2205,5,2,3,1.0,3,33063,M,,,33
201300023457,13,1,25,825,1,2,2,1.0,6,33063,M,,,33
201300023458,13,1,26,655,5,2,2,2.0,3,33039,M,,,33
201300023459,13,1,29,430,5,2,2,1.0,3,33063,M,,,33
201300023460,13,1,25,935,1,2,6,1.0,3,33281,M,,,33
201300023461,13,1,23,1855,5,2,1,2.0,2,33013,M,,,33
201300023462,13,1,24,900,1,2,3,2.0,3,33281,M,,,33
201300023463,13,1,23,750,2,2,4,2.0,3,33318,M,,,33
201300023464,13,1,25,1730,1,2,1,1.0,3,33281,M,,,33
201300023465,13,1,28,750,5,2,1,1.0,6,33281,M,,,33
201300023466,13,1,28,1915,5,2,2,1.0,2,33281,M,,,33
201300023467,13,1,31,1320,1,2,1,1.0,3,33063,M,,,33
201300023468,13,1,29,1100,1,2,3,1.0,2,33318,M,,,33
201300023469,13,1,21,1450,1,2,1,3.0,3,33522,M,,,33
201300023470,13,1,25,900,1,2,3,1.0,6,33318,M,,,33
201300023471,13,1,27,1500,1,2,1,2.0,2,33032,M,,,33
201300023472,13,1,30,1043,1,2,6,1.0,2,33119,M,,,33
201300023473,13,1,25,2040,5,2,3,1.0,3,33318,M,,,33
201300023474,13,2,2,540,1,2,2,2.0,2,33063,M,,,33
201300023475,13,1,23,1310,1,2,2,1.0,3,33039,M,,,33
201300023476,13,2,2,1815,1,2,2,1.0,3,33063,M,,,33
201300023477,13,2,3,1415,1,2,1,1.0,3,33063,M,,,33
201300023478,13,2,3,315,5,2,2,1.0,6,33063,M,,,33
201300023479,13,2,1,2125,5,2,3,2.0,6,33063,M,,,33
201300023480,13,2,4,1755,2,2,1,2.0,6,33063,M,,,33
201300023481,13,2,5,1230,1,2,1,1.0,6,33063,M,,,33
201300023482,13,1,28,1730,1,2,1,2.0,2,33550,M,,,33
201300023483,13,1,29,1355,1,2,1,8.0,4,33039,M,,,33
201300023484,13,2,6,1256,1,2,5,8.0,3,33318,M,,,33
201300023485,13,2,4,1650,1,2,2,2.0,6,33550,M,,,33
201300023486,13,1,28,1030,1,2,1,1.0,7,33318,M,,,33
201300023487,13,2,7,1500,1,2,1,1.0,6,33063,M,,,33
201300023488,13,2,8,2150,5,2,2,1.0,6,33063,M,,,33
201300023489,13,2,10,2120,5,2,1,2.0,2,33063,M,,,33
201300023490,13,2,11,1005,1,2,2,3.0,3,33063,M,,,33
201300023491,13,2,11,1615,1,1,3,3.0,6,33063,M,,,33
201300023492,13,2,11,1015,1,2,1,3.0,6,33063,M,,,33
201300023493,13,2,4,745,1,2,1,2.0,6,33522,M,,,33
201300023494,13,2,11,850,1,2,1,2.0,6,33281,M,,,33
201300023495,13,2,9,1315,1,2,2,2.0,3,33281,M,,,33
201300023496,13,2,14,1030,1,2,3,2.0,6,33063,M,,,33
201300023497,13,2,11,700,5,2,1,2.0,6,33318,M,,,33
201300023498,13,2,7,1715,1,2,3,1.0,6,33162,M,,,33
201300023499,13,2,11,2010,5,2,1,2.0,3,33281,M,,,33
201300023500,13,2,12,1715,1,2,3,1.0,6,33281,M,,,33
201300023501,13,2,17,2135,5,2,2,1.0,1,33063,M,,,33
201300023502,13,2,15,2005,5,2,1,1.0,4,33063,M,,,33
201300023503,13,2,13,1830,5,2,1,1.0,3,33281,M,,,33
201300023504,13,2,10,2005,5,2,1,2.0,4,33550,M,,,33
201300023505,13,2,16,1732,1,2,2,1.0,5,33063,M,,,33
201300023506,13,2,15,1135,1,2,2,1.0,3,33063,M,,,33
201300023507,13,2,14,730,1,2,1,2.0,4,33069,M,,,33
201300023508,13,2,15,800,1,2,1,1.0,6,33119,M,,,33
201300023509,13,2,19,1705,1,2,2,1.0,3,33063,M,,,33
201300023510,13,2,12,1220,1,2,1,1.0,6,33550,M,,,33
201300023511,13,2,12,1130,1,2,6,1.0,3,33281,M,,,33
201300023512,13,2,19,1420,1,2,3,1.0,2,33063,M,,,33
201300023513,13,2,20,800,1,2,2,1.0,3,33063,M,,,33
201300023514,13,2,15,850,1,2,3,1.0,3,33069,M,,,33
201300023515,13,2,16,1530,1,2,1,1.0,3,33039,M,,,33
201300023516,13,2,21,1750,1,2,1,1.0,4,33063,M,,,33
201300023517,13,2,21,750,1,2,4,1.0,3,33063,M,,,33
201300023518,13,2,24,1040,1,2,1,1.0,6,33063,M,,,33
201300023519,13,2,22,1253,1,2,2,1.0,3,33063,M,,,33
201300023520,13,2,15,1415,1,2,2,1.0,2,33318,M,,,33
201300023521,13,2,24,615,5,2,1,1.0,6,33063,M,,,33
201300023522,13,2,20,2000,5,2,3,1.0,3,33039,M,,,33
201300023523,13,2,20,1651,1,2,2,1.0,3,33069,M,,,33
201300023524,13,2,20,1320,1,2,1,1.0,6,33281,M,,,33
201300023525,13,2,19,1025,1,2,4,1.0,2,33167,M,,,33
201300023526,13,2,18,1515,1,2,2,1.0,4,33192,M,,,33
201300023527,13,2,19,750,1,2,1,1.0,3,33039,M,,,33
201300023528,13,2,26,1835,2,2,2,1.0,3,33063,M,,,33
201300023529,13,2,20,830,1,2,1,1.0,2,33013,M,,,33
201300023530,13,2,21,1918,4,2,2,1.0,3,33550,M,,,33
201300023531,13,2,20,930,1,2,1,1.0,7,33032,M,,,33
201300023532,13,2,22,1730,1,2,1,1.0,6,33063,M,,,33
201300023533,13,2,16,1520,1,2,1,1.0,2,33013,M,,,33
201300023534,13,2,27,1315,1,2,1,1.0,3,33063,M,,,33
201300023535,13,2,22,1825,2,2,3,1.0,3,33318,M,,,33
201300023536,13,2,17,40,3,2,1,1.0,7,33318,M,,,33
201300023537,13,2,23,1448,1,2,6,1.0,4,33069,M,,,33
201300023538,13,2,27,1750,1,2,1,1.0,6,33063,M,,,33
201300023539,13,2,22,1815,1,2,1,1.0,6,33039,M,,,33
201300023540,13,2,25,1645,1,2,1,1.0,6,33167,M,,,33
201300023541,13,2,25,1600,1,2,1,2.0,3,33167,M,,,33
201300023542,13,2,28,1630,1,2,1,1.0,6,33063,M,,,33
201300023543,13,2,23,1630,1,2,1,1.0,4,33192,M,,,33
201300023544,13,3,1,1640,1,2,2,1.0,6,33063,M,,,33
201300023545,13,3,1,1310,1,2,2,1.0,6,33063,M,,,33
201300023546,13,2,21,1145,1,2,3,1.0,3,33167,M,,,33
201300023547,13,2,27,1140,1,2,2,1.0,3,33032,M,,,33
201300023548,13,3,5,955,1,2,1,1.0,3,33063,M,,,33
201300023549,13,2,26,835,1,2,2,2.0,3,33318,M,,,33
201300023550,13,3,5,1155,1,2,5,1.0,3,33063,M,,,33
201300023551,13,2,26,1228,1,2,1,1.0,6,33522,M,,,33
201300023552,13,3,1,1400,1,2,3,1.0,2,33281,M,,,33
201300023553,13,3,1,709,1,2,1,1.0,3,33281,M,,,33
201300023554,13,3,2,2355,5,2,1,1.0,7,33162,M,,,33
201300023555,13,3,6,2125,5,2,2,1.0,3,33063,M,,,33
201300023556,13,3,7,2245,5,2,3,2.0,1,33063,M,,,33
201300023557,13,3,2,500,5,2,1,1.0,6,33192,M,,,33
201300023558,13,3,7,1205,1,2,2,1.0,3,33063,M,,,33
201300023559,13,3,2,2025,5,2,6,1.0,3,33065,M,,,33
201300023560,13,3,1,845,1,2,6,1.0,3,33119,M,,,33
201300023561,13,3,8,820,1,2,1,1.0,3,33063,M,,,33
201300023562,13,3,8,1440,1,2,2,1.0,3,33063,M,,,33
201300023563,13,3,10,540,5,2,2,1.0,6,33063,M,,,33
201300023564,13,3,10,820,1,2,6,1.0,7,33063,M,,,33
201300023565,13,3,8,1605,1,2,2,1.0,3,33063,M,,,33
201300023566,13,3,7,1540,1,2,6,2.0,2,33281,M,,,33
201300023567,13,3,11,2300,5,2,1,2.0,7,33063,M,,,33
201300023568,13,3,6,1920,5,2,3,1.0,5,33550,M,,,33
201300023569,13,3,8,1100,1,2,1,1.0,2,33032,M,,,33
201300023570,13,3,8,1825,1,2,3,1.0,3,33318,M,,,33
201300023571,13,3,9,1255,1,2,1,1.0,3,33318,M,,,33
201300023572,13,3,7,1720,1,2,2,1.0,4,33281,M,,,33
201300023573,13,3,14,1800,1,2,2,1.0,3,33063,M,,,33
201300023574,13,3,15,840,1,2,3,1.0,3,33063,M,,,33
201300023575,13,3,16,1240,1,2,2,1.0,6,33063,M,,,33
201300023576,13,3,14,1550,1,2,4,1.0,4,33281,M,,,33
201300023577,13,3,7,620,5,2,1,2.0,3,33522,M,,,33
201300023578,13,3,17,1430,1,2,1,1.0,3,33281,M,,,33
201300023579,13,3,16,1935,5,2,1,3.0,6,33063,M,,,33
201300023580,13,3,8,1415,1,2,1,1.0,3,33192,M,,,33
201300023581,13,3,18,513,5,2,1,2.0,3,33075,M,,,33
201300023582,13,3,11,1220,1,2,1,1.0,6,33550,M,,,33
201300023583,13,3,20,1030,1,2,2,1.0,3,33063,M,,,33
201300023584,13,3,20,915,1,2,2,1.0,6,33063,M,,,33
201300023585,13,3,20,1540,1,2,2,1.0,3,33063,M,,,33
201300023586,13,3,21,1300,1,2,6,1.0,3,33522,M,,,33
201300023587,13,3,20,845,1,2,1,2.0,3,33281,M,,,33
201300023588,13,3,22,2305,5,2,2,2.0,3,33063,M,,,33
201300023589,13,3,12,1235,1,2,1,1.0,6,33318,M,,,33
201300023590,13,3,23,15,5,2,3,1.0,6,33063,M,,,33
201300023591,13,3,22,2030,5,2,1,2.0,3,33063,M,,,33
201300023592,13,3,21,1615,1,1,3,1.0,3,33119,M,,,33
201300023593,13,3,25,1425,1,2,3,1.0,3,33063,M,,,33
201300023594,13,3,23,515,5,2,1,5.0,7,33281,M,,,33
201300023595,13,3,22,1240,1,2,6,1.0,6,33318,M,,,33
201300023596,13,3,20,910,1,2,1,1.0,3,33318,M,,,33
201300023597,13,3,8,1850,5,2,3,1.0,6,33249,M,,,33
201300023598,13,3,27,1440,1,2,2,1.0,6,33063,M,,,33
201300023599,13,3,24,1200,1,2,3,1.0,2,33281,M,,,33
201300023600,13,3,25,1650,1,2,6,2.0,3,33281,M,,,33
201300023601,13,3,25,840,1,2,2,1.0,3,33281,M,,,33
201300023602,13,3,23,1804,1,2,5,1.0,3,33063,M,,,33
201300023603,13,3,26,845,1,2,1,1.0,3,33281,M,,,33
201300023604,13,3,28,930,1,2,3,2.0,3,33063,M,,,33
201300023605,13,3,28,2240,5,2,5,1.0,6,33063,M,,,33
201300023606,13,3,28,1200,1,2,2,1.0,6,33063,M,,,33
201300023607,13,3,20,928,1,2,1,1.0,3,33522,M,,,33
201300023608,13,4,1,330,5,2,2,1.0,6,33063,M,,,33
201300023609,13,3,31,1700,1,2,2,1.0,4,33063,M,,,33
201300023610,13,3,26,2055,5,2,1,1.0,6,33318,M,,,33
201300023611,13,3,25,700,1,1,1,1.0,5,33013,M,,,33
201300023612,13,4,2,2027,2,2,1,1.0,6,33063,M,,,33
201300023613,13,4,2,705,5,2,2,2.0,3,33063,M,,,33
201300023614,13,4,2,2210,5,2,1,1.0,3,33063,M,,,33
201300023615,13,3,28,1645,1,2,2,1.0,6,33318,M,,,33
201300023616,13,3,25,1700,1,2,1,1.0,6,33522,M,,,33
201300023617,13,4,3,732,1,2,4,1.0,6,33063,M,,,33
201300023618,13,4,3,830,1,2,1,1.0,3,33063,M,,,33
201300023619,13,3,29,820,1,2,1,2.0,2,33281,M,,,33
201300023620,13,4,4,1330,1,2,3,2.0,6,33063,M,,,33
201300023621,13,4,5,900,1,2,3,1.0,6,33063,M,,,33
201300023622,13,3,29,2215,5,2,2,2.0,3,33162,M,,,33
201300023623,13,3,29,735,1,2,6,1.0,6,33032,M,,,33
201300023624,13,3,28,1340,1,2,1,1.0,4,33249,M,,,33
201300023625,13,4,7,1030,1,2,2,1.0,3,33063,M,,,33
201300023626,13,4,5,1635,1,2,1,1.0,6,33063,M,,,33
201300023627,13,3,28,820,1,2,6,2.0,3,33550,M,,,33
201300023628,13,4,5,2115,5,2,2,1.0,6,33063,M,,,33
201300023629,13,4,6,917,1,2,2,1.0,6,33063,M,,,33
201300023630,13,4,5,1929,1,2,3,1.0,2,33063,M,,,33
201300023631,13,3,30,420,4,2,1,2.0,3,33522,M,,,33
201300023632,13,4,2,1635,1,2,1,1.0,6,33192,M,,,33
201300023633,13,4,10,1700,1,2,1,1.0,6,33063,M,,,33
201300023634,13,4,10,2040,5,2,1,1.0,6,33039,M,,,33
201300023635,13,4,5,1650,1,2,2,1.0,6,33119,M,,,33
201300023636,13,4,1,238,5,2,6,1.0,7,33039,M,,,33
201300023637,13,4,10,1330,1,2,1,1.0,6,33063,M,,,33
201300023638,13,4,11,1840,1,2,4,1.0,3,33063,M,,,33
201300023639,13,4,11,1350,1,2,2,2.0,3,33063,M,,,33
201300023640,13,4,11,1110,1,2,4,2.0,3,33063,M,,,33
201300023641,13,4,11,1730,1,2,3,1.0,3,33063,M,,,33
201300023642,13,4,12,1110,1,2,1,2.0,6,33063,M,,,33
201300023643,13,4,12,1820,1,2,3,1.0,6,33063,M,,,33
201300023644,13,4,13,830,1,2,1,1.0,2,33063,M,,,33
201300023645,13,4,11,1718,1,2,1,2.0,2,33281,M,,,33
201300023646,13,4,15,736,2,2,2,1.0,6,33063,M,,,33
201300023647,13,4,16,2145,5,2,3,1.0,5,33063,M,,,33
201300023648,13,4,16,1805,1,2,2,1.0,3,33063,M,,,33
201300023649,13,4,14,1545,1,2,1,1.0,6,33281,M,,,33
201300023650,13,4,16,1712,1,2,1,1.0,3,33063,M,,,33
201300023651,13,4,12,1330,1,2,3,1.0,3,33281,M,,,33
201300023652,13,4,4,1225,1,2,6,3.0,7,33522,M,,,33
201300023653,13,4,10,1720,1,2,3,1.0,3,33200,M,,,33
201300023654,13,4,18,52,5,2,3,1.0,6,33063,M,,,33
201300023655,13,4,18,125,5,2,2,1.0,3,33063,M,,,33
201300023656,13,4,18,1029,1,2,3,1.0,6,33550,M,,,33
201300023657,13,4,18,910,1,2,1,1.0,7,33063,M,,,33
201300023658,13,4,18,955,1,2,2,1.0,3,33063,M,,,33
201300023659,13,4,21,1450,1,2,3,1.0,3,33063,M,,,33
201300023660,13,4,20,2235,5,2,3,1.0,3,33063,M,,,33
201300023661,13,4,18,1945,1,2,1,1.0,5,33063,M,,,33
201300023662,13,4,20,435,5,2,1,1.0,6,33063,M,,,33
201300023663,13,4,22,900,1,2,1,1.0,3,33063,M,,,33
201300023664,13,4,22,1710,1,2,1,1.0,6,33063,M,,,33
201300023665,13,4,22,1900,1,2,2,1.0,3,33063,M,,,33
201300023666,13,4,21,2020,2,1,4,1.0,6,33075,M,,,33
201300023667,13,4,23,745,1,2,1,1.0,2,33281,M,,,33
201300023668,13,4,18,1720,1,2,2,1.0,3,33318,M,,,33
201300023669,13,4,18,840,1,2,4,1.0,3,33119,M,,,33
201300023670,13,4,23,1720,1,2,2,1.0,3,33063,M,,,33
201300023671,13,4,21,1430,1,2,3,1.0,3,33318,M,,,33
201300023672,13,4,22,810,1,2,3,1.0,6,33119,M,,,33
201300023673,13,4,19,1620,1,2,6,1.0,3,33318,M,,,33
201300023674,13,4,22,1618,1,2,1,1.0,6,33281,M,,,33
201300023675,13,4,17,1530,1,2,1,1.0,3,33522,M,,,33
201300023676,13,4,22,900,1,2,6,1.0,2,33167,M,,,33
201300023677,13,4,23,1800,1,2,1,1.0,6,33063,M,,,33
201300023678,13,4,25,1120,1,2,1,1.0,6,33063,M,,,33
201300023679,13,4,25,2220,5,2,6,1.0,3,33063,M,,,33
201300023680,13,4,25,1000,1,2,1,1.0,6,33063,M,,,33
201300023681,13,4,25,930,1,2,5,1.0,4,33063,M,,,33
201300023682,13,4,22,1850,1,2,1,1.0,3,33318,M,,,33
201300023683,13,4,28,2100,2,2,5,1.0,3,33063,M,,,33
201300023684,13,4,28,1800,1,2,5,1.0,3,33063,M,,,33
201300023685,13,4,28,455,5,2,3,1.0,3,33063,M,,,33
201300023686,13,4,26,1230,1,2,1,2.0,2,33063,M,,,33
201300023687,13,4,27,1800,1,2,5,1.0,6,33063,M,,,33
201300023688,13,4,19,1625,1,2,2,1.0,3,33522,M,,,33
201300023689,13,4,26,1505,1,2,2,2.0,3,33063,M,,,33
201300023690,13,4,22,1810,1,2,2,1.0,3,33550,M,,,33
201300023691,13,4,27,10,5,2,4,8.0,6,33063,M,,,33
201300023692,13,4,26,2150,5,2,2,8.0,6,33063,M,,,33
201300023693,13,4,29,910,1,2,2,1.0,3,33063,M,,,33
201300023694,13,4,18,840,1,2,2,1.0,3,33550,M,,,33
201300023695,13,4,29,1619,1,2,3,1.0,3,33063,M,,,33
201300023696,13,5,2,745,1,2,1,1.0,6,33281,M,,,33
201300023697,13,4,28,1510,1,2,1,1.0,3,33281,M,,,33
201300023698,13,5,1,225,5,2,1,3.0,6,33281,M,,,33
201300023699,13,4,25,820,1,2,1,1.0,4,33281,M,,,33
201300023700,13,4,26,1230,1,2,4,2.0,6,33119,M,,,33
201300023701,13,5,2,940,1,2,2,1.0,3,33063,M,,,33
201300023702,13,4,30,2045,5,2,2,2.0,3,33063,M,,,33
201300023703,13,5,1,1730,1,2,3,2.0,3,33162,M,,,33
201300023704,13,5,4,532,4,2,1,5.0,6,33063,M,,,33
201300023705,13,5,4,1,5,2,2,1.0,3,33063,M,,,33
201300023706,13,5,3,1110,1,2,1,1.0,3,33063,M,,,33
201300023707,13,5,4,1905,1,2,3,1.0,3,33063,M,,,33
201300023708,13,5,6,1825,1,2,2,1.0,3,33063,M,,,33
201300023709,13,5,6,1940,1,2,3,1.0,6,33063,M,,,33
201300023710,13,5,8,1255,1,2,1,1.0,5,33063,M,,,33
201300023711,13,5,5,1313,1,2,1,1.0,2,33013,M,,,33
201300023712,13,5,10,1620,1,2,3,1.0,3,33063,M,,,33
201300023713,13,5,12,250,5,2,6,1.0,7,33281,M,,,33
201300023714,13,5,4,1645,1,2,2,1.0,3,33200,M,,,33
201300023715,13,5,11,1350,1,2,2,1.0,3,33063,M,,,33
201300023716,13,5,4,1745,1,1,1,2.0,6,33200,M,,,33
201300023717,13,5,7,1258,1,2,1,1.0,3,33281,M,,,33
201300023718,13,5,11,1815,1,2,1,1.0,6,33063,M,,,33
201300023719,13,5,9,1700,1,2,1,2.0,4,33281,M,,,33
201300023720,13,5,4,1700,1,2,1,1.0,4,33318,M,,,33
201300023721,13,5,12,1915,1,2,1,1.0,7,33162,M,,,33
201300023722,13,5,14,2120,2,2,3,2.0,6,33063,M,,,33
201300023723,13,5,15,950,1,2,5,1.0,6,33063,M,,,33
201300023724,13,5,15,910,1,2,3,1.0,3,33063,M,,,33
201300023725,13,5,16,1800,1,2,2,1.0,3,33063,M,,,33
201300023726,13,5,16,1830,1,2,2,1.0,6,33063,M,,,33
201300023727,13,5,17,1545,1,2,3,1.0,3,33063,M,,,33
201300023728,13,5,20,1406,1,2,1,1.0,4,33063,M,,,33
201300023729,13,5,19,715,1,2,2,1.0,6,33063,M,,,33
201300023730,13,5,17,1605,1,2,1,1.0,6,33063,M,,,33
201300023731,13,5,16,2038,1,2,3,1.0,6,33063,M,,,33
201300023732,13,5,17,1930,1,2,1,1.0,3,33063,M,,,33
201300023733,13,5,14,850,1,2,2,1.0,3,33281,M,,,33
201300023734,13,5,15,840,1,2,6,8.0,6,33069,M,,,33
201300023735,13,5,21,1805,1,2,2,1.0,6,33063,M,,,33
201300023736,13,5,18,850,1,2,2,3.0,3,33281,M,,,33
201300023737,13,5,16,1605,1,2,2,1.0,6,33063,M,,,33
201300023738,13,5,22,230,5,2,1,3.0,6,33063,M,,,33
201300023739,13,5,16,735,1,2,3,2.0,2,33281,M,,,33
201300023740,13,5,22,1340,1,2,2,1.0,6,33063,M,,,33
201300023741,13,5,22,2040,1,2,3,1.0,3,33063,M,,,33
201300023742,13,5,22,1815,1,2,1,1.0,6,33063,M,,,33
201300023743,13,5,16,1610,1,2,1,1.0,5,33039,M,,,33
201300023744,13,5,23,1615,1,2,4,1.0,3,33063,M,,,33
201300023745,13,5,17,1610,1,2,1,1.0,3,33281,M,,,33
201300023746,13,5,16,2135,2,2,2,1.0,6,33522,M,,,33
201300023747,13,5,22,1000,1,2,3,2.0,2,33281,M,,,33
201300023748,13,5,24,710,1,2,1,1.0,3,33063,M,,,33
201300023749,13,5,24,1420,1,2,4,1.0,5,33063,M,,,33
201300023750,13,5,24,1720,1,2,2,1.0,6,33063,M,,,33
201300023751,13,5,24,2350,5,2,3,1.0,7,33063,M,,,33
201300023752,13,5,18,1000,1,2,1,2.0,3,33192,M,,,33
201300023753,13,5,19,2050,1,2,3,1.0,7,33281,M,,,33
201300023754,13,5,18,2140,2,2,1,2.0,6,33039,M,,,33
201300023755,13,5,18,1630,1,2,1,3.0,6,33550,M,,,33
201300023756,13,5,27,1200,1,2,2,1.0,6,33063,M,,,33
201300023757,13,5,29,850,1,2,1,3.0,5,33063,M,,,33
201300023758,13,5,29,2330,5,1,2,1.0,3,33063,M,,,33
201300023759,13,5,25,1740,1,2,6,1.0,3,33249,M,,,33
201300023760,13,5,31,300,5,2,1,3.0,6,33063,M,,,33
201300023761,13,5,28,2130,2,2,3,1.0,3,33281,M,,,33
201300023762,13,5,25,1545,1,2,2,1.0,6,33167,M,,,33
201300023763,13,5,30,1320,1,2,2,2.0,3,33063,M,,,33
201300023764,13,5,27,1245,1,2,1,1.0,7,33318,M,,,33
201300023765,13,5,31,25,4,2,3,1.0,7,33063,M,,,33
201300023766,13,5,24,2050,1,2,1,2.0,6,33069,M,,,33
201300023767,13,5,23,1645,1,2,3,1.0,6,33522,M,,,33
201300023768,13,6,2,100,5,2,2,1.0,6,33063,M,,,33
201300023769,13,6,3,1610,1,2,3,1.0,2,33063,M,,,33
201300023770,13,6,4,1920,1,2,2,1.0,3,33063,M,,,33
201300023771,13,5,29,1900,1,2,1,2.0,5,33318,M,,,33
201300023772,13,5,31,750,4,2,2,1.0,1,33063,M,,,33
201300023773,13,6,2,1710,1,2,1,1.0,7,33318,M,,,33
201300023774,13,6,5,720,1,2,1,1.0,3,33063,M,,,33
201300023775,13,6,5,1840,1,2,2,1.0,3,33063,M,,,33
201300023776,13,6,5,1245,1,2,4,1.0,3,33063,M,,,33
201300023777,13,6,6,1650,1,2,1,1.0,6,33063,M,,,33
201300023778,13,5,29,1355,1,2,2,2.0,3,33550,M,,,33
201300023779,13,6,2,130,5,2,3,1.0,3,33119,M,,,33
201300023780,13,6,8,300,5,2,2,2.0,3,33063,M,,,33
201300023781,13,6,7,1445,1,2,3,1.0,3,33063,M,,,33
201300023782,13,6,8,300,1,2,1,2.0,7,33063,M,,,33
201300023783,13,6,9,135,5,2,6,3.0,1,33063,M,,,33
201300023784,13,6,9,210,5,2,2,3.0,3,33039,M,,,33
201300023785,13,6,6,905,1,2,1,1.0,5,33281,M,,,33
201300023786,13,6,6,830,1,2,1,1.0,6,33318,M,,,33
201300023787,13,6,3,1740,1,2,3,1.0,2,33192,M,,,33
201300023788,13,6,3,700,1,2,1,1.0,7,33318,M,,,33
201300023789,13,6,3,1458,1,2,2,1.0,3,33522,M,,,33
201300023790,13,6,2,1535,1,2,3,1.0,6,33318,M,,,33
201300023791,13,5,29,930,1,2,3,3.0,5,33522,M,,,33
201300023792,13,6,12,50,5,2,1,1.0,1,33063,M,,,33
201300023793,13,6,10,900,1,2,1,2.0,3,33281,M,,,33
201300023794,13,6,6,800,1,2,6,1.0,3,33069,M,,,33
201300023795,13,6,12,1310,1,2,1,1.0,4,33063,M,,,33
201300023796,13,6,10,840,1,2,1,8.0,2,33013,M,,,33
201300023797,13,6,8,830,1,2,1,1.0,6,33162,M,,,33
201300023798,13,6,7,1630,1,2,2,1.0,6,33167,M,,,33
201300023799,13,6,7,1245,1,2,3,1.0,1,33167,M,,,33
201300023800,13,6,11,1625,1,2,1,1.0,3,33281,M,,,33
201300023801,13,6,13,720,1,2,2,1.0,3,33281,M,,,33
201300023802,13,6,11,1120,1,2,4,1.0,6,33318,M,,,33
201300023803,13,6,13,706,1,2,3,1.0,3,33063,M,,,33
201300023804,13,6,12,1215,1,2,1,1.0,6,33063,M,,,33
201300023805,13,6,14,1330,1,2,4,1.0,3,33063,M,,,33
201300023806,13,6,15,1035,1,2,1,1.0,6,33063,M,,,33
201300023807,13,6,15,1620,1,2,1,1.0,3,33063,M,,,33
201300023808,13,6,15,500,4,2,1,1.0,6,33013,M,,,33
201300023809,13,6,16,115,5,2,2,1.0,3,33063,M,,,33
201300023810,13,6,16,1322,1,2,2,1.0,6,33063,M,,,33
201300023811,13,6,15,1130,1,2,1,1.0,3,33281,M,,,33
201300023812,13,6,12,1428,1,2,3,1.0,6,33075,M,,,33
201300023813,13,6,14,224,5,2,1,2.0,7,33249,M,,,33
201300023814,13,6,17,1145,1,2,1,1.0,6,33063,M,,,33
201300023815,13,6,13,1630,1,2,1,2.0,3,33249,M,,,33
201300023816,13,6,14,800,1,2,1,1.0,3,33318,M,,,33
201300023817,13,6,18,1820,1,2,2,3.0,2,33063,M,,,33
201300023818,13,6,18,550,2,2,2,3.0,3,33063,M,,,33
201300023819,13,6,14,1500,1,2,1,1.0,2,33318,M,,,33
201300023820,13,6,20,110,5,2,1,1.0,6,33063,M,,,33