Num_Acc,an,mois,jour,hrmn,lum,agg,int,atm,col,com,gps,lat,long,dep
201300023821,13,6,19,653,1,2,1,2.0,1,33281,M,,,33
201300023822,13,6,12,1300,1,2,1,1.0,2,33192,M,,,33
201300023823,13,6,14,10,5,2,6,2.0,6,33550,M,,,33
201300023824,13,6,23,252,5,2,4,1.0,6,33063,M,,,33
201300023825,13,6,19,1115,1,1,1,1.0,3,33281,M,,,33
201300023826,13,6,14,1500,1,2,6,1.0,3,33065,M,,,33
201300023827,13,6,14,850,1,2,1,1.0,6,33192,M,,,33
201300023828,13,6,24,1004,1,2,1,1.0,6,33063,M,,,33
201300023829,13,6,24,1220,1,2,5,1.0,5,33063,M,,,33
201300023830,13,6,24,1600,1,2,3,1.0,3,33063,M,,,33
201300023831,13,6,16,900,1,2,5,1.0,3,33249,M,,,33
201300023832,13,6,18,620,1,2,2,2.0,3,33281,M,,,33
201300023833,13,6,25,30,5,2,3,1.0,6,33281,M,,,33
201300023834,13,6,22,1545,1,2,2,1.0,6,33249,M,,,33
201300023835,13,6,21,1540,1,2,6,2.0,3,33318,M,,,33
201300023836,13,6,25,2020,1,2,1,1.0,6,33063,M,,,33
201300023837,13,6,18,1420,1,2,3,2.0,6,33522,M,,,33
201300023838,13,6,14,1220,1,2,2,1.0,3,33522,M,,,33
201300023839,13,6,24,925,1,2,1,1.0,3,33063,M,,,33
201300023840,13,6,16,1020,1,2,2,1.0,3,33192,M,,,33
201300023841,13,6,25,645,2,2,2,1.0,3,33318,M,,,33
201300023842,13,6,28,740,1,2,1,1.0,5,33063,M,,,33
201300023843,13,6,21,1600,1,2,1,2.0,2,33039,M,,,33
201300023844,13,6,28,30,5,2,3,1.0,7,33063,M,,,33
201300023845,13,6,27,1630,1,2,3,1.0,6,33063,M,,,33
201300023846,13,6,26,1545,1,2,4,1.0,3,33119,M,,,33
201300023847,13,6,29,1535,1,2,1,1.0,6,33281,M,,,33
201300023848,13,6,23,125,5,2,1,1.0,6,33039,M,,,33
201300023849,13,6,28,1500,1,2,1,1.0,2,33063,M,,,33
201300023850,13,7,1,2315,5,2,2,1.0,6,33063,M,,,33
201300023851,13,6,29,1653,1,2,1,1.0,6,33281,M,,,33
201300023852,13,6,28,1355,1,2,1,1.0,2,33281,M,,,33
201300023853,13,6,30,325,5,2,2,1.0,6,33119,M,,,33
201300023854,13,7,2,1600,1,2,1,1.0,6,33063,M,,,33
201300023855,13,6,27,1930,1,2,1,1.0,3,33249,M,,,33
201300023856,13,6,30,1300,1,2,1,1.0,6,33249,M,,,33
201300023857,13,7,2,1655,1,2,3,1.0,3,33063,M,,,33
201300023858,13,6,22,1120,1,2,2,1.0,6,33192,M,,,33
201300023859,13,7,2,1837,1,2,1,1.0,3,33281,M,,,33
201300023860,13,7,5,745,1,2,1,1.0,6,33063,M,,,33
201300023861,13,7,3,1440,1,2,3,1.0,2,33281,M,,,33
201300023862,13,7,4,1330,1,2,4,1.0,2,33063,M,,,33
201300023863,13,7,4,1441,1,2,4,1.0,3,33063,M,,,33
201300023864,13,7,4,1520,1,2,3,1.0,3,33063,M,,,33
201300023865,13,7,4,1840,1,2,6,1.0,3,33063,M,,,33
201300023866,13,6,28,1845,1,2,1,1.0,4,33550,M,,,33
201300023867,13,7,5,1530,1,2,4,1.0,3,33063,M,,,33
201300023868,13,7,5,840,1,2,2,1.0,6,33063,M,,,33
201300023869,13,7,5,1040,1,2,2,1.0,3,33063,M,,,33
201300023870,13,6,28,1540,1,2,1,1.0,6,33039,M,,,33
201300023871,13,7,5,2115,1,2,1,1.0,6,33063,M,,,33
201300023872,13,7,3,1700,1,2,2,2.0,6,33318,M,,,33
201300023873,13,7,5,1500,1,2,3,1.0,6,33063,M,,,33
201300023874,13,7,6,900,1,2,3,1.0,6,33063,M,,,33
201300023875,13,7,8,1420,1,2,1,1.0,3,33063,M,,,33
201300023876,13,7,8,840,1,2,3,1.0,3,33063,M,,,33
201300023877,13,7,3,1050,1,2,3,1.0,3,33550,M,,,33
201300023878,13,7,6,745,1,2,1,1.0,3,33281,M,,,33
201300023879,13,7,7,630,5,2,1,1.0,6,33318,M,,,33
201300023880,13,7,9,1125,1,2,3,1.0,6,33063,M,,,33
201300023881,13,7,6,2057,1,2,2,1.0,2,33119,M,,,33
201300023882,13,7,10,1410,1,2,2,1.0,3,33063,M,,,33
201300023883,13,7,9,1200,1,2,1,1.0,5,33013,M,,,33
201300023884,13,7,5,1310,1,2,3,1.0,3,33039,M,,,33
201300023885,13,7,13,1,5,2,1,1.0,6,33063,M,,,33
201300023886,13,6,24,1930,1,2,5,1.0,3,33063,M,,,33
201300023887,13,7,12,1120,1,2,2,1.0,2,33063,M,,,33
201300023888,13,7,15,1040,1,2,4,1.0,6,33063,M,,,33
201300023889,13,7,8,925,1,2,2,1.0,6,33192,M,,,33
201300023890,13,7,16,2155,1,2,1,1.0,6,33063,M,,,33
201300023891,13,7,14,1400,1,2,6,1.0,3,33281,M,,,33
201300023892,13,7,10,1905,1,2,1,1.0,6,33249,M,,,33
201300023893,13,7,16,2030,1,2,2,1.0,6,33063,M,,,33
201300023894,13,7,12,1755,1,2,1,1.0,5,33550,M,,,33
201300023895,13,7,12,1130,1,2,2,1.0,5,33318,M,,,33
201300023896,13,7,16,2115,2,2,2,1.0,3,33167,M,,,33
201300023897,13,7,12,1540,1,2,1,1.0,2,33039,M,,,33
201300023898,13,7,18,900,1,2,2,1.0,3,33063,M,,,33
201300023899,13,7,13,1410,1,2,3,1.0,6,33318,M,,,33
201300023900,13,7,17,1625,1,2,1,1.0,3,33281,M,,,33
201300023901,13,7,21,1040,1,2,1,1.0,2,33063,M,,,33
201300023902,13,7,18,1100,1,2,1,1.0,4,33200,M,,,33
201300023903,13,7,21,2215,5,2,5,1.0,3,33063,M,,,33
201300023904,13,7,19,1740,1,2,1,1.0,3,33063,M,,,33
201300023905,13,7,21,1552,1,1,1,1.0,1,33281,M,,,33
201300023906,13,7,18,1050,1,2,2,1.0,3,33318,M,,,33
201300023907,13,7,22,1630,1,2,2,1.0,2,33063,M,,,33
201300023908,13,7,23,635,2,2,2,1.0,6,33063,M,,,33
201300023909,13,7,22,1045,1,2,3,1.0,4,33281,M,,,33
201300023910,13,7,20,1900,1,2,1,1.0,6,33281,M,,,33
201300023911,13,7,23,1430,1,2,1,1.0,6,33281,M,,,33
201300023912,13,7,24,1820,1,2,1,1.0,7,33063,M,,,33
201300023913,13,7,24,1820,1,2,2,1.0,3,33063,M,,,33
201300023914,13,7,19,1139,1,2,1,1.0,6,33550,M,,,33
201300023915,13,7,25,2225,5,1,2,1.0,3,33063,M,,,33
201300023916,13,7,21,20,5,2,6,1.0,3,33039,M,,,33
201300023917,13,7,25,2040,1,2,1,1.0,2,33063,M,,,33
201300023918,13,7,16,1045,1,2,3,1.0,3,33550,M,,,33
201300023919,13,7,26,1040,1,2,3,1.0,2,33063,M,,,33
201300023920,13,7,25,1215,1,2,6,1.0,6,33281,M,,,33
201300023921,13,7,26,1200,1,2,2,2.0,3,33069,M,,,33
201300023922,13,7,21,2000,1,2,6,1.0,3,33063,M,,,33
201300023923,13,7,19,1120,1,2,4,1.0,5,33522,M,,,33
201300023924,13,7,26,1620,1,2,3,1.0,2,33063,M,,,33
201300023925,13,7,24,705,1,2,5,1.0,3,33065,M,,,33
201300023926,13,7,24,555,2,2,2,1.0,3,33318,M,,,33
201300023927,13,7,29,1600,1,2,2,1.0,3,33063,M,,,33
201300023928,13,7,23,2120,2,2,6,1.0,2,33119,M,,,33
201300023929,13,7,31,755,1,2,2,1.0,6,33063,M,,,33
201300023930,13,8,1,1655,1,2,3,1.0,3,33063,M,,,33
201300023931,13,7,25,1710,1,2,6,1.0,3,33522,M,,,33
201300023932,13,7,25,1500,1,2,1,1.0,3,33522,M,,,33
201300023933,13,7,31,250,5,2,1,1.0,6,33281,M,,,33
201300023934,13,7,31,1645,1,2,1,1.0,3,33281,M,,,33
201300023935,13,7,31,805,1,2,3,1.0,3,33318,M,,,33
201300023936,13,7,31,1815,1,1,1,1.0,3,33013,M,,,33
201300023937,13,7,29,950,1,2,6,1.0,3,33192,M,,,33
201300023938,13,8,1,911,1,2,2,1.0,3,33318,M,,,33
201300023939,13,8,4,1720,1,2,3,1.0,2,33063,M,,,33
201300023940,13,7,27,1625,1,2,2,1.0,4,33039,M,,,33
201300023941,13,7,30,1805,1,2,4,1.0,3,33039,M,,,33
201300023942,13,8,2,1630,1,2,1,1.0,1,33063,M,,,33
201300023943,13,8,5,600,5,2,1,1.0,6,33063,M,,,33
201300023944,13,8,2,2325,5,2,1,8.0,6,33063,M,,,33
201300023945,13,7,27,1155,1,2,3,1.0,3,33063,M,,,33
201300023946,13,8,3,1000,1,2,1,1.0,3,33281,M,,,33
201300023947,13,8,1,1000,1,2,3,1.0,3,33032,M,,,33
201300023948,13,8,4,1500,1,2,2,1.0,3,33318,M,,,33
201300023949,13,8,4,2235,5,2,1,1.0,6,33281,M,,,33
201300023950,13,8,8,1630,1,2,1,1.0,6,33063,M,,,33
201300023951,13,8,6,1530,1,2,2,1.0,3,33318,M,,,33
201300023952,13,8,6,930,1,2,1,1.0,7,33281,M,,,33
201300023953,13,8,12,1355,1,2,3,1.0,3,33063,M,,,33
201300023954,13,8,6,558,1,2,2,1.0,3,33522,M,,,33
201300023955,13,8,9,1820,1,2,2,1.0,2,33281,M,,,33
201300023956,13,8,4,1730,1,2,1,1.0,3,33550,M,,,33
201300023957,13,8,8,1120,1,2,1,1.0,6,33249,M,,,33
201300023958,13,8,1,1550,1,2,3,1.0,2,33200,M,,,33
201300023959,13,8,8,1105,1,2,1,1.0,2,33281,M,,,33
201300023960,13,8,7,1715,1,2,1,2.0,3,33522,M,,,33
201300023961,13,8,13,1605,1,2,2,1.0,5,33063,M,,,33
201300023962,13,8,5,1150,1,2,3,1.0,2,33069,M,,,33
201300023963,13,8,15,2010,1,2,1,1.0,2,33063,M,,,33
201300023964,13,8,10,1340,1,2,2,1.0,6,33249,M,,,33
201300023965,13,8,16,1315,1,2,1,1.0,2,33063,M,,,33
201300023966,13,8,18,1805,1,2,2,1.0,3,33063,M,,,33
201300023967,13,8,18,700,2,2,6,1.0,7,33192,M,,,33
201300023968,13,8,21,1620,1,2,2,1.0,3,33167,M,,,33
201300023969,13,8,20,145,5,2,4,1.0,6,33281,M,,,33
201300023970,13,8,17,2120,2,2,3,1.0,7,33281,M,,,33
201300023971,13,8,14,1400,1,2,4,1.0,2,33281,M,,,33
201300023972,13,8,20,1350,1,2,6,1.0,4,33063,M,,,33
201300023973,13,8,13,1500,1,2,1,1.0,3,33013,M,,,33
201300023974,13,8,20,1520,1,2,1,1.0,2,33063,M,,,33
201300023975,13,8,21,1650,1,2,1,1.0,1,33063,M,,,33
201300023976,13,8,22,1020,1,2,4,1.0,6,33063,M,,,33
201300023977,13,8,22,1530,1,2,3,1.0,6,33063,M,,,33
201300023978,13,8,22,925,1,2,2,7.0,6,33063,M,,,33
201300023979,13,8,25,550,5,2,5,1.0,1,33162,M,,,33
201300023980,13,8,14,1900,1,2,1,1.0,4,33039,M,,,33
201300023981,13,8,26,1830,1,2,3,1.0,3,33063,M,,,33
201300023982,13,8,27,2045,5,2,1,1.0,6,33167,M,,,33
201300023983,13,8,25,2255,5,2,1,1.0,3,33281,M,,,33
201300023984,13,8,21,1900,1,2,2,1.0,3,33063,M,,,33
201300023985,13,8,28,2200,5,2,3,1.0,6,33063,M,,,33
201300023986,13,8,28,1410,1,2,1,1.0,3,33063,M,,,33
201300023987,13,8,28,1100,1,2,3,1.0,3,33063,M,,,33
201300023988,13,8,30,10,5,2,3,1.0,3,33063,M,,,33
201300023989,13,8,27,1330,1,2,1,1.0,2,33013,M,,,33
201300023990,13,8,31,1830,1,2,1,1.0,6,33063,M,,,33
201300023991,13,8,30,1710,1,2,1,1.0,7,33063,M,,,33
201300023992,13,8,31,605,5,2,1,1.0,6,33063,M,,,33
201300023993,13,8,27,1130,1,2,1,1.0,3,33318,M,,,33
201300023994,13,8,31,250,5,2,1,1.0,2,33063,M,,,33
201300023995,13,8,30,1300,1,2,1,1.0,3,33063,M,,,33
201300023996,13,8,27,930,1,2,3,1.0,6,33318,M,,,33
201300023997,13,8,27,2029,1,2,3,1.0,3,33119,M,,,33
201300023998,13,8,27,940,5,2,2,1.0,6,33318,M,,,33
201300023999,13,9,2,1520,1,2,1,1.0,2,33063,M,,,33
201300024000,13,9,2,1557,1,2,2,1.0,2,33063,M,,,33
201300024001,13,9,3,750,1,2,6,1.0,6,33281,M,,,33
201300024002,13,8,30,1930,1,2,1,1.0,2,33281,M,,,33
201300024003,13,8,30,2055,1,2,2,1.0,3,33281,M,,,33
201300024004,13,9,3,1110,1,2,1,1.0,4,33063,M,,,33
201300024005,13,9,3,1300,1,2,2,1.0,3,33063,M,,,33
201300024006,13,9,2,1550,1,2,1,1.0,2,33281,M,,,33
201300024007,13,8,30,1100,1,2,2,1.0,2,33249,M,,,33
201300024008,13,8,30,1350,1,2,1,1.0,3,33318,M,,,33
201300024009,13,9,5,1645,1,2,3,1.0,6,33063,M,,,33
201300024010,13,9,2,1000,1,2,1,1.0,4,33063,M,,,33
201300024011,13,9,3,1000,1,2,2,1.0,2,33013,M,,,33
201300024012,13,8,30,2145,3,2,1,1.0,6,33522,M,,,33
201300024013,13,9,3,1050,1,1,1,1.0,2,33013,M,,,33
201300024014,13,9,6,1930,1,2,1,2.0,3,33063,M,,,33
201300024015,13,9,6,810,1,2,5,2.0,3,33063,M,,,33
201300024016,13,9,7,140,5,2,2,2.0,5,33063,M,,,33
201300024017,13,9,6,1845,2,2,1,1.0,6,33063,M,,,33
201300024018,13,9,7,500,5,2,2,1.0,6,33063,M,,,33
201300024019,13,9,6,1915,2,2,3,2.0,3,33063,M,,,33
201300024020,13,9,6,1120,1,2,2,1.0,6,33063,M,,,33
201300024021,13,9,9,2200,5,2,3,2.0,2,33039,M,,,33
201300024022,13,9,9,1705,1,2,3,2.0,6,33063,M,,,33
201300024023,13,9,3,2009,1,2,3,1.0,6,33550,M,,,33
201300024024,13,9,3,1040,1,2,1,1.0,1,33039,M,,,33
201300024025,13,9,10,1725,1,2,4,1.0,2,33063,M,,,33
201300024026,13,9,10,1530,1,2,6,1.0,2,33063,M,,,33
201300024027,13,9,7,1615,1,2,3,1.0,3,33075,M,,,33
201300024028,13,9,6,1610,1,2,3,1.0,2,33318,M,,,33
201300024029,13,9,3,1710,1,2,3,1.0,3,33318,M,,,33
201300024030,13,9,2,755,1,2,4,1.0,3,33318,M,,,33
201300024031,13,9,5,820,1,2,3,1.0,2,33192,M,,,33
201300024032,13,9,5,1645,1,2,1,1.0,6,33522,M,,,33
201300024033,13,9,12,1650,1,2,5,1.0,3,33063,M,,,33
201300024034,13,9,14,1420,1,2,1,1.0,1,33069,M,,,33
201300024035,13,9,11,1517,1,2,6,1.0,3,33032,M,,,33
201300024036,13,9,13,1540,1,2,5,1.0,3,33063,M,,,33
201300024037,13,9,16,1100,1,2,2,2.0,3,33063,M,,,33
201300024038,13,9,16,1020,1,2,1,2.0,6,33063,M,,,33
201300024039,13,9,16,935,1,2,2,2.0,6,33063,M,,,33
201300024040,13,9,10,1010,1,2,6,1.0,3,33192,M,,,33
201300024041,13,9,13,400,5,2,2,2.0,7,33162,M,,,33
201300024042,13,9,6,2140,2,2,2,1.0,6,33318,M,,,33
201300024043,13,9,10,1220,1,2,5,1.0,6,33281,M,,,33
201300024044,13,9,12,1805,2,2,1,2.0,2,33063,M,,,33
201300024045,13,9,17,2210,5,2,2,2.0,6,33063,M,,,33
201300024046,13,9,17,850,1,2,1,1.0,6,33063,M,,,33
201300024047,13,9,18,730,1,2,2,3.0,2,33063,M,,,33
201300024048,13,9,18,1645,1,2,6,2.0,3,33063,M,,,33
201300024049,13,9,18,847,1,2,2,1.0,6,33063,M,,,33
201300024050,13,9,13,800,1,2,1,1.0,6,33318,M,,,33
201300024051,13,9,18,855,1,2,5,1.0,5,33039,M,,,33
201300024052,13,9,18,900,1,2,3,2.0,3,33063,M,,,33
201300024053,13,9,19,1255,1,2,1,1.0,3,33063,M,,,33
201300024054,13,9,15,2100,5,2,2,1.0,3,33162,M,,,33
201300024055,13,9,11,1047,1,2,3,1.0,6,33522,M,,,33
201300024056,13,9,17,1530,1,2,2,1.0,3,33281,M,,,33
201300024057,13,9,16,1100,1,2,4,2.0,2,33281,M,,,33
201300024058,13,9,20,1710,1,2,1,1.0,2,33063,M,,,33
201300024059,13,9,22,710,5,2,1,1.0,6,33167,M,,,33
201300024060,13,9,21,1745,1,2,2,1.0,6,33063,M,,,33
201300024061,13,9,20,1500,1,2,1,1.0,2,33063,M,,,33
201300024062,13,9,20,1410,1,2,2,1.0,3,33063,M,,,33
201300024063,13,9,21,1355,1,2,3,1.0,3,33063,M,,,33
201300024064,13,9,21,2100,5,2,2,1.0,3,33063,M,,,33
201300024065,13,9,13,1040,1,2,1,1.0,3,33550,M,,,33
201300024066,13,9,14,1920,5,2,4,3.0,3,33550,M,,,33
201300024067,13,9,17,840,1,2,1,1.0,6,33249,M,,,33
201300024068,13,9,20,945,1,2,2,1.0,3,33063,M,,,33
201300024069,13,9,23,1810,1,2,1,1.0,6,33063,M,,,33
201300024070,13,9,23,830,1,2,1,1.0,6,33063,M,,,33
201300024071,13,9,24,1030,1,2,4,1.0,6,33063,M,,,33
201300024072,13,9,22,1930,2,2,1,1.0,6,33281,M,,,33
201300024073,13,9,10,1745,1,2,1,1.0,3,33522,M,,,33
201300024074,13,9,24,1600,1,2,2,1.0,3,33063,M,,,33
201300024075,13,9,24,1615,1,2,1,1.0,3,33063,M,,,33
201300024076,13,9,24,1211,1,2,1,1.0,2,33063,M,,,33
201300024077,13,9,18,2220,5,2,1,1.0,7,33318,M,,,33
201300024078,13,9,18,815,1,2,4,1.0,3,33522,M,,,33
201300024079,13,9,24,925,1,2,3,1.0,3,33063,M,,,33
201300024080,13,9,25,1120,1,2,2,1.0,6,33063,M,,,33
201300024081,13,9,20,2040,5,2,2,1.0,7,33318,M,,,33
201300024082,13,9,24,1715,1,2,2,1.0,3,33281,M,,,33
201300024083,13,9,26,1535,1,2,4,1.0,6,33063,M,,,33
201300024084,13,9,29,2130,5,2,1,2.0,7,33063,M,,,33
201300024085,13,9,23,1730,1,2,1,1.0,3,33522,M,,,33
201300024086,13,9,27,1620,1,2,2,1.0,3,33063,M,,,33
201300024087,13,9,28,800,2,2,2,2.0,6,33063,M,,,33
201300024088,13,9,29,1625,1,2,3,1.0,3,33063,M,,,33
201300024089,13,9,27,2100,5,2,3,1.0,2,33119,M,,,33
201300024090,13,9,28,2145,5,2,3,1.0,7,33063,M,,,33
201300024091,13,9,20,745,1,2,1,2.0,3,33522,M,,,33
201300024092,13,9,30,2240,5,2,1,1.0,7,33063,M,,,33
201300024093,13,9,29,1830,1,2,3,2.0,3,33063,M,,,33
201300024094,13,9,30,945,1,2,3,1.0,2,33063,M,,,33
201300024095,13,9,30,1430,1,2,1,1.0,6,33075,M,,,33
201300024096,13,10,2,725,2,2,1,1.0,3,33063,M,,,33
201300024097,13,9,25,1740,1,2,3,1.0,3,33075,M,,,33
201300024098,13,10,1,1815,1,2,1,1.0,2,33063,M,,,33
201300024099,13,10,1,1155,1,2,3,1.0,3,33281,M,,,33
201300024100,13,10,3,415,5,2,1,1.0,7,33063,M,,,33
201300024101,13,10,2,1720,1,2,2,1.0,3,33063,M,,,33
201300024102,13,10,2,1914,1,2,1,1.0,3,33063,M,,,33
201300024103,13,9,27,700,2,2,4,1.0,3,33281,M,,,33
201300024104,13,9,30,835,1,2,3,1.0,2,33119,M,,,33
201300024105,13,9,27,1730,1,2,1,1.0,6,33318,M,,,33
201300024106,13,10,4,930,1,2,2,3.0,3,33063,M,,,33
201300024107,13,10,4,850,1,2,1,2.0,6,33063,M,,,33
201300024108,13,10,1,1430,1,2,2,1.0,3,33281,M,,,33
201300024109,13,9,24,1245,1,2,1,1.0,6,33550,M,,,33
201300024110,13,10,4,1300,1,2,6,2.0,3,33063,M,,,33
201300024111,13,10,6,610,5,2,1,1.0,6,33039,M,,,33
201300024112,13,10,7,1625,1,2,3,1.0,6,33063,M,,,33
201300024113,13,10,1,1825,1,2,1,1.0,3,33162,M,,,33
201300024114,13,10,3,745,5,2,6,2.0,6,33318,M,,,33
201300024115,13,10,4,930,1,2,1,3.0,3,33119,M,,,33
201300024116,13,10,7,1420,1,2,3,1.0,2,33063,M,,,33
201300024117,13,10,4,755,1,2,4,1.0,3,33162,M,,,33
201300024118,13,10,3,1605,1,2,1,1.0,3,33162,M,,,33
201300024119,13,10,8,1040,1,2,1,8.0,1,33063,M,,,33
201300024120,13,9,27,1030,1,2,6,1.0,1,33039,M,,,33
201300024121,13,10,8,1145,1,2,2,1.0,6,33063,M,,,33
201300024122,13,10,3,815,1,2,2,1.0,3,33281,M,,,33
201300024123,13,10,3,1625,1,2,6,1.0,2,33063,M,,,33
201300024124,13,10,9,900,1,2,6,1.0,3,33063,M,,,33
201300024125,13,10,9,1700,1,2,6,1.0,2,33063,M,,,33
201300024126,13,10,10,2115,5,2,3,1.0,6,33281,M,,,33
201300024127,13,10,7,1515,1,2,2,1.0,3,33162,M,,,33
201300024128,13,10,12,2115,5,2,3,2.0,3,33063,M,,,33
201300024129,13,10,11,1940,2,2,1,1.0,6,33249,M,,,33
201300024130,13,10,12,1002,1,2,1,2.0,3,33200,M,,,33
201300024131,13,10,8,1515,1,2,2,1.0,6,33032,M,,,33
201300024132,13,10,7,1330,1,2,1,1.0,2,33522,M,,,33
201300024133,13,10,7,1645,1,2,6,1.0,2,33039,M,,,33
201300024134,13,10,9,1330,1,2,1,1.0,5,33063,M,,,33
201300024135,13,10,15,755,1,2,3,1.0,6,33063,M,,,33
201300024136,13,10,14,1050,1,2,6,1.0,6,33281,M,,,33
201300024137,13,10,11,1810,1,2,3,1.0,3,33281,M,,,33
201300024138,13,10,15,1025,1,2,3,1.0,6,33063,M,,,33
201300024139,13,10,16,706,2,2,2,2.0,2,33522,M,,,33
201300024140,13,10,16,920,1,2,2,1.0,3,33063,M,,,33
201300024141,13,10,11,2113,5,2,2,1.0,3,33318,M,,,33
201300024142,13,10,10,1715,1,2,1,1.0,6,33119,M,,,33
201300024143,13,10,16,2020,5,2,2,2.0,6,33281,M,,,33
201300024144,13,10,18,200,5,2,1,1.0,6,33063,M,,,33
201300024145,13,10,16,1530,1,2,1,2.0,3,33281,M,,,33
201300024146,13,10,17,2250,5,2,2,1.0,6,33063,M,,,33
201300024147,13,10,15,900,1,2,1,1.0,1,33032,M,,,33
201300024148,13,10,12,605,5,2,9,2.0,2,33039,M,,,33
201300024149,13,10,19,1800,1,2,3,1.0,1,33063,M,,,33
201300024150,13,10,19,545,5,2,3,1.0,3,33063,M,,,33
201300024151,13,10,18,1640,1,2,1,1.0,2,33063,M,,,33
201300024152,13,10,20,1420,1,2,2,1.0,2,33281,M,,,33
201300024153,13,10,21,1745,1,2,2,1.0,3,33063,M,,,33
201300024154,13,10,22,1200,1,2,2,2.0,3,33063,M,,,33
201300024155,13,10,10,1135,1,2,1,1.0,3,33522,M,,,33
201300024156,13,10,16,820,1,2,3,1.0,3,33063,M,,,33
201300024157,13,10,23,2120,5,2,1,1.0,7,33063,M,,,33
201300024158,13,10,23,1405,1,2,1,3.0,3,33119,M,,,33
201300024159,13,10,20,1720,1,2,2,1.0,3,33192,M,,,33
201300024160,13,10,20,1020,1,2,1,1.0,3,33550,M,,,33
201300024161,13,10,18,1730,1,2,1,1.0,2,33192,M,,,33
201300024162,13,10,18,810,2,2,3,1.0,3,33281,M,,,33
201300024163,13,10,23,1630,1,2,2,1.0,3,33063,M,,,33
201300024164,13,10,17,805,1,2,3,5.0,1,33522,M,,,33
201300024165,13,10,18,1700,1,2,6,1.0,2,33281,M,,,33
201300024166,13,10,19,825,1,2,5,1.0,3,33063,M,,,33
201300024167,13,10,21,1315,1,2,2,1.0,3,33550,M,,,33
201300024168,13,10,26,1310,1,2,1,1.0,3,33063,M,,,33
201300024169,13,10,26,1700,1,2,1,9.0,3,33063,M,,,33
201300024170,13,10,25,640,5,2,3,1.0,6,33063,M,,,33
201300024171,13,10,26,1522,1,2,5,2.0,3,33550,M,,,33
201300024172,13,10,21,1145,1,2,1,1.0,2,33162,M,,,33
201300024173,13,10,25,1030,1,2,1,2.0,3,33281,M,,,33
201300024174,13,10,22,735,1,2,1,1.0,6,33318,M,,,33
201300024175,13,10,23,1715,1,2,2,1.0,3,33550,M,,,33
201300024176,13,10,24,1758,1,2,1,1.0,4,33281,M,,,33
201300024177,13,10,22,1750,1,2,3,1.0,3,33039,M,,,33
201300024178,13,10,24,750,2,2,2,1.0,3,33249,M,,,33
201300024179,13,10,23,1455,1,2,2,1.0,3,33281,M,,,33
201300024180,13,10,24,1055,1,2,6,1.0,3,33550,M,,,33
201300024181,13,10,25,1250,1,2,2,2.0,3,33318,M,,,33
201300024182,13,10,25,1435,1,2,6,1.0,6,33249,M,,,33
201300024183,13,10,28,930,1,2,2,2.0,3,33318,M,,,33
201300024184,13,10,28,1200,1,2,1,1.0,2,33318,M,,,33
201300024185,13,11,1,1920,5,2,3,2.0,3,33063,M,,,33
201300024186,13,11,2,1315,1,2,2,2.0,3,33063,M,,,33
201300024187,13,10,31,1830,5,2,3,1.0,6,33063,M,,,33
201300024188,13,11,2,2040,3,2,1,2.0,7,33063,M,,,33
201300024189,13,10,31,1725,1,2,2,1.0,2,33063,M,,,33
201300024190,13,10,31,650,5,2,6,1.0,3,33063,M,,,33
201300024191,13,11,4,2224,5,2,2,2.0,1,33063,M,,,33
201300024192,13,11,4,1600,1,2,3,2.0,6,33063,M,,,33
201300024193,13,11,4,810,1,2,2,3.0,6,33063,M,,,33
201300024194,13,11,5,1935,5,2,5,2.0,3,33192,M,,,33
201300024195,13,11,5,2025,5,2,1,2.0,2,33281,M,,,33
201300024196,13,11,3,1820,5,2,1,2.0,6,33063,M,,,33
201300024197,13,11,6,1900,5,2,3,9.0,6,33063,M,,,33
201300024198,13,11,4,740,5,2,2,3.0,6,33249,M,,,33
201300024199,13,11,7,1510,1,2,2,1.0,3,33063,M,,,33
201300024200,13,11,7,2120,5,2,2,1.0,3,33063,M,,,33
201300024201,13,11,7,2210,5,2,2,1.0,3,33063,M,,,33
201300024202,13,11,7,1035,1,2,2,2.0,6,33063,M,,,33
201300024203,13,11,10,650,5,2,1,2.0,6,33063,M,,,33
201300024204,13,11,10,600,5,2,1,2.0,6,33063,M,,,33
201300024205,13,11,5,1650,1,2,3,3.0,3,33200,M,,,33
201300024206,13,11,10,1600,1,2,2,8.0,6,33063,M,,,33
201300024207,13,11,8,2200,5,2,2,2.0,2,33063,M,,,33
201300024208,13,11,11,2100,5,2,2,1.0,7,33063,M,,,33
201300024209,13,11,12,1215,1,2,2,2.0,1,33063,M,,,33
201300024210,13,11,12,1205,1,2,3,2.0,7,33063,M,,,33
201300024211,13,11,4,1745,2,2,3,2.0,1,33318,M,,,33
201300024212,13,10,31,910,1,2,6,1.0,3,33522,M,,,33
201300024213,13,11,4,915,1,2,6,3.0,3,33039,M,,,33
201300024214,13,11,6,1855,5,2,2,1.0,2,33281,M,,,33
201300024215,13,11,12,900,1,2,3,2.0,3,33063,M,,,33
201300024216,13,11,6,1220,1,2,3,2.0,2,33069,M,,,33
201300024217,13,11,12,2305,3,2,6,2.0,7,33063,M,,,33
201300024218,13,11,13,1305,1,2,3,1.0,6,33167,M,,,33
201300024219,13,11,13,1905,5,2,2,1.0,3,33318,M,,,33
201300024220,13,11,8,1935,5,2,3,2.0,3,33281,M,,,33
201300024221,13,11,11,2225,5,2,1,1.0,2,33281,M,,,33
201300024222,13,11,7,940,1,2,4,8.0,3,33162,M,,,33
201300024223,13,11,8,1710,1,2,3,2.0,3,33249,M,,,33
201300024224,13,11,7,720,2,2,3,2.0,6,33281,M,,,33
201300024225,13,11,16,200,5,2,3,1.0,6,33063,M,,,33
201300024226,13,11,7,818,1,2,2,2.0,3,33522,M,,,33