Num_Acc,an,mois,jour,hrmn,lum,agg,int,atm,col,com,gps,lat,long,dep
201300024227,13,11,12,945,1,2,3,3.0,2,33281,M,,,33
201300024228,13,11,12,830,1,2,2,3.0,1,33281,M,,,33
201300024229,13,11,17,315,5,2,3,1.0,6,33063,M,,,33
201300024230,13,11,9,1840,5,2,3,1.0,6,33522,M,,,33
201300024231,13,11,15,1810,5,2,1,2.0,5,33013,M,,,33
201300024232,13,11,12,1305,1,2,1,1.0,2,33281,M,,,33
201300024233,13,11,17,1745,5,2,3,1.0,3,33063,M,,,33
201300024234,13,11,15,1925,4,2,3,2.0,6,33167,M,,,33
201300024235,13,11,13,800,2,2,2,1.0,3,33069,M,,,33
201300024236,13,11,13,1730,1,2,6,1.0,3,33249,M,,,33
201300024237,13,11,18,1220,1,2,1,1.0,3,33063,M,,,33
201300024238,13,11,18,730,2,2,2,8.0,3,33063,M,,,33
201300024239,13,11,18,1830,5,2,1,1.0,3,33063,M,,,33
201300024240,13,11,18,740,1,2,2,1.0,3,33063,M,,,33
201300024241,13,11,18,1000,1,2,3,8.0,3,33063,M,,,33
201300024242,13,11,12,1300,1,2,1,2.0,3,33550,M,,,33
201300024243,13,11,15,850,1,2,6,1.0,3,33281,M,,,33
201300024244,13,11,14,1300,1,2,3,1.0,5,33075,M,,,33
201300024245,13,11,19,1705,2,2,2,1.0,3,33063,M,,,33
201300024246,13,11,14,750,2,2,1,1.0,6,33032,M,,,33
201300024247,13,11,14,1845,5,2,3,1.0,3,33162,M,,,33
201300024248,13,11,20,1120,1,2,3,1.0,3,33063,M,,,33
201300024249,13,11,21,25,5,2,1,2.0,7,33063,M,,,33
201300024250,13,11,19,2030,5,2,3,1.0,3,33063,M,,,33
201300024251,13,11,21,30,5,2,1,3.0,6,33063,M,,,33
201300024252,13,11,16,1820,4,2,2,1.0,3,33522,M,,,33
201300024253,13,11,18,1125,1,2,1,1.0,2,33281,M,,,33
201300024254,13,11,19,1310,1,2,3,1.0,3,33281,M,,,33
201300024255,13,11,19,1543,1,2,1,1.0,6,33281,M,,,33
201300024256,13,11,15,2045,4,2,3,2.0,6,33162,M,,,33
201300024257,13,11,21,1445,1,2,3,1.0,2,33063,M,,,33
201300024258,13,11,21,1009,1,2,2,3.0,3,33063,M,,,33
201300024259,13,11,21,635,5,2,3,3.0,6,33063,M,,,33
201300024260,13,11,23,1710,2,2,2,1.0,6,33063,M,,,33
201300024261,13,11,22,1830,5,2,3,1.0,3,33063,M,,,33
201300024262,13,11,18,1400,1,2,2,1.0,3,33522,M,,,33
201300024263,13,11,25,705,5,2,3,1.0,3,33063,M,,,33
201300024264,13,11,21,1819,5,2,3,2.0,6,33318,M,,,33
201300024265,13,11,26,745,2,2,2,1.0,6,33063,M,,,33
201300024266,13,11,22,1230,1,2,3,1.0,2,33318,M,,,33
201300024267,13,11,20,1825,5,2,3,2.0,6,33522,M,,,33
201300024268,13,11,21,1710,2,2,2,2.0,3,33039,M,,,33
201300024269,13,11,25,810,1,2,3,1.0,3,33318,M,,,33
201300024270,13,11,27,755,2,2,2,1.0,3,33063,M,,,33
201300024271,13,11,27,1950,5,2,3,1.0,3,33063,M,,,33
201300024272,13,11,28,1035,1,2,2,1.0,3,33063,M,,,33
201300024273,13,11,24,1210,1,2,1,1.0,6,33069,M,,,33
201300024274,13,11,26,1240,1,2,3,1.0,3,33281,M,,,33
201300024275,13,11,28,2330,5,2,3,1.0,3,33063,M,,,33
201300024276,13,11,29,1932,5,2,2,1.0,1,33063,M,,,33
201300024277,13,12,1,45,5,2,2,1.0,3,33063,M,,,33
201300024278,13,12,1,1700,1,2,1,1.0,3,33318,M,,,33
201300024279,13,11,26,1117,1,2,1,1.0,6,33013,M,,,33
201300024280,13,11,30,2210,5,2,2,1.0,7,33063,M,,,33
201300024281,13,11,22,1200,1,2,5,1.0,3,33039,M,,,33
201300024282,13,11,30,145,5,2,2,3.0,3,33063,M,,,33
201300024283,13,12,1,100,5,2,1,1.0,6,33063,M,,,33
201300024284,13,12,2,1805,2,2,3,1.0,2,33063,M,,,33
201300024285,13,12,2,1935,5,2,3,1.0,3,33063,M,,,33
201300024286,13,12,3,1540,1,2,3,1.0,2,33063,M,,,33
201300024287,13,11,26,755,2,2,1,1.0,6,33318,M,,,33
201300024288,13,12,3,1605,1,2,1,1.0,3,33063,M,,,33
201300024289,13,11,29,730,2,2,3,1.0,3,33281,M,,,33
201300024290,13,12,5,729,5,2,3,1.0,6,33249,M,,,33
201300024291,13,11,30,1430,1,2,6,1.0,3,33522,M,,,33
201300024292,13,12,3,750,1,2,2,1.0,6,33075,M,,,33
201300024293,13,12,5,1815,5,2,3,1.0,7,33063,M,,,33
201300024294,13,12,7,2350,5,2,2,1.0,6,33281,M,,,33
201300024295,13,12,6,1600,1,2,2,1.0,3,33063,M,,,33
201300024296,13,12,5,2020,5,2,2,1.0,6,33063,M,,,33
201300024297,13,12,6,930,1,2,2,1.0,3,33063,M,,,33
201300024298,13,12,6,1810,5,2,3,1.0,3,33318,M,,,33
201300024299,13,12,9,1445,1,2,2,1.0,6,33063,M,,,33
201300024300,13,12,9,1840,5,2,2,1.0,3,33063,M,,,33
201300024301,13,12,7,1910,5,2,1,1.0,6,33167,M,,,33
201300024302,13,12,10,1210,1,2,2,1.0,6,33063,M,,,33
201300024303,13,12,9,1805,5,2,1,1.0,5,33063,M,,,33
201300024304,13,12,9,1015,1,2,2,1.0,3,33318,M,,,33
201300024305,13,12,6,1820,5,2,6,1.0,3,33522,M,,,33
201300024306,13,12,6,1420,1,2,2,8.0,2,33522,M,,,33
201300024307,13,12,9,1740,5,2,6,1.0,6,33119,M,,,33
201300024308,13,12,11,900,1,2,2,1.0,6,33063,M,,,33
201300024309,13,12,5,1825,5,2,6,1.0,2,33522,M,,,33
201300024310,13,12,6,630,3,2,3,1.0,6,33281,M,,,33
201300024311,13,12,9,2335,5,2,6,1.0,6,33318,M,,,33
201300024312,13,12,9,720,5,2,2,1.0,3,33069,M,,,33
201300024313,13,12,6,1205,1,2,2,1.0,3,33039,M,,,33
201300024314,13,12,8,1034,1,2,3,1.0,6,33522,M,,,33
201300024315,13,12,13,455,5,2,1,1.0,1,33063,M,,,33
201300024316,13,12,12,1910,5,2,3,1.0,6,33063,M,,,33
201300024317,13,12,12,1338,1,2,1,1.0,6,33063,M,,,33
201300024318,13,12,12,1530,1,2,1,1.0,3,33063,M,,,33
201300024319,13,12,9,1701,1,2,2,1.0,6,33281,M,,,33
201300024320,13,12,6,900,1,2,6,1.0,7,33281,M,,,33
201300024321,13,12,14,1110,1,2,1,1.0,7,33063,M,,,33
201300024322,13,12,13,1830,5,2,2,2.0,6,33063,M,,,33
201300024323,13,12,10,555,5,2,1,1.0,2,33249,M,,,33
201300024324,13,12,14,1940,5,2,2,1.0,3,33063,M,,,33
201300024325,13,12,11,1910,3,2,1,1.0,3,33200,M,,,33
201300024326,13,12,13,1705,2,2,1,2.0,3,33063,M,,,33
201300024327,13,12,9,1140,1,2,1,1.0,6,33522,M,,,33
201300024328,13,12,16,1633,1,2,2,1.0,3,33063,M,,,33
201300024329,13,12,16,1755,5,2,3,1.0,6,33063,M,,,33
201300024330,13,12,12,1505,1,2,1,1.0,3,33281,M,,,33
201300024331,13,12,11,825,1,2,2,1.0,5,33162,M,,,33
201300024332,13,12,18,700,5,2,2,1.0,3,33063,M,,,33
201300024333,13,12,14,2130,5,2,1,2.0,7,33281,M,,,33
201300024334,13,12,18,2105,5,2,1,1.0,2,33063,M,,,33
201300024335,13,12,19,1800,5,2,2,1.0,6,33063,M,,,33
201300024336,13,12,19,740,5,2,3,2.0,3,33063,M,,,33
201300024337,13,12,14,1700,1,2,3,1.0,6,33167,M,,,33
201300024338,13,12,15,1105,1,2,1,1.0,6,33192,M,,,33
201300024339,13,12,16,1700,1,2,1,1.0,6,33119,M,,,33
201300024340,13,12,12,945,1,2,2,1.0,5,33522,M,,,33
201300024341,13,12,12,2210,5,2,3,1.0,2,33318,M,,,33
201300024342,13,12,12,1705,2,2,3,1.0,5,33318,M,,,33
201300024343,13,12,13,830,1,2,2,5.0,6,33318,M,,,33
201300024344,13,12,13,1650,5,2,1,1.0,1,33522,M,,,33
201300024345,13,12,14,1650,1,2,2,1.0,6,33522,M,,,33
201300024346,13,12,21,630,5,2,2,1.0,6,33063,M,,,33
201300024347,13,12,20,1630,1,2,3,1.0,6,33063,M,,,33
201300024348,13,12,22,1450,1,2,2,1.0,3,33063,M,,,33
201300024349,13,12,22,2250,5,2,1,1.0,6,33063,M,,,33
201300024350,13,12,23,1925,5,2,2,1.0,3,33063,M,,,33
201300024351,13,12,16,2000,5,2,3,1.0,3,33550,M,,,33
201300024352,13,12,20,815,1,2,2,1.0,3,33249,M,,,33
201300024353,13,12,19,1350,1,2,2,1.0,3,33281,M,,,33
201300024354,13,12,18,1530,1,2,1,1.0,3,33281,M,,,33
201300024355,13,12,22,1010,1,2,6,1.0,3,33249,M,,,33
201300024356,13,12,17,1720,5,2,3,1.0,2,33192,M,,,33
201300024357,13,12,17,910,1,2,6,1.0,3,33318,M,,,33
201300024358,13,12,17,1340,1,2,2,1.0,3,33192,M,,,33
201300024359,13,12,20,1837,5,2,4,1.0,3,33318,M,,,33
201300024360,13,12,29,1935,5,2,5,1.0,6,33069,M,,,33
201300024361,13,12,20,1210,1,2,3,1.0,3,33550,M,,,33
201300024362,13,12,28,745,4,2,1,1.0,6,33063,M,,,33
201300024363,13,12,29,2250,5,2,4,1.0,3,33063,M,,,33
201300024364,13,12,20,820,2,2,2,1.0,6,33039,M,,,33
201300024365,13,12,27,1550,1,2,2,1.0,3,33063,M,,,33
201300024366,13,12,24,1755,5,2,1,8.0,5,33167,M,,,33
201300024367,13,12,24,913,1,2,3,2.0,6,33119,M,,,33
201300024368,13,4,7,130,5,2,9,1.0,1,33063,M,,,33
201300024369,13,6,10,925,1,2,2,2.0,3,33013,M,,,33
201300024370,13,5,4,2230,3,2,1,1.0,7,49343,M,4700709.0,-85282.0,49
201300024371,13,8,28,1745,1,1,4,1.0,1,49355,M,4714140.0,-79438.0,49
201300024372,13,9,20,1515,1,1,1,1.0,1,49343,M,4700537.0,-79814.0,49
201300024373,13,9,22,1945,2,1,6,1.0,2,49092,M,4723575.0,-71435.0,49
201300024374,13,9,28,600,3,2,1,1.0,6,49074,M,4721349.0,-79751.0,49
201300024375,13,10,7,1830,1,1,2,1.0,3,49169,M,4730878.0,-71083.0,49
201300024376,13,11,6,900,1,1,3,8.0,3,49092,M,4721023.0,-70384.0,49
201300024377,13,12,9,1330,1,1,1,1.0,1,49192,M,0.0,0.0,49
201300024378,13,12,20,1515,1,1,6,1.0,7,49092,M,4723840.0,-72561.0,49
201300024379,13,12,21,45,3,1,1,1.0,6,49192,M,0.0,0.0,49
201300024380,13,2,14,2110,3,1,1,2.0,6,18262,M,4730752.0,286641.0,18
201300024381,13,5,18,1845,1,1,1,1.0,1,18258,M,0.0,0.0,18
201300024382,13,6,18,1030,1,2,1,1.0,6,18233,M,4733951.0,284390.0,18
201300024383,13,8,5,2200,5,2,1,1.0,3,18125,M,0.0,0.0,18
201300024384,13,8,27,1600,1,2,1,1.0,6,18246,M,4744332.0,281937.0,18
201300024385,13,9,27,900,1,2,1,1.0,1,18233,M,4734037.0,283702.0,18
201300024386,13,10,20,1645,1,1,2,1.0,7,18241,M,4733094.0,284494.0,18
201300024387,13,11,6,1115,1,1,1,2.0,6,18272,M,4725694.0,276294.0,18
201300024388,13,11,21,1215,1,1,1,2.0,5,18144,M,4732486.0,278891.0,18
201300024389,13,12,7,1345,1,2,2,1.0,3,18233,M,4733863.0,285943.0,18
201300024390,13,1,8,1200,5,1,1,9.0,1,06161,M,0.0,0.0,06
201300024391,13,3,8,2330,5,1,1,1.0,1,06161,M,0.0,0.0,06
201300024392,13,4,22,1730,1,2,1,1.0,3,06161,M,0.0,0.0,06
201300024393,13,7,31,1015,1,2,2,1.0,2,06161,M,0.0,0.0,06
201300024394,13,8,10,1645,1,2,1,1.0,5,06044,M,0.0,0.0,06
201300024395,13,8,28,1800,1,2,6,1.0,3,06161,M,0.0,0.0,06
201300024396,13,12,3,1530,2,2,1,1.0,2,06161,M,0.0,0.0,06
201300024397,13,12,3,1900,5,1,9,1.0,1,06161,M,0.0,0.0,06
201300024398,13,12,3,1430,1,2,1,7.0,6,06161,M,0.0,0.0,06
201300024399,13,12,13,30,5,1,1,1.0,6,06044,M,0.0,0.0,06
201300024400,13,12,24,1945,5,2,1,2.0,6,06161,M,4363700.0,713400.0,06
201300024401,13,1,10,830,1,2,1,1.0,6,34003,M,4331552.0,346801.0,34
201300024402,13,3,20,1410,1,2,9,1.0,6,34003,M,4331112.0,346596.0,34
201300024403,13,4,26,1750,1,2,1,1.0,6,34003,M,4330862.0,347693.0,34
201300024404,13,6,22,115,5,2,1,1.0,5,34003,M,4328657.0,350782.0,34
201300024405,13,7,12,1600,1,1,1,1.0,1,34003,M,,,34
201300024406,13,7,29,2020,1,1,1,1.0,3,34003,M,,,34
201300024407,13,8,7,710,1,2,9,1.0,7,34003,M,4327802.0,350363.0,34
201300024408,13,8,7,2000,1,2,1,1.0,2,34003,M,,,34
201300024409,13,8,10,1625,1,2,1,1.0,6,34003,M,,,34
201300024410,13,8,12,1725,1,1,1,1.0,3,34003,M,4332314.0,347763.0,34
201300024411,13,8,18,2005,1,1,1,1.0,3,34003,M,4329306.0,349944.0,34
201300024412,13,8,21,1800,1,1,1,1.0,1,34003,M,4330463.0,345699.0,34
201300024413,13,8,22,1935,1,2,1,1.0,3,34003,M,4330659.0,346919.0,34
201300024414,13,8,24,1015,1,1,1,1.0,2,34003,M,4330877.0,351301.0,34
201300024415,13,8,25,1700,1,1,1,1.0,3,34003,M,4329852.0,346704.0,34
201300024416,13,9,1,2200,5,2,1,1.0,3,34003,M,4329869.0,347858.0,34
201300024417,13,9,2,536,5,2,6,1.0,6,34003,M,4328508.0,350426.0,34
201300024418,13,9,10,1350,1,2,9,1.0,3,34003,M,4328319.0,349824.0,34
201300024419,13,9,13,1130,1,2,6,1.0,2,34003,M,4329567.0,351734.0,34
201300024420,13,10,2,1340,1,2,1,1.0,2,34003,M,4329800.0,347640.0,34
201300024421,13,8,14,1200,1,2,6,1.0,3,34003,M,,,34
201300024422,13,11,11,1740,2,1,1,1.0,5,34003,M,,,34
201300024423,13,12,11,1630,1,2,3,8.0,6,34003,M,,,34
201300024424,13,12,31,1800,2,2,1,1.0,1,34003,M,,,34
201300024425,13,12,31,2025,5,2,1,9.0,6,34032,M,,,34
201300024426,13,1,2,1850,4,2,1,9.0,7,34032,M,4333981.0,321841.0,34
201300024427,13,1,2,2205,5,2,1,9.0,2,34032,M,4335080.0,323937.0,34
201300024428,13,1,9,2040,5,2,9,9.0,6,34032,M,4334418.0,321240.0,34
201300024429,13,1,8,1145,1,2,1,1.0,7,34336,M,4331624.0,328128.0,34
201300024430,13,1,8,2055,4,2,3,9.0,3,34032,M,4335453.0,322964.0,34
201300024431,13,1,21,2100,1,2,3,1.0,7,34336,M,4332055.0,327773.0,34
201300024432,13,1,23,1455,1,2,6,9.0,3,34032,M,4334478.0,321540.0,34
201300024433,13,1,28,800,1,2,1,1.0,7,34032,M,4334457.0,323853.0,34
201300024434,13,1,28,1100,1,2,3,1.0,3,34032,M,4334395.0,322838.0,34
201300024435,13,1,29,750,1,2,1,1.0,2,34032,M,4333711.0,320321.0,34
201300024436,13,2,4,30,5,2,2,1.0,3,34032,M,4334409.0,322042.0,34
201300024437,13,2,3,2125,5,2,2,9.0,3,34032,M,4333359.0,325363.0,34
201300024438,13,2,12,1155,1,2,1,1.0,3,34032,M,4335252.0,322498.0,34
201300024439,13,2,16,250,3,1,1,9.0,7,34032,M,4336482.0,318948.0,34
201300024440,13,2,17,940,1,2,9,1.0,7,34032,M,4334718.0,321863.0,34
201300024441,13,2,15,2010,5,2,3,1.0,3,34032,M,4334929.0,322108.0,34
201300024442,13,2,16,1610,1,1,3,1.0,3,34032,M,4335237.0,326732.0,34
201300024443,13,2,25,1715,1,2,1,1.0,7,34032,M,4335400.0,322797.0,34
201300024444,13,3,4,1755,1,2,3,1.0,3,34032,M,4334356.0,322076.0,34
201300024445,13,3,8,1810,1,2,1,9.0,7,34032,M,4335387.0,322637.0,34
201300024446,13,3,15,1120,1,2,3,9.0,7,34032,M,4334422.0,323034.0,34
201300024447,13,3,17,535,2,1,1,9.0,7,34032,M,4337235.0,320823.0,34
201300024448,13,3,16,950,1,1,3,9.0,3,34032,M,4336414.0,326089.0,34
201300024449,13,3,20,1030,1,2,1,9.0,7,34032,M,4334845.0,322018.0,34
201300024450,13,3,21,1555,1,2,1,9.0,2,34032,M,4335038.0,323939.0,34
201300024451,13,3,22,1900,3,1,1,8.0,1,34032,M,4336200.0,324595.0,34
201300024452,13,4,3,1400,1,2,1,1.0,7,34032,M,4334708.0,322030.0,34
201300024453,13,4,3,1735,1,1,3,1.0,3,34336,M,4331351.0,329974.0,34
201300024454,13,4,25,1730,1,2,1,1.0,5,34336,M,4332359.0,326305.0,34
201300024455,13,5,3,1820,1,2,1,1.0,7,34032,M,4334037.0,320975.0,34
201300024456,13,5,13,1700,1,2,9,9.0,7,34032,M,4334616.0,388150.0,34
201300024457,13,5,21,1320,1,2,1,9.0,7,34032,M,4334582.0,321691.0,34
201300024458,13,5,19,2250,3,1,1,1.0,7,34336,M,4332007.0,329330.0,34
201300024459,13,5,24,1535,1,2,1,1.0,7,34032,M,,,34
201300024460,13,6,6,1840,1,2,1,1.0,7,34032,M,4335243.0,322486.0,34
201300024461,13,5,5,1330,1,2,1,1.0,7,34032,M,4335480.0,323915.0,34
201300024462,13,6,6,1925,1,2,9,9.0,6,34032,M,,,34
201300024463,13,5,21,1805,1,1,3,9.0,3,34032,M,4338581.0,322815.0,34
201300024464,13,6,11,930,1,2,1,1.0,2,34032,M,4334062.0,321847.0,34
201300024465,13,6,13,1520,1,2,1,1.0,7,34032,M,4333392.0,325017.0,34
201300024466,13,6,13,1730,1,2,1,1.0,2,34032,M,,,34
201300024467,13,5,21,615,2,2,1,9.0,7,34032,M,4335070.0,323974.0,34
201300024468,13,6,18,1655,1,2,1,1.0,1,34032,M,4333801.0,325226.0,34
201300024469,13,6,19,1725,1,2,3,1.0,7,34032,M,4334128.0,322487.0,34
201300024470,13,7,2,1820,1,2,1,1.0,7,34032,M,,,34
201300024471,13,7,6,2220,5,2,1,1.0,3,34032,M,,,34
201300024472,13,7,7,1825,1,1,1,7.0,1,34336,M,,,34
201300024473,13,7,5,2255,3,1,1,1.0,3,34032,M,,,34
201300024474,13,7,8,135,5,2,1,9.0,7,34032,M,,,34
201300024475,13,7,14,1520,1,2,1,9.0,6,34032,M,,,34
201300024476,13,7,13,1245,1,2,6,9.0,7,34336,M,,,34
201300024477,13,6,8,1350,1,2,1,2.0,1,34032,M,,,34
201300024478,13,6,7,1235,1,2,1,1.0,7,34032,M,4334806.0,323936.0,34
201300024479,13,7,18,1830,1,2,1,1.0,7,34032,M,,,34
201300024480,13,8,3,2345,3,1,6,1.0,7,34336,M,,,34
201300024481,13,8,16,1040,1,1,9,7.0,2,34336,M,4331375.0,332288.0,34
201300024482,13,8,23,2125,3,2,6,9.0,7,34032,M,4334694.0,325403.0,34
201300024483,13,8,29,2110,3,1,6,1.0,6,34032,M,4334412.0,317335.0,34
201300024484,13,9,5,1845,1,1,1,1.0,2,34032,M,,,34
201300024485,13,9,5,1925,1,1,1,1.0,2,34032,M,,,34
201300024486,13,9,13,1100,1,2,3,1.0,7,34032,M,4335034.0,322022.0,34
201300024487,13,9,14,1630,1,2,1,1.0,7,34032,M,,,34
201300024488,13,9,1,210,3,1,1,1.0,7,34032,M,,,34
201300024489,13,8,30,1400,1,2,1,1.0,2,34032,M,,,34
201300024490,13,8,31,2045,3,1,1,1.0,3,34032,M,,,34
201300024491,13,9,7,1345,1,1,1,1.0,3,34336,M,,,34
201300024492,13,9,22,505,3,1,9,9.0,7,34336,M,,,34
201300024493,13,9,24,1200,1,2,1,1.0,6,34032,M,,,34
201300024494,13,9,30,1420,1,2,6,9.0,3,34032,M,,,34
201300024495,13,10,4,1535,1,1,6,2.0,2,34032,M,,,34
201300024496,13,10,8,1705,1,2,1,9.0,3,34032,M,,,34
201300024497,13,10,12,1655,1,2,1,9.0,7,34032,M,4334746.0,322094.0,34
201300024498,13,10,20,145,5,2,1,1.0,6,34032,M,,,34
201300024499,13,8,8,835,1,2,1,9.0,7,34336,M,,,34
201300024500,13,10,28,1905,3,1,1,9.0,7,34032,M,,,34
201300024501,13,11,12,1550,1,1,1,1.0,3,34032,M,4336680.0,321449.0,34
201300024502,13,11,19,1255,1,2,2,9.0,7,34032,M,,,34
201300024503,13,11,12,1610,1,2,1,9.0,7,34032,M,,,34
201300024504,13,11,12,1710,1,2,1,9.0,7,34032,M,,,34
201300024505,13,11,20,1410,1,2,3,1.0,1,34032,M,,,34
201300024506,13,11,26,1722,2,2,1,9.0,7,34032,M,,,34
201300024507,13,12,1,1150,1,2,1,9.0,7,34032,M,,,34
201300024508,13,12,4,715,2,2,1,9.0,7,34032,M,,,34
201300024509,13,12,10,1650,2,2,6,9.0,7,34032,M,,,34
201300024510,13,12,26,1325,1,2,1,1.0,7,34032,M,,,34
201300024511,13,12,30,330,3,1,1,9.0,2,34032,M,,,34
201300024512,13,1,1,540,5,2,1,1.0,6,34172,M,4361083.0,390036.0,34
201300024513,13,1,2,1530,1,2,1,1.0,2,34172,M,4361010.0,384660.0,34
201300024514,13,1,2,1940,5,2,3,1.0,3,34172,M,4362559.0,386078.0,34
201300024515,13,1,3,1100,1,2,3,1.0,6,34172,M,4360020.0,384584.0,34
201300024516,13,1,3,1230,1,2,1,1.0,2,34172,M,4360531.0,389192.0,34
201300024517,13,1,3,1520,1,2,1,1.0,4,34172,M,4360715.0,393286.0,34
201300024518,13,1,4,900,1,2,1,1.0,6,34172,M,4361510.0,382427.0,34
201300024519,13,1,4,1450,1,2,1,1.0,3,34172,M,4358706.0,387243.0,34
201300024520,13,1,4,1820,5,2,1,1.0,3,34172,M,4361440.0,388377.0,34
201300024521,13,1,6,525,5,2,1,1.0,7,34172,M,4361727.0,382020.0,34
201300024522,13,1,7,1050,1,2,1,1.0,2,34172,M,4360336.0,388832.0,34
201300024523,13,1,7,2100,5,2,3,1.0,1,34172,M,4361989.0,386532.0,34
201300024524,13,1,8,1235,1,2,1,1.0,6,34172,M,4360908.0,388975.0,34
201300024525,13,1,9,1000,1,2,3,1.0,6,34172,M,4360640.0,386430.0,34
201300024526,13,1,9,1100,1,2,1,1.0,6,34172,M,4357520.0,385590.0,34
201300024527,13,1,9,1330,1,2,1,1.0,1,34172,M,4360665.0,383841.0,34
201300024528,13,1,9,1420,1,2,1,1.0,2,34172,M,4360889.0,385310.0,34
201300024529,13,1,10,1000,1,2,1,1.0,3,34172,M,4360519.0,387511.0,34
201300024530,13,1,9,1840,5,2,2,1.0,3,34172,M,4359690.0,387773.0,34
201300024531,13,1,9,1655,1,2,1,1.0,6,34172,M,4363644.0,387404.0,34
201300024532,13,1,11,1450,1,2,1,1.0,3,34172,M,4358960.0,388790.0,34
201300024533,13,1,11,2025,5,2,1,1.0,3,34172,M,4362400.0,386225.0,34
201300024534,13,1,11,735,1,2,3,1.0,3,34172,M,4361360.0,390491.0,34
201300024535,13,1,11,1000,1,2,1,1.0,3,34172,M,4359678.0,386521.0,34
201300024536,13,1,12,1110,1,2,1,1.0,3,34172,M,4362776.0,386466.0,34
201300024537,13,1,13,645,5,2,1,1.0,6,34172,M,4359489.0,390569.0,34
201300024538,13,1,14,855,1,2,1,1.0,7,34172,M,4361187.0,386456.0,34
201300024539,13,1,14,1000,1,2,1,1.0,3,34172,M,4360643.0,392354.0,34
201300024540,13,1,14,1745,1,2,1,1.0,3,34172,M,4364242.0,384781.0,34
201300024541,13,1,14,1915,5,2,2,1.0,6,34172,M,4362685.0,388937.0,34
201300024542,13,1,16,840,1,2,2,1.0,6,34172,M,4360420.0,383430.0,34
201300024543,13,1,16,1150,1,2,3,8.0,6,34172,M,4357930.0,387840.0,34
201300024544,13,1,17,1825,5,2,1,1.0,2,34172,M,4361108.0,387351.0,34
201300024545,13,1,17,1120,1,2,1,1.0,3,34172,M,4360239.0,385413.0,34
201300024546,13,1,19,1950,3,2,1,3.0,6,34172,M,4359350.0,388990.0,34
201300024547,13,1,22,820,1,2,2,1.0,3,34172,M,4361356.0,391199.0,34
201300024548,13,1,23,1550,1,2,1,2.0,2,34172,M,4360957.0,383707.0,34
201300024549,13,1,23,1920,3,2,1,8.0,6,34129,M,4358286.0,392530.0,34
201300024550,13,1,24,750,1,2,1,1.0,7,34172,M,4363380.0,383554.0,34
201300024551,13,1,24,1325,1,2,1,1.0,2,34172,M,4363136.0,384281.0,34
201300024552,13,1,25,1025,1,2,1,1.0,7,34172,M,4361850.0,381818.0,34
201300024553,13,1,25,1225,1,2,1,1.0,3,34172,M,4360020.0,386726.0,34
201300024554,13,1,25,1700,1,2,3,1.0,3,34172,M,4360731.0,383836.0,34
201300024555,13,1,26,450,5,2,1,1.0,7,34172,M,4361364.0,388785.0,34
201300024556,13,1,26,630,3,1,1,1.0,6,34129,M,4358074.0,390842.0,34
201300024557,13,1,25,1810,3,2,1,1.0,6,34172,M,4358616.0,385232.0,34
201300024558,13,1,27,1210,1,2,1,1.0,6,34172,M,4360200.0,387310.0,34
201300024559,13,1,28,830,1,2,3,1.0,3,34172,M,4359820.0,383541.0,34
201300024560,13,1,28,1200,1,2,1,1.0,6,34172,M,4360360.0,390710.0,34
201300024561,13,1,27,2000,5,2,1,2.0,2,34172,M,4361725.0,384272.0,34
201300024562,13,1,29,740,1,2,1,1.0,7,34172,M,4362343.0,384421.0,34
201300024563,13,1,29,845,1,2,1,1.0,3,34172,M,4360811.0,389674.0,34
201300024564,13,2,4,1015,1,2,1,1.0,7,34172,M,4362369.0,387378.0,34
201300024565,13,2,6,1235,1,2,1,1.0,6,34172,M,4360510.0,389214.0,34
201300024566,13,2,6,1330,1,2,1,1.0,4,34172,M,4361628.0,382045.0,34
201300024567,13,2,8,405,5,2,1,1.0,7,34172,M,4359709.0,386377.0,34
201300024568,13,2,8,530,5,2,2,1.0,6,34172,M,4361787.0,384275.0,34
201300024569,13,2,8,935,1,2,3,1.0,6,34172,M,4361149.0,386512.0,34
201300024570,13,2,9,1315,1,2,1,1.0,7,34172,M,4361223.0,383935.0,34
201300024571,13,2,9,1515,1,1,2,1.0,3,34129,M,4358282.0,392531.0,34
201300024572,13,2,10,1920,5,2,1,3.0,1,34172,M,4360212.0,385346.0,34
201300024573,13,2,9,2240,5,2,3,1.0,3,34172,M,4363424.0,382244.0,34
201300024574,13,2,10,320,5,2,1,1.0,7,34172,M,4359616.0,387708.0,34
201300024575,13,2,11,905,1,2,1,8.0,2,34172,M,4363605.0,384451.0,34
201300024576,13,2,12,20,5,2,1,1.0,7,34172,M,4360259.0,386659.0,34
201300024577,13,2,12,1035,1,2,1,1.0,6,34172,M,4360480.0,386720.0,34
201300024578,13,2,14,1850,5,2,1,1.0,1,34172,M,4360232.0,387015.0,34
201300024579,13,2,14,1845,5,2,3,1.0,3,34172,M,4361687.0,391138.0,34