Num_Acc,an,mois,jour,hrmn,lum,agg,int,atm,col,com,gps,lat,long,dep
201300024580,13,2,17,2200,5,2,2,1.0,6,34172,M,4360848.0,387321.0,34
201300024581,13,2,18,1745,1,2,3,2.0,7,34172,M,4363332.0,387560.0,34
201300024582,13,2,19,815,1,2,1,1.0,7,34172,M,4359500.0,382169.0,34
201300024583,13,2,19,1415,1,2,2,1.0,6,34172,M,4359662.0,384490.0,34
201300024584,13,2,20,950,1,2,3,1.0,3,34172,M,4362694.0,387265.0,34
201300024585,13,2,20,1240,1,2,3,1.0,3,34172,M,4360110.0,388150.0,34
201300024586,13,2,20,1354,1,2,6,1.0,3,34172,M,4361301.0,385888.0,34
201300024587,13,2,21,1005,1,2,3,1.0,3,34172,M,4360718.0,388949.0,34
201300024588,13,2,21,1314,1,2,1,1.0,2,34129,M,4358698.0,390826.0,34
201300024589,13,2,21,1902,3,1,1,1.0,3,34172,M,4359476.0,382019.0,34
201300024590,13,2,22,1500,1,2,1,1.0,6,34129,M,4357847.0,388044.0,34
201300024591,13,2,23,100,5,2,1,1.0,7,34172,M,4362067.0,386486.0,34
201300024592,13,2,23,530,3,2,1,1.0,3,34172,M,4358880.0,389316.0,34
201300024593,13,2,25,1745,1,1,3,1.0,7,34129,M,4357640.0,388900.0,34
201300024594,13,2,27,1040,1,2,1,1.0,1,34172,M,4359815.0,383775.0,34
201300024595,13,3,2,1420,1,2,1,1.0,2,34172,M,4358915.0,389076.0,34
201300024596,13,3,2,2250,5,2,7,1.0,3,34172,M,4362705.0,386952.0,34
201300024597,13,3,3,1805,1,2,1,1.0,3,34172,M,4362830.0,382090.0,34
201300024598,13,3,4,1040,1,2,1,1.0,4,34172,M,4359585.0,384681.0,34
201300024599,13,3,4,2305,5,2,1,1.0,6,34172,M,4361518.0,386403.0,34
201300024600,13,3,5,810,1,2,2,3.0,6,34172,M,4360030.0,387430.0,34
201300024601,13,3,5,1520,1,2,2,2.0,3,34172,M,4362605.0,388242.0,34
201300024602,13,3,6,1500,1,2,1,2.0,7,34172,M,4361683.0,382010.0,34
201300024603,13,3,7,610,3,2,1,8.0,1,34129,M,4358002.0,390816.0,34
201300024604,13,3,7,1445,1,2,9,8.0,3,34172,M,4358923.0,385637.0,34
201300024605,13,3,7,1810,5,2,1,8.0,3,34172,M,4360058.0,387938.0,34
201300024606,13,3,8,1540,1,2,3,1.0,3,34172,M,4361660.0,383602.0,34
201300024607,13,3,9,1726,1,2,1,1.0,7,34172,M,4360891.0,385988.0,34
201300024608,13,3,10,1500,1,2,2,1.0,3,34172,M,4361819.0,389759.0,34
201300024609,13,3,12,538,5,2,6,2.0,3,34172,M,4358966.0,385625.0,34
201300024610,13,3,12,840,1,2,1,1.0,1,34172,M,4361413.0,391434.0,34
201300024611,13,3,12,1715,1,2,1,1.0,3,34172,M,4362403.0,386214.0,34
201300024612,13,3,13,1740,1,2,1,1.0,3,34172,M,4362961.0,384398.0,34
201300024613,13,3,14,915,1,2,1,1.0,3,34172,M,4361538.0,382031.0,34
201300024614,13,3,14,1130,1,2,1,1.0,2,34172,M,4358222.0,386356.0,34
201300024615,13,3,14,1815,1,2,1,1.0,6,34172,M,4359547.0,389647.0,34
201300024616,13,3,14,1825,1,2,9,1.0,3,34172,M,4360082.0,384542.0,34
201300024617,13,3,15,440,5,2,3,1.0,3,34172,M,4360441.0,387775.0,34
201300024618,13,3,15,740,1,2,1,1.0,3,34172,M,4359632.0,384932.0,34
201300024619,13,3,15,1235,1,2,1,1.0,3,34172,M,4359525.0,386189.0,34
201300024620,13,3,15,1310,1,1,3,1.0,3,34172,M,4361017.0,392976.0,34
201300024621,13,3,17,1435,1,2,2,2.0,3,34172,M,4360589.0,389420.0,34
201300024622,13,3,18,450,5,2,2,2.0,7,34172,M,4362390.0,386200.0,34
201300024623,13,3,18,1020,1,2,1,1.0,3,34172,M,4360429.0,391269.0,34
201300024624,13,3,18,1305,1,2,1,1.0,6,34172,M,4360706.0,387842.0,34
201300024625,13,3,18,1600,1,2,1,1.0,7,34172,M,4360425.0,387347.0,34
201300024626,13,3,20,2025,5,2,1,8.0,3,34172,M,4363636.0,382726.0,34
201300024627,13,3,21,930,1,2,3,1.0,5,34172,M,4363750.0,385972.0,34
201300024628,13,3,21,1620,1,2,1,1.0,6,34172,M,4361429.0,384846.0,34
201300024629,13,3,21,2350,3,2,1,1.0,2,34172,M,4359826.0,389332.0,34
201300024630,13,3,22,1120,1,2,1,8.0,3,34172,M,4364974.0,385767.0,34
201300024631,13,3,22,1320,1,2,2,8.0,2,34172,M,4362683.0,382178.0,34
201300024632,13,3,23,1910,5,2,2,2.0,6,34172,M,4361340.0,386788.0,34
201300024633,13,3,24,1302,1,2,1,3.0,7,34172,M,4357513.0,385918.0,34
201300024634,13,3,24,2025,5,2,1,1.0,1,34172,M,4360694.0,385077.0,34
201300024635,13,3,25,820,1,2,3,1.0,3,34172,M,4361034.0,389042.0,34
201300024636,13,3,26,1425,1,2,2,1.0,3,34172,M,4359418.0,386073.0,34
201300024637,13,3,27,1420,1,2,1,1.0,3,34172,M,4362730.0,384704.0,34
201300024638,13,3,28,1225,1,2,1,3.0,2,34172,M,4364443.0,386561.0,34
201300024639,13,3,28,1400,1,2,1,3.0,7,34172,M,4361792.0,386631.0,34
201300024640,13,3,30,635,2,2,3,1.0,7,34172,M,4361196.0,387187.0,34
201300024641,13,4,1,2040,5,2,1,2.0,3,34172,M,4360467.0,387714.0,34
201300024642,13,4,2,1552,1,2,1,1.0,3,34172,M,4360260.0,387090.0,34
201300024643,13,4,3,1650,1,2,3,1.0,4,34172,M,4360856.0,389673.0,34
201300024644,13,4,4,800,1,2,2,1.0,2,34172,M,4359686.0,384440.0,34
201300024645,13,4,2,820,1,2,1,2.0,6,34172,M,4362191.0,387443.0,34
201300024646,13,4,2,940,1,2,1,1.0,3,34172,M,4362955.0,384391.0,34
201300024647,13,4,5,1310,1,2,1,1.0,3,34172,M,4361440.0,388381.0,34
201300024648,13,4,5,1620,1,2,3,1.0,1,34172,M,4358029.0,388100.0,34
201300024649,13,4,7,1245,1,2,1,1.0,3,34172,M,4362832.0,381757.0,34
201300024650,13,4,8,110,3,1,1,1.0,6,34129,M,4356120.0,386678.0,34
201300024651,13,4,7,1855,1,2,2,1.0,3,34172,M,4360720.0,387080.0,34
201300024652,13,4,7,2007,2,2,1,1.0,6,34172,M,4360540.0,388530.0,34
201300024653,13,4,8,1835,1,2,1,1.0,7,34172,M,4359908.0,386612.0,34
201300024654,13,4,9,830,1,2,1,1.0,6,34172,M,4358193.0,388027.0,34
201300024655,13,4,9,1210,1,2,1,1.0,6,34172,M,4361080.0,386668.0,34
201300024656,13,4,9,1730,1,2,1,1.0,3,34172,M,4362693.0,382061.0,34
201300024657,13,4,10,1735,1,2,1,1.0,7,34172,M,4359942.0,384081.0,34
201300024658,13,4,10,2105,5,2,3,1.0,3,34172,M,4361472.0,382775.0,34
201300024659,13,4,11,1,5,2,2,1.0,3,34172,M,4361276.0,386743.0,34
201300024660,13,4,11,920,1,2,1,1.0,7,34129,M,4360770.0,389411.0,34
201300024661,13,4,11,2150,5,2,1,1.0,2,34172,M,4361850.0,384528.0,34
201300024662,13,4,11,2250,5,2,2,2.0,3,34172,M,4360694.0,389399.0,34
201300024663,13,4,12,1930,2,2,1,1.0,5,34172,M,4361460.0,383009.0,34
201300024664,13,4,13,1530,1,2,1,1.0,6,34172,M,4361154.0,387203.0,34
201300024665,13,4,13,1450,1,2,1,1.0,2,34172,M,4358509.0,386920.0,34
201300024666,13,4,16,1000,1,2,3,1.0,3,34172,M,4362216.0,389771.0,34
201300024667,13,4,15,2010,1,2,1,1.0,3,34172,M,4362610.0,382396.0,34
201300024668,13,4,13,1235,1,2,1,1.0,4,34172,M,4358135.0,386534.0,34
201300024669,13,4,16,1720,1,2,1,1.0,7,34172,M,4362471.0,388902.0,34
201300024670,13,4,16,2010,2,2,2,1.0,3,34172,M,4360414.0,385835.0,34
201300024671,13,4,17,1000,1,2,3,1.0,3,34172,M,4362214.0,388291.0,34
201300024672,13,4,18,2305,5,2,1,1.0,3,34172,M,4359754.0,386432.0,34
201300024673,13,4,19,1035,1,2,1,8.0,6,34172,M,4361081.0,387624.0,34
201300024674,13,4,20,1550,1,2,1,2.0,6,34172,M,4361860.0,384607.0,34
201300024675,13,4,21,1815,1,2,1,8.0,7,34172,M,4361017.0,388570.0,34
201300024676,13,4,23,1200,1,2,2,1.0,3,34172,M,4358853.0,386576.0,34
201300024677,13,4,25,750,1,2,1,8.0,5,34172,M,4359687.0,388693.0,34
201300024678,13,4,25,1410,1,2,3,1.0,3,34172,M,4359710.0,388580.0,34
201300024679,13,4,26,630,1,2,1,2.0,3,34172,M,4363649.0,383132.0,34
201300024680,13,4,27,1250,1,2,6,3.0,7,34129,M,4356632.0,390054.0,34
201300024681,13,4,27,1930,2,2,1,8.0,1,34172,M,4363102.0,388537.0,34
201300024682,13,4,30,1020,1,2,1,2.0,3,34172,M,4362015.0,385903.0,34
201300024683,13,5,2,1200,1,2,2,1.0,3,34172,M,4361373.0,390587.0,34
201300024684,13,5,2,1535,1,2,2,1.0,3,34172,M,4360702.0,387127.0,34
201300024685,13,5,3,1755,1,2,1,1.0,3,34172,M,4326344.0,381748.0,34
201300024686,13,5,3,804,1,2,1,1.0,6,34129,M,4356811.0,390384.0,34
201300024687,13,5,4,855,1,2,1,1.0,3,34172,M,4360904.0,389057.0,34
201300024688,13,5,4,1115,1,2,1,1.0,3,34172,M,4363143.0,387126.0,34
201300024689,13,5,5,1900,1,2,2,1.0,3,34172,M,4359742.0,386409.0,34
201300024690,13,5,6,930,1,1,3,1.0,5,34198,M,4356490.0,395789.0,34
201300024691,13,5,6,2125,5,2,2,1.0,3,34172,M,4359967.0,387524.0,34
201300024692,13,5,6,800,1,2,1,1.0,3,34172,M,4361639.0,385922.0,34
201300024693,13,5,9,1805,1,2,2,1.0,3,34172,M,4358907.0,388481.0,34
201300024694,13,5,11,1500,1,2,1,1.0,3,34172,M,4360827.0,386176.0,34
201300024695,13,5,12,1345,1,2,1,1.0,6,34172,M,4360777.0,385552.0,34
201300024696,13,5,12,1800,1,2,1,1.0,3,34172,M,4362345.0,383393.0,34
201300024697,13,5,13,740,1,1,1,1.0,7,34129,M,4357307.0,387632.0,34
201300024698,13,5,13,920,1,2,2,1.0,3,34172,M,4361705.0,386112.0,34
201300024699,13,5,13,1615,1,2,1,1.0,3,34172,M,4358061.0,388150.0,34
201300024700,13,5,13,1735,1,2,1,1.0,6,34172,M,4360870.0,384766.0,34
201300024701,13,5,14,840,1,2,1,1.0,6,34172,M,4363696.0,387355.0,34
201300024702,13,5,14,935,1,2,1,1.0,3,34172,M,4359956.0,387450.0,34
201300024703,13,5,15,835,1,2,2,8.0,3,34172,M,4360381.0,386775.0,34
201300024704,13,5,18,1205,1,2,1,8.0,6,34172,M,4362220.0,384583.0,34
201300024705,13,5,18,1800,1,2,1,1.0,1,34172,M,4361009.0,383544.0,34
201300024706,13,5,18,1045,1,2,1,8.0,3,34172,M,4359595.0,386588.0,34
201300024707,13,5,22,1605,1,2,2,1.0,3,34172,M,4360834.0,390662.0,34
201300024708,13,5,22,2150,5,2,2,1.0,1,34172,M,4363748.0,382283.0,34
201300024709,13,5,22,1920,1,2,1,1.0,3,34172,M,4360478.0,386484.0,34
201300024710,13,5,22,1830,1,2,2,1.0,3,34172,M,4362032.0,385971.0,34
201300024711,13,5,21,1930,1,2,1,1.0,3,34172,M,4362843.0,381992.0,34
201300024712,13,5,24,900,1,2,1,1.0,3,34172,M,4363738.0,383156.0,34
201300024713,13,5,23,910,1,2,1,1.0,7,34172,M,4360518.0,389896.0,34
201300024714,13,5,22,1815,1,2,1,1.0,4,34172,M,4358888.0,385499.0,34
201300024715,13,5,24,2325,5,2,1,1.0,2,34172,M,4360247.0,387059.0,34
201300024716,13,5,25,2250,5,2,1,1.0,4,34172,M,4362383.0,382029.0,34
201300024717,13,5,27,1825,1,2,1,1.0,3,34129,M,4358524.0,392350.0,34
201300024718,13,5,29,1110,1,2,1,1.0,7,34172,M,4360744.0,388470.0,34
201300024719,13,5,29,1310,1,2,1,1.0,1,34172,M,4361038.0,391431.0,34
201300024720,13,5,30,850,1,2,3,1.0,3,34172,M,4360964.0,383831.0,34
201300024721,13,5,30,920,1,2,3,1.0,3,34172,M,4361752.0,390275.0,34
201300024722,13,5,30,2345,5,2,2,1.0,3,34172,M,4361432.0,387417.0,34
201300024723,13,5,31,445,5,2,1,1.0,6,34172,M,4361440.0,386510.0,34
201300024724,13,5,31,1330,1,2,1,1.0,1,34172,M,4361364.0,387704.0,34
201300024725,13,5,31,1910,1,2,1,8.0,6,34172,M,4362954.0,382061.0,34
201300024726,13,6,1,1910,1,2,1,1.0,4,34172,M,4360803.0,391479.0,34
201300024727,13,6,2,605,2,2,3,1.0,6,34172,M,4360339.0,383281.0,34
201300024728,13,6,2,645,1,2,1,1.0,1,34172,M,4355846.0,384964.0,34
201300024729,13,6,2,1843,1,2,1,1.0,3,34172,M,4359808.0,390289.0,34
201300024730,13,6,3,845,1,1,3,1.0,3,34129,M,4355545.0,386036.0,34
201300024731,13,6,3,1850,1,2,1,1.0,3,34172,M,4363294.0,383395.0,34
201300024732,13,6,3,2000,1,2,1,1.0,2,34172,M,4360882.0,384207.0,34
201300024733,13,6,4,730,1,2,1,1.0,7,34172,M,4364205.0,382998.0,34
201300024734,13,6,4,815,1,2,1,1.0,6,34172,M,4360423.0,387815.0,34
201300024735,13,6,4,1816,1,2,1,1.0,6,34172,M,4359628.0,384476.0,34
201300024736,13,6,5,900,1,2,1,1.0,3,34172,M,4360314.0,388243.0,34
201300024737,13,6,7,1540,1,2,6,1.0,3,34172,M,4359315.0,382026.0,34
201300024738,13,6,7,2125,5,2,3,1.0,6,34172,M,4360289.0,388042.0,34
201300024739,13,6,8,1000,1,2,9,2.0,6,34172,M,4360520.0,388064.0,34
201300024740,13,6,8,1531,1,2,1,3.0,7,34172,M,4359277.0,382015.0,34
201300024741,13,6,8,1615,1,2,1,2.0,1,34172,M,4360464.0,389981.0,34
201300024742,13,6,9,935,1,2,1,1.0,3,34172,M,4361183.0,383875.0,34
201300024743,13,6,9,1035,1,2,2,8.0,3,34172,M,4360684.0,389241.0,34
201300024744,13,6,9,1645,1,2,3,8.0,3,34172,M,4362368.0,381742.0,34
201300024745,13,6,10,645,1,2,1,1.0,6,34172,M,4359929.0,388230.0,34
201300024746,13,6,12,915,1,2,1,1.0,3,34172,M,4361081.0,386664.0,34
201300024747,13,6,14,1707,1,2,1,1.0,2,34172,M,4360850.0,391247.0,34
201300024748,13,6,14,1930,1,2,1,1.0,2,34172,M,4360981.0,383677.0,34
201300024749,13,6,15,2005,1,2,2,1.0,3,34172,M,4360876.0,389263.0,34
201300024750,13,6,19,1240,1,2,9,8.0,3,34172,M,4359002.0,388258.0,34
201300024751,13,6,19,1815,1,2,3,8.0,3,34172,M,4361496.0,389789.0,34
201300024752,13,6,20,800,1,2,2,8.0,3,34172,M,4361702.0,385485.0,34
201300024753,13,6,21,1010,1,2,3,1.0,6,34172,M,4360650.0,387783.0,34
201300024754,13,6,21,1145,1,2,3,1.0,6,34172,M,4360711.0,389248.0,34
201300024755,13,6,20,1610,1,2,1,1.0,3,34172,M,4361371.0,383927.0,34
201300024756,13,6,21,2040,1,2,1,1.0,7,34129,M,4356928.0,389941.0,34
201300024757,13,6,22,1615,1,2,1,1.0,6,34172,M,4363426.0,382371.0,34
201300024758,13,6,22,1940,1,2,1,1.0,2,34172,M,4361452.0,388365.0,34
201300024759,13,6,24,1820,1,2,1,1.0,6,34172,M,4360688.0,383773.0,34
201300024760,13,6,25,1350,1,2,4,1.0,5,34172,M,4360350.0,388819.0,34
201300024761,13,6,25,1925,1,1,1,1.0,7,34129,M,4356790.0,390657.0,34
201300024762,13,6,26,830,1,2,1,1.0,6,34172,M,4360680.0,389695.0,34
201300024763,13,6,26,1320,1,2,1,1.0,2,34172,M,4360000.0,389604.0,34
201300024764,13,6,27,335,5,2,1,1.0,7,34198,M,4355886.0,396013.0,34
201300024765,13,6,21,1540,1,2,1,1.0,2,34172,M,4362485.0,386352.0,34
201300024766,13,6,27,1723,1,2,3,1.0,3,34129,M,4357455.0,392246.0,34
201300024767,13,6,26,1630,1,2,2,1.0,3,34129,M,4357701.0,393310.0,34
201300024768,13,6,28,1715,1,2,1,1.0,2,34172,M,4360736.0,387040.0,34
201300024769,13,6,28,700,1,2,3,1.0,7,34172,M,4361130.0,382879.0,34
201300024770,13,6,29,1515,1,2,1,1.0,6,34172,M,4362376.0,381505.0,34
201300024771,13,6,30,1130,1,1,1,1.0,7,34129,M,4356583.0,391190.0,34
201300024772,13,7,2,1950,1,2,3,8.0,3,34172,M,4361617.0,387921.0,34
201300024773,13,7,2,1600,1,2,3,1.0,3,34172,M,4360380.0,385932.0,34
201300024774,13,7,2,1825,1,2,2,1.0,2,34172,M,4361137.0,382886.0,34
201300024775,13,7,20,1915,1,2,2,1.0,3,34172,M,4361376.0,385843.0,34
201300024776,13,7,3,1530,1,2,1,1.0,2,34172,M,4358969.0,385584.0,34
201300024777,13,7,4,1640,1,2,1,1.0,3,34172,M,4361309.0,384304.0,34
201300024778,13,7,5,1340,1,2,1,1.0,3,34172,M,4361826.0,384457.0,34
201300024779,13,7,21,910,1,2,1,1.0,6,34172,M,4362782.0,385817.0,34
201300024780,13,7,6,1600,1,2,2,1.0,3,34172,M,4362367.0,381744.0,34
201300024781,13,7,6,2345,3,2,1,1.0,7,34172,M,4359308.0,382401.0,34
201300024782,13,7,5,1120,1,2,1,1.0,1,34172,M,4359367.0,385591.0,34
201300024783,13,7,3,1535,1,2,1,1.0,1,34172,M,4363902.0,385226.0,34
201300024784,13,7,10,1350,1,2,1,1.0,2,34172,M,4360675.0,390491.0,34
201300024785,13,7,11,1530,1,2,1,1.0,6,34198,M,4355185.0,396888.0,34
201300024786,13,7,12,1810,1,1,1,1.0,3,34172,M,4359471.0,382022.0,34
201300024787,13,7,13,237,5,2,1,1.0,7,34172,M,4360250.0,390057.0,34
201300024788,13,7,14,5,5,2,1,1.0,7,34172,M,4360176.0,385689.0,34
201300024789,13,7,15,45,5,2,3,1.0,3,34172,M,4358724.0,385856.0,34
201300024790,13,7,18,1950,1,2,1,1.0,6,34172,M,4360711.0,388845.0,34
201300024791,13,7,19,925,1,2,1,1.0,6,34172,M,4359741.0,389287.0,34
201300024792,13,7,22,239,5,2,1,1.0,7,34172,M,4362705.0,387090.0,34
201300024793,13,7,22,1540,1,2,1,1.0,3,34172,M,4361797.0,388212.0,34
201300024794,13,7,24,725,1,2,6,1.0,3,34172,M,4359014.0,385569.0,34
201300024795,13,7,25,1945,1,2,1,1.0,2,34172,M,4357552.0,387116.0,34
201300024796,13,7,27,325,3,2,2,1.0,7,34129,M,4359224.0,391853.0,34
201300024797,13,7,28,130,3,2,1,1.0,7,34129,M,4358227.0,389796.0,34
201300024798,13,7,27,1640,1,2,1,1.0,5,34172,M,4360887.0,384239.0,34
201300024799,13,7,29,2000,1,2,5,1.0,3,34172,M,4361032.0,389043.0,34
201300024800,13,7,31,1850,1,1,1,1.0,3,34198,M,4356111.0,394396.0,34
201300024801,13,7,31,2010,1,2,2,1.0,3,34172,M,4360887.0,389263.0,34
201300024802,13,8,1,825,1,2,9,1.0,3,34172,M,4364467.0,384168.0,34
201300024803,13,8,2,815,1,2,6,1.0,2,34172,M,4361027.0,388665.0,34
201300024804,13,8,2,1245,1,1,1,1.0,3,34129,M,4357100.0,388278.0,34
201300024805,13,8,3,1700,1,2,2,1.0,3,34172,M,4362695.0,386970.0,34
201300024806,13,8,4,220,5,2,2,1.0,3,34172,M,4358911.0,388471.0,34
201300024807,13,8,4,1300,1,2,1,1.0,7,34198,M,4355751.0,396406.0,34
201300024808,13,8,4,2030,1,1,1,1.0,6,34129,M,4357127.0,387375.0,34
201300024809,13,8,5,1423,1,2,2,1.0,7,34172,M,4359464.0,386123.0,34
201300024810,13,8,6,1740,1,2,1,1.0,3,34172,M,4358328.0,385659.0,34
201300024811,13,8,7,1350,1,2,3,1.0,1,34172,M,4361648.0,383372.0,34
201300024812,13,8,8,1410,1,2,1,1.0,2,34172,M,4360911.0,385291.0,34
201300024813,13,8,7,1855,1,2,3,2.0,3,34172,M,4360144.0,387971.0,34
201300024814,13,8,9,1410,1,2,1,1.0,4,34172,M,4360325.0,390949.0,34
201300024815,13,8,9,1510,1,1,1,1.0,6,34129,M,4356346.0,386796.0,34
201300024816,13,8,9,2145,5,2,1,1.0,6,34172,M,4360705.0,388077.0,34
201300024817,13,8,9,2330,5,2,2,1.0,3,34172,M,4359973.0,387553.0,34
201300024818,13,8,10,12,5,2,1,1.0,2,34172,M,4360372.0,386544.0,34
201300024819,13,8,13,1820,1,2,1,1.0,7,34172,M,4363328.0,383321.0,34
201300024820,13,8,16,225,5,2,1,1.0,7,34172,M,4361006.0,390387.0,34
201300024821,13,8,16,1720,1,2,1,1.0,7,34172,M,4362304.0,383317.0,34
201300024822,13,8,19,1800,1,2,3,1.0,2,34172,M,4360327.0,387193.0,34
201300024823,13,8,19,1700,1,2,1,1.0,3,34172,M,4360011.0,386712.0,34
201300024824,13,8,20,220,5,2,1,1.0,2,34172,M,4360875.0,389444.0,34
201300024825,13,8,20,235,5,1,1,1.0,7,34129,M,4357933.0,389818.0,34
201300024826,13,8,20,955,1,2,1,1.0,2,34172,M,4361500.0,382380.0,34
201300024827,13,8,21,1510,1,2,1,1.0,6,34172,M,4360373.0,385978.0,34
201300024828,13,8,21,1035,1,2,3,1.0,3,34172,M,4360874.0,384156.0,34
201300024829,13,8,22,1810,1,1,1,1.0,3,34129,M,4359111.0,390956.0,34
201300024830,13,8,22,1940,1,2,1,1.0,2,34172,M,4360905.0,389022.0,34
201300024831,13,8,26,655,2,2,1,2.0,7,34198,M,4356600.0,395690.0,34
201300024832,13,8,26,1200,1,2,1,1.0,6,34172,M,4360687.0,389126.0,34
201300024833,13,8,27,815,1,2,1,1.0,7,34172,M,4361981.0,384977.0,34
201300024834,13,8,27,1035,1,2,3,1.0,3,34172,M,4361395.0,386857.0,34
201300024835,13,8,27,1420,1,2,2,1.0,3,34172,M,4360361.0,388169.0,34
201300024836,13,8,28,2113,5,2,2,1.0,1,34172,M,4360386.0,389307.0,34
201300024837,13,8,29,835,1,2,1,1.0,6,34172,M,4364466.0,384213.0,34
201300024838,13,8,29,1425,1,2,1,1.0,2,34172,M,4361492.0,382685.0,34
201300024839,13,8,18,645,1,2,1,1.0,3,34172,M,4361136.0,382873.0,34
201300024840,13,8,30,845,1,2,1,1.0,6,34172,M,4362692.0,386948.0,34
201300024841,13,8,30,1635,1,2,1,1.0,6,34172,M,4363048.0,387145.0,34
201300024842,13,9,2,955,1,1,1,1.0,3,34129,M,4357594.0,387500.0,34
201300024843,13,8,31,1800,1,2,3,1.0,3,34172,M,4361941.0,388959.0,34
201300024844,13,9,3,1525,1,2,1,1.0,3,34172,M,4359734.0,0.0,34
201300024845,13,9,4,1300,1,2,3,1.0,3,34172,M,4363150.0,386060.0,34
201300024846,13,9,4,1550,1,2,1,1.0,3,34172,M,4362293.0,388825.0,34
201300024847,13,9,5,1100,1,2,1,1.0,2,34172,M,4358740.0,385843.0,34
201300024848,13,9,6,855,1,2,2,1.0,1,34172,M,4359464.0,386123.0,34
201300024849,13,9,7,120,5,2,1,1.0,2,34172,M,4359375.0,390608.0,34
201300024850,13,9,8,250,5,1,1,1.0,6,34129,M,4357303.0,389438.0,34
201300024851,13,9,9,945,1,2,1,1.0,3,34172,M,4360600.0,387284.0,34
201300024852,13,9,9,1716,1,2,1,1.0,6,34172,M,4360323.0,387479.0,34
201300024853,13,9,10,1110,1,2,1,1.0,2,34172,M,4361203.0,386686.0,34
201300024854,13,9,10,1540,1,2,1,1.0,6,34172,M,4357947.0,387858.0,34
201300024855,13,9,11,800,1,2,1,1.0,3,34172,M,4361840.0,384497.0,34
201300024856,13,9,10,1925,1,2,1,1.0,6,34172,M,4361503.0,389274.0,34
201300024857,13,9,11,2015,5,2,1,1.0,6,34172,M,,,34
201300024858,13,9,12,755,1,2,1,1.0,2,34172,M,4361088.0,383353.0,34
201300024859,13,9,12,1445,1,1,1,1.0,7,34198,M,4357385.0,395294.0,34
201300024860,13,9,13,830,1,2,1,1.0,7,34172,M,4364568.0,385347.0,34
201300024861,13,9,13,1630,1,2,3,1.0,3,34172,M,4361595.0,386281.0,34
201300024862,13,9,13,2120,5,2,3,1.0,3,34172,M,4362755.0,386943.0,34
201300024863,13,9,13,2010,5,2,2,1.0,1,34172,M,4360840.0,390660.0,34
201300024864,13,9,9,1015,1,2,1,1.0,6,34172,M,4360278.0,389129.0,34
201300024865,13,9,14,1415,1,2,3,1.0,6,34172,M,,,34
201300024866,13,9,15,1410,1,2,1,1.0,7,34172,M,4359484.0,386104.0,34
201300024867,13,9,15,1448,1,2,1,1.0,7,34172,M,4362481.0,382667.0,34
201300024868,13,9,15,1800,1,2,3,1.0,1,34172,M,,,34
201300024869,13,9,16,1320,1,2,2,1.0,2,34172,M,4361787.0,384275.0,34
201300024870,13,9,18,1215,1,1,2,1.0,3,34129,M,4359096.0,390863.0,34
201300024871,13,9,19,1755,1,2,2,1.0,3,34172,M,4360555.0,388832.0,34
201300024872,13,9,19,1917,1,2,2,1.0,7,34172,M,4362683.0,386945.0,34
201300024873,13,9,20,720,1,2,1,1.0,3,34172,M,4363719.0,384537.0,34
201300024874,13,9,20,915,1,2,1,1.0,3,34172,M,4361556.0,386349.0,34
201300024875,13,9,20,1149,1,2,3,1.0,3,34172,M,4359094.0,385479.0,34
201300024876,13,9,20,1535,1,2,1,1.0,6,34172,M,4361769.0,386023.0,34
201300024877,13,9,21,1500,1,2,6,1.0,3,34172,M,4362698.0,381997.0,34
201300024878,13,9,22,455,3,2,1,1.0,6,34172,M,4364245.0,384552.0,34
201300024879,13,9,23,345,5,2,1,1.0,7,34172,M,4359496.0,390564.0,34
201300024880,13,9,23,1440,1,2,1,1.0,6,34172,M,4361464.0,382607.0,34
201300024881,13,9,24,815,1,1,1,8.0,7,34172,M,4359989.0,381998.0,34
201300024882,13,9,24,1310,1,2,1,8.0,2,34172,M,4359880.0,390258.0,34
201300024883,13,9,27,1,5,2,3,1.0,3,34172,M,4360844.0,387374.0,34
201300024884,13,9,28,1925,2,2,3,8.0,6,34172,M,4361597.0,388071.0,34
201300024885,13,9,29,1340,1,2,1,8.0,6,34172,M,4361081.0,387574.0,34