Num_Acc,an,mois,jour,hrmn,lum,agg,int,atm,col,com,gps,lat,long,dep
201300024886,13,9,30,845,1,2,3,1.0,3,34172,M,4361256.0,389517.0,34
201300024887,13,9,30,910,1,2,1,7.0,6,34172,M,4362703.0,387174.0,34
201300024888,13,10,1,815,1,2,1,1.0,6,34172,M,4363448.0,387349.0,34
201300024889,13,9,30,1850,1,2,2,1.0,1,34172,M,4359691.0,387769.0,34
201300024890,13,10,1,1550,1,2,4,1.0,3,34172,M,4363212.0,386028.0,34
201300024891,13,10,1,1615,1,2,6,1.0,2,34172,M,4364042.0,387747.0,34
201300024892,13,10,2,945,1,2,1,1.0,3,34129,M,4358432.0,392675.0,34
201300024893,13,10,4,1550,1,2,3,3.0,1,34172,M,4364299.0,383840.0,34
201300024894,13,10,4,1802,3,2,1,3.0,3,34172,M,4359989.0,381998.0,34
201300024895,13,10,5,2315,5,2,2,1.0,7,34172,M,4359265.0,385260.0,34
201300024896,13,10,6,750,1,1,2,1.0,3,34129,M,4358761.0,391752.0,34
201300024897,13,10,6,1100,1,2,1,1.0,6,34172,M,4361122.0,388067.0,34
201300024898,13,10,6,1240,1,1,6,1.0,3,34172,M,4360580.0,389940.0,34
201300024899,13,10,7,820,1,2,3,1.0,3,34172,M,4361998.0,384209.0,34
201300024900,13,10,7,1705,1,2,3,1.0,3,34172,M,4362539.0,387108.0,34
201300024901,13,10,8,1620,1,2,1,1.0,3,34172,M,4359301.0,388971.0,34
201300024902,13,10,8,2015,4,2,1,1.0,6,34172,M,4360922.0,383987.0,34
201300024903,13,10,9,1410,1,2,1,1.0,3,34172,M,4360724.0,383839.0,34
201300024904,13,10,10,1930,3,2,1,1.0,3,34172,M,4360433.0,386518.0,34
201300024905,13,10,11,1255,1,2,3,1.0,3,34172,M,4362150.0,386843.0,34
201300024906,13,10,12,1315,1,2,3,1.0,2,34172,M,4360007.0,384417.0,34
201300024907,13,10,12,1422,1,2,3,1.0,3,34172,M,4359418.0,387929.0,34
201300024908,13,10,12,1700,1,2,1,8.0,3,34172,M,4363314.0,382469.0,34
201300024909,13,10,12,1940,5,2,1,8.0,3,34172,M,4360363.0,386553.0,34
201300024910,13,10,13,1715,1,2,1,1.0,2,34172,M,4360475.0,385916.0,34
201300024911,13,10,14,700,5,2,1,1.0,7,34172,M,4363071.0,384175.0,34
201300024912,13,10,14,700,5,2,1,1.0,7,34172,M,4363071.0,384175.0,34
201300024913,13,10,14,1745,1,2,1,1.0,3,34172,M,4360253.0,386664.0,34
201300024914,13,10,14,1830,1,2,3,1.0,3,34172,M,4360376.0,385928.0,34
201300024915,13,10,15,814,1,2,3,8.0,3,34172,M,4360381.0,389300.0,34
201300024916,13,10,16,115,5,2,6,1.0,6,34172,M,4364445.0,384190.0,34
201300024917,13,10,16,1445,1,2,3,1.0,7,34172,M,4359697.0,387757.0,34
201300024918,13,10,16,1830,2,2,1,1.0,6,34172,M,4361574.0,383867.0,34
201300024919,13,10,17,10,3,1,1,1.0,7,34129,M,4356012.0,392347.0,34
201300024920,13,10,17,1800,1,2,1,1.0,3,34172,M,4361069.0,391237.0,34
201300024921,13,10,18,530,5,2,1,1.0,5,34172,M,4359866.0,387274.0,34
201300024922,13,10,18,905,1,2,1,1.0,6,34172,M,4360671.0,387787.0,34
201300024923,13,10,18,1130,1,2,3,1.0,3,34172,M,4358677.0,386869.0,34
201300024924,13,10,18,1615,1,2,1,8.0,7,34129,M,4358276.0,392578.0,34
201300024925,13,10,18,1615,1,2,6,1.0,7,34172,M,4363166.0,384185.0,34
201300024926,13,10,18,1735,1,2,1,1.0,6,34172,M,,,34
201300024927,13,10,20,1855,5,2,1,1.0,2,34172,M,4361138.0,382884.0,34
201300024928,13,10,20,1855,2,2,1,1.0,3,34172,M,4360780.0,387459.0,34
201300024929,13,10,22,1215,1,2,1,8.0,2,34172,M,4360163.0,387393.0,34
201300024930,13,10,23,715,5,2,1,8.0,7,34172,M,,,34
201300024931,13,10,24,1725,1,2,1,8.0,3,34172,M,,,34
201300024932,13,10,28,1030,1,2,2,1.0,3,34172,M,,,34
201300024933,13,11,6,838,1,2,1,1.0,3,34172,M,4361787.0,386644.0,34
201300024934,13,10,30,1315,1,2,2,1.0,3,34172,M,4360151.0,386873.0,34
201300024935,13,10,30,1820,5,2,1,1.0,1,34198,M,4356026.0,395634.0,34
201300024936,13,10,31,2225,5,2,2,1.0,3,34172,M,,,34
201300024937,13,10,31,2350,5,2,6,1.0,3,34172,M,,,34
201300024938,13,11,6,1038,1,2,3,1.0,3,34172,M,4361113.0,383037.0,34
201300024939,13,11,6,1555,1,2,1,1.0,7,34172,M,,,34
201300024940,13,11,8,840,1,2,1,8.0,2,34172,M,4359658.0,384490.0,34
201300024941,13,11,8,910,1,2,3,8.0,3,34198,M,4359545.0,384070.0,34
201300024942,13,11,8,1010,1,2,1,8.0,7,34172,M,4358964.0,385671.0,34
201300024943,13,11,8,1540,1,2,1,8.0,6,34172,M,4360911.0,388808.0,34
201300024944,13,11,10,1015,1,2,1,1.0,2,34172,M,,,34
201300024945,13,11,10,1615,1,2,3,8.0,2,34172,M,4363521.0,384463.0,34
201300024946,13,11,10,2020,5,2,3,6.0,3,34172,M,4360591.0,389407.0,34
201300024947,13,11,12,1415,1,2,1,1.0,3,34172,M,4360429.0,391266.0,34
201300024948,13,11,12,1355,1,2,1,1.0,3,34172,M,4359201.0,385834.0,34
201300024949,13,11,12,1422,1,2,1,1.0,3,34172,M,4363159.0,384267.0,34
201300024950,13,11,12,1820,5,2,1,1.0,3,34172,M,4360526.0,386489.0,34
201300024951,13,11,13,1610,1,2,9,1.0,2,34172,M,4360946.0,383915.0,34
201300024952,13,11,13,1715,1,2,1,1.0,6,34172,M,4360150.0,385176.0,34
201300024953,13,11,16,620,3,2,1,1.0,6,34172,M,4358654.0,385269.0,34
201300024954,13,11,16,900,1,2,1,2.0,6,34172,M,4362952.0,382236.0,34
201300024955,13,11,16,1245,1,2,2,8.0,3,34172,M,4362612.0,387728.0,34
201300024956,13,11,18,745,1,2,1,2.0,3,34172,M,4361711.0,383685.0,34
201300024957,13,11,18,1335,1,2,1,3.0,2,34172,M,4359483.0,387768.0,34
201300024958,13,11,18,1300,1,2,1,3.0,7,34172,M,4364517.0,386861.0,34
201300024959,13,11,19,2200,4,2,1,2.0,1,34172,M,4360758.0,382116.0,34
201300024960,13,11,20,1550,1,2,1,8.0,6,34172,M,4357854.0,387512.0,34
201300024961,13,11,20,1955,5,2,2,1.0,3,34172,M,4360468.0,388313.0,34
201300024962,13,11,21,1750,5,2,3,1.0,3,34172,M,4363606.0,384450.0,34
201300024963,13,11,21,2025,5,2,2,1.0,3,34172,M,4360865.0,384157.0,34
201300024964,13,11,22,1700,5,2,1,8.0,6,34172,M,4363264.0,383449.0,34
201300024965,13,11,23,1045,1,2,1,1.0,3,34172,M,4361922.0,386413.0,34
201300024966,13,11,25,955,1,2,3,1.0,2,34172,M,4362086.0,385807.0,34
201300024967,13,11,25,2030,5,2,1,1.0,3,34172,M,4361746.0,389317.0,34
201300024968,13,11,26,835,1,1,1,1.0,1,34129,M,4358145.0,389742.0,34
201300024969,13,11,26,1850,3,2,2,1.0,3,34172,M,4360149.0,386874.0,34
201300024970,13,11,27,1755,5,2,1,1.0,6,34172,M,4358975.0,385479.0,34
201300024971,13,11,28,1010,1,2,1,1.0,2,34172,M,,,34
201300024972,13,11,28,1245,1,2,2,1.0,3,34172,M,4360530.0,387937.0,34
201300024973,13,11,28,2220,5,2,1,1.0,1,34172,M,4363088.0,382219.0,34
201300024974,13,11,29,1925,5,2,1,1.0,2,34172,M,4359832.0,387338.0,34
201300024975,13,11,29,2245,5,2,1,1.0,2,34172,M,4361178.0,382555.0,34
201300024976,13,12,1,55,5,2,3,1.0,3,34172,M,4362684.0,388968.0,34
201300024977,13,12,1,615,5,2,1,1.0,7,34172,M,4359113.0,389014.0,34
201300024978,13,12,1,1125,1,2,1,1.0,7,34172,M,4362228.0,384571.0,34
201300024979,13,12,2,2345,5,2,2,1.0,3,34172,M,4362402.0,386211.0,34
201300024980,13,12,3,1755,5,2,3,1.0,7,34172,M,4361767.0,384339.0,34
201300024981,13,12,4,840,1,2,3,1.0,3,34172,M,,,34
201300024982,13,12,4,1400,1,2,1,1.0,6,34172,M,4361128.0,384708.0,34
201300024983,13,12,4,1510,1,2,1,1.0,3,34172,M,4361502.0,386404.0,34
201300024984,13,12,5,1220,1,2,3,1.0,2,34172,M,4362020.0,381786.0,34
201300024985,13,12,5,1915,5,2,1,1.0,3,34172,M,4360206.0,385468.0,34
201300024986,13,12,5,2215,5,2,4,1.0,1,34172,M,4360876.0,384150.0,34
201300024987,13,12,7,105,5,2,1,1.0,7,34172,M,4360908.0,389861.0,34
201300024988,13,12,9,1825,5,2,1,1.0,2,34172,M,4364331.0,384444.0,34
201300024989,13,12,10,650,5,2,1,1.0,6,34172,M,,,34
201300024990,13,12,10,1315,1,2,3,1.0,3,34172,M,4559300.0,385946.0,34
201300024991,13,12,10,1430,1,2,1,1.0,3,34172,M,4361506.0,388235.0,34
201300024992,13,12,10,1800,5,2,1,1.0,6,34172,M,4360564.0,386139.0,34
201300024993,13,12,11,1120,1,2,3,1.0,3,34172,M,4362573.0,381297.0,34
201300024994,13,12,12,1125,1,1,1,1.0,2,34198,M,4356479.0,395797.0,34
201300024995,13,12,12,1915,5,2,1,1.0,3,34172,M,,,34
201300024996,13,12,13,1610,1,2,1,7.0,6,34129,M,4357772.0,390439.0,34
201300024997,13,12,13,1745,5,2,1,8.0,3,34172,M,4357984.0,386912.0,34
201300024998,13,12,12,1705,3,2,1,1.0,3,34172,M,4360608.0,382038.0,34
201300024999,13,12,14,1400,1,2,1,1.0,1,34172,M,4363608.0,382254.0,34
201300025000,13,12,14,1850,3,2,1,1.0,6,34129,M,4358590.0,392170.0,34
201300025001,13,12,14,2140,5,2,2,1.0,7,34172,M,4359782.0,384060.0,34
201300025002,13,12,15,1335,1,2,3,1.0,7,34172,M,4360133.0,387962.0,34
201300025003,13,12,15,1900,5,2,1,1.0,4,34172,M,4359950.0,387109.0,34
201300025004,13,12,16,1510,1,2,1,8.0,5,34172,M,4360339.0,389049.0,34
201300025005,13,12,18,800,2,2,1,2.0,3,34172,M,4360087.0,389762.0,34
201300025006,13,12,18,755,1,2,2,2.0,1,34172,M,4360418.0,385835.0,34
201300025007,13,12,19,1405,1,2,1,2.0,2,34172,M,4361235.0,388926.0,34
201300025008,13,12,19,1458,1,2,1,2.0,6,34172,M,4361070.0,388300.0,34
201300025009,13,12,19,1940,5,2,1,8.0,7,34172,M,4363634.0,381695.0,34
201300025010,13,12,20,1125,1,2,1,1.0,3,34172,M,4362805.0,384622.0,34
201300025011,13,12,20,1805,5,2,1,8.0,6,34172,M,4361944.0,386949.0,34
201300025012,13,12,20,1810,5,2,1,1.0,3,34172,M,4361059.0,386390.0,34
201300025013,13,12,22,1350,1,2,1,8.0,6,34172,M,4362667.0,381380.0,34
201300025014,13,12,26,1326,1,2,1,1.0,3,34129,M,4358363.0,392598.0,34
201300025015,13,12,26,1645,1,2,1,1.0,3,34172,M,4359691.0,387771.0,34
201300025016,13,12,27,1245,1,2,6,1.0,2,34172,M,4361822.0,391352.0,34
201300025017,13,12,27,1550,1,2,1,1.0,4,34172,M,4358869.0,388626.0,34
201300025018,13,12,27,1345,1,2,1,1.0,3,34172,M,4361360.0,388092.0,34
201300025019,13,12,27,1620,1,2,3,1.0,3,34172,M,4360647.0,386967.0,34
201300025020,13,12,31,1920,5,2,1,1.0,3,34172,M,4360872.0,384143.0,34
201300025021,13,12,31,2335,5,2,1,1.0,6,34172,M,4360906.0,389003.0,34
201300025022,13,1,4,1620,1,2,1,7.0,6,34301,M,4340174.0,366209.0,34
201300025023,13,1,25,1215,1,1,9,1.0,3,34108,M,4345537.0,381092.0,34
201300025024,13,2,26,2000,5,2,1,1.0,6,34301,M,4340866.0,370266.0,34
201300025025,13,2,22,1715,1,2,1,1.0,6,34108,M,4344687.0,375381.0,34
201300025026,13,2,27,1900,2,2,1,1.0,3,34108,M,4342677.0,372789.0,34
201300025027,13,2,28,1705,1,2,2,1.0,3,34301,M,4341053.0,367768.0,34
201300025028,13,3,11,1435,1,2,1,1.0,2,34301,M,4341100.0,367891.0,34
201300025029,13,3,13,1245,1,2,1,1.0,3,34108,M,4343189.0,372362.0,34
201300025030,13,4,8,1200,1,1,1,1.0,1,34301,M,4333836.0,358012.0,34
201300025031,13,4,13,1715,1,2,1,1.0,1,34108,M,4343568.0,376612.0,34
201300025032,13,4,17,915,1,2,9,1.0,2,34108,M,4342127.0,372387.0,34
201300025033,13,4,22,2235,5,2,1,1.0,1,34301,M,4341209.0,366420.0,34
201300025034,13,4,23,703,1,2,2,1.0,3,34301,M,4340690.0,369671.0,34
201300025035,13,5,1,10,3,1,1,1.0,1,34108,M,4343560.0,370120.0,34
201300025036,13,5,8,2115,5,2,1,2.0,4,34301,M,4341351.0,369446.0,34
201300025037,13,5,13,1130,1,2,1,1.0,2,34301,M,4340716.0,370094.0,34
201300025038,13,6,7,2305,5,2,1,1.0,5,34301,M,,,34
201300025039,13,6,14,1410,1,2,1,1.0,2,34301,M,4339416.0,366701.0,34
201300025040,13,6,26,1300,1,1,1,1.0,1,34108,M,4345748.0,376846.0,34
201300025041,13,7,9,1005,1,2,3,1.0,3,34301,M,,,34
201300025042,13,7,11,1650,1,2,1,1.0,2,34301,M,,,34
201300025043,13,7,17,2105,2,2,1,1.0,2,34301,M,4339279.0,369128.0,34
201300025044,13,7,24,2345,5,2,1,1.0,3,34108,M,,,34
201300025045,13,7,25,2005,1,2,1,1.0,3,34108,M,,,34
201300025046,13,8,1,1935,1,2,3,1.0,3,34301,M,,,34
201300025047,13,8,5,1200,1,2,1,1.0,3,34301,M,,,34
201300025048,13,8,11,222,5,2,1,1.0,6,34108,M,,,34
201300025049,13,8,27,20,3,1,1,1.0,7,34301,M,,,34
201300025050,13,9,21,1935,2,1,1,1.0,1,34301,M,,,34
201300025051,13,9,27,750,1,1,1,2.0,1,34108,M,,,34
201300025052,13,9,29,1910,2,2,1,1.0,1,34301,M,,,34
201300025053,13,10,12,145,3,1,3,1.0,5,34301,M,,,34
201300025054,13,10,19,2110,5,2,1,1.0,3,34108,M,,,34
201300025055,13,10,23,1530,1,2,1,1.0,3,34301,M,,,34
201300025056,13,10,28,1530,1,2,1,1.0,6,34301,M,,,34
201300025057,13,10,29,1740,3,2,3,1.0,3,34108,M,,,34
201300025058,13,11,9,30,5,2,3,1.0,6,34301,M,,,34
201300025059,13,11,27,1720,2,2,1,1.0,6,34301,M,,,34
201300025060,13,12,27,2125,5,2,6,1.0,3,34301,M,4340477.0,370098.0,34
201300025061,13,12,24,1745,5,2,1,1.0,6,34301,M,4341166.0,369251.0,34
201300025062,13,1,5,600,3,1,1,8.0,1,35150,M,,,35
201300025063,13,2,8,2132,5,2,3,1.0,3,35115,M,4836562.0,-118437.0,35
201300025064,13,2,19,1650,1,2,1,1.0,1,35115,M,,,35
201300025065,13,2,7,1435,1,2,1,1.0,6,35115,M,4835197.0,-119644.0,35
201300025066,13,6,10,1420,1,2,3,1.0,3,35115,M,4836088.0,-119081.0,35
201300025067,13,7,4,1600,1,2,6,1.0,2,35115,M,4835488.0,-119863.0,35
201300025068,13,8,31,2025,2,2,2,1.0,3,35115,M,4835096.0,-119260.0,35
201300025069,13,11,9,1230,1,2,2,2.0,3,35115,M,4835101.0,-118935.0,35
201300025070,13,12,12,1740,5,2,1,1.0,3,35115,M,,,35
201300025071,13,12,19,1045,1,2,1,1.0,6,35115,M,,,35
201300025072,13,12,19,1740,5,2,1,1.0,6,35115,M,4836588.0,-118532.0,35
201300025073,13,3,18,1910,2,2,1,8.0,6,35115,M,4835354.0,-119643.0,35
201300025074,13,1,1,530,5,2,3,2.0,6,35238,M,4812940.0,-164393.0,35
201300025075,13,1,1,905,1,2,3,1.0,1,35281,M,4809609.0,-169341.0,35
201300025076,13,1,6,2010,5,2,1,1.0,6,35238,M,4812500.0,-166684.0,35
201300025077,13,1,8,945,1,2,1,1.0,4,35278,M,,,35
201300025078,13,1,9,1950,3,2,1,2.0,7,35278,M,4814060.0,-168947.0,35
201300025079,13,1,10,1520,1,2,1,2.0,7,35281,M,,,35
201300025080,13,1,11,1325,1,2,6,1.0,6,35281,M,4807809.0,-171265.0,35
201300025081,13,1,12,410,5,2,2,2.0,6,35238,M,4812850.0,-166419.0,35
201300025082,13,1,12,920,1,2,1,1.0,1,35281,M,4808987.0,-169541.0,35
201300025083,13,1,12,1755,2,2,1,8.0,6,35238,M,4808180.0,-168228.0,35
201300025084,13,1,13,2325,5,2,1,1.0,6,35238,M,4811270.0,-169269.0,35
201300025085,13,1,14,1605,1,2,1,2.0,6,35238,M,4812590.0,-163180.0,35
201300025086,13,1,14,1715,1,2,1,3.0,6,35238,M,4810830.0,-166579.0,35
201300025087,13,1,16,750,5,2,6,8.0,3,35281,M,4807395.0,-171241.0,35
201300025088,13,1,16,1355,1,2,2,1.0,6,35238,M,4810940.0,-167394.0,35
201300025089,13,1,16,1800,5,2,1,1.0,6,35238,M,4812200.0,-171224.0,35
201300025090,13,1,16,2350,5,2,5,1.0,2,35238,M,4810240.0,-171513.0,35
201300025091,13,1,17,1030,1,2,2,1.0,2,35238,M,4809850.0,-169837.0,35
201300025092,13,1,20,2350,3,2,6,1.0,7,35238,M,4814230.0,-166241.0,35
201300025093,13,1,21,1155,1,2,2,2.0,6,35238,M,4810570.0,-167398.0,35
201300025094,13,1,22,1000,1,2,1,3.0,6,35238,M,4811230.0,-168350.0,35
201300025095,13,1,23,1400,1,2,1,8.0,1,35238,M,4811300.0,-167934.0,35
201300025096,13,1,23,1930,5,2,1,1.0,4,35238,M,4810530.0,-170530.0,35
201300025097,13,1,24,1635,1,2,1,1.0,3,35281,M,4807785.0,-173273.0,35
201300025098,13,1,25,1315,1,2,7,1.0,6,35278,M,4815187.0,-168375.0,35
201300025099,13,1,25,2240,5,2,1,4.0,6,35238,M,4813140.0,-167249.0,35
201300025100,13,1,25,1925,5,2,1,8.0,2,35238,M,4811620.0,-166296.0,35
201300025101,13,1,26,1650,1,2,3,1.0,2,35238,M,4810670.0,-172960.0,35
201300025102,13,1,29,745,2,2,1,1.0,7,35238,M,4813190.0,-168345.0,35
201300025103,13,1,29,825,1,2,1,2.0,2,35238,M,4811530.0,-171935.0,35
201300025104,13,1,29,1420,1,2,1,2.0,3,35238,M,4807990.0,-168322.0,35
201300025105,13,1,30,635,5,2,2,2.0,3,35238,M,4810000.0,-168662.0,35
201300025106,13,1,31,510,5,2,5,1.0,4,35238,M,4810553.0,-166579.0,35
201300025107,13,1,31,1600,1,2,1,8.0,6,35238,M,4808660.0,-167117.0,35
201300025108,13,2,1,1720,4,2,1,2.0,2,35238,M,4812170.0,-171972.0,35
201300025109,13,2,1,1825,3,2,6,1.0,4,35238,M,4814160.0,-166381.0,35
201300025110,13,2,1,2150,3,1,9,1.0,6,35055,M,4809266.0,-162584.0,35
201300025111,13,2,3,630,3,2,1,1.0,1,35206,M,4807950.0,-169541.0,35
201300025112,13,2,4,1630,1,2,6,1.0,3,35238,M,4812230.0,-163872.0,35
201300025113,13,2,5,825,1,2,6,3.0,6,35238,M,4812150.0,-170389.0,35
201300025114,13,2,5,1340,1,2,1,1.0,7,35278,M,4814057.0,-168953.0,35
201300025115,13,2,5,1450,1,2,1,1.0,6,35238,M,4808790.0,-165408.0,35
201300025116,13,2,5,1550,1,2,1,1.0,7,35238,M,4811980.0,-168341.0,35
201300025117,13,2,5,1735,1,2,1,1.0,6,35238,M,4811360.0,-167592.0,35
201300025118,13,2,8,655,3,2,2,1.0,3,35281,M,,,35
201300025119,13,2,8,920,1,2,2,1.0,6,35238,M,4810350.0,-166268.0,35
201300025120,13,2,8,1026,1,1,1,1.0,2,35055,M,4807362.0,-157704.0,35
201300025121,13,2,8,1853,5,2,6,2.0,3,35238,M,4809140.0,-165841.0,35
201300025122,13,2,9,345,5,2,2,2.0,3,35238,M,4811450.0,-170010.0,35
201300025123,13,2,11,1740,1,2,1,7.0,3,35238,M,4809640.0,-166013.0,35
201300025124,13,2,12,925,1,2,2,1.0,3,35238,M,4809380.0,-167446.0,35
201300025125,13,2,12,1700,1,2,6,1.0,3,35238,M,4809680.0,-163532.0,35
201300025126,13,2,13,900,1,2,2,1.0,3,35238,M,4811570.0,-164844.0,35
201300025127,13,2,14,120,5,2,2,2.0,6,35238,M,4810180.0,-168433.0,35
201300025128,13,2,14,805,2,2,6,1.0,2,35051,M,4814010.0,-162734.0,35
201300025129,13,2,14,825,2,2,1,2.0,6,35238,M,4810580.0,-168259.0,35
201300025130,13,2,14,1210,1,2,1,1.0,6,35238,M,4812010.0,-163175.0,35
201300025131,13,2,15,1500,1,2,2,1.0,4,35278,M,4815750.0,-168759.0,35
201300025132,13,2,15,1810,1,2,1,8.0,6,35238,M,4809570.0,-162633.0,35
201300025133,13,2,15,2015,3,2,1,1.0,2,35238,M,4809800.0,-171368.0,35
201300025134,13,2,17,315,5,2,3,1.0,2,35238,M,4811000.0,-165460.0,35
201300025135,13,2,18,840,1,2,4,1.0,3,35055,M,,,35
201300025136,13,2,18,1620,1,2,3,1.0,6,35238,M,4810740.0,-167547.0,35
201300025137,13,2,19,740,1,2,1,1.0,7,35238,M,4813030.0,-164033.0,35
201300025138,13,2,19,1340,1,2,1,1.0,2,35238,M,4812220.0,-165693.0,35
201300025139,13,2,21,830,1,2,4,1.0,3,35238,M,4811240.0,-167327.0,35
201300025140,13,2,22,1145,1,2,6,1.0,1,35238,M,4810500.0,-170879.0,35
201300025141,13,2,22,1630,1,2,3,1.0,3,35238,M,4812830.0,-164229.0,35
201300025142,13,2,22,1920,5,2,1,1.0,4,35238,M,4810490.0,-171696.0,35
201300025143,13,2,23,50,5,2,2,1.0,6,35238,M,4810790.0,-167353.0,35
201300025144,13,2,23,1030,1,2,2,8.0,3,35238,M,4808820.0,-165745.0,35
201300025145,13,2,25,220,5,2,3,1.0,6,35238,M,4809920.0,-165274.0,35
201300025146,13,2,26,1753,1,2,1,1.0,7,35238,M,4810710.0,-167115.0,35
201300025147,13,2,27,2000,5,2,3,1.0,2,35238,M,4810670.0,-165089.0,35
201300025148,13,3,2,1515,1,2,1,8.0,6,35238,M,4812663.0,-165871.0,35
201300025149,13,3,2,1720,1,2,1,8.0,7,35278,M,,,35
201300025150,13,3,3,2120,5,2,2,1.0,3,35238,M,4811717.0,-168083.0,35
201300025151,13,3,4,1740,1,2,1,1.0,7,35238,M,,,35
201300025152,13,3,6,2000,5,2,2,1.0,7,35238,M,4811831.0,-167061.0,35
201300025153,13,3,7,55,5,2,3,2.0,3,35238,M,4810748.0,-167342.0,35
201300025154,13,3,7,845,1,2,3,2.0,3,35238,M,4811126.0,-168672.0,35
201300025155,13,3,9,1610,1,2,2,1.0,5,35238,M,4810972.0,-167395.0,35
201300025156,13,3,12,1350,1,2,3,8.0,2,35281,M,4806738.0,-171443.0,35
201300025157,13,3,12,1700,1,2,1,4.0,6,35238,M,4811297.0,-169507.0,35
201300025158,13,3,13,835,1,2,2,8.0,6,35238,M,4810170.0,-167639.0,35
201300025159,13,3,14,1320,1,2,1,1.0,6,35238,M,4811308.0,-165649.0,35
201300025160,13,3,14,2100,5,2,3,1.0,3,35238,M,4810522.0,-170409.0,35
201300025161,13,3,15,2110,3,2,1,2.0,7,35281,M,,,35
201300025162,13,3,17,1940,1,2,1,1.0,3,35238,M,,,35
201300025163,13,3,18,1310,1,2,7,2.0,2,35238,M,4811018.0,-168416.0,35
201300025164,13,3,18,1740,1,2,3,1.0,3,35238,M,4811503.0,-166196.0,35
201300025165,13,3,19,1010,1,2,3,1.0,3,35238,M,4811242.0,-167345.0,35
201300025166,13,3,19,2315,5,2,3,1.0,3,35238,M,4810619.0,-166730.0,35
201300025167,13,3,21,805,1,2,1,8.0,6,35238,M,,,35
201300025168,13,3,23,1420,1,2,1,1.0,7,35238,M,,,35
201300025169,13,3,23,2105,5,2,1,1.0,7,35238,M,4810472.0,-166562.0,35
201300025170,13,3,24,1535,1,2,2,1.0,3,35238,M,4812709.0,-168651.0,35
201300025171,13,3,24,1140,1,2,1,1.0,3,35238,M,,,35
201300025172,13,3,26,1850,1,2,3,1.0,6,35238,M,4810138.0,-165390.0,35
201300025173,13,3,28,1415,1,2,3,1.0,2,35238,M,4811328.0,-169620.0,35
201300025174,13,3,30,2250,5,2,1,1.0,6,35238,M,4812318.0,-171433.0,35
201300025175,13,3,31,2110,1,2,2,1.0,3,35238,M,4812057.0,-168184.0,35
201300025176,13,4,5,830,1,2,1,2.0,6,35238,M,4811900.0,-169218.0,35
201300025177,13,4,5,1920,1,2,1,2.0,4,35238,M,4808130.0,-169722.0,35
201300025178,13,4,6,1630,1,2,1,1.0,6,35238,M,4810200.0,-169460.0,35
201300025179,13,4,7,1520,1,2,3,1.0,7,35238,M,4809770.0,-167801.0,35
201300025180,13,4,8,1520,1,2,3,2.0,6,35238,M,4809330.0,-168190.0,35
201300025181,13,4,9,750,1,2,1,2.0,3,35238,M,4809720.0,-168987.0,35
201300025182,13,4,9,1800,1,2,1,1.0,6,35238,M,4810930.0,-167817.0,35
201300025183,13,4,11,1335,1,2,1,8.0,1,35278,M,4813705.0,-169304.0,35
201300025184,13,4,11,1835,1,2,1,1.0,6,35238,M,4811400.0,-163602.0,35
201300025185,13,4,14,1045,1,2,3,1.0,2,35238,M,4809920.0,-165274.0,35
201300025186,13,4,15,2140,3,2,1,1.0,3,35238,M,4809840.0,-171383.0,35
201300025187,13,4,16,715,1,2,6,1.0,3,35238,M,4813660.0,-166704.0,35
201300025188,13,4,17,1230,1,2,1,7.0,7,35238,M,4811080.0,-164996.0,35
201300025189,13,4,18,1745,1,2,1,1.0,6,35238,M,4812760.0,-165323.0,35
201300025190,13,4,19,840,1,2,6,1.0,3,35281,M,4808660.0,-170745.0,35
201300025191,13,4,19,2015,1,2,3,1.0,3,35238,M,4810240.0,-172534.0,35
201300025192,13,4,20,230,5,2,1,1.0,6,35238,M,4811110.0,-169155.0,35
201300025193,13,4,20,1815,1,2,2,7.0,6,35238,M,4812790.0,-168342.0,35
201300025194,13,4,20,1815,1,2,1,1.0,6,35238,M,4808133.0,-165775.0,35
201300025195,13,4,24,855,1,2,2,1.0,7,35238,M,4811230.0,-168725.0,35
201300025196,13,4,24,1510,1,2,1,1.0,3,35238,M,4810900.0,-168455.0,35
201300025197,13,4,24,1550,1,2,3,1.0,1,35238,M,4810250.0,-167885.0,35