Num_Acc,an,mois,jour,hrmn,lum,agg,int,atm,col,com,gps,lat,long,dep
201300025198,13,4,26,1240,1,2,1,1.0,3,35238,M,4810010.0,-166472.0,35
201300025199,13,4,26,2255,5,2,2,1.0,3,35238,M,4808370.0,-167516.0,35
201300025200,13,4,28,238,5,2,1,1.0,6,35238,M,4811400.0,-163835.0,35
201300025201,13,4,28,1005,1,2,1,1.0,3,35238,M,4809530.0,-166787.0,35
201300025202,13,4,28,1745,1,2,3,1.0,4,35238,M,4810700.0,-172603.0,35
201300025203,13,4,30,545,3,2,4,1.0,3,35238,M,4810940.0,-171783.0,35
201300025204,13,4,30,1300,1,2,3,1.0,2,35238,M,4810220.0,-164949.0,35
201300025205,13,5,7,835,1,2,6,1.0,7,35281,M,4808655.0,-170737.0,35
201300025206,13,5,8,1650,1,2,1,1.0,3,35238,M,4810980.0,-166893.0,35
201300025207,13,5,8,1740,1,2,1,1.0,2,35238,M,4808450.0,-167511.0,35
201300025208,13,5,13,1745,1,2,3,1.0,1,35238,M,4810050.0,-166486.0,35
201300025209,13,5,14,2320,3,2,1,2.0,6,35278,M,4813857.0,-170042.0,35
201300025210,13,5,15,815,1,2,1,1.0,6,35238,M,4808470.0,-165907.0,35
201300025211,13,5,15,1005,1,2,1,1.0,4,35238,M,4811635.0,-170874.0,35
201300025212,13,5,17,1535,1,2,5,1.0,2,35238,M,4810970.0,-168459.0,35
201300025213,13,5,17,1645,1,2,1,1.0,6,35238,M,4812030.0,-168125.0,35
201300025214,13,5,17,2000,1,2,3,1.0,3,35238,M,4810610.0,-166727.0,35
201300025215,13,5,18,955,1,2,5,1.0,3,35238,M,4810180.0,-168441.0,35
201300025216,13,5,18,1130,1,2,3,1.0,2,35238,M,4813060.0,-168448.0,35
201300025217,13,5,21,925,1,2,3,1.0,6,35238,M,4811330.0,-169625.0,35
201300025218,13,5,23,805,1,2,3,7.0,3,35238,M,4811130.0,-171316.0,35
201300025219,13,5,25,1800,1,2,3,1.0,3,35238,M,4810970.0,-168914.0,35
201300025220,13,5,26,1210,1,2,3,1.0,2,35238,M,4810000.0,-168662.0,35
201300025221,13,5,28,815,1,2,3,2.0,3,35238,M,4811940.0,-164838.0,35
201300025222,13,5,29,845,1,2,1,1.0,3,35238,M,4810260.0,-167803.0,35
201300025223,13,6,1,650,1,2,1,1.0,6,35238,M,4810171.0,-165944.0,35
201300025224,13,6,1,2100,4,2,2,1.0,3,35238,M,4810180.0,-168441.0,35
201300025225,13,6,2,1610,1,2,1,1.0,6,35278,M,4815205.0,-168403.0,35
201300025226,13,6,3,745,1,2,6,1.0,6,35238,M,4809400.0,-164574.0,35
201300025227,13,6,3,1405,1,2,9,1.0,7,35278,M,4813516.0,-168918.0,35
201300025228,13,6,4,15,5,2,3,1.0,3,35238,M,4812450.0,-170982.0,35
201300025229,13,6,4,820,1,2,3,1.0,3,35238,M,4810600.0,-173287.0,35
201300025230,13,6,5,2020,1,2,1,1.0,7,35238,M,4809280.0,-164822.0,35
201300025231,13,6,6,745,1,2,2,1.0,3,35238,M,4811710.0,-165521.0,35
201300025232,13,6,7,2210,5,2,1,2.0,3,35238,M,4809360.0,-167200.0,35
201300025233,13,6,8,800,1,2,1,1.0,7,35055,M,4807888.0,-163348.0,35
201300025234,13,6,8,826,1,2,1,1.0,7,35278,M,4814480.0,-165697.0,35
201300025235,13,6,8,1535,1,2,5,1.0,6,35238,M,4811930.0,-166743.0,35
201300025236,13,6,9,112,4,2,1,1.0,2,35281,M,4809882.0,-171425.0,35
201300025237,13,6,10,809,1,2,1,1.0,4,35281,M,4806781.0,-171402.0,35
201300025238,13,6,10,1700,1,2,6,1.0,3,35238,M,4812770.0,-165209.0,35
201300025239,13,6,10,1815,1,2,3,1.0,6,35238,M,4809410.0,-168000.0,35
201300025240,13,6,12,1400,1,2,2,2.0,6,35238,M,4812720.0,-168660.0,35
201300025241,13,6,13,655,1,2,1,1.0,6,35238,M,4812420.0,-164420.0,35
201300025242,13,6,13,1210,1,2,5,2.0,2,35238,M,4808050.0,-167927.0,35
201300025243,13,6,14,1330,1,2,1,1.0,2,35281,M,4808915.0,-170599.0,35
201300025244,13,6,14,1745,1,2,2,7.0,2,35238,M,,,35
201300025245,13,6,15,2050,1,2,2,1.0,3,35238,M,4811200.0,-170236.0,35
201300025246,13,6,17,1230,1,2,1,8.0,4,35238,M,4810710.0,-171991.0,35
201300025247,13,6,17,1435,1,2,1,1.0,2,35238,M,4814220.0,-165814.0,35
201300025248,13,6,17,1600,1,2,1,1.0,6,35238,M,4810080.0,-172098.0,35
201300025249,13,6,18,1810,1,2,5,1.0,4,35238,M,4808250.0,-169736.0,35
201300025250,13,6,19,135,5,2,1,1.0,7,35238,M,4811840.0,-166918.0,35
201300025251,13,6,21,1650,1,2,2,1.0,6,35238,M,4809400.0,-167745.0,35
201300025252,13,6,22,310,5,2,1,1.0,6,35238,M,4811550.0,-168090.0,35
201300025253,13,6,24,1425,1,2,2,1.0,6,35238,M,4810740.0,-167784.0,35
201300025254,13,6,26,855,1,2,1,1.0,2,35278,M,4814205.0,-166156.0,35
201300025255,13,6,26,930,1,2,6,1.0,2,35238,M,4808640.0,-166117.0,35
201300025256,13,6,26,1025,1,2,2,1.0,3,35238,M,4813050.0,-165673.0,35
201300025257,13,6,26,1125,1,2,6,1.0,3,35238,M,4808770.0,-165090.0,35
201300025258,13,6,27,105,5,2,3,1.0,6,35238,M,4810440.0,-167357.0,35
201300025259,13,6,26,2305,5,2,1,1.0,6,35238,M,4809790.0,-166546.0,35
201300025260,13,6,28,1630,1,2,6,1.0,3,35238,M,4809000.0,-168226.0,35
201300025261,13,6,29,1950,1,2,5,1.0,3,35238,M,4808430.0,-164330.0,35
201300025262,13,6,30,750,1,2,4,1.0,6,35238,M,4810250.0,-167659.0,35
201300025263,13,7,2,1830,1,2,1,8.0,3,35238,M,4810990.0,-167186.0,35
201300025264,13,7,3,2130,1,2,3,1.0,3,35238,M,4810510.0,-167753.0,35
201300025265,13,7,4,1200,1,2,2,1.0,3,35238,M,4811200.0,-170236.0,35
201300025266,13,7,4,1425,1,2,1,1.0,6,35278,M,,,35
201300025267,13,7,4,1655,1,2,1,1.0,2,35238,M,4811820.0,-167144.0,35
201300025268,13,7,5,1444,1,2,3,1.0,3,35238,M,,,35
201300025269,13,7,5,1510,1,2,1,7.0,6,35238,M,4812150.0,-165535.0,35
201300025270,13,7,5,1745,1,2,1,1.0,4,35238,M,4811500.0,-171905.0,35
201300025271,13,7,6,1725,1,2,3,1.0,3,35238,M,4812450.0,-170982.0,35
201300025272,13,7,7,935,1,2,3,1.0,1,35238,M,4810350.0,-165156.0,35
201300025273,13,7,7,1855,1,2,5,1.0,2,35238,M,4811100.0,-171838.0,35
201300025274,13,7,7,2029,1,2,6,1.0,7,35238,M,4813270.0,-169125.0,35
201300025275,13,7,7,2120,1,2,5,1.0,6,35238,M,4810180.0,-168441.0,35
201300025276,13,7,8,935,1,2,1,1.0,6,35238,M,4809040.0,-165577.0,35
201300025277,13,7,8,1830,1,2,5,1.0,4,35238,M,4810240.0,-171513.0,35
201300025278,13,7,9,910,1,2,2,1.0,2,35238,M,4809470.0,-169024.0,35
201300025279,13,7,10,35,5,2,1,1.0,7,35238,M,4811170.0,-168949.0,35
201300025280,13,7,11,1820,1,2,5,1.0,2,35238,M,4811030.0,-171802.0,35
201300025281,13,7,12,1930,1,2,1,7.0,3,35238,M,4809350.0,-174574.0,35
201300025282,13,7,13,1600,1,2,2,1.0,3,35238,M,4811500.0,-166586.0,35
201300025283,13,7,17,1250,1,2,1,1.0,7,35238,M,4811890.0,-166816.0,35
201300025284,13,7,18,1530,1,2,1,1.0,7,35278,M,4816177.0,-170734.0,35
201300025285,13,7,19,1300,1,2,3,1.0,2,35238,M,4810390.0,-167342.0,35
201300025286,13,7,19,1425,1,2,1,1.0,7,35238,M,4812630.0,-166560.0,35
201300025287,13,7,20,2330,5,2,1,1.0,7,35238,M,4809390.0,-167709.0,35
201300025288,13,7,21,300,5,2,2,1.0,6,35238,M,4810890.0,-169293.0,35
201300025289,13,7,22,1658,1,2,3,1.0,6,35238,M,4810750.0,-167456.0,35
201300025290,13,7,22,1740,1,2,1,1.0,3,35238,M,4809490.0,-173312.0,35
201300025291,13,7,23,830,1,2,3,1.0,6,35238,M,4813060.0,-168448.0,35
201300025292,13,7,24,2330,5,2,1,1.0,7,35281,M,4808677.0,-170733.0,35
201300025293,13,7,26,855,1,2,2,7.0,6,35238,M,4810570.0,-167398.0,35
201300025294,13,7,26,910,1,2,1,1.0,3,35278,M,4816335.0,-167563.0,35
201300025295,13,7,26,1900,1,2,1,1.0,7,35238,M,4809840.0,-169456.0,35
201300025296,13,7,26,1925,1,2,2,1.0,2,35238,M,4810350.0,-167694.0,35
201300025297,13,7,29,1925,1,2,1,1.0,2,35238,M,,,35
201300025298,13,7,26,1925,1,2,1,1.0,2,35238,M,4812080.0,-164356.0,35
201300025299,13,7,27,1740,1,2,1,2.0,6,35238,M,4811230.0,-169191.0,35
201300025300,13,7,27,2045,1,2,2,1.0,3,35238,M,4812140.0,-171464.0,35
201300025301,13,7,31,915,1,2,3,8.0,7,35238,M,4811110.0,-169720.0,35
201300025302,13,8,1,245,5,2,1,1.0,6,35238,M,4812110.0,-167155.0,35
201300025303,13,8,4,1830,1,2,1,1.0,3,35238,M,4809140.0,-166968.0,35
201300025304,13,8,5,1528,1,2,1,1.0,4,35238,M,4811070.0,-168648.0,35
201300025305,13,8,7,950,1,2,6,1.0,7,35055,M,,,35
201300025306,13,8,8,645,1,2,1,1.0,6,35281,M,,,35
201300025307,13,8,8,1130,1,2,5,1.0,3,35238,M,4809920.0,-171432.0,35
201300025308,13,8,8,2200,5,2,2,1.0,3,35238,M,4810510.0,-165047.0,35
201300025309,13,8,9,105,5,2,1,1.0,1,35238,M,4811250.0,-167306.0,35
201300025310,13,8,9,2105,1,2,1,1.0,6,35238,M,4811000.0,-168782.0,35
201300025311,13,8,11,730,1,2,3,1.0,6,35238,M,4812530.0,-166390.0,35
201300025312,13,8,17,705,1,2,2,1.0,3,35238,M,4808370.0,-167516.0,35
201300025313,13,8,17,1140,1,2,5,1.0,3,35238,M,4810760.0,-171594.0,35
201300025314,13,8,20,1425,1,2,6,1.0,7,35281,M,,,35
201300025315,13,8,20,1730,1,2,2,1.0,3,35238,M,4811630.0,-166620.0,35
201300025316,13,8,21,1630,1,2,1,1.0,2,35238,M,4809360.0,-167171.0,35
201300025317,13,8,23,550,5,2,1,1.0,6,35238,M,4810861.0,-169620.0,35
201300025318,13,8,24,555,5,2,5,1.0,6,35238,M,4809050.0,-162947.0,35
201300025319,13,8,24,1510,1,2,1,1.0,5,35238,M,4813310.0,-170738.0,35
201300025320,13,8,24,1850,1,2,2,1.0,2,35281,M,,,35
201300025321,13,8,24,1105,1,2,1,1.0,7,35281,M,,,35
201300025322,13,8,26,1900,1,2,3,1.0,2,35238,M,4811030.0,-166424.0,35
201300025323,13,8,26,1835,1,2,1,1.0,4,35238,M,4808480.0,-169921.0,35
201300025324,13,8,27,715,1,2,1,1.0,7,35281,M,,,35
201300025325,13,8,27,1200,1,2,2,1.0,6,35238,M,4813050.0,-165673.0,35
201300025326,13,9,2,2205,5,2,2,1.0,3,35238,M,4811020.0,-167420.0,35
201300025327,13,9,4,1210,1,2,2,1.0,6,35238,M,4810740.0,-168037.0,35
201300025328,13,9,4,1855,1,2,1,1.0,6,35238,M,4808790.0,-166771.0,35
201300025329,13,9,5,830,1,2,1,1.0,2,35278,M,4813888.0,-169951.0,35
201300025330,13,9,5,1325,1,2,1,1.0,2,35238,M,,,35
201300025331,13,9,5,1400,1,2,3,1.0,6,35238,M,4812200.0,-171463.0,35
201300025332,13,9,6,1300,1,2,5,1.0,4,35238,M,4810710.0,-171897.0,35
201300025333,13,9,7,2010,5,2,3,1.0,3,35238,M,4810390.0,-167710.0,35
201300025334,13,9,9,915,1,2,1,2.0,2,35238,M,4808120.0,-166472.0,35
201300025335,13,9,9,900,1,2,1,2.0,7,35238,M,4809510.0,-173285.0,35
201300025336,13,9,9,1035,1,2,2,1.0,3,35238,M,4811030.0,-168630.0,35
201300025337,13,9,9,1215,1,2,3,1.0,3,35238,M,4810600.0,-173287.0,35
201300025338,13,9,9,1815,1,2,1,1.0,6,35238,M,4812140.0,-171605.0,35
201300025339,13,9,10,1330,1,2,6,1.0,3,35238,M,4811750.0,-170466.0,35
201300025340,13,9,10,1900,1,2,1,1.0,4,35051,M,4812639.0,-157455.0,35
201300025341,13,9,10,2345,3,2,1,1.0,7,35051,M,,,35
201300025342,13,9,11,1810,1,2,1,1.0,4,35238,M,4811500.0,-171927.0,35
201300025343,13,9,11,1925,1,2,1,1.0,4,35278,M,,,35
201300025344,13,9,12,600,3,2,1,2.0,7,35278,M,4809350.0,-170912.0,35
201300025345,13,9,12,828,1,2,1,2.0,7,35238,M,4809930.0,-169433.0,35
201300025346,13,9,12,1000,1,2,1,2.0,6,35055,M,,,35
201300025347,13,9,14,730,2,2,2,2.0,6,35238,M,4812350.0,-168458.0,35
201300025348,13,9,15,611,5,2,1,1.0,7,35238,M,4812950.0,-168876.0,35
201300025349,13,9,17,1205,1,2,2,1.0,4,35238,M,4809470.0,-169024.0,35
201300025350,13,9,20,1600,1,2,2,1.0,6,35238,M,4809030.0,-169219.0,35
201300025351,13,9,22,1830,1,2,1,1.0,7,35238,M,4811020.0,-169462.0,35
201300025352,13,9,22,2115,4,2,1,1.0,7,35278,M,4816942.0,-171304.0,35
201300025353,13,9,23,1115,1,2,1,7.0,6,35238,M,4810920.0,-168992.0,35
201300025354,13,9,23,1840,1,2,6,7.0,6,35238,M,,,35
201300025355,13,9,24,1100,1,2,3,1.0,3,35238,M,,,35
201300025356,13,9,24,1350,1,2,1,1.0,3,35238,M,4811030.0,-171802.0,35
201300025357,13,9,24,1605,1,2,3,1.0,3,35281,M,,,35
201300025358,13,9,26,1125,1,2,1,1.0,3,35238,M,4809250.0,-162964.0,35
201300025359,13,9,25,1700,1,2,3,1.0,3,35238,M,4809890.0,-164511.0,35
201300025360,13,9,27,920,1,2,1,7.0,6,35238,M,4809500.0,-169009.0,35
201300025361,13,9,27,1000,1,2,3,7.0,2,35238,M,4811870.0,-170463.0,35
201300025362,13,9,27,1540,1,2,3,1.0,3,35238,M,4808820.0,-165745.0,35
201300025363,13,9,28,130,5,2,1,1.0,6,35238,M,4812730.0,-166218.0,35
201300025364,13,9,28,1115,1,2,1,1.0,2,35238,M,4810360.0,-168435.0,35
201300025365,13,9,28,1927,1,2,3,1.0,3,35281,M,,,35
201300025366,13,10,1,1215,1,2,2,1.0,4,35238,M,4809410.0,-163435.0,35
201300025367,13,10,1,1735,1,2,1,2.0,3,35238,M,4812880.0,-164631.0,35
201300025368,13,10,1,2130,5,2,1,1.0,3,35238,M,4809420.0,-168122.0,35
201300025369,13,10,2,1125,1,2,1,1.0,3,35238,M,4809990.0,-165104.0,35
201300025370,13,10,2,2025,3,2,5,1.0,3,35238,M,4808080.0,-167230.0,35
201300025371,13,10,4,910,1,2,1,8.0,7,35051,M,,,35
201300025372,13,10,4,850,1,2,1,1.0,3,35051,M,4812129.0,-163011.0,35
201300025373,13,10,4,1310,1,2,1,1.0,3,35281,M,,,35
201300025374,13,10,4,1820,1,2,2,1.0,2,35238,M,4811650.0,-170992.0,35
201300025375,13,10,6,610,5,2,2,1.0,3,35238,M,4809780.0,-167199.0,35
201300025376,13,10,7,1630,1,2,2,1.0,3,35238,M,4812180.0,-166274.0,35
201300025377,13,10,8,2245,5,2,5,1.0,3,35238,M,4810750.0,-171646.0,35
201300025378,13,10,9,1500,1,2,1,1.0,7,35238,M,,,35
201300025379,13,10,9,2050,5,2,2,1.0,1,35238,M,4811450.0,-170007.0,35
201300025380,13,10,10,825,1,1,1,1.0,2,35051,M,,,35
201300025381,13,10,10,1810,1,2,1,1.0,6,35278,M,4814570.0,-160760.0,35
201300025382,13,10,11,925,1,2,1,3.0,3,35238,M,4811750.0,-169381.0,35
201300025383,13,10,11,1055,1,2,6,2.0,7,35238,M,4809000.0,-168226.0,35
201300025384,13,10,12,1030,1,2,1,2.0,7,35278,M,4813986.0,-169584.0,35
201300025385,13,10,12,1905,1,2,2,8.0,3,35238,M,4812800.0,-165746.0,35
201300025386,13,10,15,720,5,2,2,3.0,3,35238,M,4810850.0,-169298.0,35
201300025387,13,10,15,750,5,2,2,2.0,6,35238,M,4811710.0,-168085.0,35
201300025388,13,10,15,800,4,2,1,2.0,4,35051,M,4814144.0,-164284.0,35
201300025389,13,10,15,1515,1,2,5,2.0,2,35238,M,4810650.0,-168451.0,35
201300025390,13,10,15,1650,1,2,1,2.0,7,35051,M,,,35
201300025391,13,10,16,1350,1,2,3,8.0,2,35238,M,4813070.0,-167649.0,35
201300025392,13,10,16,2150,5,2,3,1.0,6,35238,M,4810510.0,-167753.0,35
201300025393,13,10,17,1047,1,2,3,1.0,6,35238,M,4810070.0,-165892.0,35
201300025394,13,10,18,135,5,2,1,1.0,6,35238,M,4811280.0,-169266.0,35
201300025395,13,10,18,2230,3,2,1,1.0,7,35055,M,,,35
201300025396,13,10,19,615,5,2,1,8.0,6,35238,M,4811690.0,-169326.0,35
201300025397,13,10,19,1515,1,2,1,3.0,4,35278,M,4813273.0,-170772.0,35
201300025398,13,10,20,1907,3,2,1,1.0,6,35281,M,,,35
201300025399,13,10,22,935,1,2,1,1.0,7,35278,M,4813886.0,-169949.0,35
201300025400,13,10,22,1815,1,2,2,8.0,3,35238,M,4812850.0,-166415.0,35
201300025401,13,10,22,1940,5,2,1,2.0,3,35238,M,4810250.0,-170763.0,35
201300025402,13,10,22,1935,5,2,5,3.0,3,35238,M,4808140.0,-167545.0,35
201300025403,13,10,23,1120,1,2,1,1.0,6,35238,M,4811290.0,-168389.0,35
201300025404,13,10,23,1830,1,2,1,1.0,2,35278,M,4814111.0,-168278.0,35
201300025405,13,10,24,840,1,2,2,1.0,3,35238,M,4809140.0,-166750.0,35
201300025406,13,10,26,2010,5,2,1,1.0,2,35238,M,4810700.0,-172328.0,35
201300025407,13,10,28,1255,1,2,3,1.0,3,35238,M,4812050.0,-170845.0,35
201300025408,13,10,28,1815,5,2,1,1.0,6,35238,M,4808670.0,-167779.0,35
201300025409,13,10,29,845,1,2,5,1.0,3,35238,M,4810710.0,-171897.0,35
201300025410,13,10,29,1145,1,2,1,1.0,6,35238,M,4811466.0,-165538.0,35
201300025411,13,10,29,1440,1,2,5,1.0,4,35238,M,4810750.0,-171646.0,35
201300025412,13,10,29,2040,4,2,1,1.0,3,35278,M,,,35
201300025413,13,10,30,1430,1,2,1,1.0,6,35281,M,,,35
201300025414,13,10,30,2205,3,2,1,1.0,7,35278,M,,,35
201300025415,13,10,31,920,1,2,1,1.0,3,35238,M,4810240.0,-168431.0,35
201300025416,13,10,31,1220,1,2,1,2.0,5,35238,M,,,35
201300025417,13,10,31,1835,5,2,2,2.0,6,35238,M,4812450.0,-170982.0,35
201300025418,13,10,31,1750,3,2,5,2.0,4,35238,M,4808170.0,-169764.0,35
201300025419,13,10,31,1835,2,2,1,1.0,7,35278,M,4813858.0,-170037.0,35
201300025420,13,11,3,1840,3,2,5,1.0,2,35238,M,4807780.0,-167458.0,35
201300025421,13,11,4,910,1,2,1,2.0,2,35238,M,4810950.0,-168424.0,35
201300025422,13,11,6,1430,1,2,3,1.0,7,35278,M,4815200.0,-168606.0,35
201300025423,13,11,5,1130,1,2,1,2.0,7,35278,M,,,35
201300025424,13,11,5,1351,1,2,1,1.0,6,35238,M,4808550.0,-164896.0,35
201300025425,13,11,6,810,1,2,1,2.0,6,35238,M,4812130.0,-164217.0,35
201300025426,13,11,7,630,5,2,2,2.0,3,35238,M,4812280.0,-168870.0,35
201300025427,13,11,7,1730,5,2,1,2.0,6,35238,M,4811020.0,-168163.0,35
201300025428,13,11,7,2000,5,2,5,2.0,6,35238,M,4809730.0,-165780.0,35
201300025429,13,11,8,535,5,2,2,2.0,7,35238,M,4811460.0,-165704.0,35
201300025430,13,11,8,1305,1,2,6,1.0,7,35055,M,4807813.0,-163214.0,35
201300025431,13,11,8,1455,1,2,1,1.0,4,35238,M,4811550.0,-171940.0,35
201300025432,13,11,9,1120,1,2,6,2.0,2,35051,M,4811865.0,-160098.0,35
201300025433,13,11,10,800,3,2,5,2.0,2,35238,M,4812270.0,-171925.0,35
201300025434,13,11,13,750,5,2,3,1.0,3,35281,M,,,35
201300025435,13,11,13,840,1,2,2,1.0,3,35238,M,4809810.0,-168788.0,35
201300025436,13,11,13,840,1,2,2,1.0,6,35238,M,4809450.0,-164646.0,35
201300025437,13,11,14,120,3,2,1,1.0,6,35238,M,4813460.0,-171287.0,35
201300025438,13,11,14,1100,1,2,3,3.0,3,35238,M,4812230.0,-168185.0,35
201300025439,13,11,14,1149,1,2,1,1.0,6,35051,M,,,35
201300025440,13,11,14,1350,1,2,5,7.0,6,35238,M,4812490.0,-171865.0,35
201300025441,13,11,14,1209,1,2,1,8.0,1,35238,M,4813630.0,-166999.0,35
201300025442,13,11,14,2010,5,2,5,2.0,3,35238,M,4809990.0,-168228.0,35
201300025443,13,11,15,745,3,2,1,2.0,4,35278,M,,,35
201300025444,13,11,15,1920,5,2,1,1.0,4,35238,M,4809450.0,-168683.0,35
201300025445,13,11,16,1410,1,2,3,1.0,3,35238,M,,,35
201300025446,13,11,16,1802,5,2,1,1.0,1,35238,M,4810170.0,-165914.0,35
201300025447,13,11,16,2130,5,2,4,1.0,4,35238,M,4810200.0,-166016.0,35
201300025448,13,11,17,2130,5,2,3,1.0,6,35238,M,4808760.0,-165384.0,35
201300025449,13,11,18,1800,5,2,1,1.0,3,35238,M,4810930.0,-168944.0,35
201300025450,13,11,18,1840,5,2,1,1.0,3,35238,M,4811170.0,-168698.0,35
201300025451,13,11,19,1800,3,2,5,1.0,4,35238,M,4811100.0,-171838.0,35
201300025452,13,11,19,2040,5,2,2,1.0,6,35238,M,4812140.0,-171346.0,35
201300025453,13,11,20,629,3,2,1,1.0,7,35238,M,4811699.0,-156926.0,35
201300025454,13,11,20,1055,1,2,5,1.0,3,35238,M,4810970.0,-168459.0,35
201300025455,13,11,20,1810,5,2,3,2.0,2,35238,M,4811270.0,-166464.0,35
201300025456,13,11,21,810,2,2,2,3.0,6,35238,M,4810550.0,-168464.0,35
201300025457,13,11,21,1820,3,2,1,2.0,2,35278,M,,,35
201300025458,13,11,21,1930,3,2,1,8.0,4,35278,M,,,35
201300025459,13,11,22,1240,1,2,1,1.0,7,35051,M,,,35
201300025460,13,11,25,1710,1,2,3,1.0,6,35238,M,4808660.0,-166869.0,35
201300025461,13,11,25,1830,1,2,1,1.0,4,35281,M,,,35
201300025462,13,11,26,845,1,2,1,1.0,7,35055,M,,,35
201300025463,13,11,26,1020,1,2,3,1.0,6,35238,M,4809530.0,-165068.0,35
201300025464,13,11,26,1300,1,2,1,1.0,3,35238,M,4811580.0,-170884.0,35
201300025465,13,11,27,810,5,2,5,1.0,3,35238,M,4811450.0,-170007.0,35
201300025466,13,11,28,810,5,2,2,1.0,3,35238,M,,,35
201300025467,13,11,28,1920,5,2,3,1.0,6,35238,M,4811980.0,-168795.0,35
201300025468,13,11,29,1300,1,2,1,8.0,3,35238,M,4812570.0,-162814.0,35
201300025469,13,12,1,1345,1,2,1,1.0,7,35238,M,4812850.0,-166272.0,35
201300025470,13,12,2,2320,5,2,1,1.0,3,35238,M,4812440.0,-171332.0,35
201300025471,13,12,3,1545,1,2,1,1.0,6,35238,M,4810500.0,-169558.0,35
201300025472,13,12,4,158,5,2,5,1.0,3,35238,M,4813850.0,-165858.0,35
201300025473,13,12,4,1817,3,2,1,1.0,4,35238,M,4811170.0,-171852.0,35
201300025474,13,12,4,1945,5,2,1,1.0,6,35238,M,4811500.0,-166328.0,35
201300025475,13,12,5,1610,2,2,3,1.0,6,35238,M,4810510.0,-167753.0,35
201300025476,13,12,7,1410,1,2,2,1.0,3,35238,M,4812970.0,-163073.0,35
201300025477,13,12,9,740,3,2,1,1.0,3,35281,M,,,35
201300025478,13,12,9,740,1,2,1,8.0,3,35051,M,,,35
201300025479,13,12,9,1325,1,2,1,1.0,3,35238,M,4812160.0,-166317.0,35
201300025480,13,12,10,1953,5,2,1,1.0,7,35238,M,4813050.0,-169204.0,35
201300025481,13,12,11,1230,1,2,1,1.0,3,35051,M,4810374.0,-162139.0,35
201300025482,13,12,11,1900,5,2,1,1.0,3,35051,M,,,35
201300025483,13,12,11,1930,5,2,3,1.0,3,35238,M,4811460.0,-165579.0,35
201300025484,13,12,12,600,5,2,3,1.0,6,35238,M,4810700.0,-167329.0,35
201300025485,13,12,12,1445,1,2,1,2.0,7,35238,M,4812970.0,-170150.0,35
201300025486,13,12,13,1715,5,2,1,8.0,2,35238,M,4811490.0,-170152.0,35
201300025487,13,12,14,2150,5,2,2,1.0,3,35238,M,4810350.0,-166268.0,35
201300025488,13,12,14,2330,5,2,1,1.0,1,35238,M,4811770.0,-168081.0,35
201300025489,13,12,16,810,1,2,1,1.0,2,35238,M,4811060.0,-168576.0,35
201300025490,13,12,16,1200,1,2,2,1.0,3,35238,M,4813150.0,-167260.0,35
201300025491,13,12,16,1525,3,2,1,8.0,7,35055,M,,,35
201300025492,13,12,17,1900,5,2,1,1.0,6,35278,M,,,35
201300025493,13,12,17,2115,5,2,5,1.0,3,35238,M,4810750.0,-171646.0,35
201300025494,13,12,18,1200,1,2,1,1.0,6,35238,M,4811400.0,-163700.0,35
201300025495,13,12,18,1530,1,2,1,1.0,6,35278,M,4813573.0,-169553.0,35
201300025496,13,12,18,1633,1,2,1,1.0,6,35238,M,4808960.0,-168988.0,35
201300025497,13,12,19,1400,1,2,3,1.0,3,35238,M,4808350.0,-166098.0,35
201300025498,13,12,20,1300,1,2,1,1.0,6,35238,M,4813180.0,-168344.0,35
201300025499,13,12,20,1813,3,2,5,2.0,4,35238,M,4814220.0,-165814.0,35
201300025500,13,12,20,1930,5,2,3,1.0,6,35238,M,4808350.0,-166098.0,35
201300025501,13,12,20,1941,5,2,3,1.0,3,35238,M,,,35
201300025502,13,12,20,1315,1,1,1,1.0,7,35278,M,,,35
201300025503,13,12,21,1225,1,2,3,1.0,1,35055,M,,,35
201300025504,13,12,21,2010,5,2,1,3.0,3,35238,M,4813010.0,-164105.0,35
201300025505,13,12,21,2210,5,2,1,2.0,6,35238,M,4810200.0,-165819.0,35
201300025506,13,12,23,735,3,2,1,1.0,2,35055,M,,,35
201300025507,13,12,24,1330,1,2,5,8.0,6,35238,M,4810560.0,-166605.0,35
201300025508,13,12,24,1545,1,2,1,1.0,6,35278,M,,,35
201300025509,13,12,27,725,5,2,6,2.0,6,35238,M,4812810.0,-170319.0,35