Num_Acc,an,mois,jour,hrmn,lum,agg,int,atm,col,com,gps,lat,long,dep
201300025510,13,12,27,635,5,2,3,2.0,6,35238,M,4811140.0,-170335.0,35
201300025511,13,12,27,1010,1,2,6,3.0,2,35238,M,4808460.0,-164324.0,35
201300025512,13,12,27,2005,5,2,3,2.0,2,35238,M,4809530.0,-165068.0,35
201300025513,13,12,28,930,1,2,5,1.0,7,35238,M,4808190.0,-164664.0,35
201300025514,13,12,29,1000,1,2,3,1.0,6,35238,M,4810530.0,-166870.0,35
201300025515,13,12,31,2000,5,2,2,8.0,3,35238,M,4811200.0,-170236.0,35
201300025516,13,5,4,1215,1,2,1,1.0,7,35093,M,4862184.0,-204548.0,35
201300025517,13,8,12,130,5,2,6,1.0,3,35093,M,4862769.0,-207414.0,35
201300025518,13,8,7,1440,1,2,3,1.0,3,35093,M,,,35
201300025519,13,9,24,1811,1,2,1,1.0,3,35241,M,,,35
201300025520,13,1,8,1700,1,2,2,1.0,1,35288,M,4865556.0,-200430.0,35
201300025521,13,1,10,1030,1,2,1,1.0,6,35288,M,4864579.0,-200841.0,35
201300025522,13,1,10,1754,5,2,1,1.0,3,35288,M,4862387.0,-199846.0,35
201300025523,13,1,26,1450,1,2,6,1.0,6,35288,M,4864065.0,-199953.0,35
201300025524,13,2,1,1646,1,2,1,1.0,3,35241,M,4860801.0,-205445.0,35
201300025525,13,2,7,830,1,2,1,1.0,3,35288,M,4865305.0,-200325.0,35
201300025526,13,2,23,1605,1,2,3,1.0,3,35288,M,4865214.0,-201717.0,35
201300025527,13,3,31,1600,1,2,1,1.0,3,35288,M,,,35
201300025528,13,4,25,930,1,2,1,1.0,6,35288,M,4864326.0,-200408.0,35
201300025529,13,5,15,1610,1,2,6,1.0,6,35288,M,4864707.0,-200789.0,35
201300025530,13,5,28,1645,1,1,1,1.0,6,35241,M,4861728.0,-202902.0,35
201300025531,13,3,14,1210,1,2,1,1.0,2,35288,M,4866650.0,-198622.0,35
201300025532,13,3,31,1749,1,2,3,1.0,3,35288,M,4864031.0,-200197.0,35
201300025533,13,6,15,1805,1,2,1,1.0,2,35288,M,4865146.0,-201833.0,35
201300025534,13,6,22,1957,1,1,1,1.0,6,35241,M,4861664.0,-202963.0,35
201300025535,13,7,3,943,1,2,1,1.0,6,35288,M,4865766.0,-197201.0,35
201300025536,13,7,2,2030,1,2,6,2.0,1,35288,M,4862163.0,-199319.0,35
201300025537,13,6,1,1446,1,2,3,1.0,3,35093,M,4862439.0,-206771.0,35
201300025538,13,7,10,1130,1,2,1,1.0,3,35288,M,4865282.0,-200535.0,35
201300025539,13,7,20,1509,1,2,1,1.0,7,35288,M,4863950.0,-201580.0,35
201300025540,13,7,12,1544,1,2,1,7.0,6,35043,M,4862429.0,-198690.0,35
201300025541,13,8,1,1415,1,2,1,1.0,2,35241,M,4861328.0,-205370.0,35
201300025542,13,8,5,1750,1,2,1,1.0,6,35288,M,,,35
201300025543,13,7,16,1050,1,2,6,1.0,3,35288,M,4864725.0,-200856.0,35
201300025544,13,9,15,1545,1,2,1,1.0,6,35288,M,,,35
201300025545,13,9,18,1145,1,2,1,2.0,6,35288,M,4865848.0,-199490.0,35
201300025546,13,9,24,1811,1,2,2,1.0,3,35241,M,4861378.0,-203655.0,35
201300025547,13,10,17,730,3,2,1,8.0,6,35288,M,4864855.0,-199980.0,35
201300025548,13,10,28,1135,1,2,1,1.0,6,35288,M,4863344.0,-201258.0,35
201300025549,13,10,28,1650,1,2,1,1.0,6,35288,M,4864851.0,-200495.0,35
201300025550,13,11,20,1815,5,2,3,2.0,6,35093,M,4863348.0,-205676.0,35
201300025551,13,10,4,1020,1,2,1,7.0,2,35093,M,4864956.0,-200593.0,35
201300025552,13,12,14,1020,1,2,1,1.0,6,35288,M,,,35
201300025553,13,12,26,425,3,2,1,1.0,7,35241,M,4861465.0,-203246.0,35
201300025554,13,1,2,1550,1,2,6,1.0,3,36159,M,4679580.0,173213.0,36
201300025555,13,1,24,1620,1,2,1,8.0,3,36044,M,4679770.0,171843.0,36
201300025556,13,6,11,1620,1,2,1,1.0,6,36063,M,4683020.0,170564.0,36
201300025557,13,2,18,1200,1,2,1,1.0,7,36044,M,4680210.0,166419.0,36
201300025558,13,1,11,1525,1,1,1,1.0,2,36063,M,4687100.0,166092.0,36
201300025559,13,1,14,750,2,1,6,1.0,3,36044,M,4681440.0,169661.0,36
201300025560,13,1,16,1328,1,2,6,1.0,3,36044,M,4679310.0,171127.0,36
201300025561,13,3,25,1750,1,1,1,1.0,5,36063,M,4684430.0,168317.0,36
201300025562,13,1,18,1620,1,2,1,8.0,6,36044,M,4680980.0,170243.0,36
201300025563,13,1,18,1745,2,1,1,2.0,7,36202,M,4683100.0,161659.0,36
201300025564,13,1,18,1750,2,1,1,9.0,7,36063,M,4683700.0,170218.0,36
201300025565,13,3,25,1835,1,1,1,1.0,7,36142,M,4681370.0,161037.0,36
201300025566,13,5,2,1245,1,2,1,8.0,6,36044,M,4680810.0,170378.0,36
201300025567,13,1,25,1647,1,2,1,1.0,4,36044,M,4681030.0,169266.0,36
201300025568,13,1,29,1400,1,2,1,1.0,7,36044,M,4680700.0,169563.0,36
201300025569,13,2,3,510,5,2,1,1.0,6,36044,M,4681930.0,170784.0,36
201300025570,13,2,22,1214,1,1,6,1.0,7,36063,M,4685220.0,170064.0,36
201300025571,13,2,25,1910,5,1,6,1.0,2,36063,M,4684550.0,170895.0,36
201300025572,13,5,16,1815,1,2,2,1.0,3,36063,M,4682680.0,170124.0,36
201300025573,13,3,4,1025,1,2,1,1.0,3,36063,M,4682710.0,170524.0,36
201300025574,13,3,4,1656,1,2,1,1.0,2,36044,M,4679370.0,169963.0,36
201300025575,13,5,30,1215,1,1,2,3.0,3,36063,M,4683480.0,167750.0,36
201300025576,13,6,12,5,5,1,6,1.0,7,36063,M,4682040.0,173601.0,36
201300025577,13,6,19,1504,1,2,3,1.0,6,36063,M,4682540.0,170050.0,36
201300025578,13,6,21,745,1,2,6,1.0,3,36044,M,4682010.0,168424.0,36
201300025579,13,6,22,1425,1,1,2,1.0,3,36202,M,4682290.0,165650.0,36
201300025580,13,6,26,1020,1,2,1,1.0,6,36044,M,4682600.0,168152.0,36
201300025581,13,7,6,155,3,1,3,1.0,3,36202,M,4676630.0,167076.0,36
201300025582,13,3,15,800,2,2,1,1.0,2,36044,M,4680200.0,169223.0,36
201300025583,13,3,15,2000,5,1,1,1.0,6,36063,M,4685160.0,170522.0,36
201300025584,13,3,16,915,1,2,6,1.0,2,36044,M,4680790.0,167719.0,36
201300025585,13,3,18,1133,1,1,3,1.0,3,36063,M,4685490.0,166821.0,36
201300025586,13,3,20,750,1,1,1,2.0,2,36063,M,,,36
201300025587,13,3,22,1948,1,2,1,1.0,2,36044,M,4680750.0,170737.0,36
201300025588,13,3,23,1218,1,1,1,1.0,7,36159,M,4675880.0,167588.0,36
201300025589,13,8,22,1315,1,2,1,1.0,3,36063,M,4682810.0,170757.0,36
201300025590,13,9,4,1137,1,2,1,1.0,6,36044,M,4681240.0,169661.0,36
201300025591,13,9,5,2145,5,2,2,1.0,3,36044,M,4681900.0,168714.0,36
201300025592,13,9,6,1915,1,2,1,1.0,6,36044,M,4681000.0,169400.0,36
201300025593,13,9,14,1830,1,1,1,8.0,2,36202,M,4678440.0,165606.0,36
201300025594,13,9,22,1000,1,2,1,1.0,3,36044,M,4680490.0,169907.0,36
201300025595,13,3,29,2230,5,2,1,1.0,7,36063,M,4682700.0,170502.0,36
201300025596,13,3,30,1609,1,1,1,1.0,7,36202,M,4674770.0,162427.0,36
201300025597,13,10,2,715,5,2,3,1.0,2,36063,M,4682690.0,170470.0,36
201300025598,13,10,6,715,2,2,1,8.0,6,36044,M,4680920.0,168180.0,36
201300025599,13,10,5,1537,1,2,1,1.0,6,36044,M,4681130.0,169340.0,36
201300025600,13,10,3,1705,1,2,1,1.0,6,36044,M,4681170.0,170660.0,36
201300025601,13,4,5,1624,1,1,1,2.0,7,36202,M,,,36
201300025602,13,10,14,830,1,2,1,8.0,3,36044,M,4680650.0,172360.0,36
201300025603,13,11,1,1615,1,2,1,1.0,3,36044,M,4679880.0,171256.0,36
201300025604,13,4,10,644,2,1,1,1.0,7,36063,M,4684620.0,170754.0,36
201300025605,13,4,11,1744,1,2,1,3.0,6,36044,M,4680300.0,171599.0,36
201300025606,13,11,11,915,1,2,1,1.0,6,36044,M,4680430.0,170047.0,36
201300025607,13,11,15,1649,1,2,1,1.0,6,36044,M,4681510.0,169874.0,36
201300025608,13,4,12,1433,1,1,1,1.0,7,36159,M,4678850.0,175392.0,36
201300025609,13,11,21,1800,4,2,1,8.0,6,36044,M,4679610.0,169900.0,36
201300025610,13,4,14,2135,5,1,1,2.0,7,36202,M,,,36
201300025611,13,4,16,2030,2,2,1,9.0,2,36044,M,4681650.0,168450.0,36
201300025612,13,4,18,1730,1,2,1,1.0,6,36044,M,4680300.0,167800.0,36
201300025613,13,12,21,1110,1,2,1,1.0,3,36044,M,4680150.0,168476.0,36
201300025614,13,4,22,1800,1,2,1,1.0,6,36044,M,,,36
201300025615,13,4,24,1221,1,2,1,1.0,2,36159,M,4677100.0,171299.0,36
201300025616,13,4,24,1650,1,2,1,1.0,6,36044,M,4680740.0,170265.0,36
201300025617,13,4,25,1141,1,2,6,1.0,3,36044,M,4679170.0,171203.0,36
201300025618,13,4,26,1700,1,2,1,3.0,3,36044,M,4679430.0,166404.0,36
201300025619,13,4,27,1225,1,2,2,1.0,3,36044,M,4680740.0,170265.0,36
201300025620,13,4,29,1039,1,2,1,1.0,3,36159,M,4676500.0,171793.0,36
201300025621,13,5,2,1830,1,2,2,1.0,3,36044,M,4680040.0,171644.0,36
201300025622,13,5,4,1030,1,2,1,1.0,6,36044,M,4681040.0,169181.0,36
201300025623,13,5,7,1720,1,1,2,1.0,3,36044,M,4679950.0,171440.0,36
201300025624,13,5,10,1055,1,2,1,8.0,6,36044,M,4681150.0,169636.0,36
201300025625,13,5,30,1440,1,2,1,8.0,3,36044,M,4679590.0,169552.0,36
201300025626,13,5,30,1738,1,2,1,2.0,7,36044,M,4680830.0,167810.0,36
201300025627,13,6,7,1945,1,2,1,1.0,6,36044,M,4680180.0,169666.0,36
201300025628,13,6,13,1755,1,2,1,2.0,7,36044,M,4679810.0,171300.0,36
201300025629,13,6,18,1251,1,1,1,1.0,7,36202,M,4674410.0,161614.0,36
201300025630,13,6,20,1630,1,2,1,1.0,7,36063,M,4684140.0,170353.0,36
201300025631,13,6,21,1451,1,1,1,1.0,2,36044,M,4680330.0,170331.0,36
201300025632,13,6,23,1114,1,2,1,1.0,2,36044,M,4680410.0,171064.0,36
201300025633,13,6,23,1915,1,1,1,1.0,7,36159,M,4676810.0,171527.0,36
201300025634,13,6,24,1720,1,1,1,1.0,2,36063,M,4682000.0,173346.0,36
201300025635,13,6,27,1214,1,1,1,1.0,6,36159,M,,,36
201300025636,13,6,29,1743,1,2,1,1.0,6,36044,M,4681160.0,169410.0,36
201300025637,13,7,4,2025,1,2,1,1.0,3,36044,M,4681660.0,170160.0,36
201300025638,13,7,12,1730,1,1,6,1.0,2,36063,M,4684250.0,167390.0,36
201300025639,13,7,15,1242,1,2,1,1.0,7,36044,M,4679180.0,171890.0,36
201300025640,13,7,17,2300,3,1,1,1.0,7,36159,M,4676630.0,168265.0,36
201300025641,13,7,19,910,1,2,1,8.0,7,36044,M,4680110.0,170269.0,36
201300025642,13,7,24,1810,1,2,1,1.0,2,36044,M,4681490.0,169668.0,36
201300025643,13,7,25,1235,1,2,6,1.0,2,36044,M,4681030.0,168752.0,36
201300025644,13,7,29,1035,1,2,1,1.0,2,36044,M,4680440.0,166660.0,36
201300025645,13,7,31,1200,1,2,1,1.0,7,36044,M,4681060.0,169742.0,36
201300025646,13,8,1,1748,1,2,2,1.0,3,36159,M,4676340.0,171871.0,36
201300025647,13,8,2,100,3,1,1,1.0,7,36202,M,4675790.0,163303.0,36
201300025648,13,8,6,1619,1,2,1,1.0,7,36044,M,4680990.0,170450.0,36
201300025649,13,8,6,2055,1,2,1,1.0,7,36044,M,4680950.0,170209.0,36
201300025650,13,8,17,1725,1,2,1,1.0,7,36044,M,4679680.0,170910.0,36
201300025651,13,8,31,1549,1,1,6,1.0,7,36063,M,4685160.0,170157.0,36
201300025652,13,9,4,952,1,2,1,1.0,7,36044,M,4679890.0,169229.0,36
201300025653,13,9,24,1723,1,2,3,1.0,3,36044,M,4680670.0,169169.0,36
201300025654,13,9,28,1730,1,1,6,1.0,7,36063,M,4685150.0,170119.0,36
201300025655,13,10,7,758,2,2,1,1.0,3,36044,M,4680150.0,169473.0,36
201300025656,13,10,7,852,1,2,1,1.0,5,36159,M,4679400.0,173598.0,36
201300025657,13,10,7,1200,1,2,2,1.0,3,36044,M,4680880.0,170492.0,36
201300025658,13,10,7,1602,1,2,2,1.0,3,36044,M,4680230.0,171851.0,36
201300025659,13,10,8,1825,1,1,1,1.0,3,36063,M,4681990.0,173330.0,36
201300025660,13,10,10,2105,3,1,1,1.0,7,36202,M,4683180.0,161281.0,36
201300025661,13,10,20,2029,3,1,1,2.0,2,36063,M,4685150.0,170161.0,36
201300025662,13,10,24,1716,2,2,1,1.0,4,36044,M,4680410.0,169210.0,36
201300025663,13,10,28,750,2,2,1,1.0,7,36044,M,4678920.0,169123.0,36
201300025664,13,10,30,1140,1,2,2,1.0,3,36044,M,4680440.0,168070.0,36
201300025665,13,10,30,1635,1,2,9,1.0,3,36159,M,4679410.0,173638.0,36
201300025666,13,10,30,1655,1,2,1,1.0,3,36044,M,4680530.0,172267.0,36
201300025667,13,10,31,1230,1,2,1,1.0,6,36044,M,4680580.0,167499.0,36
201300025668,13,11,4,746,2,1,1,2.0,2,36044,M,,,36
201300025669,13,11,7,1120,2,2,1,1.0,2,36044,M,4680300.0,170368.0,36
201300025670,13,11,15,945,1,2,1,1.0,6,36044,M,4681700.0,168617.0,36
201300025671,13,11,20,1817,2,2,1,1.0,7,36044,M,4681020.0,169250.0,36
201300025672,13,11,22,712,2,1,1,1.0,7,36202,M,4679200.0,161255.0,36
201300025673,13,11,22,857,1,2,1,1.0,6,36044,M,4682010.0,168380.0,36
201300025674,13,11,22,950,1,2,1,1.0,6,36044,M,4682620.0,168139.0,36
201300025675,13,11,22,1736,1,2,1,1.0,1,36044,M,4681020.0,169249.0,36
201300025676,13,11,27,1400,1,2,3,1.0,3,36044,M,4680120.0,167090.0,36
201300025677,13,11,29,1424,1,1,1,1.0,1,36159,M,4677670.0,173878.0,36
201300025678,13,11,30,1207,1,2,1,1.0,4,36044,M,4678890.0,169125.0,36
201300025679,13,11,30,1840,5,2,1,1.0,2,36044,M,,,36
201300025680,13,12,3,1004,1,2,1,1.0,6,36063,M,4682540.0,170022.0,36
201300025681,13,12,5,1150,1,2,1,8.0,4,36044,M,,,36
201300025682,13,12,8,537,5,2,1,1.0,6,36063,M,4683190.0,170270.0,36
201300025683,13,12,12,1345,1,1,1,1.0,2,36063,M,4684530.0,167266.0,36
201300025684,13,12,19,1235,1,2,1,1.0,7,36044,M,4681430.0,169717.0,36
201300025685,13,12,21,1055,1,1,1,1.0,6,36159,M,4679240.0,173540.0,36
201300025686,13,12,26,1700,2,1,1,1.0,2,36202,M,4678770.0,165887.0,36
201300025687,13,12,26,1850,5,2,1,1.0,4,36044,M,4682240.0,168320.0,36
201300025688,13,12,30,708,5,1,1,9.0,7,36202,M,,,36
201300025689,13,12,30,910,1,1,1,9.0,7,36202,M,4679030.0,160650.0,36
201300025690,13,12,31,1130,1,2,9,1.0,3,36044,M,4680410.0,167657.0,36
201300025691,13,1,8,1700,5,2,2,1.0,3,37261,M,,,37
201300025692,13,1,9,1255,1,2,2,1.0,3,37261,M,,,37
201300025693,13,1,11,800,5,2,3,1.0,6,37261,M,,,37
201300025694,13,1,11,1235,1,2,1,1.0,7,37261,M,,,37
201300025695,13,1,15,1845,5,2,1,1.0,6,37261,M,,,37
201300025696,13,1,15,1950,5,2,3,1.0,3,37261,M,,,37
201300025697,13,1,16,1055,1,2,3,1.0,6,37122,M,,,37
201300025698,13,1,20,1550,1,2,1,4.0,6,37195,M,,,37
201300025699,13,1,4,1300,1,2,2,1.0,3,37261,M,,,37
201300025700,13,1,4,1705,4,2,1,1.0,4,37261,M,,,37
201300025701,13,1,7,730,4,2,3,1.0,2,37261,M,,,37
201300025702,13,1,10,1350,1,2,1,1.0,5,37261,M,,,37
201300025703,13,1,8,900,1,2,6,1.0,3,37261,M,,,37
201300025704,13,1,19,2030,5,2,6,2.0,3,37214,M,,,37
201300025705,13,1,21,730,2,2,3,8.0,3,37261,M,,,37
201300025706,13,1,25,1520,1,2,3,1.0,6,37261,M,,,37
201300025707,13,1,30,1450,1,2,1,1.0,2,37233,M,,,37
201300025708,13,1,30,2005,5,2,1,8.0,6,37261,M,,,37
201300025709,13,2,11,1315,1,2,3,1.0,3,37261,M,,,37
201300025710,13,2,18,1355,1,2,6,1.0,2,37261,M,,,37
201300025711,13,2,19,740,1,2,6,1.0,3,37233,M,,,37
201300025712,13,2,19,1035,1,2,1,1.0,3,37195,M,,,37
201300025713,13,2,20,730,1,1,1,1.0,3,37233,M,,,37
201300025714,13,2,20,855,1,2,2,1.0,3,37261,M,,,37
201300025715,13,2,24,1640,1,2,1,8.0,6,37122,M,,,37
201300025716,13,3,7,1630,1,2,2,1.0,5,37261,M,,,37
201300025717,13,3,10,1200,1,2,1,1.0,6,37261,M,,,37
201300025718,13,3,20,1800,1,2,1,1.0,6,37233,M,,,37
201300025719,13,3,21,1120,1,2,2,1.0,7,37261,M,,,37
201300025720,13,3,21,825,1,1,1,1.0,2,37261,M,,,37
201300025721,13,3,26,1645,1,2,1,1.0,5,37261,M,,,37
201300025722,13,4,9,750,1,2,2,1.0,3,37261,M,,,37
201300025723,13,4,12,1615,1,2,2,1.0,3,37261,M,,,37
201300025724,13,4,15,1230,1,2,1,1.0,2,37214,M,,,37
201300025725,13,4,15,1010,1,2,1,1.0,4,37208,M,,,37
201300025726,13,1,12,530,3,1,1,2.0,1,37122,M,,,37
201300025727,13,1,22,755,2,2,1,2.0,4,37261,M,,,37
201300025728,13,1,21,2030,5,2,2,2.0,3,37261,M,,,37
201300025729,13,1,23,1150,1,2,6,1.0,3,37261,M,,,37
201300025730,13,1,27,1420,1,2,6,1.0,7,37261,M,,,37
201300025731,13,1,27,1620,1,2,6,2.0,7,37214,M,,,37
201300025732,13,1,28,740,5,2,1,1.0,6,37261,M,,,37
201300025733,13,1,29,815,2,2,1,2.0,2,37261,M,,,37
201300025734,13,2,1,1652,1,1,1,3.0,7,37261,M,,,37
201300025735,13,2,19,1645,1,1,1,1.0,6,37233,M,,,37
201300025736,13,2,21,1145,1,2,2,1.0,3,37261,M,,,37
201300025737,13,2,26,1650,1,2,3,1.0,2,37261,M,,,37
201300025738,13,2,26,1910,5,2,3,1.0,3,37122,M,,,37
201300025739,13,2,27,810,3,2,1,1.0,2,37233,M,,,37
201300025740,13,3,4,1700,1,2,1,1.0,6,37261,M,,,37
201300025741,13,3,6,855,1,2,2,1.0,6,37261,M,,,37
201300025742,13,3,16,1400,1,2,6,1.0,6,37214,M,,,37
201300025743,13,3,21,1540,1,2,3,1.0,6,37261,M,,,37
201300025744,13,3,27,1805,1,2,1,1.0,4,37261,M,,,37
201300025745,13,3,29,1120,1,2,1,1.0,2,37261,M,,,37
201300025746,13,4,3,1520,1,2,1,1.0,6,37261,M,,,37
201300025747,13,4,5,1030,1,2,3,8.0,3,37261,M,,,37
201300025748,13,1,19,1029,1,2,1,9.0,6,37261,M,,,37
201300025749,13,1,16,1435,1,2,3,1.0,3,37261,M,,,37
201300025750,13,1,22,1710,2,2,2,2.0,3,37261,M,,,37
201300025751,13,1,22,2040,3,1,1,2.0,4,37122,M,,,37
201300025752,13,1,23,1550,1,2,1,1.0,2,37261,M,,,37
201300025753,13,1,24,945,1,2,1,2.0,6,37208,M,,,37
201300025754,13,1,28,1836,5,2,2,1.0,3,37122,M,,,37
201300025755,13,1,29,1800,5,2,3,2.0,3,37233,M,,,37
201300025756,13,1,30,811,2,2,1,2.0,7,37261,M,,,37
201300025757,13,1,31,850,1,2,1,1.0,6,37261,M,,,37
201300025758,13,2,11,925,1,1,1,1.0,6,37122,M,,,37
201300025759,13,2,18,740,1,2,6,1.0,3,37261,M,,,37
201300025760,13,2,21,1900,4,2,2,1.0,3,37261,M,,,37
201300025761,13,2,22,1630,1,1,1,1.0,2,37195,M,,,37
201300025762,13,2,27,1310,1,2,1,1.0,6,37261,M,,,37
201300025763,13,2,27,1430,1,2,2,1.0,3,37261,M,,,37
201300025764,13,2,27,1730,1,2,2,1.0,4,37208,M,,,37
201300025765,13,3,1,1110,1,2,1,1.0,6,37261,M,,,37
201300025766,13,3,5,1740,1,1,2,1.0,6,37261,M,,,37
201300025767,13,3,6,1345,1,2,1,2.0,5,37233,M,,,37
201300025768,13,3,6,1527,1,2,3,1.0,3,37261,M,,,37
201300025769,13,3,6,1838,5,2,1,2.0,7,37208,M,,,37
201300025770,13,3,8,1011,1,2,2,1.0,3,37261,M,,,37
201300025771,13,3,11,2016,3,2,1,1.0,4,37214,M,,,37
201300025772,13,3,7,1207,1,1,1,1.0,5,37122,M,,,37
201300025773,13,3,12,1735,1,2,6,2.0,3,37195,M,,,37
201300025774,13,1,3,1025,1,2,2,1.0,6,37261,M,,,37
201300025775,13,1,26,2205,5,2,1,1.0,6,37214,M,,,37
201300025776,13,2,3,430,3,2,1,1.0,6,37122,M,,,37
201300025777,13,2,20,2245,5,2,1,1.0,6,37261,M,,,37
201300025778,13,3,11,2130,5,2,1,2.0,7,37233,M,,,37
201300025779,13,3,11,2225,5,2,1,2.0,7,37122,M,,,37
201300025780,13,3,17,345,5,2,1,2.0,6,37261,M,,,37
201300025781,13,3,19,2240,5,2,1,3.0,7,37261,M,,,37
201300025782,13,4,9,2210,5,2,1,1.0,7,37214,M,,,37
201300025783,13,4,13,2115,3,2,1,1.0,3,37122,M,,,37
201300025784,13,4,16,2215,5,2,1,1.0,6,37261,M,,,37
201300025785,13,4,25,2050,2,2,3,1.0,1,37261,M,,,37
201300025786,13,4,25,2305,5,2,1,1.0,7,37195,M,,,37
201300025787,13,5,11,105,5,2,2,1.0,6,37261,M,,,37
201300025788,13,5,13,2345,5,2,1,8.0,6,37261,M,,,37
201300025789,13,5,15,2250,5,2,1,8.0,6,37261,M,,,37
201300025790,13,5,17,2110,5,2,1,2.0,6,37261,M,,,37
201300025791,13,5,19,2055,2,2,1,2.0,1,37195,M,,,37
201300025792,13,6,7,2110,2,2,2,1.0,3,37261,M,,,37
201300025793,13,6,17,340,5,2,1,1.0,7,37261,M,,,37
201300025794,13,6,24,5,3,1,1,1.0,3,37122,M,,,37
201300025795,13,6,27,115,5,2,1,1.0,1,37261,M,,,37
201300025796,13,7,5,2100,1,2,2,1.0,3,37261,M,,,37
201300025797,13,7,6,2235,5,2,2,1.0,5,37261,M,,,37
201300025798,13,7,14,2110,1,2,1,1.0,6,37122,M,,,37
201300025799,13,7,16,2130,1,2,3,1.0,6,37122,M,,,37
201300025800,13,7,20,130,5,2,1,1.0,6,37214,M,,,37
201300025801,13,8,3,2235,2,2,1,1.0,6,37261,M,,,37
201300025802,13,8,11,2100,2,2,2,1.0,7,37261,M,,,37
201300025803,13,8,11,2320,5,2,2,1.0,3,37261,M,,,37
201300025804,13,12,5,1635,1,2,1,1.0,2,37261,M,,,37
201300025805,13,12,9,1836,1,2,1,1.0,2,37122,M,,,37
201300025806,13,12,12,739,2,1,1,1.0,6,37214,M,,,37
201300025807,13,12,13,1257,1,2,1,2.0,6,37233,M,,,37
201300025808,13,12,13,1816,1,2,2,1.0,6,37261,M,,,37
201300025809,13,1,10,2024,2,2,1,1.0,3,37233,M,,,37
201300025810,13,1,10,1801,2,2,1,1.0,6,37261,M,,,37
201300025811,13,1,13,26,2,2,1,1.0,6,37233,M,,,37
201300025812,13,3,13,752,1,2,3,1.0,3,37233,M,,,37
201300025813,13,3,18,1320,1,2,1,1.0,3,37261,M,,,37
201300025814,13,3,18,1633,1,2,1,1.0,6,37261,M,,,37
201300025815,13,3,13,850,1,2,2,1.0,4,37261,M,,,37
201300025816,13,3,18,1810,1,2,1,1.0,3,37261,M,,,37
201300025817,13,3,20,804,1,2,1,1.0,2,37214,M,,,37
201300025818,13,3,24,1343,1,2,2,1.0,3,37261,M,,,37
201300025819,13,3,31,901,1,2,3,1.0,3,37208,M,,,37
201300025820,13,4,4,1615,1,2,1,2.0,3,37261,M,,,37
201300025821,13,4,5,1615,1,2,1,2.0,1,37261,M,,,37
201300025822,13,4,10,1610,1,2,1,2.0,7,37261,M,,,37
201300025823,13,4,16,1715,1,2,1,1.0,6,37122,M,,,37
201300025824,13,4,24,745,1,2,1,1.0,7,37122,M,,,37
201300025825,13,4,30,1215,1,2,6,2.0,3,37261,M,,,37
201300025826,13,5,17,1710,1,2,3,1.0,3,37261,M,,,37
201300025827,13,5,16,1640,1,2,3,1.0,2,37261,M,,,37
201300025828,13,5,16,1250,1,2,6,1.0,4,37261,M,,,37
201300025829,13,5,11,2035,1,2,1,1.0,2,37261,M,,,37
201300025830,13,5,13,946,1,2,3,2.0,7,37233,M,,,37
201300025831,13,5,13,912,1,2,2,2.0,3,37261,M,,,37
201300025832,13,5,22,2010,1,2,2,1.0,3,37214,M,,,37
201300025833,13,6,3,1615,1,2,1,1.0,6,37261,M,,,37
201300025834,13,6,3,1825,1,2,1,1.0,6,37261,M,,,37
201300025835,13,1,11,1737,5,2,3,1.0,1,37122,M,,,37
201300025836,13,2,14,900,1,2,1,1.0,2,37122,M,,,37
201300025837,13,1,17,1907,5,2,2,1.0,3,37261,M,,,37
201300025838,13,4,11,1224,1,2,1,2.0,5,37261,M,,,37
201300025839,13,4,14,1350,1,2,3,1.0,3,37261,M,,,37
201300025840,13,4,9,1400,1,2,1,3.0,3,37261,M,,,37
201300025841,13,4,9,1315,1,2,2,3.0,3,37214,M,,,37
201300025842,13,5,3,1605,1,1,9,1.0,6,37261,M,,,37
201300025843,13,5,3,1635,1,1,1,1.0,2,37261,M,,,37
201300025844,13,5,4,500,5,2,1,1.0,2,37233,M,,,37
201300025845,13,5,5,1150,1,2,3,1.0,3,37233,M,,,37
201300025846,13,5,10,1000,1,2,3,1.0,4,37261,M,,,37
201300025847,13,5,15,1640,1,2,2,1.0,7,37233,M,,,37
201300025848,13,5,16,820,1,2,1,1.0,2,37214,M,,,37
201300025849,13,5,16,1000,1,2,6,1.0,3,37233,M,,,37
201300025850,13,5,21,2005,1,2,2,1.0,3,37261,M,,,37
201300025851,13,5,26,1610,1,2,3,1.0,7,37214,M,,,37
201300025852,13,5,27,1725,1,2,6,1.0,2,37261,M,,,37
201300025853,13,6,3,835,1,2,2,1.0,3,37195,M,,,37
201300025854,13,6,4,815,1,2,2,1.0,3,37208,M,,,37
201300025855,13,6,7,1625,1,2,3,1.0,3,37261,M,,,37
201300025856,13,6,7,1730,1,2,1,1.0,4,37261,M,,,37
201300025857,13,6,14,1320,1,2,1,1.0,6,37261,M,,,37
201300025858,13,6,14,1550,1,2,1,1.0,7,37261,M,,,37
201300025859,13,6,14,1610,1,2,2,1.0,3,37261,M,,,37