Num_Acc,an,mois,jour,hrmn,lum,agg,int,atm,col,com,gps,lat,long,dep
201300025860,13,6,19,1430,1,2,1,2.0,2,37261,M,,,37
201300025861,13,6,19,1630,1,1,1,1.0,2,37261,M,,,37
201300025862,13,6,19,1850,1,2,1,1.0,3,37261,M,,,37
201300025863,13,6,22,500,5,2,1,1.0,6,37261,M,,,37
201300025864,13,6,25,1745,1,2,3,1.0,6,37261,M,,,37
201300025865,13,6,25,1925,1,2,1,1.0,1,37195,M,,,37
201300025866,13,6,27,740,1,2,6,1.0,3,37261,M,,,37
201300025867,13,6,27,755,1,2,1,1.0,7,37261,M,,,37
201300025868,13,6,28,830,1,2,2,2.0,3,37195,M,,,37
201300025869,13,7,3,1025,1,2,1,1.0,2,37261,M,,,37
201300025870,13,7,3,1225,1,2,2,1.0,5,37261,M,,,37
201300025871,13,7,4,1125,1,2,3,1.0,6,37261,M,,,37
201300025872,13,7,8,1530,1,2,1,1.0,7,37214,M,,,37
201300025873,13,7,9,840,1,2,1,9.0,2,37261,M,,,37
201300025874,13,7,14,1820,1,2,1,1.0,5,37261,M,,,37
201300025875,13,1,18,2250,3,2,1,2.0,3,37261,M,,,37
201300025876,13,2,19,1625,1,2,1,1.0,6,37261,M,,,37
201300025877,13,2,22,850,2,2,6,1.0,6,37261,M,,,37
201300025878,13,4,25,1650,1,2,1,1.0,5,37195,M,,,37
201300025879,13,4,30,1900,1,2,6,1.0,7,37261,M,,,37
201300025880,13,5,3,755,1,2,2,1.0,3,37261,M,,,37
201300025881,13,5,7,1745,1,1,1,1.0,7,37122,M,,,37
201300025882,13,5,9,1145,1,2,6,1.0,3,37261,M,,,37
201300025883,13,5,13,1400,1,2,3,1.0,6,37261,M,,,37
201300025884,13,5,15,1225,1,2,1,1.0,3,37233,M,,,37
201300025885,13,5,18,1835,1,1,1,2.0,6,37261,M,,,37
201300025886,13,5,20,1220,1,2,1,2.0,7,37261,M,,,37
201300025887,13,5,25,1540,1,2,2,1.0,3,37261,M,,,37
201300025888,13,5,25,1405,1,2,1,1.0,7,37261,M,,,37
201300025889,13,5,27,600,1,2,6,1.0,3,37208,M,,,37
201300025890,13,6,5,1955,1,2,1,1.0,6,37261,M,,,37
201300025891,13,6,6,1425,1,1,3,1.0,6,37261,M,,,37
201300025892,13,6,8,600,5,2,1,1.0,7,37208,M,,,37
201300025893,13,1,25,1030,1,2,1,1.0,6,37122,M,,,37
201300025894,13,6,8,535,2,2,1,1.0,7,37261,M,,,37
201300025895,13,6,11,1815,1,2,1,1.0,5,37208,M,,,37
201300025896,13,6,13,830,1,2,1,1.0,2,37195,M,,,37
201300025897,13,6,13,1000,1,2,1,2.0,3,37261,M,,,37
201300025898,13,6,19,755,1,2,3,1.0,3,37261,M,,,37
201300025899,13,6,19,1144,1,2,1,2.0,4,37122,M,,,37
201300025900,13,6,20,915,1,2,2,1.0,3,37233,M,,,37
201300025901,13,6,23,1915,1,2,6,1.0,3,37261,M,,,37
201300025902,13,6,24,1915,1,2,1,1.0,1,37261,M,,,37
201300025903,13,7,1,1238,1,2,1,1.0,3,37261,M,,,37
201300025904,13,6,29,1630,1,2,1,1.0,2,37195,M,,,37
201300025905,13,7,2,1045,1,2,1,1.0,3,37195,M,,,37
201300025906,13,7,5,1300,1,2,1,1.0,7,37214,M,,,37
201300025907,13,7,5,1530,1,2,2,1.0,3,37261,M,,,37
201300025908,13,7,6,1827,1,2,2,1.0,3,37261,M,,,37
201300025909,13,7,5,1341,1,2,6,1.0,5,37261,M,,,37
201300025910,13,7,11,1615,1,2,1,1.0,7,37233,M,,,37
201300025911,13,7,18,1915,1,2,1,1.0,2,37261,M,,,37
201300025912,13,7,17,1715,1,2,1,1.0,3,37261,M,,,37
201300025913,13,7,20,1200,1,2,2,1.0,3,37261,M,,,37
201300025914,13,7,29,1300,1,2,1,1.0,6,37208,M,,,37
201300025915,13,7,31,740,1,2,2,1.0,3,37261,M,,,37
201300025916,13,8,5,1927,1,2,1,1.0,6,37261,M,,,37
201300025917,13,8,6,1135,1,2,1,1.0,3,37261,M,,,37
201300025918,13,3,4,1555,1,2,1,1.0,6,37261,M,,,37
201300025919,13,3,4,1710,1,2,2,1.0,6,37233,M,,,37
201300025920,13,3,2,1330,1,2,1,1.0,7,37122,M,,,37
201300025921,13,3,8,828,1,2,1,1.0,7,37261,M,,,37
201300025922,13,3,22,1705,1,2,3,1.0,6,37122,M,,,37
201300025923,13,3,23,1905,1,2,1,1.0,6,37214,M,,,37
201300025924,13,6,5,1240,1,2,1,1.0,3,37261,M,,,37
201300025925,13,6,6,910,1,2,1,1.0,6,37261,M,,,37
201300025926,13,6,12,1110,1,2,3,1.0,3,37261,M,,,37
201300025927,13,6,9,1831,1,2,6,1.0,7,37214,M,,,37
201300025928,13,6,15,1507,1,2,1,1.0,4,37261,M,,,37
201300025929,13,6,21,1325,1,2,1,1.0,6,37261,M,,,37
201300025930,13,6,21,1815,1,2,2,1.0,3,37261,M,,,37
201300025931,13,6,27,1402,1,2,1,1.0,7,37261,M,,,37
201300025932,13,7,3,1720,1,2,6,1.0,7,37261,M,,,37
201300025933,13,7,5,1005,1,2,3,1.0,3,37261,M,,,37
201300025934,13,7,9,2005,1,2,2,1.0,1,37261,M,,,37
201300025935,13,7,9,1715,1,2,3,1.0,3,37195,M,,,37
201300025936,13,7,10,1655,1,2,3,1.0,7,37261,M,,,37
201300025937,13,7,10,1835,1,2,7,1.0,3,37261,M,,,37
201300025938,13,7,11,845,1,2,2,1.0,3,37261,M,,,37
201300025939,13,7,12,1150,1,2,1,1.0,3,37261,M,,,37
201300025940,13,7,16,1725,1,1,6,1.0,7,37261,M,,,37
201300025941,13,7,16,1755,1,2,2,1.0,3,37261,M,,,37
201300025942,13,7,24,745,1,2,6,1.0,3,37261,M,,,37
201300025943,13,7,27,1313,1,2,2,1.0,3,37261,M,,,37
201300025944,13,4,23,1745,1,2,2,1.0,6,37261,M,,,37
201300025945,13,4,28,2012,1,2,2,1.0,6,37261,M,,,37
201300025946,13,6,12,1710,1,2,6,1.0,2,37214,M,,,37
201300025947,13,5,4,1522,1,2,1,1.0,6,37261,M,,,37
201300025948,13,5,3,2231,5,2,1,1.0,7,37214,M,,,37
201300025949,13,5,24,1015,1,2,1,1.0,7,37233,M,,,37
201300025950,13,5,21,805,1,2,1,1.0,7,37214,M,,,37
201300025951,13,5,21,815,1,2,1,1.0,6,37233,M,,,37
201300025952,13,8,6,1211,1,2,6,1.0,3,37122,M,,,37
201300025953,13,8,25,1200,1,2,1,2.0,7,37261,M,,,37
201300025954,13,8,25,1215,1,2,1,1.0,1,37208,M,,,37
201300025955,13,8,30,1225,1,2,2,1.0,3,37261,M,,,37
201300025956,13,9,3,1625,1,2,1,1.0,6,37261,M,,,37
201300025957,13,9,4,1630,1,2,1,1.0,6,37261,M,,,37
201300025958,13,9,5,910,1,2,3,1.0,3,37261,M,,,37
201300025959,13,9,11,820,1,2,3,1.0,2,37122,M,,,37
201300025960,13,9,11,1140,1,2,1,1.0,6,37214,M,,,37
201300025961,13,9,11,1220,1,2,2,1.0,3,37261,M,,,37
201300025962,13,9,27,1740,1,2,1,1.0,7,37261,M,,,37
201300025963,13,9,24,1151,1,2,1,1.0,7,37261,M,,,37
201300025964,13,9,24,720,2,1,1,1.0,7,37122,M,,,37
201300025965,13,9,24,830,1,2,9,1.0,6,37208,M,,,37
201300025966,13,10,3,1710,1,1,6,1.0,2,37233,M,,,37
201300025967,13,9,9,1420,1,1,1,1.0,7,37122,M,,,37
201300025968,13,9,24,850,1,2,1,1.0,5,37261,M,,,37
201300025969,13,10,4,2000,3,2,1,1.0,3,37261,M,,,37
201300025970,13,10,4,1700,1,2,1,1.0,3,37261,M,,,37
201300025971,13,10,9,1715,1,2,6,1.0,3,37208,M,,,37
201300025972,13,10,12,1005,1,2,1,2.0,7,37208,M,,,37
201300025973,13,2,10,1810,5,2,6,2.0,6,37261,M,,,37
201300025974,13,10,10,1400,1,2,1,1.0,6,37195,M,,,37
201300025975,13,10,15,1730,1,2,6,2.0,3,37261,M,,,37
201300025976,13,10,16,1750,1,2,1,2.0,1,37261,M,,,37
201300025977,13,10,17,730,2,2,1,8.0,7,37261,M,,,37
201300025978,13,10,18,900,1,2,1,1.0,2,37214,M,,,37
201300025979,13,10,18,1215,1,2,1,1.0,3,37261,M,,,37
201300025980,13,10,23,950,1,2,1,1.0,7,37122,M,,,37
201300025981,13,10,29,1000,1,2,1,1.0,7,37214,M,,,37
201300025982,13,1,1,215,5,2,2,3.0,3,37261,M,,,37
201300025983,13,1,19,2230,5,2,3,4.0,6,37214,M,,,37
201300025984,13,7,15,1100,1,2,2,1.0,3,37261,M,,,37
201300025985,13,7,22,1010,1,2,2,1.0,3,37261,M,,,37
201300025986,13,7,31,1605,1,2,6,1.0,3,37261,M,,,37
201300025987,13,8,3,935,1,1,1,1.0,3,37122,M,,,37
201300025988,13,8,6,1635,1,2,1,1.0,1,37233,M,,,37
201300025989,13,8,6,2010,1,2,3,1.0,3,37261,M,,,37
201300025990,13,8,13,1750,1,1,3,1.0,3,37233,M,,,37
201300025991,13,8,13,1815,1,2,1,1.0,3,37122,M,,,37
201300025992,13,8,21,925,1,2,1,1.0,1,37261,M,,,37
201300025993,13,8,30,1645,1,2,3,1.0,3,37261,M,,,37
201300025994,13,8,31,1600,1,2,3,1.0,7,37261,M,,,37
201300025995,13,9,5,1820,1,2,1,1.0,5,37261,M,,,37
201300025996,13,9,13,850,1,2,1,1.0,1,37261,M,,,37
201300025997,13,9,13,1245,1,2,1,1.0,3,37261,M,,,37
201300025998,13,9,18,1410,1,2,1,1.0,3,37261,M,,,37
201300025999,13,9,18,1705,1,2,1,2.0,3,37122,M,,,37
201300026000,13,9,20,805,1,2,3,2.0,3,37261,M,,,37
201300026001,13,9,23,1920,1,2,1,1.0,1,37233,M,,,37
201300026002,13,9,24,1330,1,2,2,1.0,3,37261,M,,,37
201300026003,13,9,24,1400,1,2,1,1.0,3,37261,M,,,37
201300026004,13,10,1,650,5,2,2,1.0,3,37261,M,,,37
201300026005,13,10,1,1225,1,1,1,1.0,6,37261,M,,,37
201300026006,13,10,2,646,5,2,5,1.0,3,37208,M,,,37
201300026007,13,10,1,950,1,2,1,1.0,6,37214,M,,,37
201300026008,13,10,5,1645,1,2,6,1.0,3,37214,M,,,37
201300026009,13,10,11,1945,5,2,1,2.0,3,37261,M,,,37
201300026010,13,10,14,900,1,2,1,2.0,7,37261,M,,,37
201300026011,13,10,14,1040,1,1,3,2.0,5,37122,M,,,37
201300026012,13,10,14,1200,1,2,1,2.0,7,37195,M,,,37
201300026013,13,10,14,625,5,2,1,1.0,7,37122,M,,,37
201300026014,13,10,18,1615,1,2,1,1.0,6,37122,M,,,37
201300026015,13,10,25,740,5,2,6,2.0,3,37261,M,,,37
201300026016,13,10,26,1225,1,2,1,1.0,7,37261,M,,,37
201300026017,13,2,1,725,2,2,6,8.0,3,37261,M,,,37
201300026018,13,8,19,2100,2,2,1,1.0,6,37214,M,,,37
201300026019,13,8,25,2215,3,2,1,2.0,6,37122,M,,,37
201300026020,13,8,28,2200,5,2,2,1.0,3,37261,M,,,37
201300026021,13,9,3,2150,5,2,1,1.0,7,37261,M,,,37
201300026022,13,9,14,2050,5,2,6,2.0,7,37261,M,,,37
201300026023,13,9,14,2305,3,2,1,1.0,6,37122,M,,,37
201300026024,13,9,15,2125,5,2,3,8.0,7,37261,M,,,37
201300026025,13,9,18,215,3,2,1,3.0,6,37122,M,,,37
201300026026,13,9,20,2335,5,2,2,1.0,3,37261,M,,,37
201300026027,13,9,24,2310,5,2,1,1.0,7,37261,M,,,37
201300026028,13,9,26,2100,5,2,1,1.0,7,37261,M,,,37
201300026029,13,8,11,2140,2,2,3,1.0,6,37233,M,,,37
201300026030,13,10,6,240,5,2,1,1.0,6,37261,M,,,37
201300026031,13,10,13,135,5,2,6,5.0,6,37261,M,,,37
201300026032,13,10,15,440,5,2,6,2.0,3,37214,M,,,37
201300026033,13,10,18,25,5,2,1,8.0,7,37261,M,,,37
201300026034,13,10,19,410,5,2,2,1.0,3,37261,M,,,37
201300026035,13,10,29,2055,5,2,7,1.0,4,37261,M,,,37
201300026036,13,11,4,2345,5,2,1,1.0,6,37233,M,,,37
201300026037,13,11,8,2255,5,2,2,1.0,6,37261,M,,,37
201300026038,13,11,16,2055,5,2,2,8.0,3,37233,M,,,37
201300026039,13,11,28,2055,5,2,1,8.0,3,37261,M,,,37
201300026040,13,12,1,250,5,2,1,1.0,7,37261,M,,,37
201300026041,13,12,20,100,5,2,2,2.0,3,37261,M,,,37
201300026042,13,6,6,2118,1,2,1,1.0,6,37261,M,,,37
201300026043,13,8,14,1725,1,2,3,1.0,3,37122,M,,,37
201300026044,13,8,15,1900,1,2,1,1.0,2,37261,M,,,37
201300026045,13,8,26,1900,1,2,1,1.0,3,37122,M,,,37
201300026046,13,9,1,1817,1,2,1,1.0,2,37261,M,,,37
201300026047,13,8,27,1732,1,2,1,1.0,3,37214,M,,,37
201300026048,13,9,7,1800,1,2,2,1.0,6,37261,M,,,37
201300026049,13,9,14,1715,1,2,1,3.0,2,37261,M,,,37
201300026050,13,9,16,723,2,2,1,2.0,7,37261,M,,,37
201300026051,13,9,10,839,1,2,6,1.0,2,37195,M,,,37
201300026052,13,9,21,620,3,2,1,5.0,7,37261,M,,,37
201300026053,13,9,20,1632,1,2,1,1.0,3,37261,M,,,37
201300026054,13,9,25,1805,1,2,1,1.0,6,37261,M,,,37
201300026055,13,9,28,545,5,2,3,2.0,3,37261,M,,,37
201300026056,13,10,1,1305,1,2,3,1.0,3,37214,M,,,37
201300026057,13,10,1,1452,1,2,1,1.0,3,37261,M,,,37
201300026058,13,9,27,915,1,2,2,1.0,3,37261,M,,,37
201300026059,13,10,1,1905,1,2,1,1.0,4,37261,M,,,37
201300026060,13,10,7,1655,1,2,1,1.0,3,37122,M,,,37
201300026061,13,10,7,1705,1,2,6,1.0,3,37261,M,,,37
201300026062,13,10,14,1739,1,2,1,1.0,6,37261,M,,,37
201300026063,13,10,15,745,4,2,2,3.0,4,37122,M,,,37
201300026064,13,10,15,805,2,2,1,3.0,7,37261,M,,,37
201300026065,13,10,10,739,1,2,2,1.0,3,37122,M,,,37
201300026066,13,10,16,820,2,2,1,2.0,7,37261,M,,,37
201300026067,13,10,16,950,1,2,1,2.0,1,37261,M,,,37
201300026068,13,10,20,1542,1,2,3,1.0,3,37261,M,,,37
201300026069,13,10,26,1255,1,2,1,1.0,3,37261,M,,,37
201300026070,13,10,31,1730,2,2,1,1.0,3,37195,M,,,37
201300026071,13,11,1,1330,1,2,1,1.0,7,37261,M,,,37
201300026072,13,11,7,1804,5,2,1,2.0,2,37261,M,,,37
201300026073,13,11,13,1330,1,2,2,1.0,2,37261,M,,,37
201300026074,13,11,9,1147,1,1,1,3.0,4,37122,M,,,37
201300026075,13,11,12,2035,4,2,3,1.0,2,37122,M,,,37
201300026076,13,2,14,820,1,2,1,1.0,3,37261,M,,,37
201300026077,13,6,24,1009,1,2,1,1.0,2,37261,M,,,37
201300026078,13,6,28,505,2,2,2,1.0,3,37261,M,,,37
201300026079,13,6,29,1553,1,2,1,1.0,2,37261,M,,,37
201300026080,13,6,16,1025,1,2,6,1.0,7,37261,M,,,37
201300026081,13,7,6,1101,1,2,1,1.0,6,37261,M,,,37
201300026082,13,7,7,1120,1,2,1,1.0,2,37261,M,,,37
201300026083,13,7,9,1800,1,2,1,1.0,6,37122,M,,,37
201300026084,13,7,22,1349,1,2,1,1.0,6,37122,M,,,37
201300026085,13,7,26,740,1,2,1,1.0,7,37261,M,,,37
201300026086,13,2,23,1550,1,2,2,1.0,3,37261,M,,,37
201300026087,13,8,13,112,3,2,1,1.0,7,37122,M,,,37
201300026088,13,8,12,1137,1,2,1,1.0,3,37122,M,,,37
201300026089,13,8,21,1200,1,2,2,1.0,6,37122,M,,,37
201300026090,13,8,25,1730,1,2,1,1.0,6,37122,M,,,37
201300026091,13,8,31,1623,1,2,1,1.0,6,37261,M,,,37
201300026092,13,11,4,800,2,2,6,3.0,7,37261,M,,,37
201300026093,13,11,4,1245,1,2,1,3.0,7,37261,M,,,37
201300026094,13,11,5,1000,1,2,1,1.0,4,37261,M,,,37
201300026095,13,11,9,1810,5,2,1,8.0,7,37233,M,,,37
201300026096,13,12,2,1815,5,2,1,1.0,7,37261,M,,,37
201300026097,13,12,3,1330,1,2,5,1.0,3,37261,M,,,37
201300026098,13,12,5,920,1,2,1,1.0,2,37261,M,,,37
201300026099,13,12,5,830,2,2,1,1.0,2,37214,M,,,37
201300026100,13,12,10,800,2,2,1,2.0,6,37261,M,,,37
201300026101,13,12,10,900,1,1,1,1.0,4,37122,M,,,37
201300026102,13,12,17,855,2,2,1,1.0,3,37233,M,,,37
201300026103,13,12,20,1540,1,2,1,1.0,7,37261,M,,,37
201300026104,13,12,20,1845,5,2,1,1.0,7,37261,M,,,37
201300026105,13,12,23,1125,1,2,1,8.0,1,37261,M,,,37
201300026106,13,12,27,1330,1,1,1,2.0,7,37122,M,,,37
201300026107,13,12,27,1530,1,1,1,2.0,7,37122,M,,,37
201300026108,13,12,27,1750,2,1,1,3.0,3,37122,M,,,37
201300026109,13,11,6,1100,1,2,1,1.0,6,37261,M,,,37
201300026110,13,11,10,1820,5,2,6,1.0,3,37261,M,,,37
201300026111,13,11,12,910,1,2,3,2.0,3,37261,M,,,37
201300026112,13,11,12,1125,1,2,2,2.0,3,37261,M,,,37
201300026113,13,11,13,840,1,2,3,1.0,3,37122,M,,,37
201300026114,13,11,22,1735,5,2,2,1.0,3,37261,M,,,37
201300026115,13,11,23,1930,3,1,1,1.0,7,37122,M,,,37
201300026116,13,11,30,1050,1,2,1,1.0,1,37261,M,,,37
201300026117,13,12,4,1700,2,2,3,8.0,2,37208,M,,,37
201300026118,13,12,5,1740,4,2,3,1.0,1,37261,M,,,37
201300026119,13,12,5,1920,5,2,3,1.0,3,37208,M,,,37
201300026120,13,12,10,1945,3,2,1,9.0,7,37261,M,,,37
201300026121,13,12,11,1755,5,2,1,1.0,6,37122,M,,,37
201300026122,13,12,12,845,1,2,1,1.0,6,37233,M,,,37
201300026123,13,12,13,1100,1,2,1,1.0,2,37261,M,,,37
201300026124,13,12,16,1345,1,2,2,1.0,6,37261,M,,,37
201300026125,13,12,16,1750,5,2,1,1.0,2,37261,M,,,37
201300026126,13,12,22,1340,1,2,1,1.0,1,37233,M,,,37
201300026127,13,12,23,1835,5,2,6,1.0,2,37214,M,,,37
201300026128,13,12,28,1250,1,2,2,2.0,3,37261,M,,,37
201300026129,13,12,29,1300,1,1,2,1.0,3,37233,M,,,37
201300026130,13,12,30,1105,1,2,6,1.0,2,37261,M,,,37
201300026131,13,9,9,1855,1,2,1,1.0,6,37261,M,,,37
201300026132,13,9,14,1925,4,2,6,1.0,7,37261,M,,,37
201300026133,13,9,27,1735,1,1,1,1.0,2,37122,M,,,37
201300026134,13,9,23,1954,1,2,1,1.0,6,37261,M,,,37
201300026135,13,9,16,730,2,2,1,2.0,7,37233,M,,,37
201300026136,13,9,18,1920,1,2,2,1.0,2,37261,M,,,37
201300026137,13,11,13,1640,1,2,6,1.0,3,37261,M,,,37
201300026138,13,11,14,1130,1,1,1,1.0,4,37195,M,,,37
201300026139,13,11,19,1440,1,2,1,1.0,3,37261,M,,,37
201300026140,13,11,19,1254,1,2,3,1.0,3,37261,M,,,37
201300026141,13,11,19,1000,1,2,1,1.0,3,37261,M,,,37
201300026142,13,11,21,830,1,2,6,1.0,3,37261,M,,,37
201300026143,13,11,25,1605,1,2,1,1.0,7,37261,M,,,37
201300026144,13,12,6,1520,1,2,3,1.0,3,37261,M,,,37
201300026145,13,11,25,1315,1,2,6,1.0,3,37261,M,,,37
201300026146,13,12,13,1630,1,2,2,2.0,6,37214,M,,,37
201300026147,13,12,7,2013,5,2,2,1.0,3,37233,M,,,37
201300026148,13,12,24,1800,5,2,1,3.0,4,37261,M,,,37
201300026149,13,12,30,1555,1,2,3,1.0,3,37261,M,,,37
201300026150,13,10,3,1805,1,2,1,1.0,2,37122,M,,,37
201300026151,13,10,16,819,2,1,2,1.0,6,37122,M,,,37
201300026152,13,10,26,1250,1,2,1,1.0,7,37233,M,,,37
201300026153,13,3,14,1830,1,2,1,1.0,7,37261,M,,,37
201300026154,13,12,31,2056,3,2,1,1.0,7,37122,M,,,37
201300026155,13,12,25,1509,1,2,1,1.0,7,37208,M,,,37
201300026156,13,12,31,145,5,2,1,1.0,7,37261,M,,,37
201300026157,13,1,1,1715,5,2,1,8.0,2,37261,M,,,37
201300026158,13,1,3,640,4,1,1,1.0,7,37261,M,,,37
201300026159,13,4,11,825,1,2,1,2.0,4,37261,M,,,37
201300026160,13,4,9,1030,1,2,3,1.0,3,37261,M,,,37
201300026161,13,4,14,1750,1,2,1,1.0,6,37122,M,,,37
201300026162,13,4,9,1225,1,2,2,8.0,6,37261,M,,,37
201300026163,13,4,25,1350,1,2,1,1.0,7,37233,M,,,37
201300026164,13,4,30,1655,1,2,1,2.0,7,37261,M,,,37
201300026165,13,4,30,1740,1,2,2,3.0,6,37261,M,,,37
201300026166,13,11,25,2020,3,2,1,1.0,6,37195,M,,,37
201300026167,13,5,24,735,1,2,3,1.0,6,37261,M,,,37
201300026168,13,5,25,1003,1,2,6,8.0,3,37233,M,,,37
201300026169,13,5,24,1210,1,2,1,2.0,2,37233,M,,,37
201300026170,13,5,28,2150,5,2,1,8.0,6,37261,M,,,37
201300026171,13,6,9,1434,1,2,1,1.0,6,37261,M,,,37
201300026172,13,6,10,1310,1,2,1,1.0,7,37261,M,,,37
201300026173,13,6,11,2200,2,2,1,1.0,2,37261,M,,,37
201300026174,13,6,18,1240,1,2,2,3.0,6,37214,M,,,37
201300026175,13,6,20,2110,5,2,1,2.0,6,37261,M,,,37
201300026176,13,6,30,300,5,2,1,1.0,6,37261,M,,,37
201300026177,13,6,4,821,1,2,2,7.0,3,37261,M,,,37
201300026178,13,7,12,1330,1,2,1,1.0,7,37233,M,,,37
201300026179,13,7,12,1715,1,2,2,1.0,3,37122,M,,,37
201300026180,13,7,12,822,1,2,2,1.0,1,37261,M,,,37
201300026181,13,7,17,1510,1,2,1,1.0,2,37233,M,,,37
201300026182,13,7,24,1450,1,2,6,1.0,3,37261,M,,,37
201300026183,13,7,8,2000,1,2,1,1.0,4,37261,M,,,37
201300026184,13,8,21,1740,1,2,3,1.0,5,37261,M,,,37
201300026185,13,9,1,1255,1,2,1,1.0,6,37261,M,,,37
201300026186,13,8,26,2115,5,2,1,2.0,1,37261,M,,,37
201300026187,13,9,6,1220,1,2,2,1.0,6,37261,M,,,37
201300026188,13,9,7,1010,1,2,1,1.0,6,37122,M,,,37
201300026189,13,9,3,1043,1,2,1,1.0,3,37261,M,,,37
201300026190,13,9,18,815,1,2,9,1.0,7,37261,M,,,37
201300026191,13,9,21,1720,1,2,3,1.0,3,37233,M,,,37
201300026192,13,9,23,1110,2,2,1,1.0,3,37233,M,,,37
201300026193,13,9,18,745,2,2,2,1.0,3,37261,M,,,37
201300026194,13,9,18,840,2,2,1,1.0,7,37208,M,,,37
201300026195,13,10,4,740,1,2,3,1.0,3,37208,M,,,37
201300026196,13,10,13,1720,1,2,2,1.0,3,37233,M,,,37
201300026197,13,10,19,2210,5,2,2,1.0,1,37261,M,,,37
201300026198,13,11,2,1930,5,2,3,3.0,3,37261,M,,,37
201300026199,13,11,21,1800,5,2,1,8.0,7,37261,M,,,37
201300026200,13,11,28,1200,1,2,1,1.0,6,37261,M,,,37
201300026201,13,11,30,2300,5,2,2,1.0,7,37214,M,,,37
201300026202,13,12,4,1100,1,2,3,1.0,6,37261,M,,,37
201300026203,13,12,9,1910,3,1,1,1.0,7,37122,M,,,37
201300026204,13,12,25,1335,1,2,3,1.0,6,37261,M,,,37
201300026205,13,1,1,2225,5,2,2,2.0,4,38053,M,4558490.0,527328.0,38
201300026206,13,4,5,2324,5,2,3,1.0,3,38053,M,,,38
201300026207,13,4,13,1555,1,2,9,1.0,6,38053,M,,,38
201300026208,13,4,15,1105,1,2,1,1.0,6,38053,M,,,38
201300026209,13,4,16,1900,1,2,1,1.0,3,38053,M,,,38
201300026210,13,5,11,1957,1,2,3,1.0,3,38053,M,,,38
201300026211,13,5,11,130,5,2,4,1.0,3,38053,M,,,38
201300026212,13,5,2,1625,1,2,1,1.0,6,38053,M,,,38
201300026213,13,6,14,750,1,2,6,1.0,6,38053,M,,,38
201300026214,13,6,18,1650,1,2,3,1.0,3,38053,M,,,38
201300026215,13,6,29,1430,1,2,1,2.0,1,38053,M,,,38
201300026216,13,6,26,1625,1,2,1,1.0,3,38053,M,,,38
201300026217,13,9,7,1917,1,2,1,3.0,7,38053,M,,,38
201300026218,13,9,26,1624,1,2,3,1.0,3,38053,M,,,38
201300026219,13,10,4,1800,1,2,3,3.0,3,38053,M,,,38
201300026220,13,12,19,1630,2,1,1,3.0,6,38053,M,,,38
201300026221,13,12,20,1900,5,2,1,1.0,2,38053,M,,,38
201300026222,13,12,14,851,1,2,1,8.0,2,38053,M,,,38
201300026223,13,12,12,1413,1,2,1,1.0,6,38053,M,,,38
201300026224,13,11,21,1500,1,2,3,2.0,6,38053,M,,,38
201300026225,13,1,2,1800,5,2,1,1.0,6,38421,M,4517830.0,575587.0,38
201300026226,13,1,8,1530,1,2,2,1.0,6,38185,M,4518740.0,572719.0,38
201300026227,13,1,9,1105,1,2,2,1.0,6,38185,M,4518840.0,572918.0,38
201300026228,13,1,9,2325,5,2,1,1.0,6,38423,M,4520080.0,572015.0,38
201300026229,13,1,10,1930,5,2,2,2.0,6,38185,M,4518580.0,571217.0,38
201300026230,13,1,11,1330,1,2,3,2.0,6,38169,M,4519250.0,569473.0,38
201300026231,13,1,14,1320,1,2,3,1.0,6,38421,M,4516810.0,576236.0,38
201300026232,13,1,24,1410,1,2,1,1.0,6,38185,M,4517610.0,572975.0,38
201300026233,13,1,31,930,1,2,2,1.0,3,38185,M,4518170.0,574484.0,38
201300026234,13,2,1,1730,1,2,4,2.0,6,38151,M,4514980.0,569793.0,38
201300026235,13,2,6,2005,5,2,2,4.0,6,38185,M,4518220.0,573434.0,38
201300026236,13,2,8,1205,1,2,1,1.0,3,38185,M,4517510.0,574332.0,38
201300026237,13,2,16,1700,1,2,3,1.0,6,38516,M,4519750.0,574894.0,38
201300026238,13,2,19,1900,1,2,2,1.0,6,38185,M,4519010.0,573499.0,38
201300026239,13,2,21,5,5,2,1,1.0,6,38185,M,4518150.0,572506.0,38
201300026240,13,2,21,820,1,2,2,1.0,3,38421,M,4518440.0,576821.0,38
201300026241,13,2,27,1530,1,2,2,1.0,3,38151,M,4514600.0,570486.0,38
201300026242,13,2,28,1050,1,2,1,1.0,6,38185,M,4519980.0,573998.0,38
201300026243,13,3,2,635,3,1,1,1.0,2,38423,M,,,38
201300026244,13,3,3,1330,1,2,1,1.0,2,38421,M,,,38
201300026245,13,3,6,1900,1,2,2,1.0,3,38185,M,,,38
201300026246,13,3,9,145,5,2,3,1.0,3,38185,M,,,38
201300026247,13,3,9,1944,3,2,1,1.0,6,38516,M,,,38
201300026248,13,3,13,1010,1,2,1,1.0,6,38151,M,4514600.0,570440.0,38
201300026249,13,3,15,1730,1,2,1,1.0,6,38185,M,,,38
201300026250,13,3,21,910,1,2,1,1.0,6,38185,M,,,38
201300026251,13,3,22,620,5,2,9,1.0,6,38185,M,,,38
201300026252,13,3,23,1940,5,2,1,1.0,6,38185,M,,,38
201300026253,13,3,26,852,1,2,1,8.0,6,38185,M,,,38
201300026254,13,3,29,1940,5,2,9,8.0,6,38421,M,,,38
201300026255,13,4,1,1430,1,1,2,1.0,3,38516,M,,,38
201300026256,13,4,4,1415,1,2,1,1.0,3,38185,M,,,38
201300026257,13,4,9,1135,1,2,1,1.0,6,38185,M,,,38