Num_Acc,an,mois,jour,hrmn,lum,agg,int,atm,col,com,gps,lat,long,dep
201300026258,13,4,19,1520,1,2,9,2.0,6,38185,M,,,38
201300026259,13,4,21,2024,2,1,9,1.0,7,38179,M,,,38
201300026260,13,4,22,1010,1,2,9,1.0,6,38151,M,,,38
201300026261,13,4,30,1300,1,2,1,1.0,6,38421,M,,,38
201300026262,13,4,30,1420,1,2,1,1.0,6,38169,M,,,38
201300026263,13,5,3,1749,1,2,1,1.0,3,38421,M,,,38
201300026264,13,5,4,1200,1,2,3,1.0,1,38185,M,,,38
201300026265,13,5,6,920,1,2,1,1.0,3,38151,M,,,38
201300026266,13,5,7,1400,1,2,1,1.0,3,38169,M,,,38
201300026267,13,5,13,1026,1,2,2,1.0,3,38421,M,,,38
201300026268,13,5,19,1815,1,2,1,1.0,4,38169,M,,,38
201300026269,13,5,21,2214,5,2,2,1.0,3,38185,M,,,38
201300026270,13,5,22,1830,1,2,1,1.0,1,38179,M,,,38
201300026271,13,5,25,945,1,2,2,2.0,6,38185,M,,,38
201300026272,13,5,25,1720,1,2,1,2.0,6,38185,M,,,38
201300026273,13,5,26,1830,1,2,1,1.0,2,38185,M,,,38
201300026274,13,5,27,1552,1,2,2,1.0,5,38185,M,,,38
201300026275,13,5,30,1650,1,2,1,1.0,6,38185,M,,,38
201300026276,13,5,30,1745,1,2,1,1.0,2,38185,M,,,38
201300026277,13,6,4,1255,1,2,3,1.0,6,38185,M,,,38
201300026278,13,6,8,1100,1,2,1,1.0,3,38421,M,,,38
201300026279,13,6,11,740,1,2,1,1.0,3,38151,M,,,38
201300026280,13,6,15,2300,5,2,1,1.0,6,38185,M,,,38
201300026281,13,6,16,2018,1,2,1,1.0,1,38185,M,,,38
201300026282,13,6,16,2245,5,2,1,1.0,6,38185,M,,,38
201300026283,13,6,18,900,1,2,1,1.0,5,38185,M,,,38
201300026284,13,6,18,945,1,2,2,1.0,1,38185,M,4518050.0,572325.0,38
201300026285,13,6,18,1624,1,2,2,1.0,3,38185,M,4516660.0,572845.0,38
201300026286,13,6,22,1520,1,2,1,1.0,4,38151,M,,,38
201300026287,13,6,24,923,1,1,1,2.0,6,38382,M,4522760.0,566770.0,38
201300026288,13,6,27,1630,1,2,1,1.0,6,38423,M,,,38
201300026289,13,6,30,2035,1,1,1,1.0,1,38179,M,4516450.0,580498.0,38
201300026290,13,7,1,1235,1,2,1,1.0,6,38185,M,,,38
201300026291,13,7,2,710,1,2,3,1.0,3,38185,M,,,38
201300026292,13,7,3,1519,1,2,2,1.0,2,38185,M,,,38
201300026293,13,7,5,1440,1,2,3,1.0,3,38185,M,,,38
201300026294,13,7,8,1200,1,2,1,1.0,6,38185,M,,,38
201300026295,13,7,8,2300,4,2,1,1.0,7,38151,M,,,38
201300026296,13,7,9,1850,1,2,1,1.0,6,38185,M,,,38
201300026297,13,7,21,1135,1,1,2,1.0,3,38423,M,,,38
201300026298,13,7,26,815,1,2,1,1.0,3,38185,M,,,38
201300026299,13,7,26,1730,1,2,1,1.0,6,38185,M,,,38
201300026300,13,7,26,2245,5,2,1,1.0,1,38185,M,,,38
201300026301,13,8,6,2310,5,2,1,1.0,2,38185,M,,,38
201300026302,13,8,20,20,5,2,2,1.0,3,38185,M,,,38
201300026303,13,8,20,810,1,2,1,1.0,6,38185,M,,,38
201300026304,13,8,23,1900,1,2,1,1.0,6,38185,M,,,38
201300026305,13,8,25,345,3,1,1,8.0,2,38185,M,,,38
201300026306,13,8,28,1130,1,2,1,1.0,3,38185,M,,,38
201300026307,13,8,28,1750,1,2,1,1.0,3,38185,M,,,38
201300026308,13,8,28,1929,1,2,1,1.0,6,38185,M,,,38
201300026309,13,8,30,1230,1,2,1,1.0,3,38185,M,,,38
201300026310,13,9,2,1455,1,2,1,1.0,6,38169,M,,,38
201300026311,13,9,2,1320,1,2,1,1.0,3,38185,M,,,38
201300026312,13,9,2,1620,1,2,1,1.0,1,38151,M,,,38
201300026313,13,9,3,1800,1,2,2,1.0,3,38169,M,,,38
201300026314,13,9,6,2020,5,2,1,1.0,6,38151,M,,,38
201300026315,13,9,8,1510,1,2,1,3.0,6,38185,M,,,38
201300026316,13,9,10,1825,1,1,1,1.0,2,38185,M,,,38
201300026317,13,9,15,1745,1,1,1,1.0,4,38185,M,,,38
201300026318,13,9,17,1245,1,2,2,8.0,1,38185,M,,,38
201300026319,13,9,21,1200,1,2,1,1.0,2,38185,M,,,38
201300026320,13,9,21,1605,1,2,3,1.0,3,38421,M,,,38
201300026321,13,9,22,1300,1,1,1,1.0,5,38185,M,,,38
201300026322,13,9,22,1945,1,1,1,1.0,1,38423,M,,,38
201300026323,13,9,22,2015,4,2,1,1.0,1,38185,M,,,38
201300026324,13,9,23,1815,1,2,1,1.0,6,38423,M,,,38
201300026325,13,9,24,1740,1,2,1,1.0,6,38185,M,,,38
201300026326,13,9,26,840,1,2,1,1.0,2,38151,M,,,38
201300026327,13,9,28,2140,4,2,1,1.0,3,38169,M,,,38
201300026328,13,10,1,930,1,2,2,1.0,3,38169,M,,,38
201300026329,13,10,2,853,1,2,1,1.0,6,38185,M,,,38
201300026330,13,10,2,1830,1,2,1,1.0,1,38185,M,,,38
201300026331,13,10,4,1327,1,2,1,1.0,6,38185,M,,,38
201300026332,13,10,5,36,4,2,1,2.0,6,38151,M,,,38
201300026333,13,10,9,1735,1,2,9,1.0,6,38185,M,,,38
201300026334,13,10,12,140,5,2,1,1.0,6,38185,M,,,38
201300026335,13,10,12,1930,5,2,2,1.0,3,38151,M,,,38
201300026336,13,10,14,1230,1,1,1,2.0,4,38151,M,,,38
201300026337,13,10,15,1410,1,2,9,1.0,6,38185,M,,,38
201300026338,13,10,16,935,1,2,2,1.0,3,38185,M,,,38
201300026339,13,10,17,1735,1,2,2,1.0,3,38151,M,,,38
201300026340,13,10,19,1145,1,2,9,1.0,6,38169,M,,,38
201300026341,13,10,21,1515,1,2,2,1.0,6,38151,M,,,38
201300026342,13,10,21,1855,5,2,1,1.0,6,38185,M,,,38
201300026343,13,10,25,2015,5,2,1,1.0,6,38185,M,,,38
201300026344,13,10,28,1210,1,2,1,1.0,6,38185,M,,,38
201300026345,13,10,29,10,5,2,1,2.0,6,38185,M,,,38
201300026346,13,10,29,1540,1,2,1,8.0,6,38151,M,,,38
201300026347,13,10,31,1745,2,2,1,1.0,6,38185,M,,,38
201300026348,13,11,1,1340,1,2,1,1.0,7,38185,M,4517630.0,570215.0,38
201300026349,13,11,8,1841,5,2,2,2.0,3,38169,M,,,38
201300026350,13,11,11,1620,1,2,1,1.0,6,38151,M,,,38
201300026351,13,11,14,1830,5,2,9,1.0,6,38516,M,,,38
201300026352,13,11,15,750,1,2,1,2.0,6,38185,M,,,38
201300026353,13,11,15,1614,1,2,2,1.0,3,38185,M,,,38
201300026354,13,11,16,1950,5,2,1,1.0,6,38421,M,,,38
201300026355,13,11,16,2305,5,2,2,1.0,6,38185,M,,,38
201300026356,13,11,20,1333,1,2,1,2.0,6,38421,M,,,38
201300026357,13,11,22,1900,5,2,9,1.0,6,38185,M,,,38
201300026358,13,11,23,1200,1,2,1,2.0,2,38185,M,,,38
201300026359,13,11,28,1755,5,2,2,1.0,3,38516,M,,,38
201300026360,13,11,28,2050,5,2,3,1.0,6,38185,M,,,38
201300026361,13,12,3,1,3,1,1,1.0,6,38151,M,,,38
201300026362,13,12,3,750,1,1,1,1.0,1,38421,M,,,38
201300026363,13,12,4,1840,5,2,1,1.0,6,38169,M,,,38
201300026364,13,12,6,630,3,1,1,1.0,6,38169,M,,,38
201300026365,13,12,10,1820,5,2,1,1.0,6,38185,M,,,38
201300026366,13,12,10,1820,5,2,1,1.0,6,38185,M,,,38
201300026367,13,12,11,1530,1,2,1,1.0,6,38185,M,,,38
201300026368,13,12,13,1,5,2,1,1.0,6,38185,M,,,38
201300026369,13,12,13,1745,5,1,1,1.0,5,38229,M,,,38
201300026370,13,12,14,2145,5,1,1,1.0,6,38185,M,,,38
201300026371,13,12,17,1320,1,2,1,1.0,6,38185,M,,,38
201300026372,13,12,20,1050,1,2,1,2.0,6,38185,M,,,38
201300026373,13,12,20,1345,1,2,1,1.0,6,38185,M,,,38
201300026374,13,1,28,1730,5,2,3,1.0,6,38544,M,4553500.0,487456.0,38
201300026375,13,3,10,1724,1,2,1,1.0,3,38544,M,,,38
201300026376,13,5,7,2300,3,1,1,1.0,7,38544,M,,,38
201300026377,13,5,14,1710,1,2,1,1.0,6,38544,M,,,38
201300026378,13,5,15,1020,1,2,1,2.0,6,38318,M,,,38
201300026379,13,6,18,1640,1,2,1,1.0,6,38318,M,,,38
201300026380,13,7,21,115,3,1,1,1.0,6,38544,M,,,38
201300026381,13,12,11,1900,5,2,1,1.0,3,38544,M,,,38
201300026382,13,1,11,1210,1,2,1,2.0,1,38563,M,4535810.0,559219.0,38
201300026383,13,3,13,1126,1,2,1,1.0,7,38563,M,,,38
201300026384,13,4,25,1210,1,2,6,1.0,3,38563,M,,,38
201300026385,13,7,15,222,5,2,1,1.0,6,38563,M,,,38
201300026386,13,11,24,1830,5,2,6,2.0,1,38563,M,,,38
201300026387,13,12,26,1900,5,2,9,2.0,2,38563,M,,,38
201300026388,13,1,28,20,5,2,1,2.0,6,39198,M,,,39
201300026389,13,4,26,1907,1,2,1,2.0,6,39198,M,,,39
201300026390,13,5,19,2025,1,2,1,1.0,6,39198,M,,,39
201300026391,13,6,4,1510,1,2,1,1.0,3,39198,M,,,39
201300026392,13,8,11,2040,1,2,1,1.0,6,39198,M,,,39
201300026393,13,9,1,1915,1,2,3,1.0,3,39198,M,,,39
201300026394,13,9,14,2355,5,2,1,3.0,7,39198,M,,,39
201300026395,13,9,12,2130,3,1,1,1.0,3,39198,M,,,39
201300026396,13,11,5,1700,5,2,3,2.0,7,39198,M,,,39
201300026397,13,11,9,1550,1,1,1,1.0,6,39150,M,,,39
201300026398,13,2,6,1735,5,2,1,2.0,6,39300,M,,,39
201300026399,13,3,4,1230,1,1,9,1.0,3,39362,M,,,39
201300026400,13,3,22,1300,1,2,1,1.0,2,39300,M,,,39
201300026401,13,6,10,1117,1,2,1,1.0,6,39300,M,,,39
201300026402,13,6,15,1744,1,2,1,1.0,6,39362,M,,,39
201300026403,13,8,1,1835,1,2,9,1.0,3,39300,M,,,39
201300026404,13,8,3,945,1,1,1,1.0,7,39411,M,,,39
201300026405,13,9,28,2145,5,2,1,1.0,6,39300,M,,,39
201300026406,13,10,16,1350,1,2,1,1.0,6,39300,M,,,39
201300026407,13,11,1,540,5,1,1,1.0,2,39362,M,,,39
201300026408,13,11,6,1535,1,2,3,1.0,3,39300,M,,,39
201300026409,13,11,8,1710,2,1,1,2.0,6,39362,M,,,39
201300026410,13,3,27,1040,1,2,1,1.0,6,40088,M,4371092.0,-105461.0,40
201300026411,13,3,31,615,3,1,1,2.0,6,40279,M,4371471.0,-107277.0,40
201300026412,13,4,21,610,2,1,1,1.0,6,40088,M,4368145.0,-104274.0,40
201300026413,13,5,7,1540,1,2,3,1.0,3,40088,M,4372056.0,-105231.0,40
201300026414,13,5,19,2130,5,2,1,1.0,6,40088,M,4371431.0,-104388.0,40
201300026415,13,6,3,800,1,2,1,1.0,3,40279,M,4373292.0,-104959.0,40
201300026416,13,6,26,1610,1,2,1,1.0,6,40279,M,4372286.0,-105153.0,40
201300026417,13,7,9,1005,1,2,6,1.0,2,40279,M,4372566.0,-106898.0,40
201300026418,13,7,18,1440,1,2,3,1.0,3,40088,M,4370534.0,-103871.0,40
201300026419,13,7,31,2213,3,2,8,1.0,3,40088,M,4369384.0,-102952.0,40
201300026420,13,8,1,755,1,2,1,1.0,6,40279,M,4372390.0,-105113.0,40
201300026421,13,8,3,1035,1,2,1,1.0,6,40088,M,,,40
201300026422,13,9,1,2035,1,2,2,1.0,3,40088,M,4369417.0,-106946.0,40
201300026423,13,9,3,1235,1,2,1,1.0,3,40088,M,4369280.0,-105470.0,40
201300026424,13,9,6,1435,1,2,3,1.0,5,40088,M,4371329.0,-105976.0,40
201300026425,13,9,9,715,5,2,1,2.0,6,40088,M,4370899.0,-104946.0,40
201300026426,13,10,2,1425,1,2,1,1.0,2,40279,M,4372225.0,-105174.0,40
201300026427,13,10,7,1055,1,2,1,1.0,6,40088,M,4370735.0,-104032.0,40
201300026428,13,11,22,1835,5,1,3,1.0,5,40088,M,4368637.0,-104428.0,40
201300026429,13,11,22,1845,5,2,1,1.0,6,40088,M,4370484.0,-105256.0,40
201300026430,13,11,28,1735,5,2,3,1.0,3,40088,M,4370979.0,-105752.0,40
201300026431,13,12,9,2050,4,2,1,1.0,1,40088,M,4369448.0,-104781.0,40
201300026432,13,1,22,1130,1,2,3,1.0,6,40192,M,4388822.0,-50867.0,40
201300026433,13,2,6,1430,1,1,1,1.0,3,40281,M,4385570.0,-48177.0,40
201300026434,13,3,1,1135,1,2,1,1.0,6,40192,M,4390186.0,-47931.0,40
201300026435,13,4,30,815,1,1,1,8.0,5,40281,M,4386639.0,-50857.0,40
201300026436,13,5,13,1036,1,2,1,1.0,4,40192,M,4386282.0,-48589.0,40
201300026437,13,7,3,1635,1,2,1,2.0,6,40192,M,4389034.0,-51244.0,40
201300026438,13,7,4,1100,1,2,3,1.0,3,40281,M,4387998.0,-51748.0,40
201300026439,13,7,9,1809,1,2,3,1.0,5,40192,M,4388352.0,-48118.0,40
201300026440,13,8,7,930,1,1,1,1.0,3,40281,M,4388201.0,-52733.0,40
201300026441,13,8,27,805,1,2,1,1.0,1,40192,M,4387168.0,-49070.0,40
201300026442,13,8,28,1115,1,2,3,1.0,3,40192,M,4388483.0,-51381.0,40
201300026443,13,9,9,1615,1,2,6,1.0,3,40281,M,4386702.0,-48855.0,40
201300026444,13,9,16,910,1,1,1,1.0,5,40281,M,4386621.0,-50574.0,40
201300026445,13,9,16,805,2,2,1,1.0,4,40192,M,4387522.0,-47015.0,40
201300026446,13,10,21,2310,3,1,1,1.0,3,40192,M,4391147.0,-44996.0,40
201300026447,13,11,29,1630,1,2,1,1.0,6,40192,M,4388904.0,-46336.0,40
201300026448,13,12,10,1138,1,2,3,1.0,3,40192,M,4390062.0,-48678.0,40
201300026449,13,12,16,758,2,2,7,1.0,6,40192,M,4388675.0,-50211.0,40
201300026450,13,1,2,1525,1,2,1,1.0,6,41018,M,,,41
201300026451,13,1,3,1750,5,2,1,2.0,6,41018,M,4759360.0,135447.0,41
201300026452,13,1,4,923,1,2,1,1.0,7,41018,M,,,41
201300026453,13,1,14,200,4,2,1,1.0,6,41047,M,4761360.0,136169.0,41
201300026454,13,1,14,710,5,2,1,1.0,1,41018,M,4758940.0,134124.0,41
201300026455,13,1,16,1225,1,2,1,1.0,2,41018,M,4758980.0,134191.0,41
201300026456,13,1,26,2220,5,2,2,1.0,3,41018,M,4758300.0,132087.0,41
201300026457,13,2,1,1515,1,2,1,2.0,3,41018,M,,,41
201300026458,13,2,4,1345,1,2,3,1.0,3,41018,M,,,41
201300026459,13,2,13,1900,5,2,2,1.0,1,41018,M,4757800.0,132101.0,41
201300026460,13,2,19,1550,1,2,1,1.0,2,41047,M,,,41
201300026461,13,2,25,750,1,2,1,4.0,1,41018,M,,,41
201300026462,13,2,27,1750,1,2,1,1.0,7,41018,M,,,41
201300026463,13,3,22,1620,1,2,2,1.0,1,41212,M,4756490.0,136768.0,41
201300026464,13,3,27,1217,1,2,1,1.0,6,41018,M,,,41
201300026465,13,4,7,1105,1,2,6,1.0,3,41212,M,4756150.0,137295.0,41
201300026466,13,4,11,1200,1,2,2,1.0,3,41018,M,,,41
201300026467,13,5,25,1835,1,2,1,1.0,7,41018,M,,,41
201300026468,13,5,24,1745,1,1,1,3.0,2,41212,M,4756000.0,137326.0,41
201300026469,13,6,14,1820,1,2,6,1.0,5,41018,M,,,41
201300026470,13,6,20,1644,1,2,3,1.0,3,41018,M,,,41
201300026471,13,6,22,130,3,2,1,2.0,7,41212,M,,,41
201300026472,13,6,26,1835,1,2,1,1.0,3,41047,M,4761570.0,136419.0,41
201300026473,13,6,28,1837,1,2,1,2.0,6,41047,M,4760480.0,135158.0,41
201300026474,13,7,3,545,3,2,1,2.0,6,41018,M,,,41
201300026475,13,7,5,1615,1,2,3,1.0,3,41018,M,,,41
201300026476,13,8,7,2158,3,1,1,2.0,2,41018,M,4759360.0,135447.0,41
201300026477,13,8,12,1345,1,2,1,1.0,3,41018,M,,,41
201300026478,13,8,29,1350,1,2,1,1.0,7,41018,M,,,41
201300026479,13,8,30,1130,1,1,1,1.0,7,41047,M,,,41
201300026480,13,9,25,1730,1,2,1,1.0,2,41018,M,,,41
201300026481,13,9,25,1730,5,2,1,1.0,2,41018,M,,,41
201300026482,13,9,27,1128,1,2,1,1.0,7,41295,M,,,41
201300026483,13,10,3,1505,1,1,6,1.0,2,41212,M,4756150.0,137295.0,41
201300026484,13,10,13,315,3,1,1,1.0,7,41018,M,4759690.0,135046.0,41
201300026485,13,10,16,1710,1,2,2,3.0,7,41018,M,,,41
201300026486,13,10,31,1335,1,2,1,1.0,3,41047,M,4760800.0,135520.0,41
201300026487,13,11,5,1041,1,1,1,2.0,3,41018,M,4759410.0,135375.0,41
201300026488,13,11,6,905,1,1,1,1.0,7,41018,M,4761680.0,132874.0,41
201300026489,13,11,19,1754,5,2,1,2.0,2,41018,M,4758940.0,134124.0,41
201300026490,13,11,29,1023,1,2,1,1.0,2,41018,M,,,41
201300026491,13,12,15,35,4,2,1,1.0,6,41295,M,4757560.0,139708.0,41
201300026492,13,12,14,206,4,2,1,1.0,7,41018,M,,,41
201300026493,13,12,17,1513,1,2,6,1.0,2,41018,M,,,41
201300026494,13,12,27,1129,1,2,1,2.0,7,41018,M,4759760.0,134927.0,41
201300026495,13,12,28,920,1,1,1,1.0,7,41018,M,4761680.0,132874.0,41
201300026496,13,12,28,1140,1,2,1,2.0,1,41018,M,4758140.0,132338.0,41
201300026497,13,12,30,1935,3,1,1,1.0,7,41018,M,4756510.0,130272.0,41
201300026498,13,1,10,1735,5,2,1,2.0,2,41018,M,,,41
201300026499,13,2,2,1825,3,2,1,2.0,7,41018,M,,,41
201300026500,13,2,12,1740,2,2,1,1.0,6,41018,M,,,41
201300026501,13,2,22,245,5,1,1,1.0,7,41018,M,4758970.0,135964.0,41
201300026502,13,2,27,1838,5,2,1,1.0,6,41018,M,,,41
201300026503,13,2,26,1750,1,2,3,1.0,3,41018,M,,,41
201300026504,13,3,30,1615,1,1,1,2.0,5,41018,M,4756960.0,131409.0,41
201300026505,13,4,29,1415,2,2,1,1.0,6,41018,M,4758840.0,133973.0,41
201300026506,13,5,2,1740,1,2,1,1.0,5,41047,M,,,41
201300026507,13,5,31,928,1,2,1,1.0,3,41018,M,,,41
201300026508,13,6,18,1759,1,1,1,1.0,2,41018,M,4759550.0,135199.0,41
201300026509,13,7,5,1258,1,2,1,1.0,2,41018,M,,,41
201300026510,13,8,3,1540,1,2,1,1.0,3,41018,M,,,41
201300026511,13,8,4,1130,1,2,1,1.0,6,41018,M,,,41
201300026512,13,8,27,1539,1,2,1,1.0,3,41018,M,,,41
201300026513,13,9,5,858,1,1,3,1.0,3,41047,M,4762410.0,135392.0,41
201300026514,13,9,8,845,1,1,1,1.0,1,41018,M,,,41
201300026515,13,9,20,100,3,1,1,2.0,6,41212,M,4755560.0,138220.0,41
201300026516,13,9,21,1750,1,2,1,1.0,6,41295,M,,,41
201300026517,13,10,3,2000,3,1,3,1.0,3,41018,M,,,41
201300026518,13,10,15,1124,1,2,1,2.0,6,41295,M,,,41
201300026519,13,10,23,1755,2,2,1,7.0,6,41018,M,,,41
201300026520,13,11,7,2025,5,2,3,2.0,3,41295,M,,,41
201300026521,13,11,10,730,5,1,1,2.0,1,41018,M,4755650.0,129553.0,41
201300026522,13,11,23,430,4,2,1,1.0,1,41018,M,,,41
201300026523,13,11,30,1836,3,2,1,1.0,6,41018,M,,,41
201300026524,13,3,31,400,5,2,1,1.0,6,41194,M,4735300.0,175127.0,41
201300026525,13,4,24,1915,1,2,3,1.0,6,41194,M,,,41
201300026526,13,5,21,900,1,2,1,1.0,7,41194,M,,,41
201300026527,13,1,14,1435,1,2,2,1.0,3,41269,M,,,41
201300026528,13,1,17,1405,1,2,2,1.0,2,41269,M,4781080.0,107385.0,41
201300026529,13,1,25,1510,1,2,1,1.0,4,41269,M,4780030.0,107254.0,41
201300026530,13,2,1,1320,1,1,6,1.0,7,41269,M,4779650.0,101031.0,41
201300026531,13,2,6,1645,1,2,1,1.0,6,41269,M,4779710.0,105368.0,41
201300026532,13,2,17,1905,5,2,1,1.0,3,41269,M,,,41
201300026533,13,2,27,1425,1,1,1,8.0,2,41269,M,,,41
201300026534,13,2,27,1530,1,1,1,1.0,7,41269,M,4781090.0,102713.0,41
201300026535,13,3,21,1045,1,1,1,1.0,7,41269,M,,,41
201300026536,13,3,23,110,5,2,1,1.0,7,41269,M,,,41
201300026537,13,3,28,1730,1,2,2,1.0,3,41269,M,,,41
201300026538,13,12,18,1900,5,2,3,1.0,3,41269,M,,,41
201300026539,13,1,11,1555,1,2,2,1.0,3,41269,M,,,41
201300026540,13,2,2,1505,1,2,2,1.0,7,41269,M,4779360.0,107615.0,41
201300026541,13,2,16,115,3,1,1,5.0,7,41158,M,,,41
201300026542,13,2,19,1335,1,2,5,1.0,3,41269,M,4778100.0,107392.0,41
201300026543,13,3,4,950,1,2,1,1.0,3,41269,M,,,41
201300026544,13,3,12,2050,5,2,2,1.0,3,41269,M,,,41
201300026545,13,3,22,450,3,2,1,1.0,7,41003,M,4779360.0,108788.0,41
201300026546,13,4,12,1900,1,2,1,1.0,2,41269,M,,,41
201300026547,13,5,14,1030,1,2,5,1.0,3,41226,M,4780420.0,107108.0,41
201300026548,13,6,10,1210,1,2,3,1.0,3,41269,M,,,41
201300026549,13,6,18,1200,1,2,3,3.0,3,41269,M,,,41
201300026550,13,6,20,250,4,2,2,1.0,7,41269,M,,,41
201300026551,13,6,21,1155,1,2,5,1.0,6,41269,M,4780380.0,107103.0,41
201300026552,13,6,24,1210,1,2,1,1.0,5,41226,M,,,41
201300026553,13,8,25,5,5,2,2,1.0,3,41269,M,,,41
201300026554,13,10,11,1900,2,2,1,2.0,2,41158,M,,,41
201300026555,13,10,15,1715,1,2,2,2.0,3,41269,M,,,41
201300026556,13,10,25,1135,1,2,1,8.0,7,41269,M,,,41
201300026557,13,10,25,745,2,2,2,2.0,7,41269,M,,,41
201300026558,13,11,12,455,5,2,3,1.0,3,41158,M,,,41
201300026559,13,12,5,1810,5,2,1,1.0,6,41269,M,,,41
201300026560,13,12,27,1745,5,2,1,2.0,7,41269,M,,,41
201300026561,13,1,10,850,2,1,1,9.0,6,42099,M,4538009.0,427308.0,42
201300026562,13,1,9,640,5,1,1,4.0,6,42316,M,4540537.0,428731.0,42
201300026563,13,1,18,1120,1,2,1,1.0,6,42099,M,4538778.0,426683.0,42
201300026564,13,2,5,1420,1,1,1,8.0,3,42316,M,4540916.0,425170.0,42
201300026565,13,2,20,610,5,2,1,1.0,6,42044,M,4539663.0,432390.0,42
201300026566,13,3,20,1745,1,2,1,1.0,6,42183,M,4540295.0,436206.0,42
201300026567,13,3,26,1920,5,2,1,1.0,6,42095,M,4539110.0,428255.0,42
201300026568,13,3,31,1330,1,1,1,1.0,6,42044,M,4539393.0,432991.0,42
201300026569,13,3,30,1840,1,2,1,2.0,5,42183,M,4540434.0,436786.0,42
201300026570,13,4,19,1805,1,2,1,1.0,6,42095,M,4539190.0,429115.0,42
201300026571,13,4,18,1915,1,2,3,1.0,3,42095,M,4538883.0,428676.0,42
201300026572,13,4,27,1600,1,2,1,2.0,3,42095,M,4539271.0,429010.0,42
201300026573,13,4,27,2140,3,1,1,4.0,2,42183,M,4540782.0,436136.0,42
201300026574,13,5,12,1015,1,2,1,1.0,3,42316,M,4539376.0,426948.0,42
201300026575,13,6,3,1800,1,2,1,1.0,3,42095,M,4538661.0,428406.0,42
201300026576,13,6,16,1230,1,1,3,1.0,3,42270,M,4539635.0,423496.0,42
201300026577,13,6,19,1750,1,2,3,1.0,3,42183,M,4540643.0,436735.0,42
201300026578,13,6,30,1446,1,1,1,1.0,7,42031,M,4542966.0,424248.0,42
201300026579,13,7,6,2335,5,2,1,1.0,3,42044,M,4539572.0,431818.0,42
201300026580,13,7,17,1820,1,2,1,1.0,6,42316,M,4540148.0,426057.0,42
201300026581,13,7,23,25,5,1,1,1.0,3,42270,M,4540074.0,423952.0,42
201300026582,13,8,30,1900,1,2,1,1.0,5,42183,M,4540095.0,435563.0,42
201300026583,13,9,4,1500,1,2,1,1.0,1,42316,M,4540628.0,426943.0,42
201300026584,13,9,11,1200,1,2,1,1.0,3,42183,M,4541159.0,436919.0,42
201300026585,13,9,28,1925,1,2,1,1.0,1,42270,M,4540070.0,423932.0,42
201300026586,13,9,28,1515,1,2,1,1.0,3,42044,M,4539229.0,430243.0,42
201300026587,13,10,4,1145,1,1,1,1.0,6,42183,M,4540684.0,437971.0,42
201300026588,13,10,14,1715,1,2,1,1.0,3,42316,M,4539268.0,426930.0,42
201300026589,13,12,1,1745,4,1,1,1.0,6,42044,M,4539510.0,433755.0,42
201300026590,13,11,30,1915,3,1,1,1.0,6,42095,M,4537899.0,427480.0,42
201300026591,13,12,26,2040,5,2,1,1.0,1,42095,M,4538635.0,429870.0,42
201300026592,13,5,12,1130,1,1,1,1.0,3,42186,M,4551247.0,458521.0,42
201300026593,13,5,25,1500,1,2,1,8.0,6,42186,M,4552885.0,461730.0,42
201300026594,13,11,1,2010,5,2,1,1.0,1,42103,M,4550536.0,457028.0,42
201300026595,13,12,12,15,5,2,1,1.0,6,42103,M,4549527.0,456180.0,42
201300026596,13,12,21,35,5,2,4,1.0,3,42186,M,4552432.0,460712.0,42
201300026597,13,2,11,1730,2,2,1,1.0,3,42187,M,4606688.0,408284.0,42
201300026598,13,1,23,914,1,2,1,1.0,6,42187,M,4603643.0,406491.0,42
201300026599,13,1,25,1330,1,2,1,1.0,6,42187,M,4603966.0,406663.0,42
201300026600,13,1,24,1315,1,2,1,1.0,6,42187,M,4604492.0,408394.0,42
201300026601,13,1,10,515,5,2,2,1.0,3,42187,M,4604355.0,406745.0,42
201300026602,13,1,11,802,2,2,4,2.0,6,42187,M,4604202.0,407304.0,42
201300026603,13,1,12,1740,5,2,6,1.0,3,42187,M,4603631.0,406405.0,42
201300026604,13,1,20,1100,1,2,1,1.0,6,42187,M,4603085.0,406714.0,42
201300026605,13,1,24,1520,1,2,4,1.0,3,42187,M,4603484.0,407876.0,42
201300026606,13,1,25,1900,5,2,1,1.0,7,42187,M,4605969.0,408261.0,42
201300026607,13,1,27,1705,1,2,1,1.0,2,42184,M,4603962.0,403733.0,42
201300026608,13,1,31,1315,1,2,1,1.0,3,42187,M,4603393.0,405410.0,42
201300026609,13,2,8,1915,5,2,6,1.0,3,42127,M,4606293.0,406270.0,42
201300026610,13,2,1,1810,5,2,3,2.0,3,42187,M,4605736.0,408714.0,42
201300026611,13,3,2,1650,1,2,1,1.0,6,42187,M,4603991.0,408063.0,42
201300026612,13,3,10,1555,1,2,1,1.0,2,42184,M,4603946.0,404426.0,42
201300026613,13,3,8,1650,1,2,1,1.0,6,42187,M,4603613.0,407533.0,42
201300026614,13,3,19,1010,1,2,1,1.0,1,42187,M,4602692.0,406297.0,42
201300026615,13,3,19,920,1,2,4,1.0,3,42187,M,4602877.0,406529.0,42