Num_Acc,an,mois,jour,hrmn,lum,agg,int,atm,col,com,gps,lat,long,dep
201300026616,13,4,5,825,1,2,3,2.0,6,42187,M,4602890.0,406569.0,42
201300026617,13,4,11,1240,1,2,6,1.0,3,42184,M,4604750.0,405147.0,42
201300026618,13,4,12,1210,1,2,3,1.0,1,42187,M,4603765.0,407536.0,42
201300026619,13,4,17,908,1,2,1,1.0,2,42187,M,4604758.0,408225.0,42
201300026620,13,4,20,1040,1,2,2,2.0,3,42187,M,4604244.0,405818.0,42
201300026621,13,4,20,1520,1,2,1,2.0,1,42071,M,4602635.0,408566.0,42
201300026622,13,3,18,1620,1,2,1,1.0,3,42187,M,4603945.0,408244.0,42
201300026623,13,3,27,1610,1,2,1,1.0,7,42127,M,4607017.0,407442.0,42
201300026624,13,3,17,510,5,2,1,1.0,2,42187,M,4603116.0,406733.0,42
201300026625,13,5,5,1240,2,1,1,1.0,6,42170,M,4604988.0,412877.0,42
201300026626,13,4,22,1620,1,2,1,1.0,4,42127,M,4606755.0,405233.0,42
201300026627,13,4,29,1345,1,2,1,1.0,2,42187,M,4604784.0,406811.0,42
201300026628,13,4,29,1520,1,1,1,2.0,2,42170,M,4603418.0,418193.0,42
201300026629,13,5,3,2125,5,2,6,1.0,3,42187,M,4603691.0,406534.0,42
201300026630,13,5,5,2130,5,2,1,1.0,7,42184,M,4604316.0,403188.0,42
201300026631,13,5,6,1750,1,2,6,1.0,6,42127,M,4606655.0,406295.0,42
201300026632,13,5,9,2115,5,2,2,3.0,3,42187,M,4602857.0,407409.0,42
201300026633,13,5,11,1335,1,2,3,1.0,3,42187,M,4605914.0,406060.0,42
201300026634,13,5,15,1900,1,2,1,2.0,1,42187,M,4604072.0,405736.0,42
201300026635,13,5,16,1100,1,2,4,2.0,1,42187,M,4604471.0,407990.0,42
201300026636,13,5,16,1125,1,2,1,2.0,3,42184,M,4604564.0,405733.0,42
201300026637,13,6,16,415,5,2,1,1.0,6,42187,M,4603636.0,406353.0,42
201300026638,13,7,4,2048,2,2,1,1.0,6,42187,M,4603039.0,406095.0,42
201300026639,13,7,12,2135,2,2,1,1.0,6,42187,M,4603858.0,405813.0,42
201300026640,13,7,15,1944,1,2,6,1.0,3,42184,M,4604914.0,405187.0,42
201300026641,13,5,16,1205,1,2,3,2.0,3,42187,M,4603969.0,405384.0,42
201300026642,13,5,21,1745,1,2,1,3.0,2,42187,M,4605553.0,408636.0,42
201300026643,13,5,22,1530,1,2,9,1.0,3,42170,M,4603451.0,409849.0,42
201300026644,13,5,25,1405,1,2,1,1.0,2,42184,M,4604945.0,405164.0,42
201300026645,13,5,29,1445,1,2,3,2.0,3,42187,M,4603224.0,406472.0,42
201300026646,13,6,1,1245,1,2,2,1.0,3,42184,M,4602716.0,402542.0,42
201300026647,13,6,8,1245,2,2,2,3.0,3,42187,M,4605353.0,407878.0,42
201300026648,13,6,7,2035,1,2,1,1.0,6,42187,M,4603944.0,407720.0,42
201300026649,13,6,10,1500,1,2,1,2.0,1,42170,M,4603709.0,412227.0,42
201300026650,13,6,13,1610,2,2,1,1.0,2,42187,M,4604681.0,406934.0,42
201300026651,13,6,20,2020,2,2,1,1.0,7,42184,M,4605411.0,406430.0,42
201300026652,13,6,23,2150,5,2,3,1.0,3,42187,M,4603255.0,405982.0,42
201300026653,13,6,26,2140,1,2,1,1.0,3,42184,M,4603350.0,404519.0,42
201300026654,13,6,30,620,1,2,2,1.0,3,42071,M,4602348.0,408749.0,42
201300026655,13,6,30,1535,1,2,1,1.0,6,42187,M,4603652.0,408017.0,42
201300026656,13,6,28,945,1,2,4,1.0,3,42127,M,4607272.0,404340.0,42
201300026657,13,7,6,845,1,2,1,1.0,6,42127,M,4608680.0,405779.0,42
201300026658,13,7,9,1145,1,2,1,1.0,2,42187,M,4603948.0,406147.0,42
201300026659,13,7,10,1730,1,2,6,1.0,3,42187,M,4605366.0,407346.0,42
201300026660,13,7,11,1105,1,2,1,1.0,6,42187,M,4603036.0,406675.0,42
201300026661,13,6,19,1410,1,2,2,1.0,3,42187,M,4605586.0,408657.0,42
201300026662,13,7,14,1820,1,2,1,1.0,7,42187,M,4602927.0,406557.0,42
201300026663,13,7,26,1955,1,2,1,1.0,7,42184,M,4604754.0,405152.0,42
201300026664,13,7,19,740,2,2,3,1.0,3,42187,M,4605343.0,407859.0,42
201300026665,13,7,22,1740,1,2,1,1.0,3,42071,M,4602782.0,408345.0,42
201300026666,13,7,26,1710,1,2,1,1.0,7,42187,M,4603814.0,406974.0,42
201300026667,13,7,26,1600,1,2,2,1.0,3,42184,M,4604735.0,403594.0,42
201300026668,13,7,27,1500,1,1,1,1.0,2,42127,M,4611672.0,407556.0,42
201300026669,13,7,29,2015,1,2,1,1.0,7,42187,M,4603780.0,405565.0,42
201300026670,13,8,7,1730,1,1,1,1.0,2,42170,M,4603747.0,410998.0,42
201300026671,13,8,8,1005,1,2,3,2.0,3,42187,M,4603659.0,408014.0,42
201300026672,13,8,11,1030,1,2,1,1.0,7,42071,M,4602733.0,408256.0,42
201300026673,13,8,11,2230,5,2,1,1.0,7,42184,M,4603833.0,404580.0,42
201300026674,13,8,13,1740,1,2,1,1.0,2,42184,M,4605400.0,406403.0,42
201300026675,13,8,15,1930,1,2,1,1.0,2,42184,M,4604007.0,402810.0,42
201300026676,13,8,17,1602,1,2,4,1.0,2,42187,M,4603358.0,405557.0,42
201300026677,13,8,21,1417,1,2,2,1.0,3,42187,M,4604842.0,408628.0,42
201300026678,13,8,26,855,1,2,1,1.0,7,42187,M,4603480.0,406782.0,42
201300026679,13,9,5,1415,1,2,1,1.0,3,42170,M,4603213.0,409396.0,42
201300026680,13,9,5,1440,1,2,1,1.0,2,42127,M,4607112.0,407366.0,42
201300026681,13,9,5,1905,1,2,4,1.0,3,42187,M,4603790.0,406083.0,42
201300026682,13,9,7,1108,1,2,4,2.0,6,42184,M,4604110.0,405063.0,42
201300026683,13,9,7,1255,1,2,1,1.0,2,42071,M,4602482.0,409042.0,42
201300026684,13,10,20,2245,5,2,1,1.0,7,42187,M,4603564.0,406515.0,42
201300026685,13,9,17,1710,1,2,1,1.0,5,42187,M,4603065.0,406506.0,42
201300026686,13,9,18,740,1,2,4,1.0,3,42187,M,4604544.0,407673.0,42
201300026687,13,9,21,1955,5,2,1,1.0,2,42187,M,4603279.0,407965.0,42
201300026688,13,9,23,1521,1,2,1,1.0,6,42187,M,4602816.0,407003.0,42
201300026689,13,9,26,920,1,2,4,1.0,3,42187,M,4604839.0,406953.0,42
201300026690,13,9,27,1145,1,2,4,1.0,3,42184,M,4604010.0,402836.0,42
201300026691,13,10,2,825,1,2,3,1.0,3,42187,M,4605178.0,408924.0,42
201300026692,13,10,4,740,2,2,1,2.0,3,42187,M,4603106.0,407566.0,42
201300026693,13,10,8,745,2,2,1,1.0,7,42187,M,4606720.0,407624.0,42
201300026694,13,10,11,1820,2,2,6,1.0,3,42184,M,4604748.0,405183.0,42
201300026695,13,9,24,1915,1,2,1,1.0,6,42187,M,4603070.0,404990.0,42
201300026696,13,11,5,1925,5,2,1,1.0,1,42187,M,4604215.0,406039.0,42
201300026697,13,10,14,1330,1,2,1,1.0,4,42187,M,4604475.0,407979.0,42
201300026698,13,10,18,1015,1,2,6,1.0,3,42187,M,4603377.0,407782.0,42
201300026699,13,10,21,1515,1,2,3,1.0,3,42127,M,4606383.0,406245.0,42
201300026700,13,10,25,1215,1,2,1,1.0,4,42071,M,4601684.0,409626.0,42
201300026701,13,10,26,1038,1,2,3,1.0,3,42071,M,4603134.0,408382.0,42
201300026702,13,10,26,1550,1,2,1,1.0,3,42187,M,4602031.0,406195.0,42
201300026703,13,10,30,1130,1,2,3,1.0,3,42071,M,4601704.0,408614.0,42
201300026704,13,10,30,845,1,2,8,1.0,3,42071,M,4602196.0,408854.0,42
201300026705,13,10,31,1325,1,2,6,1.0,3,42184,M,4604542.0,405625.0,42
201300026706,13,11,4,1512,1,2,3,2.0,3,42187,M,4604582.0,407454.0,42
201300026707,13,11,9,1530,1,2,1,1.0,2,42187,M,4604599.0,407425.0,42
201300026708,13,11,7,800,1,2,3,1.0,3,42187,M,4606419.0,407451.0,42
201300026709,13,11,15,2055,5,2,1,1.0,6,42127,M,4606736.0,405488.0,42
201300026710,13,11,19,1130,1,2,1,3.0,7,42187,M,4604992.0,406351.0,42
201300026711,13,11,19,1600,1,2,3,2.0,7,42187,M,4603484.0,405830.0,42
201300026712,13,11,20,940,1,2,3,4.0,3,42187,M,4604129.0,405551.0,42
201300026713,13,11,26,745,2,2,1,2.0,3,42187,M,4605675.0,409148.0,42
201300026714,13,11,21,1700,5,2,3,2.0,7,42187,M,4604043.0,407374.0,42
201300026715,13,11,28,800,2,2,1,1.0,2,42187,M,4604306.0,407369.0,42
201300026716,13,11,29,1705,2,2,1,1.0,7,42184,M,4604674.0,405413.0,42
201300026717,13,12,16,1205,1,2,6,1.0,3,42127,M,4608358.0,408368.0,42
201300026718,13,12,20,1700,5,2,3,1.0,2,42187,M,4603693.0,406540.0,42
201300026719,13,12,21,1410,1,2,3,1.0,3,42187,M,4604713.0,406919.0,42
201300026720,13,12,13,2220,5,2,1,1.0,6,42187,M,4604592.0,407190.0,42
201300026721,13,12,2,1450,1,2,1,1.0,3,42187,M,4603530.0,406191.0,42
201300026722,13,12,3,1800,3,1,1,1.0,7,42170,M,4600677.0,415249.0,42
201300026723,13,12,6,1615,2,2,5,1.0,3,42187,M,4603644.0,406385.0,42
201300026724,13,12,10,1839,5,2,1,1.0,4,42187,M,4603187.0,406768.0,42
201300026725,13,12,11,1535,1,2,1,1.0,2,42170,M,4604075.0,414766.0,42
201300026726,13,12,11,2031,5,2,1,1.0,2,42187,M,4606674.0,408568.0,42
201300026727,13,12,12,1445,1,2,1,1.0,7,42071,M,4602638.0,408580.0,42
201300026728,13,12,13,850,1,2,1,1.0,7,42187,M,4603152.0,407108.0,42
201300026729,13,12,13,920,1,2,1,1.0,1,42187,M,4606285.0,407482.0,42
201300026730,13,12,15,1615,1,2,1,1.0,7,42184,M,4604775.0,405119.0,42
201300026731,13,12,25,1737,2,2,1,1.0,7,42170,M,4603748.0,411845.0,42
201300026732,13,12,24,1840,5,2,3,1.0,3,42184,M,4604253.0,404812.0,42
201300026733,13,12,30,1015,1,1,3,1.0,3,42127,M,4607979.0,408352.0,42
201300026734,13,1,31,1810,5,2,1,1.0,6,42207,M,4547296.0,450886.0,42
201300026735,13,4,16,1754,1,1,1,1.0,1,42053,M,4549691.0,462807.0,42
201300026736,13,6,15,2110,1,2,1,1.0,7,42207,M,4548411.0,451999.0,42
201300026737,13,8,29,1150,1,2,4,1.0,4,42207,M,4547340.0,451748.0,42
201300026738,13,9,19,1100,1,2,3,1.0,3,42110,M,4548633.0,454287.0,42
201300026739,13,10,16,1820,1,2,3,1.0,6,42207,M,4547557.0,452006.0,42
201300026740,13,11,6,1455,1,2,3,1.0,3,42207,M,4546830.0,453306.0,42
201300026741,13,11,2,2153,5,2,1,2.0,3,42110,M,4548719.0,454478.0,42
201300026742,13,11,7,1930,5,2,1,1.0,6,42207,M,4547371.0,451173.0,42
201300026743,13,10,22,2255,5,2,1,1.0,5,42207,M,4546512.0,450798.0,42
201300026744,13,12,2,1150,1,2,1,1.0,4,42207,M,4547732.0,451577.0,42
201300026745,13,12,4,1210,1,2,2,1.0,1,42207,M,4545681.0,450459.0,42
201300026746,13,12,8,1030,1,2,1,1.0,2,42110,M,4548504.0,453982.0,42
201300026747,13,12,13,1945,5,2,1,9.0,6,42110,M,4548588.0,454173.0,42
201300026748,13,12,27,1245,1,2,2,1.0,3,42207,M,4546473.0,450779.0,42
201300026749,13,12,21,1950,5,2,1,1.0,2,42218,M,4545414.0,439427.0,42
201300026750,13,1,2,1230,1,2,1,1.0,6,42218,M,4544859.0,440172.0,42
201300026751,13,1,4,855,2,1,1,2.0,7,42223,M,4544167.0,434228.0,42
201300026752,13,1,5,1150,1,2,6,2.0,3,42218,M,4545896.0,440795.0,42
201300026753,13,1,7,1247,1,2,1,1.0,3,42218,M,4545268.0,438240.0,42
201300026754,13,1,18,942,1,2,2,1.0,3,42218,M,4544308.0,441306.0,42
201300026755,13,1,18,1210,1,2,1,1.0,6,42218,M,4541770.0,441555.0,42
201300026756,13,1,18,1935,5,2,1,9.0,3,42218,M,4542867.0,437290.0,42
201300026757,13,1,21,100,5,2,1,4.0,6,42218,M,4546269.0,438054.0,42
201300026758,13,1,19,610,5,2,1,2.0,6,42305,M,4547211.0,442432.0,42
201300026759,13,1,23,1905,5,2,1,8.0,6,42218,M,4542401.0,438943.0,42
201300026760,13,1,24,1545,1,2,1,1.0,6,42218,M,4544881.0,439091.0,42
201300026761,13,1,5,1719,2,2,3,1.0,6,42218,M,4545517.0,437762.0,42
201300026762,13,1,23,1406,1,2,1,1.0,6,42218,M,4542990.0,441139.0,42
201300026763,13,2,5,1750,3,1,1,4.0,1,42189,M,4543889.0,433739.0,42
201300026764,13,2,9,1400,1,2,2,4.0,3,42218,M,4542316.0,442291.0,42
201300026765,13,2,13,1001,1,2,1,1.0,7,42189,M,4543237.0,432167.0,42
201300026766,13,2,20,1355,1,1,1,1.0,2,42330,M,4546792.0,434384.0,42
201300026767,13,2,22,1754,1,2,1,1.0,3,42218,M,4543590.0,441475.0,42
201300026768,13,2,21,1801,1,2,1,8.0,6,42218,M,4543114.0,439574.0,42
201300026769,13,2,27,1750,1,2,1,1.0,6,42189,M,4543301.0,433777.0,42
201300026770,13,2,28,2000,5,2,1,1.0,6,42218,M,4544073.0,438747.0,42
201300026771,13,3,1,650,2,2,2,1.0,3,42218,M,4543951.0,437868.0,42
201300026772,13,3,2,1720,1,2,3,1.0,3,42218,M,4544628.0,436736.0,42
201300026773,13,3,2,1900,5,2,2,1.0,3,42218,M,4542396.0,437522.0,42
201300026774,13,3,4,1530,1,2,1,1.0,6,42218,M,4546818.0,438140.0,42
201300026775,13,3,11,920,1,2,1,1.0,6,42218,M,4545833.0,438374.0,42
201300026776,13,3,11,1410,1,2,1,1.0,6,42330,M,4546449.0,436772.0,42
201300026777,13,3,11,1730,1,2,1,1.0,6,42218,M,4544881.0,439091.0,42
201300026778,13,3,14,1215,1,2,1,1.0,6,42218,M,4544083.0,437594.0,42
201300026779,13,3,14,1630,1,2,1,1.0,6,42218,M,4541704.0,439975.0,42
201300026780,13,3,15,1430,1,2,1,1.0,6,42218,M,4544512.0,438046.0,42
201300026781,13,3,18,1015,1,2,1,1.0,6,42218,M,4543747.0,439309.0,42
201300026782,13,3,16,959,1,2,3,1.0,6,42218,M,4543501.0,443717.0,42
201300026783,13,3,16,1012,1,2,1,1.0,7,42218,M,4542838.0,440464.0,42
201300026784,13,3,21,850,1,2,2,1.0,3,42330,M,4547248.0,436242.0,42
201300026785,13,3,26,1430,1,2,1,1.0,6,42218,M,4543856.0,438869.0,42
201300026786,13,3,28,1710,1,2,2,2.0,1,42218,M,4544650.0,436751.0,42
201300026787,13,3,29,1458,1,1,1,1.0,5,42218,M,4540064.0,441600.0,42
201300026788,13,4,10,1235,1,2,4,1.0,1,42218,M,4545241.0,436557.0,42
201300026789,13,4,10,729,2,2,1,1.0,6,42218,M,4543870.0,438730.0,42
201300026790,13,4,11,1755,1,2,1,1.0,6,42218,M,4541599.0,441694.0,42
201300026791,13,4,12,1430,1,2,1,1.0,6,42218,M,4542120.0,441162.0,42
201300026792,13,4,12,1615,1,2,1,1.0,6,42218,M,4544411.0,440459.0,42
201300026793,13,4,13,2145,5,2,1,1.0,3,42218,M,4543671.0,438228.0,42
201300026794,13,4,14,5,3,1,1,1.0,6,42218,M,4543740.0,426483.0,42
201300026795,13,4,17,1020,1,2,1,1.0,6,42218,M,4543748.0,438176.0,42
201300026796,13,4,18,1323,1,2,1,1.0,6,42189,M,4541875.0,431242.0,42
201300026797,13,4,19,1822,1,1,1,1.0,3,42237,M,4545536.0,445272.0,42
201300026798,13,4,24,1643,1,2,7,1.0,3,42218,M,4543256.0,439445.0,42
201300026799,13,4,20,1555,1,2,1,2.0,6,42218,M,4542120.0,441104.0,42
201300026800,13,4,26,1225,1,2,2,1.0,3,42218,M,4543059.0,440479.0,42
201300026801,13,5,2,825,1,2,1,1.0,6,42218,M,4541734.0,439361.0,42
201300026802,13,5,2,1529,1,2,1,1.0,3,42218,M,4546316.0,438223.0,42
201300026803,13,5,9,2020,1,2,2,1.0,3,42218,M,4544314.0,437671.0,42
201300026804,13,5,8,456,5,2,2,1.0,3,42218,M,4542384.0,439622.0,42
201300026805,13,5,11,723,2,2,1,1.0,6,42218,M,4543023.0,441180.0,42
201300026806,13,5,13,845,1,2,1,1.0,3,42218,M,4546458.0,440874.0,42
201300026807,13,5,14,1859,1,2,3,1.0,6,42218,M,4543447.0,439282.0,42
201300026808,13,5,16,1705,1,1,1,2.0,2,42189,M,4543794.0,434154.0,42
201300026809,13,5,23,848,1,2,1,1.0,6,42218,M,4543184.0,439794.0,42
201300026810,13,5,23,1645,1,2,1,1.0,1,42218,M,4542877.0,439260.0,42
201300026811,13,5,29,1050,1,2,2,1.0,6,42218,M,4541835.0,439820.0,42
201300026812,13,5,30,1729,1,2,1,1.0,7,42218,M,4541615.0,430063.0,42
201300026813,13,5,31,1351,1,1,2,2.0,3,42218,M,4546494.0,439867.0,42
201300026814,13,5,31,1644,1,2,3,2.0,6,42218,M,4543590.0,438361.0,42
201300026815,13,6,1,1744,1,2,3,1.0,3,42218,M,4543895.0,437754.0,42
201300026816,13,6,10,1335,1,2,2,1.0,3,42330,M,4546259.0,435932.0,42
201300026817,13,6,13,625,1,2,1,1.0,6,42218,M,4541410.0,439426.0,42
201300026818,13,6,14,2220,5,2,1,1.0,6,42189,M,4541750.0,431196.0,42
201300026819,13,6,15,1815,1,2,3,1.0,1,42218,M,4544664.0,439800.0,42
201300026820,13,6,13,2330,3,1,1,2.0,7,42223,M,4544282.0,434221.0,42
201300026821,13,6,19,1830,1,2,2,1.0,6,42218,M,4542308.0,438326.0,42
201300026822,13,6,18,2108,2,1,1,1.0,7,42218,M,4539408.0,445580.0,42
201300026823,13,6,21,1250,1,2,1,1.0,6,42218,M,4544858.0,438979.0,42
201300026824,13,6,23,920,1,1,1,1.0,2,42223,M,4544212.0,434229.0,42
201300026825,13,6,25,1730,1,2,2,1.0,3,42218,M,4544423.0,438222.0,42
201300026826,13,6,29,1945,1,2,1,2.0,6,42218,M,4543454.0,442081.0,42
201300026827,13,7,4,1015,1,2,1,8.0,6,42218,M,4543079.0,438129.0,42
201300026828,13,7,3,1550,1,2,1,1.0,2,42218,M,4543603.0,438427.0,42
201300026829,13,7,6,2240,3,1,1,1.0,2,42330,M,4546616.0,434041.0,42
201300026830,13,7,11,625,1,2,1,1.0,6,42218,M,4542478.0,439702.0,42
201300026831,13,7,11,1640,1,2,1,1.0,7,42218,M,4545417.0,439408.0,42
201300026832,13,7,15,1445,1,2,6,1.0,6,42275,M,4546834.0,438165.0,42
201300026833,13,7,15,1345,1,2,1,1.0,6,42218,M,4542279.0,440872.0,42
201300026834,13,7,17,1940,1,2,2,1.0,3,42218,M,4544800.0,438122.0,42
201300026835,13,7,19,100,5,2,3,1.0,6,42218,M,4543255.0,439441.0,42
201300026836,13,7,21,840,1,2,1,1.0,6,42330,M,4546409.0,435063.0,42
201300026837,13,7,22,1045,1,2,1,1.0,6,42218,M,4544264.0,438030.0,42
201300026838,13,7,24,1925,1,2,3,1.0,7,42330,M,4547249.0,436242.0,42
201300026839,13,7,24,1924,1,1,1,1.0,7,42223,M,4543687.0,435738.0,42
201300026840,13,7,26,1010,1,2,1,1.0,6,42218,M,4544670.0,439707.0,42
201300026841,13,7,29,1540,1,2,3,1.0,3,42218,M,4544337.0,438676.0,42
201300026842,13,8,2,750,1,1,1,1.0,1,42223,M,4546247.0,431250.0,42
201300026843,13,8,2,1750,1,2,1,1.0,6,42218,M,4543763.0,440534.0,42
201300026844,13,8,4,1845,1,2,1,1.0,2,42218,M,4543275.0,438024.0,42
201300026845,13,8,8,1201,1,2,2,3.0,7,42218,M,4542442.0,437490.0,42
201300026846,13,8,14,1445,1,2,2,1.0,3,42218,M,4543255.0,439442.0,42
201300026847,13,8,16,1330,1,2,1,1.0,1,42218,M,4544599.0,436796.0,42
201300026848,13,8,17,2010,1,2,1,1.0,2,42237,M,4544520.0,443254.0,42
201300026849,13,8,18,1915,1,2,1,1.0,6,42218,M,4543043.0,439028.0,42
201300026850,13,8,22,1601,1,2,2,1.0,7,42218,M,4544151.0,438793.0,42
201300026851,13,8,22,1944,2,2,1,1.0,7,42218,M,4544523.0,438542.0,42
201300026852,13,8,23,1323,1,2,6,1.0,3,42218,M,4545814.0,440535.0,42
201300026853,13,8,23,1616,1,2,3,1.0,1,42237,M,4544434.0,443011.0,42
201300026854,13,8,27,850,1,2,1,1.0,6,42218,M,4543635.0,438811.0,42
201300026855,13,8,27,1630,1,2,1,2.0,1,42218,M,4545265.0,441526.0,42
201300026856,13,8,28,1700,1,2,1,1.0,3,42218,M,4544512.0,440748.0,42
201300026857,13,8,30,851,1,2,2,1.0,7,42218,M,4542933.0,440968.0,42
201300026858,13,9,1,1724,1,2,1,1.0,6,42218,M,4543942.0,442517.0,42
201300026859,13,9,2,1545,1,2,3,1.0,6,42218,M,4543584.0,438364.0,42
201300026860,13,9,4,1655,1,2,1,1.0,6,42218,M,4542361.0,438923.0,42
201300026861,13,9,9,1420,1,1,1,1.0,5,42189,M,4542840.0,435375.0,42
201300026862,13,9,9,1755,1,2,1,1.0,6,42218,M,4542696.0,440341.0,42
201300026863,13,9,7,940,1,2,2,1.0,3,42237,M,4544472.0,442241.0,42
201300026864,13,9,15,1515,1,2,3,1.0,3,42218,M,4546159.0,438080.0,42
201300026865,13,9,16,1550,1,2,1,1.0,2,42218,M,4544084.0,440315.0,42
201300026866,13,9,18,840,1,2,1,1.0,3,42218,M,4544248.0,440828.0,42
201300026867,13,8,29,1351,1,2,3,1.0,6,42218,M,4541561.0,439442.0,42
201300026868,13,9,20,1841,1,2,2,1.0,3,42218,M,4544020.0,442873.0,42
201300026869,13,9,22,1510,1,2,1,1.0,6,42218,M,4542365.0,439433.0,42
201300026870,13,9,30,1420,1,2,1,1.0,6,42218,M,4541346.0,439134.0,42
201300026871,13,10,2,150,5,2,2,1.0,3,42218,M,4544797.0,438800.0,42
201300026872,13,9,30,2030,5,2,3,1.0,3,42218,M,4544019.0,442872.0,42
201300026873,13,10,2,1715,1,2,2,1.0,1,42305,M,4548236.0,443812.0,42
201300026874,13,10,2,1715,1,2,1,1.0,7,42218,M,4543407.0,442510.0,42
201300026875,13,10,2,1600,1,2,1,1.0,3,42305,M,4548047.0,443177.0,42
201300026876,13,10,4,1336,1,2,3,8.0,5,42218,M,4546487.0,439880.0,42
201300026877,13,10,6,1115,1,2,1,2.0,3,42218,M,4543633.0,441095.0,42
201300026878,13,10,6,1552,1,2,2,8.0,3,42218,M,4544865.0,440338.0,42
201300026879,13,10,3,835,1,2,3,1.0,3,42218,M,4545127.0,439010.0,42
201300026880,13,10,11,1805,1,2,1,1.0,6,42218,M,4542924.0,440962.0,42
201300026881,13,10,11,1530,1,2,2,1.0,3,42218,M,4546364.0,438228.0,42
201300026882,13,10,13,2325,5,2,1,1.0,6,42218,M,4543628.0,438555.0,42
201300026883,13,10,12,1545,1,2,3,2.0,6,42218,M,4543927.0,438442.0,42
201300026884,13,10,14,1730,1,2,1,8.0,6,42218,M,4544767.0,436618.0,42
201300026885,13,10,15,720,2,2,1,8.0,2,42218,M,4544137.0,440539.0,42
201300026886,13,10,16,1944,5,2,3,8.0,3,42218,M,4543385.0,444089.0,42
201300026887,13,10,17,1310,1,2,1,1.0,7,42218,M,4541991.0,439278.0,42
201300026888,13,10,21,1738,1,2,1,8.0,6,42218,M,4544866.0,439047.0,42
201300026889,13,10,20,2021,5,2,3,1.0,3,42305,M,4546774.0,443271.0,42
201300026890,13,9,13,843,1,2,1,1.0,3,42218,M,4546052.0,440047.0,42
201300026891,13,10,30,1415,1,2,3,1.0,3,42218,M,4543836.0,443634.0,42
201300026892,13,10,30,1940,5,2,2,1.0,3,42218,M,4543074.0,439338.0,42
201300026893,13,11,1,730,2,2,1,1.0,2,42218,M,4544830.0,438927.0,42
201300026894,13,11,1,940,1,2,1,1.0,6,42218,M,4542135.0,441080.0,42
201300026895,13,11,9,1221,1,2,2,1.0,6,42218,M,4543372.0,441619.0,42
201300026896,13,11,10,1950,5,2,3,2.0,3,42218,M,4541429.0,439542.0,42
201300026897,13,11,12,1200,1,2,3,1.0,3,42218,M,4544435.0,436370.0,42
201300026898,13,11,13,1740,5,2,4,1.0,6,42218,M,4542743.0,440811.0,42
201300026899,13,11,17,2100,3,2,3,1.0,3,42218,M,4544559.0,438296.0,42
201300026900,13,11,19,944,1,2,1,2.0,3,42218,M,4543832.0,440553.0,42
201300026901,13,11,18,2145,5,2,2,1.0,1,42218,M,4541817.0,439466.0,42
201300026902,13,11,24,2150,5,2,1,1.0,6,42218,M,4543484.0,438260.0,42
201300026903,13,11,30,900,1,2,1,1.0,6,42218,M,4542205.0,439681.0,42
201300026904,13,12,1,313,5,2,2,1.0,3,42218,M,4546425.0,438198.0,42
201300026905,13,12,2,1202,1,2,1,8.0,6,42218,M,4544774.0,438198.0,42
201300026906,13,12,4,1715,5,2,1,1.0,4,42218,M,4545399.0,439349.0,42
201300026907,13,12,3,925,1,2,2,1.0,3,42218,M,4544781.0,437994.0,42
201300026908,13,12,8,1150,1,2,2,1.0,6,42218,M,4543434.0,437961.0,42
201300026909,13,12,8,2005,5,2,1,1.0,6,42223,M,4545039.0,433358.0,42
201300026910,13,12,9,1020,1,2,1,1.0,6,42218,M,4544156.0,437850.0,42
201300026911,13,12,13,920,1,2,1,1.0,6,42218,M,4547177.0,440110.0,42
201300026912,13,12,13,1607,1,2,1,1.0,6,42218,M,4544083.0,438747.0,42
201300026913,13,12,17,1325,1,2,1,1.0,6,42237,M,4544644.0,443348.0,42
201300026914,13,12,19,1835,5,2,2,2.0,3,42218,M,4544511.0,440756.0,42
201300026915,13,1,10,1200,1,2,3,1.0,3,43251,M,4502910.0,387381.0,43
201300026916,13,1,16,1705,1,2,1,1.0,6,43157,M,4504160.0,388770.0,43
201300026917,13,1,22,955,1,2,1,1.0,6,43157,M,4504280.0,388042.0,43
201300026918,13,2,8,1140,1,2,3,1.0,1,43157,M,,,43