Num_Acc,an,mois,jour,hrmn,lum,agg,int,atm,col,com,gps,lat,long,dep
201300026919,13,2,13,1240,1,2,1,1.0,6,43157,M,,,43
201300026920,13,2,25,1320,1,2,1,1.0,2,43157,M,,,43
201300026921,13,5,18,1035,1,2,1,2.0,6,43089,M,,,43
201300026922,13,6,6,730,1,2,3,1.0,3,43041,M,,,43
201300026923,13,6,27,1615,1,2,1,1.0,6,43041,M,,,43
201300026924,13,7,5,1910,1,2,1,1.0,3,43002,M,4505000.0,387631.0,43
201300026925,13,7,10,1605,1,2,1,3.0,6,43157,M,4504200.0,388255.0,43
201300026926,13,7,11,1620,1,2,1,1.0,6,43157,M,,,43
201300026927,13,8,3,1020,1,2,1,1.0,4,43041,M,4505560.0,391101.0,43
201300026928,13,9,7,2200,5,2,3,2.0,3,43157,M,4504800.0,389334.0,43
201300026929,13,9,7,1640,1,2,1,2.0,6,43157,M,4504770.0,387831.0,43
201300026930,13,9,18,1015,1,2,1,1.0,6,43041,M,4505040.0,391322.0,43
201300026931,13,9,28,1205,1,2,3,1.0,3,43041,M,4504960.0,390749.0,43
201300026932,13,9,20,1825,1,2,1,1.0,6,43041,M,4504960.0,391246.0,43
201300026933,13,10,7,1648,1,2,1,1.0,6,43157,M,4504170.0,388754.0,43
201300026934,13,10,12,1830,2,2,1,2.0,3,43157,M,,,43
201300026935,13,10,12,1005,1,2,1,2.0,6,43002,M,,,43
201300026936,13,10,17,2105,5,2,1,1.0,6,43157,M,,,43
201300026937,13,10,19,1410,1,2,3,1.0,2,43041,M,4504960.0,390751.0,43
201300026938,13,10,21,1150,1,2,4,1.0,2,43089,M,4505270.0,386864.0,43
201300026939,13,11,9,1325,1,2,3,1.0,3,43157,M,4503300.0,388613.0,43
201300026940,13,11,12,900,1,2,1,1.0,2,43089,M,4505420.0,386640.0,43
201300026941,13,11,21,1425,1,2,1,4.0,2,43041,M,4504750.0,392485.0,43
201300026942,13,11,25,1545,1,2,1,1.0,6,43251,M,4503130.0,387738.0,43
201300026943,13,12,3,1340,1,2,2,1.0,3,43157,M,,,43
201300026944,13,12,3,1350,1,2,1,1.0,6,43157,M,,,43
201300026945,13,12,10,705,5,2,1,1.0,6,43157,M,,,43
201300026946,13,12,13,2223,5,2,2,1.0,3,43157,M,,,43
201300026947,13,12,17,1512,1,2,1,1.0,1,43089,M,4505220.0,386887.0,43
201300026948,13,12,19,1720,2,2,1,2.0,6,43041,M,4504700.0,392619.0,43
201300026949,13,12,31,30,5,2,1,1.0,6,43157,M,,,43
201300026950,13,1,8,825,2,2,1,1.0,6,44055,M,,,44
201300026951,13,1,11,750,3,1,1,1.0,2,44132,M,,,44
201300026952,13,1,13,515,3,2,1,2.0,6,44132,M,,,44
201300026953,13,1,15,1135,1,2,2,1.0,6,44055,M,,,44
201300026954,13,3,4,1755,1,2,3,1.0,3,44132,M,,,44
201300026955,13,4,24,1640,1,2,1,1.0,6,44055,M,,,44
201300026956,13,5,9,1100,1,2,1,1.0,6,44132,M,,,44
201300026957,13,5,12,1630,1,2,6,1.0,3,44055,M,,,44
201300026958,13,5,14,1735,1,2,3,1.0,5,44055,M,,,44
201300026959,13,6,26,500,5,2,1,1.0,6,44055,M,,,44
201300026960,13,6,28,1130,1,1,3,1.0,3,44132,M,,,44
201300026961,13,7,8,805,1,2,1,1.0,3,44132,M,,,44
201300026962,13,7,8,1725,1,2,1,1.0,2,44132,M,,,44
201300026963,13,7,9,1100,1,2,3,1.0,6,44132,M,,,44
201300026964,13,7,4,1755,1,2,6,1.0,3,44135,M,,,44
201300026965,13,7,28,1115,1,2,9,3.0,6,44055,M,,,44
201300026966,13,8,5,1045,1,2,3,1.0,3,44055,M,,,44
201300026967,13,8,7,1435,1,2,4,1.0,3,44055,M,,,44
201300026968,13,8,8,105,5,2,1,1.0,1,44055,M,,,44
201300026969,13,8,8,1600,1,2,6,1.0,3,44132,M,,,44
201300026970,13,8,18,1300,1,1,1,2.0,6,44055,M,,,44
201300026971,13,8,17,335,5,2,2,1.0,6,44055,M,,,44
201300026972,13,8,20,1855,1,2,1,1.0,3,44132,M,,,44
201300026973,13,8,24,1650,1,2,3,1.0,3,44055,M,,,44
201300026974,13,8,10,1820,1,2,1,1.0,6,44055,M,,,44
201300026975,13,8,24,1225,1,1,1,1.0,7,44132,M,,,44
201300026976,13,8,23,1555,1,2,3,1.0,2,44055,M,,,44
201300026977,13,8,17,955,1,2,2,1.0,3,44055,M,,,44
201300026978,13,9,3,1510,1,2,1,1.0,7,44132,M,,,44
201300026979,13,9,8,1100,1,2,6,1.0,3,44055,M,,,44
201300026980,13,9,9,1915,1,2,1,1.0,7,44055,M,,,44
201300026981,13,10,11,905,1,2,1,1.0,6,44055,M,,,44
201300026982,13,10,29,1835,3,2,3,1.0,3,44055,M,,,44
201300026983,13,10,30,755,1,2,6,2.0,6,44135,M,,,44
201300026984,13,10,31,1150,1,1,1,1.0,2,44132,M,,,44
201300026985,13,11,23,2205,5,2,3,1.0,7,44055,M,,,44
201300026986,13,11,28,1635,1,2,3,1.0,3,44132,M,,,44
201300026987,13,12,3,1255,1,2,2,1.0,3,44055,M,,,44
201300026988,13,12,24,1100,1,2,1,1.0,6,44132,M,,,44
201300026989,13,1,4,400,4,2,1,1.0,6,44109,M,,,44
201300026990,13,12,26,905,1,2,1,1.0,6,44109,M,,,44
201300026991,13,1,1,725,5,2,2,1.0,3,44109,M,,,44
201300026992,13,1,2,2220,5,2,2,1.0,6,44109,M,,,44
201300026993,13,1,6,550,5,2,1,1.0,6,44109,M,,,44
201300026994,13,1,3,1545,1,2,2,1.0,3,44109,M,,,44
201300026995,13,12,19,1910,3,2,1,3.0,7,44109,M,,,44
201300026996,13,1,9,1840,5,2,1,1.0,2,44109,M,,,44
201300026997,13,1,7,800,2,1,1,9.0,7,44162,M,,,44
201300026998,13,1,13,745,5,2,3,5.0,7,44109,M,,,44
201300026999,13,1,11,1515,1,2,9,1.0,2,44109,M,,,44
201300027000,13,1,15,1815,5,2,1,1.0,3,44109,M,,,44
201300027001,13,1,15,1000,1,2,1,1.0,6,44109,M,,,44
201300027002,13,1,15,1620,1,2,1,1.0,6,44143,M,,,44
201300027003,13,1,17,1635,1,2,2,1.0,2,44109,M,,,44
201300027004,13,1,22,1057,1,2,1,1.0,6,44114,M,,,44
201300027005,13,1,23,850,1,2,1,5.0,4,44114,M,,,44
201300027006,13,1,26,530,5,2,1,1.0,6,44109,M,,,44
201300027007,13,1,29,740,5,2,2,3.0,3,44109,M,,,44
201300027008,13,1,29,1910,5,2,1,2.0,2,44190,M,,,44
201300027009,13,1,29,850,2,2,1,3.0,3,44109,M,,,44
201300027010,13,1,9,1056,1,2,1,2.0,6,44109,M,,,44
201300027011,13,1,30,1340,1,1,6,1.0,2,44143,M,,,44
201300027012,13,2,4,1250,1,2,1,1.0,6,44109,M,,,44
201300027013,13,1,4,1200,1,2,1,2.0,6,44109,M,,,44
201300027014,13,1,29,1720,1,2,1,9.0,6,44114,M,,,44
201300027015,13,2,8,100,5,2,6,2.0,6,44109,M,,,44
201300027016,13,1,28,810,2,2,1,1.0,6,44109,M,,,44
201300027017,13,2,7,1850,1,2,1,9.0,2,44109,M,,,44
201300027018,13,2,12,1245,1,2,1,1.0,6,44109,M,,,44
201300027019,13,2,7,1750,2,2,1,1.0,6,44109,M,,,44
201300027020,13,2,13,1340,1,2,1,1.0,6,44109,M,,,44
201300027021,13,2,14,1830,2,2,1,1.0,2,44109,M,,,44
201300027022,13,2,14,908,1,2,1,1.0,7,44109,M,,,44
201300027023,13,2,18,1030,1,2,1,1.0,6,44109,M,,,44
201300027024,13,2,18,1925,5,2,2,1.0,6,44109,M,,,44
201300027025,13,2,21,905,1,2,9,1.0,2,44109,M,,,44
201300027026,13,2,23,715,5,1,1,1.0,6,44009,M,,,44
201300027027,13,2,24,1810,1,1,2,1.0,6,44109,M,,,44
201300027028,13,2,19,1030,1,2,1,9.0,6,44162,M,,,44
201300027029,13,3,6,1000,1,2,1,1.0,3,44109,M,,,44
201300027030,13,3,6,1642,1,2,6,1.0,3,44162,M,,,44
201300027031,13,3,10,515,5,2,8,2.0,6,44109,M,,,44
201300027032,13,3,10,940,1,2,1,1.0,2,44109,M,,,44
201300027033,13,3,4,2245,5,2,2,1.0,3,44109,M,,,44
201300027034,13,3,7,830,1,2,1,1.0,6,44162,M,,,44
201300027035,13,3,13,910,1,2,1,1.0,3,44109,M,,,44
201300027036,13,2,18,745,2,2,6,1.0,3,44109,M,,,44
201300027037,13,3,15,745,2,2,6,1.0,3,44109,M,,,44
201300027038,13,2,10,745,2,2,6,1.0,3,44109,M,,,44
201300027039,13,3,16,1050,1,2,1,1.0,2,44109,M,,,44
201300027040,13,3,17,1245,1,2,3,3.0,7,44109,M,,,44
201300027041,13,3,16,1545,1,1,1,1.0,2,44114,M,,,44
201300027042,13,3,13,1630,1,2,1,1.0,3,44114,M,,,44
201300027043,13,3,12,1235,1,2,2,8.0,3,44109,M,,,44
201300027044,13,3,15,1735,1,2,1,1.0,6,44162,M,,,44
201300027045,13,3,5,1200,1,2,1,1.0,2,44162,M,,,44
201300027046,13,3,18,850,1,2,1,1.0,3,44109,M,,,44
201300027047,13,3,23,1315,1,2,1,1.0,7,44109,M,,,44
201300027048,13,3,22,1755,1,2,1,2.0,1,44109,M,,,44
201300027049,13,3,22,1400,1,2,1,1.0,3,44109,M,,,44
201300027050,13,3,21,1000,1,2,1,3.0,3,44162,M,,,44
201300027051,13,3,3,1000,1,2,1,1.0,6,44109,M,,,44
201300027052,13,3,10,1330,1,2,1,1.0,2,44109,M,,,44
201300027053,13,3,22,1640,1,2,2,1.0,3,44109,M,,,44
201300027054,13,3,28,2009,2,2,1,1.0,3,44109,M,,,44
201300027055,13,4,2,2020,5,2,2,1.0,2,44109,M,,,44
201300027056,13,3,28,1130,1,2,1,1.0,6,44162,M,,,44
201300027057,13,4,1,1655,1,2,6,1.0,6,44162,M,,,44
201300027058,13,4,4,1130,1,2,1,1.0,3,44109,M,,,44
201300027059,13,4,6,1247,1,2,1,8.0,7,44109,M,,,44
201300027060,13,4,14,350,5,2,1,1.0,6,44109,M,,,44
201300027061,13,4,6,955,1,2,1,1.0,2,44109,M,,,44
201300027062,13,4,2,1545,1,2,1,1.0,6,44143,M,,,44
201300027063,13,4,8,2240,2,2,2,1.0,2,44109,M,,,44
201300027064,13,4,9,1820,1,2,1,1.0,4,44114,M,,,44
201300027065,13,4,12,825,1,2,1,1.0,6,44109,M,,,44
201300027066,13,4,14,19,5,2,1,1.0,2,44109,M,,,44
201300027067,13,4,14,1740,1,2,1,1.0,6,44109,M,,,44
201300027068,13,4,17,1740,1,2,1,1.0,6,44114,M,,,44
201300027069,13,4,12,1715,1,2,1,1.0,6,44190,M,,,44
201300027070,13,4,14,550,2,2,1,1.0,3,44190,M,,,44
201300027071,13,4,18,1930,2,2,1,1.0,6,44190,M,,,44
201300027072,13,4,10,1730,1,2,1,1.0,2,44162,M,,,44
201300027073,13,4,26,725,1,1,1,1.0,6,44162,M,,,44
201300027074,13,4,12,1645,1,2,1,1.0,6,44109,M,,,44
201300027075,13,4,29,1815,1,2,1,1.0,3,44109,M,,,44
201300027076,13,4,29,1715,1,2,2,1.0,3,44114,M,,,44
201300027077,13,5,3,2040,1,2,3,1.0,5,44109,M,,,44
201300027078,13,5,4,635,1,1,1,1.0,2,44143,M,,,44
201300027079,13,5,5,1130,1,1,1,1.0,3,44162,M,,,44
201300027080,13,4,30,2000,1,2,1,1.0,3,44162,M,,,44
201300027081,13,5,10,1140,1,2,2,1.0,6,44109,M,,,44
201300027082,13,5,11,2200,5,2,3,1.0,3,44109,M,,,44
201300027083,13,5,12,1410,1,2,1,1.0,6,44109,M,,,44
201300027084,13,5,10,1725,1,2,1,1.0,2,44162,M,,,44
201300027085,13,5,8,1000,1,2,6,2.0,6,44109,M,,,44
201300027086,13,5,13,1755,1,2,1,1.0,3,44162,M,,,44
201300027087,13,5,15,1550,1,1,1,1.0,6,44109,M,,,44
201300027088,13,5,17,735,1,2,6,1.0,6,44109,M,,,44
201300027089,13,5,18,1810,1,2,1,1.0,6,44109,M,,,44
201300027090,13,5,18,1345,1,2,1,1.0,6,44109,M,,,44
201300027091,13,5,18,1115,1,2,2,1.0,2,44109,M,,,44
201300027092,13,5,23,300,5,2,1,1.0,6,44109,M,,,44
201300027093,13,5,23,1850,1,2,1,1.0,3,44109,M,,,44
201300027094,13,5,25,2030,1,2,2,1.0,3,44162,M,,,44
201300027095,13,5,22,1800,1,2,1,1.0,7,44162,M,,,44
201300027096,13,5,25,2315,5,2,1,1.0,6,44143,M,,,44
201300027097,13,5,26,1930,1,2,2,1.0,6,44109,M,,,44
201300027098,13,5,24,1915,1,2,6,1.0,3,44162,M,,,44
201300027099,13,5,23,1515,1,2,3,1.0,3,44109,M,,,44
201300027100,13,5,27,1325,1,2,1,1.0,2,44162,M,,,44
201300027101,13,5,30,845,1,2,9,8.0,6,44109,M,,,44
201300027102,13,5,29,745,1,2,1,1.0,7,44109,M,,,44
201300027103,13,6,1,2020,1,2,1,1.0,6,44143,M,,,44
201300027104,13,6,1,1854,1,2,1,1.0,2,44143,M,,,44
201300027105,13,6,1,1640,1,2,3,1.0,6,44114,M,,,44
201300027106,13,6,1,510,3,2,1,1.0,3,44109,M,,,44
201300027107,13,6,8,325,5,2,1,1.0,6,44109,M,,,44
201300027108,13,6,7,2225,3,2,1,2.0,3,44109,M,,,44
201300027109,13,6,6,1810,1,2,1,1.0,6,44109,M,,,44
201300027110,13,6,11,900,1,2,1,2.0,6,44109,M,,,44
201300027111,13,6,11,1713,1,2,3,2.0,3,44109,M,,,44
201300027112,13,6,11,850,1,2,1,2.0,2,44109,M,,,44
201300027113,13,6,10,1820,1,2,2,1.0,6,44162,M,,,44
201300027114,13,6,1,730,5,2,1,9.0,6,44109,M,,,44
201300027115,13,6,11,1700,1,2,1,9.0,6,44109,M,,,44
201300027116,13,6,11,1650,1,2,1,1.0,6,44109,M,,,44
201300027117,13,8,14,1505,1,2,1,1.0,6,44109,M,,,44
201300027118,13,6,16,35,5,2,1,1.0,6,44109,M,,,44
201300027119,13,6,16,45,5,2,9,1.0,1,44109,M,,,44
201300027120,13,6,11,1720,1,2,1,9.0,6,44109,M,,,44
201300027121,13,6,15,2130,1,2,1,1.0,6,44143,M,,,44
201300027122,13,5,31,2300,5,2,1,1.0,6,44109,M,,,44
201300027123,13,6,21,1708,1,2,9,1.0,6,44162,M,,,44
201300027124,13,6,25,700,1,2,2,1.0,6,44109,M,,,44
201300027125,13,6,25,1510,1,2,1,1.0,6,44143,M,,,44
201300027126,13,6,25,1515,1,2,1,1.0,7,44109,M,,,44
201300027127,13,6,26,1243,1,2,1,1.0,6,44109,M,,,44
201300027128,13,6,23,1625,1,2,1,1.0,6,44109,M,,,44
201300027129,13,6,27,1550,1,2,1,1.0,6,44190,M,,,44
201300027130,13,6,22,920,1,2,6,1.0,6,44162,M,,,44
201300027131,13,6,28,1145,1,2,1,1.0,5,44109,M,,,44
201300027132,13,7,2,1550,1,2,1,1.0,3,44109,M,,,44
201300027133,13,7,3,655,2,2,2,2.0,6,44109,M,,,44
201300027134,13,4,2,745,1,2,1,1.0,6,44143,M,,,44
201300027135,13,7,5,625,1,2,1,1.0,6,44109,M,,,44
201300027136,13,7,8,1840,1,1,1,1.0,3,44109,M,,,44
201300027137,13,7,9,1840,1,2,3,1.0,6,44109,M,,,44
201300027138,13,7,10,2055,1,2,3,1.0,6,44109,M,,,44
201300027139,13,7,10,1910,1,2,1,1.0,6,44109,M,,,44
201300027140,13,7,12,1625,1,2,1,1.0,6,44109,M,,,44
201300027141,13,7,5,1515,1,2,1,1.0,2,44162,M,,,44
201300027142,13,7,16,924,1,2,1,1.0,1,44109,M,,,44
201300027143,13,7,8,950,1,2,1,1.0,6,44109,M,,,44
201300027144,13,7,18,955,1,2,6,1.0,3,44162,M,,,44
201300027145,13,7,17,2150,1,2,1,1.0,6,44109,M,,,44
201300027146,13,7,23,1220,1,2,9,1.0,3,44109,M,,,44
201300027147,13,7,22,1400,1,2,1,1.0,6,44114,M,,,44
201300027148,13,7,21,1805,1,2,1,1.0,6,44190,M,,,44
201300027149,13,7,27,1415,1,2,2,3.0,3,44109,M,,,44
201300027150,13,7,25,1350,1,2,1,1.0,6,44109,M,,,44
201300027151,13,8,5,2100,1,2,1,1.0,2,44109,M,,,44
201300027152,13,8,1,2100,1,2,1,1.0,6,44190,M,,,44
201300027153,13,8,4,706,1,2,1,1.0,6,44162,M,,,44
201300027154,13,8,6,2317,5,2,3,1.0,6,44109,M,,,44
201300027155,13,8,8,1300,1,2,1,1.0,6,44109,M,,,44
201300027156,13,9,2,1620,1,2,1,1.0,6,44109,M,,,44
201300027157,13,8,17,1015,1,2,1,1.0,1,44109,M,,,44
201300027158,13,8,16,630,1,2,1,1.0,6,44162,M,,,44
201300027159,13,8,18,1100,1,2,1,2.0,6,44109,M,,,44
201300027160,13,8,21,745,1,2,2,1.0,6,44143,M,,,44
201300027161,13,8,24,830,1,2,1,1.0,7,44143,M,,,44
201300027162,13,8,23,1610,1,2,1,1.0,2,44109,M,,,44
201300027163,13,8,22,1620,1,2,1,1.0,6,44109,M,,,44
201300027164,13,8,22,1715,1,2,9,1.0,3,44109,M,,,44
201300027165,13,8,23,1715,1,2,1,1.0,6,44109,M,,,44
201300027166,13,10,16,1208,1,2,9,9.0,6,44190,M,,,44
201300027167,13,8,26,1555,1,2,1,1.0,1,44162,M,,,44
201300027168,13,9,2,1200,1,2,1,1.0,6,44109,M,,,44
201300027169,13,9,3,1055,1,1,3,1.0,6,44109,M,,,44
201300027170,13,9,3,820,1,2,6,7.0,3,44162,M,,,44
201300027171,13,9,6,1610,1,2,6,1.0,3,44109,M,,,44
201300027172,13,9,9,2245,5,2,6,1.0,6,44109,M,,,44
201300027173,13,9,5,2300,5,2,2,1.0,6,44109,M,,,44
201300027174,13,9,6,1655,1,2,1,1.0,6,44109,M,,,44
201300027175,13,9,7,900,1,2,1,1.0,6,44109,M,,,44
201300027176,13,9,6,1946,1,2,1,1.0,6,44109,M,,,44
201300027177,13,9,10,1830,1,2,2,1.0,6,44109,M,,,44
201300027178,13,9,5,2000,2,2,1,9.0,6,44109,M,,,44
201300027179,13,9,10,855,1,2,1,1.0,6,44109,M,,,44
201300027180,13,9,9,735,1,2,3,2.0,3,44109,M,,,44
201300027181,13,9,11,1025,1,2,1,1.0,6,44109,M,,,44
201300027182,13,9,12,2000,2,2,3,1.0,3,44109,M,,,44
201300027183,13,9,10,1310,1,2,9,1.0,6,44114,M,,,44
201300027184,13,9,10,1310,1,2,1,1.0,6,44109,M,,,44
201300027185,13,9,13,1823,1,2,3,1.0,6,44109,M,,,44
201300027186,13,9,12,1630,1,2,1,1.0,6,44109,M,,,44
201300027187,13,9,15,1602,1,2,1,1.0,1,44109,M,,,44
201300027188,13,9,13,1842,2,2,1,1.0,6,44109,M,,,44
201300027189,13,9,15,1400,1,2,1,9.0,3,44109,M,,,44
201300027190,13,9,16,1805,1,2,3,1.0,3,44114,M,,,44
201300027191,13,9,18,2315,5,2,2,1.0,6,44109,M,,,44
201300027192,13,9,22,630,5,1,1,1.0,6,44109,M,,,44
201300027193,13,9,5,759,2,2,1,1.0,7,44109,M,,,44
201300027194,13,9,19,1710,1,2,1,1.0,6,44190,M,,,44
201300027195,13,9,16,2315,5,2,1,9.0,3,44109,M,,,44
201300027196,13,10,16,935,1,2,6,8.0,2,44143,M,,,44
201300027197,13,9,26,1150,1,2,1,2.0,2,44109,M,,,44
201300027198,13,9,29,1400,1,2,2,1.0,6,44109,M,,,44
201300027199,13,9,25,1840,1,2,6,1.0,3,44162,M,,,44
201300027200,13,10,1,1635,1,2,1,2.0,6,44109,M,,,44
201300027201,13,9,30,1330,1,2,1,1.0,1,44143,M,,,44
201300027202,13,9,28,1540,1,2,1,2.0,6,44190,M,,,44
201300027203,13,10,3,1303,1,2,1,1.0,6,44109,M,,,44
201300027204,13,10,3,715,2,2,1,2.0,6,44109,M,,,44
201300027205,13,10,2,1745,1,2,1,1.0,7,44109,M,,,44
201300027206,13,10,2,1750,1,2,1,1.0,3,44109,M,,,44
201300027207,13,10,1,1920,1,2,1,2.0,3,44162,M,,,44
201300027208,13,10,2,715,2,2,1,1.0,4,44194,M,,,44
201300027209,13,9,27,1325,1,2,1,1.0,2,44162,M,,,44
201300027210,13,10,3,1720,1,2,1,1.0,6,44109,M,,,44
201300027211,13,10,2,1555,1,2,1,1.0,6,44143,M,,,44
201300027212,13,10,9,835,1,2,3,1.0,3,44162,M,,,44
201300027213,13,10,6,1300,1,2,1,1.0,3,44109,M,,,44
201300027214,13,10,9,1620,1,2,1,1.0,3,44109,M,,,44
201300027215,13,10,10,1500,1,2,1,1.0,3,44109,M,,,44
201300027216,13,10,10,1650,1,2,1,1.0,6,44109,M,,,44
201300027217,13,10,11,1110,1,2,1,1.0,3,44143,M,,,44
201300027218,13,2,12,2320,5,2,2,1.0,3,44109,M,,,44
201300027219,13,10,8,1650,2,2,1,1.0,6,44162,M,,,44
201300027220,13,10,15,1930,5,2,1,2.0,1,44109,M,,,44
201300027221,13,10,12,1600,1,2,1,1.0,6,44109,M,,,44
201300027222,13,10,18,1245,1,2,1,1.0,2,44109,M,,,44
201300027223,13,10,19,1225,1,2,3,1.0,6,44109,M,,,44
201300027224,13,10,20,1030,1,2,1,1.0,3,44109,M,,,44
201300027225,13,10,18,1825,1,2,1,1.0,7,44109,M,,,44
201300027226,13,10,18,2150,4,2,1,1.0,6,44172,M,,,44
201300027227,13,10,21,800,5,2,1,1.0,6,44109,M,,,44
201300027228,13,10,21,1715,1,2,1,9.0,3,44109,M,,,44
201300027229,13,10,21,1855,2,2,1,9.0,6,44109,M,,,44
201300027230,13,10,24,740,5,2,1,2.0,3,44114,M,,,44
201300027231,13,10,27,245,5,2,1,6.0,6,44109,M,,,44
201300027232,13,10,28,1750,2,2,1,1.0,6,44109,M,,,44
201300027233,13,10,28,1325,1,2,1,1.0,6,44162,M,,,44
201300027234,13,10,30,1630,1,2,1,1.0,6,44109,M,,,44
201300027235,13,10,20,1245,1,2,1,1.0,7,44109,M,,,44
201300027236,13,11,3,320,3,1,1,3.0,6,44162,M,,,44
201300027237,13,11,1,220,5,2,1,2.0,6,44109,M,,,44
201300027238,13,11,3,520,5,2,3,1.0,3,44114,M,,,44
201300027239,13,11,5,1455,1,2,1,1.0,3,44109,M,,,44
201300027240,13,11,2,825,1,2,1,1.0,3,44020,M,,,44
201300027241,13,8,22,1415,1,2,1,1.0,6,44109,M,,,44
201300027242,13,11,6,655,3,2,1,1.0,6,44114,M,,,44
201300027243,13,11,12,550,5,2,1,2.0,6,44143,M,,,44
201300027244,13,11,9,740,2,2,1,1.0,2,44109,M,,,44
201300027245,13,11,9,1430,1,2,1,1.0,6,44109,M,,,44
201300027246,13,11,10,1150,1,2,1,2.0,6,44109,M,,,44
201300027247,13,11,7,1200,1,2,1,3.0,6,44109,M,,,44
201300027248,13,10,27,200,3,2,1,1.0,6,44109,M,,,44
201300027249,13,11,12,1630,1,2,2,1.0,6,44109,M,,,44
201300027250,13,11,13,755,1,2,3,1.0,6,44109,M,,,44
201300027251,13,11,14,645,5,2,1,1.0,7,44109,M,,,44
201300027252,13,11,16,820,1,2,1,1.0,7,44109,M,,,44
201300027253,13,11,15,1020,1,2,1,1.0,3,44109,M,,,44
201300027254,13,11,16,800,1,2,1,1.0,6,44109,M,,,44
201300027255,13,11,16,1345,1,2,1,1.0,2,44109,M,,,44
201300027256,13,11,12,905,1,2,1,1.0,6,44109,M,,,44
201300027257,13,11,19,2015,5,2,2,1.0,6,44109,M,,,44
201300027258,13,11,22,630,5,2,2,1.0,3,44109,M,,,44
201300027259,13,11,8,850,1,2,1,1.0,2,44109,M,,,44
201300027260,13,11,26,1510,1,2,1,1.0,6,44109,M,,,44
201300027261,13,11,26,1820,1,2,3,1.0,3,44109,M,,,44
201300027262,13,11,30,1210,1,2,1,1.0,7,44109,M,,,44
201300027263,13,12,1,205,5,2,1,1.0,6,44109,M,,,44
201300027264,13,12,2,827,1,2,1,1.0,6,44109,M,,,44
201300027265,13,11,21,1500,1,2,1,9.0,6,44109,M,,,44
201300027266,13,12,3,1950,5,2,1,1.0,3,44190,M,,,44
201300027267,13,11,28,825,1,2,1,1.0,2,44162,M,,,44
201300027268,13,12,7,1655,2,2,6,1.0,6,44109,M,,,44
201300027269,13,12,7,1410,1,2,1,1.0,3,44109,M,,,44
201300027270,13,12,9,1400,1,2,1,1.0,3,44109,M,,,44
201300027271,13,12,9,1550,1,2,1,7.0,6,44114,M,,,44
201300027272,13,12,6,1200,1,2,1,1.0,7,44109,M,,,44
201300027273,13,12,11,1840,5,2,1,1.0,7,44109,M,,,44
201300027274,13,12,10,1830,2,1,1,3.0,6,44114,M,,,44
201300027275,13,12,14,1135,1,2,2,1.0,3,44109,M,,,44
201300027276,13,12,16,1620,1,2,1,1.0,6,44109,M,,,44
201300027277,13,12,14,1730,5,2,1,1.0,6,44162,M,,,44
201300027278,13,12,16,1210,1,2,1,1.0,7,44143,M,,,44
201300027279,13,12,17,850,1,2,1,9.0,3,44109,M,,,44
201300027280,13,12,16,1752,5,2,1,1.0,7,44143,M,,,44
201300027281,13,12,19,1800,5,2,8,1.0,3,44109,M,,,44
201300027282,13,12,26,440,4,2,1,9.0,3,44109,M,,,44
201300027283,13,12,19,1140,1,2,1,1.0,2,44114,M,,,44
201300027284,13,12,29,630,5,2,1,9.0,3,44109,M,,,44
201300027285,13,12,20,1235,1,2,1,1.0,6,44109,M,,,44
201300027286,13,12,23,1925,5,2,1,3.0,6,44109,M,,,44
201300027287,13,12,19,955,1,2,1,1.0,6,44026,M,,,44
201300027288,13,1,8,1815,5,2,2,1.0,7,44184,M,,,44
201300027289,13,1,9,815,1,2,3,1.0,3,44184,M,,,44
201300027290,13,1,12,1820,2,2,1,1.0,7,44184,M,,,44
201300027291,13,1,16,1440,1,2,1,1.0,7,44184,M,,,44
201300027292,13,1,22,1850,5,2,1,1.0,3,44184,M,,,44
201300027293,13,1,25,425,5,2,1,1.0,7,44184,M,,,44
201300027294,13,1,26,1520,1,2,1,2.0,2,44184,M,,,44
201300027295,13,1,29,1830,5,2,1,2.0,6,44184,M,,,44
201300027296,13,1,31,1940,5,2,1,2.0,2,44184,M,,,44
201300027297,13,2,2,1730,1,2,1,1.0,2,44184,M,,,44
201300027298,13,2,10,1755,5,2,1,2.0,6,44184,M,,,44
201300027299,13,2,12,1730,1,2,2,1.0,3,44184,M,,,44
201300027300,13,2,19,1640,1,2,2,1.0,3,44184,M,,,44
201300027301,13,2,25,1745,1,2,2,1.0,3,44184,M,,,44
201300027302,13,2,26,1815,1,2,1,1.0,3,44184,M,,,44
201300027303,13,2,28,1810,5,2,3,1.0,3,44184,M,,,44
201300027304,13,3,6,1020,1,2,1,1.0,7,44184,M,,,44
201300027305,13,3,21,1310,1,2,1,2.0,7,44184,M,,,44
201300027306,13,3,23,1650,1,2,1,1.0,7,44184,M,,,44
201300027307,13,3,25,1445,1,2,1,1.0,7,44184,M,,,44
201300027308,13,3,26,825,1,2,1,1.0,3,44184,M,,,44
201300027309,13,3,26,1545,1,2,1,1.0,2,44184,M,,,44
201300027310,13,4,2,810,1,2,1,1.0,3,44184,M,,,44
201300027311,13,4,2,1530,1,2,1,1.0,3,44184,M,,,44
201300027312,13,4,2,1715,1,2,3,1.0,3,44184,M,,,44
201300027313,13,4,4,1725,1,2,1,1.0,7,44184,M,,,44
201300027314,13,4,4,1405,1,2,1,1.0,7,44184,M,,,44
201300027315,13,4,7,2025,2,2,1,1.0,3,44184,M,,,44
201300027316,13,4,8,855,1,2,1,2.0,7,44184,M,,,44
201300027317,13,4,17,1110,1,2,1,1.0,7,44184,M,,,44
201300027318,13,4,20,1700,1,2,1,1.0,2,44184,M,,,44