Num_Acc,an,mois,jour,hrmn,lum,agg,int,atm,col,com,gps,lat,long,dep
201300027319,13,4,20,1210,1,2,1,1.0,2,44184,M,,,44
201300027320,13,4,19,1710,1,2,2,1.0,3,44184,M,,,44
201300027321,13,4,22,1215,1,2,1,1.0,7,44184,M,,,44
201300027322,13,4,24,1915,1,2,1,1.0,7,44184,M,,,44
201300027323,13,4,29,845,1,2,7,1.0,3,44184,M,,,44
201300027324,13,5,3,1015,1,2,1,1.0,7,44184,M,,,44
201300027325,13,5,9,1900,1,2,2,1.0,3,44184,M,,,44
201300027326,13,5,10,1500,1,2,3,1.0,3,44184,M,,,44
201300027327,13,5,11,2030,1,2,1,1.0,6,44184,M,,,44
201300027328,13,5,14,1140,1,2,6,1.0,3,44184,M,,,44
201300027329,13,5,14,1730,1,2,1,1.0,2,44184,M,,,44
201300027330,13,5,14,1945,1,2,2,1.0,2,44184,M,,,44
201300027331,13,5,15,1630,1,2,2,1.0,3,44184,M,,,44
201300027332,13,5,16,1330,1,2,2,1.0,3,44184,M,,,44
201300027333,13,5,29,1100,1,2,2,2.0,7,44184,M,,,44
201300027334,13,6,10,1430,1,2,1,1.0,2,44184,M,,,44
201300027335,13,6,14,550,2,2,1,1.0,6,44184,M,,,44
201300027336,13,6,17,1445,1,2,6,1.0,3,44184,M,,,44
201300027337,13,6,29,700,2,2,1,1.0,6,44184,M,,,44
201300027338,13,7,6,2110,2,2,2,1.0,3,44184,M,,,44
201300027339,13,7,5,1925,1,1,6,1.0,2,44184,M,,,44
201300027340,13,7,13,1355,1,2,3,1.0,6,44184,M,,,44
201300027341,13,7,16,1120,1,2,1,1.0,3,44184,M,,,44
201300027342,13,7,17,1255,1,2,6,1.0,6,44184,M,,,44
201300027343,13,7,20,1520,1,2,4,1.0,7,44184,M,,,44
201300027344,13,7,22,1220,1,1,6,1.0,2,44184,M,,,44
201300027345,13,7,26,1545,1,2,2,1.0,7,44184,M,,,44
201300027346,13,8,1,1725,1,2,1,1.0,1,44184,M,,,44
201300027347,13,8,3,1920,1,2,3,1.0,3,44184,M,,,44
201300027348,13,8,2,1740,1,2,1,1.0,6,44184,M,,,44
201300027349,13,8,8,2100,1,2,2,1.0,3,44184,M,,,44
201300027350,13,8,15,1930,1,2,1,1.0,7,44184,M,,,44
201300027351,13,8,19,1900,1,2,2,1.0,3,44184,M,,,44
201300027352,13,8,19,1520,1,2,1,1.0,7,44184,M,,,44
201300027353,13,8,22,1335,1,2,1,1.0,6,44184,M,,,44
201300027354,13,8,25,1250,1,2,2,1.0,3,44184,M,,,44
201300027355,13,8,23,2300,5,2,1,1.0,7,44184,M,,,44
201300027356,13,8,26,1235,1,2,2,1.0,2,44184,M,,,44
201300027357,13,8,26,1530,1,2,9,1.0,2,44184,M,,,44
201300027358,13,8,26,2242,5,2,1,1.0,7,44184,M,,,44
201300027359,13,9,2,2230,5,2,1,1.0,7,44184,M,,,44
201300027360,13,9,3,1405,1,1,1,1.0,7,44184,M,,,44
201300027361,13,9,3,1540,1,2,1,1.0,7,44184,M,,,44
201300027362,13,9,4,805,1,2,1,1.0,3,44184,M,,,44
201300027363,13,9,8,2045,5,2,1,1.0,3,44184,M,,,44
201300027364,13,9,10,1240,1,2,3,1.0,3,44184,M,,,44
201300027365,13,9,12,1335,1,2,3,1.0,3,44184,M,,,44
201300027366,13,9,13,1405,1,2,3,1.0,3,44184,M,,,44
201300027367,13,9,14,1955,1,2,3,1.0,3,44184,M,,,44
201300027368,13,9,13,2200,5,2,1,1.0,6,44184,M,,,44
201300027369,13,9,18,1340,1,2,3,1.0,3,44184,M,,,44
201300027370,13,9,22,1750,1,2,1,1.0,2,44184,M,,,44
201300027371,13,9,25,1530,1,2,2,1.0,2,44184,M,,,44
201300027372,13,9,27,1200,1,2,1,1.0,2,44184,M,,,44
201300027373,13,10,5,620,2,2,1,1.0,7,44184,M,,,44
201300027374,13,10,4,1310,1,2,1,1.0,7,44184,M,,,44
201300027375,13,10,7,1520,1,2,2,1.0,3,44184,M,,,44
201300027376,13,10,8,750,3,2,1,1.0,4,44184,M,,,44
201300027377,13,10,10,1600,1,2,1,1.0,4,44184,M,,,44
201300027378,13,10,11,800,1,2,2,1.0,1,44184,M,,,44
201300027379,13,10,11,1015,1,2,1,1.0,4,44184,M,,,44
201300027380,13,10,15,2105,5,2,1,2.0,3,44184,M,,,44
201300027381,13,10,18,1635,1,2,6,1.0,3,44184,M,,,44
201300027382,13,10,25,740,5,2,1,2.0,6,44184,M,,,44
201300027383,13,11,15,745,2,2,1,1.0,3,44184,M,,,44
201300027384,13,12,6,1015,1,2,3,1.0,3,44184,M,,,44
201300027385,13,12,6,1655,1,2,1,1.0,7,44184,M,,,44
201300027386,13,12,9,1320,1,2,1,1.0,2,44184,M,,,44
201300027387,13,12,10,1610,1,2,1,1.0,6,44184,M,,,44
201300027388,13,12,14,1330,1,2,1,1.0,2,44184,M,,,44
201300027389,13,12,13,1855,5,2,1,2.0,7,44184,M,,,44
201300027390,13,1,3,2050,5,2,2,2.0,3,45208,M,4799827.0,274641.0,45
201300027391,13,1,4,845,2,1,1,2.0,6,45004,M,4798487.0,274201.0,45
201300027392,13,1,25,1220,1,2,2,8.0,3,45068,M,4803649.0,273917.0,45
201300027393,13,1,30,1155,1,2,2,2.0,3,45208,M,4800361.0,274197.0,45
201300027394,13,2,1,1750,5,2,6,3.0,3,45208,M,4799651.0,272731.0,45
201300027395,13,2,3,52,3,1,1,1.0,6,45004,M,4798592.0,283627.0,45
201300027396,13,2,8,1858,3,1,1,2.0,3,45208,M,4799231.0,274086.0,45
201300027397,13,2,14,1330,1,2,2,3.0,3,45068,M,4800932.0,270543.0,45
201300027398,13,2,23,2117,5,2,1,4.0,6,45208,M,4800327.0,273634.0,45
201300027399,13,2,28,1634,1,2,1,1.0,2,45004,M,4797557.0,274206.0,45
201300027400,13,3,2,1405,1,2,3,1.0,6,45068,M,4800673.0,273512.0,45
201300027401,13,3,7,1928,3,1,1,1.0,2,45338,M,4798912.0,268420.0,45
201300027402,13,3,9,1655,1,2,1,1.0,6,45068,M,4800578.0,271962.0,45
201300027403,13,3,11,1348,1,2,2,1.0,5,45068,M,4801787.0,270971.0,45
201300027404,13,3,15,944,1,2,1,1.0,6,45208,M,4799447.0,274455.0,45
201300027405,13,3,16,1545,1,2,1,1.0,2,45208,M,4800244.0,272601.0,45
201300027406,13,3,18,1005,1,2,1,8.0,6,45208,M,,,45
201300027407,13,3,19,1508,1,2,6,7.0,3,45004,M,4797823.0,272906.0,45
201300027408,13,3,15,1808,1,2,1,1.0,2,45208,M,4799118.0,272479.0,45
201300027409,13,3,23,515,5,2,1,1.0,6,45208,M,4799033.0,273237.0,45
201300027410,13,4,17,1918,1,2,3,1.0,3,45068,M,4802231.0,273622.0,45
201300027411,13,4,19,1115,1,2,1,1.0,6,45068,M,4801145.0,271979.0,45
201300027412,13,4,23,749,1,1,1,1.0,3,45004,M,4800578.0,281004.0,45
201300027413,13,4,24,1618,1,1,2,1.0,3,45004,M,4799029.0,278503.0,45
201300027414,13,4,24,1928,1,2,4,1.0,6,45208,M,4800396.0,273683.0,45
201300027415,13,4,29,1515,1,2,3,1.0,3,45004,M,4798933.0,274677.0,45
201300027416,13,4,28,1230,1,2,1,1.0,3,45208,M,,,45
201300027417,13,5,6,1540,1,2,2,1.0,3,45338,M,4798111.0,271641.0,45
201300027418,13,5,7,755,1,2,1,1.0,6,45338,M,4798169.0,272172.0,45
201300027419,13,5,9,1435,1,2,4,1.0,3,45338,M,4799502.0,269563.0,45
201300027420,13,5,16,1520,1,1,1,2.0,3,45004,M,,,45
201300027421,13,5,17,1825,1,2,1,1.0,6,45068,M,4800462.0,273082.0,45
201300027422,13,5,24,1526,1,2,4,2.0,2,45208,M,4799652.0,274001.0,45
201300027423,13,5,24,1620,1,1,4,3.0,3,45004,M,4797723.0,274096.0,45
201300027424,13,5,28,1920,1,1,1,2.0,6,45338,M,4794514.0,271362.0,45
201300027425,13,5,30,1616,1,2,1,3.0,6,45208,M,4799603.0,273338.0,45
201300027426,13,6,2,1305,1,2,1,1.0,1,45208,M,4800203.0,274239.0,45
201300027427,13,6,14,1000,1,1,1,1.0,3,45004,M,4796668.0,273403.0,45
201300027428,13,6,21,1945,1,2,1,1.0,6,45004,M,4798928.0,275045.0,45
201300027429,13,6,25,1715,1,2,1,1.0,6,45208,M,4799801.0,274170.0,45
201300027430,13,7,6,1025,1,2,1,1.0,3,45004,M,4797724.0,273672.0,45
201300027431,13,7,3,825,1,2,4,2.0,3,45338,M,4798739.0,269467.0,45
201300027432,13,7,2,845,1,2,2,1.0,3,45338,M,4798466.0,271107.0,45
201300027433,13,7,12,1235,1,1,3,1.0,3,45004,M,4798562.0,276934.0,45
201300027434,13,7,19,1720,1,2,1,1.0,6,45068,M,4802279.0,272722.0,45
201300027435,13,7,24,910,1,2,1,1.0,6,45338,M,4798964.0,269297.0,45
201300027436,13,8,7,1210,1,2,1,8.0,6,45068,M,4801332.0,273918.0,45
201300027437,13,8,9,1855,1,2,1,1.0,3,45004,M,4797745.0,273124.0,45
201300027438,13,8,23,1605,1,2,1,1.0,2,45004,M,4797532.0,273330.0,45
201300027439,13,8,31,1605,1,2,1,1.0,1,45004,M,4797802.0,273231.0,45
201300027440,13,8,27,1224,1,2,1,1.0,2,45208,M,4800743.0,274091.0,45
201300027441,13,9,1,1130,1,2,1,1.0,2,45208,M,4800573.0,274479.0,45
201300027442,13,6,30,2253,5,2,1,1.0,1,45068,M,4801559.0,271611.0,45
201300027443,13,8,1,842,1,2,1,7.0,6,45208,M,4800451.0,273745.0,45
201300027444,13,9,16,910,1,2,3,2.0,3,45004,M,4797048.0,275545.0,45
201300027445,13,9,27,1722,1,1,1,1.0,4,45208,M,,,45
201300027446,13,9,27,1530,1,2,1,1.0,6,45004,M,4797688.0,273324.0,45
201300027447,13,9,30,1425,1,2,1,1.0,3,45004,M,4798037.0,272863.0,45
201300027448,13,10,2,1310,1,1,1,1.0,2,45004,M,4797468.0,277539.0,45
201300027449,13,10,5,1400,1,2,3,1.0,4,45208,M,4800375.0,273695.0,45
201300027450,13,10,5,1515,1,2,1,1.0,3,45208,M,,,45
201300027451,13,10,9,940,1,2,2,1.0,6,45208,M,4799794.0,274325.0,45
201300027452,13,10,11,1603,1,2,2,2.0,5,45068,M,4801304.0,273131.0,45
201300027453,13,10,15,1550,1,2,2,2.0,6,45068,M,4801113.0,270803.0,45
201300027454,13,10,17,815,2,2,2,1.0,3,45068,M,4801279.0,273773.0,45
201300027455,13,10,26,1759,1,2,4,1.0,5,45068,M,4801295.0,271008.0,45
201300027456,13,10,26,1837,1,1,1,1.0,2,45338,M,,,45
201300027457,13,10,31,927,1,2,1,1.0,5,45208,M,4798742.0,273245.0,45
201300027458,13,11,17,311,3,2,1,1.0,6,45004,M,4800455.0,276976.0,45
201300027459,13,11,22,2223,5,2,1,2.0,6,45208,M,4799537.0,274944.0,45
201300027460,13,11,26,1407,1,2,3,1.0,3,45208,M,4799409.0,272605.0,45
201300027461,13,11,8,1705,2,2,1,1.0,6,45068,M,4800109.0,272515.0,45
201300027462,13,11,28,1533,1,2,1,1.0,6,45208,M,4799484.0,273294.0,45
201300027463,13,12,6,450,5,2,3,2.0,3,45068,M,4802139.0,273720.0,45
201300027464,13,12,6,1635,1,2,7,1.0,6,45208,M,4799487.0,273278.0,45
201300027465,13,12,12,2332,5,2,1,1.0,6,45068,M,4800857.0,272211.0,45
201300027466,13,12,14,1929,5,2,1,1.0,6,45208,M,4799795.0,274069.0,45
201300027467,13,11,7,1705,2,2,2,1.0,3,45208,M,4799565.0,272037.0,45
201300027468,13,12,17,1830,5,2,1,1.0,6,45208,M,4800193.0,273661.0,45
201300027469,13,12,30,1920,3,2,3,2.0,3,45068,M,4800759.0,273882.0,45
201300027470,13,1,7,1255,1,2,2,1.0,3,45274,M,4788202.0,195223.0,45
201300027471,13,1,11,1530,1,2,4,1.0,5,45232,M,4784025.0,187768.0,45
201300027472,13,1,14,800,2,2,1,1.0,1,45169,M,4793619.0,183866.0,45
201300027473,13,1,13,1805,2,2,2,1.0,3,45285,M,4790436.0,186526.0,45
201300027474,13,1,17,1450,1,2,1,1.0,1,45235,M,4795099.0,183712.0,45
201300027475,13,1,20,240,3,2,1,4.0,6,45147,M,4792927.0,189729.0,45
201300027476,13,1,21,2120,5,2,3,2.0,3,45234,M,4788144.0,190345.0,45
201300027477,13,1,28,1745,2,2,3,1.0,3,45169,M,4792151.0,185329.0,45
201300027478,13,1,30,1920,5,2,6,2.0,6,45234,M,4783296.0,193012.0,45
201300027479,13,1,30,1815,5,2,1,2.0,6,45234,M,4790557.0,188846.0,45
201300027480,13,2,5,1015,1,2,1,2.0,6,45234,M,4789999.0,190493.0,45
201300027481,13,2,15,140,3,1,1,1.0,6,45286,M,4786966.0,195393.0,45
201300027482,13,2,17,1540,1,2,1,1.0,3,45234,M,4784668.0,193998.0,45
201300027483,13,2,19,750,1,2,1,1.0,3,45234,M,4789802.0,188124.0,45
201300027484,13,2,13,1236,1,2,1,1.0,6,45232,M,4786675.0,191198.0,45
201300027485,13,3,1,901,1,2,2,1.0,3,45234,M,4790628.0,189016.0,45
201300027486,13,3,3,1115,1,2,4,1.0,3,45075,M,4789473.0,185376.0,45
201300027487,13,3,11,1550,1,2,1,1.0,6,45234,M,4787974.0,190828.0,45
201300027488,13,3,13,1540,1,2,3,1.0,3,45285,M,4790835.0,187726.0,45
201300027489,13,3,14,1700,1,2,1,1.0,3,45234,M,4791922.0,190268.0,45
201300027490,13,3,17,1510,1,2,3,1.0,3,45234,M,4791282.0,193302.0,45
201300027491,13,3,17,410,5,2,3,1.0,6,45234,M,4791766.0,189378.0,45
201300027492,13,3,23,1755,1,2,1,1.0,3,45234,M,4790009.0,188262.0,45
201300027493,13,3,23,1730,1,2,1,1.0,6,45234,M,4790704.0,190624.0,45
201300027494,13,3,24,735,1,1,1,8.0,6,45232,M,4786782.0,191193.0,45
201300027495,13,3,22,1810,1,2,3,1.0,6,45234,M,4792315.0,189538.0,45
201300027496,13,3,24,2232,3,2,1,1.0,6,45147,M,4794022.0,192809.0,45
201300027497,13,3,26,2225,5,1,1,1.0,7,45232,M,4785852.0,191253.0,45
201300027498,13,4,3,1305,1,2,1,1.0,1,45232,M,4785571.0,189802.0,45
201300027499,13,4,5,425,3,2,1,2.0,3,45235,M,4795104.0,183729.0,45
201300027500,13,4,3,1345,1,2,1,1.0,2,45147,M,4793909.0,190586.0,45
201300027501,13,4,11,15,5,2,2,2.0,3,45234,M,4792737.0,190969.0,45
201300027502,13,4,12,1610,1,2,1,1.0,4,45234,M,4790811.0,190675.0,45
201300027503,13,4,17,1030,1,2,1,1.0,6,45286,M,4788684.0,191843.0,45
201300027504,13,4,17,810,1,2,2,1.0,3,45147,M,4793424.0,191341.0,45
201300027505,13,4,24,1915,1,2,3,1.0,3,45147,M,4793562.0,191764.0,45
201300027506,13,5,3,1802,1,2,1,1.0,6,45285,M,4790978.0,188183.0,45
201300027507,13,5,4,1345,1,2,2,1.0,3,45147,M,4792149.0,191448.0,45
201300027508,13,5,3,1820,1,2,1,1.0,6,45234,M,4790101.0,190301.0,45
201300027509,13,5,6,1815,1,2,3,1.0,4,45286,M,4788501.0,192920.0,45
201300027510,13,5,8,640,1,2,3,2.0,3,45234,M,4788113.0,190340.0,45
201300027511,13,5,12,640,1,2,1,1.0,6,45147,M,,,45
201300027512,13,4,25,1125,1,2,2,1.0,3,45285,M,4790414.0,186521.0,45
201300027513,13,5,11,2045,1,2,1,1.0,7,45286,M,4789277.0,191704.0,45
201300027514,13,5,13,2140,5,2,4,1.0,6,45234,M,4787084.0,191201.0,45
201300027515,13,5,15,1010,1,2,1,1.0,6,45234,M,4788719.0,190357.0,45
201300027516,13,5,18,1400,1,2,1,3.0,3,45147,M,4794009.0,193468.0,45
201300027517,13,5,17,610,2,2,1,1.0,6,45234,M,4783271.0,192961.0,45
201300027518,13,5,21,2030,2,2,1,8.0,6,45147,M,4793999.0,192917.0,45
201300027519,13,5,22,1820,1,2,2,1.0,1,45234,M,4789432.0,190083.0,45
201300027520,13,5,31,1020,1,2,1,1.0,6,45234,M,4790439.0,191334.0,45
201300027521,13,6,5,1735,1,2,3,1.0,2,45302,M,4794508.0,188344.0,45
201300027522,13,6,3,1620,1,2,1,1.0,6,45302,M,4793639.0,188868.0,45
201300027523,13,6,8,545,2,2,3,1.0,3,45285,M,4791232.0,187603.0,45
201300027524,13,6,2,1820,1,2,3,1.0,3,45234,M,,,45
201300027525,13,6,24,745,1,1,1,1.0,3,45274,M,4787680.0,198426.0,45
201300027526,13,6,24,1240,1,2,6,1.0,3,45234,M,,,45
201300027527,13,6,29,1620,1,2,3,1.0,2,45234,M,4789805.0,188073.0,45
201300027528,13,6,30,1529,1,2,1,1.0,6,45232,M,4784726.0,191813.0,45
201300027529,13,6,11,850,1,2,6,1.0,2,45075,M,4790096.0,185578.0,45
201300027530,13,7,13,112,5,2,1,1.0,3,45286,M,,,45
201300027531,13,7,2,1130,1,2,1,1.0,6,45234,M,4790441.0,190442.0,45
201300027532,13,7,14,20,5,2,1,1.0,3,45234,M,4790710.0,188820.0,45
201300027533,13,8,1,2005,1,2,2,1.0,3,45232,M,4784127.0,191853.0,45
201300027534,13,8,2,1915,1,2,1,1.0,6,45232,M,4786324.0,190043.0,45
201300027535,13,8,13,1305,1,1,2,1.0,3,45232,M,4786838.0,191188.0,45
201300027536,13,8,20,1310,1,2,4,1.0,3,45285,M,4791589.0,188178.0,45
201300027537,13,8,19,1925,1,2,2,1.0,3,45234,M,4790622.0,190070.0,45
201300027538,13,8,18,1139,1,1,1,1.0,4,45308,M,,,45
201300027539,13,9,5,2115,5,2,2,1.0,1,45234,M,4791171.0,192305.0,45
201300027540,13,9,8,2045,5,2,1,1.0,2,45234,M,4789804.0,187863.0,45
201300027541,13,10,1,1850,2,2,1,2.0,2,45234,M,4790479.0,189741.0,45
201300027542,13,10,2,2240,5,2,1,1.0,6,45234,M,4790445.0,191698.0,45
201300027543,13,10,4,1550,1,2,1,1.0,3,45234,M,4791202.0,191948.0,45
201300027544,13,10,7,715,3,2,1,1.0,6,45234,M,4790902.0,190739.0,45
201300027545,13,10,4,745,1,2,1,1.0,6,45147,M,,,45
201300027546,13,10,11,1720,1,2,1,2.0,4,45234,M,,,45
201300027547,13,10,17,1105,1,2,6,1.0,3,45147,M,4793257.0,192834.0,45
201300027548,13,10,19,430,5,2,3,1.0,3,45285,M,4789691.0,186492.0,45
201300027549,13,10,21,1030,1,2,1,1.0,6,45234,M,4788697.0,190693.0,45
201300027550,13,11,3,1748,2,2,6,1.0,3,45234,M,4783489.0,193705.0,45
201300027551,13,11,7,1905,3,1,1,1.0,1,45232,M,4784247.0,189793.0,45
201300027552,13,11,7,2033,5,2,1,2.0,5,45234,M,4790227.0,192624.0,45
201300027553,13,11,14,904,1,2,1,1.0,6,45234,M,4790415.0,191778.0,45
201300027554,13,11,22,1632,1,2,2,1.0,3,45234,M,4790382.0,190978.0,45
201300027555,13,11,29,1705,2,2,1,2.0,2,45075,M,4789072.0,184008.0,45
201300027556,13,12,4,1835,5,2,2,1.0,2,45234,M,4789472.0,190301.0,45
201300027557,13,12,6,1700,2,2,1,1.0,2,45234,M,4791423.0,189617.0,45
201300027558,13,12,12,1130,1,2,2,1.0,3,45284,M,4791286.0,195907.0,45
201300027559,13,12,19,1055,1,2,1,1.0,6,45234,M,4797496.0,191196.0,45
201300027560,13,12,19,1315,1,1,1,1.0,3,45234,M,,,45
201300027561,13,12,20,1209,1,2,1,1.0,6,45234,M,,,45
201300027562,13,1,9,1645,2,2,1,2.0,3,46042,M,4442149.0,143919.0,46
201300027563,13,5,17,1725,1,2,1,1.0,2,46095,M,4451297.0,136919.0,46
201300027564,13,5,24,1555,1,2,1,1.0,7,46042,M,4445149.0,143981.0,46
201300027565,13,8,17,1036,1,2,1,1.0,6,46042,M,4445800.0,142548.0,46
201300027566,13,9,2,949,1,2,9,1.0,6,46042,M,4445104.0,144006.0,46
201300027567,13,10,1,1050,1,2,1,1.0,6,46042,M,4444182.0,144009.0,46
201300027568,13,10,2,1155,1,2,9,1.0,7,46042,M,4444734.0,144226.0,46
201300027569,13,10,24,1005,1,2,1,1.0,7,46042,M,4444483.0,144373.0,46
201300027570,13,11,4,1730,1,2,1,3.0,6,46042,M,4444557.0,144539.0,46
201300027571,13,11,9,1815,3,1,1,2.0,7,46042,M,4448670.0,140887.0,46
201300027572,13,12,8,650,3,1,1,5.0,6,46224,M,4444026.0,137135.0,46
201300027573,13,1,13,930,1,2,1,1.0,6,47032,M,,,47
201300027574,13,11,20,1830,5,2,1,2.0,6,47201,M,,,47
201300027575,13,12,4,1800,3,2,1,5.0,3,47001,M,,,47
201300027576,13,12,17,800,1,2,2,1.0,3,47001,M,,,47
201300027577,13,12,26,1105,1,2,1,2.0,6,47001,M,,,47
201300027578,13,2,11,1800,2,2,7,3.0,6,47001,M,,,47
201300027579,13,2,11,1740,2,2,1,3.0,6,47001,M,,,47
201300027580,13,3,13,1246,1,2,1,8.0,1,47001,M,4421050.0,62922.0,47
201300027581,13,3,21,915,1,2,1,1.0,5,47001,M,4419760.0,62050.0,47
201300027582,13,4,8,1210,1,2,1,1.0,3,47001,M,4420380.0,62075.0,47
201300027583,13,4,12,1215,1,2,3,8.0,3,47001,M,4421290.0,60697.0,47
201300027584,13,4,28,1110,1,2,3,1.0,3,47201,M,4421090.0,58717.0,47
201300027585,13,6,2,1025,1,2,1,1.0,1,47031,M,,,47
201300027586,13,6,3,1730,1,2,1,1.0,6,47001,M,,,47
201300027587,13,6,7,1320,1,2,1,1.0,3,47001,M,,,47
201300027588,13,6,14,1255,1,2,2,2.0,3,47201,M,,,47
201300027589,13,6,20,1650,1,2,3,1.0,3,47001,M,,,47
201300027590,13,7,2,1520,1,2,3,7.0,3,47201,M,,,47
201300027591,13,7,3,1243,1,2,1,1.0,3,47001,M,,,47
201300027592,13,7,18,1050,1,2,1,1.0,6,47201,M,,,47
201300027593,13,7,29,1325,1,2,1,1.0,3,47001,M,,,47
201300027594,13,8,8,2250,3,1,1,1.0,6,47032,M,,,47
201300027595,13,8,12,1027,1,2,6,1.0,2,47001,M,,,47
201300027596,13,8,13,1100,1,2,1,1.0,7,47001,M,,,47
201300027597,13,8,16,1715,1,2,1,1.0,3,47001,M,,,47
201300027598,13,8,19,1600,1,2,1,1.0,3,47001,M,,,47
201300027599,13,8,30,915,1,2,1,1.0,6,47001,M,,,47
201300027600,13,9,16,1315,1,2,1,2.0,6,47001,M,,,47
201300027601,13,10,21,1301,1,2,2,1.0,3,47032,M,,,47
201300027602,13,10,29,920,1,2,3,1.0,3,47001,M,,,47
201300027603,13,1,10,1705,3,1,1,3.0,6,47323,M,,,47
201300027604,13,3,28,1420,1,2,1,2.0,3,47323,M,4441800.0,72532.0,47
201300027605,13,4,2,1410,1,2,1,1.0,1,47027,M,4440440.0,69043.0,47
201300027606,13,5,23,815,1,2,4,1.0,6,47323,M,4441130.0,71563.0,47
201300027607,13,6,13,1445,1,1,1,3.0,2,47323,M,,,47
201300027608,13,6,24,1145,1,2,2,1.0,3,47323,M,,,47
201300027609,13,7,7,620,1,2,3,1.0,6,47323,M,,,47
201300027610,13,7,11,1155,1,2,1,1.0,6,47323,M,,,47
201300027611,13,7,16,840,1,2,1,1.0,6,47323,M,,,47
201300027612,13,7,17,1825,1,1,1,1.0,3,47323,M,,,47
201300027613,13,7,19,1210,1,1,1,1.0,7,47027,M,,,47
201300027614,13,8,13,1455,1,1,1,1.0,3,47323,M,,,47
201300027615,13,8,22,1830,1,2,1,1.0,6,47027,M,,,47
201300027616,13,10,14,1750,1,2,1,1.0,7,47027,M,,,47
201300027617,13,10,24,1230,1,2,2,1.0,3,47323,M,,,47
201300027618,13,10,26,1940,5,2,3,1.0,3,47323,M,,,47
201300027619,13,11,9,1725,5,2,1,2.0,3,47323,M,,,47
201300027620,13,12,7,1810,5,2,1,1.0,7,47027,M,,,47
201300027621,13,1,29,1830,5,2,1,1.0,6,48095,M,4451817.0,349437.0,48
201300027622,13,7,4,1435,1,1,1,1.0,6,48095,M,4450901.0,350951.0,48
201300027623,13,9,23,725,1,2,1,1.0,3,48095,M,4452390.0,348303.0,48
201300027624,13,11,12,855,1,2,1,1.0,7,48095,M,,,48
201300027625,13,11,15,1730,5,2,1,4.0,6,48095,M,,,48
201300027626,13,1,2,2001,5,2,3,1.0,3,49007,M,4746961.0,-55555.0,49
201300027627,13,1,5,1550,1,2,2,1.0,3,49007,M,4748335.0,-52677.0,49
201300027628,13,1,7,744,2,2,6,1.0,3,49007,M,4746420.0,-53148.0,49
201300027629,13,1,5,1453,1,2,3,1.0,3,49007,M,4745783.0,-53911.0,49
201300027630,13,1,7,1907,5,1,1,1.0,3,49007,M,4747564.0,-55459.0,49
201300027631,13,1,4,1440,1,2,1,1.0,2,49015,M,4750208.0,-58504.0,49
201300027632,13,1,14,26,5,2,1,1.0,6,49007,M,4747465.0,-56391.0,49
201300027633,13,1,11,835,1,2,6,1.0,2,49246,M,4744074.0,-49853.0,49
201300027634,13,1,11,1839,5,2,3,1.0,3,49267,M,4746114.0,-48988.0,49
201300027635,13,1,12,1601,1,2,6,1.0,3,49007,M,4748579.0,-51119.0,49
201300027636,13,1,15,1342,1,1,1,1.0,6,49015,M,4750306.0,-61076.0,49
201300027637,13,1,17,1334,1,2,1,1.0,6,49007,M,4747297.0,-55506.0,49
201300027638,13,1,17,1605,1,2,1,1.0,6,49007,M,4745704.0,-55391.0,49
201300027639,13,1,19,1442,1,1,1,2.0,7,49267,M,4746956.0,-51298.0,49
201300027640,13,1,19,1525,1,2,1,1.0,2,49007,M,4748597.0,-51469.0,49
201300027641,13,1,21,629,5,2,1,2.0,3,49007,M,4748101.0,-56726.0,49
201300027642,13,1,22,1959,5,2,1,2.0,6,49007,M,4745789.0,-55641.0,49
201300027643,13,1,23,620,5,1,1,1.0,4,49246,M,4742358.0,-50380.0,49
201300027644,13,1,23,1749,5,2,2,1.0,3,49007,M,4745950.0,-52151.0,49
201300027645,13,1,24,1028,1,2,2,1.0,5,49007,M,4744880.0,-55247.0,49
201300027646,13,1,24,1130,1,1,1,1.0,6,49007,M,4746342.0,-56381.0,49
201300027647,13,1,28,1025,1,2,1,1.0,2,49007,M,4744616.0,-54399.0,49
201300027648,13,1,29,2038,5,2,2,1.0,1,49007,M,4745257.0,-52408.0,49
201300027649,13,1,29,745,5,2,1,2.0,2,49267,M,4746133.0,-49442.0,49
201300027650,13,1,30,1030,1,2,3,2.0,3,49246,M,4743208.0,-48542.0,49
201300027651,13,1,31,817,2,2,1,1.0,6,49007,M,4746538.0,-55701.0,49
201300027652,13,1,31,1910,5,2,1,1.0,1,49007,M,4747343.0,-59075.0,49
201300027653,13,2,1,1721,1,2,2,1.0,3,49007,M,4747593.0,-55012.0,49
201300027654,13,2,1,1453,1,2,1,1.0,6,49007,M,4747347.0,-54180.0,49