Num_Acc,an,mois,jour,hrmn,lum,agg,int,atm,col,com,gps,lat,long,dep
201300027655,13,2,1,801,5,2,1,1.0,6,49007,M,4745636.0,-52383.0,49
201300027656,13,2,4,841,2,2,1,1.0,6,49007,M,4746834.0,-53062.0,49
201300027657,13,2,5,1231,1,2,1,1.0,6,49007,M,4747336.0,-59178.0,49
201300027658,13,2,7,707,5,2,2,1.0,1,49007,M,4745756.0,-53309.0,49
201300027659,13,2,7,1354,1,2,2,1.0,1,49007,M,4747473.0,-52910.0,49
201300027660,13,2,9,1855,5,2,6,1.0,7,49007,M,4749107.0,-55180.0,49
201300027661,13,2,4,1807,1,2,1,2.0,6,49246,M,4742248.0,-52369.0,49
201300027662,13,2,12,810,1,2,1,1.0,2,49007,M,4746806.0,-55103.0,49
201300027663,13,2,12,922,1,2,1,1.0,7,49007,M,4747015.0,-55405.0,49
201300027664,13,2,14,1920,5,2,2,1.0,1,49007,M,4747078.0,-51919.0,49
201300027665,13,2,14,1943,5,2,1,1.0,2,49007,M,4747927.0,-59756.0,49
201300027666,13,2,14,1025,1,2,1,1.0,6,49246,M,4742886.0,-52778.0,49
201300027667,13,2,14,1408,1,1,1,1.0,6,49007,M,4746663.0,-58259.0,49
201300027668,13,2,21,753,2,2,1,1.0,6,49007,M,4747586.0,-54805.0,49
201300027669,13,2,26,2155,4,1,1,1.0,1,49246,M,4743352.0,-49420.0,49
201300027670,13,3,4,825,1,2,2,1.0,6,49007,M,4745764.0,-53312.0,49
201300027671,13,3,2,515,5,2,1,1.0,2,49007,M,4745025.0,-55555.0,49
201300027672,13,3,4,1729,1,1,1,1.0,2,49007,M,4746499.0,-57664.0,49
201300027673,13,3,5,1215,1,2,1,1.0,6,49007,M,4747341.0,-54402.0,49
201300027674,13,3,8,2002,5,1,1,1.0,2,49246,M,4742410.0,-50375.0,49
201300027675,13,3,8,1710,1,2,1,1.0,3,49007,M,4747450.0,-53653.0,49
201300027676,13,3,8,1653,1,2,1,1.0,2,49007,M,4747370.0,-57070.0,49
201300027677,13,3,11,2110,5,2,2,1.0,3,49007,M,4747471.0,-52918.0,49
201300027678,13,3,12,752,1,1,1,4.0,6,49267,M,4747296.0,-49102.0,49
201300027679,13,3,14,815,1,2,1,1.0,3,49015,M,4749318.0,-58520.0,49
201300027680,13,3,13,1923,2,2,2,1.0,3,49007,M,4747219.0,-54121.0,49
201300027681,13,3,15,835,1,2,6,1.0,6,49007,M,4747059.0,-54460.0,49
201300027682,13,3,16,150,5,2,2,1.0,6,49007,M,4745173.0,-53579.0,49
201300027683,13,3,18,2030,5,2,1,1.0,6,49007,M,4747812.0,-56876.0,49
201300027684,13,3,16,1733,1,1,1,1.0,6,49267,M,4746926.0,-51347.0,49
201300027685,13,3,18,1745,1,2,2,1.0,6,49353,M,4744830.0,-51156.0,49
201300027686,13,3,15,1947,5,2,2,1.0,1,49007,M,4747317.0,-59988.0,49
201300027687,13,3,20,810,1,1,1,1.0,4,49007,M,4746506.0,-57676.0,49
201300027688,13,3,24,1245,1,2,2,1.0,5,49007,M,4745031.0,-56772.0,49
201300027689,13,3,22,1332,1,1,1,1.0,4,49007,M,4747191.0,-55887.0,49
201300027690,13,3,24,1146,1,2,2,1.0,3,49007,M,4748209.0,-52218.0,49
201300027691,13,3,26,1702,1,2,1,1.0,2,49246,M,4742222.0,-52371.0,49
201300027692,13,3,27,1722,1,2,1,1.0,3,49007,M,4747920.0,-55759.0,49
201300027693,13,3,28,1825,1,1,1,1.0,3,49246,M,4743463.0,-50840.0,49
201300027694,13,3,29,1820,1,2,1,2.0,7,49007,M,4745469.0,-56857.0,49
201300027695,13,3,30,616,3,2,1,1.0,7,49246,M,4743410.0,-52958.0,49
201300027696,13,4,5,2147,5,2,4,1.0,3,49267,M,4746680.0,-49310.0,49
201300027697,13,4,8,1647,1,2,3,1.0,1,49353,M,4744621.0,-49645.0,49
201300027698,13,4,8,956,1,2,1,1.0,6,49007,M,4746777.0,-55113.0,49
201300027699,13,3,31,2144,5,2,6,1.0,2,49007,M,4749093.0,-56277.0,49
201300027700,13,4,10,1229,1,2,1,2.0,7,49007,M,4747196.0,-59940.0,49
201300027701,13,4,11,1106,1,2,1,2.0,3,49007,M,4748567.0,-52521.0,49
201300027702,13,4,12,2047,2,2,2,1.0,3,49007,M,4745756.0,-53310.0,49
201300027703,13,4,12,835,1,2,2,2.0,3,49007,M,4747653.0,-55155.0,49
201300027704,13,4,12,1400,1,2,4,1.0,6,49007,M,4747397.0,-54836.0,49
201300027705,13,4,19,120,5,2,2,1.0,6,49007,M,4747435.0,-55240.0,49
201300027706,13,4,18,1819,1,2,1,1.0,6,49007,M,4747319.0,-59783.0,49
201300027707,13,4,20,400,5,2,2,1.0,6,49007,M,4744752.0,-54326.0,49
201300027708,13,4,19,1220,1,2,1,1.0,2,49267,M,4748940.0,-50516.0,49
201300027709,13,4,20,1208,1,2,1,1.0,6,49246,M,4744171.0,-51530.0,49
201300027710,13,4,24,1905,1,2,1,1.0,6,49007,M,4744834.0,-55382.0,49
201300027711,13,3,29,1844,1,2,1,1.0,2,49007,M,4746266.0,-53228.0,49
201300027712,13,4,25,1711,1,2,3,1.0,3,49007,M,4748664.0,-53263.0,49
201300027713,13,5,2,1345,1,1,1,1.0,7,49246,M,4744481.0,-52394.0,49
201300027714,13,5,1,1901,1,2,6,1.0,3,49007,M,4746115.0,-61694.0,49
201300027715,13,4,29,748,1,2,1,1.0,3,49007,M,4745619.0,-52783.0,49
201300027716,13,4,20,1225,1,2,1,1.0,6,49007,M,4745122.0,-56180.0,49
201300027717,13,4,26,2030,2,2,2,1.0,1,49007,M,4748557.0,-53329.0,49
201300027718,13,4,27,1926,1,2,1,1.0,7,49015,M,4750408.0,-59110.0,49
201300027719,13,4,29,1712,1,2,2,1.0,3,49007,M,4748173.0,-54295.0,49
201300027720,13,4,30,1120,1,2,2,1.0,3,49246,M,4743042.0,-52816.0,49
201300027721,13,5,2,1818,1,2,1,1.0,6,49007,M,4745805.0,-53827.0,49
201300027722,13,5,3,2238,3,1,1,1.0,6,49007,M,4749933.0,-56495.0,49
201300027723,13,5,7,1127,1,2,1,1.0,6,49007,M,4747315.0,-54515.0,49
201300027724,13,5,7,1645,1,2,1,1.0,7,49007,M,4747363.0,-57110.0,49
201300027725,13,5,9,2149,2,2,2,1.0,6,49007,M,4746986.0,-54246.0,49
201300027726,13,5,11,1730,1,2,3,1.0,3,49007,M,4747602.0,-55022.0,49
201300027727,13,5,11,1600,1,1,1,1.0,1,49015,M,4751075.0,-57487.0,49
201300027728,13,5,11,1652,1,2,1,1.0,7,49007,M,4747625.0,-59028.0,49
201300027729,13,5,12,1452,1,2,2,1.0,3,49007,M,4746635.0,-55300.0,49
201300027730,13,5,11,1720,1,2,1,1.0,6,49007,M,4747584.0,-55006.0,49
201300027731,13,5,13,850,1,2,2,1.0,2,49353,M,4744439.0,-49071.0,49
201300027732,13,5,13,2357,5,2,1,1.0,7,49007,M,4747235.0,-55455.0,49
201300027733,13,5,13,1657,1,1,6,1.0,6,49246,M,4743901.0,-48675.0,49
201300027734,13,5,13,1515,1,2,1,1.0,6,49007,M,4749094.0,-52973.0,49
201300027735,13,5,15,2306,5,2,1,1.0,2,49007,M,4748094.0,-57363.0,49
201300027736,13,5,16,1601,1,2,6,1.0,3,49007,M,4744830.0,-53864.0,49
201300027737,13,5,16,1251,1,1,1,1.0,7,49007,M,4745826.0,-57289.0,49
201300027738,13,5,20,1920,1,1,1,2.0,7,49007,M,4746608.0,-56910.0,49
201300027739,13,5,20,1345,1,1,1,2.0,7,49007,M,4747044.0,-56149.0,49
201300027740,13,5,19,2022,2,1,1,1.0,7,49007,M,4747547.0,-55500.0,49
201300027741,13,5,22,1310,1,2,3,1.0,1,49007,M,4746246.0,-54742.0,49
201300027742,13,5,22,1705,1,2,6,1.0,3,49007,M,4747812.0,-59851.0,49
201300027743,13,5,22,1820,1,2,1,1.0,6,49007,M,4744985.0,-51584.0,49
201300027744,13,5,22,1508,1,2,1,1.0,6,49007,M,4749167.0,-55161.0,49
201300027745,13,5,27,2010,1,2,1,1.0,2,49007,M,4748749.0,-52972.0,49
201300027746,13,5,28,945,1,1,1,8.0,2,49267,M,4747832.0,-50102.0,49
201300027747,13,5,29,853,1,2,2,1.0,7,49007,M,4746868.0,-55839.0,49
201300027748,13,6,3,1211,1,2,1,1.0,3,49007,M,4747151.0,-53859.0,49
201300027749,13,5,31,1953,1,1,1,1.0,2,49007,M,4746470.0,-57651.0,49
201300027750,13,6,4,1703,1,2,1,1.0,2,49007,M,4748060.0,-52924.0,49
201300027751,13,6,4,1711,1,2,1,1.0,6,49007,M,4746889.0,-54955.0,49
201300027752,13,6,4,1818,1,2,2,1.0,3,49007,M,4745194.0,-57103.0,49
201300027753,13,6,2,2000,1,2,1,1.0,2,49007,M,4748610.0,-52987.0,49
201300027754,13,6,5,656,1,1,1,1.0,7,49246,M,4742101.0,-50434.0,49
201300027755,13,5,31,1815,1,2,1,1.0,6,49007,M,4747971.0,-56570.0,49
201300027756,13,6,6,1806,1,2,1,1.0,6,49007,M,4747339.0,-52988.0,49
201300027757,13,5,27,1231,1,1,1,1.0,4,49267,M,4748298.0,-49877.0,49
201300027758,13,6,5,1520,1,2,1,1.0,7,49007,M,4745820.0,-54335.0,49
201300027759,13,6,7,1622,1,2,1,1.0,4,49246,M,4740732.0,-52550.0,49
201300027760,13,6,7,835,1,2,1,1.0,6,49007,M,4747723.0,-54904.0,49
201300027761,13,6,8,1820,1,2,1,1.0,7,49007,M,4747319.0,-53152.0,49
201300027762,13,6,9,240,5,2,1,1.0,1,49246,M,4743592.0,-53086.0,49
201300027763,13,6,11,1347,1,2,1,1.0,2,49007,M,4748939.0,-56808.0,49
201300027764,13,6,12,919,1,2,6,2.0,6,49007,M,4744855.0,-53821.0,49
201300027765,13,6,13,1825,1,1,1,1.0,4,49007,M,4747232.0,-55836.0,49
201300027766,13,6,15,938,1,2,6,1.0,3,49007,M,4746723.0,-54490.0,49
201300027767,13,6,14,1005,1,2,1,1.0,2,49007,M,4745997.0,-54601.0,49
201300027768,13,6,17,2300,5,2,2,2.0,3,49007,M,4746542.0,-55031.0,49
201300027769,13,6,17,1635,1,2,1,1.0,2,49007,M,4745766.0,-54372.0,49
201300027770,13,6,18,1809,1,2,6,1.0,7,49353,M,4744547.0,-46958.0,49
201300027771,13,6,19,1804,1,2,1,1.0,7,49007,M,4747006.0,-54718.0,49
201300027772,13,6,24,1736,1,2,1,1.0,2,49007,M,4747848.0,-52117.0,49
201300027773,13,6,21,1328,1,2,1,1.0,6,49007,M,4745068.0,-53969.0,49
201300027774,13,6,22,1628,1,2,3,1.0,3,49007,M,4746374.0,-53837.0,49
201300027775,13,6,25,1758,1,1,4,1.0,6,49007,M,4747928.0,-59747.0,49
201300027776,13,6,25,2230,5,2,1,1.0,2,49007,M,4747649.0,-53289.0,49
201300027777,13,6,25,1318,1,2,1,1.0,1,49007,M,4745186.0,-54445.0,49
201300027778,13,6,26,1115,1,2,1,1.0,2,49007,M,4748086.0,-57337.0,49
201300027779,13,6,27,1642,1,2,3,1.0,3,49007,M,4747363.0,-58369.0,49
201300027780,13,6,28,1834,1,2,1,1.0,1,49007,M,4744900.0,-56846.0,49
201300027781,13,6,29,1830,1,1,1,1.0,2,49007,M,4746555.0,-57938.0,49
201300027782,13,6,30,1217,1,2,2,1.0,3,49007,M,4747347.0,-54209.0,49
201300027783,13,6,30,1020,1,2,2,1.0,3,49007,M,4744751.0,-56177.0,49
201300027784,13,7,2,1750,1,2,1,1.0,3,49007,M,4746743.0,-55571.0,49
201300027785,13,7,3,842,1,2,6,1.0,6,49007,M,4746473.0,-59390.0,49
201300027786,13,7,3,1810,1,2,1,1.0,6,49007,M,4746610.0,-59816.0,49
201300027787,13,7,4,1535,1,2,1,1.0,7,49007,M,4748094.0,-57363.0,49
201300027788,13,7,5,1814,1,2,1,1.0,3,49007,M,4748499.0,-51664.0,49
201300027789,13,5,28,1605,1,2,1,3.0,6,49353,M,4744558.0,-46794.0,49
201300027790,13,5,29,1718,1,1,1,3.0,7,49267,M,4746997.0,-51223.0,49
201300027791,13,7,8,2040,1,2,2,1.0,2,49007,M,4745562.0,-52992.0,49
201300027792,13,7,9,1720,1,2,2,1.0,6,49007,M,4747344.0,-54212.0,49
201300027793,13,7,12,1420,1,2,2,1.0,3,49007,M,4747619.0,-54508.0,49
201300027794,13,7,14,1,5,2,3,1.0,3,49007,M,4747305.0,-57725.0,49
201300027795,13,7,12,855,3,2,1,1.0,3,49007,M,4747228.0,-54634.0,49
201300027796,13,7,16,1940,1,2,4,1.0,3,49007,M,4747420.0,-56722.0,49
201300027797,13,7,23,1635,1,2,1,1.0,4,49007,M,4748029.0,-55468.0,49
201300027798,13,7,22,1940,1,2,1,1.0,7,49007,M,4748148.0,-52706.0,49
201300027799,13,7,24,1310,1,2,3,1.0,3,49007,M,4746732.0,-54701.0,49
201300027800,13,7,25,1359,1,2,1,1.0,2,49007,M,4747362.0,-58370.0,49
201300027801,13,7,25,1727,1,2,1,1.0,2,49007,M,4748430.0,-53044.0,49
201300027802,13,7,26,1730,1,2,1,1.0,2,49007,M,4747325.0,-59663.0,49
201300027803,13,7,31,1707,1,2,1,1.0,2,49007,M,4748991.0,-52205.0,49
201300027804,13,8,2,1840,1,2,2,1.0,3,49007,M,4747075.0,-51915.0,49
201300027805,13,8,2,1344,1,2,1,1.0,6,49007,M,,,49
201300027806,13,8,6,1805,1,2,2,1.0,3,49007,M,,,49
201300027807,13,8,6,835,1,2,6,1.0,1,49007,M,,,49
201300027808,13,8,15,110,3,1,1,1.0,6,49246,M,,,49
201300027809,13,8,23,1156,1,2,1,1.0,6,49007,M,,,49
201300027810,13,8,24,1803,1,2,1,1.0,2,49007,M,,,49
201300027811,13,8,24,1520,1,2,1,1.0,7,49007,M,4747337.0,-56678.0,49
201300027812,13,8,24,1016,1,2,1,1.0,6,49007,M,4747550.0,-53661.0,49
201300027813,13,8,24,1500,1,2,1,1.0,7,49007,M,,,49
201300027814,13,8,27,2210,4,2,1,1.0,1,49007,M,,,49
201300027815,13,9,1,2055,2,2,1,1.0,7,49007,M,,,49
201300027816,13,9,3,1649,1,2,6,1.0,1,49007,M,,,49
201300027817,13,9,4,1531,1,2,1,1.0,6,49007,M,,,49
201300027818,13,9,4,849,1,2,1,1.0,6,49007,M,,,49
201300027819,13,9,5,1900,1,2,1,1.0,1,49007,M,,,49
201300027820,13,9,5,2106,2,2,6,1.0,2,49007,M,,,49
201300027821,13,9,6,2225,5,2,2,1.0,2,49246,M,,,49
201300027822,13,9,9,1713,1,2,3,1.0,3,49007,M,4747316.0,-56641.0,49
201300027823,13,9,6,805,1,2,1,1.0,1,49007,M,4748780.0,-57384.0,49
201300027824,13,9,6,930,1,2,1,1.0,2,49007,M,,,49
201300027825,13,9,7,2036,5,2,2,1.0,3,49007,M,,,49
201300027826,13,9,8,1215,1,2,1,1.0,6,49007,M,,,49
201300027827,13,9,11,1202,1,2,1,1.0,2,49007,M,4745305.0,-51820.0,49
201300027828,13,9,11,849,1,2,6,1.0,7,49007,M,4747312.0,-59980.0,49
201300027829,13,9,13,627,5,2,2,1.0,3,49246,M,,,49
201300027830,13,9,12,738,2,2,3,1.0,5,49007,M,,,49
201300027831,13,9,12,754,1,2,1,2.0,6,49007,M,,,49
201300027832,13,9,12,830,1,2,1,1.0,6,49267,M,,,49
201300027833,13,9,16,1636,1,1,1,1.0,3,49246,M,,,49
201300027834,13,9,17,1220,1,2,3,1.0,1,49007,M,4747402.0,-53743.0,49
201300027835,13,9,13,1826,1,2,3,1.0,2,49007,M,,,49
201300027836,13,9,15,930,1,2,1,1.0,6,49007,M,,,49
201300027837,13,9,16,1405,1,2,1,1.0,2,49353,M,,,49
201300027838,13,9,18,1958,1,2,2,1.0,1,49007,M,,,49
201300027839,13,9,20,1435,1,2,6,1.0,3,49007,M,,,49
201300027840,13,9,20,1105,1,2,1,1.0,6,49007,M,,,49
201300027841,13,9,21,1137,1,2,1,1.0,2,49007,M,,,49
201300027842,13,9,23,851,1,2,1,1.0,6,49007,M,,,49
201300027843,13,9,24,1909,1,2,1,1.0,6,49007,M,,,49
201300027844,13,9,24,1336,1,2,1,1.0,7,49007,M,,,49
201300027845,13,9,26,1700,1,2,1,1.0,2,49007,M,,,49
201300027846,13,9,28,1633,1,1,1,2.0,3,49267,M,,,49
201300027847,13,9,28,840,1,2,1,1.0,6,49007,M,,,49
201300027848,13,9,27,1250,1,2,1,1.0,2,49007,M,,,49
201300027849,13,9,27,1830,1,2,2,1.0,3,49007,M,,,49
201300027850,13,9,29,1354,1,2,3,1.0,6,49007,M,,,49
201300027851,13,9,27,1910,2,2,1,1.0,3,49007,M,,,49
201300027852,13,9,29,605,5,2,1,1.0,7,49246,M,,,49
201300027853,13,9,30,755,2,2,1,1.0,3,49007,M,4745070.0,-53964.0,49
201300027854,13,10,1,1739,1,2,1,1.0,6,49007,M,,,49
201300027855,13,10,2,1704,1,2,1,1.0,3,49007,M,,,49
201300027856,13,10,3,1115,1,2,1,1.0,4,49007,M,4748310.0,-57584.0,49
201300027857,13,10,4,450,5,2,1,1.0,6,49267,M,4746925.0,-50928.0,49
201300027858,13,10,3,2155,5,2,2,1.0,1,49007,M,,,49
201300027859,13,10,4,1647,1,1,1,1.0,3,49353,M,,,49
201300027860,13,10,4,1755,1,2,1,1.0,6,49007,M,,,49
201300027861,13,10,8,1755,1,2,3,1.0,3,49007,M,,,49
201300027862,13,10,9,1250,1,2,3,1.0,6,49007,M,,,49
201300027863,13,10,9,1256,1,2,1,1.0,3,49007,M,,,49
201300027864,13,10,12,920,1,2,1,2.0,3,49007,M,,,49
201300027865,13,10,13,510,5,2,1,1.0,6,49007,M,,,49
201300027866,13,10,14,1330,1,2,2,1.0,6,49007,M,,,49
201300027867,13,10,14,828,1,2,1,1.0,2,49007,M,,,49
201300027868,13,10,15,918,1,2,2,2.0,3,49007,M,4747373.0,-54754.0,49
201300027869,13,10,15,1053,1,2,2,2.0,2,49007,M,4746176.0,-54148.0,49
201300027870,13,10,16,800,5,2,1,1.0,3,49007,M,,,49
201300027871,13,10,16,1840,1,1,1,1.0,6,49007,M,,,49
201300027872,13,10,17,748,1,2,2,1.0,6,49007,M,,,49
201300027873,13,10,17,1824,1,2,1,1.0,6,49353,M,,,49
201300027874,13,10,18,1411,1,2,1,1.0,2,49007,M,,,49
201300027875,13,10,21,1620,1,2,1,1.0,3,49007,M,,,49
201300027876,13,10,22,857,2,2,1,1.0,3,49246,M,,,49
201300027877,13,10,23,1420,1,2,2,1.0,2,49007,M,,,49
201300027878,13,10,23,732,2,2,1,1.0,6,49007,M,,,49
201300027879,13,10,24,1100,1,2,1,1.0,6,49007,M,,,49
201300027880,13,10,27,2035,3,1,1,2.0,7,49246,M,,,49
201300027881,13,10,28,1850,5,2,1,1.0,7,49007,M,,,49
201300027882,13,11,1,2023,5,2,2,1.0,2,49007,M,,,49
201300027883,13,11,2,833,1,1,1,1.0,6,49007,M,,,49
201300027884,13,11,5,1107,1,2,1,1.0,6,49007,M,,,49
201300027885,13,11,5,1747,1,2,1,1.0,6,49007,M,,,49
201300027886,13,11,6,1500,1,2,1,1.0,3,49007,M,,,49
201300027887,13,11,6,1744,2,1,1,1.0,4,49015,M,4750423.0,-61883.0,49
201300027888,13,11,11,2145,5,2,1,2.0,4,49007,M,,,49
201300027889,13,11,14,855,1,2,1,1.0,6,49007,M,,,49
201300027890,13,11,18,1517,1,2,1,1.0,6,49007,M,,,49
201300027891,13,10,26,2010,5,2,1,1.0,2,49246,M,,,49
201300027892,13,11,12,1946,5,2,1,1.0,3,49267,M,,,49
201300027893,13,10,20,1215,1,2,1,1.0,7,49015,M,,,49
201300027894,13,10,26,1630,1,2,1,1.0,6,49007,M,,,49
201300027895,13,11,18,1815,5,2,1,1.0,6,49007,M,,,49
201300027896,13,10,29,910,1,2,1,1.0,7,49007,M,,,49
201300027897,13,10,30,1340,1,2,1,1.0,6,49007,M,,,49
201300027898,13,11,9,1123,1,2,1,1.0,7,49007,M,,,49
201300027899,13,11,20,2000,5,2,1,2.0,6,49007,M,,,49
201300027900,13,11,20,1240,1,2,6,1.0,6,49007,M,,,49
201300027901,13,11,21,1205,1,2,2,1.0,3,49007,M,,,49
201300027902,13,11,21,1600,1,2,1,2.0,2,49007,M,,,49
201300027903,13,11,21,745,2,2,1,2.0,7,49007,M,,,49
201300027904,13,11,21,1915,3,2,1,1.0,7,49007,M,,,49
201300027905,13,11,23,530,5,2,1,1.0,6,49007,M,,,49
201300027906,13,11,24,1145,1,2,1,7.0,6,49007,M,,,49
201300027907,13,11,28,120,5,2,2,1.0,3,49007,M,,,49
201300027908,13,11,28,1145,1,2,9,1.0,3,49353,M,,,49
201300027909,13,11,30,1245,1,2,5,1.0,3,49007,M,,,49
201300027910,13,11,30,2016,5,2,1,1.0,6,49007,M,,,49
201300027911,13,11,30,1210,1,2,1,1.0,1,49007,M,,,49
201300027912,13,11,29,1630,1,2,1,1.0,3,49246,M,,,49
201300027913,13,12,3,1950,2,2,1,1.0,2,49007,M,4747922.0,-55760.0,49
201300027914,13,11,8,1345,1,1,1,2.0,2,49007,M,,,49
201300027915,13,12,3,1820,3,1,1,1.0,4,49267,M,,,49
201300027916,13,12,6,1730,1,2,1,1.0,6,49007,M,,,49
201300027917,13,12,9,1822,5,2,1,1.0,7,49007,M,,,49
201300027918,13,12,10,1415,1,2,1,1.0,4,49267,M,,,49
201300027919,13,12,10,1650,1,2,1,1.0,7,49007,M,,,49
201300027920,13,12,12,1402,1,2,6,1.0,2,49007,M,,,49
201300027921,13,12,13,2310,5,2,1,1.0,7,49007,M,,,49
201300027922,13,12,14,1910,5,2,1,1.0,7,49007,M,,,49
201300027923,13,12,12,1800,5,2,1,1.0,2,49007,M,,,49
201300027924,13,12,16,1705,1,2,1,1.0,3,49246,M,,,49
201300027925,13,12,18,2030,5,2,1,3.0,3,49007,M,,,49
201300027926,13,12,18,810,2,2,3,2.0,3,49007,M,,,49
201300027927,13,12,19,1000,1,2,1,2.0,7,49007,M,,,49
201300027928,13,12,19,1150,1,2,1,1.0,2,49007,M,,,49
201300027929,13,12,19,2055,5,2,1,1.0,6,49007,M,,,49
201300027930,13,12,20,1010,1,2,1,1.0,6,49007,M,,,49
201300027931,13,12,21,2352,5,2,1,2.0,7,49007,M,,,49
201300027932,13,12,20,1009,1,2,1,9.0,6,49007,M,,,49
201300027933,13,12,22,1946,5,2,7,9.0,3,49007,M,,,49
201300027934,13,12,23,1150,1,2,1,1.0,1,49353,M,,,49
201300027935,13,12,26,730,4,2,1,2.0,7,49007,M,,,49
201300027936,13,12,26,709,2,2,1,8.0,6,49007,M,,,49
201300027937,13,12,27,1730,2,2,1,2.0,7,49007,M,,,49
201300027938,13,12,30,1045,1,2,9,1.0,1,49007,M,,,49
201300027939,13,1,6,1840,1,2,9,5.0,2,49099,M,4705407.0,-90092.0,49
201300027940,13,1,7,1900,5,2,1,1.0,3,49099,M,4704194.0,-91354.0,49
201300027941,13,1,9,1210,1,2,1,1.0,6,49099,M,4706724.0,-88504.0,49
201300027942,13,1,11,1315,1,2,2,1.0,6,49099,M,4705794.0,-87935.0,49
201300027943,13,1,14,800,2,2,6,1.0,3,49099,M,4706519.0,-87010.0,49
201300027944,13,1,15,1650,1,2,1,1.0,6,49099,M,4706382.0,-87154.0,49
201300027945,13,1,18,1045,1,2,1,2.0,6,49099,M,4706203.0,-89684.0,49
201300027946,13,1,22,1755,2,2,1,1.0,3,49099,M,4706337.0,-87354.0,49
201300027947,13,1,23,1835,5,2,1,2.0,4,49099,M,4705948.0,-91900.0,49
201300027948,13,1,24,755,5,2,9,2.0,3,49099,M,4706222.0,-85828.0,49
201300027949,13,1,28,1912,5,2,1,1.0,2,49099,M,4707309.0,-89757.0,49
201300027950,13,1,28,1732,1,2,6,1.0,3,49099,M,4705013.0,-87221.0,49
201300027951,13,1,28,2020,5,2,6,1.0,4,49099,M,4707128.0,-84200.0,49
201300027952,13,1,29,2145,5,2,1,2.0,3,49099,M,4706078.0,-87196.0,49
201300027953,13,2,8,2010,5,2,3,2.0,3,49099,M,4705720.0,-86283.0,49
201300027954,13,2,9,1050,1,2,1,2.0,6,49332,M,4706409.0,-93567.0,49
201300027955,13,2,20,855,1,2,1,1.0,6,49099,M,4705745.0,-87866.0,49
201300027956,13,2,26,935,1,2,1,4.0,3,49099,M,4706784.0,-87461.0,49
201300027957,13,3,22,1210,1,2,1,1.0,6,49099,M,4705277.0,-89067.0,49
201300027958,13,3,27,745,1,2,6,1.0,3,49099,M,4705541.0,-85939.0,49
201300027959,13,4,5,525,2,2,1,1.0,3,49099,M,4705718.0,-87701.0,49
201300027960,13,4,8,1210,1,2,1,1.0,2,49099,M,4705889.0,-88920.0,49
201300027961,13,4,17,1445,1,2,6,1.0,6,49099,M,4705080.0,-87166.0,49
201300027962,13,4,18,1950,1,2,6,1.0,3,49099,M,4705508.0,-85988.0,49
201300027963,13,5,9,2200,5,2,1,1.0,6,49099,M,4705610.0,-86085.0,49
201300027964,13,5,11,655,2,2,1,1.0,6,49099,M,4705451.0,-90132.0,49
201300027965,13,5,18,1910,1,2,2,3.0,3,49099,M,4705086.0,-85803.0,49
201300027966,13,5,19,35,5,2,1,3.0,6,49099,M,4705588.0,-88891.0,49
201300027967,13,5,27,1303,1,2,2,1.0,6,49099,M,4706897.0,-88217.0,49
201300027968,13,5,30,1700,1,2,1,2.0,1,49099,M,4708062.0,-82792.0,49
201300027969,13,6,6,1625,1,2,6,1.0,2,49099,M,4706324.0,-86597.0,49
201300027970,13,6,11,1440,1,2,1,2.0,3,49099,M,4706769.0,-87896.0,49
201300027971,13,6,12,1710,1,2,1,1.0,2,49099,M,4704729.0,-89120.0,49
201300027972,13,6,13,1310,1,2,1,1.0,1,49099,M,4706776.0,-87667.0,49
201300027973,13,6,17,1515,1,2,9,1.0,6,49099,M,4705968.0,-90440.0,49
201300027974,13,6,27,830,1,2,1,1.0,2,49099,M,4706164.0,-88780.0,49
201300027975,13,7,10,1830,1,2,1,1.0,6,49099,M,4705855.0,-87884.0,49
201300027976,13,7,16,1655,1,2,6,1.0,6,49099,M,4707502.0,-84500.0,49
201300027977,13,7,23,1245,1,1,1,8.0,6,49099,M,4703203.0,-88408.0,49
201300027978,13,7,28,615,1,2,1,1.0,6,49099,M,4706349.0,-88511.0,49
201300027979,13,7,29,2025,1,2,1,1.0,6,49099,M,4706640.0,-89006.0,49
201300027980,13,8,1,1035,1,2,2,1.0,6,49099,M,,,49
201300027981,13,8,3,1750,1,2,3,1.0,6,49099,M,,,49
201300027982,13,8,5,815,1,2,6,1.0,6,49099,M,4706318.0,-86569.0,49
201300027983,13,8,6,2240,5,2,3,1.0,3,49099,M,,,49
201300027984,13,8,15,2010,1,1,1,1.0,6,49099,M,,,49
201300027985,13,9,4,1100,1,2,1,1.0,6,49099,M,,,49
201300027986,13,9,10,910,1,2,1,7.0,6,49099,M,,,49
201300027987,13,9,24,805,1,2,1,1.0,6,49099,M,4706532.0,-87072.0,49
201300027988,13,9,26,1315,1,2,2,2.0,5,49099,M,,,49
201300027989,13,9,26,1754,1,2,1,1.0,6,49099,M,,,49
201300027990,13,9,27,2015,3,1,1,1.0,1,49099,M,,,49
201300027991,13,10,14,1200,1,2,9,1.0,6,49099,M,4706397.0,-88104.0,49