Num_Acc,an,mois,jour,hrmn,lum,agg,int,atm,col,com,gps,lat,long,dep
201300027992,13,10,14,1945,5,2,3,2.0,3,49099,M,,,49
201300027993,13,10,18,800,1,2,1,1.0,3,49099,M,,,49
201300027994,13,10,20,1955,2,2,3,1.0,3,49099,M,,,49
201300027995,13,10,21,755,1,1,8,8.0,6,49099,M,,,49
201300027996,13,10,18,755,2,2,9,1.0,2,49099,M,,,49
201300027997,13,10,24,1020,1,2,3,1.0,3,49099,M,,,49
201300027998,13,11,3,830,1,2,1,2.0,5,49099,M,,,49
201300027999,13,11,7,1000,1,2,1,2.0,1,49099,M,,,49
201300028000,13,11,7,1920,5,2,1,2.0,3,49099,M,4705954.0,-88684.0,49
201300028001,13,11,22,1145,1,2,1,1.0,3,49099,M,,,49
201300028002,13,12,6,1740,2,2,1,1.0,2,49099,M,,,49
201300028003,13,12,9,730,1,2,1,1.0,3,49099,M,,,49
201300028004,13,12,11,2050,5,2,2,1.0,3,49099,M,,,49
201300028005,13,12,11,800,2,1,1,1.0,1,49099,M,,,49
201300028006,13,12,13,1915,5,2,1,2.0,4,49099,M,,,49
201300028007,13,12,17,835,2,2,6,1.0,6,49099,M,,,49
201300028008,13,12,17,1740,5,2,1,1.0,6,49099,M,,,49
201300028009,13,12,18,1740,5,2,1,1.0,6,49099,M,,,49
201300028010,13,12,23,1155,1,2,2,2.0,3,49099,M,,,49
201300028011,13,1,3,805,2,2,1,1.0,6,49328,M,4725285.0,-8036.0,49
201300028012,13,1,5,1140,1,2,1,1.0,6,49328,M,4725215.0,-6827.0,49
201300028013,13,1,10,910,1,2,6,2.0,3,49328,M,4725308.0,-8043.0,49
201300028014,13,1,11,815,2,1,6,1.0,4,49328,M,4728594.0,-4911.0,49
201300028015,13,1,14,1810,2,2,6,1.0,2,49328,M,4726272.0,-9035.0,49
201300028016,13,1,21,2155,3,2,6,1.0,3,49328,M,4724671.0,-6375.0,49
201300028017,13,1,25,2230,4,2,2,1.0,3,49328,M,4725154.0,-7745.0,49
201300028018,13,1,26,750,4,2,1,1.0,7,49328,M,4727095.0,-6554.0,49
201300028019,13,1,26,2035,4,2,2,1.0,3,49328,M,4724605.0,-7042.0,49
201300028020,13,2,6,730,2,2,1,3.0,3,49328,M,4725173.0,-5873.0,49
201300028021,13,2,8,2205,3,1,1,1.0,7,49328,M,4724622.0,-4015.0,49
201300028022,13,2,21,855,1,2,1,1.0,5,49328,M,4726432.0,-9653.0,49
201300028023,13,2,22,1740,1,1,1,1.0,5,49328,M,4724416.0,-10861.0,49
201300028024,13,2,24,430,4,2,1,1.0,7,49328,M,4726103.0,-9835.0,49
201300028025,13,2,26,820,1,2,2,1.0,3,49328,M,4727337.0,-6938.0,49
201300028026,13,2,26,1715,1,2,1,1.0,6,49328,M,4724590.0,-8923.0,49
201300028027,13,3,1,2320,5,2,1,1.0,6,49328,M,,,49
201300028028,13,3,3,745,2,1,1,1.0,7,49328,M,4728178.0,-12191.0,49
201300028029,13,3,7,1400,1,2,1,1.0,2,49328,M,4726148.0,-7705.0,49
201300028030,13,3,9,1725,1,2,3,1.0,3,49328,M,4724757.0,-5540.0,49
201300028031,13,3,15,920,1,2,2,1.0,6,49328,M,4724922.0,-7731.0,49
201300028032,13,3,15,1655,1,2,1,1.0,3,49328,M,4727009.0,-6656.0,49
201300028033,13,3,20,1825,1,2,3,1.0,6,49328,M,4726639.0,-7357.0,49
201300028034,13,3,28,1435,1,2,6,1.0,3,49328,M,4726522.0,-10116.0,49
201300028035,13,3,29,1700,1,1,1,2.0,5,49328,M,4724670.0,-10590.0,49
201300028036,13,4,3,1935,1,2,6,1.0,3,49328,M,4725306.0,-8045.0,49
201300028037,13,4,5,1207,1,1,1,2.0,6,49328,M,4725012.0,-10234.0,49
201300028038,13,4,14,1650,1,2,6,1.0,7,49328,M,4726574.0,-9456.0,49
201300028039,13,4,17,1740,1,2,3,1.0,3,49328,M,4723833.0,-7846.0,49
201300028040,13,4,19,1100,1,2,2,1.0,6,49328,M,4725860.0,-7557.0,49
201300028041,13,4,19,1840,1,2,1,1.0,7,49328,M,4726259.0,-7900.0,49
201300028042,13,4,21,1055,1,2,1,1.0,7,49328,M,4727081.0,-7381.0,49
201300028043,13,4,23,1635,1,2,1,1.0,6,49328,M,4726465.0,-9790.0,49
201300028044,13,5,2,1650,1,2,1,1.0,1,49328,M,4725390.0,-6381.0,49
201300028045,13,5,6,1615,1,2,1,1.0,6,49328,M,4725588.0,-8728.0,49
201300028046,13,5,6,1650,1,2,1,1.0,2,49328,M,4724402.0,-3351.0,49
201300028047,13,5,6,1730,1,2,1,1.0,6,49328,M,4725678.0,-7970.0,49
201300028048,13,5,9,1130,1,2,1,1.0,7,49328,M,4725177.0,-5886.0,49
201300028049,13,5,25,1040,1,2,1,1.0,3,49328,M,4724631.0,-7805.0,49
201300028050,13,5,28,1000,1,2,1,8.0,3,49328,M,4726893.0,-6782.0,49
201300028051,13,6,8,1820,1,2,1,1.0,6,49328,M,4725668.0,-9394.0,49
201300028052,13,6,9,2045,1,2,6,8.0,3,49328,M,4725367.0,-8548.0,49
201300028053,13,6,15,1510,1,1,2,1.0,3,49328,M,4727212.0,-12783.0,49
201300028054,13,6,15,1555,1,1,1,1.0,6,49328,M,4723994.0,-4434.0,49
201300028055,13,6,15,2010,1,1,1,1.0,6,49328,M,4724140.0,-4588.0,49
201300028056,13,6,18,1905,1,1,1,1.0,7,49328,M,4726295.0,-11738.0,49
201300028057,13,6,20,1315,1,2,3,1.0,1,49328,M,4725440.0,-8182.0,49
201300028058,13,6,21,2255,5,2,6,1.0,2,49328,M,4726126.0,-7659.0,49
201300028059,13,6,25,1750,1,2,6,1.0,3,49328,M,4724716.0,-9302.0,49
201300028060,13,6,29,1725,1,1,1,1.0,7,49328,M,4723814.0,-3547.0,49
201300028061,13,7,1,1015,1,2,1,1.0,6,49328,M,4727379.0,-7517.0,49
201300028062,13,7,7,1045,1,2,6,1.0,6,49328,M,4725203.0,-8717.0,49
201300028063,13,7,10,1515,1,2,1,1.0,6,49328,M,4726093.0,-7884.0,49
201300028064,13,7,19,1600,1,2,6,1.0,3,49328,M,4726275.0,-9031.0,49
201300028065,13,7,20,1315,1,2,1,1.0,2,49328,M,4725330.0,-8470.0,49
201300028066,13,7,21,1815,1,2,1,1.0,7,49328,M,4725648.0,-7153.0,49
201300028067,13,7,23,1605,1,1,1,1.0,6,49328,M,4725506.0,-9949.0,49
201300028068,13,7,25,110,3,2,1,1.0,7,49328,M,4724897.0,-5709.0,49
201300028069,13,7,27,1025,1,1,1,1.0,6,49328,M,4727884.0,-7174.0,49
201300028070,13,7,27,1615,1,2,6,1.0,7,49328,M,4725991.0,-8886.0,49
201300028071,13,7,28,620,2,2,1,1.0,6,49328,M,4727318.0,-10761.0,49
201300028072,13,7,29,750,1,1,1,1.0,5,49328,M,0.0,-7049.0,49
201300028073,13,7,31,1800,1,2,1,1.0,5,49328,M,4725264.0,-6155.0,49
201300028074,13,8,7,230,4,2,1,1.0,6,49328,M,4725491.0,-6535.0,49
201300028075,13,8,9,1915,1,2,2,1.0,3,49328,M,4727331.0,-6942.0,49
201300028076,13,8,14,1925,1,2,1,1.0,6,49328,M,,,49
201300028077,13,8,31,230,3,2,1,1.0,7,49328,M,,,49
201300028078,13,9,2,1925,1,2,1,1.0,7,49328,M,,,49
201300028079,13,9,3,1655,1,2,6,1.0,3,49328,M,4726120.0,-9868.0,49
201300028080,13,9,5,1315,1,2,3,1.0,3,49328,M,4726629.0,-8458.0,49
201300028081,13,9,9,1750,1,2,1,1.0,3,49328,M,4725257.0,-7720.0,49
201300028082,13,9,9,1830,1,2,6,1.0,7,49328,M,,,49
201300028083,13,9,12,1735,1,2,1,2.0,7,49328,M,,,49
201300028084,13,9,14,1255,1,2,1,3.0,7,49328,M,,,49
201300028085,13,9,20,1725,1,2,3,1.0,3,49328,M,,,49
201300028086,13,9,21,1220,1,2,3,1.0,2,49328,M,4726884.0,-7083.0,49
201300028087,13,9,24,750,2,2,1,1.0,6,49328,M,4727899.0,-7049.0,49
201300028088,13,9,24,900,1,2,6,1.0,6,49328,M,4726407.0,-7359.0,49
201300028089,13,10,3,1400,1,2,6,2.0,7,49328,M,,,49
201300028090,13,10,4,2020,5,2,1,1.0,1,49328,M,4725446.0,-9158.0,49
201300028091,13,10,12,1915,2,2,1,1.0,6,49328,M,,,49
201300028092,13,10,15,1725,1,2,1,3.0,6,49328,M,,,49
201300028093,13,10,20,1040,1,1,1,2.0,6,49328,M,,,49
201300028094,13,10,21,1710,1,1,1,1.0,3,49328,M,,,49
201300028095,13,10,28,1030,1,2,1,1.0,7,49328,M,,,49
201300028096,13,11,12,1755,5,2,1,2.0,6,49328,M,4725242.0,-7975.0,49
201300028097,13,11,14,745,1,1,1,1.0,5,49328,M,,,49
201300028098,13,11,16,820,1,1,1,1.0,3,49328,M,,,49
201300028099,13,11,20,1425,1,2,3,1.0,3,49328,M,,,49
201300028100,13,11,25,2005,5,2,1,1.0,1,49328,M,,,49
201300028101,13,12,4,1900,5,2,1,1.0,6,49328,M,,,49
201300028102,13,12,10,1815,3,2,1,1.0,5,49328,M,,,49
201300028103,13,12,12,1545,2,1,1,1.0,2,49328,M,,,49
201300028104,13,12,13,1640,1,2,2,1.0,3,49328,M,,,49
201300028105,13,12,19,1430,1,2,3,1.0,3,49328,M,,,49
201300028106,13,12,20,1640,1,2,1,1.0,6,49328,M,,,49
201300028107,13,12,20,1700,1,2,1,1.0,7,49328,M,,,49
201300028108,13,12,27,1220,1,2,6,2.0,2,49328,M,,,49
201300028109,13,1,2,1745,5,2,1,2.0,6,50129,M,4962310.0,-166064.0,50
201300028110,13,1,4,1915,5,2,3,1.0,6,50129,M,4963550.0,-162580.0,50
201300028111,13,1,11,1220,1,2,1,1.0,7,50602,M,4965190.0,-155795.0,50
201300028112,13,1,12,1419,1,2,2,1.0,1,50129,M,4963890.0,-161645.0,50
201300028113,13,1,14,1845,5,2,2,1.0,1,50203,M,4961850.0,-160803.0,50
201300028114,13,1,15,1215,1,2,5,1.0,4,50129,M,4963570.0,-163075.0,50
201300028115,13,1,17,1355,1,2,1,1.0,1,50602,M,4964340.0,-158090.0,50
201300028116,13,1,21,1650,1,2,1,2.0,7,50602,M,4963200.0,-159202.0,50
201300028117,13,1,23,1140,1,2,1,1.0,6,50129,M,4963830.0,-162647.0,50
201300028118,13,1,27,1630,1,2,1,1.0,7,50129,M,4963560.0,-163021.0,50
201300028119,13,1,28,1330,1,2,1,1.0,7,50203,M,4961640.0,-160252.0,50
201300028120,13,2,1,730,5,2,1,2.0,4,50173,M,4965540.0,-165070.0,50
201300028121,13,2,2,1620,1,2,2,1.0,3,50602,M,4963660.0,-158516.0,50
201300028122,13,2,3,1750,5,2,1,2.0,2,50602,M,4964730.0,-158851.0,50
201300028123,13,2,4,2030,5,2,6,2.0,7,50602,M,4963560.0,-158478.0,50
201300028124,13,2,6,830,1,2,2,2.0,3,50602,M,4963510.0,-158643.0,50
201300028125,13,2,6,1355,1,2,1,2.0,7,50173,M,4965660.0,-165346.0,50
201300028126,13,2,8,1525,1,2,1,1.0,6,50602,M,4964070.0,-157555.0,50
201300028127,13,2,9,25,5,2,1,1.0,7,50129,M,4963220.0,-162379.0,50
201300028128,13,2,11,745,5,2,1,1.0,6,50129,M,4963410.0,-162271.0,50
201300028129,13,2,15,1755,1,2,1,1.0,3,50203,M,4961960.0,-161241.0,50
201300028130,13,2,19,1750,1,1,1,1.0,6,50602,M,4964510.0,-158631.0,50
201300028131,13,2,20,810,1,2,1,9.0,7,50602,M,4963100.0,-158922.0,50
201300028132,13,2,21,150,5,2,1,1.0,6,50129,M,4963550.0,-163268.0,50
201300028133,13,2,28,1340,1,2,2,1.0,3,50602,M,4964600.0,-158324.0,50
201300028134,13,3,3,635,5,2,1,1.0,7,50129,M,4964020.0,-162225.0,50
201300028135,13,3,6,2315,5,2,1,2.0,1,50173,M,4964190.0,-166044.0,50
201300028136,13,3,6,1405,1,2,1,1.0,2,50416,M,4965630.0,-169703.0,50
201300028137,13,3,7,1410,1,2,2,1.0,1,50173,M,4964750.0,-165091.0,50
201300028138,13,3,19,1315,1,2,2,1.0,3,50129,M,4962830.0,-164966.0,50
201300028139,13,3,24,1655,1,2,1,1.0,7,50602,M,4964740.0,-159385.0,50
201300028140,13,3,25,850,1,2,1,1.0,3,50129,M,4964070.0,-161825.0,50
201300028141,13,3,28,1145,1,2,1,1.0,2,50129,M,4964060.0,-162441.0,50
201300028142,13,3,28,755,1,2,1,1.0,6,50129,M,4963620.0,-164965.0,50
201300028143,13,3,28,910,1,2,1,1.0,2,50129,M,4963850.0,-161169.0,50
201300028144,13,3,30,1505,1,2,2,2.0,3,50129,M,4964500.0,-163561.0,50
201300028145,13,3,31,2130,5,2,2,1.0,3,50129,M,4963960.0,-161634.0,50
201300028146,13,4,1,2250,5,2,2,1.0,1,50129,M,4963890.0,-161645.0,50
201300028147,13,4,3,1820,1,2,2,1.0,3,50602,M,4963670.0,-158514.0,50
201300028148,13,4,9,1900,1,2,2,1.0,3,50129,M,4963230.0,-162375.0,50
201300028149,13,4,12,1940,1,2,1,1.0,3,50129,M,4962990.0,-163101.0,50
201300028150,13,4,13,1,5,2,1,1.0,6,50173,M,4964520.0,-164817.0,50
201300028151,13,4,13,1010,1,2,4,2.0,3,50602,M,4963870.0,-156431.0,50
201300028152,13,4,15,750,1,2,1,1.0,6,50129,M,4963850.0,-161238.0,50
201300028153,13,4,15,715,1,1,4,1.0,3,50173,M,4964570.0,-169233.0,50
201300028154,13,4,23,1930,1,2,2,1.0,3,50129,M,4964450.0,-162731.0,50
201300028155,13,4,25,850,1,2,2,1.0,7,50129,M,4963920.0,-160546.0,50
201300028156,13,4,26,1450,1,2,1,1.0,6,50129,M,4962590.0,-162647.0,50
201300028157,13,4,28,1250,1,2,2,1.0,6,50129,M,4963940.0,-161420.0,50
201300028158,13,5,1,1110,1,1,1,1.0,2,50203,M,4959820.0,-159687.0,50
201300028159,13,5,4,2000,1,1,1,1.0,7,50416,M,4964920.0,-171717.0,50
201300028160,13,5,6,1246,1,2,1,1.0,6,50129,M,4964700.0,-164389.0,50
201300028161,13,5,7,1900,1,2,1,1.0,6,50129,M,4963280.0,-160460.0,50
201300028162,13,5,9,1445,1,2,1,1.0,7,50129,M,4962690.0,-163678.0,50
201300028163,13,5,10,1735,1,2,1,1.0,7,50129,M,4963910.0,-161976.0,50
201300028164,13,5,14,755,1,2,6,2.0,7,50129,M,4964240.0,-161570.0,50
201300028165,13,5,14,1800,1,2,1,2.0,6,50129,M,4964370.0,-162999.0,50
201300028166,13,5,16,1745,1,2,6,1.0,3,50173,M,4966160.0,-168146.0,50
201300028167,13,5,17,1650,1,1,1,1.0,7,50203,M,4961620.0,-158094.0,50
201300028168,13,5,19,905,1,2,3,2.0,3,50602,M,4963640.0,-159607.0,50
201300028169,13,5,19,1910,1,2,3,2.0,2,50129,M,4964230.0,-162226.0,50
201300028170,13,5,20,1800,1,2,1,1.0,7,50129,M,4962800.0,-162899.0,50
201300028171,13,5,22,1835,1,2,1,1.0,6,50173,M,4965540.0,-167533.0,50
201300028172,13,5,24,1710,1,2,2,1.0,3,50602,M,4963510.0,-158656.0,50
201300028173,13,5,27,825,1,2,2,1.0,2,50602,M,4964360.0,-157498.0,50
201300028174,13,5,28,1600,1,2,2,1.0,4,50203,M,4961210.0,-160112.0,50
201300028175,13,6,2,620,1,2,1,1.0,6,50129,M,4963310.0,-162310.0,50
201300028176,13,6,4,830,1,2,2,1.0,3,50129,M,4963990.0,-161056.0,50
201300028177,13,6,5,950,1,2,3,1.0,2,50602,M,4963620.0,-159454.0,50
201300028178,13,6,7,525,5,2,1,3.0,7,50129,M,4964230.0,-162208.0,50
201300028179,13,6,10,745,1,2,3,1.0,6,50129,M,4964200.0,-163485.0,50
201300028180,13,6,12,1205,1,2,1,2.0,6,50129,M,4964220.0,-163256.0,50
201300028181,13,6,12,1340,1,2,3,1.0,7,50129,M,4964020.0,-162612.0,50
201300028182,13,6,14,1800,1,2,1,1.0,6,50129,M,4964570.0,-164557.0,50
201300028183,13,6,15,1400,1,2,2,1.0,2,50129,M,4964500.0,-163560.0,50
201300028184,13,6,15,1555,1,2,1,1.0,6,50129,M,4964380.0,-162540.0,50
201300028185,13,6,16,1200,1,2,1,1.0,7,50129,M,4964380.0,-160110.0,50
201300028186,13,6,18,1820,1,2,1,1.0,7,50129,M,4964170.0,-162134.0,50
201300028187,13,6,20,1300,1,2,3,1.0,7,50129,M,4963460.0,-161084.0,50
201300028188,13,6,21,825,1,2,2,2.0,3,50173,M,4965770.0,-167869.0,50
201300028189,13,6,21,1705,1,2,1,1.0,7,50173,M,4964300.0,-164931.0,50
201300028190,13,6,24,740,1,2,1,1.0,4,50173,M,4965390.0,-164907.0,50
201300028191,13,6,27,215,5,2,1,1.0,6,50129,M,4964940.0,-164463.0,50
201300028192,13,6,28,845,1,2,6,1.0,3,50129,M,4963420.0,-161427.0,50
201300028193,13,6,28,1450,1,2,3,1.0,3,50416,M,4965780.0,-170610.0,50
201300028194,13,6,30,1730,1,2,1,1.0,7,50203,M,4961440.0,-162509.0,50
201300028195,13,7,1,1710,1,2,3,1.0,3,50129,M,4964260.0,-164043.0,50
201300028196,13,7,2,830,1,2,2,1.0,6,50129,M,4964000.0,-163417.0,50
201300028197,13,7,3,1006,1,2,3,1.0,3,50129,M,4962680.0,-163461.0,50
201300028198,13,7,6,200,3,1,1,1.0,6,50602,M,4965320.0,-156915.0,50
201300028199,13,7,9,1210,1,2,1,1.0,3,50129,M,4963680.0,-162194.0,50
201300028200,13,7,13,435,5,2,1,1.0,6,50173,M,4964490.0,-166890.0,50
201300028201,13,7,12,1010,1,2,3,1.0,3,50129,M,4962880.0,-162743.0,50
201300028202,13,7,12,1300,1,2,2,1.0,3,50602,M,4963560.0,-158479.0,50
201300028203,13,7,15,1030,1,2,1,1.0,6,50602,M,4965630.0,-157029.0,50
201300028204,13,7,19,1245,1,2,3,1.0,3,50129,M,4964520.0,-162885.0,50
201300028205,13,7,26,1515,1,2,1,1.0,7,50173,M,4964190.0,-167089.0,50
201300028206,13,7,30,1545,1,2,1,3.0,7,50129,M,4963390.0,-162159.0,50
201300028207,13,8,3,1650,1,2,2,1.0,7,50129,M,4963390.0,-162272.0,50
201300028208,13,8,6,2030,1,2,1,1.0,7,50173,M,4965780.0,-166147.0,50
201300028209,13,8,9,1810,1,2,1,1.0,7,50129,M,4963610.0,-163209.0,50
201300028210,13,8,13,515,5,2,2,1.0,3,50602,M,4964650.0,-159067.0,50
201300028211,13,8,15,1905,1,2,3,1.0,3,50129,M,4963830.0,-162444.0,50
201300028212,13,8,17,515,5,2,1,1.0,7,50129,M,4963590.0,-163294.0,50
201300028213,13,8,16,2350,5,2,1,1.0,6,50173,M,4965790.0,-166499.0,50
201300028214,13,8,20,605,5,2,2,1.0,1,50129,M,4963400.0,-162250.0,50
201300028215,13,8,21,1915,1,2,1,1.0,7,50129,M,4964260.0,-162612.0,50
201300028216,13,8,23,1210,1,2,1,1.0,6,50203,M,4963310.0,-157916.0,50
201300028217,13,8,24,1555,1,2,3,1.0,7,50129,M,4964080.0,-162389.0,50
201300028218,13,8,27,1335,1,2,1,1.0,2,50129,M,4964170.0,-162133.0,50
201300028219,13,8,28,1600,1,2,4,1.0,4,50203,M,4962010.0,-158162.0,50
201300028220,13,8,29,1550,1,2,3,1.0,3,50129,M,4964700.0,-159500.0,50
201300028221,13,9,2,1220,1,2,1,1.0,4,50129,M,4964560.0,-163882.0,50
201300028222,13,9,9,1335,1,2,1,8.0,7,50129,M,4964340.0,-160277.0,50
201300028223,13,9,15,1700,1,2,1,3.0,6,50173,M,4964330.0,-165007.0,50
201300028224,13,9,23,1750,1,2,2,1.0,1,50173,M,4965880.0,-168782.0,50
201300028225,13,9,24,915,1,2,1,7.0,7,50602,M,4963100.0,-159023.0,50
201300028226,13,9,26,1555,1,2,2,1.0,1,50602,M,4963670.0,-158515.0,50
201300028227,13,9,29,100,5,2,2,1.0,3,50129,M,4963890.0,-161645.0,50
201300028228,13,10,3,2035,5,2,1,8.0,6,50129,M,4962970.0,-161837.0,50
201300028229,13,10,5,900,1,2,4,1.0,6,50602,M,4964800.0,-158696.0,50
201300028230,13,10,6,1705,1,2,1,1.0,3,50602,M,4965130.0,-155276.0,50
201300028231,13,10,10,945,1,2,1,1.0,7,50129,M,4964680.0,-164392.0,50
201300028232,13,10,12,1710,1,2,2,1.0,3,50173,M,4964750.0,-165481.0,50
201300028233,13,10,12,1640,1,2,1,1.0,5,50129,M,4964250.0,-164017.0,50
201300028234,13,10,14,1535,1,2,1,2.0,4,50602,M,4963590.0,-157874.0,50
201300028235,13,10,14,1700,1,2,1,1.0,7,50129,M,4963440.0,-160011.0,50
201300028236,13,10,14,1955,3,1,1,2.0,6,50203,M,4959830.0,-159665.0,50
201300028237,13,10,18,1315,1,2,4,1.0,3,50129,M,4964470.0,-163451.0,50
201300028238,13,10,18,1650,1,2,3,1.0,6,50129,M,4963740.0,-161180.0,50
201300028239,13,10,22,810,5,2,1,2.0,7,50129,M,4964150.0,-162138.0,50
201300028240,13,10,25,1830,1,2,1,1.0,7,50129,M,4963400.0,-162250.0,50
201300028241,13,10,30,2020,3,1,1,1.0,6,50602,M,4963230.0,-157837.0,50
201300028242,13,10,30,855,1,2,1,1.0,7,50129,M,4963610.0,-162795.0,50
201300028243,13,11,2,2255,5,2,1,2.0,7,50129,M,4962700.0,-162822.0,50
201300028244,13,11,4,1320,1,2,1,1.0,6,50129,M,4964410.0,-163193.0,50
201300028245,13,11,6,1250,1,2,1,2.0,2,50129,M,4964510.0,-163494.0,50
201300028246,13,11,7,1250,1,2,3,2.0,6,50129,M,4963180.0,-163337.0,50
201300028247,13,11,9,1700,2,2,3,1.0,7,50129,M,4963570.0,-162285.0,50
201300028248,13,11,13,1320,1,2,1,1.0,5,50129,M,4962660.0,-162354.0,50
201300028249,13,11,14,1415,1,2,1,1.0,6,50129,M,4963860.0,-162963.0,50
201300028250,13,11,16,1720,5,2,1,1.0,6,50129,M,4962900.0,-162662.0,50
201300028251,13,11,17,1830,5,2,1,1.0,4,50129,M,4963070.0,-161786.0,50
201300028252,13,11,23,1910,5,2,3,1.0,7,50129,M,4963290.0,-161211.0,50
201300028253,13,11,22,1040,1,2,1,1.0,2,50129,M,4963390.0,-162182.0,50
201300028254,13,11,25,1700,5,2,1,1.0,7,50129,M,4963390.0,-162125.0,50
201300028255,13,11,25,1525,1,2,2,1.0,3,50129,M,4964310.0,-164694.0,50
201300028256,13,11,28,1800,5,2,3,1.0,1,50129,M,4963170.0,-160980.0,50
201300028257,13,11,28,1700,5,2,1,2.0,4,50203,M,4960830.0,-159995.0,50
201300028258,13,11,29,1815,3,1,1,2.0,6,50602,M,4964020.0,-157299.0,50
201300028259,13,11,29,1650,2,2,1,1.0,1,50602,M,4964370.0,-160109.0,50
201300028260,13,11,29,1750,5,1,1,1.0,5,50602,M,,,50
201300028261,13,11,30,1820,5,2,1,1.0,4,50203,M,4961030.0,-160062.0,50
201300028262,13,12,5,1350,1,1,1,1.0,6,50203,M,4961510.0,-157063.0,50
201300028263,13,12,6,1400,1,2,1,1.0,2,50416,M,4966060.0,-169728.0,50
201300028264,13,12,9,1700,1,1,1,1.0,7,50203,M,4959580.0,-159768.0,50
201300028265,13,12,12,700,3,1,1,1.0,7,50203,M,,,50
201300028266,13,12,13,2135,5,2,2,1.0,1,50129,M,4962690.0,-163746.0,50
201300028267,13,12,16,1245,1,2,2,2.0,3,50602,M,4964280.0,-159950.0,50
201300028268,13,12,17,1605,1,2,1,2.0,7,50129,M,4964000.0,-162154.0,50
201300028269,13,12,18,1115,1,2,2,1.0,6,50602,M,,,50
201300028270,13,12,21,220,5,2,1,1.0,6,50129,M,4963370.0,-164884.0,50
201300028271,13,12,21,1015,1,2,1,3.0,7,50173,M,4963580.0,-166587.0,50
201300028272,13,2,9,1409,1,2,1,2.0,6,50147,M,4905050.0,-144393.0,50
201300028273,13,3,18,1815,1,2,1,1.0,6,50147,M,4905590.0,-143528.0,50
201300028274,13,5,3,1850,1,1,1,1.0,2,50147,M,4906930.0,-142978.0,50
201300028275,13,7,2,2240,5,2,1,1.0,7,50147,M,4905120.0,-145217.0,50
201300028276,13,7,5,1140,1,2,1,1.0,6,50147,M,4904870.0,-143998.0,50
201300028277,13,7,25,1005,1,2,1,1.0,6,50147,M,4905300.0,-144259.0,50
201300028278,13,7,29,2215,5,2,1,1.0,7,50147,M,4904960.0,-144745.0,50
201300028279,13,8,13,220,3,2,1,1.0,7,50147,M,4906930.0,-142978.0,50
201300028280,13,9,17,1650,1,2,3,1.0,2,50147,M,4905360.0,-144149.0,50
201300028281,13,10,5,2105,5,2,1,1.0,6,50147,M,4904700.0,-144957.0,50
201300028282,13,11,2,1510,1,2,1,2.0,2,50345,M,4906440.0,-143277.0,50
201300028283,13,11,13,910,1,1,1,7.0,6,50537,M,4903150.0,-143847.0,50
201300028284,13,11,16,1820,4,2,2,1.0,6,50147,M,4904600.0,-144549.0,50
201300028285,13,12,2,1600,1,2,1,1.0,7,50147,M,,,50
201300028286,13,12,6,1640,1,2,1,1.0,6,50147,M,4905630.0,-143844.0,50
201300028287,13,12,9,1340,1,2,1,1.0,6,50376,M,4903780.0,-144487.0,50
201300028288,13,12,14,1350,1,2,3,1.0,6,50147,M,4905340.0,-144189.0,50
201300028289,13,1,1,1023,1,2,1,1.0,6,50218,M,4883790.0,-157174.0,50
201300028290,13,1,11,2005,5,2,1,1.0,3,50218,M,4883760.0,-158980.0,50
201300028291,13,1,17,820,1,2,1,1.0,2,50218,M,4883780.0,-156548.0,50
201300028292,13,2,3,1335,1,1,1,1.0,6,50218,M,4883740.0,-154040.0,50
201300028293,13,2,10,1445,1,1,2,1.0,5,50218,M,4882850.0,-154314.0,50
201300028294,13,2,11,1000,1,2,1,1.0,6,50218,M,4883370.0,-156764.0,50
201300028295,13,2,20,1750,1,2,1,1.0,5,50218,M,4883740.0,-159201.0,50
201300028296,13,3,6,1924,5,2,6,8.0,6,50165,M,4885390.0,-156503.0,50
201300028297,13,3,20,1620,1,1,3,1.0,3,50532,M,4881990.0,-155157.0,50
201300028298,13,3,24,1245,1,2,1,1.0,7,50165,M,4884480.0,-158382.0,50
201300028299,13,3,31,1855,1,1,3,1.0,3,50532,M,,,50
201300028300,13,4,2,900,1,1,1,1.0,4,50532,M,4880320.0,-152818.0,50
201300028301,13,4,16,1410,1,2,1,1.0,2,50165,M,4885270.0,-156769.0,50
201300028302,13,5,6,830,1,1,2,1.0,3,50532,M,4879910.0,-155591.0,50
201300028303,13,6,19,1750,1,2,3,1.0,3,50165,M,4885260.0,-156259.0,50
201300028304,13,6,27,1120,1,2,9,1.0,3,50532,M,4880630.0,-156877.0,50
201300028305,13,7,17,1345,1,2,1,1.0,6,50218,M,4883800.0,-157842.0,50