Num_Acc,an,mois,jour,hrmn,lum,agg,int,atm,col,com,gps,lat,long,dep
201300029035,13,2,12,920,1,2,1,1.0,7,56162,M,4773084.0,-340320.0,56
201300029036,13,2,14,1127,1,2,1,1.0,7,56121,M,4775614.0,-337179.0,56
201300029037,13,2,17,150,5,2,1,1.0,7,56162,M,4773643.0,-342913.0,56
201300029038,13,2,17,1020,1,2,1,1.0,7,56121,M,4775022.0,-336709.0,56
201300029039,13,2,18,1325,1,2,1,1.0,7,56121,M,4774095.0,-337416.0,56
201300029040,13,2,19,1900,5,2,1,1.0,3,56107,M,4770435.0,-338344.0,56
201300029041,13,2,22,1205,1,2,1,1.0,7,56121,M,4776326.0,-338292.0,56
201300029042,13,2,24,1910,2,2,1,1.0,7,56083,M,4779812.0,-329673.0,56
201300029043,13,2,24,2300,5,2,1,1.0,7,56121,M,4774593.0,-338019.0,56
201300029044,13,2,26,1435,1,2,1,1.0,1,56121,M,4774605.0,-338032.0,56
201300029045,13,2,27,835,1,2,1,1.0,2,56121,M,4775205.0,-337925.0,56
201300029046,13,3,4,1740,1,2,1,1.0,7,56121,M,4775810.0,-336516.0,56
201300029047,13,3,5,1540,1,2,1,1.0,7,56121,M,,,56
201300029048,13,3,5,2110,5,2,1,1.0,3,56107,M,4771562.0,-337893.0,56
201300029049,13,3,5,2155,5,2,1,1.0,3,56121,M,4775744.0,-337169.0,56
201300029050,13,3,8,2225,5,2,1,1.0,3,56098,M,4777230.0,-333727.0,56
201300029051,13,3,11,1325,1,2,1,2.0,1,56098,M,4776660.0,-335988.0,56
201300029052,13,3,14,2100,5,2,1,1.0,1,56121,M,4774722.0,-336361.0,56
201300029053,13,3,15,950,1,2,1,1.0,7,56121,M,4774500.0,-336084.0,56
201300029054,13,3,15,1433,1,2,1,1.0,2,56098,M,4776329.0,-336189.0,56
201300029055,13,3,15,1509,1,2,1,3.0,3,56162,M,4773260.0,-341763.0,56
201300029056,13,3,16,1005,1,2,2,2.0,3,56121,M,4774268.0,-336069.0,56
201300029057,13,3,18,1510,1,2,1,2.0,2,56083,M,4780205.0,-325971.0,56
201300029058,13,3,19,1705,1,2,1,1.0,2,56121,M,4775895.0,-338426.0,56
201300029059,13,3,21,1345,1,2,2,3.0,1,56098,M,4777549.0,-330999.0,56
201300029060,13,3,22,1645,1,2,1,1.0,7,56083,M,4780200.0,-326554.0,56
201300029061,13,3,22,1645,1,1,1,1.0,3,56098,M,4777778.0,-335402.0,56
201300029062,13,3,23,2040,2,1,1,1.0,7,56162,M,,,56
201300029063,13,3,25,1510,1,2,1,1.0,7,56121,M,4776400.0,-337196.0,56
201300029064,13,3,26,1413,1,2,1,1.0,7,56121,M,4773597.0,-337537.0,56
201300029065,13,3,28,745,2,2,1,1.0,3,56121,M,4773501.0,-335680.0,56
201300029066,13,3,28,1143,1,2,1,1.0,3,56121,M,4776425.0,-339741.0,56
201300029067,13,3,28,2018,2,2,1,1.0,7,56121,M,4776521.0,-339863.0,56
201300029068,13,4,1,1503,1,2,1,1.0,7,56098,M,4776756.0,-331452.0,56
201300029069,13,4,2,1750,1,2,1,1.0,2,56098,M,,,56
201300029070,13,4,3,1850,2,2,1,7.0,7,56121,M,4776432.0,-339707.0,56
201300029071,13,4,5,1420,1,2,1,1.0,3,56121,M,4774626.0,-336114.0,56
201300029072,13,4,5,1535,1,2,1,1.0,2,56121,M,4775441.0,-336292.0,56
201300029073,13,4,6,550,2,2,1,1.0,3,56121,M,4776038.0,-338393.0,56
201300029074,13,4,6,1832,1,2,2,1.0,6,56121,M,4775992.0,-338204.0,56
201300029075,13,4,6,2130,5,2,1,1.0,7,56121,M,4773782.0,-338908.0,56
201300029076,13,4,7,635,2,2,1,1.0,7,56162,M,4773852.0,-345204.0,56
201300029077,13,4,14,1156,1,2,1,1.0,7,56121,M,4774365.0,-339065.0,56
201300029078,13,4,14,1916,1,2,1,1.0,2,56121,M,4774671.0,-338767.0,56
201300029079,13,4,13,2235,5,2,1,2.0,7,56098,M,4777757.0,-334398.0,56
201300029080,13,4,15,1731,1,2,2,1.0,3,56121,M,4774283.0,-336822.0,56
201300029081,13,4,16,1115,1,2,1,2.0,7,56121,M,4773809.0,-338159.0,56
201300029082,13,4,16,1535,1,2,1,8.0,7,56121,M,4775870.0,-336953.0,56
201300029083,13,4,17,1805,1,1,6,1.0,7,56162,M,4772556.0,-341074.0,56
201300029084,13,4,18,1621,1,2,1,1.0,7,56083,M,4779304.0,-326550.0,56
201300029085,13,4,20,1210,1,2,1,1.0,7,56162,M,4773458.0,-347347.0,56
201300029086,13,4,21,1515,1,2,1,1.0,7,56107,M,4771750.0,-338333.0,56
201300029087,13,4,25,220,5,2,1,1.0,7,56121,M,4774516.0,-337412.0,56
201300029088,13,4,25,1715,1,1,3,1.0,3,56162,M,,,56
201300029089,13,4,26,1049,1,2,1,1.0,7,56098,M,4777534.0,-334618.0,56
201300029090,13,4,27,1227,1,2,1,1.0,7,56121,M,4773486.0,-337546.0,56
201300029091,13,4,27,2000,1,2,1,1.0,7,56107,M,4773114.0,-338613.0,56
201300029092,13,4,29,1730,1,2,1,1.0,7,56121,M,4774493.0,-337757.0,56
201300029093,13,5,2,1815,1,2,1,1.0,2,56083,M,4779703.0,-326293.0,56
201300029094,13,5,5,1745,1,1,1,1.0,3,56107,M,4772214.0,-338204.0,56
201300029095,13,5,7,1120,1,2,1,1.0,7,56121,M,4774600.0,-336726.0,56
201300029096,13,5,10,1705,1,2,1,1.0,7,56162,M,4773856.0,-345483.0,56
201300029097,13,5,12,1720,1,2,2,1.0,3,56121,M,4775578.0,-336372.0,56
201300029098,13,5,11,200,5,2,1,1.0,7,56121,M,4774637.0,-336673.0,56
201300029099,13,5,13,1837,1,2,1,1.0,2,56098,M,4777681.0,-334048.0,56
201300029100,13,5,13,2330,3,1,1,1.0,7,56083,M,,,56
201300029101,13,5,14,833,1,2,1,1.0,7,56162,M,4774855.0,-339648.0,56
201300029102,13,5,14,1920,1,2,2,2.0,3,56098,M,4776895.0,-334640.0,56
201300029103,13,5,15,1002,1,2,2,1.0,3,56121,M,4773518.0,-339353.0,56
201300029104,13,5,18,1610,1,2,1,1.0,7,56083,M,4780139.0,-328105.0,56
201300029105,13,5,19,1931,1,2,1,1.0,7,56083,M,4781654.0,-329764.0,56
201300029106,13,5,21,1800,1,2,2,1.0,3,56098,M,4777438.0,-334660.0,56
201300029107,13,5,24,1308,1,2,1,1.0,5,56121,M,4773525.0,-338941.0,56
201300029108,13,5,28,535,3,2,1,1.0,7,56083,M,,,56
201300029109,13,5,28,1155,1,2,1,1.0,7,56121,M,4774275.0,-337947.0,56
201300029110,13,5,29,1220,1,2,1,8.0,7,56121,M,4775916.0,-336855.0,56
201300029111,13,6,1,140,5,1,1,1.0,7,56107,M,,,56
201300029112,13,6,1,1623,1,2,2,1.0,3,56121,M,4776519.0,-339588.0,56
201300029113,13,6,3,1853,1,2,6,1.0,3,56121,M,4776594.0,-340057.0,56
201300029114,13,6,7,1729,1,2,1,1.0,2,56121,M,4776325.0,-337814.0,56
201300029115,13,6,7,1630,1,2,6,1.0,2,56121,M,4776383.0,-337939.0,56
201300029116,13,6,8,1246,1,2,6,1.0,3,56083,M,4779951.0,-329050.0,56
201300029117,13,6,7,1250,1,2,1,1.0,7,56121,M,4775912.0,-337915.0,56
201300029118,13,6,9,305,5,1,1,1.0,7,56098,M,,,56
201300029119,13,6,9,1850,1,1,1,1.0,3,56121,M,,,56
201300029120,13,6,10,1940,2,1,1,1.0,7,56162,M,4773837.0,-344439.0,56
201300029121,13,6,11,20,5,1,1,1.0,7,56162,M,,,56
201300029122,13,6,13,1120,1,2,1,1.0,2,56121,M,4775109.0,-339327.0,56
201300029123,13,6,14,1435,1,2,6,1.0,3,56121,M,4776011.0,-338973.0,56
201300029124,13,6,14,2125,5,2,3,1.0,3,56121,M,4776016.0,-338121.0,56
201300029125,13,6,15,1710,1,2,3,1.0,3,56121,M,4775676.0,-336465.0,56
201300029126,13,6,18,1343,1,2,1,1.0,2,56121,M,4775727.0,-336869.0,56
201300029127,13,6,19,1430,1,2,6,1.0,3,56083,M,4780436.0,-327348.0,56
201300029128,13,6,19,1537,1,2,2,8.0,3,56098,M,4776512.0,-334527.0,56
201300029129,13,6,20,750,1,2,1,1.0,7,56083,M,4780456.0,-327327.0,56
201300029130,13,6,20,1500,1,2,2,1.0,3,56098,M,4777442.0,-334013.0,56
201300029131,13,6,22,1155,1,2,1,1.0,7,56107,M,,,56
201300029132,13,6,24,1733,1,2,1,1.0,7,56121,M,4774143.0,-337529.0,56
201300029133,13,6,25,2040,2,1,1,1.0,7,56162,M,4770984.0,-343845.0,56
201300029134,13,6,26,1910,1,2,1,1.0,7,56098,M,4776752.0,-331452.0,56
201300029135,13,6,27,1339,1,2,1,1.0,3,56121,M,4774220.0,-338622.0,56
201300029136,13,6,27,2050,1,2,3,1.0,3,56083,M,4780336.0,-327876.0,56
201300029137,13,6,29,10,5,2,3,1.0,3,56107,M,4771120.0,-339621.0,56
201300029138,13,6,29,1346,1,2,1,1.0,7,56098,M,4775372.0,-334265.0,56
201300029139,13,6,29,1543,1,1,1,1.0,3,56121,M,4776494.0,-339563.0,56
201300029140,13,7,2,1545,1,2,1,1.0,5,56098,M,4777561.0,-335383.0,56
201300029141,13,7,2,2115,5,2,1,1.0,7,56121,M,4775956.0,-338083.0,56
201300029142,13,7,2,2230,5,2,1,1.0,7,56098,M,4777739.0,-333901.0,56
201300029143,13,7,3,1815,1,2,3,1.0,7,56098,M,4777441.0,-334666.0,56
201300029144,13,7,6,1415,1,2,1,1.0,5,56121,M,4775878.0,-339092.0,56
201300029145,13,7,8,2150,5,1,2,1.0,3,56121,M,4774191.0,-336143.0,56
201300029146,13,7,8,2230,5,2,1,1.0,3,56121,M,4774827.0,-337440.0,56
201300029147,13,7,9,1220,1,2,2,1.0,3,56162,M,4774315.0,-340170.0,56
201300029148,13,7,10,2005,2,2,1,1.0,2,56121,M,4774387.0,-336815.0,56
201300029149,13,7,10,2100,2,2,2,1.0,3,56121,M,4775050.0,-336299.0,56
201300029150,13,7,11,1627,1,2,4,1.0,6,56083,M,4781182.0,-327190.0,56
201300029151,13,7,14,1200,1,2,1,1.0,3,56083,M,,,56
201300029152,13,7,14,1320,1,2,1,1.0,6,56121,M,4775623.0,-336409.0,56
201300029153,13,7,15,2225,5,2,3,1.0,3,56098,M,4776800.0,-334283.0,56
201300029154,13,7,16,800,1,2,1,1.0,3,56121,M,4773913.0,-338098.0,56
201300029155,13,7,16,1304,1,1,1,1.0,6,56107,M,,,56
201300029156,13,7,17,1419,1,2,1,1.0,3,56162,M,4770146.0,-343147.0,56
201300029157,13,7,18,1806,1,2,1,1.0,3,56121,M,4773241.0,-337979.0,56
201300029158,13,7,20,1153,1,1,1,1.0,7,56098,M,,,56
201300029159,13,7,25,842,1,2,1,1.0,3,56162,M,4773446.0,-349934.0,56
201300029160,13,7,25,1131,2,2,1,1.0,2,56121,M,4773507.0,-337407.0,56
201300029161,13,7,25,1220,1,2,1,1.0,7,56121,M,4774791.0,-338981.0,56
201300029162,13,7,25,1851,2,2,1,1.0,5,56121,M,4775987.0,-338180.0,56
201300029163,13,7,29,1455,1,2,1,1.0,7,56083,M,4779565.0,-328261.0,56
201300029164,13,7,31,507,2,2,1,1.0,7,56121,M,4775609.0,-338642.0,56
201300029165,13,8,2,1415,1,2,1,1.0,7,56121,M,4776001.0,-338230.0,56
201300029166,13,8,4,1805,1,2,1,1.0,3,56121,M,4774311.0,-338894.0,56
201300029167,13,8,6,1944,1,2,1,1.0,7,56121,M,4774650.0,-336798.0,56
201300029168,13,8,9,1045,1,2,1,1.0,7,56121,M,,,56
201300029169,13,8,9,1650,1,2,1,1.0,7,56098,M,4775800.0,-334600.0,56
201300029170,13,8,11,155,5,2,1,1.0,7,56107,M,,,56
201300029171,13,8,15,130,5,2,2,1.0,3,56162,M,4773856.0,-341965.0,56
201300029172,13,8,15,1125,1,2,1,1.0,7,56083,M,4780292.0,-327793.0,56
201300029173,13,8,16,2320,5,2,1,1.0,1,56121,M,4775215.0,-338026.0,56
201300029174,13,8,14,1820,1,2,1,1.0,7,56098,M,4776606.0,-334520.0,56
201300029175,13,8,20,1031,1,2,1,1.0,2,56121,M,,,56
201300029176,13,8,20,1541,1,2,1,1.0,4,56098,M,4777001.0,-335024.0,56
201300029177,13,8,22,1100,1,2,1,1.0,7,56098,M,,,56
201300029178,13,8,22,1830,1,2,1,1.0,7,56121,M,4773241.0,-337979.0,56
201300029179,13,8,24,150,5,2,1,1.0,7,56098,M,4777133.0,-334873.0,56
201300029180,13,8,22,1810,1,2,1,1.0,5,56083,M,4780141.0,-327968.0,56
201300029181,13,8,24,1800,1,2,1,1.0,7,56083,M,4781118.0,-324287.0,56
201300029182,13,8,27,1650,1,2,1,1.0,2,56121,M,4774838.0,-336524.0,56
201300029183,13,8,28,1100,1,2,1,1.0,7,56098,M,4776765.0,-334148.0,56
201300029184,13,9,2,910,1,2,1,1.0,7,56121,M,4775054.0,-337489.0,56
201300029185,13,9,3,1350,1,2,2,1.0,3,56121,M,4774276.0,-336831.0,56
201300029186,13,9,4,1400,1,2,1,2.0,3,56121,M,4775571.0,-335476.0,56
201300029187,13,9,5,758,1,1,1,7.0,7,56162,M,,,56
201300029188,13,9,5,1800,1,2,1,1.0,2,56083,M,4780975.0,-327462.0,56
201300029189,13,9,6,1230,1,2,1,1.0,2,56121,M,4773959.0,-337829.0,56
201300029190,13,9,8,235,5,1,1,1.0,7,56162,M,4773317.0,-348784.0,56
201300029191,13,9,9,15,3,1,1,2.0,7,56162,M,,,56
201300029192,13,9,9,1047,1,2,1,1.0,3,56107,M,4771254.0,-339806.0,56
201300029193,13,9,11,1435,1,2,1,1.0,5,56121,M,4773475.0,-337556.0,56
201300029194,13,9,13,1946,2,2,1,1.0,7,56121,M,4774819.0,-336220.0,56
201300029195,13,9,15,1316,1,2,1,1.0,3,56121,M,4775408.0,-336122.0,56
201300029196,13,9,16,612,2,1,1,1.0,7,56162,M,,,56
201300029197,13,9,16,1715,1,2,1,1.0,7,56121,M,4775476.0,-337268.0,56
201300029198,13,9,21,1955,2,2,1,1.0,3,56121,M,4773296.0,-338300.0,56
201300029199,13,9,27,1906,2,1,1,1.0,7,56083,M,,,56
201300029200,13,9,27,1800,1,2,1,1.0,3,56098,M,4776039.0,-333110.0,56
201300029201,13,9,27,2019,5,2,1,1.0,3,56121,M,4774591.0,-336377.0,56
201300029202,13,9,27,1823,2,2,1,1.0,7,56098,M,4777271.0,-333377.0,56
201300029203,13,10,3,800,2,2,1,3.0,7,56083,M,4781092.0,-326739.0,56
201300029204,13,10,4,1035,1,2,1,1.0,7,56098,M,4776400.0,-336047.0,56
201300029205,13,10,4,1740,1,2,1,1.0,6,56083,M,4779917.0,-326070.0,56
201300029206,13,10,6,1705,1,1,1,1.0,7,56083,M,,,56
201300029207,13,10,7,1635,1,2,1,1.0,5,56121,M,4775879.0,-337801.0,56
201300029208,13,10,8,1128,1,2,3,1.0,7,56121,M,4773762.0,-339107.0,56
201300029209,13,10,9,1545,1,2,1,1.0,7,56121,M,4774429.0,-335936.0,56
201300029210,13,10,11,1440,1,2,1,1.0,7,56083,M,4779530.0,-328362.0,56
201300029211,13,10,11,2110,5,2,1,1.0,2,56121,M,4774514.0,-337468.0,56
201300029212,13,10,13,955,1,2,1,1.0,3,56162,M,4770521.0,-343412.0,56
201300029213,13,10,15,1600,1,2,3,2.0,3,56121,M,4774391.0,-336802.0,56
201300029214,13,10,16,910,1,2,3,2.0,7,56098,M,4776465.0,-335130.0,56
201300029215,13,10,16,1000,1,2,1,1.0,7,56121,M,4774859.0,-338776.0,56
201300029216,13,10,18,755,5,2,6,1.0,3,56121,M,4776224.0,-339584.0,56
201300029217,13,10,18,2120,3,2,1,1.0,2,56083,M,,,56
201300029218,13,10,18,2155,5,2,1,1.0,7,56083,M,,,56
201300029219,13,10,19,250,5,2,1,1.0,2,56121,M,4773369.0,-336484.0,56
201300029220,13,10,20,1900,1,2,2,1.0,3,56121,M,4774563.0,-336299.0,56
201300029221,13,10,21,1848,1,2,1,1.0,2,56121,M,4775029.0,-336692.0,56
201300029222,13,10,22,2130,5,2,2,2.0,7,56121,M,4774659.0,-336208.0,56
201300029223,13,10,24,1340,1,2,6,1.0,3,56121,M,4773302.0,-337754.0,56
201300029224,13,10,26,1148,1,1,1,1.0,5,56162,M,,,56
201300029225,13,10,26,2210,5,2,1,1.0,2,56121,M,,,56
201300029226,13,10,28,1830,5,2,1,1.0,2,56121,M,4773582.0,-337188.0,56
201300029227,13,10,28,2050,5,2,3,2.0,3,56098,M,4776840.0,-335610.0,56
201300029228,13,10,30,829,1,2,1,1.0,7,56121,M,4776298.0,-338567.0,56
201300029229,13,10,30,1830,3,1,1,1.0,5,56083,M,,,56
201300029230,13,11,1,1730,2,2,1,1.0,7,56162,M,,,56
201300029231,13,11,3,1510,1,2,1,1.0,7,56121,M,,,56
201300029232,13,11,5,1430,1,2,1,1.0,1,56121,M,,,56
201300029233,13,11,7,1800,5,2,1,3.0,7,56121,M,4774561.0,-336778.0,56
201300029234,13,11,7,1810,5,2,2,2.0,3,56083,M,,,56
201300029235,13,11,9,1910,5,2,1,2.0,7,56121,M,4775333.0,-337225.0,56
201300029236,13,11,11,2005,5,2,1,2.0,1,56121,M,4774649.0,-336145.0,56
201300029237,13,11,12,744,5,2,1,2.0,7,56121,M,4776324.0,-337027.0,56
201300029238,13,11,13,1215,1,2,1,1.0,3,56107,M,4771998.0,-339117.0,56
201300029239,13,11,14,1945,5,2,1,2.0,7,56083,M,,,56
201300029240,13,11,15,1250,1,2,2,1.0,3,56121,M,4774037.0,-336448.0,56
201300029241,13,11,17,1125,1,2,1,1.0,3,56083,M,4781064.0,-327362.0,56
201300029242,13,11,17,1315,1,2,1,1.0,3,56083,M,,,56
201300029243,13,11,20,1525,1,2,1,1.0,7,56121,M,4776589.0,-340043.0,56
201300029244,13,11,20,1555,1,2,6,2.0,3,56121,M,4774917.0,-337372.0,56
201300029245,13,11,20,1710,2,2,1,2.0,2,56083,M,4780550.0,-327753.0,56
201300029246,13,11,21,1951,5,1,1,1.0,7,56121,M,4776272.0,-339209.0,56
201300029247,13,11,22,800,1,2,1,1.0,7,56121,M,4775702.0,-336720.0,56
201300029248,13,11,23,855,2,2,3,1.0,3,56121,M,4774191.0,-336144.0,56
201300029249,13,11,23,1149,1,2,3,1.0,3,56083,M,4780121.0,-328294.0,56
201300029250,13,11,22,1415,1,2,1,1.0,2,56121,M,4775169.0,-337670.0,56
201300029251,13,11,23,143,5,2,1,1.0,7,56083,M,4781734.0,-325522.0,56
201300029252,13,11,23,2034,5,2,1,1.0,1,56083,M,4780035.0,-327572.0,56
201300029253,13,11,24,1602,1,2,1,1.0,7,56121,M,,,56
201300029254,13,11,30,10,5,1,1,1.0,3,56083,M,,,56
201300029255,13,12,4,1710,1,2,1,1.0,7,56121,M,,,56
201300029256,13,12,5,1815,5,2,1,1.0,2,56098,M,4777781.0,-334386.0,56
201300029257,13,12,7,947,1,2,3,1.0,3,56121,M,4775592.0,-335740.0,56
201300029258,13,12,11,1140,1,2,2,1.0,7,56121,M,4774748.0,-336098.0,56
201300029259,13,12,12,1019,1,2,1,1.0,7,56121,M,4774894.0,-336573.0,56
201300029260,13,12,13,1600,1,2,1,2.0,3,56107,M,4771870.0,-338537.0,56
201300029261,13,12,14,1950,5,2,1,1.0,3,56121,M,4775880.0,-336550.0,56
201300029262,13,12,16,2335,5,2,1,2.0,7,56083,M,4781404.0,-325950.0,56
201300029263,13,12,17,1405,1,2,1,1.0,7,56121,M,,,56
201300029264,13,12,17,1622,1,2,1,1.0,4,56121,M,,,56
201300029265,13,12,17,1808,5,2,1,1.0,1,56083,M,4779062.0,-327640.0,56
201300029266,13,12,18,1405,1,2,1,1.0,7,56121,M,4775923.0,-336839.0,56
201300029267,13,12,18,1825,5,2,1,8.0,7,56083,M,4780458.0,-327900.0,56
201300029268,13,12,20,415,5,2,1,1.0,5,56098,M,4777115.0,-334880.0,56
201300029269,13,12,22,230,5,1,6,8.0,7,56162,M,4770857.0,-342108.0,56
201300029270,13,12,23,1546,1,1,6,2.0,1,56083,M,4779073.0,-327657.0,56
201300029271,13,12,24,1645,1,2,1,8.0,2,56121,M,4777211.0,-340453.0,56
201300029272,13,12,27,1330,1,1,1,1.0,7,56121,M,4775787.0,-338756.0,56
201300029273,13,12,27,1845,5,2,1,1.0,2,56098,M,,,56
201300029274,13,12,27,2111,4,2,1,2.0,3,56098,M,4777762.0,-334505.0,56
201300029275,13,12,28,1445,1,2,1,2.0,7,56083,M,,,56
201300029276,13,12,29,35,5,2,1,1.0,3,56121,M,4774293.0,-338076.0,56
201300029277,13,12,29,1325,1,2,9,1.0,3,56162,M,4772280.0,-343459.0,56
201300029278,13,12,29,1735,5,2,1,1.0,7,56162,M,,,56
201300029279,13,2,9,1245,1,1,1,1.0,3,34185,M,4383085.0,374495.0,34
201300029280,13,3,10,1715,1,1,1,1.0,1,34111,M,4394952.0,370782.0,34
201300029281,13,5,2,1215,1,1,1,1.0,1,34152,M,4375674.0,375229.0,34
201300029282,13,7,17,1600,1,1,1,3.0,6,34042,M,0.0,0.0,34
201300029283,13,7,27,1430,1,2,1,1.0,6,34111,M,0.0,0.0,34
201300029284,13,8,31,2200,3,1,1,1.0,1,34185,M,0.0,0.0,34
201300029285,13,1,10,740,5,2,1,2.0,6,56260,M,4765431.0,-278346.0,56
201300029286,13,1,20,1840,5,2,1,1.0,2,56260,M,4765907.0,-276615.0,56
201300029287,13,1,25,825,2,2,3,1.0,6,56260,M,4767342.0,-276142.0,56
201300029288,13,2,1,1955,5,2,1,2.0,6,56260,M,4765423.0,-278350.0,56
201300029289,13,2,12,1240,1,2,1,1.0,3,56260,M,4766563.0,-274996.0,56
201300029290,13,2,24,2009,5,2,1,1.0,6,56260,M,4765713.0,-274566.0,56
201300029291,13,2,27,1650,1,2,1,1.0,6,56260,M,4765620.0,-275849.0,56
201300029292,13,2,28,1510,1,2,1,1.0,6,56260,M,4763849.0,-277723.0,56
201300029293,13,3,15,1606,1,2,3,1.0,6,56260,M,,,56
201300029294,13,3,21,1755,1,2,1,2.0,3,56260,M,4766599.0,-276754.0,56
201300029295,13,3,30,1645,1,2,1,1.0,3,56260,M,4766341.0,-278130.0,56
201300029296,13,4,4,2245,5,2,1,2.0,3,56260,M,4766197.0,-274041.0,56
201300029297,13,4,16,1050,1,2,1,2.0,6,56260,M,4765632.0,-275732.0,56
201300029298,13,5,4,1800,1,2,1,1.0,3,56260,M,4765535.0,-279059.0,56
201300029299,13,4,9,1254,1,2,3,8.0,6,56260,M,4765766.0,-275984.0,56
201300029300,13,5,11,1055,1,1,1,1.0,2,56260,M,,,56
201300029301,13,5,26,1820,1,2,3,1.0,3,56260,M,4766495.0,-278024.0,56
201300029302,13,5,17,1710,1,2,1,1.0,6,56260,M,4764277.0,-277708.0,56
201300029303,13,6,5,1130,1,2,7,1.0,6,56260,M,4765572.0,-275966.0,56
201300029304,13,6,12,1300,1,2,1,2.0,2,56260,M,4766361.0,-276585.0,56
201300029305,13,6,17,2045,2,2,6,1.0,6,56260,M,4766213.0,-279419.0,56
201300029306,13,7,29,1757,1,2,6,1.0,3,56260,M,4766674.0,-278478.0,56
201300029307,13,8,1,135,5,2,1,1.0,6,56260,M,4765955.0,-277955.0,56
201300029308,13,8,1,1945,2,2,1,1.0,1,56260,M,,,56
201300029309,13,7,16,1200,1,2,9,1.0,6,56260,M,4766393.0,-276768.0,56
201300029310,13,8,12,1715,1,2,6,1.0,6,56260,M,4766202.0,-279390.0,56
201300029311,13,9,4,1750,1,2,1,1.0,1,56260,M,4763308.0,-277913.0,56
201300029312,13,9,6,1159,1,2,1,1.0,6,56260,M,4766368.0,-276660.0,56
201300029313,13,9,8,1455,1,2,3,1.0,6,56260,M,4765058.0,-277658.0,56
201300029314,13,9,12,1100,1,2,1,8.0,6,56260,M,4764302.0,-277686.0,56
201300029315,13,9,16,1550,1,2,1,1.0,6,56260,M,4766356.0,-276614.0,56
201300029316,13,9,20,1430,1,2,3,1.0,2,56260,M,,,56
201300029317,13,9,16,1700,1,2,1,1.0,6,56260,M,4766025.0,-279051.0,56
201300029318,13,9,23,1702,1,2,1,1.0,6,56260,M,4764477.0,-275993.0,56
201300029319,13,9,26,743,1,2,1,1.0,3,56260,M,4764591.0,-277028.0,56
201300029320,13,9,28,1700,1,2,2,1.0,3,56260,M,4766748.0,-275686.0,56
201300029321,13,10,9,835,2,2,2,1.0,5,56260,M,4764789.0,-278183.0,56
201300029322,13,9,30,944,1,2,3,1.0,6,56260,M,4767683.0,-277456.0,56
201300029323,13,10,11,1630,1,2,7,1.0,6,56260,M,4765907.0,-277183.0,56
201300029324,13,10,25,2050,5,2,3,1.0,1,56260,M,4765343.0,-276922.0,56
201300029325,13,10,21,1744,1,2,3,1.0,6,56260,M,4765503.0,-277494.0,56
201300029326,13,10,23,1225,1,2,9,8.0,6,56260,M,4765963.0,-271769.0,56
201300029327,13,11,10,1050,1,2,1,1.0,2,56260,M,4765189.0,-275944.0,56
201300029328,13,11,18,950,1,2,1,1.0,6,56260,M,4767526.0,-277095.0,56
201300029329,13,11,21,105,5,2,1,1.0,6,56260,M,4764762.0,-278551.0,56
201300029330,13,12,5,750,3,2,1,8.0,6,56260,M,4765180.0,-278803.0,56
201300029331,13,12,10,745,5,2,1,1.0,6,56260,M,4765304.0,-274151.0,56
201300029332,13,12,13,155,5,2,1,5.0,6,56260,M,4764869.0,-275852.0,56
201300029333,13,12,16,1835,5,2,1,1.0,1,56260,M,4763843.0,-276802.0,56
201300029334,13,12,16,1635,1,2,1,1.0,6,56260,M,4765758.0,-275984.0,56
201300029335,13,1,22,1715,2,2,6,8.0,4,56260,M,4765278.0,-278360.0,56
201300029336,13,1,31,1350,1,2,1,1.0,6,56260,M,4765585.0,-275978.0,56
201300029337,13,3,12,1650,1,2,1,1.0,6,56260,M,4764885.0,-277418.0,56
201300029338,13,5,9,1927,1,2,1,1.0,2,56260,M,4764501.0,-277880.0,56
201300029339,13,5,14,1215,1,2,1,1.0,6,56260,M,,,56
201300029340,13,5,15,1646,1,2,6,1.0,6,56260,M,4766398.0,-275543.0,56
201300029341,13,5,21,1040,1,2,1,1.0,6,56260,M,4765869.0,-276226.0,56
201300029342,13,5,25,1010,1,2,2,1.0,3,56260,M,4765526.0,-276451.0,56
201300029343,13,6,10,1825,1,2,1,1.0,2,56260,M,4765964.0,-278172.0,56
201300029344,13,9,2,1000,1,2,1,1.0,2,56260,M,4766134.0,-275798.0,56
201300029345,13,9,7,1735,1,2,1,1.0,6,56260,M,4765512.0,-275498.0,56
201300029346,13,9,25,1150,1,2,1,1.0,2,56260,M,4764152.0,-275575.0,56