Num_Acc,an,mois,jour,hrmn,lum,agg,int,atm,col,com,gps,lat,long,dep
201300029347,13,9,27,810,1,2,1,1.0,2,56260,M,4765603.0,-277358.0,56
201300029348,13,9,30,750,2,2,1,5.0,6,56260,M,4766534.0,-275612.0,56
201300029349,13,10,7,740,5,2,1,1.0,7,56260,M,4764437.0,-277822.0,56
201300029350,13,10,15,820,5,2,1,3.0,6,56260,M,4765513.0,-275555.0,56
201300029351,13,10,15,830,5,2,3,3.0,3,56260,M,4764623.0,-278021.0,56
201300029352,13,11,8,1900,5,2,2,8.0,6,56260,M,4766132.0,-275708.0,56
201300029353,13,11,19,1005,1,2,1,1.0,4,56260,M,4764694.0,-277881.0,56
201300029354,13,12,6,1855,5,2,1,1.0,6,56260,M,4766646.0,-279382.0,56
201300029355,13,12,31,1700,1,2,1,8.0,6,56260,M,4766022.0,-279048.0,56
201300029356,13,3,11,915,1,2,6,1.0,3,33227,M,0.0,0.0,33
201300029357,13,10,26,145,3,2,1,2.0,6,40304,M,4368030.0,-142380.0,40
201300029358,13,1,25,955,1,2,3,1.0,6,57227,M,4918652.0,690041.0,57
201300029359,13,3,7,1855,5,2,1,1.0,3,57227,M,4918701.0,690938.0,57
201300029360,13,3,26,1020,1,2,2,1.0,6,57227,M,4918703.0,689827.0,57
201300029361,13,7,6,350,5,2,1,1.0,6,57537,M,4921842.0,686358.0,57
201300029362,13,7,13,1615,1,2,6,1.0,3,57227,M,,,57
201300029363,13,7,27,1820,1,2,1,1.0,3,57227,M,,,57
201300029364,13,9,15,1550,1,2,2,1.0,3,57227,M,4918693.0,689812.0,57
201300029365,13,9,11,1340,1,2,1,1.0,6,57227,M,4918602.0,689651.0,57
201300029366,13,9,26,2055,5,2,1,1.0,6,57660,M,4919383.0,691706.0,57
201300029367,13,10,23,550,3,1,1,3.0,2,57227,M,0.0,0.0,57
201300029368,13,10,26,1455,1,2,1,1.0,6,57227,M,4920070.0,687720.0,57
201300029369,13,11,16,1935,5,2,2,1.0,1,57660,M,4919350.0,691632.0,57
201300029370,13,12,6,1200,1,2,3,1.0,6,57227,M,4918674.0,690071.0,57
201300029371,13,3,2,2225,5,2,3,1.0,6,57240,M,4914203.0,680957.0,57
201300029372,13,2,22,1210,1,2,6,1.0,6,57332,M,4914372.0,677691.0,57
201300029373,13,1,10,1915,5,2,1,2.0,6,57240,M,4914821.0,681723.0,57
201300029374,13,6,7,1825,1,1,1,1.0,1,57240,M,,,57
201300029375,13,6,2,1704,1,2,3,1.0,3,57240,M,4914344.0,680228.0,57
201300029376,13,7,29,1610,1,2,3,1.0,3,57332,M,4912523.0,678424.0,57
201300029377,13,9,18,1345,1,2,1,1.0,1,57240,M,,,57
201300029378,13,9,25,1755,1,2,1,1.0,6,57240,M,4914156.0,679510.0,57
201300029379,13,10,1,1800,1,2,1,1.0,6,57240,M,,,57
201300029380,13,12,11,540,3,2,1,2.0,1,57332,M,,,57
201300029381,13,1,11,2315,5,2,1,1.0,1,57019,M,4926200.0,613555.0,57
201300029382,13,2,4,650,3,1,1,2.0,1,57591,M,,,57
201300029383,13,2,21,1410,1,2,4,1.0,6,57591,M,4925354.0,609572.0,57
201300029384,13,3,16,2330,5,2,6,2.0,3,57591,M,4925633.0,610664.0,57
201300029385,13,4,19,1330,1,1,3,1.0,3,57019,M,,,57
201300029386,13,4,21,1400,1,2,1,1.0,6,57019,M,4926073.0,613329.0,57
201300029387,13,4,25,1730,1,2,3,1.0,3,57591,M,4925527.0,610294.0,57
201300029388,13,5,5,1922,1,2,3,1.0,3,57597,M,4925534.0,606356.0,57
201300029389,13,5,17,2015,1,2,1,1.0,3,57283,M,4925382.0,616990.0,57
201300029390,13,6,5,1400,1,2,1,1.0,7,57143,M,4925937.0,608428.0,57
201300029391,13,6,20,1320,1,1,1,1.0,7,57491,M,4924440.0,602586.0,57
201300029392,13,6,20,1755,1,1,1,1.0,6,57597,M,,,57
201300029393,13,6,25,1420,1,1,6,1.0,2,57591,M,,,57
201300029394,13,7,25,1325,1,2,1,2.0,1,57491,M,4924922.0,604459.0,57
201300029395,13,9,11,645,2,2,9,2.0,6,57283,M,4924111.0,615142.0,57
201300029396,13,10,1,1655,1,2,1,1.0,6,57491,M,4925086.0,603721.0,57
201300029397,13,9,14,1513,1,1,1,2.0,1,57019,M,4926200.0,613555.0,57
201300029398,13,10,1,1100,1,2,1,1.0,3,57591,M,4925608.0,609701.0,57
201300029399,13,10,26,1455,1,2,1,1.0,6,57019,M,4925194.0,614512.0,57
201300029400,13,1,4,1000,1,2,2,1.0,3,57463,M,4910323.0,619648.0,57
201300029401,13,1,6,500,3,2,1,1.0,6,57463,M,4912809.0,615121.0,57
201300029402,13,1,6,930,1,2,1,2.0,6,57463,M,,,57
201300029403,13,1,10,1405,1,2,6,2.0,2,57480,M,4910344.0,615283.0,57
201300029404,13,1,22,1740,5,2,1,4.0,6,57463,M,4911110.0,617593.0,57
201300029405,13,1,23,2135,5,2,2,1.0,3,57463,M,4910009.0,617764.0,57
201300029406,13,1,29,734,5,2,3,3.0,6,57463,M,4912488.0,616449.0,57
201300029407,13,1,30,1625,1,2,1,2.0,6,57480,M,4912488.0,616449.0,57
201300029408,13,2,4,742,5,2,1,8.0,6,57463,M,4910794.0,622103.0,57
201300029409,13,2,5,1320,1,2,1,8.0,3,57463,M,4910790.0,623675.0,57
201300029410,13,2,17,405,5,2,2,1.0,3,57480,M,4908911.0,615323.0,57
201300029411,13,2,18,930,1,2,1,1.0,2,57463,M,4910748.0,616934.0,57
201300029412,13,2,18,1615,1,2,1,1.0,2,57463,M,4912861.0,617421.0,57
201300029413,13,2,28,2300,5,2,1,1.0,1,57412,M,4911777.0,614274.0,57
201300029414,13,3,6,1725,1,2,3,1.0,3,57463,M,4913563.0,614882.0,57
201300029415,13,3,9,1310,1,2,6,1.0,6,57463,M,4910549.0,617409.0,57
201300029416,13,3,19,1925,5,2,1,2.0,6,57463,M,4910210.0,616395.0,57
201300029417,13,3,25,1255,1,2,3,1.0,6,57463,M,4912851.0,617115.0,57
201300029418,13,3,28,1710,1,2,2,1.0,6,57463,M,4909825.0,616081.0,57
201300029419,13,4,2,2040,5,2,3,1.0,3,57463,M,4911650.0,618489.0,57
201300029420,13,4,9,2120,5,2,2,3.0,3,57463,M,4908302.0,618311.0,57
201300029421,13,4,13,1,5,2,1,3.0,6,57463,M,4913070.0,618312.0,57
201300029422,13,4,15,1805,1,2,2,1.0,5,57463,M,4909825.0,616081.0,57
201300029423,13,4,17,1300,1,2,1,1.0,6,57463,M,4911068.0,618806.0,57
201300029424,13,4,30,1310,1,2,1,1.0,3,57463,M,4911009.0,623111.0,57
201300029425,13,5,4,1640,1,2,1,1.0,3,57463,M,4910737.0,617078.0,57
201300029426,13,5,7,750,1,2,1,8.0,6,57480,M,4910309.0,615446.0,57
201300029427,13,5,9,1015,1,2,1,9.0,6,57463,M,4911643.0,622519.0,57
201300029428,13,5,15,1005,1,2,2,2.0,3,57463,M,4910220.0,616412.0,57
201300029429,13,5,16,810,1,2,1,2.0,6,57463,M,4909680.0,617120.0,57
201300029430,13,5,16,1446,1,2,1,2.0,6,57447,M,4907443.0,614740.0,57
201300029431,13,5,22,1602,1,2,1,1.0,6,57463,M,4912619.0,616594.0,57
201300029432,13,5,31,1535,1,2,1,1.0,6,57463,M,4912005.0,621758.0,57
201300029433,13,6,1,340,5,1,4,1.0,3,57463,M,4913481.0,617431.0,57
201300029434,13,6,1,1215,1,2,1,1.0,6,57480,M,4910497.0,616344.0,57
201300029435,13,6,8,828,1,2,1,1.0,6,57480,M,4910031.0,615405.0,57
201300029436,13,6,11,1450,1,2,1,1.0,3,57463,M,4911310.0,622283.0,57
201300029437,13,6,22,1705,1,2,1,1.0,6,57463,M,4911558.0,621943.0,57
201300029438,13,6,26,1715,1,2,1,1.0,6,57463,M,4913522.0,616940.0,57
201300029439,13,6,28,1829,1,2,1,1.0,3,57463,M,4912963.0,614537.0,57
201300029440,13,7,18,1605,1,2,1,2.0,6,57463,M,4911820.0,616998.0,57
201300029441,13,7,19,45,5,2,4,1.0,3,57463,M,4913488.0,617428.0,57
201300029442,13,7,23,1825,1,2,1,7.0,6,57751,M,4914782.0,617086.0,57
201300029443,13,7,25,1615,1,2,1,1.0,6,57463,M,4913324.0,616937.0,57
201300029444,13,8,1,1430,1,2,1,7.0,3,57463,M,4910965.0,621979.0,57
201300029445,13,8,11,1450,1,1,1,1.0,4,57487,M,4910039.0,610732.0,57
201300029446,13,8,17,2015,1,2,1,1.0,3,57642,M,4910922.0,612509.0,57
201300029447,13,8,18,1800,1,2,3,1.0,3,57463,M,4911004.0,616718.0,57
201300029448,13,8,23,1740,1,2,2,1.0,3,57463,M,4911617.0,622771.0,57
201300029449,13,8,26,1550,1,2,1,2.0,3,57616,M,4912592.0,618874.0,57
201300029450,13,9,3,1805,1,2,2,1.0,3,57463,M,4911177.0,618841.0,57
201300029451,13,9,4,1830,1,2,2,1.0,3,57463,M,4913599.0,621314.0,57
201300029452,13,9,6,1045,1,2,3,1.0,6,57463,M,4911516.0,617511.0,57
201300029453,13,9,11,845,1,2,1,2.0,3,57480,M,4909898.0,614978.0,57
201300029454,13,9,13,750,1,1,6,8.0,3,57447,M,4904884.0,614067.0,57
201300029455,13,9,19,1035,1,2,3,2.0,6,57463,M,4909995.0,617736.0,57
201300029456,13,9,17,1040,1,2,1,8.0,6,57616,M,4913446.0,620780.0,57
201300029457,13,9,20,1730,1,2,1,1.0,6,57480,M,4910319.0,615367.0,57
201300029458,13,10,3,1745,1,2,1,1.0,3,57480,M,4909893.0,615399.0,57
201300029459,13,10,4,925,1,2,1,1.0,6,57463,M,4911577.0,618132.0,57
201300029460,13,10,9,1800,1,2,1,1.0,6,57463,M,4910667.0,617659.0,57
201300029461,13,10,14,1645,1,2,1,2.0,6,57463,M,4912435.0,616482.0,57
201300029462,13,10,15,1625,1,2,1,1.0,6,57487,M,4910367.0,614902.0,57
201300029463,13,10,22,1930,5,2,2,1.0,5,57463,M,4912628.0,618965.0,57
201300029464,13,10,25,2135,5,2,2,1.0,3,57463,M,4911693.0,618009.0,57
201300029465,13,10,26,1828,2,2,3,1.0,3,57049,M,4912837.0,614906.0,57
201300029466,13,10,29,1040,1,2,1,1.0,6,57463,M,4910874.0,616946.0,57
201300029467,13,11,5,625,3,2,1,2.0,1,57463,M,4913091.0,618263.0,57
201300029468,13,11,2,2000,4,2,2,1.0,3,57751,M,4914924.0,616931.0,57
201300029469,13,11,8,1100,1,2,3,2.0,6,57463,M,4910128.0,616337.0,57
201300029470,13,11,14,1440,1,2,2,2.0,3,57463,M,4910542.0,620966.0,57
201300029471,13,11,14,1750,5,1,6,3.0,6,57463,M,4910983.0,616418.0,57
201300029472,13,11,15,1325,1,2,1,1.0,6,57447,M,4908156.0,614716.0,57
201300029473,13,11,22,1705,5,2,1,2.0,6,57480,M,4909052.0,615438.0,57
201300029474,13,11,27,1340,1,2,1,7.0,6,57480,M,4909598.0,615890.0,57
201300029475,13,11,27,1855,4,2,1,1.0,3,57616,M,4914193.0,620015.0,57
201300029476,13,11,28,1720,4,2,3,1.0,6,57463,M,4910882.0,616257.0,57
201300029477,13,12,13,1656,2,2,1,1.0,6,57463,M,4910367.0,616757.0,57
201300029478,13,1,27,50,5,2,1,1.0,7,57606,M,4914106.0,669117.0,57
201300029479,13,3,6,940,1,2,1,1.0,7,57606,M,4911564.0,670787.0,57
201300029480,13,5,16,1545,1,2,1,2.0,7,57606,M,4910316.0,670195.0,57
201300029481,13,5,27,1730,1,2,1,1.0,3,57606,M,4910358.0,670901.0,57
201300029482,13,9,4,812,1,2,1,1.0,7,57606,M,4910393.0,670548.0,57
201300029483,13,9,1,600,5,2,1,1.0,2,57606,M,4911091.0,670562.0,57
201300029484,13,11,29,2130,5,2,1,2.0,6,57606,M,4910505.0,670501.0,57
201300029485,13,12,30,2240,3,1,1,1.0,3,57630,M,,,57
201300029486,13,1,8,740,1,2,1,1.0,6,57630,M,4873253.0,705896.0,57
201300029487,13,2,4,1745,5,2,1,2.0,6,57630,M,,,57
201300029488,13,6,8,950,1,2,1,1.0,2,57119,M,4872806.0,706860.0,57
201300029489,13,6,8,1809,1,2,3,1.0,3,57630,M,4873565.0,705003.0,57
201300029490,13,6,27,1622,1,2,1,1.0,6,57630,M,,,57
201300029491,13,7,30,2220,3,1,1,1.0,2,57119,M,4872243.0,709364.0,57
201300029492,13,8,23,937,1,2,1,1.0,6,57630,M,4873945.0,707065.0,57
201300029493,13,9,28,1415,1,2,1,1.0,7,57630,M,,,57
201300029494,13,9,26,1200,1,2,1,7.0,3,57630,M,4874988.0,706739.0,57
201300029495,13,10,11,214,5,2,1,8.0,7,57630,M,4874303.0,706052.0,57
201300029496,13,10,27,1150,1,2,1,3.0,6,57630,M,4873587.0,705657.0,57
201300029497,13,11,15,1120,1,2,2,1.0,3,57630,M,4873516.0,704939.0,57
201300029498,13,11,13,1500,1,2,1,1.0,6,57630,M,4873608.0,705513.0,57
201300029499,13,12,2,555,5,2,2,1.0,1,57630,M,,,57
201300029500,13,12,10,1228,1,2,1,1.0,6,57630,M,,,57
201300029501,13,12,9,1715,5,2,6,1.0,6,57630,M,4873486.0,704254.0,57
201300029502,13,12,29,245,5,2,1,1.0,2,57630,M,4873881.0,705453.0,57
201300029503,13,12,15,1045,1,2,1,1.0,6,57631,M,4911985.0,708921.0,57
201300029504,13,12,17,1050,1,2,1,1.0,6,57631,M,4911641.0,707040.0,57
201300029505,13,1,7,1810,5,2,1,8.0,1,57631,M,4911232.0,708139.0,57
201300029506,13,3,14,855,1,2,1,1.0,1,57631,M,0.0,0.0,57
201300029507,13,6,12,1440,1,2,1,1.0,2,57631,M,4911150.0,705496.0,57
201300029508,13,9,24,636,5,2,1,1.0,6,57631,M,4911806.0,709663.0,57
201300029509,13,9,25,1856,2,1,1,1.0,2,57631,M,,,57
201300029510,13,11,12,1745,5,2,1,1.0,6,57631,M,4911260.0,706823.0,57
201300029511,13,12,24,1335,1,1,1,8.0,6,57631,M,4911153.0,707020.0,57
201300029512,13,1,9,1745,5,2,1,2.0,6,57672,M,4936436.0,615788.0,57
201300029513,13,1,10,745,5,2,1,2.0,3,57221,M,4931656.0,612283.0,57
201300029514,13,1,18,1740,5,2,1,4.0,5,57672,M,,,57
201300029515,13,1,24,2000,5,2,1,1.0,6,57368,M,4933752.0,604569.0,57
201300029516,13,1,31,1142,1,2,1,1.0,6,57672,M,4935283.0,615926.0,57
201300029517,13,2,1,755,3,2,1,2.0,6,57672,M,4935602.0,616612.0,57
201300029518,13,2,4,850,1,2,1,2.0,4,57672,M,4935327.0,617509.0,57
201300029519,13,2,4,1600,1,2,1,2.0,2,57306,M,4933451.0,607908.0,57
201300029520,13,2,6,655,3,1,1,4.0,2,57012,M,,,57
201300029521,13,2,16,1125,1,2,1,1.0,6,57672,M,4935888.0,616924.0,57
201300029522,13,3,5,1520,1,2,1,1.0,3,57221,M,,,57
201300029523,13,3,6,1640,1,2,1,1.0,3,57672,M,4935367.0,614666.0,57
201300029524,13,3,8,1550,1,2,1,1.0,6,57672,M,4935790.0,616937.0,57
201300029525,13,3,8,1620,1,2,1,1.0,2,57306,M,,,57
201300029526,13,3,12,1735,2,2,1,4.0,6,57221,M,,,57
201300029527,13,3,25,1730,1,2,1,1.0,2,57666,M,4934621.0,612806.0,57
201300029528,13,3,26,1210,1,2,1,1.0,2,57672,M,4936229.0,614639.0,57
201300029529,13,3,26,1540,1,2,1,1.0,6,57672,M,4937040.0,614492.0,57
201300029530,13,3,31,1300,1,2,1,1.0,1,57666,M,4933512.0,613442.0,57
201300029531,13,4,14,1842,1,2,2,1.0,3,57221,M,4932643.0,612627.0,57
201300029532,13,4,16,1650,1,2,1,1.0,6,57757,M,4936262.0,621102.0,57
201300029533,13,4,18,2055,2,2,1,1.0,6,57221,M,4932866.0,613503.0,57
201300029534,13,4,20,1245,1,2,3,1.0,3,57672,M,4936643.0,616891.0,57
201300029535,13,5,22,725,1,2,1,1.0,6,57012,M,4936820.0,605416.0,57
201300029536,13,5,22,1210,1,2,1,1.0,6,57672,M,4936019.0,617073.0,57
201300029537,13,5,28,1050,1,2,1,1.0,2,57672,M,4935710.0,616821.0,57
201300029538,13,6,1,1050,1,2,1,1.0,3,57672,M,4935776.0,613671.0,57
201300029539,13,6,5,1900,1,2,1,1.0,5,57672,M,4935666.0,614282.0,57
201300029540,13,6,7,1900,1,2,1,1.0,3,57221,M,4931652.0,611239.0,57
201300029541,13,6,7,2130,1,2,1,1.0,6,57672,M,4936165.0,617550.0,57
201300029542,13,6,10,1755,1,2,1,1.0,3,57647,M,4932172.0,608371.0,57
201300029543,13,6,15,920,1,2,1,1.0,3,57672,M,4935652.0,615628.0,57
201300029544,13,6,15,1120,1,2,1,1.0,3,57757,M,4936327.0,619992.0,57
201300029545,13,6,20,755,1,2,1,2.0,6,57672,M,4935780.0,616552.0,57
201300029546,13,6,20,825,1,2,1,2.0,3,57757,M,4935967.0,618727.0,57
201300029547,13,6,22,1500,1,2,1,1.0,3,57672,M,4935776.0,613671.0,57
201300029548,13,6,23,1115,1,2,1,1.0,3,57672,M,4935792.0,616937.0,57
201300029549,13,6,25,1410,1,2,1,1.0,3,57757,M,4934603.0,620437.0,57
201300029550,13,6,26,1306,1,2,1,3.0,6,57757,M,4934604.0,618824.0,57
201300029551,13,7,5,805,1,2,9,1.0,3,57221,M,4932322.0,611666.0,57
201300029552,13,7,21,1935,1,2,1,1.0,6,57368,M,4933809.0,604450.0,57
201300029553,13,7,30,1735,1,1,1,1.0,2,57672,M,,,57
201300029554,13,8,13,1505,1,1,1,1.0,3,57306,M,,,57
201300029555,13,8,20,955,1,2,1,1.0,3,57672,M,4935778.0,616698.0,57
201300029556,13,8,27,1825,1,2,1,1.0,2,57647,M,4932240.0,608083.0,57
201300029557,13,8,18,1640,1,2,1,1.0,6,57672,M,4935470.0,611057.0,57
201300029558,13,9,4,1754,1,2,2,1.0,3,57672,M,4936372.0,616221.0,57
201300029559,13,9,6,1200,1,2,1,1.0,6,57441,M,4938065.0,616949.0,57
201300029560,13,9,6,1700,1,1,2,1.0,3,57757,M,4935103.0,618659.0,57
201300029561,13,9,18,1815,1,2,1,1.0,6,57757,M,4935967.0,619535.0,57
201300029562,13,9,18,2148,3,1,1,2.0,3,57757,M,,,57
201300029563,13,9,23,1808,1,2,2,1.0,3,57672,M,4937327.0,610922.0,57
201300029564,13,9,26,1710,1,2,1,1.0,6,57508,M,4933512.0,604741.0,57
201300029565,13,9,26,2102,3,1,1,1.0,2,57672,M,,,57
201300029566,13,10,3,1310,1,2,1,1.0,3,57368,M,4933845.0,604409.0,57
201300029567,13,10,8,1755,1,2,1,1.0,3,57757,M,4935582.0,618392.0,57
201300029568,13,10,14,1818,2,2,1,2.0,6,57306,M,4933256.0,609455.0,57
201300029569,13,10,17,720,2,1,1,2.0,6,57672,M,,,57
201300029570,13,10,17,1215,1,2,1,1.0,6,57012,M,4935292.0,604154.0,57
201300029571,13,10,18,1330,1,2,1,1.0,6,57221,M,4927743.0,616514.0,57
201300029572,13,10,23,740,2,2,2,3.0,3,57672,M,4936170.0,614707.0,57
201300029573,13,10,31,835,2,2,1,5.0,5,57666,M,4935181.0,613215.0,57
201300029574,13,10,31,2210,5,2,1,9.0,6,57757,M,4936261.0,619256.0,57
201300029575,13,11,8,1705,5,2,1,3.0,6,57221,M,4927655.0,612370.0,57
201300029576,13,11,10,825,1,2,2,2.0,3,57221,M,4932323.0,611666.0,57
201300029577,13,11,10,2010,5,2,1,1.0,6,57672,M,4936780.0,615664.0,57
201300029578,13,11,12,1725,5,2,1,1.0,3,57672,M,4935930.0,616259.0,57
201300029579,13,11,13,800,1,1,1,1.0,6,57672,M,4936673.0,614817.0,57
201300029580,13,11,15,1214,1,2,1,1.0,6,57221,M,4932162.0,613593.0,57
201300029581,13,11,19,1750,5,2,1,1.0,6,57672,M,4935476.0,616010.0,57
201300029582,13,11,21,1750,5,2,1,2.0,6,57508,M,4934039.0,604942.0,57
201300029583,13,11,21,2000,5,2,1,1.0,6,57672,M,4936488.0,616423.0,57
201300029584,13,11,25,759,1,2,1,1.0,6,57672,M,4935423.0,616252.0,57
201300029585,13,11,26,950,1,2,1,1.0,6,57757,M,4936049.0,619394.0,57
201300029586,13,11,29,1750,5,2,1,2.0,6,57672,M,4935476.0,616010.0,57
201300029587,13,11,29,1735,4,2,1,1.0,6,57672,M,4936686.0,616057.0,57
201300029588,13,12,9,1605,1,2,1,1.0,6,57672,M,4936315.0,614775.0,57
201300029589,13,12,16,1735,2,2,1,2.0,3,57647,M,4932108.0,608649.0,57
201300029590,13,12,20,1734,5,2,1,1.0,6,57647,M,4931896.0,610172.0,57
201300029591,13,12,28,1710,5,2,1,2.0,6,57672,M,4935609.0,616403.0,57
201300029592,13,10,6,1515,1,1,1,1.0,6,11199,M,0.0,0.0,11
201300029593,13,5,5,1300,1,1,2,1.0,3,57365,M,4940160.0,641470.0,57
201300029594,13,5,25,1445,1,1,1,1.0,3,57740,M,0.0,0.0,57
201300029595,13,9,2,1245,1,1,9,1.0,3,57371,M,0.0,0.0,57
201300029596,13,9,22,1545,1,2,3,1.0,3,57026,M,4945431.0,637488.0,57
201300029597,13,10,19,545,3,1,1,1.0,6,57388,M,0.0,0.0,57
201300029598,13,12,15,100,3,1,1,1.0,6,57576,M,0.0,0.0,57
201300029599,13,5,13,1555,1,2,1,1.0,7,58194,M,,,58
201300029600,13,5,23,850,1,2,1,1.0,7,58194,M,,,58
201300029601,13,8,22,955,1,2,1,1.0,7,58194,M,,,58
201300029602,13,10,15,755,1,2,1,2.0,7,58194,M,,,58
201300029603,13,1,5,1350,1,2,1,2.0,6,58194,M,,,58
201300029604,13,10,23,1950,5,2,1,1.0,7,58194,M,,,58
201300029605,13,11,3,1610,1,2,1,1.0,7,58194,M,,,58
201300029606,13,12,2,1450,1,2,1,1.0,7,58194,M,,,58
201300029607,13,1,8,930,1,2,1,1.0,6,58194,M,,,58
201300029608,13,12,17,500,5,2,1,1.0,7,58194,M,,,58
201300029609,13,12,17,1035,1,2,1,1.0,7,58194,M,,,58
201300029610,13,1,11,1815,5,2,1,1.0,3,58194,M,,,58
201300029611,13,1,12,845,1,2,1,1.0,6,58194,M,,,58
201300029612,13,1,15,1405,1,2,1,1.0,1,58194,M,,,58
201300029613,13,1,17,1740,5,2,1,1.0,6,58194,M,,,58
201300029614,13,1,30,855,1,2,1,2.0,1,58194,M,,,58
201300029615,13,1,30,1615,1,2,1,2.0,7,58194,M,,,58
201300029616,13,1,30,1935,5,2,1,2.0,6,58194,M,,,58
201300029617,13,2,1,1230,1,2,1,2.0,6,58194,M,,,58
201300029618,13,2,11,1605,1,2,1,1.0,7,58194,M,,,58
201300029619,13,2,12,1630,1,2,2,1.0,6,58194,M,,,58
201300029620,13,2,15,1850,2,2,1,1.0,6,58194,M,,,58
201300029621,13,2,25,930,1,2,1,4.0,1,58194,M,,,58
201300029622,13,3,1,1020,1,2,1,1.0,6,58194,M,,,58
201300029623,13,3,4,855,1,2,1,1.0,6,58194,M,,,58
201300029624,13,3,4,1710,1,2,1,1.0,4,58194,M,,,58
201300029625,13,3,12,1700,1,2,2,2.0,3,58194,M,,,58
201300029626,13,3,15,1755,1,2,1,1.0,7,58194,M,,,58
201300029627,13,4,2,700,1,2,1,1.0,6,58194,M,,,58
201300029628,13,4,2,1655,1,2,1,1.0,7,58194,M,,,58
201300029629,13,4,4,2325,5,2,1,2.0,7,58194,M,,,58
201300029630,13,4,10,955,1,2,1,1.0,1,58194,M,,,58
201300029631,13,4,23,1825,1,2,1,1.0,2,58194,M,,,58
201300029632,13,4,13,1515,1,2,1,1.0,7,58194,M,,,58
201300029633,13,4,26,1650,1,2,1,2.0,6,58194,M,,,58
201300029634,13,4,30,1040,1,2,3,2.0,3,58194,M,,,58
201300029635,13,5,1,1640,1,2,2,1.0,3,58194,M,,,58
201300029636,13,5,15,1415,1,2,1,1.0,6,58194,M,,,58
201300029637,13,5,15,1210,1,2,1,1.0,3,58194,M,,,58
201300029638,13,5,9,1530,1,2,1,1.0,3,58194,M,,,58
201300029639,13,5,20,1710,1,2,1,3.0,1,58194,M,,,58
201300029640,13,5,18,650,1,2,1,1.0,6,58194,M,,,58
201300029641,13,6,4,1805,1,2,3,1.0,3,58194,M,,,58
201300029642,13,6,21,800,1,2,1,2.0,6,58194,M,,,58
201300029643,13,6,29,1245,1,2,1,2.0,7,58194,M,,,58
201300029644,13,6,28,2020,1,2,1,2.0,7,58194,M,,,58
201300029645,13,7,7,40,5,2,1,1.0,2,58194,M,,,58
201300029646,13,7,14,2235,5,2,1,1.0,4,58194,M,,,58
201300029647,13,7,27,1710,1,2,6,1.0,6,58194,M,,,58
201300029648,13,8,1,1550,1,2,1,1.0,3,58194,M,,,58
201300029649,13,8,3,1920,1,2,1,1.0,7,58194,M,,,58
201300029650,13,7,29,2200,5,2,3,1.0,3,58194,M,,,58
201300029651,13,8,8,825,1,2,1,1.0,3,58194,M,,,58
201300029652,13,7,24,1155,1,2,1,1.0,2,58194,M,,,58
201300029653,13,8,9,1855,1,2,1,1.0,3,58194,M,,,58
201300029654,13,8,9,1635,1,2,1,1.0,1,58194,M,,,58
201300029655,13,8,11,1920,1,2,5,1.0,3,58194,M,,,58
201300029656,13,9,6,1120,1,2,1,1.0,6,58194,M,,,58
201300029657,13,9,6,1530,1,2,1,1.0,2,58194,M,,,58
201300029658,13,9,10,1510,1,2,1,1.0,3,58194,M,,,58
201300029659,13,9,17,1920,2,2,1,1.0,7,58194,M,,,58
201300029660,13,9,19,1915,1,2,3,1.0,3,58194,M,,,58
201300029661,13,9,20,1610,1,2,1,1.0,1,58194,M,,,58
201300029662,13,9,21,1550,1,2,1,1.0,6,58194,M,,,58
201300029663,13,9,20,1720,1,2,1,1.0,3,58194,M,,,58
201300029664,13,9,27,1710,1,2,1,1.0,3,58194,M,,,58
201300029665,13,10,2,1725,1,2,2,1.0,6,58194,M,,,58
201300029666,13,10,7,1455,1,2,1,1.0,3,58194,M,,,58
201300029667,13,10,11,2310,5,2,1,1.0,6,58194,M,,,58
201300029668,13,10,14,935,1,2,1,1.0,1,58194,M,,,58
201300029669,13,10,17,730,2,2,1,2.0,6,58194,M,,,58
201300029670,13,10,17,1545,1,2,1,1.0,6,58194,M,,,58
201300029671,13,10,16,925,1,2,3,2.0,2,58194,M,,,58
201300029672,13,10,24,1025,1,2,3,1.0,1,58194,M,,,58
201300029673,13,10,23,1500,1,2,2,1.0,4,58194,M,,,58
201300029674,13,10,22,1205,1,2,6,1.0,3,58194,M,,,58
201300029675,13,10,21,1635,1,2,1,1.0,3,58194,M,,,58
201300029676,13,11,17,125,5,2,1,1.0,6,58194,M,,,58
201300029677,13,11,13,1245,1,2,1,1.0,6,58194,M,,,58
201300029678,13,11,19,1510,1,2,2,2.0,3,58194,M,,,58