Num_Acc,an,mois,jour,hrmn,lum,agg,int,atm,col,com,gps,lat,long,dep
201300029679,13,11,23,1355,1,2,1,1.0,1,58194,M,,,58
201300029680,13,11,23,1950,5,2,1,1.0,5,58194,M,,,58
201300029681,13,11,24,1220,1,2,1,1.0,3,58194,M,,,58
201300029682,13,12,2,1725,5,2,1,1.0,3,58194,M,,,58
201300029683,13,12,5,1010,1,2,1,1.0,6,58194,M,,,58
201300029684,13,12,12,1355,1,2,9,1.0,3,58194,M,,,58
201300029685,13,12,13,1905,5,2,1,1.0,7,58194,M,,,58
201300029686,13,12,15,1620,1,2,1,1.0,2,58194,M,,,58
201300029687,13,12,13,1740,5,2,1,1.0,3,58194,M,,,58
201300029688,13,12,16,1025,1,2,1,1.0,7,58194,M,,,58
201300029689,13,12,16,1620,1,2,3,1.0,3,58194,M,,,58
201300029690,13,12,17,1755,2,2,1,1.0,3,58194,M,,,58
201300029691,13,12,19,1310,1,2,1,1.0,7,58194,M,,,58
201300029692,13,12,30,1430,1,2,6,1.0,2,58194,M,,,58
201300029693,13,12,30,2105,5,2,1,1.0,1,58194,M,,,58
201300029694,13,12,5,1545,1,2,1,7.0,6,95052,M,4914290.0,228810.0,95
201300029695,13,10,12,1815,1,2,6,1.0,6,95487,M,4915340.0,227210.0,95
201300029696,13,12,5,1645,2,2,1,1.0,3,95052,M,4913870.0,227670.0,95
201300029697,13,9,10,900,1,2,1,1.0,6,95313,M,4911210.0,221720.0,95
201300029698,13,9,18,845,1,1,1,8.0,7,95504,M,4910320.0,226770.0,95
201300029699,13,1,10,1725,2,2,2,1.0,3,59017,M,,,59
201300029700,13,1,11,1615,1,2,2,2.0,5,59017,M,,,59
201300029701,13,1,16,1445,1,2,1,4.0,3,59017,M,,,59
201300029702,13,1,29,1915,4,2,7,2.0,6,59017,M,,,59
201300029703,13,1,31,1135,1,2,6,2.0,7,59017,M,,,59
201300029704,13,2,4,1520,1,1,2,1.0,3,59317,M,5069195.0,292221.0,59
201300029705,13,2,6,550,5,2,1,3.0,6,59017,M,,,59
201300029706,13,3,1,1010,1,2,6,1.0,3,59017,M,,,59
201300029707,13,3,23,1920,5,2,6,1.0,6,59143,M,,,59
201300029708,13,3,26,1210,1,2,3,1.0,3,59017,M,,,59
201300029709,13,4,1,1700,1,2,1,1.0,6,59017,M,,,59
201300029710,13,4,4,2010,2,1,3,1.0,3,59431,M,,,59
201300029711,13,3,28,1200,1,2,6,9.0,3,59017,M,,,59
201300029712,13,4,15,1750,1,1,9,1.0,4,59317,M,,,59
201300029713,13,4,16,1530,1,2,2,1.0,3,59017,M,,,59
201300029714,13,4,20,1925,1,2,1,1.0,6,59017,M,,,59
201300029715,13,5,5,1815,1,2,1,1.0,7,59317,M,,,59
201300029716,13,5,10,1030,1,2,3,1.0,3,59431,M,,,59
201300029717,13,5,7,1745,1,2,3,1.0,3,59431,M,,,59
201300029718,13,5,22,1720,1,1,1,1.0,2,59317,M,5068531.0,291872.0,59
201300029719,13,6,2,1905,1,1,9,1.0,3,59431,M,,,59
201300029720,13,6,9,1930,1,1,1,1.0,3,59431,M,,,59
201300029721,13,6,11,1315,1,2,2,1.0,7,59017,M,,,59
201300029722,13,8,20,1650,1,2,2,1.0,2,59017,M,,,59
201300029723,13,6,19,650,1,2,1,1.0,6,59017,M,,,59
201300029724,13,6,25,720,1,2,6,2.0,7,59143,M,,,59
201300029725,13,7,1,1930,1,2,2,1.0,1,59431,M,,,59
201300029726,13,7,9,630,2,2,1,1.0,6,59317,M,,,59
201300029727,13,7,12,1020,1,2,1,1.0,6,59017,M,,,59
201300029728,13,7,9,1940,1,2,6,1.0,6,59017,M,,,59
201300029729,13,7,16,1655,1,2,6,1.0,2,59431,M,,,59
201300029730,13,7,19,1900,1,2,6,7.0,3,59017,M,,,59
201300029731,13,7,22,1135,1,2,1,1.0,3,59143,M,,,59
201300029732,13,7,27,1245,1,2,2,1.0,3,59317,M,,,59
201300029733,13,7,22,2100,1,2,5,1.0,3,59017,M,,,59
201300029734,13,7,30,1420,1,2,2,1.0,3,59017,M,,,59
201300029735,13,8,10,510,3,2,1,1.0,7,59143,M,,,59
201300029736,13,8,14,1510,1,2,3,1.0,3,59017,M,,,59
201300029737,13,8,14,1630,1,2,2,1.0,3,59017,M,,,59
201300029738,13,8,19,1933,1,2,2,1.0,3,59143,M,,,59
201300029739,13,8,21,1015,1,2,1,1.0,6,59017,M,,,59
201300029740,13,8,23,915,1,2,1,1.0,6,59017,M,,,59
201300029741,13,8,23,2050,1,2,1,1.0,2,59431,M,,,59
201300029742,13,9,5,1950,2,2,1,1.0,6,59143,M,,,59
201300029743,13,9,7,1620,1,2,1,1.0,4,59017,M,,,59
201300029744,13,9,19,1645,1,2,1,9.0,6,59431,M,,,59
201300029745,13,9,20,1235,1,2,2,1.0,3,59317,M,,,59
201300029746,13,9,24,1410,1,2,3,1.0,6,59017,M,,,59
201300029747,13,9,25,1600,1,2,1,1.0,6,59143,M,,,59
201300029748,13,9,29,2305,5,2,3,1.0,3,59017,M,,,59
201300029749,13,10,2,1750,1,2,1,1.0,3,59143,M,,,59
201300029750,13,10,5,1630,1,2,1,1.0,3,59431,M,,,59
201300029751,13,10,10,820,1,2,2,2.0,3,59317,M,,,59
201300029752,13,10,28,1422,1,2,1,3.0,2,59431,M,,,59
201300029753,13,11,12,1555,1,2,1,1.0,6,59017,M,,,59
201300029754,13,11,19,1925,5,2,1,1.0,6,59143,M,,,59
201300029755,13,11,26,1720,5,2,2,2.0,3,59017,M,,,59
201300029756,13,12,3,1750,5,2,2,5.0,6,59017,M,,,59
201300029757,13,12,6,1315,1,2,1,1.0,2,59143,M,,,59
201300029758,13,12,9,800,2,1,1,1.0,2,59143,M,,,59
201300029759,13,12,5,1815,5,2,1,1.0,3,59017,M,,,59
201300029760,13,12,17,1910,5,2,1,1.0,6,59017,M,,,59
201300029761,13,12,17,1735,5,2,9,1.0,6,59017,M,,,59
201300029762,13,12,21,1935,5,2,1,1.0,6,59017,M,,,59
201300029763,13,7,8,858,1,2,2,7.0,3,59033,M,,,59
201300029764,13,7,26,2000,1,2,1,1.0,6,59344,M,,,59
201300029765,13,3,29,2125,3,1,1,1.0,6,59043,M,,,59
201300029766,13,1,17,820,1,2,4,9.0,6,59043,M,,,59
201300029767,13,2,5,1100,1,2,1,1.0,2,59043,M,,,59
201300029768,13,5,4,2245,4,2,2,1.0,3,59043,M,,,59
201300029769,13,7,20,1150,1,2,1,1.0,6,59043,M,,,59
201300029770,13,7,30,2010,1,2,1,2.0,6,59043,M,,,59
201300029771,13,8,17,2145,2,2,3,1.0,3,59043,M,,,59
201300029772,13,9,26,1710,1,1,3,1.0,3,59043,M,,,59
201300029773,13,10,13,2025,5,1,1,3.0,2,59043,M,,,59
201300029774,13,11,14,850,1,1,1,2.0,5,59043,M,,,59
201300029775,13,11,19,1555,1,2,1,1.0,6,59043,M,,,59
201300029776,13,11,26,1625,1,2,4,2.0,3,59043,M,,,59
201300029777,13,11,26,1950,3,1,1,2.0,6,59043,M,,,59
201300029778,13,12,4,1810,5,2,1,1.0,2,59043,M,,,59
201300029779,13,2,2,1920,5,2,1,1.0,6,59122,M,,,59
201300029780,13,2,22,1900,5,2,1,1.0,2,59244,M,,,59
201300029781,13,3,5,1310,1,2,1,7.0,6,59122,M,,,59
201300029782,13,4,13,310,3,1,1,1.0,6,59244,M,5017116.0,317696.0,59
201300029783,13,4,19,245,5,2,9,1.0,3,59122,M,,,59
201300029784,13,7,9,1040,1,2,1,7.0,6,59122,M,,,59
201300029785,13,7,10,645,1,1,1,1.0,3,59244,M,,,59
201300029786,13,7,23,2040,1,2,1,1.0,7,59122,M,,,59
201300029787,13,8,10,1500,1,2,1,1.0,7,59122,M,,,59
201300029788,13,8,10,2010,1,2,1,1.0,6,59122,M,,,59
201300029789,13,8,29,1620,1,2,1,1.0,6,59122,M,,,59
201300029790,13,9,13,1815,1,2,3,2.0,5,59122,M,,,59
201300029791,13,9,8,1045,1,2,2,1.0,6,59122,M,,,59
201300029792,13,9,17,855,1,1,1,8.0,1,59206,M,,,59
201300029793,13,10,4,730,5,2,1,2.0,6,59122,M,,,59
201300029794,13,10,11,900,1,2,1,1.0,6,59122,M,,,59
201300029795,13,10,19,1300,1,2,1,1.0,6,59122,M,,,59
201300029796,13,10,25,950,1,2,1,8.0,6,59122,M,,,59
201300029797,13,12,14,10,5,2,1,3.0,6,59122,M,,,59
201300029798,13,1,2,2035,5,2,2,8.0,3,59153,M,,,59
201300029799,13,1,26,2235,3,1,1,4.0,5,59153,M,5047688.0,359949.0,59
201300029800,13,11,22,1230,1,2,1,1.0,7,59616,M,,,59
201300029801,13,2,22,930,1,2,4,1.0,3,59153,M,,,59
201300029802,13,3,9,1350,1,2,3,1.0,3,59253,M,,,59
201300029803,13,5,1,1815,1,2,3,1.0,3,59616,M,,,59
201300029804,13,5,1,445,5,2,2,1.0,2,59153,M,,,59
201300029805,13,5,2,1610,1,1,1,1.0,3,59153,M,,,59
201300029806,13,5,21,1845,1,2,2,2.0,3,59153,M,,,59
201300029807,13,7,8,1300,1,2,6,1.0,3,59153,M,,,59
201300029808,13,7,16,2145,2,2,2,1.0,3,59153,M,,,59
201300029809,13,7,29,1450,1,2,1,1.0,3,59616,M,,,59
201300029810,13,7,26,1315,1,2,1,1.0,6,59153,M,,,59
201300029811,13,8,20,1630,1,2,9,1.0,2,59153,M,,,59
201300029812,13,11,1,1915,5,2,1,2.0,2,59153,M,,,59
201300029813,13,12,2,1715,5,2,1,8.0,1,59616,M,,,59
201300029814,13,1,5,2310,5,2,1,2.0,1,59179,M,,,59
201300029815,13,2,15,1935,3,1,1,1.0,7,59172,M,5033773.0,341122.0,59
201300029816,13,2,21,1140,1,2,1,1.0,1,59172,M,5032129.0,337407.0,59
201300029817,13,2,5,740,2,2,1,1.0,7,59205,M,,,59
201300029818,13,3,10,510,4,2,9,1.0,6,59179,M,,,59
201300029819,13,4,5,1810,1,2,1,1.0,7,59429,M,,,59
201300029820,13,4,20,1405,1,1,1,1.0,5,59179,M,,,59
201300029821,13,5,6,2115,1,2,3,1.0,3,59172,M,,,59
201300029822,13,5,2,825,1,1,1,1.0,2,59288,M,,,59
201300029823,13,5,17,1700,1,2,1,1.0,6,59172,M,,,59
201300029824,13,5,31,1855,1,2,3,1.0,6,59172,M,,,59
201300029825,13,5,28,1530,1,2,2,1.0,6,59172,M,,,59
201300029826,13,6,10,800,1,2,1,1.0,6,59179,M,,,59
201300029827,13,6,10,1105,1,2,9,1.0,6,59589,M,,,59
201300029828,13,6,3,1830,1,2,2,1.0,3,59632,M,,,59
201300029829,13,6,19,1730,1,2,1,1.0,1,59179,M,,,59
201300029830,13,6,24,1800,1,2,1,1.0,2,59632,M,,,59
201300029831,13,7,2,2120,1,2,1,1.0,7,59172,M,,,59
201300029832,13,7,14,630,1,2,1,1.0,6,59205,M,,,59
201300029833,13,7,20,230,5,2,1,1.0,6,59632,M,,,59
201300029834,13,7,22,1205,1,2,2,1.0,3,59172,M,,,59
201300029835,13,7,19,1930,1,2,1,1.0,6,59002,M,,,59
201300029836,13,7,22,910,1,2,1,1.0,2,59361,M,,,59
201300029837,13,8,2,1941,1,2,1,1.0,6,59172,M,,,59
201300029838,13,8,4,1040,1,1,1,1.0,6,59205,M,,,59
201300029839,13,8,29,1830,1,2,1,1.0,6,59172,M,,,59
201300029840,13,9,2,2145,3,2,1,1.0,6,59361,M,,,59
201300029841,13,9,9,45,5,2,1,1.0,6,59651,M,,,59
201300029842,13,9,23,1640,1,1,1,1.0,6,59429,M,,,59
201300029843,13,8,29,1345,1,1,1,1.0,2,59172,M,,,59
201300029844,13,9,6,900,1,2,1,1.0,2,59589,M,,,59
201300029845,13,9,27,1030,1,2,1,1.0,3,59172,M,,,59
201300029846,13,10,7,2155,5,1,1,1.0,6,59172,M,,,59
201300029847,13,10,13,1240,1,1,9,3.0,5,59179,M,,,59
201300029848,13,10,11,700,2,2,1,2.0,6,59002,M,,,59
201300029849,13,10,17,730,3,1,1,1.0,6,59589,M,,,59
201300029850,13,10,19,950,1,1,2,1.0,3,59179,M,,,59
201300029851,13,11,20,1315,1,2,1,1.0,6,59361,M,,,59
201300029852,13,11,30,25,5,2,2,1.0,3,59632,M,,,59
201300029853,13,12,1,1630,1,2,1,1.0,6,59205,M,,,59
201300029854,13,12,7,2205,5,2,1,1.0,6,59297,M,,,59
201300029855,13,12,7,2130,5,2,1,1.0,6,59172,M,,,59
201300029856,13,1,7,1224,1,2,1,1.0,6,59008,M,,,59
201300029857,13,1,5,1820,3,1,1,2.0,3,59375,M,5041849.0,326753.0,59
201300029858,13,1,10,1755,2,2,3,8.0,3,59113,M,,,59
201300029859,13,12,30,1530,1,2,3,2.0,3,59456,M,,,59
201300029860,13,1,29,915,1,2,3,2.0,3,59008,M,,,59
201300029861,13,2,1,225,5,2,1,8.0,6,59390,M,,,59
201300029862,13,2,9,845,1,1,1,5.0,3,59024,M,,,59
201300029863,13,3,2,1720,1,2,1,1.0,1,59345,M,,,59
201300029864,13,3,30,1715,1,2,1,1.0,6,59024,M,,,59
201300029865,13,4,25,2340,5,2,1,1.0,6,59345,M,5032963.0,317211.0,59
201300029866,13,7,17,600,1,2,1,1.0,7,59024,M,,,59
201300029867,13,7,10,1800,1,2,1,1.0,6,59008,M,,,59
201300029868,13,7,27,120,5,2,1,1.0,6,59185,M,,,59
201300029869,13,1,9,1110,1,2,1,2.0,6,59178,M,,,59
201300029870,13,8,14,1820,1,2,1,1.0,6,59008,M,,,59
201300029871,13,8,9,1600,1,2,1,1.0,6,59345,M,,,59
201300029872,13,8,17,1210,1,2,1,1.0,3,59008,M,,,59
201300029873,13,4,27,1340,1,1,1,1.0,6,59375,M,,,59
201300029874,13,11,17,215,5,2,1,5.0,1,59185,M,,,59
201300029875,13,5,16,750,1,2,1,8.0,6,59574,M,,,59
201300029876,13,12,15,245,5,2,1,8.0,6,59008,M,,,59
201300029877,13,12,12,1325,1,2,1,1.0,6,59008,M,,,59
201300029878,13,7,23,845,1,1,4,7.0,1,59637,M,,,59
201300029879,13,8,19,1050,1,1,3,1.0,3,59574,M,5033401.0,328089.0,59
201300029880,13,2,15,715,2,2,3,8.0,6,59509,M,,,59
201300029881,13,9,6,1135,1,2,1,1.0,6,59227,M,,,59
201300029882,13,2,27,755,1,2,6,2.0,3,59178,M,,,59
201300029883,13,11,10,1010,1,2,1,1.0,1,59203,M,,,59
201300029884,13,4,16,1800,1,2,2,1.0,6,59178,M,,,59
201300029885,13,12,18,1425,1,2,1,1.0,6,59227,M,,,59
201300029886,13,4,21,1230,1,2,1,1.0,6,59509,M,5040610.0,310204.0,59
201300029887,13,3,18,800,1,2,1,2.0,1,59654,M,,,59
201300029888,13,5,8,2250,5,2,1,1.0,6,59234,M,,,59
201300029889,13,5,10,1800,1,2,1,1.0,6,59569,M,5036203.0,310769.0,59
201300029890,13,4,8,1505,1,2,1,1.0,3,59489,M,,,59
201300029891,13,4,22,1930,1,2,3,1.0,2,59569,M,,,59
201300029892,13,4,21,1700,1,1,1,7.0,2,59329,M,,,59
201300029893,13,6,1,1530,1,2,1,1.0,2,59170,M,,,59
201300029894,13,5,2,1900,1,2,1,1.0,3,59509,M,,,59
201300029895,13,6,5,1510,1,1,3,7.0,3,59170,M,,,59
201300029896,13,6,19,1350,1,2,1,3.0,2,59028,M,,,59
201300029897,13,5,23,1140,1,2,1,3.0,6,59165,M,,,59
201300029898,13,7,30,955,1,2,8,1.0,6,59028,M,,,59
201300029899,13,6,25,1700,1,2,1,1.0,6,59234,M,,,59
201300029900,13,8,13,1730,1,2,6,1.0,3,59178,M,,,59
201300029901,13,9,9,1905,1,2,1,2.0,1,59170,M,,,59
201300029902,13,9,19,1905,1,2,3,1.0,3,59178,M,,,59
201300029903,13,9,27,1520,1,1,1,1.0,3,59239,M,,,59
201300029904,13,10,17,1700,1,2,1,2.0,6,59178,M,,,59
201300029905,13,10,21,1635,1,1,1,1.0,5,59569,M,,,59
201300029906,13,10,9,1705,1,2,1,1.0,3,59234,M,,,59
201300029907,13,10,6,1920,2,2,1,1.0,6,59486,M,,,59
201300029908,13,11,23,2305,5,2,2,1.0,3,59569,M,,,59
201300029909,13,12,3,1730,3,1,3,1.0,3,59239,M,,,59
201300029910,13,10,29,1930,5,2,3,1.0,3,59569,M,,,59
201300029911,13,11,19,1800,4,2,1,1.0,6,59178,M,,,59
201300029912,13,11,23,2040,5,2,6,1.0,6,59489,M,,,59
201300029913,13,12,2,1630,1,2,1,1.0,6,59239,M,,,59
201300029914,13,12,26,1940,3,1,1,1.0,6,59569,M,,,59
201300029915,13,1,2,1415,1,2,1,1.0,6,59183,M,,,59
201300029916,13,1,10,1700,1,2,1,1.0,6,59155,M,,,59
201300029917,13,1,14,20,4,2,2,1.0,3,59183,M,,,59
201300029918,13,12,28,1005,1,2,1,1.0,6,59155,M,,,59
201300029919,13,1,15,940,1,2,1,1.0,6,59183,M,,,59
201300029920,13,1,23,1930,3,2,1,1.0,6,59271,M,,,59
201300029921,13,1,25,1800,3,1,1,1.0,2,59183,M,,,59
201300029922,13,1,29,1730,2,2,1,8.0,6,59183,M,,,59
201300029923,13,1,30,1550,1,2,1,1.0,6,59183,M,,,59
201300029924,13,1,28,1150,1,2,1,7.0,6,59131,M,,,59
201300029925,13,2,1,753,2,2,1,2.0,6,59588,M,,,59
201300029926,13,2,12,2220,5,2,1,1.0,6,59540,M,,,59
201300029927,13,2,8,855,1,2,1,1.0,6,59183,M,,,59
201300029928,13,2,19,1930,5,2,1,1.0,6,59271,M,,,59
201300029929,13,2,23,1130,1,2,3,1.0,3,59271,M,,,59
201300029930,13,3,11,1755,5,2,1,4.0,6,59183,M,,,59
201300029931,13,3,14,1005,1,2,1,1.0,6,59271,M,,,59
201300029932,13,3,17,1949,3,2,1,3.0,6,59155,M,,,59
201300029933,13,3,16,430,5,2,1,1.0,6,59183,M,,,59
201300029934,13,3,21,1300,1,2,1,1.0,6,59271,M,,,59
201300029935,13,3,22,2320,5,2,1,2.0,6,59131,M,,,59
201300029936,13,3,24,2320,5,2,1,1.0,6,59271,M,,,59
201300029937,13,4,7,330,5,2,1,1.0,2,59183,M,,,59
201300029938,13,4,13,1055,1,2,1,1.0,6,59271,M,,,59
201300029939,13,4,25,2330,5,2,2,1.0,3,59183,M,,,59
201300029940,13,5,5,1425,1,2,1,1.0,6,59271,M,,,59
201300029941,13,5,6,920,1,2,2,1.0,3,59183,M,,,59
201300029942,13,5,19,1945,1,2,1,1.0,1,59155,M,5101694.0,237001.0,59
201300029943,13,5,28,2110,1,2,3,1.0,3,59183,M,,,59
201300029944,13,5,31,1800,1,2,1,1.0,7,59183,M,,,59
201300029945,13,6,4,1755,1,2,3,1.0,3,59183,M,,,59
201300029946,13,6,6,1530,1,2,1,1.0,6,59540,M,,,59
201300029947,13,6,8,2035,1,1,9,1.0,7,59588,M,,,59
201300029948,13,6,13,1430,1,2,3,1.0,6,59540,M,,,59
201300029949,13,6,14,1455,1,2,1,1.0,6,59155,M,,,59
201300029950,13,6,17,1830,1,2,3,1.0,6,59155,M,,,59
201300029951,13,6,28,2040,2,2,3,2.0,6,59155,M,,,59
201300029952,13,7,1,1500,1,2,1,1.0,6,59183,M,5104340.0,238044.0,59
201300029953,13,7,2,1500,1,2,1,1.0,6,59131,M,,,59
201300029954,13,7,5,2140,1,2,1,1.0,6,59271,M,,,59
201300029955,13,7,5,930,1,2,1,1.0,6,59155,M,,,59
201300029956,13,7,9,2155,1,2,9,1.0,6,59271,M,,,59
201300029957,13,7,12,1055,1,2,2,1.0,3,59183,M,,,59
201300029958,13,7,19,500,2,2,1,1.0,6,59183,M,,,59
201300029959,13,7,21,400,3,1,1,1.0,6,59271,M,,,59
201300029960,13,7,23,1320,1,2,1,1.0,6,59183,M,,,59
201300029961,13,7,24,2300,5,2,1,1.0,6,59183,M,,,59
201300029962,13,7,30,1830,1,2,1,1.0,2,59183,M,,,59
201300029963,13,8,1,705,1,2,1,1.0,1,59273,M,5099000.0,215430.0,59
201300029964,13,8,11,1745,1,2,1,1.0,6,59155,M,,,59
201300029965,13,8,28,840,1,2,3,1.0,3,59183,M,,,59
201300029966,13,9,2,1310,1,2,1,1.0,6,59540,M,,,59
201300029967,13,9,8,1715,1,2,1,1.0,6,59183,M,,,59
201300029968,13,9,13,730,2,2,1,3.0,6,59271,M,,,59
201300029969,13,9,14,315,5,2,1,2.0,6,59183,M,,,59
201300029970,13,9,20,2030,2,2,2,1.0,3,59183,M,,,59
201300029971,13,9,16,1730,1,2,1,1.0,1,59183,M,,,59
201300029972,13,9,18,1720,1,2,1,1.0,6,59155,M,,,59
201300029973,13,9,2,1430,1,2,1,1.0,6,59540,M,,,59
201300029974,13,9,26,1645,1,2,1,1.0,6,59155,M,,,59
201300029975,13,10,2,1730,1,1,1,1.0,4,59359,M,,,59
201300029976,13,9,27,1640,1,2,1,1.0,6,59271,M,,,59
201300029977,13,10,15,1210,1,1,1,1.0,6,59273,M,,,59
201300029978,13,10,14,1700,1,2,1,1.0,6,59271,M,,,59
201300029979,13,10,5,1050,1,2,1,1.0,6,59155,M,,,59
201300029980,13,10,30,1850,5,2,1,1.0,2,59183,M,,,59
201300029981,13,11,8,930,1,1,1,1.0,6,59155,M,,,59
201300029982,13,10,25,540,3,2,1,1.0,6,59183,M,,,59
201300029983,13,11,23,1620,1,2,1,1.0,6,59273,M,,,59
201300029984,13,11,29,1131,1,1,1,1.0,5,59359,M,,,59
201300029985,13,12,5,1815,2,2,1,6.0,6,59183,M,,,59
201300029986,13,12,5,1700,2,2,1,1.0,6,59183,M,,,59
201300029987,13,12,16,1625,5,2,9,1.0,6,59155,M,,,59
201300029988,13,12,13,1600,1,1,1,1.0,6,59271,M,,,59
201300029989,13,12,19,745,2,2,1,9.0,6,59248,M,,,59
201300029990,13,12,20,805,2,2,1,1.0,6,59183,M,,,59
201300029991,13,2,17,1030,1,1,1,5.0,2,59273,M,,,59
201300029992,13,4,11,1400,1,2,6,1.0,3,59273,M,,,59
201300029993,13,5,31,2000,1,2,1,1.0,3,59273,M,,,59
201300029994,13,6,2,1730,1,1,1,1.0,3,59359,M,,,59
201300029995,13,6,28,740,1,1,2,8.0,3,59359,M,,,59
201300029996,13,2,26,2250,5,2,2,1.0,6,59272,M,,,59
201300029997,13,9,14,1610,1,2,1,1.0,3,59295,M,,,59
201300029998,13,11,4,1640,1,2,1,9.0,6,59295,M,,,59
201300029999,13,12,10,720,3,2,1,1.0,3,59295,M,,,59
201300030000,13,4,6,10,5,2,1,1.0,6,59385,M,,,59
201300030001,13,7,19,1505,1,2,1,7.0,7,59104,M,,,59
201300030002,13,8,4,735,1,2,3,1.0,6,59324,M,,,59
201300030003,13,10,6,1910,5,2,1,1.0,6,59324,M,,,59
201300030004,13,11,10,2310,5,2,1,1.0,1,59324,M,,,59
201300030005,13,12,14,1920,5,2,1,1.0,6,59324,M,,,59
201300030006,13,1,1,1150,1,2,1,2.0,2,59350,M,,,59
201300030007,13,1,3,800,5,2,3,1.0,6,59350,M,,,59
201300030008,13,1,3,1805,2,2,1,1.0,6,59378,M,,,59
201300030009,13,1,3,2100,5,2,1,1.0,2,59350,M,,,59
201300030010,13,1,4,1800,4,2,1,8.0,6,59350,M,,,59
201300030011,13,1,4,1900,5,2,3,1.0,6,59560,M,,,59
201300030012,13,1,6,1945,5,2,1,1.0,6,59360,M,,,59
201300030013,13,1,6,1815,1,2,3,1.0,6,59328,M,,,59
201300030014,13,1,4,2255,5,2,1,1.0,7,59560,M,,,59
201300030015,13,1,7,755,1,1,2,1.0,3,59368,M,,,59
201300030016,13,1,7,840,1,2,6,1.0,2,59009,M,,,59
201300030017,13,1,8,1215,1,2,3,1.0,3,59378,M,,,59
201300030018,13,1,8,1235,1,1,1,1.0,6,59350,M,,,59
201300030019,13,1,8,1640,1,2,2,1.0,3,59350,M,,,59
201300030020,13,1,9,1445,1,2,1,1.0,6,59350,M,,,59
201300030021,13,1,10,1725,5,2,1,1.0,6,59350,M,,,59
201300030022,13,1,11,1610,1,2,2,2.0,3,59350,M,,,59
201300030023,13,1,20,1800,3,2,1,4.0,1,59437,M,,,59
201300030024,13,1,12,1700,4,2,1,4.0,6,59009,M,,,59
201300030025,13,1,14,800,1,2,1,1.0,6,59360,M,,,59
201300030026,13,1,11,1815,5,2,3,1.0,3,59636,M,,,59
201300030027,13,1,22,1030,1,2,1,7.0,7,59360,M,,,59
201300030028,13,1,18,825,2,2,1,4.0,6,59350,M,,,59
201300030029,13,1,23,1755,5,2,1,1.0,6,59368,M,,,59
201300030030,13,1,23,1950,5,2,1,4.0,7,59378,M,,,59
201300030031,13,1,24,1450,1,2,1,1.0,6,59410,M,,,59
201300030032,13,1,25,1210,1,2,1,4.0,7,59009,M,,,59
201300030033,13,1,28,830,1,2,1,2.0,3,59350,M,,,59
201300030034,13,1,28,2140,5,2,2,2.0,3,59360,M,,,59
201300030035,13,1,29,1845,2,2,2,2.0,6,59360,M,,,59
201300030036,13,1,29,2030,5,2,4,2.0,6,59009,M,,,59
201300030037,13,1,30,1640,1,2,1,1.0,6,59378,M,,,59
201300030038,13,1,30,1720,1,2,1,1.0,6,59350,M,,,59
201300030039,13,1,30,1900,5,2,1,1.0,6,59636,M,,,59
201300030040,13,2,2,930,1,2,1,1.0,1,59386,M,,,59
201300030041,13,2,3,735,5,2,2,1.0,3,59009,M,,,59
201300030042,13,2,3,2030,5,2,2,1.0,1,59350,M,,,59
201300030043,13,2,5,645,2,2,2,2.0,3,59386,M,,,59
201300030044,13,2,6,600,3,2,3,1.0,3,59009,M,,,59
201300030045,13,2,7,820,1,2,1,1.0,6,59350,M,,,59
201300030046,13,2,4,1630,1,2,1,1.0,1,59560,M,,,59
201300030047,13,1,31,2230,5,2,2,1.0,7,59350,M,,,59
201300030048,13,1,28,1700,2,2,1,1.0,6,59378,M,,,59
201300030049,13,2,8,1140,1,2,1,1.0,6,59360,M,,,59
201300030050,13,2,8,1940,2,2,2,1.0,3,59368,M,,,59
201300030051,13,2,11,55,5,2,1,4.0,6,59360,M,,,59
201300030052,13,2,12,1535,1,2,2,1.0,3,59350,M,,,59
201300030053,13,2,12,2100,4,2,1,1.0,6,59368,M,,,59
201300030054,13,2,14,805,1,2,1,9.0,5,59350,M,,,59
201300030055,13,2,14,800,1,2,1,4.0,6,59378,M,,,59
201300030056,13,2,14,1250,1,2,1,2.0,6,59350,M,,,59
201300030057,13,2,15,1100,1,2,2,1.0,3,59009,M,,,59
201300030058,13,2,15,1415,1,2,1,1.0,6,59410,M,,,59
201300030059,13,2,17,1320,1,2,3,1.0,3,59350,M,,,59
201300030060,13,2,16,2040,5,2,1,1.0,6,59350,M,,,59
201300030061,13,2,15,2105,3,2,3,1.0,6,59457,M,,,59
201300030062,13,2,18,1850,5,2,1,1.0,6,59009,M,,,59
201300030063,13,2,22,1830,5,2,3,1.0,3,59009,M,,,59
201300030064,13,2,21,1440,1,2,1,1.0,6,59378,M,,,59
201300030065,13,2,19,1625,1,1,1,1.0,6,59350,M,,,59
201300030066,13,2,23,1645,1,2,1,1.0,6,59350,M,,,59
201300030067,13,2,26,2230,5,2,2,1.0,6,59350,M,,,59
201300030068,13,2,27,1935,5,2,3,1.0,6,59378,M,,,59
201300030069,13,2,27,1530,1,2,1,1.0,2,59368,M,,,59
201300030070,13,2,27,10,5,2,3,1.0,3,59350,M,,,59
201300030071,13,3,1,2310,5,2,1,1.0,7,59356,M,,,59
201300030072,13,3,3,100,5,2,2,1.0,6,59350,M,,,59
201300030073,13,3,4,1530,1,2,1,1.0,3,59360,M,,,59
201300030074,13,3,4,1530,1,2,1,1.0,6,59009,M,,,59
201300030075,13,3,4,805,1,2,1,1.0,6,59648,M,,,59
201300030076,13,3,5,1230,1,2,2,1.0,3,59346,M,,,59
201300030077,13,3,8,1330,1,2,3,2.0,6,59328,M,,,59
201300030078,13,3,8,1950,3,2,1,2.0,7,59009,M,,,59