Num_Acc,an,mois,jour,hrmn,lum,agg,int,atm,col,com,gps,lat,long,dep
201300030079,13,3,12,1030,1,2,3,4.0,6,59368,M,,,59
201300030080,13,3,1,2020,5,2,2,1.0,7,59350,M,,,59
201300030081,13,3,15,1640,1,2,1,1.0,2,59350,M,,,59
201300030082,13,3,15,1700,1,2,3,1.0,3,59350,M,,,59
201300030083,13,3,16,1135,1,2,1,1.0,3,59350,M,,,59
201300030084,13,3,18,1920,5,2,1,8.0,3,59350,M,,,59
201300030085,13,3,19,1335,1,2,1,1.0,3,59350,M,,,59
201300030086,13,3,21,915,1,2,1,1.0,6,59350,M,,,59
201300030087,13,3,22,320,5,2,1,1.0,2,59350,M,,,59
201300030088,13,3,19,2040,3,2,3,1.0,3,59009,M,,,59
201300030089,13,3,23,1020,1,2,1,2.0,6,59009,M,,,59
201300030090,13,3,23,1700,1,2,1,1.0,1,59350,M,,,59
201300030091,13,3,23,930,1,2,2,1.0,6,59350,M,,,59
201300030092,13,3,25,1800,2,2,1,1.0,3,59507,M,,,59
201300030093,13,3,28,1200,1,2,2,1.0,3,59378,M,,,59
201300030094,13,3,28,1350,1,2,1,1.0,6,59350,M,,,59
201300030095,13,3,29,1245,1,2,2,1.0,6,59360,M,,,59
201300030096,13,3,30,440,5,2,1,1.0,6,59350,M,,,59
201300030097,13,3,31,420,5,2,1,1.0,6,59378,M,5067024.0,310213.0,59
201300030098,13,3,31,1830,2,2,3,1.0,3,59378,M,,,59
201300030099,13,4,1,310,5,2,2,1.0,3,59350,M,,,59
201300030100,13,4,2,130,5,2,1,1.0,6,59350,M,,,59
201300030101,13,4,1,2025,2,2,1,1.0,3,59360,M,,,59
201300030102,13,4,5,1200,1,2,2,1.0,3,59350,M,,,59
201300030103,13,4,5,1430,1,2,1,1.0,6,59360,M,,,59
201300030104,13,4,7,900,1,2,2,1.0,3,59350,M,,,59
201300030105,13,4,7,1825,1,2,3,1.0,3,59009,M,,,59
201300030106,13,4,4,2120,5,2,2,1.0,3,59560,M,,,59
201300030107,13,4,8,900,1,2,1,1.0,6,59350,M,,,59
201300030108,13,4,9,845,1,2,2,2.0,7,59350,M,,,59
201300030109,13,4,9,2100,5,2,1,2.0,6,59560,M,,,59
201300030110,13,4,11,1910,1,2,1,1.0,2,59350,M,,,59
201300030111,13,4,5,1345,1,2,2,1.0,3,59609,M,,,59
201300030112,13,4,11,1230,1,2,1,1.0,3,59378,M,,,59
201300030113,13,4,12,1835,1,2,1,1.0,6,59350,M,,,59
201300030114,13,4,12,2125,5,2,1,1.0,3,59220,M,,,59
201300030115,13,4,14,1740,1,2,2,1.0,3,59350,M,,,59
201300030116,13,4,16,1940,1,2,1,2.0,2,59350,M,,,59
201300030117,13,4,16,1635,1,2,6,1.0,1,59316,M,,,59
201300030118,13,4,16,1140,1,2,1,1.0,3,59350,M,,,59
201300030119,13,4,17,1615,1,2,1,1.0,6,59343,M,,,59
201300030120,13,4,17,2000,1,2,1,1.0,1,59350,M,,,59
201300030121,13,4,18,1005,1,2,1,1.0,6,59368,M,,,59
201300030122,13,4,20,600,5,2,1,1.0,6,59378,M,5067588.0,308956.0,59
201300030123,13,4,20,1620,1,2,1,1.0,7,59350,M,,,59
201300030124,13,4,21,1520,1,2,1,1.0,7,59410,M,,,59
201300030125,13,4,22,830,1,2,1,1.0,6,59350,M,,,59
201300030126,13,4,25,1400,1,2,1,1.0,2,59507,M,,,59
201300030127,13,4,25,1600,1,2,1,1.0,3,59560,M,,,59
201300030128,13,4,25,1830,1,2,1,1.0,6,59350,M,,,59
201300030129,13,4,26,1130,1,2,3,1.0,3,59350,M,,,59
201300030130,13,4,26,2325,5,2,2,1.0,3,59368,M,,,59
201300030131,13,4,27,1910,1,2,1,1.0,6,59328,M,,,59
201300030132,13,4,27,2100,5,2,1,1.0,6,59009,M,,,59
201300030133,13,4,28,705,2,2,1,1.0,6,59350,M,,,59
201300030134,13,4,28,1545,1,2,2,1.0,3,59009,M,,,59
201300030135,13,4,28,1900,1,2,1,1.0,1,59009,M,,,59
201300030136,13,4,27,1100,1,2,1,1.0,6,59507,M,,,59
201300030137,13,4,30,1815,1,2,1,1.0,1,59009,M,,,59
201300030138,13,5,1,1200,1,2,1,1.0,2,59350,M,,,59
201300030139,13,5,1,2050,1,2,1,1.0,3,59350,M,,,59
201300030140,13,5,3,1340,1,2,1,1.0,6,59636,M,,,59
201300030141,13,5,3,1550,1,2,3,1.0,6,59350,M,,,59
201300030142,13,5,3,1740,1,2,1,1.0,6,59350,M,,,59
201300030143,13,5,3,2010,1,2,1,1.0,3,59328,M,,,59
201300030144,13,5,4,800,1,1,2,1.0,2,59350,M,,,59
201300030145,13,5,4,1545,1,2,1,1.0,6,59378,M,,,59
201300030146,13,5,5,1900,1,2,3,1.0,6,59350,M,,,59
201300030147,13,4,13,500,5,2,1,1.0,6,59368,M,,,59
201300030148,13,5,5,2035,1,2,1,1.0,2,59328,M,,,59
201300030149,13,5,6,1210,1,2,2,1.0,6,59368,M,,,59
201300030150,13,5,6,1235,1,2,3,1.0,6,59009,M,,,59
201300030151,13,5,6,1810,1,2,2,1.0,3,59350,M,,,59
201300030152,13,5,7,700,2,2,2,1.0,6,59378,M,,,59
201300030153,13,5,7,930,1,2,2,1.0,3,59648,M,,,59
201300030154,13,5,6,1830,1,2,1,1.0,7,59220,M,,,59
201300030155,13,5,8,1610,1,2,1,2.0,6,59350,M,,,59
201300030156,13,4,30,1600,1,1,1,1.0,3,59560,M,,,59
201300030157,13,5,10,2115,2,2,2,1.0,6,59350,M,,,59
201300030158,13,5,12,1820,1,2,1,1.0,3,59350,M,,,59
201300030159,13,5,7,1845,1,2,3,1.0,6,59360,M,,,59
201300030160,13,4,14,1845,2,1,1,1.0,6,59386,M,,,59
201300030161,13,5,16,1140,1,2,2,1.0,6,59009,M,,,59
201300030162,13,5,16,1415,1,2,2,2.0,6,59350,M,,,59
201300030163,13,5,16,1830,1,2,3,1.0,3,59350,M,,,59
201300030164,13,5,17,1245,1,2,2,1.0,6,59328,M,,,59
201300030165,13,5,18,1125,1,2,1,1.0,2,59527,M,,,59
201300030166,13,5,8,1440,1,2,1,7.0,6,59328,M,,,59
201300030167,13,5,19,2030,1,2,2,1.0,3,59368,M,,,59
201300030168,13,5,20,1045,1,2,6,1.0,6,59636,M,,,59
201300030169,13,5,20,2230,5,2,1,1.0,6,59350,M,,,59
201300030170,13,5,22,1440,1,2,2,1.0,7,59378,M,,,59
201300030171,13,5,25,520,2,2,2,1.0,3,59350,M,,,59
201300030172,13,5,27,745,1,2,2,1.0,3,59609,M,,,59
201300030173,13,5,27,1120,1,2,2,1.0,6,59350,M,,,59
201300030174,13,5,27,1235,1,2,1,1.0,6,59350,M,,,59
201300030175,13,5,9,1100,1,2,2,1.0,7,59350,M,,,59
201300030176,13,5,28,2015,1,2,2,2.0,3,59368,M,,,59
201300030177,13,5,29,1200,1,2,1,1.0,3,59350,M,,,59
201300030178,13,5,29,2125,5,2,1,2.0,6,59378,M,,,59
201300030179,13,5,31,2115,1,2,1,1.0,3,59350,M,,,59
201300030180,13,5,31,2300,5,2,3,1.0,3,59636,M,,,59
201300030181,13,6,1,1215,1,2,6,1.0,5,59560,M,,,59
201300030182,13,6,2,1745,1,2,2,1.0,1,59350,M,,,59
201300030183,13,6,2,805,1,2,2,1.0,4,59350,M,,,59
201300030184,13,6,2,1100,1,2,1,1.0,3,59368,M,,,59
201300030185,13,6,2,1630,1,2,1,1.0,6,59350,M,,,59
201300030186,13,5,31,2300,5,2,1,1.0,7,59350,M,,,59
201300030187,13,6,3,1755,1,2,3,1.0,3,59507,M,,,59
201300030188,13,5,29,910,1,2,1,1.0,3,59360,M,,,59
201300030189,13,5,31,850,1,2,1,1.0,6,59350,M,,,59
201300030190,13,6,4,1905,1,2,2,1.0,6,59193,M,,,59
201300030191,13,6,4,845,1,1,1,1.0,6,59356,M,,,59
201300030192,13,6,6,740,1,2,1,1.0,3,59009,M,,,59
201300030193,13,6,6,1820,1,2,1,1.0,3,59350,M,,,59
201300030194,13,6,6,2240,5,2,2,1.0,6,59360,M,,,59
201300030195,13,6,6,2245,2,2,3,2.0,6,59350,M,,,59
201300030196,13,6,7,900,1,2,2,1.0,3,59328,M,,,59
201300030197,13,6,7,1000,1,2,2,1.0,6,59350,M,,,59
201300030198,13,6,7,1415,1,2,1,1.0,4,59350,M,,,59
201300030199,13,6,8,1720,1,2,1,1.0,2,59368,M,,,59
201300030200,13,6,9,950,1,2,1,1.0,3,59368,M,,,59
201300030201,13,6,9,1410,1,2,1,1.0,5,59350,M,,,59
201300030202,13,6,9,2120,1,2,1,1.0,1,59350,M,,,59
201300030203,13,6,10,1825,1,2,1,1.0,7,59350,M,,,59
201300030204,13,6,9,1625,1,2,1,1.0,6,59507,M,,,59
201300030205,13,6,14,45,5,2,2,1.0,6,59350,M,,,59
201300030206,13,6,13,1845,1,2,1,1.0,7,59368,M,,,59
201300030207,13,6,14,1825,1,2,3,1.0,6,59350,M,,,59
201300030208,13,6,14,2300,5,2,1,1.0,6,59350,M,,,59
201300030209,13,6,16,145,5,2,1,1.0,3,59350,M,,,59
201300030210,13,6,18,1700,1,2,2,1.0,6,59350,M,,,59
201300030211,13,6,19,1230,1,2,2,1.0,3,59350,M,,,59
201300030212,13,6,19,1355,1,2,2,1.0,3,59350,M,,,59
201300030213,13,6,20,750,1,2,1,1.0,3,59636,M,,,59
201300030214,13,6,20,2330,5,2,1,1.0,7,59350,M,,,59
201300030215,13,6,21,1815,1,2,1,1.0,6,59220,M,,,59
201300030216,13,6,22,1605,1,2,2,2.0,3,59009,M,,,59
201300030217,13,6,21,1950,1,2,6,1.0,3,59350,M,,,59
201300030218,13,6,25,1215,1,2,6,1.0,7,59566,M,,,59
201300030219,13,6,25,1650,1,2,1,1.0,6,59386,M,,,59
201300030220,13,6,27,1130,1,2,1,1.0,6,59009,M,,,59
201300030221,13,6,28,1530,1,2,6,1.0,6,59350,M,,,59
201300030222,13,6,28,2320,5,2,2,2.0,7,59009,M,,,59
201300030223,13,6,29,230,5,2,1,1.0,6,59286,M,,,59
201300030224,13,7,2,1200,1,2,2,1.0,6,59350,M,,,59
201300030225,13,7,2,1950,1,2,1,8.0,6,59350,M,,,59
201300030226,13,7,5,1645,1,2,2,1.0,3,59360,M,,,59
201300030227,13,7,5,1655,1,2,1,1.0,6,59350,M,,,59
201300030228,13,7,6,200,4,2,1,1.0,2,59009,M,5065280.0,312868.0,59
201300030229,13,7,6,2000,1,2,2,1.0,3,59009,M,,,59
201300030230,13,7,9,1835,1,2,1,1.0,2,59360,M,,,59
201300030231,13,7,9,2250,5,2,3,1.0,3,59343,M,,,59
201300030232,13,7,9,1003,1,2,2,1.0,3,59350,M,,,59
201300030233,13,7,11,1640,1,2,3,1.0,6,59350,M,,,59
201300030234,13,7,10,1400,1,2,1,1.0,3,59507,M,,,59
201300030235,13,7,13,1515,1,2,1,1.0,3,59009,M,,,59
201300030236,13,7,12,1920,1,2,1,1.0,6,59360,M,,,59
201300030237,13,7,14,2320,5,2,1,1.0,6,59009,M,,,59
201300030238,13,7,15,1315,1,2,1,1.0,3,59328,M,,,59
201300030239,13,7,15,1520,1,2,1,1.0,7,59009,M,,,59
201300030240,13,7,14,2300,5,2,1,1.0,6,59350,M,,,59
201300030241,13,7,16,1754,1,2,1,1.0,7,59350,M,,,59
201300030242,13,7,11,720,1,2,1,1.0,6,59378,M,,,59
201300030243,13,7,4,30,5,2,2,1.0,5,59009,M,,,59
201300030244,13,7,15,10,5,2,3,1.0,3,59356,M,,,59
201300030245,13,7,18,845,1,2,2,1.0,3,59378,M,,,59
201300030246,13,7,21,1430,1,2,1,1.0,3,59360,M,,,59
201300030247,13,7,19,2035,2,2,1,1.0,3,59350,M,,,59
201300030248,13,7,19,1500,1,2,1,1.0,3,59009,M,,,59
201300030249,13,7,19,1650,1,2,1,1.0,6,59350,M,,,59
201300030250,13,7,19,1030,1,2,1,1.0,6,59368,M,,,59
201300030251,13,7,23,710,1,2,2,1.0,3,59368,M,,,59
201300030252,13,7,22,1910,1,2,1,1.0,6,59350,M,,,59
201300030253,13,7,23,1700,1,2,1,1.0,1,59378,M,,,59
201300030254,13,7,23,2115,1,2,6,1.0,2,59350,M,,,59
201300030255,13,7,24,1705,1,2,3,1.0,6,59386,M,,,59
201300030256,13,7,24,1850,1,2,2,1.0,7,59410,M,,,59
201300030257,13,7,28,1110,1,2,1,1.0,3,59350,M,,,59
201300030258,13,7,28,445,5,2,1,1.0,6,59328,M,,,59
201300030259,13,7,26,930,1,2,1,1.0,6,59350,M,,,59
201300030260,13,7,6,2030,1,2,1,1.0,6,59378,M,,,59
201300030261,13,7,23,1545,1,2,1,1.0,6,59128,M,,,59
201300030262,13,7,24,2330,5,2,1,1.0,7,59193,M,,,59
201300030263,13,7,12,1830,1,2,1,1.0,7,59410,M,,,59
201300030264,13,7,22,2120,1,2,2,1.0,7,59350,M,,,59
201300030265,13,8,2,1130,1,2,2,1.0,3,59350,M,,,59
201300030266,13,8,2,1310,1,1,1,1.0,6,59195,M,,,59
201300030267,13,8,7,1700,1,2,1,1.0,3,59350,M,,,59
201300030268,13,8,2,1725,1,2,1,1.0,3,59009,M,,,59
201300030269,13,8,2,1945,1,2,6,1.0,6,59350,M,,,59
201300030270,13,8,4,150,5,2,1,1.0,6,59350,M,,,59
201300030271,13,8,4,1545,1,2,1,1.0,3,59378,M,,,59
201300030272,13,6,30,1650,1,2,3,1.0,6,59350,M,,,59
201300030273,13,8,4,2045,1,2,3,1.0,6,59350,M,,,59
201300030274,13,7,12,1950,1,2,1,1.0,6,59360,M,,,59
201300030275,13,8,2,1545,1,2,1,1.0,6,59350,M,,,59
201300030276,13,8,7,1550,1,2,1,1.0,6,59350,M,,,59
201300030277,13,8,9,1730,1,2,1,1.0,2,59560,M,,,59
201300030278,13,8,9,1930,1,2,2,1.0,6,59360,M,,,59
201300030279,13,8,13,920,1,2,1,1.0,6,59350,M,,,59
201300030280,13,7,17,940,1,2,2,1.0,6,59328,M,,,59
201300030281,13,8,14,1635,1,2,2,1.0,2,59350,M,,,59
201300030282,13,8,18,1715,1,2,1,1.0,7,59350,M,,,59
201300030283,13,8,20,1655,1,2,1,1.0,5,59648,M,,,59
201300030284,13,8,23,1630,1,2,1,1.0,6,59378,M,,,59
201300030285,13,8,23,1700,1,2,2,1.0,7,59350,M,,,59
201300030286,13,8,27,1925,1,2,1,1.0,5,59350,M,,,59
201300030287,13,5,19,2230,5,2,1,1.0,6,59350,M,,,59
201300030288,13,8,30,700,1,2,2,1.0,6,59350,M,,,59
201300030289,13,8,30,1710,1,2,1,1.0,6,59328,M,,,59
201300030290,13,8,31,1720,1,2,1,1.0,6,59350,M,,,59
201300030291,13,8,30,2300,5,2,1,1.0,3,59009,M,,,59
201300030292,13,8,31,200,5,2,1,1.0,6,59350,M,,,59
201300030293,13,9,3,830,1,2,2,1.0,6,59386,M,,,59
201300030294,13,9,4,745,1,2,1,1.0,3,59378,M,,,59
201300030295,13,9,4,1140,1,2,3,1.0,3,59410,M,,,59
201300030296,13,9,4,1420,1,2,1,1.0,7,59009,M,,,59
201300030297,13,9,5,840,1,2,1,1.0,6,59350,M,,,59
201300030298,13,9,5,850,1,2,2,1.0,3,59009,M,,,59
201300030299,13,9,6,1315,1,2,1,1.0,3,59378,M,,,59
201300030300,13,9,7,1500,1,2,2,1.0,7,59350,M,,,59
201300030301,13,9,7,1940,1,2,3,1.0,6,59350,M,,,59
201300030302,13,9,9,200,5,2,1,1.0,7,59350,M,,,59
201300030303,13,9,10,730,1,2,2,3.0,3,59350,M,,,59
201300030304,13,9,10,1020,1,2,2,1.0,3,59378,M,,,59
201300030305,13,9,10,1300,1,2,1,1.0,6,59350,M,,,59
201300030306,13,9,10,1830,1,2,1,2.0,3,59009,M,,,59
201300030307,13,9,10,800,1,2,2,2.0,7,59350,M,,,59
201300030308,13,9,13,100,5,2,2,1.0,3,59350,M,,,59
201300030309,13,9,4,845,1,2,1,1.0,2,59470,M,,,59
201300030310,13,9,12,955,1,2,2,1.0,6,59648,M,,,59
201300030311,13,9,13,2220,5,2,2,8.0,3,59350,M,,,59
201300030312,13,9,16,1500,1,2,2,1.0,2,59368,M,,,59
201300030313,13,9,17,1015,1,2,1,1.0,2,59527,M,,,59
201300030314,13,9,17,1725,1,2,2,2.0,7,59350,M,,,59
201300030315,13,9,17,1900,1,2,1,1.0,5,59378,M,,,59
201300030316,13,9,15,1020,1,2,1,1.0,6,59350,M,,,59
201300030317,13,9,18,1030,1,2,1,1.0,1,59560,M,,,59
201300030318,13,9,19,1325,1,2,1,1.0,3,59350,M,,,59
201300030319,13,9,20,1315,1,2,1,1.0,6,59350,M,,,59
201300030320,13,9,20,1840,1,2,1,1.0,5,59368,M,,,59
201300030321,13,9,21,2230,1,2,1,9.0,7,59350,M,,,59
201300030322,13,9,23,800,1,2,2,1.0,3,59350,M,,,59
201300030323,13,9,23,1700,1,2,2,1.0,3,59386,M,,,59
201300030324,13,9,25,930,1,2,1,1.0,7,59350,M,,,59
201300030325,13,9,25,1800,1,2,1,1.0,1,59009,M,,,59
201300030326,13,9,26,900,1,2,1,1.0,1,59350,M,,,59
201300030327,13,9,26,834,1,2,3,1.0,6,59585,M,,,59
201300030328,13,9,26,1340,1,2,2,1.0,3,59368,M,,,59
201300030329,13,9,26,1820,1,2,6,1.0,3,59286,M,,,59
201300030330,13,9,27,810,1,2,1,1.0,6,59350,M,,,59
201300030331,13,9,27,1850,1,2,2,1.0,6,59328,M,,,59
201300030332,13,9,30,425,5,2,1,1.0,3,59350,M,,,59
201300030333,13,9,30,1030,1,2,1,1.0,6,59350,M,,,59
201300030334,13,10,1,2200,5,2,1,1.0,3,59350,M,,,59
201300030335,13,10,3,640,2,2,1,1.0,2,59350,M,,,59
201300030336,13,10,2,1810,1,2,1,1.0,1,59350,M,,,59
201300030337,13,10,4,1954,5,2,2,8.0,7,59350,M,,,59
201300030338,13,10,4,1540,1,2,1,1.0,6,59286,M,,,59
201300030339,13,10,4,2000,2,2,1,2.0,3,59128,M,,,59
201300030340,13,10,6,510,5,2,2,1.0,3,59350,M,,,59
201300030341,13,10,7,1100,1,2,1,1.0,3,59350,M,,,59
201300030342,13,10,7,1830,1,2,3,1.0,3,59368,M,,,59
201300030343,13,10,9,1600,1,2,2,1.0,3,59350,M,,,59
201300030344,13,10,9,1820,1,2,1,1.0,3,59350,M,,,59
201300030345,13,10,9,2340,5,2,1,2.0,6,59386,M,,,59
201300030346,13,10,10,145,5,2,2,1.0,3,59350,M,,,59
201300030347,13,10,10,1520,1,2,1,2.0,3,59009,M,,,59
201300030348,13,10,10,2115,3,2,1,3.0,7,59350,M,,,59
201300030349,13,10,11,1735,1,2,1,8.0,3,59527,M,,,59
201300030350,13,10,12,1350,1,2,1,1.0,2,59378,M,,,59
201300030351,13,10,12,2315,5,2,2,1.0,3,59350,M,,,59
201300030352,13,10,13,1630,1,2,2,2.0,3,59009,M,,,59
201300030353,13,10,14,1330,1,2,1,3.0,3,59328,M,,,59
201300030354,13,10,14,1850,5,1,1,8.0,6,59350,M,,,59
201300030355,13,10,14,1600,1,2,3,1.0,7,59350,M,,,59
201300030356,13,10,16,800,1,2,1,2.0,2,59527,M,,,59
201300030357,13,10,16,1615,1,2,3,2.0,2,59350,M,,,59
201300030358,13,10,16,1845,5,2,2,3.0,6,59350,M,,,59
201300030359,13,10,8,845,1,2,2,1.0,3,59378,M,,,59
201300030360,13,10,20,2209,5,2,1,1.0,1,59527,M,,,59
201300030361,13,10,19,1600,1,2,9,2.0,1,59350,M,,,59
201300030362,13,10,22,745,2,2,9,2.0,1,59566,M,,,59
201300030363,13,10,22,1110,1,2,2,1.0,7,59350,M,,,59
201300030364,13,10,22,1610,1,2,6,1.0,7,59566,M,,,59
201300030365,13,10,22,1850,2,2,1,9.0,6,59527,M,,,59
201300030366,13,10,23,1745,1,1,1,1.0,6,59560,M,,,59
201300030367,13,10,23,2025,5,2,2,1.0,1,59009,M,,,59
201300030368,13,10,23,1845,4,2,1,1.0,3,59378,M,,,59
201300030369,13,10,24,2210,5,2,1,8.0,7,59009,M,,,59
201300030370,13,10,25,1800,1,2,9,1.0,2,59009,M,,,59
201300030371,13,10,28,1250,1,2,1,2.0,3,59378,M,,,59
201300030372,13,10,29,1430,1,2,2,2.0,3,59360,M,,,59
201300030373,13,10,29,2035,5,2,2,1.0,3,59350,M,,,59
201300030374,13,10,30,920,1,2,1,1.0,6,59648,M,,,59
201300030375,13,10,30,1040,1,2,9,1.0,3,59009,M,,,59
201300030376,13,10,31,925,1,2,2,1.0,3,59328,M,,,59
201300030377,13,10,31,2050,5,2,2,2.0,3,59328,M,,,59
201300030378,13,11,1,45,5,2,1,1.0,3,59350,M,,,59
201300030379,13,11,1,545,3,2,1,1.0,2,59350,M,,,59
201300030380,13,11,1,2220,5,2,1,3.0,2,59350,M,,,59
201300030381,13,11,4,1750,5,2,1,1.0,6,59350,M,,,59
201300030382,13,11,4,1815,3,2,9,1.0,6,59350,M,,,59
201300030383,13,11,5,1030,1,2,1,9.0,6,59648,M,,,59
201300030384,13,11,6,2340,5,2,1,2.0,6,59350,M,,,59
201300030385,13,11,7,1730,3,2,2,3.0,3,59009,M,,,59
201300030386,13,11,7,1650,3,2,1,2.0,6,59350,M,,,59
201300030387,13,11,7,1830,1,2,1,2.0,5,59368,M,,,59
201300030388,13,11,8,1745,5,2,1,2.0,6,59378,M,,,59
201300030389,13,11,9,1015,1,2,9,2.0,1,59360,M,,,59
201300030390,13,11,9,1300,1,2,1,1.0,6,59350,M,,,59
201300030391,13,11,10,1440,1,2,1,1.0,3,59648,M,,,59
201300030392,13,11,11,1635,1,2,3,1.0,3,59350,M,,,59
201300030393,13,11,8,57,5,2,1,1.0,6,59350,M,,,59
201300030394,13,11,7,2155,3,2,1,2.0,2,59009,M,,,59
201300030395,13,11,13,1915,2,2,1,1.0,6,59328,M,,,59
201300030396,13,11,14,1315,1,2,1,2.0,7,59350,M,,,59
201300030397,13,11,14,2230,5,2,1,1.0,3,59410,M,,,59
201300030398,13,11,15,840,1,2,9,1.0,6,59350,M,,,59
201300030399,13,11,16,2015,5,2,1,1.0,6,59378,M,,,59
201300030400,13,11,18,735,2,1,1,1.0,1,59328,M,,,59
201300030401,13,11,19,15,5,2,2,8.0,3,59350,M,,,59
201300030402,13,11,21,1500,5,2,1,9.0,1,59350,M,,,59
201300030403,13,11,21,1830,5,2,1,9.0,3,59527,M,,,59
201300030404,13,11,13,1610,1,2,1,1.0,6,59286,M,,,59
201300030405,13,11,26,1710,2,2,1,1.0,6,59350,M,,,59
201300030406,13,11,27,1315,1,2,9,1.0,5,59350,M,,,59
201300030407,13,11,27,1955,5,2,1,1.0,6,59009,M,,,59
201300030408,13,11,28,1810,3,2,1,2.0,7,59350,M,,,59
201300030409,13,11,28,800,2,2,9,2.0,3,59328,M,,,59
201300030410,13,10,23,915,1,2,1,7.0,3,59636,M,,,59
201300030411,13,11,29,1610,1,2,1,1.0,6,59378,M,,,59
201300030412,13,11,29,1715,2,2,1,1.0,3,59350,M,,,59
201300030413,13,11,30,1130,1,2,1,1.0,7,59350,M,,,59
201300030414,13,12,1,1110,1,2,1,1.0,6,59350,M,,,59
201300030415,13,12,2,1050,1,2,6,1.0,6,59009,M,,,59
201300030416,13,12,3,2135,5,2,9,1.0,3,59507,M,,,59
201300030417,13,12,2,1830,1,2,1,2.0,5,59350,M,,,59
201300030418,13,11,7,1830,1,2,1,2.0,5,59350,M,,,59
201300030419,13,12,3,745,1,2,1,1.0,6,59527,M,,,59
201300030420,13,12,5,1610,1,2,1,1.0,6,59378,M,,,59
201300030421,13,12,5,755,1,1,1,1.0,6,59350,M,,,59
201300030422,13,12,7,1745,1,1,1,2.0,1,59560,M,,,59
201300030423,13,12,7,1945,5,2,1,1.0,7,59636,M,,,59
201300030424,13,12,9,1330,1,2,1,7.0,7,59328,M,,,59
201300030425,13,12,6,1245,1,2,1,1.0,6,59009,M,,,59
201300030426,13,12,11,1215,1,2,1,1.0,6,59350,M,,,59
201300030427,13,11,30,1835,5,2,1,1.0,2,59286,M,,,59
201300030428,13,12,13,710,2,2,1,1.0,2,59350,M,,,59
201300030429,13,11,25,1740,3,2,1,2.0,6,59350,M,,,59
201300030430,13,12,16,740,2,2,1,1.0,7,59350,M,,,59
201300030431,13,12,18,1450,1,2,1,1.0,6,59350,M,,,59
201300030432,13,12,18,1650,2,2,1,1.0,3,59350,M,,,59
201300030433,13,12,20,1505,1,2,1,1.0,6,59350,M,,,59
201300030434,13,12,20,2100,5,2,1,1.0,2,59350,M,,,59
201300030435,13,12,11,1005,1,2,1,7.0,2,59457,M,,,59
201300030436,13,12,13,1830,5,2,1,1.0,2,59009,M,,,59
201300030437,13,12,18,1350,1,2,1,1.0,6,59566,M,,,59
201300030438,13,12,24,350,5,2,2,2.0,1,59009,M,,,59
201300030439,13,12,18,1155,1,2,1,1.0,3,59560,M,,,59
201300030440,13,12,11,1400,1,2,9,1.0,3,59009,M,,,59
201300030441,13,12,29,1900,5,2,1,1.0,2,59350,M,,,59
201300030442,13,12,10,1315,1,2,9,1.0,6,59368,M,,,59
201300030443,13,12,19,1730,5,2,9,1.0,6,59527,M,,,59
201300030444,13,3,25,1745,1,2,3,1.0,6,59225,M,,,59
201300030445,13,5,20,1715,1,2,1,1.0,7,59392,M,,,59
201300030446,13,7,27,2340,5,1,1,3.0,7,59225,M,5028170.0,390919.0,59
201300030447,13,8,7,1710,1,2,1,2.0,7,59392,M,,,59
201300030448,13,11,19,2130,5,2,3,1.0,3,59365,M,,,59
201300030449,13,12,4,1100,1,2,1,1.0,7,59365,M,,,59
201300030450,13,1,5,1230,1,2,3,1.0,3,59367,M,,,59
201300030451,13,1,5,1530,1,2,1,2.0,2,59512,M,,,59
201300030452,13,1,9,1455,1,1,1,2.0,2,59367,M,,,59
201300030453,13,1,9,1800,5,2,2,1.0,6,59163,M,,,59
201300030454,13,1,9,1820,2,2,2,2.0,2,59512,M,,,59
201300030455,13,1,10,1320,1,2,1,1.0,6,59512,M,,,59
201300030456,13,1,10,1415,1,2,2,1.0,3,59512,M,,,59
201300030457,13,1,12,1600,1,2,1,4.0,6,59512,M,,,59
201300030458,13,1,12,2225,5,2,1,4.0,7,59367,M,,,59
201300030459,13,1,24,1320,1,2,1,8.0,6,59646,M,,,59
201300030460,13,1,26,1100,1,2,1,4.0,6,59512,M,,,59
201300030461,13,1,27,1110,1,2,1,1.0,7,59512,M,,,59
201300030462,13,1,28,1745,5,2,1,1.0,3,59512,M,,,59
201300030463,13,1,30,800,5,2,1,2.0,6,59512,M,,,59
201300030464,13,2,4,1520,1,2,1,1.0,2,59163,M,,,59
201300030465,13,2,7,640,5,1,6,2.0,3,59650,M,,,59
201300030466,13,2,8,800,1,2,1,4.0,6,59512,M,,,59
201300030467,13,2,8,1250,1,2,3,1.0,3,59512,M,,,59
201300030468,13,2,12,1822,1,2,2,1.0,3,59163,M,,,59
201300030469,13,2,13,1545,1,2,1,1.0,3,59512,M,,,59
201300030470,13,2,16,1900,5,2,1,1.0,7,59163,M,,,59
201300030471,13,2,18,1605,1,2,1,1.0,6,59163,M,,,59
201300030472,13,2,24,1315,1,2,1,1.0,2,59650,M,,,59
201300030473,13,2,25,1515,1,2,1,1.0,3,59512,M,,,59
201300030474,13,3,5,1350,1,2,3,1.0,3,59646,M,,,59
201300030475,13,3,5,1800,2,2,1,1.0,6,59512,M,,,59
201300030476,13,3,5,1840,5,2,1,1.0,3,59163,M,,,59
201300030477,13,3,7,840,1,2,1,1.0,6,59339,M,,,59
201300030478,13,3,7,1610,1,2,3,2.0,3,59646,M,,,59
201300030479,13,3,8,115,5,2,1,1.0,6,59646,M,,,59
201300030480,13,3,8,1100,1,2,1,1.0,6,59163,M,,,59
201300030481,13,3,9,525,5,2,3,2.0,3,59650,M,,,59
201300030482,13,3,9,1905,5,2,2,2.0,1,59512,M,,,59