Num_Acc,an,mois,jour,hrmn,lum,agg,int,atm,col,com,gps,lat,long,dep
201300030483,13,3,11,1320,1,2,1,4.0,6,59512,M,,,59
201300030484,13,3,14,1355,1,2,2,1.0,6,59650,M,,,59
201300030485,13,3,14,855,1,2,1,4.0,6,59646,M,,,59
201300030486,13,3,23,5,5,2,2,8.0,6,59512,M,5068529.0,318473.0,59
201300030487,13,3,26,1330,1,2,1,1.0,6,59512,M,,,59
201300030488,13,3,29,1715,1,2,2,1.0,3,59512,M,,,59
201300030489,13,4,2,1530,1,2,2,1.0,3,59512,M,,,59
201300030490,13,4,3,115,5,2,6,1.0,6,59512,M,,,59
201300030491,13,4,3,15,5,2,1,1.0,6,59646,M,,,59
201300030492,13,4,4,1720,1,2,1,1.0,3,59163,M,,,59
201300030493,13,4,5,2240,5,2,2,1.0,3,59512,M,,,59
201300030494,13,4,6,1850,1,2,1,1.0,3,59367,M,,,59
201300030495,13,4,12,2100,2,2,1,8.0,6,59512,M,,,59
201300030496,13,4,13,735,1,1,1,1.0,6,59299,M,,,59
201300030497,13,4,16,1700,1,2,1,2.0,4,59512,M,,,59
201300030498,13,4,17,745,1,2,2,2.0,3,59650,M,,,59
201300030499,13,4,17,1700,1,2,1,1.0,6,59512,M,,,59
201300030500,13,4,18,1910,1,2,1,1.0,6,59512,M,,,59
201300030501,13,4,19,950,1,2,1,1.0,3,59512,M,,,59
201300030502,13,4,19,1550,1,2,6,1.0,6,59367,M,,,59
201300030503,13,4,21,1640,1,2,1,1.0,6,59512,M,,,59
201300030504,13,4,21,1635,1,2,1,1.0,1,59512,M,,,59
201300030505,13,4,22,1725,1,2,1,1.0,6,59512,M,,,59
201300030506,13,4,22,1820,1,2,1,1.0,6,59512,M,,,59
201300030507,13,4,24,1800,1,2,1,1.0,3,59512,M,,,59
201300030508,13,4,24,1900,1,2,2,1.0,3,59512,M,,,59
201300030509,13,4,27,1330,1,2,2,2.0,6,59512,M,,,59
201300030510,13,4,27,1830,1,2,3,1.0,3,59646,M,,,59
201300030511,13,4,29,1840,1,2,2,1.0,6,59512,M,,,59
201300030512,13,4,30,755,1,2,1,1.0,3,59598,M,,,59
201300030513,13,5,1,2000,1,2,1,1.0,6,59512,M,,,59
201300030514,13,5,1,2330,5,2,1,1.0,6,59646,M,,,59
201300030515,13,4,26,1055,1,2,1,1.0,3,59512,M,,,59
201300030516,13,5,2,1730,1,2,1,1.0,6,59512,M,,,59
201300030517,13,5,4,1410,1,2,1,1.0,6,59512,M,,,59
201300030518,13,5,5,1155,1,2,1,1.0,6,59512,M,,,59
201300030519,13,5,6,1610,1,1,1,1.0,7,59339,M,,,59
201300030520,13,5,7,1745,1,2,1,1.0,3,59650,M,,,59
201300030521,13,5,11,1910,1,2,1,1.0,6,59512,M,,,59
201300030522,13,5,12,1845,1,2,2,1.0,3,59512,M,,,59
201300030523,13,5,12,1900,1,2,2,1.0,3,59650,M,,,59
201300030524,13,5,15,730,1,2,2,1.0,3,59512,M,,,59
201300030525,13,5,14,1740,1,2,1,1.0,1,59299,M,,,59
201300030526,13,5,14,1420,1,2,2,2.0,6,59512,M,,,59
201300030527,13,5,13,1245,1,2,3,1.0,3,59512,M,,,59
201300030528,13,6,1,1640,1,2,2,1.0,3,59512,M,,,59
201300030529,13,6,7,755,1,2,3,1.0,3,59650,M,,,59
201300030530,13,6,8,55,5,2,1,1.0,3,59650,M,,,59
201300030531,13,6,9,1900,1,2,1,1.0,6,59512,M,,,59
201300030532,13,6,13,1105,1,2,1,1.0,3,59512,M,,,59
201300030533,13,6,16,1840,1,2,1,1.0,6,59163,M,,,59
201300030534,13,6,17,1400,1,1,1,1.0,2,59299,M,,,59
201300030535,13,6,21,1805,1,2,1,1.0,3,59646,M,,,59
201300030536,13,6,21,1900,1,2,1,1.0,6,59512,M,,,59
201300030537,13,6,21,2050,1,2,1,1.0,1,59512,M,,,59
201300030538,13,6,27,2020,1,1,1,1.0,3,59650,M,,,59
201300030539,13,6,30,930,1,2,1,1.0,6,59512,M,,,59
201300030540,13,7,1,900,1,2,1,1.0,3,59299,M,,,59
201300030541,13,7,2,1740,1,2,1,1.0,6,59339,M,,,59
201300030542,13,7,4,410,5,2,1,1.0,6,59646,M,,,59
201300030543,13,7,4,900,1,2,3,1.0,3,59512,M,,,59
201300030544,13,7,4,1520,1,2,1,1.0,6,59512,M,,,59
201300030545,13,7,4,1730,1,2,1,1.0,3,59646,M,,,59
201300030546,13,7,7,1,5,2,1,1.0,3,59512,M,,,59
201300030547,13,7,9,745,1,2,1,1.0,5,59512,M,,,59
201300030548,13,7,11,1740,1,2,1,1.0,2,59512,M,,,59
201300030549,13,7,12,1408,1,2,1,1.0,6,59512,M,,,59
201300030550,13,7,15,1350,1,2,1,1.0,6,59650,M,,,59
201300030551,13,7,15,1630,1,2,2,1.0,1,59512,M,,,59
201300030552,13,7,18,1955,1,2,1,1.0,7,59650,M,,,59
201300030553,13,7,19,855,1,2,1,1.0,3,59650,M,,,59
201300030554,13,7,20,25,5,2,1,1.0,3,59512,M,,,59
201300030555,13,7,20,1750,1,1,1,1.0,2,59299,M,,,59
201300030556,13,7,20,2030,1,2,1,1.0,6,59512,M,,,59
201300030557,13,7,23,1830,1,1,1,2.0,6,59646,M,,,59
201300030558,13,7,24,1910,1,2,2,1.0,6,59650,M,,,59
201300030559,13,7,25,750,1,2,1,1.0,6,59512,M,,,59
201300030560,13,7,27,1215,1,2,1,1.0,6,59646,M,,,59
201300030561,13,7,30,2300,5,2,3,1.0,3,59598,M,,,59
201300030562,13,8,3,2045,1,2,1,1.0,3,59512,M,,,59
201300030563,13,8,3,2040,1,2,1,1.0,6,59646,M,,,59
201300030564,13,8,5,1545,1,2,3,1.0,3,59512,M,,,59
201300030565,13,8,8,845,1,2,1,1.0,6,59367,M,,,59
201300030566,13,8,9,1100,1,2,2,1.0,3,59512,M,,,59
201300030567,13,8,12,1110,1,2,1,1.0,3,59512,M,,,59
201300030568,13,8,13,1030,1,2,2,1.0,1,59512,M,,,59
201300030569,13,8,14,1650,1,2,2,1.0,3,59512,M,,,59
201300030570,13,8,17,2300,5,2,1,1.0,1,59512,M,,,59
201300030571,13,8,18,415,5,2,1,1.0,7,59512,M,,,59
201300030572,13,8,18,1600,1,2,1,1.0,6,59512,M,,,59
201300030573,13,8,19,1200,1,2,3,1.0,1,59512,M,,,59
201300030574,13,8,22,2115,2,2,1,1.0,6,59512,M,,,59
201300030575,13,8,23,1700,1,2,2,1.0,2,59646,M,,,59
201300030576,13,8,24,1105,1,2,2,2.0,3,59163,M,,,59
201300030577,13,8,24,1750,1,2,3,2.0,3,59512,M,,,59
201300030578,13,8,26,5,5,2,9,1.0,3,59512,M,,,59
201300030579,13,8,31,2250,5,2,1,1.0,6,59163,M,,,59
201300030580,13,9,1,1205,1,2,3,1.0,3,59163,M,,,59
201300030581,13,9,2,2015,1,2,1,1.0,6,59512,M,,,59
201300030582,13,9,6,1440,1,2,1,1.0,3,59650,M,,,59
201300030583,13,9,7,1355,1,2,2,1.0,3,59163,M,,,59
201300030584,13,9,8,1945,1,2,3,1.0,3,59163,M,,,59
201300030585,13,9,9,1300,1,2,1,2.0,1,59512,M,,,59
201300030586,13,9,10,850,1,2,1,2.0,6,59650,M,,,59
201300030587,13,9,10,1552,1,2,9,1.0,6,59512,M,,,59
201300030588,13,9,11,1035,1,2,2,2.0,3,59512,M,,,59
201300030589,13,9,16,830,1,2,1,1.0,3,59299,M,,,59
201300030590,13,9,20,950,1,2,2,1.0,3,59512,M,,,59
201300030591,13,9,21,620,2,2,1,1.0,2,59512,M,,,59
201300030592,13,9,16,2000,1,2,1,1.0,7,59512,M,,,59
201300030593,13,9,23,2345,5,2,1,1.0,1,59512,M,,,59
201300030594,13,9,23,1635,1,2,1,1.0,6,59512,M,,,59
201300030595,13,9,25,1730,1,2,3,1.0,3,59339,M,,,59
201300030596,13,9,26,1635,1,2,1,1.0,4,59512,M,,,59
201300030597,13,9,26,1755,1,2,1,1.0,6,59650,M,,,59
201300030598,13,9,29,1840,1,2,2,1.0,5,59512,M,,,59
201300030599,13,10,1,2020,5,2,2,1.0,3,59646,M,,,59
201300030600,13,9,29,1110,1,2,1,1.0,3,59512,M,,,59
201300030601,13,10,3,1050,1,1,1,1.0,2,59299,M,,,59
201300030602,13,10,3,1610,1,2,2,1.0,3,59512,M,,,59
201300030603,13,10,3,2106,5,2,1,1.0,6,59512,M,,,59
201300030604,13,10,7,1735,1,2,1,1.0,3,59512,M,,,59
201300030605,13,10,10,1040,1,2,3,3.0,6,59512,M,,,59
201300030606,13,10,11,1245,1,1,1,2.0,7,59299,M,,,59
201300030607,13,10,15,20,5,2,3,3.0,6,59512,M,,,59
201300030608,13,10,16,1345,1,2,2,1.0,3,59512,M,,,59
201300030609,13,10,16,1430,1,2,1,1.0,6,59512,M,,,59
201300030610,13,10,18,840,1,2,9,8.0,2,59512,M,,,59
201300030611,13,10,18,1400,1,2,2,1.0,3,59512,M,,,59
201300030612,13,10,19,5,5,2,2,1.0,1,59650,M,,,59
201300030613,13,10,19,2135,5,2,1,1.0,6,59163,M,,,59
201300030614,13,10,21,2210,5,2,1,1.0,6,59512,M,,,59
201300030615,13,10,23,1250,1,1,1,1.0,4,59299,M,,,59
201300030616,13,10,23,1500,1,2,2,1.0,3,59512,M,,,59
201300030617,13,10,27,900,1,2,1,2.0,3,59299,M,,,59
201300030618,13,10,28,1345,1,2,1,1.0,3,59299,M,,,59
201300030619,13,10,31,1840,5,2,1,1.0,6,59512,M,,,59
201300030620,13,11,1,1645,4,2,2,1.0,3,59512,M,,,59
201300030621,13,11,2,150,5,2,1,3.0,6,59512,M,,,59
201300030622,13,11,3,730,1,1,1,2.0,6,59299,M,,,59
201300030623,13,10,27,1305,1,2,2,1.0,3,59512,M,,,59
201300030624,13,11,4,900,1,2,6,2.0,2,59512,M,,,59
201300030625,13,11,6,1410,1,2,3,2.0,3,59512,M,,,59
201300030626,13,11,6,1720,2,2,2,2.0,6,59512,M,,,59
201300030627,13,11,7,1645,5,2,1,2.0,3,59367,M,,,59
201300030628,13,11,8,1330,1,2,1,1.0,3,59367,M,,,59
201300030629,13,11,9,2205,3,2,1,1.0,6,59512,M,,,59
201300030630,13,11,13,930,1,2,2,7.0,6,59646,M,,,59
201300030631,13,11,13,903,1,2,1,7.0,6,59646,M,,,59
201300030632,13,11,8,1605,4,2,1,3.0,6,59163,M,,,59
201300030633,13,11,16,2155,5,2,1,1.0,6,59512,M,,,59
201300030634,13,11,18,1630,1,2,2,1.0,6,59299,M,,,59
201300030635,13,11,19,1740,3,2,1,1.0,6,59650,M,,,59
201300030636,13,11,19,1730,5,2,1,1.0,6,59163,M,,,59
201300030637,13,11,20,1630,5,2,2,3.0,3,59650,M,,,59
201300030638,13,11,20,1805,1,2,1,4.0,6,59163,M,,,59
201300030639,13,11,20,1830,5,2,1,4.0,6,59163,M,,,59
201300030640,13,11,23,1045,1,2,1,1.0,3,59512,M,,,59
201300030641,13,11,23,1515,1,2,1,1.0,6,59512,M,,,59
201300030642,13,11,23,1915,5,2,1,1.0,1,59650,M,,,59
201300030643,13,11,27,300,5,2,1,1.0,6,59646,M,,,59
201300030644,13,11,29,1015,1,2,1,1.0,3,59512,M,,,59
201300030645,13,12,2,1140,1,2,3,1.0,6,59512,M,,,59
201300030646,13,12,2,1555,1,2,2,1.0,3,59512,M,,,59
201300030647,13,12,4,810,1,2,1,1.0,3,59512,M,,,59
201300030648,13,12,4,1850,5,2,3,2.0,7,59512,M,,,59
201300030649,13,12,7,1730,5,2,1,1.0,1,59650,M,,,59
201300030650,13,12,9,1840,5,2,1,1.0,3,59299,M,,,59
201300030651,13,12,10,815,1,2,1,1.0,3,59512,M,,,59
201300030652,13,12,10,2000,5,2,1,1.0,6,59512,M,,,59
201300030653,13,12,11,1750,5,2,1,1.0,6,59646,M,,,59
201300030654,13,12,11,1945,5,2,2,1.0,3,59512,M,,,59
201300030655,13,12,15,1415,1,2,2,1.0,3,59512,M,,,59
201300030656,13,12,11,1150,1,2,1,1.0,6,59512,M,,,59
201300030657,13,12,16,1715,5,2,4,1.0,6,59650,M,,,59
201300030658,13,12,17,1730,5,2,1,1.0,6,59512,M,,,59
201300030659,13,1,1,2045,5,2,1,1.0,6,59650,M,5071097.0,323435.0,59
201300030660,13,12,20,1425,1,2,1,1.0,6,59512,M,,,59
201300030661,13,12,20,1620,3,2,1,1.0,2,59512,M,,,59
201300030662,13,12,22,1320,1,2,2,2.0,3,59512,M,,,59
201300030663,13,12,23,130,5,2,1,2.0,1,59512,M,,,59
201300030664,13,12,23,755,1,2,1,1.0,6,59367,M,,,59
201300030665,13,12,26,820,1,2,1,1.0,3,59163,M,,,59
201300030666,13,12,26,2335,5,2,1,1.0,6,59646,M,,,59
201300030667,13,12,27,1410,1,2,1,2.0,2,59512,M,,,59
201300030668,13,12,2,1535,1,2,3,1.0,2,59512,M,,,59
201300030669,13,12,27,1155,1,2,1,2.0,3,59512,M,,,59
201300030670,13,12,29,1600,1,2,1,1.0,6,59512,M,,,59
201300030671,13,12,31,1915,5,2,1,2.0,6,59512,M,,,59
201300030672,13,1,11,1745,5,2,9,8.0,6,59526,M,,,59
201300030673,13,1,26,1655,1,2,2,4.0,3,59284,M,,,59
201300030674,13,2,2,150,5,2,1,1.0,6,59526,M,,,59
201300030675,13,2,13,950,1,2,2,1.0,3,59284,M,,,59
201300030676,13,7,4,1545,1,2,1,1.0,1,59526,M,5044289.0,341240.0,59
201300030677,13,12,2,1755,3,2,1,1.0,1,59526,M,,,59
201300030678,13,1,6,2005,5,2,1,1.0,6,59599,M,,,59
201300030679,13,1,10,1045,1,2,6,1.0,6,59421,M,,,59
201300030680,13,1,9,1800,5,2,1,8.0,2,59599,M,,,59
201300030681,13,1,12,2140,5,2,5,4.0,3,59599,M,,,59
201300030682,13,1,22,1330,1,2,1,4.0,6,59599,M,,,59
201300030683,13,1,22,1500,1,2,1,4.0,3,59599,M,,,59
201300030684,13,1,22,1715,3,1,1,8.0,3,59152,M,,,59
201300030685,13,1,23,1530,1,2,1,1.0,6,59599,M,,,59
201300030686,13,1,25,1345,1,2,1,4.0,2,59352,M,,,59
201300030687,13,1,25,1635,1,2,3,1.0,6,59599,M,,,59
201300030688,13,1,26,820,1,2,1,9.0,6,59279,M,,,59
201300030689,13,1,28,815,1,2,2,1.0,3,59599,M,,,59
201300030690,13,1,29,1800,5,2,1,2.0,6,59599,M,,,59
201300030691,13,1,30,1820,5,2,3,1.0,6,59599,M,,,59
201300030692,13,2,5,900,1,2,3,1.0,3,59421,M,,,59
201300030693,13,2,9,600,5,2,1,5.0,6,59599,M,,,59
201300030694,13,2,14,835,1,1,1,2.0,7,59352,M,,,59
201300030695,13,2,16,515,5,2,3,1.0,3,59152,M,,,59
201300030696,13,2,19,1035,1,2,1,1.0,2,59508,M,,,59
201300030697,13,2,19,1020,1,2,2,1.0,3,59599,M,,,59
201300030698,13,2,20,2115,5,2,2,1.0,3,59599,M,,,59
201300030699,13,2,22,1910,5,2,1,1.0,7,59090,M,,,59
201300030700,13,2,25,1910,3,2,1,2.0,6,59599,M,,,59
201300030701,13,3,1,1830,1,2,3,1.0,7,59426,M,,,59
201300030702,13,3,3,150,5,2,1,1.0,6,59421,M,,,59
201300030703,13,3,5,1300,1,2,1,1.0,3,59152,M,,,59
201300030704,13,3,6,2015,2,2,1,1.0,6,59599,M,,,59
201300030705,13,3,11,1330,1,2,1,4.0,2,59599,M,,,59
201300030706,13,3,11,1820,2,2,1,4.0,6,59599,M,,,59
201300030707,13,3,14,1610,1,2,1,1.0,1,59599,M,,,59
201300030708,13,3,16,745,1,2,1,8.0,1,59599,M,,,59
201300030709,13,4,1,615,5,2,1,1.0,6,59599,M,,,59
201300030710,13,4,3,1424,1,2,2,1.0,3,59599,M,,,59
201300030711,13,4,5,1555,1,2,1,1.0,6,59279,M,,,59
201300030712,13,4,10,140,5,2,6,8.0,6,59599,M,,,59
201300030713,13,4,10,350,5,2,1,2.0,6,59426,M,5074564.0,314776.0,59
201300030714,13,4,7,1200,1,2,1,1.0,6,59599,M,,,59
201300030715,13,4,10,1630,1,2,3,1.0,3,59599,M,,,59
201300030716,13,4,10,1730,1,2,1,1.0,6,59421,M,,,59
201300030717,13,4,11,740,1,2,2,2.0,6,59508,M,,,59
201300030718,13,4,13,1140,1,1,1,1.0,1,59279,M,,,59
201300030719,13,4,26,1345,1,2,1,1.0,3,59426,M,,,59
201300030720,13,4,28,1200,1,2,2,1.0,3,59599,M,,,59
201300030721,13,4,26,1250,1,2,1,1.0,6,59090,M,,,59
201300030722,13,5,3,920,1,2,1,1.0,6,59421,M,,,59
201300030723,13,5,3,1445,1,2,1,1.0,2,59656,M,,,59
201300030724,13,5,4,1900,1,2,2,1.0,3,59421,M,,,59
201300030725,13,5,7,900,1,2,2,1.0,3,59599,M,,,59
201300030726,13,5,8,110,5,2,3,1.0,6,59656,M,,,59
201300030727,13,5,9,1910,1,2,2,1.0,3,59599,M,,,59
201300030728,13,5,10,1000,1,2,3,1.0,6,59152,M,,,59
201300030729,13,5,13,1810,1,2,3,1.0,3,59421,M,,,59
201300030730,13,5,15,1810,1,2,2,1.0,4,59599,M,,,59
201300030731,13,5,15,2010,1,1,6,7.0,5,59508,M,,,59
201300030732,13,5,18,100,5,2,2,2.0,2,59599,M,,,59
201300030733,13,5,22,1310,1,2,1,8.0,7,59508,M,5072368.0,311190.0,59
201300030734,13,5,11,1915,2,2,2,1.0,1,59599,M,,,59
201300030735,13,5,26,1150,1,2,2,1.0,6,59352,M,,,59
201300030736,13,6,1,1900,1,2,1,1.0,3,59279,M,,,59
201300030737,13,6,3,1650,1,2,1,1.0,6,59599,M,,,59
201300030738,13,6,4,1250,1,2,3,1.0,3,59599,M,,,59
201300030739,13,6,4,1156,1,2,1,1.0,6,59279,M,,,59
201300030740,13,6,7,1300,1,2,1,7.0,2,59599,M,,,59
201300030741,13,6,9,1740,1,2,1,1.0,6,59599,M,,,59
201300030742,13,6,15,1245,1,2,1,1.0,3,59426,M,,,59
201300030743,13,6,15,1400,1,1,1,1.0,3,59426,M,,,59
201300030744,13,6,15,2155,2,2,1,1.0,2,59599,M,,,59
201300030745,13,6,13,1400,1,2,3,2.0,6,59599,M,,,59
201300030746,13,6,21,1,5,2,1,1.0,6,59508,M,,,59
201300030747,13,6,28,1545,1,2,1,1.0,6,59599,M,,,59
201300030748,13,6,30,1820,1,2,1,1.0,6,59152,M,,,59
201300030749,13,6,30,2120,2,2,1,1.0,2,59508,M,,,59
201300030750,13,7,2,1415,1,1,1,1.0,2,59090,M,,,59
201300030751,13,7,2,1555,1,2,1,1.0,6,59599,M,,,59
201300030752,13,7,8,1810,1,1,2,1.0,3,59352,M,,,59
201300030753,13,7,9,1345,1,2,4,1.0,3,59508,M,,,59
201300030754,13,7,15,1500,1,2,1,1.0,2,59352,M,,,59
201300030755,13,7,15,2000,1,2,2,1.0,3,59599,M,,,59
201300030756,13,7,19,1700,1,2,1,1.0,6,59599,M,,,59
201300030757,13,7,19,1745,1,2,2,7.0,1,59599,M,,,59
201300030758,13,7,23,900,1,2,1,1.0,2,59599,M,,,59
201300030759,13,7,23,2130,5,2,1,1.0,1,59599,M,,,59
201300030760,13,7,24,1900,1,2,1,1.0,3,59421,M,,,59
201300030761,13,7,25,1620,1,2,1,7.0,1,59656,M,,,59
201300030762,13,7,27,1720,1,2,1,1.0,3,59599,M,,,59
201300030763,13,7,26,1240,1,2,2,1.0,6,59599,M,,,59
201300030764,13,8,1,1700,1,2,1,1.0,2,59426,M,,,59
201300030765,13,8,1,2020,1,2,1,1.0,6,59599,M,,,59
201300030766,13,8,2,1850,1,2,1,1.0,6,59152,M,,,59
201300030767,13,8,6,1400,1,2,3,1.0,3,59599,M,,,59
201300030768,13,8,6,2000,1,2,1,1.0,3,59098,M,,,59
201300030769,13,8,7,1610,1,2,1,2.0,6,59599,M,,,59
201300030770,13,8,8,2105,1,2,1,1.0,6,59352,M,,,59
201300030771,13,8,9,1430,1,2,3,1.0,3,59426,M,,,59
201300030772,13,8,12,1750,1,2,2,1.0,3,59599,M,,,59
201300030773,13,8,14,2200,5,2,2,1.0,3,59599,M,,,59
201300030774,13,8,20,1825,1,2,1,1.0,6,59599,M,,,59
201300030775,13,8,20,1850,1,2,1,1.0,6,59599,M,,,59
201300030776,13,8,20,1940,1,2,1,1.0,6,59599,M,,,59
201300030777,13,8,26,1100,1,2,2,1.0,3,59599,M,,,59
201300030778,13,8,26,1930,1,2,1,1.0,6,59599,M,,,59
201300030779,13,8,30,1720,1,2,3,1.0,3,59599,M,,,59
201300030780,13,9,1,1045,1,2,9,1.0,3,59152,M,,,59
201300030781,13,9,6,1330,1,2,1,2.0,6,59599,M,,,59
201300030782,13,9,5,1835,1,2,1,7.0,2,59599,M,,,59
201300030783,13,9,6,1320,1,2,3,2.0,3,59599,M,,,59
201300030784,13,9,6,1350,1,2,6,2.0,7,59656,M,,,59
201300030785,13,9,7,500,3,2,1,1.0,6,59352,M,,,59
201300030786,13,9,7,1240,1,2,1,1.0,6,59508,M,,,59
201300030787,13,9,14,1915,1,2,1,2.0,6,59656,M,,,59
201300030788,13,9,16,1450,1,2,2,1.0,3,59599,M,,,59
201300030789,13,9,21,1235,1,2,1,1.0,3,59599,M,,,59
201300030790,13,9,22,1715,1,2,1,1.0,6,59599,M,,,59
201300030791,13,9,23,1645,1,2,1,1.0,6,59152,M,,,59
201300030792,13,9,24,1400,1,2,1,1.0,6,59279,M,,,59
201300030793,13,9,26,730,1,2,1,5.0,2,59279,M,,,59
201300030794,13,9,26,1335,1,2,1,1.0,4,59599,M,,,59
201300030795,13,9,26,1650,1,2,1,1.0,2,59656,M,,,59
201300030796,13,9,28,1140,1,2,1,1.0,6,59599,M,,,59
201300030797,13,9,30,650,5,2,3,1.0,2,59599,M,,,59
201300030798,13,10,1,1115,1,2,2,1.0,3,59152,M,,,59
201300030799,13,10,2,1040,1,2,3,1.0,3,59599,M,,,59
201300030800,13,10,3,1545,1,2,1,1.0,6,59599,M,,,59
201300030801,13,10,5,1545,1,2,2,1.0,3,59599,M,,,59
201300030802,13,10,10,1510,1,2,4,3.0,3,59426,M,,,59
201300030803,13,10,15,930,1,2,1,1.0,7,59508,M,,,59
201300030804,13,10,16,815,1,2,1,1.0,3,59599,M,,,59
201300030805,13,10,17,930,1,2,3,2.0,3,59421,M,,,59
201300030806,13,10,17,1325,1,2,3,1.0,3,59599,M,,,59
201300030807,13,10,17,1715,1,2,1,1.0,6,59599,M,,,59
201300030808,13,10,18,940,1,2,1,1.0,6,59599,M,,,59
201300030809,13,10,20,1940,5,2,2,2.0,3,59599,M,,,59
201300030810,13,10,24,1735,1,2,1,1.0,6,59599,M,,,59
201300030811,13,10,26,1550,1,2,1,1.0,6,59599,M,,,59
201300030812,13,10,29,1425,1,2,2,2.0,2,59599,M,,,59
201300030813,13,10,31,1030,1,2,1,1.0,6,59599,M,,,59
201300030814,13,10,31,1625,1,2,2,1.0,3,59599,M,,,59
201300030815,13,11,3,100,5,2,2,2.0,3,59599,M,,,59
201300030816,13,11,4,1810,2,2,1,1.0,3,59599,M,,,59
201300030817,13,11,7,1345,1,1,1,2.0,6,59599,M,,,59
201300030818,13,11,7,1825,5,2,1,2.0,6,59090,M,,,59
201300030819,13,11,8,930,1,2,2,8.0,3,59599,M,,,59
201300030820,13,11,8,1930,5,2,1,8.0,6,59599,M,,,59
201300030821,13,11,11,1400,1,1,2,1.0,3,59426,M,,,59
201300030822,13,11,13,815,1,2,6,1.0,6,59599,M,,,59
201300030823,13,11,15,1515,1,2,3,1.0,6,59599,M,,,59
201300030824,13,11,17,1955,5,2,3,1.0,3,59152,M,,,59
201300030825,13,11,18,1430,1,2,1,1.0,2,59426,M,,,59
201300030826,13,11,19,1200,1,2,3,1.0,6,59599,M,,,59
201300030827,13,11,20,945,1,2,1,1.0,6,59090,M,,,59
201300030828,13,11,25,1645,2,2,1,2.0,6,59599,M,,,59
201300030829,13,11,28,1320,1,2,3,8.0,6,59599,M,,,59
201300030830,13,12,2,830,1,1,1,1.0,6,59599,M,,,59
201300030831,13,12,4,1930,5,2,1,9.0,6,59599,M,,,59
201300030832,13,12,5,1300,1,2,1,1.0,6,59599,M,,,59
201300030833,13,12,9,1300,1,2,1,1.0,6,59508,M,,,59
201300030834,13,12,10,1420,1,2,1,1.0,6,59599,M,,,59
201300030835,13,12,11,1800,5,1,1,1.0,5,59426,M,,,59
201300030836,13,12,13,2000,3,1,1,2.0,2,59152,M,,,59
201300030837,13,12,14,1745,5,2,1,8.0,6,59599,M,,,59
201300030838,13,12,15,1905,5,2,3,1.0,6,59599,M,,,59
201300030839,13,12,19,900,1,2,2,2.0,3,59599,M,,,59
201300030840,13,12,19,1215,1,1,1,1.0,2,59426,M,,,59
201300030841,13,12,19,1730,5,2,1,1.0,6,59152,M,,,59
201300030842,13,12,21,1030,1,2,1,1.0,6,59599,M,,,59
201300030843,13,12,22,2110,5,2,3,2.0,3,59152,M,,,59
201300030844,13,12,23,1630,2,2,2,6.0,3,59599,M,,,59
201300030845,13,12,28,1500,1,2,1,1.0,2,59599,M,,,59
201300030846,13,12,28,1930,5,2,2,2.0,3,59279,M,,,59
201300030847,13,12,31,815,2,2,1,1.0,6,59508,M,,,59
201300030848,13,12,24,800,3,1,1,6.0,6,59544,M,,,59
201300030849,13,12,15,1505,1,2,2,1.0,3,59014,M,,,59
201300030850,13,12,21,935,1,2,1,1.0,6,59606,M,,,59
201300030851,13,12,27,2155,5,2,1,1.0,6,59603,M,,,59
201300030852,13,12,29,1855,5,1,6,1.0,6,59447,M,,,59
201300030853,13,1,11,1720,3,1,1,2.0,6,59491,M,5041106.0,344284.0,59
201300030854,13,1,26,1105,1,2,1,1.0,6,59491,M,,,59
201300030855,13,1,31,1740,1,2,2,1.0,3,59606,M,,,59
201300030856,13,1,31,1940,5,2,2,1.0,6,59014,M,,,59
201300030857,13,2,6,1330,1,2,3,1.0,3,59014,M,,,59
201300030858,13,2,9,600,5,2,1,1.0,6,59383,M,,,59
201300030859,13,3,11,1600,1,2,1,1.0,1,59544,M,,,59
201300030860,13,3,8,2110,5,2,1,1.0,6,59479,M,5039376.0,362964.0,59
201300030861,13,3,21,1720,1,2,1,1.0,6,59606,M,,,59
201300030862,13,3,25,830,1,2,1,1.0,6,59606,M,,,59
201300030863,13,3,25,1500,1,1,1,1.0,6,59606,M,,,59
201300030864,13,3,15,1020,1,2,1,1.0,6,59606,M,,,59
201300030865,13,3,30,1730,1,2,1,1.0,3,59484,M,,,59
201300030866,13,3,5,1715,1,2,2,1.0,3,59606,M,,,59
201300030867,13,3,27,1805,1,2,1,1.0,3,59459,M,,,59
201300030868,13,4,4,750,1,2,2,1.0,6,59606,M,,,59
201300030869,13,4,8,1300,1,2,1,1.0,4,59606,M,,,59
201300030870,13,4,18,1815,1,2,1,1.0,6,59459,M,,,59
201300030871,13,4,23,1745,1,2,3,1.0,6,59491,M,,,59
201300030872,13,4,23,1950,1,2,3,1.0,6,59014,M,,,59
201300030873,13,4,27,930,1,2,3,1.0,6,59447,M,,,59
201300030874,13,4,15,1200,1,2,3,1.0,3,59112,M,,,59
201300030875,13,4,10,1130,1,1,3,1.0,3,59459,M,,,59
201300030876,13,5,23,1915,1,2,8,1.0,6,59606,M,,,59
201300030877,13,5,28,1620,1,2,1,1.0,6,59491,M,,,59
201300030878,13,5,22,525,1,2,1,1.0,6,59032,M,,,59
201300030879,13,6,7,1740,1,2,1,1.0,6,59383,M,,,59
201300030880,13,6,7,1045,1,2,1,1.0,6,59606,M,,,59
201300030881,13,5,27,1010,1,2,3,1.0,2,59606,M,,,59
201300030882,13,6,7,1055,1,2,1,1.0,6,59447,M,,,59
201300030883,13,6,12,1125,1,2,1,1.0,6,59606,M,,,59
201300030884,13,6,21,905,1,2,1,2.0,2,59606,M,,,59
201300030885,13,6,25,1025,1,2,1,1.0,6,59606,M,,,59