Num_Acc,an,mois,jour,hrmn,lum,agg,int,atm,col,com,gps,lat,long,dep
201300030886,13,6,25,1415,1,2,1,1.0,6,59606,M,,,59
201300030887,13,7,3,1740,1,2,1,1.0,6,59603,M,,,59
201300030888,13,7,3,1620,1,1,1,1.0,6,59160,M,,,59
201300030889,13,7,13,1550,1,2,1,1.0,6,59491,M,,,59
201300030890,13,7,10,810,1,2,4,1.0,3,59459,M,,,59
201300030891,13,7,20,1950,1,2,3,1.0,6,59544,M,,,59
201300030892,13,7,24,1830,1,1,1,1.0,6,59479,M,,,59
201300030893,13,7,26,710,1,2,3,1.0,3,59032,M,,,59
201300030894,13,7,2,750,1,1,6,1.0,6,59447,M,,,59
201300030895,13,7,26,1855,1,2,2,1.0,3,59606,M,,,59
201300030896,13,8,1,2005,1,2,1,1.0,6,59014,M,,,59
201300030897,13,8,6,1215,1,2,3,1.0,6,59491,M,,,59
201300030898,13,8,6,2035,1,2,1,1.0,6,59491,M,,,59
201300030899,13,7,20,845,1,2,6,1.0,3,59606,M,,,59
201300030900,13,8,14,200,5,2,2,1.0,3,59606,M,,,59
201300030901,13,7,19,1415,1,2,3,1.0,3,59014,M,,,59
201300030902,13,7,27,1545,1,1,1,1.0,6,59613,M,,,59
201300030903,13,8,9,1340,1,2,1,1.0,6,59491,M,,,59
201300030904,13,8,12,825,1,2,3,1.0,6,59606,M,,,59
201300030905,13,7,16,1445,1,2,1,1.0,6,59606,M,,,59
201300030906,13,7,23,1530,1,2,1,1.0,6,59606,M,,,59
201300030907,13,8,5,1410,1,2,1,1.0,6,59606,M,,,59
201300030908,13,9,14,1720,1,2,2,1.0,3,59014,M,,,59
201300030909,13,9,11,1710,1,1,3,1.0,3,59613,M,,,59
201300030910,13,8,21,1710,1,1,1,1.0,6,59369,M,,,59
201300030911,13,7,28,855,1,1,2,1.0,3,59613,M,,,59
201300030912,13,10,8,2130,5,2,1,1.0,6,59459,M,,,59
201300030913,13,10,4,2030,5,2,1,1.0,6,59606,M,,,59
201300030914,13,10,14,1820,1,2,1,1.0,6,59491,M,,,59
201300030915,13,10,10,810,2,2,1,8.0,6,59606,M,,,59
201300030916,13,11,1,615,3,2,1,1.0,6,59479,M,,,59
201300030917,13,10,31,2200,5,2,1,1.0,6,59112,M,,,59
201300030918,13,10,17,900,1,2,1,1.0,6,59544,M,,,59
201300030919,13,10,23,1515,1,2,1,1.0,6,59606,M,,,59
201300030920,13,10,9,720,3,2,1,1.0,6,59014,M,,,59
201300030921,13,10,29,1010,1,2,1,1.0,6,59383,M,,,59
201300030922,13,10,28,1515,1,1,2,1.0,3,59544,M,,,59
201300030923,13,11,16,1900,5,2,2,5.0,3,59112,M,,,59
201300030924,13,10,28,1725,5,2,3,1.0,3,59383,M,,,59
201300030925,13,10,14,1210,1,2,1,1.0,6,59606,M,,,59
201300030926,13,11,24,200,5,2,1,1.0,6,59459,M,,,59
201300030927,13,11,27,1030,1,2,2,1.0,6,59207,M,,,59
201300030928,13,9,26,1640,1,2,1,1.0,4,59207,M,,,59
201300030929,13,10,28,855,1,2,3,2.0,6,59112,M,,,59
201300030930,13,10,30,1355,1,2,1,1.0,6,59606,M,,,59
201300030931,13,11,4,2035,5,2,1,1.0,6,59606,M,,,59
201300030932,13,11,7,705,2,2,1,1.0,6,59606,M,,,59
201300030933,13,12,6,1740,2,2,1,1.0,6,59491,M,,,59
201300030934,13,12,14,1500,1,2,2,1.0,6,59014,M,,,59
201300030935,13,12,14,2350,5,2,1,1.0,6,59207,M,,,59
201300030936,13,12,29,1925,5,2,1,1.0,6,59479,M,,,59
201300030937,13,9,21,1500,1,2,1,1.0,3,68112,M,4791000.0,721800.0,68
201300030938,13,10,2,1845,1,2,1,1.0,6,68112,M,0.0,0.0,68
201300030939,13,10,26,1800,1,1,1,1.0,5,68058,M,4794100.0,717400.0,68
201300030940,13,9,22,1300,1,1,1,7.0,5,68334,M,4788952.0,712033.0,68
201300030941,13,12,14,1715,5,2,1,1.0,6,68315,M,0.0,0.0,68
201300030942,13,12,18,1915,5,2,2,1.0,1,41194,M,,,41
201300030943,13,11,25,1615,1,2,2,1.0,1,41194,M,,,41
201300030944,13,11,24,200,3,1,1,1.0,6,41034,M,4762250.0,150869.0,41
201300030945,13,11,29,1845,3,1,1,1.0,3,41204,M,4760700.0,142177.0,41
201300030946,13,12,8,730,1,2,1,1.0,1,41067,M,4751800.0,144800.0,41
201300030947,13,12,7,2045,3,1,1,1.0,7,41032,M,4754350.0,129116.0,41
201300030948,13,3,16,2110,5,2,2,2.0,3,60057,M,,,60
201300030949,13,6,20,2020,1,2,2,1.0,3,60057,M,,,60
201300030950,13,9,19,1630,1,2,1,1.0,6,60057,M,,,60
201300030951,13,9,28,1255,1,2,1,1.0,6,60057,M,,,60
201300030952,13,10,17,1635,1,2,1,1.0,5,60057,M,,,60
201300030953,13,11,30,2000,5,1,1,1.0,4,60057,M,,,60
201300030954,13,12,21,510,2,2,1,1.0,3,60057,M,,,60
201300030955,13,1,15,850,1,2,3,4.0,6,60159,M,,,60
201300030956,13,1,31,810,1,2,3,1.0,3,60159,M,,,60
201300030957,13,2,6,1200,1,2,1,1.0,6,60159,M,,,60
201300030958,13,2,9,2025,3,1,1,1.0,6,60159,M,,,60
201300030959,13,2,18,1845,2,2,3,1.0,3,60382,M,,,60
201300030960,13,3,6,15,5,1,6,1.0,6,60665,M,,,60
201300030961,13,3,9,1715,1,1,1,1.0,2,60159,M,,,60
201300030962,13,3,9,1815,1,2,3,1.0,3,60382,M,,,60
201300030963,13,3,21,1300,1,1,1,1.0,7,60159,M,,,60
201300030964,13,4,4,1325,1,2,2,1.0,4,60159,M,,,60
201300030965,13,5,4,405,5,1,6,1.0,7,60665,M,,,60
201300030966,13,5,19,510,3,1,1,3.0,1,60159,M,,,60
201300030967,13,5,28,1755,1,2,1,3.0,6,60159,M,,,60
201300030968,13,5,31,805,1,2,6,1.0,6,60159,M,,,60
201300030969,13,6,7,2025,2,2,3,1.0,3,60159,M,,,60
201300030970,13,6,17,1055,1,2,1,3.0,6,60159,M,,,60
201300030971,13,6,24,1740,1,2,1,1.0,1,60665,M,,,60
201300030972,13,6,27,705,1,2,3,1.0,3,60159,M,,,60
201300030973,13,9,1,1745,1,1,1,1.0,3,60382,M,,,60
201300030974,13,9,18,1245,1,1,1,3.0,3,60159,M,,,60
201300030975,13,10,2,1745,1,2,3,1.0,3,60159,M,,,60
201300030976,13,10,6,305,5,1,6,1.0,6,60159,M,,,60
201300030977,13,10,8,815,1,2,3,1.0,3,60159,M,,,60
201300030978,13,10,14,2010,2,2,1,2.0,6,60159,M,,,60
201300030979,13,10,19,1945,5,2,1,1.0,6,60159,M,,,60
201300030980,13,10,31,1950,5,2,1,1.0,7,60159,M,,,60
201300030981,13,11,25,1950,5,2,1,1.0,7,60159,M,,,60
201300030982,13,12,9,720,5,2,3,1.0,6,60382,M,,,60
201300030983,13,12,9,740,5,2,6,1.0,3,60159,M,,,60
201300030984,13,12,9,750,5,2,3,1.0,3,60159,M,,,60
201300030985,13,12,24,1800,3,2,1,1.0,6,60159,M,,,60
201300030986,13,12,26,1605,1,2,1,1.0,7,60665,M,,,60
201300030987,13,1,3,1745,5,2,1,2.0,6,60175,M,,,60
201300030988,13,1,29,1800,5,2,1,1.0,6,60463,M,,,60
201300030989,13,3,7,845,1,2,3,8.0,6,60175,M,,,60
201300030990,13,3,19,1445,1,2,1,1.0,6,60175,M,,,60
201300030991,13,4,3,1010,1,1,1,1.0,6,60463,M,,,60
201300030992,13,4,13,2030,5,2,2,2.0,3,60463,M,,,60
201300030993,13,4,18,1000,1,1,1,1.0,5,60463,M,,,60
201300030994,13,4,18,1040,1,2,1,1.0,3,60175,M,,,60
201300030995,13,5,9,1225,1,2,1,1.0,6,60175,M,,,60
201300030996,13,5,20,100,3,1,1,2.0,5,60175,M,,,60
201300030997,13,6,25,2050,1,2,1,1.0,3,60414,M,,,60
201300030998,13,6,30,250,5,2,1,1.0,6,60463,M,,,60
201300030999,13,7,7,740,1,2,1,1.0,6,60175,M,,,60
201300031000,13,7,28,1950,1,2,2,1.0,3,60175,M,,,60
201300031001,13,8,8,1500,1,2,1,1.0,6,60175,M,,,60
201300031002,13,8,19,2305,3,1,1,1.0,5,60463,M,,,60
201300031003,13,8,23,1240,1,2,1,1.0,3,60684,M,,,60
201300031004,13,8,24,1130,1,1,4,2.0,6,60175,M,,,60
201300031005,13,9,14,1230,1,1,1,2.0,1,60175,M,,,60
201300031006,13,10,4,955,1,1,1,1.0,4,60463,M,,,60
201300031007,13,10,14,900,1,2,1,3.0,3,60463,M,,,60
201300031008,13,11,4,1700,1,2,3,2.0,3,60463,M,,,60
201300031009,13,11,16,1730,5,2,1,1.0,6,60601,M,,,60
201300031010,13,11,16,2050,5,2,1,9.0,6,60601,M,,,60
201300031011,13,11,22,1900,5,2,2,1.0,1,60175,M,,,60
201300031012,13,11,30,1645,3,2,1,1.0,7,60414,M,,,60
201300031013,13,9,11,1815,1,2,1,1.0,1,84088,M,0.0,0.0,84
201300031014,13,11,13,1645,3,1,1,1.0,7,84108,M,0.0,0.0,84
201300031015,13,12,27,1740,1,1,3,2.0,3,61143,M,4844622.0,7290.0,61
201300031016,13,2,9,300,5,2,1,1.0,3,61001,M,4842233.0,8684.0,61
201300031017,13,2,21,1840,2,2,3,1.0,3,61143,M,4844447.0,7219.0,61
201300031018,13,2,22,1910,5,2,2,1.0,3,61001,M,4842714.0,8436.0,61
201300031019,13,3,23,1745,1,2,2,1.0,4,61397,M,4842302.0,8081.0,61
201300031020,13,4,25,1645,1,2,1,1.0,6,61001,M,4842852.0,6338.0,61
201300031021,13,5,26,1855,1,2,3,1.0,7,61001,M,4844367.0,11094.0,61
201300031022,13,7,15,1615,1,2,1,1.0,6,61397,M,4842112.0,7243.0,61
201300031023,13,7,21,2030,1,2,3,1.0,7,61001,M,4844033.0,8735.0,61
201300031024,13,8,8,915,1,2,2,1.0,6,61001,M,4843615.0,10513.0,61
201300031025,13,8,13,1315,1,1,1,1.0,1,61117,M,4843531.0,2754.0,61
201300031026,13,8,16,1955,1,2,6,1.0,6,61001,M,4843283.0,6593.0,61
201300031027,13,9,10,740,2,2,6,1.0,3,61001,M,4842734.0,9061.0,61
201300031028,13,10,9,1725,1,2,2,1.0,3,61001,M,4842992.0,9339.0,61
201300031029,13,10,21,1055,1,1,1,1.0,1,61497,M,4845599.0,10480.0,61
201300031030,13,10,21,1830,1,2,1,1.0,3,61001,M,4842153.0,8949.0,61
201300031031,13,11,6,1518,1,2,1,1.0,6,61001,M,4841525.0,9652.0,61
201300031032,13,11,13,1715,1,2,1,1.0,6,61001,M,4841501.0,9403.0,61
201300031033,13,11,19,1910,5,2,1,1.0,6,61001,M,4841577.0,8937.0,61
201300031034,13,11,23,1500,1,2,6,1.0,2,61001,M,4842840.0,6441.0,61
201300031035,13,11,30,645,5,2,1,1.0,5,61001,M,4843152.0,9028.0,61
201300031036,13,12,5,1415,1,2,1,1.0,3,61397,M,4841674.0,7550.0,61
201300031037,13,1,31,720,2,2,6,2.0,3,61006,M,4874129.0,-2138.0,61
201300031038,13,11,21,1745,5,2,1,2.0,2,61006,M,4874879.0,-2803.0,61
201300031039,13,5,30,1350,1,1,1,2.0,2,61006,M,4870813.0,-371.0,61
201300031040,13,6,25,743,1,2,7,1.0,6,61006,M,4874421.0,-1765.0,61
201300031041,13,9,9,1628,1,2,1,1.0,6,61006,M,4874907.0,-1766.0,61
201300031042,13,11,8,1555,1,2,1,1.0,6,61006,M,4874494.0,-1532.0,61
201300031043,13,12,11,1150,1,2,3,1.0,6,61006,M,4874928.0,-1412.0,61
201300031044,13,12,27,1710,2,2,2,1.0,2,61169,M,4874396.0,-56017.0,61
201300031045,13,1,30,1705,1,2,3,1.0,3,61169,M,4874384.0,-56549.0,61
201300031046,13,3,22,1825,1,2,1,1.0,3,61169,M,4874251.0,-55606.0,61
201300031047,13,5,25,2305,5,2,2,1.0,3,61169,M,4874797.0,-57131.0,61
201300031048,13,6,26,1345,1,1,2,1.0,3,61391,M,4876167.0,-54391.0,61
201300031049,13,7,12,1900,1,2,3,1.0,3,61391,M,4876999.0,-57299.0,61
201300031050,13,7,24,1743,1,2,3,1.0,3,61391,M,4875383.0,-56652.0,61
201300031051,13,11,20,2310,5,2,3,2.0,3,61169,M,4874832.0,-56784.0,61
201300031052,13,12,9,1755,3,2,2,1.0,1,61169,M,4874482.0,-56695.0,61
201300031053,13,12,21,1210,1,2,1,1.0,6,61169,M,4874691.0,-56983.0,61
201300031054,13,12,17,815,1,1,1,1.0,6,62753,M,,,62
201300031055,13,12,28,325,3,1,1,2.0,6,62744,M,,,62
201300031056,13,1,8,1905,5,2,7,1.0,2,62753,M,,,62
201300031057,13,1,2,2000,5,2,6,2.0,7,62041,M,,,62
201300031058,13,1,24,1215,1,2,1,4.0,6,62753,M,,,62
201300031059,13,2,3,55,4,2,1,2.0,6,62764,M,,,62
201300031060,13,2,3,110,3,1,1,2.0,6,62744,M,,,62
201300031061,13,1,12,1625,1,2,1,2.0,7,62041,M,5027628.0,278263.0,62
201300031062,13,2,8,2120,3,1,1,2.0,7,62753,M,,,62
201300031063,13,2,8,1900,5,2,6,1.0,3,62041,M,5029425.0,275732.0,62
201300031064,13,2,16,325,5,2,1,1.0,6,62753,M,,,62
201300031065,13,2,13,1215,1,2,1,1.0,6,62041,M,5029135.0,277720.0,62
201300031066,13,3,4,945,1,1,6,1.0,2,62744,M,,,62
201300031067,13,3,25,1545,1,1,1,1.0,2,62753,M,,,62
201300031068,13,3,20,1815,1,2,3,1.0,3,62041,M,,,62
201300031069,13,3,28,1220,1,2,1,1.0,4,62041,M,,,62
201300031070,13,2,15,1455,1,2,3,1.0,6,62041,M,,,62
201300031071,13,3,28,1700,1,2,1,1.0,6,62753,M,,,62
201300031072,13,4,24,1435,1,2,3,1.0,3,62041,M,,,62
201300031073,13,5,2,807,1,2,1,1.0,7,62041,M,5028675.0,279848.0,62
201300031074,13,5,7,30,3,1,1,2.0,6,62753,M,,,62
201300031075,13,5,6,845,1,2,2,1.0,3,62041,M,5029687.0,276566.0,62
201300031076,13,5,15,1900,1,2,2,1.0,3,62041,M,,,62
201300031077,13,5,11,1200,1,2,1,1.0,7,62263,M,,,62
201300031078,13,5,15,1725,1,2,6,1.0,6,62753,M,,,62
201300031079,13,5,21,2130,5,2,4,9.0,7,62764,M,5030555.0,278411.0,62
201300031080,13,5,18,1750,1,2,3,1.0,3,62041,M,,,62
201300031081,13,6,3,1715,1,2,2,1.0,3,62041,M,,,62
201300031082,13,5,29,1755,1,2,1,2.0,7,62041,M,,,62
201300031083,13,6,8,1215,1,2,1,1.0,7,62041,M,,,62
201300031084,13,6,24,2325,5,2,1,1.0,7,62764,M,5030587.0,279391.0,62
201300031085,13,7,13,2140,1,2,1,1.0,6,62263,M,,,62
201300031086,13,7,19,1150,1,1,3,1.0,1,62753,M,,,62
201300031087,13,7,25,1500,1,2,3,1.0,3,62041,M,,,62
201300031088,13,7,18,1220,1,1,1,1.0,3,62753,M,,,62
201300031089,13,8,4,1120,1,2,6,1.0,3,62041,M,,,62
201300031090,13,8,24,15,5,2,1,1.0,6,62041,M,,,62
201300031091,13,8,27,1,5,2,1,1.0,7,62263,M,,,62
201300031092,13,9,4,1200,1,2,1,1.0,6,62041,M,,,62
201300031093,13,9,10,950,1,2,1,7.0,6,62041,M,5029531.0,277166.0,62
201300031094,13,9,12,830,1,2,2,1.0,6,62041,M,,,62
201300031095,13,9,16,1655,1,1,1,1.0,1,62263,M,,,62
201300031096,13,9,24,1810,1,1,1,1.0,4,62764,M,5030809.0,278324.0,62
201300031097,13,9,22,2110,5,1,1,1.0,2,62764,M,,,62
201300031098,13,9,5,745,1,2,3,1.0,3,62041,M,5028737.0,0.0,62
201300031099,13,9,24,1125,1,2,1,1.0,3,62004,M,,,62
201300031100,13,9,29,1930,2,1,1,1.0,6,62753,M,,,62
201300031101,13,10,5,440,5,2,1,1.0,7,62744,M,,,62
201300031102,13,10,21,1230,1,2,1,8.0,2,62041,M,,,62
201300031103,13,11,17,1855,3,1,1,1.0,6,62744,M,,,62
201300031104,13,12,1,1245,1,2,3,1.0,2,62041,M,,,62
201300031105,13,12,27,2140,5,2,1,2.0,6,62041,M,,,62
201300031106,13,1,19,1700,2,2,3,4.0,3,62048,M,,,62
201300031107,13,1,31,1055,1,2,6,3.0,3,62048,M,,,62
201300031108,13,2,9,2140,5,1,6,1.0,3,62516,M,,,62
201300031109,13,2,12,805,1,2,5,4.0,5,62048,M,,,62
201300031110,13,2,17,625,2,1,1,5.0,6,62516,M,,,62
201300031111,13,3,3,855,1,2,1,1.0,2,62328,M,,,62
201300031112,13,3,10,1410,1,2,1,1.0,6,62048,M,,,62
201300031113,13,3,8,1900,5,1,6,2.0,3,62516,M,,,62
201300031114,13,3,23,1030,1,1,3,1.0,3,62516,M,,,62
201300031115,13,4,5,1040,1,2,2,1.0,3,62217,M,5050807.0,243950.0,62
201300031116,13,5,6,950,1,2,1,1.0,6,62048,M,,,62
201300031117,13,4,12,1420,1,1,1,6.0,6,62516,M,,,62
201300031118,13,6,7,1755,1,2,1,1.0,6,62188,M,,,62
201300031119,13,6,19,810,1,1,1,1.0,3,62516,M,,,62
201300031120,13,6,12,1410,1,1,3,1.0,3,62516,M,5056707.0,249445.0,62
201300031121,13,8,4,1845,1,1,1,1.0,5,62188,M,5052188.0,264638.0,62
201300031122,13,11,3,1140,1,2,1,2.0,1,62328,M,,,62
201300031123,13,11,14,1740,5,2,3,2.0,3,62048,M,,,62
201300031124,13,11,16,800,5,1,6,5.0,6,62516,M,,,62
201300031125,13,10,18,630,2,2,3,2.0,6,62048,M,,,62
201300031126,13,12,16,1420,1,2,1,1.0,2,62516,M,5054633.0,247135.0,62
201300031127,13,12,15,1140,1,2,1,1.0,2,62188,M,,,62
201300031128,13,12,24,1345,1,1,1,3.0,1,62048,M,,,62
201300031129,13,8,18,25,5,2,4,1.0,6,62516,M,,,62
201300031130,13,10,9,2125,3,1,1,1.0,3,62516,M,,,62
201300031131,13,1,15,1820,3,1,1,8.0,3,62724,M,,,62
201300031132,13,3,6,1820,2,2,1,1.0,7,62065,M,,,62
201300031133,13,3,8,1020,1,1,1,8.0,2,62065,M,,,62
201300031134,13,4,2,1300,1,2,3,1.0,3,62065,M,5040631.0,282089.0,62
201300031135,13,4,3,1500,1,2,1,1.0,7,62277,M,,,62
201300031136,13,4,23,2200,5,2,1,1.0,2,62065,M,,,62
201300031137,13,5,22,950,1,2,2,1.0,6,62065,M,5041236.0,283588.0,62
201300031138,13,5,26,845,1,2,6,1.0,3,62724,M,,,62
201300031139,13,6,2,2130,1,2,4,1.0,7,62570,M,,,62
201300031140,13,6,4,1140,1,2,2,1.0,5,62065,M,5040943.0,281901.0,62
201300031141,13,6,23,1625,1,2,1,1.0,3,62065,M,,,62
201300031142,13,7,9,1400,1,2,1,1.0,2,62065,M,,,62
201300031143,13,7,4,1720,1,2,6,1.0,3,62277,M,,,62
201300031144,13,7,21,940,1,2,1,1.0,2,62570,M,,,62
201300031145,13,8,5,1900,1,1,1,1.0,3,62065,M,5040352.0,280597.0,62
201300031146,13,8,14,1615,1,2,1,1.0,3,62065,M,,,62
201300031147,13,8,30,1000,1,2,6,1.0,3,62065,M,,,62
201300031148,13,9,26,1745,2,2,1,1.0,1,62570,M,5040657.0,286738.0,62
201300031149,13,10,15,1735,1,2,1,1.0,6,62065,M,,,62
201300031150,13,10,31,930,1,2,1,7.0,1,62570,M,,,62
201300031151,13,11,9,1500,1,2,2,2.0,5,62065,M,5040936.0,281894.0,62
201300031152,13,11,13,1005,1,2,3,1.0,3,62570,M,,,62
201300031153,13,11,16,150,5,2,3,5.0,7,62570,M,,,62
201300031154,13,12,5,800,2,2,1,9.0,6,62570,M,5040288.0,286042.0,62
201300031155,13,12,9,1740,5,2,2,1.0,5,62570,M,,,62
201300031156,13,12,9,1250,1,2,2,1.0,3,62724,M,,,62
201300031157,13,12,29,1825,5,2,1,1.0,6,62724,M,,,62
201300031158,13,2,9,1030,1,2,1,1.0,6,62108,M,,,62
201300031159,13,6,3,900,1,2,1,1.0,7,62688,M,,,62
201300031160,13,4,21,1115,1,2,2,1.0,3,62108,M,,,62
201300031161,13,5,26,850,1,2,3,1.0,7,62108,M,,,62
201300031162,13,7,7,1100,1,2,2,1.0,3,62688,M,,,62
201300031163,13,6,17,800,2,2,3,2.0,3,62108,M,5041258.0,156784.0,62
201300031164,13,7,23,1115,1,2,2,1.0,6,62108,M,5040252.0,155921.0,62
201300031165,13,12,9,1710,2,2,1,1.0,6,62108,M,,,62
201300031166,13,12,22,220,5,2,6,2.0,3,62119,M,,,62
201300031167,13,1,26,605,2,2,1,4.0,6,62126,M,5052707.0,272096.0,62
201300031168,13,1,31,2240,5,1,6,1.0,7,62276,M,5052210.0,283319.0,62
201300031169,13,2,22,1600,1,1,6,4.0,7,62836,M,,,62
201300031170,13,3,15,1510,1,2,3,1.0,7,62119,M,5052994.0,264483.0,62
201300031171,13,3,24,255,5,2,1,1.0,7,62119,M,,,62
201300031172,13,3,30,2340,5,2,1,1.0,6,62132,M,,,62
201300031173,13,4,19,1825,1,2,6,1.0,3,62119,M,5053925.0,262787.0,62
201300031174,13,5,24,2205,5,2,1,8.0,6,62126,M,,,62
201300031175,13,6,1,1310,1,1,1,1.0,3,62626,M,5049743.0,272930.0,62
201300031176,13,6,1,1130,1,2,1,1.0,1,62330,M,,,62
201300031177,13,6,1,1715,1,1,1,1.0,3,62349,M,5051896.0,259503.0,62
201300031178,13,6,15,420,2,2,1,1.0,7,62262,M,,,62
201300031179,13,7,5,1020,1,1,6,1.0,3,62350,M,,,62
201300031180,13,7,11,2000,1,2,2,1.0,6,62119,M,,,62
201300031181,13,7,15,1245,1,2,1,1.0,6,62119,M,,,62
201300031182,13,7,24,1400,1,2,1,1.0,6,62132,M,,,62
201300031183,13,7,30,1435,1,2,1,2.0,2,62119,M,,,62
201300031184,13,7,29,1920,1,2,1,8.0,6,62262,M,,,62
201300031185,13,8,19,1018,1,2,1,1.0,6,62119,M,,,62
201300031186,13,8,14,1510,1,2,1,1.0,3,62035,M,,,62
201300031187,13,9,7,240,5,2,9,1.0,6,62119,M,,,62
201300031188,13,9,16,355,3,1,1,1.0,6,62276,M,,,62
201300031189,13,9,30,1815,1,2,3,1.0,4,62119,M,,,62
201300031190,13,9,30,1255,1,2,2,1.0,6,62119,M,,,62
201300031191,13,9,13,640,2,2,1,1.0,6,62848,M,,,62
201300031192,13,9,29,1800,1,2,1,1.0,6,62200,M,,,62
201300031193,13,10,14,1615,1,2,1,1.0,3,62126,M,,,62
201300031194,13,10,19,1910,3,1,1,2.0,1,62119,M,,,62
201300031195,13,10,16,1825,5,2,1,1.0,3,62262,M,,,62
201300031196,13,10,22,800,1,1,1,1.0,3,62846,M,,,62
201300031197,13,11,10,1615,1,2,1,8.0,6,62119,M,,,62
201300031198,13,11,23,2120,5,2,9,1.0,7,62051,M,,,62
201300031199,13,12,19,1000,1,2,1,1.0,6,62126,M,5051428.0,269307.0,62
201300031200,13,12,28,1645,1,2,1,1.0,3,62841,M,,,62
201300031201,13,3,3,1000,1,2,1,1.0,1,62119,M,,,62
201300031202,13,1,11,1435,1,2,1,1.0,7,62160,M,5072800.0,160775.0,62
201300031203,13,2,6,1815,5,2,1,3.0,3,62755,M,5068788.0,162596.0,62
201300031204,13,2,10,540,3,1,6,1.0,6,62894,M,5074864.0,162729.0,62
201300031205,13,2,26,920,1,2,1,1.0,6,62758,M,,,62
201300031206,13,3,2,1242,1,2,2,1.0,3,62160,M,,,62
201300031207,13,3,9,2015,5,2,3,1.0,3,62160,M,5073319.0,160243.0,62
201300031208,13,3,20,1730,1,2,1,1.0,6,62643,M,,,62
201300031209,13,5,6,1200,1,2,1,1.0,6,62160,M,5073430.0,160508.0,62
201300031210,13,5,12,1845,1,2,3,2.0,6,62160,M,,,62
201300031211,13,5,1,2300,5,2,1,1.0,1,62667,M,,,62
201300031212,13,6,2,1810,1,2,1,1.0,6,62160,M,,,62
201300031213,13,6,17,2315,5,2,1,1.0,6,62893,M,,,62
201300031214,13,6,23,245,3,2,1,3.0,6,62893,M,,,62
201300031215,13,6,25,1145,1,2,1,1.0,6,62160,M,,,62
201300031216,13,6,23,220,5,2,1,3.0,7,62160,M,,,62
201300031217,13,7,10,1740,1,2,1,1.0,6,62160,M,5072238.0,160768.0,62
201300031218,13,7,15,30,5,2,3,1.0,3,62160,M,,,62
201300031219,13,7,17,2310,5,2,2,1.0,3,62758,M,5072611.0,163821.0,62
201300031220,13,7,9,1315,1,2,1,1.0,6,62160,M,,,62
201300031221,13,7,27,2030,5,2,6,3.0,6,62160,M,,,62
201300031222,13,8,4,2130,1,2,3,1.0,6,62160,M,5071286.0,161403.0,62
201300031223,13,8,11,1205,1,2,1,1.0,1,62893,M,,,62
201300031224,13,9,9,1330,1,2,3,8.0,6,62643,M,,,62
201300031225,13,9,18,1530,1,2,1,1.0,6,62643,M,,,62
201300031226,13,9,29,2035,5,2,4,1.0,3,62643,M,,,62
201300031227,13,9,30,1740,1,2,1,1.0,2,62160,M,,,62
201300031228,13,10,6,1550,1,2,1,1.0,5,62160,M,,,62
201300031229,13,10,13,745,2,2,3,8.0,6,62758,M,5072194.0,164634.0,62
201300031230,13,10,13,1915,1,2,9,1.0,3,62667,M,,,62
201300031231,13,10,14,815,2,2,3,2.0,6,62160,M,,,62
201300031232,13,11,27,1750,5,2,1,1.0,6,62160,M,,,62
201300031233,13,11,26,750,2,2,1,2.0,6,62758,M,,,62
201300031234,13,12,19,2135,5,2,1,1.0,1,62160,M,,,62
201300031235,13,12,29,1520,1,2,1,1.0,3,62758,M,,,62
201300031236,13,1,2,2140,5,2,2,2.0,3,62270,M,5046996.0,250968.0,62
201300031237,13,2,12,115,3,2,1,4.0,6,62445,M,,,62
201300031238,13,3,27,1200,1,2,2,1.0,3,62270,M,,,62
201300031239,13,4,6,800,1,1,1,1.0,3,62270,M,,,62
201300031240,13,4,17,1725,1,2,3,1.0,3,62400,M,,,62
201300031241,13,4,26,1200,1,2,6,1.0,7,62178,M,,,62
201300031242,13,7,14,1800,1,2,1,1.0,6,62178,M,,,62
201300031243,13,9,3,1545,1,2,1,1.0,1,62178,M,,,62
201300031244,13,9,2,1225,1,2,3,1.0,3,62178,M,,,62
201300031245,13,9,9,1015,1,2,6,1.0,3,62178,M,5048427.0,256689.0,62
201300031246,13,9,17,1640,1,2,1,3.0,6,62178,M,5048922.0,254409.0,62
201300031247,13,10,3,1935,5,2,3,1.0,3,62457,M,5046640.0,254207.0,62
201300031248,13,10,18,730,5,2,1,5.0,6,62445,M,,,62
201300031249,13,11,23,1830,3,2,1,1.0,1,62270,M,,,62
201300031250,13,12,30,1845,5,2,1,8.0,4,62457,M,,,62
201300031251,13,1,18,1755,5,2,1,1.0,6,62193,M,,,62
201300031252,13,2,6,1725,1,2,3,1.0,5,62193,M,,,62
201300031253,13,2,14,715,5,2,1,1.0,6,62548,M,,,62
201300031254,13,2,19,2315,3,1,1,1.0,3,62244,M,5091663.0,191721.0,62
201300031255,13,2,19,1410,1,2,1,1.0,6,62193,M,5094246.0,185028.0,62
201300031256,13,3,9,1015,1,2,1,2.0,6,62193,M,,,62
201300031257,13,3,13,2145,5,2,2,1.0,3,62193,M,,,62
201300031258,13,3,29,2040,5,2,1,1.0,2,62193,M,5093982.0,185881.0,62
201300031259,13,3,28,815,1,2,3,1.0,2,62193,M,5095336.0,183862.0,62
201300031260,13,4,1,2020,3,1,6,1.0,6,62193,M,,,62