Num_Acc,an,mois,jour,hrmn,lum,agg,int,atm,col,com,gps,lat,long,dep
201300031261,13,4,17,1250,1,1,1,1.0,1,62193,M,,,62
201300031262,13,4,26,832,1,2,2,1.0,3,62193,M,,,62
201300031263,13,5,2,1210,1,2,2,1.0,3,62193,M,,,62
201300031264,13,5,4,1100,1,2,3,1.0,7,62193,M,,,62
201300031265,13,5,9,1840,1,1,3,1.0,3,62548,M,,,62
201300031266,13,5,10,1825,1,2,2,1.0,3,62193,M,5095715.0,184943.0,62
201300031267,13,6,18,1635,1,1,1,1.0,6,62548,M,,,62
201300031268,13,7,6,1615,1,2,1,1.0,6,62193,M,,,62
201300031269,13,7,9,1245,1,2,1,1.0,2,62193,M,5094760.0,185329.0,62
201300031270,13,7,10,1910,1,2,1,1.0,6,62193,M,,,62
201300031271,13,7,25,1820,1,2,9,1.0,6,62193,M,,,62
201300031272,13,7,30,1545,1,1,1,2.0,1,62548,M,5095614.0,198606.0,62
201300031273,13,8,3,910,1,2,2,1.0,2,62244,M,5092894.0,186253.0,62
201300031274,13,8,23,1540,1,1,2,1.0,3,62193,M,,,62
201300031275,13,9,5,1540,1,2,2,1.0,6,62193,M,,,62
201300031276,13,9,14,1830,2,2,4,1.0,3,62193,M,,,62
201300031277,13,10,7,715,5,2,1,1.0,6,62193,M,,,62
201300031278,13,9,19,840,1,2,1,1.0,6,62193,M,,,62
201300031279,13,10,19,1425,1,2,2,2.0,6,62193,M,,,62
201300031280,13,11,8,2145,5,2,2,2.0,3,62193,M,,,62
201300031281,13,10,5,2330,5,2,3,1.0,3,62193,M,,,62
201300031282,13,12,10,730,2,2,1,1.0,6,62193,M,,,62
201300031283,13,12,12,1715,5,2,1,1.0,3,62548,M,,,62
201300031284,13,12,20,1220,1,2,3,1.0,6,62193,M,5093204.0,185638.0,62
201300031285,13,12,26,1330,1,2,2,1.0,6,62193,M,,,62
201300031286,13,1,18,1920,3,1,3,4.0,3,62033,M,,,62
201300031287,13,1,12,1915,5,2,1,8.0,6,62413,M,,,62
201300031288,13,2,6,1210,1,2,1,1.0,2,62637,M,5047071.0,298397.0,62
201300031289,13,3,9,1120,1,2,3,1.0,3,62215,M,,,62
201300031290,13,2,6,1420,1,2,1,1.0,3,62215,M,5049012.0,297655.0,62
201300031291,13,3,29,2115,5,2,3,1.0,3,62250,M,,,62
201300031292,13,4,5,1145,1,2,1,1.0,3,62215,M,,,62
201300031293,13,4,7,2320,5,2,1,1.0,6,62033,M,,,62
201300031294,13,4,13,1435,1,2,1,2.0,3,62250,M,5044663.0,294401.0,62
201300031295,13,4,9,1620,1,2,1,1.0,1,62907,M,5047938.0,296636.0,62
201300031296,13,4,25,1140,1,2,3,1.0,6,62413,M,,,62
201300031297,13,5,3,1620,1,2,1,1.0,4,62215,M,,,62
201300031298,13,5,7,1810,1,2,1,1.0,3,62215,M,,,62
201300031299,13,6,4,2200,5,2,1,1.0,1,62215,M,,,62
201300031300,13,6,8,635,1,2,1,1.0,1,62637,M,,,62
201300031301,13,6,9,545,5,2,1,1.0,6,62637,M,,,62
201300031302,13,5,18,1925,1,1,6,1.0,3,62215,M,5050594.0,297146.0,62
201300031303,13,5,19,150,5,2,1,1.0,7,62215,M,,,62
201300031304,13,6,14,1920,1,1,1,1.0,7,62215,M,,,62
201300031305,13,7,7,540,2,2,1,1.0,6,62413,M,,,62
201300031306,13,6,27,1430,1,1,1,1.0,3,62413,M,5046538.0,290503.0,62
201300031307,13,6,28,1825,1,2,1,2.0,6,62215,M,,,62
201300031308,13,7,23,320,5,2,2,1.0,3,62413,M,,,62
201300031309,13,8,3,300,5,2,1,1.0,6,62033,M,5045867.0,286332.0,62
201300031310,13,8,1,810,1,2,2,1.0,3,62250,M,,,62
201300031311,13,8,19,1715,1,1,1,1.0,5,62907,M,5048488.0,298255.0,62
201300031312,13,8,31,1550,1,1,1,1.0,2,62215,M,5047363.0,297852.0,62
201300031313,13,8,20,1840,1,2,1,1.0,6,62637,M,,,62
201300031314,13,8,24,1215,1,2,1,3.0,1,62215,M,,,62
201300031315,13,8,26,1540,1,2,2,1.0,6,62033,M,,,62
201300031316,13,9,7,2315,5,2,5,1.0,3,62637,M,,,62
201300031317,13,11,15,1400,1,1,1,1.0,3,62215,M,,,62
201300031318,13,11,15,1615,1,2,1,1.0,3,62250,M,,,62
201300031319,13,12,7,1000,1,2,4,1.0,6,62907,M,,,62
201300031320,13,12,14,1300,1,2,6,1.0,3,62215,M,,,62
201300031321,13,1,2,1035,1,2,2,1.0,3,62133,M,,,62
201300031322,13,11,16,1610,1,1,1,1.0,6,62427,M,,,62
201300031323,13,3,17,1915,2,2,2,8.0,3,62133,M,5041224.0,291176.0,62
201300031324,13,5,19,1630,1,2,1,1.0,6,62133,M,,,62
201300031325,13,5,24,1530,1,2,2,2.0,3,62249,M,5041569.0,301725.0,62
201300031326,13,5,23,1150,1,2,1,1.0,6,62427,M,,,62
201300031327,13,6,15,2250,5,2,9,1.0,3,62497,M,,,62
201300031328,13,6,17,1730,1,2,2,1.0,6,62427,M,,,62
201300031329,13,6,23,2050,1,1,1,1.0,6,62427,M,,,62
201300031330,13,6,26,1740,1,2,6,1.0,6,62427,M,,,62
201300031331,13,7,10,1745,1,2,1,1.0,3,62427,M,,,62
201300031332,13,7,14,1900,1,1,2,1.0,3,62587,M,,,62
201300031333,13,8,13,2155,3,2,1,1.0,2,62624,M,,,62
201300031334,13,8,25,2110,5,2,1,1.0,6,62587,M,,,62
201300031335,13,9,20,1040,1,2,1,1.0,3,62587,M,,,62
201300031336,13,8,9,825,1,1,3,1.0,3,62274,M,5043682.0,297835.0,62
201300031337,13,10,15,800,2,2,1,8.0,6,62587,M,,,62
201300031338,13,10,31,1550,1,1,2,1.0,3,62427,M,,,62
201300031339,13,10,11,1610,1,1,9,1.0,3,62624,M,5041152.0,297911.0,62
201300031340,13,11,29,1920,5,1,3,1.0,3,62249,M,,,62
201300031341,13,12,12,1510,1,2,1,1.0,6,62427,M,,,62
201300031342,13,12,17,1715,1,2,1,1.0,6,62427,M,,,62
201300031343,13,12,21,1125,1,2,1,1.0,6,62497,M,,,62
201300031344,13,1,5,1630,2,1,1,2.0,6,62573,M,5048652.0,289509.0,62
201300031345,13,1,5,2020,5,2,1,1.0,6,62895,M,5049704.0,286766.0,62
201300031346,13,1,2,825,2,2,1,1.0,3,62771,M,,,62
201300031347,13,1,7,1225,1,2,1,1.0,6,62498,M,5043916.0,279599.0,62
201300031348,13,1,7,1135,1,2,1,8.0,6,62771,M,5041976.0,287310.0,62
201300031349,13,12,5,825,1,2,1,1.0,2,62771,M,,,62
201300031350,13,1,31,920,1,2,3,1.0,7,62498,M,,,62
201300031351,13,2,2,1845,5,2,1,1.0,6,62573,M,5049668.0,289103.0,62
201300031352,13,1,30,720,5,2,1,1.0,3,62498,M,,,62
201300031353,13,2,27,1650,1,2,1,1.0,3,62842,M,,,62
201300031354,13,2,18,1915,3,1,3,1.0,3,62464,M,5047267.0,281202.0,62
201300031355,13,2,28,1710,1,2,1,1.0,3,62498,M,5043757.0,281330.0,62
201300031356,13,11,10,2210,5,1,1,2.0,2,62842,M,,,62
201300031357,13,3,17,1435,1,2,1,1.0,6,62498,M,,,62
201300031358,13,3,25,930,1,2,2,1.0,6,62498,M,,,62
201300031359,13,4,8,1215,1,2,1,1.0,6,62498,M,,,62
201300031360,13,4,18,930,1,2,2,1.0,3,62498,M,5044261.0,280252.0,62
201300031361,13,4,20,1900,1,2,1,9.0,6,62498,M,,,62
201300031362,13,5,17,1850,1,2,3,1.0,3,62628,M,,,62
201300031363,13,5,18,2130,1,2,2,1.0,1,62498,M,,,62
201300031364,13,5,4,1700,1,2,4,1.0,3,62498,M,5043776.0,282135.0,62
201300031365,13,6,17,1640,1,2,1,1.0,2,62842,M,5046026.0,284982.0,62
201300031366,13,6,12,1740,1,2,1,1.0,6,62771,M,,,62
201300031367,13,7,6,1215,1,2,3,1.0,3,62842,M,,,62
201300031368,13,7,9,915,1,2,2,1.0,3,62523,M,,,62
201300031369,13,7,15,1840,1,2,1,1.0,1,62771,M,5041979.0,287858.0,62
201300031370,13,7,8,1650,1,2,3,1.0,6,62842,M,,,62
201300031371,13,7,6,1130,1,2,1,1.0,6,62498,M,,,62
201300031372,13,7,21,2155,2,2,1,1.0,6,62842,M,,,62
201300031373,13,8,8,1800,1,2,1,1.0,6,62771,M,,,62
201300031374,13,8,12,1725,1,2,3,1.0,3,62771,M,,,62
201300031375,13,8,5,2135,2,2,1,1.0,6,62498,M,,,62
201300031376,13,8,24,145,5,2,1,1.0,6,62523,M,,,62
201300031377,13,9,3,1550,1,2,1,1.0,3,62498,M,,,62
201300031378,13,9,3,1440,1,2,2,1.0,3,62498,M,,,62
201300031379,13,9,8,615,1,2,1,1.0,2,62498,M,,,62
201300031380,13,9,22,1240,1,2,1,1.0,6,62498,M,,,62
201300031381,13,9,24,1100,1,2,1,1.0,6,62498,M,,,62
201300031382,13,9,28,1650,1,2,1,1.0,1,62498,M,,,62
201300031383,13,10,3,1600,1,2,1,2.0,6,62498,M,5043638.0,284074.0,62
201300031384,13,10,10,1435,1,2,1,3.0,6,62498,M,,,62
201300031385,13,10,20,1600,1,2,1,1.0,2,62842,M,,,62
201300031386,13,10,22,1445,1,2,1,1.0,6,62498,M,,,62
201300031387,13,10,12,1100,1,2,2,1.0,3,62771,M,,,62
201300031388,13,11,8,1010,1,2,1,1.0,6,62498,M,,,62
201300031389,13,11,19,1745,2,2,1,1.0,6,62498,M,,,62
201300031390,13,12,5,845,1,2,1,1.0,6,62498,M,,,62
201300031391,13,12,14,520,5,1,1,2.0,6,62842,M,5046237.0,283077.0,62
201300031392,13,12,18,1910,5,2,1,1.0,6,62498,M,5043326.0,279666.0,62
201300031393,13,11,25,1345,1,2,1,1.0,3,62498,M,,,62
201300031394,13,10,24,700,3,1,1,5.0,2,62895,M,,,62
201300031395,13,12,10,1040,1,2,1,7.0,6,62895,M,,,62
201300031396,13,8,30,1055,1,2,1,1.0,3,62771,M,,,62
201300031397,13,12,29,2130,2,2,1,1.0,3,62510,M,,,62
201300031398,13,11,8,945,1,2,1,1.0,7,62510,M,,,62
201300031399,13,1,31,1420,1,2,1,1.0,1,62528,M,,,62
201300031400,13,2,10,400,5,2,1,9.0,6,62510,M,,,62
201300031401,13,2,8,1645,1,2,1,1.0,7,62528,M,,,62
201300031402,13,2,10,1840,5,2,1,4.0,6,62510,M,,,62
201300031403,13,2,19,2015,5,1,1,1.0,3,62510,M,,,62
201300031404,13,2,24,1340,1,2,1,9.0,6,62510,M,,,62
201300031405,13,3,4,1730,1,1,1,1.0,3,62563,M,,,62
201300031406,13,4,2,1000,1,2,1,1.0,2,62510,M,,,62
201300031407,13,4,8,1700,1,2,1,1.0,3,62563,M,,,62
201300031408,13,4,28,1645,1,2,1,1.0,7,62386,M,,,62
201300031409,13,4,21,2050,2,2,1,1.0,3,62186,M,,,62
201300031410,13,5,16,1910,1,2,1,1.0,6,62386,M,,,62
201300031411,13,6,8,528,1,2,1,1.0,6,62019,M,,,62
201300031412,13,5,24,1645,1,2,1,1.0,5,62510,M,,,62
201300031413,13,6,1,1940,1,1,1,1.0,3,62186,M,,,62
201300031414,13,6,14,1215,1,1,1,1.0,7,62510,M,,,62
201300031415,13,6,27,2115,2,1,1,1.0,6,62510,M,5042411.0,274305.0,62
201300031416,13,7,2,1615,1,2,1,1.0,6,62510,M,,,62
201300031417,13,7,8,830,1,2,1,1.0,3,62510,M,,,62
201300031418,13,7,30,2100,1,1,1,1.0,3,62510,M,,,62
201300031419,13,8,8,1430,1,2,1,1.0,1,62563,M,,,62
201300031420,13,9,6,1135,1,1,1,1.0,7,62186,M,,,62
201300031421,13,9,12,1115,1,2,1,1.0,3,62528,M,,,62
201300031422,13,9,23,930,1,1,1,1.0,1,62019,M,,,62
201300031423,13,9,23,2000,2,2,1,1.0,1,62528,M,,,62
201300031424,13,9,11,1915,1,2,1,1.0,6,62510,M,,,62
201300031425,13,10,2,10,5,2,1,1.0,7,62528,M,,,62
201300031426,13,10,7,2130,5,2,1,1.0,3,62186,M,,,62
201300031427,13,9,1,2105,2,2,1,1.0,3,62528,M,,,62
201300031428,13,10,24,1330,1,2,1,1.0,3,62528,M,,,62
201300031429,13,10,28,2000,2,2,1,2.0,7,62510,M,,,62
201300031430,13,10,30,1450,1,2,1,1.0,3,62186,M,,,62
201300031431,13,10,21,1805,2,2,1,1.0,7,62510,M,,,62
201300031432,13,11,23,1315,1,2,1,1.0,3,62528,M,,,62
201300031433,13,11,23,1030,1,2,1,1.0,3,62019,M,,,62
201300031434,13,12,3,1545,1,2,1,1.0,1,62563,M,,,62
201300031435,13,12,6,2200,3,1,1,1.0,6,62528,M,,,62
201300031436,13,12,9,1120,1,2,1,1.0,6,62186,M,,,62
201300031437,13,12,9,1510,1,2,1,1.0,1,62528,M,,,62
201300031438,13,12,21,2340,5,2,1,1.0,1,62563,M,,,62
201300031439,13,12,25,1830,5,1,1,1.0,3,62510,M,,,62
201300031440,13,12,23,1345,1,2,1,1.0,7,62555,M,,,62
201300031441,13,1,22,1130,1,2,1,4.0,6,62555,M,,,62
201300031442,13,1,26,550,3,2,1,8.0,7,62194,M,5049414.0,249824.0,62
201300031443,13,2,22,1410,1,1,1,1.0,5,62224,M,,,62
201300031444,13,3,4,1815,1,2,1,1.0,6,62489,M,,,62
201300031445,13,3,18,1140,1,2,3,2.0,5,62555,M,,,62
201300031446,13,4,2,805,1,2,1,1.0,6,62555,M,,,62
201300031447,13,4,30,1640,1,2,2,1.0,3,62489,M,,,62
201300031448,13,8,7,1000,1,2,4,2.0,3,62197,M,,,62
201300031449,13,9,22,315,4,2,1,1.0,7,62479,M,,,62
201300031450,13,10,29,1710,1,2,1,2.0,6,62555,M,,,62
201300031451,13,11,4,1700,1,2,3,2.0,3,62224,M,,,62
201300031452,13,12,7,640,5,2,1,1.0,6,62489,M,,,62
201300031453,13,12,6,1825,5,2,1,1.0,3,62555,M,,,62
201300031454,13,1,17,2030,3,1,1,4.0,2,62540,M,5045848.0,257576.0,62
201300031455,13,2,18,730,1,2,1,1.0,1,62083,M,,,62
201300031456,13,1,12,35,5,2,1,1.0,5,62617,M,,,62
201300031457,13,3,2,1910,5,2,1,1.0,6,62617,M,,,62
201300031458,13,4,26,1415,1,1,1,2.0,1,62617,M,,,62
201300031459,13,4,21,2035,1,2,1,1.0,7,62737,M,,,62
201300031460,13,4,28,130,5,2,1,1.0,6,62083,M,,,62
201300031461,13,5,28,1610,1,2,1,2.0,5,62737,M,,,62
201300031462,13,4,24,1745,1,2,1,1.0,3,62617,M,,,62
201300031463,13,6,22,430,5,2,1,1.0,6,62617,M,,,62
201300031464,13,8,7,1115,1,2,2,2.0,2,62617,M,,,62
201300031465,13,8,8,2205,5,2,2,1.0,3,62617,M,5048128.0,266125.0,62
201300031466,13,8,22,1900,1,1,1,7.0,1,62540,M,5045289.0,256488.0,62
201300031467,13,9,4,1300,1,2,2,1.0,3,62617,M,5048131.0,266127.0,62
201300031468,13,11,13,1530,1,1,1,7.0,2,62540,M,,,62
201300031469,13,11,24,1810,5,2,1,1.0,6,62617,M,,,62
201300031470,13,11,14,1355,2,2,2,2.0,1,62083,M,,,62
201300031471,13,2,15,850,1,2,1,1.0,6,62765,M,5074563.0,225848.0,62
201300031472,13,3,2,1450,1,2,3,8.0,1,62757,M,5075234.0,223923.0,62
201300031473,13,3,20,1420,1,1,1,1.0,3,62902,M,,,62
201300031474,13,4,5,1515,1,2,1,1.0,3,62902,M,,,62
201300031475,13,8,2,1805,1,2,1,1.0,6,62765,M,,,62
201300031476,13,8,31,1900,1,2,2,1.0,3,62525,M,5074115.0,226162.0,62
201300031477,13,10,20,1310,1,2,1,1.0,1,62139,M,,,62
201300031478,13,10,21,1720,1,2,2,1.0,2,62757,M,5075648.0,223851.0,62
201300031479,13,11,12,1200,1,2,6,2.0,6,62765,M,5074847.0,225019.0,62
201300031480,13,12,6,1645,2,2,1,1.0,6,62525,M,,,62
201300031481,13,12,16,1754,5,2,1,1.0,6,62765,M,5074695.0,0.0,62
201300031482,13,12,19,1200,1,1,3,1.0,3,62139,M,5071395.0,0.0,62
201300031483,13,5,10,1700,1,2,6,1.0,6,62826,M,5051683.0,160088.0,62
201300031484,13,5,7,1005,1,2,3,1.0,3,62826,M,,,62
201300031485,13,6,12,1522,1,2,2,1.0,3,62826,M,,,62
201300031486,13,7,11,1510,1,2,1,1.0,6,62826,M,,,62
201300031487,13,8,6,525,5,2,1,1.0,6,62826,M,5052316.0,159671.0,62
201300031488,13,8,13,1745,1,2,1,1.0,3,62826,M,,,62
201300031489,13,8,15,1105,1,2,9,1.0,3,62826,M,,,62
201300031490,13,9,1,605,3,2,1,1.0,6,62826,M,,,62
201300031491,13,9,2,930,1,2,2,1.0,6,62826,M,,,62
201300031492,13,11,6,1640,1,2,2,2.0,3,62826,M,5051602.0,160367.0,62
201300031493,13,11,19,1435,1,2,3,1.0,2,62826,M,,,62
201300031494,13,12,2,805,2,2,2,1.0,3,62826,M,5051735.0,161024.0,62
201300031495,13,7,27,200,5,2,1,1.0,6,62826,M,,,62
201300031496,13,1,2,2231,5,2,1,1.0,1,63113,M,,,63
201300031497,13,1,4,2100,5,2,1,1.0,1,63113,M,,,63
201300031498,13,1,8,1421,1,2,1,1.0,2,63113,M,,,63
201300031499,13,1,8,1621,1,2,1,1.0,6,63113,M,4577692.0,311193.0,63
201300031500,13,1,8,1700,1,2,3,1.0,3,63113,M,4578608.0,309230.0,63
201300031501,13,1,9,1600,1,2,1,1.0,6,63075,M,4577149.0,306321.0,63
201300031502,13,1,10,800,2,2,3,1.0,3,63113,M,4577937.0,309420.0,63
201300031503,13,1,11,905,1,2,1,1.0,3,63113,M,4576234.0,312328.0,63
201300031504,13,1,11,1907,5,2,1,1.0,6,63014,M,,,63
201300031505,13,1,12,900,1,2,1,8.0,6,63075,M,,,63
201300031506,13,1,13,305,5,2,1,1.0,3,63113,M,,,63
201300031507,13,1,13,2100,5,2,1,1.0,2,63113,M,,,63
201300031508,13,1,14,1838,5,2,1,1.0,3,63113,M,4578919.0,308047.0,63
201300031509,13,1,15,1310,1,2,1,1.0,6,63113,M,,,63
201300031510,13,1,15,2050,5,2,1,8.0,6,63113,M,4577706.0,308858.0,63
201300031511,13,1,17,1752,2,2,1,1.0,6,63113,M,4577269.0,309754.0,63
201300031512,13,1,18,1930,3,1,1,1.0,3,63032,M,,,63
201300031513,13,1,19,1926,5,2,2,2.0,3,63113,M,,,63
201300031514,13,1,19,2025,5,2,1,2.0,6,63113,M,,,63
201300031515,13,1,21,930,1,2,1,1.0,4,63113,M,,,63
201300031516,13,1,22,1500,1,2,1,1.0,6,63113,M,4579218.0,309676.0,63
201300031517,13,1,22,1800,5,2,1,1.0,4,63032,M,4575234.0,308234.0,63
201300031518,13,1,22,1904,5,2,1,1.0,3,63113,M,,,63
201300031519,13,1,23,720,5,2,1,1.0,6,63032,M,,,63
201300031520,13,1,23,835,1,2,1,1.0,7,63075,M,4577513.0,306284.0,63
201300031521,13,1,23,908,1,2,1,8.0,6,63113,M,,,63
201300031522,13,1,24,1040,1,2,3,1.0,3,63113,M,4576951.0,308973.0,63
201300031523,13,1,25,1339,1,2,1,1.0,6,63113,M,,,63
201300031524,13,1,27,1303,1,2,1,1.0,6,63113,M,4581462.0,310697.0,63
201300031525,13,1,28,745,5,2,1,1.0,6,63113,M,,,63
201300031526,13,1,28,920,1,2,1,8.0,1,63113,M,,,63
201300031527,13,1,29,1230,1,2,2,1.0,5,63113,M,,,63
201300031528,13,1,29,1719,1,2,1,1.0,4,63014,M,,,63
201300031529,13,1,29,1755,1,2,1,1.0,6,63113,M,,,63
201300031530,13,1,29,1910,5,2,2,1.0,3,63113,M,4579223.0,311805.0,63
201300031531,13,1,29,2050,5,2,1,1.0,6,63113,M,,,63
201300031532,13,1,30,1125,1,2,1,1.0,6,63113,M,4578326.0,307607.0,63
201300031533,13,1,30,1400,1,2,1,1.0,6,63113,M,,,63
201300031534,13,1,31,2000,5,2,1,1.0,6,63113,M,4579134.0,311329.0,63
201300031535,13,2,1,2130,5,2,1,8.0,6,63113,M,4578040.0,308348.0,63
201300031536,13,2,3,1740,1,2,1,1.0,3,63113,M,,,63
201300031537,13,2,4,930,1,2,1,1.0,6,63113,M,4578155.0,310303.0,63
201300031538,13,2,4,1727,1,2,1,1.0,3,63113,M,,,63
201300031539,13,2,5,1351,1,2,1,1.0,6,63032,M,4574771.0,307355.0,63
201300031540,13,2,5,715,5,2,1,8.0,6,63113,M,,,63
201300031541,13,2,6,1500,1,2,1,1.0,4,63113,M,4578632.0,310342.0,63
201300031542,13,2,8,740,1,2,1,1.0,6,63113,M,,,63
201300031543,13,2,8,1727,1,2,1,1.0,6,63113,M,,,63
201300031544,13,2,10,1020,1,2,1,1.0,6,63113,M,,,63
201300031545,13,2,11,550,5,2,1,8.0,6,63113,M,4578002.0,307331.0,63
201300031546,13,2,11,1047,1,2,2,1.0,3,63113,M,4578401.0,307614.0,63
201300031547,13,2,11,1740,1,2,1,1.0,6,63113,M,4578035.0,308311.0,63
201300031548,13,2,12,1020,1,2,1,1.0,6,63113,M,,,63
201300031549,13,2,12,2009,5,2,1,1.0,6,63113,M,4577967.0,310692.0,63
201300031550,13,2,13,1515,1,2,1,1.0,6,63113,M,,,63
201300031551,13,2,13,2052,5,2,2,1.0,3,63113,M,4576800.0,308709.0,63
201300031552,13,2,14,2020,3,1,1,1.0,2,63032,M,,,63
201300031553,13,2,15,904,1,2,1,1.0,3,63070,M,,,63
201300031554,13,2,16,1710,1,2,1,1.0,6,63113,M,,,63
201300031555,13,2,16,1950,5,2,3,1.0,3,63113,M,4578448.0,306705.0,63
201300031556,13,2,17,1144,1,2,1,1.0,3,63113,M,,,63
201300031557,13,2,18,1640,1,2,1,1.0,4,63014,M,,,63
201300031558,13,2,19,1410,1,2,1,1.0,6,63014,M,,,63
201300031559,13,2,20,1600,1,2,1,1.0,6,63113,M,4577730.0,309597.0,63
201300031560,13,2,21,1920,5,2,1,1.0,6,63113,M,4577707.0,308112.0,63
201300031561,13,2,22,1150,1,2,2,1.0,3,63113,M,4575614.0,307746.0,63
201300031562,13,2,23,1203,1,2,1,1.0,3,63113,M,,,63
201300031563,13,2,28,620,3,1,1,1.0,6,63032,M,,,63
201300031564,13,2,28,820,1,2,1,1.0,6,63070,M,4576172.0,306510.0,63
201300031565,13,2,28,1605,1,2,1,1.0,6,63113,M,,,63
201300031566,13,3,2,1252,1,2,1,1.0,6,63113,M,,,63
201300031567,13,3,3,2320,5,2,1,1.0,6,63113,M,,,63
201300031568,13,3,5,915,1,2,1,1.0,6,63113,M,,,63
201300031569,13,3,5,1000,1,2,1,1.0,6,63113,M,4579981.0,311738.0,63
201300031570,13,3,6,1642,1,2,1,1.0,6,63113,M,,,63
201300031571,13,3,8,1620,1,2,1,1.0,2,63113,M,,,63
201300031572,13,3,4,840,1,2,1,1.0,7,63113,M,,,63
201300031573,13,3,11,1230,1,2,3,1.0,6,63113,M,4578546.0,310409.0,63
201300031574,13,3,11,1740,1,2,1,1.0,6,63113,M,,,63
201300031575,13,3,12,1020,1,2,1,1.0,6,63070,M,4573240.0,306371.0,63
201300031576,13,3,12,1530,1,2,1,1.0,2,63113,M,,,63
201300031577,13,3,13,900,1,2,1,1.0,6,63075,M,,,63
201300031578,13,3,14,1053,1,2,1,1.0,6,63113,M,4579168.0,307303.0,63
201300031579,13,3,15,740,1,2,1,1.0,2,63075,M,4576785.0,306007.0,63
201300031580,13,3,18,1800,1,2,1,1.0,6,63113,M,,,63
201300031581,13,3,20,1020,1,2,2,1.0,6,63113,M,4576790.0,308418.0,63
201300031582,13,3,20,1755,1,2,1,1.0,3,63113,M,,,63
201300031583,13,3,21,1733,1,2,1,1.0,6,63113,M,4577600.0,309009.0,63
201300031584,13,3,21,2240,5,2,1,1.0,3,63113,M,,,63
201300031585,13,3,22,1310,1,2,1,1.0,2,63014,M,4575296.0,313467.0,63
201300031586,13,3,22,1825,1,2,1,1.0,7,63014,M,,,63
201300031587,13,3,25,2023,1,2,1,1.0,6,63113,M,,,63
201300031588,13,3,23,850,1,2,1,8.0,6,63113,M,4576465.0,311022.0,63
201300031589,13,3,23,1030,1,2,1,1.0,2,63113,M,4578451.0,307885.0,63
201300031590,13,3,23,1614,1,2,1,3.0,6,63113,M,,,63
201300031591,13,3,24,1736,1,1,1,1.0,6,63113,M,,,63
201300031592,13,3,27,1910,1,2,1,1.0,3,63113,M,,,63
201300031593,13,3,30,1630,1,1,1,1.0,6,63113,M,,,63
201300031594,13,3,30,1943,1,2,1,1.0,3,63113,M,,,63
201300031595,13,4,2,2343,5,2,1,1.0,6,63113,M,,,63
201300031596,13,4,3,1200,1,2,1,1.0,2,63113,M,,,63
201300031597,13,4,8,1820,1,2,6,1.0,3,63014,M,4575044.0,310653.0,63
201300031598,13,4,6,540,5,2,1,1.0,6,63113,M,,,63
201300031599,13,4,7,510,5,2,1,1.0,6,63113,M,,,63
201300031600,13,4,8,1830,1,2,1,1.0,6,63070,M,4574396.0,305859.0,63
201300031601,13,4,9,1850,1,2,2,1.0,3,63113,M,,,63
201300031602,13,4,10,1549,1,2,1,1.0,3,63113,M,,,63
201300031603,13,4,10,2039,5,2,1,1.0,6,63113,M,,,63
201300031604,13,4,12,1220,1,2,1,8.0,6,63113,M,4579421.0,308772.0,63
201300031605,13,4,12,1320,1,2,1,1.0,6,63113,M,4578010.0,310782.0,63
201300031606,13,4,12,1520,1,2,2,1.0,3,63113,M,4578549.0,306471.0,63
201300031607,13,4,12,2000,1,2,1,1.0,6,63113,M,,,63
201300031608,13,4,13,1617,1,2,1,1.0,6,63113,M,4576624.0,309616.0,63
201300031609,13,4,17,1220,1,2,1,1.0,6,63113,M,4575873.0,310513.0,63
201300031610,13,4,17,1705,1,2,2,1.0,3,63113,M,4577798.0,311572.0,63
201300031611,13,4,17,1835,1,2,1,1.0,2,63113,M,,,63
201300031612,13,4,19,1600,1,2,1,1.0,6,63113,M,4576435.0,312574.0,63
201300031613,13,4,19,1830,1,2,1,1.0,2,63113,M,,,63
201300031614,13,4,23,913,1,2,4,1.0,3,63113,M,4578973.0,311807.0,63
201300031615,13,4,23,1040,1,2,1,1.0,3,63113,M,,,63
201300031616,13,4,23,1307,1,2,1,1.0,6,63113,M,4576528.0,310376.0,63
201300031617,13,4,23,1400,1,2,2,1.0,3,63113,M,4577178.0,308989.0,63
201300031618,13,4,25,829,1,2,1,1.0,2,63113,M,,,63
201300031619,13,4,25,2240,5,2,1,1.0,3,63113,M,,,63
201300031620,13,4,26,2235,5,2,2,8.0,1,63014,M,4575195.0,311797.0,63
201300031621,13,4,27,1430,1,2,1,1.0,6,63113,M,4581124.0,310680.0,63
201300031622,13,4,27,1640,1,2,1,8.0,3,63113,M,4577051.0,312910.0,63
201300031623,13,4,30,1117,1,2,4,3.0,1,63113,M,4578857.0,313438.0,63
201300031624,13,5,1,50,5,2,1,2.0,2,63113,M,,,63
201300031625,13,5,2,1504,1,2,1,1.0,3,63014,M,,,63
201300031626,13,5,2,1730,1,2,1,1.0,4,63113,M,,,63
201300031627,13,5,3,1220,1,2,1,1.0,4,63113,M,,,63
201300031628,13,5,6,1108,1,2,1,1.0,3,63113,M,,,63
201300031629,13,5,7,1040,1,2,3,1.0,6,63113,M,4577768.0,310912.0,63
201300031630,13,5,8,145,5,2,9,1.0,6,63113,M,4577516.0,311672.0,63
201300031631,13,5,10,1220,1,2,1,1.0,6,63113,M,,,63