Num_Acc,an,mois,jour,hrmn,lum,agg,int,atm,col,com,gps,lat,long,dep
201300031632,13,5,11,1607,1,2,1,1.0,4,63070,M,,,63
201300031633,13,5,13,30,5,2,1,1.0,6,63113,M,,,63
201300031634,13,5,14,1320,1,2,2,1.0,3,63113,M,4579352.0,307947.0,63
201300031635,13,5,14,1704,1,2,1,1.0,3,63113,M,4580179.0,311112.0,63
201300031636,13,5,15,1025,1,2,1,1.0,7,63113,M,,,63
201300031637,13,5,16,1120,1,2,1,8.0,6,63113,M,4578577.0,308088.0,63
201300031638,13,5,16,1735,1,2,1,1.0,2,63113,M,,,63
201300031639,13,5,16,1945,1,2,1,3.0,6,63113,M,,,63
201300031640,13,5,17,840,1,2,1,1.0,3,63113,M,4577083.0,312906.0,63
201300031641,13,5,18,45,5,2,1,1.0,2,63113,M,4578724.0,310551.0,63
201300031642,13,5,19,1225,1,2,1,1.0,7,63113,M,4576942.0,308726.0,63
201300031643,13,5,19,2251,5,2,2,1.0,3,63113,M,4577187.0,308996.0,63
201300031644,13,5,20,1843,1,2,1,1.0,6,63113,M,4580959.0,310715.0,63
201300031645,13,5,21,1212,1,2,1,1.0,6,63113,M,,,63
201300031646,13,5,21,1435,1,2,1,1.0,3,63113,M,4578006.0,313134.0,63
201300031647,13,5,22,1431,1,2,1,1.0,6,63032,M,4574792.0,307490.0,63
201300031648,13,5,23,1550,1,2,1,1.0,3,63113,M,,,63
201300031649,13,5,23,1647,1,2,1,1.0,3,63113,M,4576011.0,309391.0,63
201300031650,13,5,24,245,3,2,6,1.0,7,63113,M,4577939.0,314730.0,63
201300031651,13,5,24,1347,1,2,1,1.0,6,63113,M,,,63
201300031652,13,5,26,850,1,2,1,1.0,6,63113,M,4578942.0,308076.0,63
201300031653,13,5,27,750,1,2,1,1.0,4,63113,M,4577909.0,312734.0,63
201300031654,13,5,27,1645,1,2,1,1.0,3,63113,M,,,63
201300031655,13,5,28,1155,1,2,1,1.0,6,63075,M,4577920.0,306718.0,63
201300031656,13,5,30,1037,1,2,1,1.0,3,63113,M,,,63
201300031657,13,5,31,1109,1,2,1,1.0,6,63014,M,4575423.0,314100.0,63
201300031658,13,6,1,1840,1,2,1,1.0,6,63113,M,4576605.0,309032.0,63
201300031659,13,6,3,1408,1,2,1,1.0,3,63113,M,,,63
201300031660,13,6,4,1455,1,2,1,1.0,3,63113,M,,,63
201300031661,13,6,5,750,1,2,3,1.0,3,63113,M,4579018.0,309793.0,63
201300031662,13,6,5,1217,1,2,1,1.0,4,63113,M,,,63
201300031663,13,6,6,1212,1,2,1,1.0,6,63113,M,4576343.0,312807.0,63
201300031664,13,6,7,120,5,2,2,1.0,1,63113,M,4576677.0,310710.0,63
201300031665,13,6,7,847,1,2,1,1.0,4,63113,M,4578256.0,308463.0,63
201300031666,13,6,7,1840,1,2,1,1.0,5,63014,M,,,63
201300031667,13,6,8,1000,1,2,1,1.0,2,63113,M,,,63
201300031668,13,6,10,845,1,2,1,1.0,7,63113,M,,,63
201300031669,13,6,10,1501,1,2,2,1.0,6,63113,M,4577944.0,307767.0,63
201300031670,13,6,11,1155,1,2,1,1.0,3,63308,M,4576743.0,305591.0,63
201300031671,13,6,11,1535,1,2,1,1.0,2,63113,M,,,63
201300031672,13,6,12,1515,1,2,1,1.0,3,63113,M,,,63
201300031673,13,6,12,1805,1,2,3,1.0,3,63014,M,4575311.0,313525.0,63
201300031674,13,6,13,1241,1,2,1,1.0,3,63113,M,,,63
201300031675,13,6,13,1845,1,2,1,1.0,6,63113,M,4578430.0,308013.0,63
201300031676,13,6,13,2115,1,2,1,1.0,6,63113,M,,,63
201300031677,13,6,14,845,1,2,1,1.0,6,63113,M,4578009.0,307380.0,63
201300031678,13,6,15,1350,1,2,1,1.0,6,63113,M,,,63
201300031679,13,6,15,2025,1,2,2,1.0,3,63113,M,4577694.0,311773.0,63
201300031680,13,6,16,2256,5,2,1,1.0,3,63113,M,,,63
201300031681,13,6,17,1034,1,2,1,1.0,6,63075,M,4577553.0,306611.0,63
201300031682,13,6,17,1230,1,2,2,1.0,3,63113,M,4576552.0,309677.0,63
201300031683,13,6,17,1345,1,2,1,1.0,4,63113,M,,,63
201300031684,13,6,17,1630,1,2,1,1.0,4,63113,M,,,63
201300031685,13,6,18,2047,1,2,1,1.0,3,63113,M,4576822.0,307807.0,63
201300031686,13,6,21,910,1,2,1,1.0,6,63113,M,,,63
201300031687,13,6,22,1410,1,2,1,1.0,6,63075,M,,,63
201300031688,13,6,22,1815,1,2,1,1.0,6,63113,M,4578241.0,308471.0,63
201300031689,13,6,23,525,5,2,1,1.0,6,63113,M,,,63
201300031690,13,6,23,1440,1,2,2,1.0,3,63113,M,4579235.0,311782.0,63
201300031691,13,6,24,645,1,2,1,1.0,6,63113,M,,,63
201300031692,13,6,24,730,1,2,1,8.0,2,63113,M,4577349.0,309101.0,63
201300031693,13,6,24,914,1,2,6,1.0,2,63113,M,4576144.0,313238.0,63
201300031694,13,6,25,1000,1,2,1,1.0,1,63113,M,,,63
201300031695,13,6,27,1425,1,2,3,1.0,3,63113,M,,,63
201300031696,13,6,29,230,5,2,1,1.0,7,63075,M,4577376.0,306171.0,63
201300031697,13,7,2,1750,1,2,2,1.0,3,63113,M,4579294.0,311624.0,63
201300031698,13,7,3,1510,1,2,1,1.0,3,63113,M,,,63
201300031699,13,7,4,1545,1,2,1,1.0,4,63113,M,,,63
201300031700,13,7,4,1605,1,2,1,1.0,3,63113,M,,,63
201300031701,13,7,4,1740,1,2,1,1.0,2,63032,M,,,63
201300031702,13,7,7,1550,1,2,3,1.0,3,63113,M,4576870.0,312447.0,63
201300031703,13,7,6,310,5,2,1,1.0,6,63113,M,,,63
201300031704,13,7,8,2032,1,2,1,1.0,6,63113,M,,,63
201300031705,13,7,9,1710,1,2,1,1.0,6,63113,M,4579814.0,311797.0,63
201300031706,13,7,10,2000,1,2,1,1.0,6,63113,M,,,63
201300031707,13,7,10,1847,1,2,1,1.0,6,63113,M,,,63
201300031708,13,7,11,1500,1,2,1,1.0,6,63113,M,,,63
201300031709,13,7,12,1700,1,2,1,1.0,6,63113,M,,,63
201300031710,13,7,12,1929,1,2,1,1.0,6,63113,M,4576471.0,312488.0,63
201300031711,13,7,14,1140,1,2,1,1.0,6,63113,M,,,63
201300031712,13,7,14,1725,1,2,1,1.0,1,63113,M,4577099.0,308338.0,63
201300031713,13,7,15,1720,1,2,3,1.0,6,63113,M,4578717.0,308203.0,63
201300031714,13,7,16,1210,1,2,1,1.0,4,63113,M,4577218.0,312146.0,63
201300031715,13,7,16,1023,1,2,1,1.0,6,63113,M,,,63
201300031716,13,7,16,1245,1,2,1,1.0,6,63113,M,4576633.0,309514.0,63
201300031717,13,7,16,1656,1,2,1,1.0,6,63113,M,,,63
201300031718,13,7,18,830,1,2,1,1.0,6,63113,M,,,63
201300031719,13,7,19,1430,1,2,1,1.0,2,63113,M,4580232.0,310677.0,63
201300031720,13,7,23,1100,1,2,1,1.0,3,63113,M,4576510.0,312295.0,63
201300031721,13,7,26,900,1,1,1,1.0,7,63113,M,,,63
201300031722,13,7,27,650,1,2,1,1.0,3,63113,M,4577771.0,309011.0,63
201300031723,13,7,28,1825,1,2,3,1.0,3,63113,M,4576075.0,309862.0,63
201300031724,13,7,29,1350,1,1,1,1.0,7,63113,M,4578062.0,313123.0,63
201300031725,13,7,31,645,1,2,1,1.0,3,63113,M,4578062.0,313123.0,63
201300031726,13,7,31,1820,1,2,1,1.0,6,63113,M,4578113.0,307829.0,63
201300031727,13,8,1,747,1,2,1,1.0,6,63113,M,,,63
201300031728,13,8,2,2345,5,2,1,1.0,6,63113,M,4581419.0,312722.0,63
201300031729,13,8,3,900,1,2,1,1.0,6,63113,M,4576712.0,310114.0,63
201300031730,13,8,3,1230,1,2,1,1.0,3,63113,M,4578222.0,309589.0,63
201300031731,13,8,3,1650,1,2,1,1.0,6,63113,M,,,63
201300031732,13,8,3,2045,1,2,2,1.0,3,63113,M,4578753.0,310574.0,63
201300031733,13,8,4,550,1,2,1,1.0,3,63113,M,4576794.0,308312.0,63
201300031734,13,8,3,1955,1,2,1,1.0,6,63113,M,4579997.0,311643.0,63
201300031735,13,8,5,900,1,2,1,1.0,3,63113,M,,,63
201300031736,13,8,5,1450,1,2,1,1.0,3,63113,M,,,63
201300031737,13,8,7,1612,1,2,2,1.0,3,63075,M,4576849.0,307554.0,63
201300031738,13,8,8,2020,1,2,1,1.0,3,63113,M,,,63
201300031739,13,8,9,740,1,2,1,1.0,3,63014,M,,,63
201300031740,13,8,10,2150,5,2,1,1.0,1,63113,M,,,63
201300031741,13,8,10,2330,5,2,2,1.0,5,63113,M,4578456.0,309872.0,63
201300031742,13,8,13,1518,1,1,1,1.0,3,63113,M,,,63
201300031743,13,8,13,1730,1,2,1,1.0,6,63113,M,4577372.0,308832.0,63
201300031744,13,8,17,955,1,2,2,1.0,3,63113,M,4578311.0,307791.0,63
201300031745,13,8,20,1224,1,2,1,1.0,3,63113,M,,,63
201300031746,13,8,20,1940,1,2,2,1.0,3,63113,M,4578127.0,307630.0,63
201300031747,13,8,22,1106,1,2,1,1.0,3,63113,M,4578059.0,311767.0,63
201300031748,13,8,22,1130,1,2,1,1.0,3,63113,M,,,63
201300031749,13,8,23,920,1,2,2,1.0,3,63113,M,4576787.0,308310.0,63
201300031750,13,8,25,1950,1,2,1,1.0,4,63113,M,4578724.0,308475.0,63
201300031751,13,8,26,910,1,2,1,1.0,2,63113,M,4578291.0,308637.0,63
201300031752,13,8,26,1400,1,2,1,1.0,6,63113,M,,,63
201300031753,13,8,29,1839,1,2,1,1.0,6,63113,M,,,63
201300031754,13,8,29,1925,1,2,1,1.0,1,63113,M,4580647.0,311080.0,63
201300031755,13,8,30,840,1,1,1,1.0,2,63032,M,,,63
201300031756,13,8,30,1700,1,2,1,1.0,4,63113,M,,,63
201300031757,13,8,30,1946,1,2,1,1.0,6,63113,M,,,63
201300031758,13,8,31,1205,1,2,1,1.0,6,63113,M,4577533.0,308685.0,63
201300031759,13,9,2,550,1,2,1,1.0,3,63113,M,4578875.0,313940.0,63
201300031760,13,9,2,1055,1,2,1,1.0,6,63113,M,4580300.0,310777.0,63
201300031761,13,9,2,1035,1,2,1,1.0,3,63032,M,4575852.0,310194.0,63
201300031762,13,9,3,806,1,2,1,1.0,6,63113,M,4579900.0,312200.0,63
201300031763,13,9,3,1320,1,2,2,1.0,3,63075,M,4577725.0,307265.0,63
201300031764,13,9,3,1435,1,2,1,1.0,2,63113,M,4580959.0,310713.0,63
201300031765,13,9,4,1700,1,2,1,1.0,3,63113,M,4578280.0,310286.0,63
201300031766,13,9,5,1632,1,2,1,1.0,4,63113,M,,,63
201300031767,13,9,7,38,5,2,1,1.0,6,63014,M,4575526.0,314303.0,63
201300031768,13,9,7,1710,1,2,1,1.0,6,63113,M,,,63
201300031769,13,9,8,1355,1,2,1,2.0,6,63014,M,,,63
201300031770,13,9,8,1455,1,2,1,1.0,6,63113,M,,,63
201300031771,13,9,8,1526,1,2,1,1.0,2,63113,M,,,63
201300031772,13,9,6,1120,1,2,1,1.0,6,63113,M,,,63
201300031773,13,9,9,735,1,2,1,1.0,6,63113,M,,,63
201300031774,13,9,9,1302,1,2,1,1.0,7,63113,M,,,63
201300031775,13,9,9,1630,1,2,1,1.0,6,63113,M,,,63
201300031776,13,9,10,1730,1,2,1,1.0,2,63113,M,,,63
201300031777,13,9,11,1550,1,2,1,1.0,6,63113,M,4577656.0,308213.0,63
201300031778,13,9,12,1251,1,2,1,1.0,6,63113,M,,,63
201300031779,13,9,13,2215,5,2,1,1.0,2,63113,M,4578047.0,309108.0,63
201300031780,13,9,15,550,5,2,3,1.0,3,63113,M,4577049.0,310132.0,63
201300031781,13,9,16,1827,1,2,1,1.0,3,63014,M,,,63
201300031782,13,9,18,712,1,2,1,9.0,6,63113,M,4577982.0,309583.0,63
201300031783,13,9,18,845,1,2,1,1.0,6,63308,M,,,63
201300031784,13,9,18,1345,1,2,1,1.0,3,63113,M,4576464.0,308351.0,63
201300031785,13,9,18,1745,1,2,1,1.0,3,63113,M,,,63
201300031786,13,9,18,1825,1,2,1,1.0,6,63113,M,,,63
201300031787,13,9,18,1845,1,2,1,1.0,2,63113,M,4576827.0,310456.0,63
201300031788,13,9,18,2120,3,2,1,1.0,3,63113,M,,,63
201300031789,13,9,19,845,1,2,1,1.0,6,63113,M,,,63
201300031790,13,9,19,904,1,2,1,1.0,6,63113,M,4577744.0,308891.0,63
201300031791,13,9,19,915,1,2,1,1.0,4,63113,M,4576127.0,309449.0,63
201300031792,13,9,19,2045,5,2,2,1.0,3,63113,M,4578838.0,309549.0,63
201300031793,13,9,19,2030,5,2,1,1.0,4,63113,M,0.0,0.0,63
201300031794,13,9,30,1930,1,2,1,1.0,6,63113,M,4577405.0,309552.0,63
201300031795,13,9,21,940,1,2,6,1.0,3,63113,M,,,63
201300031796,13,9,21,1140,1,2,1,1.0,2,63113,M,,,63
201300031797,13,9,24,1850,2,2,2,1.0,3,63113,M,4576421.0,312553.0,63
201300031798,13,9,25,1520,1,2,1,1.0,3,63113,M,,,63
201300031799,13,9,25,1738,1,2,1,1.0,6,63113,M,4578208.0,313295.0,63
201300031800,13,9,26,1340,1,2,1,1.0,2,63113,M,,,63
201300031801,13,9,24,709,2,2,1,1.0,3,63113,M,,,63
201300031802,13,9,20,1345,1,2,1,1.0,6,63113,M,,,63
201300031803,13,9,27,1640,1,2,1,1.0,3,63032,M,,,63
201300031804,13,9,27,2050,5,2,2,1.0,3,63113,M,4579256.0,309163.0,63
201300031805,13,9,28,425,5,2,1,1.0,6,63113,M,,,63
201300031806,13,9,28,850,1,2,1,1.0,3,63014,M,,,63
201300031807,13,9,29,1921,1,2,1,1.0,6,63113,M,4578879.0,310813.0,63
201300031808,13,9,29,530,2,2,1,1.0,6,63113,M,,,63
201300031809,13,9,30,945,1,2,1,1.0,2,63070,M,,,63
201300031810,13,9,28,2240,5,2,1,8.0,3,63113,M,,,63
201300031811,13,9,30,950,1,2,2,1.0,3,63014,M,4575553.0,312928.0,63
201300031812,13,9,30,2115,5,2,1,1.0,6,63075,M,,,63
201300031813,13,10,3,747,2,2,1,1.0,3,63113,M,,,63
201300031814,13,10,3,2115,2,2,1,1.0,3,63113,M,,,63
201300031815,13,10,4,830,1,2,1,1.0,2,63113,M,,,63
201300031816,13,10,4,939,1,2,1,2.0,6,63113,M,4576870.0,312952.0,63
201300031817,13,10,4,1210,1,2,1,1.0,6,63113,M,,,63
201300031818,13,10,4,2250,5,2,1,1.0,2,63113,M,,,63
201300031819,13,10,4,1740,1,2,1,2.0,6,63113,M,,,63
201300031820,13,10,6,1700,1,2,1,1.0,3,63113,M,,,63
201300031821,13,10,5,1931,5,2,1,1.0,6,63014,M,,,63
201300031822,13,10,7,2140,5,1,1,8.0,3,63113,M,,,63
201300031823,13,10,8,800,2,2,2,1.0,3,63113,M,4576960.0,308729.0,63
201300031824,13,10,10,1210,1,2,1,1.0,3,63113,M,,,63
201300031825,13,10,10,1620,1,2,1,1.0,3,63113,M,,,63
201300031826,13,10,12,1545,1,2,1,1.0,2,63014,M,,,63
201300031827,13,10,13,615,5,2,2,1.0,6,63113,M,4576799.0,308661.0,63
201300031828,13,10,14,746,1,2,1,1.0,3,63113,M,,,63
201300031829,13,10,14,1420,1,2,1,1.0,6,63113,M,,,63
201300031830,13,10,15,820,1,2,1,1.0,1,63308,M,,,63
201300031831,13,10,16,1105,1,2,1,1.0,3,63113,M,,,63
201300031832,13,10,16,1330,1,2,1,1.0,6,63075,M,4576778.0,306022.0,63
201300031833,13,10,17,925,1,2,1,1.0,3,63075,M,,,63
201300031834,13,10,17,1530,1,2,1,1.0,7,63113,M,4576672.0,312235.0,63
201300031835,13,10,17,1610,1,2,1,1.0,6,63113,M,,,63
201300031836,13,10,18,750,1,2,3,1.0,3,63113,M,4575884.0,308125.0,63
201300031837,13,10,18,1048,1,2,1,1.0,4,63113,M,,,63
201300031838,13,10,18,1122,1,2,1,1.0,6,63113,M,,,63
201300031839,13,10,18,1300,1,2,1,1.0,3,63075,M,4578078.0,307110.0,63
201300031840,13,10,18,1310,1,2,1,1.0,1,63113,M,4578909.0,310428.0,63
201300031841,13,10,18,1530,1,2,1,1.0,6,63113,M,,,63
201300031842,13,10,18,1715,1,2,3,1.0,3,63032,M,4574929.0,308793.0,63
201300031843,13,10,20,25,5,2,1,1.0,6,63113,M,,,63
201300031844,13,10,22,1229,1,2,1,1.0,6,63113,M,,,63
201300031845,13,10,22,1400,1,2,1,1.0,3,63113,M,4577483.0,310380.0,63
201300031846,13,10,23,1014,1,2,3,2.0,6,63113,M,4577375.0,308145.0,63
201300031847,13,10,23,1520,1,2,1,1.0,6,63113,M,,,63
201300031848,13,10,24,740,1,2,1,1.0,6,63113,M,,,63
201300031849,13,10,24,1620,1,2,1,1.0,6,63113,M,,,63
201300031850,13,10,26,1800,5,2,1,1.0,6,63113,M,4579162.0,311320.0,63
201300031851,13,10,26,1930,2,2,1,1.0,6,63113,M,4577281.0,311833.0,63
201300031852,13,10,26,1930,1,2,1,1.0,3,63113,M,4577257.0,307905.0,63
201300031853,13,10,27,400,5,2,1,1.0,6,63113,M,,,63
201300031854,13,10,28,1515,1,2,1,8.0,3,63014,M,4575334.0,311718.0,63
201300031855,13,10,29,1354,1,2,1,1.0,3,63075,M,4577903.0,306488.0,63
201300031856,13,10,29,1640,1,2,1,1.0,3,63014,M,4575971.0,314163.0,63
201300031857,13,10,29,2130,5,2,1,1.0,3,63113,M,,,63
201300031858,13,11,2,30,5,2,1,1.0,3,63113,M,,,63
201300031859,13,10,31,1853,2,2,1,1.0,4,63113,M,4577247.0,307511.0,63
201300031860,13,11,3,1555,1,2,1,1.0,7,63014,M,,,63
201300031861,13,11,4,856,1,2,1,1.0,1,63113,M,,,63
201300031862,13,11,4,911,1,2,1,1.0,6,63113,M,,,63
201300031863,13,11,5,1655,1,2,1,1.0,6,63113,M,4578716.0,308705.0,63
201300031864,13,11,6,730,1,2,1,8.0,3,63113,M,,,63
201300031865,13,11,6,1900,5,2,1,1.0,6,63113,M,4577533.0,309008.0,63
201300031866,13,11,7,1735,2,2,1,1.0,6,63113,M,,,63
201300031867,13,11,8,1336,1,2,2,1.0,6,63113,M,4577189.0,309382.0,63
201300031868,13,11,9,1111,1,2,1,1.0,7,63014,M,,,63
201300031869,13,11,9,1515,1,2,1,1.0,3,63113,M,,,63
201300031870,13,11,10,1600,1,2,1,1.0,1,63113,M,4579933.0,311748.0,63
201300031871,13,11,12,840,1,2,1,1.0,7,63113,M,,,63
201300031872,13,11,13,655,5,2,1,1.0,6,63113,M,4576512.0,309086.0,63
201300031873,13,11,14,750,5,2,1,8.0,6,63113,M,4579695.0,311622.0,63
201300031874,13,11,15,1229,1,2,1,1.0,6,63113,M,4575747.0,309446.0,63
201300031875,13,11,15,1230,1,2,1,1.0,7,63113,M,,,63
201300031876,13,11,15,1335,1,2,1,1.0,6,63113,M,,,63
201300031877,13,11,15,1545,1,2,1,3.0,6,63113,M,,,63
201300031878,13,11,15,1750,5,2,1,8.0,5,63113,M,,,63
201300031879,13,11,16,450,5,2,1,1.0,6,63113,M,4581555.0,310699.0,63
201300031880,13,11,16,2245,5,2,1,1.0,6,63113,M,,,63
201300031881,13,11,17,50,5,2,1,1.0,4,63113,M,4577869.0,309600.0,63
201300031882,13,11,17,950,1,2,1,1.0,6,63113,M,,,63
201300031883,13,11,17,1025,1,2,1,8.0,6,63113,M,4577347.0,308683.0,63
201300031884,13,11,18,1230,1,2,1,1.0,6,63113,M,,,63
201300031885,13,11,18,738,2,2,1,1.0,6,63113,M,,,63
201300031886,13,11,18,1700,1,2,1,1.0,2,63070,M,,,63
201300031887,13,11,19,735,5,2,1,2.0,2,63113,M,,,63
201300031888,13,11,19,744,1,2,1,1.0,6,63075,M,,,63
201300031889,13,11,19,900,1,2,1,2.0,6,63070,M,,,63
201300031890,13,11,20,840,1,2,1,2.0,2,63113,M,4577348.0,309142.0,63
201300031891,13,11,20,1720,5,2,1,8.0,6,63113,M,,,63
201300031892,13,11,21,745,2,2,1,1.0,6,63113,M,,,63
201300031893,13,11,22,840,1,2,3,1.0,7,63113,M,4580657.0,311249.0,63
201300031894,13,11,22,1310,1,2,1,1.0,6,63113,M,,,63
201300031895,13,11,23,1823,5,2,1,9.0,6,63113,M,,,63
201300031896,13,11,23,2030,5,2,1,1.0,3,63113,M,,,63
201300031897,13,11,24,1744,2,2,1,8.0,3,63113,M,,,63
201300031898,13,11,25,2040,5,2,1,1.0,6,63113,M,,,63
201300031899,13,11,26,1445,1,1,1,1.0,6,63113,M,,,63
201300031900,13,11,27,1615,1,2,1,1.0,6,63113,M,,,63
201300031901,13,11,27,1638,1,2,1,1.0,6,63113,M,,,63
201300031902,13,11,27,1750,5,2,1,1.0,6,63113,M,4576440.0,308659.0,63
201300031903,13,12,2,1155,1,2,1,1.0,6,63113,M,,,63
201300031904,13,12,2,2255,5,2,1,1.0,6,63113,M,,,63
201300031905,13,12,7,20,5,2,1,1.0,6,63113,M,,,63
201300031906,13,12,12,1850,3,1,1,1.0,2,63113,M,,,63
201300031907,13,12,16,2225,5,2,1,1.0,6,63113,M,,,63
201300031908,13,12,14,1330,1,2,1,1.0,6,63113,M,4579345.0,311762.0,63
201300031909,13,12,25,2350,5,2,1,2.0,6,63113,M,4579214.0,311805.0,63
201300031910,13,12,28,341,5,2,1,1.0,2,63113,M,4577249.0,307512.0,63
201300031911,13,12,29,2032,5,2,1,1.0,6,63113,M,,,63
201300031912,13,12,26,1710,2,2,1,1.0,3,63124,M,4575033.0,315932.0,63
201300031913,13,2,9,1345,1,2,1,9.0,3,63124,M,,,63
201300031914,13,2,9,1830,2,2,2,9.0,3,63069,M,4571845.0,318450.0,63
201300031915,13,2,17,1540,1,2,1,1.0,3,63124,M,4573116.0,319646.0,63
201300031916,13,2,26,1920,5,2,2,1.0,3,63193,M,4578011.0,320257.0,63
201300031917,13,2,28,1530,1,2,4,1.0,3,63193,M,4577963.0,320370.0,63
201300031918,13,3,12,2000,5,2,2,1.0,2,63193,M,4577269.0,318425.0,63
201300031919,13,3,18,1400,1,1,1,1.0,2,63124,M,,,63
201300031920,13,3,27,1620,1,1,1,1.0,5,63124,M,,,63
201300031921,13,3,28,1210,1,1,1,2.0,3,63124,M,,,63
201300031922,13,3,31,1700,1,2,1,1.0,6,63193,M,4576880.0,318398.0,63
201300031923,13,4,23,1625,1,2,1,1.0,5,63124,M,4573813.0,316922.0,63
201300031924,13,4,24,1755,1,2,1,1.0,2,63124,M,4573033.0,320608.0,63
201300031925,13,4,24,1825,1,2,1,1.0,7,63124,M,4573299.0,321061.0,63
201300031926,13,5,6,1025,1,1,2,1.0,5,63193,M,,,63
201300031927,13,4,30,815,1,2,6,2.0,7,63193,M,4577656.0,319756.0,63
201300031928,13,5,13,1225,1,2,1,1.0,2,63124,M,,,63
201300031929,13,5,27,1645,1,2,2,1.0,3,63193,M,,,63
201300031930,13,5,30,810,1,1,3,1.0,3,63193,M,4577670.0,318025.0,63
201300031931,13,6,3,1755,1,2,2,1.0,3,63193,M,4578066.0,320584.0,63
201300031932,13,6,15,1150,1,2,2,1.0,3,63193,M,4577929.0,320352.0,63
201300031933,13,6,19,1530,1,2,1,1.0,1,63124,M,4574722.0,316750.0,63
201300031934,13,6,30,1945,1,2,6,1.0,3,63124,M,4573568.0,319296.0,63
201300031935,13,6,26,1850,1,2,1,1.0,2,63272,M,,,63
201300031936,13,6,20,1325,1,1,1,1.0,6,63193,M,,,63
201300031937,13,7,1,1850,1,2,4,1.0,3,63193,M,4577559.0,319262.0,63
201300031938,13,7,3,2225,5,2,1,1.0,7,63193,M,,,63
201300031939,13,8,5,645,2,2,6,1.0,3,63124,M,4574616.0,321179.0,63
201300031940,13,8,31,1055,1,2,2,1.0,7,63124,M,4574339.0,316753.0,63
201300031941,13,9,3,1745,1,2,1,1.0,3,63124,M,4573242.0,318926.0,63
201300031942,13,9,6,1840,1,1,1,1.0,7,63193,M,,,63
201300031943,13,9,12,1450,1,1,1,1.0,3,63124,M,,,63
201300031944,13,9,23,845,1,2,1,1.0,3,63069,M,,,63
201300031945,13,9,27,1600,1,2,1,1.0,7,63124,M,,,63
201300031946,13,9,28,1455,1,2,2,1.0,3,63124,M,4573372.0,320674.0,63
201300031947,13,10,1,1210,1,2,6,1.0,3,63124,M,4574106.0,317459.0,63
201300031948,13,10,15,725,2,2,3,2.0,5,63124,M,,,63
201300031949,13,10,15,1810,1,1,6,2.0,2,63193,M,4578415.0,321330.0,63
201300031950,13,10,18,2145,5,1,1,1.0,6,63193,M,,,63
201300031951,13,11,13,920,1,2,1,2.0,7,63193,M,,,63
201300031952,13,11,25,1925,5,2,3,1.0,3,63193,M,4576833.0,319666.0,63
201300031953,13,11,29,530,3,1,1,1.0,6,63124,M,,,63
201300031954,13,11,29,1145,1,2,1,8.0,3,63069,M,,,63
201300031955,13,12,1,1400,1,1,1,1.0,3,63193,M,,,63
201300031956,13,12,4,1830,5,2,1,1.0,6,63124,M,4573109.0,320238.0,63
201300031957,13,12,6,1315,1,2,1,1.0,6,63193,M,,,63
201300031958,13,12,6,1730,5,2,2,1.0,6,63272,M,4574000.0,314035.0,63
201300031959,13,12,17,1225,1,2,1,1.0,2,63193,M,,,63
201300031960,13,2,1,1215,1,2,1,1.0,6,63164,M,4548538.0,345699.0,63
201300031961,13,3,30,2050,5,2,3,2.0,3,63164,M,4581911.0,315009.0,63
201300031962,13,5,12,840,1,2,2,1.0,6,63164,M,,,63
201300031963,13,6,6,1510,1,2,1,1.0,6,63164,M,,,63
201300031964,13,6,8,1140,1,2,1,1.0,6,63063,M,4583020.0,309987.0,63
201300031965,13,6,16,915,1,2,1,1.0,6,63063,M,4583383.0,309650.0,63
201300031966,13,6,23,2115,1,2,2,1.0,6,63113,M,4581672.0,310693.0,63
201300031967,13,8,5,1130,1,2,1,1.0,6,63063,M,,,63
201300031968,13,8,7,1715,1,2,6,1.0,3,63164,M,,,63
201300031969,13,8,10,1700,1,2,2,1.0,6,63063,M,4583037.0,310232.0,63
201300031970,13,8,12,2030,1,2,6,1.0,6,63164,M,4582712.0,315085.0,63
201300031971,13,10,17,1010,1,2,1,2.0,7,63164,M,4581592.0,314680.0,63
201300031972,13,10,22,1900,2,2,1,1.0,6,63164,M,,,63
201300031973,13,10,24,1215,1,2,3,1.0,3,63164,M,4582004.0,314409.0,63
201300031974,13,11,6,2135,4,2,1,1.0,6,63063,M,,,63
201300031975,13,12,6,1945,3,2,1,1.0,6,63019,M,,,63
201300031976,13,12,2,1745,3,2,1,1.0,6,63164,M,,,63
201300031977,13,3,20,1,5,2,3,1.0,6,63300,M,4587935.0,311402.0,63
201300031978,13,6,7,1815,1,2,1,1.0,3,63300,M,,,63
201300031979,13,6,22,1100,1,2,2,1.0,6,63300,M,4553129.0,345699.0,63
201300031980,13,7,6,1730,1,2,1,1.0,6,63103,M,4555225.0,345699.0,63
201300031981,13,10,11,2040,3,1,1,8.0,5,63103,M,,,63