Num_Acc,an,mois,jour,hrmn,lum,agg,int,atm,col,com,gps,lat,long,dep
201300031982,13,11,5,1845,2,2,3,1.0,6,63300,M,4588205.0,312218.0,63
201300031983,13,11,8,1330,1,2,1,1.0,6,63300,M,4589001.0,311266.0,63
201300031984,13,1,5,1115,1,2,1,8.0,2,64102,M,4351210.0,-143997.0,64
201300031985,13,1,10,1630,1,2,1,2.0,6,64102,M,4348940.0,-148363.0,64
201300031986,13,1,11,2215,5,2,3,8.0,3,64102,M,4349340.0,-146536.0,64
201300031987,13,1,12,840,1,2,3,3.0,6,64102,M,4349250.0,-147132.0,64
201300031988,13,1,16,730,5,2,1,3.0,6,64102,M,4347640.0,-148416.0,64
201300031989,13,1,22,1735,2,2,1,2.0,1,64024,M,4347890.0,-150480.0,64
201300031990,13,1,23,1530,1,2,1,2.0,6,64102,M,4348520.0,-147633.0,64
201300031991,13,1,24,800,2,2,6,2.0,6,64024,M,4347770.0,-152384.0,64
201300031992,13,1,29,750,2,2,6,1.0,3,64024,M,4349400.0,-151851.0,64
201300031993,13,2,5,1015,1,2,3,8.0,2,64024,M,4348110.0,-153457.0,64
201300031994,13,2,7,750,1,2,1,8.0,1,64024,M,4348670.0,-150365.0,64
201300031995,13,2,10,930,1,1,1,8.0,7,64102,M,4347130.0,-149165.0,64
201300031996,13,2,10,1520,1,2,3,1.0,3,64024,M,4349110.0,-151373.0,64
201300031997,13,2,16,1050,1,2,3,1.0,3,64024,M,4348350.0,-150831.0,64
201300031998,13,2,20,850,1,2,1,1.0,2,64102,M,4347900.0,-149848.0,64
201300031999,13,2,20,1245,1,2,1,1.0,3,64102,M,4349810.0,-144841.0,64
201300032000,13,2,27,1740,1,2,1,1.0,7,64102,M,4349370.0,-145927.0,64
201300032001,13,3,5,1510,1,2,3,1.0,3,64024,M,4348120.0,-151064.0,64
201300032002,13,3,13,2000,5,2,1,4.0,6,64102,M,4348860.0,-147792.0,64
201300032003,13,3,15,1555,1,2,3,1.0,3,64024,M,4348120.0,-151064.0,64
201300032004,13,3,15,1800,1,2,1,1.0,6,64102,M,4350290.0,-145231.0,64
201300032005,13,3,21,820,1,2,1,1.0,6,64102,M,4349860.0,-148773.0,64
201300032006,13,3,23,1250,1,2,1,1.0,3,64102,M,4346690.0,-149295.0,64
201300032007,13,3,29,1610,1,2,1,8.0,6,64102,M,4349250.0,-147355.0,64
201300032008,13,3,29,1710,1,2,6,8.0,6,64024,M,4348330.0,-150195.0,64
201300032009,13,3,31,1610,1,2,1,1.0,3,64024,M,4348120.0,-151077.0,64
201300032010,13,4,3,1220,1,2,1,1.0,3,64024,M,4349510.0,-153360.0,64
201300032011,13,4,4,1310,1,2,1,2.0,2,64024,M,4347980.0,-151679.0,64
201300032012,13,4,7,1720,1,2,1,1.0,7,64024,M,4349250.0,-152100.0,64
201300032013,13,4,13,1920,1,2,6,1.0,3,64102,M,4348670.0,-146903.0,64
201300032014,13,4,13,2015,1,2,1,1.0,3,64102,M,4348990.0,-147919.0,64
201300032015,13,4,15,750,1,2,2,1.0,3,64102,M,4347640.0,-148407.0,64
201300032016,13,4,15,1840,1,2,1,1.0,3,64102,M,4351120.0,-144216.0,64
201300032017,13,4,17,1615,1,2,3,1.0,3,64024,M,4348250.0,-150532.0,64
201300032018,13,4,20,1823,1,2,3,1.0,3,64024,M,4348760.0,-150078.0,64
201300032019,13,4,20,2150,5,2,6,1.0,7,64024,M,4346500.0,-149961.0,64
201300032020,13,4,21,2045,2,2,1,1.0,2,64024,M,4346080.0,-149611.0,64
201300032021,13,4,23,1925,1,2,1,1.0,7,64024,M,4348030.0,-152021.0,64
201300032022,13,4,25,1718,1,2,1,1.0,3,64024,M,4349330.0,-151497.0,64
201300032023,13,4,25,1920,1,2,1,1.0,4,64140,M,4352270.0,-149023.0,64
201300032024,13,4,30,930,1,2,3,2.0,3,64102,M,4348260.0,-148342.0,64
201300032025,13,5,4,1440,1,2,1,1.0,7,64102,M,4348080.0,-146301.0,64
201300032026,13,5,4,1725,1,2,1,1.0,7,64102,M,4350710.0,-148593.0,64
201300032027,13,5,7,955,1,2,1,8.0,3,64102,M,4350820.0,-146761.0,64
201300032028,13,5,10,1525,1,2,1,1.0,6,64024,M,4348220.0,-151462.0,64
201300032029,13,5,11,1845,1,2,1,1.0,5,64102,M,4349780.0,-148591.0,64
201300032030,13,5,21,1830,1,2,1,2.0,7,64024,M,4347740.0,-152438.0,64
201300032031,13,5,22,1430,1,2,3,2.0,6,64102,M,4349520.0,-148783.0,64
201300032032,13,5,22,1345,1,2,1,3.0,7,64102,M,4347400.0,-148984.0,64
201300032033,13,6,10,1455,1,2,6,1.0,3,64102,M,4350230.0,-147832.0,64
201300032034,13,6,10,2150,2,2,1,1.0,7,64102,M,4349710.0,-148774.0,64
201300032035,13,6,14,2025,1,2,1,1.0,2,64024,M,4348340.0,-151099.0,64
201300032036,13,6,17,2045,1,2,1,1.0,3,64102,M,4348760.0,-148383.0,64
201300032037,13,6,18,1800,1,2,6,2.0,7,64102,M,4349930.0,-148171.0,64
201300032038,13,6,18,2255,5,2,1,3.0,6,64024,M,4348780.0,-153083.0,64
201300032039,13,6,21,230,5,2,1,8.0,6,64102,M,4348730.0,-148496.0,64
201300032040,13,6,22,1530,1,2,1,1.0,7,64102,M,4348660.0,-147934.0,64
201300032041,13,6,27,838,1,2,6,1.0,7,64102,M,4349990.0,-145419.0,64
201300032042,13,6,27,1225,1,2,1,1.0,2,64024,M,4347990.0,-150721.0,64
201300032043,13,7,1,1556,1,2,2,1.0,3,64140,M,4352800.0,-147414.0,64
201300032044,13,7,2,1735,1,2,1,1.0,3,64024,M,4348030.0,-150942.0,64
201300032045,13,7,5,1115,1,2,6,1.0,2,64102,M,4349100.0,-145402.0,64
201300032046,13,7,6,1830,1,2,1,1.0,3,64024,M,4349330.0,-151536.0,64
201300032047,13,7,7,1030,1,2,1,1.0,2,64102,M,4348100.0,-146029.0,64
201300032048,13,7,8,1350,1,2,1,1.0,1,64102,M,4349300.0,-147912.0,64
201300032049,13,7,12,1305,1,2,1,1.0,3,64024,M,4348450.0,-150504.0,64
201300032050,13,7,13,1515,1,2,6,1.0,6,64102,M,4350010.0,-146681.0,64
201300032051,13,7,15,35,5,2,1,1.0,3,64024,M,4349060.0,-151172.0,64
201300032052,13,7,15,1500,1,2,1,1.0,2,64102,M,4351410.0,-146707.0,64
201300032053,13,7,17,535,5,2,1,1.0,7,64102,M,4350300.0,-147546.0,64
201300032054,13,7,17,1330,1,2,1,1.0,7,64102,M,4349230.0,-145306.0,64
201300032055,13,7,23,455,5,2,1,2.0,7,64102,M,4347120.0,-149137.0,64
201300032056,13,7,26,330,5,2,1,8.0,5,64102,M,4350380.0,-147077.0,64
201300032057,13,7,27,225,3,2,1,2.0,1,64102,M,4350970.0,-148693.0,64
201300032058,13,7,29,1130,1,2,3,1.0,3,64024,M,4348760.0,-150067.0,64
201300032059,13,7,29,1700,1,2,3,1.0,3,64024,M,4350240.0,-150713.0,64
201300032060,13,7,29,2255,5,2,1,1.0,1,64024,M,4350400.0,-152636.0,64
201300032061,13,7,31,1200,1,2,6,1.0,3,64102,M,4349580.0,-148423.0,64
201300032062,13,7,31,2345,5,2,2,1.0,3,64024,M,4348800.0,-153596.0,64
201300032063,13,8,1,1355,1,2,1,1.0,6,64102,M,4349270.0,-147168.0,64
201300032064,13,8,1,1358,1,2,3,1.0,3,64102,M,4349530.0,-148239.0,64
201300032065,13,8,5,2340,5,2,1,2.0,6,64024,M,4349390.0,-152012.0,64
201300032066,13,8,10,2125,2,2,1,1.0,7,64024,M,4348190.0,-149775.0,64
201300032067,13,8,14,2245,2,2,1,1.0,7,64140,M,4352490.0,-150794.0,64
201300032068,13,8,18,925,1,2,6,1.0,6,64102,M,4349050.0,-146763.0,64
201300032069,13,8,19,600,5,2,1,1.0,1,64024,M,4349020.0,-153409.0,64
201300032070,13,8,20,754,1,2,1,1.0,3,64140,M,4352740.0,-149206.0,64
201300032071,13,8,20,1235,1,2,1,1.0,6,64024,M,4349210.0,-152884.0,64
201300032072,13,8,21,1155,1,2,1,1.0,1,64102,M,4349790.0,-146294.0,64
201300032073,13,8,25,1735,1,2,1,2.0,3,64102,M,4350480.0,-146730.0,64
201300032074,13,8,26,1700,1,2,3,8.0,3,64024,M,4348080.0,-151284.0,64
201300032075,13,8,27,1837,1,2,6,1.0,3,64024,M,4346560.0,-149529.0,64
201300032076,13,8,28,735,1,2,3,1.0,3,64024,M,4347370.0,-149631.0,64
201300032077,13,8,28,1550,1,2,1,1.0,3,64102,M,4349650.0,-146978.0,64
201300032078,13,9,1,1100,1,2,1,1.0,6,64024,M,4350010.0,-149068.0,64
201300032079,13,9,3,1130,1,2,1,1.0,3,64024,M,4348260.0,-150498.0,64
201300032080,13,9,3,1205,1,2,1,1.0,6,64102,M,4349460.0,-148575.0,64
201300032081,13,9,4,1030,1,2,1,1.0,1,64140,M,4352660.0,-149495.0,64
201300032082,13,9,4,2300,5,2,1,1.0,3,64024,M,4347950.0,-149833.0,64
201300032083,13,9,5,230,5,2,1,1.0,7,64140,M,4351950.0,-148638.0,64
201300032084,13,9,5,1245,1,2,1,1.0,3,64102,M,4349070.0,-148165.0,64
201300032085,13,9,5,1450,1,2,1,1.0,7,64024,M,4349050.0,-152447.0,64
201300032086,13,9,7,1330,1,2,1,2.0,3,64102,M,4349830.0,-146749.0,64
201300032087,13,9,9,1610,1,2,1,1.0,2,64102,M,4348040.0,-147516.0,64
201300032088,13,9,10,1406,1,2,1,1.0,2,64140,M,4352000.0,-148871.0,64
201300032089,13,9,11,2155,5,2,3,1.0,3,64024,M,4350400.0,-149516.0,64
201300032090,13,9,13,745,2,2,1,2.0,2,64024,M,4345890.0,-149581.0,64
201300032091,13,9,13,905,1,2,3,2.0,7,64102,M,4349030.0,-146746.0,64
201300032092,13,9,13,1131,1,2,1,8.0,6,64102,M,4349260.0,-147537.0,64
201300032093,13,9,18,920,1,2,3,2.0,3,64024,M,4348020.0,-152110.0,64
201300032094,13,9,20,1810,1,2,6,8.0,6,64024,M,4349820.0,-149363.0,64
201300032095,13,9,25,1615,1,2,1,1.0,6,64102,M,4348410.0,-147724.0,64
201300032096,13,9,28,1750,1,1,1,8.0,6,64024,M,4348370.0,-150360.0,64
201300032097,13,9,29,120,5,2,1,1.0,7,64102,M,4349300.0,-147821.0,64
201300032098,13,10,1,1640,1,2,2,1.0,3,64102,M,4348520.0,-149408.0,64
201300032099,13,10,1,1715,1,2,1,1.0,7,64024,M,4349730.0,-150193.0,64
201300032100,13,10,6,600,5,2,1,8.0,7,64102,M,4348600.0,-147211.0,64
201300032101,13,10,7,1635,1,2,1,1.0,6,64024,M,4349930.0,-149310.0,64
201300032102,13,10,10,2014,5,2,1,1.0,3,64102,M,4349460.0,-146846.0,64
201300032103,13,10,12,2110,5,2,3,1.0,6,64140,M,4353190.0,-146112.0,64
201300032104,13,10,21,850,1,2,1,1.0,2,64102,M,4349210.0,-145331.0,64
201300032105,13,10,22,730,5,2,6,1.0,3,64102,M,4348860.0,-149127.0,64
201300032106,13,10,27,1745,1,2,1,1.0,6,64024,M,4349320.0,-151673.0,64
201300032107,13,10,27,1740,1,2,6,1.0,3,64024,M,4349950.0,-154055.0,64
201300032108,13,10,31,1925,5,1,3,1.0,3,64102,M,4349590.0,-149121.0,64
201300032109,13,11,7,825,1,2,2,1.0,3,64102,M,4349340.0,-148009.0,64
201300032110,13,11,12,735,1,2,4,2.0,5,64024,M,4348790.0,-153598.0,64
201300032111,13,11,24,745,2,2,1,8.0,6,64102,M,4348410.0,-149881.0,64
201300032112,13,11,25,1845,5,2,1,8.0,6,64102,M,4348560.0,-149207.0,64
201300032113,13,11,27,1815,5,2,1,8.0,4,64102,M,4350460.0,-146740.0,64
201300032114,13,11,28,2100,5,2,2,8.0,3,64102,M,4349380.0,-147684.0,64
201300032115,13,11,29,1605,1,2,1,1.0,3,64102,M,4349150.0,-149169.0,64
201300032116,13,12,4,800,5,2,1,8.0,2,64102,M,4349230.0,-147350.0,64
201300032117,13,12,7,505,5,2,1,1.0,6,64024,M,4352450.0,-150538.0,64
201300032118,13,12,7,925,1,2,1,1.0,6,64140,M,4352370.0,-149024.0,64
201300032119,13,12,8,1630,1,2,1,1.0,7,64024,M,4352650.0,-151230.0,64
201300032120,13,12,9,1900,5,1,6,1.0,3,64024,M,4348330.0,-150195.0,64
201300032121,13,12,10,1045,1,2,6,1.0,3,64024,M,4352620.0,-151447.0,64
201300032122,13,12,11,1645,1,2,1,1.0,3,64102,M,4347020.0,-148833.0,64
201300032123,13,12,13,1735,5,2,1,2.0,3,64102,M,4349660.0,-145054.0,64
201300032124,13,12,14,1105,1,2,1,1.0,3,64102,M,4349890.0,-148143.0,64
201300032125,13,12,17,1755,2,2,1,1.0,3,64024,M,4347460.0,-153079.0,64
201300032126,13,12,18,955,1,1,1,1.0,3,64102,M,4350370.0,-144663.0,64
201300032127,13,12,19,1920,5,2,6,2.0,3,64024,M,4349720.0,-150988.0,64
201300032128,13,12,29,1615,1,2,1,2.0,7,64024,M,4349400.0,-152538.0,64
201300032129,13,1,7,2114,5,2,1,8.0,6,64122,M,4346710.0,-157120.0,64
201300032130,13,1,11,1845,2,2,9,1.0,3,64122,M,4348620.0,-153909.0,64
201300032131,13,1,14,820,5,2,9,8.0,2,64125,M,4344680.0,-157910.0,64
201300032132,13,1,17,755,5,2,2,8.0,1,64122,M,4348730.0,-154718.0,64
201300032133,13,1,24,1445,1,2,1,1.0,5,64122,M,,,64
201300032134,13,1,26,413,5,2,1,8.0,6,64125,M,4342690.0,-160366.0,64
201300032135,13,2,18,1910,2,2,1,1.0,6,64122,M,4347420.0,-155933.0,64
201300032136,13,3,3,1510,1,2,1,1.0,3,64024,M,4349160.0,-154531.0,64
201300032137,13,3,7,2020,5,2,1,1.0,6,64122,M,4348160.0,-154760.0,64
201300032138,13,3,16,1420,1,2,1,1.0,3,64038,M,4346670.0,-153800.0,64
201300032139,13,4,1,1622,1,2,1,1.0,6,64122,M,4346710.0,-157118.0,64
201300032140,13,4,11,355,5,2,1,1.0,6,64122,M,4344900.0,-156454.0,64
201300032141,13,4,17,1945,1,2,1,1.0,6,64122,M,4348540.0,-154983.0,64
201300032142,13,4,19,300,5,2,1,2.0,6,64122,M,4347390.0,-154531.0,64
201300032143,13,5,16,800,1,2,1,2.0,6,64122,M,4348820.0,-155252.0,64
201300032144,13,6,9,2323,5,2,1,2.0,3,64125,M,,,64
201300032145,13,6,12,1730,1,2,1,1.0,2,64125,M,,,64
201300032146,13,6,15,1305,1,2,6,1.0,1,64024,M,4348740.0,-153692.0,64
201300032147,13,6,29,110,5,2,1,1.0,7,64122,M,,,64
201300032148,13,7,11,230,5,2,1,1.0,7,64122,M,4349100.0,-155200.0,64
201300032149,13,7,12,915,1,2,1,1.0,7,64125,M,,,64
201300032150,13,7,13,1910,1,2,1,1.0,6,64125,M,4344800.0,-157314.0,64
201300032151,13,7,21,405,5,2,1,1.0,6,64122,M,,,64
201300032152,13,7,24,845,1,2,1,1.0,3,64122,M,4347730.0,-156521.0,64
201300032153,13,7,24,1700,1,2,1,1.0,4,64125,M,4345100.0,-157458.0,64
201300032154,13,7,26,1912,1,2,1,1.0,3,64125,M,4343080.0,-159869.0,64
201300032155,13,7,27,1220,1,2,1,1.0,3,64122,M,4348110.0,-154103.0,64
201300032156,13,7,31,1900,1,2,1,1.0,3,64122,M,4345110.0,-155638.0,64
201300032157,13,8,3,1620,1,2,1,1.0,2,64122,M,4345160.0,-155251.0,64
201300032158,13,8,6,1330,1,2,1,1.0,6,64122,M,4345870.0,-154735.0,64
201300032159,13,8,9,2010,1,2,1,1.0,3,64122,M,4348060.0,-155874.0,64
201300032160,13,8,11,242,5,2,1,1.0,6,64125,M,4344370.0,-158499.0,64
201300032161,13,8,24,510,5,2,1,1.0,6,64125,M,,,64
201300032162,13,8,26,1605,1,2,1,1.0,6,64125,M,,,64
201300032163,13,9,4,2115,2,2,4,1.0,3,64122,M,4348450.0,-155485.0,64
201300032164,13,10,2,1825,1,2,9,1.0,3,64125,M,4343010.0,-159968.0,64
201300032165,13,10,26,825,1,2,3,1.0,6,64122,M,4348540.0,-155625.0,64
201300032166,13,10,27,1005,1,2,9,1.0,3,64122,M,4347550.0,-154028.0,64
201300032167,13,11,20,1810,5,2,1,3.0,6,64122,M,4348010.0,-156192.0,64
201300032168,13,12,5,1845,2,2,1,1.0,5,64125,M,4343350.0,-159532.0,64
201300032169,13,12,6,2255,5,2,1,1.0,6,64122,M,4348740.0,-154716.0,64
201300032170,13,12,15,1040,1,2,1,1.0,6,64125,M,4344550.0,-158375.0,64
201300032171,13,12,17,1315,1,2,1,1.0,3,64122,M,4348290.0,-155822.0,64
201300032172,13,12,21,1510,1,2,1,1.0,2,64122,M,4348220.0,-156710.0,64
201300032173,13,12,29,955,1,2,1,3.0,6,64024,M,4347930.0,-153579.0,64
201300032174,13,12,31,1715,1,2,1,1.0,6,64125,M,4344720.0,-157514.0,64
201300032175,13,1,4,1703,1,2,3,1.0,3,64445,M,4329440.0,-37722.0,64
201300032176,13,1,4,1700,1,2,1,7.0,6,64445,M,4331810.0,-37870.0,64
201300032177,13,1,7,1234,1,2,3,2.0,3,64445,M,4329730.0,-36925.0,64
201300032178,13,1,9,1458,1,2,1,1.0,6,64445,M,4329960.0,-36848.0,64
201300032179,13,1,10,1815,5,2,1,2.0,6,64445,M,4330790.0,-35878.0,64
201300032180,13,1,11,1113,1,2,3,1.0,3,64445,M,4330880.0,-38026.0,64
201300032181,13,1,12,15,5,2,1,1.0,6,64445,M,4330190.0,-36091.0,64
201300032182,13,1,14,1811,5,2,1,2.0,6,64445,M,4329230.0,-36902.0,64
201300032183,13,1,14,1845,5,2,1,2.0,6,64445,M,4332270.0,-37937.0,64
201300032184,13,1,15,1700,1,2,1,2.0,1,64335,M,4331620.0,-43629.0,64
201300032185,13,1,17,1255,1,2,2,1.0,6,64445,M,4333110.0,-37969.0,64
201300032186,13,1,18,805,2,2,3,2.0,3,64445,M,4330910.0,-37681.0,64
201300032187,13,1,18,1228,1,2,1,1.0,3,64445,M,4329550.0,-35902.0,64
201300032188,13,1,24,1230,1,2,1,2.0,4,64335,M,4332540.0,-43881.0,64
201300032189,13,1,25,1610,1,2,7,1.0,6,64445,M,4329940.0,-37259.0,64
201300032190,13,1,26,1140,1,2,6,3.0,3,64445,M,4331120.0,-36237.0,64
201300032191,13,1,26,1525,1,2,6,1.0,6,64445,M,4333820.0,-37973.0,64
201300032192,13,1,26,1640,1,2,6,1.0,3,64445,M,4331120.0,-36235.0,64
201300032193,13,1,26,1820,5,2,1,1.0,1,64445,M,4331650.0,-35320.0,64
201300032194,13,1,30,1345,1,2,3,1.0,3,64445,M,4330940.0,-36396.0,64
201300032195,13,1,31,1205,1,2,3,1.0,3,64348,M,4330650.0,-40428.0,64
201300032196,13,1,31,1802,1,2,3,1.0,2,64445,M,4330030.0,-37514.0,64
201300032197,13,2,2,1115,1,2,1,2.0,3,64445,M,4329940.0,-39124.0,64
201300032198,13,2,2,1135,1,2,1,1.0,2,64445,M,4331080.0,-37708.0,64
201300032199,13,2,2,1749,2,2,1,2.0,6,64335,M,4332770.0,-44307.0,64
201300032200,13,2,2,1932,5,2,1,1.0,3,64129,M,4330480.0,-40125.0,64
201300032201,13,2,3,955,1,2,1,1.0,2,64445,M,4328850.0,-38010.0,64
201300032202,13,2,3,1945,5,2,3,1.0,1,64445,M,4332140.0,-36039.0,64
201300032203,13,2,6,1730,1,2,1,2.0,2,64445,M,4331490.0,-37787.0,64
201300032204,13,2,6,1940,5,2,1,2.0,6,64445,M,4332930.0,-34533.0,64
201300032205,13,2,6,1950,5,2,1,2.0,4,64445,M,4332380.0,-37453.0,64
201300032206,13,2,7,805,2,2,2,1.0,3,64284,M,4329210.0,-40133.0,64
201300032207,13,2,8,1545,1,2,1,2.0,3,64445,M,4330280.0,-35282.0,64
201300032208,13,2,11,1200,1,2,2,4.0,6,64445,M,4331000.0,-36920.0,64
201300032209,13,2,11,1905,5,2,1,2.0,6,64445,M,4329610.0,-38234.0,64
201300032210,13,2,13,1620,1,2,2,1.0,3,64129,M,4330800.0,-38257.0,64
201300032211,13,2,13,1736,1,2,3,1.0,7,64445,M,4330120.0,-35934.0,64
201300032212,13,2,19,1600,1,2,2,1.0,6,64445,M,4329720.0,-36648.0,64
201300032213,13,2,19,1740,1,2,1,1.0,6,64445,M,4330280.0,-36181.0,64
201300032214,13,2,19,2350,5,2,2,1.0,2,64445,M,4329830.0,-35836.0,64
201300032215,13,2,21,1925,4,2,1,1.0,6,64284,M,4327750.0,-38835.0,64
201300032216,13,2,22,1420,1,2,3,1.0,3,64399,M,4334810.0,-37993.0,64
201300032217,13,2,23,1817,1,2,1,1.0,3,64315,M,4331580.0,-43029.0,64
201300032218,13,2,25,800,1,2,2,4.0,1,64129,M,4330720.0,-39039.0,64
201300032219,13,2,25,2220,5,2,2,4.0,3,64445,M,4329900.0,-36308.0,64
201300032220,13,2,27,1450,1,2,6,1.0,2,64445,M,4331860.0,-35982.0,64
201300032221,13,2,28,1720,1,2,1,1.0,6,64445,M,4330350.0,-36458.0,64
201300032222,13,3,1,1615,1,2,1,1.0,2,64445,M,4330380.0,-31608.0,64
201300032223,13,3,2,245,5,2,1,1.0,6,64445,M,4330250.0,-37557.0,64
201300032224,13,3,2,2125,3,2,2,1.0,3,64445,M,4330740.0,-36391.0,64
201300032225,13,3,4,1514,1,2,2,1.0,2,64445,M,4330180.0,-35621.0,64
201300032226,13,3,4,2145,5,2,2,1.0,3,64445,M,4331390.0,-37575.0,64
201300032227,13,3,6,759,2,2,1,1.0,2,64445,M,4330110.0,-39435.0,64
201300032228,13,3,7,805,1,2,1,1.0,1,64445,M,4330210.0,-32314.0,64
201300032229,13,3,7,1340,1,2,1,1.0,3,64335,M,4331680.0,-42318.0,64
201300032230,13,3,7,1800,1,2,1,1.0,2,64335,M,4332780.0,-43842.0,64
201300032231,13,3,8,1010,1,2,1,1.0,4,64335,M,4333840.0,-46290.0,64
201300032232,13,3,11,1005,1,2,3,1.0,3,64445,M,4331390.0,-37666.0,64
201300032233,13,3,15,2210,5,2,1,1.0,6,64335,M,4332700.0,-43918.0,64
201300032234,13,3,18,1338,1,2,1,2.0,2,64445,M,4330880.0,-37281.0,64
201300032235,13,3,19,743,1,2,1,1.0,3,64315,M,4331950.0,-45246.0,64
201300032236,13,3,19,1753,1,2,1,1.0,3,64445,M,4330400.0,-36621.0,64
201300032237,13,3,20,1100,1,2,2,1.0,2,64445,M,4330600.0,-37656.0,64
201300032238,13,3,21,930,1,2,2,1.0,6,64445,M,4329880.0,-37545.0,64
201300032239,13,3,21,1028,1,2,8,1.0,4,64284,M,4328120.0,-38585.0,64
201300032240,13,3,21,1220,1,2,1,1.0,3,64445,M,4330600.0,-38801.0,64
201300032241,13,3,22,1100,1,2,2,1.0,3,64445,M,4331240.0,-32688.0,64
201300032242,13,3,23,631,2,2,1,1.0,6,64335,M,4331330.0,-41659.0,64
201300032243,13,3,25,140,5,2,1,1.0,6,64269,M,4329530.0,-30707.0,64
201300032244,13,3,27,2110,5,2,2,1.0,3,64445,M,4330910.0,-37679.0,64
201300032245,13,3,28,1731,1,2,1,1.0,6,64129,M,4330860.0,-40819.0,64
201300032246,13,3,29,435,5,2,1,1.0,6,64445,M,4329850.0,-37049.0,64
201300032247,13,3,29,1907,5,2,2,8.0,3,64129,M,4330430.0,-40027.0,64
201300032248,13,4,3,1635,1,2,1,1.0,4,64445,M,4328480.0,-38451.0,64
201300032249,13,4,3,1815,1,2,1,1.0,4,64445,M,4331920.0,-36680.0,64
201300032250,13,4,9,2110,5,2,2,1.0,3,64445,M,4330180.0,-35624.0,64
201300032251,13,4,10,1844,1,2,2,1.0,3,64445,M,4330940.0,-36397.0,64
201300032252,13,4,11,15,5,2,2,1.0,3,64445,M,4329870.0,-37690.0,64
201300032253,13,4,12,730,1,2,1,1.0,3,64335,M,4332420.0,-43690.0,64
201300032254,13,4,12,1920,1,2,1,1.0,3,64237,M,4328150.0,-36762.0,64
201300032255,13,4,13,300,5,2,2,1.0,3,64445,M,4330250.0,-37553.0,64
201300032256,13,4,15,1720,1,2,1,1.0,6,64445,M,4331580.0,-33769.0,64
201300032257,13,4,16,1220,1,2,1,1.0,2,64399,M,4334190.0,-37983.0,64
201300032258,13,4,17,846,1,2,2,1.0,6,64445,M,4329450.0,-37716.0,64
201300032259,13,4,17,1540,1,2,1,1.0,2,64335,M,4332780.0,-44362.0,64
201300032260,13,4,18,1310,1,2,1,1.0,6,64335,M,4333760.0,-43358.0,64
201300032261,13,4,19,1210,1,2,1,1.0,3,64445,M,4328800.0,-39023.0,64
201300032262,13,4,19,1540,1,2,1,1.0,6,64399,M,4334510.0,-37990.0,64
201300032263,13,4,20,1629,1,2,1,1.0,2,64269,M,4329780.0,-30189.0,64
201300032264,13,4,3,1715,1,2,1,1.0,6,64445,M,4330060.0,-36967.0,64
201300032265,13,4,23,2032,5,2,2,1.0,3,64445,M,4330180.0,-37756.0,64
201300032266,13,4,25,845,1,2,2,1.0,3,64445,M,4332820.0,-38572.0,64
201300032267,13,4,25,1330,1,2,2,1.0,3,64445,M,4332050.0,-35258.0,64
201300032268,13,4,25,1620,1,2,2,1.0,3,64445,M,4329460.0,-37711.0,64
201300032269,13,4,26,1140,1,2,3,2.0,6,64445,M,4329990.0,-36846.0,64
201300032270,13,4,27,1310,1,2,6,1.0,3,64445,M,4331100.0,-36286.0,64
201300032271,13,4,30,1600,1,2,1,1.0,3,64445,M,4330770.0,-35651.0,64
201300032272,13,5,3,1300,1,2,2,1.0,3,64445,M,4330670.0,-32754.0,64
201300032273,13,5,6,1000,1,2,2,1.0,2,64445,M,4332140.0,-36036.0,64
201300032274,13,5,8,1800,1,2,1,2.0,4,64269,M,4329790.0,-30209.0,64
201300032275,13,5,9,1545,1,2,1,1.0,3,64445,M,4330880.0,-35482.0,64
201300032276,13,5,10,1440,1,2,1,1.0,4,64348,M,4330900.0,-40879.0,64
201300032277,13,5,10,1640,1,2,3,1.0,3,64445,M,4331800.0,-31836.0,64
201300032278,13,5,11,1223,1,2,3,1.0,5,64445,M,4332480.0,-35732.0,64
201300032279,13,5,12,1625,1,2,3,1.0,3,64445,M,4331180.0,-37548.0,64
201300032280,13,5,13,1331,1,2,1,1.0,6,64445,M,4330390.0,-36566.0,64
201300032281,13,5,13,1558,1,2,1,1.0,6,64129,M,4330260.0,-39689.0,64
201300032282,13,5,16,815,1,2,6,2.0,3,64132,M,4329890.0,-32203.0,64
201300032283,13,5,16,912,1,2,1,2.0,4,64445,M,4329340.0,-37568.0,64
201300032284,13,5,17,758,2,2,1,1.0,6,64445,M,,,64
201300032285,13,5,19,1335,1,2,2,1.0,3,64129,M,4330210.0,-39626.0,64