Num_Acc,an,mois,jour,hrmn,lum,agg,int,atm,col,com,gps,lat,long,dep
201300032286,13,5,20,1647,1,1,2,1.0,3,64445,M,4330490.0,-35704.0,64
201300032287,13,5,22,1505,1,2,1,2.0,2,64445,M,4329890.0,-37384.0,64
201300032288,13,5,24,922,1,2,3,1.0,3,64445,M,4330570.0,-37034.0,64
201300032289,13,5,27,1600,1,2,1,1.0,5,64445,M,4330940.0,-34444.0,64
201300032290,13,5,28,1715,1,2,1,1.0,6,64445,M,4329900.0,-35190.0,64
201300032291,13,5,29,755,1,2,2,2.0,6,64445,M,4329910.0,-37278.0,64
201300032292,13,6,3,1910,1,2,6,1.0,2,64445,M,4333820.0,-37973.0,64
201300032293,13,6,4,1150,1,2,1,1.0,3,64445,M,4331380.0,-36317.0,64
201300032294,13,6,4,1710,1,2,1,1.0,3,64445,M,4330050.0,-31132.0,64
201300032295,13,6,4,1720,1,2,1,1.0,4,64445,M,4330050.0,-31149.0,64
201300032296,13,6,6,1523,1,2,1,1.0,3,64445,M,4331090.0,-36315.0,64
201300032297,13,6,10,1209,1,2,1,1.0,2,64445,M,4330530.0,-37341.0,64
201300032298,13,6,11,1347,1,2,3,1.0,3,64445,M,4329210.0,-36838.0,64
201300032299,13,6,12,740,1,2,1,1.0,3,64348,M,4330650.0,-41002.0,64
201300032300,13,6,12,915,1,2,1,1.0,3,64129,M,4331520.0,-38588.0,64
201300032301,13,6,12,1358,1,2,1,1.0,2,64445,M,4332110.0,-35914.0,64
201300032302,13,6,12,1750,1,2,3,1.0,3,64335,M,4333210.0,-45135.0,64
201300032303,13,6,14,1605,1,2,1,7.0,2,64348,M,4330620.0,-40362.0,64
201300032304,13,6,16,1135,1,2,1,1.0,6,64445,M,4332930.0,-37772.0,64
201300032305,13,6,16,1600,1,2,1,1.0,3,64284,M,4328590.0,-41293.0,64
201300032306,13,6,19,1216,1,2,1,1.0,2,64129,M,4330350.0,-38815.0,64
201300032307,13,6,19,1530,1,2,3,2.0,1,64445,M,4329900.0,-36668.0,64
201300032308,13,6,19,1524,1,2,3,2.0,3,64348,M,4330870.0,-40825.0,64
201300032309,13,6,19,2030,2,2,1,2.0,6,64445,M,4330210.0,-36729.0,64
201300032310,13,6,20,1122,1,2,1,1.0,4,64445,M,4329570.0,-35913.0,64
201300032311,13,6,20,1400,1,2,1,1.0,1,64445,M,,,64
201300032312,13,6,20,1830,1,2,1,1.0,6,64445,M,4330890.0,-35577.0,64
201300032313,13,6,20,2000,2,2,1,1.0,5,64445,M,,,64
201300032314,13,6,21,825,2,2,2,2.0,2,64445,M,4332660.0,-34169.0,64
201300032315,13,6,25,1205,1,2,1,1.0,2,64041,M,4328120.0,-33362.0,64
201300032316,13,6,26,1216,1,2,1,1.0,2,64284,M,4328550.0,-38844.0,64
201300032317,13,7,2,1500,1,2,1,1.0,2,64445,M,4330570.0,-33712.0,64
201300032318,13,7,2,1605,1,2,3,1.0,3,64445,M,4330290.0,-37890.0,64
201300032319,13,7,2,1740,1,2,1,1.0,4,64348,M,,,64
201300032320,13,7,2,1900,1,2,1,1.0,2,64269,M,,,64
201300032321,13,7,5,900,1,2,1,1.0,6,64445,M,4332020.0,-30523.0,64
201300032322,13,7,5,1200,1,2,1,1.0,3,64335,M,4331940.0,-42425.0,64
201300032323,13,7,5,2005,1,2,3,1.0,3,64284,M,4329220.0,-40124.0,64
201300032324,13,7,6,1118,1,2,1,1.0,4,64445,M,4330350.0,-34777.0,64
201300032325,13,7,8,1730,1,2,1,1.0,6,64445,M,4330600.0,-33579.0,64
201300032326,13,7,8,1825,1,2,2,1.0,3,64445,M,4332020.0,-34219.0,64
201300032327,13,7,9,1136,1,2,6,1.0,3,64445,M,4332150.0,-35919.0,64
201300032328,13,7,10,1210,1,2,1,1.0,2,64445,M,4331370.0,-36977.0,64
201300032329,13,7,10,1215,1,2,1,1.0,6,64445,M,4330210.0,-36560.0,64
201300032330,13,7,12,1625,1,2,1,1.0,6,64335,M,4331560.0,-43026.0,64
201300032331,13,7,12,2004,1,2,1,1.0,6,64445,M,4331270.0,-35819.0,64
201300032332,13,7,13,1048,1,2,2,1.0,3,64284,M,4329210.0,-40125.0,64
201300032333,13,7,17,1600,1,2,6,1.0,3,64335,M,4332330.0,-42057.0,64
201300032334,13,7,17,2030,1,2,1,1.0,3,64335,M,4331790.0,-42716.0,64
201300032335,13,7,18,1752,1,2,1,1.0,3,64445,M,4329780.0,-38585.0,64
201300032336,13,7,18,2245,3,2,1,1.0,6,64129,M,4331330.0,-38102.0,64
201300032337,13,7,20,1630,1,2,3,1.0,3,64445,M,4330930.0,-34416.0,64
201300032338,13,7,21,1045,1,2,3,1.0,3,64348,M,4330850.0,-42730.0,64
201300032339,13,7,26,833,1,2,1,1.0,3,64348,M,4332620.0,-38713.0,64
201300032340,13,7,29,818,1,2,1,1.0,3,64445,M,4330520.0,-32860.0,64
201300032341,13,8,1,652,1,2,1,1.0,6,64445,M,4330530.0,-37316.0,64
201300032342,13,8,6,1710,1,2,6,1.0,6,64129,M,4330130.0,-40976.0,64
201300032343,13,8,8,1815,1,2,1,1.0,3,64445,M,4330210.0,-35517.0,64
201300032344,13,8,11,2055,1,2,3,1.0,3,64445,M,4330260.0,-31924.0,64
201300032345,13,8,13,1419,1,2,1,1.0,6,64445,M,4330520.0,-36100.0,64
201300032346,13,8,13,1748,1,2,1,1.0,3,64445,M,4332650.0,-32938.0,64
201300032347,13,8,14,1740,1,2,1,1.0,3,64445,M,4333370.0,-37972.0,64
201300032348,13,8,15,1140,1,2,2,1.0,3,64445,M,4330020.0,-36698.0,64
201300032349,13,8,20,1802,1,2,1,1.0,6,64445,M,4331420.0,-33324.0,64
201300032350,13,8,21,800,1,2,6,1.0,3,64129,M,4330580.0,-40008.0,64
201300032351,13,8,21,1155,1,2,1,1.0,6,64445,M,4329640.0,-38418.0,64
201300032352,13,8,22,1820,1,2,1,1.0,6,64129,M,,,64
201300032353,13,8,29,1737,1,2,1,1.0,3,64445,M,4334180.0,-37983.0,64
201300032354,13,8,31,1550,1,2,1,1.0,6,64132,M,4329560.0,-32340.0,64
201300032355,13,9,9,1830,1,2,1,1.0,2,64329,M,4329800.0,-30263.0,64
201300032356,13,9,10,1100,1,2,1,1.0,2,64445,M,4332050.0,-35223.0,64
201300032357,13,9,11,720,1,2,1,1.0,1,64445,M,4333380.0,-35899.0,64
201300032358,13,9,11,849,1,2,1,1.0,6,64445,M,4329450.0,-35489.0,64
201300032359,13,9,12,1945,2,2,2,1.0,3,64445,M,4331230.0,-38636.0,64
201300032360,13,9,13,1735,1,2,1,1.0,6,64335,M,4334400.0,-43073.0,64
201300032361,13,9,15,40,5,2,1,1.0,1,64237,M,4327890.0,-35960.0,64
201300032362,13,9,16,1430,1,2,1,1.0,2,64335,M,4331660.0,-42283.0,64
201300032363,13,9,17,830,1,2,2,2.0,3,64445,M,4331870.0,-38128.0,64
201300032364,13,9,24,653,2,2,6,1.0,3,64445,M,4331650.0,-37483.0,64
201300032365,13,9,24,1002,1,2,6,1.0,3,64445,M,,,64
201300032366,13,9,24,1512,1,2,3,1.0,3,64445,M,4331130.0,-35640.0,64
201300032367,13,9,24,2035,5,2,1,1.0,6,64445,M,4330150.0,-36930.0,64
201300032368,13,9,27,730,2,2,6,1.0,6,64335,M,4334420.0,-43436.0,64
201300032369,13,9,27,1641,1,1,1,1.0,5,64335,M,4335740.0,-44227.0,64
201300032370,13,9,30,1637,1,2,2,1.0,3,64445,M,4330180.0,-35621.0,64
201300032371,13,9,30,2000,4,2,2,1.0,3,64445,M,4331180.0,-37545.0,64
201300032372,13,10,2,1815,1,2,2,1.0,3,64445,M,4329460.0,-37716.0,64
201300032373,13,10,3,1617,1,2,1,1.0,3,64445,M,4332690.0,-37964.0,64
201300032374,13,10,3,1808,1,2,1,1.0,6,64348,M,4334360.0,-37987.0,64
201300032375,13,10,7,836,2,2,2,1.0,3,64445,M,4331420.0,-33325.0,64
201300032376,13,10,8,900,1,2,1,1.0,2,64445,M,4332170.0,-36249.0,64
201300032377,13,10,11,1807,1,2,1,1.0,2,64445,M,4329330.0,-38331.0,64
201300032378,13,10,14,1937,4,2,2,1.0,3,64445,M,4330350.0,-36238.0,64
201300032379,13,10,17,735,5,2,2,1.0,3,64129,M,4331020.0,-38912.0,64
201300032380,13,10,17,1402,1,2,6,1.0,2,64445,M,4331160.0,-36306.0,64
201300032381,13,10,20,40,5,2,2,1.0,5,64445,M,4331180.0,-37541.0,64
201300032382,13,10,20,1040,1,2,1,1.0,2,64445,M,4332710.0,-37964.0,64
201300032383,13,10,22,1105,1,2,1,1.0,6,64445,M,4332290.0,-37937.0,64
201300032384,13,10,22,1648,1,2,2,1.0,3,64445,M,4329600.0,-37650.0,64
201300032385,13,10,22,1810,2,2,1,2.0,3,64445,M,4330870.0,-36399.0,64
201300032386,13,10,25,1405,1,2,1,1.0,2,64348,M,4332250.0,-38652.0,64
201300032387,13,10,25,2317,5,2,1,1.0,7,64445,M,4329670.0,-38548.0,64
201300032388,13,10,30,1122,1,2,1,1.0,3,64348,M,4334810.0,-38034.0,64
201300032389,13,10,31,730,1,1,3,1.0,3,64284,M,4329110.0,-39489.0,64
201300032390,13,10,31,1155,1,1,1,1.0,2,64348,M,4334520.0,-37990.0,64
201300032391,13,11,2,1800,2,1,1,1.0,1,64445,M,4333530.0,-36815.0,64
201300032392,13,11,4,1228,1,2,1,2.0,2,64348,M,4330980.0,-41030.0,64
201300032393,13,11,5,1020,1,2,1,3.0,6,64284,M,4328710.0,-39015.0,64
201300032394,13,11,5,1914,3,2,1,2.0,6,64445,M,4330660.0,-38010.0,64
201300032395,13,11,6,1220,1,2,1,1.0,6,64373,M,4327810.0,-35353.0,64
201300032396,13,11,6,1500,1,2,6,1.0,3,64335,M,4332630.0,-44064.0,64
201300032397,13,11,6,1517,1,2,3,1.0,3,64348,M,4332100.0,-39167.0,64
201300032398,13,11,7,1925,3,2,3,1.0,3,64445,M,4330400.0,-37580.0,64
201300032399,13,11,8,825,1,2,1,1.0,6,64335,M,4331950.0,-42412.0,64
201300032400,13,11,9,550,5,2,1,1.0,6,64445,M,4329330.0,-36950.0,64
201300032401,13,11,10,50,5,2,1,2.0,6,64269,M,4329760.0,-30110.0,64
201300032402,13,11,11,1810,5,2,2,1.0,6,64445,M,4330600.0,-34406.0,64
201300032403,13,11,12,1812,3,2,1,1.0,6,64335,M,4334210.0,-43381.0,64
201300032404,13,11,13,145,5,2,1,1.0,7,64445,M,4329560.0,-37869.0,64
201300032405,13,11,13,838,1,2,1,1.0,3,64445,M,,,64
201300032406,13,11,13,1215,1,2,1,1.0,2,64348,M,,,64
201300032407,13,11,14,1730,2,2,3,2.0,3,64445,M,4329900.0,-36307.0,64
201300032408,13,11,14,1730,2,2,1,2.0,3,64445,M,4333150.0,-35866.0,64
201300032409,13,11,14,1750,2,2,3,2.0,3,64445,M,4330230.0,-37771.0,64
201300032410,13,11,14,1845,5,2,1,2.0,2,64445,M,,,64
201300032411,13,11,14,1849,2,2,3,2.0,3,64445,M,4329860.0,-37685.0,64
201300032412,13,11,14,2200,5,2,3,2.0,3,64445,M,4329830.0,-37138.0,64
201300032413,13,11,15,1745,2,2,1,2.0,2,64348,M,,,64
201300032414,13,11,15,1845,5,2,1,3.0,3,64348,M,4332870.0,-38600.0,64
201300032415,13,11,15,2050,5,2,3,2.0,3,64445,M,4330340.0,-36429.0,64
201300032416,13,11,18,1836,5,2,1,2.0,6,64445,M,4331510.0,-35716.0,64
201300032417,13,11,19,1050,1,2,1,2.0,4,64445,M,4331400.0,-37012.0,64
201300032418,13,11,20,1730,2,2,1,1.0,3,64348,M,4330690.0,-42072.0,64
201300032419,13,11,21,810,1,2,1,2.0,6,64129,M,4330610.0,-38790.0,64
201300032420,13,11,21,1818,5,2,1,3.0,6,64445,M,4330060.0,-36033.0,64
201300032421,13,11,21,2030,5,2,2,3.0,3,64445,M,4332660.0,-34175.0,64
201300032422,13,11,22,1544,1,2,1,1.0,2,64445,M,4329220.0,-36483.0,64
201300032423,13,11,26,1155,1,2,3,1.0,3,64445,M,4332480.0,-35737.0,64
201300032424,13,11,27,1515,1,2,1,1.0,3,64445,M,4330420.0,-32502.0,64
201300032425,13,11,28,810,1,2,2,1.0,2,64445,M,4331120.0,-36326.0,64
201300032426,13,11,28,820,1,2,1,1.0,6,64284,M,4328840.0,-38903.0,64
201300032427,13,11,29,835,2,2,2,7.0,3,64335,M,4333300.0,-45325.0,64
201300032428,13,11,29,2100,5,2,1,1.0,6,64445,M,4331830.0,-35709.0,64
201300032429,13,12,3,1100,1,2,2,1.0,3,64129,M,4330050.0,-39321.0,64
201300032430,13,12,4,755,2,2,1,1.0,2,64129,M,4330320.0,-39828.0,64
201300032431,13,12,4,800,1,2,3,1.0,3,64445,M,4332280.0,-37940.0,64
201300032432,13,12,4,1745,5,2,2,1.0,1,64445,M,4329900.0,-33280.0,64
201300032433,13,12,4,2315,3,2,1,1.0,6,64335,M,4333950.0,-46508.0,64
201300032434,13,12,6,804,1,2,3,1.0,3,64445,M,4333580.0,-36382.0,64
201300032435,13,12,6,1930,5,2,1,1.0,7,64335,M,4333210.0,-42257.0,64
201300032436,13,12,7,1915,5,2,3,1.0,3,64129,M,4330210.0,-39627.0,64
201300032437,13,12,8,15,5,2,1,1.0,2,64445,M,4331120.0,-36654.0,64
201300032438,13,12,8,110,5,2,2,1.0,3,64445,M,4330240.0,-36044.0,64
201300032439,13,12,9,745,1,2,1,1.0,3,64445,M,4328790.0,-38033.0,64
201300032440,13,12,10,755,1,2,3,1.0,3,64445,M,4330450.0,-36826.0,64
201300032441,13,12,10,800,1,2,6,1.0,3,64284,M,4329120.0,-40492.0,64
201300032442,13,12,10,1322,1,2,1,1.0,6,64445,M,4330810.0,-37658.0,64
201300032443,13,12,10,1749,5,2,1,1.0,2,64445,M,4328860.0,-35362.0,64
201300032444,13,12,11,810,1,2,1,1.0,2,64445,M,4330950.0,-36500.0,64
201300032445,13,12,13,1732,5,2,1,1.0,2,64445,M,4331050.0,-36822.0,64
201300032446,13,12,13,2000,5,2,6,1.0,3,64335,M,4331820.0,-42467.0,64
201300032447,13,12,13,2025,5,2,1,1.0,2,64348,M,4331400.0,-41796.0,64
201300032448,13,12,15,2000,5,2,1,1.0,3,64445,M,4330520.0,-37274.0,64
201300032449,13,12,16,1328,1,2,1,1.0,6,64348,M,4333350.0,-39057.0,64
201300032450,13,12,16,1725,2,2,1,1.0,6,64335,M,4333220.0,-42369.0,64
201300032451,13,12,17,655,1,2,3,1.0,3,64445,M,4333340.0,-37082.0,64
201300032452,13,12,17,1415,1,2,6,1.0,6,64445,M,4331890.0,-36043.0,64
201300032453,13,12,18,1636,1,2,1,1.0,6,64445,M,4331700.0,-36034.0,64
201300032454,13,12,18,1910,5,2,1,1.0,3,64445,M,4329040.0,-37920.0,64
201300032455,13,12,19,1553,1,2,1,1.0,3,64335,M,4331890.0,-45318.0,64
201300032456,13,12,19,1810,5,2,6,1.0,3,64445,M,4331850.0,-36026.0,64
201300032457,13,12,20,820,1,1,3,1.0,6,64129,M,4330210.0,-39626.0,64
201300032458,13,12,20,1845,5,2,1,1.0,4,64335,M,4332550.0,-43916.0,64
201300032459,13,12,21,840,1,1,1,1.0,3,64335,M,4333560.0,-46191.0,64
201300032460,13,12,21,1300,1,2,1,1.0,2,64445,M,4331040.0,-36835.0,64
201300032461,13,12,23,1215,1,2,1,1.0,3,64445,M,4330420.0,-32494.0,64
201300032462,13,12,23,1435,1,2,2,1.0,3,64445,M,4331510.0,-31563.0,64
201300032463,13,1,3,1045,1,2,1,1.0,3,64483,M,4337850.0,-163857.0,64
201300032464,13,1,17,740,2,2,1,1.0,3,64483,M,4338690.0,-165649.0,64
201300032465,13,1,28,1730,1,2,3,1.0,3,64483,M,4338880.0,-164210.0,64
201300032466,13,1,30,1650,1,1,1,8.0,5,64483,M,4338820.0,-162460.0,64
201300032467,13,2,7,805,1,1,1,8.0,2,64260,M,4337350.0,-175500.0,64
201300032468,13,2,11,1730,1,2,1,3.0,2,64483,M,4338650.0,-165019.0,64
201300032469,13,3,4,1435,1,1,1,1.0,4,64483,M,4340250.0,-163529.0,64
201300032470,13,3,6,1245,1,2,1,1.0,2,64483,M,4339140.0,-165940.0,64
201300032471,13,3,24,200,5,1,1,1.0,3,64483,M,4340920.0,-162372.0,64
201300032472,13,3,26,1755,1,1,1,1.0,2,64130,M,4334550.0,-176247.0,64
201300032473,13,3,27,1829,1,1,1,1.0,3,64483,M,4340680.0,-162359.0,64
201300032474,13,4,15,1915,1,2,1,1.0,2,64483,M,4339080.0,-165931.0,64
201300032475,13,4,20,1450,1,2,1,1.0,3,64260,M,4334960.0,-177200.0,64
201300032476,13,4,26,2025,2,1,1,3.0,3,64545,M,4337290.0,-168260.0,64
201300032477,13,4,29,1115,1,2,1,9.0,6,64483,M,4337630.0,-163790.0,64
201300032478,13,5,5,1445,1,2,1,1.0,1,64260,M,4336410.0,-177063.0,64
201300032479,13,5,3,1150,1,2,1,1.0,6,64483,M,4338530.0,-166211.0,64
201300032480,13,6,5,1345,1,2,3,2.0,3,64260,M,4337210.0,-177575.0,64
201300032481,13,6,10,1325,1,1,1,1.0,6,64545,M,4336100.0,-169832.0,64
201300032482,13,6,12,1225,1,2,1,1.0,3,64483,M,4338460.0,-165647.0,64
201300032483,13,6,21,1220,1,2,1,1.0,3,64189,M,4337990.0,-166693.0,64
201300032484,13,6,25,1255,1,2,1,1.0,3,64125,M,4342570.0,-160406.0,64
201300032485,13,6,27,1720,1,2,1,1.0,3,64260,M,4336730.0,-176010.0,64
201300032486,13,7,1,1630,1,2,1,1.0,3,64483,M,4338260.0,-164912.0,64
201300032487,13,7,2,1120,1,1,1,1.0,4,64483,M,4340140.0,-163722.0,64
201300032488,13,7,3,1745,1,1,1,1.0,3,64483,M,4338080.0,-164075.0,64
201300032489,13,7,11,2015,1,1,1,1.0,6,64483,M,4339750.0,-164414.0,64
201300032490,13,7,18,1210,1,2,1,1.0,3,64260,M,4337060.0,-177588.0,64
201300032491,13,7,19,2055,2,1,1,1.0,6,64483,M,4338890.0,-164726.0,64
201300032492,13,7,21,1105,1,2,1,1.0,6,64260,M,4337050.0,-177428.0,64
201300032493,13,7,22,1325,1,2,1,1.0,2,64483,M,4338770.0,-166524.0,64
201300032494,13,7,23,1455,1,2,1,1.0,6,64483,M,4338690.0,-166311.0,64
201300032495,13,7,26,1355,1,2,1,1.0,3,64260,M,4335360.0,-177707.0,64
201300032496,13,7,29,805,1,2,1,1.0,6,64189,M,4338280.0,-166764.0,64
201300032497,13,8,3,1045,1,1,1,1.0,6,64483,M,4340010.0,-163098.0,64
201300032498,13,8,8,1025,1,1,1,3.0,1,64483,M,4339240.0,-163448.0,64
201300032499,13,8,10,1800,1,2,1,1.0,4,64483,M,4339620.0,-164654.0,64
201300032500,13,8,15,1220,1,2,1,1.0,2,64545,M,4337610.0,-167647.0,64
201300032501,13,8,16,1550,1,2,1,1.0,3,64260,M,4337320.0,-177164.0,64
201300032502,13,8,17,725,1,2,1,1.0,3,64483,M,4339220.0,-165375.0,64
201300032503,13,8,19,1940,1,2,1,1.0,2,64260,M,,,64
201300032504,13,8,21,1315,1,2,1,1.0,3,64260,M,,,64
201300032505,13,8,22,1530,1,2,1,1.0,6,64483,M,4338920.0,-165805.0,64
201300032506,13,8,24,1050,1,1,1,1.0,3,64545,M,4338530.0,-171868.0,64
201300032507,13,8,27,1430,1,2,1,1.0,2,64545,M,4337020.0,-168268.0,64
201300032508,13,8,27,1530,1,2,1,1.0,3,64260,M,4335320.0,-178060.0,64
201300032509,13,8,30,745,1,2,1,1.0,6,64260,M,4336850.0,-176435.0,64
201300032510,13,9,6,1140,1,1,1,1.0,3,64545,M,4338910.0,-168619.0,64
201300032511,13,9,9,1805,1,2,1,1.0,1,64483,M,4336960.0,-163727.0,64
201300032512,13,9,14,1800,1,1,1,1.0,6,64545,M,4337840.0,-168830.0,64
201300032513,13,9,18,605,5,2,1,1.0,1,64260,M,4334230.0,-175395.0,64
201300032514,13,9,20,1810,1,2,1,1.0,3,64189,M,4338240.0,-166768.0,64
201300032515,13,9,22,1330,1,2,1,1.0,3,64249,M,4342200.0,-160489.0,64
201300032516,13,9,23,1650,1,2,1,1.0,2,64249,M,4342200.0,-160489.0,64
201300032517,13,9,24,2110,5,2,1,1.0,3,64260,M,4336820.0,-176642.0,64
201300032518,13,10,3,1530,1,2,1,1.0,2,64483,M,4338570.0,-166273.0,64
201300032519,13,10,8,1815,1,2,2,1.0,3,64483,M,4338620.0,-165556.0,64
201300032520,13,10,11,2050,5,2,1,1.0,2,64260,M,4337370.0,-175891.0,64
201300032521,13,10,16,1945,2,2,1,1.0,6,64189,M,4338020.0,-166157.0,64
201300032522,13,10,19,1155,1,2,1,1.0,3,64483,M,4338590.0,-166227.0,64
201300032523,13,10,19,1355,1,2,1,1.0,2,64260,M,4336550.0,-176982.0,64
201300032524,13,10,22,1847,1,2,1,1.0,2,64260,M,4334920.0,-176904.0,64
201300032525,13,10,22,1847,1,1,1,1.0,3,64483,M,4338650.0,-161953.0,64
201300032526,13,10,29,1200,1,2,1,2.0,2,64483,M,4340140.0,-163602.0,64
201300032527,13,11,6,1846,5,2,1,1.0,3,64260,M,4335460.0,-177484.0,64
201300032528,13,11,8,720,3,2,1,1.0,6,64545,M,4336140.0,-170254.0,64
201300032529,13,11,12,1920,5,2,1,2.0,6,64260,M,4335290.0,-178099.0,64
201300032530,13,11,28,1350,1,2,1,1.0,3,64260,M,4334730.0,-176654.0,64
201300032531,13,11,29,1705,1,2,1,1.0,4,64483,M,4339570.0,-164751.0,64
201300032532,13,12,3,920,1,1,1,1.0,1,64483,M,4341230.0,-161263.0,64
201300032533,13,12,3,1705,1,2,1,1.0,6,64483,M,4339780.0,-164273.0,64
201300032534,13,12,17,1930,5,2,1,1.0,4,64483,M,4339680.0,-164557.0,64
201300032535,13,1,20,615,5,1,1,3.0,7,64483,M,4340070.0,-162790.0,64
201300032536,13,2,16,15,3,1,1,1.0,6,64545,M,4336830.0,-168593.0,64
201300032537,13,2,8,1805,2,2,1,3.0,3,64483,M,4340150.0,-163700.0,64
201300032538,13,3,7,250,3,1,1,1.0,7,64189,M,4339470.0,-168455.0,64
201300032539,13,4,10,1640,1,1,1,1.0,7,64189,M,4337960.0,-165219.0,64
201300032540,13,4,30,1425,1,2,1,1.0,3,64260,M,4335330.0,-177891.0,64
201300032541,13,5,1,1230,1,2,1,1.0,6,64483,M,4338790.0,-166399.0,64
201300032542,13,5,8,955,1,2,1,1.0,2,64189,M,4338350.0,-166738.0,64
201300032543,13,5,8,915,1,1,3,1.0,3,64545,M,4336200.0,-170513.0,64
201300032544,13,5,30,300,5,2,1,3.0,6,64483,M,4338830.0,-165510.0,64
201300032545,13,5,31,450,5,1,1,1.0,6,64260,M,4334190.0,-175329.0,64
201300032546,13,6,5,1535,1,2,1,1.0,1,64483,M,4338800.0,-165989.0,64
201300032547,13,6,26,933,1,2,3,1.0,3,64483,M,4339660.0,-164583.0,64
201300032548,13,7,4,440,3,1,1,2.0,7,64483,M,4341690.0,-160991.0,64
201300032549,13,6,26,1830,1,2,1,1.0,6,64483,M,4338840.0,-165903.0,64
201300032550,13,7,6,1540,1,1,1,1.0,2,64545,M,4336080.0,-170014.0,64
201300032551,13,7,9,1815,1,1,1,1.0,2,64260,M,4337740.0,-173879.0,64
201300032552,13,7,11,1510,1,1,1,1.0,1,64545,M,4338220.0,-172727.0,64
201300032553,13,7,14,355,5,2,1,1.0,2,64483,M,4340170.0,-163660.0,64
201300032554,13,7,11,1455,1,2,1,1.0,6,64483,M,4339380.0,-165073.0,64
201300032555,13,7,26,1150,1,1,1,1.0,2,64545,M,4335000.0,-174718.0,64
201300032556,13,7,29,920,1,2,1,1.0,3,64483,M,4339460.0,-164941.0,64
201300032557,13,7,22,1310,1,1,1,1.0,1,64130,M,4333470.0,-175005.0,64
201300032558,13,8,4,915,1,1,1,1.0,2,64545,M,4335510.0,-169086.0,64
201300032559,13,8,8,1350,1,1,1,3.0,2,64545,M,4334720.0,-176643.0,64
201300032560,13,8,12,1800,1,1,1,1.0,5,64260,M,4338690.0,-170933.0,64
201300032561,13,8,30,315,3,1,1,1.0,6,64483,M,4339640.0,-162571.0,64
201300032562,13,9,7,510,5,2,1,8.0,3,64483,M,4339290.0,-165234.0,64
201300032563,13,7,22,1055,1,2,1,1.0,6,64189,M,4338360.0,-166747.0,64
201300032564,13,9,23,1130,1,2,1,1.0,3,64483,M,4339140.0,-165559.0,64
201300032565,13,9,28,2040,5,2,1,1.0,3,64260,M,,,64
201300032566,13,9,28,1030,1,2,1,1.0,6,64189,M,4338460.0,-166638.0,64
201300032567,13,10,3,620,5,1,1,1.0,6,64249,M,4342390.0,-160494.0,64
201300032568,13,10,18,1900,2,2,1,1.0,3,64260,M,4336610.0,-177031.0,64
201300032569,13,10,27,745,2,2,1,1.0,6,64249,M,4342050.0,-160695.0,64
201300032570,13,11,23,2130,3,1,1,1.0,6,64545,M,4336950.0,-167216.0,64
201300032571,13,12,6,1940,5,1,1,1.0,1,64483,M,4340070.0,-162779.0,64
201300032572,13,1,3,1430,1,2,3,1.0,6,65286,M,4309653.0,-4599.0,65
201300032573,13,1,9,1710,1,2,6,1.0,3,65286,M,4309558.0,-3488.0,65
201300032574,13,1,14,1415,1,2,1,2.0,2,65286,M,4309874.0,-4542.0,65
201300032575,13,1,22,900,1,2,1,9.0,6,65286,M,4310454.0,-3364.0,65
201300032576,13,1,30,920,1,2,1,1.0,6,65286,M,4310571.0,-4107.0,65
201300032577,13,2,10,2125,5,2,1,1.0,6,65286,M,4309670.0,-5434.0,65
201300032578,13,2,13,1845,5,2,1,1.0,6,65286,M,4309796.0,-4566.0,65
201300032579,13,2,15,1845,5,2,1,1.0,7,65286,M,4310190.0,-4398.0,65
201300032580,13,3,3,1055,1,1,1,1.0,6,65286,M,4309082.0,-1952.0,65
201300032581,13,3,7,715,1,2,1,1.0,6,65286,M,4309440.0,-4613.0,65
201300032582,13,3,9,1515,1,2,3,1.0,3,65286,M,4308789.0,-4607.0,65
201300032583,13,3,11,830,1,2,1,1.0,2,65286,M,4308693.0,-4325.0,65
201300032584,13,3,28,1510,1,2,1,1.0,2,65286,M,4310467.0,-4183.0,65
201300032585,13,4,3,1845,1,2,1,1.0,2,65286,M,4309003.0,-4265.0,65
201300032586,13,4,4,1710,2,2,1,3.0,6,65286,M,4309425.0,-4629.0,65
201300032587,13,4,30,1110,1,2,1,1.0,6,65286,M,4309939.0,-4527.0,65
201300032588,13,5,13,1815,1,2,1,2.0,6,65286,M,4309804.0,-5163.0,65
201300032589,13,7,27,1750,1,2,3,2.0,3,65286,M,4311288.0,-3541.0,65
201300032590,13,8,5,1808,1,2,1,1.0,3,65286,M,4309390.0,-3656.0,65