Num_Acc,an,mois,jour,hrmn,lum,agg,int,atm,col,com,gps,lat,long,dep
201300032591,13,8,9,1045,1,2,6,1.0,3,65286,M,4308325.0,-4463.0,65
201300032592,13,8,11,1120,1,2,1,1.0,1,65286,M,4310200.0,-4389.0,65
201300032593,13,8,11,950,1,2,1,1.0,6,65286,M,4310834.0,-3902.0,65
201300032594,13,9,3,1235,1,2,1,1.0,1,65286,M,4311321.0,-2866.0,65
201300032595,13,9,11,1530,1,2,3,1.0,2,65286,M,4310454.0,-4190.0,65
201300032596,13,9,12,1155,1,2,1,1.0,3,65286,M,4310586.0,-4098.0,65
201300032597,13,9,18,1705,1,2,1,8.0,1,65286,M,4309450.0,-3268.0,65
201300032598,13,9,19,1805,1,2,1,8.0,6,65286,M,4309460.0,-4601.0,65
201300032599,13,9,18,1225,1,2,1,3.0,3,65286,M,4310653.0,-2941.0,65
201300032600,13,10,3,1430,1,2,1,1.0,3,65286,M,4309269.0,-4025.0,65
201300032601,13,10,21,820,1,2,1,1.0,6,65286,M,4308822.0,-4306.0,65
201300032602,13,10,29,1545,1,2,1,2.0,2,65286,M,4310255.0,-5926.0,65
201300032603,13,12,4,1500,1,2,1,1.0,1,65286,M,4310466.0,-3708.0,65
201300032604,13,1,10,1400,1,2,1,1.0,4,65440,M,4323703.0,5624.0,65
201300032605,13,1,10,1810,5,2,1,1.0,3,65100,M,4326646.0,7130.0,65
201300032606,13,1,11,1150,1,2,2,1.0,3,65100,M,4325458.0,4697.0,65
201300032607,13,1,16,815,1,1,1,3.0,2,65100,M,4326451.0,7146.0,65
201300032608,13,1,18,1345,1,2,2,2.0,3,65440,M,4322377.0,8473.0,65
201300032609,13,1,19,1030,1,2,1,1.0,2,65440,M,4324539.0,7322.0,65
201300032610,13,1,24,1335,1,2,1,1.0,2,65440,M,4324114.0,7366.0,65
201300032611,13,1,25,945,1,2,3,1.0,3,65440,M,4324138.0,5741.0,65
201300032612,13,1,28,1655,1,2,1,1.0,3,65440,M,4322893.0,5609.0,65
201300032613,13,1,29,1210,1,2,2,1.0,6,65440,M,4323167.0,8550.0,65
201300032614,13,1,30,1105,1,2,5,1.0,2,65440,M,4323415.0,7136.0,65
201300032615,13,1,30,1330,1,2,6,1.0,6,65440,M,4322293.0,4599.0,65
201300032616,13,1,31,915,1,2,1,1.0,3,65440,M,4323211.0,8709.0,65
201300032617,13,1,31,1345,1,2,1,1.0,6,65440,M,4323960.0,7233.0,65
201300032618,13,2,1,1900,5,2,1,1.0,6,65440,M,4323152.0,8236.0,65
201300032619,13,2,3,115,5,2,1,1.0,6,65440,M,4324444.0,7370.0,65
201300032620,13,2,5,1220,1,2,2,2.0,3,65440,M,4322895.0,8124.0,65
201300032621,13,2,6,1815,1,2,1,2.0,4,65440,M,4323257.0,5467.0,65
201300032622,13,2,7,2055,5,2,1,1.0,3,65440,M,4323915.0,7787.0,65
201300032623,13,2,11,725,1,1,1,4.0,1,65331,M,4321572.0,5937.0,65
201300032624,13,2,11,1445,1,2,3,8.0,3,65440,M,4322800.0,7565.0,65
201300032625,13,2,11,1710,1,2,1,1.0,6,65440,M,4323244.0,6650.0,65
201300032626,13,2,15,850,1,2,2,1.0,3,65440,M,4323135.0,7801.0,65
201300032627,13,2,15,1255,1,2,1,1.0,2,65433,M,4321558.0,9694.0,65
201300032628,13,2,20,1725,1,1,1,1.0,5,65100,M,4326602.0,7134.0,65
201300032629,13,2,22,930,1,1,1,1.0,4,65100,M,4326879.0,7097.0,65
201300032630,13,2,27,805,1,2,1,1.0,6,65440,M,4322556.0,5329.0,65
201300032631,13,3,5,2100,5,2,3,1.0,2,65440,M,4323719.0,4908.0,65
201300032632,13,3,6,1540,1,2,1,1.0,6,65440,M,4323212.0,7855.0,65
201300032633,13,3,9,1835,1,2,1,7.0,4,65440,M,4321895.0,7213.0,65
201300032634,13,3,13,2000,5,2,1,4.0,1,65417,M,4321655.0,11045.0,65
201300032635,13,3,15,1940,5,2,1,1.0,3,65440,M,4322036.0,7068.0,65
201300032636,13,3,16,1130,1,2,1,1.0,3,65100,M,4324695.0,4536.0,65
201300032637,13,3,16,1640,1,2,1,1.0,6,65440,M,4323583.0,5592.0,65
201300032638,13,3,17,1220,1,2,2,1.0,3,65433,M,4320353.0,10114.0,65
201300032639,13,3,18,1820,1,2,2,2.0,3,65440,M,4322419.0,6836.0,65
201300032640,13,3,20,1605,1,2,1,1.0,2,65440,M,4323192.0,8067.0,65
201300032641,13,3,21,1400,1,2,2,1.0,3,65440,M,4322417.0,6837.0,65
201300032642,13,3,21,1950,5,2,2,1.0,3,65440,M,4323573.0,7416.0,65
201300032643,13,3,22,755,1,2,1,1.0,4,65226,M,4322095.0,3392.0,65
201300032644,13,3,22,1000,1,2,2,1.0,6,65440,M,4323190.0,8157.0,65
201300032645,13,3,25,2025,5,2,2,2.0,3,65440,M,4322438.0,7548.0,65
201300032646,13,3,27,1835,1,2,1,1.0,3,65440,M,4323285.0,6431.0,65
201300032647,13,3,28,2335,5,2,1,2.0,2,65440,M,4323971.0,7380.0,65
201300032648,13,3,29,1450,1,2,2,1.0,3,65440,M,4322298.0,8887.0,65
201300032649,13,4,6,1120,1,2,1,2.0,3,65331,M,4320802.0,4439.0,65
201300032650,13,4,15,1220,1,2,1,1.0,2,65417,M,4322303.0,10293.0,65
201300032651,13,4,18,1315,1,2,1,1.0,3,65417,M,4322522.0,10066.0,65
201300032652,13,4,19,1355,1,2,3,1.0,1,65440,M,4324579.0,8020.0,65
201300032653,13,4,20,155,5,2,2,1.0,1,65440,M,4322403.0,6980.0,65
201300032654,13,4,20,1215,1,2,2,1.0,6,65440,M,4323058.0,7346.0,65
201300032655,13,4,22,2015,1,2,2,1.0,3,65047,M,4324142.0,9502.0,65
201300032656,13,4,26,15,5,2,1,1.0,6,65440,M,4324544.0,5944.0,65
201300032657,13,5,3,1430,1,2,1,1.0,3,65226,M,4323861.0,1350.0,65
201300032658,13,5,6,1345,1,2,1,1.0,3,65440,M,4323424.0,8919.0,65
201300032659,13,5,13,1810,1,2,1,1.0,2,65440,M,4322092.0,4314.0,65
201300032660,13,5,16,1940,1,2,5,7.0,3,65440,M,4322301.0,8880.0,65
201300032661,13,5,17,1455,1,2,1,1.0,2,65440,M,4324216.0,7357.0,65
201300032662,13,5,20,13,5,2,3,1.0,1,65440,M,4324502.0,7846.0,65
201300032663,13,5,23,1420,1,2,2,2.0,3,65440,M,4324735.0,7309.0,65
201300032664,13,5,27,2100,2,2,1,3.0,2,65440,M,4322970.0,5555.0,65
201300032665,13,5,31,1650,1,2,1,2.0,2,65440,M,4322405.0,6960.0,65
201300032666,13,6,6,1710,1,2,1,1.0,3,65440,M,4323270.0,7373.0,65
201300032667,13,6,11,1150,1,2,1,1.0,1,65440,M,4321790.0,7949.0,65
201300032668,13,6,11,1400,1,2,2,1.0,3,65440,M,4323560.0,6529.0,65
201300032669,13,6,14,1335,1,2,2,1.0,3,65440,M,4323270.0,7989.0,65
201300032670,13,6,16,616,1,2,2,1.0,3,65440,M,4323843.0,8192.0,65
201300032671,13,6,17,1315,1,2,1,1.0,6,65440,M,4323501.0,6526.0,65
201300032672,13,6,17,1850,1,2,1,1.0,3,65440,M,4322061.0,7911.0,65
201300032673,13,6,25,1540,1,1,3,1.0,2,65440,M,4321487.0,8541.0,65
201300032674,13,6,28,840,1,2,1,1.0,3,65417,M,4323238.0,10541.0,65
201300032675,13,6,29,2325,5,2,2,1.0,3,65440,M,4323224.0,8738.0,65
201300032676,13,7,1,1630,1,2,1,1.0,3,65440,M,4323100.0,7569.0,65
201300032677,13,7,8,35,5,2,1,1.0,6,65047,M,4324450.0,9205.0,65
201300032678,13,7,12,1835,1,2,1,1.0,4,65440,M,4323760.0,4552.0,65
201300032679,13,7,17,2000,1,2,1,1.0,6,65417,M,4322401.0,9888.0,65
201300032680,13,7,18,305,5,2,6,1.0,3,65440,M,4322112.0,6100.0,65
201300032681,13,7,25,1205,1,2,1,1.0,3,65440,M,4325440.0,7229.0,65
201300032682,13,7,23,1720,1,2,1,1.0,4,65440,M,4322026.0,6485.0,65
201300032683,13,7,25,755,1,1,1,1.0,1,65226,M,4324973.0,1708.0,65
201300032684,13,7,26,1440,1,1,1,1.0,3,65226,M,4324325.0,-942.0,65
201300032685,13,8,1,900,1,2,3,1.0,4,65440,M,4322303.0,7005.0,65
201300032686,13,8,1,1425,1,2,2,1.0,3,65440,M,4324117.0,4887.0,65
201300032687,13,8,11,1000,1,2,3,1.0,3,65440,M,4322704.0,7629.0,65
201300032688,13,8,14,945,1,2,6,1.0,6,65440,M,4321906.0,7068.0,65
201300032689,13,8,25,1020,1,2,1,1.0,2,65047,M,4323387.0,9036.0,65
201300032690,13,8,26,740,1,1,2,1.0,4,65226,M,4324121.0,1073.0,65
201300032691,13,9,1,1945,1,2,1,1.0,6,65440,M,4324388.0,6354.0,65
201300032692,13,9,3,1040,1,2,1,1.0,2,65417,M,4323081.0,9451.0,65
201300032693,13,9,7,855,1,2,1,2.0,6,65440,M,4323337.0,8219.0,65
201300032694,13,9,10,850,1,2,2,3.0,3,65440,M,4323628.0,8694.0,65
201300032695,13,9,11,1925,1,2,1,1.0,2,65417,M,4322978.0,9242.0,65
201300032696,13,9,12,1610,1,2,1,1.0,3,65440,M,4323574.0,5495.0,65
201300032697,13,9,19,850,1,2,1,1.0,4,65440,M,4321945.0,6882.0,65
201300032698,13,9,20,1720,1,2,1,1.0,6,65440,M,4322883.0,7170.0,65
201300032699,13,9,26,1405,1,2,1,1.0,4,65440,M,4322090.0,6062.0,65
201300032700,13,9,30,1935,5,2,1,1.0,1,65440,M,4322332.0,9228.0,65
201300032701,13,10,4,1555,1,2,2,1.0,3,65440,M,4322898.0,8358.0,65
201300032702,13,10,6,1050,1,2,3,1.0,3,65047,M,4325538.0,10038.0,65
201300032703,13,10,6,1215,1,2,3,1.0,3,65433,M,4320814.0,9516.0,65
201300032704,13,10,7,1100,1,2,4,1.0,3,65440,M,4322305.0,7966.0,65
201300032705,13,10,7,1200,1,2,1,1.0,3,65047,M,4323480.0,10135.0,65
201300032706,13,10,7,1345,1,2,2,1.0,3,65417,M,4323195.0,9969.0,65
201300032707,13,10,7,1640,1,2,1,1.0,2,65440,M,4323544.0,6522.0,65
201300032708,13,10,10,1705,1,2,1,2.0,3,65047,M,4325525.0,10028.0,65
201300032709,13,10,12,1855,1,2,1,1.0,6,65440,M,4322982.0,8801.0,65
201300032710,13,10,15,1300,1,2,2,1.0,1,65440,M,4322808.0,5643.0,65
201300032711,13,10,16,1625,1,2,1,1.0,3,65440,M,4323955.0,6915.0,65
201300032712,13,10,23,1955,2,2,2,1.0,6,65440,M,4323131.0,8769.0,65
201300032713,13,10,25,1835,1,2,3,1.0,3,65440,M,4322853.0,8657.0,65
201300032714,13,10,26,1805,1,2,1,1.0,3,65440,M,4321744.0,5637.0,65
201300032715,13,10,28,1435,1,2,1,1.0,6,65440,M,4322098.0,6073.0,65
201300032716,13,11,1,2025,5,2,2,2.0,6,65440,M,4323950.0,7375.0,65
201300032717,13,11,5,1545,1,1,1,3.0,3,65100,M,4326780.0,6927.0,65
201300032718,13,11,6,900,1,2,1,1.0,6,65440,M,4322520.0,7179.0,65
201300032719,13,11,17,2230,5,2,2,2.0,3,65440,M,4322800.0,5642.0,65
201300032720,13,11,18,745,2,2,6,2.0,3,65417,M,4322835.0,10564.0,65
201300032721,13,11,21,1900,2,2,2,3.0,3,65440,M,4322891.0,8358.0,65
201300032722,13,11,26,2310,5,2,2,1.0,3,65440,M,4323574.0,7210.0,65
201300032723,13,12,5,800,1,2,1,1.0,6,65440,M,4323950.0,6440.0,65
201300032724,13,12,7,1435,1,2,2,1.0,1,65440,M,4322807.0,5645.0,65
201300032725,13,12,8,2030,3,1,1,1.0,2,65100,M,4326013.0,7180.0,65
201300032726,13,12,9,810,1,2,3,1.0,3,65047,M,4325374.0,8936.0,65
201300032727,13,12,9,905,1,2,2,1.0,3,65440,M,4324732.0,7304.0,65
201300032728,13,12,9,1505,1,1,2,1.0,3,65100,M,4324716.0,3773.0,65
201300032729,13,12,10,1220,1,2,9,1.0,6,65440,M,4323530.0,6737.0,65
201300032730,13,12,11,1637,1,2,1,1.0,6,65440,M,4322963.0,5973.0,65
201300032731,13,12,13,2005,5,2,1,2.0,5,65226,M,4324073.0,1582.0,65
201300032732,13,12,17,1045,1,2,2,1.0,6,65440,M,4324964.0,7276.0,65
201300032733,13,1,1,1,5,2,2,1.0,3,66136,M,4269281.0,288586.0,66
201300032734,13,1,4,150,3,1,1,1.0,6,66136,M,4270709.0,290903.0,66
201300032735,13,1,5,1915,5,2,2,1.0,7,66136,M,4270691.0,290014.0,66
201300032736,13,1,7,1900,5,2,1,1.0,3,66136,M,4271102.0,288619.0,66
201300032737,13,1,11,700,1,1,1,1.0,3,66136,M,4266815.0,286294.0,66
201300032738,13,1,9,1500,1,2,2,1.0,3,66136,M,4269534.0,291040.0,66
201300032739,13,1,13,1730,1,1,1,1.0,3,66136,M,4267022.0,288278.0,66
201300032740,13,1,15,815,1,2,1,1.0,3,66136,M,4271918.0,288999.0,66
201300032741,13,1,16,1850,5,2,1,2.0,2,66136,M,4269943.0,288678.0,66
201300032742,13,1,19,1500,1,2,1,1.0,6,66136,M,4269254.0,289187.0,66
201300032743,13,1,18,820,1,2,1,2.0,6,66136,M,4269943.0,288678.0,66
201300032744,13,1,21,1525,1,2,1,1.0,6,66136,M,4267832.0,289135.0,66
201300032745,13,1,23,2125,5,2,1,1.0,6,66136,M,4269186.0,290638.0,66
201300032746,13,1,25,1835,5,2,1,1.0,3,66136,M,4269961.0,288893.0,66
201300032747,13,1,30,1715,1,2,1,1.0,3,66136,M,4269071.0,288080.0,66
201300032748,13,1,30,1830,1,2,1,1.0,6,66136,M,4271357.0,288583.0,66
201300032749,13,1,31,1900,3,2,1,1.0,6,66136,M,,,66
201300032750,13,2,4,1730,1,1,1,1.0,3,66136,M,4267030.0,288228.0,66
201300032751,13,2,17,1940,5,2,1,1.0,3,66136,M,4268828.0,287496.0,66
201300032752,13,2,18,1845,3,2,1,1.0,6,66136,M,4268793.0,290828.0,66
201300032753,13,2,20,1630,1,1,1,1.0,2,66136,M,4269922.0,287595.0,66
201300032754,13,2,23,1230,1,1,1,1.0,6,66136,M,4274658.0,289386.0,66
201300032755,13,3,6,1115,1,2,1,3.0,6,66136,M,4271138.0,288991.0,66
201300032756,13,3,7,635,2,1,1,1.0,1,66136,M,4268725.0,285376.0,66
201300032757,13,3,1,1520,1,2,1,1.0,6,66136,M,4269184.0,288690.0,66
201300032758,13,3,10,935,1,2,1,1.0,6,66136,M,4269875.0,290546.0,66
201300032759,13,3,10,1328,1,2,1,1.0,6,66136,M,4269244.0,286611.0,66
201300032760,13,3,12,1840,1,2,1,1.0,6,66136,M,4267905.0,290442.0,66
201300032761,13,3,10,1640,1,2,1,1.0,3,66136,M,4270008.0,290305.0,66
201300032762,13,3,11,930,1,2,1,1.0,2,66136,M,4268724.0,288218.0,66
201300032763,13,3,13,1020,1,2,1,1.0,4,66136,M,4269594.0,288856.0,66
201300032764,13,3,14,609,1,2,1,6.0,3,66136,M,4269133.0,289654.0,66
201300032765,13,3,19,1000,1,2,1,1.0,6,66136,M,4269724.0,288962.0,66
201300032766,13,3,19,1405,1,2,1,1.0,6,66136,M,4269546.0,288996.0,66
201300032767,13,3,19,800,1,2,1,1.0,3,66136,M,4272567.0,288749.0,66
201300032768,13,3,21,900,1,1,1,1.0,3,66136,M,4267305.0,289170.0,66
201300032769,13,3,20,1650,1,1,2,1.0,3,66136,M,4273398.0,289684.0,66
201300032770,13,3,21,1725,1,2,2,1.0,3,66136,M,4272243.0,288189.0,66
201300032771,13,3,21,1945,2,2,1,1.0,2,66136,M,4271065.0,288469.0,66
201300032772,13,3,24,1136,1,2,1,1.0,3,66136,M,4267821.0,290496.0,66
201300032773,13,3,22,1135,1,2,3,1.0,3,66136,M,4269051.0,288549.0,66
201300032774,13,3,25,1750,1,2,1,1.0,3,66136,M,4267933.0,288157.0,66
201300032775,13,3,27,1245,1,2,1,1.0,1,66136,M,4270397.0,289284.0,66
201300032776,13,4,2,1350,1,2,1,1.0,6,66136,M,4268384.0,286440.0,66
201300032777,13,4,4,1,3,1,1,1.0,4,66136,M,4271352.0,293064.0,66
201300032778,13,4,8,1855,1,2,1,1.0,7,66136,M,4268464.0,287903.0,66
201300032779,13,4,10,1845,1,2,1,1.0,6,66136,M,4270399.0,290260.0,66
201300032780,13,4,16,655,1,2,1,1.0,6,66136,M,4269363.0,288733.0,66
201300032781,13,4,16,1418,1,2,1,7.0,6,66136,M,4271623.0,288841.0,66
201300032782,13,4,15,1735,1,2,1,1.0,6,66136,M,4270151.0,289276.0,66
201300032783,13,4,22,1820,1,2,1,1.0,6,66136,M,4268893.0,289986.0,66
201300032784,13,4,23,1400,1,2,1,1.0,6,66136,M,4268382.0,290926.0,66
201300032785,13,4,27,500,5,2,1,2.0,6,66136,M,4268308.0,288969.0,66
201300032786,13,4,29,1930,1,2,1,2.0,6,66136,M,4268914.0,289317.0,66
201300032787,13,5,2,1350,1,1,1,1.0,3,66136,M,,,66
201300032788,13,5,6,1300,1,2,1,7.0,6,66136,M,4271766.0,288595.0,66
201300032789,13,5,6,823,1,1,1,1.0,1,66136,M,4266550.0,291984.0,66
201300032790,13,5,7,705,1,2,1,1.0,3,66136,M,4269282.0,288586.0,66
201300032791,13,5,6,1755,1,2,2,1.0,3,66136,M,4270096.0,290060.0,66
201300032792,13,5,11,1355,1,2,1,1.0,6,66136,M,4270256.0,279228.0,66
201300032793,13,5,13,600,2,2,1,1.0,3,66136,M,4268793.0,284965.0,66
201300032794,13,5,13,1500,1,2,1,1.0,2,66136,M,4267936.0,290416.0,66
201300032795,13,5,15,1500,1,2,1,1.0,2,66136,M,4269454.0,290415.0,66
201300032796,13,5,19,700,2,1,1,1.0,6,66136,M,4270908.0,289546.0,66
201300032797,13,5,24,2020,2,2,1,1.0,3,66136,M,4269312.0,292454.0,66
201300032798,13,5,28,1400,1,2,1,2.0,6,66136,M,4268841.0,290439.0,66
201300032799,13,5,13,1425,1,2,1,1.0,3,66136,M,4270871.0,288593.0,66
201300032800,13,6,1,1515,1,2,1,6.0,6,66136,M,4269733.0,289714.0,66
201300032801,13,6,4,1700,1,2,1,1.0,6,66136,M,4270298.0,289324.0,66
201300032802,13,6,6,1745,1,2,1,1.0,6,66136,M,4270041.0,289025.0,66
201300032803,13,6,7,1900,1,2,1,1.0,6,66136,M,4269827.0,289329.0,66
201300032804,13,6,11,930,1,2,1,1.0,2,66136,M,,,66
201300032805,13,6,11,1830,1,2,1,1.0,6,66136,M,4268147.0,289340.0,66
201300032806,13,6,12,1230,1,1,1,1.0,3,66136,M,,,66
201300032807,13,6,18,1202,1,2,1,1.0,6,66136,M,4269468.0,289148.0,66
201300032808,13,6,19,1308,1,2,1,1.0,6,66136,M,4269999.0,288662.0,66
201300032809,13,6,19,750,1,2,1,1.0,1,66136,M,4270386.0,288279.0,66
201300032810,13,6,20,1208,1,2,1,1.0,1,66136,M,4273425.0,290029.0,66
201300032811,13,6,14,1412,1,2,1,1.0,6,66136,M,4268122.0,290327.0,66
201300032812,13,6,29,21,5,2,1,1.0,3,66136,M,4268695.0,287436.0,66
201300032813,13,6,29,145,3,1,1,1.0,7,66136,M,,,66
201300032814,13,7,8,900,1,2,1,1.0,2,66136,M,4269754.0,289463.0,66
201300032815,13,7,15,1740,1,2,1,1.0,6,66136,M,4272047.0,288637.0,66
201300032816,13,7,18,53,5,2,1,1.0,3,66136,M,4271594.0,288802.0,66
201300032817,13,7,20,2115,1,2,2,1.0,3,66136,M,4269736.0,288777.0,66
201300032818,13,7,22,1227,1,2,1,1.0,6,66136,M,4270882.0,290484.0,66
201300032819,13,7,28,2145,5,2,1,1.0,6,66136,M,4270436.0,289254.0,66
201300032820,13,8,7,1350,1,2,1,1.0,6,66136,M,4269885.0,290571.0,66
201300032821,13,8,8,1950,1,1,1,1.0,7,66136,M,4270154.0,290925.0,66
201300032822,13,8,9,230,3,1,1,1.0,7,66136,M,,,66
201300032823,13,8,12,600,1,2,1,1.0,3,66136,M,4270509.0,290186.0,66
201300032824,13,8,11,1510,1,2,1,1.0,2,66136,M,4268776.0,290857.0,66
201300032825,13,8,13,1115,1,1,1,1.0,3,66136,M,,,66
201300032826,13,8,16,1410,1,2,1,1.0,3,66136,M,,,66
201300032827,13,8,20,1850,2,2,1,1.0,3,66136,M,4269115.0,290776.0,66
201300032828,13,8,21,1805,1,2,1,1.0,6,66136,M,4270030.0,288965.0,66
201300032829,13,8,28,2215,5,2,1,1.0,2,66136,M,4268867.0,289504.0,66
201300032830,13,9,3,1840,1,2,1,1.0,2,66136,M,4268331.0,290945.0,66
201300032831,13,9,8,245,3,1,1,1.0,6,66136,M,,,66
201300032832,13,9,9,1757,1,2,1,1.0,2,66136,M,4269942.0,291672.0,66
201300032833,13,9,11,1731,1,2,1,1.0,6,66136,M,4272144.0,288552.0,66
201300032834,13,9,16,1630,1,1,1,1.0,1,66136,M,4270948.0,287528.0,66
201300032835,13,9,6,1200,1,2,1,1.0,6,66136,M,4269073.0,289110.0,66
201300032836,13,9,18,2140,5,2,1,1.0,3,66136,M,4270301.0,290929.0,66
201300032837,13,9,20,1600,1,2,1,1.0,3,66136,M,4270698.0,290008.0,66
201300032838,13,9,25,850,1,2,1,1.0,3,66136,M,4267245.0,289107.0,66
201300032839,13,9,26,2345,3,2,1,1.0,1,66136,M,4270249.0,289190.0,66
201300032840,13,9,29,2029,2,2,1,1.0,3,66136,M,4270428.0,289739.0,66
201300032841,13,10,3,2201,3,2,1,1.0,2,66136,M,4271026.0,291800.0,66
201300032842,13,10,5,330,5,2,1,1.0,1,66136,M,4268369.0,286410.0,66
201300032843,13,10,7,1538,1,2,2,1.0,3,66136,M,4273116.0,289239.0,66
201300032844,13,10,9,930,1,2,1,1.0,3,66136,M,4268763.0,289872.0,66
201300032845,13,10,9,1220,1,2,1,1.0,3,66136,M,4267962.0,290406.0,66
201300032846,13,10,14,1605,1,2,1,1.0,6,66136,M,4269585.0,288393.0,66
201300032847,13,10,20,245,4,2,1,1.0,1,66136,M,4266497.0,288385.0,66
201300032848,13,10,22,1027,1,2,1,1.0,6,66136,M,4269932.0,288976.0,66
201300032849,13,10,22,1847,3,2,6,1.0,3,66136,M,4268172.0,285213.0,66
201300032850,13,10,27,940,1,2,1,1.0,3,66136,M,4268114.0,291059.0,66
201300032851,13,10,27,1823,1,2,1,1.0,3,66136,M,4270186.0,289570.0,66
201300032852,13,11,6,1030,1,2,1,1.0,6,66136,M,4269261.0,289194.0,66
201300032853,13,11,9,1750,2,2,1,1.0,6,66136,M,4269261.0,289195.0,66
201300032854,13,11,14,1215,1,2,1,1.0,3,66136,M,4273132.0,288917.0,66
201300032855,13,11,18,1515,1,1,1,3.0,2,66136,M,,,66
201300032856,13,11,11,1350,1,2,6,1.0,3,66136,M,4268136.0,289355.0,66
201300032857,13,11,22,1000,1,2,1,1.0,6,66136,M,4268702.0,290609.0,66
201300032858,13,11,26,1600,1,2,1,1.0,2,66136,M,4269869.0,290543.0,66
201300032859,13,11,29,1957,5,2,1,1.0,3,66136,M,4268714.0,288208.0,66
201300032860,13,12,1,2300,5,2,1,1.0,2,66136,M,4268724.0,289545.0,66
201300032861,13,12,5,1300,1,2,2,1.0,3,66136,M,4269683.0,288824.0,66
201300032862,13,12,4,1745,5,2,1,1.0,3,66136,M,4274048.0,289180.0,66
201300032863,13,12,5,1555,1,2,1,1.0,3,66136,M,4273785.0,289110.0,66
201300032864,13,12,9,800,1,2,1,1.0,3,66136,M,4269322.0,290393.0,66
201300032865,13,12,9,1000,1,2,1,1.0,3,66136,M,4269905.0,288697.0,66
201300032866,13,12,10,920,1,2,2,1.0,3,66136,M,4268662.0,286950.0,66
201300032867,13,12,14,1450,1,2,1,1.0,6,66136,M,4268902.0,288825.0,66
201300032868,13,12,15,1600,1,2,2,1.0,3,66136,M,4269400.0,290246.0,66
201300032869,13,12,15,700,2,2,1,1.0,1,66136,M,4267403.0,288770.0,66
201300032870,13,12,16,1000,1,2,1,1.0,6,66136,M,4268724.0,289554.0,66
201300032871,13,12,16,1600,1,2,1,1.0,6,66136,M,4269438.0,288874.0,66
201300032872,13,12,17,1235,1,2,1,1.0,6,66136,M,4272780.0,290555.0,66
201300032873,13,12,19,1405,1,2,2,2.0,3,66136,M,4269422.0,291316.0,66
201300032874,13,12,24,1600,1,2,1,1.0,6,66136,M,4268991.0,290250.0,66
201300032875,13,1,5,1530,1,2,1,9.0,1,67180,M,,,67
201300032876,13,1,9,1725,3,1,1,2.0,4,67180,M,,,67
201300032877,13,1,13,220,5,2,9,1.0,1,67180,M,,,67
201300032878,13,2,7,755,2,1,1,8.0,1,67180,M,,,67
201300032879,13,2,16,700,2,1,1,5.0,1,67180,M,,,67
201300032880,13,3,28,1715,1,1,1,1.0,6,67180,M,,,67
201300032881,13,4,6,1512,1,2,1,1.0,6,67180,M,,,67
201300032882,13,4,19,930,1,2,2,8.0,3,67180,M,,,67
201300032883,13,4,24,605,1,2,1,1.0,7,67180,M,,,67
201300032884,13,5,12,1845,1,1,2,1.0,3,67180,M,,,67
201300032885,13,7,7,1540,1,2,2,1.0,1,67180,M,,,67
201300032886,13,8,1,1950,1,2,2,1.0,1,67180,M,,,67
201300032887,13,8,14,1528,1,2,2,1.0,3,67180,M,,,67
201300032888,13,9,7,30,5,2,1,1.0,3,67180,M,,,67
201300032889,13,10,21,700,3,1,1,1.0,1,67180,M,,,67
201300032890,13,1,2,1600,1,2,1,1.0,6,67462,M,,,67
201300032891,13,3,3,1613,1,2,2,1.0,6,67462,M,,,67
201300032892,13,5,5,1554,1,1,1,1.0,2,67462,M,,,67
201300032893,13,5,16,1320,1,2,1,8.0,6,67462,M,,,67
201300032894,13,11,24,1655,2,2,2,1.0,1,67462,M,,,67
201300032895,13,11,27,750,1,2,2,1.0,6,67462,M,,,67
201300032896,13,1,3,1355,1,2,1,1.0,6,67482,M,,,67
201300032897,13,1,2,1700,5,2,2,1.0,1,67482,M,,,67
201300032898,13,1,3,1720,5,2,1,1.0,2,67482,M,,,67
201300032899,13,1,4,1900,5,2,3,1.0,3,67447,M,,,67
201300032900,13,1,4,2015,5,2,1,1.0,2,67365,M,,,67
201300032901,13,1,4,2220,5,2,3,1.0,3,67482,M,,,67
201300032902,13,1,5,135,5,2,2,1.0,3,67482,M,,,67
201300032903,13,1,7,1405,1,2,3,1.0,3,67482,M,,,67
201300032904,13,1,8,1750,5,2,1,1.0,2,67482,M,,,67
201300032905,13,1,9,2200,5,2,2,2.0,2,67447,M,,,67
201300032906,13,1,10,820,1,2,1,2.0,6,67482,M,,,67
201300032907,13,1,10,1310,1,2,1,8.0,6,67447,M,,,67
201300032908,13,1,12,235,5,2,1,2.0,6,67482,M,,,67
201300032909,13,1,12,1850,5,2,1,2.0,3,67482,M,,,67
201300032910,13,1,14,805,1,2,3,4.0,4,67447,M,,,67