Num_Acc,an,mois,jour,hrmn,lum,agg,int,atm,col,com,gps,lat,long,dep
201300032911,13,1,14,1830,1,2,1,1.0,6,67218,M,,,67
201300032912,13,1,15,1350,1,2,1,4.0,3,67482,M,,,67
201300032913,13,1,16,1730,5,2,2,1.0,6,67482,M,,,67
201300032914,13,1,18,1625,1,2,1,1.0,3,67482,M,,,67
201300032915,13,1,19,1025,1,2,2,4.0,3,67482,M,,,67
201300032916,13,1,20,830,1,2,1,4.0,6,67482,M,,,67
201300032917,13,1,23,925,1,2,2,8.0,3,67482,M,,,67
201300032918,13,1,23,1220,1,2,1,8.0,6,67482,M,,,67
201300032919,13,1,28,1140,1,2,1,1.0,3,67482,M,,,67
201300032920,13,1,30,1125,1,2,1,2.0,6,67482,M,,,67
201300032921,13,1,31,1730,5,2,1,1.0,6,67482,M,,,67
201300032922,13,2,1,730,2,2,2,2.0,3,67482,M,,,67
201300032923,13,2,1,900,1,2,1,2.0,3,67482,M,,,67
201300032924,13,2,1,1820,5,2,3,2.0,3,67482,M,,,67
201300032925,13,2,1,1910,5,2,1,3.0,6,67447,M,,,67
201300032926,13,2,1,2015,5,2,2,3.0,3,67447,M,,,67
201300032927,13,2,3,740,1,2,2,1.0,3,67482,M,,,67
201300032928,13,2,5,2105,5,2,1,2.0,3,67482,M,,,67
201300032929,13,2,7,1930,5,2,1,1.0,2,67482,M,,,67
201300032930,13,2,8,815,1,2,1,2.0,3,67204,M,,,67
201300032931,13,2,8,1720,2,2,1,1.0,6,67482,M,,,67
201300032932,13,2,8,1755,5,2,1,1.0,3,67482,M,,,67
201300032933,13,2,9,750,1,2,1,1.0,3,67482,M,,,67
201300032934,13,2,11,415,5,2,1,1.0,3,67218,M,,,67
201300032935,13,2,11,1935,5,2,3,4.0,3,67218,M,,,67
201300032936,13,2,13,1700,5,2,2,1.0,6,67482,M,,,67
201300032937,13,2,13,1755,5,2,1,1.0,6,67482,M,,,67
201300032938,13,2,14,1935,5,2,1,1.0,3,67482,M,,,67
201300032939,13,2,15,745,1,2,1,4.0,3,67482,M,,,67
201300032940,13,2,15,1150,1,2,1,1.0,6,67043,M,,,67
201300032941,13,2,15,1900,5,2,1,2.0,3,67482,M,,,67
201300032942,13,2,16,1845,5,2,3,1.0,6,67482,M,,,67
201300032943,13,2,20,1000,1,2,3,1.0,3,67482,M,,,67
201300032944,13,2,21,1355,1,2,1,1.0,6,67267,M,,,67
201300032945,13,2,23,2220,5,2,1,4.0,6,67482,M,,,67
201300032946,13,2,25,1345,1,2,1,1.0,4,67218,M,,,67
201300032947,13,3,1,1235,1,2,3,1.0,3,67482,M,,,67
201300032948,13,3,3,1630,1,2,2,1.0,3,67482,M,,,67
201300032949,13,3,4,745,1,1,1,1.0,3,67204,M,,,67
201300032950,13,3,4,1840,5,2,1,1.0,3,67482,M,,,67
201300032951,13,3,4,2120,5,2,2,1.0,3,67482,M,,,67
201300032952,13,3,5,1700,1,2,1,1.0,6,67482,M,,,67
201300032953,13,3,5,2135,5,2,2,1.0,3,67043,M,,,67
201300032954,13,3,6,1920,5,2,1,1.0,2,67447,M,,,67
201300032955,13,3,7,850,1,2,1,1.0,3,67482,M,,,67
201300032956,13,3,9,1040,1,2,2,1.0,6,67482,M,,,67
201300032957,13,3,9,1500,1,2,1,2.0,3,67482,M,,,67
201300032958,13,3,10,1840,5,2,2,2.0,3,67482,M,,,67
201300032959,13,3,11,805,1,2,3,8.0,2,67447,M,,,67
201300032960,13,3,11,1625,1,2,1,2.0,4,67482,M,,,67
201300032961,13,3,11,1845,5,2,1,1.0,3,67482,M,,,67
201300032962,13,3,12,2340,5,2,2,8.0,6,67482,M,,,67
201300032963,13,3,13,700,1,2,2,1.0,3,67482,M,,,67
201300032964,13,3,13,1515,1,2,2,4.0,3,67218,M,,,67
201300032965,13,3,13,1620,1,2,5,8.0,5,67482,M,,,67
201300032966,13,3,14,1625,1,2,1,8.0,6,67043,M,,,67
201300032967,13,3,15,1900,2,2,1,1.0,2,67482,M,,,67
201300032968,13,3,16,1340,1,2,1,1.0,3,67204,M,,,67
201300032969,13,3,16,2000,5,2,3,1.0,3,67482,M,,,67
201300032970,13,3,17,1325,1,2,1,2.0,2,67482,M,,,67
201300032971,13,3,17,1430,1,2,2,3.0,6,67482,M,,,67
201300032972,13,3,17,2200,5,2,2,2.0,3,67482,M,,,67
201300032973,13,3,20,1415,1,2,1,1.0,3,67447,M,,,67
201300032974,13,3,22,1010,1,2,1,1.0,3,67482,M,,,67
201300032975,13,3,22,1353,1,2,2,1.0,3,67482,M,,,67
201300032976,13,3,22,2125,5,2,2,1.0,3,67043,M,,,67
201300032977,13,3,24,215,5,2,3,1.0,3,67482,M,,,67
201300032978,13,3,27,1455,1,2,1,1.0,2,67482,M,,,67
201300032979,13,3,27,1929,5,2,1,1.0,4,67482,M,,,67
201300032980,13,3,28,800,1,2,1,1.0,6,67482,M,,,67
201300032981,13,3,28,1400,1,2,1,1.0,6,67043,M,,,67
201300032982,13,3,28,1545,1,2,1,1.0,6,67482,M,,,67
201300032983,13,3,28,1800,1,2,1,1.0,3,67482,M,,,67
201300032984,13,3,30,1518,1,2,1,1.0,7,67482,M,,,67
201300032985,13,3,30,1245,1,2,1,1.0,3,67482,M,,,67
201300032986,13,3,31,350,4,2,1,1.0,2,67482,M,,,67
201300032987,13,4,1,1630,1,2,1,1.0,3,67482,M,,,67
201300032988,13,4,1,2052,5,2,1,1.0,6,67482,M,,,67
201300032989,13,4,3,1645,1,2,2,1.0,3,67482,M,,,67
201300032990,13,4,4,2220,5,2,2,1.0,3,67043,M,,,67
201300032991,13,4,5,1342,1,2,1,1.0,6,67447,M,,,67
201300032992,13,4,5,1701,1,2,1,1.0,2,67482,M,,,67
201300032993,13,4,6,30,5,2,3,1.0,3,67482,M,,,67
201300032994,13,4,6,2110,5,2,2,1.0,6,67482,M,,,67
201300032995,13,4,7,1600,1,2,1,1.0,6,67482,M,,,67
201300032996,13,4,8,1830,1,2,1,1.0,3,67482,M,,,67
201300032997,13,4,8,2315,5,2,1,1.0,6,67482,M,,,67
201300032998,13,4,9,525,5,2,1,1.0,6,67482,M,,,67
201300032999,13,4,9,920,1,2,1,1.0,3,67218,M,,,67
201300033000,13,4,9,1635,1,2,1,1.0,3,67482,M,,,67
201300033001,13,4,12,1455,1,2,1,1.0,3,67482,M,,,67
201300033002,13,4,13,1800,1,2,1,1.0,3,67447,M,,,67
201300033003,13,4,16,1030,1,2,2,1.0,3,67482,M,,,67
201300033004,13,4,18,1850,1,2,2,1.0,3,67218,M,,,67
201300033005,13,4,20,620,5,2,2,1.0,5,67482,M,,,67
201300033006,13,4,20,1005,1,2,1,2.0,3,67482,M,,,67
201300033007,13,4,20,1850,1,2,3,1.0,3,67482,M,,,67
201300033008,13,4,21,1910,1,2,2,1.0,3,67447,M,,,67
201300033009,13,4,23,900,1,2,2,1.0,3,67482,M,,,67
201300033010,13,4,24,840,1,2,2,1.0,3,67482,M,,,67
201300033011,13,4,24,2008,5,2,1,1.0,3,67482,M,,,67
201300033012,13,4,25,1208,1,2,2,1.0,3,67482,M,,,67
201300033013,13,4,25,1610,1,2,1,1.0,6,67482,M,,,67
201300033014,13,4,27,1950,1,2,2,2.0,3,67447,M,,,67
201300033015,13,4,28,122,5,2,1,2.0,6,67043,M,,,67
201300033016,13,4,30,1430,1,2,2,2.0,3,67482,M,,,67
201300033017,13,4,30,2020,2,2,1,8.0,6,67482,M,,,67
201300033018,13,5,1,352,5,2,3,2.0,6,67482,M,,,67
201300033019,13,5,3,1800,1,2,2,3.0,6,67482,M,,,67
201300033020,13,5,3,1905,2,2,1,2.0,4,67482,M,,,67
201300033021,13,5,6,822,1,2,3,1.0,6,67482,M,,,67
201300033022,13,5,6,2210,5,2,5,2.0,3,67482,M,,,67
201300033023,13,5,7,10,3,2,2,2.0,7,67482,M,,,67
201300033024,13,5,7,935,1,2,1,1.0,3,67043,M,,,67
201300033025,13,5,7,1100,1,2,2,1.0,3,67482,M,,,67
201300033026,13,5,8,1650,1,2,1,1.0,7,67043,M,,,67
201300033027,13,5,11,2125,5,2,2,2.0,3,67482,M,,,67
201300033028,13,5,12,200,5,2,2,2.0,3,67482,M,,,67
201300033029,13,5,13,2145,5,2,3,1.0,3,67482,M,,,67
201300033030,13,5,14,1230,1,2,2,1.0,6,67482,M,,,67
201300033031,13,5,14,1440,1,2,3,1.0,3,67482,M,,,67
201300033032,13,5,14,1900,1,2,3,1.0,3,67482,M,,,67
201300033033,13,5,15,753,1,2,1,1.0,5,67267,M,,,67
201300033034,13,5,15,1730,1,2,1,1.0,2,67482,M,,,67
201300033035,13,5,16,1300,1,2,3,8.0,6,67482,M,,,67
201300033036,13,5,17,1849,1,2,1,1.0,1,67204,M,,,67
201300033037,13,5,20,1345,1,2,1,3.0,3,67482,M,,,67
201300033038,13,5,20,2055,5,2,1,2.0,4,67482,M,,,67
201300033039,13,5,24,655,1,2,6,1.0,3,67482,M,,,67
201300033040,13,5,24,1200,1,2,1,1.0,3,67218,M,,,67
201300033041,13,5,25,1455,1,2,1,1.0,6,67482,M,,,67
201300033042,13,5,25,1520,1,2,3,1.0,3,67482,M,,,67
201300033043,13,5,25,1800,1,2,1,1.0,1,67043,M,,,67
201300033044,13,5,27,1400,1,2,1,1.0,6,67482,M,,,67
201300033045,13,5,28,2040,2,2,3,2.0,3,67447,M,,,67
201300033046,13,5,29,2135,5,2,2,2.0,6,67204,M,,,67
201300033047,13,5,30,2300,5,2,2,1.0,6,67482,M,,,67
201300033048,13,5,31,1210,1,2,1,2.0,6,67482,M,,,67
201300033049,13,6,4,1820,1,2,3,1.0,3,67447,M,,,67
201300033050,13,6,4,1804,1,2,1,1.0,3,67218,M,,,67
201300033051,13,6,5,840,1,2,1,1.0,2,67482,M,,,67
201300033052,13,6,5,2020,1,2,2,1.0,3,67482,M,,,67
201300033053,13,6,6,1210,1,2,1,1.0,3,67482,M,,,67
201300033054,13,6,6,1425,1,2,3,1.0,3,67482,M,,,67
201300033055,13,6,6,1905,1,2,2,1.0,3,67043,M,,,67
201300033056,13,6,7,320,5,2,1,1.0,6,67482,M,,,67
201300033057,13,6,7,1750,1,2,3,1.0,2,67482,M,,,67
201300033058,13,6,7,2015,1,2,3,1.0,6,67447,M,,,67
201300033059,13,6,7,2330,5,2,1,1.0,3,67482,M,,,67
201300033060,13,6,11,1104,1,2,1,1.0,6,67482,M,,,67
201300033061,13,6,11,1343,1,2,1,1.0,6,67447,M,,,67
201300033062,13,6,12,1600,1,2,1,1.0,3,67482,M,,,67
201300033063,13,6,12,1830,1,2,1,1.0,6,67482,M,,,67
201300033064,13,6,14,1345,1,1,3,1.0,3,67482,M,,,67
201300033065,13,6,15,410,5,2,2,1.0,3,67482,M,,,67
201300033066,13,6,16,1725,1,2,2,1.0,3,67482,M,,,67
201300033067,13,6,19,1810,1,2,1,1.0,3,67365,M,,,67
201300033068,13,6,20,1925,1,2,1,1.0,3,67482,M,,,67
201300033069,13,6,21,1645,1,2,1,1.0,3,67482,M,,,67
201300033070,13,6,21,1730,1,2,3,1.0,3,67447,M,,,67
201300033071,13,6,21,1810,1,2,3,1.0,6,67482,M,,,67
201300033072,13,6,24,1620,1,2,4,1.0,3,67218,M,,,67
201300033073,13,6,24,1630,1,2,1,1.0,6,67482,M,,,67
201300033074,13,6,25,2115,1,2,1,2.0,6,67482,M,,,67
201300033075,13,6,26,1935,2,2,1,1.0,3,67218,M,,,67
201300033076,13,6,28,1730,1,2,1,1.0,6,67365,M,,,67
201300033077,13,6,29,1555,1,2,1,1.0,5,67482,M,,,67
201300033078,13,6,29,1820,2,2,1,1.0,6,67447,M,,,67
201300033079,13,7,1,115,5,2,1,1.0,7,67482,M,,,67
201300033080,13,7,1,1250,1,2,1,1.0,6,67482,M,,,67
201300033081,13,7,1,715,1,2,3,1.0,3,67482,M,,,67
201300033082,13,7,1,1850,1,2,1,1.0,5,67267,M,,,67
201300033083,13,7,2,1810,1,2,1,1.0,3,67482,M,,,67
201300033084,13,7,2,2115,2,2,2,1.0,3,67204,M,,,67
201300033085,13,7,3,1855,1,2,3,1.0,3,67204,M,,,67
201300033086,13,7,4,835,1,2,1,1.0,3,67482,M,,,67
201300033087,13,7,4,1430,1,2,1,1.0,3,67482,M,,,67
201300033088,13,7,5,1000,1,2,1,1.0,3,67218,M,,,67
201300033089,13,7,5,2010,1,1,2,1.0,3,67218,M,,,67
201300033090,13,7,5,2215,5,2,2,1.0,3,67482,M,,,67
201300033091,13,7,6,1330,1,2,1,1.0,3,67447,M,,,67
201300033092,13,7,7,2115,2,2,1,1.0,6,67267,M,,,67
201300033093,13,7,8,1350,1,2,1,1.0,6,67482,M,,,67
201300033094,13,7,9,945,1,2,3,1.0,6,67482,M,,,67
201300033095,13,7,9,2220,5,2,2,1.0,3,67043,M,,,67
201300033096,13,7,10,800,1,2,1,1.0,6,67482,M,,,67
201300033097,13,7,10,1110,1,2,3,1.0,6,67482,M,,,67
201300033098,13,7,11,2010,1,2,1,1.0,3,67218,M,,,67
201300033099,13,7,12,2325,4,1,1,1.0,6,67482,M,,,67
201300033100,13,7,13,1015,1,2,2,1.0,3,67482,M,,,67
201300033101,13,7,13,1750,1,2,1,1.0,6,67482,M,,,67
201300033102,13,7,14,2330,5,2,2,1.0,3,67482,M,,,67
201300033103,13,7,17,1615,1,2,2,1.0,6,67482,M,,,67
201300033104,13,7,18,2034,1,2,1,1.0,6,67447,M,,,67
201300033105,13,7,20,1150,1,2,1,1.0,1,67482,M,,,67
201300033106,13,7,20,1330,1,2,1,1.0,1,67482,M,,,67
201300033107,13,7,23,1915,1,2,1,1.0,3,67482,M,,,67
201300033108,13,7,21,1945,1,2,1,1.0,5,67482,M,,,67
201300033109,13,7,21,2225,5,2,1,1.0,6,67482,M,,,67
201300033110,13,7,24,750,1,2,2,1.0,6,67482,M,,,67
201300033111,13,7,25,1948,1,2,2,1.0,3,67218,M,,,67
201300033112,13,7,25,2115,2,2,1,1.0,3,67482,M,,,67
201300033113,13,7,26,1605,1,2,1,1.0,6,67218,M,,,67
201300033114,13,7,31,2050,2,2,2,1.0,6,67043,M,,,67
201300033115,13,8,1,40,5,2,3,1.0,3,67482,M,,,67
201300033116,13,8,1,115,5,2,2,1.0,3,67482,M,,,67
201300033117,13,8,1,800,1,2,1,1.0,3,67482,M,,,67
201300033118,13,8,2,1000,1,2,2,1.0,3,67447,M,,,67
201300033119,13,8,2,1545,1,2,1,1.0,6,67482,M,,,67
201300033120,13,8,3,900,1,2,1,1.0,3,67482,M,,,67
201300033121,13,8,4,10,5,1,1,1.0,6,67218,M,,,67
201300033122,13,8,4,1445,1,2,2,1.0,3,67482,M,,,67
201300033123,13,8,4,205,5,2,1,1.0,7,67447,M,,,67
201300033124,13,8,4,2200,5,2,1,1.0,3,67482,M,,,67
201300033125,13,8,7,1720,1,2,1,2.0,3,67482,M,,,67
201300033126,13,8,8,1728,1,2,1,8.0,3,67482,M,,,67
201300033127,13,8,8,2300,5,2,1,1.0,6,67482,M,,,67
201300033128,13,8,9,1,5,2,2,1.0,3,67482,M,,,67
201300033129,13,8,10,400,5,2,2,1.0,6,67482,M,,,67
201300033130,13,8,10,1630,1,2,1,1.0,6,67482,M,,,67
201300033131,13,8,12,1335,1,2,1,1.0,1,67482,M,,,67
201300033132,13,8,12,1735,1,2,1,1.0,3,67482,M,,,67
201300033133,13,8,16,1640,1,2,1,1.0,2,67482,M,,,67
201300033134,13,8,17,1630,1,2,1,1.0,3,67482,M,,,67
201300033135,13,8,17,2110,5,2,1,1.0,7,67482,M,,,67
201300033136,13,8,17,2310,5,2,3,1.0,1,67482,M,,,67
201300033137,13,8,19,1158,1,2,1,1.0,6,67482,M,,,67
201300033138,13,8,19,1705,1,2,1,1.0,6,67482,M,,,67
201300033139,13,8,20,1415,1,2,3,1.0,3,67043,M,,,67
201300033140,13,8,21,715,1,2,2,1.0,3,67482,M,,,67
201300033141,13,8,22,35,5,2,1,1.0,6,67482,M,,,67
201300033142,13,8,22,2240,5,2,2,1.0,1,67482,M,,,67
201300033143,13,8,23,1710,1,2,2,1.0,3,67204,M,,,67
201300033144,13,8,28,710,1,2,3,1.0,3,67482,M,,,67
201300033145,13,8,28,2240,5,2,2,1.0,3,67482,M,,,67
201300033146,13,8,29,320,5,2,1,1.0,6,67482,M,,,67
201300033147,13,8,29,1446,1,2,3,1.0,1,67482,M,,,67
201300033148,13,8,30,1445,1,2,1,1.0,6,67482,M,,,67
201300033149,13,9,2,838,1,2,3,1.0,3,67482,M,,,67
201300033150,13,9,2,1120,1,2,3,1.0,6,67447,M,,,67
201300033151,13,9,2,1630,1,2,2,1.0,7,67204,M,,,67
201300033152,13,9,3,1200,1,2,1,1.0,2,67267,M,,,67
201300033153,13,9,3,1825,1,2,3,1.0,3,67482,M,,,67
201300033154,13,9,3,2110,5,2,3,1.0,6,67482,M,,,67
201300033155,13,9,5,1530,1,2,1,1.0,1,67482,M,,,67
201300033156,13,9,5,1830,1,2,2,1.0,3,67482,M,,,67
201300033157,13,9,6,1820,1,2,3,1.0,6,67482,M,,,67
201300033158,13,9,8,250,5,2,1,3.0,6,67482,M,,,67
201300033159,13,9,8,1740,1,2,1,1.0,6,67365,M,,,67
201300033160,13,9,9,1130,1,2,2,2.0,3,67482,M,,,67
201300033161,13,9,10,1740,1,2,9,1.0,6,67482,M,,,67
201300033162,13,9,11,1345,1,2,1,2.0,4,67447,M,,,67
201300033163,13,9,11,1600,1,2,4,3.0,3,67482,M,,,67
201300033164,13,9,12,1745,1,2,2,1.0,3,67447,M,,,67
201300033165,13,9,13,1318,1,2,1,1.0,6,67482,M,,,67
201300033166,13,9,13,1800,1,2,1,1.0,3,67482,M,,,67
201300033167,13,9,14,1716,1,2,2,3.0,6,67482,M,,,67
201300033168,13,9,16,1145,1,2,1,1.0,4,67482,M,,,67
201300033169,13,9,18,1815,2,2,2,1.0,3,67482,M,,,67
201300033170,13,9,19,810,1,2,2,1.0,5,67482,M,,,67
201300033171,13,9,19,1350,1,2,1,1.0,6,67267,M,,,67
201300033172,13,9,19,1840,1,2,2,1.0,3,67482,M,,,67
201300033173,13,9,19,2007,5,1,1,1.0,3,67218,M,,,67
201300033174,13,9,19,2145,5,2,2,1.0,3,67482,M,,,67
201300033175,13,9,19,2215,5,2,3,1.0,3,67482,M,,,67
201300033176,13,9,24,1950,3,1,1,1.0,3,67482,M,,,67
201300033177,13,9,25,1755,1,2,1,1.0,6,67267,M,,,67
201300033178,13,9,25,2055,5,2,3,1.0,6,67482,M,,,67
201300033179,13,9,27,2145,5,2,1,1.0,6,67482,M,,,67
201300033180,13,9,28,1835,2,2,2,1.0,3,67482,M,,,67
201300033181,13,9,29,210,5,2,2,1.0,3,67447,M,,,67
201300033182,13,10,1,900,1,2,1,1.0,6,67482,M,,,67
201300033183,13,10,2,1543,1,2,1,1.0,6,67043,M,,,67
201300033184,13,10,3,830,1,2,3,1.0,3,67482,M,,,67
201300033185,13,10,3,1340,1,2,1,1.0,3,67482,M,,,67
201300033186,13,10,3,1720,1,2,1,1.0,3,67267,M,,,67
201300033187,13,10,5,445,3,2,1,2.0,7,67218,M,,,67
201300033188,13,10,5,1220,1,2,1,1.0,6,67043,M,,,67
201300033189,13,10,6,1000,1,2,3,2.0,3,67482,M,,,67
201300033190,13,10,6,1140,1,2,1,2.0,6,67482,M,,,67
201300033191,13,10,7,1255,1,2,2,1.0,3,67482,M,,,67
201300033192,13,10,8,1215,1,2,1,1.0,6,67482,M,,,67
201300033193,13,10,9,1640,1,2,1,1.0,7,67482,M,,,67
201300033194,13,10,9,2110,5,2,1,1.0,6,67482,M,,,67
201300033195,13,10,9,2145,5,2,3,2.0,3,67482,M,,,67
201300033196,13,10,9,2040,2,2,2,1.0,3,67482,M,,,67
201300033197,13,10,10,1900,5,2,2,1.0,2,67482,M,,,67
201300033198,13,10,11,1345,1,2,2,1.0,6,67482,M,,,67
201300033199,13,10,11,1745,1,2,3,1.0,3,67482,M,,,67
201300033200,13,10,12,1520,1,2,2,1.0,3,67482,M,,,67
201300033201,13,10,15,1058,1,2,1,2.0,3,67482,M,,,67
201300033202,13,10,18,840,1,2,1,1.0,6,67482,M,,,67
201300033203,13,10,18,2350,5,2,2,1.0,3,67482,M,,,67
201300033204,13,10,19,2255,5,2,1,2.0,3,67482,M,,,67
201300033205,13,10,20,1105,1,2,2,2.0,3,67267,M,,,67
201300033206,13,10,20,1740,2,2,1,1.0,6,67482,M,,,67
201300033207,13,10,21,2045,3,2,1,1.0,7,67267,M,,,67
201300033208,13,10,23,725,2,2,3,2.0,3,67482,M,,,67
201300033209,13,10,24,1420,1,2,3,1.0,3,67482,M,,,67
201300033210,13,10,26,1315,1,2,3,1.0,3,67447,M,,,67
201300033211,13,10,26,1950,5,2,2,1.0,3,67482,M,,,67
201300033212,13,10,30,945,1,2,1,1.0,6,67204,M,,,67
201300033213,13,10,31,1820,5,2,2,1.0,1,67267,M,,,67
201300033214,13,10,31,1843,5,2,2,1.0,6,67447,M,,,67
201300033215,13,11,2,1350,1,2,3,1.0,6,67482,M,,,67
201300033216,13,11,3,1045,1,2,1,1.0,6,67482,M,,,67
201300033217,13,11,4,1015,1,2,2,2.0,3,67482,M,,,67
201300033218,13,11,5,930,1,2,2,1.0,3,67482,M,,,67
201300033219,13,11,5,1150,1,2,1,1.0,2,67482,M,,,67
201300033220,13,11,5,1810,5,2,1,2.0,1,67043,M,,,67
201300033221,13,11,5,1900,3,2,2,2.0,3,67482,M,,,67
201300033222,13,11,6,1523,1,2,2,8.0,3,67482,M,,,67
201300033223,13,11,8,1000,1,2,2,2.0,6,67482,M,,,67
201300033224,13,11,9,845,1,2,1,1.0,6,67482,M,,,67
201300033225,13,11,9,2120,5,2,1,1.0,6,67218,M,,,67
201300033226,13,11,10,1,5,2,3,1.0,3,67218,M,,,67
201300033227,13,11,10,10,5,2,1,2.0,6,67447,M,,,67
201300033228,13,11,12,1645,2,2,2,1.0,6,67482,M,,,67
201300033229,13,11,13,1630,2,2,1,1.0,6,67482,M,,,67
201300033230,13,11,14,1515,1,2,6,1.0,5,67482,M,,,67
201300033231,13,11,14,1810,5,2,1,1.0,6,67482,M,,,67
201300033232,13,11,14,1948,5,2,3,1.0,3,67482,M,,,67
201300033233,13,11,15,2122,5,2,1,1.0,7,67482,M,,,67
201300033234,13,11,19,1756,5,2,1,3.0,6,67482,M,,,67
201300033235,13,11,20,655,5,2,2,2.0,6,67482,M,,,67
201300033236,13,11,20,555,5,2,1,2.0,2,67482,M,,,67
201300033237,13,11,20,1240,1,2,3,2.0,2,67482,M,,,67
201300033238,13,11,20,1855,5,2,1,2.0,3,67482,M,,,67
201300033239,13,11,21,825,1,2,3,2.0,3,67447,M,,,67
201300033240,13,11,21,845,1,2,3,2.0,5,67482,M,,,67
201300033241,13,11,21,1440,1,2,2,8.0,3,67043,M,,,67
201300033242,13,11,21,1800,5,2,1,2.0,6,67482,M,,,67
201300033243,13,11,22,1830,5,2,2,1.0,3,67482,M,,,67
201300033244,13,11,23,1000,1,2,3,1.0,6,67482,M,,,67
201300033245,13,11,25,1245,1,2,1,1.0,1,67482,M,,,67
201300033246,13,11,26,1615,1,2,1,1.0,6,67482,M,,,67
201300033247,13,11,27,1415,1,2,1,1.0,6,67267,M,,,67
201300033248,13,11,27,1445,1,2,1,1.0,6,67267,M,,,67
201300033249,13,11,27,1855,5,2,3,1.0,6,67447,M,,,67
201300033250,13,11,27,2105,5,2,1,1.0,1,67482,M,,,67
201300033251,13,11,29,1150,1,2,3,1.0,6,67043,M,,,67
201300033252,13,11,30,1205,1,2,2,1.0,3,67218,M,,,67
201300033253,13,11,30,1510,1,2,2,1.0,6,67482,M,,,67
201300033254,13,12,1,43,5,2,2,2.0,3,67482,M,,,67
201300033255,13,12,2,845,1,2,2,1.0,3,67482,M,,,67
201300033256,13,12,4,1030,1,2,1,8.0,6,67218,M,,,67
201300033257,13,12,4,1920,1,2,1,1.0,3,67482,M,,,67
201300033258,13,12,5,2200,5,2,1,1.0,1,67482,M,,,67
201300033259,13,12,6,640,5,2,1,1.0,4,67482,M,,,67
201300033260,13,12,6,1910,5,2,4,1.0,6,67482,M,,,67
201300033261,13,12,7,5,5,2,1,1.0,7,67482,M,,,67
201300033262,13,12,7,2200,5,2,3,1.0,3,67447,M,,,67
201300033263,13,12,9,910,1,2,1,1.0,6,67218,M,,,67
201300033264,13,12,9,1810,5,2,3,1.0,3,67482,M,,,67
201300033265,13,12,10,1730,5,2,4,1.0,6,67482,M,,,67
201300033266,13,12,11,750,1,2,2,1.0,3,67482,M,,,67
201300033267,13,12,11,1310,1,2,2,8.0,1,67482,M,,,67
201300033268,13,12,11,1655,5,2,1,5.0,6,67482,M,,,67
201300033269,13,12,11,1745,5,2,3,5.0,5,67218,M,,,67
201300033270,13,12,12,1700,5,2,1,1.0,3,67482,M,,,67
201300033271,13,12,12,1720,5,2,3,5.0,2,67482,M,,,67
201300033272,13,12,12,1845,4,2,1,5.0,5,67482,M,,,67
201300033273,13,12,13,810,1,2,2,1.0,6,67447,M,,,67
201300033274,13,12,13,1430,1,2,1,1.0,1,67482,M,,,67
201300033275,13,12,13,2040,5,2,2,5.0,7,67482,M,,,67
201300033276,13,12,13,2345,5,2,2,5.0,6,67482,M,,,67
201300033277,13,12,16,1545,1,2,1,1.0,6,67482,M,,,67
201300033278,13,12,16,2200,5,2,1,1.0,6,67218,M,,,67
201300033279,13,12,17,945,1,2,5,1.0,6,67482,M,,,67
201300033280,13,12,17,1510,1,2,1,1.0,6,67482,M,,,67
201300033281,13,12,18,1355,1,2,1,1.0,3,67482,M,,,67
201300033282,13,12,20,1715,5,2,1,2.0,6,67447,M,,,67
201300033283,13,12,20,1930,5,2,1,1.0,3,67482,M,,,67
201300033284,13,12,22,723,2,2,1,1.0,1,67482,M,,,67
201300033285,13,12,24,738,5,2,1,1.0,3,67447,M,,,67
201300033286,13,12,28,1705,5,2,1,3.0,3,67482,M,,,67
201300033287,13,12,31,1105,1,2,2,1.0,2,67482,M,,,67
201300033288,13,1,18,2230,5,2,2,4.0,3,68066,M,4808654.0,733128.0,68
201300033289,13,1,26,1505,1,1,1,1.0,4,68066,M,4810756.0,736358.0,68
201300033290,13,1,28,1745,2,2,6,1.0,6,68066,M,,,68
201300033291,13,1,28,730,5,2,2,1.0,3,68066,M,4808348.0,736581.0,68
201300033292,13,2,3,1600,1,2,2,1.0,2,68066,M,4808207.0,736035.0,68
201300033293,13,2,8,710,1,2,1,1.0,6,68066,M,4807694.0,734866.0,68
201300033294,13,2,5,1426,1,2,1,1.0,6,68066,M,4808457.0,734234.0,68
201300033295,13,2,14,830,1,2,1,1.0,6,68066,M,4808178.0,735816.0,68
201300033296,13,2,14,800,1,2,6,1.0,6,68066,M,4807490.0,734414.0,68
201300033297,13,2,15,1608,1,2,3,1.0,6,68066,M,4806704.0,734317.0,68
201300033298,13,2,17,150,3,1,1,1.0,6,68066,M,4810724.0,739207.0,68
201300033299,13,2,16,2050,5,2,1,1.0,6,68066,M,4808576.0,735767.0,68
201300033300,13,2,23,1540,1,2,1,1.0,2,68066,M,4807722.0,733716.0,68
201300033301,13,3,4,208,5,2,6,1.0,6,68066,M,4809222.0,733346.0,68
201300033302,13,3,15,1650,1,2,2,1.0,6,68066,M,4806646.0,734513.0,68
201300033303,13,3,17,1810,5,2,2,3.0,3,68066,M,4807659.0,735020.0,68
201300033304,13,4,1,1720,1,2,3,1.0,3,68066,M,4807491.0,732892.0,68
201300033305,13,4,16,600,5,1,1,1.0,1,68066,M,4810757.0,738305.0,68
201300033306,13,4,24,1424,1,2,2,1.0,3,68066,M,4807964.0,736243.0,68
201300033307,13,4,25,1830,1,2,1,1.0,6,68066,M,4807799.0,735154.0,68
201300033308,13,4,30,1721,1,2,2,1.0,3,68066,M,4807669.0,736606.0,68
201300033309,13,5,1,2125,5,2,1,3.0,6,68066,M,4808928.0,735979.0,68