Num_Acc,an,mois,jour,hrmn,lum,agg,int,atm,col,com,gps,lat,long,dep
201300033310,13,5,3,2157,5,2,2,1.0,3,68066,M,4808653.0,733136.0,68
201300033311,13,5,4,59,5,2,6,2.0,6,68066,M,4810826.0,736338.0,68
201300033312,13,5,6,1845,1,2,3,1.0,6,68066,M,4807469.0,733303.0,68
201300033313,13,5,10,1654,1,2,3,1.0,6,68066,M,4807474.0,733172.0,68
201300033314,13,5,16,1533,1,2,1,1.0,6,68066,M,4807689.0,733481.0,68
201300033315,13,5,24,1707,1,2,1,1.0,1,68066,M,4807247.0,733283.0,68
201300033316,13,5,25,1018,1,2,1,1.0,2,68066,M,4807457.0,734700.0,68
201300033317,13,6,13,1145,1,1,1,1.0,6,68066,M,4807992.0,733542.0,68
201300033318,13,6,17,1622,1,2,1,1.0,6,68066,M,4807106.0,733102.0,68
201300033319,13,7,2,1345,1,1,1,1.0,4,68066,M,4809303.0,735347.0,68
201300033320,13,7,3,836,1,2,2,2.0,3,68066,M,4807328.0,737819.0,68
201300033321,13,7,5,1102,1,1,6,1.0,3,68066,M,4809221.0,733350.0,68
201300033322,13,7,12,1355,1,2,9,1.0,7,68066,M,4807793.0,735366.0,68
201300033323,13,7,14,1836,1,2,1,1.0,2,68066,M,4807861.0,735249.0,68
201300033324,13,7,22,1930,1,2,2,7.0,3,68066,M,4807342.0,734932.0,68
201300033325,13,8,3,1754,1,2,3,1.0,3,68066,M,4808257.0,735190.0,68
201300033326,13,8,10,1259,1,2,1,1.0,3,68066,M,4808594.0,732993.0,68
201300033327,13,8,20,1750,1,2,1,1.0,6,68066,M,4808292.0,735143.0,68
201300033328,13,8,27,1015,1,2,2,1.0,3,68066,M,4807136.0,734983.0,68
201300033329,13,8,30,1700,1,2,1,1.0,6,68066,M,4808369.0,735381.0,68
201300033330,13,9,22,1415,1,1,1,1.0,1,68066,M,4810641.0,738937.0,68
201300033331,13,9,26,755,1,2,8,1.0,6,68066,M,4808344.0,734067.0,68
201300033332,13,9,26,1003,1,1,6,1.0,6,68066,M,4810743.0,737970.0,68
201300033333,13,9,27,754,1,2,3,1.0,6,68066,M,4807727.0,734785.0,68
201300033334,13,10,3,1925,5,2,1,1.0,6,68066,M,4808590.0,732992.0,68
201300033335,13,10,17,1950,5,2,1,1.0,6,68066,M,4808099.0,734955.0,68
201300033336,13,10,29,915,1,2,1,1.0,6,68066,M,4807267.0,733288.0,68
201300033337,13,11,2,2025,5,2,3,1.0,3,68066,M,4806206.0,733851.0,68
201300033338,13,11,6,1215,1,2,2,1.0,6,68066,M,4808462.0,734278.0,68
201300033339,13,10,24,1550,1,2,2,1.0,6,68066,M,4808024.0,736074.0,68
201300033340,13,11,16,1430,1,1,1,1.0,3,68066,M,4806827.0,738241.0,68
201300033341,13,11,26,1834,3,2,1,1.0,6,68066,M,4808443.0,735673.0,68
201300033342,13,11,29,1430,1,2,2,1.0,6,68066,M,4808026.0,736445.0,68
201300033343,13,11,28,1620,2,1,3,1.0,6,68066,M,4808707.0,736810.0,68
201300033344,13,11,28,1500,1,2,1,1.0,6,68066,M,4808102.0,736005.0,68
201300033345,13,12,9,1417,1,2,1,1.0,6,68066,M,4807614.0,734025.0,68
201300033346,13,12,10,1430,1,1,3,1.0,6,68066,M,4808303.0,734047.0,68
201300033347,13,2,4,1905,5,2,9,2.0,6,68112,M,4790134.0,721656.0,68
201300033348,13,3,9,1954,5,2,1,2.0,5,68112,M,4791443.0,720902.0,68
201300033349,13,8,10,1840,1,2,1,1.0,7,68112,M,4759940.0,721092.0,68
201300033350,13,1,9,740,2,2,1,1.0,6,68224,M,4774197.0,734556.0,68
201300033351,13,1,12,340,5,2,1,1.0,6,68224,M,4775187.0,735298.0,68
201300033352,13,1,15,2010,5,2,2,1.0,3,68224,M,4774495.0,733458.0,68
201300033353,13,1,22,1645,1,2,3,2.0,6,68224,M,4775253.0,732794.0,68
201300033354,13,1,30,850,1,2,2,1.0,6,68224,M,4774563.0,733030.0,68
201300033355,13,2,2,2000,5,2,1,4.0,6,68224,M,4775041.0,733208.0,68
201300033356,13,2,9,1420,1,2,1,1.0,6,68224,M,4777228.0,732073.0,68
201300033357,13,3,4,1130,1,2,1,1.0,6,68224,M,4774961.0,733903.0,68
201300033358,13,3,6,1742,1,2,1,1.0,6,68224,M,4777739.0,732836.0,68
201300033359,13,3,8,2000,5,2,1,1.0,6,68224,M,4774630.0,730895.0,68
201300033360,13,3,12,1845,5,2,1,1.0,6,68224,M,,,68
201300033361,13,3,13,1535,1,2,1,8.0,6,68224,M,4774310.0,734312.0,68
201300033362,13,3,21,1635,1,2,1,1.0,6,68224,M,4775423.0,734235.0,68
201300033363,13,3,22,1540,1,2,1,1.0,6,68224,M,4774077.0,734301.0,68
201300033364,13,3,25,1620,1,2,1,1.0,6,68271,M,4774482.0,736472.0,68
201300033365,13,4,6,1410,1,2,1,1.0,6,68224,M,4774916.0,732982.0,68
201300033366,13,4,23,900,1,2,3,1.0,6,68224,M,4775944.0,732869.0,68
201300033367,13,4,23,1110,1,2,1,1.0,6,68224,M,4774816.0,730816.0,68
201300033368,13,4,23,1630,1,1,1,1.0,3,68256,M,4777545.0,729523.0,68
201300033369,13,4,25,1928,1,2,1,1.0,6,68224,M,4777512.0,731120.0,68
201300033370,13,4,29,1620,1,2,1,2.0,3,68224,M,4773391.0,731611.0,68
201300033371,13,4,30,750,1,2,1,1.0,6,68224,M,4774320.0,733429.0,68
201300033372,13,5,4,1505,1,2,1,1.0,6,68224,M,4773615.0,730134.0,68
201300033373,13,5,9,30,5,2,2,1.0,3,68224,M,4776251.0,735178.0,68
201300033374,13,5,7,1700,1,2,2,1.0,6,68224,M,4775364.0,734160.0,68
201300033375,13,5,11,1344,1,2,1,1.0,3,68224,M,4773672.0,733026.0,68
201300033376,13,5,17,1715,1,2,1,1.0,6,68224,M,4773663.0,730193.0,68
201300033377,13,5,7,1600,1,2,1,1.0,6,68224,M,4773953.0,730029.0,68
201300033378,13,5,21,1402,1,2,2,1.0,6,68224,M,4773705.0,733401.0,68
201300033379,13,5,24,1345,1,2,4,1.0,1,68224,M,4775281.0,735483.0,68
201300033380,13,5,29,750,1,2,3,2.0,3,68224,M,4775554.0,731720.0,68
201300033381,13,6,1,907,1,2,1,1.0,6,68224,M,4774321.0,733431.0,68
201300033382,13,6,1,1042,1,2,1,1.0,6,68224,M,4774515.0,731883.0,68
201300033383,13,6,2,2035,1,2,1,1.0,6,68224,M,4774398.0,732625.0,68
201300033384,13,6,8,2045,1,2,1,1.0,6,68224,M,4775114.0,732880.0,68
201300033385,13,6,28,1305,1,2,3,1.0,3,68224,M,4774768.0,733180.0,68
201300033386,13,7,1,2040,1,2,1,1.0,6,68224,M,4775137.0,733138.0,68
201300033387,13,7,9,1930,1,2,1,1.0,6,68224,M,4774852.0,734962.0,68
201300033388,13,7,25,1655,1,2,1,1.0,2,68224,M,4775141.0,732865.0,68
201300033389,13,8,2,600,2,2,2,1.0,7,68224,M,,,68
201300033390,13,8,16,1403,1,2,1,1.0,6,68224,M,4774362.0,734026.0,68
201300033391,13,8,18,1415,1,2,3,1.0,6,68224,M,4775214.0,733924.0,68
201300033392,13,8,21,1345,1,2,2,1.0,3,68224,M,4777044.0,732094.0,68
201300033393,13,8,24,1610,1,1,1,1.0,6,68224,M,4777374.0,735106.0,68
201300033394,13,8,27,1445,1,2,1,1.0,2,68224,M,4777010.0,734084.0,68
201300033395,13,9,5,1345,1,2,9,1.0,6,68224,M,4773953.0,730307.0,68
201300033396,13,9,8,30,5,2,2,3.0,5,68224,M,4775305.0,733518.0,68
201300033397,13,9,21,1737,1,2,1,1.0,6,68224,M,4775166.0,733369.0,68
201300033398,13,9,22,28,5,2,3,1.0,6,68224,M,4777626.0,731966.0,68
201300033399,13,9,22,1525,1,2,6,1.0,6,68224,M,,,68
201300033400,13,9,25,555,5,2,6,1.0,3,68271,M,4775874.0,736615.0,68
201300033401,13,9,26,350,5,2,3,1.0,3,68224,M,,,68
201300033402,13,10,9,1115,1,2,1,1.0,6,68224,M,4774508.0,734669.0,68
201300033403,13,10,15,1510,1,2,3,1.0,6,68224,M,4775239.0,734552.0,68
201300033404,13,10,15,1950,5,2,1,2.0,6,68224,M,4773953.0,730035.0,68
201300033405,13,10,16,1215,1,2,1,1.0,6,68256,M,,,68
201300033406,13,10,24,1125,1,2,6,1.0,6,68224,M,4777602.0,732873.0,68
201300033407,13,11,5,400,5,1,1,3.0,5,68224,M,4776886.0,733911.0,68
201300033408,13,11,26,2340,5,2,2,1.0,3,68256,M,,,68
201300033409,13,11,28,1905,5,2,3,1.0,6,68224,M,4775792.0,733289.0,68
201300033410,13,11,30,940,1,2,1,1.0,6,68224,M,4774605.0,729575.0,68
201300033411,13,12,3,1454,1,2,1,1.0,3,68224,M,,,68
201300033412,13,11,25,1755,4,2,1,1.0,6,68224,M,,,68
201300033413,13,12,3,1748,5,2,1,1.0,6,68224,M,,,68
201300033414,13,12,4,820,1,2,1,1.0,6,68224,M,,,68
201300033415,13,12,6,1720,5,2,1,2.0,6,68224,M,,,68
201300033416,13,12,10,743,2,2,1,1.0,6,68224,M,,,68
201300033417,13,12,13,616,5,2,2,1.0,6,68224,M,,,68
201300033418,13,12,16,1136,1,1,4,1.0,6,68224,M,,,68
201300033419,13,12,19,725,5,2,1,3.0,6,68224,M,4777361.0,732759.0,68
201300033420,13,12,23,1855,5,2,3,1.0,6,68224,M,,,68
201300033421,13,12,27,1350,1,2,1,1.0,6,68224,M,,,68
201300033422,13,12,27,1500,1,2,1,1.0,6,68256,M,,,68
201300033423,13,12,30,1435,1,2,3,1.0,6,68056,M,,,68
201300033424,13,1,15,1230,1,2,1,8.0,6,68297,M,4759273.0,755616.0,68
201300033425,13,12,30,1515,1,2,2,7.0,1,68297,M,,,68
201300033426,13,1,25,755,1,2,1,1.0,6,68297,M,,,68
201300033427,13,7,10,2050,2,1,1,1.0,3,68149,M,4759033.0,756873.0,68
201300033428,13,8,21,750,2,2,1,1.0,1,68149,M,4759375.0,758106.0,68
201300033429,13,8,21,2000,2,2,1,1.0,6,68297,M,4758315.0,756632.0,68
201300033430,13,9,17,1745,1,2,3,8.0,3,68149,M,4759812.0,758434.0,68
201300033431,13,10,14,1750,2,2,1,2.0,6,68297,M,4758439.0,756049.0,68
201300033432,13,11,21,1800,5,2,1,4.0,6,68149,M,,,68
201300033433,13,11,22,1720,5,2,2,2.0,1,68297,M,,,68
201300033434,13,1,5,1330,1,2,3,1.0,3,68297,M,4761066.0,753340.0,68
201300033435,13,6,18,1750,1,2,3,1.0,3,68297,M,4757849.0,754735.0,68
201300033436,13,6,4,1750,1,2,1,1.0,6,68297,M,4761482.0,753504.0,68
201300033437,13,6,5,1405,1,2,1,1.0,6,68297,M,4758396.0,755956.0,68
201300033438,13,2,25,1445,1,2,2,8.0,3,68166,M,4779386.0,733564.0,68
201300033439,13,2,22,2137,3,1,1,1.0,6,68376,M,4781449.0,729781.0,68
201300033440,13,5,27,900,1,1,1,1.0,2,68376,M,4782297.0,728953.0,68
201300033441,13,6,5,1430,1,2,1,1.0,6,68166,M,,,68
201300033442,13,7,15,1500,1,2,1,1.0,1,68166,M,4778959.0,731708.0,68
201300033443,13,8,16,900,1,2,1,1.0,6,68166,M,4777690.0,731936.0,68
201300033444,13,10,24,950,1,2,6,1.0,6,68166,M,4778920.0,731528.0,68
201300033445,13,1,7,2115,5,2,2,1.0,3,69029,M,,,69
201300033446,13,1,25,2325,5,2,2,1.0,2,69029,M,,,69
201300033447,13,1,26,930,1,2,1,1.0,6,69029,M,,,69
201300033448,13,1,31,1740,5,2,1,1.0,6,69029,M,,,69
201300033449,13,2,1,959,1,2,6,1.0,3,69029,M,,,69
201300033450,13,2,27,2140,5,2,1,1.0,6,69029,M,,,69
201300033451,13,3,15,1440,1,1,1,1.0,2,69029,M,,,69
201300033452,13,4,5,1930,1,2,1,2.0,6,69029,M,,,69
201300033453,13,4,21,2105,5,2,5,1.0,3,69029,M,,,69
201300033454,13,5,6,1710,1,2,3,1.0,7,69029,M,,,69
201300033455,13,4,17,1650,1,2,1,1.0,6,69271,M,,,69
201300033456,13,6,6,1120,1,2,2,1.0,3,69271,M,,,69
201300033457,13,6,17,1030,1,2,1,1.0,6,69029,M,,,69
201300033458,13,7,19,700,1,2,1,1.0,4,69029,M,,,69
201300033459,13,7,8,1403,1,2,2,1.0,3,69029,M,,,69
201300033460,13,7,16,1720,1,2,2,1.0,6,69029,M,,,69
201300033461,13,8,9,1745,1,2,3,1.0,6,69029,M,,,69
201300033462,13,8,10,2135,5,2,2,1.0,3,69029,M,,,69
201300033463,13,8,20,2037,2,2,3,1.0,6,69029,M,,,69
201300033464,13,9,3,2050,5,2,5,1.0,3,69029,M,,,69
201300033465,13,9,18,1745,1,2,1,1.0,4,69029,M,,,69
201300033466,13,9,23,720,1,2,2,1.0,6,69029,M,,,69
201300033467,13,9,29,1125,1,2,1,2.0,6,69029,M,,,69
201300033468,13,10,18,1238,1,2,3,1.0,3,69029,M,,,69
201300033469,13,10,20,510,5,2,1,1.0,6,69029,M,,,69
201300033470,13,10,22,2040,5,2,3,1.0,6,69029,M,,,69
201300033471,13,11,10,1010,1,2,2,2.0,1,69029,M,,,69
201300033472,13,11,20,735,2,2,1,1.0,3,69029,M,,,69
201300033473,13,11,29,1420,1,2,3,8.0,3,69029,M,,,69
201300033474,13,12,11,715,5,2,4,5.0,6,69029,M,,,69
201300033475,13,1,6,1515,1,2,1,1.0,4,69034,M,,,69
201300033476,13,1,9,1530,1,2,6,1.0,3,69034,M,,,69
201300033477,13,1,10,1525,1,2,2,2.0,1,69034,M,,,69
201300033478,13,1,10,1110,1,2,1,2.0,1,69034,M,,,69
201300033479,13,1,11,1800,5,2,1,1.0,5,69034,M,,,69
201300033480,13,1,18,2335,5,2,1,9.0,3,69034,M,,,69
201300033481,13,1,19,1000,1,2,1,9.0,6,69034,M,,,69
201300033482,13,1,20,410,5,2,1,1.0,6,69034,M,,,69
201300033483,13,1,26,1320,1,2,6,1.0,3,69034,M,,,69
201300033484,13,1,19,1130,1,2,1,2.0,4,69034,M,,,69
201300033485,13,2,1,1730,5,2,1,1.0,6,69034,M,,,69
201300033486,13,2,15,630,5,2,1,1.0,6,69034,M,,,69
201300033487,13,2,20,1920,5,2,1,1.0,6,69034,M,,,69
201300033488,13,3,8,1445,1,2,1,1.0,4,69034,M,,,69
201300033489,13,3,12,1730,1,2,4,1.0,6,69034,M,,,69
201300033490,13,3,15,730,1,2,1,1.0,2,69034,M,,,69
201300033491,13,4,4,15,5,2,6,1.0,3,69034,M,,,69
201300033492,13,3,28,1725,1,2,6,2.0,2,69034,M,,,69
201300033493,13,2,20,1815,5,2,1,1.0,4,69034,M,,,69
201300033494,13,5,4,810,1,2,6,2.0,3,69034,M,,,69
201300033495,13,5,9,1645,1,2,1,1.0,6,69034,M,,,69
201300033496,13,5,14,1610,1,2,1,1.0,6,69034,M,,,69
201300033497,13,5,15,915,1,2,1,3.0,3,69034,M,,,69
201300033498,13,7,1,2055,1,2,1,1.0,2,69034,M,,,69
201300033499,13,5,31,1120,1,2,1,2.0,3,69034,M,,,69
201300033500,13,6,6,635,1,2,3,1.0,3,69034,M,,,69
201300033501,13,6,6,1435,1,2,1,1.0,6,69034,M,,,69
201300033502,13,6,6,1640,1,2,1,1.0,4,69034,M,,,69
201300033503,13,6,7,930,1,2,1,1.0,4,69034,M,,,69
201300033504,13,6,14,1450,1,2,1,1.0,6,69034,M,,,69
201300033505,13,6,16,1905,1,2,1,1.0,2,69034,M,,,69
201300033506,13,6,18,1425,1,2,3,7.0,6,69034,M,,,69
201300033507,13,6,21,835,1,2,3,7.0,3,69034,M,,,69
201300033508,13,6,28,1335,1,2,4,1.0,1,69034,M,,,69
201300033509,13,6,29,1230,1,2,1,3.0,7,69034,M,,,69
201300033510,13,7,2,905,1,2,1,1.0,2,69034,M,,,69
201300033511,13,7,2,1425,1,2,3,8.0,6,69034,M,,,69
201300033512,13,7,3,810,1,2,1,2.0,7,69034,M,,,69
201300033513,13,7,15,1801,1,2,1,1.0,3,69034,M,,,69
201300033514,13,7,17,1635,1,2,1,1.0,6,69034,M,,,69
201300033515,13,7,18,1630,1,2,1,1.0,2,69034,M,,,69
201300033516,13,7,16,455,5,2,3,1.0,7,69034,M,,,69
201300033517,13,7,31,1105,1,2,1,1.0,6,69034,M,,,69
201300033518,13,7,17,1720,1,2,1,1.0,7,69034,M,,,69
201300033519,13,7,29,900,1,2,1,2.0,6,69034,M,,,69
201300033520,13,8,2,445,5,2,3,1.0,2,69034,M,,,69
201300033521,13,8,27,2310,5,1,1,2.0,7,69034,M,,,69
201300033522,13,9,24,959,1,2,1,7.0,2,69034,M,,,69
201300033523,13,9,12,1740,1,2,1,1.0,6,69034,M,,,69
201300033524,13,9,13,1230,1,2,1,1.0,3,69034,M,,,69
201300033525,13,9,14,1930,4,2,1,2.0,6,69034,M,,,69
201300033526,13,9,27,1200,1,2,1,1.0,3,69034,M,,,69
201300033527,13,10,16,1620,1,2,1,8.0,6,69034,M,,,69
201300033528,13,10,18,855,1,2,1,1.0,2,69034,M,,,69
201300033529,13,10,23,1620,1,2,1,3.0,3,69034,M,,,69
201300033530,13,11,11,920,1,2,1,1.0,3,69034,M,,,69
201300033531,13,11,25,1715,5,2,1,1.0,6,69034,M,,,69
201300033532,13,12,21,1310,1,2,1,1.0,4,69034,M,,,69
201300033533,13,11,30,1120,1,2,1,1.0,2,69034,M,,,69
201300033534,13,12,7,220,5,2,1,9.0,6,69034,M,,,69
201300033535,13,12,11,1245,1,2,1,1.0,6,69034,M,,,69
201300033536,13,12,14,1610,1,2,1,1.0,2,69034,M,,,69
201300033537,13,12,15,510,5,2,1,5.0,7,69034,M,,,69
201300033538,13,12,18,640,5,2,1,2.0,3,69034,M,,,69
201300033539,13,12,21,1235,1,2,2,1.0,3,69034,M,,,69
201300033540,13,1,18,1045,1,2,1,1.0,6,69096,M,,,69
201300033541,13,1,21,950,1,2,1,1.0,1,69091,M,,,69
201300033542,13,1,28,1710,1,2,1,1.0,2,69091,M,,,69
201300033543,13,1,31,1525,1,2,1,1.0,6,69091,M,,,69
201300033544,13,2,5,1805,5,2,1,3.0,6,69091,M,,,69
201300033545,13,2,8,1835,5,2,1,1.0,6,69091,M,,,69
201300033546,13,2,10,1205,1,2,2,4.0,6,69091,M,,,69
201300033547,13,3,3,1620,1,2,1,1.0,3,69091,M,,,69
201300033548,13,3,15,1120,1,2,1,1.0,5,69096,M,,,69
201300033549,13,3,20,1805,2,2,1,1.0,6,69091,M,,,69
201300033550,13,4,14,1140,1,2,1,1.0,3,69091,M,,,69
201300033551,13,4,15,1600,1,2,1,1.0,6,69091,M,,,69
201300033552,13,4,19,1610,1,2,2,2.0,1,69091,M,,,69
201300033553,13,4,23,1855,1,2,1,1.0,3,69091,M,,,69
201300033554,13,4,24,1515,1,2,2,1.0,3,69091,M,,,69
201300033555,13,5,24,2000,1,2,9,1.0,3,69091,M,,,69
201300033556,13,5,26,600,1,2,9,1.0,3,69096,M,,,69
201300033557,13,5,26,2300,5,2,1,1.0,7,69091,M,,,69
201300033558,13,5,29,1145,1,2,1,1.0,6,69091,M,,,69
201300033559,13,6,14,1600,1,2,1,1.0,6,69091,M,,,69
201300033560,13,6,15,2200,5,2,1,1.0,7,69096,M,,,69
201300033561,13,6,17,1820,1,2,1,1.0,2,69091,M,,,69
201300033562,13,6,29,1020,1,2,1,2.0,6,69091,M,,,69
201300033563,13,7,4,1120,1,2,1,1.0,2,69034,M,,,69
201300033564,13,7,18,1040,1,2,2,2.0,3,69096,M,,,69
201300033565,13,8,1,1320,1,2,3,1.0,3,69091,M,,,69
201300033566,13,8,7,1105,1,1,1,3.0,1,69091,M,,,69
201300033567,13,8,8,1330,1,1,4,2.0,6,69091,M,,,69
201300033568,13,8,8,1600,1,1,1,3.0,6,69091,M,,,69
201300033569,13,8,17,2215,5,2,1,1.0,6,69091,M,,,69
201300033570,13,8,27,1625,1,2,1,2.0,6,69091,M,,,69
201300033571,13,8,29,1800,1,2,3,1.0,3,69091,M,,,69
201300033572,13,9,3,1705,1,1,1,1.0,7,69091,M,,,69
201300033573,13,9,13,1640,1,2,1,1.0,3,69096,M,,,69
201300033574,13,9,16,5,5,2,1,1.0,6,69091,M,,,69
201300033575,13,9,6,1600,1,2,1,1.0,6,69091,M,,,69
201300033576,13,9,25,1427,1,2,1,1.0,6,69091,M,,,69
201300033577,13,10,1,1345,1,2,1,1.0,6,69091,M,,,69
201300033578,13,10,5,1125,1,2,1,2.0,2,69096,M,,,69
201300033579,13,10,4,130,5,2,1,8.0,6,69091,M,,,69
201300033580,13,10,15,1650,1,2,1,2.0,3,69091,M,,,69
201300033581,13,10,26,1030,1,1,1,1.0,6,69091,M,,,69
201300033582,13,10,27,1320,1,2,1,1.0,6,69091,M,,,69
201300033583,13,10,29,1620,1,2,1,1.0,3,69096,M,,,69
201300033584,13,10,31,1020,1,2,1,1.0,6,69091,M,,,69
201300033585,13,11,9,1055,1,2,3,1.0,6,69096,M,,,69
201300033586,13,11,12,2230,5,2,1,1.0,1,69091,M,,,69
201300033587,13,11,23,1350,1,1,1,1.0,6,69091,M,,,69
201300033588,13,12,3,755,2,2,3,9.0,2,69091,M,,,69
201300033589,13,12,9,920,1,2,1,1.0,6,69091,M,,,69
201300033590,13,12,13,1915,5,2,3,5.0,3,69091,M,,,69
201300033591,13,1,11,1415,1,2,3,2.0,3,69149,M,,,69
201300033592,13,1,21,650,4,2,5,2.0,6,69142,M,,,69
201300033593,13,2,7,1125,1,2,1,8.0,1,69149,M,,,69
201300033594,13,2,7,1000,1,2,1,4.0,6,69149,M,,,69
201300033595,13,2,8,1850,5,2,1,1.0,6,69149,M,,,69
201300033596,13,3,8,1330,1,2,1,2.0,6,69202,M,,,69
201300033597,13,3,31,2015,2,2,2,1.0,1,69149,M,,,69
201300033598,13,4,3,830,1,2,3,1.0,1,69202,M,,,69
201300033599,13,4,4,1445,1,2,1,1.0,6,69149,M,,,69
201300033600,13,4,10,2000,5,2,1,1.0,3,69149,M,,,69
201300033601,13,4,12,1730,1,2,1,1.0,7,69202,M,,,69
201300033602,13,4,14,1510,1,2,1,1.0,2,69152,M,,,69
201300033603,13,4,17,1810,1,2,1,1.0,2,69202,M,,,69
201300033604,13,4,18,814,1,2,2,1.0,3,69149,M,,,69
201300033605,13,4,25,1350,1,2,1,1.0,2,69202,M,,,69
201300033606,13,4,26,1515,1,2,1,2.0,2,69149,M,,,69
201300033607,13,4,29,1700,1,2,1,8.0,3,69142,M,,,69
201300033608,13,5,1,1645,1,2,1,1.0,1,69142,M,,,69
201300033609,13,5,2,1050,1,2,1,2.0,6,69149,M,,,69
201300033610,13,5,3,1350,1,2,1,2.0,3,69149,M,,,69
201300033611,13,5,13,1450,1,2,3,1.0,3,69149,M,,,69
201300033612,13,5,10,615,2,2,1,2.0,3,69149,M,,,69
201300033613,13,5,27,1555,1,2,1,1.0,6,69202,M,,,69
201300033614,13,5,27,1820,1,2,1,1.0,2,69202,M,,,69
201300033615,13,5,27,1510,1,2,1,1.0,7,69142,M,,,69
201300033616,13,6,5,1500,1,2,1,1.0,2,69202,M,,,69
201300033617,13,6,8,1530,1,2,1,1.0,6,69152,M,,,69
201300033618,13,6,12,1635,1,2,2,1.0,3,69149,M,,,69
201300033619,13,6,18,1007,1,2,3,1.0,6,69202,M,,,69
201300033620,13,6,22,110,5,2,1,1.0,4,69149,M,,,69
201300033621,13,6,24,940,1,2,6,1.0,6,69202,M,,,69
201300033622,13,6,24,1845,1,2,4,1.0,6,69149,M,,,69
201300033623,13,6,26,1000,1,2,1,1.0,6,69202,M,,,69
201300033624,13,7,1,1415,1,2,2,1.0,3,69149,M,,,69
201300033625,13,7,10,1525,1,2,2,1.0,3,69149,M,,,69
201300033626,13,7,12,2135,5,2,3,1.0,3,69149,M,,,69
201300033627,13,7,14,1250,1,2,1,1.0,2,69142,M,,,69
201300033628,13,7,17,1225,1,2,1,1.0,7,69202,M,,,69
201300033629,13,7,19,1100,1,2,1,1.0,6,69149,M,,,69
201300033630,13,7,30,1210,1,2,1,1.0,7,69202,M,,,69
201300033631,13,8,8,1800,1,1,1,3.0,5,69152,M,,,69
201300033632,13,8,14,1800,1,2,1,2.0,1,69142,M,,,69
201300033633,13,8,16,2220,5,2,1,1.0,6,69202,M,,,69
201300033634,13,8,28,620,4,2,1,1.0,6,69149,M,,,69
201300033635,13,8,30,1300,1,2,1,1.0,6,69149,M,,,69
201300033636,13,9,5,1800,1,2,2,1.0,3,69149,M,,,69
201300033637,13,9,12,710,1,2,1,1.0,6,69149,M,,,69
201300033638,13,9,16,750,1,2,1,1.0,6,69149,M,,,69
201300033639,13,10,9,1650,1,2,1,1.0,3,69152,M,,,69
201300033640,13,9,25,540,1,2,1,1.0,6,69149,M,,,69
201300033641,13,9,26,715,5,1,1,1.0,3,69152,M,,,69
201300033642,13,9,27,1850,1,2,3,1.0,3,69202,M,,,69
201300033643,13,10,12,1210,1,2,1,8.0,6,69202,M,,,69
201300033644,13,10,25,2320,5,2,2,1.0,6,69149,M,,,69
201300033645,13,10,29,1540,1,2,1,1.0,2,69142,M,,,69
201300033646,13,11,4,1935,5,2,1,2.0,6,69202,M,,,69
201300033647,13,11,5,840,1,2,1,1.0,2,69149,M,,,69
201300033648,13,11,6,945,1,2,1,1.0,3,69149,M,,,69
201300033649,13,11,14,1320,1,2,3,1.0,2,69152,M,,,69
201300033650,13,11,14,1610,1,2,1,2.0,6,69149,M,,,69
201300033651,13,12,29,300,5,2,1,1.0,6,69149,M,,,69
201300033652,13,11,22,2310,5,2,1,1.0,6,69202,M,,,69
201300033653,13,11,27,805,1,2,3,1.0,6,69152,M,,,69
201300033654,13,11,30,1020,1,2,2,1.0,3,69149,M,,,69
201300033655,13,11,30,1330,1,2,1,1.0,1,69202,M,,,69
201300033656,13,11,27,1130,1,2,3,1.0,3,69152,M,,,69
201300033657,13,12,3,1045,1,2,2,1.0,3,69149,M,,,69
201300033658,13,12,11,900,1,2,1,1.0,2,69202,M,,,69
201300033659,13,12,12,1750,5,2,1,1.0,6,69202,M,,,69
201300033660,13,12,19,1850,5,2,2,3.0,6,69149,M,,,69
201300033661,13,12,24,1225,1,2,1,6.0,2,69152,M,,,69
201300033662,13,1,8,1340,1,2,1,1.0,6,69256,M,,,69
201300033663,13,1,20,1210,1,2,3,1.0,3,69256,M,,,69
201300033664,13,1,29,1630,1,2,1,2.0,6,69256,M,,,69
201300033665,13,2,1,1637,1,2,1,1.0,6,69256,M,,,69
201300033666,13,2,19,1520,1,2,1,1.0,4,69256,M,,,69
201300033667,13,2,28,655,1,2,3,1.0,6,69256,M,,,69
201300033668,13,3,25,1650,1,2,1,1.0,6,69256,M,,,69
201300033669,13,3,31,1520,1,2,1,1.0,1,69256,M,,,69
201300033670,13,4,9,1530,1,2,3,1.0,6,69256,M,,,69
201300033671,13,4,5,2010,4,2,3,2.0,3,69256,M,,,69
201300033672,13,3,7,1450,1,2,1,1.0,6,69256,M,,,69
201300033673,13,4,7,1310,1,2,2,1.0,3,69256,M,,,69
201300033674,13,4,15,2000,1,2,3,1.0,3,69256,M,,,69
201300033675,13,4,16,1130,1,2,3,1.0,6,69256,M,,,69
201300033676,13,4,19,1615,1,2,6,1.0,3,69256,M,,,69
201300033677,13,4,24,1740,1,2,1,1.0,6,69256,M,,,69