Num_Acc,an,mois,jour,hrmn,lum,agg,int,atm,col,com,gps,lat,long,dep
201300033678,13,4,25,1710,1,2,2,9.0,1,69256,M,,,69
201300033679,13,5,4,1810,1,2,2,1.0,3,69256,M,,,69
201300033680,13,5,17,1900,1,2,3,2.0,6,69256,M,,,69
201300033681,13,6,1,1954,1,2,2,1.0,6,69256,M,,,69
201300033682,13,6,2,1335,1,2,3,1.0,6,69256,M,,,69
201300033683,13,6,7,950,1,2,2,1.0,3,69256,M,,,69
201300033684,13,6,17,1955,1,2,1,1.0,1,69256,M,,,69
201300033685,13,6,20,2200,5,2,3,1.0,3,69256,M,,,69
201300033686,13,7,2,1040,1,2,2,1.0,3,69256,M,,,69
201300033687,13,7,8,1410,1,2,2,1.0,3,69256,M,,,69
201300033688,13,7,20,1530,1,2,1,1.0,3,69256,M,,,69
201300033689,13,8,10,300,5,2,3,1.0,2,69256,M,,,69
201300033690,13,8,25,1245,1,2,2,1.0,3,69256,M,,,69
201300033691,13,9,7,2050,5,2,1,2.0,1,69256,M,,,69
201300033692,13,8,28,200,5,2,6,1.0,6,69256,M,,,69
201300033693,13,9,9,44,5,2,1,1.0,6,69256,M,,,69
201300033694,13,9,18,1245,1,2,1,1.0,6,69256,M,,,69
201300033695,13,9,17,1718,1,2,1,1.0,3,69256,M,,,69
201300033696,13,9,25,2000,5,2,1,1.0,6,69256,M,,,69
201300033697,13,9,27,735,1,2,2,1.0,3,69256,M,,,69
201300033698,13,10,10,705,2,2,1,1.0,3,69256,M,,,69
201300033699,13,10,17,1530,1,2,1,2.0,1,69256,M,,,69
201300033700,13,10,26,1625,1,2,1,1.0,5,69256,M,,,69
201300033701,13,11,18,1600,1,2,3,1.0,6,69256,M,,,69
201300033702,13,12,5,1645,1,2,2,8.0,6,69256,M,,,69
201300033703,13,12,14,2110,5,2,3,1.0,3,69256,M,,,69
201300033704,13,6,5,1500,1,2,1,1.0,6,69256,M,,,69
201300033705,13,1,2,1630,1,2,1,1.0,6,69199,M,,,69
201300033706,13,1,5,1915,4,2,1,1.0,3,69199,M,,,69
201300033707,13,1,7,1530,1,2,2,1.0,3,69259,M,,,69
201300033708,13,1,8,1535,1,2,1,1.0,2,69259,M,,,69
201300033709,13,1,10,1151,1,2,2,1.0,3,69259,M,,,69
201300033710,13,1,11,1615,1,2,3,1.0,3,69259,M,,,69
201300033711,13,1,16,705,5,2,2,1.0,6,69259,M,,,69
201300033712,13,1,12,1635,1,2,1,1.0,6,69259,M,,,69
201300033713,13,1,13,1830,4,2,3,1.0,3,69259,M,,,69
201300033714,13,1,17,2205,5,2,4,1.0,3,69199,M,,,69
201300033715,13,1,21,655,5,2,2,8.0,6,69259,M,,,69
201300033716,13,1,23,1140,1,2,2,1.0,3,69259,M,,,69
201300033717,13,1,23,1300,1,2,2,1.0,3,69259,M,,,69
201300033718,13,1,25,1840,5,2,2,1.0,3,69259,M,,,69
201300033719,13,1,17,105,4,2,1,2.0,6,69259,M,,,69
201300033720,13,2,1,920,1,2,1,2.0,7,69259,M,,,69
201300033721,13,1,30,815,1,2,1,1.0,1,69199,M,,,69
201300033722,13,2,6,1515,1,2,1,2.0,6,69276,M,,,69
201300033723,13,2,12,2305,5,2,2,1.0,3,69259,M,,,69
201300033724,13,2,13,2220,5,2,1,1.0,6,69259,M,,,69
201300033725,13,2,19,815,1,2,1,1.0,6,69259,M,,,69
201300033726,13,2,21,1455,1,2,2,1.0,3,69259,M,,,69
201300033727,13,2,26,958,1,2,1,1.0,6,69259,M,,,69
201300033728,13,3,12,1155,1,2,1,1.0,1,69259,M,,,69
201300033729,13,3,18,1625,1,2,1,1.0,6,69259,M,,,69
201300033730,13,3,16,1220,1,2,1,1.0,6,69199,M,,,69
201300033731,13,3,20,915,1,2,1,2.0,6,69259,M,,,69
201300033732,13,3,22,1445,1,2,1,1.0,6,69259,M,,,69
201300033733,13,3,31,1340,1,2,1,1.0,3,69259,M,,,69
201300033734,13,4,1,2000,5,2,3,1.0,3,69199,M,,,69
201300033735,13,4,2,1625,1,2,1,1.0,6,69199,M,,,69
201300033736,13,4,9,1200,1,2,2,1.0,2,69199,M,,,69
201300033737,13,4,11,820,1,2,1,1.0,6,69259,M,,,69
201300033738,13,4,15,1640,1,2,1,1.0,5,69259,M,,,69
201300033739,13,4,15,2135,5,2,2,1.0,3,69259,M,,,69
201300033740,13,4,18,1715,1,2,1,1.0,7,69199,M,,,69
201300033741,13,4,19,1715,1,2,1,2.0,2,69259,M,,,69
201300033742,13,4,19,1825,1,2,1,8.0,5,69259,M,,,69
201300033743,13,4,21,840,1,2,3,1.0,2,69199,M,,,69
201300033744,13,4,26,405,5,2,1,2.0,6,69259,M,,,69
201300033745,13,4,27,1310,1,2,1,3.0,6,69259,M,,,69
201300033746,13,5,6,745,1,2,3,1.0,3,69259,M,,,69
201300033747,13,5,7,655,1,2,1,1.0,1,69259,M,,,69
201300033748,13,5,14,1350,1,2,1,1.0,6,69259,M,,,69
201300033749,13,5,15,1750,1,2,2,3.0,3,69199,M,,,69
201300033750,13,4,26,1715,1,2,2,1.0,3,69199,M,,,69
201300033751,13,5,22,1645,1,2,1,2.0,6,69259,M,,,69
201300033752,13,5,23,1010,1,2,1,1.0,6,69259,M,,,69
201300033753,13,6,4,940,1,2,3,1.0,1,69259,M,,,69
201300033754,13,6,9,435,5,1,1,1.0,1,69259,M,,,69
201300033755,13,6,6,1635,1,2,1,1.0,3,69199,M,,,69
201300033756,13,6,11,1935,1,2,3,1.0,5,69259,M,,,69
201300033757,13,6,15,1140,1,2,3,1.0,3,69199,M,,,69
201300033758,13,6,18,1945,1,2,1,1.0,2,69199,M,,,69
201300033759,13,6,18,1820,1,2,1,1.0,6,69276,M,,,69
201300033760,13,6,20,1710,1,2,1,1.0,6,69259,M,,,69
201300033761,13,6,27,820,1,2,2,1.0,3,69276,M,,,69
201300033762,13,7,2,1310,1,2,2,1.0,3,69259,M,,,69
201300033763,13,7,13,1930,1,2,1,1.0,6,69259,M,,,69
201300033764,13,7,8,1705,1,2,9,1.0,3,69259,M,,,69
201300033765,13,7,8,1350,1,2,1,1.0,6,69259,M,,,69
201300033766,13,7,13,950,1,2,1,1.0,6,69259,M,,,69
201300033767,13,7,15,1643,1,2,1,1.0,6,69199,M,,,69
201300033768,13,7,16,1840,1,2,1,1.0,3,69259,M,,,69
201300033769,13,7,19,755,1,2,1,1.0,6,69259,M,,,69
201300033770,13,7,20,145,5,2,1,1.0,2,69259,M,,,69
201300033771,13,7,22,615,2,2,2,1.0,3,69199,M,,,69
201300033772,13,7,11,2230,5,2,1,1.0,3,69199,M,,,69
201300033773,13,7,14,2050,1,2,1,1.0,6,69259,M,,,69
201300033774,13,7,24,1315,1,2,1,1.0,6,69259,M,,,69
201300033775,13,7,26,740,1,2,1,1.0,3,69276,M,,,69
201300033776,13,7,28,800,1,2,1,1.0,6,69259,M,,,69
201300033777,13,8,1,2015,1,2,2,1.0,3,69259,M,,,69
201300033778,13,8,2,1250,1,2,1,1.0,3,69259,M,,,69
201300033779,13,8,4,1435,1,2,2,1.0,3,69259,M,,,69
201300033780,13,8,13,939,1,2,1,1.0,6,69276,M,,,69
201300033781,13,8,14,1700,1,2,5,1.0,3,69259,M,,,69
201300033782,13,8,24,225,5,2,2,1.0,7,69199,M,,,69
201300033783,13,8,25,930,5,2,3,1.0,3,69199,M,,,69
201300033784,13,8,26,1745,1,2,1,1.0,3,69259,M,,,69
201300033785,13,9,2,1445,1,2,1,1.0,6,69259,M,,,69
201300033786,13,9,5,2245,5,2,1,1.0,3,69259,M,,,69
201300033787,13,9,7,1231,1,2,1,1.0,6,69259,M,,,69
201300033788,13,9,3,1835,1,2,1,1.0,2,69199,M,,,69
201300033789,13,9,10,1715,1,2,3,1.0,3,69199,M,,,69
201300033790,13,9,14,1200,1,2,1,1.0,6,69259,M,,,69
201300033791,13,9,15,1140,1,2,1,1.0,3,69259,M,,,69
201300033792,13,9,17,630,5,2,3,1.0,3,69199,M,,,69
201300033793,13,9,17,1855,1,2,2,1.0,6,69259,M,,,69
201300033794,13,9,18,1405,1,2,1,1.0,6,69259,M,,,69
201300033795,13,9,16,620,2,2,2,1.0,1,69199,M,,,69
201300033796,13,9,19,951,1,2,1,1.0,3,69259,M,,,69
201300033797,13,9,21,1510,1,2,1,1.0,3,69259,M,,,69
201300033798,13,9,23,915,1,2,1,1.0,3,69199,M,,,69
201300033799,13,9,23,1310,1,2,2,1.0,3,69259,M,,,69
201300033800,13,9,27,1825,1,2,2,1.0,6,69259,M,,,69
201300033801,13,9,30,1630,1,2,1,1.0,2,69259,M,,,69
201300033802,13,9,30,1740,1,2,1,1.0,2,69259,M,,,69
201300033803,13,10,4,200,5,2,1,8.0,7,69259,M,,,69
201300033804,13,10,4,2210,5,2,3,2.0,3,69199,M,,,69
201300033805,13,10,8,2320,4,2,1,1.0,3,69259,M,,,69
201300033806,13,10,16,2220,5,2,1,2.0,6,69199,M,,,69
201300033807,13,10,23,1540,1,2,1,1.0,4,69259,M,,,69
201300033808,13,10,29,2235,5,2,1,1.0,6,69276,M,,,69
201300033809,13,10,24,1630,1,2,1,1.0,6,69259,M,,,69
201300033810,13,10,26,1810,1,2,1,1.0,6,69276,M,,,69
201300033811,13,11,2,1510,1,2,1,1.0,3,69199,M,,,69
201300033812,13,11,5,2245,5,2,2,2.0,3,69259,M,,,69
201300033813,13,11,7,900,1,2,1,1.0,3,69276,M,,,69
201300033814,13,11,9,1204,1,2,2,1.0,6,69199,M,,,69
201300033815,13,11,9,2100,5,2,1,1.0,2,69199,M,,,69
201300033816,13,11,12,840,1,2,1,1.0,2,69259,M,,,69
201300033817,13,11,12,1217,1,2,2,1.0,3,69259,M,,,69
201300033818,13,11,25,2115,5,2,2,1.0,3,69259,M,,,69
201300033819,13,11,14,2000,5,2,3,2.0,4,69199,M,,,69
201300033820,13,11,18,2005,5,2,2,1.0,3,69387,M,,,69
201300033821,13,11,20,1500,1,2,3,8.0,1,69199,M,,,69
201300033822,13,11,23,1737,4,2,1,1.0,4,69199,M,,,69
201300033823,13,11,25,850,1,2,1,1.0,3,69199,M,,,69
201300033824,13,11,25,945,1,2,1,1.0,6,69259,M,,,69
201300033825,13,12,4,600,5,2,2,1.0,3,69259,M,,,69
201300033826,13,12,3,1540,1,2,1,1.0,2,69259,M,,,69
201300033827,13,12,10,905,2,2,1,5.0,6,69259,M,,,69
201300033828,13,12,11,1825,5,2,1,1.0,5,69259,M,,,69
201300033829,13,12,10,1240,1,2,3,1.0,2,69259,M,,,69
201300033830,13,12,14,1815,5,2,3,1.0,1,69259,M,,,69
201300033831,13,12,16,1240,1,2,1,1.0,6,69259,M,,,69
201300033832,13,12,16,2030,5,2,1,1.0,3,69259,M,,,69
201300033833,13,12,23,945,1,2,1,1.0,3,69259,M,,,69
201300033834,13,12,17,1325,1,2,1,1.0,6,69259,M,,,69
201300033835,13,12,28,1545,1,2,1,2.0,4,69259,M,,,69
201300033836,13,12,30,1715,2,2,1,1.0,6,69259,M,,,69
201300033837,13,2,1,1705,2,2,2,1.0,6,69264,M,,,69
201300033838,13,2,20,2110,5,2,1,1.0,2,69264,M,,,69
201300033839,13,3,30,1530,1,1,1,1.0,6,69264,M,,,69
201300033840,13,4,17,1655,1,2,1,1.0,6,69264,M,,,69
201300033841,13,4,10,1625,1,1,1,8.0,4,69013,M,,,69
201300033842,13,3,29,1355,1,1,1,2.0,5,69115,M,,,69
201300033843,13,5,11,1440,1,1,1,1.0,6,69092,M,,,69
201300033844,13,5,3,1930,1,2,1,1.0,6,69115,M,,,69
201300033845,13,5,20,50,5,2,2,1.0,6,69092,M,,,69
201300033846,13,7,13,2340,5,2,3,1.0,3,69264,M,,,69
201300033847,13,7,18,1250,1,1,1,1.0,1,69013,M,,,69
201300033848,13,8,20,820,1,2,6,1.0,6,69092,M,,,69
201300033849,13,8,27,2000,5,1,1,2.0,1,69092,M,,,69
201300033850,13,9,23,1945,2,2,1,1.0,6,69264,M,,,69
201300033851,13,9,27,1245,1,2,1,1.0,6,69264,M,,,69
201300033852,13,10,6,1540,1,2,1,2.0,6,69264,M,,,69
201300033853,13,9,4,1825,1,2,3,1.0,6,69264,M,,,69
201300033854,13,10,18,1820,2,2,1,1.0,6,69264,M,,,69
201300033855,13,11,13,720,2,2,1,1.0,6,69115,M,,,69
201300033856,13,10,30,1710,1,2,1,1.0,3,69264,M,,,69
201300033857,13,11,8,2020,5,2,1,1.0,6,69264,M,,,69
201300033858,13,11,25,1700,5,1,1,1.0,3,69264,M,,,69
201300033859,13,12,8,1,5,2,1,1.0,6,69264,M,,,69
201300033860,13,12,2,1750,1,2,9,1.0,6,69264,M,,,69
201300033861,13,12,11,1835,5,1,1,5.0,3,69264,M,,,69
201300033862,13,12,26,1415,1,2,3,1.0,6,69264,M,,,69
201300033863,13,12,16,1520,1,2,2,1.0,6,69264,M,,,69
201300033864,13,1,1,2230,5,2,1,8.0,6,69266,M,,,69
201300033865,13,1,5,610,5,2,2,1.0,1,69266,M,,,69
201300033866,13,1,9,1450,1,2,2,1.0,3,69266,M,,,69
201300033867,13,1,10,1910,5,2,1,2.0,6,69266,M,,,69
201300033868,13,1,15,30,5,2,2,1.0,3,69266,M,,,69
201300033869,13,1,18,835,1,2,2,1.0,6,69266,M,,,69
201300033870,13,1,18,2220,5,2,3,4.0,3,69266,M,,,69
201300033871,13,1,24,1828,5,2,1,1.0,6,69266,M,,,69
201300033872,13,2,1,2025,5,2,1,2.0,4,69266,M,,,69
201300033873,13,2,2,1500,1,2,1,1.0,6,69266,M,,,69
201300033874,13,2,11,730,5,2,3,2.0,6,69266,M,,,69
201300033875,13,2,11,830,1,2,1,2.0,3,69266,M,,,69
201300033876,13,2,24,1615,1,2,1,4.0,6,69266,M,,,69
201300033877,13,2,28,1550,1,2,3,1.0,5,69266,M,,,69
201300033878,13,3,19,1550,1,2,2,1.0,3,69266,M,,,69
201300033879,13,3,20,800,1,2,1,1.0,3,69266,M,,,69
201300033880,13,3,22,2310,5,2,1,1.0,5,69266,M,,,69
201300033881,13,3,26,1240,1,2,1,1.0,6,69266,M,,,69
201300033882,13,4,1,2110,5,2,1,1.0,6,69266,M,,,69
201300033883,13,4,3,35,4,2,3,1.0,3,69266,M,,,69
201300033884,13,4,8,55,5,2,1,1.0,4,69266,M,,,69
201300033885,13,4,11,1515,1,2,2,1.0,6,69266,M,,,69
201300033886,13,4,10,2330,5,2,3,2.0,3,69266,M,,,69
201300033887,13,4,17,1920,1,2,2,1.0,3,69266,M,,,69
201300033888,13,4,20,2347,5,2,3,1.0,3,69266,M,,,69
201300033889,13,5,8,1330,1,2,2,1.0,6,69266,M,,,69
201300033890,13,5,10,2140,2,2,3,1.0,3,69266,M,,,69
201300033891,13,5,15,1200,1,2,1,2.0,6,69266,M,,,69
201300033892,13,5,19,1130,1,2,1,2.0,6,69266,M,,,69
201300033893,13,6,4,1240,1,2,1,1.0,6,69266,M,,,69
201300033894,13,6,6,400,5,2,2,1.0,3,69266,M,,,69
201300033895,13,6,7,1955,1,2,1,1.0,6,69266,M,,,69
201300033896,13,6,11,1600,1,2,2,1.0,6,69266,M,,,69
201300033897,13,6,27,1710,1,2,1,1.0,6,69266,M,,,69
201300033898,13,6,26,1555,1,2,1,1.0,6,69266,M,,,69
201300033899,13,7,3,1555,1,2,2,1.0,3,69266,M,,,69
201300033900,13,7,2,905,1,2,2,1.0,3,69266,M,,,69
201300033901,13,7,17,1921,1,2,1,1.0,2,69266,M,,,69
201300033902,13,7,17,2345,3,2,1,1.0,3,69266,M,,,69
201300033903,13,7,27,20,5,2,1,1.0,1,69266,M,,,69
201300033904,13,8,7,1815,1,2,2,2.0,3,69266,M,,,69
201300033905,13,8,17,40,5,2,2,1.0,3,69266,M,,,69
201300033906,13,8,17,850,1,2,5,1.0,3,69266,M,,,69
201300033907,13,8,17,1159,1,2,2,1.0,3,69266,M,,,69
201300033908,13,8,19,2315,5,2,2,1.0,6,69266,M,,,69
201300033909,13,8,26,2330,5,2,1,1.0,6,69266,M,,,69
201300033910,13,8,31,1835,1,2,3,1.0,6,69266,M,,,69
201300033911,13,9,2,755,1,2,1,1.0,3,69266,M,,,69
201300033912,13,9,3,820,1,2,1,1.0,6,69266,M,,,69
201300033913,13,9,7,1500,1,2,3,1.0,6,69266,M,,,69
201300033914,13,9,18,1630,1,2,2,1.0,6,69266,M,,,69
201300033915,13,9,17,735,1,2,1,1.0,2,69266,M,,,69
201300033916,13,9,12,1740,1,2,6,1.0,6,69266,M,,,69
201300033917,13,9,17,1215,1,2,1,1.0,6,69266,M,,,69
201300033918,13,9,14,1200,1,2,2,1.0,2,69266,M,,,69
201300033919,13,9,20,1955,1,2,1,2.0,6,69266,M,,,69
201300033920,13,9,23,825,1,2,1,1.0,6,69266,M,,,69
201300033921,13,9,24,1640,1,2,3,1.0,6,69266,M,,,69
201300033922,13,9,30,1310,1,2,3,1.0,6,69266,M,,,69
201300033923,13,9,30,1935,5,2,3,1.0,3,69266,M,,,69
201300033924,13,10,3,1335,1,2,6,1.0,6,69266,M,,,69
201300033925,13,10,6,2110,5,2,1,1.0,1,69266,M,,,69
201300033926,13,10,7,1900,2,2,3,1.0,3,69266,M,,,69
201300033927,13,10,8,1730,1,2,2,1.0,6,69266,M,,,69
201300033928,13,10,8,1950,5,2,2,1.0,3,69266,M,,,69
201300033929,13,10,2,1320,1,2,1,1.0,3,69266,M,,,69
201300033930,13,10,15,1905,5,2,2,3.0,6,69266,M,,,69
201300033931,13,10,18,2115,5,2,1,1.0,3,69266,M,,,69
201300033932,13,10,20,1450,1,2,2,1.0,3,69266,M,,,69
201300033933,13,10,23,2040,5,2,2,1.0,3,69266,M,,,69
201300033934,13,10,15,1750,2,2,3,2.0,6,69266,M,,,69
201300033935,13,10,24,2000,5,2,1,1.0,6,69266,M,,,69
201300033936,13,10,24,745,2,2,6,1.0,3,69266,M,,,69
201300033937,13,10,27,1950,5,2,2,1.0,1,69266,M,,,69
201300033938,13,10,30,1000,1,2,1,1.0,6,69266,M,,,69
201300033939,13,11,2,1720,4,2,6,1.0,3,69266,M,,,69
201300033940,13,11,4,1205,1,2,2,1.0,6,69266,M,,,69
201300033941,13,11,7,1550,1,2,1,1.0,6,69266,M,,,69
201300033942,13,11,9,200,5,2,3,2.0,3,69266,M,,,69
201300033943,13,11,14,1910,3,2,1,2.0,6,69266,M,,,69
201300033944,13,11,16,1730,5,2,2,1.0,3,69266,M,,,69
201300033945,13,11,18,1835,1,2,2,1.0,3,69266,M,,,69
201300033946,13,11,16,1825,5,2,3,1.0,3,69266,M,,,69
201300033947,13,11,19,2050,5,2,2,2.0,5,69266,M,,,69
201300033948,13,11,28,940,1,2,3,1.0,6,69266,M,,,69
201300033949,13,11,29,1900,3,2,4,1.0,5,69266,M,,,69
201300033950,13,11,29,2250,5,2,3,2.0,2,69266,M,,,69
201300033951,13,12,4,650,5,2,4,1.0,6,69266,M,,,69
201300033952,13,12,5,1400,1,2,3,1.0,6,69266,M,,,69
201300033953,13,12,6,350,5,2,2,1.0,6,69266,M,,,69
201300033954,13,12,6,1230,1,2,3,2.0,3,69266,M,,,69
201300033955,13,12,7,1700,1,2,1,1.0,3,69266,M,,,69
201300033956,13,12,14,2015,5,2,1,1.0,6,69266,M,,,69
201300033957,13,12,14,2020,5,2,3,1.0,1,69266,M,,,69
201300033958,13,12,18,1040,1,2,1,1.0,6,69266,M,,,69
201300033959,13,12,29,1445,1,2,4,1.0,6,69266,M,,,69
201300033960,13,12,30,2100,5,2,6,1.0,6,69266,M,,,69
201300033961,13,1,20,1920,5,2,1,4.0,6,69275,M,,,69
201300033962,13,1,24,955,1,2,1,8.0,6,69275,M,,,69
201300033963,13,2,12,1630,1,2,1,8.0,3,69275,M,,,69
201300033964,13,2,21,925,1,2,1,1.0,6,69275,M,,,69
201300033965,13,3,2,430,5,2,2,1.0,6,69275,M,,,69
201300033966,13,3,4,1315,1,2,1,1.0,3,69275,M,,,69
201300033967,13,4,25,1735,1,2,6,1.0,3,69275,M,,,69
201300033968,13,5,9,1755,1,2,1,2.0,6,69275,M,,,69
201300033969,13,5,17,1600,1,2,1,1.0,6,69275,M,,,69
201300033970,13,7,8,1135,1,2,2,1.0,3,69275,M,,,69
201300033971,13,8,1,2134,5,2,1,1.0,6,69275,M,,,69
201300033972,13,8,19,2305,5,2,3,1.0,3,69275,M,,,69
201300033973,13,9,18,2110,5,2,3,1.0,6,69275,M,,,69
201300033974,13,9,19,1730,1,2,1,1.0,6,69275,M,,,69
201300033975,13,10,3,745,1,2,1,1.0,6,69275,M,,,69
201300033976,13,10,7,930,1,2,1,1.0,3,69275,M,,,69
201300033977,13,10,11,1700,1,2,1,1.0,6,69275,M,,,69
201300033978,13,10,18,2100,5,1,1,1.0,7,69275,M,,,69
201300033979,13,11,2,1730,2,2,2,1.0,2,69275,M,,,69
201300033980,13,11,16,245,5,2,3,1.0,6,69275,M,,,69
201300033981,13,12,4,645,2,2,1,5.0,6,69275,M,,,69
201300033982,13,12,4,820,1,2,3,1.0,3,69275,M,,,69
201300033983,13,12,5,1505,1,2,1,1.0,6,69275,M,,,69
201300033984,13,12,16,1400,1,2,2,1.0,6,69275,M,,,69
201300033985,13,4,7,1725,1,2,1,1.0,6,69282,M,,,69
201300033986,13,6,13,2125,5,2,6,2.0,2,69282,M,,,69
201300033987,13,7,8,2250,5,2,2,1.0,3,69282,M,,,69
201300033988,13,8,1,1735,1,2,2,1.0,6,69282,M,,,69
201300033989,13,8,16,800,1,2,1,1.0,3,69282,M,,,69
201300033990,13,9,6,700,1,2,6,1.0,6,69282,M,,,69
201300033991,13,9,5,745,1,2,1,1.0,6,69282,M,,,69
201300033992,13,9,17,1910,1,2,6,1.0,6,69282,M,,,69
201300033993,13,9,7,1900,2,2,1,3.0,6,69282,M,,,69
201300033994,13,10,17,1728,1,2,2,1.0,6,69282,M,,,69
201300033995,13,10,25,2315,5,2,1,1.0,1,69282,M,,,69
201300033996,13,11,4,945,1,2,1,2.0,6,69282,M,,,69
201300033997,13,11,29,1729,2,2,3,1.0,3,69282,M,,,69
201300033998,13,12,4,1555,1,2,2,1.0,6,69282,M,,,69
201300033999,13,12,19,740,5,2,1,2.0,6,69282,M,,,69
201300034000,13,1,4,1740,3,2,1,1.0,6,69286,M,,,69
201300034001,13,1,9,1250,1,2,1,1.0,4,69286,M,,,69
201300034002,13,1,8,1940,3,2,1,1.0,6,69286,M,,,69
201300034003,13,1,14,1715,2,2,1,9.0,4,69286,M,,,69
201300034004,13,1,24,655,2,2,1,1.0,7,69286,M,,,69
201300034005,13,1,29,1825,5,2,1,2.0,6,69286,M,,,69
201300034006,13,2,17,1540,1,2,2,1.0,3,69286,M,,,69
201300034007,13,4,4,1620,1,2,1,1.0,3,69286,M,,,69
201300034008,13,6,16,1835,2,2,3,1.0,3,69286,M,,,69
201300034009,13,6,22,1540,1,2,6,1.0,6,69286,M,,,69
201300034010,13,7,19,1330,1,1,2,1.0,3,69286,M,,,69
201300034011,13,7,23,1845,1,2,1,1.0,2,69286,M,,,69
201300034012,13,7,25,2330,3,1,1,1.0,1,69286,M,,,69
201300034013,13,7,26,1110,1,2,1,7.0,3,69286,M,,,69
201300034014,13,8,26,1530,1,2,1,7.0,7,69286,M,,,69
201300034015,13,9,2,1203,1,2,1,1.0,6,69286,M,,,69
201300034016,13,9,12,1445,1,2,1,1.0,6,69286,M,,,69
201300034017,13,9,16,1355,1,2,1,1.0,2,69286,M,,,69
201300034018,13,9,23,1740,1,2,1,1.0,6,69286,M,,,69
201300034019,13,1,10,1030,1,2,3,2.0,2,69290,M,,,69
201300034020,13,1,10,1620,1,2,2,2.0,6,69290,M,,,69
201300034021,13,1,28,1820,5,2,2,1.0,3,69290,M,,,69
201300034022,13,2,18,715,1,2,2,1.0,2,69290,M,,,69
201300034023,13,3,6,905,1,2,2,2.0,3,69290,M,,,69
201300034024,13,3,9,1545,1,2,1,1.0,6,69290,M,,,69
201300034025,13,3,8,1930,5,2,1,1.0,4,69290,M,,,69
201300034026,13,3,14,1949,5,2,1,1.0,6,69290,M,,,69
201300034027,13,3,18,1315,1,2,2,2.0,3,69290,M,,,69
201300034028,13,4,3,1228,1,2,1,1.0,6,69290,M,,,69
201300034029,13,4,15,1600,1,2,2,1.0,3,69290,M,,,69
201300034030,13,4,25,1915,1,2,2,1.0,6,69290,M,,,69
201300034031,13,4,30,1235,1,2,3,8.0,6,69290,M,,,69
201300034032,13,5,8,1310,1,2,2,1.0,2,69290,M,,,69
201300034033,13,5,10,1715,1,2,3,1.0,3,69290,M,,,69
201300034034,13,5,13,815,1,2,2,1.0,3,69290,M,,,69
201300034035,13,5,13,2300,5,2,2,1.0,3,69290,M,,,69
201300034036,13,5,16,1100,1,2,1,2.0,2,69290,M,,,69
201300034037,13,5,28,1650,1,2,6,3.0,3,69290,M,,,69
201300034038,13,6,3,1528,1,2,1,1.0,1,69290,M,,,69
201300034039,13,6,3,1810,1,2,1,1.0,3,69290,M,,,69
201300034040,13,6,14,1500,1,2,1,1.0,3,69290,M,,,69
201300034041,13,6,20,1340,1,2,3,1.0,3,69290,M,,,69
201300034042,13,6,21,2100,1,2,1,1.0,6,69290,M,,,69
201300034043,13,6,25,1605,1,2,2,1.0,3,69290,M,,,69
201300034044,13,6,27,1825,1,2,2,1.0,3,69290,M,,,69
201300034045,13,7,2,1600,1,2,2,1.0,3,69290,M,,,69
201300034046,13,7,8,1515,1,2,2,1.0,3,69290,M,,,69
201300034047,13,8,12,1945,1,2,2,1.0,3,69290,M,,,69
201300034048,13,8,13,800,1,2,1,1.0,2,69290,M,,,69
201300034049,13,8,20,1100,1,2,1,1.0,2,69290,M,,,69
201300034050,13,9,2,1120,1,2,1,1.0,6,69290,M,,,69
201300034051,13,9,5,2030,5,2,6,1.0,3,69290,M,,,69
201300034052,13,9,13,845,1,2,2,1.0,6,69290,M,,,69
201300034053,13,9,27,1730,1,2,1,1.0,6,69290,M,,,69
201300034054,13,9,29,1645,1,2,1,3.0,6,69290,M,,,69
201300034055,13,9,30,1155,1,2,1,1.0,1,69290,M,,,69
201300034056,13,10,17,1820,1,2,1,9.0,6,69290,M,,,69
201300034057,13,10,15,2050,5,2,6,2.0,3,69290,M,,,69
201300034058,13,10,16,1850,5,2,1,2.0,5,69290,M,,,69
201300034059,13,10,17,2047,5,2,1,1.0,6,69290,M,,,69
201300034060,13,10,22,1610,1,2,1,6.0,2,69290,M,,,69
201300034061,13,10,24,1330,1,2,1,1.0,4,69290,M,,,69
201300034062,13,10,25,1240,1,2,2,1.0,1,69290,M,,,69
201300034063,13,10,31,815,1,2,1,1.0,2,69290,M,,,69
201300034064,13,11,1,1430,1,2,1,1.0,2,69290,M,,,69
201300034065,13,11,8,1215,1,2,4,8.0,2,69290,M,,,69
201300034066,13,11,9,1900,5,2,9,3.0,3,69290,M,,,69
201300034067,13,11,16,1430,1,2,1,8.0,2,69290,M,,,69
201300034068,13,11,23,305,5,2,2,1.0,3,69290,M,,,69
201300034069,13,12,3,1855,5,2,1,1.0,3,69290,M,,,69
201300034070,13,12,10,800,1,2,1,5.0,6,69290,M,,,69
201300034071,13,12,11,1830,5,2,1,1.0,2,69290,M,,,69
201300034072,13,12,9,1010,1,2,1,5.0,1,69290,M,,,69
201300034073,13,12,11,1845,5,2,1,1.0,4,69290,M,,,69
201300034074,13,12,17,1440,1,2,2,1.0,2,69290,M,,,69
201300034075,13,12,31,1240,1,2,2,1.0,3,69290,M,,,69
201300034076,13,2,28,100,3,2,1,9.0,7,69299,M,,,69
201300034077,13,7,10,1005,1,1,1,1.0,2,70285,M,,,70
201300034078,13,7,19,1900,1,2,1,1.0,3,70285,M,,,70
201300034079,13,12,10,1450,1,1,1,7.0,2,70285,M,,,70
201300034080,13,2,5,1705,1,2,6,2.0,3,70550,M,,,70
201300034081,13,4,12,1620,1,2,1,2.0,6,70550,M,,,70
201300034082,13,4,14,1110,1,1,3,1.0,3,70513,M,,,70