Num_Acc,an,mois,jour,hrmn,lum,agg,int,atm,col,com,gps,lat,long,dep
201300034083,13,4,23,1730,1,1,1,1.0,2,70261,M,,,70
201300034084,13,4,28,130,5,1,1,2.0,6,70550,M,,,70
201300034085,13,5,11,1135,1,2,2,1.0,1,70550,M,,,70
201300034086,13,5,16,1030,1,2,1,2.0,6,70550,M,,,70
201300034087,13,6,6,1655,1,2,3,1.0,3,70261,M,,,70
201300034088,13,6,15,1045,1,2,1,1.0,7,70550,M,,,70
201300034089,13,7,7,350,5,2,1,1.0,7,70378,M,,,70
201300034090,13,7,21,1315,1,2,1,1.0,3,70550,M,,,70
201300034091,13,8,4,610,2,2,1,1.0,6,70388,M,,,70
201300034092,13,8,14,1925,1,2,1,1.0,6,70550,M,,,70
201300034093,13,8,29,1640,1,2,1,1.0,3,70550,M,,,70
201300034094,13,9,3,1450,1,2,3,1.0,3,70550,M,0.0,0.0,70
201300034095,13,9,6,2200,3,1,1,1.0,7,70261,M,,,70
201300034096,13,9,7,535,5,2,1,1.0,1,70550,M,,,70
201300034097,13,10,10,1650,1,2,1,1.0,6,70550,M,,,70
201300034098,13,10,16,30,5,2,1,3.0,6,70388,M,,,70
201300034099,13,10,20,1425,1,1,3,1.0,3,70261,M,,,70
201300034100,13,10,27,35,5,2,6,1.0,3,70550,M,,,70
201300034101,13,12,19,2120,5,1,1,1.0,7,70388,M,,,70
201300034102,13,12,23,840,2,2,1,2.0,6,70550,M,,,70
201300034103,13,12,23,1520,1,2,3,1.0,2,70550,M,,,70
201300034104,13,1,3,1035,1,2,3,1.0,3,71076,M,4679487.0,484708.0,71
201300034105,13,1,5,1520,1,2,1,1.0,6,71076,M,4677620.0,486042.0,71
201300034106,13,1,16,945,1,2,3,1.0,6,71076,M,4678172.0,484699.0,71
201300034107,13,1,26,1125,1,2,1,1.0,6,71445,M,4677592.0,489111.0,71
201300034108,13,2,7,1230,1,2,3,1.0,3,71076,M,4678234.0,486243.0,71
201300034109,13,2,8,755,1,2,1,4.0,1,71081,M,4682224.0,483492.0,71
201300034110,13,2,8,1910,5,2,2,1.0,3,71475,M,4677389.0,482105.0,71
201300034111,13,3,2,1145,1,2,1,1.0,6,71445,M,4678280.0,491104.0,71
201300034112,13,3,11,825,1,2,2,1.0,6,71076,M,4678694.0,485821.0,71
201300034113,13,3,15,1,5,1,1,1.0,1,71445,M,,,71
201300034114,13,3,16,1115,1,2,9,1.0,1,71475,M,4676601.0,483725.0,71
201300034115,13,3,23,1700,1,2,1,1.0,1,71445,M,4676718.0,489349.0,71
201300034116,13,4,3,1755,1,2,3,1.0,2,71475,M,4675119.0,481949.0,71
201300034117,13,4,8,1130,1,2,1,2.0,2,71076,M,4679437.0,483537.0,71
201300034118,13,4,9,945,1,2,1,2.0,3,71076,M,4679651.0,486271.0,71
201300034119,13,4,12,1000,1,2,1,1.0,6,71076,M,4678307.0,485599.0,71
201300034120,13,4,23,1435,1,2,1,1.0,6,71076,M,4678279.0,484740.0,71
201300034121,13,4,28,1640,1,2,3,1.0,3,71076,M,4678210.0,485278.0,71
201300034122,13,5,2,1100,1,2,3,1.0,3,71076,M,,,71
201300034123,13,5,2,1500,1,1,9,1.0,3,71475,M,,,71
201300034124,13,5,16,1755,1,2,1,1.0,6,71118,M,4679519.0,481574.0,71
201300034125,13,6,3,1325,1,2,1,1.0,3,71076,M,4677801.0,483946.0,71
201300034126,13,6,6,730,1,2,9,1.0,6,71076,M,4679174.0,484968.0,71
201300034127,13,6,12,1255,1,2,3,1.0,3,71076,M,4678931.0,484198.0,71
201300034128,13,6,18,810,1,2,1,1.0,6,71076,M,,,71
201300034129,13,7,23,845,1,2,9,1.0,6,71076,M,4679174.0,484967.0,71
201300034130,13,8,22,1010,1,2,1,1.0,6,71076,M,4679650.0,486294.0,71
201300034131,13,8,30,1545,1,2,2,1.0,3,71076,M,4679626.0,486079.0,71
201300034132,13,9,3,1740,1,1,1,1.0,5,71445,M,,,71
201300034133,13,9,10,1825,1,2,1,1.0,3,71076,M,4678594.0,485687.0,71
201300034134,13,9,12,1720,1,2,1,1.0,6,71118,M,4680131.0,481387.0,71
201300034135,13,10,5,1905,1,2,1,1.0,6,71076,M,4678997.0,484350.0,71
201300034136,13,10,8,720,5,2,1,1.0,3,71081,M,4682029.0,483688.0,71
201300034137,13,10,11,1210,1,2,3,1.0,3,71076,M,4680417.0,485345.0,71
201300034138,13,10,27,1815,5,2,1,1.0,6,71076,M,4680488.0,484436.0,71
201300034139,13,10,31,1640,1,2,1,1.0,6,71076,M,4678436.0,485389.0,71
201300034140,13,11,15,2230,5,2,1,1.0,3,71076,M,4678678.0,484015.0,71
201300034141,13,11,5,820,2,2,2,1.0,3,71076,M,4678756.0,483886.0,71
201300034142,13,11,27,1820,5,2,1,1.0,6,71076,M,4679337.0,485315.0,71
201300034143,13,1,6,2015,3,2,3,8.0,3,71309,M,4678970.0,440361.0,71
201300034144,13,1,29,1200,1,2,3,1.0,3,71153,M,4679588.0,445332.0,71
201300034145,13,2,1,1445,1,2,9,8.0,6,71153,M,4679766.0,443322.0,71
201300034146,13,2,8,1730,1,2,3,1.0,3,71059,M,4680613.0,446962.0,71
201300034147,13,3,29,2315,3,2,9,2.0,1,71153,M,,,71
201300034148,13,5,8,1020,1,2,1,1.0,6,71153,M,4679895.0,443763.0,71
201300034149,13,6,16,950,1,2,2,1.0,3,71153,M,4679500.0,442508.0,71
201300034150,13,6,27,1649,1,2,9,1.0,6,71153,M,,,71
201300034151,13,6,28,1640,1,2,1,1.0,5,71153,M,,,71
201300034152,13,7,24,900,1,2,9,1.0,3,71153,M,,,71
201300034153,13,8,13,735,1,2,1,1.0,1,71540,M,,,71
201300034154,13,8,15,210,5,2,1,1.0,6,71153,M,4679964.0,443916.0,71
201300034155,13,8,31,1545,1,1,9,1.0,6,71540,M,,,71
201300034156,13,9,2,1335,1,2,9,1.0,6,71540,M,,,71
201300034157,13,9,16,1035,1,2,1,3.0,1,71309,M,4679728.0,439093.0,71
201300034158,13,10,26,1530,1,2,9,1.0,6,71153,M,4680725.0,443398.0,71
201300034159,13,11,5,1755,5,2,2,2.0,3,71540,M,4678663.0,443256.0,71
201300034160,13,11,9,1300,1,1,1,1.0,6,71153,M,4679170.0,444659.0,71
201300034161,13,11,9,1730,2,2,3,3.0,6,71153,M,4680515.0,445742.0,71
201300034162,13,11,22,1110,1,2,3,4.0,3,71153,M,4680478.0,445951.0,71
201300034163,13,12,2,910,1,1,1,1.0,1,71540,M,4676661.0,444271.0,71
201300034164,13,12,4,2025,5,2,1,1.0,6,71153,M,4679611.0,442446.0,71
201300034165,13,1,11,2240,5,2,3,1.0,3,71270,M,4630438.0,483466.0,71
201300034166,13,2,6,1440,1,2,1,2.0,6,71105,M,,,71
201300034167,13,2,15,2010,5,2,1,1.0,2,71270,M,,,71
201300034168,13,2,12,1550,1,2,1,1.0,6,71497,M,,,71
201300034169,13,3,18,2015,5,2,3,2.0,4,71270,M,4629591.0,481428.0,71
201300034170,13,3,21,2115,5,2,1,1.0,6,71270,M,4631413.0,482074.0,71
201300034171,13,3,26,1400,1,1,1,1.0,1,71105,M,,,71
201300034172,13,5,19,2045,2,2,1,9.0,6,71270,M,,,71
201300034173,13,6,1,20,5,2,6,1.0,7,71270,M,4631951.0,482558.0,71
201300034174,13,6,7,1340,1,2,1,1.0,6,71270,M,4630320.0,482664.0,71
201300034175,13,7,11,1825,1,2,2,1.0,3,71270,M,4631389.0,483597.0,71
201300034176,13,8,9,2045,2,2,3,1.0,3,71270,M,4632181.0,483166.0,71
201300034177,13,9,1,815,1,2,2,1.0,3,71270,M,4630535.0,483571.0,71
201300034178,13,9,5,800,1,2,1,1.0,6,71270,M,4628693.0,480990.0,71
201300034179,13,10,4,1555,1,2,1,3.0,6,71270,M,4630979.0,483637.0,71
201300034180,13,10,9,2010,3,1,1,1.0,6,71105,M,4630181.0,479470.0,71
201300034181,13,10,15,30,3,1,1,1.0,6,71105,M,,,71
201300034182,13,10,16,2040,5,2,1,2.0,6,71270,M,4630790.0,482998.0,71
201300034183,13,10,29,1155,1,2,1,1.0,6,71270,M,,,71
201300034184,13,11,3,1800,4,2,1,1.0,1,71105,M,,,71
201300034185,13,11,14,1730,5,2,1,3.0,6,71270,M,4632823.0,482361.0,71
201300034186,13,11,25,1605,1,2,2,1.0,3,71270,M,4629824.0,482878.0,71
201300034187,13,11,19,945,1,2,1,2.0,6,71270,M,4630400.0,482968.0,71
201300034188,13,12,2,1730,2,2,1,1.0,3,71270,M,4629226.0,481103.0,71
201300034189,13,12,21,1745,5,2,1,1.0,6,71270,M,4632819.0,482806.0,71
201300034190,13,2,12,2125,5,2,2,2.0,3,71486,M,4664393.0,431989.0,71
201300034191,13,3,9,1745,1,2,2,1.0,3,71486,M,4664364.0,435881.0,71
201300034192,13,4,1,1540,1,2,3,1.0,3,71306,M,4667058.0,437811.0,71
201300034193,13,5,11,135,5,2,1,1.0,7,71486,M,4664888.0,435749.0,71
201300034194,13,6,22,1136,1,2,1,1.0,2,71306,M,,,71
201300034195,13,6,29,610,1,2,1,1.0,7,71306,M,4667814.0,436628.0,71
201300034196,13,8,10,1205,1,2,1,1.0,3,71306,M,4667844.0,436635.0,71
201300034197,13,9,3,900,1,2,3,1.0,3,71486,M,,,71
201300034198,13,1,7,1845,5,2,1,1.0,6,72181,M,,,72
201300034199,13,1,11,800,2,2,6,2.0,3,72181,M,,,72
201300034200,13,1,24,2350,5,2,1,1.0,6,72181,M,,,72
201300034201,13,1,26,730,5,2,1,4.0,6,72181,M,,,72
201300034202,13,2,4,750,5,1,1,2.0,6,72181,M,,,72
201300034203,13,2,9,1905,5,2,1,2.0,6,72181,M,,,72
201300034204,13,2,19,1510,1,2,3,1.0,3,72181,M,,,72
201300034205,13,3,1,2300,5,2,1,1.0,6,72181,M,,,72
201300034206,13,3,5,1030,1,2,1,1.0,3,72181,M,,,72
201300034207,13,3,19,1515,1,2,1,2.0,7,72181,M,,,72
201300034208,13,3,28,1310,1,1,1,1.0,6,72181,M,,,72
201300034209,13,4,16,1635,1,2,2,1.0,3,72181,M,,,72
201300034210,13,4,18,1157,1,2,3,1.0,3,72181,M,,,72
201300034211,13,5,1,1043,1,2,1,1.0,6,72181,M,,,72
201300034212,13,5,2,1650,1,2,1,1.0,6,72181,M,,,72
201300034213,13,5,4,2245,5,2,1,1.0,6,72181,M,,,72
201300034214,13,5,8,120,5,2,2,1.0,3,72181,M,,,72
201300034215,13,5,29,1650,1,2,1,1.0,6,72181,M,,,72
201300034216,13,6,7,1045,1,2,1,1.0,3,72181,M,,,72
201300034217,13,6,14,2232,3,1,1,1.0,1,72181,M,,,72
201300034218,13,7,4,1530,1,1,1,1.0,2,72181,M,,,72
201300034219,13,7,18,1545,1,1,1,1.0,4,72181,M,,,72
201300034220,13,7,26,2125,1,2,1,1.0,1,72181,M,,,72
201300034221,13,8,9,2320,5,2,1,1.0,6,72181,M,,,72
201300034222,13,8,10,620,2,2,2,1.0,3,72181,M,,,72
201300034223,13,9,1,540,5,2,1,1.0,6,72181,M,,,72
201300034224,13,9,21,1450,1,1,1,1.0,6,72181,M,,,72
201300034225,13,9,20,2028,3,1,1,1.0,5,72181,M,,,72
201300034226,13,10,7,1948,5,2,1,1.0,6,72095,M,,,72
201300034227,13,11,16,2015,5,2,1,1.0,6,72181,M,,,72
201300034228,13,11,20,410,3,1,1,1.0,1,72181,M,,,72
201300034229,13,11,25,910,1,2,1,1.0,6,72181,M,,,72
201300034230,13,12,18,1830,5,2,1,1.0,2,73008,M,4569114.0,591053.0,73
201300034231,13,1,27,1940,5,2,1,3.0,6,73008,M,4569261.0,589617.0,73
201300034232,13,1,29,710,2,2,3,2.0,2,73008,M,4569729.0,591206.0,73
201300034233,13,4,3,1645,1,2,1,1.0,2,73008,M,4568857.0,590965.0,73
201300034234,13,5,20,205,5,2,2,2.0,3,73008,M,,,73
201300034235,13,7,15,1530,1,2,9,1.0,3,73008,M,4570502.0,588707.0,73
201300034236,13,7,19,1330,1,2,1,1.0,6,73008,M,4567473.0,591189.0,73
201300034237,13,7,27,1300,1,2,1,1.0,2,73008,M,4569385.0,591040.0,73
201300034238,13,8,17,1030,1,2,2,1.0,3,73008,M,4569458.0,591027.0,73
201300034239,13,2,5,730,2,2,1,3.0,2,73011,M,4566847.0,637418.0,73
201300034240,13,2,14,1420,1,2,1,1.0,6,73011,M,4567164.0,638119.0,73
201300034241,13,4,17,1645,1,1,1,1.0,7,73011,M,4566299.0,638699.0,73
201300034242,13,7,16,1750,1,2,3,1.0,3,73011,M,4566471.0,638694.0,73
201300034243,13,9,23,1500,1,2,1,1.0,3,73011,M,4567509.0,638866.0,73
201300034244,13,1,18,1100,1,2,1,1.0,6,73065,M,4557105.0,591123.0,73
201300034245,13,2,17,1855,5,2,2,,6,73065,M,4556294.0,590823.0,73
201300034246,13,1,1,1800,5,2,1,2.0,6,73065,M,4556305.0,590164.0,73
201300034247,13,3,21,850,1,1,1,1.0,2,73065,M,4557560.0,591980.0,73
201300034248,13,3,26,900,1,2,1,1.0,6,73065,M,4556690.0,592370.0,73
201300034249,13,3,29,1330,1,2,2,2.0,3,73065,M,4557950.0,589150.0,73
201300034250,13,5,6,1700,1,2,1,1.0,6,73065,M,4559200.0,591930.0,73
201300034251,13,6,3,1650,1,2,1,1.0,6,73065,M,4557050.0,591160.0,73
201300034252,13,5,13,2000,1,2,1,1.0,3,73065,M,4556893.0,593050.0,73
201300034253,13,7,24,1155,1,2,3,1.0,3,73065,M,4557343.0,591591.0,73
201300034254,13,7,28,1935,1,1,3,1.0,3,73065,M,4558737.0,590832.0,73
201300034255,13,8,12,1810,1,2,2,1.0,3,73065,M,4556964.0,591116.0,73
201300034256,13,8,22,945,1,1,6,1.0,6,73065,M,4557390.0,593720.0,73
201300034257,13,10,21,650,2,2,2,1.0,3,73065,M,4558110.0,588970.0,73
201300034258,13,9,26,851,1,2,1,1.0,3,73065,M,4558500.0,590120.0,73
201300034259,13,9,27,1635,1,2,1,1.0,5,73087,M,4555970.0,589550.0,73
201300034260,13,10,8,1610,1,2,1,1.0,6,73065,M,4558010.0,589200.0,73
201300034261,13,11,8,825,1,1,1,1.0,3,73065,M,4559250.0,591410.0,73
201300034262,13,11,5,1745,5,2,1,2.0,6,73065,M,4556380.0,592640.0,73
201300034263,13,12,5,1100,1,1,1,1.0,6,73065,M,4560880.0,588920.0,73
201300034264,13,1,4,1830,3,2,1,1.0,6,74010,M,,,74
201300034265,13,1,4,1900,5,2,1,1.0,6,74010,M,,,74
201300034266,13,1,5,1240,1,2,1,1.0,6,74010,M,,,74
201300034267,13,2,10,40,5,2,3,1.0,6,74010,M,,,74
201300034268,13,3,6,1440,1,2,1,1.0,6,74010,M,,,74
201300034269,13,3,8,1730,1,2,1,1.0,7,74010,M,,,74
201300034270,13,3,28,1700,1,2,6,2.0,6,74010,M,,,74
201300034271,13,4,1,2052,5,2,3,1.0,6,74010,M,,,74
201300034272,13,4,6,100,5,2,3,1.0,6,74010,M,,,74
201300034273,13,5,6,830,1,2,3,2.0,6,74010,M,,,74
201300034274,13,5,16,1255,1,2,6,2.0,6,74010,M,,,74
201300034275,13,6,6,1940,1,2,1,1.0,6,74093,M,,,74
201300034276,13,6,10,1600,1,2,1,1.0,6,74010,M,,,74
201300034277,13,6,10,1958,1,2,1,2.0,6,74010,M,,,74
201300034278,13,6,11,1915,1,2,1,1.0,2,74010,M,,,74
201300034279,13,6,13,640,1,2,4,1.0,6,74010,M,,,74
201300034280,13,6,18,2102,1,2,2,1.0,6,74010,M,,,74
201300034281,13,6,20,1642,1,2,1,1.0,6,74010,M,,,74
201300034282,13,6,19,1255,1,2,2,1.0,6,74010,M,,,74
201300034283,13,6,28,515,1,2,1,1.0,6,74010,M,,,74
201300034284,13,6,29,1200,1,2,3,3.0,6,74010,M,,,74
201300034285,13,7,10,2015,1,2,2,1.0,3,74010,M,,,74
201300034286,13,7,12,725,1,2,2,1.0,3,74010,M,,,74
201300034287,13,7,16,1735,1,2,3,1.0,6,74093,M,,,74
201300034288,13,7,28,1610,1,2,1,1.0,2,74010,M,,,74
201300034289,13,8,4,1435,1,2,3,1.0,6,74010,M,,,74
201300034290,13,8,10,2325,5,2,2,1.0,6,74010,M,,,74
201300034291,13,9,3,615,5,2,3,1.0,3,74010,M,,,74
201300034292,13,10,12,2045,5,2,1,2.0,6,74010,M,,,74
201300034293,13,10,17,1610,1,2,1,1.0,5,74010,M,,,74
201300034294,13,10,19,1730,1,2,6,1.0,6,74010,M,,,74
201300034295,13,10,28,1325,1,2,1,1.0,3,74010,M,,,74
201300034296,13,11,18,755,1,2,1,1.0,6,74010,M,,,74
201300034297,13,11,27,1705,1,2,3,1.0,6,74010,M,,,74
201300034298,13,11,29,1415,1,2,4,1.0,6,74010,M,,,74
201300034299,13,12,2,2218,5,2,3,1.0,3,74010,M,,,74
201300034300,13,12,6,1255,1,2,3,1.0,6,74010,M,,,74
201300034301,13,12,9,630,5,2,3,1.0,6,74010,M,,,74
201300034302,13,12,9,1332,1,2,6,1.0,6,74010,M,,,74
201300034303,13,12,12,1005,1,2,3,1.0,6,74093,M,,,74
201300034304,13,12,14,310,5,2,1,1.0,6,74010,M,,,74
201300034305,13,12,13,1550,1,2,1,2.0,6,74010,M,,,74
201300034306,13,12,17,920,1,2,1,1.0,4,74010,M,,,74
201300034307,13,12,20,1745,5,2,1,1.0,1,74010,M,,,74
201300034308,13,1,8,1805,2,2,1,1.0,6,74133,M,,,74
201300034309,13,1,10,1700,2,2,9,2.0,6,74133,M,,,74
201300034310,13,1,22,1300,1,2,1,1.0,6,74012,M,,,74
201300034311,13,1,26,1130,1,2,9,1.0,6,74305,M,,,74
201300034312,13,2,4,2145,5,2,1,2.0,6,74012,M,,,74
201300034313,13,2,5,730,2,2,1,2.0,6,74012,M,,,74
201300034314,13,2,7,910,1,2,1,1.0,6,74305,M,,,74
201300034315,13,2,19,2330,5,2,3,9.0,3,74118,M,,,74
201300034316,13,2,28,1310,1,2,3,1.0,6,74012,M,,,74
201300034317,13,3,25,955,1,2,1,2.0,7,74133,M,,,74
201300034318,13,4,13,930,1,2,1,1.0,3,74012,M,,,74
201300034319,13,6,7,1750,1,1,1,1.0,5,74118,M,,,74
201300034320,13,6,12,700,1,2,4,1.0,3,74012,M,,,74
201300034321,13,6,27,835,1,2,1,1.0,6,74012,M,,,74
201300034322,13,6,28,1730,1,2,1,1.0,6,74133,M,,,74
201300034323,13,7,5,1700,1,2,3,1.0,3,74012,M,,,74
201300034324,13,7,9,1415,1,2,1,1.0,6,74012,M,,,74
201300034325,13,7,9,1115,1,2,1,1.0,2,74118,M,,,74
201300034326,13,7,12,930,1,1,1,1.0,3,74012,M,,,74
201300034327,13,7,13,1500,1,2,1,1.0,2,74012,M,,,74
201300034328,13,7,19,1700,1,2,1,3.0,6,74012,M,,,74
201300034329,13,7,25,1940,1,2,1,1.0,6,74012,M,,,74
201300034330,13,7,22,1805,1,2,1,1.0,6,74012,M,,,74
201300034331,13,7,29,1400,1,2,1,2.0,6,74012,M,,,74
201300034332,13,8,12,1025,1,1,4,1.0,3,74012,M,,,74
201300034333,13,8,26,1205,1,2,1,1.0,6,74012,M,,,74
201300034334,13,9,17,835,1,1,1,2.0,1,74298,M,,,74
201300034335,13,9,17,1620,1,2,2,1.0,3,74012,M,,,74
201300034336,13,9,13,1605,1,2,3,1.0,3,74012,M,,,74
201300034337,13,9,30,1220,1,2,1,1.0,7,74012,M,,,74
201300034338,13,9,10,1115,1,2,2,1.0,6,74012,M,,,74
201300034339,13,10,3,1745,1,2,6,1.0,3,74118,M,,,74
201300034340,13,10,6,1840,1,2,6,1.0,3,74133,M,,,74
201300034341,13,10,16,900,1,2,2,1.0,3,74012,M,,,74
201300034342,13,10,27,1010,1,2,4,1.0,3,74305,M,,,74
201300034343,13,10,28,930,1,2,1,1.0,6,74133,M,,,74
201300034344,13,11,5,840,1,2,2,1.0,6,74012,M,,,74
201300034345,13,11,8,730,5,2,1,1.0,6,74118,M,,,74
201300034346,13,12,4,540,5,2,3,5.0,6,74008,M,,,74
201300034347,13,12,9,2030,3,2,1,1.0,6,74012,M,,,74
201300034348,13,12,7,1000,1,2,6,1.0,6,74012,M,,,74
201300034349,13,12,11,850,1,2,3,1.0,6,74133,M,,,74
201300034350,13,12,12,800,2,2,3,1.0,6,74012,M,,,74
201300034351,13,12,12,2130,3,2,3,1.0,6,74012,M,,,74
201300034352,13,12,24,1155,1,2,1,1.0,2,74012,M,,,74
201300034353,13,1,15,1350,1,2,1,1.0,1,74218,M,,,74
201300034354,13,1,14,1600,1,2,1,1.0,3,74218,M,,,74
201300034355,13,2,1,1815,5,2,3,3.0,3,74281,M,,,74
201300034356,13,3,18,1410,1,1,1,8.0,1,74281,M,,,74
201300034357,13,4,8,1214,1,2,4,8.0,5,74281,M,,,74
201300034358,13,5,14,650,1,1,1,1.0,1,74200,M,,,74
201300034359,13,5,18,400,5,2,1,2.0,6,74281,M,,,74
201300034360,13,5,8,1940,2,2,2,2.0,3,74119,M,,,74
201300034361,13,6,14,1900,1,2,2,1.0,1,74172,M,,,74
201300034362,13,6,25,900,1,2,1,1.0,3,74281,M,,,74
201300034363,13,6,26,930,1,2,1,1.0,6,74281,M,,,74
201300034364,13,6,26,1715,1,2,3,1.0,3,74281,M,,,74
201300034365,13,6,26,1955,1,1,4,1.0,3,74281,M,,,74
201300034366,13,7,12,1930,1,2,1,1.0,6,74119,M,,,74
201300034367,13,8,5,1245,1,2,1,1.0,6,74119,M,,,74
201300034368,13,8,1,1910,1,2,2,1.0,3,74218,M,,,74
201300034369,13,8,30,2110,5,2,1,1.0,6,74281,M,,,74
201300034370,13,9,6,200,5,2,1,1.0,6,74281,M,,,74
201300034371,13,9,24,1602,1,2,2,1.0,6,74281,M,,,74
201300034372,13,9,13,535,2,1,1,1.0,7,74218,M,,,74
201300034373,13,9,27,1625,1,2,2,1.0,6,74119,M,,,74
201300034374,13,9,18,1555,1,2,2,2.0,6,74281,M,,,74
201300034375,13,10,6,1640,1,2,4,1.0,6,74119,M,,,74
201300034376,13,10,12,2130,5,2,1,2.0,2,74200,M,,,74
201300034377,13,10,18,800,1,2,1,1.0,6,74119,M,,,74
201300034378,13,10,19,2055,5,2,2,1.0,3,74281,M,,,74
201300034379,13,10,30,700,2,2,1,1.0,5,74281,M,,,74
201300034380,13,10,26,920,1,2,3,1.0,3,74218,M,,,74
201300034381,13,11,5,1745,5,2,3,2.0,6,74281,M,,,74
201300034382,13,11,4,1145,1,2,4,9.0,6,74281,M,,,74
201300034383,13,10,25,1920,5,2,1,1.0,1,74281,M,,,74
201300034384,13,11,17,1640,1,2,2,1.0,3,74200,M,,,74
201300034385,13,11,14,1055,1,2,3,1.0,3,74281,M,,,74
201300034386,13,11,26,1940,5,2,1,6.0,6,74281,M,,,74
201300034387,13,11,29,1750,5,2,1,1.0,1,74281,M,,,74
201300034388,13,12,2,1600,1,2,1,1.0,6,74281,M,,,74
201300034389,13,12,19,750,2,2,1,3.0,6,74281,M,,,74
201300034390,13,3,23,655,1,2,1,2.0,7,76384,M,4952166.0,54898.0,76
201300034391,13,7,6,830,1,2,1,1.0,2,76384,M,4952817.0,54340.0,76
201300034392,13,9,29,234,5,2,1,1.0,6,76384,M,4952351.0,55107.0,76
201300034393,13,10,9,1145,1,1,1,8.0,3,76114,M,4957188.0,49302.0,76
201300034394,13,12,20,845,1,2,3,1.0,3,76384,M,4952194.0,52939.0,76
201300034395,13,11,27,1200,1,1,3,1.0,5,76329,M,4953836.0,50895.0,76
201300034396,13,12,12,1430,1,1,1,1.0,3,76476,M,4949619.0,54892.0,76
201300034397,13,1,2,1110,1,1,1,1.0,7,76545,M,4989844.0,112048.0,76
201300034398,13,1,2,1745,5,2,1,2.0,6,76217,M,4992890.0,110163.0,76
201300034399,13,1,7,945,1,2,3,2.0,3,76565,M,4987228.0,106892.0,76
201300034400,13,1,24,1140,1,2,1,1.0,6,76217,M,4992191.0,107746.0,76
201300034401,13,1,25,750,2,2,1,1.0,6,76217,M,4992564.0,108037.0,76
201300034402,13,1,27,420,5,2,1,1.0,6,76217,M,4991169.0,106881.0,76
201300034403,13,2,2,2040,5,2,1,8.0,7,76217,M,4992481.0,107498.0,76
201300034404,13,2,6,1210,1,2,3,1.0,3,76217,M,4991582.0,109659.0,76
201300034405,13,2,7,645,2,1,1,1.0,1,76565,M,4989076.0,107184.0,76
201300034406,13,2,11,2140,3,1,1,1.0,7,76707,M,4985769.0,108633.0,76
201300034407,13,2,19,525,3,1,1,1.0,6,76414,M,4992944.0,113301.0,76
201300034408,13,3,3,1635,1,1,1,1.0,5,76565,M,4988682.0,108612.0,76
201300034409,13,3,5,1410,1,2,1,1.0,4,76217,M,4991840.0,107405.0,76
201300034410,13,3,13,1650,1,1,2,8.0,3,76026,M,4987405.0,111148.0,76
201300034411,13,3,14,1150,1,2,1,1.0,6,76217,M,4991385.0,107278.0,76
201300034412,13,3,17,235,5,2,1,1.0,6,76217,M,4990919.0,106185.0,76
201300034413,13,3,30,1400,1,1,1,1.0,2,76565,M,4988681.0,108608.0,76
201300034414,13,4,3,1515,1,2,6,1.0,3,76217,M,4991419.0,109242.0,76
201300034415,13,4,14,1905,1,2,5,1.0,6,76217,M,4991336.0,107203.0,76
201300034416,13,4,14,2000,1,2,6,1.0,3,76217,M,4992675.0,107452.0,76
201300034417,13,4,14,405,5,2,1,2.0,6,76217,M,4992750.0,109251.0,76
201300034418,13,4,16,850,1,1,1,1.0,7,76565,M,4987850.0,109453.0,76
201300034419,13,4,18,1450,1,2,1,1.0,6,76565,M,4989682.0,107748.0,76
201300034420,13,4,25,1215,1,2,1,1.0,3,76217,M,4992922.0,107974.0,76
201300034421,13,5,6,1335,1,2,1,1.0,6,76217,M,4991912.0,109552.0,76
201300034422,13,5,7,840,1,2,1,1.0,5,76565,M,4989150.0,107302.0,76
201300034423,13,5,12,1720,1,2,1,1.0,6,76324,M,4992137.0,114872.0,76
201300034424,13,5,20,2210,5,1,1,3.0,7,76026,M,4989198.0,111660.0,76
201300034425,13,5,21,2130,2,2,3,1.0,3,76565,M,4987229.0,106893.0,76
201300034426,13,5,22,1715,1,2,1,1.0,1,76217,M,4992435.0,110440.0,76
201300034427,13,5,23,1010,1,2,6,7.0,2,76217,M,4991066.0,107573.0,76
201300034428,13,5,25,110,5,2,6,8.0,6,76414,M,4990677.0,110728.0,76
201300034429,13,5,30,1120,1,2,4,2.0,6,76217,M,4992546.0,107765.0,76
201300034430,13,5,30,1235,1,2,1,2.0,7,76217,M,4992838.0,110364.0,76
201300034431,13,6,6,1150,1,2,1,1.0,4,76217,M,4992199.0,108097.0,76
201300034432,13,6,15,2000,1,2,1,1.0,3,76217,M,4991568.0,107462.0,76
201300034433,13,6,18,1530,1,2,6,1.0,6,76217,M,4992524.0,110104.0,76
201300034434,13,6,20,935,1,2,2,2.0,6,76217,M,4992466.0,110914.0,76
201300034435,13,6,21,1700,1,2,1,1.0,1,76217,M,4991787.0,109069.0,76
201300034436,13,6,24,1545,1,2,1,1.0,6,76565,M,4987064.0,107006.0,76
201300034437,13,6,28,1220,1,1,1,1.0,7,76545,M,4991305.0,109538.0,76