Num_Acc,an,mois,jour,hrmn,lum,agg,int,atm,col,com,gps,lat,long,dep
201300034438,13,7,7,1925,1,1,3,1.0,3,76565,M,4987136.0,108053.0,76
201300034439,13,7,8,1450,1,1,6,1.0,3,76707,M,4987294.0,110014.0,76
201300034440,13,7,12,1910,1,2,1,1.0,6,76217,M,4992604.0,109880.0,76
201300034441,13,7,13,2005,1,1,1,1.0,2,76545,M,4991154.0,109759.0,76
201300034442,13,7,15,915,1,1,1,1.0,7,76349,M,4989242.0,104010.0,76
201300034443,13,7,16,1140,1,2,1,1.0,3,76217,M,4992197.0,107965.0,76
201300034444,13,7,16,1745,1,2,1,1.0,6,76217,M,4992595.0,108802.0,76
201300034445,13,7,19,1905,1,2,2,1.0,3,76217,M,4993050.0,108212.0,76
201300034446,13,7,23,1850,1,1,1,1.0,6,76707,M,4986455.0,107153.0,76
201300034447,13,7,29,1625,1,1,1,1.0,1,76349,M,4990883.0,102576.0,76
201300034448,13,8,27,1610,1,2,1,1.0,6,76217,M,4990420.0,107753.0,76
201300034449,13,9,3,1200,1,1,1,1.0,4,76565,M,4988990.0,106959.0,76
201300034450,13,9,18,1600,1,2,2,1.0,2,76217,M,4991691.0,108894.0,76
201300034451,13,9,23,1900,1,2,1,1.0,6,76217,M,4992748.0,108765.0,76
201300034452,13,9,28,1110,1,2,3,1.0,6,76217,M,4992723.0,108461.0,76
201300034453,13,10,6,1850,2,2,1,1.0,1,76545,M,4989279.0,111627.0,76
201300034454,13,10,12,1550,1,2,1,1.0,3,76217,M,4992135.0,107340.0,76
201300034455,13,11,8,655,3,1,3,8.0,3,76324,M,4991897.0,113626.0,76
201300034456,13,11,21,1805,3,2,3,1.0,6,76217,M,4992373.0,108124.0,76
201300034457,13,11,27,1830,5,2,1,1.0,6,76217,M,4992943.0,110110.0,76
201300034458,13,11,29,1930,5,2,3,6.0,3,76217,M,4992678.0,108253.0,76
201300034459,13,11,30,50,5,2,1,8.0,6,76217,M,4992726.0,108525.0,76
201300034460,13,12,3,1050,1,1,1,8.0,2,76324,M,4991915.0,113521.0,76
201300034461,13,12,5,1830,5,2,1,2.0,2,76217,M,4992730.0,109666.0,76
201300034462,13,12,6,1540,1,2,1,1.0,2,76707,M,4985196.0,110102.0,76
201300034463,13,12,7,2330,5,2,1,2.0,7,76217,M,4992930.0,108400.0,76
201300034464,13,12,8,1745,5,2,1,1.0,6,76026,M,4988065.0,113106.0,76
201300034465,13,12,10,1050,1,1,1,1.0,7,76217,M,4993362.0,110678.0,76
201300034466,13,12,13,1715,3,1,1,2.0,2,76565,M,4987900.0,109401.0,76
201300034467,13,12,13,2300,3,1,1,8.0,7,76349,M,4991753.0,103729.0,76
201300034468,13,12,18,1445,1,2,1,1.0,7,76217,M,4992341.0,107394.0,76
201300034469,13,12,22,1800,5,2,3,2.0,3,76217,M,4992629.0,110676.0,76
201300034470,13,2,16,540,5,1,6,5.0,6,76705,M,4933515.0,111378.0,76
201300034471,13,3,15,1345,1,1,1,1.0,6,76391,M,4930364.0,97596.0,76
201300034472,13,3,14,1130,1,2,4,1.0,6,76231,M,4929025.0,101221.0,76
201300034473,13,4,12,1,5,2,1,8.0,5,76486,M,4932237.0,101497.0,76
201300034474,13,3,9,1645,1,1,1,1.0,7,76486,M,4933112.0,99337.0,76
201300034475,13,4,30,1705,1,2,1,1.0,3,76561,M,4929451.0,101060.0,76
201300034476,13,8,18,1055,1,2,2,9.0,6,76231,M,4928851.0,100677.0,76
201300034477,13,10,18,729,5,2,2,5.0,3,76561,M,4929757.0,100680.0,76
201300034478,13,8,6,1955,1,1,1,1.0,3,76486,M,4932610.0,100085.0,76
201300034479,13,12,14,1729,5,2,3,1.0,6,76231,M,4929215.0,102156.0,76
201300034480,13,12,29,643,5,2,1,2.0,6,76178,M,4931286.0,105566.0,76
201300034481,13,1,13,130,5,2,1,1.0,6,76259,M,4975160.0,39899.0,76
201300034482,13,5,23,1705,1,1,1,8.0,1,76259,M,4974601.0,39584.0,76
201300034483,13,6,7,1205,1,2,5,1.0,3,76259,M,4975248.0,37109.0,76
201300034484,13,6,17,1125,1,2,1,1.0,3,76259,M,4975470.0,39704.0,76
201300034485,13,8,10,1815,1,2,3,1.0,2,76259,M,4974629.0,36833.0,76
201300034486,13,11,9,550,3,1,1,8.0,6,76600,M,4972205.0,34437.0,76
201300034487,13,12,28,1150,1,2,2,1.0,3,76600,M,4974180.0,36805.0,76
201300034488,13,1,3,1740,5,2,3,2.0,6,76351,M,4949174.0,9929.0,76
201300034489,13,1,4,1000,1,1,1,1.0,5,76305,M,4949887.0,21237.0,76
201300034490,13,1,6,140,5,2,1,2.0,6,76351,M,4950315.0,18047.0,76
201300034491,13,1,9,745,5,2,2,5.0,6,76351,M,4949226.0,14852.0,76
201300034492,13,1,10,1240,1,2,1,2.0,3,76351,M,4952034.0,8285.0,76
201300034493,13,1,10,1520,1,1,4,1.0,6,76305,M,4949856.0,19827.0,76
201300034494,13,1,10,1800,5,2,2,2.0,3,76351,M,4949762.0,13613.0,76
201300034495,13,1,11,1000,1,2,3,1.0,6,76351,M,4949222.0,11015.0,76
201300034496,13,1,16,1720,1,1,1,1.0,5,76341,M,4952503.0,18747.0,76
201300034497,13,1,17,750,1,2,2,4.0,6,76351,M,4950088.0,14538.0,76
201300034498,13,1,17,840,2,2,3,1.0,6,76351,M,4948916.0,10100.0,76
201300034499,13,1,19,2030,5,2,2,1.0,3,76351,M,4950054.0,13918.0,76
201300034500,13,1,22,1430,1,2,3,1.0,3,76351,M,4951527.0,12172.0,76
201300034501,13,1,23,800,1,2,2,1.0,3,76351,M,4949587.0,12683.0,76
201300034502,13,1,23,1840,2,2,1,2.0,6,76351,M,4949976.0,13028.0,76
201300034503,13,1,24,800,1,2,3,1.0,6,76341,M,4950478.0,19742.0,76
201300034504,13,1,24,1910,5,2,2,1.0,2,76351,M,4949487.0,11105.0,76
201300034505,13,1,29,1830,5,2,1,1.0,3,76351,M,4949025.0,12700.0,76
201300034506,13,1,30,830,2,2,3,3.0,3,76351,M,4948725.0,12593.0,76
201300034507,13,2,1,835,1,2,3,3.0,6,76341,M,4950479.0,19742.0,76
201300034508,13,2,1,2105,5,2,2,1.0,6,76351,M,4951057.0,10255.0,76
201300034509,13,2,5,1415,1,2,2,1.0,6,76351,M,4949538.0,9957.0,76
201300034510,13,2,5,1520,1,1,6,1.0,6,76447,M,4952787.0,18365.0,76
201300034511,13,2,8,155,5,2,2,2.0,6,76351,M,4948155.0,11641.0,76
201300034512,13,2,8,755,1,1,1,1.0,5,76270,M,4953061.0,12152.0,76
201300034513,13,2,10,1200,1,2,3,2.0,3,76351,M,4950346.0,10717.0,76
201300034514,13,2,11,1915,5,2,1,1.0,3,76351,M,4950673.0,11968.0,76
201300034515,13,2,12,1900,5,2,1,1.0,6,76351,M,4949878.0,15108.0,76
201300034516,13,2,13,1510,1,2,2,1.0,3,76351,M,4949427.0,11965.0,76
201300034517,13,2,16,505,5,2,3,1.0,6,76351,M,4949389.0,14773.0,76
201300034518,13,2,19,2110,5,1,1,1.0,6,76351,M,4949024.0,15833.0,76
201300034519,13,2,21,1435,1,2,1,1.0,6,76305,M,4951111.0,23439.0,76
201300034520,13,2,21,2015,5,2,1,1.0,3,76351,M,4948896.0,12825.0,76
201300034521,13,2,23,810,1,2,2,1.0,6,76351,M,4950966.0,12763.0,76
201300034522,13,2,24,2025,3,1,1,1.0,1,76351,M,4952424.0,9349.0,76
201300034523,13,2,25,1910,5,1,1,2.0,3,76351,M,4946527.0,18273.0,76
201300034524,13,2,27,430,5,2,6,1.0,6,76351,M,4949149.0,13295.0,76
201300034525,13,2,27,1450,1,2,1,1.0,6,76351,M,4949763.0,11388.0,76
201300034526,13,2,28,1210,1,2,1,1.0,6,76351,M,4950227.0,16001.0,76
201300034527,13,3,2,2145,5,2,3,1.0,3,76351,M,4949649.0,10194.0,76
201300034528,13,3,3,1720,1,2,1,1.0,7,76351,M,4950805.0,14620.0,76
201300034529,13,3,5,900,1,2,2,1.0,6,76341,M,4950475.0,20025.0,76
201300034530,13,3,6,1050,1,2,6,1.0,3,76351,M,4949508.0,10522.0,76
201300034531,13,3,7,1550,1,1,4,2.0,2,76305,M,4951249.0,22279.0,76
201300034532,13,3,10,200,5,1,2,1.0,6,76351,M,4947693.0,14192.0,76
201300034533,13,3,17,1545,1,2,3,1.0,6,76351,M,4947833.0,14595.0,76
201300034534,13,3,18,1730,1,2,1,1.0,3,76351,M,4950285.0,15387.0,76
201300034535,13,3,18,2145,5,2,3,1.0,3,76351,M,4951868.0,12121.0,76
201300034536,13,3,19,1700,1,2,1,1.0,6,76552,M,4950265.0,8556.0,76
201300034537,13,3,23,1950,5,2,3,1.0,6,76351,M,4951784.0,11771.0,76
201300034538,13,3,23,2240,3,1,1,1.0,7,76351,M,4952475.0,7591.0,76
201300034539,13,3,24,940,1,2,3,1.0,3,76351,M,4950245.0,16802.0,76
201300034540,13,3,24,1235,1,2,1,1.0,7,76351,M,4952418.0,13247.0,76
201300034541,13,3,29,1645,1,2,3,1.0,2,76351,M,4951652.0,15598.0,76
201300034542,13,3,30,445,5,1,1,1.0,6,76341,M,4951458.0,20112.0,76
201300034543,13,4,1,1245,1,1,1,1.0,7,76351,M,4952426.0,18285.0,76
201300034544,13,4,4,1535,1,2,1,1.0,2,76351,M,4950003.0,17113.0,76
201300034545,13,4,5,1145,1,2,1,1.0,7,76447,M,4952795.0,18316.0,76
201300034546,13,4,6,1930,1,2,3,1.0,3,76351,M,4950612.0,18179.0,76
201300034547,13,4,6,1900,1,1,1,1.0,6,76305,M,4951227.0,21692.0,76
201300034548,13,4,7,1555,1,2,2,1.0,3,76351,M,4949247.0,13960.0,76
201300034549,13,4,10,1700,1,2,1,2.0,6,76351,M,4951638.0,16907.0,76
201300034550,13,4,11,2005,1,2,3,2.0,3,76351,M,4952416.0,12842.0,76
201300034551,13,4,13,500,5,2,1,1.0,6,76351,M,4949908.0,12041.0,76
201300034552,13,4,14,1815,1,2,6,1.0,6,76305,M,4949788.0,23112.0,76
201300034553,13,4,18,1655,1,2,2,1.0,3,76351,M,4949387.0,11837.0,76
201300034554,13,4,19,850,1,2,3,1.0,2,76351,M,4948538.0,10766.0,76
201300034555,13,4,19,1515,1,2,4,1.0,7,76351,M,4949298.0,12319.0,76
201300034556,13,4,19,1745,1,2,3,1.0,6,76351,M,4950024.0,13505.0,76
201300034557,13,4,23,1520,1,2,1,1.0,6,76351,M,4950005.0,13121.0,76
201300034558,13,4,25,1925,1,2,2,1.0,3,76351,M,4948779.0,10174.0,76
201300034559,13,5,6,1315,1,2,1,1.0,2,76351,M,4949528.0,10566.0,76
201300034560,13,5,10,1740,1,2,1,1.0,7,76351,M,4949818.0,12160.0,76
201300034561,13,5,11,200,5,1,4,3.0,6,76341,M,4950269.0,19425.0,76
201300034562,13,5,14,1300,1,2,2,1.0,3,76351,M,4951271.0,11069.0,76
201300034563,13,5,15,910,1,2,1,1.0,3,76351,M,4951080.0,10144.0,76
201300034564,13,5,15,1120,1,2,2,1.0,6,76351,M,4952096.0,11442.0,76
201300034565,13,5,15,1320,1,2,1,1.0,6,76351,M,4952420.0,11322.0,76
201300034566,13,5,15,1615,1,2,3,1.0,6,76351,M,4949986.0,12968.0,76
201300034567,13,5,15,1920,1,2,3,1.0,3,76351,M,4950828.0,9872.0,76
201300034568,13,5,16,1355,1,1,1,1.0,1,76481,M,4958097.0,12429.0,76
201300034569,13,5,17,845,1,2,2,1.0,2,76447,M,4954537.0,16891.0,76
201300034570,13,5,20,1550,1,1,1,3.0,7,76341,M,4949857.0,19831.0,76
201300034571,13,5,27,1500,1,2,2,1.0,6,76351,M,4949228.0,11096.0,76
201300034572,13,5,27,1805,1,2,1,1.0,3,76351,M,4950227.0,18116.0,76
201300034573,13,5,28,1345,1,2,1,2.0,6,76351,M,4949306.0,12097.0,76
201300034574,13,5,29,1805,1,1,1,1.0,2,76305,M,4949587.0,25078.0,76
201300034575,13,5,31,1450,1,1,1,1.0,6,76351,M,4950054.0,18167.0,76
201300034576,13,6,1,125,5,2,3,1.0,6,76341,M,4950544.0,19435.0,76
201300034577,13,6,3,1320,1,2,1,1.0,6,76481,M,4954609.0,11122.0,76
201300034578,13,6,5,1420,1,2,1,1.0,3,76552,M,4951484.0,7696.0,76
201300034579,13,6,4,1735,1,2,1,1.0,2,76351,M,4950577.0,16988.0,76
201300034580,13,6,7,1725,1,2,1,1.0,6,76296,M,4951773.0,26405.0,76
201300034581,13,6,9,1645,1,2,3,1.0,6,76351,M,4948446.0,10355.0,76
201300034582,13,6,10,750,1,1,1,1.0,3,76305,M,4949496.0,19723.0,76
201300034583,13,6,11,915,1,2,1,1.0,6,76351,M,4950215.0,15849.0,76
201300034584,13,6,11,1115,1,2,3,2.0,6,76351,M,4951959.0,11001.0,76
201300034585,13,6,12,845,1,2,6,1.0,2,76447,M,4953433.0,17900.0,76
201300034586,13,6,12,1805,1,2,1,1.0,6,76351,M,4949071.0,10347.0,76
201300034587,13,6,15,1910,1,2,3,1.0,3,76552,M,4951130.0,8580.0,76
201300034588,13,6,21,1325,1,2,1,1.0,2,76351,M,4949272.0,14121.0,76
201300034589,13,6,21,1600,1,1,1,1.0,2,76351,M,4952447.0,17141.0,76
201300034590,13,6,21,1815,1,2,3,1.0,3,76351,M,4950091.0,13057.0,76
201300034591,13,6,22,1430,1,2,3,2.0,1,76447,M,4955177.0,21072.0,76
201300034592,13,6,23,2230,5,1,1,1.0,6,76351,M,4952520.0,15943.0,76
201300034593,13,6,27,1350,1,2,3,1.0,3,76351,M,4949722.0,12780.0,76
201300034594,13,7,2,2005,1,2,2,1.0,3,76351,M,4949458.0,10938.0,76
201300034595,13,7,3,1615,1,2,2,1.0,6,76351,M,4949428.0,13824.0,76
201300034596,13,7,3,1915,1,2,1,1.0,7,76447,M,4953258.0,18997.0,76
201300034597,13,7,5,1445,1,2,1,1.0,1,76351,M,4950756.0,18207.0,76
201300034598,13,7,5,2200,1,2,3,1.0,2,76351,M,4949461.0,10843.0,76
201300034599,13,7,6,1640,1,1,6,1.0,7,76481,M,4954612.0,10933.0,76
201300034600,13,7,9,410,5,2,1,1.0,7,76305,M,4950511.0,23023.0,76
201300034601,13,7,9,1915,1,2,1,1.0,3,76351,M,4951982.0,11479.0,76
201300034602,13,7,10,930,1,2,1,1.0,6,76351,M,4950870.0,12194.0,76
201300034603,13,7,10,1630,1,2,2,1.0,3,76351,M,4948720.0,10341.0,76
201300034604,13,7,11,105,5,2,2,1.0,3,76351,M,4949876.0,13599.0,76
201300034605,13,7,12,2305,5,1,1,1.0,7,76447,M,4953332.0,18740.0,76
201300034606,13,7,15,1645,1,1,1,1.0,2,76447,M,4954853.0,16019.0,76
201300034607,13,7,16,910,1,2,2,1.0,3,76351,M,4948745.0,10942.0,76
201300034608,13,7,17,1800,1,2,2,1.0,6,76351,M,4949840.0,12683.0,76
201300034609,13,7,19,1945,1,2,1,1.0,3,76305,M,4950827.0,23139.0,76
201300034610,13,7,21,1830,1,2,3,1.0,3,76552,M,4950354.0,8665.0,76
201300034611,13,7,26,2020,1,2,1,1.0,1,76351,M,4952791.0,12158.0,76
201300034612,13,8,1,2000,1,2,1,1.0,3,76351,M,4948560.0,10845.0,76
201300034613,13,8,2,1630,1,2,1,1.0,5,76351,M,4952104.0,16899.0,76
201300034614,13,8,4,1740,1,2,1,1.0,3,76351,M,4949731.0,12793.0,76
201300034615,13,8,6,1235,1,2,1,1.0,7,76351,M,4947559.0,17571.0,76
201300034616,13,8,6,2300,5,2,2,1.0,6,76351,M,4949356.0,9772.0,76
201300034617,13,8,8,900,1,2,2,1.0,6,76351,M,4950801.0,16331.0,76
201300034618,13,8,10,2130,2,2,2,1.0,7,76351,M,4952133.0,16020.0,76
201300034619,13,8,15,630,5,2,3,1.0,6,76351,M,4950047.0,13841.0,76
201300034620,13,8,21,1330,1,1,1,1.0,6,76341,M,4951689.0,20696.0,76
201300034621,13,8,22,1720,1,2,3,1.0,3,76351,M,4950974.0,14204.0,76
201300034622,13,8,22,2005,1,2,2,1.0,6,76351,M,4949088.0,12282.0,76
201300034623,13,8,30,1700,1,2,3,1.0,1,76351,M,4952229.0,15729.0,76
201300034624,13,8,31,1545,1,2,2,1.0,3,76351,M,4950793.0,15889.0,76
201300034625,13,9,2,1210,1,2,1,1.0,6,76447,M,4953222.0,18076.0,76
201300034626,13,9,2,1310,1,2,3,1.0,3,76351,M,4950781.0,13324.0,76
201300034627,13,9,3,435,5,2,1,1.0,7,76351,M,4950039.0,13686.0,76
201300034628,13,9,4,1835,1,2,2,1.0,3,76351,M,4950932.0,15890.0,76
201300034629,13,9,5,1410,1,1,1,1.0,2,76341,M,4951370.0,19426.0,76
201300034630,13,9,5,1630,1,2,3,1.0,3,76351,M,4950115.0,13054.0,76
201300034631,13,9,6,1650,1,2,2,1.0,3,76351,M,4950599.0,11501.0,76
201300034632,13,9,6,2130,5,2,1,1.0,7,76351,M,4950309.0,13220.0,76
201300034633,13,9,8,215,5,2,1,1.0,7,76351,M,4950105.0,18173.0,76
201300034634,13,9,9,210,5,2,2,1.0,6,76351,M,4949484.0,10947.0,76
201300034635,13,9,9,710,2,2,3,1.0,3,76351,M,4948652.0,11153.0,76
201300034636,13,9,11,1425,1,2,1,1.0,6,76351,M,4949171.0,12543.0,76
201300034637,13,9,13,1620,1,1,1,1.0,3,76305,M,4948995.0,19622.0,76
201300034638,13,9,14,1350,1,2,3,1.0,7,76351,M,4948967.0,9773.0,76
201300034639,13,9,20,1710,1,2,2,1.0,6,76351,M,4950490.0,14837.0,76
201300034640,13,9,22,220,5,2,1,1.0,2,76351,M,4950095.0,11289.0,76
201300034641,13,9,23,1705,1,2,1,1.0,6,76351,M,4949839.0,11735.0,76
201300034642,13,9,23,1850,1,2,2,1.0,3,76351,M,4949771.0,13743.0,76
201300034643,13,9,24,1020,1,2,1,1.0,7,76552,M,4950095.0,7919.0,76
201300034644,13,9,29,1755,1,1,6,1.0,7,76351,M,4949780.0,18420.0,76
201300034645,13,10,2,1750,1,2,2,1.0,3,76351,M,4951254.0,11705.0,76
201300034646,13,10,5,2005,5,2,2,1.0,3,76447,M,4954562.0,18823.0,76
201300034647,13,10,10,845,1,2,4,1.0,6,76351,M,4949171.0,12567.0,76
201300034648,13,10,11,645,2,1,1,3.0,6,76341,M,4952409.0,18258.0,76
201300034649,13,10,11,1805,1,2,3,2.0,6,76351,M,4950274.0,10485.0,76
201300034650,13,10,17,2330,5,2,1,1.0,7,76351,M,4949609.0,11007.0,76
201300034651,13,10,18,1645,1,2,1,1.0,6,76351,M,4950230.0,18086.0,76
201300034652,13,10,18,2010,5,2,1,1.0,6,76351,M,4951470.0,17433.0,76
201300034653,13,10,20,1945,5,2,1,1.0,6,76351,M,4950754.0,13925.0,76
201300034654,13,10,23,740,2,1,1,1.0,3,76305,M,4949726.0,21119.0,76
201300034655,13,10,24,1730,1,2,2,1.0,3,76305,M,4950192.0,20567.0,76
201300034656,13,10,25,240,5,2,1,1.0,7,76351,M,4950002.0,17172.0,76
201300034657,13,10,25,735,2,1,1,1.0,3,76341,M,4950783.0,19599.0,76
201300034658,13,10,25,1605,1,2,1,1.0,6,76305,M,4950515.0,20461.0,76
201300034659,13,10,26,1530,1,1,1,1.0,7,76447,M,4953105.0,20565.0,76
201300034660,13,10,26,1700,1,2,2,1.0,3,76351,M,4949354.0,9772.0,76
201300034661,13,10,30,1420,1,2,2,1.0,3,76351,M,4950779.0,15235.0,76
201300034662,13,10,31,825,1,2,1,1.0,6,76351,M,4950868.0,13500.0,76
201300034663,13,11,1,2320,5,2,2,2.0,6,76351,M,4949828.0,12298.0,76
201300034664,13,11,3,1145,1,2,2,1.0,3,76351,M,4950894.0,13532.0,76
201300034665,13,11,5,2205,5,2,6,2.0,3,76351,M,4949595.0,17883.0,76
201300034666,13,11,5,1445,1,1,1,6.0,6,76351,M,4946868.0,18063.0,76
201300034667,13,11,5,2105,5,2,1,2.0,6,76351,M,4950163.0,11387.0,76
201300034668,13,11,6,1350,1,1,4,2.0,7,76341,M,4949855.0,19808.0,76
201300034669,13,11,7,1215,1,2,1,2.0,6,76305,M,4950792.0,22423.0,76
201300034670,13,11,8,1320,1,2,2,1.0,3,76351,M,4948955.0,11650.0,76
201300034671,13,11,8,2330,5,2,1,2.0,6,76351,M,4949789.0,12819.0,76
201300034672,13,11,12,1350,1,2,4,2.0,3,76351,M,4949874.0,10698.0,76
201300034673,13,11,12,1400,1,1,4,2.0,7,76341,M,4949859.0,19825.0,76
201300034674,13,11,16,1500,1,2,2,1.0,6,76351,M,4949259.0,10076.0,76
201300034675,13,11,19,1000,1,2,3,1.0,6,76351,M,4949408.0,14773.0,76
201300034676,13,11,19,815,1,1,1,1.0,2,76305,M,4948328.0,22382.0,76
201300034677,13,11,20,1755,5,1,1,3.0,2,76351,M,4952463.0,18162.0,76
201300034678,13,11,21,1855,5,2,2,1.0,6,76351,M,4949955.0,12960.0,76
201300034679,13,11,22,830,2,2,2,1.0,6,76351,M,4949521.0,10388.0,76
201300034680,13,11,22,1500,1,2,3,1.0,6,76351,M,4950129.0,14826.0,76
201300034681,13,11,22,1745,5,1,3,2.0,3,76341,M,4951380.0,19323.0,76
201300034682,13,11,25,800,3,2,1,1.0,6,76305,M,4952090.0,22609.0,76
201300034683,13,11,25,1830,5,2,2,2.0,6,76270,M,4953552.0,14648.0,76
201300034684,13,11,26,805,2,1,1,1.0,4,76351,M,4952438.0,17164.0,76
201300034685,13,11,26,1400,1,2,2,1.0,6,76351,M,4948738.0,14562.0,76
201300034686,13,11,26,1810,3,2,3,1.0,3,76305,M,4949726.0,21120.0,76
201300034687,13,11,27,1,5,2,2,1.0,6,76296,M,4951761.0,25067.0,76
201300034688,13,12,1,1410,1,2,4,1.0,6,76552,M,4950264.0,8553.0,76
201300034689,13,12,3,1830,5,2,1,1.0,6,76351,M,4949819.0,14538.0,76
201300034690,13,12,5,1135,1,2,3,1.0,6,76341,M,4950474.0,20025.0,76
201300034691,13,12,7,15,5,1,4,2.0,6,76351,M,4950264.0,19415.0,76
201300034692,13,12,10,1230,1,2,2,1.0,6,76351,M,4949399.0,11170.0,76
201300034693,13,12,12,1445,1,2,2,1.0,3,76351,M,4950658.0,15894.0,76
201300034694,13,12,12,1810,5,2,4,1.0,6,76305,M,4950345.0,21431.0,76
201300034695,13,12,13,800,2,2,1,1.0,6,76351,M,4950610.0,10052.0,76
201300034696,13,12,13,1252,1,1,4,2.0,2,76341,M,4950794.0,19643.0,76
201300034697,13,12,13,1605,1,2,2,1.0,3,76351,M,4950599.0,11499.0,76
201300034698,13,12,19,1500,1,2,3,1.0,6,76351,M,4950235.0,16251.0,76
201300034699,13,12,20,1500,1,2,1,1.0,1,76305,M,4951916.0,22383.0,76
201300034700,13,12,21,515,5,1,1,1.0,6,76305,M,4951278.0,22466.0,76
201300034701,13,12,24,850,1,2,2,3.0,3,76351,M,4951117.0,11038.0,76
201300034702,13,12,24,1830,5,2,3,1.0,3,76447,M,4954335.0,19249.0,76
201300034703,13,12,26,1235,1,2,2,1.0,3,76351,M,4949431.0,10373.0,76
201300034704,13,12,27,1130,1,2,9,3.0,6,76351,M,4949162.0,11062.0,76
201300034705,13,12,30,1020,1,2,1,1.0,6,76351,M,4949183.0,12513.0,76
201300034706,13,12,31,1120,1,2,1,1.0,6,76351,M,4950702.0,9998.0,76
201300034707,13,12,23,830,1,2,3,2.0,2,76484,M,4936300.0,110402.0,76
201300034708,13,12,26,918,1,2,3,1.0,2,76540,M,4943578.0,107725.0,76
201300034709,13,12,2,1555,1,1,1,1.0,3,76322,M,4940032.0,103238.0,76
201300034710,13,12,9,1620,1,2,1,1.0,6,76216,M,4946181.0,105389.0,76
201300034711,13,12,10,1500,1,2,2,1.0,6,76540,M,4944513.0,106420.0,76
201300034712,13,12,13,825,2,2,1,1.0,6,76498,M,4942928.0,106215.0,76
201300034713,13,12,19,1900,5,2,1,1.0,6,76540,M,4943392.0,109180.0,76
201300034714,13,12,20,810,2,2,4,2.0,6,76540,M,4943622.0,111214.0,76
201300034715,13,12,17,1705,1,2,3,1.0,3,76540,M,4943426.0,108143.0,76
201300034716,13,12,13,845,1,2,4,3.0,6,76540,M,4943286.0,110808.0,76
201300034717,13,1,7,945,1,2,2,8.0,1,76319,M,4934738.0,99386.0,76
201300034718,13,12,15,2040,5,2,4,1.0,6,76540,M,4943285.0,110777.0,76
201300034719,13,12,24,1300,1,2,1,9.0,5,76540,M,4944327.0,113041.0,76
201300034720,13,12,30,1800,5,2,3,9.0,2,76540,M,4943690.0,107837.0,76
201300034721,13,1,15,1405,1,2,3,1.0,3,76540,M,4945042.0,105922.0,76
201300034722,13,1,2,1820,5,2,2,1.0,3,76319,M,4935599.0,100912.0,76
201300034723,13,1,9,505,5,2,1,1.0,6,76540,M,4943422.0,110669.0,76
201300034724,13,1,9,2010,5,2,2,1.0,6,76540,M,4943583.0,109056.0,76
201300034725,13,1,15,1520,1,2,6,1.0,6,76322,M,4941429.0,104468.0,76
201300034726,13,1,16,2120,3,1,1,1.0,1,76410,M,4947346.0,102582.0,76
201300034727,13,1,17,1345,1,2,1,1.0,3,76540,M,4943122.0,109831.0,76
201300034728,13,1,23,1630,1,2,1,1.0,3,76540,M,4943706.0,110285.0,76
201300034729,13,1,23,725,5,2,1,5.0,6,76319,M,4933966.0,102297.0,76
201300034730,13,2,2,200,5,2,1,2.0,6,76498,M,4943299.0,106089.0,76
201300034731,13,1,17,1545,1,2,2,1.0,6,76540,M,4943907.0,109690.0,76
201300034732,13,1,25,1820,5,2,1,1.0,4,76497,M,4939265.0,102343.0,76
201300034733,13,1,26,615,5,2,1,1.0,6,76540,M,4945450.0,110561.0,76
201300034734,13,1,27,230,5,2,1,9.0,2,76540,M,4944742.0,106859.0,76
201300034735,13,1,30,1215,1,2,1,9.0,3,76540,M,4943149.0,108989.0,76
201300034736,13,2,1,350,5,1,6,9.0,7,76484,M,4934612.0,107713.0,76
201300034737,13,2,2,2115,5,2,3,1.0,3,76540,M,4944965.0,105053.0,76
201300034738,13,2,9,1750,1,2,1,9.0,6,76157,M,4945074.0,103464.0,76
201300034739,13,1,25,750,1,2,5,1.0,3,76681,M,4940632.0,109014.0,76
201300034740,13,1,17,1800,5,2,3,1.0,6,76157,M,4945218.0,103429.0,76
201300034741,13,1,28,600,5,2,1,2.0,3,76410,M,4947809.0,104281.0,76
201300034742,13,1,22,1227,1,1,2,2.0,3,76575,M,4938122.0,110992.0,76
201300034743,13,2,10,1900,5,2,5,2.0,6,76540,M,4942831.0,107067.0,76
201300034744,13,2,1,1450,1,2,2,1.0,7,76540,M,4943939.0,109271.0,76
201300034745,13,2,6,1530,1,2,1,1.0,2,76429,M,4941356.0,115198.0,76