Num_Acc,an,mois,jour,hrmn,lum,agg,int,atm,col,com,gps,lat,long,dep
201300034746,13,2,12,1240,1,2,3,1.0,6,76575,M,4939851.0,106977.0,76
201300034747,13,2,15,750,5,2,2,3.0,7,76322,M,4941668.0,103743.0,76
201300034748,13,2,20,1545,1,2,2,1.0,3,76540,M,4945086.0,106631.0,76
201300034749,13,1,16,1250,1,2,6,1.0,3,76451,M,4946916.0,107691.0,76
201300034750,13,2,20,1140,1,1,1,1.0,3,76540,M,4943725.0,111056.0,76
201300034751,13,2,28,2030,5,2,1,9.0,6,76540,M,4944519.0,108607.0,76
201300034752,13,2,22,1110,1,2,1,1.0,6,76540,M,4943926.0,110117.0,76
201300034753,13,3,1,1630,1,2,1,1.0,1,76498,M,4943076.0,105165.0,76
201300034754,13,2,4,1650,1,2,1,1.0,3,76540,M,4945024.0,105302.0,76
201300034755,13,2,28,1130,1,1,1,9.0,6,76319,M,4935309.0,102803.0,76
201300034756,13,2,28,1830,2,2,1,1.0,3,76319,M,4936652.0,101433.0,76
201300034757,13,3,16,640,5,2,1,1.0,2,76540,M,4945175.0,106001.0,76
201300034758,13,3,7,740,1,2,3,1.0,3,76681,M,4942286.0,110629.0,76
201300034759,13,3,16,2010,5,2,1,2.0,3,76575,M,4936972.0,110574.0,76
201300034760,13,3,31,1815,1,2,2,1.0,3,76540,M,4945278.0,105659.0,76
201300034761,13,3,29,1545,1,2,3,1.0,3,76484,M,4935282.0,109754.0,76
201300034762,13,4,3,1420,1,2,2,1.0,2,76540,M,4945277.0,105664.0,76
201300034763,13,3,31,1245,1,2,1,1.0,4,76498,M,4943454.0,106916.0,76
201300034764,13,4,5,1320,1,2,2,2.0,6,76540,M,4943879.0,108013.0,76
201300034765,13,4,4,1225,1,2,3,1.0,3,76540,M,4943443.0,109890.0,76
201300034766,13,4,2,1255,1,2,2,1.0,3,76322,M,4941740.0,104695.0,76
201300034767,13,4,8,1140,1,2,1,1.0,6,76681,M,4941550.0,109400.0,76
201300034768,13,2,5,915,1,2,3,1.0,3,76540,M,4944951.0,105000.0,76
201300034769,13,2,8,730,2,2,1,2.0,3,76540,M,4944735.0,109468.0,76
201300034770,13,4,15,1840,1,2,2,1.0,5,76681,M,4940490.0,110312.0,76
201300034771,13,4,16,1945,1,2,2,1.0,6,76540,M,4943583.0,109056.0,76
201300034772,13,4,13,550,5,2,1,1.0,6,76540,M,4943818.0,109135.0,76
201300034773,13,4,15,1350,1,2,1,1.0,2,76540,M,4944777.0,109392.0,76
201300034774,13,4,16,1155,1,2,3,1.0,3,76540,M,4944000.0,112993.0,76
201300034775,13,4,3,35,5,2,4,1.0,3,76540,M,4943316.0,110764.0,76
201300034776,13,4,17,1730,1,2,2,1.0,3,76410,M,4947547.0,104820.0,76
201300034777,13,2,8,1135,1,2,3,2.0,6,76540,M,4944792.0,113873.0,76
201300034778,13,4,19,1640,1,2,2,1.0,6,76540,M,4944029.0,108936.0,76
201300034779,13,4,28,640,2,2,2,1.0,2,76540,M,4943469.0,110572.0,76
201300034780,13,3,7,1840,1,2,2,2.0,3,76575,M,4939745.0,106457.0,76
201300034781,13,4,29,1235,1,2,2,1.0,3,76681,M,4941287.0,109856.0,76
201300034782,13,5,3,145,5,2,2,1.0,6,76540,M,4943882.0,109228.0,76
201300034783,13,4,18,1700,1,2,1,1.0,6,76540,M,4946144.0,113118.0,76
201300034784,13,4,30,1640,1,2,1,1.0,6,76157,M,4944955.0,103521.0,76
201300034785,13,5,3,1530,1,2,1,9.0,6,76599,M,4942883.0,115524.0,76
201300034786,13,5,8,150,5,2,3,1.0,3,76540,M,4943653.0,109989.0,76
201300034787,13,5,2,1940,1,2,1,1.0,6,76540,M,4942431.0,109752.0,76
201300034788,13,5,7,2050,1,2,3,1.0,3,76402,M,4952838.0,104766.0,76
201300034789,13,5,12,1945,1,2,2,2.0,7,76540,M,4943653.0,113385.0,76
201300034790,13,5,15,1810,1,1,2,1.0,4,76575,M,4936842.0,111216.0,76
201300034791,13,4,13,1805,1,2,1,1.0,6,76319,M,4935544.0,100807.0,76
201300034792,13,5,18,1300,1,2,3,8.0,6,76402,M,4952610.0,104249.0,76
201300034793,13,5,15,1755,1,2,1,1.0,3,76540,M,4943672.0,109824.0,76
201300034794,13,5,17,1650,1,2,1,1.0,6,76540,M,4944946.0,110138.0,76
201300034795,13,5,22,900,1,2,2,1.0,7,76540,M,4944272.0,109667.0,76
201300034796,13,4,21,1520,1,2,3,1.0,6,76681,M,4942290.0,109050.0,76
201300034797,13,4,11,1240,1,2,1,1.0,6,76451,M,4946979.0,107919.0,76
201300034798,13,5,25,608,1,2,2,2.0,3,76540,M,4943712.0,109609.0,76
201300034799,13,5,26,2030,1,2,1,1.0,3,76474,M,4947794.0,105889.0,76
201300034800,13,5,17,1240,1,2,1,1.0,6,76540,M,4944686.0,108546.0,76
201300034801,13,5,30,1825,1,2,1,1.0,6,76575,M,4938697.0,107103.0,76
201300034802,13,6,3,1930,1,2,1,1.0,4,76540,M,4944113.0,109005.0,76
201300034803,13,6,4,1915,1,2,2,1.0,3,76103,M,4942280.0,113078.0,76
201300034804,13,6,2,225,5,2,2,1.0,6,76540,M,4944712.0,109518.0,76
201300034805,13,6,5,2025,1,2,3,1.0,3,76484,M,4936301.0,110400.0,76
201300034806,13,6,5,2010,1,2,3,1.0,6,76681,M,4941508.0,110711.0,76
201300034807,13,6,1,1537,1,2,3,1.0,2,76212,M,4943763.0,114387.0,76
201300034808,13,6,1,1600,1,2,3,1.0,2,76540,M,4941786.0,107680.0,76
201300034809,13,6,5,1410,1,2,2,1.0,4,76322,M,4941661.0,103767.0,76
201300034810,13,6,7,1305,1,1,1,1.0,4,76540,M,4943610.0,113529.0,76
201300034811,13,6,8,1430,1,2,1,1.0,6,76575,M,4938022.0,109839.0,76
201300034812,13,6,9,235,5,1,1,1.0,6,76540,M,4945030.0,105840.0,76
201300034813,13,6,10,115,5,2,2,1.0,3,76681,M,4941103.0,109314.0,76
201300034814,13,4,28,1550,1,2,2,1.0,3,76540,M,4943955.0,111063.0,76
201300034815,13,4,7,900,1,2,1,1.0,6,76451,M,4945337.0,108837.0,76
201300034816,13,6,8,2140,2,2,4,1.0,3,76540,M,4943952.0,107628.0,76
201300034817,13,6,14,1420,1,1,1,1.0,6,76474,M,4949878.0,104095.0,76
201300034818,13,6,15,200,3,1,1,1.0,2,76157,M,4946365.0,103978.0,76
201300034819,13,6,16,1615,1,1,1,1.0,3,76497,M,4939390.0,103621.0,76
201300034820,13,6,16,2100,1,2,1,1.0,6,76498,M,4942743.0,106378.0,76
201300034821,13,6,18,845,1,2,2,2.0,3,76319,M,4934519.0,97900.0,76
201300034822,13,6,12,1535,1,2,2,1.0,3,76540,M,4943503.0,109340.0,76
201300034823,13,6,6,1715,1,2,1,1.0,3,76575,M,4939493.0,106446.0,76
201300034824,13,6,9,300,5,2,2,1.0,3,76540,M,4943879.0,108019.0,76
201300034825,13,6,11,800,1,1,1,2.0,3,76451,M,4947477.0,107738.0,76
201300034826,13,6,7,1650,1,1,1,1.0,2,76410,M,4946920.0,103520.0,76
201300034827,13,6,20,1715,1,1,1,1.0,2,76540,M,4943881.0,111579.0,76
201300034828,13,6,24,1520,1,1,2,1.0,3,76498,M,4941666.0,107043.0,76
201300034829,13,6,25,2030,1,2,2,1.0,3,76540,M,4944491.0,108363.0,76
201300034830,13,6,23,1700,1,2,1,1.0,6,76216,M,4946994.0,105363.0,76
201300034831,13,6,25,1200,1,2,1,1.0,6,76681,M,4942029.0,110216.0,76
201300034832,13,6,29,2315,5,2,1,1.0,6,76540,M,4943150.0,108755.0,76
201300034833,13,7,2,1510,1,2,1,1.0,6,76540,M,4943670.0,108023.0,76
201300034834,13,6,1,2045,1,2,2,1.0,3,76575,M,4937964.0,110767.0,76
201300034835,13,6,14,1905,1,2,1,1.0,3,76322,M,4939891.0,105792.0,76
201300034836,13,5,31,1305,1,2,3,1.0,3,76216,M,4946648.0,104623.0,76
201300034837,13,5,13,740,2,2,3,9.0,3,76319,M,4935341.0,100208.0,76
201300034838,13,7,4,1800,1,2,1,1.0,5,76540,M,4944355.0,106393.0,76
201300034839,13,7,5,1000,1,1,4,1.0,3,76410,M,4947307.0,102880.0,76
201300034840,13,7,9,1020,1,2,2,1.0,6,76216,M,4946905.0,104440.0,76
201300034841,13,5,2,1750,1,2,1,1.0,6,76540,M,4944840.0,108359.0,76
201300034842,13,5,9,1400,1,2,2,1.0,2,76540,M,4943120.0,108935.0,76
201300034843,13,7,13,1645,1,2,3,1.0,3,76322,M,4941149.0,105290.0,76
201300034844,13,7,16,1450,1,2,2,1.0,3,76451,M,4947101.0,107645.0,76
201300034845,13,7,18,1755,1,2,2,1.0,3,76540,M,4944704.0,109258.0,76
201300034846,13,7,20,2140,1,2,1,1.0,3,76540,M,4942429.0,109755.0,76
201300034847,13,7,5,1645,1,2,1,1.0,4,76540,M,4945087.0,109860.0,76
201300034848,13,7,9,2340,3,1,3,1.0,7,76157,M,4944475.0,104174.0,76
201300034849,13,7,6,620,5,2,1,1.0,7,76540,M,4943978.0,108515.0,76
201300034850,13,7,9,2250,4,2,3,1.0,3,76681,M,4941438.0,107431.0,76
201300034851,13,7,15,825,1,2,1,1.0,3,76540,M,4943017.0,111162.0,76
201300034852,13,7,20,830,1,2,3,1.0,6,76540,M,4944183.0,108089.0,76
201300034853,13,7,24,1908,1,2,1,1.0,2,76498,M,4943448.0,106865.0,76
201300034854,13,6,13,915,1,2,1,1.0,6,76451,M,4945701.0,106586.0,76
201300034855,13,6,23,615,1,2,1,2.0,7,76540,M,4945011.0,105841.0,76
201300034856,13,8,2,710,1,2,2,1.0,3,76212,M,4944239.0,114700.0,76
201300034857,13,8,3,1605,1,1,1,1.0,2,76322,M,4940925.0,103874.0,76
201300034858,13,8,2,1345,1,2,2,1.0,1,76575,M,4938118.0,110995.0,76
201300034859,13,8,10,1710,1,2,3,1.0,1,76575,M,4939009.0,107411.0,76
201300034860,13,8,10,1420,1,2,1,1.0,5,76108,M,4945866.0,110864.0,76
201300034861,13,6,14,130,5,1,1,1.0,6,76540,M,4943806.0,112899.0,76
201300034862,13,8,22,200,5,2,1,1.0,7,76540,M,4943895.0,106155.0,76
201300034863,13,6,3,820,1,2,1,1.0,3,76474,M,4949666.0,104854.0,76
201300034864,13,8,12,1250,1,2,1,1.0,7,76402,M,4952731.0,104362.0,76
201300034865,13,8,14,1820,1,2,2,1.0,4,76498,M,4941946.0,106027.0,76
201300034866,13,8,23,1850,1,2,1,1.0,3,76540,M,4945743.0,113868.0,76
201300034867,13,7,26,1940,1,2,1,1.0,1,76681,M,4940960.0,109538.0,76
201300034868,13,9,3,1807,1,2,1,1.0,6,76540,M,4944994.0,113767.0,76
201300034869,13,8,17,1930,1,1,1,1.0,6,76540,M,4945916.0,114369.0,76
201300034870,13,8,23,1948,1,2,2,1.0,3,76540,M,4945086.0,106635.0,76
201300034871,13,8,30,1030,1,2,2,1.0,3,76540,M,4944423.0,108302.0,76
201300034872,13,8,31,1840,1,2,1,1.0,6,76212,M,4944264.0,116252.0,76
201300034873,13,9,6,1145,1,1,1,1.0,3,76540,M,4945303.0,105443.0,76
201300034874,13,9,10,1830,1,2,3,1.0,6,76681,M,4940859.0,109794.0,76
201300034875,13,8,7,2110,1,2,2,1.0,6,76322,M,4940783.0,106079.0,76
201300034876,13,9,11,1735,1,2,1,1.0,3,76575,M,4937190.0,109796.0,76
201300034877,13,9,13,400,5,2,1,1.0,6,76540,M,4943611.0,109575.0,76
201300034878,13,9,13,1725,1,2,1,1.0,3,76540,M,4943473.0,108818.0,76
201300034879,13,8,13,1320,1,2,2,1.0,3,76681,M,4941065.0,107886.0,76
201300034880,13,8,30,1410,1,2,4,1.0,3,76540,M,4943723.0,111039.0,76
201300034881,13,9,13,1100,1,2,2,2.0,6,76540,M,4943321.0,108529.0,76
201300034882,13,9,17,1645,1,2,2,2.0,3,76498,M,4942389.0,106730.0,76
201300034883,13,9,19,835,1,2,3,1.0,3,76402,M,4952766.0,104234.0,76
201300034884,13,9,19,2125,5,2,2,2.0,3,76498,M,4942391.0,106734.0,76
201300034885,13,8,31,1935,1,2,1,1.0,1,76410,M,4947343.0,103491.0,76
201300034886,13,9,29,140,3,1,1,1.0,5,76157,M,4946088.0,104242.0,76
201300034887,13,9,30,730,2,2,3,2.0,3,76108,M,4946459.0,111451.0,76
201300034888,13,9,25,1530,1,2,1,1.0,3,76540,M,4943781.0,108381.0,76
201300034889,13,10,3,910,1,2,3,1.0,3,76497,M,4938387.0,101585.0,76
201300034890,13,10,6,1400,1,1,1,1.0,6,76484,M,4935804.0,103553.0,76
201300034891,13,10,4,1600,1,2,2,1.0,5,76322,M,4941865.0,103157.0,76
201300034892,13,10,5,1700,1,2,1,1.0,6,76474,M,4948586.0,106172.0,76
201300034893,13,10,4,1200,1,2,1,9.0,3,76540,M,4943150.0,108754.0,76
201300034894,13,10,9,1930,5,2,3,1.0,7,76540,M,4944068.0,110097.0,76
201300034895,13,10,14,2130,5,2,1,2.0,6,76540,M,4943102.0,108043.0,76
201300034896,13,10,14,1700,1,2,2,2.0,6,76540,M,4944009.0,109737.0,76
201300034897,13,10,5,1300,1,2,1,1.0,3,76540,M,4943337.0,109546.0,76
201300034898,13,10,16,800,1,2,2,2.0,3,76497,M,4939071.0,102169.0,76
201300034899,13,10,17,2115,5,2,1,1.0,6,76540,M,4944809.0,109411.0,76
201300034900,13,10,19,1140,1,1,1,2.0,3,76484,M,4934330.0,106905.0,76
201300034901,13,10,18,1945,5,2,2,2.0,3,76319,M,4935900.0,100722.0,76
201300034902,13,10,21,1240,1,2,1,1.0,3,76498,M,4941458.0,106223.0,76
201300034903,13,10,24,945,1,2,1,1.0,3,76319,M,4936234.0,101262.0,76
201300034904,13,11,1,115,3,2,1,1.0,1,76540,M,4943783.0,111333.0,76
201300034905,13,10,30,1245,1,2,3,1.0,3,76575,M,4939751.0,107405.0,76
201300034906,13,10,29,845,1,2,1,1.0,6,76410,M,4948245.0,104434.0,76
201300034907,13,11,12,1525,1,1,3,2.0,3,76157,M,4944438.0,104095.0,76
201300034908,13,10,15,740,3,2,3,9.0,1,76498,M,4942486.0,104954.0,76
201300034909,13,11,7,1850,5,2,1,2.0,3,76540,M,4944534.0,110934.0,76
201300034910,13,11,8,1815,5,2,5,2.0,5,76540,M,4944838.0,109946.0,76
201300034911,13,11,7,2055,5,2,1,2.0,2,76540,M,4943949.0,107861.0,76
201300034912,13,11,8,1430,1,2,1,2.0,2,76575,M,4938250.0,110007.0,76
201300034913,13,11,6,1300,1,2,1,1.0,6,76540,M,4944319.0,109124.0,76
201300034914,13,11,14,2015,5,2,1,2.0,6,76575,M,4938490.0,109964.0,76
201300034915,13,11,17,615,5,2,1,1.0,6,76540,M,4943292.0,107845.0,76
201300034916,13,11,15,2000,5,2,1,1.0,1,76474,M,4949075.0,105112.0,76
201300034917,13,10,15,2022,5,2,1,2.0,6,76451,M,4947119.0,109488.0,76
201300034918,13,10,31,2120,5,2,1,1.0,3,76402,M,4952202.0,103991.0,76
201300034919,13,11,20,1730,5,2,2,3.0,6,76681,M,4941392.0,108429.0,76
201300034920,13,11,19,1210,1,2,4,1.0,3,76108,M,4945399.0,110496.0,76
201300034921,13,11,12,1830,5,2,1,3.0,6,76451,M,4946818.0,107534.0,76
201300034922,13,11,18,1850,5,2,3,1.0,3,76681,M,4941863.0,107741.0,76
201300034923,13,11,25,2130,5,2,2,2.0,3,76498,M,4943300.0,106030.0,76
201300034924,13,11,7,1740,5,2,1,2.0,6,76540,M,4943573.0,108514.0,76
201300034925,13,11,16,1630,1,2,1,1.0,2,76212,M,4945333.0,115859.0,76
201300034926,13,11,25,1740,5,2,3,2.0,6,76319,M,4935695.0,100797.0,76
201300034927,13,11,22,850,1,2,2,1.0,3,76540,M,4943323.0,108531.0,76
201300034928,13,11,20,1730,5,2,1,3.0,6,76429,M,4941068.0,114122.0,76
201300034929,13,11,21,750,5,2,1,9.0,6,76216,M,4947172.0,104288.0,76
201300034930,13,11,22,1900,3,1,6,1.0,1,76319,M,4934038.0,101434.0,76
201300034931,13,11,29,2210,5,2,1,2.0,6,76474,M,4949631.0,104858.0,76
201300034932,13,12,1,520,5,2,4,1.0,1,76540,M,4943315.0,110767.0,76
201300034933,13,11,28,1745,5,2,1,2.0,2,76216,M,4947621.0,104884.0,76
201300034934,13,12,2,820,1,2,1,1.0,6,76366,M,4950766.0,103992.0,76
201300034935,13,11,28,1125,1,2,2,1.0,6,76540,M,4944190.0,108609.0,76
201300034936,13,12,5,955,1,2,2,1.0,6,76366,M,4950847.0,103921.0,76
201300034937,13,11,30,1705,2,2,2,1.0,6,76540,M,4944087.0,108987.0,76
201300034938,13,11,27,2105,5,2,3,1.0,3,76540,M,4943799.0,110581.0,76
201300034939,13,12,7,1355,1,1,1,1.0,4,76498,M,4943474.0,107093.0,76
201300034940,13,12,4,1745,5,2,4,1.0,6,76540,M,4944893.0,106552.0,76
201300034941,13,11,16,1845,5,2,1,1.0,6,76540,M,4944011.0,108970.0,76
201300034942,13,12,9,1550,1,2,2,1.0,3,76410,M,4948065.0,104788.0,76
201300034943,13,12,13,1740,3,2,2,9.0,6,76498,M,4942375.0,106711.0,76
201300034944,13,12,25,430,5,2,1,2.0,6,76540,M,4943905.0,106598.0,76
201300034945,13,12,20,1700,1,2,3,1.0,3,76108,M,4946392.0,111621.0,76
201300034946,13,12,5,1335,1,2,2,1.0,6,76540,M,4944710.0,109271.0,76
201300034947,13,12,9,1545,1,2,1,1.0,3,76540,M,4945160.0,109816.0,76
201300034948,13,12,10,740,5,2,2,9.0,3,76540,M,4945219.0,111975.0,76
201300034949,13,12,22,923,5,2,1,1.0,6,76540,M,4944430.0,111224.0,76
201300034950,13,12,27,1510,1,2,6,2.0,1,76410,M,4947605.0,104008.0,76
201300034951,13,1,21,1900,5,2,1,4.0,6,77108,M,4888153.0,258496.0,77
201300034952,13,1,29,1705,1,2,2,1.0,3,77108,M,4887177.0,257785.0,77
201300034953,13,2,18,903,1,2,1,1.0,2,77108,M,,,77
201300034954,13,4,3,1615,1,2,3,1.0,3,77055,M,,,77
201300034955,13,4,15,1940,1,2,1,1.0,2,77108,M,,,77
201300034956,13,5,1,2105,5,1,3,2.0,3,77108,M,4887710.0,259950.0,77
201300034957,13,6,2,1105,1,2,1,1.0,3,77108,M,4888762.0,262111.0,77
201300034958,13,6,28,1525,1,2,1,2.0,6,77108,M,4886695.0,259339.0,77
201300034959,13,7,7,1145,1,2,2,1.0,3,77479,M,4887148.0,263737.0,77
201300034960,13,8,14,1850,1,2,1,1.0,1,77108,M,,,77
201300034961,13,8,31,1845,1,2,2,1.0,3,77479,M,4886749.0,264193.0,77
201300034962,13,9,19,800,1,2,1,1.0,6,77479,M,4886978.0,262639.0,77
201300034963,13,9,21,1835,1,2,2,1.0,3,77108,M,,,77
201300034964,13,9,25,1600,1,2,1,1.0,3,77108,M,,,77
201300034965,13,11,18,830,1,2,2,1.0,3,77108,M,,,77
201300034966,13,12,10,848,1,2,1,1.0,6,77108,M,,,77
201300034967,13,12,16,1610,1,1,1,1.0,7,77118,M,,,77
201300034968,13,12,4,1830,2,1,2,1.0,3,77517,M,,,77
201300034969,13,12,16,1530,1,2,1,7.0,6,77108,M,4871175.0,257700.0,77
201300034970,13,12,13,1030,1,2,1,1.0,2,77108,M,,,77
201300034971,13,12,25,30,3,1,2,3.0,6,77517,M,,,77
201300034972,13,2,26,1350,1,2,3,1.0,3,77268,M,,,77
201300034973,13,2,28,1140,1,2,1,1.0,6,77307,M,4885917.0,275883.0,77
201300034974,13,6,9,1015,1,1,1,8.0,6,77268,M,,,77
201300034975,13,7,5,1740,1,2,3,1.0,3,77111,M,4885900.0,277370.0,77
201300034976,13,12,13,1937,4,1,1,2.0,3,77449,M,,,77
201300034977,13,12,21,1040,1,2,9,1.0,1,77111,M,,,77
201300034978,13,1,14,905,1,2,1,1.0,1,77131,M,4882218.0,310317.0,77
201300034979,13,4,8,1815,1,2,1,1.0,6,77371,M,4881352.0,299261.0,77
201300034980,13,4,12,55,5,1,1,1.0,6,77131,M,4880879.0,310830.0,77
201300034981,13,5,20,1345,1,2,1,2.0,3,77131,M,,,77
201300034982,13,6,2,1510,1,2,1,7.0,6,77131,M,,,77
201300034983,13,7,15,1,5,2,6,1.0,7,77131,M,,,77
201300034984,13,8,24,1750,1,2,1,1.0,6,77131,M,4880390.0,308225.0,77
201300034985,13,9,23,1500,1,1,1,7.0,7,77042,M,,,77
201300034986,13,9,30,1810,1,2,1,1.0,1,77131,M,4880467.0,307925.0,77
201300034987,13,10,5,1330,1,2,1,2.0,7,77070,M,,,77
201300034988,13,10,7,1145,1,1,1,1.0,7,77028,M,,,77
201300034989,13,10,11,1625,1,2,1,8.0,4,77131,M,,,77
201300034990,13,10,16,950,1,2,1,1.0,7,77131,M,,,77
201300034991,13,10,23,1705,1,2,1,1.0,6,77131,M,,,77
201300034992,13,11,2,910,1,2,1,2.0,2,77131,M,,,77
201300034993,13,12,5,1735,5,2,1,1.0,4,77320,M,,,77
201300034994,13,12,12,2215,3,1,1,9.0,7,77400,M,,,77
201300034995,13,12,21,2330,3,2,1,2.0,7,77281,M,,,77
201300034996,13,12,27,2120,3,1,1,2.0,6,77042,M,,,77
201300034997,13,12,13,1040,1,2,1,7.0,6,77131,M,,,77
201300034998,13,2,14,550,3,1,1,8.0,1,77281,M,,,77
201300034999,13,2,17,40,3,1,1,5.0,2,77433,M,,,77
201300035000,13,2,19,2020,3,1,1,1.0,6,77013,M,,,77
201300035001,13,3,2,145,5,1,9,1.0,7,77042,M,,,77
201300035002,13,4,7,2036,2,2,3,1.0,5,77042,M,,,77
201300035003,13,4,18,1755,1,2,1,1.0,1,77131,M,,,77
201300035004,13,5,11,500,2,2,9,1.0,2,77320,M,,,77
201300035005,13,5,21,1445,1,1,1,2.0,7,77371,M,,,77
201300035006,13,8,23,1710,1,2,3,1.0,3,77131,M,,,77
201300035007,13,10,8,1610,1,2,3,1.0,3,77131,M,,,77
201300035008,13,10,21,2000,5,2,1,2.0,2,77320,M,,,77
201300035009,13,2,1,1920,3,1,1,2.0,1,77186,M,,,77
201300035010,13,2,20,1950,5,2,1,2.0,6,77014,M,,,77
201300035011,13,2,21,2245,3,1,6,1.0,6,77186,M,,,77
201300035012,13,3,8,1640,1,2,2,2.0,6,77186,M,4840466.0,269815.0,77
201300035013,13,3,19,1755,1,1,1,4.0,3,77186,M,,,77
201300035014,13,4,2,1550,1,1,1,1.0,5,77186,M,,,77
201300035015,13,4,5,1725,1,2,1,1.0,6,77186,M,4840634.0,270085.0,77
201300035016,13,4,11,850,1,2,1,8.0,6,77014,M,4841217.0,272554.0,77
201300035017,13,4,24,800,1,2,2,1.0,3,77037,M,,,77
201300035018,13,5,3,620,1,1,1,5.0,6,77186,M,,,77
201300035019,13,5,17,1750,1,1,1,1.0,2,77186,M,,,77
201300035020,13,5,19,2035,3,1,1,8.0,7,77186,M,,,77
201300035021,13,6,4,1715,1,1,1,1.0,1,77186,M,,,77
201300035022,13,6,28,2015,1,1,2,1.0,3,77186,M,,,77
201300035023,13,7,18,1029,1,1,2,1.0,5,77186,M,,,77
201300035024,13,7,31,1905,1,1,1,1.0,5,77186,M,,,77
201300035025,13,8,4,1015,1,2,1,1.0,3,77186,M,4840445.0,270064.0,77
201300035026,13,8,20,2040,2,1,1,1.0,6,77186,M,,,77
201300035027,13,8,21,800,1,1,1,1.0,6,77186,M,,,77
201300035028,13,8,24,2140,3,1,1,1.0,6,77186,M,,,77
201300035029,13,9,7,1425,1,1,6,1.0,7,77186,M,,,77
201300035030,13,10,11,1635,2,1,1,3.0,2,77442,M,,,77
201300035031,13,10,15,1000,1,1,1,2.0,6,77186,M,,,77
201300035032,13,12,24,1715,3,1,1,3.0,1,77186,M,,,77
201300035033,13,12,25,1830,5,1,5,2.0,1,77186,M,,,77
201300035034,13,12,28,350,5,2,1,2.0,7,77186,M,,,77
201300035035,13,12,30,1015,1,1,1,9.0,1,77186,M,,,77
201300035036,13,12,31,1425,1,1,2,1.0,5,77186,M,,,77
201300035037,13,1,12,1110,1,1,1,8.0,6,77058,M,,,77
201300035038,13,4,5,1235,1,2,6,1.0,3,77058,M,,,77
201300035039,13,5,8,1650,1,2,2,1.0,3,77243,M,4887400.0,271348.0,77
201300035040,13,6,21,2050,1,2,2,1.0,3,77438,M,,,77
201300035041,13,7,5,1330,1,2,3,1.0,3,77155,M,4888408.0,273342.0,77
201300035042,13,7,11,1100,1,2,1,7.0,3,77237,M,,,77
201300035043,13,7,8,2310,3,1,1,1.0,7,77058,M,,,77
201300035044,13,8,31,1235,1,1,9,8.0,3,77243,M,,,77
201300035045,13,10,16,1225,1,2,1,2.0,1,77464,M,,,77
201300035046,13,11,5,230,3,1,1,1.0,6,77237,M,,,77
201300035047,13,10,30,1825,5,2,1,1.0,6,77464,M,,,77
201300035048,13,12,5,1725,3,2,1,1.0,1,77059,M,,,77
201300035049,13,12,4,1110,1,2,1,1.0,1,77464,M,,,77
201300035050,13,12,20,805,5,2,1,9.0,6,77243,M,,,77
201300035051,13,7,29,820,1,1,1,1.0,3,77474,M,,,77
201300035052,13,8,5,1515,1,1,1,1.0,6,77335,M,,,77
201300035053,13,9,20,1335,1,2,1,1.0,6,77475,M,,,77
201300035054,13,10,16,1645,1,1,1,2.0,1,77335,M,,,77
201300035055,13,10,18,1140,1,2,1,1.0,3,77276,M,,,77
201300035056,13,10,2,1020,1,1,1,1.0,3,77284,M,,,77
201300035057,13,11,21,1730,5,2,1,2.0,6,77284,M,,,77
201300035058,13,11,29,1320,1,2,1,8.0,7,77284,M,,,77
201300035059,13,12,4,1855,3,1,1,2.0,1,77475,M,,,77
201300035060,13,12,6,840,1,2,1,1.0,6,77143,M,,,77
201300035061,13,3,31,1805,1,1,1,1.0,1,77335,M,,,77
201300035062,13,1,29,925,1,1,1,2.0,6,77288,M,0.0,0.0,77
201300035063,13,3,30,1610,1,2,3,1.0,3,77378,M,,,77
201300035064,13,4,11,645,2,2,1,1.0,6,77152,M,,,77
201300035065,13,3,5,1355,1,2,2,7.0,6,77288,M,,,77
201300035066,13,5,2,1850,1,2,1,1.0,2,77394,M,,,77
201300035067,13,5,12,50,5,2,1,2.0,2,77288,M,,,77
201300035068,13,6,2,1600,1,2,1,1.0,1,77288,M,4855118.0,265181.0,77
201300035069,13,6,3,1515,1,2,2,1.0,3,77407,M,,,77
201300035070,13,5,11,1722,1,2,2,1.0,3,77288,M,4853636.0,266029.0,77
201300035071,13,6,4,1815,1,2,4,1.0,3,77407,M,,,77
201300035072,13,5,18,1935,1,1,1,8.0,6,77410,M,,,77
201300035073,13,7,7,620,2,1,1,1.0,7,77487,M,,,77