Num_Acc,an,mois,jour,hrmn,lum,agg,int,atm,col,com,gps,lat,long,dep
201300035074,13,7,16,1002,1,2,1,1.0,7,77285,M,4854548.0,264255.0,77
201300035075,13,8,22,1430,1,1,3,1.0,3,77407,M,,,77
201300035076,13,7,27,1610,1,2,1,1.0,2,77288,M,4852818.0,269247.0,77
201300035077,13,10,21,540,5,2,2,1.0,3,77288,M,4852996.0,265781.0,77
201300035078,13,11,11,1640,1,2,4,1.0,6,77389,M,4852259.0,266006.0,77
201300035079,13,12,13,1330,1,2,1,1.0,2,77288,M,,,77
201300035080,13,12,24,1025,1,2,1,2.0,6,77288,M,,,77
201300035081,13,12,2,745,2,2,1,8.0,6,77288,M,,,77
201300035082,13,2,27,1615,1,2,1,8.0,3,77389,M,,,77
201300035083,13,7,12,700,1,2,1,1.0,6,77152,M,,,77
201300035084,13,7,17,810,1,2,6,1.0,3,77288,M,,,77
201300035085,13,9,18,630,3,1,1,2.0,1,77447,M,,,77
201300035086,13,9,20,1735,1,2,1,1.0,6,77152,M,4851570.0,263522.0,77
201300035087,13,6,12,1215,1,2,1,1.0,6,77288,M,4853893.0,265359.0,77
201300035088,13,1,11,755,5,1,1,8.0,6,77122,M,4864844.0,254870.0,77
201300035089,13,1,28,1230,1,1,1,1.0,1,77114,M,,,77
201300035090,13,1,30,1910,3,2,6,2.0,7,77445,M,,,77
201300035091,13,2,1,1905,5,2,1,3.0,4,77495,M,,,77
201300035092,13,1,16,2105,5,2,1,1.0,6,77445,M,4859555.0,259181.0,77
201300035093,13,2,3,1000,1,2,1,1.0,6,77326,M,,,77
201300035094,13,2,9,1915,3,1,1,1.0,4,77067,M,,,77
201300035095,13,2,28,1655,1,2,1,1.0,3,77122,M,4865772.0,256304.0,77
201300035096,13,3,3,1420,1,1,1,1.0,3,77495,M,,,77
201300035097,13,3,10,600,5,2,6,1.0,6,77122,M,4866578.0,255022.0,77
201300035098,13,2,28,1120,1,2,2,1.0,7,77384,M,,,77
201300035099,13,3,7,2105,5,2,1,1.0,6,77053,M,4869140.0,261090.0,77
201300035100,13,4,9,1,5,2,1,2.0,6,77114,M,4872332.0,265921.0,77
201300035101,13,4,11,1715,1,2,1,2.0,7,77122,M,,,77
201300035102,13,4,21,1545,1,1,1,1.0,3,77114,M,,,77
201300035103,13,5,5,1720,1,2,2,7.0,2,77326,M,,,77
201300035104,13,5,12,1150,1,1,1,1.0,7,77251,M,4862211.0,252852.0,77
201300035105,13,5,27,1650,1,2,1,1.0,6,77053,M,,,77
201300035106,13,6,6,845,1,1,1,1.0,7,77445,M,,,77
201300035107,13,6,11,1605,1,2,1,1.0,6,77445,M,4859432.0,258114.0,77
201300035108,13,6,21,1020,1,1,2,1.0,3,77384,M,,,77
201300035109,13,7,2,1205,1,2,6,1.0,6,77122,M,,,77
201300035110,13,6,16,1310,1,1,2,1.0,3,77445,M,,,77
201300035111,13,6,30,826,1,2,6,1.0,2,77445,M,4860339.0,255950.0,77
201300035112,13,7,19,2205,5,2,1,1.0,7,77251,M,4861484.0,254495.0,77
201300035113,13,7,26,615,3,1,1,3.0,3,77296,M,,,77
201300035114,13,8,5,1745,1,1,3,1.0,7,77296,M,,,77
201300035115,13,8,6,1855,1,1,1,1.0,7,77053,M,4870277.0,260080.0,77
201300035116,13,8,9,1651,1,1,1,1.0,5,77495,M,,,77
201300035117,13,8,14,2230,3,1,2,1.0,2,77114,M,,,77
201300035118,13,8,25,2255,5,1,1,2.0,3,77445,M,,,77
201300035119,13,10,6,1,5,2,6,1.0,7,77053,M,,,77
201300035120,13,10,7,1750,1,2,1,1.0,6,77445,M,,,77
201300035121,13,10,20,1927,5,2,6,2.0,6,77251,M,,,77
201300035122,13,10,27,610,5,2,2,3.0,2,77450,M,,,77
201300035123,13,10,27,1900,3,2,2,2.0,3,77251,M,,,77
201300035124,13,10,28,1525,1,2,6,1.0,2,77122,M,,,77
201300035125,13,11,3,50,5,2,1,1.0,7,77450,M,,,77
201300035126,13,11,4,2325,3,1,1,1.0,6,77445,M,,,77
201300035127,13,11,13,705,2,2,6,1.0,6,77122,M,,,77
201300035128,13,11,19,1745,5,2,1,1.0,6,77296,M,,,77
201300035129,13,11,22,2005,5,2,3,1.0,3,77445,M,,,77
201300035130,13,11,24,1550,1,1,6,1.0,2,77450,M,,,77
201300035131,13,11,25,820,1,2,1,8.0,6,77296,M,,,77
201300035132,13,11,26,835,1,1,1,8.0,6,77053,M,,,77
201300035133,13,11,22,1310,1,2,3,8.0,3,77296,M,,,77
201300035134,13,12,1,1950,5,2,1,1.0,4,77296,M,,,77
201300035135,13,12,7,705,3,1,1,2.0,1,77114,M,,,77
201300035136,13,12,11,700,5,2,1,1.0,2,77445,M,,,77
201300035137,13,12,15,1110,1,2,3,7.0,3,77445,M,,,77
201300035138,13,10,5,1740,1,1,2,8.0,3,77384,M,,,77
201300035139,13,1,2,615,3,1,1,1.0,7,77409,M,,,77
201300035140,13,1,2,1400,1,2,2,1.0,6,77305,M,4839776.0,295607.0,77
201300035141,13,1,6,1950,3,1,9,8.0,3,77210,M,,,77
201300035142,13,2,28,1730,1,1,1,1.0,3,77210,M,,,77
201300035143,13,4,16,925,1,1,1,1.0,2,77172,M,,,77
201300035144,13,6,12,1715,1,2,1,1.0,6,77305,M,4839464.0,295645.0,77
201300035145,13,8,7,1405,1,1,1,2.0,3,77210,M,,,77
201300035146,13,11,4,40,5,2,3,3.0,3,77305,M,,,77
201300035147,13,1,17,1755,3,1,1,8.0,1,77494,M,,,77
201300035148,13,2,27,725,2,1,1,8.0,1,77501,M,,,77
201300035149,13,4,15,1805,1,2,3,1.0,3,77491,M,,,77
201300035150,13,6,27,1805,1,2,1,1.0,3,77491,M,4838154.0,280599.0,77
201300035151,13,4,12,35,4,1,1,2.0,3,77305,M,,,77
201300035152,13,8,4,1035,1,2,3,1.0,3,77501,M,,,77
201300035153,13,12,15,1520,1,2,4,1.0,3,77079,M,,,77
201300035154,13,12,20,815,1,2,3,9.0,6,77491,M,,,77
201300035155,13,1,6,2010,5,2,2,1.0,3,77333,M,,,77
201300035156,13,2,1,1610,1,2,1,3.0,2,77333,M,,,77
201300035157,13,4,15,1730,1,2,1,1.0,6,77458,M,,,77
201300035158,13,7,25,1800,1,2,1,1.0,7,77431,M,,,77
201300035159,13,8,11,1630,1,2,1,1.0,6,77333,M,,,77
201300035160,13,10,21,1800,1,1,1,2.0,6,77048,M,,,77
201300035161,13,11,14,720,3,1,1,1.0,3,77431,M,,,77
201300035162,13,12,5,1720,2,2,1,1.0,1,77458,M,,,77
201300035163,13,1,3,15,5,2,1,2.0,6,77468,M,,,77
201300035164,13,1,7,1750,2,2,6,2.0,6,77083,M,4884875.0,258335.0,77
201300035165,13,1,17,1910,5,2,2,1.0,4,77083,M,,,77
201300035166,13,1,16,1015,1,2,1,1.0,6,77468,M,4884174.0,265421.0,77
201300035167,13,1,25,805,1,2,6,1.0,2,77146,M,,,77
201300035168,13,1,27,725,5,2,6,1.0,3,77083,M,,,77
201300035169,13,3,1,1735,1,2,3,1.0,3,77258,M,,,77
201300035170,13,3,15,1305,1,2,1,1.0,6,77169,M,,,77
201300035171,13,3,19,1315,1,2,1,1.0,6,77146,M,,,77
201300035172,13,5,13,1145,1,2,1,1.0,6,77169,M,4881039.0,262237.0,77
201300035173,13,5,18,1300,1,2,1,1.0,6,77337,M,,,77
201300035174,13,5,25,1325,1,1,1,1.0,2,77258,M,,,77
201300035175,13,5,29,1030,1,2,2,1.0,6,77121,M,4883764.0,266164.0,77
201300035176,13,6,5,1255,1,2,1,1.0,7,77468,M,4883906.0,265642.0,77
201300035177,13,6,17,1450,1,1,9,1.0,3,77121,M,4883769.0,266175.0,77
201300035178,13,6,24,2050,1,2,2,1.0,3,77121,M,4884009.0,267210.0,77
201300035179,13,6,28,1700,1,2,1,1.0,6,77337,M,,,77
201300035180,13,7,4,1525,1,2,3,1.0,3,77258,M,,,77
201300035181,13,7,4,1850,1,2,1,1.0,3,77083,M,,,77
201300035182,13,7,8,1940,1,2,1,1.0,6,77468,M,4885528.0,264989.0,77
201300035183,13,7,22,1700,1,1,1,9.0,6,77121,M,,,77
201300035184,13,8,2,520,3,1,1,1.0,1,77121,M,,,77
201300035185,13,8,2,1535,1,2,1,1.0,3,77468,M,,,77
201300035186,13,8,9,1733,1,2,1,1.0,7,77258,M,4883483.0,262972.0,77
201300035187,13,8,26,1420,1,2,3,1.0,6,77468,M,,,77
201300035188,13,9,4,745,2,1,3,1.0,3,77121,M,4883960.0,266902.0,77
201300035189,13,9,14,2010,3,2,3,2.0,6,77169,M,4881519.0,262111.0,77
201300035190,13,9,17,850,1,2,1,1.0,5,77083,M,4884708.0,261170.0,77
201300035191,13,10,2,1505,1,2,1,1.0,6,77083,M,,,77
201300035192,13,10,6,1640,1,2,1,1.0,6,77468,M,,,77
201300035193,13,10,12,1615,1,2,1,1.0,6,77337,M,,,77
201300035194,13,10,14,1610,1,1,1,1.0,5,77121,M,,,77
201300035195,13,10,16,1955,2,2,1,1.0,6,77468,M,,,77
201300035196,13,10,22,1425,1,2,3,1.0,6,77258,M,,,77
201300035197,13,10,30,1755,2,2,1,2.0,6,77083,M,,,77
201300035198,13,12,4,1915,5,2,1,1.0,6,77468,M,,,77
201300035199,13,12,10,1710,2,2,3,1.0,3,77468,M,,,77
201300035200,13,12,17,825,2,2,1,1.0,7,77169,M,,,77
201300035201,13,10,15,710,2,2,1,1.0,6,77215,M,,,77
201300035202,13,1,22,130,5,2,3,4.0,6,77350,M,4876076.0,268029.0,77
201300035203,13,1,27,1630,1,2,1,8.0,7,77249,M,,,77
201300035204,13,2,19,1635,1,2,2,1.0,3,77350,M,4876768.0,268603.0,77
201300035205,13,2,19,1615,1,1,1,1.0,5,77215,M,,,77
201300035206,13,2,18,1940,5,2,2,1.0,3,77350,M,4876781.0,267113.0,77
201300035207,13,3,8,1545,1,2,9,1.0,2,77373,M,4879963.0,260697.0,77
201300035208,13,4,3,1655,1,1,6,1.0,3,77350,M,,,77
201300035209,13,2,18,1400,1,2,1,1.0,4,77373,M,,,77
201300035210,13,3,30,2120,5,2,3,1.0,3,77373,M,4879321.0,260430.0,77
201300035211,13,3,15,1430,1,2,3,1.0,3,77373,M,4879367.0,261148.0,77
201300035212,13,4,1,1910,1,1,1,1.0,7,77373,M,,,77
201300035213,13,4,13,300,3,1,1,1.0,6,77215,M,,,77
201300035214,13,5,5,1915,1,2,1,1.0,3,77350,M,,,77
201300035215,13,5,20,1340,1,2,1,3.0,3,77390,M,,,77
201300035216,13,4,30,1655,1,2,1,2.0,3,77373,M,4879652.0,261457.0,77
201300035217,13,5,3,1135,1,1,7,1.0,6,77373,M,,,77
201300035218,13,6,13,750,1,1,1,1.0,2,77390,M,,,77
201300035219,13,7,4,1950,1,2,1,1.0,6,77373,M,4879786.0,260500.0,77
201300035220,13,6,27,155,3,1,1,1.0,6,77215,M,,,77
201300035221,13,7,24,1150,1,1,1,1.0,3,77350,M,,,77
201300035222,13,7,1,1830,1,1,1,1.0,2,77350,M,,,77
201300035223,13,7,26,1710,1,2,1,1.0,6,77373,M,4879914.0,260880.0,77
201300035224,13,6,28,815,1,1,1,1.0,4,77350,M,,,77
201300035225,13,7,21,1405,1,2,6,1.0,6,77249,M,,,77
201300035226,13,9,4,2035,3,1,4,1.0,3,77350,M,,,77
201300035227,13,9,10,2030,3,1,1,8.0,5,77350,M,,,77
201300035228,13,10,2,1630,1,2,6,1.0,6,77249,M,,,77
201300035229,13,9,24,840,1,2,2,1.0,7,77373,M,4879568.0,260450.0,77
201300035230,13,10,8,1840,2,2,1,1.0,6,77374,M,,,77
201300035231,13,10,26,525,2,2,1,1.0,2,77373,M,,,77
201300035232,13,10,23,2105,3,1,5,2.0,3,77350,M,,,77
201300035233,13,11,3,1125,1,1,6,1.0,3,77374,M,,,77
201300035234,13,10,31,1800,5,2,1,1.0,6,77215,M,,,77
201300035235,13,9,14,2220,3,1,1,3.0,2,77350,M,,,77
201300035236,13,11,11,540,5,2,1,1.0,7,77249,M,,,77
201300035237,13,1,23,1730,1,1,3,8.0,3,77459,M,,,77
201300035238,13,5,2,1045,1,2,6,1.0,6,77379,M,,,77
201300035239,13,5,18,1200,1,1,1,1.0,5,77379,M,,,77
201300035240,13,7,8,1945,1,1,3,1.0,3,77459,M,,,77
201300035241,13,7,9,1435,1,2,1,1.0,6,77379,M,,,77
201300035242,13,7,14,2225,5,2,1,1.0,2,77260,M,,,77
201300035243,13,11,22,1124,1,1,1,8.0,3,77459,M,,,77
201300035244,13,12,6,800,1,2,2,1.0,3,77379,M,,,77
201300035245,13,12,30,645,3,1,1,8.0,1,77379,M,,,77
201300035246,13,1,3,746,3,1,1,2.0,1,77123,M,,,77
201300035247,13,1,10,1818,5,1,1,2.0,4,77118,M,,,77
201300035248,13,1,22,1115,1,1,1,4.0,2,77118,M,,,77
201300035249,13,2,1,1520,1,2,3,2.0,5,77294,M,,,77
201300035250,13,2,8,845,1,2,7,1.0,6,77514,M,4895137.0,260211.0,77
201300035251,13,2,18,1720,1,2,1,1.0,6,77514,M,4895268.0,261322.0,77
201300035252,13,3,6,1719,1,2,6,1.0,3,77514,M,4895186.0,261427.0,77
201300035253,13,4,14,2040,2,2,2,1.0,3,77294,M,,,77
201300035254,13,4,18,1845,1,1,1,1.0,5,77123,M,,,77
201300035255,13,6,4,1230,1,2,4,1.0,3,77514,M,,,77
201300035256,13,6,24,1845,1,2,4,1.0,6,77294,M,4895352.0,260202.0,77
201300035257,13,6,30,915,1,1,1,1.0,1,77462,M,,,77
201300035258,13,7,6,1550,1,1,5,7.0,3,77241,M,,,77
201300035259,13,7,26,1830,1,1,1,1.0,3,77462,M,,,77
201300035260,13,8,3,2125,1,2,3,1.0,3,77514,M,,,77
201300035261,13,8,9,1355,1,2,6,1.0,3,77514,M,,,77
201300035262,13,11,23,30,3,1,1,1.0,6,77294,M,,,77
201300035263,13,11,30,945,1,1,1,1.0,2,77462,M,,,77
201300035264,13,11,22,150,4,1,1,2.0,2,77118,M,,,77
201300035265,13,12,18,1620,1,2,2,1.0,6,77514,M,,,77
201300035266,13,2,5,715,2,2,7,3.0,6,78126,M,4884530.0,213261.0,78
201300035267,13,4,17,1930,1,2,2,1.0,3,78076,M,,,78
201300035268,13,5,22,2255,5,2,1,1.0,3,78092,M,,,78
201300035269,13,9,10,915,1,2,1,1.0,3,78092,M,,,78
201300035270,13,11,8,2000,5,2,3,1.0,5,78126,M,,,78
201300035271,13,12,25,1000,1,2,1,1.0,3,78172,M,,,78
201300035272,13,4,19,950,1,2,1,1.0,7,78172,M,,,78
201300035273,13,1,5,1915,5,2,2,2.0,3,78172,M,,,78
201300035274,13,2,14,1645,1,2,1,8.0,6,78005,M,4897638.0,206115.0,78
201300035275,13,1,8,745,4,1,6,8.0,6,78005,M,,,78
201300035276,13,4,16,2010,1,2,1,1.0,1,78382,M,,,78
201300035277,13,5,10,1700,1,1,1,1.0,6,78015,M,,,78
201300035278,13,5,6,1500,1,2,4,1.0,3,78172,M,,,78
201300035279,13,7,1,1925,1,1,1,1.0,6,78172,M,,,78
201300035280,13,10,23,2025,3,1,1,2.0,6,78015,M,,,78
201300035281,13,10,23,1015,1,2,2,7.0,3,78172,M,,,78
201300035282,13,10,13,1715,1,1,1,1.0,1,78005,M,,,78
201300035283,13,11,23,255,5,2,1,1.0,6,78005,M,,,78
201300035284,13,11,13,930,1,2,9,1.0,7,78172,M,,,78
201300035285,13,1,5,1625,2,2,1,2.0,7,78208,M,,,78
201300035286,13,10,29,1230,1,2,1,1.0,6,78208,M,,,78
201300035287,13,9,28,1720,1,2,1,2.0,2,78383,M,,,78
201300035288,13,12,6,1540,1,2,1,1.0,3,78383,M,,,78
201300035289,13,9,23,800,1,2,1,1.0,6,78208,M,,,78
201300035290,13,10,10,1800,5,2,1,1.0,4,78208,M,,,78
201300035291,13,12,6,1230,1,1,1,1.0,2,78168,M,,,78
201300035292,13,9,29,445,5,2,1,1.0,7,78208,M,,,78
201300035293,13,7,12,1400,1,2,3,1.0,3,78208,M,,,78
201300035294,13,3,6,1155,1,2,6,1.0,3,78208,M,,,78
201300035295,13,3,9,1530,1,2,1,1.0,5,78168,M,,,78
201300035296,13,4,2,415,5,2,1,1.0,7,78168,M,,,78
201300035297,13,5,4,1735,1,2,1,1.0,6,78168,M,,,78
201300035298,13,5,9,1630,1,2,1,1.0,2,78168,M,,,78
201300035299,13,4,30,1940,1,2,1,2.0,3,78208,M,,,78
201300035300,13,5,27,1735,1,1,1,1.0,7,78644,M,,,78
201300035301,13,4,24,1350,1,2,2,1.0,3,78208,M,,,78
201300035302,13,5,31,1820,1,2,1,1.0,2,78168,M,,,78
201300035303,13,6,26,1345,1,2,1,1.0,3,78383,M,,,78
201300035304,13,6,3,1030,1,1,1,1.0,3,78168,M,,,78
201300035305,13,6,24,1600,1,2,2,1.0,3,78208,M,,,78
201300035306,13,7,9,1735,1,2,1,1.0,3,78644,M,,,78
201300035307,13,7,24,910,1,2,4,1.0,3,78383,M,,,78
201300035308,13,6,22,1113,1,2,1,1.0,2,78383,M,,,78
201300035309,13,6,7,1540,1,1,1,1.0,2,78644,M,,,78
201300035310,13,7,20,1030,1,2,3,1.0,7,78383,M,,,78
201300035311,13,7,5,1655,1,2,6,1.0,7,78208,M,,,78
201300035312,13,8,31,1548,1,2,1,1.0,5,78383,M,,,78
201300035313,13,9,7,420,3,2,1,1.0,6,78644,M,,,78
201300035314,13,4,27,1015,1,2,1,1.0,6,78383,M,,,78
201300035315,13,9,5,1850,1,2,1,1.0,6,78208,M,,,78
201300035316,13,9,10,1740,1,2,1,1.0,7,78383,M,,,78
201300035317,13,8,27,1825,1,2,1,1.0,3,78168,M,,,78
201300035318,13,8,27,1940,1,2,1,1.0,3,78208,M,,,78
201300035319,13,10,8,1025,1,2,1,1.0,6,78397,M,,,78
201300035320,13,10,15,815,1,2,1,1.0,6,78208,M,,,78
201300035321,13,10,15,1330,1,2,1,3.0,4,78168,M,,,78
201300035322,13,7,24,1930,1,2,6,1.0,2,78383,M,,,78
201300035323,13,6,27,1340,1,2,6,1.0,6,78168,M,,,78
201300035324,13,9,17,815,1,2,1,1.0,2,78397,M,,,78
201300035325,13,10,2,1625,1,1,4,1.0,2,78208,M,,,78
201300035326,13,10,24,1600,1,2,6,1.0,3,78383,M,,,78
201300035327,13,8,12,1730,1,2,2,1.0,2,78168,M,,,78
201300035328,13,11,24,1030,1,2,4,1.0,2,78168,M,,,78
201300035329,13,11,8,1610,1,1,1,2.0,2,78397,M,,,78
201300035330,13,11,1,145,5,2,2,1.0,5,78168,M,,,78
201300035331,13,10,27,1430,1,2,6,1.0,3,78383,M,,,78
201300035332,13,10,6,1800,1,2,1,1.0,2,78383,M,,,78
201300035333,13,12,18,1820,5,2,1,1.0,3,78168,M,,,78
201300035334,13,1,14,1830,5,2,3,4.0,3,78423,M,4878588.0,204708.0,78
201300035335,13,1,9,1900,5,2,2,2.0,6,78423,M,4879093.0,204558.0,78
201300035336,13,10,25,1930,5,2,1,1.0,7,78297,M,,,78
201300035337,13,11,20,715,2,2,2,9.0,3,78297,M,,,78
201300035338,13,1,31,1550,1,2,3,2.0,3,78423,M,4877834.0,202083.0,78
201300035339,13,10,25,1920,5,2,3,2.0,7,78688,M,,,78
201300035340,13,11,18,1420,1,2,1,1.0,6,78423,M,,,78
201300035341,13,2,12,1000,1,2,1,1.0,6,78297,M,4876106.0,207019.0,78
201300035342,13,3,6,1515,1,2,1,1.0,6,78297,M,,,78
201300035343,13,3,15,1055,1,2,6,1.0,3,78688,M,,,78
201300035344,13,3,21,1500,1,2,2,1.0,3,78423,M,,,78
201300035345,13,4,2,1900,1,2,1,1.0,3,78297,M,,,78
201300035346,13,4,5,1300,1,2,1,1.0,6,78297,M,,,78
201300035347,13,5,6,1530,1,2,1,1.0,6,78423,M,,,78
201300035348,13,4,8,1900,2,2,1,1.0,6,78297,M,,,78
201300035349,13,5,10,930,1,2,1,1.0,3,78423,M,,,78
201300035350,13,3,5,1435,1,2,6,1.0,6,78297,M,,,78
201300035351,13,6,21,1550,1,2,3,1.0,7,78688,M,,,78
201300035352,13,6,19,1230,1,2,2,1.0,3,78688,M,,,78
201300035353,13,6,4,925,1,1,1,1.0,6,78297,M,,,78
201300035354,13,7,9,2300,5,1,1,1.0,3,78423,M,,,78
201300035355,13,7,12,1230,1,1,1,1.0,6,78297,M,,,78
201300035356,13,7,12,1835,1,2,1,1.0,6,78297,M,,,78
201300035357,13,7,14,1530,1,1,1,1.0,2,78297,M,,,78
201300035358,13,7,17,1800,1,2,1,1.0,6,78423,M,,,78
201300035359,13,7,18,928,1,2,1,1.0,1,78423,M,,,78
201300035360,13,7,19,1120,1,2,1,1.0,6,78688,M,,,78
201300035361,13,4,18,1640,1,2,1,1.0,6,78688,M,,,78
201300035362,13,8,4,1200,1,2,2,1.0,3,78688,M,,,78
201300035363,13,8,21,1535,1,2,1,1.0,2,78423,M,,,78
201300035364,13,9,2,905,1,2,1,1.0,3,78297,M,,,78
201300035365,13,9,23,1702,1,2,3,1.0,6,78688,M,,,78
201300035366,13,9,6,1155,1,2,1,2.0,6,78688,M,,,78
201300035367,13,10,23,2000,5,2,1,1.0,6,78297,M,,,78
201300035368,13,9,2,1735,1,2,3,1.0,6,78297,M,,,78
201300035369,13,8,24,30,5,2,1,1.0,6,78297,M,,,78
201300035370,13,11,12,1810,5,2,1,2.0,2,78297,M,,,78
201300035371,13,11,19,805,2,2,1,2.0,3,78297,M,,,78
201300035372,13,11,14,955,1,2,1,1.0,6,78297,M,,,78
201300035373,13,10,9,845,1,2,1,1.0,3,78423,M,,,78
201300035374,13,12,21,2355,5,2,6,1.0,6,78297,M,,,78
201300035375,13,1,28,1035,1,2,1,1.0,6,78311,M,,,78
201300035376,13,2,2,1855,5,2,4,2.0,3,78311,M,4892516.0,219544.0,78
201300035377,13,3,1,1310,1,2,6,1.0,3,78124,M,4890933.0,216048.0,78
201300035378,13,3,22,1545,1,2,3,1.0,3,78311,M,,,78
201300035379,13,6,29,1345,1,2,2,1.0,1,78311,M,,,78
201300035380,13,7,5,830,1,2,1,1.0,1,78311,M,,,78
201300035381,13,9,19,1740,1,2,1,1.0,3,78124,M,,,78
201300035382,13,9,14,2130,5,2,2,2.0,3,78311,M,,,78
201300035383,13,9,27,1905,1,2,3,1.0,6,78311,M,,,78
201300035384,13,10,10,1825,1,2,1,1.0,6,78311,M,,,78
201300035385,13,10,9,1335,1,2,1,8.0,6,78311,M,,,78
201300035386,13,11,7,2045,5,2,2,8.0,4,78124,M,,,78
201300035387,13,11,21,752,1,2,1,8.0,7,78311,M,,,78
201300035388,13,11,28,2000,4,2,2,1.0,3,78311,M,,,78
201300035389,13,12,3,1125,1,2,3,1.0,3,78124,M,,,78
201300035390,13,12,12,1925,5,2,1,1.0,3,78311,M,,,78
201300035391,13,12,29,1845,5,2,3,1.0,6,78311,M,,,78
201300035392,13,11,30,1305,1,2,1,8.0,1,78311,M,,,78
201300035393,13,2,23,1215,1,2,1,1.0,6,78358,M,4894799.0,214808.0,78
201300035394,13,2,23,2005,5,2,3,2.0,3,78358,M,4895061.0,214230.0,78
201300035395,13,5,15,1705,1,2,1,1.0,6,78358,M,,,78
201300035396,13,10,11,1930,5,2,9,9.0,3,78358,M,,,78
201300035397,13,10,25,1450,1,2,1,1.0,6,78358,M,,,78
201300035398,13,10,27,235,5,2,6,1.0,7,78358,M,,,78
201300035399,13,11,28,1330,1,2,1,8.0,2,78358,M,,,78
201300035400,13,12,5,1637,1,2,1,1.0,6,78358,M,,,78
201300035401,13,12,6,2258,5,2,1,1.0,1,78358,M,,,78
201300035402,13,1,22,1335,1,2,3,8.0,6,78361,M,4898672.0,171746.0,78
201300035403,13,1,31,820,1,2,2,1.0,3,78335,M,4898957.0,173887.0,78
201300035404,13,2,4,925,1,2,1,2.0,5,78335,M,4898514.0,172831.0,78
201300035405,13,2,5,1620,1,2,1,1.0,6,78361,M,4898620.0,171388.0,78
201300035406,13,2,13,1500,1,2,1,8.0,6,78335,M,4899336.0,173394.0,78
201300035407,13,2,14,1140,1,2,1,2.0,6,78361,M,,,78
201300035408,13,3,5,1050,1,2,1,1.0,3,78335,M,4898667.0,174311.0,78
201300035409,13,3,7,805,1,2,6,2.0,6,78335,M,4899156.0,174883.0,78
201300035410,13,4,14,1100,1,2,3,1.0,3,78335,M,,,78
201300035411,13,4,14,2130,5,2,1,1.0,1,78217,M,,,78
201300035412,13,4,17,950,1,2,2,1.0,3,78362,M,,,78
201300035413,13,5,3,2240,5,2,1,1.0,6,78362,M,,,78
201300035414,13,5,7,1950,1,2,1,1.0,6,78361,M,,,78
201300035415,13,5,12,1840,1,2,2,1.0,3,78501,M,,,78
201300035416,13,5,21,1455,1,2,3,1.0,3,78361,M,,,78
201300035417,13,6,7,1745,1,2,3,1.0,3,78362,M,,,78
201300035418,13,6,21,2220,3,1,1,2.0,1,78361,M,,,78
201300035419,13,6,24,2120,1,2,1,1.0,6,78362,M,,,78
201300035420,13,6,25,1755,1,2,1,1.0,6,78361,M,,,78
201300035421,13,6,27,1835,1,2,1,1.0,6,78501,M,,,78
201300035422,13,7,8,2235,1,2,1,1.0,6,78361,M,,,78
201300035423,13,7,12,1420,1,1,1,1.0,6,78267,M,,,78
201300035424,13,7,24,1625,1,2,1,1.0,6,78267,M,,,78
201300035425,13,7,28,1745,1,1,1,1.0,1,78335,M,,,78
201300035426,13,7,31,1215,1,2,1,1.0,3,78361,M,,,78
201300035427,13,9,16,2150,5,2,1,2.0,2,78362,M,,,78
201300035428,13,9,19,1750,1,2,1,2.0,6,78335,M,,,78
201300035429,13,9,23,1315,1,2,9,1.0,6,78362,M,,,78
201300035430,13,10,19,2150,5,2,1,8.0,7,78501,M,,,78
201300035431,13,10,27,535,5,2,2,2.0,1,78217,M,,,78
201300035432,13,11,5,810,1,2,1,2.0,6,78335,M,,,78
201300035433,13,11,13,1705,2,2,1,1.0,2,78402,M,,,78
201300035434,13,11,14,1755,2,2,2,2.0,1,78267,M,,,78
201300035435,13,11,15,1145,1,2,1,1.0,6,78361,M,,,78
201300035436,13,11,15,1655,5,2,3,1.0,3,78217,M,,,78
201300035437,13,11,25,1605,1,2,1,1.0,1,78531,M,,,78
201300035438,13,11,29,1500,1,1,1,1.0,1,78531,M,,,78
201300035439,13,12,5,655,2,2,1,8.0,6,78217,M,,,78
201300035440,13,1,19,840,1,2,1,4.0,6,78502,M,4888742.0,210575.0,78
201300035441,13,4,14,1550,1,1,1,1.0,2,78350,M,,,78
201300035442,13,4,16,1815,1,2,3,1.0,3,78372,M,4887174.0,209768.0,78
201300035443,13,4,27,1050,1,2,1,1.0,6,78372,M,,,78
201300035444,13,11,27,1615,1,2,3,1.0,3,78372,M,,,78
201300035445,13,5,31,1915,1,2,4,1.0,3,78372,M,,,78
201300035446,13,5,20,850,1,2,1,8.0,2,78372,M,,,78
201300035447,13,7,15,1640,1,2,1,1.0,6,78502,M,,,78
201300035448,13,9,21,205,5,2,1,1.0,7,78502,M,,,78
201300035449,13,3,7,1600,1,2,2,1.0,1,78372,M,,,78
201300035450,13,11,11,615,5,2,1,9.0,6,78224,M,,,78
201300035451,13,12,2,755,1,2,1,1.0,6,78350,M,,,78
201300035452,13,12,8,515,4,2,1,1.0,6,78502,M,,,78
201300035453,13,7,28,800,1,2,1,1.0,7,78440,M,,,78
201300035454,13,1,3,1700,5,2,1,2.0,3,78029,M,4895956.0,185816.0,78
201300035455,13,1,8,915,1,2,6,1.0,5,78440,M,4899773.0,190896.0,78
201300035456,13,1,9,1530,1,2,1,2.0,3,78238,M,4896733.0,186437.0,78