Num_Acc,an,mois,jour,hrmn,lum,agg,int,atm,col,com,gps,lat,long,dep
201300035457,13,1,11,1035,1,2,3,1.0,5,78609,M,4901565.0,191050.0,78
201300035458,13,1,10,1320,1,2,3,2.0,3,78440,M,4899894.0,191631.0,78
201300035459,13,1,24,1720,1,2,1,1.0,4,78440,M,4898276.0,189303.0,78
201300035460,13,1,17,2210,5,2,2,2.0,2,78238,M,4896326.0,186185.0,78
201300035461,13,1,28,900,1,2,1,5.0,1,78261,M,4901828.0,190019.0,78
201300035462,13,1,28,1830,5,2,1,1.0,6,78440,M,,,78
201300035463,13,2,3,1330,1,2,1,1.0,1,78401,M,4901200.0,191699.0,78
201300035464,13,1,26,1930,5,2,6,1.0,6,78440,M,4897807.0,191385.0,78
201300035465,13,1,30,1240,1,2,6,2.0,2,78440,M,4899689.0,191355.0,78
201300035466,13,2,5,1820,5,2,1,4.0,3,78440,M,4899898.0,191977.0,78
201300035467,13,2,8,720,5,2,2,1.0,6,78440,M,4899495.0,191368.0,78
201300035468,13,2,16,1430,1,2,2,1.0,6,78238,M,4896334.0,186222.0,78
201300035469,13,2,12,1715,1,2,3,1.0,6,78401,M,4901267.0,191868.0,78
201300035470,13,12,26,2230,5,2,1,1.0,7,78638,M,,,78
201300035471,13,12,15,650,3,1,3,2.0,3,78238,M,,,78
201300035472,13,3,10,510,5,2,6,1.0,6,78440,M,,,78
201300035473,13,3,11,1850,5,2,4,4.0,3,78440,M,,,78
201300035474,13,3,1,2000,5,1,2,1.0,5,78440,M,,,78
201300035475,13,3,4,1700,1,2,2,1.0,3,78029,M,,,78
201300035476,13,3,2,1755,1,2,1,1.0,6,78440,M,,,78
201300035477,13,3,21,1730,1,2,9,1.0,3,78609,M,,,78
201300035478,13,4,12,1310,1,2,1,1.0,4,78029,M,,,78
201300035479,13,3,17,1300,1,2,1,1.0,6,78440,M,,,78
201300035480,13,4,5,1525,1,2,1,1.0,6,78440,M,,,78
201300035481,13,4,17,1510,1,1,1,1.0,3,78029,M,,,78
201300035482,13,4,24,1850,1,2,1,1.0,6,78440,M,,,78
201300035483,13,4,23,1450,1,2,1,1.0,6,78440,M,,,78
201300035484,13,4,30,2310,5,2,1,1.0,6,78440,M,,,78
201300035485,13,5,4,120,5,2,1,1.0,6,78638,M,,,78
201300035486,13,5,11,1530,1,2,1,1.0,2,78440,M,,,78
201300035487,13,5,24,1030,1,2,3,3.0,6,78299,M,,,78
201300035488,13,5,28,1250,1,2,1,2.0,1,78299,M,,,78
201300035489,13,5,29,700,1,2,1,7.0,2,78440,M,,,78
201300035490,13,6,1,1900,1,2,1,1.0,6,78440,M,,,78
201300035491,13,5,20,1538,1,2,1,2.0,2,78440,M,,,78
201300035492,13,6,6,2005,1,2,1,1.0,2,78238,M,,,78
201300035493,13,6,7,1110,1,1,9,1.0,3,78401,M,,,78
201300035494,13,6,8,1730,1,2,2,1.0,3,78440,M,,,78
201300035495,13,6,13,830,1,2,1,1.0,6,78029,M,,,78
201300035496,13,6,17,1700,1,2,1,1.0,6,78440,M,,,78
201300035497,13,6,21,830,1,2,1,1.0,6,78401,M,,,78
201300035498,13,5,2,1245,1,2,1,1.0,3,78440,M,,,78
201300035499,13,6,28,820,1,2,1,2.0,4,78299,M,,,78
201300035500,13,6,29,1140,1,2,1,1.0,4,78440,M,,,78
201300035501,13,7,3,930,1,2,6,2.0,3,78029,M,,,78
201300035502,13,7,3,2100,1,2,1,2.0,6,78440,M,,,78
201300035503,13,7,3,1030,1,1,3,2.0,7,78609,M,,,78
201300035504,13,7,6,1830,1,2,1,1.0,7,78238,M,,,78
201300035505,13,7,10,1605,1,2,1,1.0,6,78440,M,,,78
201300035506,13,7,11,1712,1,1,1,1.0,6,78238,M,,,78
201300035507,13,7,12,1940,1,2,1,1.0,7,78238,M,,,78
201300035508,13,7,13,1120,1,2,1,1.0,6,78440,M,,,78
201300035509,13,7,16,515,5,2,2,1.0,6,78238,M,,,78
201300035510,13,7,22,1035,1,2,1,1.0,4,78440,M,,,78
201300035511,13,7,16,40,5,2,1,1.0,1,78440,M,,,78
201300035512,13,8,8,1130,1,2,1,1.0,6,78299,M,,,78
201300035513,13,8,13,1850,1,2,1,1.0,6,78440,M,,,78
201300035514,13,8,18,2050,2,2,1,2.0,3,78440,M,,,78
201300035515,13,8,6,2250,5,2,1,1.0,5,78440,M,,,78
201300035516,13,8,22,1540,1,2,1,1.0,5,78638,M,,,78
201300035517,13,9,4,410,3,1,1,1.0,6,78227,M,,,78
201300035518,13,9,2,1900,1,2,1,1.0,6,78440,M,,,78
201300035519,13,9,4,1335,1,2,1,1.0,6,78440,M,,,78
201300035520,13,9,16,744,1,2,1,8.0,2,78299,M,,,78
201300035521,13,9,4,1530,1,2,9,1.0,1,78440,M,,,78
201300035522,13,9,13,1320,1,2,1,2.0,3,78029,M,,,78
201300035523,13,9,22,2240,5,2,1,1.0,3,78440,M,,,78
201300035524,13,9,27,810,1,2,1,1.0,7,78029,M,,,78
201300035525,13,9,28,1930,5,2,1,2.0,6,78638,M,,,78
201300035526,13,9,29,1905,2,2,1,3.0,3,78638,M,,,78
201300035527,13,10,1,815,1,2,6,1.0,6,78029,M,,,78
201300035528,13,10,7,1900,1,2,1,1.0,3,78440,M,,,78
201300035529,13,10,15,1920,5,2,1,1.0,6,78401,M,,,78
201300035530,13,10,22,1045,1,2,3,1.0,2,78440,M,,,78
201300035531,13,10,30,624,2,2,1,1.0,6,78440,M,,,78
201300035532,13,10,18,1645,1,2,1,1.0,6,78440,M,,,78
201300035533,13,12,5,850,1,2,3,1.0,5,78440,M,,,78
201300035534,13,11,6,1115,1,2,1,8.0,1,78029,M,,,78
201300035535,13,11,13,1120,1,1,3,1.0,3,78401,M,,,78
201300035536,13,4,5,1500,1,2,1,1.0,6,78029,M,,,78
201300035537,13,4,9,1415,1,2,1,2.0,3,78029,M,,,78
201300035538,13,10,24,1015,1,2,1,8.0,4,78440,M,,,78
201300035539,13,9,5,1940,1,2,1,1.0,2,78299,M,,,78
201300035540,13,1,8,820,1,2,1,2.0,6,78165,M,4882770.0,198252.0,78
201300035541,13,1,11,740,2,2,4,8.0,6,78490,M,4882577.0,196380.0,78
201300035542,13,1,16,1620,1,2,6,1.0,6,78165,M,4882506.0,199727.0,78
201300035543,13,1,31,2005,4,2,6,9.0,6,78165,M,4882196.0,198916.0,78
201300035544,13,1,16,1930,5,2,6,1.0,6,78490,M,4883115.0,194485.0,78
201300035545,13,2,12,925,1,2,6,2.0,3,78490,M,4882700.0,196397.0,78
201300035546,13,2,24,2320,5,2,9,4.0,6,78490,M,4882416.0,196792.0,78
201300035547,13,2,27,1930,4,2,1,2.0,6,78165,M,,,78
201300035548,13,3,3,2025,3,1,1,1.0,7,78674,M,,,78
201300035549,13,12,24,1025,1,2,1,2.0,6,78165,M,,,78
201300035550,13,3,19,1010,1,2,6,1.0,6,78165,M,,,78
201300035551,13,4,29,2010,1,2,2,1.0,3,78490,M,,,78
201300035552,13,5,2,1520,1,2,2,1.0,3,78490,M,,,78
201300035553,13,6,15,2330,5,2,1,1.0,6,78490,M,,,78
201300035554,13,7,9,1220,1,2,1,1.0,3,78165,M,,,78
201300035555,13,7,25,1710,1,2,6,1.0,2,78490,M,,,78
201300035556,13,8,16,1010,1,2,3,1.0,3,78165,M,,,78
201300035557,13,9,16,730,1,2,1,1.0,5,78490,M,,,78
201300035558,13,8,22,1210,1,2,6,1.0,2,78165,M,,,78
201300035559,13,9,26,1705,1,2,1,1.0,6,78490,M,,,78
201300035560,13,9,19,900,2,2,1,1.0,3,78490,M,,,78
201300035561,13,10,17,2005,5,2,3,1.0,3,78490,M,,,78
201300035562,13,7,14,1235,1,2,1,1.0,3,78674,M,,,78
201300035563,13,11,22,1410,1,2,1,1.0,2,78490,M,,,78
201300035564,13,12,24,1520,1,1,1,3.0,6,78490,M,,,78
201300035565,13,1,14,825,1,2,2,1.0,3,78498,M,4892623.0,204839.0,78
201300035566,13,2,13,630,5,2,6,1.0,6,78498,M,4893300.0,204360.0,78
201300035567,13,3,23,1650,1,2,1,1.0,7,78643,M,,,78
201300035568,13,3,25,1805,1,1,6,1.0,6,78498,M,4891387.0,202213.0,78
201300035569,13,3,23,1030,1,1,3,1.0,3,78672,M,,,78
201300035570,13,4,3,1535,1,2,1,1.0,2,78498,M,,,78
201300035571,13,4,15,1855,1,1,1,1.0,7,78624,M,,,78
201300035572,13,4,21,1800,1,2,2,1.0,3,78498,M,,,78
201300035573,13,6,4,1930,1,2,2,1.0,3,78498,M,,,78
201300035574,13,6,8,1310,1,2,3,1.0,3,78498,M,,,78
201300035575,13,6,17,620,1,2,1,1.0,7,78498,M,,,78
201300035576,13,6,14,1725,1,2,2,1.0,7,78498,M,,,78
201300035577,13,6,11,1450,1,2,1,1.0,6,78498,M,,,78
201300035578,13,7,6,130,5,2,1,1.0,7,78624,M,,,78
201300035579,13,7,10,1920,1,2,2,1.0,2,78498,M,,,78
201300035580,13,8,2,1600,1,2,3,1.0,3,78498,M,,,78
201300035581,13,8,6,1010,1,2,2,1.0,2,78672,M,,,78
201300035582,13,9,4,1915,1,2,4,1.0,7,78672,M,,,78
201300035583,13,9,17,850,1,1,1,1.0,6,78498,M,,,78
201300035584,13,9,28,1155,1,2,3,1.0,3,78643,M,,,78
201300035585,13,9,29,1830,1,2,1,2.0,2,78498,M,,,78
201300035586,13,9,18,835,1,2,1,1.0,3,78642,M,,,78
201300035587,13,10,15,1250,1,2,2,1.0,3,78123,M,,,78
201300035588,13,10,11,1935,2,2,6,1.0,3,78643,M,,,78
201300035589,13,11,20,1240,1,1,1,1.0,6,78643,M,,,78
201300035590,13,11,26,910,1,2,1,1.0,6,78498,M,,,78
201300035591,13,12,12,1850,3,1,2,1.0,7,78672,M,,,78
201300035592,13,12,28,1220,1,2,1,1.0,3,78642,M,,,78
201300035593,13,12,26,1050,1,1,1,1.0,6,78498,M,,,78
201300035594,13,12,30,2035,1,2,1,1.0,6,78498,M,,,78
201300035595,13,12,19,1145,1,2,2,2.0,3,78498,M,,,78
201300035596,13,1,24,850,1,2,4,1.0,1,78498,M,4892848.0,203813.0,78
201300035597,13,1,25,1428,1,1,1,1.0,6,78672,M,4892797.0,200229.0,78
201300035598,13,2,3,210,5,1,3,1.0,3,78624,M,,,78
201300035599,13,2,5,1830,1,2,1,1.0,6,78123,M,4894734.0,202516.0,78
201300035600,13,2,15,2325,3,2,4,1.0,7,78672,M,,,78
201300035601,13,3,9,1815,1,2,4,1.0,2,78498,M,4892410.0,205355.0,78
201300035602,13,4,1,1230,1,2,1,1.0,6,78498,M,,,78
201300035603,13,4,24,1700,1,1,1,1.0,7,78624,M,,,78
201300035604,13,5,1,1935,1,2,1,2.0,1,78498,M,,,78
201300035605,13,5,5,510,5,2,1,1.0,2,78498,M,,,78
201300035606,13,5,26,1845,1,1,1,1.0,2,78643,M,,,78
201300035607,13,5,22,2350,5,2,1,1.0,7,78624,M,,,78
201300035608,13,6,2,1845,1,1,1,1.0,6,78624,M,,,78
201300035609,13,6,15,2130,2,1,1,1.0,6,78384,M,,,78
201300035610,13,6,16,450,5,2,2,1.0,5,78123,M,,,78
201300035611,13,6,27,1655,1,2,1,1.0,6,78123,M,,,78
201300035612,13,7,10,5,5,2,2,1.0,3,78498,M,,,78
201300035613,13,8,11,1110,1,2,2,1.0,3,78123,M,,,78
201300035614,13,8,11,2020,1,2,1,1.0,2,78123,M,,,78
201300035615,13,8,25,8,5,2,1,3.0,1,78498,M,,,78
201300035616,13,9,21,40,5,2,1,1.0,1,78123,M,,,78
201300035617,13,9,22,204,3,1,1,1.0,3,78642,M,,,78
201300035618,13,9,28,2235,5,2,2,1.0,3,78123,M,,,78
201300035619,13,10,1,1510,1,2,1,1.0,7,78123,M,,,78
201300035620,13,10,12,1520,1,2,1,1.0,6,78642,M,,,78
201300035621,13,10,17,1845,5,2,2,1.0,5,78498,M,,,78
201300035622,13,11,9,1440,1,2,2,9.0,6,78498,M,,,78
201300035623,13,11,7,2020,5,2,2,2.0,6,78498,M,,,78
201300035624,13,11,17,1920,3,2,1,1.0,6,78624,M,,,78
201300035625,13,12,6,1030,1,1,1,1.0,3,78672,M,,,78
201300035626,13,12,9,1510,1,2,2,1.0,6,78498,M,,,78
201300035627,13,1,5,1935,5,1,2,8.0,2,78220,M,4872306.0,188940.0,78
201300035628,13,1,18,1355,1,2,1,4.0,3,78517,M,4864960.0,183082.0,78
201300035629,13,2,15,810,1,2,3,8.0,3,78517,M,4864351.0,183717.0,78
201300035630,13,2,25,1345,1,2,6,4.0,3,78517,M,4863691.0,183241.0,78
201300035631,13,3,1,1600,1,1,1,1.0,1,78220,M,4871604.0,185090.0,78
201300035632,13,3,12,1015,1,1,1,4.0,1,78220,M,4869602.0,193681.0,78
201300035633,13,3,30,1735,1,2,3,1.0,5,78517,M,4862940.0,182687.0,78
201300035634,13,4,2,1805,1,2,2,1.0,2,78220,M,4872030.0,189675.0,78
201300035635,13,4,7,1725,1,1,1,1.0,7,78269,M,4863512.0,177580.0,78
201300035636,13,4,7,1850,1,1,1,1.0,7,78486,M,,,78
201300035637,13,4,21,2015,1,1,1,1.0,6,78220,M,,,78
201300035638,13,4,23,820,1,2,1,1.0,3,78517,M,4865891.0,185837.0,78
201300035639,13,4,24,1455,1,2,1,7.0,3,78517,M,4863691.0,182756.0,78
201300035640,13,4,29,1230,1,2,4,1.0,3,78220,M,4871842.0,189202.0,78
201300035641,13,5,5,2220,3,1,1,1.0,7,78486,M,,,78
201300035642,13,6,4,1605,1,1,1,1.0,7,78486,M,,,78
201300035643,13,6,11,1215,1,2,1,1.0,6,78517,M,,,78
201300035644,13,6,19,1800,1,2,7,3.0,6,78220,M,,,78
201300035645,13,7,13,1000,1,2,1,1.0,6,78517,M,,,78
201300035646,13,7,26,1930,1,2,3,1.0,3,78220,M,,,78
201300035647,13,8,6,1215,1,2,6,1.0,1,78517,M,,,78
201300035648,13,8,21,1720,1,1,1,1.0,7,78517,M,,,78
201300035649,13,9,14,2050,5,2,6,2.0,6,78517,M,,,78
201300035650,13,9,23,825,1,1,1,1.0,5,78486,M,,,78
201300035651,13,10,2,1725,1,1,1,1.0,4,78517,M,,,78
201300035652,13,10,5,2135,3,1,1,1.0,7,78269,M,,,78
201300035653,13,10,17,1820,1,2,6,1.0,3,78517,M,,,78
201300035654,13,10,20,935,1,1,1,2.0,6,78517,M,,,78
201300035655,13,10,20,1620,1,1,1,8.0,7,78517,M,,,78
201300035656,13,10,26,2000,5,2,1,1.0,3,78517,M,,,78
201300035657,13,11,13,1615,1,2,1,1.0,6,78517,M,,,78
201300035658,13,11,27,930,1,2,3,1.0,3,78486,M,,,78
201300035659,13,12,22,1330,1,1,1,2.0,3,78220,M,,,78
201300035660,13,12,26,745,3,1,1,1.0,6,78486,M,,,78
201300035661,13,1,10,1030,1,2,3,2.0,6,78545,M,4880483.0,205650.0,78
201300035662,13,2,14,900,1,1,1,1.0,3,78073,M,,,78
201300035663,13,3,5,1550,1,2,1,1.0,6,78545,M,,,78
201300035664,13,3,8,930,1,2,3,1.0,7,78242,M,,,78
201300035665,13,5,3,1050,1,2,9,1.0,1,78545,M,,,78
201300035666,13,6,25,1630,1,2,1,1.0,1,78073,M,,,78
201300035667,13,7,13,2130,1,2,3,1.0,3,78545,M,,,78
201300035668,13,9,16,1055,1,2,3,1.0,3,78545,M,,,78
201300035669,13,10,10,900,1,2,1,7.0,6,78073,M,,,78
201300035670,13,10,8,905,1,2,2,1.0,3,78242,M,,,78
201300035671,13,11,20,855,1,2,2,7.0,6,78545,M,,,78
201300035672,13,11,23,1810,4,2,1,1.0,4,78545,M,,,78
201300035673,13,1,4,130,3,1,1,1.0,6,78551,M,,,78
201300035674,13,1,11,750,5,2,1,1.0,6,78551,M,4889737.0,206872.0,78
201300035675,13,1,14,855,2,2,1,1.0,6,78481,M,4889788.0,210676.0,78
201300035676,13,1,24,805,3,1,1,1.0,1,78551,M,4894344.0,209518.0,78
201300035677,13,1,30,1650,1,1,1,1.0,6,78551,M,4895242.0,209315.0,78
201300035678,13,2,16,1145,1,2,3,1.0,3,78551,M,4889939.0,208956.0,78
201300035679,13,4,7,1730,1,2,1,1.0,6,78551,M,,,78
201300035680,13,4,18,230,5,2,2,1.0,3,78133,M,,,78
201300035681,13,5,31,1215,1,1,1,1.0,6,78551,M,,,78
201300035682,13,6,13,810,1,1,1,1.0,4,78551,M,,,78
201300035683,13,6,22,45,4,1,1,3.0,2,78551,M,,,78
201300035684,13,6,24,2155,1,1,1,1.0,6,78551,M,,,78
201300035685,13,7,7,1930,1,1,1,1.0,3,78551,M,,,78
201300035686,13,7,20,1015,1,2,1,1.0,6,78551,M,,,78
201300035687,13,7,20,2300,3,1,1,1.0,6,78551,M,,,78
201300035688,13,8,24,255,3,2,3,1.0,3,78551,M,,,78
201300035689,13,7,1,1935,1,1,3,1.0,3,78133,M,,,78
201300035690,13,11,21,1745,3,2,8,2.0,6,78481,M,,,78
201300035691,13,1,14,1320,1,2,3,1.0,6,78586,M,4894307.0,218088.0,78
201300035692,13,1,11,1910,5,2,2,2.0,6,78586,M,4894254.0,219416.0,78
201300035693,13,1,14,1220,1,2,2,1.0,3,78586,M,4893376.0,215121.0,78
201300035694,13,1,18,915,1,2,1,1.0,3,78586,M,4893510.0,215334.0,78
201300035695,13,2,6,730,5,2,4,2.0,6,78586,M,4894469.0,217256.0,78
201300035696,13,2,18,845,1,2,3,7.0,3,78586,M,4893085.0,215581.0,78
201300035697,13,4,16,1720,1,2,1,1.0,6,78586,M,,,78
201300035698,13,2,25,1145,1,2,1,2.0,6,78586,M,4894617.0,217174.0,78
201300035699,13,2,20,1040,1,2,2,1.0,3,95018,M,4894610.0,220620.0,95
201300035700,13,6,5,1725,1,2,1,1.0,6,78586,M,,,78
201300035701,13,5,17,2155,5,2,2,1.0,3,78586,M,,,78
201300035702,13,4,13,1445,1,2,2,1.0,3,78586,M,,,78
201300035703,13,6,23,710,1,2,2,1.0,7,78586,M,,,78
201300035704,13,8,3,1730,1,2,1,7.0,7,78586,M,,,78
201300035705,13,8,12,2130,1,2,3,1.0,7,78586,M,,,78
201300035706,13,6,26,1850,1,2,1,1.0,3,78586,M,,,78
201300035707,13,9,10,1715,1,2,1,1.0,6,78586,M,,,78
201300035708,13,9,12,445,5,2,1,2.0,2,78586,M,,,78
201300035709,13,9,16,1145,1,2,1,2.0,7,78586,M,,,78
201300035710,13,10,11,1855,1,2,1,1.0,6,78586,M,,,78
201300035711,13,10,17,1725,1,2,1,1.0,6,78586,M,,,78
201300035712,13,10,18,1035,1,2,2,1.0,3,78586,M,,,78
201300035713,13,7,10,1530,1,2,6,1.0,3,78586,M,,,78
201300035714,13,11,23,1400,1,2,1,1.0,3,78586,M,,,78
201300035715,13,12,2,820,5,2,3,1.0,7,78586,M,,,78
201300035716,13,12,21,1410,1,2,1,9.0,6,78586,M,,,78
201300035717,13,1,17,900,1,2,1,2.0,4,78621,M,4878475.0,198919.0,78
201300035718,13,1,31,700,2,2,1,2.0,6,78621,M,,,78
201300035719,13,2,8,1945,5,2,1,1.0,6,78621,M,,,78
201300035720,13,2,6,740,2,2,2,2.0,6,78621,M,4877756.0,197688.0,78
201300035721,13,5,4,2045,1,2,1,1.0,1,78621,M,,,78
201300035722,13,6,7,810,1,1,1,1.0,2,78621,M,,,78
201300035723,13,6,21,755,1,2,3,1.0,2,78621,M,,,78
201300035724,13,9,27,1646,1,2,1,1.0,4,78621,M,,,78
201300035725,13,10,15,730,5,2,1,1.0,3,78621,M,,,78
201300035726,13,12,15,1230,1,2,3,1.0,6,78621,M,,,78
201300035727,13,1,15,1620,1,2,1,8.0,6,78640,M,4878167.0,219732.0,78
201300035728,13,2,20,745,2,2,3,1.0,3,78322,M,4876462.0,217079.0,78
201300035729,13,3,24,1710,1,2,2,1.0,3,78640,M,4878481.0,216913.0,78
201300035730,13,10,23,1615,1,2,1,1.0,6,78686,M,,,78
201300035731,13,11,13,925,1,2,1,1.0,3,78686,M,,,78
201300035732,13,11,22,1455,1,2,1,1.0,6,78640,M,,,78
201300035733,13,10,29,330,5,1,1,5.0,6,78322,M,,,78
201300035734,13,12,29,1215,1,2,3,1.0,6,78686,M,,,78
201300035735,13,3,28,1730,1,2,1,1.0,6,78640,M,,,78
201300035736,13,4,6,2010,1,2,1,1.0,6,78640,M,,,78
201300035737,13,4,11,1300,1,2,1,8.0,6,78640,M,,,78
201300035738,13,4,17,705,2,2,1,8.0,2,78640,M,,,78
201300035739,13,4,23,1615,1,2,1,1.0,6,78640,M,,,78
201300035740,13,4,25,955,1,2,1,1.0,6,78640,M,,,78
201300035741,13,5,16,150,3,1,1,1.0,7,78640,M,,,78
201300035742,13,6,13,1325,1,2,1,3.0,3,78686,M,,,78
201300035743,13,6,28,1445,1,2,1,1.0,6,78640,M,,,78
201300035744,13,8,12,2245,5,2,4,1.0,7,78640,M,,,78
201300035745,13,8,17,2235,5,2,1,1.0,7,78686,M,,,78
201300035746,13,8,18,240,5,2,3,1.0,7,78640,M,,,78
201300035747,13,10,3,900,1,2,3,1.0,3,78686,M,,,78
201300035748,13,7,23,2015,1,2,1,1.0,7,78640,M,,,78
201300035749,13,12,16,1105,1,1,1,1.0,7,78640,M,,,78
201300035750,13,12,11,1405,1,1,1,1.0,1,78322,M,,,78
201300035751,13,12,20,950,1,2,3,7.0,6,78686,M,,,78
201300035752,13,10,2,920,1,1,1,1.0,6,78322,M,,,78
201300035753,13,1,14,1830,5,2,6,4.0,6,78646,M,4880876.0,215555.0,78
201300035754,13,10,10,1410,1,2,1,2.0,6,78646,M,,,78
201300035755,13,1,30,910,1,2,3,2.0,6,78646,M,4880634.0,212806.0,78
201300035756,13,1,30,835,1,2,1,2.0,6,78646,M,4881326.0,214488.0,78
201300035757,13,2,8,740,2,2,1,1.0,3,78646,M,4879432.0,214154.0,78
201300035758,13,3,1,1630,1,2,6,1.0,3,78646,M,4880954.0,212555.0,78
201300035759,13,3,5,925,1,2,2,1.0,6,78646,M,4880647.0,214916.0,78
201300035760,13,4,7,1045,1,1,1,1.0,5,78524,M,,,78
201300035761,13,4,17,1420,1,2,1,1.0,6,78646,M,4879619.0,212889.0,78
201300035762,13,6,2,1425,1,2,1,1.0,6,78646,M,,,78
201300035763,13,6,27,1000,1,2,1,1.0,6,78646,M,,,78
201300035764,13,7,15,1840,1,2,1,1.0,6,78646,M,,,78
201300035765,13,9,26,1717,1,2,1,1.0,3,78646,M,,,78
201300035766,13,10,12,2345,5,2,2,1.0,3,78646,M,,,78
201300035767,13,10,16,1600,1,2,1,2.0,7,78158,M,,,78
201300035768,13,9,16,1615,1,2,1,2.0,6,78158,M,,,78
201300035769,13,8,31,1020,1,2,2,1.0,6,78646,M,,,78
201300035770,13,9,15,1200,1,2,3,1.0,2,78646,M,,,78
201300035771,13,9,21,1840,1,2,1,9.0,2,78158,M,,,78
201300035772,13,9,13,1905,1,2,1,1.0,6,78646,M,,,78
201300035773,13,10,16,1530,1,2,3,2.0,6,78646,M,,,78
201300035774,13,9,30,1915,1,2,1,1.0,6,78646,M,,,78
201300035775,13,11,11,1840,5,2,2,9.0,3,78646,M,,,78
201300035776,13,11,19,1750,5,2,1,1.0,6,78646,M,,,78
201300035777,13,10,12,1215,1,2,1,1.0,6,78646,M,,,78
201300035778,13,10,18,1920,5,2,6,1.0,3,78158,M,,,78
201300035779,13,10,24,735,5,2,3,1.0,6,78646,M,,,78
201300035780,13,9,18,1330,1,2,6,1.0,6,78646,M,,,78
201300035781,13,11,4,1950,5,2,1,1.0,6,78646,M,,,78
201300035782,13,11,17,15,5,2,2,9.0,3,78646,M,,,78
201300035783,13,11,26,1730,5,2,1,1.0,3,78646,M,,,78
201300035784,13,12,12,1005,1,2,1,9.0,6,78646,M,,,78
201300035785,13,12,8,1455,1,2,1,1.0,6,78158,M,,,78
201300035786,13,10,8,1820,1,2,2,1.0,6,78418,M,,,78
201300035787,13,6,19,1700,1,2,9,1.0,3,78146,M,,,78
201300035788,13,9,1,1740,1,2,1,1.0,3,78650,M,,,78
201300035789,13,9,21,1755,1,2,2,1.0,6,78146,M,,,78
201300035790,13,6,1,1940,1,2,6,1.0,6,78146,M,,,78
201300035791,13,6,19,1355,1,2,1,1.0,1,78146,M,,,78
201300035792,13,1,19,30,5,2,6,8.0,6,79191,M,,,79
201300035793,13,1,10,755,5,2,1,2.0,7,79191,M,,,79
201300035794,13,1,16,750,5,2,6,4.0,7,79191,M,,,79
201300035795,13,1,15,1825,5,2,1,1.0,7,79191,M,,,79
201300035796,13,2,20,1720,1,2,6,1.0,3,79191,M,,,79
201300035797,13,1,18,405,3,2,1,1.0,7,79191,M,,,79
201300035798,13,2,19,2150,5,2,2,1.0,3,79191,M,,,79
201300035799,13,3,18,2000,5,2,3,1.0,3,79191,M,,,79
201300035800,13,1,28,750,2,2,2,1.0,3,79191,M,,,79
201300035801,13,1,28,1935,5,2,2,1.0,3,79191,M,,,79
201300035802,13,4,5,1805,1,2,1,1.0,5,79191,M,,,79
201300035803,13,4,14,1850,1,2,2,1.0,2,79191,M,,,79
201300035804,13,1,31,1210,1,2,1,1.0,2,79191,M,,,79
201300035805,13,4,21,1955,2,2,2,1.0,3,79191,M,,,79
201300035806,13,2,8,1235,1,2,1,2.0,6,79191,M,,,79
201300035807,13,5,30,1455,1,2,1,2.0,3,79191,M,,,79
201300035808,13,6,5,1825,1,2,3,8.0,2,79191,M,,,79
201300035809,13,6,15,1605,1,2,1,1.0,7,79081,M,,,79
201300035810,13,2,23,1750,2,2,1,1.0,7,79191,M,,,79
201300035811,13,2,25,1010,1,2,9,1.0,6,79191,M,,,79
201300035812,13,8,22,1355,1,2,3,1.0,3,79191,M,,,79
201300035813,13,9,20,720,3,2,1,2.0,5,79191,M,,,79
201300035814,13,9,28,2155,5,2,1,1.0,3,79191,M,,,79
201300035815,13,3,24,1720,1,2,1,1.0,7,79191,M,,,79
201300035816,13,4,17,1720,1,2,2,1.0,3,79191,M,,,79
201300035817,13,11,19,955,1,2,1,1.0,7,79191,M,,,79
201300035818,13,11,26,1715,2,2,3,8.0,3,79191,M,,,79
201300035819,13,12,4,25,3,1,1,1.0,7,79191,M,,,79
201300035820,13,4,30,1730,1,2,1,1.0,7,79191,M,,,79
201300035821,13,12,26,2300,5,2,2,1.0,3,79191,M,,,79
201300035822,13,12,29,1540,1,2,1,7.0,7,79081,M,,,79
201300035823,13,5,24,1935,1,2,2,1.0,2,79191,M,,,79
201300035824,13,6,7,1540,1,2,1,8.0,4,79191,M,,,79
201300035825,13,6,15,1035,1,2,1,8.0,5,79191,M,,,79
201300035826,13,6,24,1250,1,2,3,1.0,7,79191,M,,,79
201300035827,13,6,26,1640,1,2,1,1.0,7,79191,M,,,79
201300035828,13,8,10,1715,1,2,1,1.0,6,79191,M,,,79
201300035829,13,8,15,1048,1,2,1,1.0,6,79191,M,,,79
201300035830,13,9,14,1210,1,2,1,2.0,7,79191,M,,,79
201300035831,13,9,23,950,1,2,1,1.0,7,79191,M,,,79
201300035832,13,10,25,1900,5,2,1,2.0,2,79191,M,,,79
201300035833,13,1,1,925,1,2,1,8.0,6,79300,M,,,79
201300035834,13,1,8,750,5,2,1,8.0,3,79300,M,,,79
201300035835,13,1,10,1800,5,2,1,2.0,2,79329,M,,,79
201300035836,13,1,18,810,5,2,1,4.0,7,79329,M,,,79
201300035837,13,2,2,250,5,2,3,8.0,6,79329,M,,,79
201300035838,13,2,8,1218,1,2,1,2.0,7,79329,M,,,79
201300035839,13,3,1,1750,1,2,3,1.0,3,79329,M,,,79
201300035840,13,3,6,1655,1,2,6,2.0,3,79329,M,,,79
201300035841,13,3,21,1747,1,1,1,2.0,6,79329,M,,,79