Num_Acc,an,mois,jour,hrmn,lum,agg,int,atm,col,com,gps,lat,long,dep
201300035842,13,4,17,1305,1,1,1,1.0,7,79259,M,,,79
201300035843,13,5,18,1810,1,2,3,3.0,6,79329,M,,,79
201300035844,13,5,25,1620,1,2,1,1.0,2,79329,M,,,79
201300035845,13,6,5,1035,1,2,1,1.0,3,79329,M,,,79
201300035846,13,6,13,1035,1,2,1,3.0,3,79329,M,,,79
201300035847,13,6,27,2020,1,2,1,1.0,6,79329,M,,,79
201300035848,13,6,30,820,1,2,1,1.0,7,79329,M,,,79
201300035849,13,7,12,1005,1,2,1,1.0,2,79329,M,,,79
201300035850,13,8,4,1815,1,2,1,1.0,7,79329,M,,,79
201300035851,13,8,20,1430,1,1,1,1.0,7,79259,M,,,79
201300035852,13,8,30,1215,1,2,1,1.0,6,79329,M,,,79
201300035853,13,9,2,2010,2,2,2,1.0,3,79329,M,,,79
201300035854,13,9,5,1210,1,2,3,1.0,5,79300,M,,,79
201300035855,13,9,9,1130,1,2,1,1.0,2,79329,M,,,79
201300035856,13,9,11,2307,3,1,6,8.0,7,79259,M,,,79
201300035857,13,10,3,1155,1,2,2,2.0,3,79329,M,,,79
201300035858,13,10,10,750,2,2,2,2.0,7,79329,M,,,79
201300035859,13,11,5,1202,2,2,6,2.0,3,79329,M,,,79
201300035860,13,11,6,1335,1,2,2,1.0,3,79329,M,,,79
201300035861,13,11,28,1010,1,2,1,1.0,6,79329,M,,,79
201300035862,13,11,30,1415,1,1,2,1.0,3,79259,M,,,79
201300035863,13,12,10,1810,5,2,1,1.0,3,79329,M,,,79
201300035864,13,12,28,1715,3,2,1,8.0,6,79329,M,,,79
201300035865,13,12,18,1335,1,2,6,1.0,3,80001,M,5010406.0,182794.0,80
201300035866,13,2,12,1830,5,2,1,1.0,6,80001,M,,,80
201300035867,13,6,5,2010,1,2,1,1.0,3,80001,M,,,80
201300035868,13,2,25,1445,1,2,5,1.0,3,80001,M,,,80
201300035869,13,6,12,1225,1,2,1,1.0,6,80001,M,,,80
201300035870,13,7,7,2130,1,2,1,1.0,3,80001,M,,,80
201300035871,13,9,5,915,1,2,1,7.0,6,80001,M,,,80
201300035872,13,9,20,855,1,2,2,7.0,3,80001,M,5010264.0,186439.0,80
201300035873,13,9,23,1930,5,2,1,1.0,3,80001,M,,,80
201300035874,13,9,18,1645,1,2,3,1.0,3,80001,M,5010350.0,182620.0,80
201300035875,13,10,22,1325,1,2,2,1.0,3,80001,M,5010207.0,185809.0,80
201300035876,13,10,27,1805,5,2,1,1.0,6,80001,M,5010272.0,183801.0,80
201300035877,13,1,4,1940,5,2,3,1.0,1,80021,M,4990064.0,226945.0,80
201300035878,13,1,3,1450,1,1,1,1.0,5,80379,M,,,80
201300035879,13,1,1,1220,1,1,1,1.0,7,80021,M,,,80
201300035880,13,1,8,1830,5,2,3,1.0,3,80021,M,4987790.0,228934.0,80
201300035881,13,1,10,820,2,2,1,1.0,2,80021,M,4991350.0,228117.0,80
201300035882,13,1,9,1340,1,2,1,2.0,6,80131,M,,,80
201300035883,13,1,11,815,2,2,2,1.0,3,80674,M,4990243.0,232268.0,80
201300035884,13,1,14,1645,1,2,3,2.0,6,80021,M,4987929.0,229655.0,80
201300035885,13,1,16,1250,1,2,1,1.0,3,80021,M,4990159.0,228793.0,80
201300035886,13,1,16,1330,1,2,2,1.0,3,80021,M,4991162.0,230975.0,80
201300035887,13,1,16,1630,1,2,3,1.0,3,80021,M,4989242.0,228442.0,80
201300035888,13,1,20,1850,5,2,1,4.0,6,80021,M,4990979.0,231764.0,80
201300035889,13,1,17,1320,1,2,2,1.0,3,80021,M,4990317.0,231568.0,80
201300035890,13,1,25,1340,1,2,1,1.0,2,80021,M,,,80
201300035891,13,1,28,1130,1,2,1,1.0,2,80021,M,4988376.0,232400.0,80
201300035892,13,1,29,1755,5,2,1,2.0,3,80021,M,4988653.0,230704.0,80
201300035893,13,2,2,1000,1,2,1,1.0,6,80261,M,4986586.0,227795.0,80
201300035894,13,2,4,1850,5,2,2,1.0,3,80021,M,4989618.0,230007.0,80
201300035895,13,2,5,1710,1,2,1,1.0,4,80021,M,4988780.0,228522.0,80
201300035896,13,2,4,1855,5,2,1,1.0,3,80021,M,4990251.0,227689.0,80
201300035897,13,2,6,2040,5,2,1,2.0,1,80021,M,4989721.0,228950.0,80
201300035898,13,2,6,753,1,2,3,1.0,3,80021,M,4988586.0,228634.0,80
201300035899,13,2,8,745,2,2,1,1.0,6,80021,M,4987250.0,231909.0,80
201300035900,13,2,7,1820,5,2,4,1.0,3,80632,M,4988036.0,225675.0,80
201300035901,13,2,12,1340,1,2,1,1.0,6,80021,M,4991552.0,230256.0,80
201300035902,13,2,15,1930,5,2,4,1.0,3,80021,M,4989651.0,228887.0,80
201300035903,13,2,15,750,1,1,1,1.0,2,80164,M,,,80
201300035904,13,2,20,1220,1,2,6,1.0,3,80021,M,,,80
201300035905,13,2,20,1310,1,2,1,1.0,3,80021,M,,,80
201300035906,13,2,27,1630,1,2,2,1.0,3,80021,M,4991050.0,231518.0,80
201300035907,13,2,27,1300,1,2,2,1.0,3,80021,M,4988502.0,230947.0,80
201300035908,13,2,28,1310,1,2,1,1.0,3,80489,M,4986747.0,236277.0,80
201300035909,13,3,2,1625,1,2,1,1.0,4,80021,M,4988032.0,230493.0,80
201300035910,13,3,4,1655,1,2,1,1.0,6,80021,M,4991635.0,230662.0,80
201300035911,13,3,4,1735,1,2,6,1.0,6,80021,M,4987083.0,230707.0,80
201300035912,13,3,4,1805,1,2,2,1.0,3,80021,M,4987761.0,228637.0,80
201300035913,13,3,5,1950,5,2,1,1.0,6,80021,M,4988600.0,228793.0,80
201300035914,13,3,6,920,1,1,1,1.0,7,80164,M,,,80
201300035915,13,3,4,1450,1,2,1,1.0,6,80021,M,4989417.0,229919.0,80
201300035916,13,3,9,30,5,2,2,1.0,6,80021,M,4989229.0,230771.0,80
201300035917,13,3,9,2320,5,2,1,1.0,6,80021,M,4991966.0,226897.0,80
201300035918,13,3,11,955,1,2,1,4.0,2,80021,M,,,80
201300035919,13,3,11,1705,1,2,1,1.0,4,80021,M,4987910.0,229999.0,80
201300035920,13,3,18,2115,5,2,2,2.0,3,80021,M,4989788.0,229548.0,80
201300035921,13,3,17,2050,5,2,2,1.0,3,80021,M,4990161.0,228413.0,80
201300035922,13,3,19,950,1,2,2,1.0,3,80021,M,4989536.0,230619.0,80
201300035923,13,3,24,1655,1,2,1,1.0,3,80021,M,4987807.0,230543.0,80
201300035924,13,3,26,835,1,2,1,1.0,6,80021,M,4989549.0,228335.0,80
201300035925,13,3,28,1705,1,2,1,1.0,6,80160,M,4985869.0,234690.0,80
201300035926,13,3,28,1545,1,2,2,1.0,3,80021,M,4988537.0,229705.0,80
201300035927,13,4,2,1555,1,2,1,1.0,3,80021,M,4991324.0,231264.0,80
201300035928,13,4,3,1120,1,2,1,1.0,3,80021,M,4991704.0,225730.0,80
201300035929,13,4,4,1818,1,2,2,1.0,6,80021,M,4988970.0,230271.0,80
201300035930,13,4,7,820,1,1,1,1.0,6,80131,M,,,80
201300035931,13,4,5,1645,1,1,1,1.0,6,80021,M,4986827.0,228135.0,80
201300035932,13,4,8,1730,1,2,1,1.0,6,80021,M,4990332.0,229538.0,80
201300035933,13,4,11,2205,5,2,1,1.0,6,80021,M,4990928.0,231639.0,80
201300035934,13,4,12,1555,1,2,3,1.0,3,80021,M,4990827.0,231223.0,80
201300035935,13,4,12,1425,1,2,1,1.0,3,80021,M,4988857.0,230399.0,80
201300035936,13,4,12,1215,1,2,1,1.0,3,80021,M,4987914.0,233520.0,80
201300035937,13,4,15,830,1,2,6,1.0,3,80725,M,,,80
201300035938,13,4,16,1420,1,2,1,1.0,6,80261,M,4986585.0,227795.0,80
201300035939,13,4,17,430,5,2,1,2.0,3,80021,M,4989988.0,231320.0,80
201300035940,13,4,19,19,5,2,6,1.0,6,80021,M,4989316.0,228609.0,80
201300035941,13,4,17,1815,1,2,1,1.0,3,80021,M,4988061.0,233175.0,80
201300035942,13,4,17,1600,1,1,2,1.0,3,80021,M,4991086.0,231575.0,80
201300035943,13,4,29,2300,5,2,1,1.0,1,80725,M,4987306.0,226400.0,80
201300035944,13,4,25,1850,1,2,2,1.0,3,80489,M,4987077.0,236310.0,80
201300035945,13,4,22,1710,1,2,3,1.0,3,80021,M,4989432.0,230990.0,80
201300035946,13,4,18,1635,1,2,6,1.0,3,80379,M,4986286.0,237755.0,80
201300035947,13,4,24,2230,5,1,3,1.0,3,80131,M,,,80
201300035948,13,5,2,1505,1,2,1,1.0,6,80164,M,4989972.0,234071.0,80
201300035949,13,5,4,1545,1,2,1,1.0,3,80489,M,4986992.0,234855.0,80
201300035950,13,5,3,1850,1,2,1,1.0,4,80021,M,4987977.0,227544.0,80
201300035951,13,5,3,845,1,2,3,1.0,3,80021,M,4987083.0,229512.0,80
201300035952,13,5,6,1700,1,2,1,1.0,2,80021,M,4987344.0,228112.0,80
201300035953,13,5,12,1200,1,2,3,1.0,3,80021,M,4991239.0,230983.0,80
201300035954,13,5,10,1130,1,2,3,1.0,3,80021,M,4990149.0,230649.0,80
201300035955,13,5,10,1200,1,1,1,2.0,1,80021,M,,,80
201300035956,13,5,14,1650,1,2,1,1.0,6,80021,M,4989535.0,230632.0,80
201300035957,13,5,20,1436,1,2,6,2.0,3,80489,M,4986799.0,237336.0,80
201300035958,13,5,16,1635,1,2,3,3.0,3,80164,M,,,80
201300035959,13,5,17,1340,1,2,1,1.0,7,80674,M,4990190.0,232698.0,80
201300035960,13,5,22,1655,1,2,1,1.0,6,80021,M,4989623.0,230293.0,80
201300035961,13,5,22,1836,1,2,1,1.0,6,80021,M,4988462.0,232132.0,80
201300035962,13,5,24,1125,1,2,1,2.0,2,80021,M,4990210.0,230029.0,80
201300035963,13,5,24,1650,1,2,1,1.0,3,80021,M,,,80
201300035964,13,5,27,1630,1,2,3,1.0,3,80489,M,4986802.0,235539.0,80
201300035965,13,6,2,2002,1,1,1,1.0,6,80021,M,,,80
201300035966,13,5,31,800,1,2,2,1.0,6,80021,M,4988086.0,231340.0,80
201300035967,13,6,3,1755,1,2,1,1.0,2,80021,M,4991457.0,225605.0,80
201300035968,13,6,4,1235,1,2,1,1.0,3,80021,M,4991576.0,224808.0,80
201300035969,13,6,6,1950,1,2,1,2.0,6,80021,M,4988920.0,230528.0,80
201300035970,13,6,6,740,1,2,1,1.0,2,80021,M,4991236.0,224547.0,80
201300035971,13,6,8,2225,1,1,1,1.0,7,80021,M,,,80
201300035972,13,6,8,1,5,2,1,1.0,5,80379,M,4986543.0,239119.0,80
201300035973,13,6,7,1700,1,2,1,1.0,4,80261,M,,,80
201300035974,13,6,10,1640,1,2,3,1.0,6,80021,M,4987029.0,232731.0,80
201300035975,13,6,10,850,1,2,3,1.0,3,80021,M,4989620.0,230008.0,80
201300035976,13,6,11,1635,1,2,1,1.0,6,80021,M,4988026.0,231111.0,80
201300035977,13,6,11,930,1,2,1,1.0,2,80021,M,4989015.0,229018.0,80
201300035978,13,6,14,1025,1,2,3,1.0,3,80021,M,4989644.0,229287.0,80
201300035979,13,6,14,1345,1,1,1,1.0,2,80021,M,,,80
201300035980,13,6,17,1025,1,1,2,2.0,2,80131,M,,,80
201300035981,13,6,19,1825,1,1,2,1.0,3,80131,M,,,80
201300035982,13,6,20,2225,3,1,1,1.0,1,80164,M,4990127.0,235249.0,80
201300035983,13,6,20,600,1,2,2,1.0,3,80021,M,4988650.0,229968.0,80
201300035984,13,6,22,845,1,2,1,1.0,1,80021,M,4989504.0,229340.0,80
201300035985,13,6,23,40,5,2,1,1.0,3,80021,M,4989549.0,230556.0,80
201300035986,13,6,25,2015,1,2,6,1.0,2,80021,M,4990737.0,230212.0,80
201300035987,13,6,25,1330,1,2,1,1.0,6,80021,M,4990360.0,230688.0,80
201300035988,13,6,27,1605,1,2,1,1.0,3,80021,M,4988092.0,233581.0,80
201300035989,13,7,3,1410,1,2,1,8.0,3,80021,M,4988239.0,231883.0,80
201300035990,13,7,4,945,1,2,1,1.0,2,80021,M,4989822.0,230569.0,80
201300035991,13,7,4,1140,1,1,2,1.0,3,80724,M,,,80
201300035992,13,7,5,1040,1,2,1,1.0,4,80021,M,4990859.0,228466.0,80
201300035993,13,7,8,1655,1,2,1,1.0,3,80256,M,,,80
201300035994,13,7,8,1715,1,2,1,7.0,3,80489,M,4987484.0,235407.0,80
201300035995,13,7,12,2135,5,2,1,1.0,6,80021,M,4987845.0,227253.0,80
201300035996,13,7,10,1420,1,2,6,1.0,3,80021,M,,,80
201300035997,13,7,11,545,1,2,1,1.0,6,80021,M,4990984.0,229778.0,80
201300035998,13,7,11,1905,1,2,1,1.0,3,80021,M,4990838.0,232392.0,80
201300035999,13,7,12,1200,1,2,1,1.0,3,80021,M,4989763.0,229649.0,80
201300036000,13,7,14,1915,1,2,6,1.0,3,80021,M,,,80
201300036001,13,7,17,1200,1,2,1,1.0,2,80021,M,4989845.0,229273.0,80
201300036002,13,7,20,1130,1,2,3,1.0,3,80021,M,4991042.0,229687.0,80
201300036003,13,7,20,1610,1,2,1,1.0,2,80261,M,4986191.0,227785.0,80
201300036004,13,7,20,2030,1,2,1,1.0,6,80021,M,4988679.0,228847.0,80
201300036005,13,7,20,1725,1,2,2,1.0,3,80021,M,4990318.0,231550.0,80
201300036006,13,7,22,1833,1,2,1,1.0,6,80021,M,4988740.0,230310.0,80
201300036007,13,7,22,1725,1,2,1,1.0,2,80021,M,4989695.0,226380.0,80
201300036008,13,8,1,145,5,2,1,1.0,6,80021,M,4987932.0,229075.0,80
201300036009,13,7,29,1340,1,2,1,1.0,3,80261,M,4986191.0,227785.0,80
201300036010,13,8,8,2035,1,2,1,1.0,1,80021,M,4990403.0,230852.0,80
201300036011,13,8,8,1900,1,2,1,1.0,6,80489,M,4987142.0,236472.0,80
201300036012,13,8,13,1220,1,1,1,1.0,6,80164,M,,,80
201300036013,13,8,10,140,5,2,1,1.0,6,80021,M,4989603.0,230366.0,80
201300036014,13,8,9,1400,1,2,2,1.0,3,80021,M,4989792.0,229537.0,80
201300036015,13,8,14,2010,1,2,1,1.0,6,80021,M,,,80
201300036016,13,8,20,1818,1,2,1,1.0,3,80021,M,4988551.0,231168.0,80
201300036017,13,8,19,900,1,1,1,1.0,6,80021,M,,,80
201300036018,13,8,22,855,1,2,1,1.0,2,80021,M,4987908.0,230072.0,80
201300036019,13,8,23,2130,3,1,2,1.0,3,80724,M,,,80
201300036020,13,8,25,1515,1,2,2,2.0,3,80021,M,4988316.0,231521.0,80
201300036021,13,8,28,1045,1,2,1,1.0,2,80164,M,,,80
201300036022,13,8,27,1420,1,2,3,1.0,3,80021,M,4989032.0,229089.0,80
201300036023,13,8,31,1915,1,2,3,1.0,3,80021,M,4989452.0,229573.0,80
201300036024,13,8,29,1715,1,2,1,1.0,3,80021,M,,,80
201300036025,13,9,2,845,1,2,6,1.0,3,80021,M,4989871.0,229024.0,80
201300036026,13,9,3,830,1,2,1,1.0,2,80021,M,,,80
201300036027,13,9,3,1940,2,2,1,1.0,2,80021,M,4989449.0,230938.0,80
201300036028,13,9,2,1420,1,2,1,1.0,2,80021,M,4987745.0,231256.0,80
201300036029,13,9,2,845,1,2,1,1.0,3,80021,M,4991545.0,229434.0,80
201300036030,13,9,5,1345,1,2,1,1.0,3,80021,M,4987939.0,228345.0,80
201300036031,13,9,4,1903,1,2,1,1.0,3,80489,M,4987653.0,235148.0,80
201300036032,13,9,6,1510,1,2,1,3.0,3,80021,M,4990708.0,231923.0,80
201300036033,13,9,8,1240,1,2,1,1.0,1,80021,M,4990257.0,230270.0,80
201300036034,13,9,10,1725,1,1,1,1.0,7,80021,M,,,80
201300036035,13,9,9,1410,1,2,1,1.0,6,80489,M,4986999.0,235535.0,80
201300036036,13,9,11,1825,1,2,1,1.0,3,80021,M,4987480.0,228576.0,80
201300036037,13,9,14,530,5,2,1,2.0,6,80021,M,4987526.0,227866.0,80
201300036038,13,9,13,1645,1,2,1,1.0,6,80021,M,4989687.0,228229.0,80
201300036039,13,9,15,1355,1,2,1,1.0,1,80021,M,4987608.0,227572.0,80
201300036040,13,9,19,2110,5,2,1,1.0,6,80021,M,4990655.0,230295.0,80
201300036041,13,9,18,1405,1,2,6,1.0,2,80021,M,,,80
201300036042,13,9,17,1430,1,2,6,1.0,3,80379,M,,,80
201300036043,13,9,19,750,1,2,1,1.0,3,80021,M,4988859.0,230306.0,80
201300036044,13,9,20,2030,3,1,1,1.0,2,80021,M,,,80
201300036045,13,9,20,755,1,2,1,1.0,3,80021,M,4989573.0,230999.0,80
201300036046,13,9,20,910,1,2,6,1.0,3,80021,M,4989672.0,230042.0,80
201300036047,13,9,27,900,1,1,1,1.0,5,80674,M,,,80
201300036048,13,9,27,1400,1,2,1,1.0,6,80021,M,4987042.0,233162.0,80
201300036049,13,9,29,1715,1,1,1,1.0,7,80021,M,,,80
201300036050,13,9,30,1615,1,2,3,1.0,3,80021,M,4990851.0,230446.0,80
201300036051,13,9,30,2210,5,2,1,1.0,6,80021,M,4990183.0,230478.0,80
201300036052,13,9,26,1450,1,2,1,1.0,3,80021,M,4989092.0,232468.0,80
201300036053,13,9,27,2000,2,2,1,1.0,6,80021,M,4990484.0,227346.0,80
201300036054,13,10,2,1530,1,2,1,1.0,3,80021,M,4990810.0,232281.0,80
201300036055,13,10,7,1735,1,2,6,1.0,2,80021,M,4987259.0,231901.0,80
201300036056,13,10,7,810,2,2,1,5.0,3,80021,M,4988883.0,228991.0,80
201300036057,13,10,10,1850,2,2,2,1.0,3,80021,M,4988467.0,231953.0,80
201300036058,13,10,8,800,1,2,1,5.0,4,80021,M,4990046.0,226915.0,80
201300036059,13,10,8,950,1,2,5,1.0,3,80021,M,4988387.0,228245.0,80
201300036060,13,10,8,1650,1,2,1,1.0,6,80021,M,4989153.0,230264.0,80
201300036061,13,10,9,810,1,2,1,1.0,2,80021,M,4987076.0,230862.0,80
201300036062,13,10,9,748,2,2,1,1.0,6,80021,M,,,80
201300036063,13,10,8,905,1,2,1,5.0,6,80021,M,4991401.0,232428.0,80
201300036064,13,10,14,1845,5,2,1,2.0,2,80021,M,4989794.0,229549.0,80
201300036065,13,10,22,1905,5,2,1,2.0,6,80021,M,4989451.0,230929.0,80
201300036066,13,10,22,1215,1,2,1,1.0,2,80021,M,4987119.0,230099.0,80
201300036067,13,10,24,1800,1,2,1,1.0,6,80021,M,4987578.0,227526.0,80
201300036068,13,10,25,1125,1,2,1,1.0,2,80021,M,4989371.0,228434.0,80
201300036069,13,11,5,1140,1,2,1,1.0,6,80021,M,4988337.0,231996.0,80
201300036070,13,10,25,1855,5,2,5,2.0,6,80021,M,4988171.0,228493.0,80
201300036071,13,11,2,1130,1,1,1,1.0,6,80379,M,,,80
201300036072,13,11,4,1200,1,2,1,2.0,2,80021,M,4987776.0,228775.0,80
201300036073,13,11,6,645,5,2,2,1.0,3,80021,M,,,80
201300036074,13,11,8,2200,3,1,1,2.0,6,80021,M,,,80
201300036075,13,11,7,1735,5,2,1,3.0,6,80021,M,4987688.0,232696.0,80
201300036076,13,11,12,1740,5,2,1,2.0,3,80021,M,4989128.0,228327.0,80
201300036077,13,11,12,1655,2,2,1,2.0,4,80021,M,4991622.0,227670.0,80
201300036078,13,11,7,1213,1,2,1,2.0,6,80021,M,4987603.0,231307.0,80
201300036079,13,11,6,1900,5,2,1,1.0,6,80021,M,4988926.0,229390.0,80
201300036080,13,11,12,1900,1,2,1,1.0,6,80021,M,4989170.0,230703.0,80
201300036081,13,11,13,1600,1,2,1,1.0,6,80021,M,4989309.0,230240.0,80
201300036082,13,11,13,2015,5,2,1,1.0,6,80021,M,4991441.0,232074.0,80
201300036083,13,11,20,743,1,2,1,1.0,6,80021,M,4990206.0,227256.0,80
201300036084,13,11,13,1645,1,2,1,1.0,6,80021,M,4988930.0,230546.0,80
201300036085,13,11,15,930,1,2,1,1.0,4,80021,M,4987971.0,227532.0,80
201300036086,13,11,21,1725,5,2,1,1.0,6,80021,M,,,80
201300036087,13,11,15,1510,1,2,1,1.0,6,80021,M,4987163.0,231925.0,80
201300036088,13,11,18,1555,1,2,1,1.0,2,80021,M,,,80
201300036089,13,11,22,905,1,2,1,1.0,4,80021,M,4987771.0,228278.0,80
201300036090,13,11,23,2100,5,2,1,1.0,3,80021,M,4987730.0,228273.0,80
201300036091,13,11,26,1620,1,2,1,8.0,6,80021,M,4987406.0,230653.0,80
201300036092,13,11,25,830,1,2,2,1.0,6,80021,M,4988855.0,230299.0,80
201300036093,13,12,1,1,4,1,1,2.0,6,80021,M,,,80
201300036094,13,12,2,815,2,2,1,1.0,6,80021,M,4989061.0,229028.0,80
201300036095,13,11,30,1540,1,2,1,1.0,2,80379,M,,,80
201300036096,13,11,30,1735,5,2,1,1.0,3,80021,M,,,80
201300036097,13,12,4,1900,5,2,6,2.0,3,80021,M,4987548.0,228212.0,80
201300036098,13,12,7,1050,1,2,1,1.0,3,80021,M,4992403.0,230313.0,80
201300036099,13,12,7,1425,1,2,2,1.0,3,80725,M,4987068.0,226216.0,80
201300036100,13,12,10,1200,1,2,1,1.0,2,80021,M,4988922.0,230566.0,80
201300036101,13,12,11,1615,1,2,1,1.0,1,80021,M,4990046.0,226913.0,80
201300036102,13,12,11,1340,1,2,1,1.0,3,80021,M,4990492.0,227347.0,80
201300036103,13,12,11,1500,1,2,1,1.0,2,80021,M,4987665.0,231308.0,80
201300036104,13,12,9,1730,3,2,1,1.0,6,80021,M,4988154.0,232953.0,80
201300036105,13,12,12,1745,3,2,1,1.0,6,80021,M,4987660.0,232614.0,80
201300036106,13,12,13,800,5,2,2,1.0,6,80021,M,4990160.0,228416.0,80
201300036107,13,12,16,1040,1,2,1,1.0,3,80021,M,4989695.0,228272.0,80
201300036108,13,12,16,1430,1,2,1,1.0,2,80256,M,,,80
201300036109,13,12,16,1840,5,2,1,1.0,3,80725,M,4986845.0,224121.0,80
201300036110,13,12,13,845,1,1,1,5.0,1,80730,M,,,80
201300036111,13,12,18,1640,2,2,1,1.0,1,80021,M,4990567.0,228953.0,80
201300036112,13,12,23,2330,5,2,1,1.0,3,80021,M,4991965.0,226897.0,80
201300036113,13,12,21,1815,5,2,1,1.0,6,80489,M,4986766.0,235240.0,80
201300036114,13,12,20,855,1,2,1,1.0,2,80021,M,4989444.0,229237.0,80
201300036115,13,12,25,345,5,2,1,1.0,6,80021,M,4988737.0,231503.0,80
201300036116,13,12,24,1830,5,2,1,2.0,6,80021,M,4989790.0,229544.0,80
201300036117,13,12,29,1735,5,2,1,1.0,2,80021,M,4991593.0,230307.0,80
201300036118,13,12,27,1940,5,2,1,2.0,6,80021,M,4991362.0,230162.0,80
201300036119,13,12,27,1545,1,2,1,2.0,6,80021,M,4990444.0,228790.0,80
201300036120,13,3,9,1325,1,2,1,1.0,3,81004,M,4395040.0,215345.0,81
201300036121,13,5,30,1120,1,2,1,8.0,1,81004,M,,,81
201300036122,13,6,7,1050,1,2,1,1.0,3,81004,M,,,81
201300036123,13,6,23,1730,1,2,1,1.0,7,81018,M,,,81
201300036124,13,7,7,845,1,2,1,1.0,6,81004,M,,,81
201300036125,13,7,24,1010,1,1,1,1.0,1,81018,M,,,81
201300036126,13,10,11,1158,1,2,9,1.0,6,81004,M,,,81
201300036127,13,11,22,1505,1,1,1,2.0,6,81004,M,,,81
201300036128,13,11,29,836,1,2,1,1.0,6,81004,M,,,81
201300036129,13,8,20,930,1,2,1,1.0,6,81060,M,,,81
201300036130,13,10,30,1655,1,2,1,1.0,7,81060,M,,,81
201300036131,13,12,2,1830,1,2,2,1.0,3,81060,M,,,81
201300036132,13,12,13,1815,5,2,1,1.0,6,81060,M,,,81
201300036133,13,1,23,2100,3,1,3,2.0,3,81065,M,4361540.0,218202.0,81
201300036134,13,1,23,2215,5,2,1,2.0,7,81065,M,,,81
201300036135,13,2,17,900,1,2,3,1.0,2,81065,M,4362120.0,222305.0,81
201300036136,13,3,28,1715,1,1,3,1.0,3,81065,M,4365920.0,222102.0,81
201300036137,13,6,1,210,5,2,1,1.0,7,81065,M,,,81
201300036138,13,7,19,1215,1,1,1,1.0,2,81065,M,,,81
201300036139,13,8,3,1630,1,2,3,1.0,3,81065,M,,,81
201300036140,13,9,8,745,2,2,2,1.0,3,81065,M,,,81
201300036141,13,2,5,1745,2,2,2,2.0,3,81021,M,4350260.0,236581.0,81
201300036142,13,2,18,850,1,2,3,1.0,6,81163,M,4349020.0,237546.0,81
201300036143,13,2,21,1900,5,2,1,1.0,6,81163,M,,,81
201300036144,13,5,12,1730,1,2,1,1.0,6,81163,M,,,81
201300036145,13,6,15,1815,1,2,1,1.0,7,81021,M,,,81
201300036146,13,7,17,2025,1,1,1,1.0,7,81163,M,,,81
201300036147,13,7,1,1900,1,2,1,1.0,2,81021,M,,,81
201300036148,13,8,4,1750,1,2,2,1.0,3,81163,M,,,81
201300036149,13,10,1,1245,1,2,1,1.0,6,81163,M,,,81
201300036150,13,10,27,1055,1,2,1,1.0,6,81021,M,,,81
201300036151,13,10,30,1825,5,2,1,1.0,2,81163,M,,,81
201300036152,13,11,22,1750,5,2,1,3.0,6,81163,M,,,81
201300036153,13,12,6,1815,2,2,1,2.0,6,81163,M,,,81
201300036154,13,1,24,825,1,2,7,1.0,3,82033,M,,,82
201300036155,13,2,1,115,3,2,1,1.0,6,82033,M,,,82
201300036156,13,2,22,1740,1,1,1,1.0,1,82033,M,4408690.0,113560.0,82
201300036157,13,4,20,1915,1,2,1,1.0,2,82033,M,,,82
201300036158,13,4,25,1150,1,1,1,1.0,3,82033,M,,,82
201300036159,13,6,13,109,3,1,1,1.0,2,82033,M,,,82
201300036160,13,7,3,110,5,2,1,1.0,6,82033,M,,,82
201300036161,13,8,5,1645,1,2,3,1.0,5,82033,M,,,82
201300036162,13,8,7,1720,1,1,4,1.0,3,82033,M,,,82
201300036163,13,10,17,1335,1,1,1,1.0,1,82033,M,,,82
201300036164,13,10,30,1500,1,1,1,1.0,3,82033,M,,,82
201300036165,13,11,12,1845,3,1,1,8.0,4,82033,M,,,82
201300036166,13,1,14,1104,1,2,6,1.0,3,82121,M,4402720.0,134443.0,82
201300036167,13,1,9,905,1,1,1,1.0,5,82121,M,4401630.0,130895.0,82
201300036168,13,1,18,1950,5,2,6,2.0,3,82121,M,4401900.0,135964.0,82
201300036169,13,1,22,1434,1,2,1,1.0,3,82121,M,,,82
201300036170,13,1,20,205,4,2,2,1.0,3,82121,M,4402230.0,135558.0,82
201300036171,13,1,1,1600,1,1,1,1.0,7,82121,M,4399800.0,138102.0,82
201300036172,13,1,18,800,2,2,2,1.0,6,82121,M,4399050.0,139155.0,82
201300036173,13,1,30,1910,3,1,1,1.0,5,82121,M,,,82
201300036174,13,2,5,1820,2,2,6,2.0,3,82121,M,,,82
201300036175,13,2,6,1554,1,2,2,1.0,3,82121,M,,,82
201300036176,13,2,6,2120,5,2,3,1.0,3,82121,M,,,82