Num_Acc,an,mois,jour,hrmn,lum,agg,int,atm,col,com,gps,lat,long,dep
201300036177,13,2,18,1015,1,1,1,1.0,1,82121,M,,,82
201300036178,13,2,19,1925,5,2,2,1.0,3,82121,M,,,82
201300036179,13,3,11,1250,1,1,3,7.0,3,82121,M,,,82
201300036180,13,3,15,1132,1,2,3,1.0,6,82121,M,,,82
201300036181,13,3,20,2135,5,2,1,1.0,3,82121,M,,,82
201300036182,13,3,25,2230,5,2,1,1.0,2,82121,M,,,82
201300036183,13,3,30,1710,1,1,1,7.0,6,82121,M,4401550.0,131343.0,82
201300036184,13,3,31,2005,1,1,1,1.0,6,82121,M,4402730.0,131479.0,82
201300036185,13,3,28,1310,1,2,3,2.0,7,82121,M,4402360.0,136189.0,82
201300036186,13,5,19,1730,1,2,2,1.0,3,82121,M,,,82
201300036187,13,6,25,1635,1,1,1,7.0,1,82121,M,,,82
201300036188,13,6,28,308,5,2,1,1.0,6,82121,M,,,82
201300036189,13,7,9,1530,1,1,1,1.0,1,82121,M,,,82
201300036190,13,7,17,835,1,1,1,1.0,2,82121,M,,,82
201300036191,13,7,17,1010,1,2,1,1.0,6,82121,M,,,82
201300036192,13,8,11,340,3,1,1,1.0,7,82121,M,,,82
201300036193,13,8,13,940,1,2,2,1.0,6,82121,M,,,82
201300036194,13,8,14,1820,1,1,9,1.0,2,82121,M,,,82
201300036195,13,8,14,2035,1,2,1,7.0,6,82121,M,,,82
201300036196,13,8,16,1115,1,2,1,1.0,6,82121,M,,,82
201300036197,13,8,23,955,1,2,1,1.0,3,82121,M,,,82
201300036198,13,8,27,1753,1,2,2,1.0,3,82121,M,,,82
201300036199,13,8,28,1810,1,2,1,1.0,3,82121,M,,,82
201300036200,13,9,3,802,1,2,2,1.0,6,82121,M,,,82
201300036201,13,9,3,1930,1,2,1,1.0,6,82121,M,,,82
201300036202,13,9,4,1441,1,2,4,1.0,1,82121,M,,,82
201300036203,13,9,11,1535,1,2,1,1.0,6,82121,M,,,82
201300036204,13,9,25,1030,1,2,2,7.0,3,82121,M,,,82
201300036205,13,9,26,945,1,2,3,1.0,3,82121,M,,,82
201300036206,13,9,30,1710,1,2,7,1.0,3,82121,M,,,82
201300036207,13,10,2,1400,1,2,3,1.0,3,82121,M,,,82
201300036208,13,10,2,1708,1,2,1,1.0,1,82121,M,,,82
201300036209,13,10,4,955,1,2,6,3.0,7,82121,M,,,82
201300036210,13,10,5,1350,1,1,1,1.0,1,82121,M,,,82
201300036211,13,10,7,800,1,1,1,1.0,2,82121,M,,,82
201300036212,13,10,13,1700,1,2,1,1.0,3,82121,M,,,82
201300036213,13,10,14,1730,1,1,1,1.0,6,82121,M,,,82
201300036214,13,10,19,500,5,2,1,1.0,6,82121,M,,,82
201300036215,13,10,17,1835,1,1,3,1.0,7,82121,M,,,82
201300036216,13,10,26,1500,1,2,1,1.0,6,82121,M,,,82
201300036217,13,10,30,1820,5,2,1,1.0,3,82121,M,,,82
201300036218,13,11,12,1330,1,1,1,1.0,1,82121,M,,,82
201300036219,13,11,18,2210,4,2,2,1.0,3,82121,M,,,82
201300036220,13,10,31,1745,2,2,1,1.0,6,82121,M,,,82
201300036221,13,11,20,750,5,2,1,1.0,3,82121,M,,,82
201300036222,13,11,27,2210,5,2,1,1.0,3,82121,M,,,82
201300036223,13,11,28,2315,3,1,1,1.0,6,82121,M,,,82
201300036224,13,11,28,900,1,1,3,1.0,3,82121,M,,,82
201300036225,13,12,6,1345,1,2,1,1.0,6,82121,M,,,82
201300036226,13,12,23,1015,1,2,1,7.0,6,82121,M,,,82
201300036227,13,1,12,1500,1,2,3,1.0,3,83050,M,,,83
201300036228,13,1,14,1055,1,1,1,1.0,1,83050,M,,,83
201300036229,13,1,14,1810,5,2,1,1.0,6,83050,M,,,83
201300036230,13,1,31,835,1,2,1,1.0,6,83050,M,4353198.0,647265.0,83
201300036231,13,2,2,1340,1,2,1,1.0,3,83050,M,,,83
201300036232,13,2,14,855,1,1,1,7.0,2,83050,M,,,83
201300036233,13,3,29,2350,5,2,1,1.0,6,83050,M,4352656.0,645512.0,83
201300036234,13,5,7,725,1,1,3,1.0,3,83050,M,,,83
201300036235,13,5,13,1145,1,2,3,1.0,3,83050,M,,,83
201300036236,13,6,28,1655,1,1,1,1.0,1,83050,M,,,83
201300036237,13,7,4,700,1,1,1,1.0,2,83050,M,,,83
201300036238,13,7,13,1740,1,2,6,1.0,3,83050,M,,,83
201300036239,13,7,21,955,1,2,1,7.0,6,83050,M,,,83
201300036240,13,7,26,2025,1,2,1,1.0,3,83050,M,,,83
201300036241,13,8,12,2300,5,2,9,1.0,6,83141,M,,,83
201300036242,13,8,12,1620,1,1,1,1.0,2,83141,M,,,83
201300036243,13,8,20,1658,1,2,1,1.0,5,83141,M,,,83
201300036244,13,8,22,1630,1,1,2,1.0,3,83050,M,,,83
201300036245,13,9,6,740,1,2,1,1.0,7,83050,M,4352815.0,604809.0,83
201300036246,13,9,1,2050,5,2,1,1.0,3,83050,M,4353197.0,647071.0,83
201300036247,13,10,7,1910,5,2,1,2.0,6,83050,M,,,83
201300036248,13,10,19,1425,1,2,3,1.0,3,83050,M,4353562.0,645829.0,83
201300036249,13,10,23,1805,1,2,1,1.0,4,83050,M,,,83
201300036250,13,10,24,1805,1,2,1,1.0,6,83050,M,4353675.0,646416.0,83
201300036251,13,10,26,1415,1,2,1,1.0,6,83050,M,4353679.0,646357.0,83
201300036252,13,10,28,920,1,2,3,1.0,1,83050,M,4352841.0,647938.0,83
201300036253,13,11,2,2115,5,2,1,1.0,2,83050,M,,,83
201300036254,13,11,9,1440,1,2,1,1.0,3,83050,M,4354195.0,646056.0,83
201300036255,13,10,30,1755,1,2,1,1.0,4,83050,M,4352070.0,646870.0,83
201300036256,13,12,21,1525,1,2,4,2.0,7,83118,M,,,83
201300036257,13,12,19,1655,2,2,6,2.0,6,83061,M,4342619.0,676278.0,83
201300036258,13,1,22,935,1,2,1,7.0,6,83118,M,4342660.0,676833.0,83
201300036259,13,1,23,2220,5,2,1,8.0,2,83061,M,4342912.0,676199.0,83
201300036260,13,2,1,1725,1,1,1,1.0,3,83061,M,,,83
201300036261,13,2,15,1723,1,2,1,1.0,6,83061,M,4343360.0,673606.0,83
201300036262,13,2,21,1150,1,2,1,1.0,6,83118,M,,,83
201300036263,13,3,28,1050,1,2,1,2.0,6,83118,M,,,83
201300036264,13,3,9,125,3,1,1,2.0,7,83118,M,4345138.0,681538.0,83
201300036265,13,4,13,1300,1,2,1,1.0,2,83061,M,,,83
201300036266,13,4,20,1440,1,1,1,1.0,1,83061,M,,,83
201300036267,13,5,8,1000,1,2,6,1.0,2,83061,M,4342413.0,673090.0,83
201300036268,13,5,15,830,1,1,1,1.0,7,83061,M,,,83
201300036269,13,5,23,1415,1,2,1,1.0,6,83118,M,4343977.0,676745.0,83
201300036270,13,5,25,2020,5,2,1,1.0,6,83061,M,4345726.0,672016.0,83
201300036271,13,5,3,1500,1,2,1,1.0,3,83061,M,4343413.0,673395.0,83
201300036272,13,5,27,1900,1,1,1,1.0,5,83061,M,,,83
201300036273,13,5,31,720,1,2,1,1.0,6,83061,M,4338727.0,672241.0,83
201300036274,13,5,30,1015,1,1,1,1.0,6,83061,M,,,83
201300036275,13,6,2,135,5,2,1,1.0,6,83061,M,4342468.0,676041.0,83
201300036276,13,5,1,1635,1,2,1,1.0,6,83061,M,4343251.0,673337.0,83
201300036277,13,6,4,1915,1,1,1,1.0,1,83061,M,0.0,0.0,83
201300036278,13,5,31,1740,1,2,1,1.0,6,83118,M,4342808.0,676736.0,83
201300036279,13,6,15,20,5,2,1,1.0,6,83118,M,,,83
201300036280,13,6,23,1150,1,2,1,1.0,3,83118,M,,,83
201300036281,13,5,24,730,1,2,1,1.0,1,83118,M,4343543.0,685857.0,83
201300036282,13,7,1,1700,1,2,1,1.0,3,83061,M,,,83
201300036283,13,6,9,1240,1,2,1,1.0,3,83061,M,,,83
201300036284,13,7,18,1145,1,2,2,1.0,3,83118,M,4342835.0,676534.0,83
201300036285,13,7,26,1640,1,1,1,1.0,6,83061,M,,,83
201300036286,13,8,1,1050,1,2,1,1.0,3,83061,M,4343261.0,672514.0,83
201300036287,13,8,2,825,1,1,1,1.0,1,83061,M,,,83
201300036288,13,8,8,900,1,2,1,2.0,6,83118,M,,,83
201300036289,13,8,16,1410,1,1,1,1.0,1,83061,M,,,83
201300036290,13,8,24,1300,1,2,4,1.0,3,83061,M,4346621.0,672371.0,83
201300036291,13,7,29,1422,1,2,9,1.0,6,83118,M,,,83
201300036292,13,8,28,1047,1,2,1,1.0,3,83061,M,,,83
201300036293,13,8,7,1945,1,2,1,1.0,6,83118,M,4345392.0,680569.0,83
201300036294,13,8,28,1440,1,2,1,1.0,6,83118,M,4345091.0,680880.0,83
201300036295,13,9,24,1300,1,2,1,1.0,2,83118,M,4342783.0,677903.0,83
201300036296,13,9,25,1150,1,1,9,1.0,3,83061,M,,,83
201300036297,13,9,28,1310,1,1,1,1.0,2,83061,M,,,83
201300036298,13,9,28,2300,3,1,1,1.0,6,83118,M,,,83
201300036299,13,9,16,735,1,2,3,1.0,6,83061,M,,,83
201300036300,13,10,20,120,5,2,1,1.0,1,83118,M,4342740.0,678291.0,83
201300036301,13,10,17,955,1,2,3,1.0,5,83061,M,,,83
201300036302,13,9,20,1915,5,2,1,1.0,7,83118,M,4342228.0,677039.0,83
201300036303,13,11,15,2225,3,2,1,1.0,4,83061,M,,,83
201300036304,13,11,13,1620,1,2,1,1.0,6,83118,M,4342256.0,676595.0,83
201300036305,13,11,6,1515,1,2,6,1.0,3,83061,M,,,83
201300036306,13,11,22,1740,3,1,3,2.0,6,83061,M,,,83
201300036307,13,11,25,1725,3,1,1,1.0,3,83061,M,,,83
201300036308,13,11,27,1140,1,2,3,1.0,1,83061,M,4342365.0,674903.0,83
201300036309,13,10,10,1245,1,1,2,1.0,3,83061,M,,,83
201300036310,13,10,26,1330,1,1,1,1.0,6,83118,M,,,83
201300036311,13,11,12,1800,5,2,3,1.0,3,83061,M,4343430.0,673806.0,83
201300036312,13,11,29,855,1,2,1,1.0,6,83118,M,4342737.0,676701.0,83
201300036313,13,1,6,530,5,2,6,1.0,6,83069,M,,,83
201300036314,13,1,6,1750,2,1,3,1.0,3,83069,M,,,83
201300036315,13,1,16,2115,5,2,6,1.0,3,83069,M,4311763.0,612630.0,83
201300036316,13,1,17,2215,5,2,6,1.0,6,83034,M,,,83
201300036317,13,1,19,1315,1,2,6,2.0,3,83069,M,4311701.0,613462.0,83
201300036318,13,2,6,1910,5,2,6,1.0,7,83069,M,,,83
201300036319,13,2,4,735,2,1,3,1.0,3,83069,M,,,83
201300036320,13,3,26,1800,1,1,1,1.0,3,83069,M,,,83
201300036321,13,4,1,1700,2,2,3,2.0,3,83069,M,4312395.0,611184.0,83
201300036322,13,4,9,2100,3,1,3,1.0,3,83069,M,4312598.0,609325.0,83
201300036323,13,4,12,215,5,2,1,2.0,2,83069,M,,,83
201300036324,13,4,21,1015,1,2,1,1.0,3,83069,M,,,83
201300036325,13,4,28,1050,1,1,1,2.0,1,83069,M,,,83
201300036326,13,4,29,250,5,2,6,2.0,7,83069,M,,,83
201300036327,13,5,8,2110,5,2,2,1.0,3,83069,M,,,83
201300036328,13,5,12,1450,1,2,1,1.0,6,83069,M,,,83
201300036329,13,5,17,750,1,1,1,1.0,3,83069,M,0.0,0.0,83
201300036330,13,5,26,223,3,1,1,1.0,6,83069,M,4307998.0,612790.0,83
201300036331,13,5,31,142,5,1,1,1.0,6,83069,M,0.0,0.0,83
201300036332,13,6,15,2355,5,2,1,1.0,1,83069,M,,,83
201300036333,13,6,22,115,3,1,1,1.0,2,83069,M,,,83
201300036334,13,6,23,1605,1,1,1,1.0,1,83069,M,,,83
201300036335,13,6,23,1400,1,1,3,1.0,3,83069,M,,,83
201300036336,13,6,29,2303,3,1,1,1.0,7,83069,M,4311776.0,616593.0,83
201300036337,13,7,14,8,3,2,1,1.0,6,83069,M,,,83
201300036338,13,7,14,1540,1,1,3,1.0,3,83069,M,,,83
201300036339,13,7,14,2220,5,2,1,1.0,7,83069,M,4312025.0,613118.0,83
201300036340,13,7,28,145,5,2,1,1.0,2,83069,M,4311353.0,612706.0,83
201300036341,13,7,28,1605,1,1,1,1.0,1,83034,M,,,83
201300036342,13,7,30,1900,1,2,1,1.0,3,83069,M,,,83
201300036343,13,8,17,1800,1,1,1,1.0,1,83069,M,4306740.0,613052.0,83
201300036344,13,8,23,1830,1,1,3,1.0,3,83069,M,,,83
201300036345,13,8,26,450,3,1,1,1.0,7,83069,M,,,83
201300036346,13,9,1,615,5,2,9,1.0,6,83034,M,,,83
201300036347,13,9,6,2337,5,2,1,1.0,1,83069,M,4312097.0,614071.0,83
201300036348,13,9,20,2015,5,2,1,1.0,3,83069,M,,,83
201300036349,13,10,1,1215,1,2,6,1.0,3,83069,M,,,83
201300036350,13,10,25,725,3,1,1,1.0,2,83069,M,,,83
201300036351,13,11,9,530,5,2,1,1.0,6,83069,M,,,83
201300036352,13,11,24,850,1,2,3,1.0,3,83069,M,,,83
201300036353,13,12,26,1600,1,2,1,1.0,6,83069,M,,,83
201300036354,13,1,16,1420,1,2,1,1.0,6,83123,M,4311940.0,580554.0,83
201300036355,13,1,24,735,2,1,1,8.0,7,83009,M,,,83
201300036356,13,1,25,1620,1,1,1,1.0,3,83123,M,,,83
201300036357,13,3,3,1650,1,2,1,1.0,2,83009,M,4313776.0,573881.0,83
201300036358,13,3,13,1845,2,2,3,1.0,3,83009,M,,,83
201300036359,13,4,9,1750,1,1,1,1.0,6,83123,M,4312657.0,582132.0,83
201300036360,13,4,13,1750,1,2,1,7.0,6,83123,M,,,83
201300036361,13,4,14,940,1,2,6,1.0,7,83123,M,,,83
201300036362,13,4,24,1025,1,2,1,7.0,6,83123,M,4312244.0,580386.0,83
201300036363,13,4,25,900,1,2,1,8.0,2,83129,M,4311435.0,581124.0,83
201300036364,13,5,17,850,1,2,3,1.0,3,83123,M,,,83
201300036365,13,6,5,1450,1,2,1,1.0,3,83129,M,4311320.0,584787.0,83
201300036366,13,6,11,1950,1,2,2,1.0,3,83129,M,4309484.0,583002.0,83
201300036367,13,6,17,1815,1,2,1,1.0,7,83129,M,,,83
201300036368,13,6,17,1540,1,2,1,1.0,6,83123,M,,,83
201300036369,13,6,13,835,1,2,1,1.0,3,83123,M,,,83
201300036370,13,6,17,1800,1,2,1,1.0,3,83123,M,,,83
201300036371,13,7,11,1010,1,2,1,1.0,6,83123,M,,,83
201300036372,13,7,19,830,1,2,3,1.0,3,83129,M,,,83
201300036373,13,7,20,1800,1,2,1,1.0,1,83129,M,,,83
201300036374,13,7,29,1740,1,2,3,1.0,3,83123,M,4312643.0,582173.0,83
201300036375,13,7,30,1130,1,2,9,1.0,3,83123,M,4312620.0,582317.0,83
201300036376,13,8,3,1050,1,2,9,1.0,3,83129,M,,,83
201300036377,13,8,6,1045,1,2,1,1.0,3,83123,M,,,83
201300036378,13,8,10,435,5,2,1,1.0,1,83129,M,,,83
201300036379,13,8,19,145,5,2,1,1.0,6,83129,M,,,83
201300036380,13,7,23,405,5,2,1,1.0,3,83129,M,,,83
201300036381,13,9,14,1600,1,2,6,1.0,3,83129,M,4309101.0,584401.0,83
201300036382,13,9,18,1450,1,2,1,1.0,6,83129,M,4309461.0,583649.0,83
201300036383,13,9,24,1545,1,2,1,1.0,1,83009,M,,,83
201300036384,13,10,2,855,1,2,1,1.0,3,83129,M,,,83
201300036385,13,10,6,1815,1,2,1,1.0,3,83129,M,,,83
201300036386,13,10,12,1320,1,2,6,1.0,7,83123,M,4312098.0,580456.0,83
201300036387,13,10,13,1435,1,2,1,1.0,6,83129,M,,,83
201300036388,13,10,20,1530,1,2,1,1.0,6,83123,M,4313101.0,578535.0,83
201300036389,13,10,24,2100,5,2,1,1.0,3,83129,M,4309245.0,584041.0,83
201300036390,13,10,25,1735,1,2,1,1.0,6,83123,M,,,83
201300036391,13,11,13,1855,5,2,3,1.0,2,83123,M,,,83
201300036392,13,11,26,1015,1,2,1,1.0,1,83129,M,,,83
201300036393,13,12,3,1205,1,2,1,1.0,6,83129,M,4309646.0,582705.0,83
201300036394,13,12,7,1115,1,2,1,1.0,6,83129,M,,,83
201300036395,13,12,11,1510,1,2,3,7.0,6,83129,M,4307555.0,580193.0,83
201300036396,13,12,18,1725,3,2,1,2.0,1,83123,M,4313223.0,579161.0,83
201300036397,13,12,20,815,1,2,1,3.0,6,83129,M,,,83
201300036398,13,12,26,1755,5,2,6,6.0,3,83129,M,,,83
201300036399,13,12,29,255,5,2,1,1.0,6,83129,M,4311102.0,581347.0,83
201300036400,13,12,29,1810,5,2,3,1.0,3,83123,M,,,83
201300036401,13,1,9,1810,5,2,1,1.0,6,83126,M,,,83
201300036402,13,1,16,750,2,2,1,9.0,7,83126,M,4310545.0,585776.0,83
201300036403,13,1,26,640,5,2,1,1.0,6,83126,M,,,83
201300036404,13,3,2,1030,1,2,1,1.0,3,83126,M,4309624.0,587670.0,83
201300036405,13,3,4,1140,1,2,1,1.0,6,83126,M,,,83
201300036406,13,3,6,1720,1,2,1,3.0,2,83126,M,4310400.0,587906.0,83
201300036407,13,3,4,1610,1,2,1,1.0,6,83126,M,,,83
201300036408,13,4,18,730,1,2,3,1.0,3,83126,M,4310558.0,586636.0,83
201300036409,13,4,20,2050,5,2,1,1.0,3,83126,M,4311442.0,586264.0,83
201300036410,13,4,23,1210,1,2,1,1.0,6,83126,M,4309577.0,590354.0,83
201300036411,13,4,24,2035,5,2,1,1.0,6,83126,M,,,83
201300036412,13,4,26,1445,1,2,1,1.0,2,83126,M,4307880.0,587178.0,83
201300036413,13,5,2,1615,1,2,1,7.0,3,83126,M,,,83
201300036414,13,5,3,1205,1,2,1,1.0,3,83126,M,,,83
201300036415,13,5,13,835,1,2,1,1.0,2,83126,M,,,83
201300036416,13,4,30,1650,1,2,2,1.0,7,83126,M,4310214.0,587998.0,83
201300036417,13,5,13,2050,1,2,1,1.0,7,83126,M,,,83
201300036418,13,5,29,1715,1,2,1,1.0,1,83126,M,,,83
201300036419,13,5,31,1900,1,2,1,1.0,2,83126,M,4309633.0,587541.0,83
201300036420,13,6,1,1820,1,2,1,1.0,7,83126,M,,,83
201300036421,13,6,1,1210,1,2,1,1.0,3,83126,M,,,83
201300036422,13,6,25,1915,1,2,3,1.0,6,83126,M,4310331.0,587723.0,83
201300036423,13,7,11,1315,1,2,1,1.0,1,83126,M,,,83
201300036424,13,7,15,15,4,2,1,1.0,3,83126,M,4310568.0,586079.0,83
201300036425,13,7,21,2110,1,2,1,1.0,3,83126,M,,,83
201300036426,13,8,2,1225,1,2,1,1.0,3,83126,M,4311584.0,588521.0,83
201300036427,13,8,9,1720,1,2,1,1.0,3,83153,M,,,83
201300036428,13,8,12,2020,1,1,1,1.0,6,83126,M,,,83
201300036429,13,8,16,1440,1,2,3,1.0,1,83126,M,4309674.0,586835.0,83
201300036430,13,8,27,940,1,2,1,1.0,6,83126,M,4310284.0,587421.0,83
201300036431,13,8,30,1820,1,2,1,1.0,3,83126,M,,,83
201300036432,13,9,4,1250,1,2,1,1.0,1,83126,M,4311632.0,587277.0,83
201300036433,13,9,7,1557,1,2,2,1.0,6,83126,M,,,83
201300036434,13,9,20,817,1,2,2,1.0,6,83126,M,4310283.0,587425.0,83
201300036435,13,9,20,1215,1,2,3,1.0,6,83126,M,4310069.0,587098.0,83
201300036436,13,9,21,2200,5,2,1,1.0,1,83126,M,4311213.0,586607.0,83
201300036437,13,9,28,2220,5,2,1,1.0,6,83126,M,,,83
201300036438,13,9,27,1936,1,2,3,1.0,5,83126,M,4307508.0,587604.0,83
201300036439,13,10,26,942,1,2,1,1.0,6,83126,M,4310080.0,589028.0,83
201300036440,13,11,3,1235,1,2,2,1.0,3,83126,M,4310987.0,587064.0,83
201300036441,13,11,6,2245,5,2,1,1.0,3,83126,M,,,83
201300036442,13,11,8,2330,5,2,1,2.0,7,83153,M,4307443.0,591000.0,83
201300036443,13,11,18,1628,1,2,1,2.0,3,83126,M,,,83
201300036444,13,11,25,1640,1,2,1,1.0,6,83126,M,4311443.0,586255.0,83
201300036445,13,11,28,1920,2,1,1,1.0,2,83126,M,,,83
201300036446,13,12,4,1310,1,2,2,1.0,3,83126,M,4309239.0,587743.0,83
201300036447,13,12,7,2355,5,1,1,1.0,6,83126,M,4307990.0,585895.0,83
201300036448,13,12,16,1400,1,2,3,7.0,2,83126,M,4308340.0,589556.0,83
201300036449,13,1,4,1500,1,2,1,1.0,3,83144,M,,,83
201300036450,13,1,6,2350,3,2,1,1.0,1,83090,M,4313405.0,583218.0,83
201300036451,13,1,9,830,1,2,1,1.0,7,83062,M,,,83
201300036452,13,1,10,1505,1,2,6,1.0,3,83137,M,4313542.0,593230.0,83
201300036453,13,1,5,1545,1,1,1,1.0,6,83144,M,4313730.0,600737.0,83
201300036454,13,1,12,1545,1,2,1,1.0,6,83062,M,4313911.0,602075.0,83
201300036455,13,1,18,810,1,2,1,1.0,6,83144,M,4313630.0,598166.0,83
201300036456,13,1,21,910,1,2,3,1.0,3,83137,M,,,83
201300036457,13,1,25,825,1,2,1,1.0,6,83137,M,4311383.0,594710.0,83
201300036458,13,1,28,1625,1,2,1,1.0,3,83137,M,,,83
201300036459,13,1,29,2015,5,1,6,1.0,3,83090,M,4351353.0,544604.0,83
201300036460,13,1,30,745,1,2,1,1.0,3,83062,M,,,83
201300036461,13,2,2,2030,5,2,1,1.0,3,83137,M,4311590.0,593535.0,83
201300036462,13,1,11,1550,1,2,3,1.0,6,83137,M,,,83
201300036463,13,1,31,2030,5,2,1,1.0,3,83137,M,4312718.0,589431.0,83
201300036464,13,2,3,1448,1,1,1,1.0,1,83090,M,,,83
201300036465,13,2,2,1945,5,2,1,1.0,3,83144,M,4314284.0,601591.0,83
201300036466,13,2,5,1118,1,2,1,1.0,6,83137,M,,,83
201300036467,13,2,7,830,1,2,1,6.0,7,83062,M,4313000.0,602592.0,83
201300036468,13,1,9,900,1,2,1,1.0,3,83137,M,,,83
201300036469,13,2,6,1915,5,2,1,1.0,2,83090,M,4312296.0,584798.0,83
201300036470,13,2,9,850,1,2,1,1.0,6,83144,M,4313762.0,601063.0,83
201300036471,13,2,10,615,5,2,1,1.0,6,83144,M,,,83
201300036472,13,1,29,1820,5,2,1,1.0,1,83137,M,,,83
201300036473,13,2,1,1315,1,2,1,1.0,6,83137,M,,,83
201300036474,13,2,7,1725,2,2,1,1.0,3,83137,M,4313553.0,597410.0,83
201300036475,13,2,23,525,5,2,1,1.0,4,83137,M,,,83
201300036476,13,1,28,1640,1,2,4,1.0,3,83137,M,4312875.0,589059.0,83
201300036477,13,2,8,2010,3,2,2,1.0,3,83062,M,,,83
201300036478,13,2,11,715,1,2,1,3.0,2,83137,M,4313369.0,592641.0,83
201300036479,13,2,20,1220,1,2,1,1.0,6,83062,M,4312476.0,600960.0,83
201300036480,13,2,24,2215,5,2,6,1.0,3,83137,M,4312806.0,590708.0,83
201300036481,13,2,4,1045,1,2,3,1.0,3,83103,M,4316747.0,592347.0,83
201300036482,13,2,26,905,1,2,3,1.0,3,83098,M,,,83
201300036483,13,3,1,1735,1,2,1,1.0,3,83137,M,4312032.0,595418.0,83
201300036484,13,3,2,1045,1,2,1,1.0,6,83144,M,4313616.0,598589.0,83
201300036485,13,3,3,1210,1,2,1,1.0,3,83062,M,4312782.0,602281.0,83
201300036486,13,3,5,1738,1,1,1,1.0,5,83090,M,,,83
201300036487,13,3,2,1720,1,2,1,1.0,6,83137,M,4312618.0,592875.0,83
201300036488,13,3,3,1305,1,2,1,1.0,3,83137,M,4313448.0,588237.0,83
201300036489,13,3,5,1130,1,2,1,2.0,2,83137,M,4312840.0,592421.0,83
201300036490,13,3,9,1150,1,2,1,1.0,3,83137,M,4312169.0,594203.0,83
201300036491,13,3,15,1525,1,2,1,1.0,6,83137,M,4312782.0,592987.0,83
201300036492,13,3,14,930,1,2,1,1.0,1,83090,M,4312349.0,583041.0,83
201300036493,13,3,15,1000,1,2,1,1.0,6,83137,M,4313186.0,591712.0,83
201300036494,13,3,16,1630,1,2,2,1.0,3,83137,M,4312420.0,594810.0,83
201300036495,13,3,22,1600,1,2,1,1.0,6,83137,M,4311504.0,594536.0,83
201300036496,13,3,23,2130,5,2,1,2.0,6,83144,M,4313890.0,599940.0,83
201300036497,13,3,28,1030,1,2,1,2.0,2,83137,M,,,83
201300036498,13,4,3,740,1,2,1,1.0,3,83137,M,,,83
201300036499,13,3,10,1635,1,1,1,1.0,5,83090,M,,,83
201300036500,13,4,9,1615,1,1,9,1.0,5,83090,M,,,83
201300036501,13,4,6,2200,5,2,3,2.0,3,83137,M,,,83
201300036502,13,4,9,1630,1,2,1,1.0,3,83137,M,4313387.0,588204.0,83
201300036503,13,4,11,1530,1,2,6,1.0,3,83137,M,4312135.0,594041.0,83
201300036504,13,3,25,1440,1,2,1,1.0,6,83137,M,4312844.0,592437.0,83
201300036505,13,4,9,905,1,2,1,1.0,2,83062,M,,,83
201300036506,13,4,16,1640,1,2,1,1.0,6,83137,M,4310770.0,595005.0,83
201300036507,13,4,18,830,1,2,6,1.0,3,83137,M,4313557.0,597751.0,83
201300036508,13,4,18,1640,1,2,6,1.0,3,83062,M,4312853.0,602000.0,83
201300036509,13,4,9,1635,1,2,2,1.0,3,83137,M,4312284.0,595534.0,83
201300036510,13,4,16,1555,1,2,3,1.0,3,83062,M,,,83
201300036511,13,4,17,1140,1,2,1,1.0,2,83137,M,,,83
201300036512,13,4,23,1015,1,2,1,1.0,6,83098,M,4310690.0,601862.0,83
201300036513,13,4,19,1655,1,2,1,2.0,6,83144,M,4312846.0,598846.0,83
201300036514,13,4,20,1820,1,2,1,2.0,2,83137,M,,,83
201300036515,13,4,22,1130,1,2,2,1.0,3,83062,M,,,83
201300036516,13,5,2,1600,1,2,1,1.0,6,83137,M,4312656.0,592706.0,83
201300036517,13,4,28,1515,1,2,1,1.0,7,83062,M,4312813.0,601937.0,83
201300036518,13,5,6,1400,1,2,1,1.0,6,83062,M,4313179.0,601576.0,83
201300036519,13,4,12,905,1,2,1,1.0,4,83137,M,4312594.0,593875.0,83
201300036520,13,4,24,1800,1,2,1,1.0,4,83137,M,4312356.0,598200.0,83
201300036521,13,5,10,1650,1,2,3,1.0,6,83137,M,4311282.0,593922.0,83
201300036522,13,5,2,1625,1,2,1,8.0,2,83098,M,,,83
201300036523,13,5,11,1315,1,2,1,1.0,6,83062,M,,,83
201300036524,13,5,2,800,1,2,3,1.0,6,83137,M,,,83
201300036525,13,5,3,1045,1,2,1,1.0,5,83090,M,,,83
201300036526,13,5,6,1745,1,2,1,1.0,2,83137,M,4312641.0,592479.0,83
201300036527,13,5,9,1115,1,2,1,1.0,6,83137,M,4312304.0,614433.0,83
201300036528,13,5,12,1610,1,1,1,1.0,2,83090,M,,,83
201300036529,13,5,14,2140,5,2,1,2.0,2,83137,M,,,83
201300036530,13,4,26,1610,1,2,2,1.0,3,83137,M,4312618.0,592583.0,83
201300036531,13,4,16,1030,1,1,1,1.0,3,83090,M,,,83
201300036532,13,5,21,1835,1,2,1,1.0,6,83144,M,4313496.0,598141.0,83
201300036533,13,5,10,1830,1,2,1,1.0,6,83137,M,4311376.0,595785.0,83