Num_Acc,an,mois,jour,hrmn,lum,agg,int,atm,col,com,gps,lat,long,dep
201300036534,13,5,22,1645,1,2,1,1.0,3,83137,M,,,83
201300036535,13,5,23,1630,1,2,3,1.0,3,83137,M,4313135.0,590509.0,83
201300036536,13,5,25,400,5,2,1,1.0,6,83137,M,,,83
201300036537,13,5,24,1710,1,2,1,1.0,6,83137,M,,,83
201300036538,13,5,27,1320,1,2,1,1.0,6,83137,M,,,83
201300036539,13,5,28,745,1,2,2,8.0,3,83137,M,4312104.0,593524.0,83
201300036540,13,5,25,1110,1,2,2,1.0,3,83062,M,4312046.0,601121.0,83
201300036541,13,5,29,1250,1,2,1,1.0,1,83137,M,4312794.0,598170.0,83
201300036542,13,5,30,1545,1,2,1,1.0,3,83062,M,4312493.0,600753.0,83
201300036543,13,6,2,1515,1,2,2,1.0,2,83144,M,,,83
201300036544,13,5,31,1900,1,2,1,1.0,6,83137,M,4312851.0,591443.0,83
201300036545,13,6,2,1908,1,2,1,1.0,3,83137,M,,,83
201300036546,13,6,6,1330,1,2,1,1.0,6,83137,M,,,83
201300036547,13,6,6,1700,1,2,1,1.0,6,83062,M,4312790.0,601333.0,83
201300036548,13,6,7,900,1,2,2,1.0,3,83137,M,4312565.0,594588.0,83
201300036549,13,6,5,2230,4,2,2,1.0,3,83137,M,4312441.0,595446.0,83
201300036550,13,5,29,1810,1,1,9,7.0,5,83090,M,,,83
201300036551,13,6,8,2050,5,2,3,1.0,2,83098,M,,,83
201300036552,13,6,12,2300,5,2,1,1.0,3,83098,M,4310666.0,601655.0,83
201300036553,13,6,14,2250,5,2,3,1.0,6,83137,M,4311894.0,593480.0,83
201300036554,13,6,17,855,1,2,1,1.0,6,83062,M,,,83
201300036555,13,6,14,2340,5,2,2,1.0,3,83137,M,4311836.0,594593.0,83
201300036556,13,6,13,1045,1,2,1,1.0,2,83137,M,,,83
201300036557,13,6,13,1300,1,2,1,1.0,6,83137,M,4312645.0,590769.0,83
201300036558,13,6,15,1130,1,2,3,1.0,6,83137,M,4312823.0,590602.0,83
201300036559,13,6,17,1700,1,2,2,1.0,6,83137,M,,,83
201300036560,13,6,18,1350,1,2,1,1.0,6,83137,M,4311532.0,593843.0,83
201300036561,13,6,18,1840,1,2,1,1.0,2,83137,M,4313706.0,589736.0,83
201300036562,13,6,30,625,1,2,1,1.0,6,83137,M,4312652.0,592423.0,83
201300036563,13,6,20,1720,1,2,3,1.0,3,83137,M,,,83
201300036564,13,6,30,2300,5,2,2,1.0,3,83137,M,,,83
201300036565,13,6,24,750,1,2,1,1.0,3,83137,M,4311865.0,594487.0,83
201300036566,13,6,24,1135,1,2,2,1.0,3,83137,M,,,83
201300036567,13,6,28,2203,5,2,1,1.0,3,83137,M,,,83
201300036568,13,7,4,1855,1,1,1,1.0,6,83137,M,4311375.0,595811.0,83
201300036569,13,7,7,1600,1,2,1,1.0,6,83137,M,4311779.0,593584.0,83
201300036570,13,7,8,840,1,2,6,1.0,3,83062,M,4313084.0,602308.0,83
201300036571,13,6,28,1110,1,2,1,1.0,1,83137,M,,,83
201300036572,13,7,8,1055,1,2,1,1.0,6,83137,M,4311419.0,593934.0,83
201300036573,13,7,1,1145,1,2,1,1.0,6,83137,M,,,83
201300036574,13,7,4,1220,1,2,1,1.0,6,83137,M,0.0,0.0,83
201300036575,13,7,14,430,5,2,1,1.0,5,83137,M,4313146.0,593056.0,83
201300036576,13,7,18,2045,1,2,1,1.0,7,83062,M,4312617.0,601724.0,83
201300036577,13,7,5,255,5,2,2,1.0,3,83137,M,4312187.0,595560.0,83
201300036578,13,7,11,815,1,2,1,1.0,3,83144,M,,,83
201300036579,13,7,12,2000,1,2,3,1.0,3,83137,M,,,83
201300036580,13,7,19,1145,1,2,3,1.0,3,83144,M,4314035.0,600967.0,83
201300036581,13,7,18,221,5,2,1,1.0,7,83137,M,4312528.0,594300.0,83
201300036582,13,7,24,2000,1,2,1,1.0,3,83144,M,4313482.0,598309.0,83
201300036583,13,7,25,2330,3,2,1,1.0,6,83137,M,4310821.0,597983.0,83
201300036584,13,7,20,1000,1,2,1,1.0,4,83137,M,4312670.0,593539.0,83
201300036585,13,7,28,1305,1,2,1,1.0,3,83137,M,,,83
201300036586,13,7,28,1840,1,2,3,1.0,3,83137,M,4311686.0,593697.0,83
201300036587,13,7,30,1140,1,2,1,1.0,4,83144,M,,,83
201300036588,13,7,29,2030,5,2,3,1.0,5,83137,M,,,83
201300036589,13,8,1,1205,1,2,1,1.0,3,83098,M,4310919.0,603103.0,83
201300036590,13,8,2,1300,1,1,1,1.0,1,83137,M,,,83
201300036591,13,8,6,1610,1,2,1,1.0,6,83137,M,4311974.0,593335.0,83
201300036592,13,8,2,1830,1,2,9,1.0,3,83137,M,4311590.0,593787.0,83
201300036593,13,8,7,1815,1,2,1,1.0,1,83137,M,4314979.0,590649.0,83
201300036594,13,8,2,1200,1,2,1,1.0,2,83137,M,4311588.0,593538.0,83
201300036595,13,8,12,1415,1,2,1,1.0,3,83137,M,4312100.0,594346.0,83
201300036596,13,8,10,1020,1,2,1,1.0,6,83090,M,,,83
201300036597,13,8,5,114,5,2,1,1.0,6,83090,M,,,83
201300036598,13,7,28,1350,1,1,1,1.0,1,83103,M,,,83
201300036599,13,8,9,1230,1,2,1,1.0,4,83098,M,,,83
201300036600,13,8,18,700,2,2,1,1.0,6,83137,M,4312663.0,594069.0,83
201300036601,13,8,16,1430,1,2,1,1.0,6,83137,M,4312856.0,591139.0,83
201300036602,13,8,22,1500,1,1,1,1.0,1,83103,M,,,83
201300036603,13,8,14,2025,1,2,1,1.0,6,83137,M,4316144.0,596159.0,83
201300036604,13,8,15,1800,1,2,3,1.0,3,83137,M,,,83
201300036605,13,8,21,715,1,2,9,1.0,3,83137,M,4311993.0,595285.0,83
201300036606,13,8,22,1829,1,2,1,1.0,6,83137,M,4311866.0,594171.0,83
201300036607,13,8,22,900,1,2,1,1.0,6,83137,M,4312831.0,591428.0,83
201300036608,13,8,27,1855,1,2,6,1.0,3,83137,M,4313255.0,595202.0,83
201300036609,13,8,27,1820,1,2,1,1.0,1,83098,M,,,83
201300036610,13,8,23,1850,1,2,1,1.0,5,83062,M,,,83
201300036611,13,8,27,1145,1,1,1,1.0,3,83090,M,,,83
201300036612,13,9,2,5,5,2,9,1.0,2,83062,M,,,83
201300036613,13,9,4,548,3,1,1,1.0,3,83090,M,,,83
201300036614,13,9,6,1805,1,2,1,1.0,6,83137,M,4310686.0,593556.0,83
201300036615,13,8,23,1650,1,2,2,1.0,3,83137,M,4312025.0,594727.0,83
201300036616,13,8,25,1847,1,2,1,1.0,2,83137,M,,,83
201300036617,13,8,27,1915,1,2,1,1.0,6,83137,M,4312153.0,594994.0,83
201300036618,13,8,30,1745,1,1,1,1.0,6,83137,M,,,83
201300036619,13,9,3,2100,5,2,1,1.0,6,83137,M,4312624.0,598131.0,83
201300036620,13,9,4,920,1,2,1,1.0,2,83137,M,4312682.0,597677.0,83
201300036621,13,9,5,1040,1,2,1,1.0,6,83062,M,4312749.0,602100.0,83
201300036622,13,9,5,1800,1,2,1,1.0,3,83137,M,,,83
201300036623,13,9,10,1825,1,1,1,1.0,2,83090,M,,,83
201300036624,13,8,2,900,1,2,1,1.0,7,83137,M,,,83
201300036625,13,8,23,1010,1,2,1,1.0,6,83137,M,,,83
201300036626,13,9,4,830,1,2,1,1.0,4,83137,M,,,83
201300036627,13,9,5,1730,1,2,1,1.0,3,83137,M,,,83
201300036628,13,9,14,705,1,2,2,1.0,6,83137,M,4312975.0,591917.0,83
201300036629,13,9,10,800,1,2,9,1.0,3,83137,M,,,83
201300036630,13,9,11,1050,1,2,1,1.0,3,83090,M,,,83
201300036631,13,9,13,840,1,2,1,1.0,2,83137,M,,,83
201300036632,13,9,17,1830,1,2,1,1.0,6,83137,M,4316066.0,592455.0,83
201300036633,13,9,18,2335,5,2,1,1.0,6,83137,M,4313595.0,594004.0,83
201300036634,13,9,21,1930,2,2,1,1.0,3,83137,M,4313019.0,595976.0,83
201300036635,13,9,6,1630,1,2,1,1.0,2,83137,M,,,83
201300036636,13,9,22,1500,1,2,4,1.0,6,83137,M,4312782.0,592090.0,83
201300036637,13,9,21,2000,4,2,1,1.0,2,83137,M,4311567.0,593810.0,83
201300036638,13,9,20,1125,1,2,1,1.0,6,83137,M,4311440.0,593521.0,83
201300036639,13,9,24,1720,1,2,1,1.0,6,83103,M,,,83
201300036640,13,9,23,1740,1,1,1,1.0,2,83137,M,,,83
201300036641,13,9,27,1510,1,2,3,1.0,3,83137,M,4312118.0,593042.0,83
201300036642,13,9,28,1310,1,2,2,1.0,6,83137,M,4313061.0,592837.0,83
201300036643,13,9,29,100,5,2,1,1.0,6,83137,M,4312119.0,593039.0,83
201300036644,13,9,23,1220,1,1,3,1.0,3,83090,M,,,83
201300036645,13,9,24,800,1,2,3,1.0,3,83137,M,,,83
201300036646,13,9,30,1625,1,2,1,1.0,6,83137,M,4312211.0,594807.0,83
201300036647,13,10,1,1540,1,2,3,1.0,6,83137,M,4312853.0,591248.0,83
201300036648,13,10,3,1800,1,2,1,1.0,6,83144,M,,,83
201300036649,13,10,5,1915,5,2,1,1.0,3,83137,M,4312741.0,597766.0,83
201300036650,13,10,6,2245,3,1,1,3.0,6,83098,M,4311127.0,603247.0,83
201300036651,13,10,3,920,1,2,1,1.0,6,83137,M,4311917.0,593427.0,83
201300036652,13,10,1,1745,1,1,1,1.0,6,83090,M,,,83
201300036653,13,10,8,1640,1,2,1,1.0,3,83137,M,,,83
201300036654,13,10,9,1600,1,1,1,1.0,1,83103,M,4316595.0,592840.0,83
201300036655,13,10,11,1515,1,1,1,1.0,3,83062,M,4314324.0,601735.0,83
201300036656,13,10,15,1800,1,2,1,2.0,2,83137,M,4313052.0,588185.0,83
201300036657,13,10,15,1350,1,2,1,8.0,2,83144,M,,,83
201300036658,13,10,15,1140,1,2,1,1.0,6,83137,M,4312690.0,593023.0,83
201300036659,13,10,16,1820,1,2,1,1.0,3,83137,M,,,83
201300036660,13,10,18,1430,1,1,1,1.0,3,83062,M,4313717.0,600596.0,83
201300036661,13,10,19,1255,1,1,1,1.0,6,83137,M,4312089.0,594340.0,83
201300036662,13,10,20,1420,1,2,1,8.0,6,83137,M,4312571.0,592835.0,83
201300036663,13,10,23,830,2,2,1,2.0,7,83062,M,4312832.0,601936.0,83
201300036664,13,10,24,900,1,2,1,1.0,6,83137,M,4312945.0,592813.0,83
201300036665,13,10,26,2000,4,2,1,1.0,6,83137,M,4315623.0,591808.0,83
201300036666,13,11,3,1745,5,2,1,1.0,1,83062,M,4312708.0,601511.0,83
201300036667,13,11,1,1830,5,2,9,1.0,6,83137,M,4312812.0,592309.0,83
201300036668,13,11,4,1050,1,2,1,2.0,6,83062,M,4314547.0,603356.0,83
201300036669,13,11,4,1315,1,2,1,2.0,6,83137,M,4311348.0,593994.0,83
201300036670,13,10,25,1255,1,1,1,1.0,2,83090,M,4312437.0,587873.0,83
201300036671,13,10,10,1245,1,2,1,1.0,6,83137,M,4311802.0,594491.0,83
201300036672,13,11,11,1435,1,2,3,1.0,3,83137,M,4313456.0,590929.0,83
201300036673,13,11,7,1715,2,2,1,1.0,3,83137,M,,,83
201300036674,13,11,9,1255,1,1,9,1.0,3,83062,M,4314106.0,603015.0,83
201300036675,13,11,12,805,1,2,1,1.0,6,83137,M,4311435.0,594592.0,83
201300036676,13,11,12,925,1,2,1,1.0,1,83062,M,,,83
201300036677,13,11,12,940,1,2,1,1.0,3,83103,M,,,83
201300036678,13,11,13,910,1,2,1,1.0,6,83137,M,4311937.0,593390.0,83
201300036679,13,11,16,1825,5,2,3,1.0,3,83062,M,4314202.0,602010.0,83
201300036680,13,11,3,1800,5,2,1,1.0,6,83137,M,,,83
201300036681,13,11,12,1550,1,2,1,1.0,6,83137,M,4312003.0,594084.0,83
201300036682,13,11,14,1945,5,2,6,1.0,3,83137,M,4313531.0,597755.0,83
201300036683,13,11,20,1000,1,2,1,1.0,5,83137,M,4312507.0,593593.0,83
201300036684,13,11,20,1315,1,2,1,1.0,6,83137,M,,,83
201300036685,13,10,24,1740,1,2,1,1.0,3,83137,M,,,83
201300036686,13,11,14,1200,1,2,2,1.0,3,83090,M,,,83
201300036687,13,11,23,1515,1,2,1,1.0,6,83137,M,4312918.0,592433.0,83
201300036688,13,11,25,2020,5,2,1,1.0,3,83090,M,,,83
201300036689,13,11,27,1645,2,2,2,1.0,2,83062,M,,,83
201300036690,13,12,5,1830,5,2,1,1.0,6,83137,M,,,83
201300036691,13,12,10,745,2,2,1,1.0,6,83137,M,4311799.0,593861.0,83
201300036692,13,11,7,1110,1,2,1,1.0,6,83090,M,,,83
201300036693,13,11,12,1500,1,2,1,1.0,6,83137,M,4312460.0,595616.0,83
201300036694,13,11,20,810,1,1,1,1.0,6,83090,M,,,83
201300036695,13,11,23,1115,1,1,1,1.0,2,83137,M,0.0,0.0,83
201300036696,13,11,30,1605,2,2,1,2.0,6,83137,M,4312607.0,593210.0,83
201300036697,13,12,3,1700,2,1,1,1.0,3,83137,M,,,83
201300036698,13,12,6,850,1,2,1,1.0,6,83137,M,4312128.0,594051.0,83
201300036699,13,12,8,1220,1,2,2,1.0,3,83137,M,4312027.0,594738.0,83
201300036700,13,12,9,1730,5,2,1,1.0,2,83062,M,,,83
201300036701,13,12,10,825,1,2,1,1.0,3,83062,M,4312033.0,601152.0,83
201300036702,13,12,5,1610,1,2,6,1.0,3,83137,M,,,83
201300036703,13,11,29,1740,5,2,1,1.0,4,83137,M,,,83
201300036704,13,12,10,2000,5,2,3,1.0,3,83137,M,,,83
201300036705,13,11,7,1700,2,2,1,1.0,6,83090,M,4313791.0,584840.0,83
201300036706,13,12,21,1900,5,2,1,1.0,2,83137,M,,,83
201300036707,13,12,3,730,2,2,9,1.0,3,83137,M,4311996.0,593283.0,83
201300036708,13,12,5,1345,1,2,1,1.0,6,83137,M,4312368.0,593732.0,83
201300036709,13,12,14,1455,1,2,1,1.0,6,83137,M,4312837.0,590934.0,83
201300036710,13,12,17,1530,1,2,1,1.0,6,83144,M,4313709.0,600334.0,83
201300036711,13,12,19,1845,4,2,1,3.0,5,83062,M,,,83
201300036712,13,12,20,1705,5,2,1,1.0,3,83090,M,,,83
201300036713,13,12,23,1815,5,2,2,2.0,3,83137,M,,,83
201300036714,13,12,25,1150,1,2,2,2.0,3,83137,M,4312098.0,594763.0,83
201300036715,13,12,16,1605,1,1,1,1.0,6,83137,M,4311957.0,593867.0,83
201300036716,13,12,5,2235,5,2,1,1.0,5,83137,M,4312833.0,590494.0,83
201300036717,13,12,28,9,5,2,4,1.0,1,83137,M,,,83
201300036718,13,1,23,1345,1,2,1,1.0,6,84007,M,,,84
201300036719,13,1,18,2300,5,1,1,9.0,2,84007,M,,,84
201300036720,13,1,17,1635,1,2,1,1.0,6,84007,M,,,84
201300036721,13,2,2,420,5,2,1,1.0,6,84007,M,,,84
201300036722,13,1,9,1730,5,2,1,1.0,5,84007,M,,,84
201300036723,13,2,6,1600,1,2,3,1.0,3,84007,M,,,84
201300036724,13,5,10,1540,1,2,2,1.0,6,84007,M,,,84
201300036725,13,12,27,1450,1,2,1,1.0,6,84007,M,,,84
201300036726,13,2,6,2010,5,2,1,1.0,6,84007,M,,,84
201300036727,13,2,6,1550,1,2,2,1.0,3,84007,M,,,84
201300036728,13,1,21,1330,1,2,1,1.0,6,84007,M,,,84
201300036729,13,2,28,1115,1,2,1,1.0,4,84007,M,,,84
201300036730,13,3,23,645,5,2,4,1.0,3,84007,M,,,84
201300036731,13,3,31,1630,1,1,1,1.0,6,84007,M,,,84
201300036732,13,4,7,1220,1,1,1,1.0,5,84007,M,,,84
201300036733,13,4,1,2359,5,2,1,1.0,6,84007,M,,,84
201300036734,13,4,15,1650,1,2,1,1.0,6,84007,M,,,84
201300036735,13,3,29,1700,1,2,6,8.0,3,84007,M,,,84
201300036736,13,4,14,605,5,2,2,1.0,5,84007,M,,,84
201300036737,13,5,4,39,5,2,1,1.0,2,84007,M,,,84
201300036738,13,5,19,310,5,2,2,1.0,3,84007,M,,,84
201300036739,13,6,7,1425,1,2,1,1.0,2,84007,M,,,84
201300036740,13,5,29,950,1,2,6,1.0,3,84007,M,,,84
201300036741,13,6,27,1845,1,2,2,1.0,5,84007,M,,,84
201300036742,13,6,17,1002,1,2,1,1.0,3,84007,M,,,84
201300036743,13,7,8,1355,1,2,1,1.0,3,84007,M,,,84
201300036744,13,7,9,930,1,1,1,1.0,3,84007,M,,,84
201300036745,13,7,5,605,2,2,1,1.0,3,84007,M,,,84
201300036746,13,7,12,1203,1,2,1,1.0,3,84007,M,,,84
201300036747,13,7,12,730,1,2,1,1.0,6,84007,M,,,84
201300036748,13,7,16,1710,1,2,3,1.0,3,84007,M,,,84
201300036749,13,7,22,1945,1,2,1,1.0,2,30351,M,4396545.0,477545.0,30
201300036750,13,7,22,1745,1,2,1,1.0,6,84007,M,,,84
201300036751,13,7,31,920,1,2,2,1.0,6,84007,M,,,84
201300036752,13,8,1,2140,1,1,1,1.0,6,84007,M,,,84
201300036753,13,8,4,505,5,2,2,1.0,3,84007,M,,,84
201300036754,13,8,24,2140,5,2,1,1.0,6,84007,M,,,84
201300036755,13,8,29,1430,1,2,2,1.0,3,84007,M,,,84
201300036756,13,8,21,955,1,2,1,1.0,6,84007,M,,,84
201300036757,13,9,3,1935,2,2,6,1.0,3,84007,M,,,84
201300036758,13,9,8,601,5,2,2,1.0,3,84007,M,,,84
201300036759,13,9,14,1842,1,2,6,1.0,5,84007,M,,,84
201300036760,13,7,4,1940,1,2,1,1.0,2,84007,M,,,84
201300036761,13,10,1,840,1,2,9,1.0,6,84007,M,,,84
201300036762,13,9,24,1100,1,2,1,1.0,6,84007,M,,,84
201300036763,13,9,24,1210,1,2,1,1.0,3,84007,M,,,84
201300036764,13,10,17,700,3,1,1,1.0,1,84007,M,,,84
201300036765,13,10,22,1530,1,2,1,1.0,6,84007,M,,,84
201300036766,13,9,23,1750,1,2,2,1.0,1,84007,M,,,84
201300036767,13,10,16,825,1,2,1,1.0,5,84007,M,,,84
201300036768,13,10,27,1530,1,2,1,1.0,6,84007,M,,,84
201300036769,13,10,20,5,5,2,6,1.0,3,84007,M,,,84
201300036770,13,11,9,1621,1,2,1,1.0,2,84007,M,,,84
201300036771,13,11,10,620,2,2,1,1.0,1,84007,M,,,84
201300036772,13,12,5,1030,1,2,1,1.0,6,84007,M,,,84
201300036773,13,3,10,245,5,2,1,8.0,6,84031,M,,,84
201300036774,13,3,18,1845,1,2,1,1.0,5,84031,M,,,84
201300036775,13,3,25,110,3,1,1,1.0,2,84080,M,,,84
201300036776,13,4,12,1420,1,2,1,2.0,6,84031,M,,,84
201300036777,13,4,29,1505,1,1,1,1.0,7,84031,M,,,84
201300036778,13,5,10,5,3,1,1,8.0,1,84080,M,,,84
201300036779,13,6,5,1005,1,1,9,1.0,3,84031,M,,,84
201300036780,13,6,25,1755,1,1,1,1.0,6,84031,M,,,84
201300036781,13,7,4,1006,1,1,1,1.0,6,84031,M,,,84
201300036782,13,7,4,1820,1,1,1,1.0,3,84031,M,,,84
201300036783,13,8,17,1002,1,2,1,1.0,6,84080,M,,,84
201300036784,13,8,15,1700,1,1,1,1.0,2,84031,M,,,84
201300036785,13,9,22,2150,3,1,1,1.0,6,84080,M,,,84
201300036786,13,11,11,1448,1,2,9,1.0,3,84080,M,,,84
201300036787,13,12,20,1352,1,1,1,2.0,6,84031,M,,,84
201300036788,13,1,23,1615,1,1,1,1.0,6,84035,M,,,84
201300036789,13,3,14,1645,1,2,1,1.0,6,84035,M,,,84
201300036790,13,5,15,1745,1,1,1,1.0,5,84035,M,,,84
201300036791,13,5,19,831,4,1,1,1.0,6,84035,M,,,84
201300036792,13,5,31,1635,1,1,3,1.0,3,84035,M,,,84
201300036793,13,6,20,305,5,1,1,1.0,1,84035,M,,,84
201300036794,13,7,8,2240,3,1,2,1.0,5,84035,M,,,84
201300036795,13,9,12,800,2,1,2,1.0,4,84035,M,,,84
201300036796,13,9,18,710,2,1,1,1.0,2,84035,M,,,84
201300036797,13,10,6,1750,1,1,2,1.0,3,84035,M,,,84
201300036798,13,10,9,2015,3,1,2,1.0,3,84035,M,,,84
201300036799,13,11,6,1320,1,2,6,1.0,1,84035,M,,,84
201300036800,13,11,11,1415,1,2,1,1.0,1,84035,M,,,84
201300036801,13,1,12,1820,3,1,1,1.0,1,84087,M,,,84
201300036802,13,4,12,1750,1,2,1,1.0,3,84087,M,,,84
201300036803,13,5,14,1835,1,1,1,1.0,3,84087,M,,,84
201300036804,13,6,4,1210,1,2,1,1.0,6,84087,M,,,84
201300036805,13,4,24,1015,1,2,1,1.0,6,84087,M,,,84
201300036806,13,9,12,845,1,2,1,7.0,6,84087,M,,,84
201300036807,13,9,13,840,1,2,1,7.0,6,84087,M,,,84
201300036808,13,10,1,1120,1,1,1,1.0,1,84087,M,,,84
201300036809,13,11,15,2030,5,2,1,2.0,3,84087,M,,,84
201300036810,13,1,9,1705,1,2,3,2.0,6,85191,M,4668998.0,-143514.0,85
201300036811,13,1,14,1826,5,2,6,3.0,6,85191,M,,,85
201300036812,13,1,16,430,3,1,1,3.0,6,85191,M,,,85
201300036813,13,1,30,1015,1,2,6,3.0,6,85191,M,,,85
201300036814,13,2,5,1810,1,2,1,2.0,6,85191,M,4667887.0,-142442.0,85
201300036815,13,2,14,1635,1,2,1,1.0,6,85191,M,,,85
201300036816,13,3,20,1140,1,2,2,1.0,6,85191,M,4665846.0,-144118.0,85
201300036817,13,4,14,2015,1,1,1,1.0,6,85191,M,4664365.0,-143838.0,85
201300036818,13,4,23,1653,1,1,1,1.0,3,85191,M,,,85
201300036819,13,5,14,1210,1,2,3,1.0,3,85191,M,,,85
201300036820,13,6,6,1050,1,2,1,1.0,6,85191,M,,,85
201300036821,13,6,8,1730,1,2,1,1.0,6,85191,M,4665452.0,-139598.0,85
201300036822,13,6,16,1740,1,1,3,1.0,6,85191,M,4665911.0,-147668.0,85
201300036823,13,6,18,1630,1,2,1,2.0,6,85191,M,,,85
201300036824,13,7,9,1725,1,1,1,1.0,1,85191,M,4671132.0,-141921.0,85
201300036825,13,7,10,1855,1,2,1,1.0,1,85191,M,,,85
201300036826,13,7,18,1645,1,2,1,1.0,6,85191,M,4669985.0,-143085.0,85
201300036827,13,8,23,1520,1,2,3,1.0,3,85191,M,4667129.0,-142040.0,85
201300036828,13,8,24,2130,5,2,2,1.0,3,85191,M,4667204.0,-142748.0,85
201300036829,13,9,17,1800,1,2,1,2.0,3,85191,M,,,85
201300036830,13,9,18,1750,1,1,1,1.0,3,85191,M,4664273.0,-141229.0,85
201300036831,13,9,30,1205,1,1,1,1.0,2,85191,M,,,85
201300036832,13,10,9,1455,1,2,3,1.0,3,85191,M,,,85
201300036833,13,11,5,740,1,2,2,3.0,6,85191,M,,,85
201300036834,13,11,25,745,1,2,1,1.0,6,85191,M,4667132.0,-141268.0,85
201300036835,13,11,29,900,1,2,3,1.0,3,85191,M,4666003.0,-144064.0,85
201300036836,13,11,28,1318,1,2,1,1.0,6,85191,M,,,85
201300036837,13,12,18,1225,1,2,1,8.0,3,85191,M,,,85
201300036838,13,12,31,2045,5,2,1,2.0,6,85191,M,,,85
201300036839,13,8,15,1200,1,1,1,1.0,4,85166,M,,,85
201300036840,13,1,2,2045,5,2,1,1.0,7,85194,M,,,85
201300036841,13,1,16,1820,5,2,1,1.0,6,85060,M,,,85
201300036842,13,2,6,1600,1,2,6,1.0,6,85166,M,,,85
201300036843,13,2,20,1350,1,2,1,1.0,6,85060,M,,,85
201300036844,13,3,5,1330,1,2,1,1.0,6,85194,M,4650184.0,-177447.0,85
201300036845,13,4,20,1815,1,1,2,1.0,3,85060,M,,,85
201300036846,13,5,4,1430,1,1,1,1.0,6,85060,M,,,85
201300036847,13,5,4,1210,1,2,1,1.0,6,85194,M,4649917.0,-178425.0,85
201300036848,13,5,12,130,3,1,1,1.0,1,85166,M,,,85
201300036849,13,5,25,305,5,2,2,1.0,6,85194,M,4650179.0,-178288.0,85
201300036850,13,6,7,230,5,2,1,1.0,7,85166,M,,,85
201300036851,13,6,7,40,5,2,1,1.0,6,85194,M,,,85
201300036852,13,6,4,2355,5,2,1,1.0,6,85166,M,,,85
201300036853,13,6,26,2315,5,2,1,1.0,6,85194,M,4649759.0,-178513.0,85
201300036854,13,6,16,2355,5,2,2,1.0,3,85060,M,,,85
201300036855,13,7,11,1005,1,2,2,1.0,6,85166,M,,,85
201300036856,13,7,13,1230,1,2,2,1.0,3,85194,M,4650795.0,-180658.0,85
201300036857,13,7,26,200,5,2,1,1.0,6,85194,M,4649575.0,-178099.0,85
201300036858,13,7,28,1930,1,1,1,1.0,1,85060,M,,,85
201300036859,13,8,1,1046,1,2,1,1.0,6,85194,M,4650318.0,-179906.0,85
201300036860,13,8,4,945,1,2,2,1.0,3,85194,M,4649589.0,-179476.0,85
201300036861,13,8,13,1400,1,2,1,1.0,6,85194,M,4648984.0,-176945.0,85
201300036862,13,8,22,230,5,2,2,1.0,3,85194,M,4649602.0,-176379.0,85
201300036863,13,8,22,1320,1,2,1,1.0,1,85166,M,,,85
201300036864,13,9,7,1820,1,2,1,1.0,7,85194,M,4650406.0,-178841.0,85
201300036865,13,9,15,1615,1,2,1,1.0,6,85194,M,4649445.0,-177280.0,85
201300036866,13,9,22,1310,1,2,1,1.0,2,85194,M,4650363.0,-178792.0,85
201300036867,13,10,4,1600,1,2,6,1.0,3,85194,M,,,85
201300036868,13,10,12,1255,1,1,6,2.0,7,85166,M,4651174.0,-175748.0,85
201300036869,13,10,21,1830,1,2,1,1.0,6,85194,M,,,85
201300036870,13,10,26,1605,1,2,1,1.0,6,85194,M,4649719.0,-179665.0,85
201300036871,13,10,31,1345,1,1,1,1.0,6,85166,M,,,85
201300036872,13,10,31,1930,5,2,1,1.0,2,85194,M,4650508.0,-178941.0,85
201300036873,13,10,31,1855,5,2,1,1.0,2,85166,M,,,85
201300036874,13,11,4,850,1,2,3,1.0,6,85060,M,,,85
201300036875,13,11,13,1725,2,2,2,1.0,3,85194,M,,,85
201300036876,13,11,17,1810,5,2,1,1.0,6,85194,M,,,85
201300036877,13,11,22,1400,1,2,1,1.0,6,85194,M,,,85
201300036878,13,12,16,2320,5,2,1,1.0,6,85166,M,,,85
201300036879,13,12,10,750,2,1,1,1.0,3,85166,M,,,85
201300036880,13,12,6,1510,1,2,1,1.0,2,85194,M,,,85
201300036881,13,12,18,1610,1,2,1,1.0,6,85194,M,,,85
201300036882,13,11,22,730,5,2,1,1.0,3,85166,M,,,85
201300036883,13,11,6,1200,1,2,1,1.0,1,85194,M,4649594.0,-177768.0,85
201300036884,13,12,6,1700,1,2,1,1.0,6,85194,M,4649802.0,-177851.0,85
201300036885,13,12,7,1850,5,2,2,1.0,3,85166,M,,,85
201300036886,13,12,11,1905,5,2,1,1.0,6,85166,M,,,85
201300036887,13,1,24,900,1,2,1,1.0,2,86066,M,,,86
201300036888,13,1,28,1015,1,1,1,1.0,6,86066,M,,,86
201300036889,13,2,21,1625,1,2,1,1.0,3,86066,M,,,86
201300036890,13,3,6,2010,5,2,6,1.0,3,86066,M,,,86
201300036891,13,4,19,904,1,2,1,1.0,6,86066,M,,,86
201300036892,13,6,1,1600,1,1,3,1.0,3,86066,M,,,86