Num_Acc,an,mois,jour,hrmn,lum,agg,int,atm,col,com,gps,lat,long,dep
201300036893,13,6,4,2040,1,1,6,1.0,6,86066,M,,,86
201300036894,13,6,20,1610,1,2,1,8.0,2,86066,M,,,86
201300036895,13,7,10,1100,1,2,1,1.0,6,86066,M,,,86
201300036896,13,7,29,1325,1,2,2,1.0,6,86066,M,,,86
201300036897,13,9,9,1405,1,2,1,1.0,6,86066,M,,,86
201300036898,13,9,12,1230,1,2,3,1.0,3,86066,M,,,86
201300036899,13,9,14,2025,5,2,1,3.0,6,86066,M,,,86
201300036900,13,9,16,1155,1,2,3,1.0,3,86066,M,,,86
201300036901,13,9,20,750,1,2,3,1.0,2,86066,M,,,86
201300036902,13,11,10,924,1,2,3,1.0,6,86066,M,,,86
201300036903,13,11,15,1945,5,2,1,1.0,6,86066,M,,,86
201300036904,13,11,21,840,1,2,1,1.0,6,86066,M,,,86
201300036905,13,11,22,1235,1,2,1,1.0,1,86066,M,,,86
201300036906,13,12,20,1710,2,2,1,1.0,6,86066,M,,,86
201300036907,13,1,2,1205,1,2,1,1.0,6,86194,M,,,86
201300036908,13,1,4,1240,1,2,3,1.0,3,86194,M,,,86
201300036909,13,1,10,755,2,1,1,2.0,4,86158,M,,,86
201300036910,13,1,15,1830,5,2,1,1.0,1,86194,M,,,86
201300036911,13,1,15,1920,3,1,3,8.0,5,86157,M,,,86
201300036912,13,1,16,1545,1,2,2,1.0,2,86194,M,,,86
201300036913,13,1,20,549,3,1,1,4.0,6,86133,M,,,86
201300036914,13,1,24,755,5,2,1,1.0,6,86194,M,,,86
201300036915,13,1,25,800,2,1,3,1.0,3,86158,M,,,86
201300036916,13,1,25,1735,1,2,3,1.0,3,86194,M,,,86
201300036917,13,1,26,1210,1,2,1,1.0,7,86194,M,,,86
201300036918,13,1,28,1834,5,2,1,2.0,6,86194,M,,,86
201300036919,13,1,29,1230,1,2,1,2.0,2,86157,M,,,86
201300036920,13,1,30,2000,5,2,1,1.0,6,86158,M,,,86
201300036921,13,1,31,1705,1,2,1,1.0,1,86194,M,,,86
201300036922,13,2,2,410,5,2,1,1.0,6,86194,M,,,86
201300036923,13,2,1,1250,1,2,1,3.0,4,86194,M,,,86
201300036924,13,2,5,750,2,2,2,1.0,3,86194,M,,,86
201300036925,13,2,7,1400,1,2,1,1.0,7,86194,M,,,86
201300036926,13,2,6,1500,1,2,1,1.0,6,86194,M,,,86
201300036927,13,2,13,2110,5,2,2,2.0,3,86194,M,,,86
201300036928,13,2,25,2140,5,2,2,4.0,3,86194,M,,,86
201300036929,13,3,2,235,5,2,1,1.0,7,86194,M,,,86
201300036930,13,3,4,1530,1,2,1,1.0,2,86194,M,,,86
201300036931,13,3,6,1955,5,2,3,1.0,3,86214,M,,,86
201300036932,13,3,8,2100,3,2,3,1.0,4,86157,M,,,86
201300036933,13,3,11,1100,1,2,6,1.0,3,86194,M,,,86
201300036934,13,3,17,405,5,2,1,2.0,6,86194,M,,,86
201300036935,13,3,17,1825,1,2,1,1.0,3,86194,M,,,86
201300036936,13,3,19,1310,1,2,6,2.0,3,86158,M,,,86
201300036937,13,3,26,1725,1,2,2,1.0,3,86194,M,,,86
201300036938,13,3,26,2105,5,2,1,1.0,6,86194,M,,,86
201300036939,13,3,27,750,1,1,1,1.0,3,86157,M,,,86
201300036940,13,3,27,1705,1,2,1,1.0,6,86041,M,,,86
201300036941,13,3,28,2315,5,2,1,1.0,6,86158,M,,,86
201300036942,13,3,29,1555,1,2,2,2.0,5,86194,M,,,86
201300036943,13,3,29,2030,5,2,2,1.0,3,86194,M,,,86
201300036944,13,4,4,2045,5,2,6,2.0,6,86194,M,,,86
201300036945,13,4,6,1,5,2,3,1.0,3,86194,M,,,86
201300036946,13,4,6,1515,1,2,1,1.0,2,86194,M,,,86
201300036947,13,4,8,2320,5,2,1,1.0,5,86194,M,,,86
201300036948,13,4,10,1750,1,2,3,1.0,3,86194,M,,,86
201300036949,13,4,12,1155,1,2,1,2.0,7,86214,M,,,86
201300036950,13,4,14,540,5,2,2,1.0,3,86194,M,,,86
201300036951,13,4,15,1220,1,2,6,1.0,3,86157,M,,,86
201300036952,13,4,18,1720,1,2,1,1.0,6,86194,M,,,86
201300036953,13,4,20,410,5,2,1,1.0,1,86194,M,,,86
201300036954,13,4,28,405,5,2,2,1.0,6,86194,M,,,86
201300036955,13,4,29,855,1,1,1,1.0,2,86041,M,,,86
201300036956,13,5,2,830,1,2,2,1.0,6,86194,M,,,86
201300036957,13,5,9,250,5,2,1,2.0,6,86158,M,,,86
201300036958,13,5,11,1505,1,2,2,1.0,3,86194,M,,,86
201300036959,13,5,15,900,1,2,8,1.0,6,86194,M,,,86
201300036960,13,5,16,745,1,2,1,1.0,3,86194,M,,,86
201300036961,13,5,16,1400,1,2,1,1.0,2,86194,M,,,86
201300036962,13,5,17,1715,1,2,1,1.0,4,86194,M,,,86
201300036963,13,5,17,1935,1,1,1,1.0,6,86157,M,,,86
201300036964,13,5,23,115,3,1,1,1.0,2,86157,M,,,86
201300036965,13,5,23,1330,1,2,6,1.0,3,86194,M,,,86
201300036966,13,5,24,2325,5,2,2,1.0,3,86194,M,,,86
201300036967,13,6,1,615,2,2,7,1.0,6,86194,M,,,86
201300036968,13,6,3,910,1,2,1,1.0,5,86157,M,,,86
201300036969,13,6,5,1435,1,1,1,1.0,2,86041,M,,,86
201300036970,13,6,5,1830,1,2,3,1.0,3,86194,M,,,86
201300036971,13,6,7,1100,1,2,2,7.0,6,86194,M,,,86
201300036972,13,6,10,1645,1,1,1,1.0,6,86157,M,,,86
201300036973,13,6,11,1610,1,2,1,1.0,1,86194,M,,,86
201300036974,13,6,17,125,5,2,1,1.0,6,86194,M,,,86
201300036975,13,6,17,1350,1,2,6,1.0,3,86194,M,,,86
201300036976,13,6,18,925,1,2,1,3.0,6,86214,M,,,86
201300036977,13,6,18,1200,1,2,1,3.0,7,86194,M,,,86
201300036978,13,6,24,735,1,2,2,1.0,3,86214,M,,,86
201300036979,13,6,26,910,1,2,2,1.0,2,86194,M,,,86
201300036980,13,7,2,1915,1,2,6,1.0,3,86194,M,,,86
201300036981,13,7,3,900,1,1,1,1.0,2,86157,M,,,86
201300036982,13,7,3,1510,1,2,1,1.0,4,86194,M,,,86
201300036983,13,7,3,2015,2,2,1,1.0,2,86214,M,,,86
201300036984,13,7,5,930,1,1,2,1.0,3,86158,M,,,86
201300036985,13,7,9,1730,1,2,1,1.0,7,86194,M,,,86
201300036986,13,7,12,1225,1,2,1,1.0,2,86157,M,,,86
201300036987,13,7,18,1055,1,2,1,7.0,6,86194,M,,,86
201300036988,13,7,18,1940,1,1,2,1.0,3,86027,M,,,86
201300036989,13,7,19,1025,1,2,2,1.0,3,86194,M,,,86
201300036990,13,7,22,150,5,2,1,1.0,6,86194,M,,,86
201300036991,13,7,22,1045,1,2,2,1.0,3,86194,M,,,86
201300036992,13,7,23,1232,1,2,3,2.0,3,86194,M,,,86
201300036993,13,7,25,2205,5,2,2,1.0,3,86194,M,,,86
201300036994,13,7,28,1825,1,2,6,1.0,3,86194,M,,,86
201300036995,13,7,30,1000,1,1,2,1.0,3,86157,M,,,86
201300036996,13,7,30,1610,1,1,1,1.0,2,86133,M,,,86
201300036997,13,7,30,1715,1,1,1,1.0,6,86158,M,,,86
201300036998,13,8,1,2155,3,2,3,1.0,3,86194,M,,,86
201300036999,13,8,2,1255,1,2,1,1.0,6,86194,M,,,86
201300037000,13,8,2,1640,1,2,1,1.0,5,86214,M,,,86
201300037001,13,8,4,1300,1,1,3,1.0,7,86157,M,,,86
201300037002,13,8,4,1315,1,1,3,1.0,3,86157,M,,,86
201300037003,13,8,7,1925,1,2,1,1.0,2,86194,M,,,86
201300037004,13,8,17,2030,2,2,1,1.0,3,86194,M,,,86
201300037005,13,8,21,805,1,2,3,1.0,3,86041,M,,,86
201300037006,13,8,21,1605,1,2,2,1.0,6,86194,M,,,86
201300037007,13,8,22,205,3,1,1,1.0,6,86194,M,,,86
201300037008,13,8,22,830,1,2,6,1.0,4,86214,M,,,86
201300037009,13,8,24,330,3,2,1,1.0,7,86194,M,,,86
201300037010,13,8,31,1935,1,2,1,1.0,6,86194,M,,,86
201300037011,13,9,1,2110,5,2,1,1.0,6,86194,M,,,86
201300037012,13,9,3,1725,1,2,1,1.0,3,86194,M,,,86
201300037013,13,9,3,2115,5,2,4,1.0,6,86214,M,,,86
201300037014,13,9,6,2125,5,1,1,1.0,6,86041,M,,,86
201300037015,13,9,10,1850,1,2,1,1.0,3,86194,M,,,86
201300037016,13,9,10,1920,1,2,2,1.0,6,86194,M,,,86
201300037017,13,9,12,1115,1,1,1,1.0,2,86158,M,,,86
201300037018,13,9,14,1740,1,2,2,3.0,4,86194,M,,,86
201300037019,13,9,15,2130,5,2,3,1.0,3,86194,M,,,86
201300037020,13,9,15,2030,5,2,1,1.0,6,86194,M,,,86
201300037021,13,9,14,1440,1,2,1,2.0,6,86214,M,,,86
201300037022,13,9,16,1820,1,2,3,1.0,3,86194,M,,,86
201300037023,13,9,18,735,4,2,3,2.0,3,86194,M,,,86
201300037024,13,9,19,1730,1,2,1,1.0,4,86194,M,,,86
201300037025,13,9,24,845,1,2,3,1.0,3,86214,M,,,86
201300037026,13,9,25,1710,1,2,2,1.0,5,86194,M,,,86
201300037027,13,9,26,1800,1,2,2,1.0,3,86194,M,,,86
201300037028,13,9,27,810,1,2,2,1.0,3,86194,M,,,86
201300037029,13,9,27,905,1,2,1,1.0,3,86194,M,,,86
201300037030,13,9,27,1750,1,2,1,1.0,3,86194,M,,,86
201300037031,13,9,29,1930,3,1,1,3.0,2,86194,M,,,86
201300037032,13,9,30,2125,5,2,3,1.0,3,86194,M,,,86
201300037033,13,10,1,1920,2,2,1,1.0,6,86194,M,,,86
201300037034,13,10,4,725,5,2,1,1.0,3,86158,M,,,86
201300037035,13,10,4,1720,1,1,1,2.0,3,86158,M,,,86
201300037036,13,10,7,1330,1,1,6,1.0,2,86158,M,,,86
201300037037,13,10,9,2030,5,2,1,1.0,1,86194,M,,,86
201300037038,13,10,10,1725,1,1,1,1.0,5,86157,M,,,86
201300037039,13,10,13,1000,1,1,1,5.0,6,86158,M,,,86
201300037040,13,10,16,1710,1,2,2,1.0,3,86194,M,,,86
201300037041,13,10,20,1355,1,2,2,1.0,3,86194,M,,,86
201300037042,13,10,21,1845,1,2,2,1.0,3,86194,M,,,86
201300037043,13,10,24,1530,1,2,3,1.0,3,86041,M,,,86
201300037044,13,10,24,2020,5,2,2,1.0,3,86194,M,,,86
201300037045,13,10,26,1725,1,2,2,1.0,3,86194,M,,,86
201300037046,13,10,26,2000,5,2,1,1.0,3,86194,M,,,86
201300037047,13,10,28,945,1,2,1,1.0,2,86194,M,,,86
201300037048,13,10,30,1215,1,2,1,1.0,4,86214,M,,,86
201300037049,13,11,2,2125,5,2,1,2.0,6,86194,M,,,86
201300037050,13,11,3,55,5,2,2,2.0,3,86194,M,,,86
201300037051,13,11,5,1910,5,2,3,1.0,3,86194,M,,,86
201300037052,13,11,6,515,5,2,2,2.0,6,86194,M,,,86
201300037053,13,11,8,1040,1,1,1,2.0,6,86194,M,,,86
201300037054,13,11,11,1640,1,2,3,1.0,3,86194,M,,,86
201300037055,13,11,12,1555,1,2,2,1.0,3,86194,M,,,86
201300037056,13,11,12,1815,5,2,1,2.0,6,86194,M,,,86
201300037057,13,11,14,940,1,2,1,1.0,7,86194,M,,,86
201300037058,13,11,15,1125,1,2,1,2.0,6,86027,M,,,86
201300037059,13,11,18,1415,1,1,1,1.0,6,86157,M,,,86
201300037060,13,11,19,1510,1,2,2,1.0,3,86194,M,,,86
201300037061,13,11,20,230,5,2,3,1.0,6,86194,M,,,86
201300037062,13,11,20,1100,1,2,1,1.0,7,86194,M,,,86
201300037063,13,11,20,2235,3,1,1,2.0,7,86158,M,,,86
201300037064,13,11,21,755,2,2,6,2.0,6,86194,M,,,86
201300037065,13,11,21,1740,5,2,1,2.0,3,86194,M,,,86
201300037066,13,11,21,1810,5,2,1,2.0,6,86194,M,,,86
201300037067,13,11,29,810,2,2,6,1.0,3,86194,M,,,86
201300037068,13,11,28,1715,5,2,3,1.0,3,86194,M,,,86
201300037069,13,11,30,2155,5,2,1,1.0,6,86041,M,,,86
201300037070,13,12,3,1830,5,2,6,1.0,6,86194,M,,,86
201300037071,13,12,4,1635,2,1,1,1.0,2,86158,M,,,86
201300037072,13,12,5,1610,1,2,1,1.0,6,86194,M,,,86
201300037073,13,12,6,2100,5,2,2,1.0,1,86214,M,,,86
201300037074,13,12,7,2340,5,2,1,1.0,6,86194,M,,,86
201300037075,13,12,9,1820,5,2,3,1.0,3,86194,M,,,86
201300037076,13,12,11,722,2,2,1,1.0,7,86194,M,,,86
201300037077,13,12,12,1320,1,2,1,1.0,6,86194,M,,,86
201300037078,13,12,13,810,2,1,1,9.0,6,86041,M,,,86
201300037079,13,12,13,800,2,1,1,5.0,2,86041,M,,,86
201300037080,13,12,14,1040,1,2,2,5.0,3,86157,M,,,86
201300037081,13,12,15,120,4,1,1,1.0,6,86158,M,,,86
201300037082,13,12,16,1910,5,2,2,1.0,6,86214,M,,,86
201300037083,13,12,19,1645,1,2,4,1.0,3,86194,M,,,86
201300037084,13,12,20,1155,1,2,1,1.0,2,86158,M,,,86
201300037085,13,12,21,1445,1,1,1,1.0,6,86214,M,,,86
201300037086,13,12,23,1045,1,2,2,1.0,4,86214,M,,,86
201300037087,13,12,28,2235,5,2,3,2.0,7,86158,M,,,86
201300037088,13,12,29,1005,1,1,1,1.0,1,86133,M,,,86
201300037089,13,12,31,1215,1,2,2,1.0,3,86194,M,,,86
201300037090,13,12,31,1810,5,2,3,3.0,3,86194,M,,,86
201300037091,13,1,1,1510,1,1,1,1.0,6,87085,M,,,87
201300037092,13,1,2,1236,1,2,3,1.0,3,87085,M,,,87
201300037093,13,1,5,1446,1,2,1,1.0,6,87085,M,,,87
201300037094,13,1,5,1301,1,2,1,1.0,6,87085,M,,,87
201300037095,13,1,5,1651,1,2,1,1.0,2,87085,M,,,87
201300037096,13,1,7,450,3,1,1,5.0,6,87050,M,,,87
201300037097,13,1,7,1833,5,2,1,5.0,6,87050,M,,,87
201300037098,13,1,8,1723,1,2,1,2.0,6,87085,M,,,87
201300037099,13,1,10,214,5,2,1,1.0,2,87085,M,,,87
201300037100,13,1,10,829,1,2,1,2.0,6,87085,M,,,87
201300037101,13,1,10,2354,5,1,1,1.0,6,87085,M,,,87
201300037102,13,1,11,1906,5,2,3,1.0,3,87085,M,,,87
201300037103,13,1,12,1757,5,2,1,2.0,6,87114,M,,,87
201300037104,13,1,13,1850,5,2,1,1.0,2,87085,M,,,87
201300037105,13,1,17,1100,1,2,1,1.0,2,87085,M,,,87
201300037106,13,1,17,1143,1,2,1,1.0,6,87085,M,,,87
201300037107,13,1,19,1959,5,2,1,2.0,3,87065,M,,,87
201300037108,13,1,22,750,5,2,3,1.0,3,87085,M,,,87
201300037109,13,1,22,1005,1,2,1,2.0,6,87085,M,,,87
201300037110,13,1,22,853,1,2,1,1.0,6,87085,M,,,87
201300037111,13,1,27,1641,1,2,3,2.0,3,87085,M,,,87
201300037112,13,1,28,753,5,2,1,2.0,3,87085,M,,,87
201300037113,13,1,29,1002,1,2,1,1.0,2,87085,M,,,87
201300037114,13,1,30,1804,5,2,1,2.0,6,87085,M,,,87
201300037115,13,1,31,813,1,2,1,2.0,2,87085,M,,,87
201300037116,13,2,1,1210,1,2,1,3.0,2,87050,M,,,87
201300037117,13,2,4,851,1,1,1,2.0,6,87085,M,,,87
201300037118,13,2,4,958,1,2,2,2.0,6,87085,M,,,87
201300037119,13,2,4,1701,1,1,2,2.0,6,87085,M,,,87
201300037120,13,2,6,1602,1,2,1,2.0,3,87085,M,,,87
201300037121,13,2,8,1817,5,2,3,1.0,3,87113,M,,,87
201300037122,13,2,9,2010,5,2,1,4.0,6,87085,M,,,87
201300037123,13,2,15,1257,1,2,2,1.0,3,87085,M,,,87
201300037124,13,2,19,948,1,2,1,1.0,2,87065,M,,,87
201300037125,13,2,22,2002,5,2,3,1.0,1,87085,M,,,87
201300037126,13,2,23,1816,1,2,3,4.0,3,87085,M,,,87
201300037127,13,2,24,2215,5,2,1,4.0,6,87085,M,,,87
201300037128,13,2,25,1154,1,2,1,4.0,6,87085,M,,,87
201300037129,13,2,26,844,1,1,1,1.0,2,87085,M,,,87
201300037130,13,2,26,1859,5,1,1,1.0,2,87085,M,,,87
201300037131,13,2,27,1605,1,2,1,1.0,6,87085,M,,,87
201300037132,13,2,27,1510,1,1,1,1.0,6,87075,M,,,87
201300037133,13,2,28,1950,5,2,1,1.0,6,87085,M,,,87
201300037134,13,3,2,2234,5,2,2,1.0,3,87085,M,,,87
201300037135,13,3,3,2041,3,1,1,1.0,2,87085,M,,,87
201300037136,13,3,4,1821,1,2,1,1.0,3,87065,M,,,87
201300037137,13,3,6,1353,1,2,1,2.0,6,87085,M,,,87
201300037138,13,3,8,1750,5,2,1,2.0,6,87085,M,,,87
201300037139,13,3,9,1530,1,1,1,1.0,6,87114,M,,,87
201300037140,13,3,9,1733,1,2,3,1.0,3,87085,M,,,87
201300037141,13,3,12,826,1,2,1,2.0,2,87085,M,,,87
201300037142,13,3,13,1401,1,2,3,1.0,3,87085,M,,,87
201300037143,13,3,15,1410,1,2,1,1.0,6,87085,M,,,87
201300037144,13,3,22,2300,5,2,1,1.0,3,87085,M,,,87
201300037145,13,3,25,1955,3,1,1,1.0,6,87085,M,,,87
201300037146,13,3,26,1219,1,2,1,1.0,3,87085,M,,,87
201300037147,13,4,2,1041,1,2,1,1.0,6,87085,M,,,87
201300037148,13,4,3,1350,1,1,3,1.0,3,87048,M,,,87
201300037149,13,4,3,1715,1,2,2,1.0,3,87085,M,,,87
201300037150,13,4,3,1926,1,2,1,1.0,6,87075,M,,,87
201300037151,13,4,4,1716,1,2,1,2.0,6,87085,M,,,87
201300037152,13,4,4,1918,1,1,1,2.0,6,87085,M,,,87
201300037153,13,4,5,1426,1,2,1,1.0,2,87085,M,,,87
201300037154,13,4,5,1541,1,2,1,1.0,6,87085,M,,,87
201300037155,13,4,5,1712,1,2,1,1.0,3,87085,M,,,87
201300037156,13,4,6,2126,5,2,1,1.0,3,87085,M,,,87
201300037157,13,4,7,2319,5,2,1,1.0,6,87085,M,,,87
201300037158,13,4,11,1720,1,2,1,3.0,6,87085,M,,,87
201300037159,13,4,12,1305,1,2,2,2.0,3,87085,M,,,87
201300037160,13,4,12,1850,1,2,2,1.0,3,87085,M,,,87
201300037161,13,4,13,1735,1,2,2,1.0,5,87085,M,,,87
201300037162,13,4,18,1044,1,2,1,1.0,6,87085,M,,,87
201300037163,13,4,19,1716,1,2,1,1.0,6,87085,M,,,87
201300037164,13,4,22,850,1,2,1,1.0,6,87065,M,,,87
201300037165,13,4,22,1717,1,2,1,1.0,6,87085,M,,,87
201300037166,13,4,25,1639,1,2,1,1.0,1,87085,M,,,87
201300037167,13,4,29,1226,1,2,9,1.0,6,87085,M,,,87
201300037168,13,4,30,808,1,2,1,2.0,3,87050,M,,,87
201300037169,13,5,2,750,1,1,1,3.0,6,87085,M,,,87
201300037170,13,5,3,1126,1,2,3,1.0,3,87085,M,,,87
201300037171,13,5,6,1156,1,2,1,1.0,2,87085,M,,,87
201300037172,13,5,8,1600,1,2,2,1.0,3,87085,M,,,87
201300037173,13,5,11,1026,1,2,1,1.0,2,87113,M,,,87
201300037174,13,5,11,744,2,1,1,1.0,6,87113,M,,,87
201300037175,13,5,11,1504,1,1,1,1.0,1,87085,M,,,87
201300037176,13,5,12,816,1,1,1,2.0,6,87048,M,,,87
201300037177,13,5,13,1808,1,2,1,1.0,3,87085,M,,,87
201300037178,13,5,15,1032,1,2,2,1.0,3,87114,M,,,87
201300037179,13,5,15,1353,1,2,9,1.0,6,87085,M,,,87
201300037180,13,5,16,750,2,1,1,1.0,6,87114,M,,,87
201300037181,13,5,16,815,1,2,1,1.0,6,87085,M,,,87
201300037182,13,5,17,832,1,2,2,1.0,6,87085,M,,,87
201300037183,13,5,17,1805,1,2,1,1.0,6,87085,M,,,87
201300037184,13,5,18,945,1,1,1,2.0,6,87048,M,,,87
201300037185,13,5,18,1049,1,1,1,3.0,6,87085,M,,,87
201300037186,13,5,18,1315,1,2,1,2.0,2,87085,M,,,87
201300037187,13,5,20,1229,1,1,1,2.0,6,87085,M,,,87
201300037188,13,5,20,1429,1,2,1,3.0,6,87050,M,,,87
201300037189,13,5,21,1702,1,2,9,2.0,2,87085,M,,,87
201300037190,13,5,22,1538,1,2,1,1.0,6,87085,M,,,87
201300037191,13,5,23,959,1,2,1,1.0,6,87085,M,,,87
201300037192,13,5,24,830,1,2,1,1.0,4,87085,M,,,87
201300037193,13,5,27,1245,1,1,1,1.0,1,87050,M,,,87
201300037194,13,5,27,1315,1,2,1,2.0,6,87085,M,,,87
201300037195,13,5,27,1951,1,2,1,1.0,6,87085,M,,,87
201300037196,13,5,28,839,1,1,1,1.0,4,87048,M,,,87
201300037197,13,5,28,1350,1,2,1,2.0,6,87085,M,,,87
201300037198,13,5,28,1552,1,2,1,3.0,6,87085,M,,,87
201300037199,13,5,29,1228,1,2,1,2.0,6,87085,M,,,87
201300037200,13,5,29,1756,2,2,3,2.0,3,87085,M,,,87
201300037201,13,5,30,906,1,2,2,1.0,6,87114,M,,,87
201300037202,13,5,30,1235,1,2,1,2.0,6,87085,M,,,87
201300037203,13,5,31,1755,1,1,3,1.0,6,87075,M,,,87
201300037204,13,5,31,2158,5,1,1,1.0,6,87065,M,,,87
201300037205,13,6,3,1025,1,2,1,1.0,6,87085,M,,,87
201300037206,13,6,3,1706,1,2,1,1.0,4,87114,M,,,87
201300037207,13,6,4,1136,1,2,2,1.0,6,87085,M,,,87
201300037208,13,6,5,1047,1,1,1,1.0,5,87085,M,,,87
201300037209,13,6,7,1543,1,2,3,1.0,6,87085,M,,,87
201300037210,13,6,8,1348,1,1,1,2.0,1,87085,M,,,87
201300037211,13,6,8,1537,1,2,1,2.0,3,87085,M,,,87
201300037212,13,6,9,41,5,2,1,1.0,6,87085,M,,,87
201300037213,13,6,9,1237,1,2,2,1.0,3,87085,M,,,87
201300037214,13,6,12,1517,1,2,1,1.0,6,87085,M,,,87
201300037215,13,6,12,1706,1,2,1,1.0,2,87085,M,,,87
201300037216,13,6,13,1322,1,2,1,3.0,6,87065,M,,,87
201300037217,13,6,13,1658,1,1,1,3.0,2,87085,M,,,87
201300037218,13,6,14,1359,1,2,1,1.0,2,87085,M,,,87
201300037219,13,6,15,500,1,1,1,1.0,6,87075,M,,,87
201300037220,13,6,16,1205,1,2,1,1.0,6,87085,M,,,87
201300037221,13,6,17,1942,1,2,3,1.0,3,87085,M,,,87
201300037222,13,6,19,751,1,2,1,2.0,2,87085,M,,,87
201300037223,13,6,20,1723,1,2,2,2.0,3,87085,M,,,87
201300037224,13,6,20,1704,1,2,1,2.0,6,87085,M,,,87
201300037225,13,6,23,1032,1,2,1,1.0,6,87085,M,,,87
201300037226,13,6,26,1421,1,1,1,1.0,3,87085,M,,,87
201300037227,13,6,27,1449,1,1,1,1.0,2,87065,M,,,87
201300037228,13,6,28,1812,1,2,1,1.0,6,87085,M,,,87
201300037229,13,6,29,133,3,1,1,1.0,6,87114,M,,,87
201300037230,13,6,30,122,5,2,1,1.0,6,87085,M,,,87
201300037231,13,6,30,1021,1,2,1,1.0,2,87085,M,,,87
201300037232,13,6,30,1742,1,2,2,1.0,2,87085,M,,,87
201300037233,13,6,30,1854,1,2,1,1.0,6,87085,M,,,87
201300037234,13,6,30,1905,1,2,1,1.0,6,87050,M,,,87
201300037235,13,7,2,910,1,1,1,1.0,6,87113,M,,,87
201300037236,13,7,3,833,1,2,1,2.0,7,87085,M,,,87
201300037237,13,7,3,1802,1,2,1,2.0,6,87085,M,,,87
201300037238,13,7,3,1853,1,1,1,1.0,2,87075,M,,,87
201300037239,13,7,6,1001,1,1,3,1.0,1,87048,M,,,87
201300037240,13,7,6,1142,1,2,1,1.0,2,87085,M,,,87
201300037241,13,7,6,1620,1,2,3,1.0,7,87085,M,,,87
201300037242,13,7,6,2119,1,2,1,1.0,6,87113,M,,,87
201300037243,13,7,7,1828,1,2,2,1.0,3,87085,M,,,87
201300037244,13,7,8,1104,1,2,1,1.0,6,87113,M,,,87
201300037245,13,7,9,1334,1,2,2,1.0,3,87085,M,,,87
201300037246,13,7,9,1707,1,2,3,1.0,6,87085,M,,,87
201300037247,13,7,10,1727,1,2,2,1.0,3,87085,M,,,87
201300037248,13,7,11,1613,1,2,3,1.0,1,87085,M,,,87
201300037249,13,7,11,1804,1,2,1,1.0,2,87065,M,,,87
201300037250,13,7,12,2025,1,1,1,1.0,6,87048,M,,,87
201300037251,13,7,13,1803,1,2,3,1.0,3,87085,M,,,87
201300037252,13,7,13,1929,1,2,3,1.0,4,87085,M,,,87
201300037253,13,7,17,1927,1,2,3,1.0,3,87085,M,,,87
201300037254,13,7,18,810,1,1,1,1.0,6,87085,M,,,87
201300037255,13,7,18,827,1,1,1,1.0,3,87085,M,,,87
201300037256,13,7,19,436,3,1,1,1.0,1,87050,M,,,87
201300037257,13,7,19,2057,2,2,1,1.0,6,87085,M,,,87
201300037258,13,7,20,2014,1,1,1,2.0,6,87085,M,,,87
201300037259,13,7,21,1820,1,2,3,1.0,3,87075,M,,,87
201300037260,13,7,22,2108,2,1,1,1.0,6,87085,M,,,87
201300037261,13,7,23,1220,1,2,3,1.0,3,87085,M,,,87
201300037262,13,7,23,1058,1,2,2,1.0,3,87085,M,,,87
201300037263,13,7,23,1447,1,1,1,1.0,2,87085,M,,,87
201300037264,13,7,23,1700,1,2,1,2.0,6,87085,M,,,87
201300037265,13,7,24,1552,1,2,1,1.0,2,87085,M,,,87
201300037266,13,7,25,808,1,2,1,1.0,6,87085,M,,,87
201300037267,13,7,25,1527,1,2,3,1.0,3,87085,M,,,87
201300037268,13,7,28,1900,1,2,2,1.0,3,87085,M,,,87
201300037269,13,7,29,1252,1,2,3,1.0,3,87085,M,,,87
201300037270,13,8,2,2146,5,2,2,1.0,3,87085,M,,,87
201300037271,13,8,6,819,1,2,2,1.0,3,87085,M,,,87
201300037272,13,8,7,933,1,2,1,1.0,4,87085,M,,,87
201300037273,13,8,8,1330,1,1,1,2.0,6,87085,M,,,87
201300037274,13,8,9,1904,1,2,1,1.0,6,87085,M,,,87
201300037275,13,8,13,1213,1,2,1,1.0,2,87085,M,,,87
201300037276,13,8,14,1327,1,2,1,1.0,6,87085,M,,,87
201300037277,13,8,16,1525,1,2,2,1.0,3,87085,M,,,87
201300037278,13,8,18,1847,1,2,2,1.0,3,87085,M,,,87
201300037279,13,8,18,1550,1,1,2,1.0,3,87050,M,,,87
201300037280,13,8,19,736,1,2,1,1.0,6,87085,M,,,87
201300037281,13,8,20,2017,1,1,3,1.0,5,87050,M,,,87
201300037282,13,8,21,1355,1,2,2,1.0,3,87085,M,,,87
201300037283,13,8,22,1227,1,2,1,1.0,6,87085,M,,,87
201300037284,13,8,24,1022,1,1,1,1.0,2,87085,M,,,87
201300037285,13,8,24,1912,1,2,1,1.0,6,87085,M,,,87
201300037286,13,8,25,1943,1,1,1,1.0,5,87085,M,,,87
201300037287,13,8,27,1653,1,1,1,2.0,2,87085,M,,,87
201300037288,13,8,29,1451,1,2,1,1.0,2,87085,M,,,87
201300037289,13,8,31,2230,5,2,1,1.0,2,87113,M,,,87
201300037290,13,9,1,548,5,1,1,1.0,6,87075,M,,,87
201300037291,13,9,2,652,3,1,1,1.0,4,87085,M,,,87
201300037292,13,9,2,1838,1,2,1,1.0,6,87085,M,,,87
201300037293,13,9,3,1842,1,1,1,1.0,2,87065,M,,,87
201300037294,13,9,4,827,1,2,2,1.0,3,87085,M,,,87
201300037295,13,9,4,941,1,2,3,1.0,2,87085,M,,,87
201300037296,13,9,5,1153,1,2,1,1.0,6,87085,M,,,87
201300037297,13,9,5,1750,1,2,3,1.0,3,87085,M,,,87
201300037298,13,9,6,910,1,1,1,1.0,6,87085,M,,,87