Num_Acc,an,mois,jour,hrmn,lum,agg,int,atm,col,com,gps,lat,long,dep
201300037299,13,9,7,1750,1,1,1,2.0,6,87085,M,,,87
201300037300,13,9,7,2108,2,1,1,2.0,7,87085,M,,,87
201300037301,13,9,9,1725,1,2,1,1.0,6,87085,M,,,87
201300037302,13,9,13,1220,1,1,1,2.0,4,87085,M,,,87
201300037303,13,9,13,2231,5,2,3,1.0,3,87085,M,,,87
201300037304,13,9,14,115,5,1,1,1.0,2,87085,M,,,87
201300037305,13,9,14,1227,1,2,1,1.0,1,87050,M,,,87
201300037306,13,9,14,1408,1,1,1,1.0,1,87050,M,,,87
201300037307,13,9,14,1640,1,2,3,2.0,3,87085,M,,,87
201300037308,13,9,15,2054,5,2,9,1.0,3,87085,M,,,87
201300037309,13,9,16,733,2,1,1,2.0,6,87085,M,,,87
201300037310,13,9,16,849,1,2,3,2.0,3,87085,M,,,87
201300037311,13,9,16,1159,1,2,1,2.0,6,87085,M,,,87
201300037312,13,9,17,743,1,1,1,1.0,4,87114,M,,,87
201300037313,13,9,17,1632,1,2,1,2.0,1,87085,M,,,87
201300037314,13,9,23,1050,1,2,3,1.0,3,87085,M,,,87
201300037315,13,9,23,2005,5,2,1,1.0,6,87085,M,,,87
201300037316,13,9,24,1400,1,2,1,1.0,6,87085,M,,,87
201300037317,13,9,24,1610,1,2,1,1.0,6,87085,M,,,87
201300037318,13,9,24,1719,1,2,1,1.0,6,87085,M,,,87
201300037319,13,9,24,1847,1,1,1,1.0,4,87050,M,,,87
201300037320,13,9,25,950,1,2,1,1.0,2,87085,M,,,87
201300037321,13,9,25,1523,1,2,3,1.0,3,87085,M,,,87
201300037322,13,9,25,1949,2,2,3,1.0,6,87085,M,,,87
201300037323,13,9,25,2214,5,2,3,1.0,6,87085,M,,,87
201300037324,13,9,26,1717,1,1,1,1.0,4,87085,M,,,87
201300037325,13,9,27,1231,1,2,1,1.0,3,87050,M,,,87
201300037326,13,9,28,1450,1,2,1,1.0,4,87113,M,,,87
201300037327,13,9,29,1639,1,2,1,2.0,6,87085,M,,,87
201300037328,13,10,1,2124,5,2,2,1.0,3,87085,M,,,87
201300037329,13,10,1,2231,5,2,3,1.0,1,87113,M,,,87
201300037330,13,10,2,1217,1,2,1,1.0,6,87114,M,,,87
201300037331,13,10,2,1549,1,2,1,1.0,3,87085,M,,,87
201300037332,13,10,3,1533,1,2,3,1.0,3,87085,M,,,87
201300037333,13,10,4,753,5,2,2,2.0,3,87085,M,,,87
201300037334,13,10,4,1530,1,2,1,1.0,6,87085,M,,,87
201300037335,13,10,4,1933,5,2,1,3.0,6,87085,M,,,87
201300037336,13,10,5,2316,5,2,1,1.0,2,87085,M,,,87
201300037337,13,10,6,532,3,1,3,1.0,6,87048,M,,,87
201300037338,13,10,6,2003,5,2,2,1.0,3,87085,M,,,87
201300037339,13,10,15,1029,1,2,3,1.0,3,87085,M,,,87
201300037340,13,10,16,1100,1,2,2,2.0,6,87085,M,,,87
201300037341,13,10,16,1208,1,1,1,1.0,1,87050,M,,,87
201300037342,13,10,17,737,1,2,1,1.0,2,87085,M,,,87
201300037343,13,10,18,833,1,2,1,1.0,6,87085,M,,,87
201300037344,13,10,19,2108,5,2,1,1.0,6,87085,M,,,87
201300037345,13,10,21,1825,1,2,3,1.0,3,87085,M,,,87
201300037346,13,10,22,1706,1,2,3,1.0,3,87085,M,,,87
201300037347,13,10,23,2147,5,2,1,1.0,6,87085,M,,,87
201300037348,13,10,24,1155,1,2,1,1.0,6,87085,M,,,87
201300037349,13,10,24,1233,1,2,3,1.0,3,87085,M,,,87
201300037350,13,10,29,1022,1,2,1,1.0,6,87085,M,,,87
201300037351,13,10,31,100,5,2,1,1.0,6,87085,M,,,87
201300037352,13,10,31,704,2,2,3,1.0,2,87113,M,,,87
201300037353,13,10,31,1404,1,2,2,1.0,3,87085,M,,,87
201300037354,13,11,6,1822,5,2,1,1.0,6,87085,M,,,87
201300037355,13,11,7,1357,1,2,2,1.0,2,87085,M,,,87
201300037356,13,11,9,1624,1,1,1,2.0,6,87085,M,,,87
201300037357,13,11,9,1740,5,2,1,2.0,6,87050,M,,,87
201300037358,13,11,11,1109,1,2,3,1.0,3,87085,M,,,87
201300037359,13,11,14,1250,1,2,1,1.0,6,87085,M,,,87
201300037360,13,11,14,1713,5,2,3,2.0,3,87085,M,,,87
201300037361,13,11,15,1356,1,2,1,2.0,1,87113,M,,,87
201300037362,13,11,16,526,5,2,1,1.0,6,87085,M,,,87
201300037363,13,11,18,737,5,2,1,1.0,6,87085,M,,,87
201300037364,13,11,19,1330,1,2,1,2.0,2,87085,M,,,87
201300037365,13,11,19,1305,1,2,1,1.0,2,87085,M,,,87
201300037366,13,11,19,1750,5,2,1,2.0,6,87085,M,,,87
201300037367,13,11,21,1804,5,2,1,3.0,3,87114,M,,,87
201300037368,13,11,23,1427,1,2,1,1.0,6,87085,M,,,87
201300037369,13,11,26,1229,1,2,1,1.0,6,87085,M,,,87
201300037370,13,11,26,1419,1,1,1,1.0,6,87085,M,,,87
201300037371,13,11,26,1709,1,2,1,1.0,3,87085,M,,,87
201300037372,13,11,27,1235,1,2,1,1.0,4,87113,M,,,87
201300037373,13,11,27,2038,5,2,1,1.0,6,87085,M,,,87
201300037374,13,11,27,2147,5,2,3,1.0,3,87085,M,,,87
201300037375,13,11,28,1108,1,1,1,1.0,6,87085,M,,,87
201300037376,13,11,29,1751,5,2,1,1.0,2,87085,M,,,87
201300037377,13,11,30,1252,1,2,3,1.0,3,87085,M,,,87
201300037378,13,11,30,1611,1,2,2,1.0,3,87085,M,,,87
201300037379,13,12,2,734,5,1,1,1.0,2,87085,M,,,87
201300037380,13,12,2,1751,5,2,3,1.0,1,87085,M,,,87
201300037381,13,12,2,1725,1,2,1,1.0,3,87075,M,,,87
201300037382,13,12,4,930,1,2,3,1.0,6,87085,M,,,87
201300037383,13,12,5,806,1,2,1,1.0,6,87085,M,,,87
201300037384,13,12,5,1750,5,2,3,1.0,2,87085,M,,,87
201300037385,13,12,6,1458,1,1,1,1.0,6,87085,M,,,87
201300037386,13,12,6,1558,1,1,3,1.0,3,87050,M,,,87
201300037387,13,12,10,1214,1,2,1,1.0,6,87085,M,,,87
201300037388,13,12,11,1528,1,2,3,1.0,3,87085,M,,,87
201300037389,13,12,11,1727,5,2,1,1.0,6,87085,M,,,87
201300037390,13,12,12,1815,5,2,1,1.0,2,87085,M,,,87
201300037391,13,12,12,1755,5,2,1,1.0,6,87085,M,,,87
201300037392,13,12,13,1404,1,2,1,1.0,6,87085,M,,,87
201300037393,13,12,16,752,5,2,2,1.0,3,87085,M,,,87
201300037394,13,12,19,1452,1,2,1,1.0,6,87075,M,,,87
201300037395,13,12,20,751,5,2,3,1.0,3,87085,M,,,87
201300037396,13,12,20,1134,1,2,1,1.0,2,87085,M,,,87
201300037397,13,12,23,1325,1,2,1,1.0,3,87085,M,,,87
201300037398,13,12,23,1649,1,2,2,1.0,2,87085,M,,,87
201300037399,13,12,24,1445,1,2,1,1.0,2,87085,M,,,87
201300037400,13,12,24,1545,1,2,1,1.0,6,87085,M,,,87
201300037401,13,12,28,1316,1,1,1,2.0,4,87085,M,,,87
201300037402,13,12,28,1815,5,2,1,1.0,6,87085,M,,,87
201300037403,13,12,31,2236,5,2,1,3.0,2,87085,M,,,87
201300037404,13,3,22,915,1,2,3,1.0,6,88160,M,4816508.0,644995.0,88
201300037405,13,3,22,1245,1,2,1,1.0,6,88209,M,4821246.0,643568.0,88
201300037406,13,6,13,2050,5,2,2,3.0,3,88087,M,4817070.0,643502.0,88
201300037407,13,1,26,410,5,2,2,1.0,1,88160,M,4819399.0,645417.0,88
201300037408,13,2,11,1719,1,2,2,4.0,5,88209,M,4818805.0,642688.0,88
201300037409,13,2,9,540,5,1,1,8.0,6,88087,M,4815109.0,641088.0,88
201300037410,13,4,18,1755,1,2,1,1.0,4,88160,M,4818705.0,647540.0,88
201300037411,13,4,14,25,5,2,3,1.0,3,88087,M,4816754.0,643475.0,88
201300037412,13,5,5,1100,1,2,1,1.0,6,88087,M,4817659.0,641739.0,88
201300037413,13,5,3,2050,5,2,1,2.0,6,88160,M,,,88
201300037414,13,4,23,1405,1,2,1,1.0,6,88209,M,4819751.0,644065.0,88
201300037415,13,5,21,1630,1,1,1,2.0,6,88160,M,4818168.0,649675.0,88
201300037416,13,5,26,50,5,2,1,1.0,7,88160,M,4818432.0,644457.0,88
201300037417,13,6,11,1705,1,2,2,1.0,3,88160,M,4819541.0,646081.0,88
201300037418,13,6,28,1020,1,2,1,1.0,6,88160,M,4815754.0,645208.0,88
201300037419,13,6,9,208,5,2,1,2.0,7,88160,M,4819535.0,645263.0,88
201300037420,13,6,26,1633,1,2,6,1.0,6,88209,M,4819284.0,643827.0,88
201300037421,13,6,29,1250,1,2,1,2.0,1,88160,M,4819169.0,644945.0,88
201300037422,13,6,17,1735,1,2,1,1.0,6,88160,M,4819474.0,645465.0,88
201300037423,13,6,30,1005,1,2,1,1.0,6,88160,M,4817849.0,644188.0,88
201300037424,13,7,1,1315,1,2,6,1.0,7,88209,M,4819372.0,643414.0,88
201300037425,13,8,1,1805,1,2,2,1.0,5,88160,M,4819559.0,646078.0,88
201300037426,13,9,10,905,1,2,1,2.0,6,88160,M,4816575.0,645067.0,88
201300037427,13,8,16,1315,1,1,1,1.0,7,88160,M,4814529.0,648990.0,88
201300037428,13,8,21,805,1,2,9,1.0,6,88160,M,4816238.0,645004.0,88
201300037429,13,8,7,1647,1,2,4,1.0,3,88160,M,4818359.0,643801.0,88
201300037430,13,10,13,1729,1,2,1,1.0,7,88209,M,4818869.0,642059.0,88
201300037431,13,10,14,638,5,2,1,9.0,2,88160,M,4816622.0,644682.0,88
201300037432,13,10,17,935,1,2,1,1.0,6,88160,M,4817493.0,644924.0,88
201300037433,13,10,30,820,1,2,1,1.0,6,88160,M,4817588.0,644985.0,88
201300037434,13,10,29,1615,1,2,9,1.0,6,88209,M,4819139.0,642106.0,88
201300037435,13,10,30,1452,1,2,1,1.0,7,88160,M,4818333.0,644235.0,88
201300037436,13,11,8,1645,2,2,1,2.0,6,88160,M,4818397.0,646727.0,88
201300037437,13,11,18,1055,1,2,1,7.0,6,88160,M,4817855.0,644793.0,88
201300037438,13,11,28,1940,5,2,6,5.0,3,88160,M,4818397.0,646727.0,88
201300037439,13,11,21,1835,5,2,1,4.0,6,88160,M,4818779.0,646471.0,88
201300037440,13,12,20,1650,5,2,2,1.0,6,88160,M,4817307.0,644365.0,88
201300037441,13,12,28,845,1,2,1,2.0,6,88160,M,,,88
201300037442,13,1,28,730,2,2,6,1.0,6,88383,M,4801228.0,660114.0,88
201300037443,13,2,19,820,1,1,2,1.0,3,88429,M,4807342.0,659840.0,88
201300037444,13,12,4,1735,3,1,1,1.0,6,88415,M,4800288.0,661538.0,88
201300037445,13,12,17,2020,3,1,1,9.0,5,88415,M,4801577.0,662053.0,88
201300037446,13,7,15,1205,1,2,3,1.0,3,88462,M,4825574.0,643486.0,88
201300037447,13,7,15,1430,1,1,1,1.0,3,88462,M,4802836.0,651508.0,88
201300037448,13,8,21,1400,1,2,1,1.0,6,88415,M,4804150.0,659361.0,88
201300037449,13,8,20,1600,1,2,1,1.0,6,88383,M,4801725.0,659024.0,88
201300037450,13,8,17,1115,1,2,1,1.0,3,88383,M,4800429.0,661274.0,88
201300037451,13,9,29,1032,1,1,1,1.0,1,88429,M,4800803.0,651508.0,88
201300037452,13,11,7,830,1,2,1,1.0,6,88409,M,4802501.0,666994.0,88
201300037453,13,11,6,1505,1,1,1,8.0,7,88429,M,4807758.0,659408.0,88
201300037454,13,11,29,1455,1,1,1,1.0,6,88429,M,4802502.0,658388.0,88
201300037455,13,12,21,1545,1,1,1,1.0,2,88429,M,4803769.0,658201.0,88
201300037456,13,2,2,2253,5,2,1,1.0,7,88413,M,4829823.0,695018.0,88
201300037457,13,2,27,2300,5,2,1,1.0,6,88424,M,4826689.0,698564.0,88
201300037458,13,5,1,1710,1,1,1,1.0,1,88413,M,4829722.0,695034.0,88
201300037459,13,5,4,2305,5,2,1,5.0,6,88413,M,4829297.0,696122.0,88
201300037460,13,5,15,1645,1,2,1,2.0,1,88413,M,4829020.0,696677.0,88
201300037461,13,5,16,1642,1,2,3,2.0,3,88424,M,4826461.0,696167.0,88
201300037462,13,5,18,1433,1,2,1,1.0,7,88413,M,4828266.0,697787.0,88
201300037463,13,5,25,200,4,2,1,1.0,7,88424,M,4826701.0,698523.0,88
201300037464,13,5,27,1840,1,1,1,1.0,3,88463,M,4827542.0,686515.0,88
201300037465,13,6,26,925,1,1,1,1.0,3,88463,M,4827138.0,688562.0,88
201300037466,13,6,23,1520,1,1,1,1.0,7,88413,M,4826724.0,694130.0,88
201300037467,13,7,12,1700,1,2,3,1.0,6,88413,M,4828008.0,695190.0,88
201300037468,13,7,21,1720,1,1,1,1.0,7,88413,M,4826417.0,694416.0,88
201300037469,13,9,13,1711,1,2,3,1.0,3,88413,M,4831367.0,691974.0,88
201300037470,13,9,25,1125,1,2,3,1.0,6,88413,M,4828795.0,695390.0,88
201300037471,13,10,5,1910,4,2,1,3.0,6,88413,M,4828008.0,695190.0,88
201300037472,13,11,8,1750,5,2,3,1.0,3,88413,M,4829688.0,693530.0,88
201300037473,13,1,4,1750,3,2,1,1.0,6,89024,M,4779269.0,356682.0,89
201300037474,13,1,8,1020,1,2,1,1.0,6,89024,M,4780795.0,355757.0,89
201300037475,13,2,7,640,2,2,1,1.0,1,89024,M,4780273.0,358186.0,89
201300037476,13,3,21,730,1,2,2,1.0,3,89024,M,4779934.0,358031.0,89
201300037477,13,3,19,750,1,2,2,1.0,3,89024,M,4781491.0,357315.0,89
201300037478,13,3,30,2125,5,2,2,1.0,3,89024,M,4779547.0,357312.0,89
201300037479,13,4,19,750,1,2,2,1.0,3,89024,M,4778657.0,356604.0,89
201300037480,13,5,7,2335,5,2,2,1.0,1,89024,M,4778733.0,356654.0,89
201300037481,13,6,1,1700,1,2,1,1.0,2,89024,M,4781967.0,357265.0,89
201300037482,13,6,15,420,5,2,1,1.0,1,89024,M,4779050.0,360511.0,89
201300037483,13,7,13,1220,1,2,1,1.0,6,89024,M,,,89
201300037484,13,7,13,1520,1,2,1,1.0,6,89024,M,4780786.0,358383.0,89
201300037485,13,9,24,1550,1,2,3,1.0,3,89024,M,4779083.0,357305.0,89
201300037486,13,11,6,635,3,1,1,2.0,1,89024,M,4783563.0,359417.0,89
201300037487,13,11,8,1935,5,2,5,1.0,1,89024,M,4779990.0,358074.0,89
201300037488,13,11,9,1828,5,2,1,2.0,6,89024,M,,,89
201300037489,13,12,21,1425,1,2,1,1.0,6,89024,M,4779231.0,359064.0,89
201300037490,13,1,10,1120,1,2,1,3.0,6,89387,M,4820059.0,328227.0,89
201300037491,13,1,12,2145,5,2,1,1.0,6,89387,M,4819810.0,330686.0,89
201300037492,13,2,10,1100,1,2,1,1.0,6,89387,M,4819295.0,328381.0,89
201300037493,13,3,5,1650,1,2,1,1.0,6,89387,M,4820834.0,327671.0,89
201300037494,13,3,19,1620,1,2,1,1.0,6,89387,M,,,89
201300037495,13,4,14,1645,1,2,1,1.0,6,89387,M,4819650.0,328984.0,89
201300037496,13,4,28,50,5,2,1,1.0,1,89342,M,4822796.0,326742.0,89
201300037497,13,5,31,2005,1,2,1,1.0,1,89287,M,4819145.0,325643.0,89
201300037498,13,7,22,715,1,1,1,1.0,2,89387,M,,,89
201300037499,13,7,27,1635,1,2,1,1.0,6,89387,M,,,89
201300037500,13,7,27,1905,1,2,1,1.0,6,89387,M,,,89
201300037501,13,9,3,1745,1,2,2,1.0,3,89342,M,4822953.0,326710.0,89
201300037502,13,8,21,1445,1,2,1,1.0,3,89387,M,4820830.0,327678.0,89
201300037503,13,9,11,1615,1,1,1,1.0,6,89387,M,,,89
201300037504,13,9,25,1645,1,2,3,1.0,6,89387,M,4820494.0,327793.0,89
201300037505,13,9,28,2053,5,2,1,1.0,6,89387,M,4820384.0,329932.0,89
201300037506,13,10,6,2125,5,2,2,1.0,3,89387,M,,,89
201300037507,13,10,15,955,1,2,1,2.0,1,89387,M,,,89
201300037508,13,10,29,1420,1,2,2,1.0,2,89338,M,,,89
201300037509,13,11,13,2110,5,2,1,1.0,6,89338,M,,,89
201300037510,13,12,2,1215,1,2,1,1.0,3,89387,M,4820529.0,328110.0,89
201300037511,13,12,4,1130,1,2,1,1.0,7,89387,M,4819723.0,326536.0,89
201300037512,13,12,6,2230,5,2,1,1.0,6,89387,M,4818902.0,328989.0,89
201300037513,13,1,1,230,5,2,1,1.0,2,90010,M,,,90
201300037514,13,1,1,2230,5,2,2,1.0,3,90010,M,,,90
201300037515,13,1,10,1745,5,2,2,4.0,3,90010,M,,,90
201300037516,13,1,11,2147,3,2,1,2.0,6,90039,M,,,90
201300037517,13,1,12,1119,1,2,2,1.0,6,90010,M,,,90
201300037518,13,1,12,1350,1,2,1,1.0,4,90008,M,,,90
201300037519,13,1,12,1800,2,2,1,9.0,3,90039,M,,,90
201300037520,13,1,13,1237,2,2,2,1.0,3,90010,M,,,90
201300037521,13,1,15,830,1,2,1,4.0,2,90010,M,,,90
201300037522,13,1,15,915,1,2,1,4.0,2,90010,M,,,90
201300037523,13,1,17,1350,1,2,1,1.0,4,90099,M,,,90
201300037524,13,1,19,1708,3,2,1,4.0,2,90001,M,,,90
201300037525,13,1,27,1320,1,2,2,8.0,3,90010,M,,,90
201300037526,13,1,28,815,1,2,1,9.0,6,90075,M,,,90
201300037527,13,1,28,1115,1,2,1,1.0,2,90010,M,,,90
201300037528,13,1,31,1120,1,2,1,1.0,6,90099,M,,,90
201300037529,13,2,2,1818,5,2,1,2.0,6,90099,M,,,90
201300037530,13,2,5,1628,1,2,1,4.0,4,90099,M,,,90
201300037531,13,2,6,1227,1,1,1,4.0,1,90029,M,,,90
201300037532,13,2,9,1916,5,2,1,1.0,3,90010,M,,,90
201300037533,13,2,12,1100,1,1,1,4.0,6,90076,M,,,90
201300037534,13,2,17,830,1,2,3,1.0,1,90010,M,,,90
201300037535,13,2,19,700,2,2,3,1.0,6,90099,M,,,90
201300037536,13,2,19,1845,5,2,1,1.0,1,90010,M,,,90
201300037537,13,2,21,1130,1,2,1,1.0,7,90010,M,,,90
201300037538,13,2,23,1438,1,2,1,1.0,6,90010,M,,,90
201300037539,13,2,24,1753,2,2,3,1.0,3,90008,M,,,90
201300037540,13,2,27,1627,1,2,1,1.0,2,90032,M,,,90
201300037541,13,3,6,1650,1,2,1,1.0,2,90010,M,,,90
201300037542,13,3,10,1355,1,2,1,1.0,3,90010,M,,,90
201300037543,13,3,20,2150,4,2,1,1.0,6,90010,M,,,90
201300037544,13,3,23,1740,1,2,1,1.0,2,90076,M,,,90
201300037545,13,3,29,1355,1,2,2,1.0,3,90010,M,,,90
201300037546,13,3,29,1535,1,2,1,2.0,6,90032,M,,,90
201300037547,13,4,5,1710,1,2,1,1.0,6,90010,M,,,90
201300037548,13,4,10,1225,1,1,1,1.0,3,90039,M,,,90
201300037549,13,4,12,1445,1,2,1,2.0,2,90039,M,,,90
201300037550,13,4,13,240,5,2,1,1.0,7,90010,M,,,90
201300037551,13,4,13,1415,1,2,1,1.0,2,90008,M,,,90
201300037552,13,4,15,758,1,2,7,1.0,3,90010,M,,,90
201300037553,13,4,15,929,1,2,9,1.0,6,90010,M,,,90
201300037554,13,4,18,2205,5,2,1,1.0,6,90099,M,,,90
201300037555,13,4,22,1846,1,2,1,1.0,6,90010,M,,,90
201300037556,13,4,23,1735,1,2,1,1.0,3,90010,M,,,90
201300037557,13,4,25,1820,1,2,2,1.0,3,90010,M,,,90
201300037558,13,4,30,1750,1,2,3,1.0,2,90099,M,,,90
201300037559,13,4,30,1854,1,2,1,1.0,3,90010,M,,,90
201300037560,13,5,1,1533,1,2,1,1.0,6,90010,M,,,90
201300037561,13,5,2,715,1,2,1,1.0,7,90010,M,,,90
201300037562,13,5,2,1325,1,2,1,1.0,3,90010,M,,,90
201300037563,13,5,2,1825,1,1,1,2.0,7,90008,M,,,90
201300037564,13,5,3,1529,1,2,1,2.0,6,90010,M,,,90
201300037565,13,5,5,220,5,1,1,1.0,7,90075,M,,,90
201300037566,13,5,8,1633,1,2,1,1.0,7,90099,M,,,90
201300037567,13,5,9,1910,1,2,1,1.0,7,90032,M,,,90
201300037568,13,5,13,1520,1,2,9,1.0,2,90099,M,,,90
201300037569,13,5,14,906,1,2,3,1.0,3,90010,M,,,90
201300037570,13,5,14,2145,5,2,3,1.0,1,90010,M,,,90
201300037571,13,5,17,920,1,2,9,2.0,1,90008,M,,,90
201300037572,13,5,17,1536,1,2,1,1.0,6,90099,M,,,90
201300037573,13,5,18,1537,1,2,3,1.0,3,90032,M,,,90
201300037574,13,5,20,1400,1,2,1,2.0,7,90008,M,,,90
201300037575,13,5,21,1225,1,2,1,1.0,7,90010,M,,,90
201300037576,13,5,27,1320,1,2,1,1.0,3,90099,M,,,90
201300037577,13,5,31,1915,1,2,2,2.0,3,90010,M,,,90
201300037578,13,6,2,1940,2,2,1,1.0,7,90008,M,,,90
201300037579,13,6,3,1350,1,2,2,1.0,3,90010,M,,,90
201300037580,13,6,6,1752,1,2,2,1.0,1,90010,M,,,90
201300037581,13,6,12,1534,1,2,1,1.0,3,90010,M,,,90
201300037582,13,6,12,1600,1,2,1,1.0,6,90010,M,,,90
201300037583,13,6,13,1620,1,2,1,1.0,3,90010,M,,,90
201300037584,13,6,14,840,1,2,1,1.0,1,90010,M,,,90
201300037585,13,6,14,1120,1,2,1,1.0,2,90099,M,,,90
201300037586,13,6,15,2040,2,2,1,1.0,6,90075,M,,,90
201300037587,13,6,17,748,1,2,1,1.0,6,90010,M,,,90
201300037588,13,6,17,1106,1,2,1,1.0,6,90010,M,,,90
201300037589,13,6,17,1126,1,2,1,1.0,6,90010,M,,,90
201300037590,13,6,20,1034,1,2,1,1.0,3,90010,M,,,90
201300037591,13,6,22,947,1,2,1,1.0,7,90010,M,,,90
201300037592,13,6,22,1855,2,2,1,1.0,7,90010,M,,,90
201300037593,13,6,25,1225,1,2,1,1.0,2,90001,M,,,90
201300037594,13,6,28,2305,5,2,1,1.0,6,90010,M,,,90
201300037595,13,6,29,1713,1,2,1,1.0,6,90010,M,,,90
201300037596,13,7,3,1940,1,2,1,8.0,1,90099,M,,,90
201300037597,13,7,5,705,1,2,1,1.0,3,90010,M,,,90
201300037598,13,7,6,754,1,2,1,1.0,3,90099,M,,,90
201300037599,13,7,11,1900,1,2,4,1.0,6,90029,M,,,90
201300037600,13,7,12,2225,5,2,1,1.0,5,90010,M,,,90
201300037601,13,7,13,640,1,2,1,1.0,6,90075,M,,,90
201300037602,13,7,15,1220,1,2,2,1.0,3,90032,M,,,90
201300037603,13,7,15,1535,1,2,1,1.0,7,90010,M,,,90
201300037604,13,7,15,1801,1,2,3,1.0,3,90010,M,,,90
201300037605,13,7,15,2000,1,2,1,2.0,6,90010,M,,,90
201300037606,13,7,16,1420,1,1,2,1.0,3,90010,M,,,90
201300037607,13,7,22,1604,1,2,3,1.0,5,90032,M,,,90
201300037608,13,7,23,813,1,2,1,1.0,2,90039,M,,,90
201300037609,13,7,24,2020,1,2,1,1.0,2,90039,M,,,90
201300037610,13,7,25,1040,1,2,1,2.0,2,90010,M,,,90
201300037611,13,7,27,1200,1,2,1,2.0,2,90010,M,,,90
201300037612,13,8,1,2008,1,2,1,1.0,3,90010,M,,,90
201300037613,13,8,4,1605,1,2,2,1.0,2,90010,M,,,90
201300037614,13,8,4,1915,1,2,1,1.0,6,90099,M,,,90
201300037615,13,8,12,2154,5,2,1,1.0,1,90075,M,,,90
201300037616,13,8,13,750,1,2,1,1.0,4,90010,M,,,90
201300037617,13,8,25,445,2,2,1,1.0,2,90032,M,,,90
201300037618,13,8,26,1630,1,1,2,1.0,2,90032,M,,,90
201300037619,13,8,30,1145,1,2,1,1.0,6,90010,M,,,90
201300037620,13,9,5,1615,1,2,1,1.0,6,90010,M,,,90
201300037621,13,9,9,1720,1,2,1,1.0,6,90010,M,,,90
201300037622,13,9,6,755,1,1,1,1.0,3,90010,M,,,90
201300037623,13,9,11,1705,1,2,1,2.0,1,90010,M,,,90
201300037624,13,9,13,1357,1,2,1,1.0,2,90010,M,,,90
201300037625,13,9,17,1330,1,2,1,2.0,7,90010,M,,,90
201300037626,13,9,19,825,1,2,1,1.0,3,90010,M,,,90
201300037627,13,9,19,1653,1,2,1,1.0,6,90032,M,,,90
201300037628,13,9,19,1955,2,2,2,2.0,3,90010,M,,,90
201300037629,13,9,20,1455,1,2,1,1.0,6,90010,M,,,90
201300037630,13,9,22,1136,1,2,1,1.0,6,90010,M,,,90
201300037631,13,9,23,1619,1,2,1,1.0,2,90008,M,,,90
201300037632,13,9,25,1130,1,1,1,1.0,6,90032,M,,,90
201300037633,13,9,29,450,5,2,3,1.0,3,90010,M,,,90
201300037634,13,9,30,1200,1,2,1,1.0,3,90010,M,,,90
201300037635,13,10,3,1235,1,2,1,1.0,2,90075,M,,,90
201300037636,13,10,7,727,2,2,3,1.0,3,90010,M,,,90
201300037637,13,10,9,1350,1,2,1,1.0,6,90010,M,,,90
201300037638,13,10,10,757,2,2,1,3.0,6,90010,M,,,90
201300037639,13,10,10,1439,1,2,3,1.0,1,90010,M,,,90
201300037640,13,10,14,831,1,2,1,2.0,3,90010,M,,,90
201300037641,13,10,14,1710,1,2,1,1.0,6,90010,M,,,90
201300037642,13,10,20,1610,1,2,6,2.0,6,90032,M,,,90
201300037643,13,10,31,1550,1,2,1,1.0,4,90008,M,,,90
201300037644,13,11,3,1445,1,2,1,2.0,2,90010,M,,,90
201300037645,13,11,7,1336,1,2,2,1.0,6,90010,M,,,90
201300037646,13,11,7,1825,5,2,1,1.0,7,90029,M,,,90
201300037647,13,11,8,1630,1,2,3,2.0,3,90099,M,,,90
201300037648,13,11,9,1810,5,2,6,1.0,3,90039,M,,,90
201300037649,13,11,13,1828,5,2,1,1.0,6,90010,M,,,90
201300037650,13,11,19,1740,5,2,1,3.0,6,90010,M,,,90
201300037651,13,11,19,1753,4,2,1,4.0,6,90010,M,,,90
201300037652,13,11,27,1225,1,2,1,1.0,6,90010,M,,,90
201300037653,13,11,29,1835,5,2,1,1.0,6,90010,M,,,90
201300037654,13,12,2,2006,5,2,4,1.0,3,90010,M,,,90
201300037655,13,12,4,740,1,1,1,9.0,7,90032,M,,,90
201300037656,13,12,6,1830,4,2,1,1.0,6,90039,M,,,90
201300037657,13,12,9,1200,1,2,1,1.0,6,90010,M,,,90
201300037658,13,12,10,729,5,2,1,9.0,6,90039,M,,,90
201300037659,13,12,12,1856,5,2,1,8.0,5,90010,M,,,90
201300037660,13,12,13,1721,5,2,1,1.0,1,90010,M,,,90
201300037661,13,12,18,1310,1,2,3,1.0,6,90010,M,,,90
201300037662,13,12,25,345,5,2,1,2.0,3,90099,M,,,90
201300037663,13,12,26,1156,1,2,6,2.0,7,90032,M,,,90
201300037664,13,12,26,1958,5,2,1,1.0,4,90010,M,,,90
201300037665,13,12,27,1820,5,2,1,1.0,3,90010,M,,,90
201300037666,13,12,31,1655,2,2,1,1.0,3,90010,M,,,90
201300037667,13,1,8,820,2,2,1,1.0,6,91457,M,,,91
201300037668,13,1,8,1900,5,2,1,1.0,4,91339,M,,,91
201300037669,13,1,15,745,5,2,2,2.0,3,91333,M,,,91
201300037670,13,1,15,1825,5,2,1,1.0,6,91103,M,,,91