Num_Acc,an,mois,jour,hrmn,lum,agg,int,atm,col,com,gps,lat,long,dep
201300037671,13,1,16,1105,1,2,1,1.0,2,91021,M,,,91
201300037672,13,1,26,1755,2,2,1,1.0,2,91339,M,,,91
201300037673,13,1,28,1100,1,2,6,1.0,3,91021,M,,,91
201300037674,13,2,1,845,1,2,1,2.0,6,91021,M,,,91
201300037675,13,2,7,830,1,2,1,1.0,3,91339,M,,,91
201300037676,13,2,8,1040,1,2,1,1.0,6,91021,M,,,91
201300037677,13,2,11,2000,3,2,1,1.0,3,91103,M,,,91
201300037678,13,2,12,1455,1,2,1,1.0,6,91103,M,,,91
201300037679,13,2,15,1235,1,2,1,1.0,3,91552,M,,,91
201300037680,13,2,15,1145,1,2,1,1.0,2,91425,M,,,91
201300037681,13,2,22,1920,5,2,1,1.0,6,91103,M,,,91
201300037682,13,3,5,1045,1,2,1,1.0,3,91021,M,,,91
201300037683,13,3,7,1610,1,2,1,1.0,3,91103,M,,,91
201300037684,13,3,16,1200,1,2,1,1.0,6,91021,M,,,91
201300037685,13,3,18,1115,1,2,1,1.0,2,91339,M,,,91
201300037686,13,3,18,1350,1,2,1,2.0,1,91425,M,,,91
201300037687,13,3,21,1015,1,2,1,1.0,1,91103,M,,,91
201300037688,13,4,1,220,3,2,1,4.0,2,91339,M,,,91
201300037689,13,4,5,1105,1,2,1,1.0,2,91021,M,,,91
201300037690,13,4,5,940,1,2,1,1.0,2,91339,M,,,91
201300037691,13,4,7,1200,1,2,1,1.0,2,91347,M,,,91
201300037692,13,4,9,2000,1,2,1,1.0,2,91347,M,,,91
201300037693,13,4,16,715,1,1,1,1.0,4,91339,M,,,91
201300037694,13,4,18,1800,1,2,3,1.0,1,91339,M,,,91
201300037695,13,4,23,920,1,2,1,1.0,3,91347,M,,,91
201300037696,13,4,24,1400,1,1,1,1.0,6,91425,M,,,91
201300037697,13,5,2,1200,1,2,1,1.0,6,91021,M,,,91
201300037698,13,5,4,1500,1,2,1,1.0,1,91425,M,,,91
201300037699,13,5,15,645,1,2,1,2.0,4,91339,M,,,91
201300037700,13,5,18,1600,1,2,1,2.0,2,91021,M,,,91
201300037701,13,5,30,940,1,2,1,1.0,2,91339,M,,,91
201300037702,13,5,31,2125,5,2,1,1.0,2,91425,M,,,91
201300037703,13,6,1,1250,1,2,1,1.0,3,91103,M,,,91
201300037704,13,6,7,1225,1,2,1,1.0,3,91339,M,,,91
201300037705,13,6,7,1615,1,2,1,1.0,2,91425,M,,,91
201300037706,13,6,8,1800,1,2,1,1.0,6,91339,M,,,91
201300037707,13,6,12,1125,1,2,1,2.0,3,91103,M,,,91
201300037708,13,6,13,1555,1,2,1,2.0,3,91339,M,,,91
201300037709,13,6,17,1900,1,1,1,2.0,5,91339,M,,,91
201300037710,13,6,26,710,1,2,3,1.0,3,91103,M,,,91
201300037711,13,6,28,1300,1,2,1,2.0,6,91021,M,,,91
201300037712,13,7,4,1850,1,2,1,1.0,3,91103,M,,,91
201300037713,13,7,10,1025,1,1,1,1.0,3,91347,M,,,91
201300037714,13,7,13,1200,1,1,1,1.0,6,91339,M,,,91
201300037715,13,7,14,1800,1,1,1,1.0,3,91339,M,,,91
201300037716,13,7,20,1530,1,2,1,1.0,2,91021,M,,,91
201300037717,13,7,20,1630,1,2,1,1.0,4,91021,M,,,91
201300037718,13,7,29,1800,1,2,1,1.0,2,91552,M,,,91
201300037719,13,8,6,1050,1,2,1,1.0,2,91103,M,,,91
201300037720,13,8,8,1230,1,2,1,1.0,3,91103,M,,,91
201300037721,13,9,3,1200,1,1,3,1.0,3,91347,M,,,91
201300037722,13,9,5,1820,1,2,1,1.0,3,91457,M,,,91
201300037723,13,9,6,2125,5,2,1,9.0,6,91103,M,,,91
201300037724,13,9,7,1830,1,2,1,1.0,3,91103,M,,,91
201300037725,13,9,11,1920,1,1,1,1.0,4,91425,M,,,91
201300037726,13,9,13,1145,1,2,6,2.0,3,91103,M,,,91
201300037727,13,9,14,1040,1,1,2,2.0,3,91339,M,,,91
201300037728,13,9,14,1730,1,2,1,2.0,1,91347,M,,,91
201300037729,13,9,15,1640,1,1,1,1.0,4,91552,M,,,91
201300037730,13,9,23,1520,1,2,1,1.0,3,91552,M,,,91
201300037731,13,9,24,1435,1,2,1,1.0,5,91425,M,,,91
201300037732,13,9,27,2015,5,2,1,1.0,1,91021,M,,,91
201300037733,13,9,30,1720,1,2,1,1.0,6,91103,M,,,91
201300037734,13,10,2,2050,5,2,1,1.0,6,91021,M,,,91
201300037735,13,10,9,730,2,1,1,1.0,4,91339,M,,,91
201300037736,13,10,11,945,1,2,1,1.0,4,91425,M,,,91
201300037737,13,10,16,1710,1,1,1,3.0,2,91339,M,,,91
201300037738,13,10,29,1240,1,2,1,1.0,3,91103,M,,,91
201300037739,13,10,31,1410,1,2,1,1.0,2,91552,M,,,91
201300037740,13,11,2,1400,1,1,1,1.0,2,91103,M,,,91
201300037741,13,11,6,1000,1,2,2,2.0,3,91103,M,,,91
201300037742,13,11,12,910,1,1,1,2.0,3,91347,M,,,91
201300037743,13,11,19,1305,1,1,9,1.0,5,91339,M,,,91
201300037744,13,11,21,600,5,2,1,2.0,2,91425,M,,,91
201300037745,13,11,23,1735,5,2,1,1.0,6,91103,M,,,91
201300037746,13,11,26,1745,3,2,1,1.0,3,91457,M,,,91
201300037747,13,11,26,1950,5,2,1,1.0,2,91347,M,,,91
201300037748,13,12,2,1755,5,2,1,1.0,1,91103,M,,,91
201300037749,13,12,3,1410,1,2,1,1.0,6,91552,M,,,91
201300037750,13,12,4,1245,1,2,1,1.0,3,91103,M,,,91
201300037751,13,12,6,900,1,2,1,1.0,3,91347,M,,,91
201300037752,13,12,20,2330,5,2,1,1.0,6,91552,M,,,91
201300037753,13,1,24,1250,1,2,1,1.0,6,91027,M,,,91
201300037754,13,1,30,525,5,2,1,2.0,6,91027,M,,,91
201300037755,13,2,15,100,5,2,1,1.0,2,91027,M,,,91
201300037756,13,3,4,2340,5,2,2,1.0,3,91479,M,,,91
201300037757,13,3,7,1730,1,2,1,1.0,4,91027,M,,,91
201300037758,13,5,24,1200,1,2,1,2.0,4,91027,M,,,91
201300037759,13,5,26,2057,1,2,2,1.0,3,91027,M,,,91
201300037760,13,7,5,1635,1,2,1,1.0,3,91027,M,,,91
201300037761,13,7,15,1400,1,2,2,1.0,3,91027,M,,,91
201300037762,13,8,9,1600,1,1,1,1.0,3,91027,M,,,91
201300037763,13,8,30,925,1,1,2,1.0,6,91027,M,,,91
201300037764,13,9,11,1240,1,2,1,1.0,6,91479,M,,,91
201300037765,13,7,25,1835,1,1,1,1.0,3,91479,M,,,91
201300037766,13,10,4,940,1,2,2,1.0,3,91027,M,,,91
201300037767,13,10,17,840,1,2,1,8.0,4,91027,M,,,91
201300037768,13,10,23,1620,1,2,7,1.0,2,91479,M,,,91
201300037769,13,10,19,1720,1,2,1,1.0,3,91027,M,,,91
201300037770,13,11,7,2120,5,1,1,8.0,2,91479,M,,,91
201300037771,13,11,8,555,5,1,1,3.0,3,91479,M,,,91
201300037772,13,11,7,845,1,2,1,8.0,1,91027,M,,,91
201300037773,13,11,22,1835,5,2,1,1.0,6,91027,M,,,91
201300037774,13,12,3,1950,5,2,2,1.0,5,91027,M,,,91
201300037775,13,12,5,1245,1,2,3,1.0,3,91479,M,,,91
201300037776,13,12,14,1500,1,2,1,1.0,3,91027,M,,,91
201300037777,13,1,4,1000,1,2,1,1.0,3,91097,M,,,91
201300037778,13,1,9,1545,1,1,1,1.0,2,91514,M,,,91
201300037779,13,1,16,1537,1,2,1,1.0,4,91514,M,,,91
201300037780,13,1,30,1430,1,2,1,1.0,6,91215,M,,,91
201300037781,13,2,4,750,2,2,1,2.0,4,91114,M,,,91
201300037782,13,2,4,1830,2,2,1,1.0,1,91514,M,,,91
201300037783,13,2,9,2010,5,2,1,1.0,6,91114,M,,,91
201300037784,13,2,7,1335,1,2,2,1.0,3,91114,M,,,91
201300037785,13,2,15,1900,5,2,1,1.0,3,91514,M,,,91
201300037786,13,3,4,1100,1,2,1,1.0,4,91114,M,,,91
201300037787,13,3,13,1302,1,2,1,1.0,6,91114,M,,,91
201300037788,13,3,28,1910,1,2,1,1.0,1,91114,M,,,91
201300037789,13,3,29,1400,1,2,1,1.0,3,91215,M,,,91
201300037790,13,4,2,1900,1,2,1,1.0,6,91114,M,,,91
201300037791,13,4,6,1330,1,2,1,1.0,6,91114,M,,,91
201300037792,13,4,12,1400,1,2,1,1.0,2,91114,M,,,91
201300037793,13,4,13,1450,1,2,1,1.0,2,91114,M,,,91
201300037794,13,4,25,735,1,2,1,1.0,3,91114,M,,,91
201300037795,13,5,2,1515,1,2,1,1.0,6,91114,M,,,91
201300037796,13,5,4,2255,5,2,1,1.0,3,91114,M,,,91
201300037797,13,5,14,1400,1,2,1,1.0,1,91114,M,,,91
201300037798,13,5,14,1800,1,2,1,1.0,2,91114,M,,,91
201300037799,13,5,26,140,5,2,1,1.0,4,91114,M,,,91
201300037800,13,5,26,1625,1,2,1,1.0,6,91114,M,,,91
201300037801,13,5,29,2045,1,2,1,1.0,2,91114,M,,,91
201300037802,13,5,30,2045,1,2,1,1.0,2,91097,M,,,91
201300037803,13,6,3,1835,1,2,3,1.0,5,91114,M,,,91
201300037804,13,6,8,1735,1,2,1,1.0,3,91114,M,,,91
201300037805,13,6,18,1000,1,2,9,1.0,2,91114,M,,,91
201300037806,13,7,9,1610,1,2,1,1.0,2,91114,M,,,91
201300037807,13,7,15,1015,1,2,6,1.0,6,91514,M,,,91
201300037808,13,7,19,1620,1,2,1,1.0,2,91114,M,,,91
201300037809,13,8,2,1855,1,2,3,1.0,6,91114,M,,,91
201300037810,13,8,29,625,5,2,1,1.0,2,91114,M,,,91
201300037811,13,8,29,2000,1,2,1,1.0,6,91114,M,,,91
201300037812,13,8,30,1000,1,2,1,1.0,4,91114,M,,,91
201300037813,13,9,6,1300,1,2,1,1.0,3,91114,M,,,91
201300037814,13,9,18,935,1,2,1,1.0,3,91514,M,,,91
201300037815,13,9,19,1144,1,2,1,1.0,6,91514,M,,,91
201300037816,13,9,24,1725,1,2,1,1.0,6,91097,M,,,91
201300037817,13,9,30,635,2,2,1,1.0,3,91114,M,,,91
201300037818,13,9,30,1550,1,2,1,1.0,2,91114,M,,,91
201300037819,13,10,1,1650,1,2,1,1.0,5,91114,M,,,91
201300037820,13,10,2,540,5,2,6,1.0,3,91514,M,,,91
201300037821,13,10,3,640,5,2,2,1.0,3,91114,M,,,91
201300037822,13,10,4,730,2,2,1,1.0,2,91114,M,,,91
201300037823,13,10,2,1735,1,2,1,1.0,1,91114,M,,,91
201300037824,13,10,11,1400,1,2,1,1.0,2,91114,M,,,91
201300037825,13,10,13,1420,1,2,6,1.0,2,91114,M,,,91
201300037826,13,11,10,1610,1,2,1,1.0,6,91114,M,,,91
201300037827,13,11,11,1210,1,2,1,1.0,4,91114,M,,,91
201300037828,13,11,12,1700,1,2,9,1.0,6,91097,M,,,91
201300037829,13,11,18,710,1,2,1,1.0,2,91114,M,,,91
201300037830,13,11,20,1835,5,2,1,3.0,6,91097,M,,,91
201300037831,13,11,20,1905,3,2,1,2.0,6,91097,M,,,91
201300037832,13,11,22,1910,5,2,1,1.0,6,91114,M,,,91
201300037833,13,11,27,1040,1,2,1,1.0,2,91514,M,,,91
201300037834,13,12,6,1955,5,2,1,1.0,2,91097,M,,,91
201300037835,13,12,7,1010,1,2,1,1.0,2,91114,M,,,91
201300037836,13,12,9,1850,5,2,1,1.0,7,91114,M,,,91
201300037837,13,12,10,1130,1,2,1,1.0,6,91215,M,,,91
201300037838,13,12,13,1520,1,2,2,1.0,3,91114,M,,,91
201300037839,13,12,13,1830,5,2,1,1.0,6,91215,M,,,91
201300037840,13,12,17,810,2,2,1,1.0,4,91114,M,,,91
201300037841,13,12,24,1700,5,2,6,1.0,3,91114,M,,,91
201300037842,13,12,20,1050,1,2,1,1.0,2,91174,M,,,91
201300037843,13,10,17,2000,5,2,6,1.0,6,91174,M,,,91
201300037844,13,10,12,1600,1,2,3,1.0,3,91174,M,,,91
201300037845,13,10,16,1130,1,2,1,1.0,6,91174,M,,,91
201300037846,13,11,20,1040,1,2,3,1.0,3,91174,M,,,91
201300037847,13,11,20,1315,1,2,1,1.0,6,91174,M,,,91
201300037848,13,1,8,1730,5,2,4,2.0,1,91174,M,,,91
201300037849,13,1,8,1800,5,2,1,1.0,3,91174,M,,,91
201300037850,13,11,22,1400,1,2,1,1.0,3,91174,M,,,91
201300037851,13,1,3,1715,5,2,1,2.0,6,91174,M,,,91
201300037852,13,1,5,1515,1,2,1,1.0,6,91174,M,,,91
201300037853,13,1,11,1900,4,2,2,2.0,6,91174,M,,,91
201300037854,13,11,25,615,2,2,2,1.0,2,91174,M,,,91
201300037855,13,4,6,100,5,2,6,1.0,1,91174,M,,,91
201300037856,13,1,28,2245,5,2,3,1.0,3,91174,M,,,91
201300037857,13,3,9,2025,2,2,6,1.0,3,91174,M,,,91
201300037858,13,4,12,1430,1,2,1,1.0,5,91174,M,,,91
201300037859,13,4,12,930,1,2,1,1.0,2,91174,M,,,91
201300037860,13,4,2,1900,3,2,1,1.0,6,91174,M,,,91
201300037861,13,3,14,1005,1,2,1,1.0,2,91174,M,,,91
201300037862,13,3,12,1700,1,2,1,1.0,4,91174,M,,,91
201300037863,13,5,17,1130,1,1,1,1.0,6,91174,M,,,91
201300037864,13,5,23,1945,2,2,2,1.0,3,91174,M,,,91
201300037865,13,4,26,2110,2,2,1,2.0,4,91174,M,,,91
201300037866,13,4,27,1245,1,2,1,1.0,6,91174,M,,,91
201300037867,13,5,22,1800,1,2,1,1.0,3,91174,M,,,91
201300037868,13,3,19,1825,1,2,1,1.0,2,91174,M,,,91
201300037869,13,6,4,1405,1,2,1,1.0,6,91174,M,,,91
201300037870,13,7,4,1405,1,2,1,1.0,6,91174,M,,,91
201300037871,13,7,2,835,1,2,9,1.0,2,91174,M,,,91
201300037872,13,7,13,1910,1,2,1,1.0,6,91174,M,,,91
201300037873,13,8,8,1820,1,2,1,1.0,2,91174,M,,,91
201300037874,13,8,8,950,1,2,1,1.0,3,91174,M,,,91
201300037875,13,5,11,1505,1,2,1,1.0,7,91174,M,,,91
201300037876,13,9,7,1440,1,2,3,1.0,3,91174,M,,,91
201300037877,13,8,29,830,1,2,1,1.0,2,91174,M,,,91
201300037878,13,5,6,2045,1,2,3,1.0,3,91174,M,,,91
201300037879,13,9,14,825,1,2,9,2.0,6,91174,M,,,91
201300037880,13,9,16,1855,1,2,1,3.0,7,91174,M,,,91
201300037881,13,5,28,1900,1,2,3,1.0,3,91174,M,,,91
201300037882,13,10,5,1900,1,2,1,1.0,4,91174,M,,,91
201300037883,13,7,8,1700,1,1,1,1.0,6,91174,M,,,91
201300037884,13,7,11,1310,1,2,1,1.0,2,91174,M,,,91
201300037885,13,10,9,2109,2,2,3,2.0,6,91174,M,,,91
201300037886,13,6,25,1015,1,2,1,1.0,6,91174,M,,,91
201300037887,13,8,20,1720,1,2,1,1.0,3,91174,M,,,91
201300037888,13,8,30,2035,1,2,1,1.0,6,91174,M,,,91
201300037889,13,9,15,1335,1,2,2,1.0,3,91174,M,,,91
201300037890,13,11,6,1700,1,2,1,8.0,6,91174,M,,,91
201300037891,13,9,4,1140,1,2,3,1.0,6,91174,M,,,91
201300037892,13,10,18,1515,1,2,3,1.0,3,91174,M,,,91
201300037893,13,9,2,2000,1,2,3,1.0,2,91174,M,,,91
201300037894,13,11,27,1610,1,2,9,1.0,6,91174,M,,,91
201300037895,13,11,21,830,1,2,1,1.0,2,91174,M,,,91
201300037896,13,12,17,1125,1,2,1,1.0,2,91174,M,,,91
201300037897,13,11,30,1810,5,2,1,1.0,6,91174,M,,,91
201300037898,13,1,6,1230,1,2,1,8.0,2,91201,M,,,91
201300037899,13,1,9,740,2,2,3,8.0,5,91657,M,,,91
201300037900,13,1,9,1940,5,2,2,1.0,6,91201,M,,,91
201300037901,13,1,11,745,2,2,2,1.0,3,91201,M,,,91
201300037902,13,2,1,1400,1,2,1,2.0,3,91657,M,,,91
201300037903,13,1,28,1825,5,2,1,1.0,2,91201,M,,,91
201300037904,13,2,5,730,3,2,2,2.0,3,91657,M,,,91
201300037905,13,12,31,1220,1,2,2,1.0,2,91201,M,,,91
201300037906,13,2,9,1445,1,2,1,2.0,6,91201,M,,,91
201300037907,13,2,13,1730,1,2,2,2.0,3,91201,M,,,91
201300037908,13,2,16,1330,1,2,1,1.0,6,91201,M,,,91
201300037909,13,2,17,1255,1,2,3,1.0,3,91201,M,,,91
201300037910,13,1,12,1310,1,2,1,1.0,2,91657,M,,,91
201300037911,13,1,14,1640,1,2,1,1.0,5,91201,M,,,91
201300037912,13,1,15,2240,3,2,1,1.0,6,91201,M,,,91
201300037913,13,1,23,1710,1,2,1,1.0,3,91657,M,,,91
201300037914,13,3,6,1820,1,2,1,1.0,6,91657,M,,,91
201300037915,13,3,8,2100,5,2,1,1.0,2,91201,M,,,91
201300037916,13,2,23,1430,1,2,1,1.0,1,91657,M,,,91
201300037917,13,2,28,840,1,2,1,2.0,2,91201,M,,,91
201300037918,13,4,5,1125,1,2,3,1.0,3,91657,M,,,91
201300037919,13,4,6,1630,1,2,1,1.0,3,91657,M,,,91
201300037920,13,4,23,1740,1,2,1,1.0,6,91657,M,,,91
201300037921,13,4,5,1805,1,2,1,1.0,3,91201,M,,,91
201300037922,13,4,9,1330,1,2,1,2.0,5,91201,M,,,91
201300037923,13,4,12,830,1,2,1,8.0,6,91201,M,,,91
201300037924,13,4,16,1450,1,2,1,1.0,3,91657,M,,,91
201300037925,13,4,21,1105,1,2,1,1.0,3,91657,M,,,91
201300037926,13,4,21,1440,1,2,1,1.0,6,91657,M,,,91
201300037927,13,3,22,1850,1,2,3,1.0,3,91201,M,,,91
201300037928,13,3,27,1340,1,2,2,1.0,2,91201,M,,,91
201300037929,13,4,26,725,5,2,1,1.0,1,91201,M,,,91
201300037930,13,4,25,125,3,2,1,1.0,6,91657,M,,,91
201300037931,13,4,27,1930,1,2,1,9.0,1,91657,M,,,91
201300037932,13,4,27,230,5,2,1,9.0,6,91201,M,,,91
201300037933,13,5,10,2005,1,2,2,1.0,3,91657,M,,,91
201300037934,13,5,16,107,3,2,1,2.0,6,91657,M,,,91
201300037935,13,5,16,1945,1,2,2,1.0,1,91201,M,,,91
201300037936,13,5,24,1945,2,2,3,1.0,3,91201,M,,,91
201300037937,13,6,6,800,1,2,2,1.0,6,91201,M,,,91
201300037938,13,6,6,1735,1,2,1,1.0,2,91657,M,,,91
201300037939,13,6,9,1955,2,2,2,1.0,3,91201,M,,,91
201300037940,13,5,5,1925,2,2,3,1.0,3,91657,M,,,91
201300037941,13,6,16,1750,1,2,1,1.0,3,91201,M,,,91
201300037942,13,6,25,2300,5,2,2,1.0,3,91657,M,,,91
201300037943,13,5,25,1620,1,2,1,1.0,1,91201,M,,,91
201300037944,13,5,25,1910,1,2,3,1.0,3,91657,M,,,91
201300037945,13,5,27,1815,1,2,1,1.0,6,91201,M,,,91
201300037946,13,7,8,2110,1,2,3,1.0,6,91657,M,,,91
201300037947,13,6,18,1200,1,2,3,1.0,3,91657,M,,,91
201300037948,13,7,17,1630,1,2,3,1.0,3,91657,M,,,91
201300037949,13,7,21,930,1,2,1,1.0,6,91201,M,,,91
201300037950,13,7,21,2000,1,2,1,1.0,2,91201,M,,,91
201300037951,13,8,8,1620,1,2,1,1.0,6,91201,M,,,91
201300037952,13,8,9,1725,1,2,2,1.0,3,91657,M,,,91
201300037953,13,8,16,1400,1,2,1,1.0,6,91201,M,,,91
201300037954,13,8,28,35,5,2,1,1.0,6,91657,M,,,91
201300037955,13,9,5,1740,1,2,2,1.0,3,91201,M,,,91
201300037956,13,9,18,1450,1,2,2,2.0,1,91657,M,,,91
201300037957,13,9,24,1645,1,2,1,1.0,6,91201,M,,,91
201300037958,13,9,24,1935,1,2,2,1.0,3,91201,M,,,91
201300037959,13,9,25,800,1,2,1,1.0,2,91201,M,,,91
201300037960,13,9,27,1210,1,2,1,1.0,3,91201,M,,,91
201300037961,13,10,3,130,5,2,1,1.0,3,91657,M,,,91
201300037962,13,10,2,1830,1,2,2,1.0,5,91657,M,,,91
201300037963,13,10,10,650,5,2,2,1.0,6,91201,M,,,91
201300037964,13,10,14,907,1,2,1,2.0,6,91657,M,,,91
201300037965,13,10,16,2305,3,2,1,2.0,6,91657,M,,,91
201300037966,13,10,25,1640,1,2,2,1.0,6,91201,M,,,91
201300037967,13,10,31,1145,1,2,2,1.0,4,91657,M,,,91
201300037968,13,11,1,1120,1,2,2,1.0,6,91657,M,,,91
201300037969,13,11,4,1915,5,2,9,9.0,1,91201,M,,,91
201300037970,13,11,13,1145,1,2,1,2.0,6,91201,M,,,91
201300037971,13,11,13,1900,5,2,1,1.0,6,91657,M,,,91
201300037972,13,11,21,835,1,2,1,2.0,2,91201,M,,,91
201300037973,13,12,5,1645,1,2,1,1.0,2,91201,M,,,91
201300037974,13,12,19,1028,1,2,1,9.0,6,91201,M,,,91
201300037975,13,12,27,2230,5,2,2,2.0,6,91657,M,,,91
201300037976,13,1,1,720,5,1,1,1.0,1,91433,M,,,91
201300037977,13,1,1,2230,5,2,1,1.0,6,91469,M,,,91
201300037978,13,1,3,1700,3,1,1,2.0,6,91433,M,,,91
201300037979,13,1,5,1520,1,2,1,1.0,6,91223,M,,,91
201300037980,13,1,10,1,5,1,1,1.0,7,91223,M,,,91
201300037981,13,1,15,910,1,2,1,8.0,7,91223,M,,,91
201300037982,13,1,16,1232,1,2,1,1.0,3,91223,M,,,91
201300037983,13,1,23,1445,1,2,1,1.0,7,91223,M,,,91
201300037984,13,1,28,740,3,1,1,1.0,1,91223,M,,,91
201300037985,13,2,7,735,5,2,1,1.0,6,91223,M,,,91
201300037986,13,2,8,750,2,1,1,1.0,6,91223,M,,,91
201300037987,13,2,11,809,1,2,1,2.0,6,91223,M,,,91
201300037988,13,2,11,1625,1,2,3,1.0,3,91433,M,,,91
201300037989,13,2,15,810,1,2,1,1.0,2,91223,M,,,91
201300037990,13,2,18,820,1,2,1,1.0,6,91223,M,,,91
201300037991,13,2,18,1800,1,1,3,1.0,3,91223,M,,,91
201300037992,13,2,20,1630,1,2,1,1.0,6,91223,M,,,91
201300037993,13,2,25,755,2,2,1,4.0,6,91433,M,,,91
201300037994,13,2,26,1820,2,2,1,1.0,7,91223,M,,,91
201300037995,13,3,3,1530,1,2,1,1.0,7,91223,M,,,91
201300037996,13,3,4,45,5,1,1,1.0,3,91223,M,,,91
201300037997,13,3,6,1810,5,2,1,2.0,2,91223,M,,,91
201300037998,13,3,12,845,1,1,6,4.0,6,91223,M,,,91
201300037999,13,3,17,1345,1,2,1,1.0,6,91223,M,,,91
201300038000,13,3,20,1149,1,2,1,1.0,2,91223,M,,,91
201300038001,13,3,22,835,1,2,1,1.0,6,91223,M,,,91
201300038002,13,3,27,1415,1,2,1,1.0,7,91433,M,,,91
201300038003,13,3,28,910,1,2,1,1.0,6,91223,M,,,91
201300038004,13,4,3,1840,1,1,6,1.0,7,91433,M,,,91
201300038005,13,4,23,730,1,2,1,1.0,6,91223,M,,,91
201300038006,13,4,23,1730,1,2,1,1.0,7,91223,M,,,91
201300038007,13,4,27,1020,1,2,1,1.0,3,91223,M,,,91
201300038008,13,5,2,1130,1,1,1,1.0,6,91223,M,,,91
201300038009,13,6,3,1945,1,2,1,1.0,2,91223,M,,,91
201300038010,13,6,6,1750,1,2,1,1.0,2,91223,M,,,91
201300038011,13,6,7,1130,1,2,1,1.0,6,91223,M,,,91
201300038012,13,6,12,815,1,1,1,1.0,2,91223,M,,,91
201300038013,13,6,14,1600,1,1,1,1.0,7,91433,M,,,91
201300038014,13,6,14,1610,1,1,2,1.0,1,91223,M,,,91
201300038015,13,6,16,745,1,1,1,2.0,2,91223,M,,,91
201300038016,13,6,21,315,3,1,1,2.0,6,91223,M,,,91
201300038017,13,7,12,1850,1,1,1,1.0,1,91223,M,,,91
201300038018,13,7,15,1220,1,2,1,1.0,3,91223,M,,,91
201300038019,13,7,15,1740,1,2,6,1.0,5,91223,M,,,91
201300038020,13,7,16,2225,2,1,1,1.0,6,91223,M,,,91
201300038021,13,7,20,1750,1,2,3,1.0,3,91223,M,,,91
201300038022,13,7,21,2040,1,1,6,1.0,6,91433,M,,,91
201300038023,13,7,25,915,1,2,1,1.0,7,91223,M,,,91
201300038024,13,7,25,1315,1,1,1,1.0,2,91223,M,,,91
201300038025,13,7,28,1740,1,2,1,1.0,7,91223,M,,,91
201300038026,13,7,29,820,1,1,1,1.0,2,91433,M,,,91
201300038027,13,8,6,2000,1,2,1,1.0,7,91223,M,,,91
201300038028,13,8,8,1900,1,2,1,1.0,7,91223,M,,,91
201300038029,13,8,25,1610,1,2,1,2.0,4,91223,M,,,91
201300038030,13,8,25,1855,1,2,3,2.0,3,91223,M,,,91
201300038031,13,8,26,1935,1,1,1,2.0,7,91223,M,,,91
201300038032,13,8,30,1135,1,2,1,1.0,1,91223,M,,,91
201300038033,13,9,5,830,1,1,1,1.0,7,91223,M,,,91
201300038034,13,9,7,1700,1,1,1,2.0,6,91433,M,,,91
201300038035,13,9,14,845,1,2,1,2.0,7,91223,M,,,91
201300038036,13,9,14,1630,1,2,2,2.0,7,91223,M,,,91
201300038037,13,9,21,2020,5,2,3,1.0,3,91223,M,,,91
201300038038,13,9,22,935,1,2,1,1.0,7,91433,M,,,91
201300038039,13,9,23,1422,1,2,3,1.0,3,91223,M,,,91
201300038040,13,9,25,1648,1,1,1,1.0,7,91433,M,,,91
201300038041,13,9,25,2315,3,1,1,1.0,6,91433,M,,,91
201300038042,13,10,6,1815,1,1,2,1.0,3,91223,M,,,91
201300038043,13,10,13,1655,1,2,6,1.0,3,91223,M,,,91
201300038044,13,10,15,1315,1,1,1,2.0,2,91223,M,,,91
201300038045,13,10,15,1830,1,1,1,1.0,6,91433,M,,,91
201300038046,13,10,19,1920,3,2,1,2.0,7,91223,M,,,91
201300038047,13,10,22,847,1,1,9,1.0,3,91433,M,,,91
201300038048,13,10,27,1835,5,1,2,2.0,3,91223,M,,,91
201300038049,13,11,5,1724,2,2,3,2.0,5,91433,M,,,91
201300038050,13,11,11,1500,1,2,1,1.0,6,91223,M,,,91
201300038051,13,11,15,2025,1,2,1,1.0,2,91223,M,,,91
201300038052,13,11,18,1800,5,2,1,1.0,6,91223,M,,,91
201300038053,13,11,19,1625,1,2,1,1.0,7,91223,M,,,91
201300038054,13,11,28,1730,1,2,3,1.0,3,91223,M,,,91
201300038055,13,12,1,1848,3,1,1,1.0,6,91223,M,,,91
201300038056,13,12,2,825,2,2,1,1.0,6,91223,M,,,91
201300038057,13,12,2,2335,3,1,1,1.0,2,91223,M,,,91
201300038058,13,12,8,1445,1,2,1,1.0,7,91433,M,,,91
201300038059,13,12,10,510,3,1,1,9.0,6,91223,M,,,91
201300038060,13,12,12,1515,1,2,1,1.0,6,91223,M,,,91
201300038061,13,12,16,250,3,1,1,9.0,7,91109,M,,,91
201300038062,13,12,18,828,1,1,1,1.0,6,91223,M,,,91
201300038063,13,12,23,740,3,1,1,2.0,6,91223,M,,,91
201300038064,13,12,24,1213,1,2,1,3.0,1,91223,M,,,91
201300038065,13,12,30,1740,5,2,6,2.0,6,91223,M,,,91
201300038066,13,12,31,1445,1,2,1,1.0,6,91223,M,,,91
201300038067,13,1,15,1140,1,2,1,8.0,6,91182,M,,,91
201300038068,13,1,30,1325,1,2,1,2.0,6,91228,M,,,91
201300038069,13,2,14,655,2,2,1,2.0,5,91521,M,,,91
201300038070,13,2,15,1330,1,2,1,1.0,6,91228,M,,,91
201300038071,13,3,6,950,1,2,1,1.0,2,91228,M,,,91
201300038072,13,3,16,1305,1,2,1,1.0,2,91521,M,,,91
201300038073,13,5,3,1755,1,2,1,1.0,6,91228,M,,,91
201300038074,13,5,21,1700,1,2,1,2.0,6,91521,M,,,91
201300038075,13,6,27,1800,1,2,6,1.0,1,91521,M,,,91
201300038076,13,8,13,1945,1,2,9,1.0,3,91521,M,,,91