Num_Acc,an,mois,jour,hrmn,lum,agg,int,atm,col,com,gps,lat,long,dep
201300038077,13,10,3,720,1,2,1,1.0,5,91182,M,,,91
201300038078,13,9,30,1655,1,2,1,1.0,6,91521,M,,,91
201300038079,13,10,7,1540,1,2,1,1.0,6,91228,M,,,91
201300038080,13,10,15,2040,3,2,1,2.0,6,91521,M,,,91
201300038081,13,10,31,300,3,1,1,1.0,6,91228,M,,,91
201300038082,13,11,4,2030,5,2,1,1.0,3,91228,M,,,91
201300038083,13,1,7,945,1,2,1,1.0,4,91687,M,,,91
201300038084,13,1,3,1030,1,2,1,1.0,6,91687,M,,,91
201300038085,13,1,9,1210,1,2,1,1.0,1,91687,M,,,91
201300038086,13,1,12,2330,5,2,1,1.0,6,91687,M,,,91
201300038087,13,1,27,1955,2,2,1,1.0,2,91687,M,,,91
201300038088,13,1,28,835,2,2,1,1.0,6,91434,M,,,91
201300038089,13,2,4,2100,5,2,1,1.0,6,91687,M,,,91
201300038090,13,2,9,1430,1,2,1,1.0,6,91687,M,,,91
201300038091,13,2,12,1950,2,2,1,1.0,6,91687,M,,,91
201300038092,13,2,13,525,2,2,1,1.0,6,91286,M,,,91
201300038093,13,2,13,1545,1,2,1,1.0,6,91687,M,,,91
201300038094,13,2,20,805,2,2,1,1.0,6,91434,M,,,91
201300038095,13,2,26,1845,2,2,3,1.0,3,91326,M,,,91
201300038096,13,2,28,745,2,2,2,1.0,3,91687,M,,,91
201300038097,13,3,5,1430,1,2,1,1.0,6,91286,M,,,91
201300038098,13,3,1,1200,1,2,1,1.0,6,91286,M,,,91
201300038099,13,3,3,1825,1,2,1,1.0,6,91326,M,,,91
201300038100,13,3,7,2145,5,2,1,1.0,6,91286,M,,,91
201300038101,13,3,25,1715,1,2,1,1.0,6,91687,M,,,91
201300038102,13,4,10,2135,5,2,2,3.0,3,91687,M,,,91
201300038103,13,4,22,1240,1,2,1,1.0,6,91326,M,,,91
201300038104,13,4,22,1830,1,2,1,1.0,6,91286,M,,,91
201300038105,13,4,24,1330,1,2,1,1.0,6,91286,M,,,91
201300038106,13,5,16,740,2,2,1,2.0,2,91687,M,,,91
201300038107,13,5,14,840,1,2,1,1.0,6,91286,M,,,91
201300038108,13,4,28,1545,1,2,1,1.0,6,91434,M,,,91
201300038109,13,6,10,1840,1,2,1,1.0,6,91687,M,,,91
201300038110,13,5,3,2015,2,2,1,1.0,6,91326,M,,,91
201300038111,13,5,6,1200,1,2,1,1.0,6,91687,M,,,91
201300038112,13,5,30,820,2,2,1,2.0,2,91286,M,,,91
201300038113,13,6,13,2045,2,2,1,1.0,6,91286,M,,,91
201300038114,13,6,6,1145,1,2,1,1.0,6,91687,M,,,91
201300038115,13,6,21,1220,1,2,1,1.0,3,91286,M,,,91
201300038116,13,7,16,935,1,2,1,1.0,6,91326,M,,,91
201300038117,13,7,15,1810,1,2,1,1.0,1,91286,M,,,91
201300038118,13,8,8,1805,1,2,1,1.0,6,91434,M,,,91
201300038119,13,8,13,1155,1,2,1,1.0,6,91687,M,,,91
201300038120,13,8,15,1940,2,2,1,1.0,3,91687,M,,,91
201300038121,13,10,14,715,2,2,1,1.0,3,91326,M,,,91
201300038122,13,10,18,850,1,2,1,1.0,6,91434,M,,,91
201300038123,13,10,7,830,2,2,1,1.0,6,91326,M,,,91
201300038124,13,11,14,1900,5,2,1,2.0,6,91687,M,,,91
201300038125,13,11,18,1525,1,2,1,1.0,3,91687,M,,,91
201300038126,13,11,20,1835,2,2,1,3.0,2,91326,M,,,91
201300038127,13,10,19,1130,1,2,1,1.0,6,91326,M,,,91
201300038128,13,10,30,1620,1,2,1,1.0,6,91687,M,,,91
201300038129,13,11,12,1855,5,2,1,2.0,6,91286,M,,,91
201300038130,13,11,29,1720,2,2,1,1.0,3,91434,M,,,91
201300038131,13,12,2,1700,2,2,1,1.0,6,91687,M,,,91
201300038132,13,12,12,1415,1,2,1,1.0,5,91687,M,,,91
201300038133,13,11,22,355,5,2,1,1.0,6,91286,M,,,91
201300038134,13,12,10,950,1,2,1,1.0,7,91434,M,,,91
201300038135,13,12,6,1940,5,2,1,1.0,6,91326,M,,,91
201300038136,13,12,25,300,3,2,1,2.0,6,91286,M,,,91
201300038137,13,1,11,2100,5,2,2,2.0,3,91161,M,,,91
201300038138,13,1,17,1850,3,2,1,1.0,6,91345,M,,,91
201300038139,13,1,28,650,5,1,1,2.0,6,91161,M,,,91
201300038140,13,2,6,1955,5,2,2,8.0,1,91345,M,,,91
201300038141,13,2,8,759,1,2,3,1.0,3,91345,M,,,91
201300038142,13,2,20,740,2,2,2,8.0,6,91161,M,,,91
201300038143,13,2,20,1530,1,2,1,1.0,3,91161,M,,,91
201300038144,13,3,14,2045,5,2,1,1.0,3,91345,M,,,91
201300038145,13,4,25,1540,1,1,4,7.0,2,91161,M,,,91
201300038146,13,5,4,800,2,2,1,1.0,1,91345,M,,,91
201300038147,13,6,19,445,3,1,1,8.0,2,91161,M,,,91
201300038148,13,6,25,1445,1,2,1,1.0,6,91161,M,,,91
201300038149,13,7,1,1200,1,2,3,1.0,3,91345,M,,,91
201300038150,13,7,18,1640,1,2,1,1.0,2,91161,M,,,91
201300038151,13,8,16,1945,1,2,3,1.0,3,91161,M,,,91
201300038152,13,8,30,1210,1,2,1,1.0,6,91345,M,,,91
201300038153,13,9,9,1725,1,1,1,2.0,3,91161,M,,,91
201300038154,13,9,11,205,5,1,1,1.0,6,91161,M,,,91
201300038155,13,9,12,810,1,2,1,2.0,3,91345,M,,,91
201300038156,13,9,16,1815,1,2,1,2.0,4,91345,M,,,91
201300038157,13,9,23,730,1,2,1,1.0,1,91161,M,,,91
201300038158,13,10,8,800,1,2,2,1.0,3,91161,M,,,91
201300038159,13,10,11,2150,5,2,1,1.0,3,91161,M,,,91
201300038160,13,10,16,1900,1,1,1,7.0,4,91161,M,,,91
201300038161,13,10,20,630,5,2,1,2.0,3,91161,M,,,91
201300038162,13,11,5,1630,1,2,1,1.0,2,91161,M,,,91
201300038163,13,11,7,450,5,1,3,2.0,5,91161,M,,,91
201300038164,13,11,7,1936,5,2,2,2.0,6,91345,M,,,91
201300038165,13,11,8,805,2,2,1,2.0,1,91161,M,,,91
201300038166,13,11,12,1355,1,2,1,2.0,6,91345,M,,,91
201300038167,13,11,12,2020,5,2,1,2.0,2,91161,M,,,91
201300038168,13,11,17,150,5,2,2,1.0,3,91345,M,,,91
201300038169,13,12,10,1500,1,2,1,1.0,2,91345,M,,,91
201300038170,13,12,12,125,5,2,3,1.0,3,91161,M,,,91
201300038171,13,12,20,2330,5,2,4,1.0,6,91345,M,,,91
201300038172,13,7,10,600,1,2,1,1.0,2,91161,M,,,91
201300038173,13,7,19,2135,1,2,1,1.0,3,91345,M,,,91
201300038174,13,7,31,2010,1,2,1,1.0,6,91161,M,,,91
201300038175,13,10,8,1230,1,2,1,1.0,3,91345,M,,,91
201300038176,13,10,16,830,1,2,1,1.0,6,91161,M,,,91
201300038177,13,10,21,1945,3,2,3,1.0,6,91345,M,,,91
201300038178,13,10,23,2010,5,2,1,1.0,4,91345,M,,,91
201300038179,13,10,26,1955,5,2,3,1.0,6,91345,M,,,91
201300038180,13,12,21,604,5,2,1,1.0,3,91345,M,,,91
201300038181,13,8,17,1255,1,1,1,1.0,3,91377,M,,,91
201300038182,13,7,23,1215,1,2,1,1.0,6,91377,M,,,91
201300038183,13,3,25,2200,3,2,1,1.0,7,91377,M,,,91
201300038184,13,5,4,315,3,2,1,1.0,7,91689,M,,,91
201300038185,13,6,30,105,4,2,1,1.0,6,91377,M,,,91
201300038186,13,7,12,1730,1,2,1,1.0,3,91377,M,,,91
201300038187,13,8,26,900,1,2,1,1.0,6,91377,M,,,91
201300038188,13,10,25,750,4,2,1,1.0,6,91377,M,,,91
201300038189,13,11,14,1300,1,2,1,1.0,3,91377,M,,,91
201300038190,13,12,4,1925,2,2,1,1.0,6,91377,M,,,91
201300038191,13,1,21,1815,2,2,4,2.0,6,91691,M,,,91
201300038192,13,2,1,1620,1,1,1,2.0,6,91421,M,,,91
201300038193,13,2,5,2200,5,2,3,1.0,3,91421,M,,,91
201300038194,13,2,8,45,5,1,1,2.0,2,91691,M,,,91
201300038195,13,1,29,1805,1,2,1,1.0,5,91421,M,,,91
201300038196,13,2,25,1330,1,1,1,1.0,3,91421,M,,,91
201300038197,13,3,7,1030,1,1,1,1.0,2,91421,M,,,91
201300038198,13,3,8,1505,1,2,1,2.0,3,91421,M,,,91
201300038199,13,3,14,1215,1,2,1,1.0,2,91691,M,,,91
201300038200,13,2,17,100,5,1,1,1.0,5,91421,M,,,91
201300038201,13,3,8,1955,5,2,1,2.0,2,91691,M,,,91
201300038202,13,3,21,605,5,2,1,1.0,2,91691,M,,,91
201300038203,13,2,8,1945,2,1,1,3.0,4,91421,M,,,91
201300038204,13,2,9,1920,2,1,1,1.0,3,91421,M,,,91
201300038205,13,2,10,1710,1,1,1,1.0,2,91421,M,,,91
201300038206,13,2,13,1520,1,2,1,1.0,1,91691,M,,,91
201300038207,13,4,11,1150,1,2,1,1.0,6,91691,M,,,91
201300038208,13,4,12,930,1,2,6,1.0,3,91691,M,,,91
201300038209,13,4,20,1700,1,2,6,1.0,4,91691,M,,,91
201300038210,13,4,17,1620,1,2,1,1.0,1,91691,M,,,91
201300038211,13,4,21,1240,1,2,6,1.0,2,91691,M,,,91
201300038212,13,4,29,1620,1,2,3,1.0,3,91421,M,,,91
201300038213,13,5,14,1905,1,1,1,1.0,1,91421,M,,,91
201300038214,13,5,25,1855,1,2,1,1.0,2,91421,M,,,91
201300038215,13,5,16,840,1,2,1,2.0,2,91421,M,,,91
201300038216,13,5,30,1900,1,2,1,1.0,1,91421,M,,,91
201300038217,13,6,4,1830,1,2,1,1.0,2,91691,M,,,91
201300038218,13,6,5,940,1,1,1,1.0,6,91421,M,,,91
201300038219,13,6,6,945,1,2,4,1.0,6,91421,M,,,91
201300038220,13,6,12,1700,1,2,1,2.0,6,91691,M,,,91
201300038221,13,6,11,1450,1,2,1,1.0,3,91421,M,,,91
201300038222,13,6,25,1630,1,2,1,1.0,6,91691,M,,,91
201300038223,13,6,25,1700,1,2,1,1.0,2,91691,M,,,91
201300038224,13,6,26,1735,1,1,1,1.0,5,91421,M,,,91
201300038225,13,6,29,1645,1,2,1,1.0,2,91691,M,,,91
201300038226,13,6,30,1035,1,1,1,1.0,2,91691,M,,,91
201300038227,13,7,1,1900,1,2,1,1.0,2,91421,M,,,91
201300038228,13,7,6,1515,1,2,1,1.0,5,91421,M,,,91
201300038229,13,7,8,1120,1,1,1,1.0,2,91421,M,,,91
201300038230,13,7,13,1935,1,2,1,1.0,3,91421,M,,,91
201300038231,13,7,10,2330,4,1,1,1.0,6,91421,M,,,91
201300038232,13,7,19,1130,1,2,6,1.0,6,91691,M,,,91
201300038233,13,7,19,1520,1,2,1,1.0,2,91691,M,,,91
201300038234,13,7,19,1815,1,2,1,1.0,6,91691,M,,,91
201300038235,13,7,24,1740,1,1,1,1.0,2,91421,M,,,91
201300038236,13,7,26,1215,1,2,1,1.0,2,91421,M,,,91
201300038237,13,7,27,1730,1,2,2,1.0,3,91421,M,,,91
201300038238,13,8,26,1905,1,2,2,1.0,3,91691,M,,,91
201300038239,13,8,20,750,1,1,1,1.0,4,91421,M,,,91
201300038240,13,8,20,2050,5,2,3,1.0,3,91421,M,,,91
201300038241,13,6,15,2115,5,2,2,1.0,3,91691,M,,,91
201300038242,13,10,1,1045,1,2,6,1.0,1,91691,M,,,91
201300038243,13,10,2,1408,1,2,1,1.0,3,91421,M,,,91
201300038244,13,9,17,1045,1,2,1,1.0,2,91421,M,,,91
201300038245,13,9,7,1815,1,2,1,1.0,7,91421,M,,,91
201300038246,13,10,4,1915,1,2,1,1.0,6,91691,M,,,91
201300038247,13,10,10,120,5,2,1,1.0,6,91691,M,,,91
201300038248,13,10,10,700,5,2,1,1.0,2,91691,M,,,91
201300038249,13,10,11,1345,1,2,1,1.0,6,91421,M,,,91
201300038250,13,10,11,1525,1,2,2,1.0,3,91691,M,,,91
201300038251,13,10,15,1210,1,2,1,1.0,2,91421,M,,,91
201300038252,13,10,15,1225,1,2,1,1.0,6,91691,M,,,91
201300038253,13,10,15,2015,5,2,1,1.0,6,91421,M,,,91
201300038254,13,10,18,910,1,2,6,1.0,3,91691,M,,,91
201300038255,13,10,28,420,5,2,1,3.0,6,91691,M,,,91
201300038256,13,11,8,1645,1,2,1,2.0,2,91691,M,,,91
201300038257,13,11,8,2240,5,1,1,2.0,2,91421,M,,,91
201300038258,13,11,12,1300,1,2,1,1.0,6,91691,M,,,91
201300038259,13,11,14,910,1,2,2,2.0,3,91421,M,,,91
201300038260,13,11,15,1245,1,2,1,1.0,6,91421,M,,,91
201300038261,13,11,15,1520,1,2,1,1.0,3,91691,M,,,91
201300038262,13,11,20,845,1,2,3,1.0,3,91691,M,,,91
201300038263,13,11,20,1725,5,2,1,3.0,6,91691,M,,,91
201300038264,13,11,27,1920,1,2,1,1.0,6,91421,M,,,91
201300038265,13,11,28,720,2,2,1,1.0,1,91421,M,,,91
201300038266,13,12,9,1600,1,2,1,1.0,3,91421,M,,,91
201300038267,13,12,10,1100,1,2,1,1.0,6,91421,M,,,91
201300038268,13,12,14,1020,1,1,1,1.0,2,91421,M,,,91
201300038269,13,12,15,140,3,1,1,1.0,2,91421,M,,,91
201300038270,13,12,17,805,5,2,1,1.0,2,91421,M,,,91
201300038271,13,12,18,1650,1,2,1,1.0,3,91421,M,,,91
201300038272,13,12,19,1850,5,2,1,1.0,6,91691,M,,,91
201300038273,13,12,27,1735,5,2,1,2.0,6,91691,M,,,91
201300038274,13,12,30,1820,5,2,1,2.0,6,91421,M,,,91
201300038275,13,1,8,1900,2,2,1,2.0,6,91691,M,,,91
201300038276,13,1,5,905,1,2,1,1.0,1,91645,M,,,91
201300038277,13,1,8,845,2,2,3,8.0,6,91645,M,,,91
201300038278,13,1,8,1230,1,2,1,1.0,6,91692,M,,,91
201300038279,13,1,16,820,2,2,3,1.0,6,91692,M,,,91
201300038280,13,1,28,1820,5,2,1,1.0,6,91312,M,,,91
201300038281,13,1,29,1810,5,2,1,2.0,6,91471,M,,,91
201300038282,13,1,30,1615,1,2,1,1.0,6,91645,M,,,91
201300038283,13,2,6,1155,1,2,4,1.0,2,91477,M,,,91
201300038284,13,2,13,1820,5,2,1,1.0,6,91645,M,,,91
201300038285,13,11,5,1755,4,2,1,2.0,6,91692,M,,,91
201300038286,13,11,30,1140,1,2,1,1.0,3,91471,M,,,91
201300038287,13,2,13,2220,5,2,3,1.0,1,91477,M,,,91
201300038288,13,2,18,720,1,2,4,1.0,3,91477,M,,,91
201300038289,13,1,16,1325,1,2,1,1.0,2,91471,M,,,91
201300038290,13,2,22,1030,1,2,2,1.0,3,91312,M,,,91
201300038291,13,2,16,1330,1,1,1,1.0,5,91477,M,,,91
201300038292,13,2,13,745,1,2,3,1.0,6,91122,M,,,91
201300038293,13,2,28,1915,5,2,3,1.0,6,91477,M,,,91
201300038294,13,1,26,55,5,2,1,1.0,6,91477,M,,,91
201300038295,13,1,23,1430,1,2,1,1.0,4,91692,M,,,91
201300038296,13,3,1,1800,2,2,3,1.0,1,91471,M,,,91
201300038297,13,3,19,805,1,1,1,1.0,3,91477,M,,,91
201300038298,13,3,15,1720,1,2,1,1.0,6,91471,M,,,91
201300038299,13,3,22,830,1,2,1,1.0,6,91477,M,,,91
201300038300,13,3,26,1740,1,2,1,1.0,3,91692,M,,,91
201300038301,13,4,9,1700,1,2,1,1.0,6,91471,M,,,91
201300038302,13,4,8,900,1,2,1,1.0,3,91122,M,,,91
201300038303,13,4,16,1545,1,2,1,1.0,1,91645,M,,,91
201300038304,13,4,19,1650,1,2,2,8.0,3,91477,M,,,91
201300038305,13,4,21,1700,1,2,1,1.0,3,91477,M,,,91
201300038306,13,4,26,1845,1,2,3,2.0,3,91064,M,,,91
201300038307,13,4,29,1115,1,2,1,1.0,2,91477,M,,,91
201300038308,13,4,17,925,1,2,9,1.0,3,91471,M,,,91
201300038309,13,5,12,1140,1,1,1,1.0,3,91064,M,,,91
201300038310,13,5,22,1555,1,2,1,1.0,6,91477,M,,,91
201300038311,13,5,28,1755,1,2,1,1.0,6,91477,M,,,91
201300038312,13,6,8,1655,1,2,1,1.0,2,91064,M,,,91
201300038313,13,6,9,730,1,2,1,2.0,6,91645,M,,,91
201300038314,13,6,2,220,5,2,1,1.0,6,91312,M,,,91
201300038315,13,6,11,1530,1,2,1,1.0,4,91477,M,,,91
201300038316,13,5,27,2130,5,2,9,1.0,6,91064,M,,,91
201300038317,13,6,15,1740,1,2,1,1.0,3,91064,M,,,91
201300038318,13,6,18,2055,1,2,1,1.0,6,91122,M,,,91
201300038319,13,5,27,1858,1,2,1,1.0,1,91692,M,,,91
201300038320,13,6,23,200,3,1,1,8.0,3,91064,M,,,91
201300038321,13,5,27,1620,1,2,1,1.0,2,91477,M,,,91
201300038322,13,5,17,1115,1,2,1,1.0,6,91692,M,,,91
201300038323,13,7,3,840,1,2,1,1.0,6,91477,M,,,91
201300038324,13,7,11,905,1,2,1,1.0,2,91122,M,,,91
201300038325,13,7,12,2045,1,1,4,1.0,6,91692,M,,,91
201300038326,13,5,29,900,1,2,1,1.0,1,91064,M,,,91
201300038327,13,6,9,1055,1,2,1,1.0,2,91064,M,,,91
201300038328,13,6,7,1620,1,2,1,1.0,3,91692,M,,,91
201300038329,13,7,15,1220,1,2,6,1.0,4,91692,M,,,91
201300038330,13,8,10,2345,4,2,3,1.0,1,91645,M,,,91
201300038331,13,8,21,2329,5,1,1,1.0,6,91692,M,,,91
201300038332,13,8,28,1730,1,2,1,1.0,1,91645,M,,,91
201300038333,13,9,3,800,1,2,6,1.0,2,91692,M,,,91
201300038334,13,7,13,1020,1,2,1,1.0,6,91064,M,,,91
201300038335,13,9,5,1815,1,2,3,1.0,3,91122,M,,,91
201300038336,13,9,6,1305,1,2,1,1.0,6,91692,M,,,91
201300038337,13,9,9,805,1,2,1,1.0,6,91692,M,,,91
201300038338,13,9,9,1520,1,2,3,2.0,3,91477,M,,,91
201300038339,13,9,10,1025,1,2,1,1.0,6,91312,M,,,91
201300038340,13,9,26,755,1,2,9,1.0,3,91471,M,,,91
201300038341,13,9,28,2110,5,2,7,8.0,7,91312,M,,,91
201300038342,13,9,30,2100,5,2,1,1.0,5,91064,M,,,91
201300038343,13,10,1,805,1,2,1,1.0,6,91477,M,,,91
201300038344,13,10,1,1605,1,2,1,1.0,6,91477,M,,,91
201300038345,13,10,10,110,4,1,1,2.0,6,91692,M,,,91
201300038346,13,10,12,1100,1,2,1,8.0,6,91477,M,,,91
201300038347,13,10,12,1355,1,2,1,1.0,6,91692,M,,,91
201300038348,13,10,15,930,1,2,1,7.0,6,91645,M,,,91
201300038349,13,10,18,1745,1,2,3,1.0,6,91477,M,,,91
201300038350,13,10,24,1540,1,2,1,1.0,3,91477,M,,,91
201300038351,13,10,29,1315,1,2,3,1.0,6,91477,M,,,91
201300038352,13,10,15,1610,1,2,1,1.0,1,91471,M,,,91
201300038353,13,11,9,1230,1,2,1,2.0,6,91645,M,,,91
201300038354,13,11,11,2130,5,2,1,1.0,6,91471,M,,,91
201300038355,13,11,29,845,1,2,1,1.0,2,91692,M,,,91
201300038356,13,12,3,1625,1,1,1,1.0,2,91477,M,,,91
201300038357,13,12,11,1050,1,1,1,4.0,1,91471,M,,,91
201300038358,13,12,23,1905,5,2,1,1.0,2,91477,M,,,91
201300038359,13,12,12,1310,1,2,1,1.0,2,91692,M,,,91
201300038360,13,12,29,115,5,2,1,1.0,6,91122,M,,,91
201300038361,13,12,2,1100,1,2,1,1.0,3,91692,M,,,91
201300038362,13,12,3,825,1,2,2,1.0,3,91471,M,,,91
201300038363,13,10,4,1555,1,2,1,1.0,3,91477,M,,,91
201300038364,13,1,3,2350,5,2,1,2.0,6,91570,M,,,91
201300038365,13,1,8,2045,3,1,6,1.0,2,91685,M,,,91
201300038366,13,2,6,1630,1,2,1,1.0,3,91216,M,,,91
201300038367,13,2,6,1815,5,2,2,1.0,3,91549,M,,,91
201300038368,13,2,14,1130,1,2,1,3.0,6,91570,M,,,91
201300038369,13,3,28,1555,1,2,1,1.0,2,91549,M,,,91
201300038370,13,4,6,110,5,2,1,1.0,6,91549,M,,,91
201300038371,13,4,11,1505,1,2,1,1.0,3,91216,M,,,91
201300038372,13,3,29,1640,1,2,1,1.0,6,91549,M,,,91
201300038373,13,4,20,1200,1,2,1,1.0,6,91216,M,,,91
201300038374,13,4,29,2115,5,2,1,1.0,6,91570,M,,,91
201300038375,13,4,30,815,1,2,1,1.0,6,91549,M,,,91
201300038376,13,6,2,915,1,2,2,1.0,3,91549,M,,,91
201300038377,13,6,3,1020,1,2,2,1.0,3,91216,M,,,91
201300038378,13,6,25,1950,1,2,2,1.0,3,91549,M,,,91
201300038379,13,6,27,825,1,2,1,1.0,6,91570,M,,,91
201300038380,13,7,2,2000,1,2,1,1.0,6,91549,M,,,91
201300038381,13,7,5,1810,1,2,1,1.0,6,91216,M,,,91
201300038382,13,8,16,1130,1,2,1,1.0,6,91549,M,,,91
201300038383,13,8,23,1900,1,2,1,1.0,6,91570,M,,,91
201300038384,13,9,5,2010,5,2,2,1.0,3,91549,M,,,91
201300038385,13,9,6,800,1,2,1,1.0,6,91549,M,,,91
201300038386,13,9,27,1310,1,2,1,1.0,3,91549,M,,,91
201300038387,13,9,29,2005,2,2,2,2.0,3,91549,M,,,91
201300038388,13,10,7,1950,5,2,1,1.0,1,91549,M,,,91
201300038389,13,10,15,730,2,1,1,2.0,1,91570,M,,,91
201300038390,13,10,23,1545,1,2,1,1.0,6,91570,M,,,91
201300038391,13,11,21,745,1,1,1,2.0,2,91216,M,,,91
201300038392,13,11,22,1730,5,2,7,1.0,1,91216,M,,,91
201300038393,13,11,29,1645,2,2,1,2.0,6,91549,M,,,91
201300038394,13,12,3,1000,1,2,1,1.0,2,91549,M,,,91
201300038395,13,12,9,1700,5,2,2,1.0,6,91549,M,,,91
201300038396,13,12,18,1825,5,2,1,1.0,2,91216,M,,,91
201300038397,13,12,20,1555,1,2,7,1.0,6,91216,M,,,91
201300038398,13,1,21,800,2,2,6,4.0,6,91432,M,,,91
201300038399,13,12,17,800,2,2,2,1.0,6,91432,M,,,91
201300038400,13,1,1,500,4,2,1,2.0,6,91589,M,,,91
201300038401,13,1,16,1130,1,2,1,4.0,6,91432,M,,,91
201300038402,13,12,10,605,2,2,1,1.0,6,91589,M,,,91
201300038403,13,2,14,1325,1,2,1,1.0,3,91589,M,,,91
201300038404,13,2,16,2200,5,2,1,1.0,2,91432,M,,,91
201300038405,13,2,1,750,5,2,1,9.0,6,91589,M,,,91
201300038406,13,1,5,2040,5,2,2,2.0,3,91589,M,,,91
201300038407,13,1,12,110,5,2,1,8.0,1,91589,M,,,91
201300038408,13,2,10,1611,1,2,1,2.0,6,91432,M,,,91
201300038409,13,2,18,830,1,2,3,1.0,3,91589,M,,,91
201300038410,13,2,18,715,5,2,3,1.0,6,91589,M,,,91
201300038411,13,2,28,1710,2,2,1,1.0,6,91589,M,,,91
201300038412,13,3,7,1523,1,2,3,1.0,3,91589,M,,,91
201300038413,13,3,8,1745,1,2,2,1.0,1,91589,M,,,91
201300038414,13,3,9,1440,1,2,2,1.0,3,91432,M,,,91
201300038415,13,3,22,1820,2,2,2,1.0,3,91589,M,,,91
201300038416,13,3,27,1015,1,2,4,1.0,6,91589,M,,,91
201300038417,13,4,3,2200,5,2,1,1.0,6,91589,M,,,91
201300038418,13,4,19,1330,1,2,1,1.0,1,91432,M,,,91
201300038419,13,3,30,1850,1,2,3,1.0,3,91589,M,,,91
201300038420,13,4,2,1100,1,2,1,1.0,6,91589,M,,,91
201300038421,13,4,30,1759,1,2,3,1.0,3,91432,M,,,91
201300038422,13,5,3,1300,1,2,1,1.0,1,91432,M,,,91
201300038423,13,5,5,1855,1,2,1,1.0,3,91432,M,,,91
201300038424,13,7,2,2110,2,2,3,1.0,3,91589,M,,,91
201300038425,13,6,26,1930,1,2,1,1.0,6,91432,M,,,91
201300038426,13,7,9,1520,1,2,1,1.0,3,91589,M,,,91
201300038427,13,7,9,1600,1,2,1,1.0,3,91589,M,,,91
201300038428,13,7,12,1615,1,2,2,1.0,3,91589,M,,,91
201300038429,13,8,20,1000,1,2,1,1.0,2,91589,M,,,91
201300038430,13,7,25,1730,1,2,3,1.0,3,91589,M,,,91
201300038431,13,9,5,828,1,2,2,1.0,2,91589,M,,,91
201300038432,13,9,11,1133,1,2,2,1.0,3,91589,M,,,91
201300038433,13,9,5,1545,1,2,3,1.0,3,91589,M,,,91
201300038434,13,8,30,2105,2,2,1,1.0,7,91589,M,,,91
201300038435,13,9,25,2050,5,2,1,1.0,6,91589,M,,,91
201300038436,13,9,26,1455,1,2,1,1.0,2,91589,M,,,91
201300038437,13,9,12,2315,5,2,1,1.0,2,91432,M,,,91
201300038438,13,9,13,2325,4,2,3,1.0,2,91589,M,,,91
201300038439,13,9,11,2040,1,2,7,1.0,3,91432,M,,,91
201300038440,13,9,22,1700,1,2,1,1.0,3,91589,M,,,91
201300038441,13,11,13,2125,5,2,1,1.0,6,91432,M,,,91
201300038442,13,10,14,810,2,2,3,1.0,6,91589,M,,,91
201300038443,13,10,10,1800,2,2,3,2.0,1,91589,M,,,91
201300038444,13,12,16,1800,5,2,3,1.0,1,91432,M,,,91
201300038445,13,11,11,2150,5,2,2,1.0,3,91589,M,,,91
201300038446,13,12,5,1600,1,2,2,1.0,1,91589,M,,,91
201300038447,13,12,19,1915,1,2,1,1.0,6,91589,M,,,91
201300038448,13,12,23,655,5,2,1,1.0,6,91589,M,,,91
201300038449,13,1,7,1835,5,2,9,1.0,6,92002,M,,,92
201300038450,13,1,14,2035,5,2,2,2.0,3,92014,M,,,92
201300038451,13,1,16,1840,5,2,3,8.0,6,92002,M,,,92
201300038452,13,1,17,1823,5,2,3,1.0,6,92002,M,,,92
201300038453,13,1,20,1010,1,2,2,4.0,6,92002,M,,,92
201300038454,13,1,23,1240,1,2,2,1.0,6,92014,M,,,92
201300038455,13,1,31,735,1,2,3,1.0,3,92002,M,,,92
201300038456,13,2,21,800,2,2,6,1.0,7,92002,M,,,92
201300038457,13,3,1,1245,1,2,1,1.0,6,92014,M,,,92
201300038458,13,3,25,1600,1,2,1,7.0,6,92014,M,,,92
201300038459,13,3,26,1220,1,2,1,1.0,6,92002,M,,,92
201300038460,13,3,26,1645,1,2,1,1.0,6,92002,M,,,92
201300038461,13,3,27,1229,1,2,3,1.0,3,92014,M,,,92
201300038462,13,3,28,920,1,2,1,1.0,6,92002,M,,,92
201300038463,13,3,30,15,5,2,3,1.0,3,92002,M,,,92
201300038464,13,3,30,1230,1,2,1,1.0,3,92002,M,,,92
201300038465,13,4,3,1125,1,2,3,1.0,6,92002,M,,,92
201300038466,13,4,6,1250,1,2,3,1.0,3,92014,M,,,92
201300038467,13,4,25,840,1,2,1,1.0,6,92002,M,,,92
201300038468,13,4,30,1955,1,2,1,2.0,6,92002,M,,,92
201300038469,13,5,11,900,1,2,2,1.0,6,92014,M,,,92
201300038470,13,5,21,445,5,2,2,1.0,3,92014,M,,,92
201300038471,13,5,24,2350,5,2,1,1.0,7,92002,M,,,92
201300038472,13,5,27,1800,1,2,5,1.0,6,92014,M,,,92
201300038473,13,5,29,1350,1,2,3,1.0,3,92002,M,,,92
201300038474,13,6,1,1000,1,2,1,1.0,6,92014,M,,,92
201300038475,13,6,3,1415,1,2,2,1.0,3,92002,M,,,92
201300038476,13,7,8,1730,1,2,3,1.0,3,92002,M,,,92
201300038477,13,7,16,1630,1,2,7,1.0,3,92014,M,,,92
201300038478,13,7,23,415,5,2,2,1.0,6,92002,M,,,92
201300038479,13,7,24,735,1,2,2,1.0,3,92002,M,,,92
201300038480,13,8,21,1920,1,2,1,1.0,3,92002,M,,,92
201300038481,13,8,30,1845,1,2,1,1.0,5,92002,M,,,92
201300038482,13,9,4,930,1,2,3,1.0,3,92002,M,,,92