Num_Acc,an,mois,jour,hrmn,lum,agg,int,atm,col,com,gps,lat,long,dep
201300038483,13,9,4,1400,1,2,1,1.0,3,92014,M,,,92
201300038484,13,9,23,1500,1,2,1,1.0,6,92002,M,,,92
201300038485,13,9,24,830,1,2,1,1.0,2,92002,M,,,92
201300038486,13,10,31,2100,5,2,1,1.0,6,92014,M,,,92
201300038487,13,11,7,835,1,2,1,2.0,6,92002,M,,,92
201300038488,13,12,18,1050,1,2,1,1.0,6,92014,M,,,92
201300038489,13,12,27,2100,5,2,3,2.0,6,92002,M,,,92
201300038490,13,1,8,920,1,2,2,1.0,2,92009,M,,,92
201300038491,13,1,13,2215,5,2,2,1.0,3,92009,M,,,92
201300038492,13,1,17,1930,5,2,2,1.0,3,92004,M,,,92
201300038493,13,1,19,425,5,2,2,4.0,3,92004,M,,,92
201300038494,13,1,19,1900,5,2,1,4.0,6,92004,M,,,92
201300038495,13,1,21,1720,2,2,1,4.0,4,92004,M,,,92
201300038496,13,1,29,420,5,2,1,1.0,6,92004,M,,,92
201300038497,13,1,29,2035,5,2,1,1.0,6,92009,M,,,92
201300038498,13,2,1,810,2,2,1,2.0,7,92004,M,,,92
201300038499,13,2,1,1715,1,2,2,1.0,6,92004,M,,,92
201300038500,13,2,4,1215,1,2,2,1.0,4,92004,M,,,92
201300038501,13,2,4,1635,1,2,2,2.0,3,92009,M,,,92
201300038502,13,2,6,1820,1,2,1,1.0,3,92004,M,,,92
201300038503,13,2,12,1320,1,2,1,1.0,7,92004,M,,,92
201300038504,13,2,13,800,1,2,2,1.0,3,92004,M,,,92
201300038505,13,2,20,840,1,2,2,1.0,3,92004,M,,,92
201300038506,13,2,20,1140,1,2,2,1.0,3,92004,M,,,92
201300038507,13,2,20,1600,1,2,2,1.0,3,92004,M,,,92
201300038508,13,2,27,905,1,2,1,1.0,6,92004,M,,,92
201300038509,13,2,27,1010,1,2,1,2.0,3,92004,M,,,92
201300038510,13,2,28,1640,1,2,3,1.0,7,92004,M,,,92
201300038511,13,3,1,2230,5,2,3,1.0,7,92009,M,,,92
201300038512,13,3,9,945,1,2,1,1.0,3,92004,M,,,92
201300038513,13,3,11,1915,5,1,7,4.0,7,92004,M,,,92
201300038514,13,3,14,800,1,2,1,1.0,7,92004,M,,,92
201300038515,13,3,20,20,5,2,3,2.0,7,92009,M,,,92
201300038516,13,3,21,840,1,2,2,1.0,7,92004,M,,,92
201300038517,13,3,21,1345,1,2,3,1.0,5,92004,M,,,92
201300038518,13,4,1,700,1,2,2,1.0,3,92004,M,,,92
201300038519,13,4,3,2035,5,2,2,1.0,3,92009,M,,,92
201300038520,13,4,5,905,1,2,2,1.0,3,92004,M,,,92
201300038521,13,4,9,1605,1,2,1,2.0,7,92004,M,,,92
201300038522,13,4,12,2030,2,2,1,1.0,7,92009,M,,,92
201300038523,13,4,13,45,5,2,1,1.0,2,92004,M,,,92
201300038524,13,4,13,1815,1,2,1,2.0,6,92004,M,,,92
201300038525,13,4,18,1845,1,2,1,1.0,2,92004,M,,,92
201300038526,13,4,19,820,1,2,2,1.0,3,92004,M,,,92
201300038527,13,4,19,1050,1,2,2,1.0,6,92004,M,,,92
201300038528,13,4,25,835,1,2,1,1.0,6,92004,M,,,92
201300038529,13,4,25,1400,1,2,1,1.0,6,92004,M,,,92
201300038530,13,4,26,1625,1,2,2,1.0,6,92004,M,,,92
201300038531,13,5,5,1700,1,1,2,1.0,3,92009,M,,,92
201300038532,13,5,13,1630,1,2,1,1.0,6,92004,M,,,92
201300038533,13,5,19,2105,5,2,2,3.0,3,92004,M,,,92
201300038534,13,5,20,1430,1,2,2,2.0,3,92004,M,,,92
201300038535,13,5,21,1000,1,2,1,2.0,6,92004,M,,,92
201300038536,13,5,21,1215,1,2,1,2.0,7,92004,M,,,92
201300038537,13,5,21,1810,1,2,1,1.0,6,92004,M,,,92
201300038538,13,5,22,1715,1,2,1,1.0,2,92004,M,,,92
201300038539,13,5,23,1145,1,2,1,1.0,6,92004,M,,,92
201300038540,13,5,25,1220,1,2,1,1.0,2,92004,M,,,92
201300038541,13,5,30,910,1,2,1,2.0,6,92004,M,,,92
201300038542,13,6,4,1550,1,2,2,1.0,3,92004,M,,,92
201300038543,13,6,6,815,1,2,1,1.0,1,92009,M,,,92
201300038544,13,6,8,2325,5,2,1,1.0,6,92004,M,,,92
201300038545,13,6,12,715,1,2,1,1.0,2,92004,M,,,92
201300038546,13,6,13,1245,1,2,1,2.0,3,92004,M,,,92
201300038547,13,6,13,1710,1,2,1,2.0,6,92004,M,,,92
201300038548,13,6,14,1835,1,2,2,1.0,3,92004,M,,,92
201300038549,13,5,31,1910,1,2,1,1.0,6,92004,M,,,92
201300038550,13,6,20,810,1,2,1,2.0,1,92004,M,,,92
201300038551,13,6,21,2120,1,2,1,1.0,3,92004,M,,,92
201300038552,13,6,22,1130,1,2,1,1.0,6,92004,M,,,92
201300038553,13,6,27,2000,1,2,2,1.0,3,92004,M,,,92
201300038554,13,7,2,1225,1,2,2,1.0,3,92004,M,,,92
201300038555,13,7,2,1300,1,2,1,1.0,3,92004,M,,,92
201300038556,13,7,2,1330,1,2,1,1.0,6,92004,M,,,92
201300038557,13,7,9,1005,1,2,1,1.0,1,92004,M,,,92
201300038558,13,7,10,840,1,2,1,1.0,6,92004,M,,,92
201300038559,13,7,10,2030,1,2,2,1.0,3,92004,M,,,92
201300038560,13,7,13,1355,1,2,1,1.0,3,92004,M,,,92
201300038561,13,7,17,845,1,2,1,1.0,6,92009,M,,,92
201300038562,13,7,18,1950,1,2,1,1.0,3,92004,M,,,92
201300038563,13,7,23,1730,1,2,1,1.0,2,92004,M,,,92
201300038564,13,7,25,830,1,2,1,1.0,3,92004,M,,,92
201300038565,13,7,29,1145,1,2,1,1.0,6,92004,M,,,92
201300038566,13,8,7,1055,1,2,2,3.0,3,92004,M,,,92
201300038567,13,8,7,2105,1,2,1,1.0,6,92009,M,,,92
201300038568,13,8,10,300,5,2,1,1.0,6,92004,M,,,92
201300038569,13,8,13,40,5,2,1,1.0,6,92004,M,,,92
201300038570,13,8,17,1515,1,2,3,1.0,3,92036,M,,,92
201300038571,13,8,25,1730,1,2,2,2.0,7,92004,M,,,92
201300038572,13,8,26,705,1,2,1,1.0,7,92009,M,,,92
201300038573,13,8,29,1630,1,2,1,1.0,2,92004,M,,,92
201300038574,13,8,28,1130,1,2,1,1.0,2,92009,M,,,92
201300038575,13,9,4,950,1,2,1,1.0,5,92004,M,,,92
201300038576,13,9,10,1320,1,2,1,1.0,2,92009,M,,,92
201300038577,13,9,12,2345,3,2,2,1.0,7,92009,M,,,92
201300038578,13,9,13,25,5,2,1,1.0,3,92004,M,,,92
201300038579,13,9,15,1620,1,2,2,1.0,3,92004,M,,,92
201300038580,13,9,20,2255,5,2,3,1.0,3,92004,M,,,92
201300038581,13,9,21,1500,1,2,1,1.0,3,92004,M,,,92
201300038582,13,9,22,745,1,2,1,1.0,6,92004,M,,,92
201300038583,13,9,22,1820,1,1,1,1.0,6,92004,M,,,92
201300038584,13,9,20,1320,1,2,1,1.0,6,92004,M,,,92
201300038585,13,9,24,543,3,2,1,1.0,7,92004,M,,,92
201300038586,13,9,24,2035,5,2,9,1.0,3,92004,M,,,92
201300038587,13,9,26,930,1,2,1,1.0,4,92004,M,,,92
201300038588,13,9,30,800,1,2,2,1.0,6,92009,M,,,92
201300038589,13,10,1,855,1,2,1,1.0,6,92004,M,,,92
201300038590,13,10,3,1550,1,2,2,1.0,3,92004,M,,,92
201300038591,13,10,4,1400,1,2,1,1.0,7,92004,M,,,92
201300038592,13,10,5,1110,1,2,3,1.0,2,92004,M,,,92
201300038593,13,10,5,1130,1,2,2,1.0,3,92004,M,,,92
201300038594,13,10,7,1645,1,2,3,1.0,6,92004,M,,,92
201300038595,13,10,8,1755,1,2,1,1.0,6,92004,M,,,92
201300038596,13,10,17,1105,1,2,1,1.0,3,92004,M,,,92
201300038597,13,10,17,1755,2,2,1,1.0,6,92004,M,,,92
201300038598,13,10,21,1100,1,2,1,1.0,6,92004,M,,,92
201300038599,13,10,25,2100,5,2,2,2.0,7,92004,M,,,92
201300038600,13,10,26,1510,1,2,3,1.0,6,92004,M,,,92
201300038601,13,10,28,1420,1,2,1,1.0,7,92004,M,,,92
201300038602,13,10,30,900,1,2,1,1.0,2,92009,M,,,92
201300038603,13,11,1,1235,1,2,2,2.0,7,92004,M,,,92
201300038604,13,11,2,108,5,2,1,2.0,6,92004,M,,,92
201300038605,13,11,2,2230,5,2,1,1.0,2,92004,M,,,92
201300038606,13,11,4,1345,1,2,1,2.0,7,92004,M,,,92
201300038607,13,11,5,2100,3,2,1,1.0,6,92004,M,,,92
201300038608,13,11,6,930,1,2,1,1.0,6,92004,M,,,92
201300038609,13,11,10,1335,1,2,2,1.0,3,92009,M,,,92
201300038610,13,11,14,2200,5,2,1,2.0,3,92004,M,,,92
201300038611,13,11,13,1025,1,2,1,1.0,6,92004,M,,,92
201300038612,13,11,13,1240,1,2,3,1.0,3,92009,M,,,92
201300038613,13,11,14,800,1,2,2,2.0,3,92004,M,,,92
201300038614,13,11,17,1540,1,2,1,1.0,2,92004,M,,,92
201300038615,13,11,21,815,1,2,1,2.0,3,92004,M,,,92
201300038616,13,11,21,1340,1,2,1,1.0,6,92004,M,,,92
201300038617,13,11,21,1615,1,2,2,2.0,6,92004,M,,,92
201300038618,13,11,8,1730,1,2,1,1.0,6,92009,M,,,92
201300038619,13,12,4,1340,1,2,1,1.0,6,92004,M,,,92
201300038620,13,12,3,1910,5,2,1,2.0,2,92004,M,,,92
201300038621,13,12,8,40,5,2,1,1.0,6,92004,M,,,92
201300038622,13,12,10,745,5,2,3,1.0,3,92009,M,,,92
201300038623,13,12,10,930,1,2,1,1.0,6,92004,M,,,92
201300038624,13,12,13,813,1,2,1,1.0,6,92004,M,,,92
201300038625,13,12,13,820,1,2,1,1.0,3,92009,M,,,92
201300038626,13,12,14,1840,5,2,2,1.0,3,92009,M,,,92
201300038627,13,12,15,1155,1,2,1,1.0,6,92009,M,,,92
201300038628,13,12,15,2130,5,2,1,1.0,7,92004,M,,,92
201300038629,13,12,17,1308,1,2,1,1.0,3,92004,M,,,92
201300038630,13,12,19,2210,5,2,2,1.0,3,92004,M,,,92
201300038631,13,12,30,2345,5,2,2,1.0,3,92004,M,,,92
201300038632,13,1,7,1350,1,2,1,1.0,6,92007,M,,,92
201300038633,13,1,24,1205,1,2,3,1.0,3,92007,M,,,92
201300038634,13,2,6,735,5,2,1,3.0,3,92007,M,,,92
201300038635,13,2,7,1630,1,2,1,1.0,6,92007,M,,,92
201300038636,13,2,14,2030,3,2,3,2.0,2,92007,M,,,92
201300038637,13,2,27,1920,5,2,1,2.0,6,92007,M,,,92
201300038638,13,3,8,1225,1,2,3,2.0,3,92007,M,,,92
201300038639,13,3,18,840,1,2,2,1.0,7,92007,M,,,92
201300038640,13,4,9,1330,1,2,1,3.0,3,92007,M,,,92
201300038641,13,4,12,1630,1,2,2,2.0,3,92007,M,,,92
201300038642,13,4,24,1740,1,2,3,1.0,6,92007,M,,,92
201300038643,13,5,7,1935,1,2,2,1.0,3,92007,M,,,92
201300038644,13,5,14,1530,1,2,6,1.0,6,92007,M,,,92
201300038645,13,5,15,530,5,2,2,2.0,6,92007,M,,,92
201300038646,13,5,17,1410,1,2,3,1.0,3,92007,M,,,92
201300038647,13,5,24,755,1,2,1,1.0,2,92007,M,,,92
201300038648,13,5,27,1400,1,2,1,1.0,2,92007,M,,,92
201300038649,13,6,10,835,1,2,2,1.0,3,92007,M,,,92
201300038650,13,6,14,1715,1,2,1,1.0,4,92007,M,,,92
201300038651,13,6,14,1730,1,2,2,1.0,3,92007,M,,,92
201300038652,13,6,18,615,1,2,2,1.0,3,92007,M,,,92
201300038653,13,6,22,1530,1,2,6,1.0,6,92007,M,,,92
201300038654,13,7,10,1535,1,2,3,1.0,6,92007,M,,,92
201300038655,13,7,10,2320,5,2,2,1.0,3,92007,M,,,92
201300038656,13,7,11,810,1,2,3,1.0,3,92007,M,,,92
201300038657,13,7,12,2110,1,2,1,1.0,3,92007,M,,,92
201300038658,13,7,17,1745,1,2,3,1.0,3,92007,M,,,92
201300038659,13,7,28,1700,1,2,2,1.0,6,92007,M,,,92
201300038660,13,8,29,1810,1,2,4,1.0,2,92007,M,,,92
201300038661,13,9,3,1020,1,2,2,1.0,3,92007,M,,,92
201300038662,13,9,7,1600,1,2,1,1.0,3,92007,M,,,92
201300038663,13,9,11,1800,1,2,3,1.0,3,92007,M,,,92
201300038664,13,9,30,1200,1,2,2,1.0,3,92007,M,,,92
201300038665,13,10,8,835,1,2,2,1.0,3,92007,M,,,92
201300038666,13,10,18,1515,1,2,1,1.0,3,92007,M,,,92
201300038667,13,10,18,1700,1,2,3,1.0,2,92007,M,,,92
201300038668,13,10,22,750,2,2,1,4.0,3,92007,M,,,92
201300038669,13,10,24,1415,1,2,1,1.0,2,92007,M,,,92
201300038670,13,10,30,1645,1,2,1,1.0,7,92007,M,,,92
201300038671,13,10,31,1145,1,2,3,1.0,3,92007,M,,,92
201300038672,13,11,5,1145,1,2,2,2.0,3,92007,M,,,92
201300038673,13,11,8,1315,1,2,3,2.0,1,92007,M,,,92
201300038674,13,11,20,840,1,2,3,1.0,7,92007,M,,,92
201300038675,13,11,25,1715,1,2,1,1.0,6,92007,M,,,92
201300038676,13,12,7,1115,1,2,2,2.0,6,92007,M,,,92
201300038677,13,12,9,1035,1,2,2,1.0,3,92007,M,,,92
201300038678,13,12,9,1325,1,2,2,1.0,6,92007,M,,,92
201300038679,13,12,12,1815,2,2,1,1.0,6,92007,M,,,92
201300038680,13,12,16,1735,2,2,1,1.0,6,92007,M,,,92
201300038681,13,12,17,1315,1,2,2,1.0,6,92007,M,,,92
201300038682,13,12,18,1430,1,2,2,1.0,6,92007,M,,,92
201300038683,13,1,8,810,5,2,1,1.0,6,92012,M,,,92
201300038684,13,1,9,1640,2,2,1,2.0,6,92012,M,,,92
201300038685,13,1,15,1150,1,2,1,2.0,6,92012,M,,,92
201300038686,13,1,16,740,2,2,1,4.0,7,92012,M,,,92
201300038687,13,1,26,2030,5,2,1,1.0,6,92012,M,,,92
201300038688,13,1,27,1845,5,2,1,2.0,3,92012,M,,,92
201300038689,13,1,30,1340,1,2,1,2.0,7,92012,M,,,92
201300038690,13,2,3,1200,1,2,4,1.0,3,92012,M,,,92
201300038691,13,2,4,1800,2,2,1,1.0,6,92012,M,,,92
201300038692,13,2,6,900,1,2,2,2.0,7,92012,M,,,92
201300038693,13,2,7,625,5,2,1,1.0,6,92012,M,,,92
201300038694,13,2,9,1815,5,2,1,1.0,3,92012,M,,,92
201300038695,13,2,10,2210,5,2,3,2.0,3,92012,M,,,92
201300038696,13,2,11,1530,1,2,1,1.0,3,92012,M,,,92
201300038697,13,2,11,2115,5,2,1,1.0,6,92012,M,,,92
201300038698,13,2,12,1830,4,2,1,1.0,3,92012,M,,,92
201300038699,13,2,14,730,2,2,1,2.0,2,92012,M,,,92
201300038700,13,2,14,1750,1,2,1,2.0,6,92012,M,,,92
201300038701,13,2,16,1730,1,2,2,1.0,3,92012,M,,,92
201300038702,13,2,16,2345,5,2,2,1.0,7,92012,M,,,92
201300038703,13,2,17,2346,5,2,6,1.0,3,92012,M,,,92
201300038704,13,2,19,1015,1,2,1,1.0,3,92012,M,,,92
201300038705,13,2,27,1130,1,2,2,1.0,7,92012,M,,,92
201300038706,13,2,27,1807,2,2,7,1.0,6,92012,M,,,92
201300038707,13,2,27,2055,5,2,1,2.0,7,92012,M,,,92
201300038708,13,2,5,1150,1,2,3,1.0,7,92012,M,,,92
201300038709,13,3,1,900,1,2,1,1.0,3,92012,M,,,92
201300038710,13,3,1,1430,1,2,3,1.0,6,92012,M,,,92
201300038711,13,3,4,1520,1,2,1,1.0,3,92012,M,,,92
201300038712,13,3,6,1900,5,2,2,2.0,3,92012,M,,,92
201300038713,13,3,7,1450,1,2,1,1.0,6,92012,M,,,92
201300038714,13,3,12,1535,1,2,1,4.0,6,92012,M,,,92
201300038715,13,3,14,1815,1,2,1,1.0,3,92012,M,,,92
201300038716,13,3,17,1415,1,2,1,8.0,4,92012,M,,,92
201300038717,13,3,21,2240,5,2,6,2.0,3,92012,M,,,92
201300038718,13,3,22,1415,1,2,1,1.0,3,92012,M,,,92
201300038719,13,3,26,800,1,2,1,1.0,6,92012,M,,,92
201300038720,13,3,28,1605,1,2,1,8.0,2,92012,M,,,92
201300038721,13,4,1,1035,1,2,1,1.0,6,92012,M,,,92
201300038722,13,4,8,1530,1,2,1,1.0,6,92012,M,,,92
201300038723,13,4,8,1714,1,2,1,1.0,3,92012,M,,,92
201300038724,13,4,11,945,1,2,1,1.0,4,92012,M,,,92
201300038725,13,4,11,1235,1,2,2,1.0,6,92012,M,,,92
201300038726,13,4,12,725,1,2,2,1.0,3,92012,M,,,92
201300038727,13,4,13,2020,5,2,1,2.0,6,92012,M,,,92
201300038728,13,4,14,1755,1,2,1,1.0,6,92012,M,,,92
201300038729,13,4,16,645,1,2,2,1.0,3,92012,M,,,92
201300038730,13,4,10,1510,1,2,1,2.0,3,92012,M,,,92
201300038731,13,4,17,1205,1,2,2,1.0,6,92012,M,,,92
201300038732,13,4,18,1003,1,2,2,1.0,6,92012,M,,,92
201300038733,13,4,18,1410,1,2,2,1.0,3,92012,M,,,92
201300038734,13,4,19,1040,1,2,1,1.0,3,92012,M,,,92
201300038735,13,4,19,1650,1,2,1,2.0,4,92012,M,,,92
201300038736,13,4,26,1130,1,2,2,1.0,6,92012,M,,,92
201300038737,13,4,26,1010,1,2,2,1.0,3,92012,M,,,92
201300038738,13,4,29,2016,1,2,1,1.0,2,92012,M,,,92
201300038739,13,4,29,1845,1,2,1,1.0,6,92012,M,,,92
201300038740,13,5,5,1420,1,2,2,1.0,3,92012,M,,,92
201300038741,13,5,5,2100,2,2,2,1.0,3,92012,M,,,92
201300038742,13,5,8,2125,5,2,1,1.0,3,92012,M,,,92
201300038743,13,5,10,1508,1,2,1,1.0,7,92012,M,,,92
201300038744,13,5,13,1725,1,2,1,1.0,6,92012,M,,,92
201300038745,13,5,16,30,5,2,1,1.0,7,92012,M,,,92
201300038746,13,5,19,2210,5,2,1,2.0,6,92012,M,,,92
201300038747,13,5,20,1145,1,2,1,3.0,7,92012,M,,,92
201300038748,13,5,20,1920,1,2,1,2.0,3,92012,M,,,92
201300038749,13,5,21,935,1,2,1,2.0,6,92012,M,,,92
201300038750,13,5,21,950,1,2,1,3.0,2,92012,M,,,92
201300038751,13,5,23,2000,2,2,1,1.0,2,92012,M,,,92
201300038752,13,5,24,1645,1,2,1,2.0,2,92012,M,,,92
201300038753,13,5,25,1550,1,2,1,1.0,3,92012,M,,,92
201300038754,13,5,26,1705,1,2,1,1.0,3,92012,M,,,92
201300038755,13,5,27,1310,1,2,1,1.0,6,92012,M,,,92
201300038756,13,5,29,1443,1,2,3,1.0,6,92012,M,,,92
201300038757,13,5,31,900,1,2,3,1.0,3,92012,M,,,92
201300038758,13,5,31,1715,1,2,1,1.0,6,92012,M,,,92
201300038759,13,6,1,500,2,2,1,1.0,7,92012,M,,,92
201300038760,13,6,1,810,1,2,3,1.0,5,92012,M,,,92
201300038761,13,6,2,1520,1,2,1,1.0,6,92012,M,,,92
201300038762,13,5,30,1300,1,2,3,3.0,3,92012,M,,,92
201300038763,13,5,30,1710,1,2,2,1.0,6,92012,M,,,92
201300038764,13,6,3,1025,1,2,1,1.0,3,92012,M,,,92
201300038765,13,6,4,1900,1,2,1,1.0,2,92012,M,,,92
201300038766,13,6,5,1125,1,2,2,1.0,6,92012,M,,,92
201300038767,13,6,6,15,5,2,1,1.0,3,92012,M,,,92
201300038768,13,6,7,1157,1,2,6,1.0,3,92012,M,,,92
201300038769,13,6,7,840,1,2,2,1.0,6,92012,M,,,92
201300038770,13,6,7,1615,1,2,1,7.0,2,92012,M,,,92
201300038771,13,6,8,1745,1,2,6,1.0,3,92012,M,,,92
201300038772,13,6,10,1440,1,2,3,1.0,6,92012,M,,,92
201300038773,13,6,11,925,1,2,1,1.0,5,92012,M,,,92
201300038774,13,6,13,1250,1,2,1,2.0,3,92012,M,,,92
201300038775,13,6,14,1410,1,2,2,1.0,3,92012,M,,,92
201300038776,13,6,20,1410,1,2,1,1.0,4,92012,M,,,92
201300038777,13,6,20,1830,1,2,2,1.0,3,92012,M,,,92
201300038778,13,6,20,1855,1,2,1,1.0,3,92012,M,,,92
201300038779,13,6,19,1035,1,2,6,1.0,3,92012,M,,,92
201300038780,13,6,24,2035,1,2,2,1.0,3,92012,M,,,92
201300038781,13,6,24,914,1,2,1,1.0,3,92012,M,,,92
201300038782,13,6,24,1055,1,2,4,8.0,6,92012,M,,,92
201300038783,13,6,26,45,5,2,2,1.0,3,92012,M,,,92
201300038784,13,6,27,850,1,2,1,2.0,6,92012,M,,,92
201300038785,13,6,29,1410,1,2,2,1.0,6,92012,M,,,92
201300038786,13,6,30,15,5,2,1,1.0,7,92012,M,,,92
201300038787,13,7,1,1416,1,2,1,1.0,3,92012,M,,,92
201300038788,13,7,2,1635,1,2,1,1.0,3,92012,M,,,92
201300038789,13,7,3,750,1,2,1,2.0,6,92012,M,,,92
201300038790,13,7,4,1140,1,2,1,1.0,3,92012,M,,,92
201300038791,13,7,5,1900,1,2,2,1.0,3,92012,M,,,92
201300038792,13,7,12,1805,1,2,2,1.0,3,92012,M,,,92
201300038793,13,7,15,930,1,2,1,1.0,3,92012,M,,,92
201300038794,13,7,16,1220,1,2,2,1.0,7,92012,M,,,92
201300038795,13,7,17,1310,1,2,1,1.0,7,92012,M,,,92
201300038796,13,7,18,2000,1,2,2,1.0,6,92012,M,,,92
201300038797,13,7,22,1830,1,2,1,1.0,3,92012,M,,,92
201300038798,13,7,23,1150,1,2,4,1.0,3,92012,M,,,92
201300038799,13,7,23,1915,1,2,1,1.0,5,92012,M,,,92
201300038800,13,7,24,1155,1,2,1,1.0,3,92012,M,,,92
201300038801,13,7,29,1030,1,2,1,1.0,3,92012,M,,,92
201300038802,13,7,30,2125,2,2,1,1.0,6,92012,M,,,92
201300038803,13,7,31,2110,2,2,2,1.0,3,92012,M,,,92
201300038804,13,8,7,1000,1,2,3,2.0,7,92012,M,,,92
201300038805,13,8,9,1005,1,2,1,1.0,6,92012,M,,,92
201300038806,13,8,9,1130,1,2,2,1.0,6,92012,M,,,92
201300038807,13,8,9,1330,1,2,2,1.0,3,92012,M,,,92
201300038808,13,8,9,1805,1,2,2,1.0,2,92012,M,,,92
201300038809,13,8,10,2140,2,2,1,1.0,7,92012,M,,,92
201300038810,13,8,12,1500,1,2,1,1.0,2,92012,M,,,92
201300038811,13,8,14,1835,1,2,1,1.0,6,92012,M,,,92
201300038812,13,8,20,1645,1,2,1,1.0,6,92012,M,,,92
201300038813,13,8,21,1750,1,2,1,1.0,7,92012,M,,,92
201300038814,13,8,25,2320,5,2,3,2.0,3,92012,M,,,92
201300038815,13,8,27,1020,1,2,4,1.0,2,92012,M,,,92
201300038816,13,9,2,1315,1,2,1,1.0,1,92012,M,,,92
201300038817,13,9,8,1900,1,2,1,1.0,3,92012,M,,,92
201300038818,13,9,9,1330,1,2,5,3.0,6,92012,M,,,92
201300038819,13,9,10,920,1,2,1,1.0,2,92012,M,,,92
201300038820,13,9,10,1605,1,2,2,1.0,3,92012,M,,,92
201300038821,13,9,13,2100,5,2,1,2.0,6,92012,M,,,92
201300038822,13,9,14,1435,1,2,1,2.0,6,92012,M,,,92
201300038823,13,9,17,941,1,2,6,2.0,2,92012,M,,,92
201300038824,13,9,20,1850,1,2,2,1.0,5,92012,M,,,92
201300038825,13,9,21,2110,5,2,1,1.0,6,92012,M,,,92
201300038826,13,9,23,745,1,2,2,1.0,3,92012,M,,,92
201300038827,13,9,24,720,1,2,1,1.0,6,92012,M,,,92
201300038828,13,9,23,1050,1,2,6,1.0,6,92012,M,,,92
201300038829,13,9,24,640,2,2,1,1.0,7,92012,M,,,92
201300038830,13,9,25,840,1,2,1,1.0,3,92012,M,,,92
201300038831,13,9,24,2040,5,2,1,1.0,3,92012,M,,,92
201300038832,13,9,29,1340,1,2,1,1.0,6,92012,M,,,92
201300038833,13,9,30,1100,1,2,1,1.0,6,92012,M,,,92
201300038834,13,10,1,910,1,2,2,1.0,3,92012,M,,,92
201300038835,13,10,7,2,5,2,1,1.0,6,92012,M,,,92
201300038836,13,10,7,935,1,2,1,1.0,6,92012,M,,,92
201300038837,13,10,7,1335,1,2,1,1.0,6,92012,M,,,92
201300038838,13,10,5,1320,1,2,1,1.0,7,92012,M,,,92
201300038839,13,10,4,930,1,2,2,1.0,6,92012,M,,,92
201300038840,13,10,8,1950,5,2,1,1.0,3,92012,M,,,92
201300038841,13,10,9,1240,1,2,2,2.0,7,92012,M,,,92
201300038842,13,10,10,1350,1,2,3,2.0,3,92012,M,,,92
201300038843,13,10,10,1400,1,2,1,2.0,2,92012,M,,,92
201300038844,13,10,10,1900,5,2,1,1.0,4,92012,M,,,92
201300038845,13,10,12,2135,5,2,2,1.0,3,92012,M,,,92
201300038846,13,10,14,1125,1,2,1,1.0,6,92012,M,,,92
201300038847,13,10,19,150,5,2,1,1.0,6,92012,M,,,92
201300038848,13,10,11,1800,1,2,7,8.0,2,92012,M,,,92
201300038849,13,10,14,830,1,2,2,1.0,2,92012,M,,,92
201300038850,13,10,18,1930,5,2,2,1.0,3,92012,M,,,92
201300038851,13,10,19,1250,1,2,1,1.0,2,92012,M,,,92
201300038852,13,10,19,1830,1,2,2,1.0,3,92012,M,,,92
201300038853,13,10,20,2145,5,2,2,1.0,7,92012,M,,,92
201300038854,13,10,22,920,1,2,1,1.0,7,92012,M,,,92
201300038855,13,10,26,2100,5,2,1,1.0,2,92012,M,,,92
201300038856,13,10,25,1830,5,2,3,2.0,6,92012,M,,,92
201300038857,13,10,28,1420,1,2,2,1.0,6,92012,M,,,92
201300038858,13,10,31,930,1,2,2,1.0,6,92012,M,,,92
201300038859,13,11,2,1515,1,2,1,2.0,3,92012,M,,,92
201300038860,13,11,4,1300,1,2,2,1.0,3,92012,M,,,92
201300038861,13,11,4,1320,1,2,2,2.0,6,92012,M,,,92
201300038862,13,11,5,1105,1,2,1,2.0,6,92012,M,,,92
201300038863,13,11,7,1330,1,2,1,8.0,3,92012,M,,,92
201300038864,13,11,10,440,4,2,1,3.0,6,92012,M,,,92
201300038865,13,11,13,2015,5,2,1,1.0,7,92012,M,,,92
201300038866,13,11,16,2320,5,2,2,1.0,6,92012,M,,,92
201300038867,13,11,17,2135,5,2,1,1.0,3,92012,M,,,92
201300038868,13,11,18,2010,5,2,1,1.0,2,92012,M,,,92
201300038869,13,11,19,1835,5,2,2,1.0,6,92012,M,,,92
201300038870,13,11,19,1845,5,2,2,2.0,3,92012,M,,,92
201300038871,13,11,20,1040,1,2,1,1.0,7,92012,M,,,92
201300038872,13,11,22,1425,1,2,1,8.0,6,92012,M,,,92
201300038873,13,11,22,1830,5,2,2,1.0,6,92012,M,,,92
201300038874,13,11,28,2030,5,2,1,1.0,3,92012,M,,,92
201300038875,13,11,29,1930,5,2,1,8.0,7,92012,M,,,92
201300038876,13,12,6,2115,5,2,1,1.0,3,92012,M,,,92
201300038877,13,12,10,1800,5,2,2,1.0,6,92012,M,,,92
201300038878,13,12,10,745,2,2,3,1.0,6,92012,M,,,92
201300038879,13,12,12,1315,1,2,1,1.0,3,92012,M,,,92
201300038880,13,12,12,1450,1,2,1,1.0,6,92012,M,,,92
201300038881,13,12,13,1450,1,2,1,1.0,2,92012,M,,,92
201300038882,13,12,15,1715,2,2,1,1.0,7,92012,M,,,92
201300038883,13,12,15,1840,5,2,1,1.0,7,92012,M,,,92
201300038884,13,12,19,1435,1,2,2,1.0,3,92012,M,,,92
201300038885,13,12,11,1025,1,2,1,1.0,6,92012,M,,,92
201300038886,13,12,18,320,5,2,1,1.0,6,92012,M,,,92
201300038887,13,12,19,1030,1,2,1,2.0,2,92012,M,,,92