Num_Acc,an,mois,jour,hrmn,lum,agg,int,atm,col,com,gps,lat,long,dep
201300038888,13,12,19,1415,1,2,1,1.0,5,92012,M,,,92
201300038889,13,12,19,2150,5,2,2,1.0,3,92012,M,,,92
201300038890,13,12,23,1200,1,2,1,8.0,3,92012,M,,,92
201300038891,13,12,24,1020,1,2,1,3.0,7,92012,M,,,92
201300038892,13,12,27,1440,1,2,3,1.0,3,92012,M,,,92
201300038893,13,12,30,845,1,2,1,1.0,6,92012,M,,,92
201300038894,13,12,31,940,1,2,1,1.0,2,92012,M,,,92
201300038895,13,1,29,1850,5,2,1,2.0,6,92019,M,,,92
201300038896,13,1,30,1055,1,2,3,3.0,2,92019,M,,,92
201300038897,13,2,6,950,1,2,1,2.0,6,92071,M,,,92
201300038898,13,2,6,1400,1,2,3,1.0,6,92019,M,,,92
201300038899,13,3,1,805,1,2,1,1.0,6,92019,M,,,92
201300038900,13,3,7,2150,5,2,1,1.0,3,92019,M,,,92
201300038901,13,3,16,1220,1,2,1,1.0,3,92019,M,,,92
201300038902,13,3,21,1120,1,2,2,1.0,6,92019,M,,,92
201300038903,13,3,25,1530,1,2,1,1.0,6,92019,M,,,92
201300038904,13,4,3,2115,5,2,3,1.0,2,92032,M,,,92
201300038905,13,4,10,1145,1,2,1,1.0,6,92019,M,,,92
201300038906,13,4,13,1045,1,2,1,4.0,6,92019,M,,,92
201300038907,13,4,15,1500,1,2,1,1.0,6,92071,M,,,92
201300038908,13,5,15,900,1,2,5,1.0,6,92032,M,,,92
201300038909,13,5,28,825,1,2,1,2.0,6,92019,M,,,92
201300038910,13,6,1,1215,1,2,3,1.0,3,92071,M,,,92
201300038911,13,6,2,555,2,2,1,1.0,7,92019,M,,,92
201300038912,13,6,8,1705,1,2,1,7.0,6,92019,M,,,92
201300038913,13,6,17,1350,1,2,1,1.0,7,92019,M,,,92
201300038914,13,7,3,2135,2,2,1,1.0,4,92071,M,,,92
201300038915,13,7,11,830,1,2,1,1.0,7,92019,M,,,92
201300038916,13,7,14,2030,2,2,1,1.0,2,92032,M,,,92
201300038917,13,8,18,545,5,2,2,1.0,3,92019,M,,,92
201300038918,13,8,19,825,1,2,3,1.0,6,92019,M,,,92
201300038919,13,8,24,235,5,2,1,1.0,6,92032,M,,,92
201300038920,13,9,14,1640,1,2,1,2.0,7,92019,M,,,92
201300038921,13,9,24,1630,1,2,1,1.0,6,92019,M,,,92
201300038922,13,9,30,1125,1,2,3,1.0,6,92071,M,,,92
201300038923,13,10,1,1140,1,2,1,1.0,6,92019,M,,,92
201300038924,13,10,8,1130,1,2,6,1.0,3,92019,M,,,92
201300038925,13,10,10,1710,1,2,1,1.0,3,92071,M,,,92
201300038926,13,10,14,850,1,2,3,7.0,3,92032,M,,,92
201300038927,13,11,3,220,5,2,1,1.0,6,92071,M,,,92
201300038928,13,11,14,740,1,2,9,1.0,6,92019,M,,,92
201300038929,13,11,22,750,1,2,1,1.0,6,92032,M,,,92
201300038930,13,11,23,1225,1,2,1,1.0,6,92019,M,,,92
201300038931,13,11,26,1945,5,2,1,1.0,7,92071,M,,,92
201300038932,13,12,10,915,1,2,1,1.0,3,92019,M,,,92
201300038933,13,12,10,1045,1,2,1,1.0,6,92019,M,,,92
201300038934,13,12,11,1800,5,2,1,1.0,4,92019,M,,,92
201300038935,13,12,14,1500,1,2,1,1.0,6,92019,M,,,92
201300038936,13,1,4,1215,1,2,1,1.0,3,92060,M,,,92
201300038937,13,12,20,1048,1,2,1,9.0,6,92060,M,,,92
201300038938,13,12,31,840,2,2,1,2.0,6,92060,M,,,92
201300038939,13,12,31,1920,5,2,2,2.0,6,92023,M,,,92
201300038940,13,12,23,1630,1,2,1,1.0,6,92023,M,,,92
201300038941,13,1,16,1415,1,2,1,1.0,6,92023,M,,,92
201300038942,13,1,17,1000,1,2,3,1.0,7,92060,M,,,92
201300038943,13,1,18,1530,1,2,2,1.0,3,92023,M,,,92
201300038944,13,1,22,1850,5,2,1,1.0,6,92023,M,,,92
201300038945,13,1,22,1650,1,2,1,4.0,6,92023,M,,,92
201300038946,13,1,22,1610,1,2,3,1.0,3,92023,M,,,92
201300038947,13,1,25,845,1,2,1,1.0,6,92023,M,,,92
201300038948,13,1,26,2050,5,2,2,1.0,3,92023,M,,,92
201300038949,13,1,30,1945,5,2,3,1.0,3,92023,M,,,92
201300038950,13,2,1,1220,1,2,3,3.0,2,92023,M,,,92
201300038951,13,2,1,2100,5,2,1,1.0,3,92060,M,,,92
201300038952,13,2,2,705,5,2,2,2.0,3,92023,M,,,92
201300038953,13,2,6,1825,5,2,1,2.0,3,92060,M,,,92
201300038954,13,2,6,1315,1,2,1,1.0,7,92023,M,,,92
201300038955,13,2,11,950,1,2,2,1.0,3,92023,M,,,92
201300038956,13,2,14,820,1,2,1,2.0,4,92060,M,,,92
201300038957,13,2,15,1515,1,2,1,1.0,6,92023,M,,,92
201300038958,13,2,15,945,5,2,1,1.0,7,92023,M,,,92
201300038959,13,2,25,1050,1,2,1,4.0,7,92023,M,,,92
201300038960,13,2,26,1132,1,2,1,1.0,2,92023,M,,,92
201300038961,13,2,27,750,1,2,2,2.0,3,92060,M,,,92
201300038962,13,3,4,200,5,2,1,1.0,6,92023,M,,,92
201300038963,13,3,4,1745,1,2,6,1.0,3,92023,M,,,92
201300038964,13,3,5,1705,1,2,1,1.0,3,92023,M,,,92
201300038965,13,3,19,1900,5,2,3,3.0,3,92023,M,,,92
201300038966,13,3,22,1420,1,2,1,1.0,3,92060,M,,,92
201300038967,13,3,25,905,1,2,1,1.0,6,92023,M,,,92
201300038968,13,4,1,1635,1,2,1,1.0,6,92023,M,,,92
201300038969,13,4,1,1400,1,2,1,1.0,3,92023,M,,,92
201300038970,13,3,30,2240,5,2,1,1.0,1,92023,M,,,92
201300038971,13,4,17,2200,5,2,3,1.0,6,92060,M,,,92
201300038972,13,4,20,2000,1,2,1,2.0,3,92023,M,,,92
201300038973,13,4,19,1950,1,2,1,1.0,6,92023,M,,,92
201300038974,13,4,25,1555,1,2,1,1.0,3,92023,M,,,92
201300038975,13,5,11,55,5,2,1,1.0,7,92023,M,,,92
201300038976,13,5,7,930,1,2,2,1.0,3,92060,M,,,92
201300038977,13,5,31,1715,1,2,2,1.0,2,92023,M,,,92
201300038978,13,6,3,1747,1,2,1,1.0,6,92023,M,,,92
201300038979,13,6,5,2120,2,2,1,1.0,6,92060,M,,,92
201300038980,13,6,7,1145,1,2,1,1.0,4,92023,M,,,92
201300038981,13,6,7,1240,1,2,3,1.0,3,92023,M,,,92
201300038982,13,6,8,1325,1,2,3,1.0,3,92023,M,,,92
201300038983,13,6,7,1950,1,2,1,1.0,2,92060,M,,,92
201300038984,13,6,17,1000,1,2,2,3.0,3,92060,M,,,92
201300038985,13,6,19,1020,1,2,1,2.0,4,92023,M,,,92
201300038986,13,6,23,2220,1,2,1,1.0,6,92023,M,,,92
201300038987,13,6,21,1945,1,2,1,1.0,6,92060,M,,,92
201300038988,13,6,25,1440,1,2,6,1.0,3,92060,M,,,92
201300038989,13,6,26,1855,1,2,2,1.0,3,92060,M,,,92
201300038990,13,6,30,2010,1,2,1,1.0,7,92023,M,,,92
201300038991,13,7,5,1930,1,2,1,1.0,6,92023,M,,,92
201300038992,13,7,8,200,5,2,1,1.0,6,92023,M,,,92
201300038993,13,7,15,500,5,2,1,1.0,7,92023,M,,,92
201300038994,13,7,16,1940,1,2,3,1.0,5,92023,M,,,92
201300038995,13,7,17,1515,1,2,1,1.0,3,92023,M,,,92
201300038996,13,7,19,900,1,2,3,1.0,3,92023,M,,,92
201300038997,13,7,21,1750,1,2,1,1.0,3,92023,M,,,92
201300038998,13,7,23,810,1,2,1,1.0,3,92023,M,,,92
201300038999,13,7,18,655,1,2,1,1.0,2,92023,M,,,92
201300039000,13,8,6,705,1,2,2,7.0,3,92023,M,,,92
201300039001,13,7,30,1155,1,2,1,1.0,3,92023,M,,,92
201300039002,13,8,10,1230,1,2,1,1.0,6,92060,M,,,92
201300039003,13,8,16,925,1,2,1,1.0,6,92060,M,,,92
201300039004,13,9,2,2120,2,2,2,1.0,3,92023,M,,,92
201300039005,13,9,3,1708,1,2,1,1.0,1,92023,M,,,92
201300039006,13,9,3,1400,1,2,1,1.0,6,92023,M,,,92
201300039007,13,9,8,2055,5,2,1,1.0,6,92023,M,,,92
201300039008,13,9,7,1715,1,2,6,1.0,3,92060,M,,,92
201300039009,13,9,8,1955,2,2,2,1.0,3,92023,M,,,92
201300039010,13,9,7,2340,5,2,3,1.0,3,92023,M,,,92
201300039011,13,9,8,1230,1,2,1,1.0,2,92023,M,,,92
201300039012,13,9,9,735,1,2,1,1.0,3,92023,M,,,92
201300039013,13,9,13,1622,1,2,1,8.0,6,92023,M,,,92
201300039014,13,9,13,1220,1,2,1,2.0,6,92023,M,,,92
201300039015,13,9,22,2030,3,2,1,1.0,7,92023,M,,,92
201300039016,13,9,26,1835,1,2,1,1.0,2,92023,M,,,92
201300039017,13,9,19,1845,1,2,2,1.0,2,92023,M,,,92
201300039018,13,9,27,1710,1,2,2,1.0,3,92060,M,,,92
201300039019,13,9,27,1950,5,2,9,1.0,5,92023,M,,,92
201300039020,13,10,2,1750,1,2,1,1.0,3,92023,M,,,92
201300039021,13,10,4,2000,5,2,1,1.0,5,92023,M,,,92
201300039022,13,10,17,1040,1,2,3,1.0,3,92023,M,,,92
201300039023,13,10,18,1800,1,2,2,1.0,3,92023,M,,,92
201300039024,13,10,18,1900,1,2,1,1.0,6,92060,M,,,92
201300039025,13,10,30,1045,1,2,1,1.0,6,92060,M,,,92
201300039026,13,11,3,1630,1,2,1,1.0,2,92060,M,,,92
201300039027,13,11,6,1745,5,2,1,1.0,3,92023,M,,,92
201300039028,13,11,7,1955,5,2,1,3.0,6,92023,M,,,92
201300039029,13,11,9,1205,1,2,1,1.0,5,92023,M,,,92
201300039030,13,11,12,1900,3,2,1,2.0,3,92023,M,,,92
201300039031,13,11,14,1810,5,2,2,2.0,3,92023,M,,,92
201300039032,13,11,14,1940,5,2,2,2.0,3,92023,M,,,92
201300039033,13,11,19,1650,2,2,3,1.0,6,92023,M,,,92
201300039034,13,11,20,955,1,2,1,1.0,3,92023,M,,,92
201300039035,13,11,20,1540,1,2,3,1.0,6,92060,M,,,92
201300039036,13,11,26,810,1,2,1,1.0,4,92023,M,,,92
201300039037,13,11,27,1425,1,2,1,1.0,6,92060,M,,,92
201300039038,13,11,29,1640,1,2,1,2.0,7,92023,M,,,92
201300039039,13,11,30,1600,1,2,2,1.0,3,92060,M,,,92
201300039040,13,12,4,2305,5,2,1,2.0,7,92023,M,,,92
201300039041,13,12,6,1830,3,2,1,1.0,4,92023,M,,,92
201300039042,13,12,10,25,5,2,1,1.0,6,92023,M,,,92
201300039043,13,12,10,650,5,2,1,1.0,5,92023,M,,,92
201300039044,13,12,10,645,5,2,1,1.0,7,92023,M,,,92
201300039045,13,12,10,1154,1,2,1,1.0,6,92060,M,,,92
201300039046,13,12,11,1015,1,2,3,1.0,7,92023,M,,,92
201300039047,13,12,11,925,2,2,1,1.0,7,92023,M,,,92
201300039048,13,12,13,1820,5,2,1,1.0,6,92023,M,,,92
201300039049,13,12,18,1455,1,2,1,1.0,6,92023,M,,,92
201300039050,13,12,16,1746,2,2,1,1.0,3,92023,M,,,92
201300039051,13,11,26,1820,2,2,1,1.0,6,92024,M,,,92
201300039052,13,1,1,435,5,2,6,2.0,6,92024,M,,,92
201300039053,13,1,17,830,2,2,1,1.0,3,92024,M,,,92
201300039054,13,1,25,2355,5,2,2,9.0,6,92024,M,,,92
201300039055,13,1,30,900,1,2,3,1.0,3,92024,M,,,92
201300039056,13,2,1,1005,1,2,1,1.0,6,92024,M,,,92
201300039057,13,12,24,915,1,2,1,1.0,7,92024,M,,,92
201300039058,13,2,4,1655,1,2,1,1.0,7,92024,M,,,92
201300039059,13,2,5,740,2,2,1,1.0,6,92024,M,,,92
201300039060,13,2,5,1715,1,2,3,1.0,3,92024,M,,,92
201300039061,13,2,6,1000,1,2,1,1.0,3,92024,M,,,92
201300039062,13,2,6,1430,1,2,3,1.0,3,92024,M,,,92
201300039063,13,2,11,1900,5,2,1,1.0,7,92024,M,,,92
201300039064,13,1,11,800,2,2,3,1.0,3,92024,M,,,92
201300039065,13,1,11,1350,1,2,1,1.0,6,92024,M,,,92
201300039066,13,1,12,1430,1,2,6,1.0,7,92024,M,,,92
201300039067,13,2,22,1200,1,2,3,1.0,6,92024,M,,,92
201300039068,13,2,22,1400,1,2,3,1.0,1,92024,M,,,92
201300039069,13,2,25,1225,1,2,1,9.0,5,92024,M,,,92
201300039070,13,2,28,1810,1,2,1,1.0,7,92024,M,,,92
201300039071,13,2,28,2005,5,2,1,1.0,7,92024,M,,,92
201300039072,13,2,28,1940,5,2,1,1.0,3,92024,M,,,92
201300039073,13,3,5,1815,1,2,1,1.0,6,92024,M,,,92
201300039074,13,1,31,920,1,2,1,9.0,1,92024,M,,,92
201300039075,13,3,14,2000,2,2,2,1.0,3,92024,M,,,92
201300039076,13,3,6,1730,1,2,3,1.0,3,92024,M,,,92
201300039077,13,3,4,1705,1,2,1,1.0,3,92024,M,,,92
201300039078,13,3,19,1615,1,2,3,1.0,6,92024,M,,,92
201300039079,13,3,20,2130,5,2,1,1.0,3,92024,M,,,92
201300039080,13,3,26,1750,1,2,1,1.0,3,92024,M,,,92
201300039081,13,3,17,222,5,2,2,1.0,3,92024,M,,,92
201300039082,13,3,25,1430,1,2,1,1.0,2,92024,M,,,92
201300039083,13,4,3,1410,1,2,1,1.0,3,92024,M,,,92
201300039084,13,4,6,1040,1,2,1,1.0,4,92024,M,,,92
201300039085,13,4,10,1510,1,2,3,1.0,6,92024,M,,,92
201300039086,13,3,24,1340,1,2,1,1.0,2,92024,M,,,92
201300039087,13,4,24,2030,2,2,1,1.0,2,92024,M,,,92
201300039088,13,4,19,930,1,2,1,1.0,2,92024,M,,,92
201300039089,13,4,19,1155,1,2,3,1.0,1,92024,M,,,92
201300039090,13,4,22,940,1,2,1,1.0,6,92024,M,,,92
201300039091,13,4,28,1910,1,2,1,1.0,3,92024,M,,,92
201300039092,13,4,28,1550,1,2,1,1.0,3,92024,M,,,92
201300039093,13,4,23,2345,5,2,1,1.0,2,92024,M,,,92
201300039094,13,4,30,1900,1,2,3,2.0,3,92024,M,,,92
201300039095,13,5,3,2200,1,1,1,1.0,6,92024,M,,,92
201300039096,13,5,11,1220,1,2,3,1.0,6,92024,M,,,92
201300039097,13,5,14,2320,5,2,2,1.0,7,92024,M,,,92
201300039098,13,5,21,930,1,2,3,1.0,6,92024,M,,,92
201300039099,13,5,24,1540,1,2,3,2.0,3,92024,M,,,92
201300039100,13,6,9,145,5,2,1,1.0,6,92024,M,,,92
201300039101,13,6,17,115,5,2,1,1.0,7,92024,M,,,92
201300039102,13,6,9,2140,1,2,1,1.0,7,92024,M,,,92
201300039103,13,6,16,1735,1,2,3,1.0,6,92024,M,,,92
201300039104,13,6,20,900,1,2,3,1.0,4,92024,M,,,92
201300039105,13,6,20,850,1,2,1,1.0,6,92024,M,,,92
201300039106,13,6,20,1530,1,2,3,1.0,3,92024,M,,,92
201300039107,13,7,2,1857,1,2,3,1.0,2,92024,M,,,92
201300039108,13,7,1,1330,1,2,2,1.0,3,92024,M,,,92
201300039109,13,7,9,1505,1,2,2,1.0,6,92024,M,,,92
201300039110,13,7,12,710,1,2,2,1.0,3,92024,M,,,92
201300039111,13,7,14,1140,1,2,1,1.0,6,92024,M,,,92
201300039112,13,7,16,1455,1,2,2,1.0,3,92024,M,,,92
201300039113,13,7,19,2330,5,2,1,1.0,6,92024,M,,,92
201300039114,13,7,25,1955,1,2,3,1.0,3,92024,M,,,92
201300039115,13,7,28,1105,1,2,2,1.0,6,92024,M,,,92
201300039116,13,7,31,1000,1,2,2,1.0,3,92024,M,,,92
201300039117,13,8,2,1730,1,2,1,1.0,6,92024,M,,,92
201300039118,13,8,4,625,2,2,2,1.0,2,92024,M,,,92
201300039119,13,8,1,1840,1,2,1,1.0,6,92024,M,,,92
201300039120,13,8,10,1845,1,2,4,1.0,3,92024,M,,,92
201300039121,13,8,14,1315,1,2,9,1.0,2,92024,M,,,92
201300039122,13,8,20,2110,2,2,1,1.0,7,92024,M,,,92
201300039123,13,8,23,915,1,2,1,7.0,6,92024,M,,,92
201300039124,13,9,3,1900,5,2,3,1.0,3,92024,M,,,92
201300039125,13,9,4,1520,1,2,2,1.0,3,92024,M,,,92
201300039126,13,9,24,1930,1,2,4,1.0,3,92024,M,,,92
201300039127,13,9,26,2230,5,2,2,1.0,2,92024,M,,,92
201300039128,13,10,3,1300,1,2,2,1.0,6,92024,M,,,92
201300039129,13,10,8,1200,1,2,2,1.0,3,92024,M,,,92
201300039130,13,10,11,1605,1,2,1,1.0,2,92024,M,,,92
201300039131,13,9,18,1800,2,2,1,1.0,7,92024,M,,,92
201300039132,13,10,9,1745,2,2,1,1.0,3,92024,M,,,92
201300039133,13,10,14,1755,1,2,3,1.0,7,92024,M,,,92
201300039134,13,10,16,1345,1,2,2,1.0,1,92024,M,,,92
201300039135,13,10,17,1240,1,2,1,1.0,3,92024,M,,,92
201300039136,13,9,18,935,1,2,2,1.0,1,92024,M,,,92
201300039137,13,9,30,913,2,2,1,1.0,3,92024,M,,,92
201300039138,13,10,29,1130,1,2,1,1.0,6,92024,M,,,92
201300039139,13,10,19,2200,5,2,3,1.0,3,92024,M,,,92
201300039140,13,10,28,950,1,1,2,1.0,6,92024,M,,,92
201300039141,13,10,29,1905,5,2,2,1.0,1,92024,M,,,92
201300039142,13,10,31,1735,2,2,2,1.0,7,92024,M,,,92
201300039143,13,11,6,1820,5,2,1,1.0,5,92024,M,,,92
201300039144,13,11,10,630,2,2,2,1.0,6,92024,M,,,92
201300039145,13,11,13,2230,5,2,6,1.0,6,92024,M,,,92
201300039146,13,11,14,1940,5,2,2,1.0,3,92024,M,,,92
201300039147,13,11,15,1820,5,2,2,2.0,5,92024,M,,,92
201300039148,13,11,7,920,1,2,2,1.0,1,92024,M,,,92
201300039149,13,11,27,1826,1,2,1,1.0,6,92024,M,,,92
201300039150,13,12,4,940,1,2,3,1.0,6,92024,M,,,92
201300039151,13,12,4,1350,1,2,2,1.0,6,92024,M,,,92
201300039152,13,12,4,1750,1,2,3,1.0,6,92024,M,,,92
201300039153,13,10,31,1300,1,2,1,1.0,6,92024,M,,,92
201300039154,13,12,9,835,2,2,2,1.0,3,92024,M,,,92
201300039155,13,12,19,1100,1,2,2,1.0,1,92024,M,,,92
201300039156,13,12,22,515,5,2,2,1.0,1,92024,M,,,92
201300039157,13,1,4,1230,1,2,2,1.0,3,92025,M,,,92
201300039158,13,1,6,205,5,2,1,2.0,7,92025,M,,,92
201300039159,13,1,30,2000,5,2,1,1.0,3,92025,M,,,92
201300039160,13,2,1,2115,5,2,2,1.0,1,92025,M,,,92
201300039161,13,2,11,810,1,2,1,2.0,3,92025,M,,,92
201300039162,13,2,13,1305,1,2,1,1.0,6,92025,M,,,92
201300039163,13,2,19,1650,1,2,1,1.0,6,92025,M,,,92
201300039164,13,2,25,1615,1,2,1,4.0,6,92025,M,,,92
201300039165,13,2,26,1305,1,2,1,1.0,7,92025,M,,,92
201300039166,13,3,5,610,5,2,1,1.0,7,92025,M,,,92
201300039167,13,3,13,1830,1,2,1,1.0,6,92025,M,,,92
201300039168,13,3,14,1006,1,2,1,1.0,6,92025,M,,,92
201300039169,13,3,22,1625,1,2,1,1.0,6,92025,M,,,92
201300039170,13,3,24,1255,1,2,1,1.0,6,92025,M,,,92
201300039171,13,4,4,830,1,2,2,9.0,3,92025,M,,,92
201300039172,13,4,14,325,5,2,2,1.0,7,92025,M,,,92
201300039173,13,4,16,1230,1,2,1,1.0,3,92025,M,,,92
201300039174,13,4,19,1010,1,2,2,1.0,6,92025,M,,,92
201300039175,13,4,20,2215,5,2,1,1.0,3,92025,M,,,92
201300039176,13,4,22,1600,1,2,1,1.0,2,92025,M,,,92
201300039177,13,4,22,1625,1,2,1,1.0,2,92025,M,,,92
201300039178,13,4,24,710,1,2,1,1.0,3,92025,M,,,92
201300039179,13,4,24,1420,1,2,1,1.0,6,92025,M,,,92
201300039180,13,4,25,1435,1,2,1,1.0,6,92025,M,,,92
201300039181,13,4,29,1900,1,2,1,1.0,3,92025,M,,,92
201300039182,13,4,30,1700,1,2,1,1.0,6,92025,M,,,92
201300039183,13,4,30,2000,2,2,9,2.0,7,92025,M,,,92
201300039184,13,5,5,1700,1,2,9,1.0,3,92025,M,,,92
201300039185,13,5,9,1200,1,2,1,1.0,2,92025,M,,,92
201300039186,13,5,25,1920,1,2,1,1.0,6,92025,M,,,92
201300039187,13,5,29,1250,1,2,1,1.0,2,92025,M,,,92
201300039188,13,6,2,1730,1,2,2,1.0,3,92025,M,,,92
201300039189,13,6,7,750,1,2,1,1.0,2,92025,M,,,92
201300039190,13,6,9,1800,1,2,1,1.0,6,92025,M,,,92
201300039191,13,6,16,500,5,2,2,1.0,3,92025,M,,,92
201300039192,13,6,18,1900,1,2,1,1.0,2,92025,M,,,92
201300039193,13,6,20,1900,1,2,2,1.0,3,92025,M,,,92
201300039194,13,6,23,1443,1,2,1,1.0,1,92025,M,,,92
201300039195,13,6,23,2020,1,2,1,1.0,2,92025,M,,,92
201300039196,13,6,16,1630,1,2,1,1.0,6,92025,M,,,92
201300039197,13,6,25,2045,1,2,1,1.0,6,92025,M,,,92
201300039198,13,6,30,100,5,2,2,1.0,7,92025,M,,,92
201300039199,13,7,5,945,1,2,3,1.0,3,92025,M,,,92
201300039200,13,7,12,800,1,2,1,1.0,3,92025,M,,,92
201300039201,13,7,12,1815,1,2,1,1.0,2,92025,M,,,92
201300039202,13,7,13,1850,1,2,2,1.0,6,92025,M,,,92
201300039203,13,7,20,2040,1,2,3,1.0,3,92025,M,,,92
201300039204,13,7,25,2020,1,2,1,1.0,3,92025,M,,,92
201300039205,13,8,1,1210,1,2,1,1.0,6,92025,M,,,92
201300039206,13,8,7,645,2,2,1,2.0,6,92025,M,,,92
201300039207,13,8,7,2100,1,2,1,1.0,3,92025,M,,,92
201300039208,13,8,27,715,2,2,1,1.0,6,92025,M,,,92
201300039209,13,8,28,1140,1,2,1,1.0,3,92025,M,,,92
201300039210,13,8,31,125,5,2,1,1.0,1,92025,M,,,92
201300039211,13,9,2,1105,1,2,3,9.0,6,92025,M,,,92
201300039212,13,9,3,1250,1,2,1,1.0,2,92025,M,,,92
201300039213,13,9,5,1200,1,2,1,1.0,6,92025,M,,,92
201300039214,13,9,11,1920,1,2,1,1.0,6,92025,M,,,92
201300039215,13,9,14,625,5,2,1,1.0,6,92025,M,,,92
201300039216,13,9,14,1240,1,2,1,1.0,6,92025,M,,,92
201300039217,13,9,24,1810,1,2,1,1.0,6,92025,M,,,92
201300039218,13,9,26,1440,1,2,1,1.0,2,92025,M,,,92
201300039219,13,10,2,2250,5,1,1,1.0,6,92025,M,,,92
201300039220,13,10,10,655,2,2,1,1.0,6,92025,M,,,92
201300039221,13,10,10,1515,1,2,1,1.0,2,92025,M,,,92
201300039222,13,10,11,840,1,2,1,1.0,3,92025,M,,,92
201300039223,13,10,14,915,1,2,1,1.0,6,92025,M,,,92
201300039224,13,10,16,1405,1,2,1,2.0,4,92025,M,,,92
201300039225,13,10,16,2020,5,2,1,2.0,6,92025,M,,,92
201300039226,13,10,21,1515,1,2,1,1.0,3,92025,M,,,92
201300039227,13,10,22,1600,1,2,1,1.0,3,92025,M,,,92
201300039228,13,10,25,1110,1,2,1,1.0,3,92025,M,,,92
201300039229,13,10,29,1300,1,2,1,1.0,2,92025,M,,,92
201300039230,13,10,29,1315,1,2,1,1.0,6,92025,M,,,92
201300039231,13,11,7,1925,5,2,1,1.0,6,92025,M,,,92
201300039232,13,9,24,110,5,2,1,1.0,6,92025,M,,,92
201300039233,13,11,12,1130,1,2,1,1.0,7,92025,M,,,92
201300039234,13,11,14,1040,1,2,1,2.0,6,92025,M,,,92
201300039235,13,11,14,1350,1,2,1,1.0,6,92025,M,,,92
201300039236,13,11,14,1810,5,2,1,1.0,3,92025,M,,,92
201300039237,13,11,19,855,1,2,1,1.0,3,92025,M,,,92
201300039238,13,11,19,1540,1,2,1,1.0,6,92025,M,,,92
201300039239,13,11,20,910,1,2,1,1.0,6,92025,M,,,92
201300039240,13,11,20,1720,5,2,1,2.0,7,92025,M,,,92
201300039241,13,11,22,1350,1,2,2,1.0,7,92025,M,,,92
201300039242,13,11,22,1600,1,2,1,1.0,6,92025,M,,,92
201300039243,13,11,24,1740,5,2,1,1.0,7,92025,M,,,92
201300039244,13,11,25,2020,5,2,2,1.0,5,92025,M,,,92
201300039245,13,11,27,1630,1,2,3,1.0,3,92025,M,,,92
201300039246,13,11,29,1100,1,2,1,1.0,3,92025,M,,,92
201300039247,13,12,1,1845,5,2,2,1.0,3,92025,M,,,92
201300039248,13,11,29,1808,5,2,1,1.0,6,92025,M,,,92
201300039249,13,12,3,737,5,2,7,1.0,2,92025,M,,,92
201300039250,13,12,2,740,5,2,1,1.0,6,92025,M,,,92
201300039251,13,12,3,1734,5,2,1,1.0,6,92025,M,,,92
201300039252,13,12,4,2225,4,2,3,1.0,3,92025,M,,,92
201300039253,13,12,5,815,5,2,1,1.0,3,92025,M,,,92
201300039254,13,12,10,915,1,2,2,1.0,6,92025,M,,,92
201300039255,13,12,10,1725,5,2,1,1.0,6,92025,M,,,92
201300039256,13,12,14,120,5,2,1,2.0,4,92025,M,,,92
201300039257,13,12,14,1815,5,2,2,1.0,3,92025,M,,,92
201300039258,13,12,16,1500,1,2,1,1.0,6,92025,M,,,92
201300039259,13,12,16,1615,1,2,1,1.0,3,92025,M,,,92
201300039260,13,12,16,1730,5,2,1,1.0,6,92025,M,,,92
201300039261,13,12,17,820,1,2,1,1.0,3,92025,M,,,92
201300039262,13,12,19,1710,2,2,3,1.0,3,92025,M,,,92
201300039263,13,12,20,823,1,2,2,1.0,3,92025,M,,,92
201300039264,13,12,23,1830,5,2,1,1.0,6,92025,M,,,92
201300039265,13,12,30,1040,1,2,1,1.0,3,92025,M,,,92
201300039266,13,1,4,1940,5,2,1,1.0,7,92026,M,,,92
201300039267,13,1,9,1910,5,2,1,2.0,7,92026,M,,,92
201300039268,13,1,22,20,5,2,1,1.0,7,92026,M,,,92
201300039269,13,1,28,1145,1,2,3,1.0,7,92026,M,,,92
201300039270,13,1,30,1705,1,2,1,1.0,7,92026,M,,,92
201300039271,13,1,30,1555,1,2,1,1.0,7,92026,M,,,92
201300039272,13,1,30,1915,5,1,1,1.0,5,92026,M,,,92
201300039273,13,2,6,2010,5,2,1,1.0,3,92026,M,,,92
201300039274,13,2,8,905,1,2,1,1.0,7,92026,M,,,92
201300039275,13,2,17,1230,1,2,1,1.0,7,92026,M,,,92
201300039276,13,2,15,2100,5,2,3,1.0,7,92026,M,,,92
201300039277,13,2,19,2155,5,2,3,1.0,3,92026,M,,,92
201300039278,13,2,25,1200,1,2,1,1.0,6,92026,M,,,92
201300039279,13,3,5,1925,2,2,1,1.0,3,92026,M,,,92
201300039280,13,3,6,2005,5,2,1,1.0,3,92026,M,,,92
201300039281,13,3,6,2015,5,2,3,2.0,2,92026,M,,,92
201300039282,13,3,7,1220,1,2,2,1.0,3,92026,M,,,92
201300039283,13,3,8,2030,5,2,2,2.0,3,92026,M,,,92
201300039284,13,2,22,1850,2,2,1,8.0,3,92026,M,,,92
201300039285,13,3,20,1050,1,2,2,1.0,3,92026,M,,,92
201300039286,13,3,23,1510,1,2,2,1.0,2,92026,M,,,92
201300039287,13,4,9,1150,1,2,1,2.0,2,92026,M,,,92
201300039288,13,4,9,1445,1,2,3,3.0,3,92026,M,,,92
201300039289,13,4,15,10,5,2,1,1.0,7,92026,M,,,92
201300039290,13,4,13,1540,1,2,2,1.0,3,92026,M,,,92
201300039291,13,4,12,1000,1,2,1,2.0,2,92026,M,,,92
201300039292,13,4,16,1835,1,2,1,1.0,6,92026,M,,,92