Num_Acc,an,mois,jour,hrmn,lum,agg,int,atm,col,com,gps,lat,long,dep
201300039293,13,4,25,1135,1,2,1,1.0,3,92026,M,,,92
201300039294,13,4,23,1615,1,2,6,1.0,7,92026,M,,,92
201300039295,13,4,26,1800,1,2,1,8.0,7,92026,M,,,92
201300039296,13,5,13,2258,5,2,3,1.0,2,92026,M,,,92
201300039297,13,5,14,1820,1,2,1,1.0,5,92026,M,,,92
201300039298,13,5,14,1230,1,2,3,1.0,6,92026,M,,,92
201300039299,13,5,16,1830,1,2,1,1.0,5,92026,M,,,92
201300039300,13,5,17,850,1,2,1,1.0,6,92026,M,,,92
201300039301,13,5,18,1745,1,2,1,1.0,6,92026,M,,,92
201300039302,13,5,21,800,1,2,1,2.0,3,92026,M,,,92
201300039303,13,5,23,1745,1,2,1,3.0,7,92026,M,,,92
201300039304,13,5,23,720,1,2,1,1.0,6,92026,M,,,92
201300039305,13,6,5,130,5,2,1,1.0,6,92026,M,,,92
201300039306,13,6,7,750,1,2,1,1.0,2,92026,M,,,92
201300039307,13,6,7,1930,1,2,2,1.0,7,92026,M,,,92
201300039308,13,6,12,805,1,2,6,1.0,3,92026,M,,,92
201300039309,13,6,13,1810,1,2,1,1.0,6,92026,M,,,92
201300039310,13,6,14,1800,1,2,1,1.0,2,92026,M,,,92
201300039311,13,6,15,1115,1,2,1,1.0,2,92026,M,,,92
201300039312,13,6,19,1315,1,2,6,1.0,3,92026,M,,,92
201300039313,13,5,28,845,1,2,1,1.0,2,92026,M,,,92
201300039314,13,7,1,2355,3,2,3,1.0,3,92026,M,,,92
201300039315,13,7,1,1050,1,2,2,1.0,5,92026,M,,,92
201300039316,13,7,9,1755,1,2,3,1.0,3,92026,M,,,92
201300039317,13,7,13,1640,1,2,3,1.0,3,92026,M,,,92
201300039318,13,7,12,940,1,2,1,1.0,4,92026,M,,,92
201300039319,13,6,23,30,5,2,3,1.0,3,92026,M,,,92
201300039320,13,7,15,1225,1,2,3,1.0,5,92026,M,,,92
201300039321,13,7,5,1730,1,2,1,1.0,3,92026,M,,,92
201300039322,13,7,17,2155,5,2,2,1.0,7,92026,M,,,92
201300039323,13,7,19,1020,1,2,1,1.0,6,92026,M,,,92
201300039324,13,7,30,1430,1,2,1,1.0,7,92026,M,,,92
201300039325,13,8,5,1850,1,2,3,1.0,6,92026,M,,,92
201300039326,13,8,2,940,1,2,1,1.0,2,92026,M,,,92
201300039327,13,8,22,1035,1,2,3,1.0,2,92026,M,,,92
201300039328,13,8,27,915,1,2,2,1.0,3,92026,M,,,92
201300039329,13,8,30,405,5,2,1,1.0,2,92026,M,,,92
201300039330,13,8,29,1510,1,2,1,1.0,6,92026,M,,,92
201300039331,13,9,3,1700,1,2,9,1.0,6,92026,M,,,92
201300039332,13,9,3,2115,5,2,3,1.0,3,92026,M,,,92
201300039333,13,9,4,1740,1,2,1,1.0,3,92026,M,,,92
201300039334,13,9,6,925,1,2,1,2.0,6,92026,M,,,92
201300039335,13,9,7,1255,1,2,9,1.0,6,92026,M,,,92
201300039336,13,9,7,1845,1,2,2,1.0,3,92026,M,,,92
201300039337,13,9,5,1750,1,2,2,1.0,2,92026,M,,,92
201300039338,13,9,10,1550,1,2,3,2.0,2,92026,M,,,92
201300039339,13,9,18,900,1,2,2,1.0,6,92026,M,,,92
201300039340,13,9,17,1920,1,2,1,2.0,7,92026,M,,,92
201300039341,13,9,18,1310,1,2,1,1.0,6,92026,M,,,92
201300039342,13,9,20,1325,1,2,1,8.0,3,92026,M,,,92
201300039343,13,9,23,930,1,2,1,1.0,3,92026,M,,,92
201300039344,13,9,28,310,5,2,2,8.0,2,92026,M,,,92
201300039345,13,9,28,920,1,2,3,2.0,3,92026,M,,,92
201300039346,13,9,28,1930,5,2,2,2.0,3,92026,M,,,92
201300039347,13,10,1,1050,1,2,2,8.0,6,92026,M,,,92
201300039348,13,10,2,1500,1,2,3,1.0,2,92026,M,,,92
201300039349,13,10,3,1730,1,2,1,1.0,6,92026,M,,,92
201300039350,13,10,15,1320,1,2,1,8.0,6,92026,M,,,92
201300039351,13,10,17,835,1,2,1,1.0,6,92026,M,,,92
201300039352,13,10,18,1500,1,2,1,8.0,6,92026,M,,,92
201300039353,13,10,21,920,1,2,3,1.0,3,92026,M,,,92
201300039354,13,10,28,1210,1,2,3,6.0,4,92026,M,,,92
201300039355,13,10,30,2040,5,2,4,1.0,6,92026,M,,,92
201300039356,13,10,31,1015,1,2,1,1.0,7,92026,M,,,92
201300039357,13,11,12,1700,1,2,1,8.0,6,92026,M,,,92
201300039358,13,11,13,1500,1,2,1,1.0,2,92026,M,,,92
201300039359,13,11,14,900,1,2,2,1.0,3,92026,M,,,92
201300039360,13,11,19,2030,5,2,3,1.0,3,92026,M,,,92
201300039361,13,11,27,1425,1,2,1,1.0,7,92026,M,,,92
201300039362,13,11,27,1620,1,2,1,1.0,6,92026,M,,,92
201300039363,13,12,4,950,1,2,1,1.0,6,92026,M,,,92
201300039364,13,12,4,1745,2,2,1,1.0,2,92026,M,,,92
201300039365,13,12,6,630,5,2,2,1.0,3,92026,M,,,92
201300039366,13,12,8,1400,1,2,2,1.0,3,92026,M,,,92
201300039367,13,12,9,1850,5,2,1,1.0,4,92026,M,,,92
201300039368,13,12,13,200,5,2,3,1.0,5,92026,M,,,92
201300039369,13,12,18,1025,1,2,4,1.0,3,92026,M,,,92
201300039370,13,12,19,1855,2,2,1,2.0,7,92026,M,,,92
201300039371,13,12,27,1650,1,2,1,1.0,3,92026,M,,,92
201300039372,13,12,24,935,1,2,1,6.0,7,92026,M,,,92
201300039373,13,1,8,1840,5,2,1,1.0,3,92035,M,,,92
201300039374,13,1,17,940,1,2,1,1.0,2,92035,M,,,92
201300039375,13,1,25,1500,1,2,6,1.0,6,92035,M,,,92
201300039376,13,1,26,1530,1,2,3,1.0,6,92035,M,,,92
201300039377,13,1,28,915,1,2,5,1.0,7,92035,M,,,92
201300039378,13,2,4,726,2,2,1,1.0,3,92035,M,,,92
201300039379,13,1,18,1110,1,2,5,1.0,2,92035,M,,,92
201300039380,13,2,28,1915,5,2,3,1.0,1,92035,M,,,92
201300039381,13,3,13,1415,1,2,1,1.0,6,92035,M,,,92
201300039382,13,3,22,1210,1,2,6,1.0,6,92035,M,,,92
201300039383,13,3,22,2145,5,2,1,1.0,7,92035,M,,,92
201300039384,13,3,26,1225,1,2,6,1.0,7,92035,M,,,92
201300039385,13,3,29,950,1,2,5,1.0,4,92035,M,,,92
201300039386,13,4,14,1926,1,2,3,1.0,2,92035,M,,,92
201300039387,13,4,30,1635,1,2,1,1.0,5,92035,M,,,92
201300039388,13,5,11,1330,1,2,2,1.0,3,92035,M,,,92
201300039389,13,6,12,2305,5,2,2,1.0,3,92035,M,,,92
201300039390,13,6,3,845,1,2,1,1.0,6,92035,M,,,92
201300039391,13,6,11,1750,1,2,4,1.0,1,92035,M,,,92
201300039392,13,7,24,1445,1,2,5,1.0,3,92035,M,,,92
201300039393,13,8,28,1035,1,2,1,1.0,6,92035,M,,,92
201300039394,13,8,30,840,1,2,1,1.0,2,92035,M,,,92
201300039395,13,10,28,1655,1,2,6,1.0,6,92035,M,,,92
201300039396,13,11,8,720,2,2,2,2.0,6,92035,M,,,92
201300039397,13,11,12,905,1,2,5,2.0,3,92035,M,,,92
201300039398,13,11,14,1900,5,2,3,1.0,6,92035,M,,,92
201300039399,13,11,25,845,1,2,1,1.0,2,92035,M,,,92
201300039400,13,12,14,105,5,2,4,2.0,7,92035,M,,,92
201300039401,13,12,14,2105,3,2,1,1.0,6,92035,M,,,92
201300039402,13,12,24,725,5,2,1,2.0,6,92035,M,,,92
201300039403,13,12,26,1245,1,2,2,1.0,3,92035,M,,,92
201300039404,13,1,2,2310,5,2,2,2.0,6,92036,M,,,92
201300039405,13,1,8,1540,1,2,1,1.0,7,92036,M,,,92
201300039406,13,1,9,1230,1,2,1,1.0,4,92036,M,,,92
201300039407,13,1,10,725,1,2,2,2.0,6,92036,M,,,92
201300039408,13,1,14,1915,5,2,2,1.0,3,92036,M,,,92
201300039409,13,1,15,1325,1,1,1,4.0,7,92036,M,,,92
201300039410,13,1,15,1430,1,2,6,1.0,6,92036,M,,,92
201300039411,13,1,16,755,2,2,1,1.0,6,92036,M,,,92
201300039412,13,1,18,1255,1,2,2,1.0,3,92036,M,,,92
201300039413,13,1,21,1830,5,1,1,4.0,4,92036,M,,,92
201300039414,13,2,4,1920,5,1,2,1.0,2,92036,M,,,92
201300039415,13,2,5,1630,1,2,1,1.0,6,92036,M,,,92
201300039416,13,2,8,1315,1,2,1,1.0,6,92036,M,,,92
201300039417,13,2,18,1630,1,2,3,1.0,6,92036,M,,,92
201300039418,13,2,19,1750,1,2,6,1.0,6,92036,M,,,92
201300039419,13,2,21,930,1,2,3,1.0,1,92036,M,,,92
201300039420,13,2,26,830,1,2,1,1.0,7,92036,M,,,92
201300039421,13,2,26,2120,5,2,1,1.0,2,92036,M,,,92
201300039422,13,3,1,835,1,2,1,1.0,2,92036,M,,,92
201300039423,13,3,5,1940,1,2,1,1.0,6,92036,M,,,92
201300039424,13,3,8,1025,1,2,3,1.0,6,92036,M,,,92
201300039425,13,3,13,945,1,2,1,1.0,2,92036,M,,,92
201300039426,13,3,27,920,1,2,1,1.0,7,92036,M,,,92
201300039427,13,3,27,1720,1,2,2,1.0,3,92036,M,,,92
201300039428,13,3,29,150,5,2,3,1.0,7,92036,M,,,92
201300039429,13,4,8,1615,1,2,1,1.0,3,92036,M,,,92
201300039430,13,4,13,830,1,1,1,1.0,6,92036,M,,,92
201300039431,13,4,13,2130,1,2,3,1.0,7,92036,M,,,92
201300039432,13,4,19,1710,1,2,1,2.0,7,92036,M,,,92
201300039433,13,4,22,1910,1,2,1,1.0,6,92036,M,,,92
201300039434,13,4,23,1320,1,2,1,1.0,3,92036,M,,,92
201300039435,13,5,2,1430,1,2,1,1.0,2,92036,M,,,92
201300039436,13,5,5,720,1,2,1,1.0,6,92036,M,,,92
201300039437,13,5,13,1710,1,2,1,1.0,6,92036,M,,,92
201300039438,13,5,16,1435,1,2,3,1.0,1,92036,M,,,92
201300039439,13,5,27,1430,1,2,1,1.0,6,92036,M,,,92
201300039440,13,5,30,1325,1,2,1,1.0,3,92036,M,,,92
201300039441,13,6,3,1715,1,2,1,1.0,2,92036,M,,,92
201300039442,13,6,4,1335,1,2,1,1.0,6,92036,M,,,92
201300039443,13,6,8,1805,1,2,1,1.0,7,92036,M,,,92
201300039444,13,6,9,830,1,2,3,1.0,3,92036,M,,,92
201300039445,13,6,12,1525,1,2,1,1.0,4,92036,M,,,92
201300039446,13,6,13,1550,1,2,2,2.0,3,92036,M,,,92
201300039447,13,6,14,1205,1,2,3,1.0,1,92036,M,,,92
201300039448,13,6,18,1905,1,2,1,1.0,2,92036,M,,,92
201300039449,13,6,22,1655,1,2,1,1.0,6,92036,M,,,92
201300039450,13,6,24,510,2,2,1,2.0,6,92036,M,,,92
201300039451,13,7,5,1015,1,2,1,1.0,6,92036,M,,,92
201300039452,13,7,9,1645,1,2,1,1.0,6,92036,M,,,92
201300039453,13,7,10,1625,1,1,2,1.0,3,92036,M,,,92
201300039454,13,7,10,1855,1,1,2,1.0,3,92036,M,,,92
201300039455,13,7,15,1850,1,2,1,1.0,3,92036,M,,,92
201300039456,13,7,16,1610,1,2,1,1.0,6,92036,M,,,92
201300039457,13,7,17,1820,1,2,1,1.0,3,92036,M,,,92
201300039458,13,7,26,2230,4,1,2,1.0,1,92036,M,,,92
201300039459,13,7,27,1120,1,1,2,1.0,3,92036,M,,,92
201300039460,13,7,29,1935,1,2,1,1.0,6,92036,M,,,92
201300039461,13,8,4,1210,1,2,1,1.0,6,92036,M,,,92
201300039462,13,8,13,630,1,2,1,1.0,6,92036,M,,,92
201300039463,13,8,6,1410,1,2,1,1.0,6,92036,M,,,92
201300039464,13,8,14,1555,1,2,4,1.0,2,92036,M,,,92
201300039465,13,8,19,1045,1,2,2,1.0,3,92036,M,,,92
201300039466,13,8,23,2015,1,2,1,1.0,6,92036,M,,,92
201300039467,13,9,3,1935,1,2,1,7.0,3,92036,M,,,92
201300039468,13,9,6,1857,1,2,1,1.0,6,92036,M,,,92
201300039469,13,9,7,1240,1,2,1,1.0,6,92036,M,,,92
201300039470,13,9,8,1840,1,2,1,1.0,7,92036,M,,,92
201300039471,13,9,11,635,3,2,1,2.0,6,92036,M,,,92
201300039472,13,9,15,420,5,2,1,1.0,7,92036,M,,,92
201300039473,13,9,20,850,1,2,2,1.0,6,92036,M,,,92
201300039474,13,9,20,2200,5,2,1,1.0,6,92036,M,,,92
201300039475,13,9,22,1207,1,2,1,1.0,2,92036,M,,,92
201300039476,13,9,25,900,1,2,1,1.0,3,92036,M,,,92
201300039477,13,9,27,800,1,2,1,1.0,7,92036,M,,,92
201300039478,13,9,28,805,1,2,1,2.0,6,92036,M,,,92
201300039479,13,9,28,1220,1,2,1,1.0,6,92036,M,,,92
201300039480,13,10,1,1545,1,2,1,1.0,3,92036,M,,,92
201300039481,13,10,4,1810,1,2,1,1.0,6,92036,M,,,92
201300039482,13,10,5,1505,1,2,1,1.0,3,92036,M,,,92
201300039483,13,10,14,2230,5,2,1,1.0,1,92036,M,,,92
201300039484,13,10,15,1245,1,2,1,1.0,6,92036,M,,,92
201300039485,13,10,17,1650,1,2,1,1.0,6,92036,M,,,92
201300039486,13,10,21,2020,1,2,2,2.0,7,92036,M,,,92
201300039487,13,10,25,1740,1,2,1,2.0,6,92036,M,,,92
201300039488,13,10,25,2315,5,2,2,1.0,3,92036,M,,,92
201300039489,13,11,4,1300,1,2,1,1.0,6,92036,M,,,92
201300039490,13,11,5,1215,1,2,1,1.0,6,92036,M,,,92
201300039491,13,11,6,1000,1,2,1,1.0,6,92036,M,,,92
201300039492,13,11,8,915,1,2,1,1.0,2,92036,M,,,92
201300039493,13,11,9,1000,1,2,3,1.0,6,92036,M,,,92
201300039494,13,11,12,710,2,2,1,1.0,6,92036,M,,,92
201300039495,13,11,12,1500,1,2,1,2.0,6,92036,M,,,92
201300039496,13,11,12,1810,4,2,1,2.0,6,92036,M,,,92
201300039497,13,11,14,745,1,2,1,1.0,6,92036,M,,,92
201300039498,13,11,20,1800,5,2,2,2.0,6,92036,M,,,92
201300039499,13,11,27,820,1,2,3,1.0,6,92036,M,,,92
201300039500,13,11,27,1645,1,2,1,1.0,6,92036,M,,,92
201300039501,13,11,28,1605,1,2,1,1.0,6,92036,M,,,92
201300039502,13,11,29,1705,5,2,1,1.0,6,92036,M,,,92
201300039503,13,12,1,530,5,2,2,1.0,3,92036,M,,,92
201300039504,13,12,4,1845,5,2,1,1.0,6,92036,M,,,92
201300039505,13,12,5,550,5,2,1,1.0,6,92036,M,,,92
201300039506,13,12,9,1820,5,2,2,1.0,3,92036,M,,,92
201300039507,13,12,13,1815,5,2,1,1.0,6,92036,M,,,92
201300039508,13,12,14,1310,1,2,3,1.0,6,92036,M,,,92
201300039509,13,12,14,1925,5,2,1,1.0,2,92036,M,,,92
201300039510,13,12,19,1130,1,2,2,2.0,5,92036,M,,,92
201300039511,13,12,23,1830,5,2,1,1.0,6,92036,M,,,92
201300039512,13,1,2,1920,5,2,1,1.0,3,92040,M,,,92
201300039513,13,1,7,1705,1,2,1,1.0,7,92040,M,,,92
201300039514,13,3,22,1630,1,2,2,1.0,6,92040,M,,,92
201300039515,13,1,10,1045,1,2,1,2.0,3,92040,M,,,92
201300039516,13,1,14,1100,1,2,1,1.0,7,92040,M,,,92
201300039517,13,1,23,1420,1,2,1,2.0,3,92040,M,,,92
201300039518,13,1,15,750,2,2,4,8.0,6,92040,M,,,92
201300039519,13,1,31,845,1,2,3,8.0,3,92040,M,,,92
201300039520,13,1,31,915,1,2,1,1.0,6,92040,M,,,92
201300039521,13,2,2,831,1,2,1,2.0,3,92040,M,,,92
201300039522,13,2,4,826,1,2,1,1.0,6,92040,M,,,92
201300039523,13,2,12,851,1,2,3,8.0,2,92040,M,,,92
201300039524,13,2,19,1300,1,2,1,1.0,3,92040,M,,,92
201300039525,13,2,20,830,1,2,1,1.0,3,92040,M,,,92
201300039526,13,3,3,1835,2,2,3,1.0,3,92040,M,,,92
201300039527,13,3,6,1945,5,2,2,2.0,3,92040,M,,,92
201300039528,13,4,10,905,1,2,1,2.0,6,92040,M,,,92
201300039529,13,4,10,925,1,2,1,2.0,6,92040,M,,,92
201300039530,13,4,16,845,1,2,1,1.0,2,92040,M,,,92
201300039531,13,4,16,1525,1,2,3,1.0,6,92040,M,,,92
201300039532,13,4,18,1230,1,2,1,1.0,3,92040,M,,,92
201300039533,13,4,18,2015,2,2,1,1.0,2,92040,M,,,92
201300039534,13,4,30,1020,1,2,1,1.0,6,92040,M,,,92
201300039535,13,4,24,1925,1,2,1,1.0,3,92040,M,,,92
201300039536,13,5,24,850,1,2,1,1.0,6,92040,M,,,92
201300039537,13,6,3,1605,1,2,2,1.0,2,92040,M,,,92
201300039538,13,6,8,2210,5,2,2,3.0,3,92040,M,,,92
201300039539,13,6,12,1030,1,2,1,1.0,6,92040,M,,,92
201300039540,13,6,16,1815,1,1,1,1.0,2,92040,M,,,92
201300039541,13,6,14,1900,1,2,1,1.0,3,92040,M,,,92
201300039542,13,6,19,1630,1,2,1,1.0,3,92040,M,,,92
201300039543,13,6,25,950,1,2,1,9.0,6,92040,M,,,92
201300039544,13,7,2,1930,2,2,1,8.0,2,92040,M,,,92
201300039545,13,7,8,825,1,2,1,1.0,6,92040,M,,,92
201300039546,13,7,15,2005,1,2,1,1.0,3,92040,M,,,92
201300039547,13,7,23,1740,1,2,1,1.0,3,92040,M,,,92
201300039548,13,7,26,700,2,2,1,3.0,6,92040,M,,,92
201300039549,13,7,31,1820,1,2,1,1.0,4,92040,M,,,92
201300039550,13,8,1,1230,1,2,1,1.0,2,92040,M,,,92
201300039551,13,9,2,850,1,2,3,1.0,3,92040,M,,,92
201300039552,13,9,4,1005,1,2,1,1.0,3,92040,M,,,92
201300039553,13,9,5,1245,1,2,2,1.0,3,92040,M,,,92
201300039554,13,9,4,1520,1,2,3,1.0,7,92040,M,,,92
201300039555,13,9,5,1530,1,2,1,1.0,6,92040,M,,,92
201300039556,13,9,9,2030,5,2,2,8.0,3,92040,M,,,92
201300039557,13,9,13,750,1,2,1,2.0,6,92040,M,,,92
201300039558,13,9,13,925,1,2,1,2.0,6,92040,M,,,92
201300039559,13,9,13,1100,1,2,1,2.0,6,92040,M,,,92
201300039560,13,9,22,1945,5,2,2,1.0,3,92040,M,,,92
201300039561,13,9,17,1840,1,2,1,2.0,6,92040,M,,,92
201300039562,13,9,19,820,1,2,1,1.0,3,92040,M,,,92
201300039563,13,9,20,2015,5,2,1,1.0,4,92040,M,,,92
201300039564,13,9,25,930,1,2,1,1.0,2,92040,M,,,92
201300039565,13,9,25,1600,1,2,2,1.0,6,92040,M,,,92
201300039566,13,9,25,1620,1,2,1,1.0,6,92040,M,,,92
201300039567,13,9,28,710,2,2,3,2.0,3,92040,M,,,92
201300039568,13,9,28,1130,1,2,2,1.0,1,92040,M,,,92
201300039569,13,10,7,2100,5,2,1,1.0,3,92040,M,,,92
201300039570,13,10,15,720,5,2,2,1.0,7,92040,M,,,92
201300039571,13,10,17,815,1,2,1,1.0,3,92040,M,,,92
201300039572,13,10,17,1240,1,2,2,1.0,6,92040,M,,,92
201300039573,13,10,24,810,2,2,1,1.0,7,92040,M,,,92
201300039574,13,10,22,1700,1,2,2,2.0,3,92040,M,,,92
201300039575,13,10,31,1,5,2,1,1.0,6,92040,M,,,92
201300039576,13,11,4,840,1,2,1,1.0,6,92040,M,,,92
201300039577,13,11,8,1055,1,2,1,2.0,2,92040,M,,,92
201300039578,13,12,31,855,1,2,1,1.0,6,92040,M,,,92
201300039579,13,11,20,1800,5,2,1,2.0,6,92040,M,,,92
201300039580,13,11,18,1730,5,2,1,1.0,3,92040,M,,,92
201300039581,13,11,27,720,2,2,1,1.0,5,92040,M,,,92
201300039582,13,12,2,1900,5,2,1,1.0,6,92040,M,,,92
201300039583,13,12,2,1405,1,2,6,1.0,6,92040,M,,,92
201300039584,13,11,28,1840,5,2,1,2.0,7,92040,M,,,92
201300039585,13,12,16,2025,5,2,1,1.0,6,92040,M,,,92
201300039586,13,12,10,900,1,2,3,1.0,2,92040,M,,,92
201300039587,13,12,12,1820,5,2,2,1.0,3,92040,M,,,92
201300039588,13,12,9,2030,5,2,2,1.0,3,92040,M,,,92
201300039589,13,12,20,815,1,2,2,1.0,6,92040,M,,,92
201300039590,13,12,22,540,5,2,1,2.0,6,92040,M,,,92
201300039591,13,1,3,1130,1,2,5,1.0,2,92044,M,,,92
201300039592,13,11,20,1345,1,2,1,1.0,7,92044,M,,,92
201300039593,13,1,7,1225,1,2,3,1.0,3,92044,M,,,92
201300039594,13,1,14,650,5,2,1,1.0,6,92044,M,,,92
201300039595,13,1,16,1025,1,2,1,1.0,6,92044,M,,,92
201300039596,13,1,15,1240,1,2,1,4.0,6,92044,M,,,92
201300039597,13,1,18,1400,1,2,2,1.0,3,92044,M,,,92
201300039598,13,1,19,1845,2,2,1,2.0,7,92044,M,,,92
201300039599,13,1,24,1345,1,2,1,1.0,7,92044,M,,,92
201300039600,13,2,1,1445,1,2,1,1.0,6,92044,M,,,92
201300039601,13,2,5,1240,1,2,2,1.0,3,92044,M,,,92
201300039602,13,2,6,1652,1,2,1,1.0,6,92044,M,,,92
201300039603,13,2,10,1400,1,2,2,2.0,3,92044,M,,,92
201300039604,13,2,15,1025,1,2,4,2.0,3,92044,M,,,92
201300039605,13,2,16,1155,1,2,1,1.0,6,92044,M,,,92
201300039606,13,2,27,1225,1,2,1,1.0,7,92044,M,,,92
201300039607,13,3,4,1400,1,2,1,1.0,3,92044,M,,,92
201300039608,13,3,4,1450,1,2,2,1.0,6,92044,M,,,92
201300039609,13,3,14,1750,2,2,1,1.0,6,92044,M,,,92
201300039610,13,3,5,835,1,2,2,1.0,6,92044,M,,,92
201300039611,13,3,10,1825,1,2,1,1.0,6,92044,M,,,92
201300039612,13,3,10,1900,1,2,2,1.0,6,92044,M,,,92
201300039613,13,3,19,1200,1,2,1,1.0,6,92044,M,,,92
201300039614,13,3,22,2315,4,2,2,1.0,3,92044,M,,,92
201300039615,13,3,24,1200,1,2,4,1.0,3,92044,M,,,92
201300039616,13,4,3,1800,1,2,1,1.0,2,92044,M,,,92
201300039617,13,4,8,740,1,2,3,1.0,7,92044,M,,,92
201300039618,13,4,10,900,1,2,1,1.0,2,92044,M,,,92
201300039619,13,4,25,915,1,2,2,1.0,6,92044,M,,,92
201300039620,13,4,13,915,1,2,2,1.0,6,92044,M,,,92
201300039621,13,4,28,1200,1,2,1,1.0,6,92044,M,,,92
201300039622,13,4,26,2040,2,2,3,1.0,3,92044,M,,,92
201300039623,13,5,27,1650,1,2,1,1.0,6,92044,M,,,92
201300039624,13,4,30,1310,1,2,1,1.0,3,92044,M,,,92
201300039625,13,5,23,1730,1,2,2,1.0,6,92044,M,,,92
201300039626,13,6,3,1855,2,2,2,1.0,3,92044,M,,,92
201300039627,13,6,6,10,5,2,1,1.0,6,92044,M,,,92
201300039628,13,6,10,1420,1,2,1,1.0,2,92044,M,,,92
201300039629,13,6,20,1000,1,2,1,1.0,6,92044,M,,,92
201300039630,13,6,20,1435,1,2,2,1.0,3,92044,M,,,92
201300039631,13,6,8,1340,1,2,2,1.0,3,92044,M,,,92
201300039632,13,6,29,336,5,2,1,1.0,3,92044,M,,,92
201300039633,13,7,1,1530,1,2,1,1.0,6,92044,M,,,92
201300039634,13,7,2,1900,1,2,1,1.0,6,92044,M,,,92
201300039635,13,7,7,40,5,2,1,1.0,6,92044,M,,,92
201300039636,13,7,8,925,1,2,3,1.0,6,92044,M,,,92
201300039637,13,7,15,1310,1,2,1,1.0,3,92044,M,,,92
201300039638,13,6,8,200,5,2,1,1.0,2,92044,M,,,92
201300039639,13,6,5,2000,1,2,2,1.0,3,92044,M,,,92
201300039640,13,7,20,1815,1,2,1,1.0,6,92044,M,,,92
201300039641,13,7,30,1945,1,2,1,1.0,6,92044,M,,,92
201300039642,13,8,3,440,5,2,1,1.0,7,92044,M,,,92
201300039643,13,7,7,1710,1,2,2,1.0,3,92044,M,,,92
201300039644,13,9,4,920,1,2,1,1.0,6,92044,M,,,92
201300039645,13,9,9,1740,1,2,2,2.0,3,92044,M,,,92
201300039646,13,9,12,1400,1,2,1,1.0,7,92044,M,,,92
201300039647,13,9,11,1335,1,1,9,9.0,6,92044,M,,,92
201300039648,13,8,26,2310,5,2,1,1.0,6,92044,M,,,92
201300039649,13,9,23,1305,1,2,1,1.0,6,92044,M,,,92
201300039650,13,9,25,1105,1,2,1,1.0,6,92044,M,,,92
201300039651,13,10,1,1240,1,2,2,1.0,6,92044,M,,,92
201300039652,13,10,11,1240,1,2,2,1.0,6,92044,M,,,92
201300039653,13,10,10,1715,1,2,1,2.0,6,92044,M,,,92
201300039654,13,10,11,2000,2,2,5,1.0,1,92044,M,,,92
201300039655,13,10,12,1245,1,2,2,1.0,2,92044,M,,,92
201300039656,13,11,3,1425,1,2,2,1.0,1,92044,M,,,92
201300039657,13,11,5,900,1,2,6,1.0,3,92044,M,,,92
201300039658,13,11,5,1505,1,2,1,2.0,7,92044,M,,,92
201300039659,13,10,19,1600,1,2,3,1.0,6,92044,M,,,92
201300039660,13,10,24,1515,1,2,2,1.0,6,92044,M,,,92
201300039661,13,11,20,1710,2,2,1,1.0,6,92044,M,,,92
201300039662,13,12,4,2230,5,2,2,1.0,3,92044,M,,,92
201300039663,13,12,9,2015,5,2,2,1.0,3,92044,M,,,92
201300039664,13,12,9,2300,5,2,2,1.0,7,92044,M,,,92
201300039665,13,12,11,2200,2,2,1,1.0,6,92044,M,,,92
201300039666,13,12,16,1945,5,2,2,1.0,6,92044,M,,,92
201300039667,13,11,25,1440,1,2,1,1.0,6,92044,M,,,92
201300039668,13,12,3,1750,1,2,2,1.0,3,92044,M,,,92
201300039669,13,1,7,1215,1,2,2,1.0,3,92048,M,,,92
201300039670,13,1,8,820,1,2,3,1.0,6,92048,M,,,92
201300039671,13,1,26,1640,1,2,3,1.0,6,92048,M,,,92
201300039672,13,1,25,1915,5,2,2,1.0,2,92048,M,,,92
201300039673,13,1,29,2240,5,2,1,2.0,6,92048,M,,,92
201300039674,13,2,10,1000,1,1,1,2.0,6,92048,M,,,92
201300039675,13,2,18,2000,5,2,2,1.0,3,92048,M,,,92
201300039676,13,1,17,800,1,2,3,1.0,3,92048,M,,,92
201300039677,13,2,27,935,1,2,1,1.0,6,92048,M,,,92
201300039678,13,3,19,900,1,2,2,1.0,6,92048,M,,,92
201300039679,13,3,18,550,5,2,7,1.0,6,92048,M,,,92
201300039680,13,4,3,1145,1,2,1,1.0,6,92048,M,,,92
201300039681,13,4,18,1800,1,2,2,1.0,1,92048,M,,,92
201300039682,13,4,12,835,1,2,6,1.0,6,92048,M,,,92
201300039683,13,5,3,910,1,2,1,1.0,6,92048,M,,,92
201300039684,13,5,13,1400,1,2,1,1.0,6,92048,M,,,92
201300039685,13,5,25,1940,1,2,2,1.0,2,92048,M,,,92
201300039686,13,5,29,1920,2,2,1,1.0,2,92048,M,,,92
201300039687,13,6,3,1030,1,2,1,1.0,6,92048,M,,,92
201300039688,13,6,8,1225,1,2,3,1.0,6,92048,M,,,92
201300039689,13,6,4,1635,1,2,2,1.0,6,92048,M,,,92
201300039690,13,6,24,1945,1,2,1,1.0,6,92048,M,,,92
201300039691,13,7,5,1945,1,2,2,1.0,1,92048,M,,,92
201300039692,13,12,11,1310,1,1,1,1.0,7,92048,M,,,92
201300039693,13,7,24,1905,1,2,2,1.0,3,92048,M,,,92
201300039694,13,7,27,1605,1,2,1,1.0,6,92048,M,,,92
201300039695,13,8,23,1245,1,1,2,1.0,3,92048,M,,,92
201300039696,13,8,31,2055,2,2,1,1.0,6,92048,M,,,92
201300039697,13,8,30,40,5,2,3,1.0,6,92048,M,,,92
201300039698,13,9,17,1030,1,2,3,1.0,3,92048,M,,,92