Num_Acc,an,mois,jour,hrmn,lum,agg,int,atm,col,com,gps,lat,long,dep
201300039699,13,9,20,1215,1,2,3,1.0,3,92048,M,,,92
201300039700,13,8,1,1800,1,1,1,1.0,7,92048,M,,,92
201300039701,13,10,16,1645,1,1,1,1.0,6,92048,M,,,92
201300039702,13,10,18,2010,5,2,3,1.0,3,92048,M,,,92
201300039703,13,10,18,1740,1,2,2,1.0,2,92048,M,,,92
201300039704,13,10,22,2005,5,2,3,2.0,6,92048,M,,,92
201300039705,13,10,28,1245,1,1,1,1.0,6,92048,M,,,92
201300039706,13,10,30,2030,5,2,3,1.0,3,92048,M,,,92
201300039707,13,11,7,1645,1,2,3,2.0,6,92048,M,,,92
201300039708,13,11,7,2030,5,2,3,2.0,2,92048,M,,,92
201300039709,13,11,13,1735,2,2,2,1.0,6,92048,M,,,92
201300039710,13,11,16,1930,5,2,1,1.0,3,92048,M,,,92
201300039711,13,12,28,1830,1,2,6,1.0,6,92048,M,,,92
201300039712,13,12,16,1940,5,2,1,1.0,7,92048,M,,,92
201300039713,13,12,3,1530,1,1,3,1.0,2,92048,M,,,92
201300039714,13,12,24,930,1,1,1,1.0,7,92048,M,,,92
201300039715,13,1,2,1030,1,2,1,1.0,6,92020,M,,,92
201300039716,13,1,3,1210,1,2,1,2.0,2,92049,M,,,92
201300039717,13,1,8,1315,1,2,1,1.0,6,92049,M,,,92
201300039718,13,1,10,800,1,2,1,2.0,3,92020,M,,,92
201300039719,13,1,11,810,2,2,1,8.0,6,92049,M,,,92
201300039720,13,1,11,1800,2,2,1,1.0,6,92020,M,,,92
201300039721,13,1,11,1950,5,2,1,2.0,7,92020,M,,,92
201300039722,13,1,12,642,5,2,2,2.0,6,92049,M,,,92
201300039723,13,1,16,930,1,2,1,4.0,6,92049,M,,,92
201300039724,13,1,17,2020,5,2,3,1.0,3,92020,M,,,92
201300039725,13,1,23,2140,5,2,3,1.0,3,92049,M,,,92
201300039726,13,1,27,1530,1,2,1,1.0,6,92020,M,,,92
201300039727,13,1,28,750,2,2,2,8.0,6,92020,M,,,92
201300039728,13,1,29,700,5,2,2,3.0,3,92020,M,,,92
201300039729,13,1,31,820,1,2,1,1.0,6,92020,M,,,92
201300039730,13,2,5,820,1,2,3,2.0,6,92049,M,,,92
201300039731,13,2,6,1730,1,2,9,1.0,3,92020,M,,,92
201300039732,13,2,6,2340,5,2,6,2.0,1,92020,M,,,92
201300039733,13,2,7,1105,1,2,2,1.0,6,92049,M,,,92
201300039734,13,2,7,1655,1,2,1,8.0,3,92020,M,,,92
201300039735,13,2,8,825,1,2,1,2.0,3,92020,M,,,92
201300039736,13,2,11,1840,4,2,1,1.0,6,92049,M,,,92
201300039737,13,2,11,835,1,1,1,2.0,3,92020,M,,,92
201300039738,13,2,14,750,1,2,1,9.0,7,92020,M,,,92
201300039739,13,2,15,1400,1,2,1,4.0,6,92049,M,,,92
201300039740,13,2,21,1335,1,2,1,1.0,6,92020,M,,,92
201300039741,13,2,25,1500,1,2,1,4.0,6,92049,M,,,92
201300039742,13,2,26,2045,5,2,3,1.0,2,92020,M,,,92
201300039743,13,3,2,1650,1,2,1,1.0,7,92020,M,,,92
201300039744,13,3,4,1455,1,2,1,1.0,7,92020,M,,,92
201300039745,13,3,5,722,1,2,2,1.0,3,92020,M,,,92
201300039746,13,3,5,1200,1,2,1,1.0,6,92020,M,,,92
201300039747,13,3,5,1535,1,2,3,1.0,3,92049,M,,,92
201300039748,13,3,14,1655,1,2,5,1.0,6,92049,M,,,92
201300039749,13,3,9,1720,1,2,2,1.0,6,92020,M,,,92
201300039750,13,3,20,1430,1,2,3,1.0,3,92049,M,,,92
201300039751,13,3,22,855,1,2,1,1.0,7,92020,M,,,92
201300039752,13,3,22,2030,5,2,1,1.0,6,92049,M,,,92
201300039753,13,3,25,1145,1,2,1,1.0,3,92049,M,,,92
201300039754,13,3,26,1125,1,2,3,1.0,6,92020,M,,,92
201300039755,13,3,26,1420,1,2,2,1.0,3,92049,M,,,92
201300039756,13,3,28,1800,1,2,1,1.0,6,92049,M,,,92
201300039757,13,3,28,1800,1,2,1,1.0,3,92049,M,,,92
201300039758,13,3,29,1625,1,2,7,1.0,3,92020,M,,,92
201300039759,13,3,30,2000,5,2,2,1.0,3,92049,M,,,92
201300039760,13,3,31,335,5,2,1,1.0,7,92020,M,,,92
201300039761,13,4,3,1625,1,2,1,1.0,6,92020,M,,,92
201300039762,13,4,3,1652,1,2,1,1.0,6,92049,M,,,92
201300039763,13,4,9,1140,1,2,1,1.0,7,92049,M,,,92
201300039764,13,4,9,1545,1,2,9,2.0,3,92049,M,,,92
201300039765,13,4,10,1925,1,2,2,2.0,6,92020,M,,,92
201300039766,13,4,10,2250,5,2,1,3.0,6,92049,M,,,92
201300039767,13,4,10,920,1,2,1,2.0,6,92049,M,,,92
201300039768,13,4,24,1135,1,2,1,1.0,6,92020,M,,,92
201300039769,13,4,26,835,1,2,1,1.0,1,92020,M,,,92
201300039770,13,4,29,1730,1,2,2,1.0,1,92020,M,,,92
201300039771,13,4,30,1915,1,2,1,2.0,2,92049,M,,,92
201300039772,13,5,5,1230,1,2,2,1.0,3,92049,M,,,92
201300039773,13,5,13,846,1,2,2,1.0,3,92049,M,,,92
201300039774,13,5,13,1800,1,2,1,1.0,6,92020,M,,,92
201300039775,13,5,16,815,1,2,1,2.0,6,92020,M,,,92
201300039776,13,5,24,750,1,2,3,1.0,3,92049,M,,,92
201300039777,13,5,24,2250,5,2,1,2.0,6,92049,M,,,92
201300039778,13,5,25,410,5,2,1,2.0,6,92020,M,,,92
201300039779,13,6,6,2008,2,2,1,1.0,6,92020,M,,,92
201300039780,13,6,12,1715,1,2,2,1.0,3,92020,M,,,92
201300039781,13,6,14,1005,1,2,2,1.0,3,92020,M,,,92
201300039782,13,6,16,1300,1,2,1,1.0,1,92049,M,,,92
201300039783,13,6,20,115,5,2,1,3.0,6,92020,M,,,92
201300039784,13,6,20,915,1,2,1,1.0,3,92020,M,,,92
201300039785,13,6,23,1150,1,2,1,1.0,6,92049,M,,,92
201300039786,13,6,21,1920,1,2,1,1.0,2,92049,M,,,92
201300039787,13,6,25,1115,1,2,2,1.0,3,92020,M,,,92
201300039788,13,6,26,1005,1,2,1,1.0,2,92049,M,,,92
201300039789,13,7,3,1240,1,2,1,1.0,6,92049,M,,,92
201300039790,13,7,6,1350,1,2,2,1.0,3,92020,M,,,92
201300039791,13,7,10,1035,1,2,3,1.0,3,92020,M,,,92
201300039792,13,7,15,1215,1,2,1,1.0,6,92049,M,,,92
201300039793,13,7,15,1555,1,2,1,1.0,5,92020,M,,,92
201300039794,13,7,17,845,1,2,1,1.0,7,92020,M,,,92
201300039795,13,7,20,15,5,2,1,1.0,6,92020,M,,,92
201300039796,13,7,21,1015,1,2,1,1.0,6,92049,M,,,92
201300039797,13,7,21,1900,1,2,1,1.0,6,92020,M,,,92
201300039798,13,7,23,1750,1,2,1,1.0,6,92049,M,,,92
201300039799,13,7,25,1025,1,2,2,1.0,7,92020,M,,,92
201300039800,13,7,26,838,1,2,1,1.0,2,92020,M,,,92
201300039801,13,7,27,835,1,2,1,1.0,6,92020,M,,,92
201300039802,13,6,27,900,1,2,1,1.0,6,92049,M,,,92
201300039803,13,8,16,1125,1,2,1,1.0,2,92020,M,,,92
201300039804,13,8,20,915,1,2,2,1.0,3,92049,M,,,92
201300039805,13,8,27,950,1,2,1,1.0,3,92049,M,,,92
201300039806,13,8,27,1715,1,2,3,2.0,2,92049,M,,,92
201300039807,13,9,2,205,5,2,6,1.0,6,92020,M,,,92
201300039808,13,9,6,1130,1,2,1,2.0,4,92049,M,,,92
201300039809,13,9,9,1140,1,2,1,3.0,7,92020,M,,,92
201300039810,13,9,10,1550,1,2,1,1.0,4,92049,M,,,92
201300039811,13,9,7,1325,1,2,3,1.0,3,92020,M,,,92
201300039812,13,9,16,1017,1,2,1,1.0,6,92049,M,,,92
201300039813,13,9,17,650,2,2,1,1.0,6,92049,M,,,92
201300039814,13,9,21,1920,1,2,1,1.0,6,92049,M,,,92
201300039815,13,9,21,1115,1,2,1,1.0,1,92020,M,,,92
201300039816,13,9,22,2350,5,2,1,1.0,6,92049,M,,,92
201300039817,13,9,24,1600,1,2,2,1.0,6,92049,M,,,92
201300039818,13,9,26,1305,1,2,1,1.0,6,92020,M,,,92
201300039819,13,9,27,700,2,2,1,1.0,6,92020,M,,,92
201300039820,13,9,28,525,5,2,1,3.0,6,92020,M,,,92
201300039821,13,10,4,910,1,2,1,1.0,6,92020,M,,,92
201300039822,13,10,9,1110,1,2,2,1.0,6,92049,M,,,92
201300039823,13,10,9,1725,1,2,2,2.0,6,92049,M,,,92
201300039824,13,10,29,950,1,2,1,1.0,7,92049,M,,,92
201300039825,13,10,30,625,5,2,1,2.0,3,92049,M,,,92
201300039826,13,11,5,1745,5,2,1,6.0,6,92049,M,,,92
201300039827,13,11,8,740,1,2,3,2.0,6,92049,M,,,92
201300039828,13,11,12,1730,5,2,3,2.0,6,92049,M,,,92
201300039829,13,11,13,1215,1,2,3,1.0,6,92020,M,,,92
201300039830,13,11,13,1600,1,2,1,1.0,6,92020,M,,,92
201300039831,13,11,14,2015,5,2,1,1.0,2,92049,M,,,92
201300039832,13,11,19,850,1,2,4,2.0,6,92049,M,,,92
201300039833,13,11,20,650,5,2,6,1.0,2,92049,M,,,92
201300039834,13,11,20,750,1,2,1,1.0,6,92020,M,,,92
201300039835,13,11,25,1045,1,2,2,1.0,6,92049,M,,,92
201300039836,13,11,24,2315,5,2,1,1.0,1,92049,M,,,92
201300039837,13,11,23,850,1,2,1,1.0,6,92049,M,,,92
201300039838,13,11,23,915,1,2,1,1.0,6,92020,M,,,92
201300039839,13,11,28,2045,5,2,1,1.0,6,92020,M,,,92
201300039840,13,11,29,1120,1,2,9,1.0,7,92020,M,,,92
201300039841,13,11,29,1955,5,2,1,1.0,3,92020,M,,,92
201300039842,13,12,2,1735,2,2,2,1.0,3,92049,M,,,92
201300039843,13,12,10,940,1,2,3,1.0,3,92049,M,,,92
201300039844,13,12,11,1750,5,2,1,1.0,6,92049,M,,,92
201300039845,13,12,18,805,2,2,2,1.0,3,92049,M,,,92
201300039846,13,12,19,1845,5,2,2,1.0,6,92020,M,,,92
201300039847,13,12,19,1845,5,2,2,1.0,6,92020,M,,,92
201300039848,13,12,20,1723,5,2,1,1.0,6,92049,M,,,92
201300039849,13,12,26,2025,5,2,3,1.0,6,92020,M,,,92
201300039850,13,12,28,1200,1,2,6,8.0,7,92020,M,,,92
201300039851,13,1,4,745,1,2,1,8.0,2,92050,M,,,92
201300039852,13,1,1,305,5,2,1,1.0,5,92050,M,,,92
201300039853,13,1,3,1205,1,2,1,2.0,4,92050,M,,,92
201300039854,13,1,3,1315,1,2,1,2.0,7,92050,M,,,92
201300039855,13,1,11,835,1,2,3,9.0,3,92050,M,,,92
201300039856,13,1,16,1115,1,2,2,1.0,6,92050,M,,,92
201300039857,13,1,18,755,5,2,1,9.0,6,92050,M,,,92
201300039858,13,1,29,905,1,2,2,2.0,7,92050,M,,,92
201300039859,13,1,30,1610,1,2,1,1.0,3,92050,M,,,92
201300039860,13,2,8,2200,5,2,1,8.0,2,92050,M,,,92
201300039861,13,2,7,1200,1,1,9,1.0,3,92050,M,,,92
201300039862,13,2,7,1800,1,2,1,1.0,3,92050,M,,,92
201300039863,13,2,8,1320,1,2,1,1.0,6,92050,M,,,92
201300039864,13,2,14,2115,4,2,1,1.0,2,92050,M,,,92
201300039865,13,2,14,2220,5,2,1,2.0,7,92050,M,,,92
201300039866,13,2,18,1425,1,2,1,9.0,6,92050,M,,,92
201300039867,13,2,28,1700,1,2,1,8.0,7,92050,M,,,92
201300039868,13,3,5,1910,5,2,1,9.0,7,92050,M,,,92
201300039869,13,3,9,1930,1,2,1,9.0,7,92050,M,,,92
201300039870,13,3,11,1845,5,2,1,3.0,1,92050,M,,,92
201300039871,13,3,11,1915,5,2,1,3.0,3,92050,M,,,92
201300039872,13,3,14,1755,1,2,1,1.0,7,92050,M,,,92
201300039873,13,3,18,1250,1,2,3,2.0,3,92050,M,,,92
201300039874,13,3,19,1840,2,2,1,2.0,6,92050,M,,,92
201300039875,13,3,26,1900,2,2,1,1.0,1,92050,M,,,92
201300039876,13,3,30,2200,3,2,3,1.0,3,92050,M,,,92
201300039877,13,4,9,830,1,2,1,2.0,4,92050,M,,,92
201300039878,13,4,6,1140,1,2,1,1.0,7,92050,M,,,92
201300039879,13,4,11,1950,1,2,1,8.0,2,92050,M,,,92
201300039880,13,4,11,2000,2,2,2,2.0,1,92050,M,,,92
201300039881,13,4,14,635,1,2,2,9.0,3,92050,M,,,92
201300039882,13,4,18,935,1,2,1,1.0,3,92050,M,,,92
201300039883,13,4,16,950,1,2,1,8.0,7,92050,M,,,92
201300039884,13,4,18,1445,1,2,1,1.0,3,92050,M,,,92
201300039885,13,4,24,1230,1,2,2,1.0,3,92050,M,,,92
201300039886,13,4,29,1130,1,2,6,9.0,3,92050,M,,,92
201300039887,13,5,1,1735,1,2,1,3.0,6,92050,M,,,92
201300039888,13,5,5,1020,1,2,2,7.0,7,92050,M,,,92
201300039889,13,5,10,2115,5,2,2,1.0,3,92050,M,,,92
201300039890,13,5,8,1800,1,2,7,9.0,3,92050,M,,,92
201300039891,13,5,9,2005,1,2,6,1.0,6,92050,M,,,92
201300039892,13,5,17,1800,1,2,3,1.0,1,92050,M,,,92
201300039893,13,5,21,2119,2,2,1,8.0,6,92050,M,,,92
201300039894,13,5,19,1315,1,2,1,8.0,3,92050,M,,,92
201300039895,13,5,29,1010,1,2,1,8.0,7,92050,M,,,92
201300039896,13,5,27,1800,1,2,1,9.0,6,92050,M,,,92
201300039897,13,6,2,1030,1,2,1,1.0,1,92050,M,,,92
201300039898,13,6,1,1030,1,2,1,9.0,1,92050,M,,,92
201300039899,13,6,4,920,1,2,1,1.0,4,92050,M,,,92
201300039900,13,6,3,1740,1,2,3,1.0,3,92050,M,,,92
201300039901,13,6,6,1725,1,2,1,2.0,2,92050,M,,,92
201300039902,13,6,4,1710,1,2,1,9.0,5,92050,M,,,92
201300039903,13,6,6,1610,1,2,1,1.0,6,92050,M,,,92
201300039904,13,6,11,850,1,2,2,8.0,6,92050,M,,,92
201300039905,13,6,13,200,5,2,1,1.0,7,92050,M,,,92
201300039906,13,6,13,1600,1,2,5,2.0,1,92050,M,,,92
201300039907,13,6,16,2120,2,2,1,1.0,7,92050,M,,,92
201300039908,13,6,20,1113,1,2,1,2.0,6,92050,M,,,92
201300039909,13,6,20,1030,1,2,2,1.0,3,92050,M,,,92
201300039910,13,6,21,1100,1,2,5,8.0,2,92050,M,,,92
201300039911,13,6,21,2105,5,2,1,1.0,6,92050,M,,,92
201300039912,13,6,20,2140,5,2,3,3.0,7,92050,M,,,92
201300039913,13,6,30,1530,1,2,3,7.0,1,92050,M,,,92
201300039914,13,6,26,835,1,2,1,1.0,6,92050,M,,,92
201300039915,13,7,4,1359,1,2,1,1.0,3,92050,M,,,92
201300039916,13,7,7,857,1,2,3,1.0,3,92050,M,,,92
201300039917,13,7,8,1221,1,2,3,1.0,6,92050,M,,,92
201300039918,13,7,10,425,5,2,1,9.0,2,92050,M,,,92
201300039919,13,7,11,1430,1,2,2,1.0,3,92050,M,,,92
201300039920,13,7,15,1720,1,1,1,1.0,3,92050,M,,,92
201300039921,13,7,18,1750,1,2,2,9.0,3,92050,M,,,92
201300039922,13,7,19,1735,1,2,1,1.0,6,92050,M,,,92
201300039923,13,7,24,235,5,2,5,9.0,3,92050,M,,,92
201300039924,13,7,26,615,2,2,2,1.0,3,92050,M,,,92
201300039925,13,7,26,1700,1,2,2,1.0,3,92050,M,,,92
201300039926,13,7,26,940,1,2,1,8.0,2,92050,M,,,92
201300039927,13,7,31,1750,1,2,2,1.0,3,92050,M,,,92
201300039928,13,8,6,1750,1,2,1,1.0,7,92050,M,,,92
201300039929,13,8,6,2315,5,2,2,9.0,3,92050,M,,,92
201300039930,13,8,9,1720,1,2,3,1.0,1,92050,M,,,92
201300039931,13,8,14,740,1,2,1,7.0,7,92050,M,,,92
201300039932,13,8,14,1230,1,2,6,9.0,6,92050,M,,,92
201300039933,13,8,24,1,5,2,4,2.0,3,92050,M,,,92
201300039934,13,8,21,1230,1,2,1,1.0,6,92050,M,,,92
201300039935,13,8,22,1750,1,2,1,1.0,6,92050,M,,,92
201300039936,13,8,24,1830,1,2,2,9.0,7,92050,M,,,92
201300039937,13,8,28,1545,1,2,1,1.0,7,92050,M,,,92
201300039938,13,8,27,1840,1,2,4,1.0,6,92050,M,,,92
201300039939,13,8,29,1530,1,2,1,9.0,6,92050,M,,,92
201300039940,13,9,4,655,1,2,2,9.0,3,92050,M,,,92
201300039941,13,8,31,1535,1,2,1,1.0,6,92050,M,,,92
201300039942,13,9,4,815,1,2,1,7.0,6,92050,M,,,92
201300039943,13,9,2,1645,1,2,1,7.0,3,92050,M,,,92
201300039944,13,9,4,1810,1,2,2,9.0,2,92050,M,,,92
201300039945,13,9,5,845,1,2,2,9.0,1,92050,M,,,92
201300039946,13,9,11,635,2,2,2,9.0,7,92050,M,,,92
201300039947,13,9,12,735,1,2,1,2.0,6,92050,M,,,92
201300039948,13,9,15,630,5,2,3,2.0,3,92050,M,,,92
201300039949,13,9,13,1640,1,2,2,2.0,3,92050,M,,,92
201300039950,13,9,16,1510,1,2,1,8.0,6,92050,M,,,92
201300039951,13,9,17,1000,1,2,2,9.0,3,92050,M,,,92
201300039952,13,9,19,750,1,2,1,8.0,3,92050,M,,,92
201300039953,13,9,19,1630,1,2,2,9.0,3,92050,M,,,92
201300039954,13,9,24,845,1,2,1,1.0,6,92050,M,,,92
201300039955,13,9,23,1000,1,2,3,1.0,3,92050,M,,,92
201300039956,13,9,24,2235,5,2,1,9.0,6,92050,M,,,92
201300039957,13,9,27,900,1,1,1,9.0,7,92050,M,,,92
201300039958,13,10,2,1840,1,2,1,9.0,6,92050,M,,,92
201300039959,13,10,3,1705,1,2,1,9.0,6,92050,M,,,92
201300039960,13,10,4,835,1,2,3,2.0,3,92050,M,,,92
201300039961,13,10,9,205,5,2,1,9.0,6,92050,M,,,92
201300039962,13,10,7,940,1,2,2,9.0,3,92050,M,,,92
201300039963,13,10,15,700,2,1,1,9.0,6,92050,M,,,92
201300039964,13,10,16,1025,1,2,1,9.0,6,92050,M,,,92
201300039965,13,10,19,1220,1,2,2,8.0,3,92050,M,,,92
201300039966,13,10,17,2115,5,2,1,9.0,7,92050,M,,,92
201300039967,13,10,23,1735,1,2,1,2.0,3,92050,M,,,92
201300039968,13,10,23,730,4,2,1,9.0,6,92050,M,,,92
201300039969,13,10,30,820,1,2,3,7.0,3,92050,M,,,92
201300039970,13,11,2,920,1,2,1,2.0,6,92050,M,,,92
201300039971,13,11,4,1350,1,2,3,8.0,7,92050,M,,,92
201300039972,13,11,7,1030,1,2,1,2.0,7,92050,M,,,92
201300039973,13,11,7,2030,1,2,1,3.0,3,92050,M,,,92
201300039974,13,11,8,1605,1,2,1,1.0,6,92050,M,,,92
201300039975,13,11,10,1200,1,2,1,8.0,6,92050,M,,,92
201300039976,13,11,13,840,1,2,1,7.0,6,92050,M,,,92
201300039977,13,11,14,1910,5,2,2,8.0,3,92050,M,,,92
201300039978,13,11,15,2020,5,2,2,9.0,3,92050,M,,,92
201300039979,13,11,20,1115,1,2,2,2.0,7,92050,M,,,92
201300039980,13,11,23,930,1,2,2,8.0,3,92050,M,,,92
201300039981,13,11,25,35,5,2,1,1.0,7,92050,M,,,92
201300039982,13,11,22,910,1,2,2,8.0,3,92050,M,,,92
201300039983,13,11,7,1120,1,2,3,9.0,7,92050,M,,,92
201300039984,13,11,25,640,5,2,2,1.0,3,92050,M,,,92
201300039985,13,11,29,1805,1,2,1,2.0,5,92050,M,,,92
201300039986,13,11,29,1830,5,2,1,2.0,6,92050,M,,,92
201300039987,13,12,1,1810,5,2,1,9.0,6,92050,M,,,92
201300039988,13,12,3,1820,5,2,1,1.0,2,92050,M,,,92
201300039989,13,12,5,1505,1,2,1,1.0,6,92050,M,,,92
201300039990,13,12,3,1240,1,2,1,1.0,7,92050,M,,,92
201300039991,13,12,9,1230,1,2,1,9.0,3,92050,M,,,92
201300039992,13,12,11,905,1,2,3,1.0,7,92050,M,,,92
201300039993,13,12,12,2010,5,2,2,9.0,3,92050,M,,,92
201300039994,13,12,13,910,1,2,1,9.0,2,92050,M,,,92
201300039995,13,12,8,2120,5,2,1,1.0,6,92050,M,,,92
201300039996,13,12,17,745,2,2,3,1.0,6,92050,M,,,92
201300039997,13,12,20,1610,1,2,1,9.0,3,92050,M,,,92
201300039998,13,12,7,2220,5,2,1,1.0,6,92050,M,,,92
201300039999,13,1,2,1945,5,2,1,2.0,3,92051,M,,,92
201300040000,13,1,10,2335,5,2,1,2.0,3,92051,M,,,92
201300040001,13,11,18,1440,1,2,1,1.0,2,92051,M,,,92
201300040002,13,1,11,1800,5,2,1,8.0,7,92051,M,,,92
201300040003,13,12,14,1305,1,2,1,1.0,6,92051,M,,,92
201300040004,13,12,14,1304,1,2,1,1.0,3,92051,M,,,92
201300040005,13,1,16,1330,1,2,1,1.0,3,92051,M,,,92
201300040006,13,12,18,1745,5,2,1,1.0,2,92051,M,,,92
201300040007,13,1,23,1530,1,2,1,1.0,6,92051,M,,,92
201300040008,13,2,6,1045,1,2,1,1.0,7,92051,M,,,92
201300040009,13,2,5,1905,5,2,1,1.0,6,92051,M,,,92
201300040010,13,2,5,1320,1,2,1,1.0,3,92051,M,,,92
201300040011,13,1,16,1500,1,2,1,1.0,2,92051,M,,,92
201300040012,13,1,23,1720,2,2,1,1.0,7,92051,M,,,92
201300040013,13,1,27,1340,1,2,1,2.0,7,92051,M,,,92
201300040014,13,1,28,1430,1,2,1,1.0,7,92051,M,,,92
201300040015,13,2,1,1440,1,2,2,2.0,3,92051,M,,,92
201300040016,13,2,2,405,5,2,2,1.0,3,92051,M,,,92
201300040017,13,1,26,1440,1,2,1,1.0,3,92051,M,,,92
201300040018,13,2,10,15,5,2,1,1.0,5,92051,M,,,92
201300040019,13,2,21,1308,1,2,2,1.0,6,92051,M,,,92
201300040020,13,2,25,1945,5,2,1,2.0,7,92051,M,,,92
201300040021,13,2,16,900,1,2,1,1.0,3,92051,M,,,92
201300040022,13,3,10,320,5,2,2,1.0,3,92051,M,,,92
201300040023,13,2,18,905,1,2,1,1.0,7,92051,M,,,92
201300040024,13,3,1,610,5,2,1,1.0,7,92051,M,,,92
201300040025,13,3,8,1905,5,2,1,2.0,7,92051,M,,,92
201300040026,13,3,25,820,1,2,1,1.0,7,92051,M,,,92
201300040027,13,3,18,850,1,2,1,1.0,6,92051,M,,,92
201300040028,13,3,25,1930,5,2,1,1.0,2,92051,M,,,92
201300040029,13,2,8,1855,5,2,1,2.0,7,92051,M,,,92
201300040030,13,4,5,805,1,2,1,8.0,6,92051,M,,,92
201300040031,13,3,29,1930,5,2,1,1.0,1,92051,M,,,92
201300040032,13,4,5,1115,1,2,1,1.0,3,92051,M,,,92
201300040033,13,3,12,635,2,2,1,4.0,7,92051,M,,,92
201300040034,13,4,18,1500,1,2,1,1.0,7,92051,M,,,92
201300040035,13,4,13,1115,1,2,3,1.0,2,92051,M,,,92
201300040036,13,4,9,1410,1,2,1,2.0,7,92051,M,,,92
201300040037,13,4,17,2225,5,2,1,1.0,7,92051,M,,,92
201300040038,13,4,24,1315,1,2,1,1.0,3,92051,M,,,92
201300040039,13,3,25,1000,1,2,1,1.0,7,92051,M,,,92
201300040040,13,3,27,915,1,2,1,1.0,3,92051,M,,,92
201300040041,13,4,29,1100,1,2,1,1.0,3,92051,M,,,92
201300040042,13,4,30,705,2,2,1,1.0,3,92051,M,,,92
201300040043,13,4,2,1120,1,2,1,1.0,2,92051,M,,,92
201300040044,13,4,12,1240,1,2,1,1.0,3,92051,M,,,92
201300040045,13,5,16,1455,1,2,1,1.0,6,92051,M,,,92
201300040046,13,5,23,1830,1,2,1,3.0,4,92051,M,,,92
201300040047,13,4,23,1905,1,2,1,1.0,7,92051,M,,,92
201300040048,13,5,30,355,5,2,1,2.0,7,92051,M,,,92
201300040049,13,4,16,1525,1,2,1,1.0,3,92051,M,,,92
201300040050,13,4,18,1500,1,2,1,1.0,3,92051,M,,,92
201300040051,13,4,24,1845,1,2,2,1.0,6,92051,M,,,92
201300040052,13,4,25,1720,1,2,1,1.0,3,92051,M,,,92
201300040053,13,6,9,155,5,2,1,1.0,6,92051,M,,,92
201300040054,13,5,5,610,2,2,1,1.0,3,92051,M,,,92
201300040055,13,5,21,2030,1,1,1,8.0,3,92051,M,,,92
201300040056,13,5,26,1505,1,2,1,1.0,3,92051,M,,,92
201300040057,13,5,27,845,1,2,1,1.0,2,92051,M,,,92
201300040058,13,5,30,2200,5,2,1,3.0,6,92051,M,,,92
201300040059,13,5,31,1850,1,2,1,1.0,3,92051,M,,,92
201300040060,13,6,1,200,5,2,1,1.0,2,92051,M,,,92
201300040061,13,6,9,1145,1,2,1,1.0,6,92051,M,,,92
201300040062,13,6,9,1840,1,2,1,2.0,2,92051,M,,,92
201300040063,13,6,10,2105,2,2,1,1.0,6,92051,M,,,92
201300040064,13,6,10,1440,1,2,1,1.0,2,92051,M,,,92
201300040065,13,6,14,1420,1,2,1,1.0,2,92051,M,,,92
201300040066,13,6,26,1040,1,2,1,1.0,6,92051,M,,,92
201300040067,13,5,27,1550,1,2,1,1.0,2,92051,M,,,92
201300040068,13,7,8,1205,1,2,1,1.0,2,92051,M,,,92
201300040069,13,6,22,320,5,2,1,1.0,6,92051,M,,,92
201300040070,13,6,4,925,1,2,1,1.0,6,92051,M,,,92
201300040071,13,6,6,945,1,2,1,1.0,5,92051,M,,,92
201300040072,13,6,6,1700,1,2,1,1.0,6,92051,M,,,92
201300040073,13,6,11,1700,1,2,1,1.0,6,92051,M,,,92
201300040074,13,6,12,750,1,2,1,1.0,6,92051,M,,,92
201300040075,13,7,24,500,5,2,1,8.0,6,92051,M,,,92
201300040076,13,7,22,1650,1,2,1,1.0,6,92051,M,,,92
201300040077,13,8,3,930,1,2,1,1.0,6,92051,M,,,92
201300040078,13,6,21,740,1,2,1,1.0,6,92051,M,,,92
201300040079,13,6,28,1705,1,2,1,1.0,3,92051,M,,,92
201300040080,13,7,3,1150,1,2,1,8.0,3,92051,M,,,92
201300040081,13,7,11,1630,1,2,1,1.0,6,92051,M,,,92
201300040082,13,7,12,1221,1,2,1,1.0,6,92051,M,,,92
201300040083,13,7,8,1250,1,2,1,1.0,2,92051,M,,,92
201300040084,13,7,11,2015,1,2,1,1.0,3,92051,M,,,92
201300040085,13,7,15,2005,1,2,1,1.0,6,92051,M,,,92
201300040086,13,8,21,1800,1,2,1,1.0,3,92051,M,,,92
201300040087,13,10,7,1545,1,2,1,1.0,2,92051,M,,,92
201300040088,13,8,20,1230,2,2,1,1.0,3,92051,M,,,92
201300040089,13,10,13,1320,1,2,1,1.0,2,92051,M,,,92
201300040090,13,7,17,750,1,2,1,1.0,2,92051,M,,,92
201300040091,13,7,17,2230,5,2,1,1.0,6,92051,M,,,92
201300040092,13,7,16,830,1,2,1,1.0,3,92051,M,,,92
201300040093,13,7,28,1725,1,2,1,1.0,3,92051,M,,,92
201300040094,13,7,17,1255,1,2,1,1.0,3,92051,M,,,92
201300040095,13,7,16,930,1,2,1,1.0,6,92051,M,,,92
201300040096,13,8,2,2030,1,2,1,1.0,7,92051,M,,,92
201300040097,13,8,12,1930,1,2,1,7.0,6,92051,M,,,92
201300040098,13,8,7,1045,1,2,2,2.0,3,92051,M,,,92
201300040099,13,11,14,1945,5,2,4,1.0,6,92051,M,,,92
201300040100,13,9,20,250,5,2,1,1.0,7,92051,M,,,92
201300040101,13,10,2,1655,1,2,1,1.0,6,92051,M,,,92
201300040102,13,9,4,1938,1,2,1,1.0,6,92051,M,,,92
201300040103,13,10,11,155,5,2,1,1.0,3,92051,M,,,92
201300040104,13,9,10,2210,5,2,2,1.0,6,92051,M,,,92