Num_Acc,an,mois,jour,hrmn,lum,agg,int,atm,col,com,gps,lat,long,dep
201300040105,13,9,2,1310,1,2,2,1.0,6,92051,M,,,92
201300040106,13,10,19,745,2,2,1,1.0,4,92051,M,,,92
201300040107,13,9,28,1240,1,2,3,1.0,3,92051,M,,,92
201300040108,13,10,24,1745,1,2,1,1.0,4,92051,M,,,92
201300040109,13,9,12,300,5,2,1,1.0,6,92051,M,,,92
201300040110,13,9,10,1905,1,2,1,1.0,7,92051,M,,,92
201300040111,13,10,29,1058,1,2,1,1.0,6,92051,M,,,92
201300040112,13,11,6,1900,5,2,1,1.0,3,92051,M,,,92
201300040113,13,11,6,820,1,2,1,2.0,3,92051,M,,,92
201300040114,13,9,17,1900,2,2,1,3.0,6,92051,M,,,92
201300040115,13,9,24,1300,1,2,1,1.0,6,92051,M,,,92
201300040116,13,11,6,1200,1,2,2,1.0,3,92051,M,,,92
201300040117,13,10,7,1745,1,2,1,1.0,6,92051,M,,,92
201300040118,13,10,9,1620,1,2,1,8.0,2,92051,M,,,92
201300040119,13,11,27,1845,5,2,2,1.0,6,92051,M,,,92
201300040120,13,10,4,2000,5,2,1,1.0,2,92051,M,,,92
201300040121,13,10,15,1910,2,2,1,1.0,6,92051,M,,,92
201300040122,13,11,30,1340,1,2,1,1.0,2,92051,M,,,92
201300040123,13,10,16,1230,1,2,1,1.0,6,92051,M,,,92
201300040124,13,10,16,1940,5,2,2,2.0,3,92051,M,,,92
201300040125,13,10,23,2105,5,2,1,1.0,6,92051,M,,,92
201300040126,13,10,25,1905,5,2,2,2.0,3,92051,M,,,92
201300040127,13,10,29,2315,5,2,1,8.0,3,92051,M,,,92
201300040128,13,10,21,1250,1,2,1,1.0,2,92051,M,,,92
201300040129,13,11,19,1250,1,2,1,1.0,2,92051,M,,,92
201300040130,13,12,5,1810,4,2,1,1.0,2,92051,M,,,92
201300040131,13,12,6,1650,1,2,1,1.0,7,92051,M,,,92
201300040132,13,12,6,840,1,2,1,1.0,7,92051,M,,,92
201300040133,13,11,6,1010,1,2,2,8.0,7,92051,M,,,92
201300040134,13,11,8,1350,1,2,1,2.0,2,92051,M,,,92
201300040135,13,11,15,835,1,2,1,1.0,4,92051,M,,,92
201300040136,13,12,16,1515,1,2,1,1.0,6,92051,M,,,92
201300040137,13,1,2,1840,5,2,1,1.0,7,92051,M,,,92
201300040138,13,1,3,2110,5,2,3,2.0,3,92062,M,,,92
201300040139,13,1,5,2225,5,2,3,1.0,1,92051,M,,,92
201300040140,13,1,9,1800,5,2,1,2.0,7,92062,M,,,92
201300040141,13,1,16,920,1,2,3,7.0,7,92062,M,,,92
201300040142,13,2,11,713,2,2,3,2.0,1,92062,M,,,92
201300040143,13,2,21,1050,1,2,1,1.0,6,92062,M,,,92
201300040144,13,2,24,1218,1,2,3,8.0,3,92062,M,,,92
201300040145,13,2,27,910,1,2,1,8.0,7,92062,M,,,92
201300040146,13,2,27,1210,1,2,1,8.0,7,92062,M,,,92
201300040147,13,3,1,1305,1,2,3,1.0,7,92062,M,,,92
201300040148,13,3,8,1900,5,2,1,2.0,2,92062,M,,,92
201300040149,13,3,22,1630,1,2,1,1.0,7,92062,M,,,92
201300040150,13,3,25,915,1,2,1,1.0,3,92062,M,,,92
201300040151,13,3,26,1150,1,2,3,1.0,3,92062,M,,,92
201300040152,13,3,26,1550,1,2,3,1.0,2,92062,M,,,92
201300040153,13,3,28,840,2,2,3,1.0,2,92062,M,,,92
201300040154,13,4,2,1100,1,2,3,1.0,1,92062,M,,,92
201300040155,13,4,3,1240,1,2,1,1.0,2,92062,M,,,92
201300040156,13,4,12,1730,1,2,1,1.0,3,92062,M,,,92
201300040157,13,4,17,850,1,2,1,1.0,3,92062,M,,,92
201300040158,13,4,19,150,5,2,1,1.0,7,92062,M,,,92
201300040159,13,4,22,1330,1,2,3,1.0,7,92062,M,,,92
201300040160,13,4,22,1830,1,2,3,1.0,2,92062,M,,,92
201300040161,13,4,26,1910,1,2,1,1.0,7,92062,M,,,92
201300040162,13,5,18,1600,1,2,1,8.0,6,92062,M,,,92
201300040163,13,5,30,820,1,2,1,2.0,6,92062,M,,,92
201300040164,13,6,6,1425,1,2,3,1.0,6,92062,M,,,92
201300040165,13,6,17,1830,1,2,1,1.0,5,92062,M,,,92
201300040166,13,6,25,1805,1,2,3,1.0,6,92062,M,,,92
201300040167,13,6,25,1745,1,2,3,1.0,3,92062,M,,,92
201300040168,13,7,4,840,1,2,1,1.0,6,92062,M,,,92
201300040169,13,7,8,1250,1,2,3,1.0,7,92062,M,,,92
201300040170,13,7,11,2010,1,2,1,1.0,6,92062,M,,,92
201300040171,13,7,12,1800,1,2,1,1.0,1,92062,M,,,92
201300040172,13,7,17,2020,1,2,3,1.0,3,92062,M,,,92
201300040173,13,9,5,350,5,2,1,1.0,6,92062,M,,,92
201300040174,13,9,7,1225,1,2,1,1.0,6,92062,M,,,92
201300040175,13,9,12,2215,3,2,1,1.0,6,92062,M,,,92
201300040176,13,9,13,1505,1,2,1,1.0,7,92062,M,,,92
201300040177,13,9,18,2005,5,2,1,1.0,5,92062,M,,,92
201300040178,13,8,16,1905,1,2,1,1.0,7,92062,M,,,92
201300040179,13,10,7,1735,2,2,3,1.0,6,92062,M,,,92
201300040180,13,10,10,1500,1,2,3,1.0,3,92062,M,,,92
201300040181,13,10,23,1405,1,2,3,1.0,6,92062,M,,,92
201300040182,13,10,26,45,5,2,1,1.0,2,92062,M,,,92
201300040183,13,10,28,1920,5,2,1,1.0,2,92062,M,,,92
201300040184,13,10,31,1650,1,2,3,8.0,3,92062,M,,,92
201300040185,13,11,1,1920,2,2,3,3.0,6,92062,M,,,92
201300040186,13,11,6,910,1,2,3,8.0,6,92062,M,,,92
201300040187,13,11,16,1730,2,2,3,1.0,6,92062,M,,,92
201300040188,13,11,21,753,5,2,3,2.0,3,92062,M,,,92
201300040189,13,11,25,1330,1,2,6,8.0,1,92062,M,,,92
201300040190,13,11,27,1240,1,2,3,8.0,5,92062,M,,,92
201300040191,13,11,28,1930,5,2,3,8.0,3,92062,M,,,92
201300040192,13,12,2,1115,1,2,1,1.0,2,92062,M,,,92
201300040193,13,12,4,1720,5,2,1,8.0,3,92062,M,,,92
201300040194,13,12,13,915,1,2,3,8.0,7,92062,M,,,92
201300040195,13,12,14,930,1,2,3,8.0,3,92062,M,,,92
201300040196,13,12,22,2025,5,2,1,2.0,6,92062,M,,,92
201300040197,13,12,26,1930,5,2,1,8.0,6,92062,M,,,92
201300040198,13,1,5,2015,5,2,1,2.0,3,92063,M,,,92
201300040199,13,1,9,2000,2,2,6,2.0,3,92063,M,,,92
201300040200,13,1,11,850,1,2,1,1.0,2,92063,M,,,92
201300040201,13,1,15,925,2,2,2,2.0,6,92063,M,,,92
201300040202,13,1,15,950,1,2,1,2.0,6,92063,M,,,92
201300040203,13,1,16,2015,5,2,3,1.0,2,92063,M,,,92
201300040204,13,1,24,1110,1,2,2,1.0,7,92063,M,,,92
201300040205,13,1,31,1250,1,2,3,1.0,1,92063,M,,,92
201300040206,13,2,2,2010,5,2,1,1.0,2,92063,M,,,92
201300040207,13,2,6,1750,2,2,1,1.0,6,92063,M,,,92
201300040208,13,2,10,2250,2,2,1,2.0,7,92063,M,,,92
201300040209,13,2,15,845,1,2,1,2.0,7,92063,M,,,92
201300040210,13,2,20,2050,5,2,1,1.0,6,92063,M,,,92
201300040211,13,2,24,1950,5,2,1,4.0,7,92063,M,,,92
201300040212,13,3,4,745,1,2,6,1.0,3,92063,M,,,92
201300040213,13,3,7,1835,1,2,1,1.0,7,92063,M,,,92
201300040214,13,3,14,825,1,2,1,1.0,3,92063,M,,,92
201300040215,13,3,14,955,1,2,3,1.0,1,92063,M,,,92
201300040216,13,3,12,800,1,2,1,1.0,7,92063,M,,,92
201300040217,13,3,26,1345,1,2,3,1.0,6,92063,M,,,92
201300040218,13,3,26,1715,1,2,1,1.0,3,92063,M,,,92
201300040219,13,4,11,820,1,2,3,1.0,3,92063,M,,,92
201300040220,13,4,11,1830,1,2,1,2.0,7,92063,M,,,92
201300040221,13,4,15,900,1,2,9,2.0,3,92063,M,,,92
201300040222,13,4,18,1610,1,2,1,1.0,7,92063,M,,,92
201300040223,13,4,19,1915,1,2,1,2.0,3,92063,M,,,92
201300040224,13,4,19,1910,1,2,3,1.0,4,92063,M,,,92
201300040225,13,4,22,1715,1,2,9,1.0,3,92063,M,,,92
201300040226,13,4,24,1440,1,2,1,1.0,6,92063,M,,,92
201300040227,13,4,26,1730,1,2,1,1.0,3,92063,M,,,92
201300040228,13,4,27,1225,1,2,1,1.0,6,92063,M,,,92
201300040229,13,5,11,1550,1,2,3,1.0,3,92063,M,,,92
201300040230,13,5,20,1840,1,1,1,3.0,6,92063,M,,,92
201300040231,13,5,21,1700,1,2,1,1.0,6,92063,M,,,92
201300040232,13,5,21,1710,1,2,1,1.0,7,92063,M,,,92
201300040233,13,5,28,815,1,2,1,2.0,7,92063,M,,,92
201300040234,13,5,30,750,1,2,1,2.0,7,92063,M,,,92
201300040235,13,5,31,1615,1,2,1,1.0,7,92063,M,,,92
201300040236,13,6,11,2240,5,2,3,1.0,6,92063,M,,,92
201300040237,13,6,17,900,1,2,3,2.0,6,92063,M,,,92
201300040238,13,6,20,1015,1,2,1,1.0,6,92063,M,,,92
201300040239,13,6,22,2025,1,2,3,1.0,6,92063,M,,,92
201300040240,13,6,25,1830,1,2,1,1.0,2,92063,M,,,92
201300040241,13,6,30,1700,1,2,1,1.0,6,92063,M,,,92
201300040242,13,7,4,1910,1,2,1,1.0,3,92063,M,,,92
201300040243,13,7,6,1445,1,2,1,1.0,3,92063,M,,,92
201300040244,13,7,9,1619,1,2,1,1.0,2,92063,M,,,92
201300040245,13,7,10,715,1,2,1,1.0,7,92063,M,,,92
201300040246,13,7,5,1545,1,2,1,1.0,2,92063,M,,,92
201300040247,13,7,11,905,1,2,1,1.0,3,92063,M,,,92
201300040248,13,7,11,935,1,2,6,1.0,6,92063,M,,,92
201300040249,13,7,14,355,5,2,1,1.0,6,92063,M,,,92
201300040250,13,7,18,1515,1,2,1,1.0,3,92063,M,,,92
201300040251,13,7,19,845,1,2,1,1.0,7,92063,M,,,92
201300040252,13,7,29,1,5,2,1,1.0,2,92063,M,,,92
201300040253,13,7,31,2255,5,2,3,1.0,7,92063,M,,,92
201300040254,13,8,2,1430,1,2,1,1.0,6,92063,M,,,92
201300040255,13,8,5,1245,1,2,1,1.0,6,92063,M,,,92
201300040256,13,8,5,1420,1,2,1,1.0,7,92063,M,,,92
201300040257,13,8,7,1320,1,2,1,1.0,2,92063,M,,,92
201300040258,13,8,18,1905,1,2,1,1.0,2,92063,M,,,92
201300040259,13,8,19,1715,1,2,3,1.0,3,92063,M,,,92
201300040260,13,8,22,1215,1,2,1,1.0,6,92063,M,,,92
201300040261,13,8,28,1730,1,2,1,1.0,6,92063,M,,,92
201300040262,13,8,30,935,1,2,3,1.0,2,92063,M,,,92
201300040263,13,9,7,1300,1,2,1,1.0,6,92063,M,,,92
201300040264,13,9,7,1440,1,2,1,1.0,6,92063,M,,,92
201300040265,13,9,9,940,1,2,3,1.0,3,92063,M,,,92
201300040266,13,9,9,1700,1,2,1,2.0,6,92063,M,,,92
201300040267,13,9,3,1255,1,2,1,1.0,3,92063,M,,,92
201300040268,13,9,12,840,1,2,1,2.0,3,92063,M,,,92
201300040269,13,9,15,955,1,2,1,1.0,6,92063,M,,,92
201300040270,13,9,16,1135,1,2,1,1.0,6,92063,M,,,92
201300040271,13,9,19,1900,1,2,1,1.0,7,92063,M,,,92
201300040272,13,9,21,605,5,2,1,1.0,6,92063,M,,,92
201300040273,13,9,22,815,1,2,1,1.0,6,92063,M,,,92
201300040274,13,9,23,850,1,2,2,1.0,3,92063,M,,,92
201300040275,13,9,26,845,1,2,1,1.0,4,92063,M,,,92
201300040276,13,9,27,1940,5,2,4,1.0,3,92063,M,,,92
201300040277,13,10,5,1655,1,2,1,1.0,3,92063,M,,,92
201300040278,13,10,7,1830,1,2,4,1.0,3,92063,M,,,92
201300040279,13,10,8,1015,1,2,1,1.0,3,92063,M,,,92
201300040280,13,10,16,1555,1,2,1,2.0,7,92063,M,,,92
201300040281,13,10,21,1430,1,2,1,1.0,6,92063,M,,,92
201300040282,13,10,23,1750,1,2,1,2.0,2,92063,M,,,92
201300040283,13,10,12,1445,1,2,1,1.0,6,92063,M,,,92
201300040284,13,10,26,1530,1,2,1,2.0,3,92063,M,,,92
201300040285,13,10,29,915,1,2,1,1.0,3,92063,M,,,92
201300040286,13,10,30,2215,5,2,3,1.0,2,92063,M,,,92
201300040287,13,11,3,1,5,2,1,8.0,7,92063,M,,,92
201300040288,13,11,6,1815,4,2,1,1.0,2,92063,M,,,92
201300040289,13,11,8,815,1,2,6,1.0,6,92063,M,,,92
201300040290,13,11,9,1030,1,2,2,1.0,6,92063,M,,,92
201300040291,13,11,10,1230,1,2,3,1.0,2,92063,M,,,92
201300040292,13,11,12,2030,3,2,1,2.0,2,92063,M,,,92
201300040293,13,11,11,900,1,2,1,1.0,6,92063,M,,,92
201300040294,13,11,14,710,2,2,1,1.0,2,92063,M,,,92
201300040295,13,11,20,820,2,2,2,1.0,3,92063,M,,,92
201300040296,13,11,22,815,1,2,3,1.0,7,92063,M,,,92
201300040297,13,11,22,1240,1,2,1,1.0,6,92063,M,,,92
201300040298,13,11,22,1540,1,2,6,1.0,6,92063,M,,,92
201300040299,13,12,2,1410,1,2,3,1.0,2,92063,M,,,92
201300040300,13,12,5,1035,1,1,1,1.0,2,92063,M,,,92
201300040301,13,12,6,850,1,2,1,1.0,3,92063,M,,,92
201300040302,13,12,13,755,2,2,1,4.0,2,92063,M,,,92
201300040303,13,12,17,1350,1,2,1,1.0,6,92063,M,,,92
201300040304,13,12,18,1830,2,2,6,1.0,6,92063,M,,,92
201300040305,13,12,27,1900,2,2,1,2.0,6,92063,M,,,92
201300040306,13,1,3,1005,1,2,1,1.0,7,92064,M,,,92
201300040307,13,1,13,1130,1,2,9,1.0,3,92064,M,,,92
201300040308,13,1,14,1500,1,2,1,2.0,7,92064,M,,,92
201300040309,13,1,16,1955,5,2,1,1.0,3,92064,M,,,92
201300040310,13,1,17,730,2,2,1,1.0,7,92064,M,,,92
201300040311,13,1,25,935,1,2,1,1.0,3,92064,M,,,92
201300040312,13,1,26,2150,1,2,6,1.0,3,92064,M,,,92
201300040313,13,1,28,1650,1,2,1,1.0,6,92064,M,,,92
201300040314,13,2,11,846,1,2,2,3.0,3,92033,M,,,92
201300040315,13,2,12,856,1,2,1,1.0,7,92064,M,,,92
201300040316,13,2,13,951,1,2,1,1.0,3,92064,M,,,92
201300040317,13,2,27,725,2,2,1,9.0,7,92064,M,,,92
201300040318,13,3,7,1330,1,2,1,2.0,3,92064,M,,,92
201300040319,13,3,10,1800,1,2,1,1.0,6,92076,M,,,92
201300040320,13,3,15,1535,1,2,7,1.0,6,92033,M,,,92
201300040321,13,3,24,1245,1,2,9,1.0,6,92047,M,,,92
201300040322,13,3,8,1630,1,2,1,1.0,3,92033,M,,,92
201300040323,13,3,30,100,5,2,9,1.0,3,92064,M,,,92
201300040324,13,4,2,910,1,2,7,1.0,3,92064,M,,,92
201300040325,13,4,2,1820,1,2,9,1.0,3,92033,M,,,92
201300040326,13,4,2,2015,1,2,1,1.0,7,92064,M,,,92
201300040327,13,4,3,955,1,2,7,1.0,3,92064,M,,,92
201300040328,13,4,8,1950,2,2,1,1.0,6,92064,M,,,92
201300040329,13,4,11,1800,1,2,1,1.0,7,92064,M,,,92
201300040330,13,4,17,1750,1,2,1,1.0,5,92047,M,,,92
201300040331,13,4,18,940,1,2,9,1.0,3,92064,M,,,92
201300040332,13,4,18,1905,1,2,3,1.0,2,92064,M,,,92
201300040333,13,4,21,1740,1,2,1,1.0,3,92064,M,,,92
201300040334,13,4,23,2000,1,2,1,1.0,3,92076,M,,,92
201300040335,13,4,29,1000,1,2,1,1.0,3,92064,M,,,92
201300040336,13,5,2,130,3,2,1,2.0,6,92064,M,,,92
201300040337,13,5,7,1625,1,2,3,1.0,3,92064,M,,,92
201300040338,13,5,10,1650,1,2,1,1.0,2,92033,M,,,92
201300040339,13,5,15,1515,1,2,1,1.0,7,92064,M,,,92
201300040340,13,5,20,2115,5,2,6,3.0,3,92064,M,,,92
201300040341,13,5,21,1920,1,2,1,8.0,2,92047,M,,,92
201300040342,13,5,24,1455,1,2,1,1.0,7,92064,M,,,92
201300040343,13,5,24,2020,1,2,3,1.0,3,92064,M,,,92
201300040344,13,5,27,1250,1,2,4,1.0,3,92076,M,,,92
201300040345,13,6,1,115,5,2,1,1.0,7,92033,M,,,92
201300040346,13,6,5,1150,1,2,1,1.0,6,92064,M,,,92
201300040347,13,6,10,840,1,2,1,1.0,6,92064,M,,,92
201300040348,13,6,12,1455,1,2,3,1.0,6,92047,M,,,92
201300040349,13,6,13,1605,1,2,1,2.0,7,92064,M,,,92
201300040350,13,6,11,1830,1,2,1,1.0,2,92064,M,,,92
201300040351,13,6,16,1810,1,1,1,1.0,1,92064,M,,,92
201300040352,13,6,18,1640,1,2,3,1.0,7,92033,M,,,92
201300040353,13,6,19,1445,1,2,9,1.0,6,92064,M,,,92
201300040354,13,6,20,1220,1,2,4,2.0,3,92033,M,,,92
201300040355,13,6,21,1520,1,2,1,1.0,6,92047,M,,,92
201300040356,13,6,21,2150,2,2,3,1.0,3,92064,M,,,92
201300040357,13,6,24,1420,1,2,2,1.0,1,92064,M,,,92
201300040358,13,6,25,918,1,2,1,1.0,2,92064,M,,,92
201300040359,13,7,4,1720,1,2,1,1.0,6,92064,M,,,92
201300040360,13,7,9,1545,1,2,1,1.0,3,92064,M,,,92
201300040361,13,7,10,1850,1,2,1,1.0,6,92033,M,,,92
201300040362,13,7,12,40,5,2,1,1.0,3,92064,M,,,92
201300040363,13,7,12,1520,1,2,1,1.0,3,92064,M,,,92
201300040364,13,7,21,1940,1,2,1,1.0,7,92064,M,,,92
201300040365,13,7,24,550,2,2,1,2.0,4,92064,M,,,92
201300040366,13,7,25,1700,1,2,1,1.0,4,92064,M,,,92
201300040367,13,7,30,1700,1,1,1,8.0,6,92064,M,,,92
201300040368,13,8,6,55,3,2,1,1.0,7,92064,M,,,92
201300040369,13,8,21,1125,1,2,3,1.0,7,92076,M,,,92
201300040370,13,8,23,1825,1,2,1,1.0,3,92064,M,,,92
201300040371,13,8,30,1825,1,2,2,1.0,3,92033,M,,,92
201300040372,13,8,30,1815,1,2,1,1.0,2,92064,M,,,92
201300040373,13,9,6,45,5,2,1,1.0,6,92064,M,,,92
201300040374,13,9,9,2010,3,1,1,2.0,7,92047,M,,,92
201300040375,13,9,10,825,1,2,1,1.0,3,92076,M,,,92
201300040376,13,9,10,1920,1,2,3,1.0,3,92064,M,,,92
201300040377,13,9,12,830,1,2,1,1.0,6,92033,M,,,92
201300040378,13,9,12,1840,2,2,2,2.0,2,92064,M,,,92
201300040379,13,9,17,925,1,2,3,1.0,2,92064,M,,,92
201300040380,13,9,24,820,1,2,1,1.0,3,92064,M,,,92
201300040381,13,9,26,830,1,2,1,1.0,6,92064,M,,,92
201300040382,13,9,27,40,5,2,1,1.0,3,92064,M,,,92
201300040383,13,9,27,1345,1,2,9,1.0,1,92047,M,,,92
201300040384,13,9,27,1655,1,2,1,1.0,3,92064,M,,,92
201300040385,13,9,27,1840,1,2,1,1.0,7,92064,M,,,92
201300040386,13,10,1,1600,1,2,1,1.0,6,92064,M,,,92
201300040387,13,10,4,1015,1,2,1,1.0,3,92064,M,,,92
201300040388,13,10,4,1050,1,2,1,1.0,4,92064,M,,,92
201300040389,13,10,5,1645,1,2,1,1.0,6,92033,M,,,92
201300040390,13,10,7,1755,1,2,3,1.0,2,92064,M,,,92
201300040391,13,10,8,1630,1,2,3,1.0,3,92033,M,,,92
201300040392,13,10,8,1840,2,2,1,1.0,7,92076,M,,,92
201300040393,13,10,9,850,1,2,2,1.0,3,92047,M,,,92
201300040394,13,10,10,1750,1,2,1,8.0,6,92033,M,,,92
201300040395,13,10,13,545,5,2,1,1.0,6,92033,M,,,92
201300040396,13,10,18,1755,1,2,1,1.0,6,92064,M,,,92
201300040397,13,10,21,840,1,2,9,2.0,6,92076,M,,,92
201300040398,13,10,27,1255,1,2,1,1.0,4,92064,M,,,92
201300040399,13,10,30,630,5,2,1,1.0,3,92047,M,,,92
201300040400,13,11,7,825,1,2,1,1.0,3,92064,M,,,92
201300040401,13,11,7,900,1,2,1,1.0,3,92076,M,,,92
201300040402,13,11,11,740,1,2,1,1.0,3,92033,M,,,92
201300040403,13,11,12,1440,1,2,1,1.0,6,92064,M,,,92
201300040404,13,11,13,1430,1,2,1,2.0,4,92064,M,,,92
201300040405,13,11,12,1810,5,2,1,2.0,6,92033,M,,,92
201300040406,13,11,13,1650,1,2,1,1.0,2,92064,M,,,92
201300040407,13,11,13,1920,5,2,1,1.0,7,92064,M,,,92
201300040408,13,11,17,125,5,2,1,1.0,1,92047,M,,,92
201300040409,13,11,18,900,1,2,1,1.0,6,92064,M,,,92
201300040410,13,11,19,1905,5,2,1,1.0,3,92064,M,,,92
201300040411,13,11,19,1940,5,2,1,1.0,7,92064,M,,,92
201300040412,13,11,20,820,1,2,1,1.0,7,92033,M,,,92
201300040413,13,11,20,1505,1,2,1,2.0,3,92033,M,,,92
201300040414,13,11,23,2000,5,2,1,1.0,7,92064,M,,,92
201300040415,13,11,26,1520,1,2,1,1.0,3,92033,M,,,92
201300040416,13,11,28,1305,1,2,2,1.0,3,92064,M,,,92
201300040417,13,12,4,1750,5,2,1,1.0,3,92064,M,,,92
201300040418,13,12,6,750,2,2,1,1.0,3,92064,M,,,92
201300040419,13,12,8,1550,1,2,4,1.0,6,92064,M,,,92
201300040420,13,12,19,820,1,2,3,1.0,7,92064,M,,,92
201300040421,13,12,29,1540,1,2,9,1.0,2,92064,M,,,92
201300040422,13,12,29,2005,5,2,1,1.0,7,92033,M,,,92
201300040423,13,12,31,1200,1,2,1,2.0,2,92064,M,,,92
201300040424,13,1,1,1000,1,2,1,2.0,6,92072,M,,,92
201300040425,13,1,1,1130,1,2,1,2.0,6,92072,M,,,92
201300040426,13,1,3,2150,4,2,1,2.0,2,92072,M,,,92
201300040427,13,1,2,1210,1,2,3,1.0,3,92022,M,,,92
201300040428,13,1,5,1730,1,2,1,1.0,6,92072,M,,,92
201300040429,13,1,11,650,2,2,1,2.0,3,92072,M,,,92
201300040430,13,1,14,1150,1,2,1,1.0,2,92072,M,,,92
201300040431,13,1,17,730,2,2,1,1.0,6,92077,M,,,92
201300040432,13,1,18,800,2,2,3,1.0,6,92077,M,,,92
201300040433,13,2,7,1401,1,2,1,1.0,3,92072,M,,,92
201300040434,13,2,12,1351,1,2,1,1.0,6,92077,M,,,92
201300040435,13,2,13,755,1,2,2,1.0,3,92072,M,,,92
201300040436,13,2,18,20,5,2,3,1.0,3,92022,M,,,92
201300040437,13,2,19,817,1,2,6,1.0,7,92072,M,,,92
201300040438,13,2,28,2040,5,2,2,1.0,3,92022,M,,,92
201300040439,13,3,7,1655,1,2,1,1.0,6,92072,M,,,92
201300040440,13,3,9,2250,5,2,1,1.0,2,92072,M,,,92
201300040441,13,3,15,815,1,2,1,1.0,7,92077,M,,,92
201300040442,13,3,21,740,1,2,1,1.0,6,92072,M,,,92
201300040443,13,3,27,1030,1,2,1,1.0,2,92072,M,,,92
201300040444,13,4,12,1845,1,2,2,2.0,3,92022,M,,,92
201300040445,13,4,18,1310,1,2,1,1.0,2,92072,M,,,92
201300040446,13,4,23,1730,1,2,1,1.0,6,92077,M,,,92
201300040447,13,4,25,1400,1,2,3,1.0,6,92072,M,,,92
201300040448,13,4,26,1620,1,2,1,2.0,2,92072,M,,,92
201300040449,13,5,7,2145,5,2,1,1.0,6,92072,M,,,92
201300040450,13,5,14,1730,1,2,1,1.0,3,92077,M,,,92
201300040451,13,5,17,210,5,2,1,1.0,7,92072,M,,,92
201300040452,13,5,21,905,1,2,1,3.0,7,92077,M,,,92
201300040453,13,5,29,1010,1,2,1,1.0,6,92022,M,,,92
201300040454,13,5,30,2235,5,2,1,2.0,6,92022,M,,,92
201300040455,13,6,4,1155,1,2,1,1.0,6,92022,M,,,92
201300040456,13,6,8,1435,1,2,1,1.0,6,92077,M,,,92
201300040457,13,6,12,1410,1,2,1,1.0,6,92072,M,,,92
201300040458,13,6,14,2035,1,2,1,1.0,3,92022,M,,,92
201300040459,13,6,15,1350,1,2,1,1.0,7,92072,M,,,92
201300040460,13,6,16,1230,1,2,1,1.0,3,92072,M,,,92
201300040461,13,6,22,950,1,2,1,1.0,3,92022,M,,,92
201300040462,13,6,22,1115,1,2,1,1.0,6,92072,M,,,92
201300040463,13,6,22,2120,1,2,1,1.0,2,92022,M,,,92
201300040464,13,7,6,1630,1,2,1,1.0,7,92072,M,,,92
201300040465,13,7,9,1935,1,2,6,1.0,3,92072,M,,,92
201300040466,13,7,11,1740,1,2,1,1.0,6,92077,M,,,92
201300040467,13,7,24,555,1,2,1,1.0,7,92072,M,,,92
201300040468,13,7,25,1430,1,2,1,1.0,2,92072,M,,,92
201300040469,13,7,31,2209,2,2,1,1.0,3,92022,M,,,92
201300040470,13,8,1,1010,1,2,1,1.0,2,92022,M,,,92
201300040471,13,8,3,1650,1,2,1,1.0,6,92072,M,,,92
201300040472,13,8,7,740,2,2,1,3.0,6,92077,M,,,92
201300040473,13,8,12,1150,1,2,1,1.0,4,92072,M,,,92
201300040474,13,8,30,1045,1,2,2,1.0,6,92077,M,,,92
201300040475,13,9,5,840,1,2,1,1.0,6,92072,M,,,92
201300040476,13,9,9,825,1,2,1,1.0,6,92077,M,,,92
201300040477,13,9,13,1745,1,2,1,2.0,2,92072,M,,,92
201300040478,13,9,25,2120,1,2,2,1.0,7,92077,M,,,92
201300040479,13,9,29,105,5,2,1,2.0,7,92072,M,,,92
201300040480,13,10,1,845,1,2,1,1.0,6,92072,M,,,92
201300040481,13,10,7,945,1,2,1,1.0,3,92072,M,,,92
201300040482,13,10,13,2105,5,2,1,1.0,7,92022,M,,,92
201300040483,13,10,20,1805,1,2,3,3.0,3,92077,M,,,92
201300040484,13,11,5,1645,1,2,1,2.0,6,92022,M,,,92
201300040485,13,10,30,1925,5,2,1,1.0,2,92072,M,,,92
201300040486,13,11,10,1530,1,2,3,1.0,6,92077,M,,,92
201300040487,13,11,11,145,5,2,1,1.0,2,92072,M,,,92
201300040488,13,11,15,805,1,2,1,2.0,3,92077,M,,,92
201300040489,13,11,20,1720,5,2,1,3.0,3,92022,M,,,92
201300040490,13,11,20,1910,5,2,1,3.0,2,92022,M,,,92
201300040491,13,11,20,1920,5,2,1,2.0,2,92077,M,,,92
201300040492,13,11,26,800,1,2,1,1.0,6,92022,M,,,92
201300040493,13,12,7,1305,1,2,2,1.0,3,92077,M,,,92
201300040494,13,12,8,1615,1,2,1,1.0,7,92022,M,,,92
201300040495,13,12,11,1800,5,2,1,1.0,3,92022,M,,,92
201300040496,13,12,16,1725,5,2,2,1.0,3,92077,M,,,92
201300040497,13,12,22,1950,3,2,1,1.0,2,92072,M,,,92
201300040498,13,1,3,1350,1,2,3,2.0,6,92073,M,,,92
201300040499,13,1,5,1940,5,2,1,2.0,6,92064,M,,,92
201300040500,13,1,8,1800,5,2,3,1.0,3,92073,M,,,92
201300040501,13,1,13,1425,1,2,1,1.0,6,92073,M,,,92
201300040502,13,1,17,940,1,2,2,1.0,2,92073,M,,,92
201300040503,13,1,22,2130,5,2,1,2.0,7,92073,M,,,92
201300040504,13,1,23,2305,5,2,3,1.0,3,92073,M,,,92
201300040505,13,1,28,2315,5,2,1,1.0,7,92073,M,,,92
201300040506,13,2,1,1410,1,2,1,2.0,4,92073,M,,,92
201300040507,13,2,7,755,1,2,3,1.0,6,92073,M,,,92
201300040508,13,2,16,2155,5,2,2,1.0,3,92073,M,,,92
201300040509,13,2,22,1045,1,2,1,6.0,3,92073,M,,,92
201300040510,13,2,25,2050,5,2,2,4.0,7,92073,M,,,92