Num_Acc,an,mois,jour,hrmn,lum,agg,int,atm,col,com,gps,lat,long,dep
201300040511,13,3,16,1650,1,2,1,1.0,7,92073,M,,,92
201300040512,13,3,18,610,2,2,1,1.0,2,92073,M,,,92
201300040513,13,3,18,1820,1,2,1,2.0,1,92073,M,,,92
201300040514,13,3,21,920,1,2,3,1.0,3,92073,M,,,92
201300040515,13,3,23,1520,1,2,1,1.0,2,92073,M,,,92
201300040516,13,3,26,1115,1,2,1,1.0,6,92073,M,,,92
201300040517,13,4,3,1330,1,2,1,1.0,6,92073,M,,,92
201300040518,13,4,27,1935,1,2,1,1.0,6,92073,M,,,92
201300040519,13,4,29,1330,1,2,1,1.0,4,92073,M,,,92
201300040520,13,5,5,1425,1,2,3,1.0,3,92073,M,,,92
201300040521,13,5,16,2015,1,2,2,1.0,3,92073,M,,,92
201300040522,13,5,28,930,1,2,1,1.0,6,92073,M,,,92
201300040523,13,5,30,2000,1,2,1,3.0,7,92073,M,,,92
201300040524,13,6,1,1805,1,2,3,1.0,6,92073,M,,,92
201300040525,13,6,5,1220,1,2,3,1.0,3,92073,M,,,92
201300040526,13,6,9,105,5,2,1,1.0,2,92073,M,,,92
201300040527,13,6,11,1010,1,2,1,1.0,5,92073,M,,,92
201300040528,13,6,14,1210,1,2,1,1.0,6,92073,M,,,92
201300040529,13,6,15,1955,1,2,1,1.0,7,92073,M,,,92
201300040530,13,6,20,1815,1,2,1,1.0,3,92073,M,,,92
201300040531,13,6,21,1625,1,2,1,1.0,7,92073,M,,,92
201300040532,13,7,4,1250,1,2,1,1.0,6,92073,M,,,92
201300040533,13,7,6,645,1,2,1,1.0,6,92073,M,,,92
201300040534,13,7,12,2145,5,2,1,1.0,2,92073,M,,,92
201300040535,13,7,17,915,1,2,1,1.0,3,92073,M,,,92
201300040536,13,7,26,800,1,2,3,2.0,2,92073,M,,,92
201300040537,13,8,4,110,5,2,3,1.0,3,92073,M,,,92
201300040538,13,8,23,900,1,2,1,1.0,3,92073,M,,,92
201300040539,13,9,12,1200,1,2,1,1.0,6,92073,M,,,92
201300040540,13,9,17,845,1,2,1,2.0,7,92073,M,,,92
201300040541,13,9,19,1755,1,2,1,1.0,6,92073,M,,,92
201300040542,13,9,26,1905,1,2,3,1.0,3,92073,M,,,92
201300040543,13,10,2,745,2,2,1,1.0,2,92073,M,,,92
201300040544,13,10,4,1245,1,2,1,1.0,3,92073,M,,,92
201300040545,13,10,5,2040,5,2,3,1.0,3,92073,M,,,92
201300040546,13,10,8,1715,1,2,1,1.0,5,92073,M,,,92
201300040547,13,10,9,1655,1,2,3,2.0,3,92073,M,,,92
201300040548,13,10,9,1750,1,2,3,3.0,7,92073,M,,,92
201300040549,13,10,15,945,1,2,3,1.0,3,92073,M,,,92
201300040550,13,10,22,855,1,2,1,1.0,3,92073,M,,,92
201300040551,13,10,23,1650,1,2,3,1.0,3,92073,M,,,92
201300040552,13,11,3,235,5,2,1,1.0,6,92073,M,,,92
201300040553,13,11,5,1805,2,2,1,2.0,7,92073,M,,,92
201300040554,13,11,8,740,2,2,3,2.0,3,92073,M,,,92
201300040555,13,11,8,920,1,2,1,2.0,2,92073,M,,,92
201300040556,13,11,10,2145,5,2,1,1.0,3,92073,M,,,92
201300040557,13,11,13,855,1,2,2,1.0,6,92073,M,,,92
201300040558,13,11,30,1300,1,2,1,1.0,2,92073,M,,,92
201300040559,13,12,3,1805,3,2,1,1.0,1,92073,M,,,92
201300040560,13,12,4,910,1,2,1,1.0,6,92073,M,,,92
201300040561,13,12,4,1630,2,2,3,1.0,3,92073,M,,,92
201300040562,13,12,12,2005,5,2,1,1.0,3,92073,M,,,92
201300040563,13,12,19,1840,5,2,1,1.0,3,92073,M,,,92
201300040564,13,1,13,2030,5,2,2,2.0,3,92046,M,,,92
201300040565,13,1,16,1325,1,2,3,1.0,6,92075,M,,,92
201300040566,13,2,5,2155,5,2,1,1.0,6,92046,M,,,92
201300040567,13,2,9,1530,1,2,3,1.0,6,92046,M,,,92
201300040568,13,2,11,1400,1,2,1,1.0,3,92075,M,,,92
201300040569,13,2,12,1530,1,2,6,1.0,3,92075,M,,,92
201300040570,13,2,20,925,1,2,3,1.0,3,92046,M,,,92
201300040571,13,3,5,750,1,2,7,1.0,7,92075,M,,,92
201300040572,13,3,8,500,5,2,1,2.0,7,92046,M,,,92
201300040573,13,3,29,830,1,2,1,1.0,2,92046,M,,,92
201300040574,13,3,30,1720,1,2,6,1.0,6,92046,M,,,92
201300040575,13,4,12,1500,1,2,1,1.0,6,92046,M,,,92
201300040576,13,4,17,1645,1,2,1,1.0,6,92046,M,,,92
201300040577,13,4,21,1250,1,2,1,1.0,6,92046,M,,,92
201300040578,13,4,21,10,5,2,1,1.0,3,92046,M,,,92
201300040579,13,4,24,2015,5,2,1,1.0,2,92046,M,,,92
201300040580,13,4,26,1645,1,2,2,2.0,3,92046,M,,,92
201300040581,13,5,15,940,1,2,1,1.0,6,92075,M,,,92
201300040582,13,5,16,1535,1,2,3,2.0,6,92046,M,,,92
201300040583,13,5,16,1925,1,2,1,1.0,6,92046,M,,,92
201300040584,13,6,4,1405,1,2,2,1.0,7,92075,M,,,92
201300040585,13,5,29,2000,2,2,1,1.0,3,92075,M,,,92
201300040586,13,6,12,1950,1,2,1,1.0,6,92046,M,,,92
201300040587,13,6,13,1600,1,2,1,1.0,6,92075,M,,,92
201300040588,13,6,14,1005,1,2,1,1.0,3,92046,M,,,92
201300040589,13,6,21,30,5,2,2,2.0,3,92046,M,,,92
201300040590,13,6,21,1350,1,2,2,8.0,3,92046,M,,,92
201300040591,13,6,19,1410,1,1,6,1.0,6,92075,M,,,92
201300040592,13,7,3,1540,1,2,5,1.0,6,92075,M,,,92
201300040593,13,7,17,2210,5,2,7,1.0,3,92046,M,,,92
201300040594,13,7,24,1920,1,2,1,1.0,7,92046,M,,,92
201300040595,13,7,28,1600,1,2,6,1.0,6,92075,M,,,92
201300040596,13,7,29,1910,2,2,2,2.0,6,92046,M,,,92
201300040597,13,7,31,1505,1,2,1,1.0,6,92046,M,,,92
201300040598,13,8,6,1555,1,2,3,1.0,6,92046,M,,,92
201300040599,13,8,6,1910,1,2,1,1.0,6,92046,M,,,92
201300040600,13,8,18,1945,2,2,1,1.0,6,92075,M,,,92
201300040601,13,8,31,1105,1,2,2,1.0,3,92075,M,,,92
201300040602,13,9,7,1555,1,2,2,1.0,6,92046,M,,,92
201300040603,13,9,13,900,1,2,1,2.0,3,92075,M,,,92
201300040604,13,9,19,1710,1,2,3,1.0,7,92046,M,,,92
201300040605,13,9,21,625,5,2,6,1.0,7,92046,M,,,92
201300040606,13,9,24,1200,1,2,2,1.0,2,92046,M,,,92
201300040607,13,9,24,1925,2,2,1,1.0,3,92075,M,,,92
201300040608,13,9,25,1625,1,2,2,1.0,3,92046,M,,,92
201300040609,13,9,28,1920,5,2,2,1.0,6,92046,M,,,92
201300040610,13,9,30,1700,1,2,1,1.0,6,92046,M,,,92
201300040611,13,10,1,910,1,2,2,1.0,3,92046,M,,,92
201300040612,13,10,3,820,1,2,2,1.0,2,92046,M,,,92
201300040613,13,10,8,1450,1,2,1,1.0,5,92075,M,,,92
201300040614,13,10,10,1900,5,2,2,2.0,6,92046,M,,,92
201300040615,13,10,10,1715,1,2,1,1.0,2,92046,M,,,92
201300040616,13,10,12,1645,1,2,2,1.0,3,92046,M,,,92
201300040617,13,10,19,2300,5,2,1,1.0,2,92046,M,,,92
201300040618,13,10,22,1930,5,2,2,2.0,6,92075,M,,,92
201300040619,13,11,1,1410,1,2,3,2.0,7,92046,M,,,92
201300040620,13,11,2,1815,5,2,1,1.0,4,92046,M,,,92
201300040621,13,11,3,1900,5,2,2,1.0,6,92046,M,,,92
201300040622,13,11,4,830,1,2,6,3.0,3,92075,M,,,92
201300040623,13,11,5,720,5,2,1,2.0,3,92075,M,,,92
201300040624,13,11,8,925,1,2,3,3.0,6,92075,M,,,92
201300040625,13,11,10,1630,1,2,5,1.0,3,92075,M,,,92
201300040626,13,11,18,1810,2,2,2,1.0,7,92075,M,,,92
201300040627,13,11,18,1505,1,2,2,1.0,6,92046,M,,,92
201300040628,13,11,19,1005,1,2,2,2.0,6,92046,M,,,92
201300040629,13,11,20,1130,1,2,1,1.0,6,92046,M,,,92
201300040630,13,11,29,2100,5,2,1,1.0,6,92075,M,,,92
201300040631,13,12,4,1935,5,2,3,1.0,3,92075,M,,,92
201300040632,13,12,6,1700,2,2,5,1.0,3,92075,M,,,92
201300040633,13,12,19,1320,1,2,1,2.0,6,92046,M,,,92
201300040634,13,12,20,1740,2,2,1,1.0,7,92046,M,,,92
201300040635,13,1,3,2000,5,2,1,2.0,2,92078,M,,,92
201300040636,13,1,4,2200,5,2,1,1.0,7,92078,M,,,92
201300040637,13,1,14,1720,5,2,1,1.0,6,92078,M,,,92
201300040638,13,1,24,1815,5,2,3,1.0,3,92078,M,,,92
201300040639,13,2,8,850,1,2,1,1.0,6,92078,M,,,92
201300040640,13,2,11,1325,1,2,1,1.0,6,92078,M,,,92
201300040641,13,2,12,1123,1,2,9,2.0,6,92078,M,,,92
201300040642,13,3,1,2200,5,2,1,4.0,6,92078,M,,,92
201300040643,13,3,11,1310,1,2,1,9.0,3,92078,M,,,92
201300040644,13,4,5,1410,1,1,3,1.0,7,92078,M,,,92
201300040645,13,5,26,600,2,2,2,1.0,7,92078,M,,,92
201300040646,13,6,22,1825,1,2,1,1.0,6,92078,M,,,92
201300040647,13,7,21,2135,1,2,3,1.0,7,92078,M,,,92
201300040648,13,7,25,1210,1,2,1,1.0,3,92078,M,,,92
201300040649,13,7,29,2140,5,2,3,2.0,1,92078,M,,,92
201300040650,13,7,31,1945,1,2,1,1.0,6,92078,M,,,92
201300040651,13,9,3,1900,1,2,2,1.0,3,92078,M,,,92
201300040652,13,9,3,1935,1,2,1,1.0,3,92078,M,,,92
201300040653,13,9,7,1245,1,2,2,1.0,3,92078,M,,,92
201300040654,13,9,10,930,1,2,1,1.0,6,92078,M,,,92
201300040655,13,9,19,320,5,2,1,1.0,6,92078,M,,,92
201300040656,13,9,28,2220,5,2,3,1.0,1,92078,M,,,92
201300040657,13,10,5,1850,5,2,3,1.0,4,92078,M,,,92
201300040658,13,10,21,1520,1,2,1,1.0,4,92078,M,,,92
201300040659,13,11,8,2140,5,2,1,1.0,3,92078,M,,,92
201300040660,13,11,9,1110,1,2,1,1.0,6,92078,M,,,92
201300040661,13,11,17,410,5,2,1,1.0,7,92078,M,,,92
201300040662,13,11,21,835,1,2,1,2.0,2,92078,M,,,92
201300040663,13,12,7,1130,1,2,3,1.0,5,92078,M,,,92
201300040664,13,12,8,2100,5,2,1,1.0,6,92078,M,,,92
201300040665,13,12,17,1230,1,2,1,1.0,6,92078,M,,,92
201300040666,13,1,11,1750,5,2,1,1.0,7,92062,M,,,92
201300040667,13,1,18,915,2,2,3,1.0,7,92026,M,,,92
201300040668,13,1,29,1545,1,2,1,1.0,7,92026,M,,,92
201300040669,13,2,7,755,5,2,1,2.0,6,92062,M,,,92
201300040670,13,2,8,2100,3,2,1,2.0,7,92026,M,,,92
201300040671,13,2,14,510,5,2,1,4.0,7,92026,M,,,92
201300040672,13,3,23,1120,1,2,2,1.0,3,92062,M,,,92
201300040673,13,3,31,635,5,2,2,1.0,2,92026,M,,,92
201300040674,13,4,12,1540,1,2,1,1.0,2,92026,M,,,92
201300040675,13,4,20,910,1,2,1,1.0,7,92062,M,,,92
201300040676,13,4,29,1655,1,2,2,1.0,2,92062,M,,,92
201300040677,13,4,29,1600,1,2,1,1.0,2,92026,M,,,92
201300040678,13,5,7,720,5,2,1,1.0,6,92026,M,,,92
201300040679,13,5,15,635,1,2,2,1.0,3,92026,M,,,92
201300040680,13,5,16,1748,1,2,1,1.0,6,92062,M,,,92
201300040681,13,5,25,1522,1,2,1,1.0,6,92062,M,,,92
201300040682,13,4,30,1050,1,2,1,1.0,6,92062,M,,,92
201300040683,13,7,1,1750,1,2,1,1.0,3,92062,M,,,92
201300040684,13,7,2,1115,1,2,2,1.0,3,92026,M,,,92
201300040685,13,9,10,1730,1,2,2,1.0,6,92026,M,,,92
201300040686,13,9,14,1010,1,2,1,2.0,6,92026,M,,,92
201300040687,13,9,25,1207,1,2,9,1.0,3,92062,M,,,92
201300040688,13,10,14,2030,5,2,2,2.0,4,92026,M,,,92
201300040689,13,11,13,1655,1,2,3,1.0,6,92026,M,,,92
201300040690,13,11,13,1745,2,2,3,1.0,2,92026,M,,,92
201300040691,13,12,11,1450,1,2,1,1.0,4,92026,M,,,92
201300040692,13,12,17,1735,5,2,1,1.0,7,92062,M,,,92
201300040693,13,12,24,1910,5,2,1,6.0,7,92026,M,,,92
201300040694,13,12,22,1200,1,2,1,2.0,7,92026,M,,,92
201300040695,13,1,1,945,1,2,2,1.0,2,93001,M,,,93
201300040696,13,1,4,1240,1,2,1,1.0,2,93001,M,,,93
201300040697,13,1,9,1,5,2,2,1.0,3,93001,M,,,93
201300040698,13,1,11,945,1,2,1,1.0,7,93001,M,,,93
201300040699,13,1,12,520,5,2,1,1.0,5,93001,M,,,93
201300040700,13,1,18,2145,5,2,1,4.0,2,93001,M,,,93
201300040701,13,1,21,1625,1,2,1,4.0,6,93001,M,,,93
201300040702,13,1,29,800,1,2,1,3.0,3,93001,M,,,93
201300040703,13,2,1,1555,1,2,1,8.0,6,93001,M,,,93
201300040704,13,2,4,810,1,2,1,2.0,6,93001,M,,,93
201300040705,13,2,4,1445,1,2,2,1.0,6,93001,M,,,93
201300040706,13,2,6,840,2,2,1,2.0,6,93001,M,,,93
201300040707,13,2,9,800,2,2,1,2.0,6,93001,M,,,93
201300040708,13,2,11,1615,1,2,1,1.0,6,93001,M,,,93
201300040709,13,2,12,730,2,2,1,2.0,2,93001,M,,,93
201300040710,13,2,13,740,2,2,1,1.0,6,93001,M,,,93
201300040711,13,2,13,1340,1,2,4,1.0,7,93001,M,,,93
201300040712,13,2,15,1210,1,2,1,1.0,6,93001,M,,,93
201300040713,13,2,15,1300,1,2,2,1.0,6,93001,M,,,93
201300040714,13,2,18,755,1,2,2,1.0,3,93001,M,,,93
201300040715,13,2,19,2015,5,2,1,1.0,4,93001,M,,,93
201300040716,13,2,20,1145,1,2,1,1.0,6,93001,M,,,93
201300040717,13,2,21,1315,1,2,3,1.0,3,93001,M,,,93
201300040718,13,2,28,720,2,2,1,1.0,6,93001,M,,,93
201300040719,13,3,1,900,1,2,1,1.0,7,93001,M,,,93
201300040720,13,3,5,2020,5,2,3,1.0,3,93001,M,,,93
201300040721,13,3,7,1730,1,2,1,1.0,6,93001,M,,,93
201300040722,13,3,8,1630,1,2,2,8.0,3,93001,M,,,93
201300040723,13,3,10,1320,1,2,3,1.0,3,93001,M,,,93
201300040724,13,3,11,850,1,2,1,2.0,6,93001,M,,,93
201300040725,13,3,11,1440,1,2,1,1.0,3,93001,M,,,93
201300040726,13,3,14,1700,1,2,2,1.0,3,93001,M,,,93
201300040727,13,3,14,1905,3,2,1,8.0,6,93001,M,,,93
201300040728,13,3,16,2230,5,2,2,2.0,3,93001,M,,,93
201300040729,13,3,19,40,5,2,2,2.0,2,93001,M,,,93
201300040730,13,3,21,2210,5,2,1,2.0,2,93001,M,,,93
201300040731,13,3,21,1635,1,2,3,1.0,6,93001,M,,,93
201300040732,13,3,24,1120,1,2,1,1.0,2,93001,M,,,93
201300040733,13,3,27,800,1,2,2,1.0,1,93001,M,,,93
201300040734,13,4,3,1240,1,2,1,1.0,6,93001,M,,,93
201300040735,13,4,4,1140,1,2,1,1.0,6,93001,M,,,93
201300040736,13,4,4,1330,1,2,2,1.0,6,93001,M,,,93
201300040737,13,4,5,1315,1,2,1,1.0,6,93001,M,,,93
201300040738,13,4,9,1415,1,2,1,2.0,1,93001,M,,,93
201300040739,13,4,13,28,5,2,1,2.0,2,93001,M,,,93
201300040740,13,4,15,1330,1,2,1,1.0,6,93001,M,,,93
201300040741,13,4,17,1650,1,2,1,1.0,3,93001,M,,,93
201300040742,13,4,18,2115,2,2,1,1.0,6,93001,M,,,93
201300040743,13,4,19,1904,1,2,1,1.0,6,93001,M,,,93
201300040744,13,5,2,800,1,2,1,1.0,6,93001,M,,,93
201300040745,13,5,5,1230,1,2,1,1.0,2,93001,M,,,93
201300040746,13,5,11,1555,1,2,1,1.0,6,93001,M,,,93
201300040747,13,5,11,2035,2,2,1,1.0,7,93001,M,,,93
201300040748,13,5,4,1230,1,2,1,1.0,3,93001,M,,,93
201300040749,13,6,6,820,1,2,2,1.0,3,93001,M,,,93
201300040750,13,6,11,1000,1,2,3,1.0,3,93001,M,,,93
201300040751,13,6,11,1715,1,2,1,1.0,6,93001,M,,,93
201300040752,13,6,12,1220,1,2,1,1.0,6,93001,M,,,93
201300040753,13,6,14,755,1,2,1,1.0,6,93001,M,,,93
201300040754,13,6,15,2245,5,2,1,1.0,6,93001,M,,,93
201300040755,13,6,16,1633,1,2,1,1.0,6,93001,M,,,93
201300040756,13,6,18,1950,1,2,3,1.0,3,93001,M,,,93
201300040757,13,6,19,820,1,2,1,2.0,6,93001,M,,,93
201300040758,13,6,19,1730,1,2,3,3.0,3,93001,M,,,93
201300040759,13,6,20,1100,1,2,1,1.0,6,93001,M,,,93
201300040760,13,6,21,850,1,2,1,2.0,3,93001,M,,,93
201300040761,13,6,25,650,2,2,1,1.0,4,93001,M,,,93
201300040762,13,6,25,1610,1,2,1,1.0,3,93001,M,,,93
201300040763,13,6,25,1745,1,2,1,1.0,6,93001,M,,,93
201300040764,13,6,28,1805,1,2,1,1.0,5,93001,M,,,93
201300040765,13,6,29,2045,1,2,1,1.0,1,93001,M,,,93
201300040766,13,7,3,1655,1,2,1,1.0,3,93001,M,,,93
201300040767,13,7,8,1340,1,2,3,1.0,6,93001,M,,,93
201300040768,13,7,8,1458,1,2,1,1.0,6,93001,M,,,93
201300040769,13,7,9,1210,1,2,1,1.0,6,93001,M,,,93
201300040770,13,7,9,1220,1,2,3,1.0,3,93001,M,,,93
201300040771,13,7,11,725,1,2,1,1.0,2,93001,M,,,93
201300040772,13,7,11,1835,1,2,1,1.0,6,93001,M,,,93
201300040773,13,7,15,1540,1,2,1,1.0,6,93001,M,,,93
201300040774,13,7,16,1630,1,2,1,1.0,3,93001,M,,,93
201300040775,13,7,17,1905,1,2,1,1.0,6,93001,M,,,93
201300040776,13,7,19,655,1,2,1,1.0,3,93001,M,,,93
201300040777,13,7,22,1220,1,2,2,1.0,6,93001,M,,,93
201300040778,13,7,22,1640,1,2,1,1.0,6,93001,M,,,93
201300040779,13,7,24,1030,1,2,3,1.0,3,93001,M,,,93
201300040780,13,7,31,1750,1,2,2,1.0,2,93001,M,,,93
201300040781,13,7,31,2155,5,2,3,1.0,2,93001,M,,,93
201300040782,13,8,2,1530,1,2,2,1.0,3,93001,M,,,93
201300040783,13,8,3,1950,1,2,1,1.0,3,93001,M,,,93
201300040784,13,8,5,1820,1,2,6,1.0,2,93001,M,,,93
201300040785,13,8,6,1100,1,2,1,1.0,3,93001,M,,,93
201300040786,13,8,13,1835,1,2,1,1.0,6,93001,M,,,93
201300040787,13,8,17,1410,1,2,2,1.0,3,93001,M,,,93
201300040788,13,8,17,1810,1,2,1,1.0,7,93001,M,,,93
201300040789,13,8,20,615,1,2,1,1.0,3,93001,M,,,93
201300040790,13,8,26,1430,1,2,1,1.0,6,93001,M,,,93
201300040791,13,9,2,730,1,2,2,1.0,3,93001,M,,,93
201300040792,13,9,5,2120,5,2,1,1.0,6,93001,M,,,93
201300040793,13,9,9,1200,1,2,1,3.0,6,93001,M,,,93
201300040794,13,9,10,1000,1,2,1,1.0,6,93001,M,,,93
201300040795,13,9,20,830,1,2,1,1.0,6,93001,M,,,93
201300040796,13,9,20,750,1,2,3,1.0,3,93001,M,,,93
201300040797,13,9,22,1100,1,2,1,1.0,6,93001,M,,,93
201300040798,13,9,23,915,1,2,1,1.0,6,93001,M,,,93
201300040799,13,9,24,1915,2,2,1,1.0,3,93001,M,,,93
201300040800,13,9,25,1310,1,2,1,1.0,3,93001,M,,,93
201300040801,13,9,25,1630,1,2,1,1.0,6,93001,M,,,93
201300040802,13,10,1,1720,1,2,1,1.0,3,93001,M,,,93
201300040803,13,10,2,1130,1,2,1,1.0,2,93001,M,,,93
201300040804,13,10,3,1035,1,2,1,1.0,5,93001,M,,,93
201300040805,13,10,4,1940,5,2,1,1.0,5,93001,M,,,93
201300040806,13,10,6,1410,1,2,2,1.0,3,93001,M,,,93
201300040807,13,10,9,2340,5,2,1,1.0,6,93001,M,,,93
201300040808,13,10,12,915,1,2,2,1.0,3,93001,M,,,93
201300040809,13,10,23,1740,1,2,1,1.0,6,93001,M,,,93
201300040810,13,10,24,1700,1,2,1,1.0,6,93001,M,,,93
201300040811,13,10,24,1825,1,2,2,1.0,2,93001,M,,,93
201300040812,13,10,24,2220,5,2,3,1.0,3,93001,M,,,93
201300040813,13,10,25,945,1,2,1,1.0,6,93001,M,,,93
201300040814,13,10,29,1750,1,2,2,1.0,3,93001,M,,,93
201300040815,13,10,31,250,5,2,3,1.0,2,93001,M,,,93
201300040816,13,11,1,2120,5,2,1,3.0,7,93001,M,,,93
201300040817,13,11,4,1700,1,2,1,1.0,6,93001,M,,,93
201300040818,13,11,6,1710,2,2,1,2.0,6,93001,M,,,93
201300040819,13,11,12,800,1,2,1,1.0,6,93001,M,,,93
201300040820,13,11,14,1020,1,2,1,2.0,6,93001,M,,,93
201300040821,13,11,18,1210,1,2,1,1.0,6,93001,M,,,93
201300040822,13,11,20,1955,5,2,1,2.0,2,93001,M,,,93
201300040823,13,11,21,900,1,2,1,2.0,2,93001,M,,,93
201300040824,13,11,25,1130,1,2,5,1.0,1,93001,M,,,93
201300040825,13,11,26,1505,1,2,4,1.0,3,93001,M,,,93
201300040826,13,11,29,555,5,2,2,1.0,3,93001,M,,,93
201300040827,13,11,29,1115,1,2,1,1.0,6,93001,M,,,93
201300040828,13,11,30,235,5,2,3,1.0,2,93001,M,,,93
201300040829,13,12,3,1545,1,2,1,1.0,6,93001,M,,,93
201300040830,13,12,11,1915,5,2,1,1.0,3,93001,M,,,93
201300040831,13,12,18,1440,1,2,1,1.0,6,93001,M,,,93
201300040832,13,12,21,550,5,2,3,1.0,6,93001,M,,,93
201300040833,13,12,21,1340,1,2,3,1.0,3,93001,M,,,93
201300040834,13,12,23,1420,1,2,1,1.0,6,93001,M,,,93
201300040835,13,12,23,1745,5,2,1,6.0,6,93001,M,,,93
201300040836,13,12,27,2300,5,2,1,2.0,6,93001,M,,,93
201300040837,13,1,1,730,5,2,6,1.0,5,93005,M,,,93
201300040838,13,1,17,1710,1,2,1,1.0,3,93071,M,,,93
201300040839,13,1,2,1350,1,1,1,1.0,3,93005,M,,,93
201300040840,13,2,20,1810,2,2,1,1.0,2,93071,M,,,93
201300040841,13,1,3,2020,5,2,1,2.0,3,93005,M,,,93
201300040842,13,3,14,1330,1,2,1,1.0,6,93071,M,,,93
201300040843,13,1,3,2330,5,2,3,1.0,3,93005,M,,,93
201300040844,13,1,4,1430,1,2,1,1.0,6,93005,M,,,93
201300040845,13,3,25,1720,1,2,1,1.0,6,93071,M,,,93
201300040846,13,1,6,2235,5,2,1,2.0,6,93005,M,,,93
201300040847,13,3,29,1150,1,2,1,1.0,6,93071,M,,,93
201300040848,13,1,12,1245,1,2,3,2.0,3,93005,M,,,93
201300040849,13,4,1,1615,1,2,1,1.0,6,93071,M,,,93
201300040850,13,1,12,1400,1,2,1,2.0,2,93005,M,,,93
201300040851,13,4,5,1600,1,2,1,1.0,6,93071,M,,,93
201300040852,13,1,14,1600,5,2,1,1.0,2,93005,M,,,93
201300040853,13,1,17,2100,5,2,3,1.0,6,93005,M,,,93
201300040854,13,4,15,1100,1,2,3,2.0,6,93071,M,,,93
201300040855,13,1,21,1845,5,2,1,4.0,6,93005,M,,,93
201300040856,13,4,16,1800,1,2,1,1.0,4,93071,M,,,93
201300040857,13,4,23,1845,1,2,1,1.0,2,93071,M,,,93
201300040858,13,1,24,1320,1,2,1,1.0,6,93005,M,,,93
201300040859,13,1,25,1730,5,2,1,1.0,6,93005,M,,,93
201300040860,13,4,27,945,1,2,1,1.0,3,93071,M,,,93
201300040861,13,5,2,1930,1,2,1,1.0,3,93071,M,,,93
201300040862,13,1,31,2134,5,2,2,1.0,2,93005,M,,,93
201300040863,13,5,5,1840,1,2,2,1.0,3,93071,M,,,93
201300040864,13,5,9,1310,1,2,3,1.0,6,93071,M,,,93
201300040865,13,2,4,104,5,2,2,2.0,3,93005,M,,,93
201300040866,13,5,14,1430,1,2,1,1.0,2,93071,M,,,93
201300040867,13,2,5,830,1,2,2,2.0,6,93005,M,,,93
201300040868,13,5,17,1630,1,2,2,1.0,6,93071,M,,,93
201300040869,13,2,5,1600,1,2,6,1.0,3,93005,M,,,93
201300040870,13,2,6,1740,1,2,1,1.0,1,93005,M,,,93
201300040871,13,5,16,1610,1,2,1,8.0,6,93071,M,,,93
201300040872,13,5,31,1700,1,2,1,1.0,3,93071,M,,,93
201300040873,13,6,5,1310,1,2,3,1.0,3,93071,M,,,93
201300040874,13,2,18,825,1,2,3,1.0,3,93005,M,,,93
201300040875,13,2,20,1800,2,2,1,1.0,6,93005,M,,,93
201300040876,13,6,12,1900,1,2,1,1.0,3,93071,M,,,93
201300040877,13,2,21,1900,5,2,3,1.0,3,93005,M,,,93
201300040878,13,6,15,1820,1,2,1,1.0,6,93071,M,,,93
201300040879,13,2,25,925,1,2,2,4.0,6,93005,M,,,93
201300040880,13,2,25,1140,1,2,2,1.0,6,93005,M,,,93
201300040881,13,6,20,1340,1,2,2,1.0,3,93071,M,,,93
201300040882,13,3,17,615,2,2,2,2.0,6,93005,M,,,93
201300040883,13,7,5,1550,1,2,1,1.0,3,93071,M,,,93
201300040884,13,3,27,2050,3,2,2,1.0,3,93005,M,,,93
201300040885,13,3,28,1040,1,2,2,1.0,3,93005,M,,,93
201300040886,13,7,15,30,5,2,1,1.0,3,93071,M,,,93
201300040887,13,7,16,1730,1,2,2,1.0,3,93071,M,,,93
201300040888,13,4,7,2010,1,2,1,1.0,2,93005,M,,,93
201300040889,13,7,16,2050,1,2,1,1.0,6,93071,M,,,93
201300040890,13,4,11,1805,1,2,2,1.0,3,93005,M,,,93
201300040891,13,4,14,1430,1,2,1,1.0,7,93005,M,,,93
201300040892,13,4,14,1720,1,2,1,1.0,7,93005,M,,,93
201300040893,13,4,18,1635,1,2,1,1.0,6,93005,M,,,93
201300040894,13,4,21,1900,1,2,2,1.0,3,93005,M,,,93
201300040895,13,8,18,2045,2,2,1,2.0,6,93071,M,,,93
201300040896,13,4,23,1820,1,2,1,1.0,2,93005,M,,,93
201300040897,13,9,9,1130,1,2,2,2.0,3,93071,M,,,93
201300040898,13,4,24,1300,1,2,1,1.0,6,93005,M,,,93
201300040899,13,10,1,1500,1,2,1,1.0,2,93071,M,,,93
201300040900,13,4,27,920,1,2,1,1.0,7,93005,M,,,93
201300040901,13,10,4,2000,5,2,1,1.0,1,93071,M,,,93
201300040902,13,5,3,1605,1,2,1,1.0,2,93005,M,,,93
201300040903,13,5,6,930,1,2,1,2.0,6,93005,M,,,93
201300040904,13,5,10,2200,5,2,1,1.0,6,93005,M,,,93
201300040905,13,5,11,1400,1,2,1,1.0,6,93005,M,,,93
201300040906,13,5,22,2000,1,2,1,1.0,1,93005,M,,,93
201300040907,13,5,23,1135,1,2,2,1.0,3,93005,M,,,93
201300040908,13,11,8,1830,5,2,3,2.0,1,93071,M,,,93
201300040909,13,5,24,1550,1,2,1,3.0,6,93005,M,,,93
201300040910,13,11,13,650,5,2,1,1.0,6,93071,M,,,93
201300040911,13,5,24,1930,1,2,7,1.0,3,93005,M,,,93
201300040912,13,11,27,1240,1,2,3,1.0,2,93071,M,,,93
201300040913,13,5,24,2140,5,2,1,8.0,2,93005,M,,,93
201300040914,13,11,28,1145,1,2,3,1.0,3,93071,M,,,93
201300040915,13,5,28,1330,1,2,1,2.0,6,93005,M,,,93
201300040916,13,12,20,1330,1,2,2,1.0,6,93071,M,,,93