Num_Acc,an,mois,jour,hrmn,lum,agg,int,atm,col,com,gps,lat,long,dep
201300040917,13,5,30,1440,1,2,1,8.0,2,93005,M,,,93
201300040918,13,6,5,1645,1,2,1,1.0,6,93005,M,,,93
201300040919,13,6,5,2100,1,2,1,1.0,6,93005,M,,,93
201300040920,13,6,10,1910,1,2,1,1.0,3,93005,M,,,93
201300040921,13,6,11,1000,1,2,1,1.0,3,93005,M,,,93
201300040922,13,6,16,1200,1,2,1,1.0,6,93005,M,,,93
201300040923,13,6,18,1345,1,2,2,1.0,5,93005,M,,,93
201300040924,13,6,18,1440,1,2,2,1.0,3,93005,M,,,93
201300040925,13,6,18,1730,1,2,1,1.0,6,93005,M,,,93
201300040926,13,6,20,1030,1,2,6,8.0,3,93005,M,,,93
201300040927,13,6,21,1945,1,2,1,1.0,6,93005,M,,,93
201300040928,13,6,25,2100,5,2,1,1.0,1,93005,M,,,93
201300040929,13,6,27,1700,1,2,1,1.0,6,93005,M,,,93
201300040930,13,6,28,1020,1,2,1,2.0,7,93005,M,,,93
201300040931,13,7,4,2336,5,2,1,1.0,3,93005,M,,,93
201300040932,13,7,6,1415,1,2,1,1.0,6,93005,M,,,93
201300040933,13,7,7,2250,5,2,2,9.0,3,93005,M,,,93
201300040934,13,7,11,2000,1,2,1,1.0,3,93005,M,,,93
201300040935,13,7,12,1255,1,2,1,1.0,6,93005,M,,,93
201300040936,13,7,12,2335,5,2,1,1.0,2,93005,M,,,93
201300040937,13,7,18,1820,1,2,1,1.0,4,93005,M,,,93
201300040938,13,7,19,1850,1,2,1,1.0,2,93005,M,,,93
201300040939,13,7,25,1200,1,2,3,1.0,3,93005,M,,,93
201300040940,13,7,29,1510,1,2,1,1.0,3,93005,M,,,93
201300040941,13,8,2,1745,1,2,1,1.0,6,93005,M,,,93
201300040942,13,8,4,725,1,2,1,1.0,3,93005,M,,,93
201300040943,13,8,18,2015,1,2,3,1.0,2,93005,M,,,93
201300040944,13,8,20,2135,5,2,3,1.0,2,93005,M,,,93
201300040945,13,8,22,2000,1,2,1,1.0,3,93005,M,,,93
201300040946,13,8,25,125,5,2,1,3.0,3,93005,M,,,93
201300040947,13,8,31,810,1,2,2,2.0,3,93005,M,,,93
201300040948,13,8,31,1930,1,2,2,1.0,6,93005,M,,,93
201300040949,13,9,6,1315,1,2,2,1.0,3,93005,M,,,93
201300040950,13,9,8,1810,1,2,3,1.0,3,93005,M,,,93
201300040951,13,9,10,800,1,2,1,1.0,1,93005,M,,,93
201300040952,13,9,10,1730,1,2,1,1.0,6,93005,M,,,93
201300040953,13,9,11,1330,1,2,1,1.0,2,93005,M,,,93
201300040954,13,9,12,1420,1,2,1,1.0,6,93005,M,,,93
201300040955,13,9,15,1345,1,2,1,1.0,3,93005,M,,,93
201300040956,13,9,19,1230,1,2,1,1.0,6,93005,M,,,93
201300040957,13,9,22,1315,1,2,1,2.0,6,93005,M,,,93
201300040958,13,9,23,2030,5,2,3,1.0,3,93005,M,,,93
201300040959,13,9,26,730,1,2,3,1.0,6,93005,M,,,93
201300040960,13,9,26,940,1,2,1,1.0,2,93005,M,,,93
201300040961,13,9,27,1145,1,2,9,1.0,3,93005,M,,,93
201300040962,13,9,29,1600,1,2,1,1.0,6,93005,M,,,93
201300040963,13,9,29,2140,5,2,1,2.0,6,93005,M,,,93
201300040964,13,10,5,1540,1,2,1,1.0,6,93005,M,,,93
201300040965,13,10,5,2140,5,2,3,1.0,3,93005,M,,,93
201300040966,13,10,7,1755,1,2,1,1.0,6,93005,M,,,93
201300040967,13,10,8,1615,1,2,1,1.0,4,93005,M,,,93
201300040968,13,10,9,936,1,2,2,1.0,3,93005,M,,,93
201300040969,13,10,11,1600,1,2,9,8.0,3,93005,M,,,93
201300040970,13,10,13,155,5,2,1,1.0,6,93005,M,,,93
201300040971,13,10,16,510,4,2,1,1.0,3,93005,M,,,93
201300040972,13,10,16,2030,5,2,3,2.0,6,93005,M,,,93
201300040973,13,10,17,1625,1,2,1,1.0,6,93005,M,,,93
201300040974,13,10,17,1635,1,2,1,1.0,6,93005,M,,,93
201300040975,13,10,17,1715,1,2,1,1.0,3,93005,M,,,93
201300040976,13,10,18,1015,1,2,1,1.0,3,93005,M,,,93
201300040977,13,10,19,1030,1,2,1,8.0,2,93005,M,,,93
201300040978,13,10,23,1945,5,2,6,1.0,3,93005,M,,,93
201300040979,13,10,23,2005,5,2,1,1.0,6,93005,M,,,93
201300040980,13,10,25,1650,1,2,1,2.0,2,93005,M,,,93
201300040981,13,10,28,730,1,2,1,2.0,6,93005,M,,,93
201300040982,13,10,31,1935,5,2,1,2.0,6,93005,M,,,93
201300040983,13,11,1,1740,5,2,1,2.0,2,93005,M,,,93
201300040984,13,11,3,1715,2,2,1,1.0,6,93005,M,,,93
201300040985,13,11,5,2000,5,2,2,1.0,3,93005,M,,,93
201300040986,13,11,7,739,1,2,3,1.0,3,93005,M,,,93
201300040987,13,11,7,1750,5,2,1,2.0,6,93005,M,,,93
201300040988,13,11,15,1230,1,2,1,1.0,3,93005,M,,,93
201300040989,13,11,21,740,1,2,1,2.0,6,93005,M,,,93
201300040990,13,11,27,1430,1,2,1,1.0,7,93005,M,,,93
201300040991,13,11,29,1930,5,2,1,2.0,1,93005,M,,,93
201300040992,13,12,6,1630,5,2,1,1.0,6,93005,M,,,93
201300040993,13,12,6,1900,5,2,2,1.0,3,93005,M,,,93
201300040994,13,12,14,1820,5,2,3,1.0,3,93005,M,,,93
201300040995,13,12,18,1103,1,2,1,1.0,6,93005,M,,,93
201300040996,13,12,19,710,5,2,1,2.0,7,93005,M,,,93
201300040997,13,12,19,1505,1,2,3,1.0,6,93005,M,,,93
201300040998,13,12,20,1900,5,2,2,1.0,3,93005,M,,,93
201300040999,13,12,20,2145,5,1,9,1.0,3,93005,M,,,93
201300041000,13,12,25,1810,5,2,3,1.0,2,93005,M,,,93
201300041001,13,4,16,800,1,2,3,1.0,2,93071,M,,,93
201300041002,13,1,1,1930,2,2,1,1.0,3,93007,M,,,93
201300041003,13,1,1,1630,1,2,2,2.0,3,93007,M,,,93
201300041004,13,1,14,1715,3,2,1,1.0,3,93007,M,,,93
201300041005,13,1,15,1913,5,2,9,1.0,1,93007,M,,,93
201300041006,13,1,25,1055,1,2,2,1.0,6,93007,M,,,93
201300041007,13,1,31,1405,1,2,1,2.0,6,93007,M,,,93
201300041008,13,2,1,1355,1,2,1,2.0,2,93007,M,,,93
201300041009,13,2,7,1750,1,2,9,1.0,6,93007,M,,,93
201300041010,13,2,9,2015,5,2,3,1.0,6,93007,M,,,93
201300041011,13,2,14,640,5,2,1,2.0,1,93007,M,,,93
201300041012,13,2,18,1505,1,2,3,1.0,3,93007,M,,,93
201300041013,13,2,24,1750,1,2,1,2.0,6,93007,M,,,93
201300041014,13,3,31,2120,5,2,1,1.0,3,93007,M,,,93
201300041015,13,4,2,900,1,2,1,1.0,6,93007,M,,,93
201300041016,13,4,6,1223,1,2,1,1.0,6,93007,M,,,93
201300041017,13,4,7,2030,1,2,1,1.0,6,93007,M,,,93
201300041018,13,4,11,650,1,2,1,1.0,6,93007,M,,,93
201300041019,13,4,18,1940,1,2,1,1.0,4,93007,M,,,93
201300041020,13,6,1,1415,1,2,1,1.0,3,93007,M,,,93
201300041021,13,6,5,845,1,2,1,1.0,6,93007,M,,,93
201300041022,13,6,6,1745,1,2,1,1.0,2,93007,M,,,93
201300041023,13,6,7,905,1,2,6,7.0,7,93007,M,,,93
201300041024,13,6,8,1220,1,2,1,1.0,4,93007,M,,,93
201300041025,13,6,12,945,1,2,2,1.0,3,93007,M,,,93
201300041026,13,6,14,851,1,2,9,1.0,6,93007,M,,,93
201300041027,13,6,14,905,1,2,1,1.0,1,93007,M,,,93
201300041028,13,7,5,1905,1,2,1,1.0,4,93007,M,,,93
201300041029,13,7,7,2330,5,2,1,1.0,3,93007,M,,,93
201300041030,13,7,12,1345,1,2,1,1.0,6,93007,M,,,93
201300041031,13,7,15,2049,1,2,2,1.0,3,93007,M,,,93
201300041032,13,7,25,1435,1,2,3,1.0,6,93007,M,,,93
201300041033,13,7,26,1510,1,2,1,1.0,6,93007,M,,,93
201300041034,13,8,10,1545,1,2,2,1.0,3,93007,M,,,93
201300041035,13,8,25,1700,1,2,1,2.0,7,93007,M,,,93
201300041036,13,9,4,1700,1,2,9,1.0,7,93007,M,,,93
201300041037,13,9,8,1350,1,2,3,1.0,6,93007,M,,,93
201300041038,13,9,11,1755,1,2,2,1.0,3,93007,M,,,93
201300041039,13,9,12,1,5,2,2,1.0,1,93007,M,,,93
201300041040,13,9,17,1300,1,2,6,1.0,3,93007,M,,,93
201300041041,13,9,17,1500,1,2,6,1.0,3,93007,M,,,93
201300041042,13,9,22,1110,1,2,2,1.0,6,93007,M,,,93
201300041043,13,9,30,1920,2,2,1,1.0,6,93007,M,,,93
201300041044,13,10,2,2100,5,2,1,1.0,7,93007,M,,,93
201300041045,13,10,11,1320,1,2,1,2.0,6,93007,M,,,93
201300041046,13,10,11,1410,1,2,1,1.0,6,93007,M,,,93
201300041047,13,10,18,30,5,2,2,1.0,3,93007,M,,,93
201300041048,13,10,28,1,5,2,1,2.0,6,93007,M,,,93
201300041049,13,11,7,1240,1,2,1,1.0,5,93007,M,,,93
201300041050,13,12,11,1137,1,2,1,1.0,6,93007,M,,,93
201300041051,13,12,14,1045,1,2,1,1.0,3,93007,M,,,93
201300041052,13,12,15,1110,1,2,1,1.0,6,93007,M,,,93
201300041053,13,1,5,2200,5,2,1,2.0,2,93008,M,,,93
201300041054,13,1,15,730,2,2,1,4.0,4,93008,M,,,93
201300041055,13,1,21,2000,5,2,1,2.0,3,93008,M,,,93
201300041056,13,1,22,1715,1,2,1,8.0,7,93008,M,,,93
201300041057,13,1,24,25,5,2,1,9.0,6,93008,M,,,93
201300041058,13,1,24,815,1,2,1,8.0,6,93008,M,,,93
201300041059,13,1,26,1220,1,2,1,8.0,6,93008,M,,,93
201300041060,13,2,1,645,2,2,1,3.0,6,93008,M,,,93
201300041061,13,2,1,1555,1,2,1,2.0,2,93008,M,,,93
201300041062,13,2,7,925,1,2,5,2.0,7,93008,M,,,93
201300041063,13,2,13,1545,1,2,1,1.0,2,93008,M,,,93
201300041064,13,2,23,45,5,2,3,1.0,6,93008,M,,,93
201300041065,13,2,25,1700,1,2,1,4.0,6,93008,M,,,93
201300041066,13,3,10,1840,2,1,1,1.0,1,93008,M,,,93
201300041067,13,3,11,940,1,2,3,2.0,1,93008,M,,,93
201300041068,13,3,14,1040,1,2,1,1.0,6,93008,M,,,93
201300041069,13,3,18,1340,1,2,1,2.0,2,93008,M,,,93
201300041070,13,3,19,2020,5,2,1,3.0,6,93008,M,,,93
201300041071,13,3,22,1630,1,2,2,1.0,6,93008,M,,,93
201300041072,13,4,11,1820,1,2,3,1.0,3,93008,M,,,93
201300041073,13,4,12,1620,1,2,2,8.0,3,93008,M,,,93
201300041074,13,4,14,642,1,2,1,1.0,2,93008,M,,,93
201300041075,13,4,15,1700,1,2,7,1.0,6,93008,M,,,93
201300041076,13,4,17,830,1,2,3,1.0,6,93008,M,,,93
201300041077,13,4,23,1410,1,2,1,1.0,1,93008,M,,,93
201300041078,13,4,25,2105,5,2,1,1.0,6,93008,M,,,93
201300041079,13,4,29,1930,1,2,1,1.0,4,93008,M,,,93
201300041080,13,4,30,1720,1,2,3,2.0,3,93008,M,,,93
201300041081,13,6,1,1740,1,2,1,1.0,3,93008,M,,,93
201300041082,13,6,4,1750,1,2,1,1.0,6,93008,M,,,93
201300041083,13,6,5,735,1,2,1,1.0,6,93008,M,,,93
201300041084,13,6,7,1640,1,2,1,1.0,7,93008,M,,,93
201300041085,13,6,16,1355,1,2,8,1.0,6,93008,M,,,93
201300041086,13,6,17,1915,2,2,6,2.0,2,93008,M,,,93
201300041087,13,6,19,25,5,2,1,1.0,4,93008,M,,,93
201300041088,13,6,21,1720,1,2,1,1.0,6,93008,M,,,93
201300041089,13,6,27,1755,1,2,6,1.0,3,93008,M,,,93
201300041090,13,7,4,1130,1,2,1,1.0,6,93008,M,,,93
201300041091,13,7,4,1721,1,2,1,1.0,6,93008,M,,,93
201300041092,13,7,10,1805,1,2,1,1.0,6,93008,M,,,93
201300041093,13,7,11,1725,1,2,1,1.0,3,93008,M,,,93
201300041094,13,7,18,2130,1,2,8,1.0,7,93008,M,,,93
201300041095,13,7,19,1540,1,2,1,1.0,6,93008,M,,,93
201300041096,13,7,19,2215,4,2,3,1.0,3,93008,M,,,93
201300041097,13,7,25,1200,1,2,6,1.0,3,93008,M,,,93
201300041098,13,7,25,1500,1,2,1,1.0,3,93008,M,,,93
201300041099,13,8,19,15,5,2,5,2.0,3,93008,M,,,93
201300041100,13,8,19,1050,1,2,1,1.0,2,93008,M,,,93
201300041101,13,8,22,1415,1,2,8,1.0,6,93008,M,,,93
201300041102,13,8,23,930,1,2,9,1.0,1,93008,M,,,93
201300041103,13,8,27,210,5,2,9,2.0,3,93008,M,,,93
201300041104,13,9,2,1825,1,2,1,1.0,3,93008,M,,,93
201300041105,13,9,4,1635,1,2,1,1.0,6,93008,M,,,93
201300041106,13,9,9,2025,5,2,2,2.0,4,93008,M,,,93
201300041107,13,9,13,1541,1,2,1,2.0,6,93008,M,,,93
201300041108,13,9,14,1800,1,2,1,3.0,2,93008,M,,,93
201300041109,13,9,19,2210,3,2,1,1.0,2,93008,M,,,93
201300041110,13,9,26,1716,1,2,3,1.0,3,93008,M,,,93
201300041111,13,9,27,1657,1,2,4,1.0,5,93008,M,,,93
201300041112,13,10,2,800,2,2,1,1.0,6,93008,M,,,93
201300041113,13,10,2,1250,1,2,1,1.0,3,93008,M,,,93
201300041114,13,10,2,1610,1,2,2,1.0,3,93008,M,,,93
201300041115,13,10,9,1200,1,2,1,2.0,6,93008,M,,,93
201300041116,13,10,11,910,1,2,1,2.0,2,93008,M,,,93
201300041117,13,10,16,2220,4,2,2,2.0,2,93008,M,,,93
201300041118,13,10,23,1610,1,2,1,1.0,3,93008,M,,,93
201300041119,13,10,24,1915,1,2,8,1.0,3,93008,M,,,93
201300041120,13,10,25,945,1,2,1,2.0,3,93008,M,,,93
201300041121,13,10,28,1640,1,2,1,7.0,6,93008,M,,,93
201300041122,13,11,1,2040,5,2,9,3.0,2,93008,M,,,93
201300041123,13,11,4,1915,5,2,1,1.0,2,93008,M,,,93
201300041124,13,11,8,1030,1,2,2,1.0,3,93008,M,,,93
201300041125,13,11,8,1830,5,2,3,2.0,3,93008,M,,,93
201300041126,13,11,13,1530,1,2,1,1.0,4,93008,M,,,93
201300041127,13,11,14,1525,1,2,1,8.0,6,93008,M,,,93
201300041128,13,12,10,2000,5,2,1,1.0,6,93008,M,,,93
201300041129,13,12,11,2030,5,2,1,1.0,4,93008,M,,,93
201300041130,13,12,12,1315,1,2,6,1.0,6,93008,M,,,93
201300041131,13,12,13,928,1,2,1,1.0,6,93008,M,,,93
201300041132,13,12,17,1350,1,2,1,1.0,4,93008,M,,,93
201300041133,13,12,20,1730,5,2,8,1.0,6,93008,M,,,93
201300041134,13,12,30,520,5,2,6,1.0,6,93008,M,,,93
201300041135,13,12,30,850,1,2,1,1.0,3,93008,M,,,93
201300041136,13,1,11,1230,1,2,1,1.0,7,93010,M,,,93
201300041137,13,1,14,2010,5,2,1,4.0,3,93057,M,,,93
201300041138,13,1,13,1610,1,2,1,1.0,6,93010,M,,,93
201300041139,13,1,19,1125,1,2,1,4.0,3,93010,M,,,93
201300041140,13,1,29,1100,1,2,3,3.0,3,93057,M,,,93
201300041141,13,2,1,2020,5,2,1,8.0,6,93057,M,,,93
201300041142,13,2,8,1810,5,2,1,2.0,6,93057,M,,,93
201300041143,13,2,10,1845,5,2,5,4.0,6,93010,M,,,93
201300041144,13,2,13,1020,1,2,3,8.0,6,93057,M,,,93
201300041145,13,2,14,2030,5,2,1,2.0,6,93010,M,,,93
201300041146,13,2,21,1150,1,2,2,1.0,6,93010,M,,,93
201300041147,13,3,8,1650,1,2,3,1.0,1,93010,M,,,93
201300041148,13,3,14,45,5,2,2,9.0,3,93057,M,,,93
201300041149,13,3,14,340,5,2,1,9.0,3,93057,M,,,93
201300041150,13,3,15,905,1,2,1,1.0,3,93057,M,,,93
201300041151,13,3,17,555,5,2,1,8.0,6,93010,M,,,93
201300041152,13,3,21,925,1,2,1,2.0,6,93010,M,,,93
201300041153,13,3,22,835,1,2,3,1.0,6,93010,M,,,93
201300041154,13,3,27,1030,1,2,1,1.0,5,93010,M,,,93
201300041155,13,3,31,2330,5,2,2,1.0,3,93010,M,,,93
201300041156,13,4,2,1650,1,2,1,1.0,6,93057,M,,,93
201300041157,13,4,5,800,1,2,7,2.0,6,93010,M,,,93
201300041158,13,4,7,635,2,2,3,1.0,5,93010,M,,,93
201300041159,13,4,8,1605,1,2,3,1.0,2,93057,M,,,93
201300041160,13,4,18,840,1,2,1,1.0,2,93057,M,,,93
201300041161,13,4,18,1000,1,2,4,1.0,5,93010,M,,,93
201300041162,13,4,21,155,5,2,3,1.0,3,93057,M,,,93
201300041163,13,4,21,1905,1,2,1,1.0,6,93010,M,,,93
201300041164,13,4,22,2035,2,2,1,1.0,6,93057,M,,,93
201300041165,13,4,24,815,1,2,6,1.0,7,93057,M,,,93
201300041166,13,4,24,1600,1,2,3,7.0,3,93010,M,,,93
201300041167,13,4,25,1800,1,2,3,1.0,3,93057,M,,,93
201300041168,13,4,29,1020,1,2,2,1.0,3,93010,M,,,93
201300041169,13,4,29,1100,1,2,1,1.0,6,93010,M,,,93
201300041170,13,5,3,1455,1,2,1,1.0,6,93057,M,,,93
201300041171,13,5,3,1655,1,2,3,1.0,3,93010,M,,,93
201300041172,13,5,5,25,5,2,1,1.0,2,93057,M,,,93
201300041173,13,5,7,1600,1,2,1,1.0,6,93057,M,,,93
201300041174,13,5,12,955,1,2,1,1.0,6,93010,M,,,93
201300041175,13,5,13,1840,1,2,1,1.0,6,93010,M,,,93
201300041176,13,5,18,1535,1,2,1,8.0,4,93010,M,,,93
201300041177,13,5,22,1330,1,2,1,2.0,6,93010,M,,,93
201300041178,13,5,24,1225,1,2,1,2.0,6,93057,M,,,93
201300041179,13,5,27,1750,1,2,1,1.0,6,93010,M,,,93
201300041180,13,5,28,1200,1,2,2,3.0,6,93010,M,,,93
201300041181,13,5,28,1446,1,2,4,2.0,3,93010,M,,,93
201300041182,13,5,29,2010,2,2,1,1.0,6,93057,M,,,93
201300041183,13,5,30,1730,1,1,3,3.0,6,93010,M,,,93
201300041184,13,5,31,1835,1,2,1,1.0,3,93010,M,,,93
201300041185,13,6,1,1200,1,2,2,1.0,3,93057,M,,,93
201300041186,13,6,2,1210,1,2,1,1.0,3,93010,M,,,93
201300041187,13,6,4,855,1,1,2,1.0,1,93010,M,,,93
201300041188,13,6,4,1920,1,2,9,1.0,6,93010,M,,,93
201300041189,13,6,6,1805,1,2,1,1.0,7,93010,M,,,93
201300041190,13,6,10,2015,1,2,1,1.0,6,93010,M,,,93
201300041191,13,6,14,1814,1,2,9,1.0,6,93057,M,,,93
201300041192,13,6,28,830,1,2,1,8.0,2,93057,M,,,93
201300041193,13,7,5,1030,1,2,9,1.0,3,93057,M,,,93
201300041194,13,7,7,325,5,2,1,1.0,6,93010,M,,,93
201300041195,13,7,12,1600,1,2,3,1.0,3,93010,M,,,93
201300041196,13,7,17,1300,1,2,1,9.0,6,93010,M,,,93
201300041197,13,7,20,1415,1,2,1,1.0,6,93010,M,,,93
201300041198,13,7,22,1850,1,2,4,1.0,3,93010,M,,,93
201300041199,13,7,24,1900,1,2,1,7.0,3,93010,M,,,93
201300041200,13,7,26,1015,1,2,2,8.0,6,93057,M,,,93
201300041201,13,7,26,2255,3,2,1,1.0,6,93010,M,,,93
201300041202,13,8,2,1350,1,2,3,1.0,1,93010,M,,,93
201300041203,13,8,16,1710,1,2,1,1.0,6,93010,M,,,93
201300041204,13,8,20,1130,1,2,1,1.0,2,93057,M,,,93
201300041205,13,8,21,2145,5,2,1,1.0,3,93057,M,,,93
201300041206,13,8,24,145,5,2,1,1.0,6,93057,M,,,93
201300041207,13,8,24,2005,1,2,1,8.0,2,93010,M,,,93
201300041208,13,8,28,1105,1,2,1,1.0,3,93010,M,,,93
201300041209,13,9,1,1800,1,2,1,1.0,6,93010,M,,,93
201300041210,13,9,9,845,1,2,1,1.0,3,93010,M,,,93
201300041211,13,9,9,1955,2,2,1,1.0,2,93010,M,,,93
201300041212,13,9,13,2020,5,2,1,2.0,1,93010,M,,,93
201300041213,13,9,19,1730,1,2,1,1.0,6,93010,M,,,93
201300041214,13,10,3,845,1,2,7,1.0,6,93010,M,,,93
201300041215,13,10,6,1415,1,2,9,1.0,1,93057,M,,,93
201300041216,13,10,7,945,1,2,1,1.0,2,93010,M,,,93
201300041217,13,10,6,2345,5,2,1,1.0,1,93010,M,,,93
201300041218,13,10,13,1950,5,2,1,1.0,2,93057,M,,,93
201300041219,13,11,3,1330,1,2,5,1.0,1,93057,M,,,93
201300041220,13,11,4,2007,5,2,1,1.0,1,93010,M,,,93
201300041221,13,11,6,1430,1,2,2,8.0,3,93010,M,,,93
201300041222,13,11,6,1915,5,2,2,8.0,3,93057,M,,,93
201300041223,13,11,6,2345,5,2,1,2.0,6,93057,M,,,93
201300041224,13,11,10,1720,5,2,1,1.0,6,93057,M,,,93
201300041225,13,11,12,1710,5,2,2,2.0,1,93057,M,,,93
201300041226,13,11,17,1710,5,2,1,1.0,6,93010,M,,,93
201300041227,13,11,19,859,1,2,1,2.0,2,93057,M,,,93
201300041228,13,11,19,1950,5,2,1,8.0,3,93057,M,,,93
201300041229,13,11,21,1610,1,2,1,2.0,6,93010,M,,,93
201300041230,13,11,24,1330,1,1,5,1.0,1,93010,M,,,93
201300041231,13,11,26,805,1,2,1,8.0,2,93010,M,,,93
201300041232,13,11,27,1955,2,1,1,1.0,5,93057,M,,,93
201300041233,13,11,28,1740,3,2,1,2.0,6,93010,M,,,93
201300041234,13,11,29,818,1,2,9,8.0,6,93057,M,,,93
201300041235,13,12,1,2245,5,2,3,9.0,2,93010,M,,,93
201300041236,13,12,3,1915,5,2,3,1.0,3,93010,M,,,93
201300041237,13,12,5,1800,5,2,1,1.0,6,93057,M,,,93
201300041238,13,12,6,2135,5,2,1,1.0,6,93010,M,,,93
201300041239,13,12,9,920,1,2,1,1.0,2,93010,M,,,93
201300041240,13,12,9,1355,1,2,2,1.0,3,93057,M,,,93
201300041241,13,12,12,1550,1,2,1,1.0,2,93010,M,,,93
201300041242,13,12,16,1050,1,2,1,7.0,6,93057,M,,,93
201300041243,13,12,18,1225,1,2,1,1.0,1,93057,M,,,93
201300041244,13,12,18,1250,1,2,1,1.0,4,93057,M,,,93
201300041245,13,12,31,2040,5,2,1,2.0,6,93010,M,,,93
201300041246,13,1,7,1550,1,2,2,1.0,3,93047,M,,,93
201300041247,13,1,9,1750,5,2,1,2.0,6,93014,M,,,93
201300041248,13,1,15,2100,5,2,1,2.0,2,93014,M,,,93
201300041249,13,1,17,1345,1,2,1,1.0,6,93014,M,,,93
201300041250,13,1,18,2000,5,2,1,4.0,3,93047,M,,,93
201300041251,13,1,21,740,2,2,1,4.0,6,93014,M,,,93
201300041252,13,1,31,1325,1,2,1,8.0,3,93047,M,,,93
201300041253,13,1,31,1840,5,2,2,1.0,3,93047,M,,,93
201300041254,13,2,21,2045,5,2,9,1.0,1,93014,M,,,93
201300041255,13,2,26,1900,5,2,2,1.0,3,93047,M,,,93
201300041256,13,2,27,1630,1,2,6,1.0,3,93047,M,,,93
201300041257,13,3,7,1605,1,2,2,1.0,3,93047,M,,,93
201300041258,13,3,27,1035,1,2,3,1.0,1,93047,M,,,93
201300041259,13,3,30,1345,1,2,3,1.0,3,93014,M,,,93
201300041260,13,4,17,1610,1,2,1,1.0,1,93047,M,,,93
201300041261,13,4,20,1400,1,2,1,1.0,6,93047,M,,,93
201300041262,13,4,20,1650,1,2,1,1.0,1,93014,M,,,93
201300041263,13,5,16,1120,1,2,1,8.0,6,93014,M,,,93
201300041264,13,5,30,840,1,2,2,3.0,3,93014,M,,,93
201300041265,13,5,30,1510,1,2,1,2.0,3,93047,M,,,93
201300041266,13,6,1,1545,1,2,1,1.0,3,93014,M,,,93
201300041267,13,6,8,1315,1,2,2,1.0,3,93047,M,,,93
201300041268,13,6,9,2020,1,2,1,2.0,6,93014,M,,,93
201300041269,13,6,12,815,1,2,1,1.0,6,93014,M,,,93
201300041270,13,6,15,1300,1,2,2,1.0,7,93047,M,,,93
201300041271,13,6,22,1430,1,2,1,2.0,3,93014,M,,,93
201300041272,13,6,25,1415,1,2,1,1.0,6,93047,M,,,93
201300041273,13,6,25,1750,1,2,1,1.0,7,93014,M,,,93
201300041274,13,6,27,820,1,2,1,2.0,2,93014,M,,,93
201300041275,13,7,2,1235,1,2,2,1.0,3,93047,M,,,93
201300041276,13,7,7,1450,1,2,1,1.0,6,93014,M,,,93
201300041277,13,7,24,1535,1,2,1,1.0,6,93014,M,,,93
201300041278,13,8,4,310,5,2,3,1.0,3,93047,M,,,93
201300041279,13,8,2,1320,1,2,1,1.0,6,93014,M,,,93
201300041280,13,8,16,2025,1,2,4,1.0,3,93047,M,,,93
201300041281,13,8,30,2000,1,2,1,1.0,7,93014,M,,,93
201300041282,13,9,5,1810,1,2,1,1.0,6,93014,M,,,93
201300041283,13,9,7,1435,1,2,6,1.0,3,93047,M,,,93
201300041284,13,9,18,55,3,2,1,2.0,6,93014,M,,,93
201300041285,13,10,3,805,1,2,3,1.0,3,93047,M,,,93
201300041286,13,10,8,1005,1,2,2,1.0,2,93014,M,,,93
201300041287,13,10,8,1535,1,2,3,1.0,6,93014,M,,,93
201300041288,13,10,12,1830,1,2,1,1.0,1,93014,M,,,93
201300041289,13,10,13,1435,1,2,3,1.0,3,93047,M,,,93
201300041290,13,10,16,1905,5,2,2,8.0,3,93047,M,,,93
201300041291,13,10,23,1200,1,2,1,1.0,2,93014,M,,,93
201300041292,13,10,3,1650,1,2,1,2.0,6,93047,M,,,93
201300041293,13,10,12,100,5,2,1,2.0,6,93014,M,,,93
201300041294,13,10,21,1640,1,2,1,1.0,6,93014,M,,,93
201300041295,13,10,25,1910,5,2,1,2.0,5,93014,M,,,93
201300041296,13,10,26,1425,1,2,1,1.0,3,93047,M,,,93
201300041297,13,10,31,1930,5,2,1,1.0,6,93047,M,,,93
201300041298,13,11,9,900,1,2,4,1.0,3,93047,M,,,93
201300041299,13,11,11,1715,3,2,1,1.0,3,93014,M,,,93
201300041300,13,11,14,1730,5,2,1,2.0,6,93014,M,,,93
201300041301,13,11,21,840,1,2,1,2.0,6,93047,M,,,93
201300041302,13,12,8,1810,5,2,1,1.0,4,93014,M,,,93
201300041303,13,12,19,1945,5,2,1,8.0,6,93014,M,,,93
201300041304,13,12,21,2115,5,2,1,1.0,6,93014,M,,,93
201300041305,13,12,22,1110,1,2,2,1.0,3,93014,M,,,93
201300041306,13,1,12,120,5,2,1,1.0,6,93013,M,,,93
201300041307,13,1,27,700,5,2,1,2.0,6,93027,M,,,93
201300041308,13,8,21,20,5,2,1,1.0,6,93027,M,,,93
201300041309,13,8,29,1630,1,2,1,1.0,6,93030,M,,,93
201300041310,13,8,29,1950,1,2,3,1.0,3,93013,M,,,93
201300041311,13,1,1,720,2,2,1,3.0,4,93027,M,,,93
201300041312,13,1,7,1200,1,2,3,1.0,6,93013,M,,,93
201300041313,13,1,14,857,1,2,2,9.0,2,93027,M,,,93
201300041314,13,1,17,2015,5,2,1,1.0,6,93027,M,,,93
201300041315,13,1,18,1340,1,2,8,8.0,7,93027,M,,,93
201300041316,13,1,30,1135,1,2,1,3.0,3,93027,M,,,93
201300041317,13,1,30,920,1,2,1,2.0,6,93013,M,,,93
201300041318,13,2,2,1300,1,2,2,1.0,6,93027,M,,,93
201300041319,13,2,7,1400,1,2,1,1.0,6,93027,M,,,93
201300041320,13,2,8,10,5,2,1,2.0,6,93027,M,,,93
201300041321,13,2,12,1705,1,2,1,1.0,6,93027,M,,,93