Num_Acc,an,mois,jour,hrmn,lum,agg,int,atm,col,com,gps,lat,long,dep
201300041322,13,2,14,740,2,2,3,2.0,1,93013,M,,,93
201300041323,13,2,15,1100,1,2,6,1.0,3,93027,M,,,93
201300041324,13,2,16,1845,5,2,1,1.0,7,93027,M,,,93
201300041325,13,3,16,1530,1,2,1,1.0,2,93030,M,,,93
201300041326,13,3,25,1047,1,2,1,1.0,4,93027,M,,,93
201300041327,13,3,27,1615,1,2,1,1.0,2,93027,M,,,93
201300041328,13,3,28,1037,1,2,1,1.0,2,93027,M,,,93
201300041329,13,3,28,2315,5,2,1,1.0,6,93013,M,,,93
201300041330,13,3,29,1920,2,2,1,1.0,6,93027,M,,,93
201300041331,13,4,1,1700,1,2,1,1.0,3,93027,M,,,93
201300041332,13,4,4,1120,1,2,9,1.0,7,93027,M,,,93
201300041333,13,4,6,210,5,2,6,1.0,6,93027,M,,,93
201300041334,13,4,7,1300,1,2,3,1.0,1,93027,M,,,93
201300041335,13,4,8,1100,1,2,1,1.0,6,93027,M,,,93
201300041336,13,4,15,745,1,2,1,1.0,6,93027,M,,,93
201300041337,13,5,6,2210,5,2,1,1.0,2,93030,M,,,93
201300041338,13,5,16,805,1,2,1,1.0,6,93027,M,,,93
201300041339,13,5,17,1230,1,2,1,1.0,3,93013,M,,,93
201300041340,13,5,22,805,1,2,1,1.0,6,93013,M,,,93
201300041341,13,8,29,1540,1,2,3,1.0,2,93027,M,,,93
201300041342,13,5,25,2210,5,2,3,1.0,3,93013,M,,,93
201300041343,13,8,31,2100,5,2,3,1.0,6,93027,M,,,93
201300041344,13,5,28,2020,1,2,3,1.0,6,93013,M,,,93
201300041345,13,5,31,736,1,2,1,1.0,6,93027,M,,,93
201300041346,13,9,9,1610,1,2,2,2.0,3,93013,M,,,93
201300041347,13,6,4,245,5,2,1,1.0,6,93027,M,,,93
201300041348,13,6,4,1900,1,2,1,1.0,6,93013,M,,,93
201300041349,13,9,15,5,5,2,1,8.0,6,93027,M,,,93
201300041350,13,6,8,1343,1,2,1,1.0,6,93027,M,,,93
201300041351,13,9,17,1535,1,2,1,1.0,6,93027,M,,,93
201300041352,13,6,14,725,1,2,6,1.0,3,93013,M,,,93
201300041353,13,9,17,2000,5,2,3,2.0,2,93013,M,,,93
201300041354,13,10,22,1145,1,2,2,1.0,3,93027,M,,,93
201300041355,13,6,16,1310,1,2,4,1.0,3,93013,M,,,93
201300041356,13,6,18,1930,1,2,3,1.0,3,93027,M,,,93
201300041357,13,6,18,2000,1,2,1,1.0,3,93027,M,,,93
201300041358,13,6,19,1430,1,2,1,1.0,4,93027,M,,,93
201300041359,13,6,21,1530,1,2,1,1.0,6,93030,M,,,93
201300041360,13,6,22,420,5,2,1,1.0,2,93027,M,,,93
201300041361,13,7,3,1540,1,2,1,1.0,6,93030,M,,,93
201300041362,13,7,4,1715,1,2,2,1.0,6,93013,M,,,93
201300041363,13,7,4,1930,1,2,1,1.0,3,93027,M,,,93
201300041364,13,7,10,1950,1,2,1,7.0,2,93027,M,,,93
201300041365,13,7,11,1900,1,2,1,1.0,7,93027,M,,,93
201300041366,13,7,12,1620,1,2,2,1.0,6,93027,M,,,93
201300041367,13,7,13,1600,1,2,2,1.0,3,93027,M,,,93
201300041368,13,7,16,1720,1,2,6,1.0,6,93027,M,,,93
201300041369,13,7,22,1345,1,2,1,1.0,6,93027,M,,,93
201300041370,13,7,24,2300,5,2,1,1.0,6,93027,M,,,93
201300041371,13,7,28,1354,1,2,1,1.0,3,93027,M,,,93
201300041372,13,7,31,330,5,2,2,1.0,3,93027,M,,,93
201300041373,13,8,2,1200,1,2,1,1.0,6,93030,M,,,93
201300041374,13,8,4,2150,5,2,1,1.0,3,93027,M,,,93
201300041375,13,8,11,2030,1,2,6,1.0,3,93027,M,,,93
201300041376,13,8,11,2250,5,2,6,1.0,3,93027,M,,,93
201300041377,13,8,12,1920,1,2,3,1.0,3,93030,M,,,93
201300041378,13,8,14,1715,1,2,1,1.0,3,93013,M,,,93
201300041379,13,8,22,2200,5,2,9,1.0,6,93013,M,,,93
201300041380,13,8,22,2245,3,2,1,1.0,3,93027,M,,,93
201300041381,13,8,27,710,2,2,1,1.0,6,93027,M,,,93
201300041382,13,8,29,1515,1,2,1,1.0,1,93027,M,,,93
201300041383,13,8,30,100,5,2,3,1.0,6,93027,M,,,93
201300041384,13,8,31,950,1,2,2,1.0,3,93027,M,,,93
201300041385,13,9,6,1800,1,2,1,1.0,6,93013,M,,,93
201300041386,13,9,12,1335,1,2,2,1.0,3,93027,M,,,93
201300041387,13,9,22,125,5,2,2,1.0,3,93027,M,,,93
201300041388,13,9,23,1845,1,2,1,1.0,6,93013,M,,,93
201300041389,13,9,24,957,1,2,2,1.0,3,93027,M,,,93
201300041390,13,9,24,2151,5,1,1,1.0,6,93027,M,,,93
201300041391,13,10,2,630,5,2,1,1.0,7,93027,M,,,93
201300041392,13,10,4,1315,1,2,4,1.0,6,93013,M,,,93
201300041393,13,10,7,1455,1,2,3,1.0,3,93027,M,,,93
201300041394,13,10,11,625,5,2,1,2.0,6,93027,M,,,93
201300041395,13,10,16,2105,5,2,2,2.0,6,93013,M,,,93
201300041396,13,10,18,2005,5,2,1,1.0,6,93013,M,,,93
201300041397,13,10,26,1900,5,2,2,1.0,6,93013,M,,,93
201300041398,13,10,29,1845,5,2,1,2.0,6,93013,M,,,93
201300041399,13,10,31,2130,5,2,1,2.0,3,93030,M,,,93
201300041400,13,11,6,1525,1,2,1,8.0,3,93013,M,,,93
201300041401,13,11,9,2030,5,2,1,1.0,6,93027,M,,,93
201300041402,13,11,10,2254,5,2,1,1.0,2,93013,M,,,93
201300041403,13,11,29,1745,5,2,1,2.0,6,93027,M,,,93
201300041404,13,12,1,1750,5,2,9,1.0,6,93013,M,,,93
201300041405,13,12,3,1105,1,2,1,1.0,6,93013,M,,,93
201300041406,13,12,9,1515,1,2,1,1.0,2,93027,M,,,93
201300041407,13,12,2,1630,1,2,1,1.0,6,93027,M,,,93
201300041408,13,12,12,1835,5,2,1,1.0,3,93030,M,,,93
201300041409,13,12,17,1840,5,2,1,1.0,6,93027,M,,,93
201300041410,13,12,25,1304,1,2,7,2.0,3,93027,M,,,93
201300041411,13,12,27,2237,3,2,1,3.0,6,93027,M,,,93
201300041412,13,1,3,830,1,2,3,2.0,3,93029,M,,,93
201300041413,13,1,5,2135,5,2,2,1.0,1,93029,M,,,93
201300041414,13,1,6,155,5,2,2,2.0,3,93029,M,,,93
201300041415,13,1,14,905,1,2,1,1.0,6,93029,M,,,93
201300041416,13,1,17,830,1,2,7,1.0,6,93029,M,,,93
201300041417,13,1,17,1930,5,2,1,1.0,6,93029,M,,,93
201300041418,13,1,24,1830,5,2,1,1.0,6,93029,M,,,93
201300041419,13,2,6,955,1,2,1,2.0,6,93029,M,,,93
201300041420,13,2,9,1650,1,2,3,1.0,6,93029,M,,,93
201300041421,13,2,14,920,1,2,1,2.0,6,93029,M,,,93
201300041422,13,2,15,1625,1,2,1,1.0,2,93029,M,,,93
201300041423,13,2,17,1450,1,2,2,1.0,3,93029,M,,,93
201300041424,13,2,23,1335,1,2,1,1.0,6,93029,M,,,93
201300041425,13,3,3,2100,5,2,9,1.0,6,93029,M,,,93
201300041426,13,3,6,1020,5,2,1,1.0,6,93029,M,,,93
201300041427,13,3,9,1035,1,2,1,1.0,3,93029,M,,,93
201300041428,13,3,19,1030,1,2,3,1.0,2,93029,M,,,93
201300041429,13,3,29,1705,1,2,3,1.0,1,93029,M,,,93
201300041430,13,4,8,1015,1,2,1,1.0,4,93029,M,,,93
201300041431,13,4,15,1600,1,2,1,7.0,6,93029,M,,,93
201300041432,13,4,19,1645,1,2,3,2.0,3,93029,M,,,93
201300041433,13,4,27,1425,1,2,1,1.0,1,93029,M,,,93
201300041434,13,4,28,1325,1,2,1,1.0,6,93029,M,,,93
201300041435,13,4,30,1115,1,2,3,1.0,6,93029,M,,,93
201300041436,13,4,30,1250,1,2,2,1.0,3,93029,M,,,93
201300041437,13,5,1,10,5,2,1,1.0,3,93029,M,,,93
201300041438,13,5,2,2225,5,2,6,2.0,6,93029,M,,,93
201300041439,13,5,5,400,5,2,1,1.0,6,93029,M,,,93
201300041440,13,5,12,1055,1,2,1,1.0,2,93029,M,,,93
201300041441,13,5,23,1710,1,2,1,2.0,6,93029,M,,,93
201300041442,13,5,25,1430,1,2,3,1.0,3,93029,M,,,93
201300041443,13,5,27,1210,1,2,1,1.0,6,93029,M,,,93
201300041444,13,6,2,1945,1,2,1,1.0,6,93029,M,,,93
201300041445,13,6,3,2010,2,2,1,1.0,2,93029,M,,,93
201300041446,13,6,7,2230,5,2,1,1.0,3,93029,M,,,93
201300041447,13,6,11,1520,1,2,1,1.0,1,93029,M,,,93
201300041448,13,7,3,840,1,2,2,2.0,3,93029,M,,,93
201300041449,13,7,5,2045,1,2,6,1.0,2,93029,M,,,93
201300041450,13,7,9,1110,1,2,1,1.0,6,93029,M,,,93
201300041451,13,7,10,1750,1,2,2,1.0,3,93029,M,,,93
201300041452,13,7,17,1145,1,2,3,1.0,2,93029,M,,,93
201300041453,13,7,21,1800,1,2,1,1.0,6,93029,M,,,93
201300041454,13,7,23,640,1,2,1,1.0,6,93029,M,,,93
201300041455,13,7,23,1450,1,2,2,2.0,6,93029,M,,,93
201300041456,13,7,30,915,1,2,2,1.0,1,93029,M,,,93
201300041457,13,8,3,1755,1,2,2,1.0,3,93029,M,,,93
201300041458,13,8,6,740,1,2,1,1.0,2,93029,M,,,93
201300041459,13,8,14,1115,1,2,1,1.0,6,93029,M,,,93
201300041460,13,8,15,50,5,2,1,1.0,3,93029,M,,,93
201300041461,13,8,17,620,2,2,1,1.0,6,93029,M,,,93
201300041462,13,8,20,845,1,2,2,1.0,6,93029,M,,,93
201300041463,13,9,1,300,5,2,1,1.0,6,93029,M,,,93
201300041464,13,9,7,800,1,2,1,1.0,6,93029,M,,,93
201300041465,13,9,7,2237,5,2,2,1.0,3,93029,M,,,93
201300041466,13,9,15,1000,1,2,2,1.0,6,93029,M,,,93
201300041467,13,10,1,2000,5,2,1,1.0,6,93029,M,,,93
201300041468,13,10,10,1800,2,2,1,1.0,2,93029,M,,,93
201300041469,13,10,12,1615,1,2,7,1.0,7,93029,M,,,93
201300041470,13,10,15,1515,1,2,1,1.0,6,93029,M,,,93
201300041471,13,10,27,1450,1,2,1,1.0,6,93029,M,,,93
201300041472,13,11,10,1550,1,2,1,1.0,6,93029,M,,,93
201300041473,13,11,14,1530,1,2,1,2.0,2,93029,M,,,93
201300041474,13,11,18,1620,2,2,3,1.0,3,93029,M,,,93
201300041475,13,11,18,1850,5,2,3,1.0,3,93029,M,,,93
201300041476,13,11,18,1920,5,2,2,1.0,3,93029,M,,,93
201300041477,13,11,24,1543,1,2,1,1.0,7,93029,M,,,93
201300041478,13,11,25,1018,1,2,1,1.0,6,93029,M,,,93
201300041479,13,11,26,1935,5,2,3,1.0,3,93029,M,,,93
201300041480,13,12,3,1045,1,2,1,1.0,6,93029,M,,,93
201300041481,13,12,5,705,2,2,2,1.0,3,93029,M,,,93
201300041482,13,12,7,2037,5,2,9,1.0,3,93029,M,,,93
201300041483,13,12,13,2215,5,2,1,2.0,1,93029,M,,,93
201300041484,13,12,15,1730,5,2,3,1.0,3,93029,M,,,93
201300041485,13,12,21,1355,1,2,1,1.0,3,93029,M,,,93
201300041486,13,12,24,1900,5,2,3,2.0,6,93029,M,,,93
201300041487,13,12,30,650,5,2,1,1.0,6,93029,M,,,93
201300041488,13,1,2,1230,1,2,1,1.0,6,93031,M,,,93
201300041489,13,1,9,1845,5,2,1,2.0,3,93031,M,,,93
201300041490,13,1,19,1250,1,2,1,4.0,6,93079,M,,,93
201300041491,13,1,27,2215,5,2,1,1.0,3,93031,M,,,93
201300041492,13,1,30,845,1,2,2,2.0,3,93031,M,,,93
201300041493,13,2,5,1125,1,2,1,1.0,3,93031,M,,,93
201300041494,13,2,11,1805,2,2,1,1.0,6,93031,M,,,93
201300041495,13,2,18,920,1,2,1,1.0,3,93031,M,,,93
201300041496,13,2,19,1235,1,2,1,1.0,6,93031,M,,,93
201300041497,13,2,26,1250,1,2,1,1.0,6,93079,M,,,93
201300041498,13,2,26,2130,5,2,1,1.0,6,93031,M,,,93
201300041499,13,2,28,1325,1,2,9,1.0,6,93031,M,,,93
201300041500,13,3,16,1825,1,2,1,2.0,6,93031,M,,,93
201300041501,13,3,18,700,1,2,6,1.0,6,93079,M,,,93
201300041502,13,3,26,1915,4,2,1,1.0,6,93031,M,,,93
201300041503,13,3,31,1845,1,2,1,1.0,3,93031,M,,,93
201300041504,13,4,1,1510,1,2,1,1.0,3,93079,M,,,93
201300041505,13,4,1,2300,5,2,9,1.0,6,93031,M,,,93
201300041506,13,4,3,1620,1,2,1,1.0,6,93031,M,,,93
201300041507,13,4,5,725,2,2,1,2.0,6,93031,M,,,93
201300041508,13,4,13,1205,1,2,1,1.0,3,93079,M,,,93
201300041509,13,4,14,1400,1,2,1,1.0,3,93079,M,,,93
201300041510,13,4,17,925,1,2,3,1.0,3,93031,M,,,93
201300041511,13,4,19,1400,1,2,1,2.0,2,93079,M,,,93
201300041512,13,4,19,2010,2,2,3,1.0,6,93031,M,,,93
201300041513,13,5,6,1935,1,2,1,1.0,6,93031,M,,,93
201300041514,13,5,6,1920,1,2,3,1.0,6,93031,M,,,93
201300041515,13,5,9,1620,1,2,1,1.0,2,93031,M,,,93
201300041516,13,5,16,1825,1,2,1,1.0,6,93031,M,,,93
201300041517,13,5,20,2150,5,2,1,3.0,2,93079,M,,,93
201300041518,13,5,24,1100,1,2,1,3.0,3,93031,M,,,93
201300041519,13,6,1,645,1,2,1,1.0,6,93079,M,,,93
201300041520,13,6,6,730,1,2,3,1.0,3,93031,M,,,93
201300041521,13,6,6,1700,1,2,3,1.0,7,93031,M,,,93
201300041522,13,6,12,920,1,2,1,1.0,1,93079,M,,,93
201300041523,13,6,20,1900,1,2,1,1.0,7,93079,M,,,93
201300041524,13,6,22,1130,1,2,3,2.0,3,93031,M,,,93
201300041525,13,6,24,310,5,2,2,1.0,3,93031,M,,,93
201300041526,13,6,24,1105,1,2,1,1.0,6,93031,M,,,93
201300041527,13,6,27,820,1,2,1,2.0,3,93079,M,,,93
201300041528,13,6,28,1100,1,2,3,2.0,3,93031,M,,,93
201300041529,13,7,5,2030,1,2,2,1.0,3,93031,M,,,93
201300041530,13,7,9,1930,1,2,1,1.0,1,93079,M,,,93
201300041531,13,7,11,2030,1,2,1,1.0,6,93031,M,,,93
201300041532,13,7,13,1300,1,2,1,1.0,2,93079,M,,,93
201300041533,13,7,13,2325,5,2,1,1.0,5,93031,M,,,93
201300041534,13,7,16,1320,1,2,1,1.0,1,93031,M,,,93
201300041535,13,7,22,1035,1,2,2,1.0,3,93079,M,,,93
201300041536,13,7,24,1630,1,2,1,1.0,3,93031,M,,,93
201300041537,13,7,27,1135,1,2,3,1.0,7,93031,M,,,93
201300041538,13,8,5,1950,1,2,3,1.0,3,93031,M,,,93
201300041539,13,8,22,1340,1,2,1,1.0,6,93079,M,,,93
201300041540,13,8,27,1715,1,2,3,1.0,2,93031,M,,,93
201300041541,13,9,3,1520,1,2,4,1.0,2,93031,M,,,93
201300041542,13,9,5,1930,1,2,1,1.0,2,93031,M,,,93
201300041543,13,9,17,2100,5,2,2,2.0,3,93079,M,,,93
201300041544,13,9,26,810,1,2,1,1.0,6,93031,M,,,93
201300041545,13,9,28,1415,1,2,1,1.0,4,93031,M,,,93
201300041546,13,9,29,630,2,2,4,2.0,3,93031,M,,,93
201300041547,13,9,29,1950,3,2,1,2.0,6,93031,M,,,93
201300041548,13,10,6,220,5,2,3,1.0,1,93031,M,,,93
201300041549,13,10,9,620,5,2,3,1.0,6,93031,M,,,93
201300041550,13,10,9,825,2,2,3,8.0,3,93079,M,,,93
201300041551,13,10,23,1955,5,2,3,1.0,5,93031,M,,,93
201300041552,13,10,26,1106,1,2,1,1.0,6,93031,M,,,93
201300041553,13,10,30,1720,2,2,1,1.0,5,93031,M,,,93
201300041554,13,11,3,1745,5,2,1,1.0,3,93031,M,,,93
201300041555,13,11,8,1925,5,2,3,1.0,3,93031,M,,,93
201300041556,13,11,13,1905,5,2,1,1.0,6,93079,M,,,93
201300041557,13,11,18,910,1,2,1,1.0,6,93031,M,,,93
201300041558,13,11,18,1425,1,2,3,1.0,6,93031,M,,,93
201300041559,13,11,22,1225,1,2,1,1.0,6,93031,M,,,93
201300041560,13,11,27,1330,1,2,1,1.0,6,93031,M,,,93
201300041561,13,11,28,1815,5,2,9,2.0,6,93031,M,,,93
201300041562,13,11,29,1655,5,2,3,2.0,3,93031,M,,,93
201300041563,13,12,3,1445,1,2,1,1.0,1,93079,M,,,93
201300041564,13,12,6,1540,1,2,1,1.0,3,93031,M,,,93
201300041565,13,12,11,742,1,2,1,1.0,2,93031,M,,,93
201300041566,13,12,19,1825,5,2,1,1.0,3,93031,M,,,93
201300041567,13,12,19,1830,2,2,1,1.0,6,93031,M,,,93
201300041568,13,12,24,1510,1,2,2,6.0,6,93031,M,,,93
201300041569,13,12,29,1815,5,2,3,1.0,3,93031,M,,,93
201300041570,13,12,29,2005,5,2,1,1.0,2,93031,M,,,93
201300041571,13,1,25,1330,1,2,2,1.0,3,93032,M,,,93
201300041572,13,1,28,947,1,2,2,1.0,3,93032,M,,,93
201300041573,13,1,28,1150,1,2,1,1.0,6,93032,M,,,93
201300041574,13,1,29,1845,5,2,3,2.0,6,93032,M,,,93
201300041575,13,2,16,420,5,2,1,1.0,6,93032,M,,,93
201300041576,13,2,24,1505,1,2,2,4.0,5,93032,M,,,93
201300041577,13,2,26,1700,1,2,1,1.0,6,93032,M,,,93
201300041578,13,3,5,1345,1,2,1,1.0,3,93032,M,,,93
201300041579,13,3,15,1110,1,2,2,1.0,3,93032,M,,,93
201300041580,13,3,21,835,1,2,1,1.0,3,93032,M,,,93
201300041581,13,3,21,1940,5,2,2,1.0,3,93032,M,,,93
201300041582,13,3,23,1630,1,2,1,1.0,1,93032,M,,,93
201300041583,13,3,26,1730,1,2,2,1.0,3,93032,M,,,93
201300041584,13,3,28,1810,1,2,1,1.0,6,93032,M,,,93
201300041585,13,4,18,1515,1,2,1,1.0,6,93032,M,,,93
201300041586,13,4,26,1800,1,2,6,2.0,6,93032,M,,,93
201300041587,13,4,26,1835,1,2,3,2.0,3,93032,M,,,93
201300041588,13,4,29,1620,1,2,1,1.0,2,93032,M,,,93
201300041589,13,5,22,1615,1,2,1,1.0,6,93032,M,,,93
201300041590,13,5,27,1600,1,2,2,1.0,5,93032,M,,,93
201300041591,13,6,7,1000,1,2,9,1.0,6,93032,M,,,93
201300041592,13,6,7,1240,1,2,1,7.0,1,93032,M,,,93
201300041593,13,6,7,1925,1,2,1,1.0,3,93032,M,,,93
201300041594,13,6,15,2315,5,2,2,1.0,3,93032,M,,,93
201300041595,13,6,27,1940,1,2,3,1.0,3,93032,M,,,93
201300041596,13,7,12,1500,1,2,1,1.0,6,93032,M,,,93
201300041597,13,7,21,1940,1,2,2,1.0,3,93032,M,,,93
201300041598,13,8,3,1715,1,2,3,1.0,3,93032,M,,,93
201300041599,13,8,5,925,1,2,1,1.0,2,93032,M,,,93
201300041600,13,8,13,1030,1,2,3,1.0,5,93032,M,,,93
201300041601,13,8,17,300,5,2,1,1.0,6,93032,M,,,93
201300041602,13,8,19,1830,1,2,3,1.0,6,93032,M,,,93
201300041603,13,9,1,30,5,2,1,1.0,6,93032,M,,,93
201300041604,13,9,14,1605,1,2,1,2.0,6,93032,M,,,93
201300041605,13,10,7,1950,2,2,1,1.0,3,93032,M,,,93
201300041606,13,10,8,2008,5,2,3,1.0,3,93032,M,,,93
201300041607,13,10,9,1600,1,2,3,2.0,3,93032,M,,,93
201300041608,13,10,10,605,2,2,2,1.0,3,93032,M,,,93
201300041609,13,11,5,1250,1,2,1,2.0,4,93032,M,,,93
201300041610,13,11,8,1630,1,2,1,2.0,3,93032,M,,,93
201300041611,13,11,19,1500,1,2,1,1.0,6,93032,M,,,93
201300041612,13,11,24,2125,5,2,2,1.0,6,93032,M,,,93
201300041613,13,11,26,1335,1,2,3,1.0,6,93032,M,,,93
201300041614,13,12,9,1340,1,2,1,1.0,6,93032,M,,,93
201300041615,13,12,29,1850,5,2,3,1.0,3,93032,M,,,93
201300041616,13,1,4,2250,4,2,2,1.0,6,93063,M,,,93
201300041617,13,1,4,2250,5,2,4,1.0,3,93063,M,,,93
201300041618,13,1,5,1850,5,2,1,1.0,2,93063,M,,,93
201300041619,13,1,7,1830,5,2,1,1.0,6,93063,M,,,93
201300041620,13,1,8,1930,5,2,1,1.0,3,93063,M,,,93
201300041621,13,1,11,1715,2,2,2,1.0,3,93045,M,,,93
201300041622,13,1,12,1110,1,2,1,2.0,7,93045,M,,,93
201300041623,13,1,23,905,1,2,1,8.0,3,93006,M,,,93
201300041624,13,1,23,1830,5,2,1,1.0,6,93045,M,,,93
201300041625,13,1,24,755,2,2,1,1.0,6,93006,M,,,93
201300041626,13,1,28,1110,1,2,1,1.0,6,93061,M,,,93
201300041627,13,1,29,750,5,2,2,2.0,6,93063,M,,,93
201300041628,13,1,30,1645,1,2,1,1.0,3,93045,M,,,93
201300041629,13,2,6,830,1,2,1,2.0,3,93061,M,,,93
201300041630,13,2,7,1440,1,2,1,1.0,6,93045,M,,,93
201300041631,13,2,8,1720,1,2,3,1.0,3,93063,M,,,93
201300041632,13,2,9,1530,1,2,2,1.0,3,93006,M,,,93
201300041633,13,2,13,1100,1,2,4,1.0,3,93006,M,,,93
201300041634,13,2,14,2350,5,2,3,1.0,6,93061,M,,,93
201300041635,13,2,15,845,1,2,4,8.0,3,93045,M,,,93
201300041636,13,2,15,1420,1,2,1,1.0,3,93045,M,,,93
201300041637,13,2,15,1900,5,2,1,1.0,6,93063,M,,,93
201300041638,13,2,19,2310,5,2,1,1.0,6,93006,M,,,93
201300041639,13,2,26,1920,5,2,1,1.0,3,93063,M,,,93
201300041640,13,2,26,1950,5,2,1,1.0,6,93045,M,,,93
201300041641,13,2,28,1330,1,2,1,1.0,6,93045,M,,,93
201300041642,13,3,8,930,1,2,1,8.0,3,93006,M,,,93
201300041643,13,3,26,1150,1,2,1,1.0,3,93006,M,,,93
201300041644,13,4,1,1600,1,2,1,1.0,3,93063,M,,,93
201300041645,13,4,4,1250,1,2,1,8.0,6,93006,M,,,93
201300041646,13,4,7,40,5,2,2,1.0,6,93006,M,,,93
201300041647,13,4,7,2110,2,2,9,1.0,3,93006,M,,,93
201300041648,13,4,10,1920,2,2,1,2.0,6,93006,M,,,93
201300041649,13,4,13,1125,1,1,2,1.0,6,93006,M,,,93
201300041650,13,4,17,1510,1,2,2,1.0,3,93006,M,,,93
201300041651,13,4,25,2030,2,2,1,1.0,1,93006,M,,,93
201300041652,13,5,2,1815,1,2,1,1.0,3,93006,M,,,93
201300041653,13,5,3,1520,1,2,1,1.0,6,93045,M,,,93
201300041654,13,5,3,1845,1,1,2,1.0,6,93006,M,,,93
201300041655,13,5,11,1900,2,2,3,1.0,3,93063,M,,,93
201300041656,13,5,12,1140,1,2,1,1.0,2,93045,M,,,93
201300041657,13,5,17,1700,1,2,3,1.0,6,93063,M,,,93
201300041658,13,5,18,1845,1,2,1,2.0,6,93063,M,,,93
201300041659,13,5,23,1530,2,2,2,2.0,1,93006,M,,,93
201300041660,13,5,25,2215,2,2,1,1.0,4,93063,M,,,93
201300041661,13,5,28,915,1,2,1,1.0,6,93061,M,,,93
201300041662,13,6,6,55,5,2,2,1.0,1,93063,M,,,93
201300041663,13,6,21,345,5,2,3,2.0,7,93006,M,,,93
201300041664,13,6,25,1900,1,2,2,1.0,7,93063,M,,,93
201300041665,13,6,28,1635,1,2,1,2.0,2,93063,M,,,93
201300041666,13,6,29,2130,1,2,1,1.0,3,93063,M,,,93
201300041667,13,6,30,2040,2,2,1,1.0,6,93006,M,,,93
201300041668,13,7,1,2100,1,2,9,1.0,3,93006,M,,,93
201300041669,13,7,3,1335,1,2,3,8.0,1,93006,M,,,93
201300041670,13,7,9,1730,1,2,1,1.0,6,93063,M,,,93
201300041671,13,7,14,2140,2,2,1,1.0,6,93063,M,,,93
201300041672,13,7,15,1905,1,2,1,1.0,6,93006,M,,,93
201300041673,13,7,17,1100,1,2,2,1.0,3,93045,M,,,93
201300041674,13,7,20,1340,1,2,1,1.0,3,93006,M,,,93
201300041675,13,7,27,2250,5,2,7,1.0,6,93063,M,,,93
201300041676,13,7,29,1740,1,2,1,1.0,6,93063,M,,,93
201300041677,13,8,2,1520,1,2,1,1.0,6,93061,M,,,93
201300041678,13,8,4,1230,1,2,1,1.0,6,93006,M,,,93
201300041679,13,8,11,1,5,2,7,1.0,3,93063,M,,,93
201300041680,13,8,16,1355,1,2,3,1.0,2,93006,M,,,93
201300041681,13,8,29,2040,2,2,9,1.0,7,93045,M,,,93
201300041682,13,9,2,815,1,2,1,1.0,6,93006,M,,,93
201300041683,13,9,5,1600,1,2,2,1.0,3,93006,M,,,93
201300041684,13,9,8,1235,1,2,2,1.0,3,93006,M,,,93
201300041685,13,9,10,1830,1,2,3,1.0,7,93045,M,,,93
201300041686,13,9,24,830,1,2,1,1.0,6,93006,M,,,93
201300041687,13,9,27,1010,1,2,2,1.0,3,93006,M,,,93
201300041688,13,10,4,1740,1,1,1,1.0,6,93006,M,,,93
201300041689,13,10,7,1810,1,2,1,1.0,2,93063,M,,,93
201300041690,13,10,10,1000,1,2,1,1.0,6,93006,M,,,93
201300041691,13,10,10,2040,5,2,1,2.0,6,93045,M,,,93
201300041692,13,10,11,1635,1,2,2,1.0,6,93063,M,,,93
201300041693,13,10,13,1904,5,2,1,1.0,6,93006,M,,,93
201300041694,13,10,14,1025,1,2,2,1.0,3,93045,M,,,93
201300041695,13,10,16,1650,1,2,1,2.0,1,93006,M,,,93
201300041696,13,10,25,1000,1,2,2,1.0,3,93061,M,,,93
201300041697,13,10,28,1330,1,2,1,1.0,6,93006,M,,,93
201300041698,13,10,29,2200,5,2,2,1.0,3,93006,M,,,93
201300041699,13,10,30,630,5,2,2,1.0,1,93006,M,,,93
201300041700,13,10,30,1720,1,2,1,1.0,6,93045,M,,,93
201300041701,13,10,30,2040,5,2,5,1.0,3,93006,M,,,93
201300041702,13,11,3,1650,2,2,2,1.0,7,93045,M,,,93
201300041703,13,11,8,1950,5,2,3,2.0,6,93006,M,,,93
201300041704,13,11,19,1915,3,2,4,1.0,6,93006,M,,,93
201300041705,13,11,20,355,5,2,1,1.0,6,93006,M,,,93
201300041706,13,11,24,1905,5,2,3,1.0,6,93063,M,,,93
201300041707,13,12,2,920,1,2,1,1.0,6,93006,M,,,93
201300041708,13,12,5,1215,1,2,1,1.0,6,93045,M,,,93
201300041709,13,12,9,1500,1,2,2,1.0,1,93063,M,,,93
201300041710,13,12,10,1830,5,2,2,1.0,6,93063,M,,,93
201300041711,13,12,11,910,1,2,1,1.0,7,93063,M,,,93
201300041712,13,12,11,1400,1,2,3,8.0,3,93006,M,,,93
201300041713,13,12,13,105,5,2,1,1.0,3,93006,M,,,93
201300041714,13,12,22,545,5,2,5,2.0,3,93063,M,,,93
201300041715,13,12,22,1350,1,2,1,8.0,2,93063,M,,,93
201300041716,13,10,27,250,5,2,4,1.0,6,93006,M,,,93
201300041717,13,9,6,855,1,2,1,1.0,6,93006,M,,,93
201300041718,13,7,9,2100,2,2,4,1.0,1,93045,M,,,93
201300041719,13,11,24,1400,1,2,1,8.0,3,93006,M,,,93
201300041720,13,1,10,1200,1,2,1,8.0,1,93046,M,,,93
201300041721,13,1,11,20,5,2,2,2.0,3,93074,M,,,93
201300041722,13,1,12,1740,5,2,1,1.0,2,93046,M,,,93
201300041723,13,1,25,2330,5,2,2,9.0,3,93046,M,,,93
201300041724,13,1,28,1600,1,2,2,1.0,3,93074,M,,,93
201300041725,13,1,30,1555,1,2,1,1.0,7,93046,M,,,93
201300041726,13,2,12,415,5,2,2,8.0,6,93046,M,,,93
201300041727,13,2,14,1950,3,2,2,1.0,3,93046,M,,,93