Num_Acc,an,mois,jour,hrmn,lum,agg,int,atm,col,com,gps,lat,long,dep
201300041728,13,2,21,910,1,2,1,1.0,6,93046,M,,,93
201300041729,13,2,23,1743,1,2,2,4.0,3,93046,M,,,93
201300041730,13,2,26,810,1,2,3,8.0,6,93046,M,,,93
201300041731,13,3,9,1740,1,1,1,1.0,3,93074,M,,,93
201300041732,13,3,13,615,1,2,1,4.0,2,93074,M,,,93
201300041733,13,3,13,2350,5,2,1,8.0,7,93046,M,,,93
201300041734,13,3,14,830,1,2,2,1.0,3,93046,M,,,93
201300041735,13,3,17,1100,1,2,2,8.0,3,93046,M,,,93
201300041736,13,3,18,1735,1,2,2,1.0,3,93046,M,,,93
201300041737,13,3,23,1905,3,2,1,1.0,5,93015,M,,,93
201300041738,13,4,17,945,1,2,1,1.0,2,93046,M,,,93
201300041739,13,4,21,515,5,2,1,1.0,1,93074,M,,,93
201300041740,13,4,27,1140,1,2,1,1.0,3,93046,M,,,93
201300041741,13,5,1,1705,1,1,1,3.0,7,93074,M,,,93
201300041742,13,5,6,2040,2,2,2,1.0,3,93046,M,,,93
201300041743,13,5,11,1530,1,2,1,1.0,6,93046,M,,,93
201300041744,13,5,13,1115,1,2,1,2.0,2,93046,M,,,93
201300041745,13,5,17,845,1,2,3,1.0,3,93046,M,,,93
201300041746,13,5,19,1315,1,2,1,8.0,7,93046,M,,,93
201300041747,13,5,23,1610,1,1,1,1.0,3,93046,M,,,93
201300041748,13,5,23,2110,5,2,1,2.0,2,93046,M,,,93
201300041749,13,5,24,1053,1,2,1,1.0,3,93046,M,,,93
201300041750,13,5,25,1955,1,2,1,1.0,5,93074,M,,,93
201300041751,13,5,27,1345,1,1,1,1.0,6,93074,M,,,93
201300041752,13,6,3,1740,1,2,1,1.0,2,93046,M,,,93
201300041753,13,6,5,1650,1,2,2,1.0,3,93046,M,,,93
201300041754,13,6,5,1715,1,2,1,1.0,6,93046,M,,,93
201300041755,13,6,11,730,1,2,2,1.0,2,93046,M,,,93
201300041756,13,6,19,1120,1,2,3,1.0,3,93046,M,,,93
201300041757,13,6,21,1110,1,2,1,2.0,7,93046,M,,,93
201300041758,13,7,7,1920,1,2,9,1.0,6,93046,M,,,93
201300041759,13,7,7,1425,1,2,2,1.0,3,93046,M,,,93
201300041760,13,6,23,1620,1,2,2,1.0,6,93046,M,,,93
201300041761,13,6,28,1855,1,2,2,1.0,3,93046,M,,,93
201300041762,13,6,28,1645,1,2,1,1.0,7,93074,M,,,93
201300041763,13,6,30,1100,1,2,1,1.0,2,93074,M,,,93
201300041764,13,7,10,1720,1,2,1,1.0,6,93046,M,,,93
201300041765,13,7,5,1645,1,2,2,1.0,3,93046,M,,,93
201300041766,13,7,20,1100,1,2,3,1.0,3,93046,M,,,93
201300041767,13,7,22,2230,5,2,2,1.0,1,93046,M,,,93
201300041768,13,7,26,1615,1,2,2,1.0,7,93046,M,,,93
201300041769,13,7,27,1600,1,2,1,1.0,2,93074,M,,,93
201300041770,13,7,30,1350,1,1,1,1.0,3,93046,M,,,93
201300041771,13,8,3,1345,1,2,2,1.0,3,93046,M,,,93
201300041772,13,8,7,2050,1,2,2,1.0,2,93046,M,,,93
201300041773,13,8,19,1655,1,2,2,1.0,2,93046,M,,,93
201300041774,13,8,29,1200,1,2,1,1.0,5,93046,M,,,93
201300041775,13,8,31,2005,1,2,2,1.0,7,93046,M,,,93
201300041776,13,9,1,2030,1,2,2,1.0,7,93046,M,,,93
201300041777,13,9,3,900,1,2,1,1.0,2,93046,M,,,93
201300041778,13,9,7,1515,1,2,1,1.0,6,93046,M,,,93
201300041779,13,9,7,2320,3,2,3,1.0,3,93046,M,,,93
201300041780,13,9,12,1655,1,2,9,1.0,7,93046,M,,,93
201300041781,13,9,12,1725,1,2,1,1.0,3,93046,M,,,93
201300041782,13,9,19,930,1,2,1,1.0,3,93074,M,,,93
201300041783,13,9,19,945,1,2,1,1.0,2,93046,M,,,93
201300041784,13,9,23,1625,1,2,1,1.0,7,93046,M,,,93
201300041785,13,10,1,900,1,2,3,8.0,6,93074,M,,,93
201300041786,13,10,2,1315,1,2,1,1.0,3,93074,M,,,93
201300041787,13,10,3,1245,1,2,3,1.0,3,93074,M,,,93
201300041788,13,10,13,1850,1,2,2,1.0,3,93046,M,,,93
201300041789,13,10,15,2000,5,2,1,1.0,3,93046,M,,,93
201300041790,13,10,21,1810,1,2,2,1.0,3,93046,M,,,93
201300041791,13,10,24,1335,1,2,3,1.0,3,93046,M,,,93
201300041792,13,10,30,1850,3,1,1,8.0,6,93074,M,,,93
201300041793,13,11,3,2000,3,1,1,2.0,1,93074,M,,,93
201300041794,13,10,31,2220,3,2,2,1.0,3,93046,M,,,93
201300041795,13,10,31,1530,1,2,1,1.0,6,93046,M,,,93
201300041796,13,11,5,2245,5,2,2,2.0,3,93046,M,,,93
201300041797,13,11,8,1050,1,2,1,2.0,6,93046,M,,,93
201300041798,13,11,11,600,2,2,1,1.0,6,93046,M,,,93
201300041799,13,11,13,1825,2,2,2,1.0,6,93046,M,,,93
201300041800,13,11,20,1755,5,2,1,3.0,6,93074,M,,,93
201300041801,13,11,28,725,5,2,3,1.0,3,93074,M,,,93
201300041802,13,11,28,1130,1,2,6,1.0,3,93015,M,,,93
201300041803,13,11,29,835,1,1,1,1.0,6,93074,M,,,93
201300041804,13,12,1,1110,1,1,1,1.0,7,93074,M,,,93
201300041805,13,12,1,1940,5,2,1,1.0,5,93046,M,,,93
201300041806,13,12,5,1150,1,2,2,1.0,6,93046,M,,,93
201300041807,13,12,8,1710,2,2,1,1.0,2,93046,M,,,93
201300041808,13,12,10,1650,5,2,2,1.0,3,93046,M,,,93
201300041809,13,12,10,1820,5,2,3,9.0,6,93046,M,,,93
201300041810,13,12,14,950,1,2,2,1.0,3,93046,M,,,93
201300041811,13,12,15,610,2,2,3,1.0,3,93074,M,,,93
201300041812,13,12,15,1055,1,2,2,1.0,6,93046,M,,,93
201300041813,13,12,16,1625,2,2,1,1.0,6,93046,M,,,93
201300041814,13,12,18,1000,1,2,3,1.0,2,93046,M,,,93
201300041815,13,12,18,1940,2,2,2,1.0,3,93046,M,,,93
201300041816,13,12,20,850,1,2,1,1.0,6,93046,M,,,93
201300041817,13,12,26,1440,1,2,3,1.0,2,93074,M,,,93
201300041818,13,12,29,1210,1,2,6,1.0,3,93015,M,,,93
201300041819,13,12,30,1720,3,1,1,2.0,6,93074,M,,,93
201300041820,13,1,2,1410,1,2,3,1.0,3,93048,M,,,93
201300041821,13,1,10,1020,1,2,2,2.0,3,93048,M,,,93
201300041822,13,1,31,935,1,2,2,8.0,6,93048,M,,,93
201300041823,13,2,5,1130,1,2,1,1.0,6,93048,M,,,93
201300041824,13,2,6,820,1,2,3,2.0,3,93048,M,,,93
201300041825,13,2,8,1030,1,2,3,1.0,3,93048,M,,,93
201300041826,13,2,16,1440,1,2,2,1.0,3,93048,M,,,93
201300041827,13,2,20,940,1,2,3,1.0,3,93048,M,,,93
201300041828,13,2,25,845,1,2,3,4.0,6,93048,M,,,93
201300041829,13,2,26,1915,5,2,9,1.0,6,93048,M,,,93
201300041830,13,2,28,2002,1,2,1,1.0,3,93048,M,,,93
201300041831,13,3,1,1810,2,2,9,1.0,3,93048,M,,,93
201300041832,13,3,1,2115,5,2,1,1.0,2,93048,M,,,93
201300041833,13,3,9,1045,1,2,2,1.0,3,93048,M,,,93
201300041834,13,3,13,2041,5,2,1,4.0,6,93048,M,,,93
201300041835,13,3,19,2010,5,2,1,3.0,1,93048,M,,,93
201300041836,13,4,2,1038,1,2,1,1.0,3,93048,M,,,93
201300041837,13,4,3,1715,1,2,1,1.0,6,93048,M,,,93
201300041838,13,4,3,1650,1,2,1,1.0,6,93048,M,,,93
201300041839,13,4,5,1330,1,2,1,1.0,1,93048,M,,,93
201300041840,13,4,14,2115,5,2,2,1.0,3,93048,M,,,93
201300041841,13,4,16,900,1,2,1,1.0,6,93048,M,,,93
201300041842,13,4,16,1650,1,2,2,1.0,1,93048,M,,,93
201300041843,13,4,17,1000,1,2,1,1.0,3,93048,M,,,93
201300041844,13,4,19,1240,1,2,3,1.0,6,93048,M,,,93
201300041845,13,4,19,1904,1,2,9,2.0,6,93048,M,,,93
201300041846,13,4,21,1830,1,2,1,1.0,3,93048,M,,,93
201300041847,13,4,24,1900,1,2,3,1.0,2,93048,M,,,93
201300041848,13,4,26,1920,1,2,2,2.0,3,93048,M,,,93
201300041849,13,5,2,1310,1,2,1,1.0,2,93048,M,,,93
201300041850,13,5,2,1850,1,2,1,1.0,4,93048,M,,,93
201300041851,13,5,5,1830,1,2,1,1.0,2,93048,M,,,93
201300041852,13,5,17,1355,1,2,1,8.0,6,93048,M,,,93
201300041853,13,5,17,1515,1,2,1,1.0,6,93048,M,,,93
201300041854,13,5,20,1420,1,2,1,3.0,6,93048,M,,,93
201300041855,13,5,21,1435,1,2,1,2.0,6,93048,M,,,93
201300041856,13,5,28,900,1,2,3,8.0,3,93048,M,,,93
201300041857,13,5,29,1900,1,2,1,1.0,7,93048,M,,,93
201300041858,13,5,30,1135,1,2,2,1.0,3,93048,M,,,93
201300041859,13,5,31,1100,1,2,1,8.0,6,93048,M,,,93
201300041860,13,6,4,900,1,2,2,1.0,3,93048,M,,,93
201300041861,13,6,4,1900,1,2,3,7.0,6,93048,M,,,93
201300041862,13,6,8,1440,1,2,1,1.0,6,93048,M,,,93
201300041863,13,6,8,1850,1,1,1,1.0,3,93048,M,,,93
201300041864,13,6,8,2045,2,2,1,2.0,3,93048,M,,,93
201300041865,13,6,9,1730,1,2,1,2.0,6,93048,M,,,93
201300041866,13,6,10,1540,1,2,2,7.0,3,93048,M,,,93
201300041867,13,6,11,1615,1,2,8,1.0,6,93048,M,,,93
201300041868,13,6,12,1940,1,2,1,1.0,6,93048,M,,,93
201300041869,13,6,9,1815,1,2,1,1.0,6,93048,M,,,93
201300041870,13,6,25,1440,1,2,1,1.0,6,93048,M,,,93
201300041871,13,6,20,2050,1,2,3,1.0,2,93048,M,,,93
201300041872,13,6,26,1455,1,2,1,1.0,6,93048,M,,,93
201300041873,13,6,26,1937,1,2,2,1.0,6,93048,M,,,93
201300041874,13,6,27,25,5,2,1,1.0,3,93048,M,,,93
201300041875,13,6,28,1850,1,2,9,1.0,3,93048,M,,,93
201300041876,13,7,1,820,1,2,1,1.0,6,93048,M,,,93
201300041877,13,7,3,815,1,2,1,2.0,6,93048,M,,,93
201300041878,13,7,5,1955,1,2,1,1.0,3,93048,M,,,93
201300041879,13,7,8,1555,1,2,2,1.0,5,93048,M,,,93
201300041880,13,7,9,1030,1,2,2,1.0,6,93048,M,,,93
201300041881,13,7,12,1000,1,2,1,1.0,6,93048,M,,,93
201300041882,13,7,22,2030,1,2,1,1.0,6,93048,M,,,93
201300041883,13,7,30,1310,1,2,1,1.0,3,93048,M,,,93
201300041884,13,8,17,1730,1,2,1,1.0,6,93048,M,,,93
201300041885,13,8,19,1045,1,2,1,1.0,7,93048,M,,,93
201300041886,13,8,22,2207,5,2,9,1.0,7,93048,M,,,93
201300041887,13,8,25,1545,1,2,2,3.0,3,93048,M,,,93
201300041888,13,9,3,2130,5,2,1,1.0,3,93048,M,,,93
201300041889,13,9,4,815,1,2,1,1.0,2,93048,M,,,93
201300041890,13,9,4,1900,1,2,2,1.0,6,93048,M,,,93
201300041891,13,9,10,1020,1,2,9,1.0,1,93048,M,,,93
201300041892,13,9,11,1020,1,2,2,1.0,3,93048,M,,,93
201300041893,13,9,13,915,1,2,2,1.0,3,93048,M,,,93
201300041894,13,9,14,2245,5,2,2,3.0,3,93048,M,,,93
201300041895,13,9,21,1340,1,2,3,1.0,3,93048,M,,,93
201300041896,13,9,22,405,5,2,3,1.0,1,93048,M,,,93
201300041897,13,9,26,1255,1,2,7,1.0,6,93048,M,,,93
201300041898,13,9,28,1400,1,2,6,1.0,3,93048,M,,,93
201300041899,13,9,30,940,1,2,2,8.0,1,93048,M,,,93
201300041900,13,9,30,1440,1,2,9,1.0,2,93048,M,,,93
201300041901,13,10,1,1600,1,2,1,1.0,5,93048,M,,,93
201300041902,13,10,3,1520,1,2,2,2.0,3,93048,M,,,93
201300041903,13,10,4,2240,5,2,2,1.0,3,93048,M,,,93
201300041904,13,10,5,120,5,2,1,1.0,3,93048,M,,,93
201300041905,13,10,8,1300,1,2,1,1.0,3,93048,M,,,93
201300041906,13,10,10,1315,1,2,1,2.0,6,93048,M,,,93
201300041907,13,10,13,2345,5,2,2,1.0,3,93048,M,,,93
201300041908,13,10,24,1100,1,2,1,1.0,5,93048,M,,,93
201300041909,13,10,26,1050,1,2,2,2.0,3,93048,M,,,93
201300041910,13,10,31,1940,5,2,4,1.0,6,93048,M,,,93
201300041911,13,11,4,1650,1,2,2,1.0,6,93048,M,,,93
201300041912,13,11,4,1838,5,2,7,1.0,4,93048,M,,,93
201300041913,13,11,9,930,1,2,2,1.0,1,93048,M,,,93
201300041914,13,11,9,1625,1,2,2,2.0,3,93048,M,,,93
201300041915,13,11,15,655,2,2,3,2.0,4,93048,M,,,93
201300041916,13,11,18,1455,1,2,2,8.0,6,93048,M,,,93
201300041917,13,11,18,1815,5,2,3,1.0,6,93048,M,,,93
201300041918,13,11,21,845,1,2,2,2.0,3,93048,M,,,93
201300041919,13,11,22,1500,1,2,1,1.0,6,93048,M,,,93
201300041920,13,11,22,1915,2,2,2,1.0,6,93048,M,,,93
201300041921,13,11,23,1545,1,2,2,1.0,3,93048,M,,,93
201300041922,13,12,1,1130,1,2,2,8.0,5,93048,M,,,93
201300041923,13,12,4,1810,5,2,1,1.0,6,93048,M,,,93
201300041924,13,12,5,1250,1,2,1,1.0,3,93048,M,,,93
201300041925,13,12,8,1825,5,2,1,8.0,6,93048,M,,,93
201300041926,13,12,9,1450,1,2,1,1.0,1,93048,M,,,93
201300041927,13,12,10,1510,1,2,2,1.0,6,93048,M,,,93
201300041928,13,12,11,950,1,2,1,1.0,6,93048,M,,,93
201300041929,13,12,12,1645,2,2,2,1.0,3,93048,M,,,93
201300041930,13,12,13,1140,1,2,1,1.0,6,93048,M,,,93
201300041931,13,12,16,1000,1,2,1,1.0,3,93048,M,,,93
201300041932,13,12,16,1455,1,2,1,1.0,6,93048,M,,,93
201300041933,13,12,19,2010,5,2,1,1.0,4,93048,M,,,93
201300041934,13,12,20,1000,1,2,1,1.0,6,93048,M,,,93
201300041935,13,12,21,1440,1,2,1,1.0,6,93048,M,,,93
201300041936,13,12,31,220,5,2,1,1.0,6,93048,M,,,93
201300041937,13,1,7,810,4,2,2,1.0,1,93050,M,,,93
201300041938,13,1,28,1820,5,2,2,1.0,6,93049,M,,,93
201300041939,13,1,29,2030,5,2,3,2.0,3,93050,M,,,93
201300041940,13,2,11,1740,1,2,1,1.0,3,93050,M,,,93
201300041941,13,2,12,1354,1,2,1,8.0,3,93050,M,,,93
201300041942,13,2,15,2235,5,2,1,1.0,1,93050,M,,,93
201300041943,13,2,20,1230,1,2,1,1.0,4,93050,M,,,93
201300041944,13,2,27,1020,1,2,1,1.0,2,93050,M,,,93
201300041945,13,2,28,2100,5,2,3,1.0,3,93050,M,,,93
201300041946,13,3,8,1400,1,2,3,2.0,2,93050,M,,,93
201300041947,13,3,9,2000,5,2,1,1.0,3,93049,M,,,93
201300041948,13,3,17,1150,1,2,1,1.0,6,93050,M,,,93
201300041949,13,3,18,1415,1,2,1,1.0,6,93049,M,,,93
201300041950,13,3,18,1730,1,2,1,1.0,6,93050,M,,,93
201300041951,13,4,3,1245,1,2,1,1.0,2,93050,M,,,93
201300041952,13,4,15,1200,1,2,1,2.0,6,93050,M,,,93
201300041953,13,4,18,1000,1,2,1,1.0,6,93049,M,,,93
201300041954,13,4,21,115,5,2,2,1.0,3,93050,M,,,93
201300041955,13,4,29,735,1,2,1,1.0,2,93050,M,,,93
201300041956,13,5,4,1600,1,2,1,1.0,1,93050,M,,,93
201300041957,13,5,22,1805,1,2,1,1.0,5,93050,M,,,93
201300041958,13,5,25,1035,1,2,1,1.0,2,93050,M,,,93
201300041959,13,6,1,20,5,2,3,1.0,6,93050,M,,,93
201300041960,13,5,31,1800,1,2,3,1.0,5,93049,M,,,93
201300041961,13,6,2,220,5,2,2,1.0,6,93050,M,,,93
201300041962,13,5,25,2340,5,2,2,1.0,3,93050,M,,,93
201300041963,13,6,8,2310,5,2,1,8.0,6,93050,M,,,93
201300041964,13,6,17,1530,1,2,1,1.0,6,93050,M,,,93
201300041965,13,6,29,1630,1,2,3,1.0,3,93049,M,,,93
201300041966,13,7,3,730,1,2,3,2.0,3,93050,M,,,93
201300041967,13,7,7,1900,1,2,1,1.0,2,93050,M,,,93
201300041968,13,7,9,1935,1,2,1,1.0,6,93050,M,,,93
201300041969,13,7,11,30,5,2,1,1.0,3,93049,M,,,93
201300041970,13,7,24,1940,1,2,1,1.0,6,93049,M,,,93
201300041971,13,7,25,1210,1,2,1,1.0,6,93050,M,,,93
201300041972,13,8,1,1505,1,2,1,1.0,3,93050,M,,,93
201300041973,13,8,5,1930,1,2,1,1.0,1,93049,M,,,93
201300041974,13,8,7,1330,1,2,3,2.0,3,93049,M,,,93
201300041975,13,8,9,1610,1,2,1,1.0,3,93050,M,,,93
201300041976,13,8,10,2230,5,2,3,1.0,3,93050,M,,,93
201300041977,13,8,28,1900,2,2,1,1.0,6,93049,M,,,93
201300041978,13,9,17,1600,1,2,1,1.0,6,93049,M,,,93
201300041979,13,9,29,30,5,2,3,3.0,6,93049,M,,,93
201300041980,13,8,26,1900,1,2,1,1.0,6,93049,M,,,93
201300041981,13,9,5,740,1,2,3,1.0,3,93050,M,,,93
201300041982,13,9,5,1610,1,2,1,1.0,6,93049,M,,,93
201300041983,13,9,7,2025,2,2,1,1.0,6,93050,M,,,93
201300041984,13,9,28,1540,1,2,9,1.0,3,93050,M,,,93
201300041985,13,10,8,855,1,2,1,1.0,3,93050,M,,,93
201300041986,13,10,15,1650,1,2,1,1.0,2,93050,M,,,93
201300041987,13,10,16,1235,1,2,1,1.0,7,93050,M,,,93
201300041988,13,10,17,1905,5,2,1,1.0,6,93050,M,,,93
201300041989,13,10,26,630,5,2,1,1.0,3,93050,M,,,93
201300041990,13,10,19,1950,5,2,2,1.0,6,93050,M,,,93
201300041991,13,10,23,1425,1,2,1,1.0,6,93050,M,,,93
201300041992,13,11,11,450,5,1,1,8.0,1,93050,M,,,93
201300041993,13,11,24,1945,5,2,5,1.0,3,93049,M,,,93
201300041994,13,12,8,1850,2,1,1,1.0,6,93050,M,,,93
201300041995,13,12,14,1000,1,2,2,1.0,6,93049,M,,,93
201300041996,13,12,19,1610,1,2,1,1.0,6,93050,M,,,93
201300041997,13,12,19,1850,5,2,2,8.0,2,93050,M,,,93
201300041998,13,12,24,2200,5,2,2,3.0,4,93050,M,,,93
201300041999,13,12,4,820,1,2,1,1.0,3,93050,M,,,93
201300042000,13,1,2,800,1,2,2,1.0,3,93033,M,,,93
201300042001,13,1,2,2030,5,2,1,8.0,3,93051,M,,,93
201300042002,13,1,8,1620,1,1,1,2.0,6,93051,M,,,93
201300042003,13,1,10,910,1,2,1,8.0,3,93051,M,,,93
201300042004,13,1,16,1230,1,2,3,9.0,6,93051,M,,,93
201300042005,13,1,18,910,1,2,2,1.0,3,93051,M,,,93
201300042006,13,1,23,1420,1,2,1,1.0,7,93051,M,,,93
201300042007,13,1,24,750,1,2,1,1.0,7,93051,M,,,93
201300042008,13,1,28,245,5,2,1,2.0,6,93051,M,,,93
201300042009,13,2,1,1615,1,2,3,2.0,2,93051,M,,,93
201300042010,13,2,17,1700,1,2,1,1.0,3,93051,M,,,93
201300042011,13,2,18,1150,1,2,2,1.0,3,93051,M,,,93
201300042012,13,3,7,1200,1,2,6,2.0,2,93051,M,,,93
201300042013,13,3,12,100,3,2,3,2.0,3,93033,M,,,93
201300042014,13,3,12,910,1,2,1,4.0,6,93051,M,,,93
201300042015,13,3,20,1215,1,2,1,1.0,6,93051,M,,,93
201300042016,13,3,20,1700,1,2,2,1.0,3,93051,M,,,93
201300042017,13,3,22,1630,1,2,1,1.0,6,93051,M,,,93
201300042018,13,4,4,1045,1,2,2,1.0,2,93051,M,,,93
201300042019,13,4,5,1425,1,2,1,1.0,2,93051,M,,,93
201300042020,13,4,13,910,1,2,2,1.0,3,93051,M,,,93
201300042021,13,4,19,1120,1,2,1,1.0,2,93051,M,,,93
201300042022,13,4,22,1230,1,2,6,1.0,6,93051,M,,,93
201300042023,13,5,24,1000,1,2,2,2.0,3,93051,M,,,93
201300042024,13,5,29,1605,1,2,1,1.0,2,93051,M,,,93
201300042025,13,5,30,955,1,2,1,3.0,3,93051,M,,,93
201300042026,13,6,5,1,5,2,1,1.0,6,93051,M,,,93
201300042027,13,6,5,1615,1,2,3,1.0,6,93051,M,,,93
201300042028,13,6,16,2230,2,2,1,1.0,2,93051,M,,,93
201300042029,13,6,18,1030,1,2,3,1.0,6,93051,M,,,93
201300042030,13,6,18,1250,1,2,1,1.0,3,93033,M,,,93
201300042031,13,6,25,1740,1,2,3,1.0,3,93051,M,,,93
201300042032,13,6,25,1915,1,2,2,1.0,5,93051,M,,,93
201300042033,13,7,5,1800,1,2,2,1.0,3,93051,M,,,93
201300042034,13,7,9,1635,1,2,1,1.0,6,93051,M,,,93
201300042035,13,7,10,810,1,2,2,1.0,7,93051,M,,,93
201300042036,13,7,12,1750,1,2,1,1.0,2,93051,M,,,93
201300042037,13,8,19,5,5,2,6,2.0,7,93033,M,,,93
201300042038,13,8,21,2105,2,2,1,1.0,6,93033,M,,,93
201300042039,13,8,23,830,1,2,3,1.0,3,93051,M,,,93
201300042040,13,8,23,1712,1,2,1,1.0,3,93051,M,,,93
201300042041,13,8,23,2030,2,2,1,1.0,7,93051,M,,,93
201300042042,13,8,31,20,5,2,2,1.0,1,93051,M,,,93
201300042043,13,9,7,1200,1,2,1,7.0,2,93051,M,,,93
201300042044,13,9,8,1440,1,2,1,1.0,3,93051,M,,,93
201300042045,13,9,9,1745,1,2,1,2.0,6,93051,M,,,93
201300042046,13,9,10,2150,5,2,6,1.0,6,93051,M,,,93
201300042047,13,9,12,840,1,2,1,1.0,6,93051,M,,,93
201300042048,13,9,25,1915,5,2,2,2.0,3,93051,M,,,93
201300042049,13,9,26,820,1,2,1,1.0,2,93051,M,,,93
201300042050,13,12,2,910,1,2,2,1.0,5,93033,M,,,93
201300042051,13,12,2,710,5,2,1,1.0,6,93033,M,,,93
201300042052,13,12,5,1915,5,2,3,1.0,5,93051,M,,,93
201300042053,13,12,7,945,1,2,3,9.0,1,93033,M,,,93
201300042054,13,12,10,1230,1,2,6,1.0,6,93051,M,,,93
201300042055,13,12,12,1455,1,2,2,1.0,3,93051,M,,,93
201300042056,13,12,19,725,2,2,2,2.0,3,93051,M,,,93
201300042057,13,12,19,800,2,2,3,2.0,6,93051,M,,,93
201300042058,13,12,22,1000,1,2,3,2.0,6,93051,M,,,93
201300042059,13,1,3,1530,1,2,1,2.0,3,93053,M,,,93
201300042060,13,1,28,1750,5,2,3,1.0,6,93053,M,,,93
201300042061,13,2,16,745,2,2,4,1.0,1,93053,M,,,93
201300042062,13,4,2,350,5,2,3,1.0,1,93053,M,,,93
201300042063,13,4,2,1725,1,2,1,1.0,6,93053,M,,,93
201300042064,13,4,13,1645,1,2,1,2.0,6,93053,M,,,93
201300042065,13,4,15,1715,1,2,6,8.0,3,93053,M,,,93
201300042066,13,4,20,20,5,2,1,1.0,6,93053,M,,,93
201300042067,13,4,20,1850,1,2,1,1.0,6,93053,M,,,93
201300042068,13,4,26,745,1,2,1,1.0,2,93053,M,,,93
201300042069,13,5,2,1015,1,2,9,1.0,3,93053,M,,,93
201300042070,13,5,13,2330,5,2,4,2.0,3,93053,M,,,93
201300042071,13,5,23,730,1,2,2,8.0,2,93053,M,,,93
201300042072,13,5,30,1540,1,2,1,3.0,2,93053,M,,,93
201300042073,13,6,1,1930,1,2,1,1.0,6,93053,M,,,93
201300042074,13,6,5,2025,1,2,7,1.0,3,93053,M,,,93
201300042075,13,6,10,1110,1,2,1,1.0,1,93053,M,,,93
201300042076,13,6,12,2000,1,2,1,1.0,6,93053,M,,,93
201300042077,13,6,18,1215,1,2,3,1.0,6,93053,M,,,93
201300042078,13,6,20,730,1,2,3,3.0,3,93053,M,,,93
201300042079,13,6,27,1630,1,2,2,1.0,3,93053,M,,,93
201300042080,13,7,2,640,1,2,6,1.0,3,93053,M,,,93
201300042081,13,7,5,1730,1,2,1,1.0,3,93053,M,,,93
201300042082,13,7,8,1720,1,2,1,1.0,4,93053,M,,,93
201300042083,13,7,19,1130,1,2,1,1.0,3,93053,M,,,93
201300042084,13,7,24,1005,1,2,1,1.0,6,93053,M,,,93
201300042085,13,7,27,1950,1,2,1,1.0,6,93053,M,,,93
201300042086,13,8,8,2039,4,2,3,1.0,3,93053,M,,,93
201300042087,13,8,12,1340,1,2,2,1.0,3,93053,M,,,93
201300042088,13,9,1,1230,1,2,2,1.0,3,93053,M,,,93
201300042089,13,9,2,907,1,2,1,1.0,6,93053,M,,,93
201300042090,13,9,2,1715,1,2,1,1.0,6,93053,M,,,93
201300042091,13,9,2,1915,1,2,3,1.0,3,93053,M,,,93
201300042092,13,9,13,1350,1,2,1,2.0,2,93053,M,,,93
201300042093,13,9,27,1625,1,2,2,1.0,7,93053,M,,,93
201300042094,13,10,6,2050,5,2,7,1.0,3,93053,M,,,93
201300042095,13,10,10,1815,1,2,1,1.0,6,93053,M,,,93
201300042096,13,10,26,2000,5,2,1,1.0,7,93053,M,,,93
201300042097,13,10,29,1435,1,2,1,1.0,7,93053,M,,,93
201300042098,13,11,17,1645,2,2,1,1.0,6,93053,M,,,93
201300042099,13,11,21,2325,5,2,1,2.0,7,93053,M,,,93
201300042100,13,11,30,700,2,2,2,1.0,3,93053,M,,,93
201300042101,13,12,12,1715,5,2,2,1.0,1,93053,M,,,93
201300042102,13,12,23,730,5,2,3,1.0,6,93053,M,,,93
201300042103,13,12,27,1920,5,2,4,3.0,6,93053,M,,,93
201300042104,13,1,19,800,1,2,1,4.0,7,93055,M,,,93
201300042105,13,1,20,210,5,2,1,4.0,2,93055,M,,,93
201300042106,13,1,27,2045,5,2,1,1.0,6,93055,M,,,93
201300042107,13,1,29,1510,1,2,9,8.0,6,93055,M,,,93
201300042108,13,2,4,1110,1,2,2,2.0,2,93055,M,,,93
201300042109,13,2,14,835,1,2,1,2.0,6,93055,M,,,93
201300042110,13,2,14,1130,1,2,3,2.0,3,93055,M,,,93
201300042111,13,2,19,1545,1,2,1,1.0,6,93055,M,,,93
201300042112,13,2,21,2300,5,2,1,1.0,3,93055,M,,,93
201300042113,13,3,3,1520,1,2,1,1.0,6,93055,M,,,93
201300042114,13,3,12,1010,1,2,1,4.0,2,93055,M,,,93
201300042115,13,3,12,1645,1,2,3,4.0,6,93055,M,,,93
201300042116,13,6,1,742,1,2,1,1.0,6,93055,M,,,93
201300042117,13,6,13,2300,5,2,1,1.0,6,93055,M,,,93
201300042118,13,6,18,1500,1,2,1,1.0,3,93055,M,,,93
201300042119,13,6,20,1810,1,2,1,8.0,2,93055,M,,,93
201300042120,13,6,25,1740,1,2,2,1.0,6,93055,M,,,93
201300042121,13,6,26,1850,1,2,1,1.0,5,93055,M,,,93
201300042122,13,6,11,740,1,2,1,1.0,6,93055,M,,,93
201300042123,13,8,2,1555,1,2,1,1.0,6,93055,M,,,93
201300042124,13,8,14,1640,1,2,1,1.0,2,93055,M,,,93
201300042125,13,10,3,1535,1,2,1,1.0,1,93055,M,,,93
201300042126,13,10,6,1400,1,2,1,1.0,7,93055,M,,,93
201300042127,13,10,9,715,2,2,1,1.0,3,93055,M,,,93
201300042128,13,10,16,1530,1,2,3,3.0,3,93055,M,,,93
201300042129,13,10,23,145,5,2,1,1.0,6,93055,M,,,93
201300042130,13,10,25,1615,1,2,1,2.0,6,93055,M,,,93
201300042131,13,10,28,1905,5,2,1,2.0,1,93055,M,,,93
201300042132,13,10,31,1530,1,2,1,1.0,3,93055,M,,,93