Num_Acc,an,mois,jour,hrmn,lum,agg,int,atm,col,com,gps,lat,long,dep
201300042133,13,11,3,828,1,2,1,8.0,3,93055,M,,,93
201300042134,13,11,5,1920,5,2,2,2.0,3,93055,M,,,93
201300042135,13,11,11,1955,5,2,3,1.0,3,93055,M,,,93
201300042136,13,1,7,1630,1,2,1,1.0,2,93077,M,,,93
201300042137,13,1,11,630,2,2,2,2.0,3,93077,M,,,93
201300042138,13,1,12,2050,4,2,2,2.0,2,93077,M,,,93
201300042139,13,1,16,1715,1,2,2,1.0,2,93062,M,,,93
201300042140,13,1,17,1625,1,2,9,8.0,6,93077,M,,,93
201300042141,13,1,22,1347,1,2,6,4.0,3,93077,M,,,93
201300042142,13,1,25,910,1,2,1,1.0,6,93062,M,,,93
201300042143,13,1,28,2010,5,2,1,2.0,6,93077,M,,,93
201300042144,13,2,11,752,2,2,1,2.0,3,93077,M,,,93
201300042145,13,2,11,1820,2,2,7,1.0,6,93062,M,,,93
201300042146,13,2,18,2330,5,2,2,1.0,3,93077,M,,,93
201300042147,13,2,19,1350,1,2,1,1.0,6,93077,M,,,93
201300042148,13,2,27,1100,1,2,6,1.0,3,93077,M,,,93
201300042149,13,2,27,1900,5,2,1,1.0,2,93077,M,,,93
201300042150,13,3,2,1145,1,2,1,1.0,3,93077,M,,,93
201300042151,13,3,9,2245,5,2,2,1.0,3,93077,M,,,93
201300042152,13,3,11,1030,1,2,1,2.0,2,93062,M,,,93
201300042153,13,3,12,2230,5,2,1,4.0,1,93077,M,,,93
201300042154,13,3,15,1225,1,2,1,1.0,3,93062,M,,,93
201300042155,13,3,29,2000,5,2,1,1.0,3,93077,M,,,93
201300042156,13,4,1,2345,5,2,2,1.0,1,93062,M,,,93
201300042157,13,4,5,1210,1,2,1,1.0,3,93062,M,,,93
201300042158,13,4,10,1200,1,2,1,1.0,6,93062,M,,,93
201300042159,13,4,10,1405,1,2,3,1.0,2,93077,M,,,93
201300042160,13,4,11,2320,5,2,3,2.0,6,93077,M,,,93
201300042161,13,4,16,2215,5,2,1,1.0,7,93077,M,,,93
201300042162,13,4,18,1730,1,2,2,1.0,3,93077,M,,,93
201300042163,13,4,27,700,1,2,1,1.0,6,93077,M,,,93
201300042164,13,4,29,1615,1,2,1,1.0,2,93077,M,,,93
201300042165,13,5,2,1315,1,2,6,1.0,3,93062,M,,,93
201300042166,13,5,14,910,1,2,2,1.0,3,93077,M,,,93
201300042167,13,5,14,2210,5,2,1,2.0,1,93062,M,,,93
201300042168,13,5,23,2135,5,2,2,1.0,3,93077,M,,,93
201300042169,13,5,30,905,1,2,5,3.0,3,93077,M,,,93
201300042170,13,5,31,1330,1,2,4,1.0,3,93062,M,,,93
201300042171,13,6,2,1515,1,2,2,1.0,3,93077,M,,,93
201300042172,13,6,7,1930,1,2,1,1.0,2,93077,M,,,93
201300042173,13,6,12,1225,1,2,2,1.0,6,93077,M,,,93
201300042174,13,6,16,2250,5,2,1,1.0,6,93077,M,,,93
201300042175,13,6,18,1705,1,2,1,1.0,2,93077,M,,,93
201300042176,13,6,20,1,5,2,3,2.0,5,93077,M,,,93
201300042177,13,6,24,1700,1,2,2,1.0,6,93077,M,,,93
201300042178,13,6,25,1100,1,2,2,1.0,3,93077,M,,,93
201300042179,13,6,26,1555,1,2,1,1.0,6,93077,M,,,93
201300042180,13,6,27,1355,1,2,1,1.0,6,93077,M,,,93
201300042181,13,6,28,1640,1,2,1,1.0,4,93077,M,,,93
201300042182,13,7,1,1020,1,2,1,1.0,6,93077,M,,,93
201300042183,13,7,1,1615,1,2,1,1.0,2,93062,M,,,93
201300042184,13,7,6,1803,1,2,2,1.0,3,93077,M,,,93
201300042185,13,7,7,1955,1,2,2,1.0,3,93077,M,,,93
201300042186,13,7,12,950,1,2,2,1.0,3,93062,M,,,93
201300042187,13,7,15,1920,1,2,1,1.0,3,93077,M,,,93
201300042188,13,7,17,1647,1,2,1,1.0,6,93077,M,,,93
201300042189,13,7,18,1100,1,2,3,1.0,6,93062,M,,,93
201300042190,13,7,21,1025,1,2,3,1.0,6,93077,M,,,93
201300042191,13,7,21,2030,1,2,2,7.0,3,93077,M,,,93
201300042192,13,7,29,15,5,2,1,2.0,6,93062,M,,,93
201300042193,13,7,31,1730,1,2,2,1.0,3,93077,M,,,93
201300042194,13,8,1,1210,1,2,1,1.0,6,93062,M,,,93
201300042195,13,8,8,1610,1,2,1,1.0,6,93062,M,,,93
201300042196,13,8,13,2115,2,2,1,1.0,7,93077,M,,,93
201300042197,13,8,27,820,1,2,3,1.0,3,93062,M,,,93
201300042198,13,9,5,1355,1,2,1,1.0,7,93077,M,,,93
201300042199,13,9,6,1225,1,2,1,2.0,2,93077,M,,,93
201300042200,13,9,10,1000,1,2,3,1.0,3,93077,M,,,93
201300042201,13,9,13,1130,1,2,2,2.0,3,93077,M,,,93
201300042202,13,9,20,1450,1,2,1,1.0,6,93062,M,,,93
201300042203,13,9,24,820,1,2,1,1.0,6,93077,M,,,93
201300042204,13,10,1,625,5,2,3,1.0,1,93062,M,,,93
201300042205,13,10,3,620,5,2,1,1.0,1,93062,M,,,93
201300042206,13,10,8,900,1,2,3,1.0,3,93077,M,,,93
201300042207,13,10,9,655,1,2,2,1.0,6,93077,M,,,93
201300042208,13,10,9,2109,5,2,1,1.0,6,93077,M,,,93
201300042209,13,10,11,1137,1,2,1,8.0,5,93077,M,,,93
201300042210,13,10,24,50,5,2,1,1.0,6,93077,M,,,93
201300042211,13,10,25,1345,1,2,1,1.0,1,93077,M,,,93
201300042212,13,10,28,930,1,2,2,2.0,3,93077,M,,,93
201300042213,13,11,2,1037,1,2,1,8.0,6,93077,M,,,93
201300042214,13,11,5,2215,5,2,3,2.0,3,93077,M,,,93
201300042215,13,11,7,1720,2,2,3,1.0,3,93062,M,,,93
201300042216,13,11,13,820,1,2,2,1.0,3,93077,M,,,93
201300042217,13,11,13,1143,1,2,1,9.0,6,93077,M,,,93
201300042218,13,11,19,840,1,2,2,2.0,3,93077,M,,,93
201300042219,13,11,20,1107,1,2,1,1.0,6,93077,M,,,93
201300042220,13,11,23,1003,1,2,1,1.0,6,93077,M,,,93
201300042221,13,12,5,1640,1,2,2,1.0,6,93077,M,,,93
201300042222,13,12,10,940,1,2,2,1.0,3,93062,M,,,93
201300042223,13,12,10,1643,5,2,3,1.0,3,93077,M,,,93
201300042224,13,12,17,1525,1,2,3,1.0,3,93077,M,,,93
201300042225,13,12,19,935,1,2,1,1.0,6,93077,M,,,93
201300042226,13,12,21,1110,1,2,6,1.0,6,93062,M,,,93
201300042227,13,12,22,1100,1,1,3,1.0,3,93077,M,,,93
201300042228,13,12,25,2305,5,2,2,1.0,3,93077,M,,,93
201300042229,13,12,31,2105,4,2,2,2.0,3,93062,M,,,93
201300042230,13,1,24,1115,1,2,1,1.0,2,93064,M,,,93
201300042231,13,1,28,2150,5,2,1,1.0,6,93064,M,,,93
201300042232,13,1,29,1920,5,2,1,1.0,6,93064,M,,,93
201300042233,13,2,6,745,1,2,1,2.0,6,93064,M,,,93
201300042234,13,2,10,1230,1,2,1,1.0,6,93064,M,,,93
201300042235,13,2,14,1530,1,2,1,1.0,6,93064,M,,,93
201300042236,13,3,5,2310,5,2,1,1.0,6,93064,M,,,93
201300042237,13,3,19,1940,2,2,1,3.0,6,93064,M,,,93
201300042238,13,3,25,740,1,2,1,1.0,6,93064,M,,,93
201300042239,13,3,30,1545,1,2,1,1.0,6,93064,M,,,93
201300042240,13,3,27,1415,1,2,1,1.0,6,93064,M,,,93
201300042241,13,4,16,1820,1,2,1,1.0,6,93064,M,,,93
201300042242,13,4,19,1300,1,2,3,1.0,3,93064,M,,,93
201300042243,13,4,26,1945,5,2,1,2.0,7,93064,M,,,93
201300042244,13,4,28,1400,1,1,1,1.0,6,93064,M,,,93
201300042245,13,6,5,840,1,2,1,1.0,6,93064,M,,,93
201300042246,13,6,8,1040,1,2,1,1.0,6,93064,M,,,93
201300042247,13,6,11,1815,1,2,1,1.0,6,93064,M,,,93
201300042248,13,6,24,1730,1,2,1,1.0,6,93064,M,,,93
201300042249,13,7,1,1400,1,2,1,1.0,6,93064,M,,,93
201300042250,13,7,9,1610,1,2,1,1.0,6,93064,M,,,93
201300042251,13,7,10,1720,1,2,1,1.0,6,93064,M,,,93
201300042252,13,7,18,1600,1,2,1,1.0,7,93064,M,,,93
201300042253,13,7,24,1110,1,2,1,1.0,6,93064,M,,,93
201300042254,13,7,26,615,2,2,1,1.0,6,93064,M,,,93
201300042255,13,8,11,1045,1,2,1,1.0,6,93064,M,,,93
201300042256,13,8,18,1240,1,2,1,1.0,7,93064,M,,,93
201300042257,13,8,18,1600,1,2,1,1.0,6,93064,M,,,93
201300042258,13,9,4,1700,1,2,1,1.0,6,93064,M,,,93
201300042259,13,9,8,2000,5,2,2,1.0,6,93064,M,,,93
201300042260,13,9,9,1700,1,2,1,2.0,6,93064,M,,,93
201300042261,13,9,11,1800,1,2,1,1.0,6,93064,M,,,93
201300042262,13,9,17,2235,5,2,1,1.0,6,93064,M,,,93
201300042263,13,9,20,1415,1,1,1,1.0,6,93064,M,,,93
201300042264,13,9,28,1020,1,2,2,1.0,6,93064,M,,,93
201300042265,13,11,24,100,5,2,1,1.0,3,93064,M,,,93
201300042266,13,10,10,1920,5,2,1,2.0,6,93064,M,,,93
201300042267,13,12,3,2325,5,2,1,1.0,3,93064,M,,,93
201300042268,13,12,8,720,5,2,1,1.0,6,93064,M,,,93
201300042269,13,10,11,1420,1,2,2,1.0,6,93064,M,,,93
201300042270,13,12,8,1800,5,2,3,1.0,6,93064,M,,,93
201300042271,13,12,16,430,5,2,2,1.0,6,93064,M,,,93
201300042272,13,12,16,1220,1,2,1,1.0,1,93064,M,,,93
201300042273,13,10,12,1900,3,2,1,1.0,6,93064,M,,,93
201300042274,13,10,17,1925,5,2,1,1.0,6,93064,M,,,93
201300042275,13,10,19,1450,1,2,1,1.0,6,93064,M,,,93
201300042276,13,10,24,1545,1,2,1,1.0,6,93064,M,,,93
201300042277,13,10,21,1815,5,2,1,2.0,6,93064,M,,,93
201300042278,13,12,22,1315,1,1,1,2.0,2,93064,M,,,93
201300042279,13,11,29,1,5,2,7,1.0,6,93064,M,,,93
201300042280,13,12,27,940,1,2,1,2.0,2,93064,M,,,93
201300042281,13,12,30,1245,1,2,3,1.0,6,93064,M,,,93
201300042282,13,1,1,515,5,2,3,2.0,3,93066,M,,,93
201300042283,13,1,1,1255,1,2,3,1.0,3,93066,M,,,93
201300042284,13,1,10,1605,1,2,1,2.0,3,93066,M,,,93
201300042285,13,1,11,1845,4,2,9,2.0,6,93066,M,,,93
201300042286,13,1,18,1920,5,2,1,4.0,7,93066,M,,,93
201300042287,13,1,19,2230,5,2,1,4.0,1,93066,M,,,93
201300042288,13,1,24,1000,1,2,1,1.0,3,93066,M,,,93
201300042289,13,1,29,15,5,2,1,1.0,3,93066,M,,,93
201300042290,13,2,1,915,1,2,1,2.0,6,93066,M,,,93
201300042291,13,2,3,745,2,2,1,1.0,3,93066,M,,,93
201300042292,13,2,5,30,5,2,1,1.0,6,93066,M,,,93
201300042293,13,2,6,850,1,2,1,2.0,3,93066,M,,,93
201300042294,13,2,10,1640,1,2,2,4.0,3,93066,M,,,93
201300042295,13,2,19,635,5,2,1,8.0,6,93039,M,,,93
201300042296,13,2,19,1310,1,2,1,7.0,6,93066,M,,,93
201300042297,13,2,28,1645,1,2,1,1.0,6,93066,M,,,93
201300042298,13,3,2,2000,5,1,2,1.0,2,93039,M,,,93
201300042299,13,3,2,2012,5,2,6,1.0,2,93066,M,,,93
201300042300,13,3,4,1030,1,2,1,1.0,2,93066,M,,,93
201300042301,13,3,4,1950,5,2,1,1.0,7,93039,M,,,93
201300042302,13,3,9,1845,5,2,3,1.0,6,93066,M,,,93
201300042303,13,3,15,1850,2,2,2,1.0,3,93066,M,,,93
201300042304,13,3,15,2000,5,2,3,1.0,3,93066,M,,,93
201300042305,13,3,23,1610,1,2,1,1.0,3,93066,M,,,93
201300042306,13,3,25,1230,1,2,1,1.0,1,93066,M,,,93
201300042307,13,3,28,1155,1,2,2,1.0,7,93066,M,,,93
201300042308,13,3,28,2230,5,1,1,1.0,4,93066,M,,,93
201300042309,13,3,29,1030,1,2,1,1.0,3,93066,M,,,93
201300042310,13,3,29,2000,5,2,2,1.0,3,93066,M,,,93
201300042311,13,3,29,2130,5,2,3,1.0,3,93066,M,,,93
201300042312,13,3,31,1520,1,2,1,1.0,6,93066,M,,,93
201300042313,13,3,28,2130,5,2,1,1.0,6,93066,M,,,93
201300042314,13,4,1,1505,1,2,1,1.0,6,93066,M,,,93
201300042315,13,4,1,2340,5,2,1,1.0,7,93039,M,,,93
201300042316,13,4,2,820,1,2,1,1.0,2,93066,M,,,93
201300042317,13,3,30,730,1,2,1,8.0,2,93066,M,,,93
201300042318,13,4,6,2205,5,2,1,1.0,3,93066,M,,,93
201300042319,13,4,7,1800,1,2,8,1.0,3,93066,M,,,93
201300042320,13,4,8,845,1,2,1,1.0,3,93066,M,,,93
201300042321,13,4,8,1100,1,2,1,1.0,7,93066,M,,,93
201300042322,13,4,8,1440,1,2,1,1.0,2,93066,M,,,93
201300042323,13,4,8,1745,1,2,6,1.0,6,93066,M,,,93
201300042324,13,4,9,1905,2,2,1,1.0,6,93066,M,,,93
201300042325,13,4,12,820,1,2,1,1.0,6,93066,M,,,93
201300042326,13,4,12,2100,5,2,1,2.0,3,93066,M,,,93
201300042327,13,4,14,1025,1,2,1,1.0,6,93066,M,,,93
201300042328,13,4,17,1300,1,2,1,1.0,1,93066,M,,,93
201300042329,13,4,20,2030,2,2,1,1.0,3,93066,M,,,93
201300042330,13,4,22,1904,1,2,1,1.0,6,93066,M,,,93
201300042331,13,4,26,800,1,2,1,1.0,6,93066,M,,,93
201300042332,13,4,26,1750,1,2,1,2.0,6,93066,M,,,93
201300042333,13,4,27,2050,1,2,3,1.0,3,93066,M,,,93
201300042334,13,5,4,1440,1,2,1,1.0,2,93066,M,,,93
201300042335,13,5,7,1115,1,2,1,1.0,2,93066,M,,,93
201300042336,13,5,9,1500,1,2,1,1.0,1,93066,M,,,93
201300042337,13,5,11,900,1,2,1,2.0,5,93066,M,,,93
201300042338,13,5,13,1115,1,2,1,1.0,3,93066,M,,,93
201300042339,13,5,13,1950,1,2,2,1.0,3,93066,M,,,93
201300042340,13,5,15,850,1,2,2,1.0,6,93066,M,,,93
201300042341,13,5,15,2235,5,2,2,1.0,3,93066,M,,,93
201300042342,13,5,16,1610,1,2,3,2.0,3,93066,M,,,93
201300042343,13,5,17,1500,1,2,1,1.0,6,93066,M,,,93
201300042344,13,5,18,1740,1,1,9,8.0,6,93066,M,,,93
201300042345,13,5,19,1850,1,2,3,1.0,3,93066,M,,,93
201300042346,13,5,21,812,1,2,2,3.0,3,93066,M,,,93
201300042347,13,5,22,1530,1,2,2,1.0,3,93066,M,,,93
201300042348,13,5,22,1830,1,2,3,1.0,6,93066,M,,,93
201300042349,13,5,24,1130,1,2,3,2.0,2,93066,M,,,93
201300042350,13,5,24,1820,1,2,1,2.0,2,93066,M,,,93
201300042351,13,5,25,730,1,2,1,2.0,7,93066,M,,,93
201300042352,13,5,28,2145,2,2,3,1.0,6,93066,M,,,93
201300042353,13,5,29,1045,1,2,2,1.0,3,93066,M,,,93
201300042354,13,5,30,1315,1,2,1,2.0,2,93066,M,,,93
201300042355,13,5,30,1715,1,2,1,2.0,1,93066,M,,,93
201300042356,13,6,4,900,1,2,1,1.0,6,93039,M,,,93
201300042357,13,6,5,2015,1,2,1,1.0,6,93066,M,,,93
201300042358,13,6,8,1710,1,2,1,1.0,3,93066,M,,,93
201300042359,13,6,8,1705,1,2,1,1.0,6,93066,M,,,93
201300042360,13,6,8,2100,2,2,1,1.0,3,93066,M,,,93
201300042361,13,6,10,1920,1,2,1,1.0,5,93066,M,,,93
201300042362,13,6,13,1430,1,2,1,2.0,6,93066,M,,,93
201300042363,13,6,17,1630,1,2,1,1.0,3,93066,M,,,93
201300042364,13,6,17,1730,1,2,2,2.0,3,93066,M,,,93
201300042365,13,6,18,1615,1,2,1,1.0,3,93066,M,,,93
201300042366,13,6,18,1640,1,2,7,1.0,6,93066,M,,,93
201300042367,13,6,19,845,1,2,3,2.0,3,93066,M,,,93
201300042368,13,6,19,2110,1,2,3,8.0,3,93066,M,,,93
201300042369,13,6,20,1740,1,2,3,1.0,6,93066,M,,,93
201300042370,13,6,21,1920,2,2,1,1.0,2,93066,M,,,93
201300042371,13,6,23,1205,1,2,2,2.0,1,93066,M,,,93
201300042372,13,6,23,1610,1,2,1,2.0,6,93066,M,,,93
201300042373,13,6,24,1745,1,2,1,1.0,6,93066,M,,,93
201300042374,13,6,24,2100,1,2,1,1.0,6,93039,M,,,93
201300042375,13,7,1,824,1,2,1,1.0,6,93066,M,,,93
201300042376,13,7,3,930,1,2,3,2.0,3,93066,M,,,93
201300042377,13,7,5,810,1,2,1,1.0,1,93039,M,,,93
201300042378,13,7,5,1730,1,2,2,1.0,3,93066,M,,,93
201300042379,13,7,6,1945,1,2,1,1.0,3,93066,M,,,93
201300042380,13,7,10,415,5,2,9,1.0,3,93066,M,,,93
201300042381,13,7,11,1635,1,2,1,1.0,6,93066,M,,,93
201300042382,13,7,11,1900,1,2,2,1.0,3,93066,M,,,93
201300042383,13,7,12,1315,1,2,3,1.0,3,93066,M,,,93
201300042384,13,7,18,1440,1,2,1,1.0,2,93066,M,,,93
201300042385,13,7,18,1755,1,2,1,1.0,3,93066,M,,,93
201300042386,13,7,18,2000,1,2,1,1.0,1,93039,M,,,93
201300042387,13,7,19,1625,1,2,1,1.0,5,93066,M,,,93
201300042388,13,7,19,1800,1,2,1,1.0,3,93066,M,,,93
201300042389,13,7,20,1820,1,2,1,1.0,6,93066,M,,,93
201300042390,13,7,23,810,1,2,1,1.0,6,93066,M,,,93
201300042391,13,7,24,2015,1,2,2,1.0,3,93066,M,,,93
201300042392,13,7,25,1620,1,2,1,1.0,7,93039,M,,,93
201300042393,13,7,26,2040,2,2,1,1.0,1,93066,M,,,93
201300042394,13,7,27,300,5,2,1,1.0,3,93066,M,,,93
201300042395,13,7,27,1310,1,2,1,1.0,6,93066,M,,,93
201300042396,13,7,31,900,1,2,1,9.0,3,93066,M,,,93
201300042397,13,7,31,1645,1,2,1,1.0,7,93039,M,,,93
201300042398,13,8,1,930,1,2,4,1.0,3,93066,M,,,93
201300042399,13,8,4,835,1,2,3,1.0,6,93066,M,,,93
201300042400,13,8,4,2050,1,2,2,1.0,3,93072,M,,,93
201300042401,13,8,12,710,2,2,1,1.0,6,93066,M,,,93
201300042402,13,8,13,2030,2,2,1,1.0,1,93066,M,,,93
201300042403,13,8,15,1320,1,2,1,1.0,3,93066,M,,,93
201300042404,13,8,16,1430,1,2,1,1.0,6,93066,M,,,93
201300042405,13,8,24,1345,1,2,1,1.0,3,93066,M,,,93
201300042406,13,8,25,200,5,2,1,3.0,1,93066,M,,,93
201300042407,13,8,26,1945,1,2,9,1.0,2,93066,M,,,93
201300042408,13,9,4,1345,1,2,1,1.0,6,93066,M,,,93
201300042409,13,9,5,1100,1,2,1,1.0,2,93066,M,,,93
201300042410,13,9,5,1355,1,2,1,1.0,7,93066,M,,,93
201300042411,13,9,5,2100,2,2,1,1.0,5,93066,M,,,93
201300042412,13,9,9,1230,1,2,1,3.0,2,93066,M,,,93
201300042413,13,9,10,1330,1,2,1,1.0,1,93066,M,,,93
201300042414,13,9,11,1615,1,2,2,2.0,6,93066,M,,,93
201300042415,13,9,17,1900,1,2,1,2.0,6,93039,M,,,93
201300042416,13,9,17,2315,5,2,1,2.0,2,93066,M,,,93
201300042417,13,9,18,2045,5,2,1,2.0,5,93066,M,,,93
201300042418,13,9,20,845,1,2,1,1.0,6,93066,M,,,93
201300042419,13,9,20,1430,1,2,1,1.0,3,93066,M,,,93
201300042420,13,9,20,1745,1,2,2,1.0,3,93066,M,,,93
201300042421,13,9,22,1415,1,2,1,1.0,3,93066,M,,,93
201300042422,13,9,22,1345,1,1,1,1.0,6,93066,M,,,93
201300042423,13,9,24,1430,1,2,1,1.0,6,93066,M,,,93
201300042424,13,9,25,1900,2,2,1,1.0,3,93066,M,,,93
201300042425,13,9,26,1900,1,2,1,1.0,3,93066,M,,,93
201300042426,13,9,27,1930,5,2,1,1.0,6,93066,M,,,93
201300042427,13,9,28,850,1,2,3,1.0,3,93066,M,,,93
201300042428,13,9,28,1930,5,1,1,1.0,5,93066,M,,,93
201300042429,13,10,2,910,1,2,1,1.0,6,93066,M,,,93
201300042430,13,10,2,1415,1,2,1,1.0,3,93066,M,,,93
201300042431,13,10,2,1330,1,2,2,1.0,3,93066,M,,,93
201300042432,13,10,4,1900,1,2,1,1.0,3,93066,M,,,93
201300042433,13,10,7,1930,5,2,1,1.0,3,93066,M,,,93
201300042434,13,10,8,1215,1,2,1,1.0,3,93066,M,,,93
201300042435,13,10,8,2240,5,2,1,1.0,6,93066,M,,,93
201300042436,13,10,10,1015,1,2,1,1.0,2,93066,M,,,93
201300042437,13,10,11,920,1,2,1,2.0,6,93066,M,,,93
201300042438,13,10,14,800,1,2,2,1.0,1,93066,M,,,93
201300042439,13,10,15,1615,1,2,3,1.0,7,93066,M,,,93
201300042440,13,10,16,1900,1,2,1,2.0,6,93066,M,,,93
201300042441,13,10,17,1530,1,2,1,1.0,3,93066,M,,,93
201300042442,13,10,17,1755,1,2,1,1.0,3,93066,M,,,93
201300042443,13,10,21,1645,1,2,4,1.0,6,93066,M,,,93
201300042444,13,10,24,2155,5,2,1,1.0,3,93066,M,,,93
201300042445,13,10,26,1400,1,2,2,1.0,6,93066,M,,,93
201300042446,13,10,27,1555,1,2,1,1.0,3,93066,M,,,93
201300042447,13,10,25,1730,1,2,1,3.0,2,93066,M,,,93
201300042448,13,10,29,805,1,2,2,1.0,3,93066,M,,,93
201300042449,13,10,29,1800,2,2,1,2.0,3,93066,M,,,93
201300042450,13,10,29,1840,3,2,1,1.0,1,93066,M,,,93
201300042451,13,10,30,915,1,2,2,1.0,3,93066,M,,,93
201300042452,13,10,31,1945,5,2,1,2.0,6,93066,M,,,93
201300042453,13,11,1,1830,3,2,1,3.0,2,93066,M,,,93
201300042454,13,11,2,1405,1,2,1,1.0,2,93066,M,,,93
201300042455,13,11,4,930,1,2,1,2.0,6,93066,M,,,93
201300042456,13,11,4,2220,5,2,2,1.0,3,93066,M,,,93
201300042457,13,11,6,2130,5,2,1,1.0,2,93066,M,,,93
201300042458,13,11,8,1530,1,2,1,2.0,6,93066,M,,,93
201300042459,13,11,9,2105,5,2,1,2.0,3,93066,M,,,93
201300042460,13,11,10,1800,5,2,1,1.0,6,93039,M,,,93
201300042461,13,11,12,1100,1,2,1,1.0,1,93039,M,,,93
201300042462,13,11,13,2110,3,2,1,1.0,6,93066,M,,,93
201300042463,13,11,21,1100,1,2,1,1.0,6,93066,M,,,93
201300042464,13,11,27,1230,1,2,1,1.0,3,93066,M,,,93
201300042465,13,11,29,635,2,2,3,1.0,6,93066,M,,,93
201300042466,13,11,30,1215,1,2,1,1.0,6,93066,M,,,93
201300042467,13,12,4,1440,1,2,1,1.0,6,93066,M,,,93
201300042468,13,12,4,1620,2,2,1,1.0,3,93066,M,,,93
201300042469,13,12,4,1705,2,2,2,1.0,6,93066,M,,,93
201300042470,13,12,5,805,1,1,4,1.0,1,93066,M,,,93
201300042471,13,12,6,2015,5,2,1,1.0,6,93066,M,,,93
201300042472,13,11,16,330,5,2,1,8.0,6,93066,M,,,93
201300042473,13,12,10,1720,2,2,3,1.0,6,93066,M,,,93
201300042474,13,12,10,2030,5,2,1,1.0,6,93066,M,,,93
201300042475,13,12,11,1535,1,2,3,1.0,6,93066,M,,,93
201300042476,13,12,15,1900,5,2,1,1.0,6,93066,M,,,93
201300042477,13,12,16,1230,1,2,1,1.0,6,93066,M,,,93
201300042478,13,12,17,905,1,2,3,1.0,3,93039,M,,,93
201300042479,13,12,17,1815,5,2,1,1.0,3,93066,M,,,93
201300042480,13,12,18,1230,1,2,1,1.0,6,93066,M,,,93
201300042481,13,12,21,1725,5,2,2,1.0,6,93066,M,,,93
201300042482,13,12,21,2000,3,2,9,1.0,3,93066,M,,,93
201300042483,13,12,22,1905,5,2,4,1.0,6,93066,M,,,93
201300042484,13,12,23,1735,4,2,1,2.0,6,93039,M,,,93
201300042485,13,12,24,1908,5,2,1,2.0,6,93066,M,,,93
201300042486,13,12,24,1940,3,2,1,3.0,6,93066,M,,,93
201300042487,13,1,3,910,1,2,1,2.0,6,93070,M,,,93
201300042488,13,1,8,1645,1,2,3,1.0,6,93070,M,,,93
201300042489,13,1,10,1220,1,2,1,2.0,3,93070,M,,,93
201300042490,13,1,12,2220,5,2,1,2.0,6,93070,M,,,93
201300042491,13,1,16,1430,1,2,1,1.0,6,93070,M,,,93
201300042492,13,1,17,745,5,2,1,1.0,6,93070,M,,,93
201300042493,13,1,19,2030,3,2,1,4.0,6,93070,M,,,93
201300042494,13,1,25,2010,5,2,1,1.0,6,93070,M,,,93
201300042495,13,1,31,2025,5,2,1,1.0,4,93070,M,,,93
201300042496,13,2,2,1545,1,2,3,2.0,3,93070,M,,,93
201300042497,13,2,4,1100,1,2,1,2.0,3,93070,M,,,93
201300042498,13,2,6,705,2,2,1,3.0,1,93070,M,,,93
201300042499,13,2,7,1300,1,2,1,1.0,6,93070,M,,,93
201300042500,13,2,13,640,5,2,1,1.0,3,93070,M,,,93
201300042501,13,2,13,1715,1,2,3,1.0,3,93070,M,,,93
201300042502,13,2,19,1600,1,2,1,1.0,2,93070,M,,,93
201300042503,13,2,20,1845,2,2,1,1.0,2,93070,M,,,93
201300042504,13,2,21,1845,5,2,1,1.0,6,93070,M,,,93
201300042505,13,2,21,2025,5,2,1,1.0,3,93070,M,,,93
201300042506,13,3,15,1100,1,2,1,1.0,3,93070,M,,,93
201300042507,13,3,16,1410,1,2,2,8.0,6,93070,M,,,93
201300042508,13,3,16,1500,1,2,1,1.0,6,93070,M,,,93
201300042509,13,3,20,2130,5,2,2,8.0,3,93070,M,,,93
201300042510,13,3,22,1640,1,2,1,1.0,3,93070,M,,,93
201300042511,13,3,24,2115,3,2,1,1.0,6,93070,M,,,93
201300042512,13,4,11,750,1,2,1,2.0,7,93070,M,,,93
201300042513,13,4,15,1200,1,2,1,1.0,6,93070,M,,,93
201300042514,13,4,17,800,1,2,1,1.0,3,93070,M,,,93
201300042515,13,4,18,1635,1,2,7,1.0,7,93070,M,,,93
201300042516,13,4,18,2220,5,2,9,1.0,6,93070,M,,,93
201300042517,13,4,28,1140,1,2,1,1.0,3,93070,M,,,93
201300042518,13,4,29,1130,1,2,1,1.0,1,93070,M,,,93
201300042519,13,3,21,2345,5,2,1,1.0,6,93070,M,,,93
201300042520,13,5,5,1500,1,2,9,1.0,3,93070,M,,,93
201300042521,13,5,25,1750,1,2,1,1.0,1,93070,M,,,93
201300042522,13,5,26,855,1,2,2,1.0,3,93070,M,,,93
201300042523,13,6,14,1545,1,2,1,1.0,6,93070,M,,,93
201300042524,13,6,7,10,5,2,3,1.0,3,93070,M,,,93
201300042525,13,6,8,2015,1,2,1,1.0,3,93070,M,,,93
201300042526,13,6,10,1920,1,2,3,1.0,7,93070,M,,,93
201300042527,13,6,16,1240,1,2,1,1.0,3,93070,M,,,93
201300042528,13,6,17,1920,1,2,1,1.0,6,93070,M,,,93
201300042529,13,6,18,2015,1,2,1,1.0,3,93070,M,,,93
201300042530,13,6,19,1935,1,2,2,8.0,3,93070,M,,,93
201300042531,13,6,1,130,5,2,1,1.0,2,93070,M,,,93
201300042532,13,6,22,1715,1,2,1,8.0,3,93070,M,,,93
201300042533,13,6,26,2120,1,2,7,1.0,3,93070,M,,,93
201300042534,13,7,3,800,1,2,4,2.0,7,93070,M,,,93
201300042535,13,7,4,440,5,2,1,1.0,2,93070,M,,,93
201300042536,13,7,6,1340,1,2,1,1.0,6,93070,M,,,93
201300042537,13,7,10,200,4,2,1,1.0,6,93070,M,,,93
201300042538,13,7,12,930,1,2,1,1.0,3,93070,M,,,93