Num_Acc,an,mois,jour,hrmn,lum,agg,int,atm,col,com,gps,lat,long,dep
201300042539,13,7,15,1910,1,2,1,1.0,3,93070,M,,,93
201300042540,13,7,24,520,2,2,1,8.0,1,93070,M,,,93
201300042541,13,7,26,1005,1,2,1,2.0,6,93070,M,,,93
201300042542,13,8,1,1700,1,2,4,1.0,2,93070,M,,,93
201300042543,13,8,8,840,1,2,1,1.0,7,93070,M,,,93
201300042544,13,7,25,5,3,2,4,1.0,6,93070,M,,,93
201300042545,13,8,16,1505,1,2,3,1.0,3,93070,M,,,93
201300042546,13,8,19,2255,3,2,1,1.0,7,93070,M,,,93
201300042547,13,9,2,1600,1,2,1,1.0,3,93070,M,,,93
201300042548,13,9,3,2030,1,2,1,1.0,6,93070,M,,,93
201300042549,13,9,4,900,1,2,1,1.0,7,93070,M,,,93
201300042550,13,9,10,2235,5,2,1,1.0,3,93070,M,,,93
201300042551,13,9,12,1725,1,2,3,2.0,2,93070,M,,,93
201300042552,13,9,15,2300,5,2,2,2.0,6,93070,M,,,93
201300042553,13,9,16,1530,1,2,1,2.0,3,93070,M,,,93
201300042554,13,9,17,1230,1,2,2,1.0,3,93070,M,,,93
201300042555,13,9,20,1650,1,2,1,1.0,6,93070,M,,,93
201300042556,13,10,2,1510,1,2,1,1.0,3,93070,M,,,93
201300042557,13,10,3,1220,1,2,1,1.0,6,93070,M,,,93
201300042558,13,10,3,1550,1,2,1,1.0,6,93070,M,,,93
201300042559,13,10,10,755,2,2,1,1.0,5,93070,M,,,93
201300042560,13,10,15,1800,1,2,2,1.0,1,93070,M,,,93
201300042561,13,10,3,2230,5,2,2,2.0,1,93070,M,,,93
201300042562,13,10,15,1633,1,2,1,1.0,6,93070,M,,,93
201300042563,13,11,5,755,1,2,3,2.0,3,93070,M,,,93
201300042564,13,11,5,1020,1,2,1,2.0,3,93070,M,,,93
201300042565,13,11,5,1650,2,2,2,2.0,6,93070,M,,,93
201300042566,13,11,8,1135,1,2,1,2.0,3,93070,M,,,93
201300042567,13,11,13,1935,4,2,1,1.0,6,93070,M,,,93
201300042568,13,11,14,1140,1,2,1,2.0,2,93070,M,,,93
201300042569,13,11,20,1800,5,2,1,3.0,6,93070,M,,,93
201300042570,13,11,20,1800,5,2,1,2.0,7,93070,M,,,93
201300042571,13,11,20,1810,4,2,1,3.0,6,93070,M,,,93
201300042572,13,11,20,2115,5,2,4,2.0,6,93070,M,,,93
201300042573,13,11,22,2230,5,2,2,1.0,3,93070,M,,,93
201300042574,13,11,24,1930,5,2,1,1.0,3,93070,M,,,93
201300042575,13,11,28,850,1,2,1,1.0,3,93070,M,,,93
201300042576,13,11,29,1825,5,2,1,2.0,6,93070,M,,,93
201300042577,13,12,15,1545,1,2,1,7.0,3,93070,M,,,93
201300042578,13,12,17,1850,2,2,1,1.0,6,93070,M,,,93
201300042579,13,12,18,1345,1,2,1,1.0,3,93070,M,,,93
201300042580,13,12,18,1900,2,2,1,1.0,3,93070,M,,,93
201300042581,13,12,19,910,1,2,1,1.0,6,93070,M,,,93
201300042582,13,12,19,1300,1,2,3,2.0,3,93070,M,,,93
201300042583,13,12,19,1930,5,2,1,1.0,3,93070,M,,,93
201300042584,13,12,29,2015,5,2,1,1.0,6,93070,M,,,93
201300042585,13,12,30,2025,5,2,2,2.0,3,93070,M,,,93
201300042586,13,4,6,1720,1,2,1,1.0,3,93071,M,,,93
201300042587,13,4,26,1505,1,2,1,1.0,7,93071,M,,,93
201300042588,13,1,27,1700,1,2,1,2.0,4,93005,M,,,93
201300042589,13,2,9,2215,5,2,1,1.0,6,93005,M,,,93
201300042590,13,2,15,1430,1,2,1,1.0,6,93005,M,,,93
201300042591,13,2,17,1730,1,2,1,1.0,3,93005,M,,,93
201300042592,13,6,16,1630,1,2,1,1.0,6,93071,M,,,93
201300042593,13,6,21,1800,1,2,3,1.0,3,93071,M,,,93
201300042594,13,7,12,1450,1,2,1,1.0,1,93071,M,,,93
201300042595,13,7,17,2150,1,2,3,1.0,6,93071,M,,,93
201300042596,13,7,26,255,5,2,2,1.0,3,93071,M,,,93
201300042597,13,7,27,1300,1,2,1,1.0,6,93071,M,,,93
201300042598,13,5,18,2100,5,2,1,2.0,6,93005,M,,,93
201300042599,13,11,8,1720,2,2,1,2.0,3,93071,M,,,93
201300042600,13,11,17,2215,5,2,1,1.0,6,93071,M,,,93
201300042601,13,12,24,1110,1,2,3,3.0,3,93071,M,,,93
201300042602,13,6,1,1635,1,2,2,1.0,3,93005,M,,,93
201300042603,13,6,12,1900,1,2,1,1.0,3,93005,M,,,93
201300042604,13,6,22,1450,1,2,2,1.0,3,93005,M,,,93
201300042605,13,6,25,825,1,2,2,1.0,3,93005,M,,,93
201300042606,13,7,1,835,1,2,1,1.0,3,93005,M,,,93
201300042607,13,7,1,1830,1,2,1,1.0,7,93005,M,,,93
201300042608,13,7,8,1500,1,2,1,1.0,3,93005,M,,,93
201300042609,13,7,10,1928,1,2,2,1.0,3,93005,M,,,93
201300042610,13,7,12,1600,1,2,1,1.0,6,93005,M,,,93
201300042611,13,7,20,525,2,2,2,1.0,3,93005,M,,,93
201300042612,13,7,26,100,5,2,1,1.0,7,93005,M,,,93
201300042613,13,7,29,2235,5,2,6,9.0,4,93005,M,,,93
201300042614,13,8,1,1655,1,2,6,1.0,3,93005,M,,,93
201300042615,13,8,8,1040,1,2,3,1.0,6,93005,M,,,93
201300042616,13,8,19,1804,1,1,2,1.0,1,93005,M,,,93
201300042617,13,8,20,1315,1,2,1,1.0,1,93005,M,,,93
201300042618,13,5,29,1000,1,2,1,,6,93071,M,,,93
201300042619,13,1,9,1940,5,2,1,3.0,6,93072,M,,,93
201300042620,13,12,10,950,1,2,1,1.0,6,93072,M,,,93
201300042621,13,1,11,1715,1,2,1,1.0,6,93059,M,,,93
201300042622,13,12,1,2000,5,2,1,1.0,2,93072,M,,,93
201300042623,13,1,28,1200,1,2,3,1.0,6,93059,M,,,93
201300042624,13,1,14,1505,1,2,1,1.0,4,93072,M,,,93
201300042625,13,5,6,55,5,2,1,1.0,7,93072,M,,,93
201300042626,13,5,3,1945,1,2,1,1.0,6,93059,M,,,93
201300042627,13,5,29,1750,1,2,9,1.0,6,93072,M,,,93
201300042628,13,6,21,850,1,2,2,2.0,3,93059,M,,,93
201300042629,13,6,22,1800,1,2,2,1.0,6,93072,M,,,93
201300042630,13,5,24,1710,1,2,1,8.0,6,93059,M,,,93
201300042631,13,6,19,1700,1,2,1,1.0,7,93072,M,,,93
201300042632,13,7,22,2050,5,2,1,1.0,6,93072,M,,,93
201300042633,13,9,19,840,1,2,2,1.0,5,93059,M,,,93
201300042634,13,9,11,1800,1,2,1,1.0,6,93072,M,,,93
201300042635,13,10,4,755,1,2,1,1.0,6,93072,M,,,93
201300042636,13,10,23,2050,5,2,1,1.0,6,93072,M,,,93
201300042637,13,10,18,1630,1,2,1,1.0,6,93072,M,,,93
201300042638,13,11,8,1120,1,2,1,2.0,2,93072,M,,,93
201300042639,13,11,8,1805,5,2,1,8.0,3,93059,M,,,93
201300042640,13,11,29,800,1,2,4,8.0,3,93059,M,,,93
201300042641,13,12,25,700,5,2,1,1.0,2,93072,M,,,93
201300042642,13,12,29,1330,1,2,1,1.0,6,93072,M,,,93
201300042643,13,2,21,1510,1,2,1,1.0,6,93059,M,,,93
201300042644,13,3,29,1020,1,2,1,1.0,3,93072,M,,,93
201300042645,13,4,15,1500,1,2,8,1.0,3,93072,M,,,93
201300042646,13,4,19,1020,1,2,3,1.0,3,93072,M,,,93
201300042647,13,11,19,1310,1,2,1,1.0,6,93059,M,,,93
201300042648,13,5,5,1745,1,2,1,1.0,6,93072,M,,,93
201300042649,13,7,24,1555,1,2,1,1.0,3,93059,M,,,93
201300042650,13,7,4,1730,1,2,1,1.0,6,93072,M,,,93
201300042651,13,7,13,2040,1,2,2,1.0,3,93072,M,,,93
201300042652,13,10,23,2230,5,2,2,1.0,3,93072,M,,,93
201300042653,13,7,28,1520,1,2,3,1.0,3,93059,M,,,93
201300042654,13,10,24,1505,1,2,1,1.0,3,93072,M,,,93
201300042655,13,11,11,1620,1,2,2,1.0,6,93072,M,,,93
201300042656,13,10,22,2245,3,2,2,1.0,3,93059,M,,,93
201300042657,13,11,21,1900,2,2,4,8.0,2,93072,M,,,93
201300042658,13,1,31,1440,1,2,1,1.0,3,93078,M,,,93
201300042659,13,2,1,930,1,2,3,2.0,3,93073,M,,,93
201300042660,13,2,4,715,3,2,1,1.0,6,93073,M,,,93
201300042661,13,2,6,940,1,2,6,2.0,6,93078,M,,,93
201300042662,13,2,6,1250,1,2,2,1.0,3,93078,M,,,93
201300042663,13,2,14,710,2,2,1,2.0,2,93078,M,,,93
201300042664,13,2,18,920,1,2,1,1.0,7,93073,M,,,93
201300042665,13,2,20,740,1,1,6,1.0,6,93078,M,,,93
201300042666,13,2,21,750,1,2,3,1.0,3,93078,M,,,93
201300042667,13,4,5,830,1,2,3,2.0,6,93078,M,,,93
201300042668,13,4,5,1010,1,2,1,1.0,6,93073,M,,,93
201300042669,13,4,7,1810,1,2,6,1.0,3,93078,M,,,93
201300042670,13,4,7,1825,1,2,2,1.0,3,93073,M,,,93
201300042671,13,4,14,1755,1,2,2,1.0,3,93073,M,,,93
201300042672,13,5,3,1320,1,2,1,1.0,1,93073,M,,,93
201300042673,13,5,5,1930,1,2,1,1.0,6,93073,M,,,93
201300042674,13,5,9,1300,1,2,1,1.0,6,93078,M,,,93
201300042675,13,5,10,135,5,2,1,1.0,1,93078,M,,,93
201300042676,13,5,13,1805,1,2,1,1.0,3,93078,M,,,93
201300042677,13,5,15,700,1,2,1,2.0,4,93078,M,,,93
201300042678,13,6,4,1300,1,2,1,1.0,6,93078,M,,,93
201300042679,13,6,14,1850,1,2,1,1.0,7,93078,M,,,93
201300042680,13,6,15,1530,1,2,3,1.0,6,93078,M,,,93
201300042681,13,6,20,1545,1,2,1,1.0,1,93073,M,,,93
201300042682,13,6,22,1430,1,1,1,2.0,6,93078,M,,,93
201300042683,13,6,27,1805,1,2,1,1.0,6,93073,M,,,93
201300042684,13,6,21,1755,1,2,3,1.0,3,93078,M,,,93
201300042685,13,6,30,2000,1,2,6,1.0,3,93078,M,,,93
201300042686,13,7,6,1530,1,2,1,1.0,1,93078,M,,,93
201300042687,13,7,6,1525,1,1,6,1.0,3,93078,M,,,93
201300042688,13,7,8,800,1,2,1,1.0,3,93073,M,,,93
201300042689,13,7,15,1730,1,2,1,1.0,3,93073,M,,,93
201300042690,13,7,20,1500,1,2,2,1.0,3,93078,M,,,93
201300042691,13,7,23,1600,1,2,1,1.0,6,93073,M,,,93
201300042692,13,7,24,1615,1,2,2,1.0,3,93073,M,,,93
201300042693,13,7,24,1900,1,2,1,1.0,5,93073,M,,,93
201300042694,13,8,1,2035,1,2,6,1.0,2,93078,M,,,93
201300042695,13,8,4,2005,1,2,2,1.0,3,93078,M,,,93
201300042696,13,8,5,815,1,2,1,1.0,5,93078,M,,,93
201300042697,13,8,6,620,1,2,1,1.0,6,93073,M,,,93
201300042698,13,8,8,1745,1,2,3,1.0,3,93073,M,,,93
201300042699,13,8,8,1715,1,2,1,1.0,4,93078,M,,,93
201300042700,13,8,23,1240,1,2,2,1.0,3,93078,M,,,93
201300042701,13,9,1,1335,1,2,6,1.0,7,93073,M,,,93
201300042702,13,9,2,1807,1,2,1,1.0,6,93078,M,,,93
201300042703,13,9,3,1910,1,2,1,1.0,1,93078,M,,,93
201300042704,13,9,4,1850,1,2,1,1.0,3,93078,M,,,93
201300042705,13,9,5,1445,1,2,1,1.0,4,93073,M,,,93
201300042706,13,9,5,1800,1,2,1,1.0,4,93073,M,,,93
201300042707,13,9,9,1145,1,2,1,3.0,3,93078,M,,,93
201300042708,13,9,12,2025,2,2,6,1.0,2,93078,M,,,93
201300042709,13,9,14,2030,5,2,2,2.0,5,93078,M,,,93
201300042710,13,9,15,1320,1,2,1,1.0,2,93078,M,,,93
201300042711,13,9,15,1345,1,2,1,1.0,3,93078,M,,,93
201300042712,13,9,17,1940,1,2,6,2.0,2,93078,M,,,93
201300042713,13,9,18,1550,1,2,1,2.0,3,93078,M,,,93
201300042714,13,9,19,1535,1,2,2,1.0,6,93078,M,,,93
201300042715,13,9,21,420,5,2,2,8.0,2,93078,M,,,93
201300042716,13,9,21,2000,5,2,3,1.0,3,93073,M,,,93
201300042717,13,9,22,1730,1,2,1,1.0,4,93078,M,,,93
201300042718,13,9,24,1000,1,2,1,1.0,2,93078,M,,,93
201300042719,13,10,2,1940,5,2,1,1.0,6,93078,M,,,93
201300042720,13,10,5,2015,5,2,1,1.0,6,93078,M,,,93
201300042721,13,10,7,1710,1,2,1,1.0,3,93078,M,,,93
201300042722,13,10,8,930,1,2,3,1.0,3,93078,M,,,93
201300042723,13,10,9,1455,1,1,1,2.0,2,93078,M,,,93
201300042724,13,10,12,1820,1,1,1,1.0,3,93078,M,,,93
201300042725,13,10,14,1440,1,2,5,1.0,3,93078,M,,,93
201300042726,13,10,15,1730,1,2,5,1.0,1,93078,M,,,93
201300042727,13,10,25,1830,5,2,3,2.0,3,93073,M,,,93
201300042728,13,10,31,910,1,2,6,1.0,3,93073,M,,,93
201300042729,13,11,2,1048,1,2,1,1.0,6,93078,M,,,93
201300042730,13,11,7,2325,5,2,2,2.0,3,93078,M,,,93
201300042731,13,11,4,1150,1,2,2,3.0,3,93078,M,,,93
201300042732,13,11,10,615,3,2,1,2.0,6,93078,M,,,93
201300042733,13,11,10,1630,1,2,3,1.0,3,93073,M,,,93
201300042734,13,11,13,330,3,2,1,1.0,6,93078,M,,,93
201300042735,13,11,13,330,5,2,1,2.0,6,93078,M,,,93
201300042736,13,11,14,650,5,2,2,1.0,3,93078,M,,,93
201300042737,13,11,20,830,1,2,2,1.0,3,93078,M,,,93
201300042738,13,11,22,1210,1,2,1,1.0,7,93073,M,,,93
201300042739,13,11,26,1355,1,2,1,1.0,2,93078,M,,,93
201300042740,13,11,27,2045,3,2,5,1.0,3,93073,M,,,93
201300042741,13,11,28,910,1,2,1,1.0,2,93078,M,,,93
201300042742,13,11,28,1000,1,2,2,1.0,6,93073,M,,,93
201300042743,13,11,28,1535,1,1,1,2.0,2,93078,M,,,93
201300042744,13,11,30,1600,1,2,1,1.0,4,93078,M,,,93
201300042745,13,12,7,1550,1,2,2,1.0,3,93078,M,,,93
201300042746,13,12,10,1730,5,2,2,1.0,3,93078,M,,,93
201300042747,13,12,11,1610,1,2,1,1.0,6,93078,M,,,93
201300042748,13,12,11,1735,2,2,1,9.0,6,93078,M,,,93
201300042749,13,12,11,2150,5,2,1,1.0,7,93078,M,,,93
201300042750,13,12,12,1150,1,2,6,1.0,6,93078,M,,,93
201300042751,13,12,12,1610,1,2,8,1.0,6,93073,M,,,93
201300042752,13,5,30,845,1,2,1,2.0,6,94002,M,,,94
201300042753,13,5,29,1840,1,2,1,1.0,6,94002,M,,,94
201300042754,13,6,4,820,1,2,1,1.0,2,94002,M,,,94
201300042755,13,1,8,955,1,2,2,1.0,3,94002,M,,,94
201300042756,13,6,6,1405,1,2,2,1.0,6,94002,M,,,94
201300042757,13,6,6,1900,1,2,3,1.0,3,94002,M,,,94
201300042758,13,1,11,755,5,2,3,1.0,6,94002,M,,,94
201300042759,13,1,14,2220,5,2,1,4.0,3,94002,M,,,94
201300042760,13,6,14,1040,1,2,3,1.0,3,94002,M,,,94
201300042761,13,6,22,1255,1,2,1,1.0,6,94002,M,,,94
201300042762,13,7,4,2330,5,2,2,1.0,3,94002,M,,,94
201300042763,13,7,9,2205,1,2,1,1.0,6,94002,M,,,94
201300042764,13,7,18,725,1,2,3,1.0,3,94002,M,,,94
201300042765,13,2,11,1130,1,2,1,8.0,3,94002,M,,,94
201300042766,13,2,13,1600,1,2,1,1.0,6,94002,M,,,94
201300042767,13,2,20,1840,5,2,1,1.0,6,94002,M,,,94
201300042768,13,2,20,2020,5,2,8,1.0,6,94002,M,,,94
201300042769,13,2,22,725,5,2,2,8.0,1,94002,M,,,94
201300042770,13,8,24,1750,1,2,2,8.0,3,94002,M,,,94
201300042771,13,3,8,1305,1,2,1,2.0,3,94002,M,,,94
201300042772,13,9,1,1215,1,2,1,1.0,3,94002,M,,,94
201300042773,13,3,20,1610,1,2,2,1.0,6,94002,M,,,94
201300042774,13,9,11,715,2,2,1,1.0,6,94002,M,,,94
201300042775,13,3,30,1300,1,2,2,1.0,3,94002,M,,,94
201300042776,13,9,27,1805,1,2,3,1.0,3,94002,M,,,94
201300042777,13,4,12,2000,2,2,3,1.0,2,94002,M,,,94
201300042778,13,4,26,945,1,2,1,1.0,6,94002,M,,,94
201300042779,13,4,29,1035,1,2,1,1.0,1,94002,M,,,94
201300042780,13,10,22,1245,1,2,3,1.0,6,94002,M,,,94
201300042781,13,5,5,2010,1,2,2,1.0,3,94002,M,,,94
201300042782,13,5,8,1840,1,2,2,1.0,6,94002,M,,,94
201300042783,13,10,30,1025,1,2,9,1.0,3,94002,M,,,94
201300042784,13,5,12,2210,5,2,1,2.0,3,94002,M,,,94
201300042785,13,11,5,1350,1,2,3,2.0,3,94002,M,,,94
201300042786,13,5,20,1745,1,2,2,2.0,3,94002,M,,,94
201300042787,13,11,10,2235,5,2,2,1.0,3,94002,M,,,94
201300042788,13,11,12,955,1,2,2,2.0,3,94002,M,,,94
201300042789,13,11,13,700,5,2,2,2.0,3,94002,M,,,94
201300042790,13,11,18,1140,1,2,1,8.0,1,94002,M,,,94
201300042791,13,11,22,1615,1,2,3,1.0,3,94002,M,,,94
201300042792,13,11,29,1630,1,2,2,2.0,6,94002,M,,,94
201300042793,13,10,1,1045,1,2,3,1.0,3,94002,M,,,94
201300042794,13,10,2,845,1,2,2,1.0,5,94002,M,,,94
201300042795,13,12,2,40,5,2,1,1.0,6,94002,M,,,94
201300042796,13,12,3,755,1,2,1,1.0,2,94002,M,,,94
201300042797,13,12,24,1640,2,2,1,2.0,6,94002,M,,,94
201300042798,13,12,28,2155,5,2,2,1.0,1,94002,M,,,94
201300042799,13,2,10,500,5,2,9,9.0,6,94071,M,,,94
201300042800,13,10,2,1820,1,2,1,1.0,7,94004,M,,,94
201300042801,13,10,5,203,3,2,1,1.0,7,94004,M,4875480.0,250557.0,94
201300042802,13,10,8,1835,1,2,9,1.0,6,94075,M,,,94
201300042803,13,9,30,810,1,2,3,1.0,1,94047,M,,,94
201300042804,13,10,15,1055,1,2,4,8.0,3,94004,M,,,94
201300042805,13,1,25,655,4,2,1,1.0,6,94071,M,,,94
201300042806,13,1,4,1720,5,2,3,1.0,1,94004,M,4875440.0,250600.0,94
201300042807,13,11,4,930,1,2,2,2.0,2,94004,M,4874940.0,250840.0,94
201300042808,13,11,5,1510,1,2,1,2.0,6,94071,M,,,94
201300042809,13,1,7,1912,5,2,3,1.0,2,94004,M,,,94
201300042810,13,11,8,805,2,2,1,2.0,7,94004,M,4875060.0,250750.0,94
201300042811,13,11,9,945,1,2,1,1.0,1,94071,M,,,94
201300042812,13,11,10,620,5,2,1,2.0,3,94075,M,,,94
201300042813,13,11,21,1755,2,2,1,2.0,3,94044,M,,,94
201300042814,13,11,18,1535,1,2,1,1.0,3,94071,M,,,94
201300042815,13,1,14,725,2,1,1,1.0,7,94004,M,4873840.0,251714.0,94
201300042816,13,1,14,830,1,2,1,1.0,3,94071,M,,,94
201300042817,13,1,17,1750,5,2,1,1.0,6,94071,M,,,94
201300042818,13,1,19,1200,1,2,1,4.0,1,94071,M,,,94
201300042819,13,11,19,940,1,2,1,2.0,6,94071,M,,,94
201300042820,13,1,20,2020,5,2,1,4.0,1,94075,M,,,94
201300042821,13,1,24,835,1,2,1,8.0,5,94044,M,4874530.0,251129.0,94
201300042822,13,1,24,1320,1,2,1,1.0,7,94071,M,,,94
201300042823,13,1,25,1640,1,2,1,1.0,6,94004,M,,,94
201300042824,13,1,26,1800,1,2,1,1.0,1,94044,M,,,94
201300042825,13,11,26,1630,1,2,1,1.0,6,94004,M,,,94
201300042826,13,11,26,1800,3,2,1,1.0,2,94004,M,4875960.0,249965.0,94
201300042827,13,1,27,2050,5,2,1,1.0,6,94047,M,,,94
201300042828,13,11,29,910,1,2,1,1.0,6,94071,M,,,94
201300042829,13,2,1,1000,1,2,3,2.0,6,94071,M,,,94
201300042830,13,2,2,1940,5,2,1,9.0,1,94075,M,4873390.0,251826.0,94
201300042831,13,2,4,900,1,2,3,1.0,3,94071,M,,,94
201300042832,13,12,4,1125,1,2,1,1.0,3,94071,M,,,94
201300042833,13,12,7,1400,1,2,1,1.0,6,94004,M,4875690.0,250450.0,94
201300042834,13,2,8,800,2,2,1,8.0,7,94004,M,,,94
201300042835,13,2,8,1520,1,2,1,1.0,3,94044,M,,,94
201300042836,13,2,9,2015,5,2,3,1.0,3,94075,M,,,94
201300042837,13,12,9,1350,1,2,4,1.0,7,94075,M,4873130.0,252392.0,94
201300042838,13,2,9,1815,5,2,2,1.0,6,94004,M,,,94
201300042839,13,12,12,2045,5,2,3,1.0,3,94075,M,4872750.0,253101.0,94
201300042840,13,12,13,1130,1,2,1,1.0,6,94071,M,,,94
201300042841,13,12,16,845,1,2,9,1.0,6,94044,M,,,94
201300042842,13,2,16,1800,2,2,1,1.0,2,94004,M,4875390.0,249835.0,94
201300042843,13,2,16,1220,1,2,1,1.0,2,94075,M,4873610.0,251887.0,94
201300042844,13,7,14,600,1,2,1,1.0,6,94075,M,,,94
201300042845,13,12,17,1145,1,2,1,1.0,6,94044,M,,,94
201300042846,13,2,17,730,2,2,3,5.0,2,94075,M,4873130.0,252392.0,94
201300042847,13,2,18,1840,5,2,3,1.0,3,94044,M,,,94
201300042848,13,2,18,1355,1,2,2,1.0,3,94071,M,,,94
201300042849,13,12,19,955,1,2,6,1.0,2,94044,M,,,94
201300042850,13,12,19,1940,3,1,1,1.0,1,94048,M,4872710.0,255345.0,94
201300042851,13,12,20,930,1,2,3,7.0,6,94075,M,,,94
201300042852,13,12,20,1200,1,2,1,1.0,1,94004,M,,,94
201300042853,13,12,21,1135,1,2,1,1.0,4,94044,M,,,94
201300042854,13,12,22,2245,5,2,1,8.0,6,94075,M,4873430.0,252052.0,94
201300042855,13,2,27,1005,1,2,1,1.0,3,94071,M,,,94
201300042856,13,2,27,1640,1,2,9,1.0,6,94004,M,,,94
201300042857,13,2,28,850,1,2,6,1.0,7,94071,M,,,94
201300042858,13,4,16,1750,1,2,1,1.0,6,94044,M,,,94
201300042859,13,3,1,1020,1,2,4,1.0,6,94071,M,,,94
201300042860,13,3,3,2350,5,2,2,1.0,3,94004,M,,,94
201300042861,13,3,7,2110,5,1,3,1.0,6,94075,M,,,94
201300042862,13,3,9,847,1,2,1,1.0,6,94071,M,,,94
201300042863,13,10,3,1630,1,2,1,1.0,6,94071,M,,,94
201300042864,13,10,3,1755,1,2,4,1.0,3,94004,M,4875160.0,250682.0,94
201300042865,13,3,16,710,2,2,1,1.0,6,94071,M,,,94
201300042866,13,3,20,1300,1,2,1,1.0,2,94071,M,,,94
201300042867,13,3,25,700,2,2,1,1.0,5,94004,M,,,94
201300042868,13,3,25,1635,1,2,1,1.0,2,94056,M,,,94
201300042869,13,4,3,2100,5,2,1,1.0,5,94071,M,,,94
201300042870,13,4,4,815,1,2,1,1.0,3,94071,M,,,94
201300042871,13,4,4,2010,5,2,3,1.0,2,94004,M,4875910.0,250051.0,94
201300042872,13,11,4,1015,1,1,1,2.0,1,94044,M,,,94
201300042873,13,4,12,830,1,2,1,8.0,1,94071,M,,,94
201300042874,13,4,14,1000,1,2,1,1.0,3,94075,M,,,94
201300042875,13,4,17,800,1,2,1,1.0,6,94071,M,,,94
201300042876,13,4,17,2155,5,2,3,1.0,2,94004,M,,,94
201300042877,13,4,21,1100,1,2,3,1.0,2,94075,M,4872750.0,253101.0,94
201300042878,13,4,23,940,1,2,6,1.0,7,94071,M,,,94
201300042879,13,4,25,750,1,2,1,1.0,2,94071,M,,,94
201300042880,13,4,25,955,1,2,6,1.0,3,94071,M,,,94
201300042881,13,7,11,2230,2,2,6,1.0,3,94071,M,,,94
201300042882,13,7,25,2100,2,2,1,1.0,6,94071,M,4876620.0,250360.0,94
201300042883,13,1,25,1630,1,2,1,1.0,6,94071,M,,,94
201300042884,13,5,4,1715,1,2,3,1.0,1,94004,M,4875510.0,250528.0,94
201300042885,13,5,4,1900,1,2,1,1.0,6,94044,M,,,94
201300042886,13,5,7,2000,2,1,1,1.0,4,94044,M,,,94
201300042887,13,9,25,830,1,2,3,1.0,1,94004,M,,,94
201300042888,13,5,10,1445,1,2,1,1.0,1,94004,M,,,94
201300042889,13,5,10,2100,1,2,3,1.0,3,94071,M,,,94
201300042890,13,11,25,740,2,2,1,1.0,5,94071,M,,,94
201300042891,13,5,14,1755,1,2,1,1.0,7,94071,M,,,94
201300042892,13,5,14,1920,1,2,2,1.0,6,94004,M,4875150.0,250692.0,94
201300042893,13,5,15,915,1,2,3,1.0,2,94075,M,4873440.0,252044.0,94
201300042894,13,5,21,1410,1,2,1,2.0,6,94075,M,,,94
201300042895,13,5,22,1240,1,2,6,1.0,3,94071,M,,,94
201300042896,13,5,23,1615,1,2,1,1.0,6,94044,M,,,94
201300042897,13,5,24,1710,1,2,1,2.0,7,94044,M,,,94
201300042898,13,5,26,315,5,2,3,1.0,3,94004,M,4875440.0,250600.0,94
201300042899,13,5,26,2015,1,2,1,1.0,6,94075,M,,,94
201300042900,13,5,6,2140,5,2,1,1.0,6,94044,M,,,94
201300042901,13,6,6,930,1,1,1,1.0,7,94075,M,4872740.0,253309.0,94
201300042902,13,6,7,1000,1,2,2,1.0,3,94071,M,,,94
201300042903,13,6,8,1300,1,2,1,1.0,7,94044,M,,,94
201300042904,13,6,8,1855,1,2,1,1.0,6,94044,M,,,94
201300042905,13,6,8,1715,1,2,1,1.0,7,94071,M,,,94
201300042906,13,6,8,1755,1,2,3,1.0,3,94004,M,,,94
201300042907,13,6,9,2110,2,1,1,1.0,6,94004,M,4876030.0,249835.0,94
201300042908,13,6,14,1420,1,2,1,2.0,4,94071,M,,,94
201300042909,13,6,20,740,1,2,1,2.0,7,94044,M,,,94
201300042910,13,6,22,440,2,2,1,1.0,6,94044,M,,,94
201300042911,13,6,22,1539,1,2,1,2.0,2,94071,M,,,94
201300042912,13,6,24,1950,1,2,1,1.0,2,94004,M,,,94
201300042913,13,6,27,745,1,2,1,2.0,3,94044,M,,,94
201300042914,13,6,28,1310,1,2,6,2.0,6,94070,M,,,94
201300042915,13,6,30,2115,2,2,1,1.0,3,94004,M,,,94
201300042916,13,7,3,1315,1,2,1,1.0,3,94071,M,,,94
201300042917,13,7,3,1330,1,2,1,1.0,2,94044,M,,,94
201300042918,13,4,17,1515,1,2,3,1.0,3,94004,M,4875440.0,250600.0,94
201300042919,13,7,5,1745,1,1,1,1.0,4,94048,M,4872780.0,254955.0,94
201300042920,13,6,17,1710,1,1,3,1.0,3,94056,M,,,94
201300042921,13,7,8,2020,1,2,6,1.0,7,94070,M,4871560.0,257386.0,94
201300042922,13,7,11,930,1,2,7,1.0,3,94075,M,,,94
201300042923,13,7,18,1900,1,2,9,1.0,6,94044,M,,,94
201300042924,13,7,20,1100,1,2,1,1.0,6,94056,M,,,94
201300042925,13,7,23,1030,1,2,3,1.0,3,94071,M,,,94
201300042926,13,7,24,715,1,2,1,1.0,7,94004,M,4875410.0,250632.0,94
201300042927,13,7,25,840,1,2,1,7.0,3,94071,M,,,94
201300042928,13,7,30,1015,1,2,1,1.0,2,94071,M,,,94
201300042929,13,8,4,530,5,2,1,1.0,7,94044,M,4874190.0,248514.0,94
201300042930,13,8,6,1950,1,2,3,1.0,3,94071,M,,,94
201300042931,13,8,8,1115,1,2,1,1.0,1,94075,M,,,94
201300042932,13,8,8,1845,1,2,3,1.0,1,94071,M,,,94
201300042933,13,11,18,1040,1,2,2,1.0,3,94071,M,,,94