Num_Acc,an,mois,jour,hrmn,lum,agg,int,atm,col,com,gps,lat,long,dep
201300042934,13,8,13,1220,1,1,3,1.0,2,94075,M,4873440.0,252044.0,94
201300042935,13,8,13,2010,1,2,1,1.0,6,94071,M,,,94
201300042936,13,8,14,1650,1,2,1,1.0,6,94004,M,4875610.0,250473.0,94
201300042937,13,8,15,1500,1,1,9,1.0,6,94070,M,,,94
201300042938,13,8,18,1210,1,2,1,1.0,6,94075,M,,,94
201300042939,13,8,27,2100,5,2,6,1.0,7,94071,M,,,94
201300042940,13,8,28,1210,1,2,3,1.0,3,94071,M,,,94
201300042941,13,8,30,1915,1,2,1,1.0,2,94071,M,,,94
201300042942,13,9,2,1520,1,2,1,1.0,6,94044,M,,,94
201300042943,13,4,29,1730,1,2,1,1.0,6,94075,M,,,94
201300042944,13,9,4,1000,1,2,3,1.0,2,94075,M,4873130.0,252392.0,94
201300042945,13,9,5,1710,1,2,4,1.0,3,94004,M,,,94
201300042946,13,5,29,825,1,1,1,1.0,7,94048,M,,,94
201300042947,13,9,6,920,1,2,1,3.0,2,94044,M,,,94
201300042948,13,9,14,1630,1,2,1,2.0,3,94071,M,,,94
201300042949,13,9,16,1625,1,2,2,8.0,3,94071,M,,,94
201300042950,13,9,19,1800,1,1,6,1.0,3,94044,M,,,94
201300042951,13,1,1,300,5,2,1,2.0,6,94017,M,,,94
201300042952,13,1,2,1105,1,2,4,1.0,3,94017,M,,,94
201300042953,13,1,3,2120,5,2,1,1.0,2,94017,M,,,94
201300042954,13,1,4,1830,5,2,1,1.0,2,94017,M,,,94
201300042955,13,1,5,1810,5,2,1,1.0,3,94017,M,,,94
201300042956,13,1,10,910,1,2,1,2.0,6,94017,M,,,94
201300042957,13,1,10,1015,1,2,1,1.0,6,94017,M,,,94
201300042958,13,1,10,1730,2,2,1,2.0,1,94017,M,,,94
201300042959,13,1,11,920,1,2,3,1.0,3,94017,M,,,94
201300042960,13,1,11,1140,1,2,1,1.0,3,94017,M,,,94
201300042961,13,1,11,2330,5,2,1,1.0,6,94017,M,,,94
201300042962,13,1,12,1300,1,2,2,1.0,3,94017,M,,,94
201300042963,13,1,12,2010,5,2,4,1.0,1,94017,M,,,94
201300042964,13,1,17,1830,5,2,1,1.0,4,94017,M,,,94
201300042965,13,1,27,1500,1,2,1,1.0,6,94017,M,,,94
201300042966,13,1,29,800,1,2,1,2.0,1,94017,M,,,94
201300042967,13,2,3,1855,2,2,1,1.0,6,94017,M,,,94
201300042968,13,2,5,1815,5,2,1,1.0,6,94017,M,,,94
201300042969,13,2,6,730,5,2,1,3.0,3,94017,M,,,94
201300042970,13,2,20,1920,5,2,1,1.0,6,94017,M,,,94
201300042971,13,2,26,1810,1,2,1,1.0,6,94017,M,,,94
201300042972,13,3,6,2030,5,2,1,2.0,1,94017,M,,,94
201300042973,13,3,16,1030,1,2,1,1.0,6,94017,M,,,94
201300042974,13,3,21,10,5,2,3,1.0,1,94017,M,4882610.0,252115.0,94
201300042975,13,3,20,10,5,2,2,2.0,3,94017,M,,,94
201300042976,13,3,17,2010,5,2,1,1.0,3,94017,M,,,94
201300042977,13,3,2,1050,1,2,1,1.0,3,94017,M,,,94
201300042978,13,3,28,2215,5,2,2,1.0,3,94017,M,,,94
201300042979,13,4,1,1850,1,2,1,1.0,2,94017,M,,,94
201300042980,13,3,29,1815,1,2,1,1.0,2,94017,M,,,94
201300042981,13,4,2,1350,1,2,3,1.0,6,94017,M,,,94
201300042982,13,4,4,1541,1,2,1,1.0,6,94017,M,,,94
201300042983,13,4,12,1730,1,2,1,1.0,6,94017,M,,,94
201300042984,13,4,13,2150,5,2,1,1.0,2,94017,M,,,94
201300042985,13,4,16,835,1,2,2,1.0,3,94017,M,,,94
201300042986,13,4,24,1300,1,2,1,1.0,3,94017,M,,,94
201300042987,13,4,22,1830,1,2,1,1.0,3,94017,M,,,94
201300042988,13,4,19,1935,1,2,2,1.0,3,94017,M,,,94
201300042989,13,4,24,1510,1,2,1,1.0,6,94017,M,,,94
201300042990,13,4,24,1630,1,2,1,1.0,6,94017,M,,,94
201300042991,13,4,30,1210,1,2,1,1.0,2,94017,M,,,94
201300042992,13,4,30,1640,1,2,1,1.0,3,94017,M,,,94
201300042993,13,5,1,1600,1,2,1,1.0,6,94017,M,,,94
201300042994,13,5,3,1600,1,2,1,1.0,2,94017,M,,,94
201300042995,13,5,6,1840,1,2,3,1.0,6,94017,M,,,94
201300042996,13,5,11,1755,1,2,1,1.0,6,94017,M,,,94
201300042997,13,5,25,1500,1,2,1,2.0,6,94017,M,,,94
201300042998,13,5,27,1820,1,2,1,1.0,6,94017,M,,,94
201300042999,13,5,31,1100,1,2,1,1.0,3,94017,M,,,94
201300043000,13,5,31,1900,1,2,1,1.0,6,94017,M,,,94
201300043001,13,6,8,1247,1,2,1,1.0,3,94017,M,,,94
201300043002,13,6,9,740,1,2,1,1.0,1,94017,M,,,94
201300043003,13,6,14,1900,1,2,1,1.0,3,94017,M,,,94
201300043004,13,6,18,900,1,2,1,1.0,6,94017,M,,,94
201300043005,13,6,18,1115,1,2,1,1.0,2,94017,M,,,94
201300043006,13,6,19,1230,1,2,2,1.0,3,94017,M,,,94
201300043007,13,6,20,715,1,2,1,1.0,2,94017,M,,,94
201300043008,13,6,20,1700,1,2,3,1.0,3,94017,M,,,94
201300043009,13,6,21,855,1,2,6,1.0,6,94017,M,,,94
201300043010,13,6,21,1130,1,2,1,1.0,3,94017,M,,,94
201300043011,13,6,21,1930,1,2,1,1.0,6,94017,M,,,94
201300043012,13,6,26,1650,1,2,3,1.0,6,94017,M,,,94
201300043013,13,6,27,1815,1,2,1,1.0,6,94017,M,,,94
201300043014,13,6,30,930,1,2,1,1.0,6,94017,M,,,94
201300043015,13,7,4,1700,1,2,6,1.0,2,94017,M,,,94
201300043016,13,7,8,720,1,2,2,1.0,3,94017,M,,,94
201300043017,13,7,11,1050,1,2,1,1.0,4,94017,M,,,94
201300043018,13,7,12,1920,1,2,1,1.0,4,94017,M,,,94
201300043019,13,7,13,210,5,2,1,1.0,2,94017,M,,,94
201300043020,13,7,18,1145,1,2,6,1.0,1,94017,M,,,94
201300043021,13,7,19,720,1,2,1,1.0,2,94017,M,,,94
201300043022,13,7,20,1700,1,2,2,1.0,3,94017,M,,,94
201300043023,13,8,1,1620,1,2,2,1.0,3,94017,M,,,94
201300043024,13,8,6,1200,1,2,1,1.0,2,94017,M,,,94
201300043025,13,8,11,1725,1,1,1,1.0,3,94017,M,,,94
201300043026,13,8,12,2345,5,2,1,1.0,4,94017,M,,,94
201300043027,13,8,14,1010,1,2,1,1.0,2,94017,M,,,94
201300043028,13,8,20,1450,1,2,1,1.0,3,94017,M,,,94
201300043029,13,8,29,2320,5,2,1,1.0,6,94017,M,,,94
201300043030,13,9,3,2000,1,2,2,1.0,3,94017,M,,,94
201300043031,13,9,5,845,1,2,1,1.0,1,94017,M,,,94
201300043032,13,9,10,1740,1,2,1,1.0,3,94017,M,,,94
201300043033,13,9,13,1320,1,2,1,1.0,6,94017,M,,,94
201300043034,13,9,14,2345,5,2,1,3.0,6,94017,M,,,94
201300043035,13,9,16,1640,1,2,1,1.0,6,94017,M,,,94
201300043036,13,9,18,1345,1,2,1,1.0,5,94017,M,,,94
201300043037,13,9,22,1620,1,2,1,1.0,2,94017,M,,,94
201300043038,13,9,23,2240,5,2,2,1.0,3,94017,M,,,94
201300043039,13,9,24,1700,1,2,1,1.0,3,94017,M,,,94
201300043040,13,9,24,1820,1,2,1,1.0,6,94017,M,,,94
201300043041,13,9,27,2015,5,2,3,1.0,3,94017,M,,,94
201300043042,13,9,28,2250,5,2,1,1.0,6,94017,M,,,94
201300043043,13,10,6,1200,1,2,1,1.0,3,94017,M,,,94
201300043044,13,10,7,2350,5,2,6,1.0,2,94017,M,,,94
201300043045,13,10,12,1730,1,2,1,1.0,3,94017,M,,,94
201300043046,13,10,26,1200,1,2,1,2.0,6,94017,M,,,94
201300043047,13,10,26,1250,1,2,2,2.0,3,94017,M,,,94
201300043048,13,11,6,1830,5,2,1,1.0,3,94017,M,,,94
201300043049,13,11,7,1650,1,2,2,1.0,6,94017,M,,,94
201300043050,13,11,20,710,1,2,1,1.0,3,94017,M,,,94
201300043051,13,11,25,1330,1,2,2,1.0,3,94017,M,,,94
201300043052,13,11,28,1550,1,2,1,1.0,2,94017,M,,,94
201300043053,13,12,2,1445,1,2,1,1.0,2,94017,M,,,94
201300043054,13,12,14,1845,5,2,1,1.0,6,94017,M,,,94
201300043055,13,12,19,800,5,2,2,2.0,1,94017,M,,,94
201300043056,13,12,21,1800,3,2,1,1.0,6,94017,M,,,94
201300043057,13,1,3,2100,5,2,3,8.0,3,94018,M,,,94
201300043058,13,6,4,1000,1,2,1,1.0,2,94018,M,,,94
201300043059,13,6,5,1900,1,2,1,1.0,7,94018,M,,,94
201300043060,13,1,12,1425,1,2,1,2.0,6,94018,M,,,94
201300043061,13,6,7,1445,1,2,1,1.0,6,94018,M,,,94
201300043062,13,1,22,1340,1,2,1,2.0,2,94018,M,,,94
201300043063,13,6,16,1045,1,2,1,1.0,6,94018,M,,,94
201300043064,13,6,19,1745,1,2,1,3.0,3,94018,M,,,94
201300043065,13,2,2,1955,3,2,1,1.0,2,94018,M,,,94
201300043066,13,6,25,830,1,2,3,1.0,1,94018,M,,,94
201300043067,13,2,5,1545,1,2,1,1.0,6,94069,M,,,94
201300043068,13,2,8,715,2,2,2,8.0,3,94018,M,,,94
201300043069,13,6,30,1043,1,2,3,1.0,3,94018,M,,,94
201300043070,13,7,1,1220,1,2,1,1.0,6,94018,M,,,94
201300043071,13,7,7,130,5,2,1,1.0,7,94018,M,,,94
201300043072,13,2,18,1705,1,2,2,1.0,7,94018,M,,,94
201300043073,13,7,12,1540,1,2,1,1.0,6,94018,M,,,94
201300043074,13,7,12,2035,1,2,1,1.0,6,94018,M,,,94
201300043075,13,7,14,1835,1,2,1,1.0,2,94069,M,,,94
201300043076,13,2,28,940,1,2,6,1.0,7,94018,M,,,94
201300043077,13,3,4,2125,5,2,1,1.0,6,94069,M,,,94
201300043078,13,3,6,2115,5,2,1,1.0,2,94069,M,,,94
201300043079,13,3,7,1755,1,2,1,1.0,2,94069,M,,,94
201300043080,13,3,16,810,1,2,1,1.0,5,94069,M,,,94
201300043081,13,3,16,1300,1,2,1,1.0,6,94018,M,,,94
201300043082,13,8,5,1845,1,2,1,1.0,3,94069,M,,,94
201300043083,13,3,19,750,1,2,1,1.0,1,94069,M,,,94
201300043084,13,3,19,2335,5,2,2,2.0,3,94018,M,,,94
201300043085,13,3,23,1310,1,2,9,1.0,2,94069,M,,,94
201300043086,13,3,23,1810,1,2,1,1.0,6,94069,M,,,94
201300043087,13,8,14,1140,1,2,3,1.0,3,94018,M,,,94
201300043088,13,3,30,350,5,2,1,1.0,7,94018,M,,,94
201300043089,13,8,21,400,5,2,1,1.0,7,94069,M,,,94
201300043090,13,8,21,1305,1,2,1,1.0,3,94018,M,,,94
201300043091,13,4,3,915,1,2,2,1.0,3,94069,M,,,94
201300043092,13,4,14,1850,1,2,1,1.0,6,94069,M,,,94
201300043093,13,4,27,1120,1,2,3,8.0,5,94018,M,,,94
201300043094,13,4,27,1620,1,2,2,1.0,3,94018,M,,,94
201300043095,13,5,3,1200,1,2,1,1.0,6,94018,M,,,94
201300043096,13,9,14,1445,1,2,1,2.0,6,94069,M,,,94
201300043097,13,5,17,1530,1,2,3,1.0,6,94018,M,,,94
201300043098,13,5,22,35,5,2,1,2.0,7,94018,M,,,94
201300043099,13,5,22,1350,1,2,1,1.0,4,94018,M,,,94
201300043100,13,5,28,835,1,2,1,2.0,1,94069,M,,,94
201300043101,13,10,8,1400,1,2,1,1.0,6,94018,M,,,94
201300043102,13,10,8,1900,1,2,2,1.0,2,94018,M,,,94
201300043103,13,10,12,1040,1,2,1,1.0,6,94069,M,,,94
201300043104,13,10,22,1000,1,2,1,1.0,6,94069,M,,,94
201300043105,13,11,6,1700,2,2,1,1.0,6,94018,M,,,94
201300043106,13,11,8,1940,5,1,1,2.0,3,94069,M,,,94
201300043107,13,11,10,1750,5,2,3,1.0,3,94069,M,,,94
201300043108,13,11,17,1855,5,2,1,1.0,3,94018,M,,,94
201300043109,13,12,13,45,5,2,2,1.0,3,94018,M,,,94
201300043110,13,12,24,1022,1,2,3,2.0,6,94069,M,,,94
201300043111,13,6,25,25,5,2,9,1.0,1,94018,M,,,94
201300043112,13,7,31,1945,1,2,1,1.0,6,94018,M,,,94
201300043113,13,1,3,815,2,2,2,2.0,3,94079,M,,,94
201300043114,13,1,9,1755,3,2,1,2.0,3,94019,M,,,94
201300043115,13,1,14,1230,1,2,2,1.0,6,94019,M,,,94
201300043116,13,1,14,1815,5,2,1,8.0,6,94055,M,,,94
201300043117,13,1,15,850,2,2,2,4.0,3,94059,M,,,94
201300043118,13,2,11,1715,1,2,1,1.0,6,94059,M,,,94
201300043119,13,2,14,820,1,1,1,2.0,6,94079,M,,,94
201300043120,13,2,16,1055,1,2,1,1.0,6,94079,M,,,94
201300043121,13,2,17,225,5,2,1,1.0,3,94055,M,,,94
201300043122,13,2,21,835,1,2,1,1.0,3,94019,M,,,94
201300043123,13,2,21,1745,1,2,1,1.0,3,94055,M,,,94
201300043124,13,2,21,1700,1,2,2,1.0,1,94079,M,,,94
201300043125,13,2,28,1645,1,2,1,1.0,6,94055,M,,,94
201300043126,13,3,1,2220,5,1,1,1.0,7,94059,M,,,94
201300043127,13,3,9,25,3,1,1,2.0,6,94060,M,,,94
201300043128,13,3,19,1040,1,2,1,1.0,3,94079,M,,,94
201300043129,13,3,20,950,1,2,1,1.0,6,94079,M,,,94
201300043130,13,3,21,2215,5,2,2,2.0,2,94060,M,,,94
201300043131,13,3,22,1210,1,2,1,1.0,6,94055,M,,,94
201300043132,13,3,29,1130,1,2,3,1.0,1,94019,M,,,94
201300043133,13,3,29,1540,1,2,7,1.0,6,94055,M,,,94
201300043134,13,3,30,1156,1,2,1,1.0,6,94060,M,,,94
201300043135,13,4,2,1515,1,2,1,1.0,2,94079,M,,,94
201300043136,13,4,2,1550,1,2,2,1.0,3,94019,M,,,94
201300043137,13,4,6,1200,1,2,2,1.0,3,94053,M,,,94
201300043138,13,4,7,1035,1,2,1,1.0,6,94059,M,,,94
201300043139,13,4,9,1950,1,2,6,2.0,3,94019,M,,,94
201300043140,13,4,10,1145,1,2,1,1.0,6,94019,M,,,94
201300043141,13,4,16,2215,5,2,1,1.0,6,94019,M,,,94
201300043142,13,4,18,1903,1,2,4,1.0,3,94019,M,,,94
201300043143,13,4,25,1145,1,2,2,1.0,6,94079,M,,,94
201300043144,13,5,1,15,5,2,2,2.0,3,94059,M,,,94
201300043145,13,5,2,1715,1,2,1,1.0,6,94055,M,,,94
201300043146,13,5,6,745,1,2,1,1.0,3,94055,M,,,94
201300043147,13,5,7,520,5,2,3,1.0,3,94060,M,,,94
201300043148,13,5,11,1850,1,2,5,1.0,3,94019,M,,,94
201300043149,13,5,18,1120,1,2,2,1.0,3,94055,M,,,94
201300043150,13,5,20,800,1,2,1,2.0,1,94053,M,,,94
201300043151,13,5,24,1200,1,2,1,3.0,1,94019,M,,,94
201300043152,13,5,24,1630,1,2,1,3.0,5,94019,M,,,94
201300043153,13,5,27,1240,1,2,2,1.0,2,94019,M,,,94
201300043154,13,5,27,1840,1,2,1,1.0,2,94079,M,,,94
201300043155,13,5,30,830,1,2,5,2.0,3,94055,M,,,94
201300043156,13,5,31,1500,1,2,1,8.0,6,94079,M,,,94
201300043157,13,6,3,2155,5,2,1,1.0,6,94079,M,,,94
201300043158,13,6,4,1215,1,2,1,1.0,3,94019,M,,,94
201300043159,13,6,7,1725,1,2,9,1.0,6,94079,M,,,94
201300043160,13,6,9,1600,1,2,1,2.0,3,94019,M,,,94
201300043161,13,6,10,1845,1,2,2,1.0,2,94079,M,,,94
201300043162,13,6,11,440,5,2,9,1.0,3,94055,M,,,94
201300043163,13,6,13,2115,2,2,1,8.0,3,94059,M,,,94
201300043164,13,6,18,2000,1,2,3,1.0,3,94019,M,,,94
201300043165,13,6,20,1030,1,2,1,2.0,6,94079,M,,,94
201300043166,13,6,21,700,1,2,3,8.0,3,94059,M,,,94
201300043167,13,6,21,750,1,2,2,1.0,3,94055,M,,,94
201300043168,13,6,21,1210,1,1,1,1.0,5,94060,M,,,94
201300043169,13,6,25,1610,1,2,2,1.0,3,94055,M,,,94
201300043170,13,6,4,1500,1,2,6,1.0,2,94019,M,,,94
201300043171,13,6,28,1220,1,2,1,2.0,3,94019,M,,,94
201300043172,13,6,29,1306,1,2,1,1.0,4,94059,M,,,94
201300043173,13,7,8,1900,1,2,1,1.0,2,94019,M,,,94
201300043174,13,7,9,1650,1,2,2,1.0,3,94079,M,,,94
201300043175,13,7,11,2010,1,2,4,1.0,3,94019,M,,,94
201300043176,13,7,13,1320,1,2,1,1.0,2,94060,M,,,94
201300043177,13,7,17,800,1,2,6,1.0,3,94059,M,,,94
201300043178,13,7,19,2005,1,2,1,1.0,3,94060,M,,,94
201300043179,13,7,20,1450,1,2,2,1.0,1,94019,M,,,94
201300043180,13,7,28,340,5,2,2,1.0,3,94059,M,,,94
201300043181,13,8,14,2320,5,2,3,1.0,3,94079,M,,,94
201300043182,13,6,27,1725,1,2,1,1.0,6,94060,M,,,94
201300043183,13,8,27,840,1,2,2,1.0,3,94079,M,,,94
201300043184,13,8,27,1240,1,2,1,1.0,3,94055,M,,,94
201300043185,13,9,4,805,1,2,3,1.0,5,94059,M,,,94
201300043186,13,9,4,2015,1,2,1,1.0,1,94079,M,,,94
201300043187,13,9,5,620,5,2,1,1.0,6,94055,M,,,94
201300043188,13,9,7,1650,1,2,1,1.0,2,94079,M,,,94
201300043189,13,9,12,1620,1,2,1,1.0,2,94019,M,,,94
201300043190,13,9,13,2135,4,2,1,2.0,3,94055,M,,,94
201300043191,13,9,14,1830,1,2,2,2.0,3,94079,M,,,94
201300043192,13,9,19,1620,1,2,1,1.0,3,94019,M,,,94
201300043193,13,9,24,1615,1,2,1,1.0,6,94019,M,,,94
201300043194,13,9,26,1715,1,2,1,1.0,3,94019,M,,,94
201300043195,13,10,1,1220,1,2,2,1.0,7,94059,M,,,94
201300043196,13,10,4,2018,5,2,3,1.0,3,94079,M,,,94
201300043197,13,10,5,1715,1,2,1,1.0,2,94060,M,,,94
201300043198,13,10,6,1845,1,2,1,8.0,7,94060,M,,,94
201300043199,13,10,11,910,1,2,1,2.0,3,94079,M,,,94
201300043200,13,10,14,750,1,2,2,1.0,6,94060,M,,,94
201300043201,13,10,16,930,1,2,2,8.0,3,94059,M,,,94
201300043202,13,10,22,1140,1,2,1,1.0,5,94060,M,,,94
201300043203,13,10,26,1120,1,2,3,2.0,3,94019,M,,,94
201300043204,13,10,28,1620,1,2,1,1.0,6,94079,M,,,94
201300043205,13,10,29,1725,1,2,2,1.0,3,94059,M,,,94
201300043206,13,10,31,1455,1,2,4,1.0,6,94055,M,,,94
201300043207,13,10,31,1650,1,2,1,1.0,6,94059,M,,,94
201300043208,13,11,2,925,1,2,3,2.0,3,94079,M,,,94
201300043209,13,11,5,855,1,2,2,3.0,7,94059,M,,,94
201300043210,13,11,8,810,1,2,3,2.0,3,94055,M,,,94
201300043211,13,11,14,1300,1,2,2,3.0,3,94019,M,,,94
201300043212,13,11,18,1150,1,2,1,1.0,6,94059,M,,,94
201300043213,13,11,27,1315,1,2,2,1.0,3,94019,M,,,94
201300043214,13,12,2,1455,1,2,3,1.0,3,94019,M,,,94
201300043215,13,12,2,2255,3,2,1,1.0,3,94053,M,,,94
201300043216,13,12,9,910,1,2,2,1.0,3,94059,M,,,94
201300043217,13,12,13,1422,1,2,1,1.0,3,94019,M,,,94
201300043218,13,12,18,800,5,2,1,1.0,6,94060,M,,,94
201300043219,13,12,20,815,1,2,1,1.0,6,94055,M,,,94
201300043220,13,12,20,1750,5,2,2,1.0,4,94055,M,,,94
201300043221,13,12,22,930,1,2,2,2.0,3,94053,M,,,94
201300043222,13,12,24,1935,5,2,3,2.0,3,94079,M,,,94
201300043223,13,12,27,915,1,2,6,2.0,3,94055,M,,,94
201300043224,13,12,27,1557,1,2,1,8.0,6,94059,M,,,94
201300043225,13,12,27,1940,5,2,1,2.0,6,94079,M,,,94
201300043226,13,8,17,640,2,2,2,1.0,6,94022,M,,,94
201300043227,13,12,16,2355,5,2,1,1.0,6,94022,M,,,94
201300043228,13,8,18,1950,2,2,2,1.0,3,94022,M,,,94
201300043229,13,1,25,755,1,2,3,1.0,3,94022,M,,,94
201300043230,13,8,20,905,1,2,1,1.0,6,94022,M,,,94
201300043231,13,4,28,1515,1,2,3,1.0,6,94054,M,,,94
201300043232,13,12,19,1325,1,2,2,1.0,3,94054,M,,,94
201300043233,13,3,18,900,1,2,1,1.0,2,94022,M,,,94
201300043234,13,8,24,1850,1,2,9,1.0,6,94022,M,,,94
201300043235,13,5,5,430,5,1,1,1.0,2,94081,M,4877340.0,240314.0,94
201300043236,13,3,31,2215,5,2,1,1.0,6,94022,M,,,94
201300043237,13,8,28,1625,1,2,2,1.0,3,94054,M,,,94
201300043238,13,5,6,1330,1,2,2,1.0,3,94022,M,,,94
201300043239,13,12,28,1030,1,2,1,1.0,7,94022,M,,,94
201300043240,13,8,29,1900,1,2,1,1.0,2,94022,M,,,94
201300043241,13,5,9,1325,1,2,1,1.0,6,94022,M,,,94
201300043242,13,5,11,505,5,2,2,1.0,3,94022,M,,,94
201300043243,13,12,31,1620,1,2,1,1.0,6,94054,M,,,94
201300043244,13,5,13,1650,1,2,1,1.0,7,94054,M,,,94
201300043245,13,9,5,1000,1,2,1,1.0,6,94022,M,,,94
201300043246,13,9,6,1810,1,2,1,1.0,6,94022,M,,,94
201300043247,13,1,18,2120,5,2,1,4.0,2,94022,M,,,94
201300043248,13,9,9,1235,1,2,1,2.0,3,94022,M,,,94
201300043249,13,8,31,440,5,2,1,1.0,2,94054,M,,,94
201300043250,13,10,14,1235,1,2,1,1.0,2,94022,M,,,94
201300043251,13,8,28,1905,1,2,2,1.0,3,94054,M,,,94
201300043252,13,9,20,1645,1,2,1,1.0,6,94054,M,,,94
201300043253,13,11,18,850,1,2,1,1.0,6,94022,M,,,94
201300043254,13,12,3,825,1,2,1,1.0,5,94022,M,,,94
201300043255,13,4,30,1905,1,2,2,1.0,6,94022,M,,,94
201300043256,13,2,5,1115,1,1,1,8.0,4,94022,M,,,94
201300043257,13,6,1,1045,1,2,1,1.0,6,94022,M,,,94
201300043258,13,2,7,1830,5,2,2,1.0,3,94022,M,,,94
201300043259,13,5,10,1130,1,2,1,1.0,6,94022,M,,,94
201300043260,13,9,27,1435,1,2,1,1.0,6,94022,M,,,94
201300043261,13,6,3,720,1,2,1,1.0,6,94022,M,,,94
201300043262,13,6,4,1615,1,2,1,1.0,6,94054,M,,,94
201300043263,13,10,1,715,2,2,1,1.0,6,94054,M,,,94
201300043264,13,2,12,1625,1,2,1,8.0,6,94022,M,,,94
201300043265,13,10,4,730,2,2,9,1.0,2,94054,M,,,94
201300043266,13,10,4,1900,5,2,1,1.0,2,94022,M,,,94
201300043267,13,6,10,820,1,2,2,1.0,3,94054,M,,,94
201300043268,13,2,18,1120,1,2,1,1.0,6,94054,M,,,94
201300043269,13,6,12,1140,1,2,9,8.0,3,94022,M,,,94
201300043270,13,10,9,2000,3,1,1,2.0,2,94081,M,4877340.0,240309.0,94
201300043271,13,6,16,1510,1,2,1,1.0,6,94022,M,,,94
201300043272,13,10,12,1550,1,2,1,1.0,5,94054,M,,,94
201300043273,13,6,18,1710,1,2,2,1.0,3,94054,M,,,94
201300043274,13,10,17,525,5,2,2,2.0,3,94022,M,,,94
201300043275,13,10,20,1205,1,2,1,2.0,3,94022,M,,,94
201300043276,13,10,20,2200,5,2,2,8.0,4,94022,M,,,94
201300043277,13,10,21,1245,1,2,1,1.0,6,94022,M,,,94
201300043278,13,3,4,1750,1,2,1,1.0,3,94022,M,,,94
201300043279,13,3,6,1735,1,2,3,1.0,3,94054,M,,,94
201300043280,13,7,1,1740,1,2,1,1.0,6,94022,M,,,94
201300043281,13,7,2,1140,1,2,1,1.0,3,94054,M,,,94
201300043282,13,7,2,1525,1,2,1,1.0,6,94022,M,,,94
201300043283,13,10,31,1500,1,2,3,8.0,2,94054,M,,,94
201300043284,13,7,6,1905,1,2,1,1.0,7,94054,M,,,94
201300043285,13,11,6,910,1,2,1,8.0,2,94022,M,,,94
201300043286,13,3,22,913,1,2,1,1.0,3,94022,M,,,94
201300043287,13,11,8,2000,5,2,1,2.0,7,94022,M,,,94
201300043288,13,11,9,1730,5,2,1,2.0,6,94054,M,,,94
201300043289,13,3,24,1845,2,2,1,1.0,6,94022,M,,,94
201300043290,13,3,25,1649,1,2,1,1.0,3,94022,M,,,94
201300043291,13,11,14,635,5,2,7,1.0,6,94054,M,,,94
201300043292,13,7,18,1430,1,2,2,1.0,6,94022,M,,,94
201300043293,13,3,31,1120,1,2,1,1.0,3,94022,M,,,94
201300043294,13,3,31,1615,1,2,1,1.0,3,94022,M,,,94
201300043295,13,11,18,1550,1,2,1,1.0,6,94054,M,,,94
201300043296,13,3,31,2050,5,2,1,1.0,3,94022,M,,,94
201300043297,13,7,20,2145,5,2,1,1.0,3,94022,M,,,94
201300043298,13,4,2,1340,1,2,1,1.0,6,94022,M,,,94
201300043299,13,7,23,1345,1,2,3,2.0,3,94022,M,,,94
201300043300,13,7,23,2050,2,2,1,1.0,3,94022,M,,,94
201300043301,13,11,21,1850,5,2,1,2.0,6,94022,M,,,94
201300043302,13,11,22,1500,1,2,3,8.0,2,94022,M,,,94
201300043303,13,11,22,1820,5,2,1,1.0,6,94054,M,,,94
201300043304,13,7,26,1100,1,2,1,1.0,6,94022,M,4876520.0,240948.0,94
201300043305,13,4,6,1600,1,2,3,1.0,3,94054,M,,,94
201300043306,13,7,26,2035,1,2,1,1.0,6,94022,M,,,94
201300043307,13,11,25,2230,5,2,2,1.0,3,94022,M,,,94
201300043308,13,11,27,1215,1,2,1,1.0,6,94022,M,,,94
201300043309,13,4,12,1810,1,2,1,2.0,2,94054,M,,,94
201300043310,13,8,1,1845,1,2,3,7.0,6,94022,M,,,94
201300043311,13,12,2,1000,1,2,9,1.0,3,94022,M,,,94
201300043312,13,12,4,1150,1,2,3,1.0,2,94022,M,,,94
201300043313,13,4,18,1840,1,2,7,1.0,6,94022,M,,,94
201300043314,13,12,8,1320,1,2,1,1.0,6,94022,M,,,94
201300043315,13,12,9,800,1,2,1,1.0,3,94022,M,,,94
201300043316,13,8,9,1200,1,2,1,1.0,2,94054,M,,,94
201300043317,13,8,12,1750,1,2,3,1.0,2,94022,M,,,94
201300043318,13,4,25,720,1,2,1,1.0,6,94073,M,4875330.0,240552.0,94
201300043319,13,1,3,1100,1,2,1,2.0,2,94028,M,4878110.0,243754.0,94
201300043320,13,1,7,1900,3,2,1,1.0,6,94011,M,,,94
201300043321,13,1,8,1235,1,2,1,1.0,6,94028,M,,,94
201300043322,13,1,14,500,5,2,1,9.0,6,94028,M,,,94
201300043323,13,1,9,2000,3,2,6,1.0,6,94028,M,4877460.0,243934.0,94
201300043324,13,1,16,1405,1,2,3,1.0,3,94028,M,,,94
201300043325,13,1,15,800,2,2,1,2.0,3,94028,M,,,94
201300043326,13,1,14,1910,1,2,1,1.0,6,94028,M,,,94
201300043327,13,1,22,1650,1,2,2,1.0,6,94028,M,,,94
201300043328,13,1,26,1800,5,2,1,1.0,2,94011,M,,,94
201300043329,13,1,26,1910,5,2,1,1.0,2,94011,M,,,94
201300043330,13,1,28,1715,2,2,1,1.0,6,94028,M,,,94
201300043331,13,1,30,843,1,2,1,2.0,6,94028,M,,,94
201300043332,13,2,1,1710,2,2,3,1.0,3,94028,M,,,94
201300043333,13,2,3,1630,1,2,1,1.0,6,94028,M,,,94
201300043334,13,2,2,5,5,2,1,1.0,4,94028,M,,,94
201300043335,13,1,31,1525,1,2,1,1.0,2,94028,M,,,94
201300043336,13,2,5,1110,1,2,1,1.0,2,94011,M,,,94