Num_Acc,an,mois,jour,hrmn,lum,agg,int,atm,col,com,gps,lat,long,dep
201300043337,13,2,6,915,1,2,1,1.0,6,94028,M,,,94
201300043338,13,2,9,1630,1,2,1,2.0,6,94011,M,,,94
201300043339,13,2,11,1715,1,2,1,1.0,3,94028,M,,,94
201300043340,13,2,11,1810,1,2,1,1.0,2,94028,M,,,94
201300043341,13,2,13,945,1,2,1,1.0,6,94028,M,,,94
201300043342,13,2,13,1245,1,2,1,1.0,3,94028,M,,,94
201300043343,13,2,16,340,3,2,1,1.0,6,94028,M,,,94
201300043344,13,2,16,1410,1,2,1,1.0,6,94028,M,,,94
201300043345,13,2,16,1825,2,2,1,1.0,6,94028,M,,,94
201300043346,13,2,17,1530,1,2,1,1.0,2,94028,M,,,94
201300043347,13,2,18,1730,1,2,1,1.0,6,94028,M,,,94
201300043348,13,2,22,1120,1,2,1,1.0,2,94028,M,,,94
201300043349,13,2,24,150,5,2,1,4.0,7,94028,M,,,94
201300043350,13,3,1,110,5,1,1,1.0,6,94028,M,,,94
201300043351,13,3,1,1830,1,2,1,1.0,2,94028,M,,,94
201300043352,13,3,2,1950,5,2,1,1.0,4,94011,M,,,94
201300043353,13,3,1,2340,5,2,1,1.0,2,94028,M,,,94
201300043354,13,3,5,1450,1,2,1,1.0,3,94028,M,,,94
201300043355,13,3,7,2230,5,2,1,1.0,3,94011,M,,,94
201300043356,13,3,15,1815,1,2,1,1.0,6,94028,M,,,94
201300043357,13,3,20,2100,5,2,1,1.0,3,94028,M,,,94
201300043358,13,3,22,1110,1,2,1,1.0,6,94028,M,,,94
201300043359,13,4,3,1715,1,2,1,1.0,6,94028,M,,,94
201300043360,13,4,6,1545,1,2,3,1.0,6,94028,M,,,94
201300043361,13,4,8,15,3,2,1,1.0,6,94028,M,,,94
201300043362,13,4,6,1350,1,2,3,1.0,3,94028,M,,,94
201300043363,13,4,10,845,1,2,1,1.0,3,94011,M,,,94
201300043364,13,4,10,1715,1,2,1,1.0,2,94028,M,,,94
201300043365,13,4,11,1545,1,2,1,1.0,2,94028,M,,,94
201300043366,13,4,17,845,1,2,1,1.0,6,94011,M,,,94
201300043367,13,4,17,1026,1,2,1,1.0,6,94028,M,,,94
201300043368,13,4,18,2150,3,2,1,1.0,3,94028,M,,,94
201300043369,13,4,18,1430,1,2,1,1.0,3,94028,M,,,94
201300043370,13,4,18,1735,1,2,6,1.0,3,94028,M,4877460.0,243934.0,94
201300043371,13,4,19,815,1,2,1,1.0,6,94028,M,,,94
201300043372,13,4,22,1330,1,2,1,1.0,2,94028,M,,,94
201300043373,13,4,22,1520,1,2,1,1.0,2,94011,M,,,94
201300043374,13,4,23,1410,1,2,1,1.0,2,94028,M,,,94
201300043375,13,4,25,1215,1,2,1,1.0,2,94028,M,,,94
201300043376,13,4,29,900,1,2,1,1.0,3,94028,M,,,94
201300043377,13,4,28,2030,1,2,1,1.0,3,94028,M,,,94
201300043378,13,5,6,1530,1,2,1,1.0,2,94011,M,4876120.0,249689.0,94
201300043379,13,5,9,125,3,2,1,1.0,7,94028,M,,,94
201300043380,13,5,10,1345,1,2,6,1.0,6,94011,M,,,94
201300043381,13,5,12,1355,1,2,1,1.0,6,94028,M,,,94
201300043382,13,5,12,2250,5,2,1,2.0,6,94011,M,,,94
201300043383,13,5,12,2200,5,2,9,2.0,3,94028,M,,,94
201300043384,13,5,15,1200,1,2,1,1.0,2,94011,M,,,94
201300043385,13,5,17,822,1,2,1,1.0,2,94028,M,,,94
201300043386,13,5,20,1750,1,2,1,1.0,6,94028,M,,,94
201300043387,13,5,21,1635,1,2,6,1.0,3,94028,M,4877460.0,243934.0,94
201300043388,13,5,21,1100,1,2,1,1.0,2,94028,M,,,94
201300043389,13,5,21,1030,1,2,1,2.0,2,94028,M,,,94
201300043390,13,5,22,1810,1,2,1,1.0,6,94028,M,,,94
201300043391,13,5,18,315,5,2,1,1.0,4,94028,M,,,94
201300043392,13,5,28,1045,1,2,1,1.0,6,94028,M,,,94
201300043393,13,5,28,1640,1,2,1,1.0,6,94028,M,,,94
201300043394,13,5,29,1350,1,2,1,1.0,6,94028,M,,,94
201300043395,13,5,30,800,1,2,1,2.0,6,94028,M,,,94
201300043396,13,5,31,1315,1,2,1,1.0,6,94011,M,,,94
201300043397,13,5,31,1710,1,2,1,1.0,6,94028,M,,,94
201300043398,13,6,5,1700,1,2,1,1.0,2,94011,M,,,94
201300043399,13,6,8,940,1,2,1,1.0,2,94028,M,,,94
201300043400,13,6,8,735,1,2,1,1.0,3,94028,M,4877280.0,243967.0,94
201300043401,13,6,9,405,5,2,1,2.0,6,94028,M,4879460.0,244543.0,94
201300043402,13,6,7,910,1,2,1,1.0,6,94011,M,,,94
201300043403,13,6,13,1620,1,2,3,2.0,3,94028,M,,,94
201300043404,13,6,16,430,2,1,6,1.0,3,94028,M,4877400.0,243915.0,94
201300043405,13,6,17,840,1,2,1,1.0,6,94028,M,,,94
201300043406,13,6,17,1930,1,2,6,2.0,2,94028,M,,,94
201300043407,13,6,16,225,3,1,6,1.0,2,94028,M,4877460.0,243934.0,94
201300043408,13,6,18,1630,1,2,2,1.0,5,94028,M,4878020.0,243777.0,94
201300043409,13,6,18,1850,1,2,1,1.0,2,94028,M,,,94
201300043410,13,6,19,830,1,2,1,3.0,4,94028,M,,,94
201300043411,13,6,21,2230,5,2,1,1.0,3,94028,M,,,94
201300043412,13,6,23,1200,1,2,1,1.0,6,94028,M,,,94
201300043413,13,6,22,650,1,2,1,1.0,6,94028,M,,,94
201300043414,13,6,23,1900,1,2,1,1.0,6,94011,M,,,94
201300043415,13,6,23,1800,1,2,1,1.0,6,94028,M,,,94
201300043416,13,6,25,310,5,2,1,1.0,3,94028,M,,,94
201300043417,13,6,25,1930,1,2,1,1.0,3,94011,M,,,94
201300043418,13,6,26,1150,1,2,6,1.0,6,94028,M,,,94
201300043419,13,6,26,2050,1,2,1,1.0,6,94028,M,,,94
201300043420,13,6,28,1030,1,2,1,1.0,6,94028,M,,,94
201300043421,13,6,28,1120,1,2,1,1.0,2,94028,M,,,94
201300043422,13,6,28,1130,1,2,1,1.0,6,94028,M,,,94
201300043423,13,6,30,55,5,2,1,1.0,2,94028,M,,,94
201300043424,13,6,30,1545,1,2,1,1.0,3,94011,M,,,94
201300043425,13,7,1,1905,1,2,1,1.0,2,94028,M,,,94
201300043426,13,7,2,1025,1,2,1,1.0,6,94028,M,,,94
201300043427,13,7,2,1655,1,2,1,1.0,6,94028,M,,,94
201300043428,13,7,2,2125,2,2,1,1.0,3,94028,M,,,94
201300043429,13,7,9,1320,1,2,1,1.0,2,94028,M,,,94
201300043430,13,7,10,1930,1,2,1,1.0,2,94028,M,,,94
201300043431,13,7,11,2000,1,2,1,1.0,6,94028,M,,,94
201300043432,13,7,11,1640,1,1,1,1.0,6,94028,M,,,94
201300043433,13,7,12,1345,1,2,1,1.0,6,94028,M,,,94
201300043434,13,7,14,1115,1,2,1,1.0,6,94011,M,,,94
201300043435,13,7,14,1520,1,2,3,1.0,3,94028,M,,,94
201300043436,13,7,17,2025,1,2,1,1.0,6,94028,M,,,94
201300043437,13,7,19,1501,1,2,1,1.0,3,94028,M,,,94
201300043438,13,7,22,830,1,2,1,1.0,6,94028,M,,,94
201300043439,13,7,24,2250,5,2,1,1.0,3,94028,M,4878120.0,246496.0,94
201300043440,13,7,25,1610,1,2,3,1.0,6,94028,M,,,94
201300043441,13,8,5,2015,1,2,1,1.0,6,94028,M,,,94
201300043442,13,8,6,1640,1,2,1,1.0,6,94028,M,,,94
201300043443,13,8,20,1550,1,2,1,1.0,2,94028,M,,,94
201300043444,13,8,25,155,5,2,1,2.0,7,94028,M,,,94
201300043445,13,8,26,1150,1,2,6,1.0,3,94028,M,4877460.0,243934.0,94
201300043446,13,8,27,1555,1,2,1,2.0,6,94028,M,,,94
201300043447,13,8,30,1210,1,2,1,1.0,6,94028,M,,,94
201300043448,13,9,3,1610,1,2,1,1.0,2,94028,M,,,94
201300043449,13,9,4,1240,1,2,1,1.0,6,94028,M,,,94
201300043450,13,9,12,1000,1,2,1,1.0,6,94028,M,,,94
201300043451,13,9,12,1355,1,2,1,1.0,3,94028,M,,,94
201300043452,13,9,14,2040,2,2,1,3.0,4,94011,M,,,94
201300043453,13,9,17,1000,1,2,6,2.0,2,94028,M,4877460.0,243934.0,94
201300043454,13,9,18,1700,1,1,1,2.0,2,94028,M,4877600.0,243825.0,94
201300043455,13,9,21,650,2,2,1,1.0,6,94028,M,,,94
201300043456,13,9,22,1550,1,2,1,1.0,3,94011,M,,,94
201300043457,13,9,22,1630,1,2,1,1.0,3,94028,M,,,94
201300043458,13,9,18,1219,1,2,1,1.0,7,94028,M,,,94
201300043459,13,9,25,1650,1,2,1,1.0,6,94028,M,,,94
201300043460,13,9,26,1355,1,2,1,1.0,6,94028,M,,,94
201300043461,13,9,26,2250,5,2,2,1.0,2,94028,M,4878020.0,243777.0,94
201300043462,13,9,23,1920,1,2,1,1.0,2,94011,M,,,94
201300043463,13,10,1,1200,1,2,1,1.0,2,94028,M,,,94
201300043464,13,10,4,2120,5,2,1,1.0,6,94028,M,,,94
201300043465,13,10,6,1010,1,2,1,1.0,6,94028,M,,,94
201300043466,13,10,7,1450,1,2,1,1.0,3,94011,M,,,94
201300043467,13,10,9,1715,1,2,1,1.0,2,94028,M,,,94
201300043468,13,10,11,1730,1,2,1,1.0,2,94028,M,,,94
201300043469,13,10,13,1400,1,2,2,1.0,3,94028,M,,,94
201300043470,13,10,16,1420,1,2,1,2.0,7,94011,M,,,94
201300043471,13,10,16,1630,1,2,1,2.0,6,94011,M,,,94
201300043472,13,10,18,1846,1,2,1,1.0,6,94011,M,,,94
201300043473,13,10,19,1625,1,2,1,1.0,6,94028,M,,,94
201300043474,13,10,22,815,1,2,1,1.0,6,94028,M,,,94
201300043475,13,10,23,1210,1,2,1,1.0,6,94011,M,,,94
201300043476,13,10,23,1730,1,2,1,1.0,6,94011,M,,,94
201300043477,13,10,26,1810,2,2,1,1.0,2,94011,M,,,94
201300043478,13,10,28,1035,1,2,1,1.0,6,94028,M,,,94
201300043479,13,10,29,1210,1,2,1,1.0,4,94028,M,,,94
201300043480,13,10,29,1040,1,2,1,1.0,3,94028,M,4878120.0,243745.0,94
201300043481,13,10,29,845,1,2,1,1.0,6,94011,M,,,94
201300043482,13,11,1,1200,1,2,1,2.0,3,94011,M,,,94
201300043483,13,11,12,1930,3,2,1,1.0,3,94028,M,,,94
201300043484,13,11,12,1930,3,2,1,1.0,3,94028,M,,,94
201300043485,13,11,13,615,5,2,2,1.0,2,94028,M,4878020.0,243777.0,94
201300043486,13,11,13,735,5,2,1,1.0,3,94028,M,,,94
201300043487,13,11,15,1025,1,2,1,1.0,1,94028,M,,,94
201300043488,13,11,13,1230,1,2,1,1.0,6,94028,M,,,94
201300043489,13,11,17,1910,5,2,1,1.0,2,94028,M,,,94
201300043490,13,11,12,1620,1,1,1,2.0,3,94028,M,,,94
201300043491,13,11,18,820,1,2,1,1.0,6,94011,M,,,94
201300043492,13,11,15,1150,1,2,1,1.0,6,94011,M,,,94
201300043493,13,11,23,1630,5,2,1,1.0,4,94011,M,,,94
201300043494,13,11,22,1715,3,2,1,1.0,6,94011,M,,,94
201300043495,13,11,26,1245,1,2,1,1.0,6,94028,M,,,94
201300043496,13,11,26,1755,5,2,1,1.0,6,94028,M,,,94
201300043497,13,11,27,1235,1,2,1,1.0,6,94028,M,,,94
201300043498,13,11,27,1700,1,2,1,1.0,2,94028,M,,,94
201300043499,13,11,26,1350,1,2,1,1.0,6,94028,M,,,94
201300043500,13,12,1,840,1,2,2,1.0,1,94028,M,4878870.0,245139.0,94
201300043501,13,12,2,1920,5,2,1,1.0,2,94028,M,,,94
201300043502,13,12,3,1150,1,2,1,1.0,6,94028,M,,,94
201300043503,13,12,6,1545,1,2,1,1.0,6,94011,M,,,94
201300043504,13,12,10,1500,1,2,1,1.0,2,94011,M,,,94
201300043505,13,12,10,1530,2,2,1,1.0,3,94028,M,,,94
201300043506,13,12,14,1145,1,2,1,1.0,2,94028,M,,,94
201300043507,13,12,19,1150,1,2,1,1.0,2,94028,M,,,94
201300043508,13,12,20,2115,5,2,1,1.0,1,94028,M,,,94
201300043509,13,12,21,2330,5,2,1,1.0,6,94028,M,,,94
201300043510,13,12,21,1320,1,2,1,1.0,3,94011,M,,,94
201300043511,13,12,23,2000,5,2,1,2.0,1,94028,M,,,94
201300043512,13,12,24,1600,1,2,1,1.0,6,94028,M,,,94
201300043513,13,12,25,1535,1,2,1,1.0,1,94028,M,,,94
201300043514,13,12,31,930,1,2,1,1.0,3,94028,M,4877610.0,243879.0,94
201300043515,13,12,31,2205,3,2,1,1.0,6,94028,M,,,94
201300043516,13,1,18,1750,5,2,7,4.0,6,94033,M,,,94
201300043517,13,1,25,715,5,2,2,1.0,3,94033,M,,,94
201300043518,13,1,30,1210,1,2,1,3.0,2,94033,M,,,94
201300043519,13,1,30,1940,5,2,3,1.0,1,94033,M,,,94
201300043520,13,2,2,345,5,2,4,2.0,3,94033,M,4885250.0,246093.0,94
201300043521,13,2,23,815,1,2,1,1.0,6,94033,M,,,94
201300043522,13,3,3,1145,1,2,3,1.0,6,94033,M,,,94
201300043523,13,3,10,1405,1,2,1,8.0,3,94033,M,,,94
201300043524,13,3,27,655,1,2,1,1.0,6,94033,M,,,94
201300043525,13,4,17,1145,1,2,1,1.0,2,94033,M,,,94
201300043526,13,4,21,2150,5,2,2,1.0,3,94033,M,,,94
201300043527,13,4,29,1435,1,2,6,1.0,2,94033,M,,,94
201300043528,13,5,7,1055,1,2,2,1.0,3,94033,M,,,94
201300043529,13,5,14,1105,1,2,1,8.0,1,94033,M,,,94
201300043530,13,5,22,855,1,2,2,1.0,6,94033,M,,,94
201300043531,13,5,28,755,1,2,1,2.0,1,94033,M,,,94
201300043532,13,6,11,830,1,2,1,1.0,2,94033,M,,,94
201300043533,13,6,16,1845,1,2,1,1.0,1,94033,M,,,94
201300043534,13,6,18,1300,1,2,2,2.0,1,94033,M,,,94
201300043535,13,6,23,2105,1,2,2,2.0,1,94033,M,,,94
201300043536,13,6,26,940,1,2,1,1.0,3,94033,M,,,94
201300043537,13,7,10,1715,1,2,2,1.0,6,94033,M,,,94
201300043538,13,7,23,1700,1,2,1,1.0,3,94033,M,,,94
201300043539,13,7,17,2220,2,2,2,1.0,3,94033,M,,,94
201300043540,13,7,31,1725,1,2,1,1.0,6,94033,M,,,94
201300043541,13,8,3,335,5,2,1,1.0,6,94033,M,,,94
201300043542,13,8,2,1553,1,2,2,1.0,6,94033,M,,,94
201300043543,13,8,20,1850,1,2,1,7.0,7,94033,M,,,94
201300043544,13,8,17,2315,5,2,6,1.0,3,94033,M,,,94
201300043545,13,9,7,1350,1,2,2,1.0,3,94033,M,,,94
201300043546,13,9,11,925,1,2,1,1.0,3,94033,M,,,94
201300043547,13,9,14,2100,5,2,7,3.0,3,94033,M,,,94
201300043548,13,9,16,1720,1,2,1,2.0,3,94033,M,,,94
201300043549,13,9,21,1830,1,2,1,1.0,6,94033,M,,,94
201300043550,13,9,23,825,1,2,2,1.0,3,94033,M,,,94
201300043551,13,9,23,1735,1,2,2,1.0,1,94033,M,,,94
201300043552,13,9,28,1520,1,2,6,1.0,2,94033,M,,,94
201300043553,13,9,30,1515,1,2,1,1.0,6,94033,M,,,94
201300043554,13,10,5,1720,1,2,6,8.0,3,94033,M,,,94
201300043555,13,10,10,1530,1,2,1,1.0,2,94033,M,,,94
201300043556,13,10,13,1520,1,2,2,7.0,3,94033,M,,,94
201300043557,13,10,17,2135,5,2,2,1.0,6,94033,M,,,94
201300043558,13,10,21,835,2,2,1,8.0,6,94033,M,,,94
201300043559,13,10,27,1150,1,2,3,8.0,2,94033,M,,,94
201300043560,13,10,28,1545,1,2,1,1.0,1,94033,M,,,94
201300043561,13,11,6,2340,5,2,1,2.0,6,94033,M,,,94
201300043562,13,11,9,920,1,2,1,1.0,2,94033,M,,,94
201300043563,13,11,13,1610,1,2,4,1.0,6,94033,M,,,94
201300043564,13,12,2,900,1,2,1,1.0,6,94033,M,,,94
201300043565,13,12,2,1825,5,2,3,1.0,6,94033,M,,,94
201300043566,13,12,4,1330,1,2,3,1.0,3,94033,M,,,94
201300043567,13,12,13,1645,5,2,1,1.0,6,94033,M,,,94
201300043568,13,12,14,1930,5,2,1,1.0,6,94033,M,,,94
201300043569,13,12,19,900,1,2,1,1.0,6,94033,M,,,94
201300043570,13,12,19,1305,1,2,1,1.0,3,94033,M,,,94
201300043571,13,12,19,1400,1,2,2,1.0,3,94033,M,,,94
201300043572,13,12,27,730,5,2,3,2.0,3,94033,M,,,94
201300043573,13,1,2,2100,5,2,3,2.0,3,94003,M,,,94
201300043574,13,1,4,530,5,2,2,1.0,3,94003,M,,,94
201300043575,13,1,5,1130,1,2,2,1.0,6,94076,M,,,94
201300043576,13,1,8,1010,1,2,3,1.0,3,94016,M,,,94
201300043577,13,1,9,1125,1,2,3,1.0,3,94037,M,,,94
201300043578,13,1,9,1425,1,2,2,8.0,3,94076,M,,,94
201300043579,13,1,15,1645,1,2,1,8.0,6,94043,M,,,94
201300043580,13,1,20,910,1,2,1,4.0,7,94037,M,,,94
201300043581,13,1,20,1339,1,2,1,4.0,2,94003,M,,,94
201300043582,13,1,25,1500,1,1,1,1.0,3,94076,M,,,94
201300043583,13,1,26,800,1,2,3,1.0,6,94076,M,,,94
201300043584,13,1,26,850,1,2,2,1.0,3,94076,M,,,94
201300043585,13,1,26,1335,1,2,1,1.0,3,94003,M,,,94
201300043586,13,2,4,1500,1,2,1,1.0,6,94016,M,,,94
201300043587,13,2,6,1700,1,2,2,1.0,6,94076,M,,,94
201300043588,13,2,8,800,1,2,1,1.0,3,94076,M,,,94
201300043589,13,2,13,1745,2,2,1,1.0,6,94016,M,,,94
201300043590,13,2,14,1305,1,2,1,3.0,2,94003,M,,,94
201300043591,13,2,15,1920,5,2,1,1.0,5,94076,M,,,94
201300043592,13,2,21,945,1,2,2,1.0,3,94076,M,,,94
201300043593,13,2,21,1120,1,2,9,1.0,6,94016,M,,,94
201300043594,13,2,22,855,1,2,1,8.0,2,94043,M,,,94
201300043595,13,2,24,1520,1,2,1,4.0,2,94043,M,,,94
201300043596,13,2,25,1410,1,2,1,4.0,3,94076,M,,,94
201300043597,13,2,26,1236,1,2,1,8.0,6,94043,M,,,94
201300043598,13,2,28,1310,1,2,1,1.0,2,94003,M,,,94
201300043599,13,3,1,600,5,2,1,1.0,7,94003,M,,,94
201300043600,13,3,4,1450,1,2,1,7.0,6,94037,M,,,94
201300043601,13,3,4,1630,1,2,2,1.0,6,94076,M,,,94
201300043602,13,3,9,1930,5,1,1,1.0,2,94043,M,,,94
201300043603,13,3,15,1555,1,2,3,1.0,3,94076,M,,,94
201300043604,13,3,21,1124,1,2,1,1.0,6,94076,M,4878260.0,236731.0,94
201300043605,13,3,24,1820,1,2,2,1.0,2,94076,M,,,94
201300043606,13,3,25,845,1,2,1,1.0,6,94037,M,,,94
201300043607,13,3,27,1250,1,2,1,1.0,3,94076,M,,,94
201300043608,13,3,29,1615,1,2,3,1.0,2,94076,M,,,94
201300043609,13,4,1,1930,1,2,1,1.0,6,94003,M,,,94
201300043610,13,4,4,700,5,2,2,4.0,7,94076,M,,,94
201300043611,13,4,12,1610,1,2,1,2.0,6,94003,M,,,94
201300043612,13,4,12,2000,1,2,1,2.0,1,94003,M,,,94
201300043613,13,4,14,1420,1,2,1,1.0,2,94016,M,,,94
201300043614,13,4,16,1730,1,2,1,1.0,2,94076,M,,,94
201300043615,13,4,17,1700,1,2,1,1.0,2,94043,M,,,94
201300043616,13,4,22,1510,1,2,1,1.0,3,94016,M,,,94
201300043617,13,4,23,1820,1,2,1,1.0,2,94076,M,,,94
201300043618,13,4,23,2100,5,1,3,1.0,3,94016,M,,,94
201300043619,13,4,26,1120,1,2,1,1.0,2,94076,M,,,94
201300043620,13,4,27,1645,1,2,3,1.0,6,94076,M,,,94
201300043621,13,4,28,32,5,2,1,1.0,7,94016,M,,,94
201300043622,13,4,29,940,1,2,2,1.0,1,94043,M,,,94
201300043623,13,4,29,2115,5,2,1,1.0,7,94037,M,,,94
201300043624,13,5,1,1210,2,2,1,1.0,2,94016,M,,,94
201300043625,13,5,4,1340,1,2,1,1.0,6,94043,M,,,94
201300043626,13,5,4,1525,1,2,1,1.0,7,94016,M,,,94
201300043627,13,5,7,1215,1,2,1,1.0,1,94016,M,,,94
201300043628,13,5,13,1405,1,2,3,1.0,3,94043,M,,,94
201300043629,13,5,18,1610,1,2,2,2.0,3,94016,M,,,94
201300043630,13,5,21,940,1,2,2,3.0,3,94076,M,,,94
201300043631,13,5,22,1835,1,2,2,1.0,3,94076,M,,,94
201300043632,13,5,24,1830,1,2,9,2.0,3,94016,M,,,94
201300043633,13,5,27,815,1,2,1,1.0,4,94016,M,,,94
201300043634,13,5,28,920,1,2,3,2.0,3,94043,M,,,94
201300043635,13,5,30,1700,1,2,1,3.0,7,94003,M,,,94
201300043636,13,5,30,1650,1,2,1,3.0,6,94016,M,,,94
201300043637,13,6,1,1800,1,2,1,1.0,3,94076,M,,,94
201300043638,13,6,2,25,5,2,2,1.0,3,94003,M,,,94
201300043639,13,6,8,1130,1,2,1,1.0,3,94037,M,,,94
201300043640,13,6,10,1800,1,2,2,1.0,3,94043,M,,,94
201300043641,13,6,11,1920,1,2,9,1.0,6,94076,M,,,94
201300043642,13,6,12,1640,1,2,1,1.0,7,94037,M,,,94
201300043643,13,6,15,1355,1,2,3,1.0,1,94076,M,,,94
201300043644,13,6,16,1230,1,2,1,1.0,7,94076,M,,,94
201300043645,13,6,20,945,1,2,1,9.0,6,94003,M,,,94
201300043646,13,6,22,25,5,2,1,1.0,7,94016,M,,,94
201300043647,13,6,26,900,1,2,1,1.0,7,94076,M,,,94
201300043648,13,6,28,1730,1,2,1,1.0,7,94016,M,,,94
201300043649,13,6,28,1705,1,2,1,1.0,3,94003,M,,,94
201300043650,13,6,29,350,5,2,6,1.0,7,94043,M,,,94
201300043651,13,6,29,600,2,2,1,2.0,3,94076,M,,,94
201300043652,13,6,29,2330,5,2,6,1.0,7,94016,M,,,94
201300043653,13,7,2,1735,1,1,1,1.0,6,94076,M,,,94
201300043654,13,7,4,910,1,2,1,1.0,3,94016,M,,,94
201300043655,13,7,6,1245,1,2,1,1.0,2,94076,M,,,94
201300043656,13,7,5,2245,3,2,1,1.0,7,94003,M,,,94
201300043657,13,7,8,1835,1,2,1,1.0,5,94003,M,,,94
201300043658,13,7,9,900,1,2,2,1.0,6,94003,M,,,94
201300043659,13,7,9,2015,1,2,1,1.0,3,94043,M,,,94
201300043660,13,7,9,2100,1,2,1,1.0,1,94016,M,,,94
201300043661,13,7,10,1540,1,1,9,1.0,3,94016,M,,,94
201300043662,13,7,13,2305,5,2,8,1.0,7,94043,M,,,94
201300043663,13,7,17,1650,1,1,9,1.0,3,94043,M,,,94
201300043664,13,7,18,1930,1,2,1,1.0,2,94076,M,,,94
201300043665,13,7,19,1630,1,2,1,1.0,6,94043,M,,,94
201300043666,13,7,19,1745,1,2,2,1.0,3,94043,M,,,94
201300043667,13,7,27,515,5,2,1,1.0,6,94003,M,,,94
201300043668,13,8,2,5,5,2,2,1.0,3,94043,M,,,94
201300043669,13,8,7,1145,1,2,1,2.0,3,94043,M,,,94
201300043670,13,8,8,1935,1,2,3,1.0,3,94043,M,,,94
201300043671,13,8,9,2245,5,2,1,1.0,7,94076,M,,,94
201300043672,13,8,11,2330,5,2,2,1.0,3,94043,M,,,94
201300043673,13,8,13,1315,1,2,1,1.0,7,94003,M,,,94
201300043674,13,8,22,1115,1,2,3,1.0,6,94076,M,,,94
201300043675,13,8,24,1955,1,2,1,1.0,6,94076,M,,,94
201300043676,13,8,25,1245,1,2,1,2.0,6,94076,M,,,94
201300043677,13,8,29,1910,1,2,3,1.0,1,94076,M,,,94
201300043678,13,8,31,315,5,1,1,1.0,2,94003,M,,,94
201300043679,13,9,2,1305,1,2,1,1.0,3,94003,M,,,94
201300043680,13,9,2,2040,5,2,1,1.0,2,94016,M,,,94
201300043681,13,9,2,2228,5,2,1,1.0,7,94076,M,,,94
201300043682,13,9,3,1055,1,2,1,1.0,3,94076,M,,,94
201300043683,13,9,5,15,4,2,2,1.0,3,94003,M,,,94
201300043684,13,9,6,1720,1,2,2,1.0,3,94037,M,,,94
201300043685,13,9,8,210,4,2,3,1.0,1,94037,M,,,94
201300043686,13,9,8,1500,1,2,1,1.0,6,94076,M,,,94
201300043687,13,9,12,850,1,2,3,2.0,6,94003,M,,,94
201300043688,13,9,13,2045,5,2,1,2.0,2,94076,M,,,94
201300043689,13,9,15,40,5,2,1,2.0,6,94076,M,,,94
201300043690,13,9,17,1020,1,2,1,1.0,3,94076,M,,,94
201300043691,13,9,17,1545,1,2,1,8.0,6,94003,M,,,94
201300043692,13,9,21,1915,1,2,1,1.0,3,94016,M,,,94
201300043693,13,9,24,1015,1,2,1,1.0,7,94076,M,,,94
201300043694,13,9,24,1550,1,2,2,1.0,3,94076,M,,,94
201300043695,13,9,27,1545,1,2,1,1.0,3,94003,M,,,94
201300043696,13,9,28,1605,1,2,3,1.0,3,94016,M,,,94
201300043697,13,9,28,2130,3,2,1,1.0,4,94076,M,,,94
201300043698,13,9,29,630,5,2,1,2.0,2,94003,M,,,94
201300043699,13,9,29,1410,1,2,1,1.0,2,94016,M,,,94
201300043700,13,9,30,2355,3,2,1,1.0,3,94037,M,,,94
201300043701,13,10,1,2005,5,2,3,1.0,2,94037,M,,,94
201300043702,13,10,8,1230,1,2,1,1.0,6,94043,M,,,94
201300043703,13,10,10,2020,5,2,1,2.0,3,94003,M,,,94
201300043704,13,10,12,2100,5,2,1,1.0,6,94003,M,,,94
201300043705,13,10,13,1100,1,2,1,1.0,3,94076,M,,,94
201300043706,13,10,14,1730,1,2,3,1.0,3,94043,M,,,94
201300043707,13,10,17,845,1,1,2,1.0,2,94003,M,,,94
201300043708,13,10,17,1515,1,2,1,1.0,3,94003,M,,,94
201300043709,13,10,18,1200,1,2,1,1.0,6,94076,M,,,94
201300043710,13,10,18,2200,4,2,1,1.0,3,94076,M,,,94
201300043711,13,10,19,1600,1,2,1,1.0,6,94076,M,,,94
201300043712,13,10,19,1715,1,2,1,1.0,3,94003,M,,,94
201300043713,13,10,21,1930,5,2,1,1.0,6,94076,M,,,94
201300043714,13,10,21,2115,5,2,1,1.0,6,94043,M,,,94
201300043715,13,10,22,1820,1,2,1,1.0,6,94043,M,,,94
201300043716,13,10,23,820,1,2,1,1.0,3,94043,M,,,94
201300043717,13,10,28,2020,5,2,9,1.0,1,94076,M,,,94
201300043718,13,10,29,1545,1,2,1,1.0,6,94037,M,,,94
201300043719,13,11,7,840,1,2,1,8.0,6,94043,M,,,94
201300043720,13,11,8,1300,1,2,3,2.0,3,94003,M,,,94
201300043721,13,11,8,1400,1,2,1,2.0,3,94016,M,,,94
201300043722,13,11,9,600,5,2,1,1.0,1,94076,M,,,94
201300043723,13,11,11,1740,5,2,2,1.0,3,94003,M,,,94
201300043724,13,11,12,845,1,2,3,2.0,3,94076,M,,,94
201300043725,13,11,12,1915,5,2,1,2.0,3,94016,M,,,94
201300043726,13,11,13,810,1,2,1,1.0,7,94037,M,,,94
201300043727,13,11,13,1400,1,2,1,1.0,6,94043,M,,,94
201300043728,13,11,16,1650,1,2,1,8.0,6,94037,M,,,94
201300043729,13,11,18,1600,1,2,1,1.0,6,94043,M,,,94
201300043730,13,11,19,830,1,2,3,2.0,2,94076,M,,,94
201300043731,13,11,19,840,1,2,1,1.0,6,94076,M,,,94
201300043732,13,11,20,1610,1,2,1,2.0,3,94043,M,,,94
201300043733,13,11,21,1635,1,2,1,2.0,6,94076,M,,,94
201300043734,13,11,24,130,5,2,1,1.0,6,94076,M,,,94
201300043735,13,11,25,1335,1,2,1,1.0,6,94016,M,,,94