Num_Acc,an,mois,jour,hrmn,lum,agg,int,atm,col,com,gps,lat,long,dep
201300043736,13,11,26,2040,5,2,2,1.0,1,94076,M,,,94
201300043737,13,11,28,1130,1,2,1,1.0,6,94076,M,,,94
201300043738,13,11,28,1240,1,2,2,1.0,3,94076,M,,,94
201300043739,13,12,1,1920,5,2,1,1.0,1,94076,M,,,94
201300043740,13,12,2,820,1,2,1,1.0,7,94016,M,,,94
201300043741,13,12,2,1830,5,2,1,1.0,6,94003,M,,,94
201300043742,13,12,3,1905,5,2,1,1.0,2,94076,M,,,94
201300043743,13,12,4,950,1,2,2,8.0,3,94076,M,,,94
201300043744,13,12,4,1750,5,2,3,1.0,6,94037,M,,,94
201300043745,13,12,5,1045,1,2,3,1.0,1,94003,M,,,94
201300043746,13,12,9,930,1,2,1,1.0,7,94003,M,,,94
201300043747,13,12,10,905,1,2,1,1.0,6,94037,M,,,94
201300043748,13,12,16,1050,1,2,1,7.0,3,94076,M,,,94
201300043749,13,12,17,1210,1,2,3,1.0,6,94003,M,,,94
201300043750,13,12,20,2030,2,2,2,1.0,3,94016,M,,,94
201300043751,13,12,20,1030,1,2,3,7.0,6,94076,M,,,94
201300043752,13,12,24,2330,5,2,1,3.0,3,94076,M,,,94
201300043753,13,1,4,725,2,1,1,2.0,2,94073,M,4875360.0,237588.0,94
201300043754,13,1,18,830,2,2,1,1.0,6,94073,M,,,94
201300043755,13,1,10,2045,5,2,3,2.0,1,94021,M,,,94
201300043756,13,1,13,1415,1,2,9,1.0,3,94073,M,,,94
201300043757,13,1,15,820,1,2,1,4.0,6,94034,M,,,94
201300043758,13,1,23,750,2,2,1,8.0,6,94073,M,,,94
201300043759,13,1,24,1615,1,2,1,1.0,6,94038,M,,,94
201300043760,13,2,4,55,4,2,1,2.0,3,94073,M,,,94
201300043761,13,2,4,1940,5,2,1,9.0,7,94038,M,,,94
201300043762,13,2,6,1915,5,2,2,1.0,1,94021,M,,,94
201300043763,13,2,13,2100,5,2,3,1.0,3,94065,M,,,94
201300043764,13,2,14,1225,1,2,1,2.0,7,94034,M,,,94
201300043765,13,2,15,835,1,2,2,1.0,2,94073,M,,,94
201300043766,13,2,16,1230,1,2,3,1.0,3,94034,M,,,94
201300043767,13,3,2,630,5,2,2,1.0,3,94034,M,,,94
201300043768,13,3,4,1225,1,1,1,1.0,6,94073,M,,,94
201300043769,13,3,6,700,1,2,6,1.0,3,94021,M,,,94
201300043770,13,3,11,830,1,2,1,2.0,6,94038,M,,,94
201300043771,13,3,15,1720,2,2,3,1.0,6,94021,M,,,94
201300043772,13,3,16,2330,5,2,1,2.0,6,94038,M,,,94
201300043773,13,3,20,2210,5,2,1,1.0,6,94021,M,4876940.0,235172.0,94
201300043774,13,3,23,1800,1,2,1,1.0,6,94073,M,,,94
201300043775,13,3,28,815,1,2,3,1.0,6,94038,M,,,94
201300043776,13,3,28,1125,1,2,1,1.0,6,94073,M,,,94
201300043777,13,3,28,1915,3,1,1,1.0,5,94065,M,4875390.0,236502.0,94
201300043778,13,4,2,1200,1,2,3,1.0,3,94065,M,,,94
201300043779,13,4,6,1730,1,2,1,1.0,1,94073,M,,,94
201300043780,13,4,11,1400,1,2,1,1.0,6,94021,M,,,94
201300043781,13,4,12,130,5,2,9,2.0,7,94073,M,,,94
201300043782,13,4,12,830,1,2,3,2.0,3,94065,M,,,94
201300043783,13,4,13,1755,1,2,4,2.0,1,94038,M,,,94
201300043784,13,4,14,100,5,2,9,2.0,7,94038,M,,,94
201300043785,13,4,16,920,1,2,1,1.0,3,94073,M,,,94
201300043786,13,4,17,1430,1,2,1,1.0,3,94073,M,,,94
201300043787,13,4,19,1120,1,2,9,7.0,1,94021,M,,,94
201300043788,13,4,25,1050,1,2,3,1.0,6,94073,M,,,94
201300043789,13,4,21,1700,1,2,1,1.0,3,94073,M,,,94
201300043790,13,4,24,2230,5,2,1,1.0,3,94073,M,,,94
201300043791,13,4,25,1645,1,2,3,1.0,3,94073,M,,,94
201300043792,13,4,26,1650,1,2,2,2.0,6,94038,M,,,94
201300043793,13,5,1,1705,1,2,1,3.0,6,94038,M,,,94
201300043794,13,5,3,1020,1,1,1,8.0,6,94065,M,4875390.0,236799.0,94
201300043795,13,5,7,1315,1,2,1,1.0,2,94065,M,,,94
201300043796,13,5,11,1430,1,1,1,1.0,7,94065,M,,,94
201300043797,13,5,15,1645,1,2,2,1.0,6,94038,M,,,94
201300043798,13,5,15,1750,1,2,1,1.0,2,94065,M,,,94
201300043799,13,5,17,1900,1,1,1,1.0,2,94065,M,4875390.0,236824.0,94
201300043800,13,5,18,2250,5,1,1,1.0,3,94073,M,,,94
201300043801,13,5,20,1620,1,2,1,3.0,6,94073,M,,,94
201300043802,13,5,23,1345,1,2,3,3.0,2,94065,M,4875200.0,236890.0,94
201300043803,13,5,23,1620,1,2,1,1.0,3,94073,M,,,94
201300043804,13,5,24,920,1,2,1,1.0,6,94065,M,,,94
201300043805,13,5,24,1350,1,2,1,2.0,3,94034,M,,,94
201300043806,13,5,24,1325,1,2,1,2.0,1,94038,M,,,94
201300043807,13,5,27,1645,1,2,2,1.0,4,94073,M,,,94
201300043808,13,6,1,1630,1,2,1,1.0,3,94038,M,,,94
201300043809,13,6,1,2010,1,2,1,1.0,6,94038,M,,,94
201300043810,13,6,4,730,1,2,1,1.0,1,94065,M,,,94
201300043811,13,6,4,2320,5,2,1,1.0,6,94021,M,,,94
201300043812,13,6,9,2300,5,2,4,1.0,2,94038,M,,,94
201300043813,13,6,11,1000,1,1,1,1.0,2,94065,M,,,94
201300043814,13,6,11,1000,1,2,1,1.0,3,94038,M,,,94
201300043815,13,6,11,1530,1,2,1,1.0,3,94073,M,,,94
201300043816,13,6,12,805,1,2,1,1.0,6,94034,M,,,94
201300043817,13,6,13,1610,1,2,1,2.0,2,94065,M,,,94
201300043818,13,6,15,835,1,2,2,1.0,3,94073,M,,,94
201300043819,13,6,16,1405,1,2,1,1.0,2,94065,M,,,94
201300043820,13,6,23,20,5,2,1,1.0,6,94034,M,,,94
201300043821,13,6,24,1945,1,2,2,1.0,4,94073,M,,,94
201300043822,13,6,25,850,1,2,3,1.0,3,94038,M,,,94
201300043823,13,6,26,840,1,2,2,1.0,3,94038,M,,,94
201300043824,13,6,27,2000,1,2,2,1.0,3,94073,M,,,94
201300043825,13,6,28,1745,1,2,1,1.0,4,94065,M,,,94
201300043826,13,6,29,5,5,2,1,2.0,2,94034,M,,,94
201300043827,13,7,2,1830,1,2,1,1.0,4,94073,M,,,94
201300043828,13,7,7,1340,1,2,1,1.0,2,94021,M,,,94
201300043829,13,7,7,1730,1,2,3,1.0,3,94065,M,,,94
201300043830,13,7,10,2105,2,2,1,1.0,3,94073,M,,,94
201300043831,13,7,11,1300,1,2,1,1.0,3,94073,M,,,94
201300043832,13,7,11,1715,1,2,1,1.0,6,94034,M,,,94
201300043833,13,7,17,1330,1,2,2,1.0,3,94065,M,,,94
201300043834,13,7,18,1200,1,2,3,7.0,1,94073,M,,,94
201300043835,13,7,19,1200,1,1,1,1.0,3,94065,M,,,94
201300043836,13,7,21,1600,1,2,6,1.0,4,94073,M,,,94
201300043837,13,7,23,1020,1,1,1,1.0,2,94065,M,4874970.0,235661.0,94
201300043838,13,7,23,1120,1,2,1,1.0,7,94021,M,,,94
201300043839,13,7,25,1030,1,1,1,7.0,6,94065,M,4875550.0,234348.0,94
201300043840,13,7,28,1730,1,2,6,1.0,7,94073,M,,,94
201300043841,13,7,31,2045,1,2,1,1.0,6,94073,M,,,94
201300043842,13,8,3,1945,1,2,1,1.0,3,94073,M,,,94
201300043843,13,8,7,1,5,2,7,1.0,6,94073,M,,,94
201300043844,13,8,8,1245,1,1,1,1.0,3,94065,M,4875370.0,235941.0,94
201300043845,13,8,13,1500,1,2,2,1.0,3,94073,M,,,94
201300043846,13,8,16,800,1,1,1,1.0,6,94065,M,,,94
201300043847,13,8,21,2240,5,2,1,1.0,6,94073,M,,,94
201300043848,13,8,26,900,1,2,2,1.0,3,94073,M,,,94
201300043849,13,8,27,1210,1,1,3,1.0,3,94065,M,,,94
201300043850,13,8,29,1910,1,2,3,1.0,3,94073,M,,,94
201300043851,13,8,31,1820,1,1,1,7.0,3,94016,M,,,94
201300043852,13,9,2,920,1,2,1,1.0,7,94034,M,,,94
201300043853,13,9,3,1930,1,2,1,1.0,2,94073,M,,,94
201300043854,13,9,9,2200,3,2,1,1.0,6,94073,M,,,94
201300043855,13,9,14,1800,1,2,1,2.0,7,94038,M,,,94
201300043856,13,9,15,245,3,1,1,2.0,4,94073,M,,,94
201300043857,13,9,16,1450,1,2,1,2.0,3,94065,M,,,94
201300043858,13,9,17,1830,1,2,1,2.0,6,94021,M,,,94
201300043859,13,9,18,855,1,2,1,1.0,6,94073,M,,,94
201300043860,13,9,16,850,1,2,1,1.0,3,94073,M,,,94
201300043861,13,9,20,1810,1,2,1,1.0,6,94073,M,,,94
201300043862,13,9,21,2100,5,2,1,1.0,6,94073,M,,,94
201300043863,13,9,25,1730,1,2,1,1.0,6,94038,M,,,94
201300043864,13,9,26,715,1,2,1,1.0,3,94073,M,,,94
201300043865,13,9,26,1745,1,2,1,1.0,7,94034,M,,,94
201300043866,13,9,27,905,1,2,9,1.0,6,94038,M,,,94
201300043867,13,9,29,345,3,2,1,2.0,1,94073,M,,,94
201300043868,13,9,29,1905,5,2,1,2.0,6,94034,M,,,94
201300043869,13,9,30,2110,5,2,6,1.0,7,94065,M,,,94
201300043870,13,10,2,1425,1,2,1,1.0,6,94073,M,,,94
201300043871,13,10,3,1430,1,2,2,1.0,3,94016,M,,,94
201300043872,13,10,3,1630,1,2,1,1.0,6,94073,M,,,94
201300043873,13,10,5,935,1,2,1,1.0,3,94021,M,,,94
201300043874,13,10,9,815,1,2,1,1.0,3,94065,M,4875380.0,235809.0,94
201300043875,13,10,10,1045,1,1,2,1.0,3,94065,M,,,94
201300043876,13,10,11,650,5,2,2,2.0,6,94021,M,,,94
201300043877,13,10,11,2000,5,2,8,1.0,6,94038,M,,,94
201300043878,13,10,14,1530,1,2,3,1.0,1,94073,M,,,94
201300043879,13,10,14,1615,1,2,2,1.0,6,94034,M,,,94
201300043880,13,10,15,2010,5,2,2,1.0,6,94038,M,,,94
201300043881,13,10,16,1025,1,2,1,8.0,2,94021,M,,,94
201300043882,13,10,16,1800,1,2,1,8.0,3,94034,M,,,94
201300043883,13,10,17,1000,1,2,2,1.0,3,94021,M,,,94
201300043884,13,10,17,1900,2,2,1,1.0,6,94073,M,,,94
201300043885,13,10,18,830,2,2,1,5.0,7,94073,M,,,94
201300043886,13,10,22,1000,1,2,1,1.0,6,94065,M,,,94
201300043887,13,10,23,1845,5,1,1,1.0,3,94073,M,,,94
201300043888,13,10,24,1700,1,2,1,1.0,5,94021,M,,,94
201300043889,13,10,25,1530,1,2,1,2.0,6,94034,M,,,94
201300043890,13,10,25,2010,5,2,2,3.0,3,94073,M,,,94
201300043891,13,10,26,1210,1,1,2,8.0,3,94034,M,,,94
201300043892,13,11,2,715,1,2,2,1.0,6,94065,M,,,94
201300043893,13,11,4,1200,1,2,6,2.0,2,94073,M,,,94
201300043894,13,11,6,525,5,1,1,2.0,6,94065,M,,,94
201300043895,13,11,7,1825,3,1,1,1.0,4,94073,M,,,94
201300043896,13,11,9,1525,1,1,1,2.0,4,94065,M,4875350.0,236532.0,94
201300043897,13,11,10,1115,1,2,1,3.0,2,94034,M,,,94
201300043898,13,11,11,1050,1,2,1,1.0,6,94073,M,,,94
201300043899,13,11,11,1920,5,2,2,1.0,2,94034,M,,,94
201300043900,13,11,13,1655,2,2,1,1.0,3,94073,M,,,94
201300043901,13,11,14,1250,1,2,1,2.0,7,94034,M,,,94
201300043902,13,11,15,1740,5,2,6,1.0,6,94034,M,,,94
201300043903,13,11,19,845,1,2,3,2.0,1,94065,M,,,94
201300043904,13,11,19,1810,5,2,2,1.0,1,94038,M,,,94
201300043905,13,11,20,1015,1,2,1,1.0,2,94038,M,,,94
201300043906,13,11,25,1720,5,2,2,1.0,1,94065,M,,,94
201300043907,13,11,26,730,2,2,1,1.0,3,94038,M,,,94
201300043908,13,11,28,1255,1,2,2,1.0,3,94073,M,,,94
201300043909,13,11,29,650,5,2,2,1.0,3,94021,M,,,94
201300043910,13,11,30,2120,5,2,3,1.0,3,94073,M,,,94
201300043911,13,12,1,1730,3,2,3,1.0,3,94038,M,,,94
201300043912,13,12,2,1810,5,2,3,1.0,3,94038,M,,,94
201300043913,13,12,4,925,1,2,1,8.0,3,94038,M,,,94
201300043914,13,12,4,1800,5,1,3,1.0,6,94065,M,,,94
201300043915,13,12,5,1800,5,1,1,1.0,6,94065,M,,,94
201300043916,13,12,9,2030,5,2,1,1.0,3,94065,M,,,94
201300043917,13,12,14,1515,1,2,2,1.0,6,94073,M,,,94
201300043918,13,12,19,1440,1,1,1,1.0,2,94073,M,,,94
201300043919,13,12,23,1605,1,2,1,1.0,6,94073,M,,,94
201300043920,13,12,25,1200,1,2,1,2.0,6,94065,M,,,94
201300043921,13,12,30,105,5,2,2,8.0,3,94065,M,,,94
201300043922,13,12,30,115,5,2,1,1.0,6,94021,M,,,94
201300043923,13,12,31,1315,1,2,2,1.0,3,94073,M,,,94
201300043924,13,1,4,1115,1,2,1,2.0,2,94041,M,,,94
201300043925,13,1,10,1820,5,2,9,2.0,6,94041,M,,,94
201300043926,13,1,13,1805,5,2,1,3.0,6,94041,M,,,94
201300043927,13,1,16,1100,1,2,1,1.0,6,94041,M,,,94
201300043928,13,1,18,205,5,2,1,1.0,7,94041,M,,,94
201300043929,13,1,24,1830,5,2,2,1.0,3,94041,M,,,94
201300043930,13,1,25,1543,1,2,1,8.0,6,94041,M,,,94
201300043931,13,1,26,2025,5,2,1,1.0,6,94041,M,,,94
201300043932,13,1,28,1040,1,2,1,7.0,1,94041,M,,,94
201300043933,13,2,3,2215,3,2,1,2.0,6,94041,M,,,94
201300043934,13,2,13,1510,1,2,1,1.0,6,94041,M,,,94
201300043935,13,2,21,1240,1,2,1,1.0,6,94041,M,,,94
201300043936,13,2,22,1610,1,2,1,8.0,1,94041,M,,,94
201300043937,13,2,23,2130,5,2,1,1.0,2,94041,M,,,94
201300043938,13,2,28,2230,5,2,1,1.0,6,94041,M,,,94
201300043939,13,3,4,905,1,2,1,1.0,6,94041,M,,,94
201300043940,13,3,7,945,1,2,1,2.0,2,94041,M,,,94
201300043941,13,3,21,1350,1,2,1,1.0,6,94041,M,,,94
201300043942,13,4,11,1750,1,2,1,8.0,6,94041,M,,,94
201300043943,13,4,18,1740,1,2,1,1.0,6,94041,M,,,94
201300043944,13,4,24,1005,1,2,2,1.0,6,94041,M,,,94
201300043945,13,5,1,1945,1,2,1,2.0,2,94041,M,,,94
201300043946,13,5,4,2010,1,2,1,1.0,6,94041,M,,,94
201300043947,13,6,8,1415,1,2,1,1.0,6,94041,M,,,94
201300043948,13,6,19,1200,1,2,1,1.0,3,94041,M,4881260.0,236877.0,94
201300043949,13,7,5,1105,1,2,3,1.0,2,94041,M,,,94
201300043950,13,7,9,805,1,2,1,1.0,6,94041,M,,,94
201300043951,13,7,10,1015,1,2,3,1.0,3,94041,M,,,94
201300043952,13,7,18,1705,1,2,1,1.0,6,94041,M,,,94
201300043953,13,7,23,645,1,2,1,1.0,6,94041,M,,,94
201300043954,13,7,13,140,5,2,1,1.0,6,94041,M,,,94
201300043955,13,7,27,1930,1,2,3,1.0,6,94041,M,,,94
201300043956,13,7,29,1500,1,2,1,1.0,6,94041,M,,,94
201300043957,13,7,30,1630,1,2,1,1.0,6,94041,M,,,94
201300043958,13,7,29,1700,1,2,1,1.0,6,94041,M,,,94
201300043959,13,8,7,600,2,2,3,2.0,3,94041,M,,,94
201300043960,13,10,24,1734,1,2,9,1.0,3,94041,M,,,94
201300043961,13,8,9,1205,1,2,1,1.0,6,94041,M,,,94
201300043962,13,8,9,2030,1,2,1,1.0,6,94041,M,,,94
201300043963,13,8,10,200,5,2,7,1.0,7,94041,M,,,94
201300043964,13,8,15,45,5,2,2,1.0,3,94041,M,,,94
201300043965,13,8,27,1810,1,2,1,3.0,2,94041,M,,,94
201300043966,13,8,31,2100,2,2,1,1.0,6,94041,M,,,94
201300043967,13,9,9,1345,1,2,1,3.0,2,94041,M,,,94
201300043968,13,9,10,1650,1,2,1,1.0,6,94041,M,,,94
201300043969,13,9,11,1720,1,2,2,1.0,2,94041,M,,,94
201300043970,13,9,11,2000,5,2,3,1.0,3,94041,M,,,94
201300043971,13,9,13,825,1,2,1,1.0,6,94041,M,,,94
201300043972,13,11,7,1715,1,2,9,2.0,6,94041,M,,,94
201300043973,13,11,7,1855,3,2,9,2.0,6,94041,M,,,94
201300043974,13,9,28,1415,1,2,1,1.0,6,94041,M,,,94
201300043975,13,9,29,1210,1,2,1,1.0,6,94041,M,,,94
201300043976,13,9,30,1020,1,2,1,1.0,6,94041,M,,,94
201300043977,13,10,1,1755,1,2,1,1.0,6,94041,M,,,94
201300043978,13,11,18,730,1,2,2,1.0,3,94041,M,,,94
201300043979,13,10,7,925,1,2,1,1.0,3,94041,M,,,94
201300043980,13,10,16,1545,1,2,3,3.0,3,94041,M,,,94
201300043981,13,10,16,1815,1,2,1,2.0,6,94041,M,,,94
201300043982,13,10,16,1755,1,2,1,2.0,6,94041,M,,,94
201300043983,13,10,24,240,5,2,1,1.0,7,94041,M,,,94
201300043984,13,10,28,1120,1,2,1,2.0,6,94041,M,,,94
201300043985,13,10,29,930,1,2,1,1.0,1,94041,M,,,94
201300043986,13,11,2,1200,1,2,2,1.0,3,94041,M,,,94
201300043987,13,11,1,1840,5,2,2,3.0,6,94041,M,,,94
201300043988,13,5,7,1410,1,2,1,1.0,3,94041,M,,,94
201300043989,13,5,11,1850,1,2,1,1.0,6,94041,M,,,94
201300043990,13,11,17,1124,1,1,1,1.0,5,94041,M,,,94
201300043991,13,11,19,1655,1,2,1,1.0,6,94041,M,,,94
201300043992,13,11,19,1845,5,2,1,1.0,6,94041,M,,,94
201300043993,13,5,15,1910,1,2,1,1.0,6,94041,M,,,94
201300043994,13,12,12,1710,5,2,1,1.0,6,94041,M,,,94
201300043995,13,11,26,1440,1,2,1,8.0,1,94041,M,,,94
201300043996,13,11,28,745,4,2,1,1.0,6,94041,M,,,94
201300043997,13,5,21,1725,1,2,1,8.0,6,94041,M,,,94
201300043998,13,11,28,1900,5,2,1,2.0,6,94041,M,,,94
201300043999,13,12,6,1915,5,2,1,1.0,6,94041,M,,,94
201300044000,13,5,25,1345,1,2,3,1.0,3,94041,M,,,94
201300044001,13,12,16,955,1,2,1,1.0,6,94041,M,,,94
201300044002,13,5,27,2015,1,1,1,1.0,6,94041,M,,,94
201300044003,13,5,28,1555,1,1,1,3.0,6,94041,M,,,94
201300044004,13,12,19,1200,1,2,1,2.0,6,94041,M,,,94
201300044005,13,12,23,1100,1,2,9,2.0,3,94041,M,,,94
201300044006,13,6,3,1740,1,2,1,1.0,6,94041,M,,,94
201300044007,13,6,5,1440,1,2,1,1.0,6,94041,M,,,94
201300044008,13,6,7,1600,1,2,1,1.0,2,94041,M,,,94
201300044009,13,6,12,1145,1,2,1,1.0,6,94041,M,,,94
201300044010,13,6,12,1600,1,2,1,1.0,2,94041,M,,,94
201300044011,13,6,12,1855,1,1,1,1.0,2,94041,M,,,94
201300044012,13,6,25,655,1,2,9,1.0,1,94041,M,,,94
201300044013,13,6,27,1115,1,2,1,1.0,3,94041,M,,,94
201300044014,13,6,28,1520,1,2,1,1.0,7,94041,M,,,94
201300044015,13,12,1,1850,5,2,1,1.0,6,94041,M,,,94
201300044016,13,12,10,225,5,2,1,1.0,6,94041,M,,,94
201300044017,13,5,29,1420,1,2,1,1.0,2,94046,M,,,94
201300044018,13,5,30,1915,1,2,9,1.0,1,94046,M,,,94
201300044019,13,6,4,900,1,2,2,1.0,3,94046,M,,,94
201300044020,13,9,4,1400,1,2,1,1.0,6,94046,M,,,94
201300044021,13,1,10,2105,5,2,1,2.0,3,94046,M,,,94
201300044022,13,1,14,1730,5,2,1,1.0,6,94046,M,,,94
201300044023,13,6,10,735,1,2,1,1.0,6,94046,M,,,94
201300044024,13,1,15,1910,5,2,1,1.0,6,94046,M,,,94
201300044025,13,1,17,805,2,2,1,4.0,7,94046,M,,,94
201300044026,13,1,28,1920,1,2,2,1.0,3,94046,M,,,94
201300044027,13,1,29,2010,5,2,1,9.0,6,94046,M,,,94
201300044028,13,12,24,1810,5,2,2,3.0,3,94046,M,,,94
201300044029,13,10,29,810,1,2,3,1.0,3,94046,M,,,94
201300044030,13,6,4,1415,1,2,3,1.0,3,94046,M,,,94
201300044031,13,6,8,1130,1,2,1,1.0,3,94046,M,,,94
201300044032,13,6,10,1655,1,2,1,1.0,3,94046,M,,,94
201300044033,13,6,11,2030,1,2,1,1.0,2,94046,M,,,94
201300044034,13,6,16,2200,5,2,1,1.0,6,94046,M,,,94
201300044035,13,2,11,1900,5,2,1,1.0,3,94046,M,,,94
201300044036,13,2,12,830,1,2,1,2.0,6,94046,M,,,94
201300044037,13,2,14,1920,5,2,1,2.0,6,94046,M,,,94
201300044038,13,2,15,1350,1,2,1,1.0,6,94046,M,,,94
201300044039,13,2,15,1155,1,2,2,1.0,3,94046,M,,,94
201300044040,13,2,17,1105,1,2,2,1.0,3,94046,M,,,94
201300044041,13,7,22,2200,5,2,2,1.0,3,94046,M,,,94
201300044042,13,2,21,1320,1,2,2,1.0,3,94046,M,,,94
201300044043,13,2,28,1820,2,2,1,1.0,6,94046,M,,,94
201300044044,13,3,4,1820,2,2,1,1.0,2,94046,M,,,94
201300044045,13,3,5,1350,1,2,1,1.0,2,94046,M,,,94
201300044046,13,3,11,910,1,2,1,1.0,2,94046,M,,,94
201300044047,13,3,14,835,1,2,2,1.0,6,94046,M,,,94
201300044048,13,8,15,1915,1,2,1,1.0,6,94046,M,,,94
201300044049,13,3,22,845,1,2,1,1.0,2,94046,M,,,94
201300044050,13,3,28,945,1,2,9,1.0,3,94046,M,,,94
201300044051,13,4,1,1645,1,2,2,1.0,3,94046,M,,,94
201300044052,13,8,31,2115,1,2,1,1.0,3,94046,M,,,94
201300044053,13,11,15,1400,1,2,1,1.0,6,94046,M,,,94
201300044054,13,11,1,1505,1,2,1,1.0,6,94046,M,,,94
201300044055,13,4,4,1020,1,2,3,1.0,3,94046,M,,,94
201300044056,13,9,14,1900,2,2,1,9.0,2,94046,M,,,94
201300044057,13,9,23,1320,1,2,1,1.0,6,94046,M,,,94
201300044058,13,11,5,1855,4,2,1,2.0,2,94046,M,,,94
201300044059,13,3,26,1920,2,2,1,1.0,6,94046,M,,,94
201300044060,13,10,1,805,1,2,2,1.0,3,94046,M,,,94
201300044061,13,5,7,2105,5,2,1,1.0,7,94046,M,,,94
201300044062,13,10,20,1005,1,2,1,1.0,3,94046,M,,,94
201300044063,13,5,23,2010,1,2,1,2.0,6,94046,M,,,94
201300044064,13,4,16,305,5,2,1,1.0,6,94046,M,,,94
201300044065,13,8,5,2300,5,2,3,1.0,3,94046,M,,,94
201300044066,13,5,26,1330,1,2,1,1.0,3,94046,M,,,94
201300044067,13,5,27,1820,1,2,1,1.0,6,94046,M,,,94
201300044068,13,10,29,640,5,2,2,1.0,3,94046,M,,,94
201300044069,13,10,31,1455,1,2,1,1.0,3,94046,M,,,94
201300044070,13,6,25,1850,1,2,1,1.0,6,94046,M,,,94
201300044071,13,9,24,1345,1,2,1,1.0,6,94046,M,,,94
201300044072,13,10,29,1830,2,2,1,1.0,6,94046,M,,,94
201300044073,13,10,17,1030,1,2,1,1.0,6,94046,M,,,94
201300044074,13,12,9,1230,1,2,1,1.0,6,94046,M,,,94
201300044075,13,8,24,2230,5,2,2,1.0,3,94046,M,,,94
201300044076,13,8,14,2220,5,2,1,1.0,3,94046,M,,,94
201300044077,13,6,10,1900,1,2,1,8.0,6,94046,M,,,94
201300044078,13,9,12,1445,1,2,1,1.0,6,94046,M,,,94
201300044079,13,12,17,1435,1,2,1,1.0,3,94046,M,,,94
201300044080,13,12,24,1335,1,2,1,1.0,6,94046,M,,,94
201300044081,13,12,24,1710,5,2,1,2.0,6,94046,M,,,94
201300044082,13,12,28,1840,5,2,2,1.0,3,94046,M,,,94
201300044083,13,1,2,1400,1,2,1,1.0,2,94052,M,,,94
201300044084,13,1,8,830,1,2,1,1.0,3,94052,M,,,94
201300044085,13,1,11,815,2,2,1,1.0,6,94015,M,,,94
201300044086,13,1,12,1155,1,2,1,2.0,5,94015,M,,,94
201300044087,13,6,29,2245,5,2,2,1.0,3,94015,M,,,94
201300044088,13,1,17,2215,5,2,2,9.0,3,94052,M,,,94
201300044089,13,1,21,1220,1,2,1,4.0,6,94052,M,,,94
201300044090,13,1,26,1150,1,2,1,1.0,6,94042,M,,,94
201300044091,13,1,26,2145,5,2,1,1.0,3,94058,M,,,94
201300044092,13,1,29,1045,1,2,3,2.0,2,94052,M,,,94
201300044093,13,1,31,1230,1,2,2,1.0,3,94015,M,,,94
201300044094,13,11,25,700,2,2,1,1.0,3,94058,M,,,94
201300044095,13,11,25,1410,1,2,1,1.0,3,94042,M,,,94
201300044096,13,2,6,1150,1,2,1,1.0,6,94058,M,,,94
201300044097,13,2,11,1540,1,2,9,1.0,2,94058,M,,,94
201300044098,13,2,14,1950,5,1,3,9.0,2,94058,M,,,94
201300044099,13,2,21,935,1,2,1,1.0,3,94042,M,,,94
201300044100,13,3,2,1135,1,2,1,1.0,3,94052,M,,,94
201300044101,13,3,6,645,3,2,2,1.0,6,94052,M,,,94
201300044102,13,3,9,1405,1,2,9,1.0,4,94042,M,,,94
201300044103,13,3,12,655,1,1,1,4.0,1,94015,M,,,94
201300044104,13,12,10,1430,1,2,2,7.0,6,94052,M,,,94
201300044105,13,3,15,1200,1,2,1,1.0,2,94052,M,,,94
201300044106,13,12,11,1250,1,2,1,1.0,6,94052,M,,,94
201300044107,13,12,11,1630,2,1,1,1.0,6,94052,M,,,94
201300044108,13,3,18,1025,1,2,3,1.0,6,94052,M,,,94
201300044109,13,3,21,1540,1,2,3,1.0,6,94058,M,,,94
201300044110,13,3,21,1700,1,2,1,1.0,6,94052,M,,,94
201300044111,13,12,13,1540,1,2,2,1.0,3,94042,M,,,94
201300044112,13,12,14,1230,1,2,1,1.0,3,94052,M,,,94
201300044113,13,12,14,1540,1,2,7,1.0,2,94042,M,,,94
201300044114,13,3,29,1700,1,2,1,1.0,6,94015,M,,,94
201300044115,13,4,3,1650,1,2,1,1.0,6,94042,M,,,94
201300044116,13,12,18,1620,1,1,1,1.0,6,94042,M,,,94
201300044117,13,4,5,1715,1,2,1,1.0,5,94015,M,,,94
201300044118,13,4,5,1815,1,2,1,1.0,3,94052,M,,,94
201300044119,13,12,20,2005,5,2,1,1.0,6,94042,M,,,94
201300044120,13,4,10,1615,1,2,2,1.0,3,94058,M,,,94
201300044121,13,4,12,1605,1,2,1,3.0,6,94058,M,,,94
201300044122,13,4,12,2110,5,2,2,1.0,1,94042,M,,,94
201300044123,13,4,14,1820,1,2,2,1.0,3,94015,M,,,94
201300044124,13,12,23,1400,1,2,1,1.0,2,94052,M,,,94
201300044125,13,4,15,2030,1,2,1,1.0,1,94042,M,,,94
201300044126,13,4,18,800,1,2,3,1.0,3,94042,M,,,94
201300044127,13,4,20,320,5,2,1,1.0,3,94001,M,,,94
201300044128,13,4,22,950,1,2,1,1.0,6,94058,M,,,94
201300044129,13,12,27,1810,5,2,1,2.0,6,94058,M,,,94
201300044130,13,4,27,1830,1,2,9,8.0,3,94058,M,,,94
201300044131,13,4,30,1645,1,1,1,2.0,5,94052,M,,,94
201300044132,13,12,31,1525,1,2,1,1.0,6,94058,M,,,94
201300044133,13,5,15,1815,1,2,1,1.0,6,94015,M,,,94
201300044134,13,5,19,1810,1,2,3,3.0,2,94058,M,,,94
201300044135,13,5,17,1440,1,2,1,1.0,6,94052,M,,,94