Num_Acc,an,mois,jour,hrmn,lum,agg,int,atm,col,com,gps,lat,long,dep
201300044136,13,5,21,945,1,2,1,2.0,6,94058,M,,,94
201300044137,13,6,4,900,1,2,1,1.0,2,94042,M,,,94
201300044138,13,6,5,830,1,2,3,1.0,3,94058,M,,,94
201300044139,13,6,7,1720,1,2,1,1.0,6,94058,M,,,94
201300044140,13,6,7,1830,1,2,1,1.0,2,94042,M,,,94
201300044141,13,6,10,1940,1,2,5,1.0,6,94042,M,,,94
201300044142,13,6,11,735,1,2,3,1.0,3,94052,M,,,94
201300044143,13,6,13,1945,1,1,9,1.0,6,94015,M,,,94
201300044144,13,6,19,1540,1,2,2,1.0,3,94058,M,,,94
201300044145,13,6,19,1515,1,2,2,1.0,3,94058,M,,,94
201300044146,13,6,19,2015,1,2,1,3.0,2,94052,M,,,94
201300044147,13,6,21,1730,1,2,1,1.0,2,94052,M,,,94
201300044148,13,6,25,1550,1,2,1,1.0,2,94042,M,,,94
201300044149,13,7,2,1045,1,2,2,1.0,3,94042,M,,,94
201300044150,13,7,5,1920,1,2,2,1.0,6,94052,M,,,94
201300044151,13,7,8,1030,1,2,1,1.0,3,94042,M,,,94
201300044152,13,7,10,1635,1,2,1,1.0,3,94058,M,,,94
201300044153,13,7,10,2230,5,2,1,1.0,3,94052,M,,,94
201300044154,13,7,12,800,1,2,2,1.0,3,94058,M,,,94
201300044155,13,7,14,1600,1,2,1,1.0,1,94015,M,,,94
201300044156,13,7,15,1730,1,2,2,1.0,6,94052,M,,,94
201300044157,13,7,16,1146,1,2,1,1.0,2,94052,M,,,94
201300044158,13,7,17,1835,1,2,2,1.0,5,94052,M,,,94
201300044159,13,7,18,1300,1,2,2,1.0,1,94042,M,,,94
201300044160,13,7,21,910,1,2,1,1.0,1,94058,M,,,94
201300044161,13,7,29,1742,1,2,7,1.0,3,94042,M,,,94
201300044162,13,8,1,2335,5,2,2,1.0,2,94042,M,,,94
201300044163,13,8,3,2240,5,2,2,1.0,3,94058,M,,,94
201300044164,13,8,5,1000,1,2,6,1.0,3,94058,M,,,94
201300044165,13,8,9,1800,1,2,2,1.0,3,94042,M,,,94
201300044166,13,8,13,1915,1,2,1,1.0,3,94015,M,,,94
201300044167,13,8,22,1850,1,2,1,1.0,2,94015,M,,,94
201300044168,13,8,23,1745,1,2,1,1.0,1,94042,M,,,94
201300044169,13,8,28,930,1,2,1,1.0,1,94052,M,,,94
201300044170,13,8,31,1840,1,2,3,1.0,2,94052,M,,,94
201300044171,13,9,3,1730,1,2,1,7.0,6,94052,M,,,94
201300044172,13,9,4,740,1,2,1,1.0,3,94058,M,,,94
201300044173,13,9,4,1830,1,1,3,1.0,3,94015,M,,,94
201300044174,13,9,7,905,1,2,3,1.0,6,94052,M,,,94
201300044175,13,9,9,1000,1,2,2,8.0,3,94058,M,,,94
201300044176,13,9,11,1240,1,2,1,8.0,2,94058,M,,,94
201300044177,13,9,13,850,1,2,1,1.0,6,94015,M,,,94
201300044178,13,9,13,2100,5,2,3,8.0,6,94052,M,,,94
201300044179,13,9,14,1845,1,2,1,3.0,6,94052,M,,,94
201300044180,13,9,16,1600,1,2,1,2.0,3,94052,M,,,94
201300044181,13,9,17,1740,1,2,1,2.0,1,94058,M,,,94
201300044182,13,9,19,1349,1,2,1,1.0,6,94042,M,,,94
201300044183,13,9,21,1010,1,2,1,1.0,6,94058,M,,,94
201300044184,13,9,21,220,5,2,1,1.0,3,94052,M,,,94
201300044185,13,9,20,100,5,2,1,1.0,4,94052,M,,,94
201300044186,13,9,24,1715,1,2,1,1.0,6,94015,M,,,94
201300044187,13,9,24,1845,1,2,1,1.0,1,94052,M,,,94
201300044188,13,10,1,1700,1,2,6,1.0,3,94058,M,,,94
201300044189,13,10,4,1645,1,2,1,1.0,6,94015,M,,,94
201300044190,13,10,8,725,1,2,1,1.0,3,94058,M,,,94
201300044191,13,10,11,750,2,2,1,2.0,6,94052,M,,,94
201300044192,13,10,13,1250,1,2,1,1.0,3,94042,M,,,94
201300044193,13,10,15,815,1,2,1,1.0,2,94052,M,,,94
201300044194,13,10,16,1815,5,2,1,2.0,2,94015,M,,,94
201300044195,13,10,27,1315,1,2,1,1.0,6,94052,M,,,94
201300044196,13,11,11,1230,1,2,1,1.0,6,94015,M,,,94
201300044197,13,11,12,1400,1,2,1,2.0,2,94058,M,,,94
201300044198,13,11,13,1125,1,2,2,1.0,6,94058,M,,,94
201300044199,13,10,29,2301,5,2,1,1.0,3,94058,M,,,94
201300044200,13,6,3,1830,1,2,1,1.0,6,94068,M,,,94
201300044201,13,6,4,1145,1,2,1,1.0,3,94068,M,,,94
201300044202,13,6,4,1710,1,2,1,1.0,2,94068,M,,,94
201300044203,13,6,5,915,1,2,1,1.0,6,94068,M,,,94
201300044204,13,6,6,1030,1,2,3,1.0,1,94068,M,,,94
201300044205,13,6,12,930,1,2,1,1.0,3,94068,M,,,94
201300044206,13,6,13,955,1,2,1,1.0,3,94068,M,,,94
201300044207,13,6,24,2010,1,2,1,1.0,3,94068,M,,,94
201300044208,13,6,30,640,1,2,1,1.0,6,94068,M,,,94
201300044209,13,6,30,230,5,2,1,1.0,3,94068,M,,,94
201300044210,13,7,12,1215,1,2,1,1.0,6,94068,M,,,94
201300044211,13,7,29,1710,1,2,1,1.0,2,94068,M,,,94
201300044212,13,7,30,1415,1,2,1,1.0,6,94068,M,,,94
201300044213,13,8,2,15,5,2,1,1.0,3,94068,M,,,94
201300044214,13,8,11,1210,1,2,1,1.0,3,94068,M,,,94
201300044215,13,8,13,1515,1,2,1,1.0,1,94068,M,,,94
201300044216,13,8,25,2100,5,2,2,1.0,3,94068,M,,,94
201300044217,13,8,26,900,1,2,1,1.0,6,94068,M,,,94
201300044218,13,9,3,1745,1,2,2,1.0,3,94068,M,,,94
201300044219,13,9,9,1655,1,2,1,3.0,6,94068,M,,,94
201300044220,13,9,10,1935,2,2,1,1.0,2,94068,M,,,94
201300044221,13,9,13,1655,1,2,1,2.0,6,94068,M,,,94
201300044222,13,9,25,1625,1,2,1,2.0,6,94068,M,,,94
201300044223,13,10,1,745,1,2,1,8.0,6,94068,M,,,94
201300044224,13,10,4,730,1,2,2,8.0,3,94068,M,,,94
201300044225,13,10,4,1110,1,2,2,8.0,3,94068,M,,,94
201300044226,13,10,4,2005,5,2,1,1.0,6,94068,M,,,94
201300044227,13,10,10,935,1,2,2,1.0,3,94068,M,,,94
201300044228,13,10,13,1940,5,2,2,1.0,5,94068,M,,,94
201300044229,13,10,16,1740,1,2,1,3.0,6,94068,M,,,94
201300044230,13,10,18,1950,3,2,1,1.0,2,94068,M,,,94
201300044231,13,10,22,1835,5,2,2,2.0,3,94068,M,,,94
201300044232,13,10,24,1310,1,2,1,1.0,6,94068,M,,,94
201300044233,13,10,29,1050,1,2,1,1.0,6,94068,M,,,94
201300044234,13,10,29,1215,1,2,1,1.0,6,94068,M,,,94
201300044235,13,10,30,915,1,2,1,1.0,3,94068,M,,,94
201300044236,13,11,4,1630,1,2,1,1.0,3,94068,M,,,94
201300044237,13,11,5,1900,5,2,2,2.0,3,94068,M,,,94
201300044238,13,11,5,2100,5,2,1,2.0,3,94068,M,,,94
201300044239,13,11,6,905,1,2,1,2.0,5,94068,M,,,94
201300044240,13,11,13,805,1,2,1,1.0,3,94068,M,,,94
201300044241,13,11,14,1055,1,2,1,2.0,6,94068,M,,,94
201300044242,13,11,14,2005,5,2,1,1.0,3,94068,M,,,94
201300044243,13,11,14,2230,5,2,1,2.0,1,94068,M,,,94
201300044244,13,11,26,1055,1,2,1,1.0,6,94068,M,,,94
201300044245,13,11,27,1430,1,2,1,1.0,6,94068,M,,,94
201300044246,13,11,27,1610,1,2,1,1.0,6,94068,M,,,94
201300044247,13,12,2,1335,1,2,2,1.0,3,94068,M,,,94
201300044248,13,12,3,855,1,2,1,1.0,6,94068,M,,,94
201300044249,13,12,4,850,1,2,1,1.0,3,94068,M,,,94
201300044250,13,12,11,955,1,2,1,1.0,2,94068,M,,,94
201300044251,13,12,12,1540,1,2,1,1.0,3,94068,M,,,94
201300044252,13,12,16,1745,2,2,1,1.0,6,94068,M,,,94
201300044253,13,12,18,1350,1,2,1,1.0,3,94068,M,,,94
201300044254,13,12,19,800,1,2,1,2.0,1,94068,M,,,94
201300044255,13,12,24,1120,1,2,1,2.0,6,94068,M,,,94
201300044256,13,1,4,1300,1,2,2,2.0,3,94068,M,,,94
201300044257,13,1,6,1905,4,2,2,1.0,3,94068,M,,,94
201300044258,13,1,14,1730,5,2,2,8.0,3,94068,M,,,94
201300044259,13,1,14,1340,1,2,1,1.0,3,94068,M,,,94
201300044260,13,1,17,2045,5,2,1,1.0,2,94068,M,,,94
201300044261,13,2,2,1545,1,2,1,2.0,6,94068,M,,,94
201300044262,13,2,6,900,1,2,1,1.0,6,94068,M,,,94
201300044263,13,2,10,1715,1,2,1,4.0,6,94068,M,,,94
201300044264,13,2,8,1945,5,2,1,2.0,2,94068,M,,,94
201300044265,13,7,3,2220,5,2,1,1.0,3,94068,M,4879590.0,249345.0,94
201300044266,13,7,10,2305,5,2,1,1.0,3,94068,M,,,94
201300044267,13,2,22,2215,5,2,1,1.0,2,94068,M,,,94
201300044268,13,2,21,1030,1,2,2,1.0,3,94068,M,,,94
201300044269,13,3,2,2025,5,2,2,1.0,3,94068,M,,,94
201300044270,13,3,4,1750,2,2,1,1.0,6,94068,M,,,94
201300044271,13,3,9,1640,1,2,2,1.0,3,94068,M,,,94
201300044272,13,3,8,1605,1,2,1,1.0,6,94068,M,,,94
201300044273,13,3,9,2010,5,2,1,1.0,6,94068,M,,,94
201300044274,13,8,1,1220,1,2,1,1.0,6,94068,M,,,94
201300044275,13,3,15,1820,2,2,1,1.0,3,94068,M,,,94
201300044276,13,3,16,1550,1,2,1,1.0,6,94068,M,,,94
201300044277,13,3,18,800,1,2,1,1.0,6,94068,M,,,94
201300044278,13,3,24,2150,5,2,1,1.0,6,94068,M,,,94
201300044279,13,3,26,1900,5,2,1,1.0,3,94068,M,,,94
201300044280,13,3,28,2155,5,2,1,1.0,6,94068,M,,,94
201300044281,13,4,2,910,1,2,1,1.0,3,94068,M,,,94
201300044282,13,4,5,2221,5,2,1,1.0,3,94068,M,,,94
201300044283,13,4,9,1730,1,2,1,8.0,3,94068,M,,,94
201300044284,13,4,17,800,1,2,1,1.0,6,94068,M,,,94
201300044285,13,4,19,1315,1,2,1,1.0,3,94068,M,,,94
201300044286,13,9,12,810,1,2,3,8.0,3,94068,M,,,94
201300044287,13,4,25,1910,1,2,1,1.0,3,94068,M,,,94
201300044288,13,4,26,1350,1,2,1,1.0,2,94068,M,,,94
201300044289,13,4,29,2040,5,2,3,1.0,3,94068,M,,,94
201300044290,13,9,23,1945,1,2,2,1.0,6,94068,M,,,94
201300044291,13,5,6,2140,5,2,1,1.0,7,94068,M,,,94
201300044292,13,9,29,1900,2,2,2,1.0,3,94068,M,,,94
201300044293,13,5,16,1830,1,2,1,1.0,3,94068,M,,,94
201300044294,13,10,6,2005,5,2,2,1.0,3,94068,M,,,94
201300044295,13,5,22,1210,1,2,1,1.0,2,94068,M,,,94
201300044296,13,10,15,2320,4,2,2,1.0,3,94068,M,,,94
201300044297,13,10,29,1915,5,2,1,1.0,6,94068,M,,,94
201300044298,13,11,10,1120,1,2,1,8.0,3,94068,M,,,94
201300044299,13,11,12,1805,5,2,1,2.0,6,94068,M,,,94
201300044300,13,11,17,645,5,2,1,1.0,6,94068,M,,,94
201300044301,13,11,22,1750,5,2,2,1.0,3,94068,M,,,94
201300044302,13,10,3,845,1,2,1,1.0,3,94068,M,,,94
201300044303,13,1,1,455,3,2,1,3.0,6,94078,M,4872620.0,244456.0,94
201300044304,13,1,6,2240,5,2,1,1.0,3,94078,M,4872950.0,244682.0,94
201300044305,13,1,9,1635,1,2,1,2.0,2,94077,M,,,94
201300044306,13,1,1,10,5,2,4,2.0,3,94078,M,4875520.0,244426.0,94
201300044307,13,1,12,1230,1,2,2,2.0,3,94077,M,,,94
201300044308,13,1,11,1630,1,2,1,8.0,6,94074,M,,,94
201300044309,13,1,16,820,2,1,1,1.0,1,94074,M,,,94
201300044310,13,1,16,840,1,2,1,4.0,2,94074,M,,,94
201300044311,13,1,22,1920,5,1,1,1.0,7,94078,M,,,94
201300044312,13,1,24,830,1,2,1,1.0,6,94078,M,,,94
201300044313,13,1,28,1920,5,2,3,1.0,3,94078,M,,,94
201300044314,13,1,31,1645,1,2,1,1.0,2,94074,M,,,94
201300044315,13,2,2,530,5,2,3,1.0,3,94077,M,,,94
201300044316,13,1,29,605,5,2,1,2.0,6,94078,M,4872960.0,244685.0,94
201300044317,13,11,23,1515,1,2,1,1.0,6,94078,M,,,94
201300044318,13,2,8,645,5,2,1,1.0,6,94074,M,,,94
201300044319,13,1,28,1200,1,1,1,1.0,6,94078,M,4872950.0,244682.0,94
201300044320,13,2,7,1800,5,2,1,1.0,2,94074,M,,,94
201300044321,13,2,11,625,5,2,1,2.0,6,94078,M,4873300.0,244731.0,94
201300044322,13,2,6,1405,1,2,1,1.0,6,94077,M,,,94
201300044323,13,2,11,820,1,2,3,2.0,6,94001,M,,,94
201300044324,13,2,18,730,1,2,1,1.0,6,94077,M,,,94
201300044325,13,3,5,1620,1,2,1,1.0,2,94078,M,4875550.0,244402.0,94
201300044326,13,3,6,1720,1,2,1,1.0,2,94078,M,,,94
201300044327,13,3,7,2210,5,2,1,1.0,6,94077,M,,,94
201300044328,13,3,11,815,1,2,1,2.0,3,94074,M,,,94
201300044329,13,3,9,1020,1,2,1,1.0,2,94078,M,,,94
201300044330,13,2,21,1240,1,2,1,1.0,6,94074,M,,,94
201300044331,13,3,12,1025,1,2,1,4.0,5,94074,M,,,94
201300044332,13,3,17,1843,5,2,1,4.0,3,94074,M,,,94
201300044333,13,3,20,800,1,2,1,1.0,6,94077,M,,,94
201300044334,13,3,26,725,1,2,1,1.0,6,94078,M,4873040.0,244686.0,94
201300044335,13,3,28,1330,1,2,1,1.0,6,94078,M,,,94
201300044336,13,4,11,900,1,2,1,1.0,6,94074,M,,,94
201300044337,13,4,5,1720,1,2,1,1.0,6,94074,M,,,94
201300044338,13,4,12,1535,1,2,1,2.0,6,94074,M,,,94
201300044339,13,4,16,1605,1,2,1,1.0,3,94078,M,,,94
201300044340,13,4,17,2120,5,2,1,1.0,7,94077,M,,,94
201300044341,13,4,18,1720,1,2,3,1.0,3,94074,M,,,94
201300044342,13,5,23,1100,1,2,4,1.0,3,94078,M,4872940.0,244678.0,94
201300044343,13,5,17,1845,1,2,4,1.0,3,94001,M,,,94
201300044344,13,4,16,1245,1,2,1,1.0,3,94077,M,,,94
201300044345,13,4,20,1210,1,2,1,1.0,4,94078,M,4875620.0,244397.0,94
201300044346,13,4,23,1105,1,2,1,1.0,7,94074,M,,,94
201300044347,13,4,19,2230,5,2,1,2.0,6,94078,M,4872940.0,244676.0,94
201300044348,13,4,20,2046,4,2,3,1.0,3,94078,M,4872760.0,244561.0,94
201300044349,13,4,25,1500,1,2,1,1.0,5,94078,M,,,94
201300044350,13,5,7,2100,5,2,1,1.0,6,94078,M,4874490.0,243818.0,94
201300044351,13,5,24,900,1,2,5,1.0,2,94078,M,4874590.0,244662.0,94
201300044352,13,5,25,2215,5,2,2,1.0,3,94078,M,4873560.0,244665.0,94
201300044353,13,5,28,1230,1,2,1,1.0,3,94078,M,,,94
201300044354,13,5,13,2325,5,2,1,1.0,2,94078,M,,,94
201300044355,13,5,30,920,1,2,1,2.0,6,94078,M,,,94
201300044356,13,6,2,1445,1,2,1,1.0,7,94078,M,,,94
201300044357,13,6,5,740,1,2,1,1.0,5,94078,M,4872650.0,244475.0,94
201300044358,13,6,14,1430,1,2,1,1.0,2,94078,M,4873080.0,244685.0,94
201300044359,13,6,18,1105,1,2,1,1.0,6,94078,M,4873590.0,244682.0,94
201300044360,13,6,20,1300,1,2,1,1.0,6,94077,M,,,94
201300044361,13,5,18,925,1,2,1,1.0,4,94078,M,4873020.0,244687.0,94
201300044362,13,6,17,1450,1,2,1,1.0,6,94078,M,,,94
201300044363,13,6,22,2110,2,2,1,1.0,6,94078,M,4873770.0,244682.0,94
201300044364,13,6,6,1605,1,2,2,7.0,1,94078,M,4872450.0,244508.0,94
201300044365,13,6,26,2030,1,2,1,1.0,1,94078,M,,,94
201300044366,13,5,24,1605,1,2,1,2.0,6,94077,M,,,94
201300044367,13,6,29,1030,1,2,1,1.0,4,94074,M,,,94
201300044368,13,6,28,2230,5,2,3,1.0,6,94078,M,4873110.0,244682.0,94
201300044369,13,7,2,1045,1,2,2,1.0,2,94078,M,4873560.0,244665.0,94
201300044370,13,5,16,1700,1,2,2,1.0,6,94077,M,,,94
201300044371,13,5,13,2330,5,2,1,1.0,1,94078,M,,,94
201300044372,13,7,6,1840,1,2,1,1.0,6,94074,M,,,94
201300044373,13,6,28,1120,1,2,1,1.0,2,94074,M,,,94
201300044374,13,7,8,1310,1,2,1,1.0,3,94077,M,,,94
201300044375,13,7,3,750,1,2,1,2.0,6,94074,M,,,94
201300044376,13,6,13,1530,1,2,2,2.0,3,94077,M,,,94
201300044377,13,6,24,920,1,2,2,1.0,6,94077,M,,,94
201300044378,13,7,11,1300,1,2,1,1.0,2,94074,M,,,94
201300044379,13,7,3,1920,1,2,1,8.0,6,94077,M,,,94
201300044380,13,6,27,100,5,2,3,1.0,3,94078,M,4872760.0,244561.0,94
201300044381,13,7,18,2020,1,2,3,2.0,7,94078,M,4872760.0,244561.0,94
201300044382,13,7,19,1025,1,2,1,1.0,6,94078,M,,,94
201300044383,13,7,22,1800,1,2,2,1.0,3,94001,M,,,94
201300044384,13,7,23,1420,1,2,1,2.0,6,94078,M,,,94
201300044385,13,8,28,1415,1,2,1,1.0,4,94077,M,,,94
201300044386,13,6,28,1305,1,2,1,8.0,1,94077,M,,,94
201300044387,13,7,26,1930,1,2,1,1.0,2,94077,M,,,94
201300044388,13,7,27,1452,1,2,2,1.0,4,94078,M,4873560.0,244665.0,94
201300044389,13,7,31,1340,1,2,3,1.0,4,94078,M,4872410.0,244478.0,94
201300044390,13,7,24,1810,1,2,1,1.0,6,94078,M,4873040.0,244686.0,94
201300044391,13,6,17,1500,1,2,1,1.0,6,94074,M,,,94
201300044392,13,8,2,1710,1,2,1,1.0,3,94078,M,,,94
201300044393,13,8,5,1230,1,2,1,1.0,6,94074,M,,,94
201300044394,13,7,8,810,1,2,1,1.0,3,94074,M,,,94
201300044395,13,8,9,740,1,2,1,1.0,3,94078,M,4873030.0,244687.0,94
201300044396,13,8,15,1415,1,2,3,7.0,3,94078,M,4873900.0,244684.0,94
201300044397,13,8,16,900,1,2,1,1.0,6,94078,M,,,94
201300044398,13,8,16,1955,1,2,4,1.0,4,94078,M,4875510.0,244413.0,94
201300044399,13,8,27,1705,1,2,1,1.0,7,94078,M,,,94
201300044400,13,8,29,1515,1,2,1,1.0,6,94078,M,4873030.0,244686.0,94
201300044401,13,9,3,1130,1,2,1,1.0,6,94077,M,,,94
201300044402,13,9,5,1845,1,2,1,1.0,6,94078,M,,,94
201300044403,13,9,6,1610,1,2,3,1.0,1,94078,M,4872760.0,244561.0,94
201300044404,13,9,8,1341,1,2,1,1.0,6,94078,M,,,94
201300044405,13,8,29,1415,1,2,1,1.0,3,94074,M,,,94
201300044406,13,9,9,1635,1,2,1,2.0,6,94077,M,,,94
201300044407,13,9,10,1055,1,2,1,2.0,3,94077,M,,,94
201300044408,13,9,10,1850,1,2,3,8.0,3,94078,M,4873900.0,244684.0,94
201300044409,13,9,14,1100,1,2,1,2.0,7,94077,M,,,94
201300044410,13,9,17,1950,5,2,2,2.0,3,94078,M,,,94
201300044411,13,9,24,1350,1,2,1,1.0,3,94078,M,,,94
201300044412,13,9,24,1610,1,2,1,1.0,7,94001,M,,,94
201300044413,13,9,28,247,5,2,2,1.0,3,94078,M,,,94
201300044414,13,9,23,1920,2,2,1,1.0,7,94078,M,,,94
201300044415,13,10,3,1635,1,2,1,2.0,3,94078,M,,,94
201300044416,13,10,4,840,1,2,1,8.0,6,94077,M,,,94
201300044417,13,10,5,1840,2,2,3,1.0,3,94078,M,4875410.0,244868.0,94
201300044418,13,10,6,705,5,2,1,1.0,6,94074,M,,,94
201300044419,13,10,6,1510,1,2,3,1.0,2,94078,M,4874590.0,244662.0,94
201300044420,13,10,10,725,2,2,1,8.0,6,94001,M,,,94
201300044421,13,9,29,2100,5,1,4,9.0,3,94078,M,4872940.0,244678.0,94
201300044422,13,10,12,2210,5,2,1,1.0,5,94074,M,,,94
201300044423,13,10,15,2130,5,2,1,1.0,6,94078,M,4873010.0,244688.0,94
201300044424,13,9,11,445,5,2,1,2.0,3,94074,M,,,94
201300044425,13,10,18,720,2,2,1,1.0,3,94078,M,,,94
201300044426,13,10,23,1155,1,2,1,1.0,7,94074,M,,,94
201300044427,13,10,28,1115,1,2,1,2.0,3,94074,M,,,94
201300044428,13,10,30,2132,5,2,2,1.0,3,94077,M,,,94
201300044429,13,11,5,830,1,2,6,2.0,3,94077,M,,,94
201300044430,13,11,6,825,1,2,3,1.0,3,94078,M,,,94
201300044431,13,11,6,1400,1,2,1,1.0,2,94078,M,,,94
201300044432,13,11,7,850,1,2,3,1.0,3,94078,M,,,94
201300044433,13,11,7,1250,1,2,3,1.0,3,94078,M,,,94
201300044434,13,11,7,1319,1,2,1,1.0,6,94077,M,,,94
201300044435,13,11,8,550,5,2,2,2.0,2,94078,M,4873560.0,244665.0,94
201300044436,13,11,8,1805,5,2,2,1.0,6,94077,M,,,94
201300044437,13,11,10,640,5,2,3,2.0,4,94078,M,4873110.0,244682.0,94
201300044438,13,11,11,1825,5,2,1,1.0,3,94077,M,,,94
201300044439,13,11,28,800,1,2,3,1.0,6,94078,M,4873220.0,244684.0,94
201300044440,13,12,1,220,5,2,1,1.0,6,94001,M,,,94
201300044441,13,11,28,830,5,2,1,1.0,7,94078,M,,,94
201300044442,13,12,2,1430,1,2,1,1.0,3,94078,M,,,94
201300044443,13,12,6,2330,5,2,3,1.0,6,94078,M,4873220.0,244684.0,94
201300044444,13,12,8,1250,1,2,2,1.0,3,94078,M,,,94
201300044445,13,12,9,450,5,2,6,1.0,2,94074,M,,,94
201300044446,13,12,9,1240,1,2,2,1.0,2,94078,M,4872530.0,244583.0,94
201300044447,13,12,10,800,1,2,3,1.0,3,94074,M,,,94
201300044448,13,12,13,1312,1,2,1,1.0,3,94077,M,,,94
201300044449,13,12,13,1920,5,2,1,2.0,6,94078,M,,,94
201300044450,13,12,15,1215,1,2,1,1.0,6,94074,M,,,94
201300044451,13,12,15,1335,1,2,1,1.0,3,94078,M,,,94
201300044452,13,12,16,1609,1,2,2,1.0,6,94078,M,4873110.0,244682.0,94
201300044453,13,12,17,1705,2,2,1,1.0,7,94077,M,,,94
201300044454,13,12,30,1542,1,2,1,2.0,7,94078,M,,,94
201300044455,13,12,18,1608,1,2,1,1.0,3,94074,M,,,94
201300044456,13,12,18,1755,5,2,1,1.0,4,94074,M,,,94
201300044457,13,12,20,2015,5,2,1,1.0,3,94077,M,,,94
201300044458,13,12,22,1135,1,2,1,2.0,5,94078,M,4872650.0,244474.0,94
201300044459,13,5,8,1500,1,2,1,8.0,6,94077,M,,,94
201300044460,13,1,4,2140,5,2,1,1.0,3,94080,M,,,94
201300044461,13,1,7,1725,5,2,2,1.0,6,94080,M,,,94
201300044462,13,1,7,1825,5,2,1,1.0,7,94080,M,,,94
201300044463,13,1,11,1845,5,2,1,1.0,6,94067,M,,,94
201300044464,13,1,14,700,5,2,1,1.0,3,94080,M,,,94
201300044465,13,1,24,1900,5,2,3,1.0,6,94080,M,,,94
201300044466,13,2,1,810,2,2,8,2.0,6,94080,M,,,94
201300044467,13,2,7,920,1,2,2,1.0,3,94067,M,,,94
201300044468,13,2,12,1540,1,2,1,1.0,6,94067,M,,,94
201300044469,13,2,13,1645,1,2,1,1.0,6,94067,M,,,94
201300044470,13,2,22,1400,1,2,3,1.0,6,94067,M,,,94
201300044471,13,3,3,1750,1,2,1,1.0,6,94067,M,,,94
201300044472,13,4,6,1730,1,2,2,1.0,6,94080,M,,,94
201300044473,13,4,6,1545,1,2,1,1.0,3,94080,M,,,94
201300044474,13,4,8,1125,1,2,5,1.0,3,94080,M,4884760.0,245272.0,94
201300044475,13,4,11,1355,1,2,1,1.0,2,94080,M,,,94
201300044476,13,4,17,1555,1,2,1,1.0,3,94080,M,,,94
201300044477,13,4,22,1820,1,2,1,1.0,6,94067,M,,,94
201300044478,13,4,29,1300,1,2,1,1.0,3,94080,M,,,94
201300044479,13,4,30,800,1,2,1,1.0,2,94080,M,,,94
201300044480,13,5,3,1035,1,2,5,1.0,6,94080,M,4884960.0,245635.0,94
201300044481,13,5,21,1055,1,2,4,1.0,1,94080,M,,,94
201300044482,13,5,22,1530,1,2,1,1.0,3,94080,M,,,94
201300044483,13,5,25,1055,1,2,4,1.0,1,94080,M,,,94
201300044484,13,5,26,1740,1,2,3,1.0,6,94067,M,,,94
201300044485,13,5,28,1500,1,2,3,2.0,7,94080,M,,,94
201300044486,13,5,29,1010,1,2,2,1.0,3,94067,M,,,94
201300044487,13,5,30,1910,1,2,1,1.0,3,94067,M,,,94
201300044488,13,6,14,1025,1,2,2,1.0,3,94080,M,,,94
201300044489,13,6,15,840,1,2,3,1.0,3,94080,M,,,94
201300044490,13,6,21,1850,1,2,1,1.0,6,94080,M,,,94
201300044491,13,7,11,1015,1,2,1,1.0,2,94067,M,,,94
201300044492,13,7,13,1915,1,2,1,1.0,2,94080,M,,,94
201300044493,13,7,16,1205,1,2,3,1.0,3,94080,M,,,94
201300044494,13,7,20,2035,2,2,1,1.0,1,94080,M,,,94
201300044495,13,7,22,1220,1,2,3,1.0,2,94080,M,,,94
201300044496,13,7,31,700,1,2,1,1.0,6,94080,M,,,94
201300044497,13,8,10,1550,1,2,2,1.0,2,94080,M,,,94
201300044498,13,8,20,1230,1,2,1,1.0,6,94080,M,,,94
201300044499,13,8,25,1655,1,2,2,2.0,3,94067,M,,,94
201300044500,13,8,29,1210,1,2,2,1.0,3,94080,M,,,94
201300044501,13,8,28,1915,1,2,2,1.0,3,94080,M,,,94
201300044502,13,9,3,1845,1,2,1,1.0,6,94080,M,,,94
201300044503,13,9,9,1400,1,2,3,3.0,3,94067,M,,,94
201300044504,13,9,22,1625,1,2,1,1.0,5,94080,M,,,94
201300044505,13,9,23,1750,1,2,1,1.0,6,94080,M,,,94
201300044506,13,9,29,35,5,2,2,2.0,6,94067,M,,,94
201300044507,13,10,9,1530,1,2,1,2.0,6,94080,M,,,94
201300044508,13,10,11,910,1,2,1,2.0,6,94067,M,,,94
201300044509,13,10,20,1135,1,2,1,2.0,2,94067,M,,,94
201300044510,13,10,23,2205,5,2,1,1.0,6,94067,M,,,94
201300044511,13,11,1,1840,5,2,3,2.0,6,94067,M,,,94
201300044512,13,11,13,710,2,2,9,1.0,1,94080,M,,,94
201300044513,13,11,16,2155,5,2,3,1.0,6,94080,M,,,94
201300044514,13,11,19,920,1,2,1,2.0,6,94067,M,,,94
201300044515,13,11,19,2110,5,2,2,1.0,3,94080,M,,,94
201300044516,13,11,21,1245,1,2,1,1.0,1,94080,M,,,94
201300044517,13,11,22,1020,1,2,1,1.0,3,94067,M,,,94
201300044518,13,12,13,910,1,2,1,1.0,6,94080,M,,,94
201300044519,13,12,18,1125,1,2,9,1.0,6,94080,M,,,94
201300044520,13,12,22,1540,1,2,2,2.0,2,94080,M,,,94
201300044521,13,12,31,1800,5,2,2,2.0,6,94080,M,,,94
201300044522,13,1,1,1935,5,2,2,2.0,6,94081,M,,,94
201300044523,13,1,3,905,1,2,1,2.0,2,94081,M,,,94
201300044524,13,1,7,1135,1,2,2,1.0,3,94081,M,,,94
201300044525,13,1,10,840,1,2,2,8.0,3,94081,M,,,94