Num_Acc,an,mois,jour,hrmn,lum,agg,int,atm,col,com,gps,lat,long,dep
201300044526,13,1,10,855,1,2,2,1.0,3,94081,M,,,94
201300044527,13,1,15,805,2,2,1,2.0,6,94081,M,,,94
201300044528,13,1,16,1420,1,1,3,1.0,3,94081,M,,,94
201300044529,13,1,18,1410,1,2,1,1.0,3,94081,M,,,94
201300044530,13,1,24,1800,5,2,2,1.0,3,94081,M,,,94
201300044531,13,1,25,1645,1,2,1,8.0,6,94081,M,,,94
201300044532,13,1,26,1715,1,2,1,1.0,7,94081,M,,,94
201300044533,13,1,28,1305,1,2,3,1.0,6,94081,M,,,94
201300044534,13,1,30,945,1,2,1,2.0,6,94081,M,,,94
201300044535,13,1,30,1220,1,2,1,3.0,6,94081,M,,,94
201300044536,13,1,30,1610,1,1,1,1.0,2,94081,M,4877340.0,240306.0,94
201300044537,13,2,9,225,5,2,1,2.0,6,94081,M,,,94
201300044538,13,2,9,1155,1,2,1,8.0,6,94081,M,,,94
201300044539,13,2,9,2000,5,2,1,1.0,6,94081,M,,,94
201300044540,13,2,10,2200,5,2,6,2.0,3,94081,M,,,94
201300044541,13,2,21,2315,5,1,6,1.0,3,94081,M,,,94
201300044542,13,2,25,2115,5,2,1,2.0,6,94081,M,,,94
201300044543,13,2,27,1755,2,2,9,1.0,6,94081,M,,,94
201300044544,13,2,27,2030,5,2,3,1.0,3,94081,M,,,94
201300044545,13,2,28,1730,1,2,9,1.0,3,94081,M,,,94
201300044546,13,3,5,1725,1,2,4,1.0,3,94081,M,,,94
201300044547,13,3,5,1725,1,2,4,1.0,3,94081,M,,,94
201300044548,13,3,7,1340,1,2,1,8.0,7,94081,M,,,94
201300044549,13,3,8,900,1,2,2,1.0,3,94081,M,,,94
201300044550,13,3,11,940,1,2,1,8.0,2,94081,M,,,94
201300044551,13,3,22,1525,1,1,1,1.0,2,94081,M,4877360.0,240396.0,94
201300044552,13,3,22,2110,5,2,2,1.0,3,94081,M,,,94
201300044553,13,3,27,1605,1,2,1,8.0,6,94081,M,,,94
201300044554,13,4,5,1755,1,2,2,1.0,6,94081,M,,,94
201300044555,13,4,9,1325,1,2,1,8.0,6,94081,M,,,94
201300044556,13,4,12,1050,1,2,1,8.0,2,94081,M,,,94
201300044557,13,4,14,1950,1,2,1,1.0,6,94081,M,,,94
201300044558,13,4,25,1210,1,2,2,1.0,6,94081,M,,,94
201300044559,13,4,25,2000,2,2,2,1.0,6,94081,M,,,94
201300044560,13,4,27,1815,1,1,1,1.0,2,94081,M,4877340.0,240305.0,94
201300044561,13,4,29,1145,1,2,3,1.0,3,94081,M,,,94
201300044562,13,4,30,1800,1,2,1,3.0,7,94081,M,,,94
201300044563,13,5,5,155,5,2,1,1.0,6,94081,M,,,94
201300044564,13,5,6,1200,1,1,1,1.0,4,94081,M,4877340.0,240313.0,94
201300044565,13,5,7,1950,1,2,1,1.0,6,94081,M,,,94
201300044566,13,5,14,1145,1,1,1,1.0,2,94081,M,4877340.0,240305.0,94
201300044567,13,5,16,1540,1,2,9,2.0,6,94081,M,,,94
201300044568,13,5,16,1545,1,2,1,2.0,6,94081,M,4879270.0,239538.0,94
201300044569,13,5,17,900,1,2,1,1.0,3,94081,M,,,94
201300044570,13,5,19,1325,1,2,1,1.0,2,94081,M,,,94
201300044571,13,5,20,1300,1,2,1,2.0,6,94081,M,,,94
201300044572,13,5,20,2035,2,2,1,2.0,3,94081,M,,,94
201300044573,13,5,22,2205,5,2,9,9.0,2,94081,M,,,94
201300044574,13,5,25,1915,1,2,9,1.0,6,94081,M,,,94
201300044575,13,5,27,2000,1,2,1,1.0,6,94081,M,,,94
201300044576,13,5,28,1005,1,2,1,2.0,3,94081,M,,,94
201300044577,13,6,6,1650,1,1,1,1.0,6,94081,M,4877340.0,240310.0,94
201300044578,13,6,5,1650,1,1,1,1.0,2,94081,M,4877350.0,240378.0,94
201300044579,13,6,7,1700,1,2,5,1.0,6,94081,M,,,94
201300044580,13,6,11,1910,1,2,1,1.0,3,94081,M,,,94
201300044581,13,6,13,1635,1,2,1,2.0,6,94081,M,,,94
201300044582,13,6,14,815,1,2,9,1.0,6,94081,M,,,94
201300044583,13,6,17,845,2,2,1,2.0,4,94081,M,,,94
201300044584,13,6,25,935,1,2,1,1.0,6,94081,M,,,94
201300044585,13,6,27,1615,1,2,1,1.0,3,94081,M,,,94
201300044586,13,7,1,1710,1,2,2,1.0,3,94081,M,,,94
201300044587,13,7,2,1440,1,2,3,1.0,3,94081,M,,,94
201300044588,13,7,7,2100,1,2,1,1.0,6,94081,M,,,94
201300044589,13,7,8,1520,1,2,1,1.0,2,94081,M,,,94
201300044590,13,7,10,1900,1,2,1,1.0,6,94081,M,,,94
201300044591,13,7,13,1220,1,2,1,1.0,2,94081,M,,,94
201300044592,13,7,15,1400,1,2,2,1.0,1,94081,M,,,94
201300044593,13,7,17,2140,2,2,9,1.0,6,94081,M,,,94
201300044594,13,7,18,1715,1,2,3,1.0,6,94081,M,,,94
201300044595,13,7,21,2320,5,2,2,1.0,3,94081,M,,,94
201300044596,13,7,21,2120,2,2,1,1.0,3,94081,M,,,94
201300044597,13,7,22,830,1,2,1,1.0,6,94081,M,,,94
201300044598,13,7,25,808,1,2,3,1.0,6,94081,M,4878490.0,240015.0,94
201300044599,13,7,27,1715,1,2,1,1.0,4,94081,M,,,94
201300044600,13,7,27,2340,3,2,1,1.0,6,94081,M,,,94
201300044601,13,7,30,1905,1,2,1,1.0,6,94081,M,,,94
201300044602,13,8,2,1930,1,2,3,1.0,3,94081,M,,,94
201300044603,13,8,2,2300,5,2,1,1.0,3,94081,M,,,94
201300044604,13,8,3,2115,5,2,1,1.0,6,94081,M,,,94
201300044605,13,8,5,855,1,2,1,1.0,6,94081,M,,,94
201300044606,13,8,5,2122,1,2,2,1.0,3,94081,M,,,94
201300044607,13,8,6,1235,1,2,1,1.0,6,94081,M,,,94
201300044608,13,8,9,1500,1,2,1,1.0,4,94081,M,,,94
201300044609,13,8,17,1707,1,2,1,1.0,7,94081,M,,,94
201300044610,13,8,18,1430,1,2,1,1.0,6,94081,M,,,94
201300044611,13,8,19,1755,1,2,3,1.0,3,94081,M,,,94
201300044612,13,8,20,1620,1,2,1,1.0,6,94081,M,,,94
201300044613,13,8,21,1040,1,2,1,1.0,6,94081,M,,,94
201300044614,13,8,31,2135,5,2,2,1.0,3,94081,M,,,94
201300044615,13,9,2,1350,1,2,1,1.0,6,94081,M,,,94
201300044616,13,9,8,950,1,2,3,1.0,6,94081,M,,,94
201300044617,13,9,9,1715,1,1,1,1.0,7,94081,M,4877440.0,240674.0,94
201300044618,13,9,10,1325,1,2,1,1.0,6,94081,M,,,94
201300044619,13,9,11,1545,1,2,1,1.0,6,94081,M,,,94
201300044620,13,9,15,2030,5,2,1,1.0,6,94081,M,,,94
201300044621,13,9,16,1330,1,2,2,1.0,3,94081,M,,,94
201300044622,13,9,19,920,1,2,2,1.0,3,94081,M,,,94
201300044623,13,9,21,905,1,2,3,1.0,3,94081,M,,,94
201300044624,13,9,24,1230,1,2,4,1.0,1,94081,M,,,94
201300044625,13,9,25,820,1,2,2,1.0,3,94081,M,,,94
201300044626,13,9,27,2115,5,2,9,1.0,3,94081,M,,,94
201300044627,13,10,2,1255,1,2,1,1.0,5,94081,M,,,94
201300044628,13,10,3,705,5,2,1,1.0,6,94081,M,,,94
201300044629,13,10,5,1145,1,2,1,1.0,6,94081,M,,,94
201300044630,13,10,6,1345,1,2,2,1.0,6,94081,M,,,94
201300044631,13,10,7,1000,1,2,1,1.0,6,94081,M,,,94
201300044632,13,10,10,1550,1,1,1,1.0,4,94081,M,4877340.0,240308.0,94
201300044633,13,10,15,1305,1,2,3,1.0,3,94081,M,,,94
201300044634,13,10,16,1750,1,2,2,8.0,3,94081,M,,,94
201300044635,13,10,18,1730,1,2,3,1.0,3,94081,M,,,94
201300044636,13,10,23,1150,1,2,1,1.0,6,94081,M,,,94
201300044637,13,10,31,1910,5,2,1,1.0,7,94081,M,,,94
201300044638,13,11,1,1145,1,2,1,2.0,3,94081,M,,,94
201300044639,13,11,3,1005,1,2,6,1.0,6,94081,M,,,94
201300044640,13,11,5,840,1,2,1,3.0,6,94081,M,,,94
201300044641,13,11,6,810,1,2,1,1.0,6,94081,M,,,94
201300044642,13,11,7,1310,1,2,2,1.0,3,94081,M,,,94
201300044643,13,11,12,1430,1,1,1,3.0,2,94081,M,4877350.0,240380.0,94
201300044644,13,11,17,2235,5,2,2,1.0,6,94081,M,,,94
201300044645,13,11,18,2315,5,2,4,1.0,6,94081,M,,,94
201300044646,13,11,19,605,5,2,2,1.0,3,94081,M,,,94
201300044647,13,11,19,1410,1,2,1,1.0,3,94081,M,,,94
201300044648,13,11,19,1835,5,2,2,1.0,6,94081,M,,,94
201300044649,13,11,20,1200,1,2,3,1.0,2,94081,M,,,94
201300044650,13,11,25,1315,1,2,1,1.0,6,94081,M,,,94
201300044651,13,12,1,1745,4,2,2,1.0,3,94081,M,,,94
201300044652,13,12,2,1800,5,2,1,1.0,6,94081,M,,,94
201300044653,13,12,3,1305,1,2,1,1.0,6,94081,M,,,94
201300044654,13,12,6,1320,1,2,1,1.0,6,94081,M,,,94
201300044655,13,12,11,1115,1,2,2,1.0,2,94081,M,,,94
201300044656,13,12,18,1745,5,2,1,1.0,7,94081,M,,,94
201300044657,13,12,19,810,3,2,1,2.0,6,94081,M,,,94
201300044658,13,12,21,1830,5,2,6,1.0,7,94081,M,,,94
201300044659,13,12,22,1310,1,2,1,2.0,6,94081,M,,,94
201300044660,13,12,27,735,5,2,2,8.0,2,94081,M,,,94
201300044661,13,12,29,540,5,2,3,2.0,2,94081,M,,,94
201300044662,13,7,8,1910,1,2,1,1.0,6,94081,M,,,94
201300044663,13,1,2,1600,1,2,2,1.0,3,95176,M,4896340.0,220090.0,95
201300044664,13,1,8,1850,5,2,2,1.0,3,95018,M,4893990.0,222820.0,95
201300044665,13,1,10,815,1,2,1,1.0,3,95018,M,4893830.0,224660.0,95
201300044666,13,1,15,1550,1,2,1,8.0,6,95176,M,4897190.0,220390.0,95
201300044667,13,1,18,700,2,2,1,4.0,7,95018,M,4894310.0,224860.0,95
201300044668,13,1,15,1700,5,2,2,1.0,6,95018,M,4894750.0,224420.0,95
201300044669,13,1,18,1150,1,2,2,1.0,6,95018,M,4893910.0,221640.0,95
201300044670,13,1,25,1315,1,2,2,1.0,6,95018,M,4894550.0,224970.0,95
201300044671,13,1,28,920,1,2,3,1.0,3,95582,M,4896850.0,226660.0,95
201300044672,13,1,28,915,1,2,1,2.0,3,95018,M,4895490.0,227410.0,95
201300044673,13,1,28,1420,1,2,1,1.0,4,95018,M,4894690.0,220620.0,95
201300044674,13,1,29,1935,3,2,1,2.0,3,95018,M,4895110.0,225770.0,95
201300044675,13,1,30,1445,1,2,1,1.0,6,95018,M,4893830.0,224220.0,95
201300044676,13,1,29,729,2,2,3,1.0,3,95018,M,4895240.0,225390.0,95
201300044677,13,1,30,1755,5,1,3,1.0,2,95018,M,4893680.0,224560.0,95
201300044678,13,2,4,956,1,2,1,2.0,2,95582,M,4997480.0,224960.0,95
201300044679,13,2,11,800,1,2,2,2.0,6,95018,M,4894820.0,225190.0,95
201300044680,13,2,14,740,5,2,2,2.0,6,95018,M,4894420.0,224510.0,95
201300044681,13,2,15,1046,1,2,2,1.0,3,95018,M,4894820.0,225190.0,95
201300044682,13,2,16,925,1,2,4,1.0,3,95018,M,4895160.0,224370.0,95
201300044683,13,2,17,1635,1,2,2,1.0,6,95018,M,4895480.0,224230.0,95
201300044684,13,2,20,5,5,2,1,1.0,6,95018,M,4895020.0,222630.0,95
201300044685,13,2,23,5,5,2,7,1.0,3,95018,M,4893540.0,223870.0,95
201300044686,13,2,22,2030,5,2,1,1.0,3,95018,M,4895590.0,225570.0,95
201300044687,13,2,23,1100,1,2,1,1.0,6,95018,M,4894040.0,222490.0,95
201300044688,13,2,22,705,5,2,3,1.0,3,95018,M,4895510.0,225270.0,95
201300044689,13,2,26,2334,5,2,2,2.0,3,95018,M,4894820.0,225190.0,95
201300044690,13,2,28,1445,1,2,1,8.0,3,95582,M,4897280.0,225460.0,95
201300044691,13,3,1,1625,1,2,2,1.0,3,95018,M,4895030.0,226230.0,95
201300044692,13,3,2,1400,1,2,1,1.0,4,95176,M,4895790.0,223940.0,95
201300044693,13,3,5,1831,5,2,1,1.0,6,95018,M,4895840.0,228110.0,95
201300044694,13,3,7,1110,1,2,1,1.0,3,95018,M,4893360.0,223370.0,95
201300044695,13,3,13,1645,1,2,1,1.0,6,95176,M,4897340.0,219850.0,95
201300044696,13,3,20,1615,1,2,3,1.0,3,95018,M,4894650.0,220620.0,95
201300044697,13,3,20,1830,1,2,1,1.0,3,95018,M,4892960.0,222640.0,95
201300044698,13,4,2,1925,1,2,2,1.0,6,95018,M,4894020.0,222580.0,95
201300044699,13,4,8,930,1,2,1,1.0,2,95018,M,4894820.0,225480.0,95
201300044700,13,4,9,1325,1,2,1,2.0,6,95018,M,4894450.0,222580.0,95
201300044701,13,4,9,1400,1,2,1,2.0,2,95018,M,4894070.0,222020.0,95
201300044702,13,4,6,1425,1,2,1,1.0,2,95018,M,4894290.0,225220.0,95
201300044703,13,4,12,2135,5,2,2,2.0,3,95018,M,4894570.0,223340.0,95
201300044704,13,4,8,1215,1,2,3,1.0,6,95018,M,4894660.0,225680.0,95
201300044705,13,4,16,1430,1,2,2,1.0,6,95018,M,4893610.0,223820.0,95
201300044706,13,4,20,2049,5,2,4,1.0,3,95018,M,4895750.0,228770.0,95
201300044707,13,4,21,1240,1,2,2,1.0,2,95018,M,4894210.0,225310.0,95
201300044708,13,4,23,1330,1,2,1,1.0,6,95018,M,4893970.0,223650.0,95
201300044709,13,4,26,800,1,2,3,1.0,6,95018,M,4894160.0,225160.0,95
201300044710,13,5,1,1445,1,2,1,1.0,2,95018,M,4894380.0,225130.0,95
201300044711,13,4,30,1615,1,2,2,1.0,3,95176,M,4897260.0,219040.0,95
201300044712,13,5,3,1510,1,2,1,1.0,6,95018,M,4893710.0,223420.0,95
201300044713,13,5,4,1225,1,2,2,1.0,3,95176,M,4896340.0,220080.0,95
201300044714,13,5,5,1940,1,2,3,1.0,6,95018,M,4895140.0,222920.0,95
201300044715,13,5,7,1645,1,2,2,1.0,3,95018,M,4895460.0,228450.0,95
201300044716,13,5,11,1125,1,2,1,1.0,1,95176,M,4898410.0,219940.0,95
201300044717,13,5,7,1045,1,2,1,8.0,6,95018,M,4894590.0,224270.0,95
201300044718,13,5,13,1250,1,2,1,1.0,3,95018,M,4895070.0,223120.0,95
201300044719,13,5,17,1730,1,2,1,1.0,3,95582,M,4898250.0,223830.0,95
201300044720,13,5,17,1758,1,2,1,1.0,6,95176,M,4898310.0,220250.0,95
201300044721,13,5,19,1340,1,2,3,1.0,4,95018,M,4895430.0,221630.0,95
201300044722,13,5,20,514,5,2,3,1.0,6,95018,M,4893990.0,222740.0,95
201300044723,13,5,17,1200,1,2,1,1.0,7,95018,M,4894060.0,222370.0,95
201300044724,13,5,22,1420,1,2,1,1.0,7,95176,M,4896760.0,220980.0,95
201300044725,13,5,22,1940,1,2,3,1.0,2,95018,M,4895260.0,223490.0,95
201300044726,13,5,25,1943,1,2,3,1.0,6,95018,M,4895670.0,228350.0,95
201300044727,13,5,26,2020,1,2,1,1.0,3,95582,M,4897250.0,225510.0,95
201300044728,13,5,27,1320,1,2,1,1.0,6,95018,M,4894920.0,225350.0,95
201300044729,13,5,28,1640,1,2,1,1.0,6,95018,M,4894640.0,224750.0,95
201300044730,13,5,27,1655,1,2,4,1.0,2,95018,M,4894360.0,223450.0,95
201300044731,13,5,29,2105,2,2,1,2.0,4,95018,M,4894340.0,225180.0,95
201300044732,13,5,30,1732,1,2,3,3.0,3,95018,M,4895730.0,228450.0,95
201300044733,13,5,30,1610,1,2,2,1.0,6,95018,M,4895170.0,225020.0,95
201300044734,13,6,2,1745,1,2,3,1.0,3,95582,M,4897670.0,224620.0,95
201300044735,13,6,2,1540,1,2,1,1.0,6,95018,M,4894640.0,222970.0,95
201300044736,13,6,6,1745,1,2,3,1.0,6,95018,M,4894710.0,224990.0,95
201300044737,13,6,10,30,5,2,1,1.0,6,95176,M,4898310.0,220250.0,95
201300044738,13,6,12,1800,1,2,1,1.0,1,95018,M,4896370.0,227120.0,95
201300044739,13,6,6,2100,1,2,2,1.0,4,95018,M,4894550.0,224960.0,95
201300044740,13,6,14,825,1,2,3,1.0,3,95018,M,4893680.0,224550.0,95
201300044741,13,6,14,1000,1,2,1,1.0,3,95018,M,4894070.0,225450.0,95
201300044742,13,6,16,538,2,2,1,1.0,6,95018,M,4894990.0,223090.0,95
201300044743,13,6,17,1710,1,2,1,1.0,6,95018,M,4894660.0,223740.0,95
201300044744,13,6,18,2020,1,2,3,1.0,6,95018,M,4895630.0,223380.0,95
201300044745,13,6,20,1505,1,2,1,1.0,1,95176,M,4897280.0,219010.0,95
201300044746,13,6,20,2020,5,2,2,2.0,3,95018,M,4894420.0,225090.0,95
201300044747,13,6,21,1730,1,2,3,1.0,6,95018,M,4893250.0,223170.0,95
201300044748,13,6,30,1905,1,2,1,1.0,6,95018,M,4895040.0,222440.0,95
201300044749,13,6,30,1015,1,2,3,1.0,3,95018,M,4894610.0,224410.0,95
201300044750,13,7,2,725,1,2,3,1.0,5,95176,M,4898370.0,220090.0,95
201300044751,13,7,3,1710,1,2,2,1.0,2,95018,M,4894550.0,224970.0,95
201300044752,13,7,4,1815,1,1,1,1.0,6,95018,M,4893370.0,224070.0,95
201300044753,13,7,7,2220,5,2,2,1.0,3,95018,M,4893980.0,223450.0,95
201300044754,13,7,5,1550,1,2,1,1.0,4,95018,M,4895470.0,227360.0,95
201300044755,13,7,9,110,5,2,1,1.0,7,95176,M,4897290.0,218990.0,95
201300044756,13,7,11,1625,1,2,1,1.0,6,95018,M,4896270.0,226010.0,95
201300044757,13,7,12,1135,1,2,2,1.0,7,95018,M,4894520.0,225990.0,95
201300044758,13,7,21,1705,1,2,1,1.0,2,95018,M,4895120.0,225370.0,95
201300044759,13,7,22,1440,1,2,2,1.0,3,95018,M,4895790.0,223950.0,95
201300044760,13,7,24,1922,1,2,3,1.0,6,95018,M,4894740.0,222530.0,95
201300044761,13,7,25,1315,1,1,4,1.0,3,95018,M,4895590.0,227860.0,95
201300044762,13,7,28,210,5,2,1,1.0,6,95018,M,4896590.0,223940.0,95
201300044763,13,7,27,1625,1,2,1,1.0,6,95582,M,4897210.0,225650.0,95
201300044764,13,7,29,2055,1,1,1,8.0,6,95018,M,4895520.0,227480.0,95
201300044765,13,7,29,1953,1,2,1,1.0,7,95176,M,4896380.0,218940.0,95
201300044766,13,8,1,2035,1,2,1,1.0,7,95018,M,4893110.0,222910.0,95
201300044767,13,8,10,1635,1,2,1,1.0,2,95018,M,4894210.0,225590.0,95
201300044768,13,8,13,1615,1,2,2,1.0,3,95018,M,4894170.0,223450.0,95
201300044769,13,8,16,1530,1,2,1,1.0,1,95018,M,4893970.0,222950.0,95
201300044770,13,8,24,1715,1,2,1,1.0,3,95018,M,4893920.0,224780.0,95
201300044771,13,9,2,1200,1,2,1,1.0,6,95018,M,4894960.0,220790.0,95
201300044772,13,9,3,2100,5,2,1,1.0,4,95018,M,4894140.0,220770.0,95
201300044773,13,9,4,1220,1,2,1,1.0,1,95582,M,4896960.0,223370.0,95
201300044774,13,9,3,1915,1,2,3,1.0,3,95018,M,4894610.0,221670.0,95
201300044775,13,9,6,910,1,2,1,1.0,6,95018,M,4894360.0,224420.0,95
201300044776,13,9,6,745,1,2,2,1.0,2,95582,M,4896770.0,225620.0,95
201300044777,13,9,6,2230,5,2,1,1.0,1,95018,M,4895310.0,223640.0,95
201300044778,13,9,7,1415,1,2,1,1.0,3,95582,M,4896860.0,226280.0,95
201300044779,13,9,11,1840,1,2,1,2.0,3,95018,M,4895470.0,221570.0,95
201300044780,13,9,18,748,1,2,3,1.0,2,95018,M,4894780.0,226660.0,95
201300044781,13,9,18,828,1,2,1,1.0,2,95018,M,4894250.0,224340.0,95
201300044782,13,9,21,1015,1,2,2,1.0,3,95018,M,4896350.0,223320.0,95
201300044783,13,9,22,2100,5,2,3,1.0,3,95018,M,4895260.0,221520.0,95
201300044784,13,9,21,1755,1,2,1,1.0,1,95018,M,4894370.0,222750.0,95
201300044785,13,9,20,1635,1,2,4,1.0,3,95018,M,4895750.0,228790.0,95
201300044786,13,9,27,1720,1,2,3,1.0,6,95018,M,4894150.0,220810.0,95
201300044787,13,9,23,835,1,2,1,1.0,6,95018,M,4895410.0,228870.0,95
201300044788,13,9,24,1350,1,2,1,1.0,1,95018,M,4894510.0,225790.0,95
201300044789,13,9,27,1000,1,2,2,1.0,2,95018,M,4894840.0,223790.0,95
201300044790,13,9,30,1154,1,2,1,1.0,6,95018,M,4894870.0,225310.0,95
201300044791,13,10,1,840,1,2,3,1.0,3,95018,M,4896010.0,222590.0,95
201300044792,13,10,1,1720,1,2,1,1.0,6,95018,M,4893630.0,223860.0,95
201300044793,13,10,3,915,1,2,1,1.0,2,95018,M,4895120.0,225370.0,95
201300044794,13,10,7,1045,1,2,3,1.0,3,95176,M,4895260.0,220560.0,95
201300044795,13,10,9,950,1,2,1,2.0,6,95018,M,4894630.0,224760.0,95
201300044796,13,10,10,735,2,2,2,1.0,6,95176,M,4896450.0,220020.0,95
201300044797,13,10,15,1140,1,2,1,1.0,6,95176,M,4897260.0,220210.0,95
201300044798,13,10,18,627,5,2,1,1.0,6,95018,M,4894720.0,224640.0,95
201300044799,13,10,22,1505,1,2,1,1.0,6,95018,M,4894610.0,225380.0,95
201300044800,13,10,23,1819,1,2,2,1.0,3,95018,M,4894640.0,224530.0,95
201300044801,13,10,22,1650,1,2,3,1.0,6,95018,M,4895160.0,223430.0,95
201300044802,13,10,25,2135,5,2,2,2.0,3,95018,M,4896090.0,223560.0,95
201300044803,13,10,28,1515,1,2,1,6.0,1,95176,M,4897020.0,219780.0,95
201300044804,13,10,28,730,2,2,6,1.0,3,95176,M,4896720.0,220630.0,95
201300044805,13,11,1,2130,5,2,1,3.0,6,95018,M,4894790.0,223120.0,95
201300044806,13,10,21,955,1,1,1,1.0,2,95018,M,4895460.0,227610.0,95
201300044807,13,11,4,800,1,2,2,1.0,6,95018,M,4894420.0,225090.0,95
201300044808,13,11,5,730,2,2,1,2.0,6,95582,M,4897090.0,225570.0,95
201300044809,13,11,6,755,2,2,1,2.0,1,95018,M,4895240.0,223520.0,95
201300044810,13,11,5,1900,5,2,3,2.0,3,95018,M,4894370.0,223030.0,95
201300044811,13,11,11,245,5,2,1,3.0,6,95018,M,4893260.0,223180.0,95
201300044812,13,11,15,1640,1,2,1,1.0,7,95018,M,4894620.0,222910.0,95
201300044813,13,11,13,1255,1,2,1,1.0,3,95582,M,4897710.0,224340.0,95
201300044814,13,11,16,745,2,2,1,1.0,3,95018,M,4893970.0,223320.0,95
201300044815,13,11,8,1517,1,2,2,3.0,3,95018,M,4894930.0,223980.0,95
201300044816,13,11,21,1805,5,2,7,1.0,7,95018,M,4893580.0,223840.0,95
201300044817,13,11,21,1700,5,2,1,2.0,3,95018,M,4894410.0,220650.0,95
201300044818,13,11,26,1545,1,2,1,1.0,6,95582,M,4897790.0,224120.0,95
201300044819,13,11,25,940,1,2,2,1.0,3,95582,M,4897230.0,225320.0,95
201300044820,13,11,26,1900,5,2,1,1.0,6,95018,M,4894410.0,224120.0,95
201300044821,13,11,29,35,5,2,7,1.0,7,95018,M,4895710.0,228760.0,95
201300044822,13,11,28,1350,1,2,1,2.0,7,95018,M,4894560.0,224720.0,95
201300044823,13,11,30,1600,1,2,1,1.0,2,95018,M,4895150.0,228090.0,95
201300044824,13,12,6,920,1,2,1,1.0,3,95018,M,4895040.0,223890.0,95
201300044825,13,12,11,710,4,2,2,1.0,6,95018,M,4893810.0,223610.0,95
201300044826,13,11,25,1545,1,1,1,1.0,5,95018,M,4895640.0,220530.0,95
201300044827,13,12,12,1815,5,2,3,1.0,3,95176,M,4897390.0,218860.0,95
201300044828,13,12,14,1425,1,2,2,1.0,3,95582,M,4897780.0,225010.0,95
201300044829,13,12,16,840,1,2,1,1.0,4,95582,M,4896890.0,225650.0,95
201300044830,13,12,18,2040,5,2,2,1.0,3,95018,M,4894420.0,225090.0,95
201300044831,13,12,20,1642,1,2,1,1.0,6,95582,M,4897850.0,223690.0,95
201300044832,13,12,22,1725,5,2,2,2.0,3,95176,M,4896960.0,220090.0,95
201300044833,13,12,28,1500,1,2,1,1.0,6,95018,M,4894340.0,223040.0,95
201300044834,13,2,4,440,5,2,1,2.0,2,95063,M,4892360.0,220750.0,95
201300044835,13,11,15,900,1,2,2,1.0,3,95063,M,4892610.0,221660.0,95
201300044836,13,3,19,2206,5,2,1,2.0,6,95063,M,4892320.0,221240.0,95
201300044837,13,2,1,1745,2,2,3,1.0,3,95063,M,4891520.0,220540.0,95
201300044838,13,4,3,2300,5,2,2,1.0,3,95063,M,4893420.0,220910.0,95
201300044839,13,5,17,2250,5,2,2,1.0,3,95063,M,4893420.0,220910.0,95
201300044840,13,4,1,1400,1,2,1,1.0,6,95063,M,4892360.0,221760.0,95
201300044841,13,11,23,1740,5,2,1,1.0,3,95063,M,4893340.0,220990.0,95
201300044842,13,9,13,1745,1,2,1,2.0,6,95127,M,4904550.0,206870.0,95
201300044843,13,9,29,2330,5,2,2,2.0,6,95572,M,4904890.0,210780.0,95
201300044844,13,10,9,2150,5,1,2,1.0,3,95218,M,4901330.0,208990.0,95
201300044845,13,10,12,1630,1,2,2,1.0,3,95127,M,4903740.0,207290.0,95
201300044846,13,10,16,2200,3,2,1,2.0,2,95218,M,4901640.0,209249.0,95
201300044847,13,10,20,1215,1,2,1,1.0,2,95572,M,4903080.0,212880.0,95
201300044848,13,10,23,2055,5,2,1,2.0,3,95127,M,4905290.0,201040.0,95
201300044849,13,10,26,410,5,2,1,2.0,6,95218,M,4901940.0,209390.0,95
201300044850,13,11,1,2315,5,2,1,3.0,7,95500,M,4904090.0,209680.0,95
201300044851,13,11,13,850,1,2,1,7.0,6,95127,M,4903330.0,207290.0,95
201300044852,13,11,19,1000,1,2,1,1.0,6,95127,M,4904310.0,206090.0,95
201300044853,13,12,4,1350,1,2,1,1.0,3,95572,M,4905450.0,214620.0,95
201300044854,13,12,6,2135,5,2,1,1.0,6,95500,M,4905360.0,209379.0,95
201300044855,13,12,15,2320,5,1,1,1.0,3,95572,M,4903640.0,212140.0,95
201300044856,13,12,19,430,3,1,1,2.0,7,95476,M,4905650.0,204720.0,95
201300044857,13,1,17,845,1,2,1,1.0,6,95476,M,4906760.0,208880.0,95
201300044858,13,1,26,2325,4,2,1,1.0,1,95127,M,4904170.0,204330.0,95
201300044859,13,1,27,2125,3,1,1,2.0,6,95500,M,4906330.0,210240.0,95
201300044860,13,1,26,1830,3,1,1,1.0,3,95218,M,4901630.0,209269.0,95