Num_Acc,an,mois,jour,hrmn,lum,agg,int,atm,col,com,gps,lat,long,dep
201300044861,13,2,23,1800,2,2,1,1.0,2,95500,M,4904580.0,208560.0,95
201300044862,13,3,1,330,5,2,1,8.0,6,95127,M,4904310.0,205419.0,95
201300044863,13,3,7,2127,3,1,1,1.0,6,95218,M,4902560.0,210350.0,95
201300044864,13,3,17,19,5,2,1,2.0,1,95500,M,4904890.0,210190.0,95
201300044865,13,4,11,1455,1,2,1,1.0,6,95476,M,4905390.0,207390.0,95
201300044866,13,5,19,1350,1,2,1,1.0,6,95127,M,4904590.0,206460.0,95
201300044867,13,4,20,1230,1,2,1,1.0,1,95476,M,4906140.0,206510.0,95
201300044868,13,4,21,1410,1,2,1,7.0,6,95500,M,4906130.0,209019.0,95
201300044869,13,5,24,1140,1,2,6,2.0,6,95476,M,4906110.0,206610.0,95
201300044870,13,5,26,245,3,1,1,1.0,4,95127,M,,,95
201300044871,13,6,22,2135,2,2,1,8.0,6,95127,M,4904890.0,200570.0,95
201300044872,13,7,19,2255,5,1,1,1.0,6,95476,M,4906160.0,208530.0,95
201300044873,13,7,19,2030,1,2,7,1.0,6,95127,M,4904620.0,204550.0,95
201300044874,13,7,21,2327,5,2,1,1.0,6,95127,M,4904910.0,203129.0,95
201300044875,13,7,12,1000,1,2,1,1.0,3,95127,M,4903810.0,207450.0,95
201300044876,13,8,10,2055,1,2,1,1.0,6,95500,M,4904840.0,208230.0,95
201300044877,13,9,9,940,1,2,6,1.0,3,95572,M,4904180.0,211190.0,95
201300044878,13,1,8,845,2,2,1,1.0,6,95427,M,4897390.0,234930.0,95
201300044879,13,12,14,1900,5,2,1,1.0,4,95288,M,4898540.0,236140.0,95
201300044880,13,2,11,920,1,2,1,1.0,3,95427,M,4897720.0,235590.0,95
201300044881,13,2,11,1145,1,2,1,1.0,6,95197,M,4897210.0,232310.0,95
201300044882,13,2,5,1625,1,2,1,1.0,6,95288,M,4898780.0,235410.0,95
201300044883,13,3,8,2130,5,2,1,1.0,2,95427,M,4897410.0,234770.0,95
201300044884,13,3,22,1915,2,2,1,2.0,6,95427,M,4897740.0,236460.0,95
201300044885,13,4,24,850,1,2,1,1.0,6,95197,M,4897110.0,231660.0,95
201300044886,13,5,20,2045,5,2,1,1.0,2,95288,M,4898480.0,236170.0,95
201300044887,13,6,21,1700,1,2,1,1.0,6,95288,M,4898670.0,234450.0,95
201300044888,13,6,9,1830,1,2,1,2.0,2,95197,M,4895970.0,232750.0,95
201300044889,13,6,8,1940,1,2,1,1.0,6,95197,M,4895980.0,232730.0,95
201300044890,13,8,5,1350,1,2,1,1.0,2,95288,M,4898490.0,236170.0,95
201300044891,13,8,26,1640,1,2,1,1.0,3,95197,M,4897990.0,232770.0,95
201300044892,13,8,29,2215,1,2,2,1.0,3,95427,M,4897240.0,234830.0,95
201300044893,13,9,7,300,5,2,7,1.0,6,95197,M,4896720.0,231730.0,95
201300044894,13,8,23,1005,1,2,1,1.0,6,95197,M,4896690.0,231770.0,95
201300044895,13,10,21,810,1,2,1,1.0,3,95427,M,4896920.0,234060.0,95
201300044896,13,10,10,1610,1,2,1,1.0,6,95197,M,4897480.0,233290.0,95
201300044897,13,10,19,810,1,2,1,1.0,6,95197,M,4896530.0,231940.0,95
201300044898,13,10,11,830,2,2,1,1.0,3,95197,M,4896580.0,231890.0,95
201300044899,13,11,21,2000,5,2,2,2.0,6,95197,M,4897490.0,233910.0,95
201300044900,13,11,26,1930,5,2,1,1.0,1,95427,M,4896780.0,234250.0,95
201300044901,13,11,9,1130,1,2,1,1.0,3,95197,M,4896930.0,231410.0,95
201300044902,13,12,6,1620,1,2,1,1.0,1,95288,M,4898410.0,236620.0,95
201300044903,13,1,10,950,1,2,1,2.0,1,95210,M,4897020.0,230640.0,95
201300044904,13,1,28,1030,1,2,1,1.0,1,95369,M,4899830.0,229150.0,95
201300044905,13,2,4,1210,1,2,1,1.0,6,95555,M,4896860.0,227910.0,95
201300044906,13,7,2,2140,1,1,2,1.0,3,95014,M,4901170.0,230490.0,95
201300044907,13,9,8,1925,1,2,1,1.0,6,95210,M,4896950.0,231090.0,95
201300044908,13,1,14,1150,1,2,1,1.0,5,95219,M,4899390.0,224970.0,95
201300044909,13,1,16,1145,1,2,1,1.0,3,95252,M,4899820.0,221870.0,95
201300044910,13,1,17,5,3,1,1,1.0,7,95252,M,4897680.0,222460.0,95
201300044911,13,1,25,1800,5,2,4,1.0,3,95252,M,4898740.0,223340.0,95
201300044912,13,1,29,1730,1,2,1,2.0,6,95252,M,4899540.0,222610.0,95
201300044913,13,2,1,1200,1,2,1,2.0,6,95252,M,4898460.0,222690.0,95
201300044914,13,2,1,1250,1,2,1,2.0,6,95574,M,4900830.0,225660.0,95
201300044915,13,2,14,2015,5,2,6,2.0,3,95219,M,4899250.0,224860.0,95
201300044916,13,2,16,1235,1,2,1,1.0,3,95203,M,4897750.0,229150.0,95
201300044917,13,2,18,1610,1,2,1,1.0,6,95203,M,4899470.0,228010.0,95
201300044918,13,2,22,1210,1,2,1,1.0,6,95252,M,4899410.0,222420.0,95
201300044919,13,3,3,1830,2,2,1,1.0,6,95219,M,4899130.0,225860.0,95
201300044920,13,3,12,1325,1,2,3,4.0,3,95203,M,4899270.0,228380.0,95
201300044921,13,3,16,655,2,2,1,1.0,6,95219,M,4898130.0,225110.0,95
201300044922,13,4,2,1025,1,2,4,1.0,1,95426,M,4900710.0,228120.0,95
201300044923,13,4,2,1840,1,2,1,1.0,6,95252,M,4897990.0,223420.0,95
201300044924,13,4,11,1125,1,2,3,1.0,6,95574,M,4901450.0,227060.0,95
201300044925,13,4,17,1410,1,2,1,1.0,6,95252,M,4899160.0,222250.0,95
201300044926,13,4,17,1530,1,2,1,7.0,6,95219,M,4899210.0,224990.0,95
201300044927,13,4,19,450,5,2,1,1.0,6,95203,M,4899350.0,228120.0,95
201300044928,13,4,21,2020,1,2,1,1.0,1,95491,M,4900170.0,223840.0,95
201300044929,13,4,23,1545,1,1,1,1.0,2,95426,M,4901750.0,228940.0,95
201300044930,13,4,24,1700,1,2,1,1.0,6,95203,M,4899010.0,228210.0,95
201300044931,13,4,25,745,1,2,3,1.0,3,95426,M,4900670.0,228150.0,95
201300044932,13,4,25,1320,1,2,1,7.0,6,95252,M,4898870.0,222060.0,95
201300044933,13,4,27,1420,1,2,1,1.0,3,95203,M,4898190.0,227120.0,95
201300044934,13,4,29,1950,1,2,3,1.0,3,95203,M,4900410.0,227950.0,95
201300044935,13,4,30,1910,1,2,1,2.0,7,95252,M,4898780.0,220950.0,95
201300044936,13,5,4,35,5,2,1,1.0,6,95203,M,4898190.0,229290.0,95
201300044937,13,5,7,1245,1,2,1,7.0,2,95252,M,4898850.0,220760.0,95
201300044938,13,5,19,1700,1,1,1,2.0,6,95426,M,4902150.0,229370.0,95
201300044939,13,5,27,1715,1,1,1,1.0,1,95252,M,4897750.0,222860.0,95
201300044940,13,6,7,30,5,2,2,1.0,3,95252,M,4898020.0,223510.0,95
201300044941,13,6,7,1245,1,2,1,1.0,3,95203,M,4899340.0,228130.0,95
201300044942,13,6,10,1820,1,2,1,1.0,2,95219,M,4898490.0,225640.0,95
201300044943,13,6,16,855,1,2,1,1.0,3,95219,M,4898050.0,227040.0,95
201300044944,13,6,17,1238,1,2,3,1.0,6,95219,M,4898820.0,226160.0,95
201300044945,13,6,27,2015,1,2,1,1.0,6,95219,M,4899610.0,225290.0,95
201300044946,13,6,28,920,1,2,1,2.0,3,95203,M,4899120.0,227490.0,95
201300044947,13,7,2,2000,1,2,3,1.0,3,95252,M,4898850.0,222810.0,95
201300044948,13,7,9,1455,1,2,6,1.0,6,95203,M,4899360.0,227440.0,95
201300044949,13,7,21,135,5,2,6,1.0,7,95203,M,4899330.0,228190.0,95
201300044950,13,7,21,1905,1,2,2,1.0,3,95203,M,4898680.0,227940.0,95
201300044951,13,7,31,749,1,2,2,1.0,1,95574,M,4900620.0,225850.0,95
201300044952,13,8,1,1730,1,2,1,1.0,2,95426,M,4901650.0,228110.0,95
201300044953,13,8,17,1920,1,2,3,1.0,3,95219,M,4899790.0,224750.0,95
201300044954,13,8,19,1515,1,2,3,1.0,3,95252,M,4898470.0,222560.0,95
201300044955,13,8,22,645,2,2,6,1.0,3,95203,M,4899340.0,227460.0,95
201300044956,13,8,27,1830,1,2,2,1.0,3,95203,M,4898750.0,227870.0,95
201300044957,13,8,27,2110,5,2,1,1.0,1,95252,M,4900170.0,222020.0,95
201300044958,13,8,30,1255,1,2,3,1.0,3,95252,M,4899130.0,220640.0,95
201300044959,13,9,2,1525,1,2,6,1.0,3,95203,M,4899180.0,228020.0,95
201300044960,13,9,5,1230,1,2,1,1.0,6,95574,M,4899990.0,226020.0,95
201300044961,13,9,15,710,2,2,1,1.0,4,95219,M,4899470.0,225610.0,95
201300044962,13,9,20,850,1,2,2,1.0,3,95203,M,4898870.0,226660.0,95
201300044963,13,9,21,240,5,2,1,1.0,2,95252,M,4898750.0,223330.0,95
201300044964,13,9,21,1420,1,2,1,1.0,2,95219,M,4898390.0,245450.0,95
201300044965,13,9,24,830,1,2,1,1.0,6,95252,M,4898670.0,223520.0,95
201300044966,13,9,25,1850,1,2,1,1.0,3,95574,M,4900690.0,227170.0,95
201300044967,13,9,25,1733,1,2,1,1.0,7,95219,M,4898090.0,227050.0,95
201300044968,13,9,26,1120,1,2,1,1.0,3,95219,M,4898640.0,224750.0,95
201300044969,13,10,3,900,1,2,1,1.0,6,95252,M,4899380.0,223460.0,95
201300044970,13,10,4,830,1,2,1,1.0,3,95203,M,4899460.0,227550.0,95
201300044971,13,10,7,1130,1,2,6,1.0,3,95203,M,4899460.0,227530.0,95
201300044972,13,10,8,915,1,2,1,1.0,6,95252,M,4899390.0,223340.0,95
201300044973,13,10,8,1655,1,2,1,1.0,3,95491,M,4900090.0,223580.0,95
201300044974,13,10,8,2220,5,2,6,1.0,3,95203,M,4899340.0,228180.0,95
201300044975,13,10,13,600,5,2,1,1.0,6,95252,M,4899080.0,222690.0,95
201300044976,13,10,15,816,1,1,1,8.0,7,95426,M,4901790.0,228990.0,95
201300044977,13,10,17,1830,2,2,1,1.0,6,95203,M,4898680.0,227330.0,95
201300044978,13,10,18,1615,1,2,1,1.0,6,95203,M,4900620.0,227270.0,95
201300044979,13,10,22,1815,2,2,1,2.0,3,95219,M,4898650.0,225690.0,95
201300044980,13,10,26,1000,1,1,1,8.0,6,95574,M,4901640.0,226410.0,95
201300044981,13,10,26,1900,5,2,2,1.0,3,95491,M,4900410.0,223980.0,95
201300044982,13,10,29,1930,5,2,1,1.0,6,95252,M,4898590.0,223870.0,95
201300044983,13,10,31,945,1,2,1,1.0,6,95252,M,4898450.0,222830.0,95
201300044984,13,11,1,1220,1,2,6,2.0,6,95203,M,4899350.0,228190.0,95
201300044985,13,11,5,830,1,2,2,2.0,3,95582,M,4897960.0,224470.0,95
201300044986,13,11,5,1140,1,2,1,2.0,6,95252,M,4899130.0,220650.0,95
201300044987,13,11,7,734,1,2,1,1.0,2,95491,M,4900120.0,223990.0,95
201300044988,13,11,11,1100,1,2,1,1.0,3,95203,M,4899490.0,227610.0,95
201300044989,13,11,11,1828,5,2,3,1.0,1,95203,M,4899240.0,228440.0,95
201300044990,13,11,11,2325,5,2,6,1.0,3,95203,M,4899490.0,227540.0,95
201300044991,13,11,14,1425,1,2,1,2.0,6,95203,M,4899240.0,228040.0,95
201300044992,13,11,14,1955,5,2,1,2.0,3,95252,M,4899280.0,221990.0,95
201300044993,13,11,23,1840,5,2,1,8.0,1,95203,M,4899050.0,227490.0,95
201300044994,13,11,25,1815,5,2,1,1.0,6,95219,M,4898860.0,225980.0,95
201300044995,13,11,27,900,1,2,1,1.0,6,95252,M,4899490.0,224120.0,95
201300044996,13,11,27,1710,5,2,3,1.0,6,95219,M,4899620.0,225510.0,95
201300044997,13,11,29,615,5,2,1,1.0,6,95252,M,4898390.0,222790.0,95
201300044998,13,12,1,1120,1,2,1,1.0,3,95203,M,4899940.0,227760.0,95
201300044999,13,12,4,820,1,2,6,1.0,3,95203,M,4899150.0,227470.0,95
201300045000,13,12,9,915,1,2,1,1.0,6,95491,M,4900040.0,223410.0,95
201300045001,13,12,11,1820,2,2,1,1.0,6,95203,M,4899160.0,227530.0,95
201300045002,13,12,14,1455,1,2,1,1.0,6,95219,M,4898480.0,225640.0,95
201300045003,13,12,19,1810,5,2,1,1.0,6,95203,M,4899120.0,227490.0,95
201300045004,13,12,24,1851,3,2,1,2.0,6,95203,M,4899750.0,226870.0,95
201300045005,13,1,16,1745,5,2,1,8.0,6,95219,M,4899250.0,225560.0,95
201300045006,13,3,7,1435,1,2,6,1.0,3,95219,M,4899760.0,225380.0,95
201300045007,13,4,4,925,1,2,1,1.0,6,95574,M,4900840.0,225640.0,95
201300045008,13,8,6,1145,1,1,1,1.0,3,95219,M,4899780.0,224830.0,95
201300045009,13,8,14,1710,1,2,1,1.0,3,95252,M,4898420.0,222680.0,95
201300045010,13,2,1,1315,1,2,2,2.0,3,95426,M,4901140.0,228120.0,95
201300045011,13,9,2,1945,1,2,1,1.0,6,95203,M,4899150.0,227540.0,95
201300045012,13,1,5,945,1,2,1,1.0,6,95268,M,4897410.0,240520.0,95
201300045013,13,5,17,1020,1,2,2,1.0,6,95268,M,4897580.0,239570.0,95
201300045014,13,3,1,1200,1,2,1,1.0,6,95268,M,4897450.0,241660.0,95
201300045015,13,4,7,1430,1,2,1,1.0,6,95268,M,4897160.0,239450.0,95
201300045016,13,12,7,715,2,2,3,2.0,6,95268,M,4895960.0,239890.0,95
201300045017,13,1,31,1050,1,2,1,8.0,6,95268,M,4897590.0,241520.0,95
201300045018,13,2,11,1350,1,2,1,8.0,3,95268,M,4897710.0,241280.0,95
201300045019,13,2,27,1045,1,2,2,2.0,6,95268,M,4897170.0,239910.0,95
201300045020,13,3,21,1735,1,2,4,8.0,3,95268,M,4897440.0,240670.0,95
201300045021,13,3,19,735,1,2,1,1.0,6,95268,M,4897670.0,239180.0,95
201300045022,13,4,26,930,1,2,1,1.0,2,95268,M,4897510.0,241580.0,95
201300045023,13,6,17,520,3,1,1,1.0,6,95268,M,4896020.0,240370.0,95
201300045024,13,8,12,1605,1,2,2,1.0,3,95268,M,4897310.0,239780.0,95
201300045025,13,11,24,1450,1,2,1,1.0,3,95268,M,4897420.0,241710.0,95
201300045026,13,11,9,2015,5,2,2,2.0,3,95268,M,4896640.0,240930.0,95
201300045027,13,12,19,550,5,2,2,2.0,3,95268,M,4897050.0,238940.0,95
201300045028,13,1,1,110,5,2,2,2.0,3,95268,M,4897310.0,239780.0,95
201300045029,13,2,15,725,2,1,1,2.0,2,95280,M,4902270.0,245130.0,95
201300045030,13,3,9,1725,1,2,1,1.0,6,95280,M,4903860.0,246720.0,95
201300045031,13,1,10,1900,5,2,1,2.0,6,95277,M,4899190.0,242930.0,95
201300045032,13,1,14,1330,1,2,1,1.0,2,95277,M,4898070.0,244720.0,95
201300045033,13,2,4,840,1,2,1,2.0,6,95280,M,4903120.0,245930.0,95
201300045034,13,2,6,1820,5,2,6,2.0,6,95280,M,4901940.0,246590.0,95
201300045035,13,2,23,1135,1,2,2,1.0,3,95277,M,4898530.0,245940.0,95
201300045036,13,3,23,2335,3,1,1,1.0,2,95277,M,4898490.0,247070.0,95
201300045037,13,8,29,1830,1,2,1,1.0,6,95277,M,4899750.0,242710.0,95
201300045038,13,11,24,1600,1,2,2,2.0,3,95280,M,4903210.0,245880.0,95
201300045039,13,12,12,1449,1,2,1,1.0,3,95019,M,4899560.0,241790.0,95
201300045040,13,6,10,2146,5,2,2,1.0,3,95280,M,4903560.0,246040.0,95
201300045041,13,7,7,2141,1,2,1,1.0,6,95277,M,4900080.0,242480.0,95
201300045042,13,11,13,1930,2,1,1,1.0,6,95277,M,4898480.0,247330.0,95
201300045043,13,4,23,1725,1,2,1,1.0,6,95277,M,4898390.0,243830.0,95
201300045044,13,4,23,1900,1,2,1,1.0,3,95280,M,4902830.0,245270.0,95
201300045045,13,7,12,2035,1,2,1,1.0,3,95280,M,4903190.0,245890.0,95
201300045046,13,5,13,1015,1,2,1,1.0,2,95280,M,4902590.0,245530.0,95
201300045047,13,5,26,840,1,2,1,1.0,6,95019,M,4899310.0,241320.0,95
201300045048,13,6,2,1425,1,2,1,1.0,3,95280,M,4903250.0,245860.0,95
201300045049,13,7,19,1910,1,2,1,1.0,6,95280,M,4903420.0,245280.0,95
201300045050,13,7,24,2010,1,2,1,1.0,6,95277,M,4899990.0,242720.0,95
201300045051,13,7,29,1600,1,1,1,1.0,6,95277,M,4897290.0,245980.0,95
201300045052,13,9,3,1900,1,2,1,1.0,3,95277,M,4899310.0,242650.0,95
201300045053,13,9,14,1500,1,2,1,1.0,6,95277,M,4898940.0,244640.0,95
201300045054,13,9,20,1845,1,2,1,1.0,6,95280,M,4902940.0,247320.0,95
201300045055,13,9,28,2259,5,1,1,3.0,6,95088,M,4895790.0,244660.0,95
201300045056,13,10,15,2105,5,2,6,1.0,2,95019,M,4898590.0,241940.0,95
201300045057,13,10,16,1655,1,2,1,2.0,7,95280,M,4903230.0,245860.0,95
201300045058,13,10,16,2244,5,2,1,2.0,2,95277,M,4897890.0,246530.0,95
201300045059,13,10,17,815,1,2,1,1.0,6,95280,M,4903070.0,245960.0,95
201300045060,13,11,23,1100,1,2,1,1.0,6,95280,M,4903410.0,247480.0,95
201300045061,13,12,3,944,1,2,1,1.0,6,95019,M,4898620.0,241260.0,95
201300045062,13,12,15,1640,2,2,1,1.0,1,95280,M,4903970.0,246030.0,95
201300045063,13,12,31,1234,1,2,1,1.0,3,95277,M,4898950.0,244640.0,95
201300045064,13,1,3,1832,5,2,1,1.0,6,95257,M,4897770.0,217570.0,95
201300045065,13,1,10,815,2,2,1,2.0,3,95424,M,4899140.0,220640.0,95
201300045066,13,1,18,1410,1,2,3,1.0,3,95424,M,4898220.0,218580.0,95
201300045067,13,1,21,1910,2,2,2,1.0,2,95306,M,4898810.0,216710.0,95
201300045068,13,2,14,835,1,2,1,2.0,6,95306,M,4899890.0,215190.0,95
201300045069,13,3,11,1630,1,2,1,1.0,6,95424,M,4899860.0,219910.0,95
201300045070,13,3,20,1000,1,1,1,2.0,6,95306,M,4900960.0,216550.0,95
201300045071,13,3,23,1650,1,2,1,1.0,3,95424,M,4899630.0,219710.0,95
201300045072,13,4,6,1640,1,2,1,1.0,6,95306,M,4899860.0,218790.0,95
201300045073,13,5,3,1420,1,2,6,1.0,6,95306,M,4900310.0,217750.0,95
201300045074,13,5,6,650,1,2,1,1.0,6,95257,M,4897990.0,218280.0,95
201300045075,13,6,8,1440,1,2,1,1.0,6,95306,M,4901430.0,212810.0,95
201300045076,13,6,14,1834,1,2,1,1.0,3,95306,M,4900560.0,219340.0,95
201300045077,13,6,18,1940,1,2,1,1.0,6,95424,M,4899740.0,219720.0,95
201300045078,13,6,24,1025,1,2,1,1.0,6,95306,M,4900410.0,213030.0,95
201300045079,13,7,16,1515,1,2,1,1.0,6,95306,M,4899610.0,215290.0,95
201300045080,13,7,19,1820,1,2,1,1.0,3,95424,M,4898510.0,218840.0,95
201300045081,13,7,21,1820,1,2,1,1.0,6,95306,M,4899650.0,216310.0,95
201300045082,13,9,13,1430,1,2,1,2.0,1,95424,M,4899570.0,219870.0,95
201300045083,13,9,20,1410,1,2,1,1.0,3,95424,M,4899520.0,219270.0,95
201300045084,13,9,10,1410,1,2,1,1.0,2,95424,M,4899040.0,220290.0,95
201300045085,13,9,23,1840,1,2,1,1.0,3,95306,M,4899910.0,218810.0,95
201300045086,13,9,28,1416,1,2,1,1.0,1,95424,M,4900010.0,220040.0,95
201300045087,13,10,2,1836,1,2,1,1.0,6,95306,M,4900270.0,215790.0,95
201300045088,13,10,6,1150,1,2,1,1.0,5,95424,M,4899110.0,218190.0,95
201300045089,13,11,7,1840,5,2,1,2.0,6,95306,M,4899050.0,216250.0,95
201300045090,13,12,5,1625,1,2,1,1.0,6,95306,M,4899880.0,217830.0,95
201300045091,13,12,27,1650,2,2,1,3.0,6,95306,M,4898910.0,215460.0,95
201300045092,13,5,23,1620,1,2,1,1.0,6,95424,M,4899420.0,219950.0,95
201300045093,13,5,31,1200,1,1,1,1.0,3,95306,M,4902330.0,212190.0,95
201300045094,13,2,2,2100,5,2,1,1.0,6,95052,M,4914240.0,229090.0,95
201300045095,13,2,4,925,1,1,1,2.0,6,95504,M,4910290.0,226790.0,95
201300045096,13,1,28,1210,1,2,3,1.0,6,95313,M,4911210.0,221290.0,95
201300045097,13,1,30,1545,1,2,1,1.0,6,95052,M,4914210.0,228790.0,95
201300045098,13,2,9,1205,1,1,1,1.0,2,95436,M,4912890.0,225580.0,95
201300045099,13,2,13,1430,1,2,2,1.0,5,95313,M,4910880.0,222240.0,95
201300045100,13,2,28,1910,5,2,2,1.0,1,95487,M,4915480.0,227590.0,95
201300045101,13,3,17,1550,1,1,1,4.0,1,95436,M,4913050.0,225590.0,95
201300045102,13,3,21,1948,5,2,1,2.0,3,95313,M,4910950.0,222310.0,95
201300045103,13,5,4,13,3,1,1,1.0,6,95504,M,4911840.0,226750.0,95
201300045104,13,5,29,1915,1,2,3,1.0,6,95487,M,4915130.0,227260.0,95
201300045105,13,6,7,1930,1,1,1,1.0,3,95487,M,4915180.0,224690.0,95
201300045106,13,7,2,1815,1,1,1,1.0,4,95487,M,4915150.0,224710.0,95
201300045107,13,6,21,1550,1,1,1,1.0,3,95436,M,4912910.0,225810.0,95
201300045108,13,6,20,1230,1,1,3,3.0,3,93013,M,,,93
201300045109,13,3,7,1255,1,1,1,2.0,6,77291,M,4901218.0,255890.0,77
201300045110,13,4,1,34,5,1,1,1.0,6,77294,M,4900488.0,257714.0,77
201300045111,13,4,4,1645,1,1,1,9.0,6,93073,M,,,93
201300045112,13,6,22,1235,1,1,1,1.0,6,93073,M,,,93
201300045113,13,3,29,1830,1,1,1,1.0,6,77294,M,4901038.0,255349.0,77
201300045114,13,10,21,2235,3,1,1,1.0,3,77294,M,,,77
201300045115,13,11,13,830,1,1,1,1.0,6,93073,M,,,93
201300045116,13,7,26,1930,1,1,2,1.0,3,77291,M,,,77
201300045117,13,12,13,1910,3,1,1,2.0,5,93073,M,,,93
201300045118,13,12,18,1245,1,2,1,1.0,6,95585,M,4899190.0,237490.0,95
201300045119,13,12,26,1535,1,2,1,1.0,4,95585,M,4898610.0,237180.0,95
201300045120,13,1,9,1840,5,1,1,2.0,5,95539,M,4901170.0,235230.0,95
201300045121,13,1,10,1020,1,2,1,1.0,2,95585,M,4898490.0,238790.0,95
201300045122,13,2,24,2153,5,2,1,1.0,6,95680,M,4899920.0,239240.0,95
201300045123,13,3,9,1745,1,2,1,1.0,6,95585,M,4898920.0,236840.0,95
201300045124,13,3,20,1730,1,2,1,1.0,6,95585,M,4899180.0,237460.0,95
201300045125,13,3,16,1425,1,2,1,8.0,6,95585,M,4897760.0,237110.0,95
201300045126,13,1,30,1900,5,2,1,1.0,6,95680,M,4899980.0,241810.0,95
201300045127,13,2,1,1515,1,2,1,1.0,3,95680,M,4900450.0,238210.0,95
201300045128,13,2,21,1410,1,2,1,1.0,6,95585,M,4897460.0,237620.0,95
201300045129,13,1,7,1130,1,2,3,1.0,6,95680,M,4899560.0,241090.0,95
201300045130,13,4,22,910,1,2,2,1.0,6,95585,M,4899610.0,237110.0,95
201300045131,13,7,24,1810,1,2,4,1.0,3,95680,M,4900640.0,239810.0,95
201300045132,13,9,1,1700,1,2,1,1.0,6,95680,M,4900260.0,239840.0,95
201300045133,13,9,17,1545,1,1,1,3.0,6,95539,M,4899960.0,235810.0,95
201300045134,13,6,26,1340,1,2,1,1.0,6,95585,M,4897440.0,237610.0,95
201300045135,13,10,1,1015,1,1,1,1.0,1,95205,M,4902290.0,238670.0,95
201300045136,13,10,2,1535,1,2,1,1.0,6,95585,M,4899880.0,238040.0,95
201300045137,13,10,21,1900,5,2,1,2.0,6,95539,M,4899490.0,236668.0,95
201300045138,13,11,4,1920,3,1,1,2.0,4,95539,M,4899490.0,234090.0,95
201300045139,13,10,31,1425,1,2,1,1.0,6,95680,M,4900930.0,238640.0,95
201300045140,13,11,13,1030,1,2,1,1.0,6,95680,M,4900070.0,239240.0,95
201300045141,13,12,18,1815,5,2,1,8.0,2,95585,M,4898360.0,236820.0,95
201300045142,13,12,15,1615,2,2,1,7.0,6,95539,M,4900670.0,234990.0,95
201300045143,13,12,20,1900,5,2,1,1.0,6,95539,M,4899910.0,236770.0,95
201300045144,13,12,1,2055,3,1,1,1.0,1,95585,M,4898010.0,236880.0,95
201300045145,13,8,15,2015,1,2,1,1.0,6,95585,M,4898520.0,237480.0,95
201300045146,13,1,4,1945,5,2,1,8.0,2,95563,M,4901710.0,224710.0,95
201300045147,13,1,10,1810,5,2,1,2.0,6,95607,M,4902580.0,222130.0,95
201300045148,13,1,13,2015,5,2,1,2.0,3,95607,M,4901050.0,221370.0,95
201300045149,13,4,9,800,1,2,2,2.0,6,95060,M,4903440.0,221440.0,95
201300045150,13,4,13,1115,1,2,1,1.0,3,95607,M,4901640.0,221860.0,95
201300045151,13,6,3,1110,1,2,1,1.0,2,95060,M,4903680.0,221120.0,95
201300045152,13,6,8,1925,1,2,2,1.0,3,95060,M,4903560.0,221810.0,95
201300045153,13,6,15,1145,1,2,1,7.0,6,95563,M,4901210.0,224730.0,95
201300045154,13,6,17,1545,1,2,1,1.0,6,95563,M,4901550.0,223930.0,95
201300045155,13,7,22,1435,1,2,1,1.0,2,95060,M,4903290.0,221560.0,95
201300045156,13,8,31,2300,5,2,3,1.0,1,95060,M,4903790.0,221150.0,95
201300045157,13,10,1,835,1,2,1,1.0,3,95563,M,4900150.0,225150.0,95
201300045158,13,10,15,1710,1,2,1,1.0,6,95607,M,4900630.0,220740.0,95
201300045159,13,10,16,2055,5,2,3,1.0,3,95607,M,4902120.0,223430.0,95
201300045160,13,10,19,2000,5,2,1,1.0,7,95607,M,4902670.0,222420.0,95
201300045161,13,11,14,825,2,2,2,2.0,3,95051,M,4900880.0,219880.0,95
201300045162,13,11,19,1805,4,2,1,1.0,6,95607,M,4902160.0,221980.0,95
201300045163,13,12,13,2005,5,2,3,2.0,3,95607,M,4901590.0,220890.0,95
201300045164,13,3,4,1815,1,2,1,1.0,4,95607,M,4900560.0,220840.0,95
201300045165,13,1,22,1805,5,2,3,8.0,6,95563,M,4901240.0,224390.0,95
201300045166,13,4,10,910,1,2,1,1.0,6,95051,M,4901350.0,220060.0,95