Num_Acc,an,mois,jour,hrmn,lum,agg,int,atm,col,com,gps,lat,long,dep
201300045167,13,4,5,1630,1,1,1,1.0,4,95060,M,4902970.0,218780.0,95
201300045168,13,7,2,1800,1,2,2,1.0,6,95563,M,4901130.0,224530.0,95
201300045169,13,1,8,1655,1,1,1,1.0,3,20004,M,0.0,0.0,201
201300045170,13,1,9,1350,1,2,1,1.0,3,20004,M,4192748.0,873174.0,201
201300045171,13,1,14,2225,4,1,1,2.0,7,20004,M,0.0,0.0,201
201300045172,13,1,26,555,5,2,1,1.0,6,20004,M,4194644.0,876748.0,201
201300045173,13,1,27,2300,5,2,1,1.0,3,20004,M,0.0,0.0,201
201300045174,13,2,26,1345,1,2,1,1.0,6,20004,M,4193517.0,874565.0,201
201300045175,13,2,26,1205,1,2,1,1.0,3,20004,M,4193045.0,873732.0,201
201300045176,13,3,3,1735,1,2,1,1.0,2,20004,M,0.0,0.0,201
201300045177,13,3,8,1415,1,2,1,1.0,3,20004,M,4192999.0,875697.0,201
201300045178,13,3,14,1755,2,1,1,2.0,6,20004,M,4193102.0,871888.0,201
201300045179,13,3,21,2020,5,2,1,9.0,2,20004,M,4191991.0,873686.0,201
201300045180,13,3,21,1730,1,1,1,1.0,7,20004,M,0.0,0.0,201
201300045181,13,4,9,825,1,2,1,1.0,6,20004,M,4191715.0,873372.0,201
201300045182,13,4,10,1350,1,2,1,1.0,6,20004,M,0.0,0.0,201
201300045183,13,4,16,735,1,1,6,1.0,1,20004,M,0.0,0.0,201
201300045184,13,5,2,1215,1,2,1,1.0,3,20004,M,0.0,0.0,201
201300045185,13,5,3,135,5,2,1,1.0,6,20004,M,4191621.0,872318.0,201
201300045186,13,5,17,620,2,2,1,8.0,1,20004,M,4195237.0,878051.0,201
201300045187,13,5,17,710,1,1,9,1.0,6,20004,M,0.0,0.0,201
201300045188,13,5,26,1500,1,2,1,1.0,6,20004,M,4194584.0,876210.0,201
201300045189,13,6,4,817,1,2,1,1.0,6,20004,M,4193714.0,873714.0,201
201300045190,13,6,18,1545,1,2,1,1.0,2,20004,M,4194461.0,875659.0,201
201300045191,13,6,21,1425,1,2,9,1.0,6,20004,M,4192781.0,873739.0,201
201300045192,13,6,29,330,5,2,3,1.0,3,20004,M,4192242.0,873748.0,201
201300045193,13,6,29,2239,5,2,1,1.0,5,20004,M,4194301.0,875274.0,201
201300045194,13,7,6,1027,1,2,6,1.0,3,20004,M,0.0,0.0,201
201300045195,13,7,13,53,5,2,3,1.0,3,20004,M,0.0,0.0,201
201300045196,13,7,18,1643,1,1,1,1.0,3,20004,M,4192673.0,877880.0,201
201300045197,13,7,23,1535,1,2,3,1.0,3,20004,M,4192422.0,873897.0,201
201300045198,13,7,25,55,5,2,1,1.0,2,20004,M,4193368.0,874411.0,201
201300045199,13,7,26,1510,1,2,1,1.0,3,20004,M,4192761.0,873992.0,201
201300045200,13,7,31,850,1,2,1,1.0,6,20004,M,4192464.0,873799.0,201
201300045201,13,8,1,855,1,2,1,1.0,5,20004,M,4192809.0,879927.0,201
201300045202,13,8,2,2125,5,2,1,1.0,6,20004,M,4192827.0,873750.0,201
201300045203,13,8,4,2325,5,2,1,1.0,6,20004,M,4193026.0,878366.0,201
201300045204,13,8,7,1430,1,2,6,1.0,2,20004,M,4192994.0,876137.0,201
201300045205,13,8,10,1805,1,2,1,1.0,4,20004,M,4194950.0,876858.0,201
201300045206,13,8,12,950,1,2,2,1.0,6,20004,M,4193517.0,875071.0,201
201300045207,13,8,14,2048,5,2,1,1.0,6,20004,M,4190911.0,871905.0,201
201300045208,13,8,17,29,5,2,1,1.0,3,20004,M,4192843.0,874014.0,201
201300045209,13,8,27,102,5,2,1,1.0,6,20004,M,4192180.0,873942.0,201
201300045210,13,9,1,45,5,2,1,1.0,7,20004,M,4192662.0,873904.0,201
201300045211,13,9,3,1229,1,2,1,1.0,2,20004,M,0.0,0.0,201
201300045212,13,9,10,1925,5,2,1,2.0,3,20004,M,4194154.0,874732.0,201
201300045213,13,9,29,235,5,2,3,1.0,3,20004,M,4193347.0,875454.0,201
201300045214,13,10,2,1840,1,2,6,1.0,3,20004,M,4193021.0,875732.0,201
201300045215,13,10,9,1220,1,2,1,1.0,3,20004,M,4194726.0,876263.0,201
201300045216,13,10,10,1320,1,2,1,1.0,6,20004,M,4191816.0,873991.0,201
201300045217,13,10,14,2315,5,2,3,1.0,1,20004,M,4192311.0,873766.0,201
201300045218,13,10,17,1850,2,1,3,1.0,2,20004,M,4194758.0,876342.0,201
201300045219,13,10,19,1550,1,2,1,1.0,3,20004,M,4192694.0,872989.0,201
201300045220,13,10,21,130,5,2,1,1.0,7,20004,M,4193621.0,874708.0,201
201300045221,13,10,24,2035,5,2,1,1.0,6,20004,M,4192492.0,873897.0,201
201300045222,13,10,25,1955,5,2,9,1.0,6,20004,M,4192499.0,873802.0,201
201300045223,13,11,1,1525,1,2,1,1.0,6,20004,M,4193230.0,874069.0,201
201300045224,13,11,5,922,1,2,1,1.0,7,20004,M,4194856.0,876602.0,201
201300045225,13,11,11,520,5,2,6,1.0,6,20004,M,4192674.0,873884.0,201
201300045226,13,11,15,1805,5,1,1,1.0,7,20004,M,4195751.0,877945.0,201
201300045227,13,11,19,810,1,2,1,1.0,3,20004,M,4194331.0,875344.0,201
201300045228,13,11,19,1945,5,2,3,1.0,3,20004,M,4192644.0,873794.0,201
201300045229,13,11,21,1930,5,2,1,1.0,2,20004,M,4193019.0,873926.0,201
201300045230,13,11,28,1515,1,1,6,1.0,3,20004,M,4192711.0,877918.0,201
201300045231,13,12,11,1515,1,2,1,1.0,6,20004,M,4193417.0,874881.0,201
201300045232,13,12,22,5,5,2,9,1.0,3,20004,M,4191269.0,872368.0,201
201300045233,13,12,27,2345,4,2,1,1.0,6,20004,M,4193183.0,874002.0,201
201300045234,13,12,28,15,5,2,1,1.0,1,20004,M,4192329.0,873766.0,201
201300045235,13,12,31,1302,1,2,1,1.0,4,20004,M,4195089.0,877273.0,201
201300045236,13,12,31,1853,5,2,2,1.0,3,20004,M,4191862.0,873692.0,201
201300045237,13,1,19,255,5,2,1,2.0,6,69381,M,,,69
201300045238,13,1,28,900,1,2,1,8.0,2,69381,M,,,69
201300045239,13,2,9,1555,1,2,2,4.0,3,69381,M,,,69
201300045240,13,2,9,320,5,2,1,1.0,2,69381,M,,,69
201300045241,13,3,9,1730,1,2,1,1.0,4,69381,M,,,69
201300045242,13,3,17,220,5,2,2,6.0,3,69381,M,,,69
201300045243,13,3,25,900,1,2,1,1.0,3,69381,M,,,69
201300045244,13,4,16,1925,1,2,7,1.0,3,69381,M,,,69
201300045245,13,4,27,1000,1,2,2,2.0,3,69381,M,,,69
201300045246,13,4,22,2205,5,2,2,1.0,3,69381,M,,,69
201300045247,13,5,27,845,1,2,3,1.0,6,69381,M,,,69
201300045248,13,5,30,1005,1,2,1,2.0,2,69381,M,,,69
201300045249,13,6,5,1810,1,2,1,1.0,6,69381,M,,,69
201300045250,13,6,7,910,1,2,2,1.0,3,69381,M,,,69
201300045251,13,6,11,40,5,2,1,1.0,3,69381,M,,,69
201300045252,13,6,11,1750,1,2,1,1.0,6,69381,M,,,69
201300045253,13,6,15,150,5,2,2,1.0,6,69381,M,,,69
201300045254,13,8,5,1300,1,2,1,1.0,6,69381,M,,,69
201300045255,13,6,29,130,5,2,2,1.0,6,69381,M,,,69
201300045256,13,7,14,2320,5,2,1,1.0,2,69381,M,,,69
201300045257,13,7,18,2100,1,2,1,2.0,6,69381,M,,,69
201300045258,13,8,26,830,1,2,1,1.0,4,69381,M,,,69
201300045259,13,9,13,1200,1,2,1,1.0,6,69381,M,,,69
201300045260,13,9,19,1640,1,2,1,1.0,3,69381,M,,,69
201300045261,13,9,23,1710,1,2,2,1.0,6,69381,M,,,69
201300045262,13,10,2,1905,2,2,1,1.0,6,69381,M,,,69
201300045263,13,10,16,740,1,2,3,1.0,6,69381,M,,,69
201300045264,13,10,20,155,5,2,2,1.0,3,69381,M,,,69
201300045265,13,10,24,2235,5,2,1,1.0,1,69381,M,,,69
201300045266,13,10,27,856,1,2,1,7.0,7,69381,M,,,69
201300045267,13,10,31,1540,1,2,1,1.0,6,69381,M,,,69
201300045268,13,11,1,1730,5,2,1,1.0,6,69381,M,,,69
201300045269,13,11,12,1045,1,2,1,1.0,3,69381,M,,,69
201300045270,13,11,15,1110,1,2,1,2.0,6,69381,M,,,69
201300045271,13,11,20,1550,1,2,1,2.0,6,69381,M,,,69
201300045272,13,11,23,1550,1,2,2,1.0,3,69381,M,,,69
201300045273,13,11,29,2335,5,2,1,2.0,6,69381,M,,,69
201300045274,13,12,15,330,5,2,1,5.0,3,69381,M,,,69
201300045275,13,12,28,1700,5,2,1,1.0,6,69381,M,,,69
201300045276,13,11,28,1220,1,2,1,1.0,7,69381,M,,,69
201300045277,13,1,1,20,3,1,1,2.0,6,77294,M,,,77
201300045278,13,1,1,220,5,1,1,2.0,6,94046,M,4881580.0,245013.0,94
201300045279,13,1,1,310,5,1,1,2.0,6,94073,M,4876900.0,237920.0,94
201300045280,13,1,1,910,2,1,1,1.0,2,94073,M,4876250.0,238143.0,94
201300045281,13,1,1,1030,1,1,1,8.0,7,77373,M,,,77
201300045282,13,1,1,2005,5,1,1,1.0,6,94069,M,4881740.0,242482.0,94
201300045283,13,1,2,800,2,1,1,1.0,5,94018,M,4881780.0,241389.0,94
201300045284,13,1,3,945,1,1,1,1.0,3,94017,M,4882790.0,250451.0,94
201300045285,13,1,3,1405,1,1,1,8.0,6,94028,M,4877620.0,244220.0,94
201300045286,13,1,3,1825,2,1,1,2.0,5,93051,M,4883560.0,256443.0,93
201300045287,13,1,5,215,5,1,1,1.0,2,94069,M,4881650.0,245016.0,94
201300045288,13,1,8,1750,3,1,1,1.0,2,77294,M,,,77
201300045289,13,1,8,1831,4,1,1,1.0,5,94028,M,4877610.0,243095.0,94
201300045290,13,1,10,720,3,1,1,2.0,5,77249,M,,,77
201300045291,13,1,10,925,1,1,1,8.0,2,94069,M,4881620.0,245238.0,94
201300045292,13,1,10,1705,2,1,1,2.0,6,94044,M,4875770.0,247072.0,94
201300045293,13,1,10,1910,3,1,1,2.0,2,77514,M,,,77
201300045294,13,1,10,2200,3,1,1,1.0,5,77337,M,,,77
201300045295,13,1,11,455,4,1,1,2.0,6,94079,M,4883580.0,253972.0,94
201300045296,13,1,14,840,1,1,1,1.0,7,77053,M,,,77
201300045297,13,1,14,900,1,1,1,1.0,2,94073,M,4875360.0,237899.0,94
201300045298,13,1,16,750,1,1,1,1.0,4,77514,M,,,77
201300045299,13,1,18,1800,2,1,1,8.0,6,77237,M,,,77
201300045300,13,1,18,1945,5,1,1,4.0,7,77146,M,,,77
201300045301,13,1,20,555,3,1,1,4.0,3,77450,M,,,77
201300045302,13,1,21,1930,4,1,1,4.0,5,94028,M,4878440.0,244057.0,94
201300045303,13,1,22,810,1,1,1,9.0,5,94017,M,4882650.0,251831.0,94
201300045304,13,1,24,830,1,1,1,2.0,3,94069,M,4881740.0,242930.0,94
201300045305,13,1,24,1715,1,1,1,1.0,2,75112,M,,,75
201300045306,13,1,27,100,5,1,1,1.0,5,93051,M,4883600.0,255642.0,93
201300045307,13,1,29,740,2,1,1,2.0,3,77363,M,,,77
201300045308,13,1,30,1000,1,1,1,2.0,3,94044,M,4875770.0,247072.0,94
201300045309,13,1,30,1000,1,1,1,1.0,2,77121,M,,,77
201300045310,13,1,31,735,2,1,1,1.0,6,77294,M,,,77
201300045311,13,1,31,1015,1,1,1,1.0,3,77169,M,,,77
201300045312,13,1,31,1620,1,1,1,2.0,4,94017,M,4882680.0,252359.0,94
201300045313,13,1,31,1930,3,1,1,1.0,7,75112,M,,,75
201300045314,13,2,1,1352,1,1,1,2.0,5,94033,M,4885930.0,248616.0,94
201300045315,13,2,2,540,5,1,1,1.0,2,94069,M,4881730.0,242928.0,94
201300045316,13,2,2,550,5,1,1,1.0,2,94069,M,4881730.0,242928.0,94
201300045317,13,2,2,640,5,1,1,1.0,2,94069,M,4881740.0,242930.0,94
201300045318,13,2,2,650,5,1,1,1.0,4,94018,M,4881870.0,240833.0,94
201300045319,13,2,4,1330,1,1,1,2.0,7,77121,M,,,77
201300045320,13,2,4,1430,1,1,1,2.0,2,94052,M,4884540.0,249196.0,94
201300045321,13,2,5,1705,1,1,1,8.0,3,77294,M,,,77
201300045322,13,2,6,1335,1,1,1,1.0,7,94069,M,4881700.0,244610.0,94
201300045323,13,2,7,930,1,1,1,1.0,3,94069,M,4881660.0,245027.0,94
201300045324,13,2,8,1015,5,1,1,1.0,5,94052,M,4884270.0,249262.0,94
201300045325,13,2,11,1545,1,1,1,1.0,6,77122,M,,,77
201300045326,13,2,11,1830,3,1,1,8.0,5,77372,M,,,77
201300045327,13,2,12,1705,1,1,1,1.0,3,77122,M,,,77
201300045328,13,2,13,730,2,1,1,1.0,7,77053,M,,,77
201300045329,13,2,15,1705,1,1,1,1.0,2,94042,M,4882850.0,247660.0,94
201300045330,13,2,18,930,1,1,1,1.0,2,77294,M,,,77
201300045331,13,2,19,710,1,1,1,1.0,4,77249,M,,,77
201300045332,13,2,21,840,1,1,1,1.0,5,93051,M,,,93
201300045333,13,2,21,850,1,1,1,1.0,4,77373,M,,,77
201300045334,13,2,22,1640,1,1,1,1.0,5,77258,M,,,77
201300045335,13,2,25,1300,1,1,1,2.0,2,94033,M,4884890.0,249074.0,94
201300045336,13,2,26,2115,3,1,1,1.0,3,77373,M,,,77
201300045337,13,2,27,1020,1,1,1,1.0,7,94073,M,4875920.0,238355.0,94
201300045338,13,2,27,1830,3,1,1,1.0,4,77146,M,,,77
201300045339,13,3,1,45,5,1,1,1.0,3,94069,M,4881730.0,243928.0,94
201300045340,13,3,1,650,3,1,1,1.0,7,77249,M,,,77
201300045341,13,3,2,1405,1,1,1,1.0,2,94017,M,4882970.0,249792.0,94
201300045342,13,3,3,510,3,1,1,1.0,7,77373,M,,,77
201300045343,13,3,3,550,5,1,1,1.0,2,94028,M,4880110.0,244698.0,94
201300045344,13,3,3,1310,1,1,1,1.0,6,77337,M,,,77
201300045345,13,3,5,950,1,1,1,1.0,4,94033,M,4885550.0,248927.0,94
201300045346,13,3,7,1610,1,1,1,1.0,4,94052,M,4882640.0,246625.0,94
201300045347,13,3,8,945,1,1,1,1.0,5,94065,M,4875370.0,235009.0,94
201300045348,13,3,9,1110,1,1,1,1.0,4,94033,M,4885150.0,248977.0,94
201300045349,13,3,9,2050,3,1,1,1.0,2,94046,M,4881160.0,244907.0,94
201300045350,13,3,10,225,3,1,1,1.0,6,77169,M,,,77
201300045351,13,3,11,935,1,1,1,2.0,3,94017,M,4882730.0,252468.0,94
201300045352,13,3,11,1620,1,1,1,8.0,5,94074,M,4876630.0,245585.0,94
201300045353,13,3,12,445,3,1,1,2.0,3,94079,M,4883580.0,253972.0,94
201300045354,13,3,12,930,1,1,1,4.0,4,77337,M,,,77
201300045355,13,3,13,1010,1,1,1,2.0,2,94081,M,4877340.0,240307.0,94
201300045356,13,3,14,800,1,1,1,1.0,6,94017,M,4882960.0,249778.0,94
201300045357,13,3,14,1315,1,1,1,1.0,7,77372,M,,,77
201300045358,13,3,14,1800,1,1,1,1.0,3,77258,M,,,77
201300045359,13,3,15,1630,1,1,1,1.0,2,77514,M,,,77
201300045360,13,3,16,220,4,1,1,1.0,4,94069,M,4881740.0,243626.0,94
201300045361,13,3,16,2100,3,1,1,2.0,2,94017,M,4882650.0,252071.0,94
201300045362,13,3,17,1200,1,1,1,2.0,6,94073,M,4876740.0,237871.0,94
201300045363,13,3,17,2200,4,1,1,2.0,5,94073,M,4876660.0,237881.0,94
201300045364,13,3,18,810,1,1,1,1.0,3,93051,M,,,93
201300045365,13,3,21,1920,3,1,1,1.0,6,77122,M,,,77
201300045366,13,3,22,830,1,1,1,1.0,5,77438,M,,,77
201300045367,13,3,22,1900,2,1,1,1.0,2,93051,M,4883530.0,257243.0,93
201300045368,13,3,26,730,1,1,1,1.0,3,77141,M,,,77
201300045369,13,3,26,855,1,1,1,1.0,3,93051,M,,,93
201300045370,13,3,26,1400,1,1,1,1.0,2,77169,M,,,77
201300045371,13,3,27,800,1,1,1,1.0,5,94073,M,4877000.0,238129.0,94
201300045372,13,3,28,1400,1,1,1,1.0,2,94042,M,4882870.0,247661.0,94
201300045373,13,3,28,1745,1,1,1,1.0,5,77294,M,,,77
201300045374,13,3,29,1315,1,1,1,1.0,3,77169,M,,,77
201300045375,13,3,30,815,1,1,1,1.0,2,94028,M,4877290.0,244579.0,94
201300045376,13,3,31,510,3,1,1,1.0,6,77468,M,,,77
201300045377,13,3,31,700,1,1,1,1.0,6,94069,M,4881750.0,243877.0,94
201300045378,13,3,31,1330,1,1,1,1.0,2,94028,M,4878480.0,244050.0,94
201300045379,13,4,1,745,2,1,1,1.0,6,93051,M,,,93
201300045380,13,4,1,1610,1,1,1,1.0,2,77249,M,,,77
201300045381,13,4,2,1800,1,1,1,1.0,2,77146,M,,,77
201300045382,13,4,4,1835,1,1,1,1.0,7,77018,M,,,77
201300045383,13,4,5,700,1,1,1,1.0,2,94017,M,4882680.0,252381.0,94
201300045384,13,4,6,1425,1,1,1,1.0,7,94033,M,4885910.0,249050.0,94
201300045385,13,4,7,1600,1,1,1,1.0,5,77175,M,,,77
201300045386,13,4,8,1030,1,1,1,1.0,5,77181,M,,,77
201300045387,13,4,9,1150,1,1,1,1.0,4,94017,M,4882970.0,249791.0,94
201300045388,13,4,9,1800,1,1,1,1.0,6,77058,M,,,77
201300045389,13,4,10,815,1,1,1,1.0,7,94028,M,4878440.0,244056.0,94
201300045390,13,4,10,1640,1,1,1,2.0,5,77294,M,,,77
201300045391,13,4,11,740,1,1,1,1.0,2,94081,M,4877440.0,241032.0,94
201300045392,13,4,18,755,1,1,1,1.0,2,94079,M,4882880.0,252742.0,94
201300045393,13,4,13,1651,1,1,1,2.0,2,94033,M,4885910.0,248677.0,94
201300045394,13,4,14,1530,1,1,1,1.0,2,75112,M,,,75
201300045395,13,4,14,1725,1,1,1,1.0,5,94069,M,4881740.0,243626.0,94
201300045396,13,4,14,1745,1,1,1,1.0,7,94069,M,4881650.0,245149.0,94
201300045397,13,4,14,1820,1,1,1,1.0,2,94018,M,4882130.0,239954.0,94
201300045398,13,4,15,1500,1,1,1,1.0,5,94081,M,4877410.0,240501.0,94
201300045399,13,4,15,2120,5,1,1,1.0,6,93051,M,,,93
201300045400,13,4,17,910,1,1,1,1.0,2,94069,M,4881720.0,244334.0,94
201300045401,13,4,17,1340,1,1,1,1.0,3,94017,M,4882970.0,249791.0,94
201300045402,13,4,18,810,1,1,1,1.0,4,94017,M,4882730.0,252477.0,94
201300045403,13,4,21,1835,1,1,1,1.0,2,94069,M,4881740.0,243348.0,94
201300045404,13,4,22,700,1,1,1,1.0,3,94033,M,4885020.0,249025.0,94
201300045405,13,4,22,1815,1,1,1,1.0,6,77337,M,,,77
201300045406,13,4,23,1900,1,1,1,1.0,6,94018,M,4882480.0,239301.0,94
201300045407,13,4,24,915,1,1,1,1.0,2,94052,M,4884090.0,249283.0,94
201300045408,13,4,23,1735,1,1,1,1.0,2,94015,M,4883050.0,253004.0,94
201300045409,13,4,25,1940,1,1,1,1.0,7,94069,M,4881650.0,245015.0,94
201300045410,13,4,26,1200,1,1,1,1.0,6,94046,M,4879840.0,244473.0,94
201300045411,13,4,30,1930,1,1,1,2.0,3,77373,M,,,77
201300045412,13,4,30,2020,1,1,1,2.0,3,94017,M,4883050.0,249110.0,94
201300045413,13,5,3,820,1,1,1,1.0,7,94069,M,4881600.0,245161.0,94
201300045414,13,5,4,1130,1,1,1,1.0,6,94018,M,4882130.0,239954.0,94
201300045415,13,5,5,1915,1,1,1,1.0,7,77438,M,,,77
201300045416,13,5,7,2000,1,1,1,1.0,3,77237,M,,,77
201300045417,13,5,9,900,1,1,1,1.0,6,94073,M,4877000.0,238169.0,94
201300045418,13,5,11,1230,1,1,1,1.0,7,94081,M,4877400.0,240773.0,94
201300045419,13,5,11,1720,1,1,1,1.0,3,94028,M,4879230.0,244128.0,94
201300045420,13,5,14,1750,1,1,1,1.0,3,94069,M,4881710.0,244472.0,94
201300045421,13,5,15,1850,1,1,1,1.0,3,94069,M,4881680.0,244600.0,94
201300045422,13,5,16,1825,1,1,1,1.0,5,93051,M,,,93
201300045423,13,5,17,2020,1,1,1,1.0,5,77146,M,,,77
201300045424,13,5,17,2000,2,1,1,1.0,2,77337,M,,,77
201300045425,13,5,18,450,3,1,9,1.0,6,77438,M,,,77
201300045426,13,5,18,1145,1,1,1,1.0,5,94069,M,4881670.0,244957.0,94
201300045427,13,5,19,2020,1,1,1,2.0,6,77122,M,,,77
201300045428,13,5,20,335,4,1,1,3.0,6,94073,M,4876740.0,237871.0,94
201300045429,13,5,20,1250,1,1,1,2.0,4,94022,M,4877340.0,240317.0,94
201300045430,13,5,20,1850,1,1,1,2.0,6,77058,M,,,77
201300045431,13,5,21,800,1,1,1,2.0,3,94052,M,4883890.0,249376.0,94
201300045432,13,5,21,830,1,1,1,3.0,4,77372,M,,,77
201300045433,13,5,21,910,1,1,1,2.0,5,94028,M,4877610.0,243095.0,94
201300045434,13,5,21,940,1,1,1,2.0,3,77121,M,,,77
201300045435,13,5,22,1000,1,1,1,1.0,4,94017,M,4882780.0,250588.0,94
201300045436,13,5,22,1410,1,1,1,1.0,2,77450,M,,,77
201300045437,13,5,23,930,1,1,1,1.0,3,77373,M,,,77
201300045438,13,5,23,2030,1,1,1,2.0,6,94044,M,4875840.0,247039.0,94
201300045439,13,5,30,2015,1,1,1,8.0,7,94069,M,4881690.0,244322.0,94
201300045440,13,5,24,2246,3,1,1,1.0,6,94044,M,4875880.0,247013.0,94
201300045441,13,5,25,1920,1,1,1,1.0,7,94018,M,4881730.0,241742.0,94
201300045442,13,5,27,420,5,1,1,1.0,2,94018,M,4881950.0,240596.0,94
201300045443,13,5,28,1245,1,1,1,2.0,7,94058,M,4884450.0,249228.0,94
201300045444,13,5,29,940,1,1,1,1.0,3,94069,M,4881760.0,242084.0,94
201300045445,13,6,4,830,1,1,1,1.0,7,94018,M,4881770.0,241525.0,94
201300045446,13,6,4,900,1,1,1,1.0,5,77363,M,,,77
201300045447,13,6,5,930,1,1,1,1.0,2,94069,M,4881710.0,244323.0,94
201300045448,13,6,6,800,1,1,1,1.0,2,94028,M,4877610.0,242825.0,94
201300045449,13,6,6,1025,1,1,1,1.0,3,94069,M,4881730.0,242642.0,94
201300045450,13,6,6,1930,1,1,1,1.0,7,77249,M,,,77
201300045451,13,6,7,800,1,1,1,1.0,2,77363,M,,,77
201300045452,13,6,7,808,1,1,1,1.0,3,77373,M,,,77
201300045453,13,6,7,1125,1,1,1,1.0,3,94033,M,4886000.0,248534.0,94
201300045454,13,6,8,245,5,1,1,1.0,6,94017,M,4883030.0,249096.0,94
201300045455,13,6,8,1000,1,1,1,1.0,2,94017,M,4882790.0,250451.0,94
201300045456,13,6,8,1530,1,1,1,1.0,2,94022,M,4877620.0,242427.0,94
201300045457,13,6,9,1545,1,1,1,2.0,6,77337,M,,,77
201300045458,13,6,9,2041,1,1,1,1.0,3,94028,M,4878620.0,243998.0,94
201300045459,13,6,10,730,1,1,1,1.0,2,93051,M,,,93
201300045460,13,6,10,1050,5,1,1,1.0,2,94017,M,4882650.0,251832.0,94
201300045461,13,6,10,1130,1,1,1,1.0,2,94073,M,4876660.0,237881.0,94
201300045462,13,6,10,1630,1,1,1,1.0,4,75112,M,,,75
201300045463,13,6,11,1100,1,1,1,1.0,3,94002,M,4877650.0,242157.0,94
201300045464,13,6,11,1240,1,1,1,1.0,7,94042,M,4882690.0,246781.0,94
201300045465,13,6,12,715,1,1,1,1.0,3,94079,M,4883580.0,253972.0,94
201300045466,13,6,14,1700,1,1,1,1.0,3,94073,M,4875660.0,238355.0,94
201300045467,13,6,14,1930,1,1,1,1.0,2,94073,M,4875360.0,237899.0,94
201300045468,13,6,16,1325,1,1,1,1.0,3,77294,M,,,77
201300045469,13,6,16,1940,1,1,1,7.0,6,77258,M,,,77
201300045470,13,6,18,800,1,1,1,1.0,3,94018,M,4881770.0,241804.0,94
201300045471,13,6,18,835,1,1,9,1.0,2,93051,M,,,93
201300045472,13,6,19,810,1,1,1,2.0,3,94046,M,4880810.0,244896.0,94
201300045473,13,6,21,650,1,1,1,2.0,7,94017,M,4883000.0,248675.0,94
201300045474,13,6,21,719,1,1,1,2.0,7,77053,M,,,77
201300045475,13,6,23,1830,1,1,1,2.0,4,94081,M,4877400.0,240138.0,94
201300045476,13,6,25,1720,1,1,1,1.0,5,77122,M,,,77
201300045477,13,6,26,900,1,1,1,1.0,2,94069,M,4881720.0,244333.0,94
201300045478,13,6,26,945,1,1,1,1.0,2,77258,M,,,77
201300045479,13,6,26,1645,1,1,1,1.0,3,94028,M,4879410.0,244161.0,94
201300045480,13,6,26,1810,1,1,1,1.0,7,94028,M,4878000.0,244119.0,94
201300045481,13,6,28,1850,1,1,1,1.0,3,77169,M,,,77
201300045482,13,6,27,840,1,1,1,1.0,2,77249,M,,,77
201300045483,13,6,28,45,3,1,1,1.0,2,77514,M,,,77
201300045484,13,6,28,1540,1,1,1,1.0,2,94022,M,4877540.0,241278.0,94
201300045485,13,6,28,1630,1,1,1,1.0,4,77373,M,,,77
201300045486,13,6,29,940,1,1,1,2.0,3,77373,M,,,77
201300045487,13,6,29,1850,1,1,1,1.0,3,77258,M,,,77
201300045488,13,6,30,210,3,1,1,1.0,6,94015,M,4883130.0,253079.0,94
201300045489,13,6,30,515,2,1,1,1.0,7,77373,M,,,77
201300045490,13,7,1,1000,1,1,1,1.0,2,94042,M,4882880.0,247729.0,94
201300045491,13,7,1,1015,1,1,1,1.0,3,94069,M,4881650.0,245348.0,94
201300045492,13,7,1,2040,1,1,1,1.0,3,77468,M,,,77
201300045493,13,7,1,2110,5,1,1,1.0,3,94058,M,4884750.0,249197.0,94
201300045494,13,7,1,2150,3,1,1,1.0,4,77372,M,,,77
201300045495,13,7,3,830,1,1,1,1.0,2,94069,M,4881590.0,245134.0,94
201300045496,13,7,3,1500,1,1,1,1.0,7,77372,M,,,77
201300045497,13,7,5,1820,1,1,1,1.0,5,94046,M,4880810.0,244878.0,94
201300045498,13,7,5,2235,3,1,1,1.0,6,77122,M,,,77
201300045499,13,7,6,1730,1,1,1,1.0,2,94052,M,4884630.0,249165.0,94
201300045500,13,7,6,1940,1,1,1,1.0,6,77258,M,,,77
201300045501,13,7,6,2220,3,1,9,1.0,2,77058,M,,,77
201300045502,13,7,7,620,2,1,1,1.0,6,94052,M,4882660.0,246607.0,94
201300045503,13,7,7,1300,1,1,1,1.0,2,94073,M,4875570.0,238301.0,94
201300045504,13,7,7,2000,1,1,1,1.0,4,94017,M,4882650.0,251832.0,94
201300045505,13,7,7,2120,4,1,1,1.0,5,77258,M,,,77
201300045506,13,7,8,1215,1,1,1,7.0,4,94073,M,4877030.0,238298.0,94
201300045507,13,7,11,1425,1,1,1,7.0,5,77363,M,,,77