Num_Acc,an,mois,jour,hrmn,lum,agg,int,atm,col,com,gps,lat,long,dep
201300045508,13,7,12,1030,1,1,1,1.0,3,94018,M,4881890.0,240856.0,94
201300045509,13,7,12,1220,1,1,1,1.0,2,94017,M,4883010.0,249661.0,94
201300045510,13,7,12,1910,1,1,1,1.0,4,77373,M,,,77
201300045511,13,7,12,2010,1,1,1,1.0,3,94073,M,4877070.0,238560.0,94
201300045512,13,7,12,2100,1,1,1,1.0,4,94017,M,4882790.0,250451.0,94
201300045513,13,7,12,2255,3,1,1,1.0,3,77468,M,,,77
201300045514,13,7,15,855,1,1,1,1.0,2,94018,M,4881770.0,241664.0,94
201300045515,13,7,15,830,1,1,1,1.0,5,94073,M,4876650.0,237882.0,94
201300045516,13,7,15,925,1,1,1,1.0,6,94018,M,4881750.0,241476.0,94
201300045517,13,7,16,1325,1,1,1,1.0,2,94065,M,4875440.0,234971.0,94
201300045518,13,7,16,1430,1,1,1,1.0,7,94011,M,4875880.0,248214.0,94
201300045519,13,7,16,1915,1,1,1,1.0,3,94052,M,4884270.0,249262.0,94
201300045520,13,7,17,1240,1,1,1,1.0,4,94017,M,4882700.0,251136.0,94
201300045521,13,7,19,1725,1,1,1,1.0,5,77169,M,,,77
201300045522,13,7,20,1224,1,1,1,1.0,2,77438,M,,,77
201300045523,13,7,20,1945,1,1,1,1.0,4,94017,M,4882640.0,251811.0,94
201300045524,13,7,23,1845,1,1,1,1.0,7,77373,M,,,77
201300045525,13,7,25,700,1,1,1,1.0,3,94022,M,4877650.0,242023.0,94
201300045526,13,7,25,815,1,1,1,1.0,3,94079,M,4883300.0,253379.0,94
201300045527,13,7,25,1300,1,1,1,1.0,2,94017,M,4882860.0,250177.0,94
201300045528,13,7,25,1545,1,1,1,1.0,2,75112,M,,,75
201300045529,13,7,25,1644,1,1,1,1.0,3,94028,M,4877880.0,244114.0,94
201300045530,13,7,25,1845,1,1,1,1.0,3,77169,M,,,77
201300045531,13,7,26,855,1,1,1,1.0,2,77018,M,,,77
201300045532,13,7,26,1615,1,1,1,1.0,7,94017,M,4882790.0,250423.0,94
201300045533,13,8,1,2040,1,1,1,1.0,6,77169,M,,,77
201300045534,13,8,2,840,1,1,1,1.0,3,77438,M,,,77
201300045535,13,8,2,1745,1,1,1,1.0,5,94033,M,4885790.0,248727.0,94
201300045536,13,8,2,1940,2,1,1,1.0,5,94052,M,4884570.0,249187.0,94
201300045537,13,8,3,800,1,1,1,1.0,5,94018,M,4881750.0,241528.0,94
201300045538,13,8,5,1810,1,1,1,1.0,2,94033,M,4885720.0,248765.0,94
201300045539,13,8,7,1330,1,1,1,2.0,4,94044,M,4875820.0,247060.0,94
201300045540,13,8,8,820,1,1,1,1.0,7,94074,M,4876920.0,245008.0,94
201300045541,13,8,12,800,1,1,1,1.0,2,94033,M,4884800.0,249106.0,94
201300045542,13,8,12,1220,1,1,1,1.0,2,77122,M,,,77
201300045543,13,8,14,2220,5,1,1,1.0,4,94028,M,4877600.0,242818.0,94
201300045544,13,8,20,1913,1,1,1,1.0,7,94081,M,4877390.0,240371.0,94
201300045545,13,8,25,1600,1,1,1,2.0,7,77450,M,,,77
201300045546,13,8,26,1810,1,1,1,1.0,7,94028,M,4877220.0,244654.0,94
201300045547,13,8,27,1215,1,1,1,2.0,7,94042,M,4882850.0,247644.0,94
201300045548,13,8,28,955,1,1,1,1.0,4,77373,M,,,77
201300045549,13,8,30,930,1,1,1,1.0,4,94017,M,4882670.0,251471.0,94
201300045550,13,8,31,1730,1,1,1,1.0,3,77373,M,,,77
201300045551,13,9,1,1705,1,1,1,1.0,3,94069,M,4881580.0,245117.0,94
201300045552,13,9,2,1000,1,1,1,1.0,7,77373,M,,,77
201300045553,13,9,3,800,1,1,1,1.0,3,94065,M,4875380.0,235499.0,94
201300045554,13,9,3,1815,1,1,1,1.0,7,77169,M,,,77
201300045555,13,9,5,1930,1,1,1,7.0,7,77258,M,,,77
201300045556,13,9,6,1530,1,1,1,1.0,6,77373,M,,,77
201300045557,13,9,7,615,3,1,1,1.0,2,94028,M,4877600.0,242823.0,94
201300045558,13,9,7,1345,1,1,1,1.0,5,94081,M,4877490.0,241148.0,94
201300045559,13,9,8,15,3,1,1,1.0,5,94042,M,4882840.0,247585.0,94
201300045560,13,9,9,1150,1,1,1,1.0,2,94017,M,4882700.0,251036.0,94
201300045561,13,9,9,1745,1,1,1,2.0,2,77373,M,,,77
201300045562,13,9,11,1810,1,1,1,8.0,3,94073,M,4877260.0,239790.0,94
201300045563,13,9,11,1850,1,1,1,1.0,3,94046,M,4881510.0,244989.0,94
201300045564,13,9,12,1015,1,1,1,8.0,2,94073,M,4877260.0,239780.0,94
201300045565,13,9,12,947,1,1,1,1.0,3,77373,M,,,77
201300045566,13,9,13,410,4,1,1,1.0,6,77121,M,,,77
201300045567,13,9,14,425,3,1,1,2.0,3,75112,M,,,75
201300045568,13,9,14,1400,1,1,1,2.0,6,94044,M,4875820.0,247065.0,94
201300045569,13,9,15,715,1,1,1,1.0,5,77121,M,,,77
201300045570,13,9,16,740,1,1,1,2.0,6,77373,M,,,77
201300045571,13,9,16,1503,1,1,1,1.0,7,94028,M,4877940.0,244092.0,94
201300045572,13,9,16,1800,1,1,1,2.0,2,94081,M,4877420.0,240830.0,94
201300045573,13,9,16,1855,1,1,1,3.0,7,94073,M,4875380.0,236992.0,94
201300045574,13,9,16,2030,3,1,1,2.0,2,93051,M,4883570.0,256309.0,93
201300045575,13,9,17,715,1,1,1,1.0,2,94073,M,4875890.0,238365.0,94
201300045576,13,9,18,1020,1,1,1,1.0,2,94033,M,4886090.0,248438.0,94
201300045577,13,9,18,1800,1,1,1,2.0,7,94022,M,4877630.0,242293.0,94
201300045578,13,9,18,2020,2,1,1,1.0,4,94042,M,4882760.0,247043.0,94
201300045579,13,9,20,1200,1,1,1,1.0,5,94028,M,4877640.0,243180.0,94
201300045580,13,9,21,700,2,1,1,1.0,2,77146,M,,,77
201300045581,13,9,21,1430,1,1,1,1.0,6,77053,M,,,77
201300045582,13,9,22,1147,1,1,1,1.0,2,94069,M,4881720.0,244334.0,94
201300045583,13,9,23,5,3,1,1,1.0,7,77121,M,,,77
201300045584,13,9,22,700,3,1,1,1.0,1,77438,M,,,77
201300045585,13,9,23,1535,1,1,1,1.0,3,77121,M,,,77
201300045586,13,9,23,2030,3,1,1,1.0,4,77258,M,,,77
201300045587,13,9,24,710,1,1,1,1.0,3,77337,M,,,77
201300045588,13,9,24,2350,5,1,1,1.0,6,94017,M,4882680.0,251242.0,94
201300045589,13,9,25,1300,1,1,1,1.0,5,94069,M,4881640.0,244561.0,94
201300045590,13,9,25,2110,3,1,1,1.0,3,94033,M,4885780.0,248833.0,94
201300045591,13,9,27,2100,5,1,1,2.0,5,75112,M,,,75
201300045592,13,9,28,900,1,1,1,8.0,7,77175,M,,,77
201300045593,13,9,30,1905,1,1,1,1.0,5,94028,M,4880210.0,244786.0,94
201300045594,13,10,2,730,3,1,1,1.0,4,94046,M,4880990.0,244903.0,94
201300045595,13,10,2,730,1,1,1,1.0,2,94073,M,4875960.0,238339.0,94
201300045596,13,10,3,830,1,1,1,1.0,2,93051,M,,,93
201300045597,13,10,3,1000,1,1,1,1.0,3,94022,M,4877410.0,240501.0,94
201300045598,13,10,3,1800,1,1,1,1.0,4,77372,M,,,77
201300045599,13,10,4,830,1,1,1,1.0,5,94017,M,4882780.0,250588.0,94
201300045600,13,10,4,915,1,1,1,2.0,3,77294,M,,,77
201300045601,13,10,5,900,1,1,1,1.0,6,77169,M,,,77
201300045602,13,10,6,700,3,1,1,1.0,5,77294,M,,,77
201300045603,13,10,7,730,1,1,1,1.0,3,94017,M,4882790.0,250451.0,94
201300045604,13,10,7,2340,3,1,1,1.0,6,77438,M,,,77
201300045605,13,10,8,1510,1,1,1,1.0,4,77373,M,,,77
201300045606,13,10,8,1745,1,1,1,1.0,6,94028,M,4877650.0,243609.0,94
201300045607,13,10,8,1930,5,1,1,1.0,2,94046,M,4880540.0,244854.0,94
201300045608,13,10,12,1516,1,1,1,1.0,3,77146,M,,,77
201300045609,13,10,12,1845,2,1,1,1.0,3,77258,M,,,77
201300045610,13,10,13,600,3,1,1,1.0,3,77121,M,,,77
201300045611,13,10,14,2100,3,1,1,2.0,5,77258,M,,,77
201300045612,13,10,14,2230,5,1,1,2.0,6,94069,M,4881750.0,242088.0,94
201300045613,13,10,16,15,3,1,1,1.0,3,94052,M,4882660.0,246634.0,94
201300045614,13,10,16,1400,1,1,1,2.0,7,75112,M,,,75
201300045615,13,10,11,1943,5,1,1,1.0,2,94017,M,4882780.0,250588.0,94
201300045616,13,10,16,1640,1,1,1,2.0,2,77055,M,,,77
201300045617,13,10,16,1800,1,1,1,2.0,6,77438,M,,,77
201300045618,13,10,18,815,1,1,1,1.0,5,77169,M,,,77
201300045619,13,10,19,1215,1,1,1,1.0,2,94046,M,4880450.0,244834.0,94
201300045620,13,10,20,1245,2,1,1,1.0,4,94017,M,4882650.0,251832.0,94
201300045621,13,10,20,1930,5,1,1,3.0,5,94017,M,4883030.0,249097.0,94
201300045622,13,10,20,2320,5,1,1,1.0,3,94069,M,4881710.0,244323.0,94
201300045623,13,10,21,200,5,1,1,1.0,6,94028,M,4877990.0,244089.0,94
201300045624,13,10,21,1635,1,1,1,1.0,4,77373,M,,,77
201300045625,13,10,23,1010,1,1,1,1.0,3,94017,M,4882740.0,250861.0,94
201300045626,13,10,23,940,1,1,1,1.0,2,94028,M,4877610.0,242832.0,94
201300045627,13,10,23,1010,1,1,1,1.0,5,77083,M,,,77
201300045628,13,10,23,1820,1,1,1,1.0,3,94022,M,4877310.0,240016.0,94
201300045629,13,10,23,2135,3,1,1,2.0,7,77337,M,,,77
201300045630,13,10,24,1720,1,1,1,1.0,5,94073,M,4875380.0,236940.0,94
201300045631,13,10,24,2040,3,1,1,1.0,2,94028,M,4880200.0,244728.0,94
201300045632,13,10,25,1315,1,1,1,1.0,3,94022,M,4877310.0,239990.0,94
201300045633,13,10,26,820,2,1,1,1.0,2,77258,M,,,77
201300045634,13,10,26,1030,1,1,1,1.0,5,77053,M,,,77
201300045635,13,10,26,1430,1,1,1,1.0,5,77373,M,,,77
201300045636,13,10,27,200,4,1,1,2.0,2,94017,M,4882970.0,249791.0,94
201300045637,13,10,27,845,1,1,1,3.0,6,77438,M,,,77
201300045638,13,10,27,1315,1,1,1,1.0,4,94052,M,4884360.0,249257.0,94
201300045639,13,10,27,1900,5,1,1,3.0,2,94018,M,4882290.0,239617.0,94
201300045640,13,10,28,915,1,1,1,2.0,3,94018,M,4882560.0,239234.0,94
201300045641,13,10,29,830,2,1,1,1.0,3,94046,M,4880900.0,244899.0,94
201300045642,13,10,29,830,1,1,1,1.0,2,77517,M,,,77
201300045643,13,10,31,1540,1,1,1,1.0,3,94073,M,4875540.0,238285.0,94
201300045644,13,10,31,1630,1,1,1,1.0,3,77337,M,,,77
201300045645,13,10,31,2040,3,1,1,1.0,2,93051,M,4883480.0,257909.0,93
201300045646,13,11,1,510,3,1,1,2.0,2,77514,M,,,77
201300045647,13,11,1,1455,1,1,1,2.0,5,77121,M,,,77
201300045648,13,11,1,2200,5,1,1,3.0,2,94018,M,4882230.0,239722.0,94
201300045649,13,11,2,615,5,1,1,2.0,4,75112,M,,,75
201300045650,13,11,2,800,1,1,1,2.0,6,94044,M,4875790.0,247108.0,94
201300045651,13,11,4,740,2,1,1,1.0,6,94073,M,4876750.0,237870.0,94
201300045652,13,11,4,1030,1,1,1,1.0,7,94018,M,4882180.0,239837.0,94
201300045653,13,11,4,1230,1,1,9,8.0,3,77373,M,,,77
201300045654,13,11,4,1915,3,1,1,1.0,4,93051,M,4883570.0,256176.0,93
201300045655,13,11,5,205,3,1,1,1.0,3,77363,M,,,77
201300045656,13,11,5,1015,1,1,1,2.0,7,94073,M,4875490.0,238204.0,94
201300045657,13,11,5,1300,1,1,1,2.0,3,94052,M,4884690.0,249143.0,94
201300045658,13,11,6,815,1,1,1,2.0,6,94044,M,4875790.0,247110.0,94
201300045659,13,11,6,930,1,1,1,8.0,7,94018,M,4882010.0,240333.0,94
201300045660,13,11,6,930,1,1,1,1.0,3,77169,M,,,77
201300045661,13,11,7,730,1,1,1,1.0,4,94073,M,4875660.0,238355.0,94
201300045662,13,11,4,1640,1,1,1,1.0,3,77373,M,,,77
201300045663,13,11,8,1620,2,1,1,2.0,5,94044,M,4875760.0,247174.0,94
201300045664,13,11,8,1945,3,1,1,2.0,4,77514,M,,,77
201300045665,13,11,9,1438,1,1,1,3.0,7,77249,M,,,77
201300045666,13,11,9,2042,1,1,1,2.0,2,94042,M,4882760.0,247042.0,94
201300045667,13,11,10,1520,1,1,1,1.0,2,77337,M,,,77
201300045668,13,11,11,1815,3,1,1,1.0,3,77258,M,,,77
201300045669,13,11,12,850,1,1,1,2.0,7,75112,M,,,75
201300045670,13,11,12,925,1,1,1,1.0,7,77249,M,,,77
201300045671,13,11,12,1125,1,1,1,1.0,5,94046,M,4879810.0,244449.0,94
201300045672,13,11,12,1700,1,1,1,2.0,7,94073,M,4876100.0,238259.0,94
201300045673,13,11,12,1630,1,1,1,2.0,3,77294,M,,,77
201300045674,13,11,13,930,1,1,1,1.0,4,77055,M,,,77
201300045675,13,11,13,1140,1,1,1,1.0,2,77514,M,,,77
201300045676,13,11,13,1330,1,1,1,1.0,2,94081,M,4877390.0,240153.0,94
201300045677,13,11,13,1330,1,1,1,1.0,3,94017,M,4882950.0,248264.0,94
201300045678,13,11,13,1700,2,1,1,1.0,3,77294,M,,,77
201300045679,13,11,13,1700,2,1,1,1.0,4,94046,M,4879810.0,244415.0,94
201300045680,13,11,13,1800,3,1,1,1.0,5,77169,M,,,77
201300045681,13,11,13,1900,3,1,1,1.0,7,94079,M,4883550.0,253967.0,94
201300045682,13,11,27,1040,1,1,1,1.0,2,94046,M,4880550.0,244882.0,94
201300045683,13,11,19,1510,1,1,1,1.0,2,77372,M,,,77
201300045684,13,11,19,1830,5,1,1,1.0,3,94069,M,4881730.0,242365.0,94
201300045685,13,11,20,1815,3,1,1,3.0,6,94028,M,4878880.0,244047.0,94
201300045686,13,11,22,1350,1,1,1,1.0,5,94018,M,4882410.0,239393.0,94
201300045687,13,11,22,1950,5,1,1,1.0,4,94028,M,4877610.0,243062.0,94
201300045688,13,11,22,2000,5,1,1,1.0,4,94069,M,4881710.0,244323.0,94
201300045689,13,11,23,1630,1,1,1,1.0,5,94028,M,4879280.0,244105.0,94
201300045690,13,11,24,140,3,1,1,1.0,6,77249,M,,,77
201300045691,13,11,24,1025,1,1,1,1.0,7,94073,M,4876780.0,237875.0,94
201300045692,13,11,25,1700,1,1,1,1.0,2,75112,M,,,75
201300045693,13,11,26,1235,1,1,1,1.0,6,77237,M,,,77
201300045694,13,11,27,1115,1,1,1,1.0,7,94015,M,4883000.0,252899.0,94
201300045695,13,11,29,1130,1,1,1,1.0,3,94018,M,4881770.0,241524.0,94
201300045696,13,11,29,1632,2,1,1,3.0,7,77373,M,,,77
201300045697,13,11,29,1700,2,1,1,2.0,7,75112,M,,,75
201300045698,13,11,29,1935,4,1,1,2.0,7,94069,M,4881620.0,245250.0,94
201300045699,13,12,1,2245,5,1,1,1.0,3,94069,M,4881740.0,243207.0,94
201300045700,13,12,2,830,1,1,1,1.0,3,94073,M,4877110.0,238945.0,94
201300045701,13,12,2,950,1,1,1,1.0,3,94028,M,4879060.0,244082.0,94
201300045702,13,12,3,750,2,1,1,1.0,7,94069,M,4881750.0,242225.0,94
201300045703,13,12,3,1800,3,1,1,1.0,2,94028,M,4877330.0,244519.0,94
201300045704,13,12,4,430,4,1,1,1.0,2,77514,M,,,77
201300045705,13,12,5,1933,3,1,1,1.0,7,94065,M,4875500.0,234500.0,94
201300045706,13,12,6,915,1,1,1,1.0,5,77181,M,,,77
201300045707,13,12,6,1350,1,1,1,1.0,3,94017,M,4883040.0,249528.0,94
201300045708,13,12,6,2050,5,1,1,1.0,5,94042,M,4882810.0,247312.0,94
201300045709,13,12,7,115,3,1,1,1.0,2,77372,M,,,77
201300045710,13,12,7,1500,1,1,1,1.0,7,77258,M,,,77
201300045711,13,12,7,1845,5,1,1,1.0,4,94018,M,4882050.0,240201.0,94
201300045712,13,12,8,1815,3,1,1,1.0,2,77373,M,,,77
201300045713,13,12,9,840,2,1,1,1.0,4,77450,M,,,77
201300045714,13,12,9,1430,1,1,1,1.0,5,77294,M,,,77
201300045715,13,12,10,1550,1,1,1,1.0,3,94069,M,4881760.0,241974.0,94
201300045716,13,12,11,750,2,1,1,3.0,3,94028,M,4877630.0,243566.0,94
201300045717,13,12,11,1440,1,1,1,1.0,4,77373,M,,,77
201300045718,13,12,11,1730,3,1,1,1.0,2,77514,M,,,77
201300045719,13,12,11,1732,3,1,1,1.0,3,77169,M,,,77
201300045720,13,12,11,2015,3,1,1,1.0,3,77258,M,,,77
201300045721,13,12,15,1400,1,1,1,1.0,7,77251,M,,,77
201300045722,13,12,15,1845,3,1,1,1.0,2,77258,M,,,77
201300045723,13,12,15,1920,3,1,1,1.0,2,77258,M,,,77
201300045724,13,12,16,1030,1,1,1,1.0,2,94052,M,4883710.0,249398.0,94
201300045725,13,12,18,735,3,1,1,1.0,3,94028,M,4877620.0,242884.0,94
201300045726,13,12,19,720,3,1,1,2.0,2,77175,M,,,77
201300045727,13,12,19,1035,1,1,1,2.0,3,94017,M,4882980.0,248411.0,94
201300045728,13,12,19,1815,5,1,1,2.0,2,94033,M,4884850.0,249086.0,94
201300045729,13,12,19,1900,3,1,1,2.0,3,94018,M,4882080.0,240078.0,94
201300045730,13,12,20,430,3,1,1,1.0,6,77468,M,,,77
201300045731,13,12,20,1815,3,1,1,1.0,6,77169,M,,,77
201300045732,13,12,21,2140,4,1,1,1.0,6,94028,M,4877600.0,243821.0,94
201300045733,13,12,22,205,3,1,1,2.0,2,94028,M,4877630.0,243091.0,94
201300045734,13,12,22,740,3,1,1,1.0,6,77181,M,,,77
201300045735,13,12,22,2105,3,1,1,2.0,4,77296,M,,,77
201300045736,13,12,23,900,1,1,1,1.0,2,94028,M,4877250.0,244596.0,94
201300045737,13,12,23,1836,5,1,1,1.0,5,77121,M,,,77
201300045738,13,12,23,2300,5,1,1,1.0,3,94046,M,4879820.0,244455.0,94
201300045739,13,12,24,1708,3,1,1,3.0,6,94044,M,4875800.0,247083.0,94
201300045740,13,12,26,1810,3,1,1,1.0,6,77169,M,,,77
201300045741,13,12,27,530,3,1,1,2.0,6,77294,M,,,77
201300045742,13,12,27,1410,1,1,1,1.0,6,94044,M,4875820.0,247064.0,94
201300045743,13,12,28,420,5,1,1,3.0,7,94052,M,4884130.0,249310.0,94
201300045744,13,12,29,1400,1,1,1,1.0,2,94028,M,4879620.0,244301.0,94
201300045745,13,12,31,745,3,1,1,1.0,6,94044,M,4875830.0,247048.0,94
201300045746,13,1,1,3,4,1,1,2.0,6,92036,M,,,92
201300045747,13,1,1,1200,1,1,1,1.0,3,95491,M,,,95
201300045748,13,1,1,1235,1,1,1,2.0,6,93027,M,4892780.0,241018.0,93
201300045749,13,1,2,15,3,1,1,1.0,6,95018,M,,,95
201300045750,13,1,2,1700,2,1,1,1.0,6,95500,M,,,95
201300045751,13,1,2,2050,3,1,1,1.0,3,93010,M,4888970.0,247384.0,93
201300045752,13,1,2,2140,3,1,1,2.0,7,95042,M,,,95
201300045753,13,1,3,230,3,1,1,2.0,6,92036,M,,,92
201300045754,13,1,3,1030,1,1,1,1.0,6,93027,M,4892730.0,241954.0,93
201300045755,13,1,3,850,1,1,1,2.0,7,93048,M,4886750.0,245716.0,93
201300045756,13,1,3,1330,1,1,1,1.0,6,93027,M,4893450.0,239758.0,93
201300045757,13,1,3,1540,1,1,1,8.0,6,95394,M,,,95
201300045758,13,1,3,2000,3,1,1,8.0,3,95394,M,,,95
201300045759,13,1,7,1015,1,1,1,1.0,6,95572,M,4903250.0,210610.0,95
201300045760,13,1,4,1445,1,1,1,8.0,6,95582,M,,,95
201300045761,13,1,4,1800,3,1,1,1.0,4,93008,M,4889890.0,246927.0,93
201300045762,13,1,4,2120,3,1,1,1.0,3,95241,M,,,95
201300045763,13,1,5,645,3,1,1,1.0,6,95572,M,,,95
201300045764,13,1,5,1745,3,1,1,2.0,4,92036,M,,,92
201300045765,13,1,6,445,3,1,1,1.0,5,93007,M,4894930.0,244679.0,93
201300045766,13,1,6,1700,1,1,1,1.0,2,93008,M,4889890.0,246927.0,93
201300045767,13,1,7,1220,1,1,1,8.0,6,95151,M,,,95
201300045768,13,1,7,2110,3,1,1,1.0,7,95641,M,,,95
201300045769,13,1,8,700,3,1,1,1.0,2,93064,M,4888590.0,247311.0,93
201300045770,13,1,8,1500,1,1,1,1.0,5,95256,M,,,95
201300045771,13,1,8,1620,1,1,1,1.0,7,93010,M,4888950.0,247391.0,93
201300045772,13,1,8,1740,3,1,1,1.0,2,93010,M,4888950.0,247391.0,93
201300045773,13,1,9,1450,1,1,1,2.0,3,95277,M,4897480.0,248640.0,95
201300045774,13,1,10,110,3,1,1,2.0,3,93005,M,4897390.0,249094.0,93
201300045775,13,1,10,620,3,1,1,1.0,6,93066,M,4893390.0,238390.0,93
201300045776,13,1,10,1445,1,1,1,2.0,6,95582,M,,,95
201300045777,13,1,10,1750,3,1,1,2.0,5,93005,M,4894980.0,247461.0,93
201300045778,13,1,10,1930,3,1,1,2.0,3,93048,M,4887370.0,243705.0,93
201300045779,13,1,11,600,3,1,1,2.0,4,95394,M,,,95
201300045780,13,1,11,1300,1,1,1,8.0,6,93078,M,4896110.0,254339.0,93
201300045781,13,1,11,1630,1,1,1,1.0,2,92036,M,,,92
201300045782,13,1,12,1400,1,1,1,2.0,6,93027,M,4892780.0,241018.0,93
201300045783,13,1,12,1400,1,1,1,8.0,6,92036,M,,,92
201300045784,13,1,12,1615,1,1,1,8.0,6,93078,M,4895800.0,253089.0,93
201300045785,13,1,12,2110,3,1,1,2.0,4,95582,M,,,95
201300045786,13,1,13,300,3,1,1,2.0,6,95042,M,,,95
201300045787,13,1,13,2015,3,1,1,1.0,3,95491,M,,,95
201300045788,13,1,14,900,1,1,1,1.0,3,93078,M,4897010.0,250180.0,93
201300045789,13,1,14,1715,3,1,1,1.0,4,95500,M,,,95
201300045790,13,1,14,1815,3,1,1,1.0,4,95488,M,,,95
201300045791,13,1,15,815,1,1,1,4.0,4,95277,M,4896990.0,248250.0,95
201300045792,13,1,15,855,1,1,4,2.0,7,93027,M,4892990.0,236385.0,93
201300045793,13,1,15,1200,1,1,1,2.0,7,93027,M,4893450.0,239758.0,93
201300045794,13,1,15,1800,3,1,1,2.0,7,95219,M,,,95
201300045795,13,1,16,2300,4,1,1,1.0,2,93066,M,4892610.0,235682.0,93
201300045796,13,1,17,730,2,1,1,1.0,2,95582,M,,,95
201300045797,13,1,17,1925,3,1,1,1.0,4,93064,M,4888390.0,246943.0,93
201300045798,13,1,19,1030,1,1,1,4.0,2,93029,M,4892590.0,242274.0,93
201300045799,13,1,20,1545,1,1,1,4.0,6,92036,M,,,92
201300045800,13,1,20,1650,1,1,1,4.0,6,95018,M,,,95
201300045801,13,1,21,630,2,1,1,4.0,3,95641,M,,,95
201300045802,13,1,21,1430,1,1,1,4.0,2,93001,M,4892080.0,237196.0,93
201300045803,13,1,22,1045,1,1,1,1.0,2,93005,M,4895010.0,247470.0,93
201300045804,13,1,22,1700,1,1,1,1.0,2,93008,M,4890880.0,244962.0,93
201300045805,13,1,23,845,1,1,1,1.0,4,95527,M,,,95
201300045806,13,1,23,1415,1,1,1,1.0,6,95306,M,,,95
201300045807,13,1,23,1715,1,1,1,1.0,5,93078,M,4896460.0,251938.0,93
201300045808,13,1,23,1830,5,1,1,2.0,3,93006,M,4886600.0,241584.0,93
201300045809,13,1,23,1950,1,1,1,2.0,5,93053,M,4888350.0,245873.0,93
201300045810,13,1,25,2125,4,1,1,1.0,2,60494,M,,,60
201300045811,13,1,25,2205,3,1,1,1.0,6,95277,M,4897330.0,248550.0,95
201300045812,13,1,27,720,3,1,1,1.0,5,93066,M,4891930.0,235757.0,93
201300045813,13,1,27,1300,1,1,1,2.0,7,93027,M,4892780.0,241018.0,93
201300045814,13,1,27,1315,1,1,1,1.0,6,92078,M,,,92
201300045815,13,1,27,1530,1,1,1,1.0,4,93066,M,4893000.0,236410.0,93
201300045816,13,1,28,5,4,1,1,1.0,7,93078,M,4896220.0,252323.0,93
201300045817,13,1,28,1040,1,1,1,1.0,6,95256,M,,,95
201300045818,13,1,28,1040,1,1,1,1.0,6,95256,M,,,95
201300045819,13,1,28,1545,1,1,1,1.0,3,95582,M,,,95
201300045820,13,1,28,1930,3,1,1,1.0,3,93078,M,4896380.0,255180.0,93
201300045821,13,1,28,2330,3,1,1,1.0,6,93039,M,4892700.0,233466.0,93
201300045822,13,1,30,1,4,1,1,2.0,2,93005,M,4896950.0,248134.0,93
201300045823,13,1,30,630,2,1,1,2.0,3,95018,M,,,95
201300045824,13,1,30,830,1,1,1,2.0,3,95218,M,,,95
201300045825,13,1,30,1100,1,1,1,2.0,2,93064,M,4888670.0,247349.0,93
201300045826,13,1,30,1340,1,1,1,2.0,6,93008,M,4891750.0,242915.0,93
201300045827,13,1,30,1345,1,1,1,1.0,7,93027,M,4893450.0,239758.0,93
201300045828,13,1,31,1810,1,1,1,1.0,3,93008,M,4891510.0,243067.0,93
201300045829,13,2,1,600,3,1,1,3.0,3,93066,M,4892800.0,235755.0,93
201300045830,13,2,1,600,5,1,1,2.0,2,95580,M,,,95
201300045831,13,2,1,1450,1,1,1,2.0,4,93010,M,4888930.0,247381.0,93
201300045832,13,2,1,1730,3,1,1,2.0,2,93053,M,4888150.0,245367.0,93
201300045833,13,2,1,1810,3,1,1,2.0,4,93027,M,4892820.0,241686.0,93
201300045834,13,2,2,950,1,1,1,1.0,3,93027,M,4892700.0,241981.0,93
201300045835,13,2,2,1555,1,1,1,8.0,7,93027,M,4893720.0,240984.0,93
201300045836,13,2,2,1615,1,1,1,2.0,4,93053,M,4888930.0,247362.0,93
201300045837,13,2,2,2050,4,1,1,2.0,7,93010,M,4888930.0,247381.0,93
201300045838,13,2,2,2350,4,1,1,8.0,2,93005,M,4896890.0,248037.0,93
201300045839,13,2,3,500,3,1,1,2.0,6,93027,M,4892790.0,240993.0,93
201300045840,13,2,4,330,4,1,1,2.0,6,95527,M,,,95
201300045841,13,2,4,615,3,1,1,2.0,3,95306,M,,,95
201300045842,13,2,4,900,1,1,1,2.0,2,95018,M,,,95
201300045843,13,2,4,1645,1,1,1,1.0,3,93007,M,4892950.0,248137.0,93
201300045844,13,2,4,1850,4,1,1,1.0,3,95277,M,4897320.0,248930.0,95
201300045845,13,2,5,930,1,1,1,1.0,3,95018,M,,,95
201300045846,13,2,5,1200,1,1,1,1.0,7,93006,M,4886800.0,242761.0,93
201300045847,13,2,5,1645,1,1,1,1.0,4,93063,M,4887850.0,244717.0,93