Num_Acc,an,mois,jour,hrmn,lum,agg,int,atm,col,com,gps,lat,long,dep
201300045848,13,2,6,1000,1,1,1,1.0,6,95394,M,,,95
201300045849,13,2,6,1945,3,1,1,1.0,2,93066,M,4890430.0,235870.0,93
201300045850,13,2,7,1715,2,1,1,1.0,2,93063,M,4887790.0,244592.0,93
201300045851,13,2,7,1915,3,1,1,1.0,2,95018,M,,,95
201300045852,13,2,7,2009,3,1,1,1.0,6,95394,M,,,95
201300045853,13,2,8,730,3,1,1,1.0,5,95252,M,,,95
201300045854,13,2,8,820,1,1,1,1.0,3,93008,M,4889860.0,246958.0,93
201300045855,13,2,8,910,1,1,1,1.0,3,93007,M,4894930.0,244679.0,93
201300045856,13,2,8,1000,1,1,1,1.0,6,93078,M,4896560.0,251719.0,93
201300045857,13,2,8,1855,4,1,1,2.0,7,93006,M,4886580.0,241719.0,93
201300045858,13,2,9,1805,4,1,1,1.0,5,93006,M,4886590.0,242125.0,93
201300045859,13,2,9,2140,5,1,1,1.0,7,95572,M,,,95
201300045860,13,2,10,200,4,1,1,1.0,6,92036,M,,,92
201300045861,13,2,10,600,3,1,1,1.0,3,60505,M,,,60
201300045862,13,2,10,1535,1,1,1,3.0,2,92036,M,,,92
201300045863,13,2,10,2015,3,1,1,4.0,3,93078,M,4895820.0,252845.0,93
201300045864,13,2,12,1005,1,1,1,1.0,2,93064,M,4887720.0,247758.0,93
201300045865,13,2,12,1410,1,1,1,1.0,6,93005,M,4894630.0,247621.0,93
201300045866,13,2,13,800,1,1,1,1.0,5,95351,M,,,95
201300045867,13,2,13,2000,3,1,1,1.0,3,93027,M,4892850.0,241392.0,93
201300045868,13,2,14,845,1,1,1,2.0,7,93066,M,4892210.0,235877.0,93
201300045869,13,2,14,815,1,1,1,2.0,3,95365,M,,,95
201300045870,13,2,14,915,1,1,1,2.0,6,93005,M,,,93
201300045871,13,2,14,1220,1,1,1,2.0,6,95582,M,,,95
201300045872,13,2,14,1325,1,1,1,1.0,2,95572,M,,,95
201300045873,13,2,14,1700,1,1,1,1.0,6,95572,M,,,95
201300045874,13,2,15,730,2,1,1,1.0,6,93064,M,4888390.0,246681.0,93
201300045875,13,2,15,910,1,1,1,1.0,7,93078,M,4895800.0,253089.0,93
201300045876,13,2,15,900,2,1,1,1.0,4,95582,M,,,95
201300045877,13,2,15,2015,3,1,1,1.0,2,93006,M,4886630.0,241456.0,93
201300045878,13,2,17,2125,3,1,1,1.0,6,95151,M,,,95
201300045879,13,2,18,700,2,1,1,1.0,3,95582,M,,,95
201300045880,13,2,18,2100,3,1,1,1.0,7,60612,M,,,60
201300045881,13,2,19,400,3,1,1,1.0,6,93006,M,4886800.0,242761.0,93
201300045882,13,2,19,830,1,1,1,1.0,6,92036,M,,,92
201300045883,13,2,19,1020,1,1,1,1.0,5,93066,M,4892990.0,236350.0,93
201300045884,13,2,19,1330,1,1,1,1.0,3,60612,M,,,60
201300045885,13,2,20,1005,1,1,1,1.0,2,95582,M,,,95
201300045886,13,2,20,1130,1,1,1,1.0,4,92036,M,,,92
201300045887,13,2,20,1700,1,1,1,1.0,5,93010,M,4888950.0,247391.0,93
201300045888,13,2,21,1030,1,1,1,1.0,3,95394,M,,,95
201300045889,13,2,22,1630,1,1,1,1.0,4,93078,M,4895870.0,253475.0,93
201300045890,13,2,23,715,1,1,1,1.0,7,95572,M,,,95
201300045891,13,2,23,2040,3,1,1,1.0,6,93064,M,4887090.0,248220.0,93
201300045892,13,2,24,630,3,1,1,4.0,6,95527,M,,,95
201300045893,13,2,24,800,1,1,1,4.0,5,95527,M,,,95
201300045894,13,2,24,1500,1,1,1,4.0,2,95488,M,,,95
201300045895,13,2,25,810,1,1,1,4.0,3,95582,M,,,95
201300045896,13,2,26,2320,3,1,1,2.0,7,93006,M,4886430.0,241359.0,93
201300045897,13,2,27,2110,3,1,1,1.0,6,95572,M,,,95
201300045898,13,2,28,15,3,1,1,1.0,6,95582,M,4896390.0,226810.0,95
201300045899,13,2,28,1500,1,1,1,1.0,2,93005,M,4894980.0,247461.0,93
201300045900,13,2,28,1650,1,1,1,1.0,4,92078,M,,,92
201300045901,13,2,28,1745,1,1,1,1.0,6,95042,M,,,95
201300045902,13,2,28,1710,1,1,1,1.0,3,93027,M,4892570.0,239669.0,93
201300045903,13,3,1,900,1,1,1,1.0,3,93066,M,,,93
201300045904,13,3,1,940,1,1,1,1.0,4,95018,M,,,95
201300045905,13,3,2,1645,1,1,1,8.0,3,93001,M,4892130.0,237563.0,93
201300045906,13,3,3,945,1,1,1,1.0,6,93064,M,4888420.0,247028.0,93
201300045907,13,3,3,1800,1,1,1,1.0,5,93007,M,,,93
201300045908,13,3,4,2045,3,1,1,1.0,4,93006,M,,,93
201300045909,13,3,4,1615,1,1,1,1.0,4,95241,M,,,95
201300045910,13,3,5,1545,1,1,1,1.0,6,93029,M,,,93
201300045911,13,3,6,905,1,1,1,1.0,4,92036,M,,,92
201300045912,13,3,7,1515,1,1,1,1.0,6,93007,M,,,93
201300045913,13,3,8,1255,1,1,1,2.0,6,93078,M,,,93
201300045914,13,3,8,1720,1,1,1,2.0,7,93005,M,,,93
201300045915,13,3,9,1900,2,1,1,1.0,7,95277,M,4897270.0,248710.0,95
201300045916,13,3,9,2200,4,1,1,1.0,6,95394,M,,,95
201300045917,13,3,9,2245,3,1,1,1.0,3,93078,M,,,93
201300045918,13,3,11,2145,3,1,1,4.0,7,95042,M,,,95
201300045919,13,3,12,600,3,1,1,4.0,2,95219,M,,,95
201300045920,13,3,12,1445,1,1,1,4.0,3,95582,M,,,95
201300045921,13,3,12,1550,1,1,1,2.0,3,93008,M,,,93
201300045922,13,3,12,1610,1,1,1,4.0,6,93064,M,,,93
201300045923,13,3,12,1845,1,1,1,4.0,5,95527,M,,,95
201300045924,13,3,13,1050,1,1,1,2.0,7,95582,M,,,95
201300045925,13,3,14,1040,1,1,1,1.0,4,93008,M,4890650.0,245851.0,93
201300045926,13,3,14,1030,1,1,1,1.0,4,93008,M,,,93
201300045927,13,3,14,1355,1,1,1,1.0,3,93064,M,,,93
201300045928,13,3,15,924,1,1,1,1.0,3,93066,M,,,93
201300045929,13,3,15,1100,1,1,1,1.0,3,93064,M,,,93
201300045930,13,3,17,1630,1,1,1,2.0,7,93078,M,4896040.0,252598.0,93
201300045931,13,3,17,2120,4,1,1,2.0,7,92036,M,,,92
201300045932,13,3,18,730,1,1,1,1.0,5,95582,M,4896490.0,226990.0,95
201300045933,13,3,18,1230,1,1,1,1.0,2,95060,M,,,95
201300045934,13,3,19,800,1,1,1,1.0,2,95219,M,,,95
201300045935,13,3,24,2145,3,1,1,2.0,5,93053,M,4888380.0,246682.0,93
201300045936,13,3,22,1415,1,1,1,1.0,2,93006,M,4887010.0,243030.0,93
201300045937,13,3,22,1800,1,1,1,1.0,4,93064,M,4888390.0,246943.0,93
201300045938,13,3,23,2010,3,1,1,1.0,2,92036,M,,,92
201300045939,13,3,24,1640,1,1,1,1.0,6,95678,M,,,95
201300045940,13,3,25,1655,1,1,1,1.0,7,93010,M,,,93
201300045941,13,3,25,1740,1,1,1,1.0,3,93078,M,4895850.0,253348.0,93
201300045942,13,3,25,1715,1,1,1,1.0,2,95252,M,,,95
201300045943,13,3,26,800,1,1,1,1.0,4,95527,M,,,95
201300045944,13,3,26,1245,1,1,1,1.0,3,93064,M,4887470.0,247917.0,93
201300045945,13,3,26,2240,3,1,1,1.0,6,95572,M,,,95
201300045946,13,3,27,1545,1,1,1,1.0,6,95277,M,4897360.0,248610.0,95
201300045947,13,3,28,830,1,1,1,1.0,2,93005,M,4894630.0,247621.0,93
201300045948,13,3,28,850,1,1,1,1.0,5,93006,M,4886690.0,242545.0,93
201300045949,13,3,29,1100,1,1,1,1.0,6,95641,M,,,95
201300045950,13,3,29,800,1,1,1,1.0,6,95572,M,,,95
201300045951,13,3,29,1000,1,1,1,1.0,6,93029,M,4892680.0,242037.0,93
201300045952,13,3,30,1445,1,1,1,1.0,6,95061,M,,,95
201300045953,13,4,2,1300,1,1,1,1.0,7,95491,M,,,95
201300045954,13,4,3,1640,1,1,1,1.0,7,95151,M,,,95
201300045955,13,4,4,730,1,1,1,1.0,6,60631,M,,,60
201300045956,13,4,4,940,1,1,1,1.0,3,93006,M,4886590.0,242125.0,93
201300045957,13,4,5,1430,1,1,1,1.0,2,95488,M,,,95
201300045958,13,4,5,1500,1,1,1,1.0,3,93027,M,4893820.0,241449.0,93
201300045959,13,4,5,1545,1,1,1,1.0,6,93010,M,4888950.0,247391.0,93
201300045960,13,4,5,1645,1,1,1,1.0,2,95678,M,,,95
201300045961,13,4,5,1830,1,1,1,1.0,3,95018,M,,,95
201300045962,13,4,6,130,3,1,1,1.0,7,95252,M,,,95
201300045963,13,4,6,600,3,1,1,1.0,3,93066,M,4893380.0,238044.0,93
201300045964,13,4,6,1950,1,1,1,1.0,5,93066,M,4890960.0,235810.0,93
201300045965,13,4,7,1640,1,1,1,1.0,5,93027,M,4892570.0,239669.0,93
201300045966,13,4,8,600,3,1,1,1.0,6,95252,M,,,95
201300045967,13,4,8,1745,1,1,1,1.0,3,95256,M,,,95
201300045968,13,4,8,1815,1,1,1,1.0,2,93048,M,4887370.0,243705.0,93
201300045969,13,4,8,2000,1,1,1,1.0,5,95678,M,,,95
201300045970,13,4,9,830,1,1,1,2.0,5,93066,M,4893390.0,238340.0,93
201300045971,13,4,9,1025,1,1,1,1.0,4,93013,M,4893870.0,241625.0,93
201300045972,13,4,9,1530,1,1,1,2.0,3,93064,M,4887090.0,248220.0,93
201300045973,13,4,9,1915,1,1,1,1.0,2,93007,M,4892930.0,248119.0,93
201300045974,13,4,10,700,2,1,1,1.0,3,93064,M,4888090.0,247506.0,93
201300045975,13,4,10,920,1,1,1,1.0,3,95394,M,,,95
201300045976,13,4,10,1130,1,1,1,1.0,3,95572,M,4903040.0,212760.0,95
201300045977,13,4,11,720,1,1,1,1.0,7,95607,M,4901390.0,221910.0,95
201300045978,13,4,11,1145,1,1,1,1.0,2,93066,M,4890610.0,235836.0,93
201300045979,13,4,12,740,1,1,1,1.0,2,95582,M,,,95
201300045980,13,4,12,1900,1,1,1,2.0,6,93001,M,4892100.0,237188.0,93
201300045981,13,4,13,2015,1,1,1,2.0,2,93053,M,4891000.0,235825.0,93
201300045982,13,4,14,700,2,1,1,1.0,6,95252,M,,,95
201300045983,13,4,14,1755,1,1,1,1.0,2,93010,M,4888950.0,247391.0,93
201300045984,13,4,14,2050,2,1,1,1.0,7,95218,M,4903470.0,209920.0,95
201300045985,13,4,14,2200,4,1,1,1.0,6,95394,M,,,95
201300045986,13,4,15,350,3,1,1,1.0,6,95527,M,,,95
201300045987,13,4,15,420,5,1,1,1.0,3,93066,M,4890960.0,235810.0,93
201300045988,13,4,15,1010,1,1,1,1.0,2,93001,M,4892100.0,237188.0,93
201300045989,13,4,15,1000,1,1,1,2.0,2,95252,M,,,95
201300045990,13,4,16,1230,1,1,1,1.0,3,93064,M,4886810.0,248216.0,93
201300045991,13,4,15,1540,1,1,1,1.0,4,93027,M,4892780.0,241018.0,93
201300045992,13,4,15,1910,1,1,1,1.0,4,93005,M,4895190.0,247409.0,93
201300045993,13,4,16,200,4,1,1,1.0,2,95563,M,,,95
201300045994,13,4,16,650,1,1,1,1.0,2,60494,M,,,60
201300045995,13,4,16,1430,1,1,1,1.0,4,93066,M,4891930.0,235757.0,93
201300045996,13,4,17,1135,1,1,1,1.0,2,93066,M,4891740.0,235752.0,93
201300045997,13,4,17,1200,1,1,1,1.0,4,93010,M,4888930.0,247381.0,93
201300045998,13,4,18,1220,1,1,1,1.0,3,92036,M,,,92
201300045999,13,4,18,1950,1,1,1,1.0,3,95424,M,,,95
201300046000,13,4,19,715,1,1,1,1.0,6,95256,M,,,95
201300046001,13,4,19,1725,1,1,1,2.0,3,92078,M,,,92
201300046002,13,4,19,2025,1,1,1,1.0,6,93053,M,4888350.0,245873.0,93
201300046003,13,4,19,2315,3,1,1,1.0,2,95500,M,4903970.0,208480.0,95
201300046004,13,4,20,645,2,1,1,1.0,2,93064,M,4887090.0,248220.0,93
201300046005,13,4,20,1400,1,1,1,1.0,2,93010,M,4889280.0,247286.0,93
201300046006,13,4,21,1505,1,1,1,1.0,2,93066,M,4892650.0,235699.0,93
201300046007,13,4,21,1900,1,1,1,1.0,2,95018,M,,,95
201300046008,13,4,21,2225,4,1,1,1.0,6,93001,M,4892150.0,237585.0,93
201300046009,13,4,23,910,1,1,1,1.0,3,93006,M,4886640.0,241321.0,93
201300046010,13,4,24,830,1,1,1,1.0,2,95582,M,,,95
201300046011,13,4,24,1050,1,1,1,1.0,6,95555,M,4897090.0,227550.0,95
201300046012,13,4,24,1515,1,1,1,7.0,6,93066,M,4893000.0,236410.0,93
201300046013,13,4,24,1800,1,1,1,7.0,4,95572,M,,,95
201300046014,13,4,24,1815,1,1,1,1.0,3,93010,M,4889310.0,247228.0,93
201300046015,13,4,24,1805,1,1,1,1.0,6,93078,M,4895820.0,253220.0,93
201300046016,13,4,25,830,1,1,1,1.0,2,93006,M,4886430.0,241359.0,93
201300046017,13,4,25,800,1,1,1,1.0,6,92036,M,,,92
201300046018,13,4,25,850,1,1,1,1.0,6,93007,M,4895490.0,245734.0,93
201300046019,13,4,25,850,1,1,1,1.0,7,93048,M,4887310.0,243544.0,93
201300046020,13,4,26,1725,1,1,1,2.0,3,93010,M,4888930.0,247381.0,93
201300046021,13,4,26,1815,1,1,1,2.0,3,93010,M,4888650.0,247370.0,93
201300046022,13,4,27,210,3,1,1,1.0,2,95424,M,,,95
201300046023,13,4,27,1045,1,1,1,1.0,6,93029,M,4892610.0,242240.0,93
201300046024,13,4,29,735,1,1,1,1.0,6,95678,M,,,95
201300046025,13,4,29,810,1,1,1,1.0,3,95582,M,,,95
201300046026,13,4,29,1845,1,1,1,1.0,3,93066,M,4892210.0,235877.0,93
201300046027,13,4,30,1045,1,1,1,1.0,3,93066,M,4892170.0,236558.0,93
201300046028,13,5,1,1650,1,1,1,2.0,3,95582,M,,,95
201300046029,13,5,1,2210,3,1,1,1.0,5,93027,M,4892340.0,238362.0,93
201300046030,13,5,1,2300,3,1,1,1.0,6,95555,M,4897170.0,227610.0,95
201300046031,13,5,2,1210,1,1,1,1.0,3,93064,M,4888390.0,246681.0,93
201300046032,13,5,2,1600,1,1,1,1.0,3,93005,M,4894670.0,247628.0,93
201300046033,13,5,3,1245,1,1,1,1.0,3,95061,M,,,95
201300046034,13,5,3,1700,1,1,1,1.0,7,93010,M,4888650.0,247370.0,93
201300046035,13,5,3,1840,1,1,1,1.0,2,95641,M,,,95
201300046036,13,5,3,1900,1,1,1,1.0,4,93064,M,4888680.0,247723.0,93
201300046037,13,5,4,730,2,1,1,1.0,7,93005,M,4895190.0,247409.0,93
201300046038,13,5,4,750,1,1,1,1.0,2,93001,M,4892080.0,237196.0,93
201300046039,13,5,5,350,4,1,1,1.0,7,93078,M,4896020.0,252590.0,93
201300046040,13,5,5,830,1,1,1,1.0,7,93078,M,4896370.0,255082.0,93
201300046041,13,5,5,1900,1,1,1,1.0,6,95018,M,,,95
201300046042,13,5,7,1820,1,1,1,1.0,4,95394,M,,,95
201300046043,13,5,8,720,1,1,1,1.0,2,95641,M,,,95
201300046044,13,5,8,930,1,1,1,3.0,6,92036,M,,,92
201300046045,13,5,8,1030,1,1,1,2.0,6,93027,M,4892570.0,239669.0,93
201300046046,13,5,8,1130,1,1,1,2.0,6,95277,M,4897350.0,248580.0,95
201300046047,13,5,8,1445,1,1,1,1.0,6,93053,M,4890970.0,235828.0,93
201300046048,13,5,8,1500,1,1,1,2.0,7,93053,M,4890970.0,235828.0,93
201300046049,13,5,8,2235,4,1,1,1.0,3,95582,M,,,95
201300046050,13,5,10,1240,1,1,1,1.0,6,95252,M,,,95
201300046051,13,5,11,830,1,1,1,1.0,7,95018,M,,,95
201300046052,13,5,12,1215,1,1,1,1.0,7,95572,M,,,95
201300046053,13,5,11,1550,1,1,1,1.0,3,95580,M,,,95
201300046054,13,5,12,245,4,1,1,1.0,6,60241,M,,,60
201300046055,13,5,12,1300,1,1,1,1.0,6,93005,M,,,93
201300046056,13,5,13,430,3,1,1,1.0,5,95488,M,,,95
201300046057,13,5,13,1330,1,1,1,1.0,3,93064,M,4888390.0,246681.0,93
201300046058,13,5,13,1500,1,1,1,1.0,3,93066,M,4892170.0,236558.0,93
201300046059,13,5,13,2220,3,1,1,1.0,7,93066,M,4893370.0,238033.0,93
201300046060,13,5,14,950,1,1,1,1.0,7,93078,M,4895800.0,253089.0,93
201300046061,13,5,14,1805,1,1,1,1.0,7,93005,M,4896070.0,246789.0,93
201300046062,13,5,15,1100,1,1,1,1.0,3,93063,M,4888140.0,245383.0,93
201300046063,13,5,15,1515,1,1,1,1.0,3,95277,M,4896980.0,248130.0,95
201300046064,13,5,15,1945,1,1,1,1.0,2,93008,M,4890860.0,245013.0,93
201300046065,13,5,16,830,1,1,1,2.0,2,95582,M,,,95
201300046066,13,5,16,950,1,1,1,1.0,2,93063,M,4887690.0,244323.0,93
201300046067,13,5,17,2115,1,1,1,1.0,7,93064,M,4888640.0,248366.0,93
201300046068,13,5,18,1210,1,1,1,1.0,4,93005,M,4895010.0,247470.0,93
201300046069,13,5,18,1200,1,1,1,1.0,2,93008,M,4889370.0,247243.0,93
201300046070,13,5,18,2140,3,1,1,2.0,5,93064,M,4887950.0,247584.0,93
201300046071,13,5,18,2145,3,1,1,1.0,5,93064,M,4887780.0,247693.0,93
201300046072,13,5,19,155,3,1,1,1.0,6,95394,M,,,95
201300046073,13,5,19,710,1,1,1,2.0,6,93064,M,4888360.0,247155.0,93
201300046074,13,5,19,915,1,1,1,2.0,6,93008,M,4891260.0,243728.0,93
201300046075,13,5,19,1020,1,1,1,1.0,6,93027,M,4892560.0,239692.0,93
201300046076,13,5,19,1840,1,1,1,2.0,3,95582,M,,,95
201300046077,13,5,19,1945,1,1,1,2.0,7,93027,M,4893450.0,239693.0,93
201300046078,13,5,19,2235,3,1,1,2.0,4,93066,M,4892180.0,236423.0,93
201300046079,13,5,20,800,1,1,1,2.0,6,93027,M,4893450.0,239758.0,93
201300046080,13,5,20,900,1,1,1,2.0,6,93001,M,4892080.0,237196.0,93
201300046081,13,5,20,1020,1,1,1,2.0,6,93027,M,4892340.0,238362.0,93
201300046082,13,5,20,1500,1,1,1,2.0,6,93006,M,4886990.0,243040.0,93
201300046083,13,5,20,1650,1,1,1,2.0,7,95277,M,4897280.0,248720.0,95
201300046084,13,5,20,1815,1,1,1,2.0,3,93066,M,4891900.0,235742.0,93
201300046085,13,5,20,1840,1,1,1,3.0,7,95256,M,,,95
201300046086,13,5,20,1855,1,1,1,2.0,7,93078,M,4895820.0,252845.0,93
201300046087,13,5,20,2140,2,1,1,3.0,6,95678,M,,,95
201300046088,13,5,21,845,1,1,1,2.0,6,95424,M,,,95
201300046089,13,5,21,1050,1,1,1,2.0,3,95252,M,,,95
201300046090,13,5,21,1100,1,1,1,3.0,6,93078,M,4895820.0,252845.0,93
201300046091,13,5,21,1130,1,1,1,3.0,6,93027,M,4893450.0,239693.0,93
201300046092,13,5,21,1430,1,1,1,2.0,3,95252,M,,,95
201300046093,13,5,21,1600,1,1,1,8.0,6,95256,M,,,95
201300046094,13,5,21,1730,1,1,1,8.0,6,95256,M,,,95
201300046095,13,5,21,2050,1,1,1,8.0,6,95151,M,,,95
201300046096,13,5,21,2220,3,1,1,2.0,3,95252,M,,,95
201300046097,13,5,22,945,1,1,1,1.0,5,93066,M,4892360.0,234268.0,93
201300046098,13,5,22,1630,1,1,1,8.0,3,95582,M,,,95
201300046099,13,5,23,735,1,1,1,1.0,2,93066,M,4892340.0,235708.0,93
201300046100,13,5,23,905,1,1,1,1.0,5,95582,M,,,95
201300046101,13,5,23,940,1,1,1,1.0,2,95582,M,,,95
201300046102,13,5,23,1510,1,1,1,1.0,2,93066,M,4893170.0,237055.0,93
201300046103,13,5,23,1530,1,1,1,2.0,6,95527,M,,,95
201300046104,13,5,23,1730,1,1,1,3.0,2,92036,M,,,92
201300046105,13,5,23,1830,1,1,1,2.0,3,93078,M,4896340.0,255060.0,93
201300046106,13,5,24,1244,1,1,1,1.0,3,95572,M,,,95
201300046107,13,5,24,1530,1,1,1,2.0,6,93027,M,4893450.0,239758.0,93
201300046108,13,5,24,1615,1,1,1,2.0,6,95572,M,,,95
201300046109,13,5,24,1810,1,1,1,1.0,6,93064,M,4888220.0,247239.0,93
201300046110,13,5,25,850,1,1,1,1.0,6,95203,M,4897740.0,228670.0,95
201300046111,13,5,25,1250,1,1,1,1.0,6,93053,M,4888350.0,245834.0,93
201300046112,13,5,25,1330,1,1,1,1.0,3,93010,M,4888930.0,247381.0,93
201300046113,13,5,25,1600,1,1,1,1.0,7,93005,M,4896060.0,246797.0,93
201300046114,13,5,25,2100,2,1,1,1.0,2,93007,M,4894800.0,244465.0,93
201300046115,13,5,26,245,3,1,1,1.0,7,95682,M,,,95
201300046116,13,5,26,440,3,1,1,1.0,7,93006,M,4886780.0,242772.0,93
201300046117,13,5,26,810,1,1,1,1.0,6,93078,M,4896220.0,252323.0,93
201300046118,13,5,26,1935,2,1,1,1.0,4,93013,M,4893880.0,241706.0,93
201300046119,13,5,26,2300,3,1,1,1.0,5,93066,M,4892360.0,234268.0,93
201300046120,13,5,27,600,1,1,1,1.0,7,92036,M,,,92
201300046121,13,5,27,920,1,1,1,1.0,2,92078,M,,,92
201300046122,13,5,27,1030,1,1,1,1.0,2,93039,M,4892670.0,233675.0,93
201300046123,13,5,28,5,3,1,1,1.0,7,93066,M,4893390.0,238440.0,93
201300046124,13,5,28,1020,1,1,1,2.0,7,95582,M,,,95
201300046125,13,5,28,1818,1,1,1,2.0,3,93063,M,4887580.0,244149.0,93
201300046126,13,5,29,840,1,1,1,1.0,2,93066,M,4892230.0,235873.0,93
201300046127,13,5,29,645,1,1,1,1.0,7,93005,M,4896550.0,247467.0,93
201300046128,13,5,29,1830,1,1,1,8.0,6,93008,M,,,93
201300046129,13,5,29,1920,1,1,1,1.0,6,93006,M,4886450.0,241293.0,93
201300046130,13,5,30,930,1,1,1,1.0,2,93010,M,4888930.0,247381.0,93
201300046131,13,5,30,1745,1,1,1,3.0,6,93027,M,,,93
201300046132,13,5,30,1808,1,1,1,2.0,6,95394,M,,,95
201300046133,13,5,30,1920,1,1,1,2.0,3,95018,M,,,95
201300046134,13,5,31,945,1,1,1,1.0,6,93008,M,,,93
201300046135,13,5,31,1700,1,1,1,1.0,2,93029,M,4892590.0,242274.0,93
201300046136,13,6,1,1415,1,1,1,1.0,7,93078,M,4896640.0,251483.0,93
201300046137,13,6,2,405,3,1,1,1.0,6,95306,M,,,95
201300046138,13,6,2,755,1,1,1,1.0,5,93066,M,4891660.0,235776.0,93
201300046139,13,6,2,1625,1,1,1,1.0,2,95306,M,,,95
201300046140,13,6,3,45,3,1,1,1.0,2,95527,M,,,95
201300046141,13,6,3,910,1,1,1,1.0,3,93053,M,4888390.0,246640.0,93
201300046142,13,6,4,1415,1,1,1,1.0,7,95241,M,,,95
201300046143,13,6,4,1845,1,1,1,7.0,6,95563,M,,,95
201300046144,13,6,4,1915,1,1,1,1.0,2,93027,M,4892340.0,238362.0,93
201300046145,13,6,4,2230,3,1,1,1.0,3,93064,M,4887090.0,248220.0,93
201300046146,13,6,5,855,1,1,1,1.0,2,95582,M,4896480.0,226970.0,95
201300046147,13,6,5,1100,1,1,1,1.0,2,93078,M,4896440.0,255317.0,93
201300046148,13,6,5,1235,1,1,1,1.0,7,95424,M,,,95
201300046149,13,6,6,730,1,1,1,1.0,4,93048,M,4887310.0,243544.0,93
201300046150,13,6,6,1520,1,1,1,7.0,5,95241,M,,,95
201300046151,13,6,7,320,3,1,1,1.0,6,93066,M,4892340.0,235708.0,93
201300046152,13,6,7,800,1,1,1,1.0,6,93066,M,4892170.0,236558.0,93
201300046153,13,6,7,1745,1,1,1,1.0,6,93063,M,4887470.0,243926.0,93
201300046154,13,6,7,2150,1,1,1,1.0,6,93053,M,4888390.0,246134.0,93
201300046155,13,6,8,200,4,1,1,1.0,6,95252,M,,,95
201300046156,13,6,8,1745,1,1,1,1.0,4,93078,M,4896130.0,254373.0,93
201300046157,13,6,8,2040,1,1,1,1.0,4,95018,M,,,95
201300046158,13,6,9,415,5,1,1,1.0,2,93005,M,4896060.0,246797.0,93
201300046159,13,6,9,700,2,1,1,2.0,7,95394,M,,,95
201300046160,13,6,9,1235,1,1,1,1.0,6,95277,M,4897520.0,248480.0,95
201300046161,13,6,10,20,3,1,1,2.0,6,93005,M,4896070.0,246789.0,93
201300046162,13,6,10,1930,1,1,1,1.0,7,93008,M,4889890.0,246927.0,93
201300046163,13,6,11,715,1,1,1,1.0,4,93064,M,4887870.0,247640.0,93
201300046164,13,6,11,910,1,1,1,1.0,2,95256,M,,,95
201300046165,13,6,11,1100,1,1,1,1.0,7,93053,M,4891000.0,235809.0,93
201300046166,13,6,11,1230,1,1,1,1.0,7,95252,M,,,95
201300046167,13,6,12,710,1,1,1,1.0,3,93029,M,4892610.0,242240.0,93
201300046168,13,6,12,1600,1,1,1,2.0,7,95277,M,4897320.0,248850.0,95
201300046169,13,6,12,1830,1,1,1,1.0,7,95060,M,,,95
201300046170,13,6,13,1645,1,1,1,3.0,6,95527,M,,,95
201300046171,13,6,13,2010,1,1,1,1.0,6,95572,M,,,95
201300046172,13,6,14,750,2,1,1,1.0,6,95241,M,,,95
201300046173,13,6,14,1525,1,1,1,1.0,5,93064,M,4888390.0,246681.0,93
201300046174,13,6,14,1900,1,1,1,1.0,3,93027,M,4893400.0,238476.0,93
201300046175,13,6,14,1900,1,1,1,1.0,2,95582,M,,,95
201300046176,13,6,14,2040,1,1,1,1.0,2,95018,M,,,95
201300046177,13,6,15,50,3,1,1,1.0,2,93064,M,4888360.0,247155.0,93
201300046178,13,6,15,130,5,1,1,1.0,2,93066,M,4893390.0,238390.0,93
201300046179,13,6,14,1600,1,1,1,1.0,6,93007,M,4894740.0,244358.0,93
201300046180,13,6,15,2015,1,1,1,1.0,2,95277,M,4897350.0,248580.0,95
201300046181,13,6,16,620,1,1,1,1.0,6,93066,M,4890430.0,235848.0,93
201300046182,13,6,16,955,1,1,1,1.0,4,92036,M,,,92
201300046183,13,6,16,1110,1,1,1,1.0,6,95394,M,,,95
201300046184,13,6,16,1245,1,1,1,1.0,6,93066,M,4892210.0,235877.0,93
201300046185,13,6,16,2010,1,1,1,1.0,2,93005,M,4894590.0,247642.0,93
201300046186,13,6,18,615,1,1,1,1.0,4,95582,M,,,95
201300046187,13,6,18,930,1,1,1,1.0,2,95219,M,,,95
201300046188,13,6,18,1045,1,1,1,1.0,6,93027,M,4893450.0,239758.0,93
201300046189,13,6,18,1730,1,1,1,1.0,2,93029,M,4892360.0,242681.0,93
201300046190,13,6,19,930,1,1,1,2.0,6,93010,M,4888930.0,247381.0,93
201300046191,13,6,19,1255,1,1,1,1.0,6,95527,M,,,95
201300046192,13,6,20,500,3,1,1,2.0,6,95582,M,,,95
201300046193,13,6,20,925,1,1,1,2.0,4,95252,M,,,95
201300046194,13,6,20,1020,1,1,1,1.0,3,95491,M,,,95