Num_Acc,an,mois,jour,hrmn,lum,agg,int,atm,col,com,gps,lat,long,dep
201300046195,13,6,21,915,1,1,1,1.0,3,95028,M,,,95
201300046196,13,6,21,1725,1,1,1,1.0,6,93066,M,4893170.0,237055.0,93
201300046197,13,6,22,1620,1,1,1,1.0,2,95306,M,,,95
201300046198,13,6,24,800,1,1,1,1.0,2,93027,M,4892810.0,241126.0,93
201300046199,13,6,25,1400,1,1,1,1.0,4,93066,M,4893390.0,238390.0,93
201300046200,13,6,25,1745,1,1,1,1.0,2,95241,M,,,95
201300046201,13,6,26,800,1,1,1,1.0,6,93008,M,4889320.0,247265.0,93
201300046202,13,6,26,1330,1,1,1,1.0,4,95604,M,,,95
201300046203,13,6,26,1720,1,1,1,1.0,3,93027,M,4893490.0,240025.0,93
201300046204,13,6,26,2030,1,1,1,1.0,3,93078,M,4896500.0,251808.0,93
201300046205,13,6,27,300,4,1,1,1.0,7,93078,M,4896040.0,252598.0,93
201300046206,13,6,27,815,1,1,1,2.0,7,93005,M,4896690.0,247762.0,93
201300046207,13,6,28,730,1,1,1,2.0,3,93053,M,4888920.0,247413.0,93
201300046208,13,6,28,1110,1,1,1,2.0,7,95394,M,,,95
201300046209,13,6,28,1548,1,1,1,1.0,6,93078,M,4896110.0,254339.0,93
201300046210,13,6,28,1800,1,1,1,8.0,4,95527,M,,,95
201300046211,13,6,29,730,1,1,1,2.0,7,95241,M,,,95
201300046212,13,6,29,1500,1,1,1,1.0,2,95018,M,,,95
201300046213,13,6,29,1945,1,1,1,1.0,6,93010,M,4888930.0,247381.0,93
201300046214,13,6,29,2030,1,1,1,1.0,3,92036,M,,,92
201300046215,13,6,30,1255,1,1,1,1.0,2,93063,M,4887850.0,244671.0,93
201300046216,13,7,1,1,4,1,1,1.0,2,93064,M,,,93
201300046217,13,7,1,700,1,1,1,1.0,6,93006,M,4886640.0,241321.0,93
201300046218,13,7,1,1615,1,1,1,1.0,4,95277,M,4897350.0,248580.0,95
201300046219,13,7,1,1900,1,1,1,1.0,4,95500,M,,,95
201300046220,13,7,2,1000,1,1,1,1.0,7,60505,M,,,60
201300046221,13,7,2,1200,1,1,1,1.0,3,95678,M,,,95
201300046222,13,7,2,1800,1,1,1,1.0,3,93010,M,4888930.0,247381.0,93
201300046223,13,7,4,930,1,1,1,1.0,3,93006,M,4886940.0,242943.0,93
201300046224,13,7,4,1400,1,1,1,1.0,3,93010,M,4889130.0,247295.0,93
201300046225,13,7,4,1720,1,1,1,1.0,3,93006,M,4886570.0,241854.0,93
201300046226,13,7,4,1905,1,1,1,1.0,3,93006,M,4886580.0,241719.0,93
201300046227,13,7,5,1810,1,1,1,1.0,2,93027,M,4892730.0,241922.0,93
201300046228,13,7,6,1830,1,1,1,1.0,2,93066,M,4891930.0,235757.0,93
201300046229,13,7,7,145,3,1,1,1.0,6,95582,M,,,95
201300046230,13,7,5,1410,1,1,1,1.0,3,93010,M,4888950.0,247391.0,93
201300046231,13,7,7,1400,1,1,1,1.0,4,93007,M,4894840.0,244515.0,93
201300046232,13,7,7,1520,1,1,1,1.0,3,93064,M,4887090.0,248220.0,93
201300046233,13,7,7,1800,1,1,1,1.0,2,93073,M,4897020.0,257042.0,93
201300046234,13,7,7,2115,1,1,1,1.0,6,93005,M,4896700.0,247750.0,93
201300046235,13,7,8,800,1,1,1,1.0,4,95582,M,4896470.0,226940.0,95
201300046236,13,7,8,1100,1,1,1,1.0,3,93005,M,,,93
201300046237,13,7,8,2055,1,1,1,1.0,3,93008,M,4889760.0,246936.0,93
201300046238,13,7,9,1235,1,1,1,1.0,2,95351,M,,,95
201300046239,13,7,9,1645,1,1,1,1.0,7,93027,M,4892560.0,239692.0,93
201300046240,13,7,9,1844,1,1,1,1.0,2,93008,M,4889390.0,247179.0,93
201300046241,13,7,10,930,1,1,1,1.0,3,93029,M,4891880.0,242869.0,93
201300046242,13,7,10,1100,1,1,1,1.0,2,93063,M,4887850.0,244671.0,93
201300046243,13,7,10,1420,1,1,1,1.0,2,93005,M,4895730.0,247324.0,93
201300046244,13,7,10,1800,1,1,1,1.0,6,93064,M,4888390.0,246943.0,93
201300046245,13,7,11,740,1,1,1,1.0,3,93063,M,4888090.0,245252.0,93
201300046246,13,7,11,1130,1,1,1,1.0,3,93005,M,4894630.0,247621.0,93
201300046247,13,7,11,1730,1,1,1,1.0,7,93064,M,4888390.0,246943.0,93
201300046248,13,7,11,723,1,1,1,1.0,6,95582,M,,,95
201300046249,13,7,12,1015,1,1,1,1.0,2,93010,M,4888950.0,247391.0,93
201300046250,13,7,12,1215,1,1,1,1.0,5,93006,M,4886570.0,241854.0,93
201300046251,13,7,13,100,4,1,1,1.0,7,93066,M,4893030.0,236476.0,93
201300046252,13,7,13,930,1,1,1,1.0,6,95042,M,,,95
201300046253,13,7,13,1405,1,1,1,1.0,2,95607,M,,,95
201300046254,13,7,13,2305,4,1,1,1.0,2,95394,M,,,95
201300046255,13,7,14,815,2,1,1,1.0,7,60631,M,,,60
201300046256,13,7,14,2115,2,1,1,1.0,7,93066,M,4890790.0,235826.0,93
201300046257,13,7,16,853,1,1,1,1.0,3,95488,M,,,95
201300046258,13,7,16,1700,1,1,1,1.0,3,95252,M,,,95
201300046259,13,7,16,1710,1,1,1,1.0,6,93066,M,4892800.0,235755.0,93
201300046260,13,7,17,1830,1,1,1,1.0,7,93006,M,4886990.0,243032.0,93
201300046261,13,7,17,1010,1,1,1,1.0,4,93006,M,4887010.0,243030.0,93
201300046262,13,7,17,1210,1,1,1,1.0,3,93006,M,4886800.0,242761.0,93
201300046263,13,7,17,1645,1,1,1,1.0,6,93008,M,4890860.0,245013.0,93
201300046264,13,7,17,2330,3,1,1,1.0,4,93053,M,4888140.0,245383.0,93
201300046265,13,7,18,1100,1,1,1,1.0,3,95678,M,,,95
201300046266,13,7,19,745,1,1,1,1.0,3,95582,M,,,95
201300046267,13,7,19,740,1,1,1,1.0,4,95018,M,,,95
201300046268,13,7,19,1450,1,1,1,1.0,3,95277,M,4897280.0,248720.0,95
201300046269,13,7,19,1745,1,1,1,1.0,4,95500,M,,,95
201300046270,13,7,20,400,4,1,1,1.0,7,93053,M,4888390.0,246134.0,93
201300046271,13,7,22,940,1,1,1,1.0,3,93063,M,4888090.0,245252.0,93
201300046272,13,7,22,1800,1,1,1,1.0,4,93007,M,4894360.0,243600.0,93
201300046273,13,7,23,945,1,1,1,1.0,4,93064,M,4887090.0,248220.0,93
201300046274,13,7,23,2120,3,1,1,1.0,2,93053,M,4888930.0,247362.0,93
201300046275,13,7,23,1900,1,1,1,1.0,6,93027,M,4892360.0,238346.0,93
201300046276,13,7,23,2045,1,1,1,1.0,1,93066,M,4892210.0,235877.0,93
201300046277,13,7,24,815,1,1,1,1.0,6,95604,M,,,95
201300046278,13,7,24,1700,1,1,1,1.0,2,95527,M,,,95
201300046279,13,7,25,1000,1,1,1,1.0,7,95394,M,,,95
201300046280,13,7,25,1225,1,1,1,1.0,2,95582,M,,,95
201300046281,13,7,25,1250,1,1,1,1.0,2,95582,M,,,95
201300046282,13,7,25,1320,1,1,1,1.0,4,93066,M,4893030.0,236536.0,93
201300046283,13,7,26,1030,1,1,1,1.0,7,93064,M,4888390.0,246943.0,93
201300046284,13,7,26,1000,1,1,1,1.0,6,95394,M,,,95
201300046285,13,7,27,800,2,1,1,2.0,2,95252,M,,,95
201300046286,13,7,27,930,1,1,1,1.0,7,93027,M,4893450.0,239758.0,93
201300046287,13,7,27,935,1,1,1,1.0,4,95394,M,,,95
201300046288,13,7,27,1010,1,1,1,1.0,6,95394,M,,,95
201300046289,13,7,27,1450,1,1,1,1.0,6,95060,M,,,95
201300046290,13,7,29,845,1,1,1,1.0,6,93066,M,4892810.0,235794.0,93
201300046291,13,7,29,1845,1,1,1,1.0,2,95572,M,,,95
201300046292,13,7,30,30,4,1,1,2.0,6,95488,M,,,95
201300046293,13,7,30,1230,1,1,1,1.0,6,95277,M,4897280.0,248720.0,95
201300046294,13,7,30,1645,1,1,1,2.0,7,95488,M,,,95
201300046295,13,7,30,1745,1,1,1,1.0,3,93008,M,4891230.0,243767.0,93
201300046296,13,7,30,2100,2,1,1,1.0,2,93005,M,4895190.0,247409.0,93
201300046297,13,7,31,1555,1,1,1,1.0,5,95252,M,,,95
201300046298,13,7,31,1840,1,1,1,1.0,2,93063,M,4887850.0,244671.0,93
201300046299,13,7,31,1820,1,1,1,1.0,4,93013,M,4893880.0,241706.0,93
201300046300,13,12,20,2345,4,1,1,1.0,6,93027,M,4893390.0,238445.0,93
201300046301,13,8,1,1030,1,1,1,1.0,3,92036,M,,,92
201300046302,13,8,1,1500,1,1,1,1.0,2,93005,M,4895100.0,247438.0,93
201300046303,13,8,2,1430,1,1,1,1.0,6,95241,M,,,95
201300046304,13,8,2,1630,1,1,1,1.0,4,93063,M,4887470.0,243926.0,93
201300046305,13,8,2,1730,1,1,1,1.0,6,93053,M,4888370.0,246726.0,93
201300046306,13,8,2,1900,1,1,1,1.0,7,93066,M,4892930.0,236153.0,93
201300046307,13,8,3,1705,1,1,1,1.0,6,95277,M,,,95
201300046308,13,8,5,1115,1,1,1,1.0,6,92078,M,,,92
201300046309,13,8,6,450,3,1,1,1.0,6,93078,M,4896210.0,254609.0,93
201300046310,13,8,6,1600,1,1,1,1.0,6,95527,M,,,95
201300046311,13,8,6,1955,1,1,1,1.0,3,93001,M,4892190.0,237785.0,93
201300046312,13,8,7,420,3,1,1,1.0,7,93005,M,4896510.0,247467.0,93
201300046313,13,8,7,1300,1,1,1,1.0,3,95256,M,,,95
201300046314,13,8,7,2150,3,1,1,1.0,7,93064,M,,,93
201300046315,13,8,10,440,3,1,1,1.0,6,95607,M,,,95
201300046316,13,8,10,2345,4,1,1,1.0,3,95252,M,,,95
201300046317,13,8,12,1235,1,1,1,1.0,2,93001,M,4892080.0,237196.0,93
201300046318,13,8,13,1645,1,1,1,1.0,7,93053,M,4888750.0,247427.0,93
201300046319,13,8,14,1050,1,1,1,1.0,3,93027,M,4892360.0,238346.0,93
201300046320,13,8,17,1400,1,1,1,1.0,6,92036,M,,,92
201300046321,13,8,18,305,4,1,1,2.0,6,95277,M,4897320.0,249010.0,95
201300046322,13,8,18,2140,4,1,1,3.0,6,92036,M,,,92
201300046323,13,8,19,710,1,1,1,1.0,2,93005,M,4896060.0,246797.0,93
201300046324,13,8,25,815,1,1,1,1.0,2,93073,M,4896770.0,256311.0,93
201300046325,13,8,20,1015,1,1,1,1.0,3,92036,M,,,92
201300046326,13,8,20,1030,1,1,1,1.0,7,95572,M,,,95
201300046327,13,8,20,1305,1,1,1,1.0,6,95252,M,,,95
201300046328,13,8,23,1810,1,1,1,1.0,6,93078,M,4896110.0,252518.0,93
201300046329,13,8,24,1116,1,1,1,2.0,6,93010,M,,,93
201300046330,13,8,25,345,3,1,1,3.0,2,95306,M,,,95
201300046331,13,8,25,1045,1,1,1,2.0,6,92036,M,,,92
201300046332,13,8,25,1200,1,1,1,3.0,4,93010,M,4888950.0,247391.0,93
201300046333,13,8,25,1330,1,1,1,2.0,7,95582,M,,,95
201300046334,13,8,25,1330,1,1,1,3.0,2,93001,M,4892090.0,237332.0,93
201300046335,13,8,25,1340,1,1,1,2.0,2,95582,M,,,95
201300046336,13,8,25,1400,1,1,1,2.0,2,95582,M,,,95
201300046337,13,8,25,1600,1,1,1,3.0,7,93001,M,4892080.0,237196.0,93
201300046338,13,8,25,1630,1,1,1,2.0,6,95212,M,,,95
201300046339,13,8,25,1715,1,1,1,2.0,2,92078,M,,,92
201300046340,13,8,25,1730,1,1,1,2.0,6,95018,M,,,95
201300046341,13,8,25,1800,1,1,1,2.0,7,92078,M,,,92
201300046342,13,8,25,1830,1,1,1,2.0,3,95394,M,,,95
201300046343,13,8,25,1930,1,1,1,2.0,7,95582,M,,,95
201300046344,13,8,25,2020,1,1,1,2.0,6,95394,M,,,95
201300046345,13,8,25,2040,3,1,1,1.0,6,93027,M,4893720.0,240984.0,93
201300046346,13,8,26,1340,1,1,1,1.0,7,93007,M,4894670.0,244198.0,93
201300046347,13,8,28,1340,1,1,1,1.0,7,93078,M,4895900.0,253523.0,93
201300046348,13,8,29,1830,1,1,1,1.0,6,93066,M,4892200.0,236417.0,93
201300046349,13,8,30,1000,1,1,1,1.0,4,95252,M,,,95
201300046350,13,8,30,1415,1,1,1,1.0,4,93064,M,4888390.0,246943.0,93
201300046351,13,8,31,245,3,1,1,1.0,7,93066,M,4893000.0,236410.0,93
201300046352,13,8,31,1955,1,1,1,1.0,2,93027,M,4887230.0,248106.0,93
201300046353,13,9,1,1720,1,1,1,1.0,4,93006,M,4886690.0,242545.0,93
201300046354,13,9,1,2035,3,1,1,1.0,6,95424,M,,,95
201300046355,13,9,2,700,2,1,1,1.0,4,93066,M,4891030.0,235806.0,93
201300046356,13,9,2,700,2,1,1,1.0,2,95678,M,,,95
201300046357,13,9,2,1200,1,1,1,1.0,2,93008,M,4889860.0,246958.0,93
201300046358,13,9,2,1250,1,1,1,1.0,2,93063,M,4888000.0,245020.0,93
201300046359,13,9,3,300,4,1,1,1.0,6,93005,M,4896060.0,246797.0,93
201300046360,13,9,3,847,1,1,1,1.0,7,95018,M,,,95
201300046361,13,9,3,1600,1,1,1,1.0,6,93053,M,4888150.0,245406.0,93
201300046362,13,9,3,1845,1,1,1,1.0,4,93010,M,4888930.0,247381.0,93
201300046363,13,9,4,130,3,1,1,1.0,7,93005,M,,,93
201300046364,13,9,4,915,1,1,1,1.0,7,60494,M,,,60
201300046365,13,9,4,815,1,1,1,1.0,6,95042,M,,,95
201300046366,13,9,4,1820,1,1,1,1.0,2,95218,M,,,95
201300046367,13,9,5,1539,1,1,1,1.0,4,93066,M,4891930.0,235757.0,93
201300046368,13,9,5,1745,1,1,1,1.0,3,93008,M,4889890.0,246927.0,93
201300046369,13,9,6,1100,1,1,1,1.0,6,93027,M,4893450.0,239758.0,93
201300046370,13,9,6,1115,1,1,1,3.0,7,95018,M,,,95
201300046371,13,9,6,1200,1,1,1,3.0,6,95527,M,,,95
201300046372,13,9,6,1258,1,1,1,3.0,6,95527,M,,,95
201300046373,13,9,6,1640,1,1,1,1.0,5,93008,M,4890860.0,245013.0,93
201300046374,13,9,7,535,2,1,1,1.0,4,95351,M,,,95
201300046375,13,9,7,600,3,1,1,1.0,6,93027,M,4893450.0,239693.0,93
201300046376,13,9,8,1655,1,1,1,1.0,6,93005,M,4894720.0,247579.0,93
201300046377,13,9,8,1655,1,1,1,1.0,4,93066,M,4892380.0,235723.0,93
201300046378,13,9,8,1945,1,1,1,1.0,2,95277,M,,,95
201300046379,13,9,8,2120,4,1,1,1.0,2,95252,M,,,95
201300046380,13,9,19,1200,1,1,1,1.0,6,95572,M,,,95
201300046381,13,9,9,1050,1,1,1,2.0,6,95256,M,,,95
201300046382,13,9,9,1845,1,1,1,2.0,7,95218,M,,,95
201300046383,13,9,9,2050,5,1,1,2.0,6,93053,M,4890880.0,235836.0,93
201300046384,13,9,10,1710,1,1,1,1.0,4,93027,M,4893850.0,241576.0,93
201300046385,13,9,10,1810,1,1,1,1.0,5,93027,M,4892560.0,239692.0,93
201300046386,13,9,11,30,4,1,1,1.0,6,95277,M,,,95
201300046387,13,9,11,550,3,1,1,2.0,6,92036,M,,,92
201300046388,13,9,11,2050,2,1,1,1.0,6,93048,M,4886760.0,245714.0,93
201300046389,13,9,12,1755,1,1,1,1.0,3,93066,M,4890340.0,235856.0,93
201300046390,13,9,12,1550,1,1,1,1.0,4,93078,M,4896500.0,251808.0,93
201300046391,13,9,12,1800,1,1,1,1.0,2,60612,M,,,60
201300046392,13,9,13,915,1,1,1,1.0,3,92078,M,,,92
201300046393,13,9,13,1550,1,1,1,2.0,4,93066,M,4892300.0,234515.0,93
201300046394,13,9,13,1715,1,1,1,1.0,2,95582,M,,,95
201300046395,13,9,13,1735,1,1,1,2.0,6,95018,M,,,95
201300046396,13,9,13,1845,1,1,1,1.0,3,93066,M,4891900.0,235742.0,93
201300046397,13,9,13,2223,4,1,1,2.0,2,92036,M,,,92
201300046398,13,9,14,1000,1,1,1,1.0,7,92036,M,,,92
201300046399,13,9,14,1000,1,1,1,3.0,7,93001,M,4892090.0,237332.0,93
201300046400,13,9,14,1100,1,1,1,2.0,7,95527,M,,,95
201300046401,13,9,14,1400,1,1,1,2.0,6,93008,M,4889890.0,246927.0,93
201300046402,13,9,14,1715,1,1,1,3.0,6,95018,M,,,95
201300046403,13,9,14,1715,1,1,1,3.0,4,93048,M,4887370.0,243705.0,93
201300046404,13,9,15,100,3,1,1,2.0,6,93066,M,4892380.0,235723.0,93
201300046405,13,9,15,130,4,1,1,2.0,7,92036,M,,,92
201300046406,13,9,15,145,3,1,1,2.0,2,93027,M,4892780.0,241018.0,93
201300046407,13,9,15,230,3,1,1,1.0,7,92078,M,,,92
201300046408,13,9,15,225,3,1,1,1.0,7,95572,M,,,95
201300046409,13,9,15,700,2,1,1,1.0,7,92036,M,,,92
201300046410,13,9,15,1445,1,1,1,1.0,3,93005,M,4895730.0,247324.0,93
201300046411,13,9,15,1650,1,1,1,1.0,5,92036,M,,,92
201300046412,13,9,15,1840,2,1,1,1.0,4,95306,M,,,95
201300046413,13,9,16,645,2,1,1,1.0,6,92036,M,,,92
201300046414,13,9,16,645,2,1,1,1.0,6,92036,M,,,92
201300046415,13,9,16,820,1,1,1,1.0,6,95018,M,,,95
201300046416,13,9,16,1430,1,1,1,1.0,6,95394,M,,,95
201300046417,13,9,16,1445,1,1,1,2.0,6,93027,M,4892210.0,237848.0,93
201300046418,13,9,16,1530,1,1,1,1.0,2,93048,M,4887370.0,243705.0,93
201300046419,13,9,16,1600,1,1,1,1.0,6,93063,M,4888090.0,245252.0,93
201300046420,13,9,17,1515,1,1,1,1.0,3,93053,M,4888930.0,247362.0,93
201300046421,13,9,17,1905,2,1,1,2.0,3,93008,M,4891060.0,244338.0,93
201300046422,13,9,17,1830,1,1,1,3.0,7,95394,M,,,95
201300046423,13,9,17,1945,3,1,1,2.0,7,93027,M,4893720.0,240984.0,93
201300046424,13,9,18,525,3,1,1,2.0,7,93006,M,4886460.0,241489.0,93
201300046425,13,9,17,1950,2,1,1,2.0,5,95527,M,,,95
201300046426,13,9,18,1400,1,1,1,2.0,6,95277,M,4897320.0,249010.0,95
201300046427,13,9,18,1500,1,1,1,2.0,2,93027,M,4892830.0,241258.0,93
201300046428,13,9,18,1500,1,1,1,1.0,7,93027,M,4892790.0,240993.0,93
201300046429,13,9,18,1715,1,1,1,2.0,6,95582,M,4896250.0,226410.0,95
201300046430,13,9,18,1815,1,1,1,1.0,6,95394,M,,,95
201300046431,13,9,19,800,1,1,1,1.0,3,93006,M,4886690.0,242545.0,93
201300046432,13,9,20,1020,1,1,1,1.0,2,93039,M,4892660.0,233608.0,93
201300046433,13,9,20,1615,1,1,1,1.0,6,95572,M,,,95
201300046434,13,9,21,1520,1,1,1,1.0,6,95151,M,,,95
201300046435,13,9,22,730,1,1,1,1.0,6,95572,M,,,95
201300046436,13,9,22,1945,2,1,1,1.0,3,95491,M,,,95
201300046437,13,9,23,1538,1,1,1,1.0,5,93066,M,4891930.0,235757.0,93
201300046438,13,9,23,1715,1,1,1,1.0,6,92036,M,,,92
201300046439,13,9,23,1755,1,1,1,1.0,4,93005,M,,,93
201300046440,13,9,23,2050,3,1,1,1.0,6,60241,M,,,60
201300046441,13,9,24,1010,1,1,1,1.0,3,95252,M,,,95
201300046442,13,9,25,745,1,1,1,1.0,2,93010,M,4888930.0,247381.0,93
201300046443,13,9,25,1550,1,1,1,1.0,7,93066,M,4892170.0,236558.0,93
201300046444,13,9,24,1540,1,1,1,1.0,5,93005,M,4896000.0,246705.0,93
201300046445,13,9,26,1024,1,1,1,1.0,6,95394,M,,,95
201300046446,13,9,26,1810,1,1,1,1.0,4,95607,M,,,95
201300046447,13,9,27,720,1,1,1,1.0,7,92036,M,,,92
201300046448,13,9,27,2000,3,1,1,1.0,2,93013,M,4893870.0,241625.0,93
201300046449,13,9,28,215,3,1,1,1.0,2,60612,M,,,60
201300046450,13,9,28,1620,1,1,1,1.0,2,93064,M,4887070.0,248247.0,93
201300046451,13,9,28,1920,1,1,1,1.0,6,95604,M,,,95
201300046452,13,9,28,1950,1,1,1,1.0,6,95277,M,4897310.0,248830.0,95
201300046453,13,9,29,1810,1,1,1,3.0,4,95582,M,,,95
201300046454,13,9,29,1800,1,1,1,1.0,6,95042,M,,,95
201300046455,13,9,29,1900,2,1,1,1.0,6,60612,M,,,60
201300046456,13,9,29,2030,3,1,1,1.0,7,95212,M,,,95
201300046457,13,9,30,1230,1,1,1,1.0,3,93010,M,4888950.0,247391.0,93
201300046458,13,9,30,1400,1,1,1,1.0,2,93063,M,4888090.0,245252.0,93
201300046459,13,10,1,707,3,1,1,1.0,5,95252,M,,,95
201300046460,13,10,1,910,1,1,1,1.0,6,93053,M,4888930.0,247362.0,93
201300046461,13,10,1,1615,1,1,1,1.0,6,92036,M,,,92
201300046462,13,10,1,1800,1,1,1,1.0,4,95582,M,,,95
201300046463,13,10,2,730,2,1,1,1.0,6,95306,M,,,95
201300046464,13,10,3,850,1,1,1,1.0,3,95219,M,,,95
201300046465,13,10,4,720,3,1,1,8.0,6,93078,M,4895840.0,252849.0,93
201300046466,13,10,4,800,2,1,1,2.0,2,92036,M,,,92
201300046467,13,10,4,1520,1,1,1,1.0,6,95582,M,,,95
201300046468,13,10,4,1745,1,1,1,1.0,3,95277,M,4897350.0,248590.0,95
201300046469,13,10,4,2040,3,1,1,1.0,2,93078,M,4895800.0,253089.0,93
201300046470,13,10,7,810,1,1,1,1.0,7,93006,M,4886430.0,241359.0,93
201300046471,13,10,7,825,1,1,1,1.0,3,95365,M,,,95
201300046472,13,10,7,1250,1,1,1,1.0,4,93066,M,4892200.0,235734.0,93
201300046473,13,10,7,1250,1,1,1,1.0,7,93066,M,4892200.0,235734.0,93
201300046474,13,10,8,900,1,1,1,1.0,2,93006,M,4886570.0,241854.0,93
201300046475,13,10,8,1300,1,1,1,1.0,4,93066,M,4892200.0,235734.0,93
201300046476,13,10,8,1710,1,1,1,1.0,3,95582,M,,,95
201300046477,13,10,9,730,3,1,1,1.0,3,95678,M,,,95
201300046478,13,10,9,910,1,1,1,1.0,3,93066,M,4890610.0,235836.0,93
201300046479,13,10,9,1015,1,1,1,1.0,3,92036,M,,,92
201300046480,13,10,9,1340,1,1,1,1.0,6,93064,M,4888680.0,247723.0,93
201300046481,13,10,9,1745,1,1,1,2.0,3,95572,M,,,95
201300046482,13,10,9,1855,5,1,1,2.0,2,95555,M,4897640.0,228120.0,95
201300046483,13,10,9,2025,3,1,1,1.0,6,93027,M,4893450.0,239693.0,93
201300046484,13,10,10,645,3,1,1,1.0,2,95682,M,,,95
201300046485,13,10,10,830,1,1,1,1.0,3,95527,M,,,95
201300046486,13,10,10,1415,1,1,1,2.0,6,95394,M,,,95
201300046487,13,10,10,1540,1,1,1,1.0,6,93064,M,,,93
201300046488,13,10,11,655,3,1,1,2.0,3,95252,M,,,95
201300046489,13,10,11,1145,1,1,1,2.0,6,92036,M,,,92
201300046490,13,10,11,1530,1,1,1,1.0,2,92036,M,,,92
201300046491,13,10,11,1815,1,1,1,1.0,6,92078,M,,,92
201300046492,13,10,11,2100,3,1,1,1.0,4,93006,M,4886590.0,242125.0,93
201300046493,13,10,12,850,1,1,1,1.0,4,95256,M,,,95
201300046494,13,10,13,700,3,1,1,1.0,6,93027,M,4893410.0,239072.0,93
201300046495,13,10,13,730,4,1,1,1.0,6,93013,M,4893900.0,241808.0,93
201300046496,13,10,13,830,1,1,1,1.0,7,95241,M,,,95
201300046497,13,10,13,1930,3,1,1,1.0,2,95018,M,,,95
201300046498,13,10,13,2215,4,1,1,1.0,2,93010,M,4888950.0,247391.0,93
201300046499,13,10,14,745,1,1,1,1.0,2,93007,M,4895210.0,245207.0,93
201300046500,13,10,14,1240,1,1,1,1.0,7,60612,M,,,60
201300046501,13,10,15,630,3,1,1,2.0,6,95394,M,,,95
201300046502,13,10,15,920,1,1,1,1.0,5,93008,M,4889860.0,246958.0,93
201300046503,13,10,15,1715,1,1,1,1.0,6,95394,M,,,95
201300046504,13,10,15,2215,4,1,1,1.0,5,93053,M,4888930.0,247362.0,93
201300046505,13,10,16,715,2,1,1,1.0,3,93007,M,4895490.0,245734.0,93
201300046506,13,10,16,715,2,1,1,1.0,3,95252,M,,,95
201300046507,13,10,16,1415,1,1,1,3.0,6,95018,M,,,95
201300046508,13,10,16,1540,1,1,1,3.0,6,93066,M,4892230.0,235873.0,93
201300046509,13,10,16,1820,1,1,1,2.0,4,93053,M,4890610.0,235836.0,93
201300046510,13,10,16,1900,2,1,1,2.0,7,93066,M,4893340.0,237832.0,93
201300046511,13,10,16,1930,2,1,1,2.0,4,95582,M,,,95
201300046512,13,10,16,2100,4,1,1,1.0,3,93027,M,4892790.0,240993.0,93
201300046513,13,10,16,2350,4,1,1,1.0,7,93027,M,4893720.0,240984.0,93
201300046514,13,10,16,2350,4,1,1,2.0,6,95582,M,,,95
201300046515,13,10,17,700,3,1,1,1.0,6,93005,M,4896470.0,247429.0,93
201300046516,13,10,17,735,2,1,1,8.0,6,95018,M,,,95
201300046517,13,10,17,835,1,1,1,1.0,6,92036,M,,,92
201300046518,13,10,17,855,1,1,1,1.0,7,95018,M,,,95
201300046519,13,10,18,630,3,1,1,5.0,6,95572,M,,,95
201300046520,13,10,18,1530,1,1,1,1.0,7,95563,M,,,95
201300046521,13,10,18,2010,3,1,1,1.0,7,93063,M,4888000.0,245020.0,93
201300046522,13,10,19,1410,1,1,1,1.0,2,95018,M,,,95
201300046523,13,10,19,1615,1,1,1,1.0,2,93053,M,4890430.0,235848.0,93
201300046524,13,10,20,2015,1,1,1,1.0,2,93027,M,4892780.0,241018.0,93
201300046525,13,10,20,1250,1,1,1,1.0,6,95394,M,,,95
201300046526,13,10,20,1350,1,1,1,1.0,5,93008,M,4889890.0,246927.0,93
201300046527,13,10,20,1945,5,1,1,2.0,2,95527,M,,,95
201300046528,13,10,20,2230,3,1,1,1.0,6,95424,M,,,95
201300046529,13,10,20,2310,3,1,1,1.0,6,95394,M,,,95
201300046530,13,10,21,700,2,1,1,1.0,2,93001,M,4892080.0,237196.0,93
201300046531,13,10,21,800,1,1,1,1.0,4,95582,M,,,95
201300046532,13,10,21,2230,3,1,1,1.0,2,93010,M,4888950.0,247391.0,93
201300046533,13,10,22,520,4,1,1,1.0,7,95060,M,,,95
201300046534,13,10,22,710,3,1,1,1.0,3,95018,M,,,95
201300046535,13,10,22,1300,1,1,1,1.0,4,93066,M,4893390.0,238340.0,93
201300046536,13,10,22,1514,1,1,1,1.0,4,93078,M,4897120.0,249814.0,93
201300046537,13,10,23,750,2,1,1,1.0,3,95018,M,,,95
201300046538,13,10,23,910,1,1,1,1.0,3,93005,M,4896130.0,247372.0,93
201300046539,13,10,23,1535,1,1,1,1.0,2,93006,M,4886640.0,241321.0,93
201300046540,13,10,23,1700,1,1,1,1.0,4,93066,M,4893390.0,238340.0,93