Num_Acc,an,mois,jour,hrmn,lum,agg,int,atm,col,com,gps,lat,long,dep
201300046541,13,10,23,1740,1,1,1,2.0,2,93027,M,4892210.0,237848.0,93
201300046542,13,10,23,1730,1,1,1,1.0,6,93066,M,4891930.0,235757.0,93
201300046543,13,10,24,1300,1,1,1,1.0,4,93073,M,,,93
201300046544,13,10,24,2000,3,1,1,1.0,2,92078,M,,,92
201300046545,13,10,25,310,4,1,1,2.0,6,93005,M,4895880.0,246498.0,93
201300046546,13,10,25,615,2,1,1,2.0,7,93005,M,4895160.0,247401.0,93
201300046547,13,10,25,740,2,1,1,2.0,2,93066,M,4893390.0,238340.0,93
201300046548,13,10,25,900,1,1,1,1.0,4,95060,M,,,95
201300046549,13,10,25,1630,1,1,1,2.0,6,95394,M,,,95
201300046550,13,10,25,1837,1,1,1,2.0,3,95277,M,4897280.0,248720.0,95
201300046551,13,10,25,2000,3,1,1,2.0,2,93066,M,4892810.0,235794.0,93
201300046552,13,10,25,2340,3,1,1,9.0,7,93027,M,4892780.0,241018.0,93
201300046553,13,10,26,2150,3,1,1,2.0,2,95527,M,,,95
201300046554,13,10,27,1220,1,1,1,1.0,7,92036,M,,,92
201300046555,13,10,28,45,3,1,1,2.0,7,92036,M,,,92
201300046556,13,10,28,920,1,1,1,2.0,2,95527,M,,,95
201300046557,13,10,28,925,1,1,1,2.0,2,95582,M,,,95
201300046558,13,10,28,1650,1,1,1,1.0,4,93066,M,4891930.0,235757.0,93
201300046559,13,10,28,1945,3,1,1,1.0,2,95488,M,,,95
201300046560,13,10,28,2000,5,1,1,1.0,2,93066,M,4891210.0,235809.0,93
201300046561,13,10,30,640,3,1,1,1.0,6,95678,M,,,95
201300046562,13,10,30,950,1,1,1,1.0,4,95042,M,,,95
201300046563,13,10,30,1110,1,1,1,1.0,3,95018,M,,,95
201300046564,13,10,30,1530,1,1,1,1.0,6,95572,M,,,95
201300046565,13,10,30,1619,1,1,1,1.0,4,93053,M,4888380.0,246682.0,93
201300046566,13,10,30,1800,1,1,1,1.0,3,93008,M,4889860.0,246958.0,93
201300046567,13,10,30,1900,3,1,1,1.0,3,92078,M,,,92
201300046568,13,10,31,930,1,1,1,1.0,6,95351,M,,,95
201300046569,13,10,31,1420,1,1,1,1.0,7,95218,M,,,95
201300046570,13,10,31,1715,1,1,1,1.0,6,95527,M,,,95
201300046571,13,11,1,1300,1,1,1,2.0,7,95351,M,,,95
201300046572,13,11,1,1400,1,1,1,8.0,2,93027,M,4892730.0,241922.0,93
201300046573,13,11,1,1420,1,1,1,2.0,5,93053,M,4891000.0,235825.0,93
201300046574,13,11,1,1430,1,1,1,3.0,7,93066,M,4892210.0,235877.0,93
201300046575,13,11,1,1530,1,1,1,2.0,6,93027,M,4893720.0,241063.0,93
201300046576,13,11,1,2310,4,1,1,2.0,7,95394,M,,,95
201300046577,13,11,2,105,1,1,1,1.0,6,93027,M,4892850.0,241392.0,93
201300046578,13,11,2,150,1,1,1,2.0,6,92036,M,,,92
201300046579,13,11,2,300,3,1,1,2.0,5,93005,M,4893080.0,248119.0,93
201300046580,13,11,2,830,1,1,1,1.0,7,92036,M,,,92
201300046581,13,11,2,850,2,1,1,2.0,6,93064,M,4887070.0,248247.0,93
201300046582,13,11,2,1115,1,1,1,1.0,7,93064,M,,,93
201300046583,13,11,2,1610,1,1,1,1.0,6,95394,M,,,95
201300046584,13,11,3,2250,3,1,1,8.0,2,92036,M,,,92
201300046585,13,11,3,5,3,1,1,1.0,7,95151,M,,,95
201300046586,13,11,3,320,4,1,1,2.0,7,93053,M,4888350.0,245873.0,93
201300046587,13,11,3,450,4,1,1,2.0,7,93013,M,4894320.0,243495.0,93
201300046588,13,11,3,900,1,1,1,1.0,7,95582,M,,,95
201300046589,13,11,7,545,2,1,1,2.0,6,93005,M,4896060.0,246797.0,93
201300046590,13,11,4,630,2,1,1,2.0,6,93078,M,4896460.0,251938.0,93
201300046591,13,11,4,830,1,1,1,8.0,6,95277,M,4897350.0,248580.0,95
201300046592,13,11,4,840,1,1,1,1.0,6,95241,M,,,95
201300046593,13,11,4,950,1,1,1,1.0,6,95252,M,,,95
201300046594,13,11,4,725,1,1,1,8.0,2,93010,M,4888950.0,247391.0,93
201300046595,13,11,4,1154,1,1,1,1.0,2,93027,M,4892730.0,241954.0,93
201300046596,13,11,5,1500,1,1,1,2.0,6,92078,M,,,92
201300046597,13,11,5,1700,1,1,1,2.0,6,93053,M,4890610.0,235855.0,93
201300046598,13,11,5,1940,3,1,1,2.0,7,95351,M,,,95
201300046599,13,11,9,825,1,1,1,1.0,3,95252,M,,,95
201300046600,13,11,6,950,1,1,1,1.0,2,95277,M,,,95
201300046601,13,11,6,900,1,1,1,1.0,6,93001,M,4892170.0,236558.0,93
201300046602,13,11,6,1056,1,1,1,8.0,7,93078,M,4896510.0,251829.0,93
201300046603,13,11,6,1130,1,1,1,2.0,6,95028,M,,,95
201300046604,13,11,6,1155,1,1,1,1.0,6,92036,M,,,92
201300046605,13,11,6,1330,1,1,1,1.0,4,93053,M,4890610.0,235855.0,93
201300046606,13,11,7,1840,3,1,1,3.0,4,93078,M,4895820.0,253220.0,93
201300046607,13,11,7,1950,3,1,1,2.0,6,93066,M,4892280.0,234512.0,93
201300046608,13,11,7,2240,4,1,1,3.0,2,93066,M,4892240.0,235468.0,93
201300046609,13,11,8,830,1,1,1,6.0,6,93063,M,4888050.0,245176.0,93
201300046610,13,11,8,930,1,1,1,2.0,7,95491,M,,,95
201300046611,13,11,8,930,1,1,1,1.0,2,93063,M,4887530.0,244037.0,93
201300046612,13,11,8,1515,1,1,1,2.0,6,93027,M,4892560.0,239692.0,93
201300046613,13,11,8,1810,3,1,1,2.0,7,93001,M,4888390.0,246943.0,93
201300046614,13,11,8,1930,3,1,1,2.0,7,93006,M,4887310.0,243592.0,93
201300046615,13,11,9,1310,1,1,1,2.0,6,95582,M,,,95
201300046616,13,11,9,125,4,1,1,1.0,6,95277,M,,,95
201300046617,13,11,9,1430,1,1,1,2.0,6,93027,M,4893450.0,239693.0,93
201300046618,13,11,9,1834,4,1,1,1.0,6,95277,M,,,95
201300046619,13,11,10,510,3,1,1,2.0,6,93027,M,4892570.0,239669.0,93
201300046620,13,11,10,2145,3,1,1,1.0,3,93006,M,4886630.0,241456.0,93
201300046621,13,11,11,1400,1,1,1,1.0,6,93066,M,4893390.0,238179.0,93
201300046622,13,11,12,455,3,1,1,1.0,6,95527,M,,,95
201300046623,13,11,12,1720,3,1,1,2.0,3,93010,M,4888660.0,247348.0,93
201300046624,13,11,12,1805,3,1,1,1.0,5,93066,M,4892380.0,235723.0,93
201300046625,13,11,13,120,4,1,1,1.0,4,93001,M,4892140.0,237594.0,93
201300046626,13,11,13,1715,1,1,1,1.0,5,93013,M,4893880.0,241706.0,93
201300046627,13,11,14,950,1,1,1,2.0,7,92078,M,,,92
201300046628,13,11,14,930,1,1,1,2.0,3,92036,M,,,92
201300046629,13,11,15,1635,1,1,1,1.0,6,93066,M,4892770.0,235745.0,93
201300046630,13,11,15,1750,3,1,1,1.0,3,95582,M,,,95
201300046631,13,11,17,1730,2,1,1,1.0,2,93010,M,4888930.0,247381.0,93
201300046632,13,11,14,1615,1,1,1,8.0,6,60631,M,,,60
201300046633,13,11,14,2200,3,1,1,1.0,6,92036,M,,,92
201300046634,13,11,15,830,1,1,1,2.0,7,95491,M,,,95
201300046635,13,11,18,920,1,1,1,1.0,4,95678,M,,,95
201300046636,13,11,18,1035,1,1,1,1.0,3,92036,M,,,92
201300046637,13,11,19,645,3,1,1,1.0,3,95018,M,,,95
201300046638,13,11,19,830,1,1,1,2.0,6,93064,M,4888660.0,247381.0,93
201300046639,13,11,20,800,2,1,1,1.0,3,93064,M,4886820.0,248200.0,93
201300046640,13,11,20,850,1,1,1,1.0,6,95306,M,,,95
201300046641,13,11,20,1000,1,1,1,1.0,6,93066,M,4892870.0,235897.0,93
201300046642,13,11,20,1800,1,1,1,3.0,6,93013,M,4894280.0,243374.0,93
201300046643,13,11,21,640,1,1,1,1.0,2,95042,M,,,95
201300046644,13,11,21,630,3,1,1,8.0,2,93078,M,4895820.0,253141.0,93
201300046645,13,11,21,1730,1,1,1,1.0,2,95365,M,,,95
201300046646,13,11,21,2145,3,1,1,1.0,7,95018,M,,,95
201300046647,13,11,22,1410,1,1,1,1.0,5,93008,M,4889890.0,246927.0,93
201300046648,13,11,23,2320,3,1,1,1.0,5,93066,M,4893000.0,236410.0,93
201300046649,13,11,24,45,5,1,1,1.0,2,93066,M,4891750.0,235768.0,93
201300046650,13,11,24,325,4,1,1,1.0,2,93063,M,4888100.0,245292.0,93
201300046651,13,11,24,1130,1,1,1,1.0,7,95018,M,,,95
201300046652,13,11,24,1600,1,1,1,1.0,5,93053,M,4888390.0,246502.0,93
201300046653,13,11,24,1815,3,1,1,1.0,2,93010,M,4888660.0,247348.0,93
201300046654,13,11,24,2235,4,1,9,1.0,2,93027,M,4893460.0,239730.0,93
201300046655,13,11,26,1045,1,1,1,1.0,2,92036,M,,,92
201300046656,13,11,26,1400,1,1,1,1.0,3,95527,M,,,95
201300046657,13,11,27,715,2,1,1,1.0,2,93006,M,4886600.0,241584.0,93
201300046658,13,11,27,1645,1,1,1,1.0,3,93053,M,4888380.0,246682.0,93
201300046659,13,11,28,900,1,1,1,1.0,2,95394,M,,,95
201300046660,13,11,28,900,1,1,1,1.0,7,95018,M,,,95
201300046661,13,11,28,1515,1,1,1,1.0,6,95527,M,,,95
201300046662,13,11,28,1545,1,1,1,1.0,6,93053,M,4888380.0,246682.0,93
201300046663,13,11,28,1830,3,1,1,2.0,2,93001,M,4892170.0,236558.0,93
201300046664,13,11,20,1830,3,1,1,1.0,3,95527,M,,,95
201300046665,13,11,28,1920,3,1,1,1.0,3,93066,M,4892250.0,235711.0,93
201300046666,13,11,28,1930,3,1,1,1.0,7,93010,M,4888970.0,247385.0,93
201300046667,13,11,28,2010,3,1,1,1.0,2,95582,M,,,95
201300046668,13,11,29,715,4,1,1,1.0,3,93010,M,4889550.0,247053.0,93
201300046669,13,11,29,1630,2,1,1,2.0,6,93053,M,4888350.0,245834.0,93
201300046670,13,11,29,2130,4,1,1,1.0,2,95018,M,,,95
201300046671,13,11,29,2320,4,1,1,1.0,7,93066,M,4892380.0,235723.0,93
201300046672,13,11,30,530,5,1,1,1.0,2,93066,M,4891570.0,235783.0,93
201300046673,13,12,2,1200,1,1,1,1.0,5,93064,M,4887840.0,247678.0,93
201300046674,13,12,3,645,3,1,1,1.0,4,93066,M,4890610.0,235836.0,93
201300046675,13,12,3,2105,3,1,1,1.0,6,93010,M,4889220.0,247263.0,93
201300046676,13,12,4,745,2,1,1,1.0,3,93053,M,4888380.0,246682.0,93
201300046677,13,12,4,910,1,1,1,1.0,3,95582,M,,,95
201300046678,13,12,5,1445,1,1,1,1.0,3,95277,M,,,95
201300046679,13,12,5,1845,1,1,1,1.0,4,93064,M,4888670.0,247349.0,93
201300046680,13,12,7,938,1,1,1,2.0,6,95394,M,,,95
201300046681,13,12,7,1845,3,1,1,1.0,2,93013,M,4893900.0,241740.0,93
201300046682,13,12,7,2020,3,1,1,1.0,6,95394,M,,,95
201300046683,13,12,7,2045,3,1,1,1.0,7,95060,M,,,95
201300046684,13,12,9,715,2,1,1,1.0,6,95018,M,,,95
201300046685,13,12,6,2000,3,1,1,1.0,2,93006,M,4886500.0,241607.0,93
201300046686,13,12,9,1140,1,1,1,1.0,3,95572,M,,,95
201300046687,13,12,9,1245,1,1,1,1.0,2,93066,M,4892380.0,235723.0,93
201300046688,13,12,9,1330,1,1,1,1.0,5,93066,M,4891030.0,235824.0,93
201300046689,13,12,10,600,2,1,1,1.0,3,92036,M,,,92
201300046690,13,12,10,735,1,1,1,1.0,3,95219,M,,,95
201300046691,13,12,10,945,1,1,1,1.0,2,95488,M,,,95
201300046692,13,12,11,620,3,1,1,1.0,4,92036,M,,,92
201300046693,13,12,11,815,2,1,1,1.0,3,93005,M,4895910.0,247329.0,93
201300046694,13,12,11,1200,1,1,1,1.0,4,95277,M,,,95
201300046695,13,12,12,920,1,1,1,1.0,2,95277,M,4897390.0,248770.0,95
201300046696,13,12,12,1020,1,1,1,1.0,5,93064,M,4888090.0,247506.0,93
201300046697,13,12,12,1815,3,1,1,1.0,3,92036,M,,,92
201300046698,13,12,12,2050,4,1,1,1.0,2,93053,M,4891000.0,235825.0,93
201300046699,13,12,13,1100,1,1,1,1.0,2,92036,M,,,92
201300046700,13,12,14,155,3,1,1,2.0,6,95042,M,,,95
201300046701,13,12,14,1100,1,1,1,1.0,6,93066,M,4893170.0,237055.0,93
201300046702,13,12,14,1220,1,1,1,1.0,7,93064,M,4888670.0,247932.0,93
201300046703,13,12,14,1600,1,1,1,1.0,2,93048,M,4887200.0,243323.0,93
201300046704,13,12,14,2145,2,1,1,1.0,6,95203,M,4897730.0,228660.0,95
201300046705,13,12,16,845,1,1,1,1.0,6,93064,M,4887230.0,248106.0,93
201300046706,13,12,16,2000,3,1,1,1.0,6,93078,M,4896040.0,252598.0,93
201300046707,13,12,16,2200,3,1,1,1.0,6,92078,M,,,92
201300046708,13,12,18,1100,1,1,1,1.0,3,93066,M,4892560.0,235703.0,93
201300046709,13,12,18,1300,1,1,1,1.0,3,93027,M,4892820.0,241686.0,93
201300046710,13,12,18,1800,3,1,1,1.0,4,95675,M,,,95
201300046711,13,12,18,2045,4,1,1,1.0,4,93066,M,4891900.0,235742.0,93
201300046712,13,12,19,815,2,1,1,2.0,4,95488,M,,,95
201300046713,13,12,19,845,1,1,1,1.0,4,95212,M,,,95
201300046714,13,12,19,830,1,1,1,1.0,2,95176,M,,,95
201300046715,13,12,19,1500,1,1,1,1.0,7,93064,M,4888680.0,247723.0,93
201300046716,13,12,19,1950,3,1,1,1.0,7,93007,M,4893190.0,248086.0,93
201300046717,13,12,20,1240,1,1,1,1.0,4,93064,M,4888390.0,246681.0,93
201300046718,13,12,22,510,5,1,1,2.0,2,93001,M,4892170.0,237721.0,93
201300046719,13,12,22,1000,1,1,1,2.0,6,95527,M,,,95
201300046720,13,12,22,1200,1,1,1,2.0,6,95394,M,,,95
201300046721,13,12,22,1445,1,1,1,1.0,6,95277,M,4897310.0,248790.0,95
201300046722,13,12,22,1640,1,1,1,1.0,7,95394,M,,,95
201300046723,13,12,22,1935,3,1,1,1.0,2,95527,M,,,95
201300046724,13,12,23,2200,4,1,1,1.0,6,93078,M,4896440.0,251991.0,93
201300046725,13,12,22,2235,3,1,1,1.0,6,93005,M,4896470.0,247429.0,93
201300046726,13,12,23,2300,4,1,1,1.0,6,93027,M,4893450.0,239758.0,93
201300046727,13,12,23,105,3,1,1,1.0,2,95527,M,,,95
201300046728,13,12,24,800,2,1,1,2.0,2,95394,M,,,95
201300046729,13,12,24,1220,1,1,1,2.0,6,93066,M,4893170.0,237055.0,93
201300046730,13,12,24,1320,1,1,1,2.0,6,93027,M,4892830.0,241258.0,93
201300046731,13,12,24,2200,3,1,1,3.0,7,93027,M,4892340.0,238362.0,93
201300046732,13,12,25,430,3,1,1,1.0,2,93064,M,4888360.0,247155.0,93
201300046733,13,12,25,2000,3,1,1,2.0,4,93010,M,4888930.0,247381.0,93
201300046734,13,12,26,1540,1,1,1,1.0,2,93027,M,4892840.0,241555.0,93
201300046735,13,12,26,1840,5,1,1,1.0,2,93027,M,4892630.0,242150.0,93
201300046736,13,12,26,2350,4,1,1,1.0,2,95277,M,4897330.0,248540.0,95
201300046737,13,12,27,215,3,1,1,2.0,6,95252,M,,,95
201300046738,13,12,27,1200,1,1,1,1.0,6,95018,M,,,95
201300046739,13,12,27,2020,3,1,1,2.0,5,93066,M,4890790.0,235826.0,93
201300046740,13,12,28,920,1,1,1,2.0,2,95582,M,,,95
201300046741,13,12,28,930,1,1,1,1.0,6,95394,M,,,95
201300046742,13,12,28,1020,1,1,1,2.0,6,93053,M,4890610.0,235855.0,93
201300046743,13,12,28,1325,1,1,1,2.0,6,93027,M,4892850.0,241392.0,93
201300046744,13,12,29,620,3,1,1,2.0,6,95678,M,,,95
201300046745,13,12,27,1450,1,1,1,1.0,5,95678,M,,,95
201300046746,13,12,30,1911,3,1,1,1.0,7,93001,M,4892080.0,237196.0,93
201300046747,13,12,31,1600,1,1,1,1.0,4,93005,M,4896070.0,246789.0,93
201300046748,13,12,31,2225,4,1,1,1.0,5,93078,M,4896510.0,251829.0,93
201300046749,13,12,31,2359,5,1,1,1.0,6,95582,M,4896790.0,227440.0,95
201300046750,13,12,5,2140,3,1,1,1.0,3,93010,M,,,93
201300046751,13,1,6,705,3,1,1,2.0,6,93008,M,4891320.0,243525.0,93
201300046752,13,1,2,1455,1,1,1,1.0,6,78291,M,,,78
201300046753,13,1,4,645,2,1,1,2.0,6,92048,M,,,92
201300046754,13,1,5,818,2,1,1,8.0,6,78545,M,,,78
201300046755,13,1,8,913,1,1,1,1.0,3,92050,M,,,92
201300046756,13,1,8,1329,1,1,1,8.0,6,78646,M,,,78
201300046757,13,1,10,830,4,1,1,2.0,4,92072,M,,,92
201300046758,13,1,11,2005,3,1,1,2.0,7,78490,M,,,78
201300046759,13,1,12,1340,1,1,1,2.0,7,78571,M,,,78
201300046760,13,1,12,1401,1,1,1,2.0,6,78043,M,,,78
201300046761,13,1,12,1640,1,1,1,2.0,7,78073,M,,,78
201300046762,13,1,13,500,3,1,1,8.0,5,78545,M,,,78
201300046763,13,1,13,1323,1,1,1,8.0,6,78090,M,,,78
201300046764,13,1,13,2015,3,1,1,2.0,6,92025,M,,,92
201300046765,13,1,15,930,1,1,1,2.0,2,92012,M,,,92
201300046766,13,1,16,1440,1,1,1,1.0,3,78140,M,,,78
201300046767,13,1,16,1745,1,1,1,1.0,4,92023,M,,,92
201300046768,13,1,17,630,5,1,1,1.0,2,92062,M,,,92
201300046769,13,1,17,1800,3,1,1,1.0,2,78126,M,,,78
201300046770,13,1,18,100,3,1,1,1.0,6,78322,M,,,78
201300046771,13,1,18,525,3,1,1,1.0,2,78238,M,,,78
201300046772,13,1,18,1300,1,1,1,1.0,5,92050,M,,,92
201300046773,13,1,18,1950,3,1,1,4.0,2,78217,M,,,78
201300046774,13,1,19,303,4,1,1,4.0,3,78043,M,,,78
201300046775,13,1,19,2105,3,1,1,4.0,6,78126,M,,,78
201300046776,13,1,24,1640,1,1,1,8.0,2,78571,M,,,78
201300046777,13,1,25,2240,3,1,1,1.0,4,78043,M,,,78
201300046778,13,1,27,2045,5,1,1,1.0,6,92023,M,,,92
201300046779,13,1,30,845,1,1,1,2.0,5,92036,M,,,92
201300046780,13,1,30,908,1,1,1,2.0,2,92036,M,,,92
201300046781,13,1,31,1840,4,1,1,1.0,2,78043,M,,,78
201300046782,13,2,1,800,4,1,1,2.0,2,78158,M,,,78
201300046783,13,2,1,1430,1,1,1,2.0,3,92036,M,,,92
201300046784,13,2,3,1657,1,1,1,1.0,5,92076,M,,,92
201300046785,13,2,3,1915,2,1,1,1.0,5,92036,M,,,92
201300046786,13,2,4,1845,3,1,1,1.0,3,78640,M,,,78
201300046787,13,2,5,1220,1,1,1,1.0,7,92025,M,,,92
201300046788,13,2,6,900,1,1,1,2.0,3,78117,M,,,78
201300046789,13,2,9,1630,1,1,1,1.0,7,92025,M,,,92
201300046790,13,2,10,1511,1,1,1,4.0,6,78640,M,,,78
201300046791,13,2,11,900,1,1,1,2.0,5,92047,M,,,92
201300046792,13,2,12,800,2,1,1,8.0,4,92064,M,,,92
201300046793,13,2,13,1815,5,1,1,1.0,5,78362,M,,,78
201300046794,13,2,14,800,1,1,1,2.0,2,92064,M,,,92
201300046795,13,2,14,2300,4,1,9,1.0,7,92036,M,,,92
201300046796,13,2,18,730,1,1,1,1.0,3,92048,M,,,92
201300046797,13,2,18,1030,1,1,1,1.0,2,78217,M,,,78
201300046798,13,2,18,1810,2,1,1,1.0,2,92062,M,,,92
201300046799,13,2,20,935,1,1,1,1.0,4,92064,M,,,92
201300046800,13,2,21,1000,1,1,1,1.0,6,92050,M,,,92
201300046801,13,2,21,1200,1,1,1,1.0,4,78117,M,,,78
201300046802,13,2,22,535,3,1,1,1.0,2,92072,M,,,92
201300046803,13,2,22,1030,1,1,1,1.0,3,92048,M,,,92
201300046804,13,2,24,555,3,1,1,4.0,6,78431,M,,,78
201300046805,13,2,24,630,3,1,1,4.0,3,78490,M,,,78
201300046806,13,2,25,930,1,1,1,4.0,7,92060,M,,,92
201300046807,13,2,25,1935,5,1,1,2.0,7,92036,M,,,92
201300046808,13,2,26,754,2,1,1,8.0,6,78423,M,,,78
201300046809,13,2,26,915,1,1,1,8.0,4,78646,M,,,78
201300046810,13,2,27,1750,1,1,9,1.0,4,78362,M,,,78
201300046811,13,2,27,835,1,1,1,8.0,3,92036,M,,,92
201300046812,13,2,28,750,1,1,1,1.0,3,78640,M,,,78
201300046813,13,2,28,2150,5,1,4,1.0,3,92062,M,,,92
201300046814,13,3,2,1230,1,1,1,1.0,7,78423,M,,,78
201300046815,13,3,2,2005,5,1,1,1.0,7,92050,M,,,92
201300046816,13,3,5,1400,1,1,1,1.0,7,78490,M,,,78
201300046817,13,3,5,1450,1,1,1,1.0,7,92050,M,,,92
201300046818,13,3,5,1610,1,1,1,1.0,7,92050,M,,,92
201300046819,13,3,8,740,1,1,1,2.0,2,78322,M,,,78
201300046820,13,3,9,620,3,1,1,1.0,5,78090,M,,,78
201300046821,13,3,9,730,2,1,1,1.0,4,78291,M,,,78
201300046822,13,3,9,1540,1,1,1,1.0,2,92036,M,,,92
201300046823,13,3,10,1337,1,1,1,1.0,6,78423,M,,,78
201300046824,13,3,11,535,5,1,1,4.0,6,78498,M,,,78
201300046825,13,3,11,2145,5,1,1,4.0,7,78431,M,,,78
201300046826,13,3,12,510,5,1,1,4.0,7,92012,M,,,92
201300046827,13,3,12,500,3,1,1,4.0,6,78073,M,,,78
201300046828,13,3,12,850,1,1,1,4.0,6,78423,M,,,78
201300046829,13,3,13,830,1,1,1,4.0,6,78431,M,,,78
201300046830,13,3,13,2300,3,1,1,1.0,3,78165,M,,,78
201300046831,13,3,16,1751,1,1,1,1.0,4,92025,M,,,92
201300046832,13,3,17,1747,1,1,1,3.0,6,78321,M,,,78
201300046833,13,3,17,1747,1,1,1,3.0,4,92064,M,,,92
201300046834,13,3,20,845,1,1,1,1.0,2,78640,M,,,78
201300046835,13,3,20,1805,1,1,1,1.0,2,78117,M,,,78
201300046836,13,3,21,723,1,1,1,1.0,2,78423,M,,,78
201300046837,13,3,21,1648,1,1,1,8.0,5,78133,M,,,78
201300046838,13,3,25,930,1,1,1,1.0,4,75116,M,,,75
201300046839,13,3,25,945,1,1,1,1.0,5,78672,M,,,78
201300046840,13,3,25,1410,1,1,1,1.0,7,92063,M,,,92
201300046841,13,3,26,908,1,1,1,1.0,2,92076,M,,,92
201300046842,13,3,27,1513,1,1,1,1.0,6,92050,M,,,92
201300046843,13,3,28,1040,1,1,1,8.0,6,78090,M,,,78
201300046844,13,3,29,728,1,1,1,1.0,2,78646,M,,,78
201300046845,13,3,29,1610,1,1,1,1.0,5,92064,M,,,92
201300046846,13,4,1,1250,1,1,1,1.0,5,92064,M,,,92
201300046847,13,4,1,1315,1,1,1,1.0,2,92047,M,,,92
201300046848,13,4,1,1455,1,1,1,1.0,4,78133,M,,,78
201300046849,13,4,4,925,1,1,1,1.0,3,92050,M,,,92
201300046850,13,4,4,2010,3,1,1,2.0,7,78672,M,,,78
201300046851,13,4,6,505,4,1,1,1.0,5,92047,M,,,92
201300046852,13,4,6,2300,4,1,1,1.0,7,78297,M,,,78
201300046853,13,4,7,330,4,1,1,1.0,6,78322,M,,,78
201300046854,13,4,8,605,3,1,1,1.0,6,78646,M,,,78
201300046855,13,4,8,1757,1,1,1,8.0,5,78571,M,,,78
201300046856,13,4,8,1912,1,1,1,1.0,3,78423,M,,,78
201300046857,13,4,9,1520,1,1,1,3.0,5,78140,M,,,78
201300046858,13,4,9,1700,1,1,1,1.0,7,92036,M,,,92
201300046859,13,4,9,1940,2,1,1,2.0,4,78524,M,,,78
201300046860,13,4,9,1940,1,1,1,1.0,2,92064,M,,,92
201300046861,13,4,10,1655,1,1,1,8.0,5,92050,M,,,92
201300046862,13,4,10,1730,1,1,1,2.0,3,78498,M,,,78
201300046863,13,4,11,1030,1,1,1,8.0,5,78423,M,,,78
201300046864,13,4,11,1740,1,1,1,1.0,7,75116,M,,,75
201300046865,13,4,12,705,2,1,1,1.0,3,92047,M,,,92
201300046866,13,4,12,725,1,1,1,1.0,3,92048,M,,,92
201300046867,13,4,12,1000,1,1,1,2.0,2,92051,M,,,92
201300046868,13,4,12,1745,1,1,1,1.0,2,78297,M,,,78
201300046869,13,4,14,1745,1,1,1,1.0,2,78545,M,,,78
201300046870,13,4,15,840,1,1,1,1.0,3,78117,M,,,78
201300046871,13,4,15,935,1,1,1,2.0,2,92051,M,,,92
201300046872,13,4,15,920,1,1,1,2.0,4,78646,M,,,78
201300046873,13,4,15,1200,1,1,1,1.0,7,78402,M,,,78
201300046874,13,4,15,1700,1,1,1,1.0,3,92036,M,,,92
201300046875,13,4,16,843,1,1,1,1.0,3,78043,M,,,78
201300046876,13,4,13,2100,3,1,1,1.0,7,78242,M,,,78
201300046877,13,4,17,840,1,1,1,1.0,6,78640,M,,,78
201300046878,13,4,17,905,1,1,1,1.0,2,78640,M,,,78
201300046879,13,4,18,2150,3,1,1,1.0,3,78423,M,,,78
201300046880,13,4,18,840,1,1,1,1.0,2,78524,M,,,78
201300046881,13,4,18,900,1,1,1,1.0,1,92012,M,,,92
201300046882,13,4,18,1140,1,1,1,1.0,7,78431,M,,,78
201300046883,13,4,18,1405,1,1,1,1.0,7,78029,M,,,78
201300046884,13,4,18,1840,1,1,1,1.0,6,78571,M,,,78
201300046885,13,4,19,1515,1,1,1,2.0,7,78217,M,,,78
201300046886,13,4,21,640,1,1,1,1.0,6,92025,M,,,92
201300046887,13,4,21,1335,1,1,1,7.0,7,78646,M,,,78
201300046888,13,4,22,105,5,1,1,1.0,6,78362,M,,,78
201300046889,13,4,23,935,1,1,1,1.0,2,92050,M,,,92
201300046890,13,4,23,1600,1,1,1,1.0,7,78640,M,,,78
201300046891,13,4,23,1815,1,1,1,1.0,2,92036,M,,,92
201300046892,13,4,24,1740,5,1,1,1.0,2,92050,M,,,92
201300046893,13,4,24,1755,1,1,1,1.0,3,92036,M,,,92
201300046894,13,4,24,1920,1,1,1,1.0,4,92036,M,,,92
201300046895,13,4,25,135,4,1,1,1.0,3,92025,M,,,92
201300046896,13,4,25,840,1,1,1,1.0,3,92072,M,,,92
201300046897,13,4,25,945,1,1,1,1.0,3,92036,M,,,92
201300046898,13,4,25,1130,1,1,1,1.0,3,92047,M,,,92
201300046899,13,4,26,800,1,1,1,1.0,6,78073,M,,,78
201300046900,13,4,26,1758,1,1,1,2.0,5,92048,M,,,92
201300046901,13,4,28,700,2,1,1,1.0,7,78133,M,,,78
201300046902,13,4,28,2142,3,1,1,9.0,2,92050,M,,,92
201300046903,13,4,28,2300,3,1,1,1.0,5,78466,M,,,78
201300046904,13,4,30,200,3,1,1,1.0,7,78423,M,,,78
201300046905,13,5,1,250,3,1,1,1.0,6,78291,M,,,78
201300046906,13,5,1,2300,3,1,1,3.0,7,78640,M,,,78