Num_Acc,an,mois,jour,hrmn,lum,agg,int,atm,col,com,gps,lat,long,dep
201300046907,13,5,2,325,4,1,1,1.0,6,78140,M,,,78
201300046908,13,5,3,1700,1,1,1,1.0,2,78498,M,,,78
201300046909,13,5,4,1650,1,1,1,1.0,7,92051,M,,,92
201300046910,13,5,5,1856,1,1,1,1.0,7,78322,M,,,78
201300046911,13,5,4,2345,3,1,1,1.0,2,78238,M,,,78
201300046912,13,5,5,723,2,1,1,1.0,2,78431,M,,,78
201300046913,13,5,6,1520,1,1,1,1.0,7,78362,M,,,78
201300046914,13,5,7,805,1,1,1,1.0,7,78073,M,,,78
201300046915,13,5,7,1230,1,1,1,1.0,2,78126,M,,,78
201300046916,13,5,4,1600,1,1,1,1.0,7,78431,M,,,78
201300046917,13,5,6,1230,1,1,1,2.0,4,92036,M,,,92
201300046918,13,5,9,835,1,1,1,1.0,3,78490,M,,,78
201300046919,13,5,9,2000,2,1,1,1.0,6,92062,M,,,92
201300046920,13,5,9,2123,1,1,1,1.0,7,78321,M,,,78
201300046921,13,5,10,500,5,1,1,1.0,6,78242,M,,,78
201300046922,13,5,12,1930,1,1,1,1.0,2,92050,M,,,92
201300046923,13,5,13,845,1,1,1,1.0,2,92050,M,,,92
201300046924,13,5,13,1510,1,1,1,1.0,3,92025,M,,,92
201300046925,13,5,13,1830,1,1,1,1.0,3,78640,M,,,78
201300046926,13,5,14,1730,1,1,1,1.0,6,78029,M,,,78
201300046927,13,5,15,1500,1,1,1,1.0,6,78672,M,,,78
201300046928,13,5,15,250,4,1,1,1.0,6,78672,M,,,78
201300046929,13,5,15,1855,1,1,1,1.0,4,92036,M,,,92
201300046930,13,5,16,105,3,1,1,8.0,6,92064,M,,,92
201300046931,13,5,16,858,1,1,1,2.0,3,92064,M,,,92
201300046932,13,5,16,910,1,1,1,1.0,2,92050,M,,,92
201300046933,13,5,17,1545,1,1,1,1.0,2,92036,M,,,92
201300046934,13,5,17,1630,1,1,1,1.0,3,92025,M,,,92
201300046935,13,5,19,1815,1,1,1,2.0,3,78291,M,,,78
201300046936,13,5,21,805,1,1,1,2.0,7,78646,M,,,78
201300046937,13,5,21,913,1,1,1,2.0,6,92051,M,,,92
201300046938,13,5,21,1010,1,1,1,2.0,6,92050,M,,,92
201300046939,13,5,22,815,1,1,1,1.0,2,92025,M,,,92
201300046940,13,5,22,1035,1,1,1,1.0,2,92048,M,,,92
201300046941,13,5,22,1055,1,1,1,1.0,7,78007,M,,,78
201300046942,13,5,22,1500,1,1,1,1.0,4,92036,M,,,92
201300046943,13,5,22,1900,1,1,1,1.0,3,78073,M,,,78
201300046944,13,5,23,215,3,1,1,1.0,1,78646,M,,,78
201300046945,13,5,23,755,1,1,1,1.0,3,92026,M,,,92
201300046946,13,5,23,1300,1,1,1,1.0,2,78073,M,,,78
201300046947,13,5,24,2340,3,1,1,2.0,6,78466,M,,,78
201300046948,13,5,25,245,5,1,1,5.0,6,92076,M,,,92
201300046949,13,5,25,1150,1,1,1,1.0,7,78043,M,,,78
201300046950,13,5,26,221,3,1,1,1.0,7,92036,M,,,92
201300046951,13,5,26,510,3,1,1,1.0,3,78640,M,,,78
201300046952,13,5,26,2010,5,1,1,1.0,6,92050,M,,,92
201300046953,13,5,26,2345,3,1,1,1.0,3,78455,M,,,78
201300046954,13,5,27,730,1,1,1,1.0,7,92050,M,,,92
201300046955,13,5,28,825,1,1,1,3.0,7,75116,M,,,75
201300046956,13,5,28,1329,1,1,1,2.0,7,92064,M,,,92
201300046957,13,5,28,1440,1,1,1,3.0,7,92023,M,,,92
201300046958,13,5,28,1845,1,1,1,1.0,7,92051,M,,,92
201300046959,13,5,13,910,1,1,1,1.0,2,78043,M,,,78
201300046960,13,5,29,1059,1,1,1,1.0,6,78238,M,,,78
201300046961,13,5,29,1320,1,1,1,1.0,7,78423,M,,,78
201300046962,13,5,30,740,1,1,1,2.0,4,78466,M,,,78
201300046963,13,5,30,2020,1,1,1,3.0,7,78043,M,,,78
201300046964,13,5,30,2140,2,1,1,2.0,7,78524,M,,,78
201300046965,13,6,1,250,4,1,1,1.0,3,78640,M,,,78
201300046966,13,6,1,2010,1,1,1,1.0,6,92064,M,,,92
201300046967,13,6,2,355,3,1,1,1.0,2,78466,M,,,78
201300046968,13,6,2,1826,1,1,1,1.0,3,92050,M,,,92
201300046969,13,6,3,1315,1,1,1,1.0,5,78362,M,,,78
201300046970,13,6,3,1655,1,1,1,1.0,7,92050,M,,,92
201300046971,13,6,4,1845,1,1,1,1.0,3,92051,M,,,92
201300046972,13,6,5,1615,1,1,1,1.0,6,92050,M,,,92
201300046973,13,6,6,1138,1,1,1,1.0,7,78362,M,,,78
201300046974,13,6,6,1625,1,1,1,1.0,5,78029,M,,,78
201300046975,13,6,7,820,1,1,1,1.0,2,92036,M,,,92
201300046976,13,6,7,1930,1,1,1,1.0,3,78455,M,,,78
201300046977,13,6,8,1630,1,1,1,1.0,3,78640,M,,,78
201300046978,13,6,8,1945,1,1,1,1.0,6,78466,M,,,78
201300046979,13,6,9,1245,1,1,1,1.0,5,78640,M,,,78
201300046980,13,6,10,1940,1,1,1,1.0,5,92036,M,,,92
201300046981,13,6,11,720,1,1,1,1.0,6,92036,M,,,92
201300046982,13,6,11,830,1,1,1,1.0,2,92050,M,,,92
201300046983,13,6,13,640,1,1,1,8.0,2,92025,M,,,92
201300046984,13,6,13,835,1,1,1,1.0,6,78498,M,,,78
201300046985,13,6,13,915,1,1,1,1.0,6,78396,M,,,78
201300046986,13,6,13,1520,1,1,1,2.0,7,78640,M,,,78
201300046987,13,6,14,935,1,1,1,1.0,2,92047,M,,,92
201300046988,13,6,15,1825,1,1,1,1.0,4,78238,M,,,78
201300046989,13,6,15,2340,5,1,1,1.0,7,78545,M,,,78
201300046990,13,6,16,607,2,1,1,1.0,7,78490,M,,,78
201300046991,13,6,16,1600,1,1,1,1.0,7,92047,M,,,92
201300046992,13,6,18,608,1,1,1,1.0,7,78423,M,,,78
201300046993,13,6,18,920,1,1,1,1.0,2,78466,M,,,78
201300046994,13,6,19,2040,1,1,1,8.0,7,78043,M,,,78
201300046995,13,6,20,520,2,1,1,1.0,6,78029,M,,,78
201300046996,13,6,20,856,1,1,1,2.0,3,75116,M,,,75
201300046997,13,6,21,1005,1,1,1,2.0,4,92036,M,,,92
201300046998,13,6,21,1310,1,1,1,1.0,3,78646,M,,,78
201300046999,13,6,21,1740,1,1,1,1.0,6,78646,M,,,78
201300047000,13,6,23,1710,1,1,1,1.0,5,92047,M,,,92
201300047001,13,6,24,2240,5,1,1,1.0,6,78466,M,,,78
201300047002,13,6,24,1400,1,1,1,1.0,6,78029,M,,,78
201300047003,13,6,25,943,1,1,1,1.0,1,92050,M,,,92
201300047004,13,6,25,1537,1,1,1,1.0,5,92076,M,,,92
201300047005,13,6,25,2045,1,1,1,1.0,5,92012,M,,,92
201300047006,13,6,26,2145,2,1,1,1.0,7,78140,M,,,78
201300047007,13,6,27,806,5,1,1,1.0,2,92050,M,,,92
201300047008,13,6,27,835,1,1,1,8.0,6,92064,M,,,92
201300047009,13,6,27,900,1,1,1,2.0,6,92025,M,,,92
201300047010,13,6,27,900,1,1,1,2.0,6,78126,M,,,78
201300047011,13,6,27,927,1,1,1,8.0,6,92036,M,,,92
201300047012,13,6,27,950,1,1,1,2.0,2,92047,M,,,92
201300047013,13,6,27,1035,1,1,1,8.0,2,92047,M,,,92
201300047014,13,6,28,130,5,1,1,2.0,6,92036,M,,,92
201300047015,13,6,28,1015,1,1,1,2.0,2,92036,M,,,92
201300047016,13,6,29,1150,1,1,1,1.0,3,78007,M,,,78
201300047017,13,6,29,1340,1,1,1,1.0,4,92025,M,,,92
201300047018,13,6,22,1930,1,1,1,1.0,2,78640,M,,,78
201300047019,13,6,30,500,2,1,1,1.0,7,78545,M,,,78
201300047020,13,6,30,1300,1,1,1,1.0,2,92036,M,,,92
201300047021,13,7,1,1115,1,1,1,1.0,6,78362,M,,,78
201300047022,13,7,2,649,1,1,1,1.0,6,78217,M,,,78
201300047023,13,7,3,520,2,1,1,1.0,5,78672,M,,,78
201300047024,13,7,4,1830,1,1,1,8.0,5,92026,M,,,92
201300047025,13,7,4,2115,1,1,1,1.0,3,92050,M,,,92
201300047026,13,7,5,915,1,1,1,1.0,3,78043,M,,,78
201300047027,13,7,5,1300,1,1,1,1.0,4,92036,M,,,92
201300047028,13,7,5,1605,1,1,1,1.0,2,92063,M,,,92
201300047029,13,7,5,1825,1,1,1,1.0,2,78672,M,,,78
201300047030,13,7,5,2000,2,1,1,1.0,6,92072,M,,,92
201300047031,13,7,6,617,2,1,1,1.0,6,78431,M,,,78
201300047032,13,7,8,1200,1,1,1,1.0,3,92025,M,,,92
201300047033,13,7,7,635,1,1,1,1.0,7,78217,M,,,78
201300047034,13,7,7,1850,1,1,1,1.0,7,92064,M,,,92
201300047035,13,7,8,2035,1,1,1,1.0,3,78126,M,,,78
201300047036,13,7,7,2250,3,1,1,1.0,5,78402,M,,,78
201300047037,13,7,8,805,1,1,1,1.0,2,78233,M,,,78
201300047038,13,7,9,1825,1,1,1,1.0,2,92036,M,,,92
201300047039,13,7,10,1700,1,1,1,1.0,2,92050,M,,,92
201300047040,13,7,11,815,1,1,1,1.0,5,92036,M,,,92
201300047041,13,7,11,855,1,1,1,1.0,7,92047,M,,,92
201300047042,13,7,12,1520,1,1,1,1.0,5,92036,M,,,92
201300047043,13,7,13,1400,1,1,1,1.0,5,78140,M,,,78
201300047044,13,7,14,2010,1,1,1,1.0,2,78073,M,,,78
201300047045,13,7,15,540,2,1,1,1.0,5,78043,M,,,78
201300047046,13,7,16,856,1,1,1,1.0,3,78291,M,,,78
201300047047,13,7,16,1110,1,1,1,1.0,2,92064,M,,,92
201300047048,13,7,16,1810,1,1,1,1.0,2,78073,M,,,78
201300047049,13,7,16,1825,1,1,1,1.0,2,92064,M,,,92
201300047050,13,7,17,1633,1,1,1,1.0,5,92050,M,,,92
201300047051,13,7,17,1920,1,1,1,7.0,2,78423,M,,,78
201300047052,13,7,18,815,1,1,1,1.0,3,78206,M,,,78
201300047053,13,7,18,855,1,1,1,1.0,2,78133,M,,,78
201300047054,13,7,18,1000,1,1,1,1.0,5,78466,M,,,78
201300047055,13,7,18,1817,1,1,1,1.0,3,92025,M,,,92
201300047056,13,7,19,1837,1,1,1,1.0,2,92025,M,,,92
201300047057,13,7,21,1050,1,1,1,1.0,2,78362,M,,,78
201300047058,13,7,22,840,1,1,1,1.0,3,92047,M,,,92
201300047059,13,7,23,1424,1,1,1,1.0,6,92063,M,,,92
201300047060,13,7,23,1605,1,1,1,1.0,3,92072,M,,,92
201300047061,13,7,25,710,1,1,1,1.0,2,78029,M,,,78
201300047062,13,7,26,943,1,1,1,1.0,7,78297,M,,,78
201300047063,13,7,27,1706,1,1,1,2.0,1,78490,M,,,78
201300047064,13,7,27,1750,1,1,1,1.0,7,92047,M,,,92
201300047065,13,7,28,1112,1,1,1,1.0,3,92036,M,,,92
201300047066,13,7,28,1832,1,1,1,1.0,6,78423,M,,,78
201300047067,13,7,28,1905,1,1,1,1.0,7,78571,M,,,78
201300047068,13,7,28,2112,2,1,1,2.0,6,78431,M,,,78
201300047069,13,7,28,2255,3,1,1,9.0,6,78466,M,,,78
201300047070,13,7,29,1330,1,1,1,1.0,6,92036,M,,,92
201300047071,13,7,29,1710,1,1,1,1.0,5,92050,M,,,92
201300047072,13,7,29,1750,1,1,1,1.0,2,92012,M,,,92
201300047073,13,7,29,1820,1,1,1,1.0,5,78640,M,,,78
201300047074,13,7,31,1650,1,1,1,1.0,2,92025,M,,,92
201300047075,13,7,31,1920,1,1,1,1.0,2,78524,M,,,78
201300047076,13,7,31,2055,1,1,1,1.0,7,92026,M,,,92
201300047077,13,8,1,50,4,1,1,1.0,6,78073,M,,,78
201300047078,13,8,1,1159,1,1,1,1.0,3,78043,M,,,78
201300047079,13,8,1,1430,1,1,1,1.0,2,78466,M,,,78
201300047080,13,8,3,1355,1,1,1,1.0,6,92036,M,,,92
201300047081,13,8,3,2023,1,1,1,1.0,3,92050,M,,,92
201300047082,13,8,7,830,1,1,1,3.0,3,78466,M,,,78
201300047083,13,8,7,1120,1,1,1,2.0,6,92072,M,,,92
201300047084,13,8,8,855,1,1,1,1.0,3,92025,M,,,92
201300047085,13,8,10,2245,4,1,9,1.0,7,78140,M,,,78
201300047086,13,8,12,1720,1,1,1,1.0,4,78571,M,,,78
201300047087,13,8,12,1850,1,1,1,1.0,6,92050,M,,,92
201300047088,13,8,13,1037,1,1,1,1.0,3,92004,M,,,92
201300047089,13,8,15,1015,1,1,1,1.0,5,78362,M,,,78
201300047090,13,8,15,1115,1,1,1,1.0,3,78291,M,,,78
201300047091,13,8,17,1110,1,1,1,1.0,6,78402,M,,,78
201300047092,13,8,17,2310,4,1,1,2.0,2,92025,M,,,92
201300047093,13,8,18,16,4,1,1,1.0,4,78431,M,,,78
201300047094,13,8,19,2335,3,1,1,1.0,2,78322,M,,,78
201300047095,13,8,21,1515,1,1,1,1.0,2,78029,M,,,78
201300047096,13,8,22,535,3,1,1,1.0,7,78498,M,,,78
201300047097,13,8,23,1020,1,1,1,1.0,5,78291,M,,,78
201300047098,13,8,25,1710,1,1,1,2.0,6,92036,M,,,92
201300047099,13,8,26,2115,5,1,1,2.0,6,78362,M,,,78
201300047100,13,8,27,856,1,1,1,1.0,3,92025,M,,,92
201300047101,13,8,27,1545,1,1,1,1.0,2,78073,M,,,78
201300047102,13,8,28,1818,1,1,1,1.0,3,78640,M,,,78
201300047103,13,8,28,1920,1,1,1,1.0,2,92051,M,,,92
201300047104,13,8,31,200,5,1,1,1.0,2,78551,M,,,78
201300047105,13,8,31,2020,1,1,1,1.0,2,78402,M,,,78
201300047106,13,9,1,720,2,1,1,1.0,2,78646,M,,,78
201300047107,13,9,1,1705,1,1,1,1.0,5,92064,M,,,92
201300047108,13,9,2,930,1,1,1,1.0,6,92063,M,,,92
201300047109,13,9,2,1440,1,1,1,7.0,6,78217,M,,,78
201300047110,13,9,2,1600,1,1,1,1.0,2,78545,M,,,78
201300047111,13,9,2,1900,1,1,1,1.0,2,78402,M,,,78
201300047112,13,9,3,910,1,1,1,1.0,5,78423,M,,,78
201300047113,13,9,3,1815,1,1,1,1.0,3,78640,M,,,78
201300047114,13,9,4,1705,1,1,1,1.0,2,92063,M,,,92
201300047115,13,9,4,2130,4,1,1,1.0,2,78640,M,,,78
201300047116,13,9,5,935,1,1,1,7.0,6,78423,M,,,78
201300047117,13,9,5,1000,1,1,1,1.0,4,92025,M,,,92
201300047118,13,9,5,1813,1,1,1,1.0,4,92047,M,,,92
201300047119,13,9,6,715,2,1,1,1.0,3,92050,M,,,92
201300047120,13,9,6,925,1,1,1,1.0,7,92036,M,,,92
201300047121,13,9,7,915,1,1,1,1.0,6,78206,M,,,78
201300047122,13,9,8,2240,3,1,1,8.0,6,78490,M,,,78
201300047123,13,9,8,1610,1,1,1,1.0,2,92047,M,,,92
201300047124,13,9,9,900,1,1,1,1.0,2,92050,M,,,92
201300047125,13,9,9,1345,1,1,1,2.0,6,78362,M,,,78
201300047126,13,9,9,1935,1,1,1,9.0,6,92036,M,,,92
201300047127,13,9,10,741,1,1,1,1.0,6,78133,M,,,78
201300047128,13,9,10,800,1,1,1,1.0,5,78090,M,,,78
201300047129,13,9,10,951,1,1,1,1.0,7,92012,M,,,92
201300047130,13,9,10,1450,1,1,1,1.0,6,78362,M,,,78
201300047131,13,9,11,512,4,1,1,1.0,7,92036,M,,,92
201300047132,13,9,11,810,1,1,1,1.0,2,78297,M,,,78
201300047133,13,9,12,200,3,1,1,1.0,7,92072,M,,,92
201300047134,13,9,12,930,1,1,1,1.0,5,92050,M,,,92
201300047135,13,9,12,1745,1,1,1,8.0,5,92050,M,,,92
201300047136,13,9,14,2034,4,1,1,3.0,7,78640,M,,,78
201300047137,13,9,15,915,1,1,1,1.0,4,92036,M,,,92
201300047138,13,9,16,705,2,1,1,2.0,7,92060,M,,,92
201300047139,13,9,16,733,1,1,1,1.0,6,78133,M,,,78
201300047140,13,9,16,900,5,1,1,1.0,3,92050,M,,,92
201300047141,13,9,2,815,1,1,1,1.0,6,78140,M,,,78
201300047142,13,9,16,1250,1,1,1,1.0,7,78545,M,,,78
201300047143,13,9,17,1250,1,1,1,1.0,5,92047,M,,,92
201300047144,13,9,16,1918,1,1,1,2.0,2,92064,M,,,92
201300047145,13,9,16,2141,5,1,1,2.0,7,78640,M,,,78
201300047146,13,9,17,755,1,1,1,8.0,5,92025,M,,,92
201300047147,13,9,17,1415,1,1,1,1.0,6,78297,M,,,78
201300047148,13,9,17,1943,2,1,1,2.0,7,92025,M,,,92
201300047149,13,9,18,746,1,1,1,1.0,6,92076,M,,,92
201300047150,13,9,18,1930,2,1,1,2.0,2,75116,M,,,75
201300047151,13,9,19,1500,1,1,1,1.0,7,92012,M,,,92
201300047152,13,9,20,1630,1,1,1,1.0,4,92025,M,,,92
201300047153,13,9,20,1640,1,1,1,1.0,7,92050,M,,,92
201300047154,13,9,20,1750,1,1,1,1.0,4,78640,M,,,78
201300047155,13,9,21,840,1,1,1,1.0,7,92072,M,,,92
201300047156,13,9,21,1745,1,1,1,1.0,3,92025,M,,,92
201300047157,13,9,21,1815,1,1,1,1.0,4,92064,M,,,92
201300047158,13,9,21,1900,1,1,1,1.0,2,92050,M,,,92
201300047159,13,9,22,1755,1,1,1,1.0,4,92012,M,,,92
201300047160,13,9,23,805,1,1,1,1.0,3,78322,M,,,78
201300047161,13,9,23,840,1,1,1,1.0,2,78646,M,,,78
201300047162,13,9,24,945,1,1,1,1.0,2,92036,M,,,92
201300047163,13,9,24,1010,1,1,1,1.0,2,78640,M,,,78
201300047164,13,9,24,1105,1,1,1,1.0,7,92062,M,,,92
201300047165,13,9,13,1715,1,1,1,1.0,3,92036,M,,,92
201300047166,13,9,24,1520,1,1,1,1.0,3,92036,M,,,92
201300047167,13,9,25,1850,1,1,1,1.0,2,92072,M,,,92
201300047168,13,9,27,30,5,1,1,1.0,2,92050,M,,,92
201300047169,13,9,27,1730,1,1,1,1.0,7,78043,M,,,78
201300047170,13,9,28,244,5,1,1,8.0,2,78646,M,,,78
201300047171,13,9,28,505,5,1,1,2.0,5,92051,M,,,92
201300047172,13,9,28,1530,1,1,1,1.0,2,92025,M,,,92
201300047173,13,9,30,835,1,1,1,8.0,6,92036,M,,,92
201300047174,13,9,30,1923,5,1,1,1.0,7,78640,M,,,78
201300047175,13,10,1,800,1,1,1,1.0,2,92050,M,,,92
201300047176,13,10,1,855,1,1,1,1.0,2,92050,M,,,92
201300047177,13,10,1,909,1,1,1,1.0,2,92025,M,,,92
201300047178,13,10,1,1706,1,1,1,1.0,6,78217,M,,,78
201300047179,13,10,2,845,1,1,1,1.0,3,92047,M,,,92
201300047180,13,10,2,1750,1,1,1,1.0,3,78242,M,,,78
201300047181,13,10,2,2035,3,1,1,1.0,7,78090,M,,,78
201300047182,13,10,3,1728,1,1,1,1.0,3,92050,M,,,92
201300047183,13,10,3,2225,5,1,1,2.0,7,92051,M,,,92
201300047184,13,10,4,900,1,1,1,1.0,5,78640,M,,,78
201300047185,13,10,4,900,1,1,1,1.0,4,92050,M,,,92
201300047186,13,10,4,1535,1,1,1,1.0,4,78423,M,,,78
201300047187,13,10,5,2034,5,1,1,1.0,5,92036,M,,,92
201300047188,13,10,6,1950,2,1,1,1.0,2,78362,M,,,78
201300047189,13,10,7,645,3,1,1,1.0,6,78646,M,,,78
201300047190,13,10,7,915,1,1,1,1.0,2,92072,M,,,92
201300047191,13,10,7,1040,1,1,1,1.0,3,92051,M,,,92
201300047192,13,10,7,1415,1,1,1,1.0,7,78466,M,,,78
201300047193,13,10,7,1551,1,1,1,1.0,3,78646,M,,,78
201300047194,13,10,7,1510,1,1,1,1.0,2,78490,M,,,78
201300047195,13,10,9,1830,1,1,1,1.0,4,78073,M,,,78
201300047196,13,10,9,2237,5,1,1,1.0,7,78321,M,,,78
201300047197,13,10,10,730,3,1,1,8.0,3,92048,M,,,92
201300047198,13,10,10,920,1,1,1,1.0,6,92047,M,,,92
201300047199,13,10,11,900,2,1,1,2.0,7,92048,M,,,92
201300047200,13,10,12,2,3,1,1,2.0,6,92048,M,,,92
201300047201,13,10,12,157,4,1,1,1.0,6,78291,M,,,78
201300047202,13,10,12,1425,1,1,1,1.0,2,92062,M,,,92
201300047203,13,10,14,2015,3,1,1,1.0,4,78362,M,,,78
201300047204,13,10,14,545,3,1,1,1.0,7,92063,M,,,92
201300047205,13,10,14,730,2,1,1,1.0,2,92064,M,,,92
201300047206,13,10,15,915,1,1,1,1.0,5,92036,M,,,92
201300047207,13,10,15,2325,3,1,1,1.0,3,78140,M,,,78
201300047208,13,10,16,1500,1,1,1,2.0,5,78118,M,,,78
201300047209,13,10,16,1545,1,1,1,3.0,6,78498,M,,,78
201300047210,13,10,16,1710,1,1,1,2.0,2,92025,M,,,92
201300047211,13,10,16,1855,5,1,1,2.0,3,92036,M,,,92
201300047212,13,10,17,725,3,1,1,1.0,5,78423,M,,,78
201300047213,13,10,17,725,3,1,1,8.0,2,78322,M,,,78
201300047214,13,10,17,1844,2,1,1,1.0,2,92050,M,,,92
201300047215,13,10,18,1815,2,1,1,1.0,2,78498,M,,,78
201300047216,13,10,19,2342,3,1,1,1.0,5,78238,M,,,78
201300047217,13,10,19,345,3,1,1,1.0,6,78206,M,,,78
201300047218,13,10,20,700,3,1,1,3.0,4,78466,M,,,78
201300047219,13,10,20,939,1,1,1,1.0,4,78646,M,,,78
201300047220,13,10,21,800,1,1,1,1.0,3,92048,M,,,92
201300047221,13,10,21,1820,5,1,1,1.0,3,92063,M,,,92
201300047222,13,10,22,2000,3,1,1,1.0,6,78455,M,,,78
201300047223,13,10,23,655,3,1,1,1.0,5,78043,M,,,78
201300047224,13,10,23,802,1,1,1,1.0,3,92050,M,,,92
201300047225,13,10,23,1745,1,1,1,2.0,3,92050,M,,,92
201300047226,13,10,24,1515,1,1,1,1.0,5,92047,M,,,92
201300047227,13,10,25,742,2,1,1,2.0,5,78043,M,,,78
201300047228,13,10,26,1620,1,1,1,1.0,7,78321,M,,,78
201300047229,13,10,27,1730,2,1,1,3.0,2,78640,M,,,78
201300047230,13,10,27,1738,5,1,1,1.0,5,78362,M,,,78
201300047231,13,10,27,1930,3,1,9,2.0,2,78238,M,,,78
201300047232,13,10,27,2253,5,1,1,3.0,6,78124,M,,,78
201300047233,13,10,28,800,2,1,1,2.0,5,78423,M,,,78
201300047234,13,10,28,850,2,1,1,3.0,2,78640,M,,,78
201300047235,13,10,28,1730,1,1,1,1.0,7,78423,M,,,78
201300047236,13,10,29,752,1,1,1,1.0,3,92036,M,,,92
201300047237,13,10,29,1404,1,1,1,1.0,2,78217,M,,,78
201300047238,13,10,29,2026,5,1,1,1.0,1,92048,M,,,92
201300047239,13,10,30,706,2,1,1,1.0,3,78524,M,,,78
201300047240,13,10,30,1812,2,1,1,1.0,2,92036,M,,,92
201300047241,13,11,1,1100,1,1,1,2.0,4,78402,M,,,78
201300047242,13,11,1,1642,1,1,1,2.0,6,78423,M,,,78
201300047243,13,11,2,715,2,1,1,2.0,6,92072,M,,,92
201300047244,13,11,2,820,1,1,1,2.0,6,92072,M,,,92
201300047245,13,11,3,2015,3,1,1,2.0,2,78238,M,,,78
201300047246,13,11,4,905,1,1,1,1.0,2,78646,M,,,78
201300047247,13,11,4,1010,1,1,1,1.0,7,92025,M,,,92
201300047248,13,11,5,1240,1,1,1,2.0,6,78043,M,,,78
201300047249,13,11,6,536,3,1,1,3.0,7,78158,M,,,78
201300047250,13,11,6,835,1,1,1,8.0,7,92036,M,,,92
201300047251,13,11,6,1515,1,1,1,1.0,3,92064,M,,,92
201300047252,13,11,7,715,3,1,1,3.0,6,92025,M,,,92
201300047253,13,11,7,1450,1,1,1,1.0,7,92063,M,,,92
201300047254,13,11,7,1715,3,1,1,2.0,1,78646,M,,,78
201300047255,13,11,7,1755,5,1,1,2.0,6,78402,M,,,78
201300047256,13,11,8,1300,1,1,1,2.0,3,92036,M,,,92
201300047257,13,11,8,1342,1,1,1,2.0,6,78490,M,,,78
201300047258,13,11,8,1530,1,1,1,2.0,2,78640,M,,,78
201300047259,13,11,9,1030,1,1,1,1.0,7,78524,M,,,78
201300047260,13,11,11,2000,5,1,1,1.0,6,78117,M,,,78
201300047261,13,11,12,625,3,1,1,2.0,3,78291,M,,,78
201300047262,13,11,12,920,1,1,1,1.0,3,92050,M,,,92
201300047263,13,11,12,1135,1,1,1,2.0,2,92026,M,,,92
201300047264,13,11,12,1830,5,1,1,2.0,5,78362,M,,,78
201300047265,13,11,13,740,2,1,1,1.0,6,92036,M,,,92
201300047266,13,11,14,1300,1,1,1,2.0,6,78524,M,,,78
201300047267,13,11,14,1445,1,1,1,2.0,7,92026,M,,,92
201300047268,13,11,14,1800,5,1,1,1.0,3,78418,M,,,78
201300047269,13,11,14,1942,3,1,1,1.0,4,92064,M,,,92
201300047270,13,11,15,900,1,1,1,2.0,4,78545,M,,,78
201300047271,13,11,15,1920,5,1,1,1.0,3,92050,M,,,92
201300047272,13,11,17,1900,3,1,1,1.0,6,78646,M,,,78
201300047273,13,11,18,805,1,1,1,1.0,5,78640,M,,,78
201300047274,13,11,19,805,1,1,1,2.0,3,92036,M,,,92
201300047275,13,11,19,1735,1,1,1,1.0,2,92048,M,,,92
201300047276,13,11,19,1815,3,1,1,1.0,2,78640,M,,,78
201300047277,13,11,21,1220,1,1,9,8.0,7,78640,M,,,78
201300047278,13,11,21,1410,1,1,1,1.0,7,92063,M,,,92
201300047279,13,11,21,1427,1,1,1,8.0,7,92036,M,,,92
201300047280,13,11,21,1730,3,1,1,2.0,3,92050,M,,,92
201300047281,13,11,21,2040,5,1,1,1.0,6,78238,M,,,78
201300047282,13,11,22,805,1,1,1,1.0,2,78291,M,,,78
201300047283,13,11,22,1335,1,1,1,8.0,2,92063,M,,,92
201300047284,13,11,22,1655,3,1,1,1.0,6,78206,M,,,78
201300047285,13,11,22,1751,3,1,1,1.0,3,92036,M,,,92
201300047286,13,11,22,1840,3,1,1,1.0,2,78571,M,,,78
201300047287,13,11,25,935,1,1,1,8.0,2,92063,M,,,92
201300047288,13,11,26,540,5,1,1,1.0,6,78466,M,,,78
201300047289,13,11,26,900,1,1,1,1.0,6,78640,M,,,78
201300047290,13,11,27,1445,1,1,1,1.0,2,78545,M,,,78
201300047291,13,11,28,147,3,1,1,1.0,1,92047,M,,,92
201300047292,13,11,28,730,4,1,1,1.0,3,78043,M,,,78
201300047293,13,11,28,826,1,1,1,1.0,5,92050,M,,,92
201300047294,13,11,28,842,1,1,1,1.0,6,78431,M,,,78
201300047295,13,11,29,1015,1,1,1,1.0,3,92064,M,,,92
201300047296,13,11,29,2110,3,1,1,2.0,3,78640,M,,,78
201300047297,13,11,30,1530,1,1,9,1.0,6,78043,M,,,78
201300047298,13,12,1,910,1,1,1,1.0,7,78466,M,,,78
201300047299,13,12,3,1830,5,1,1,5.0,2,78321,M,,,78
201300047300,13,12,4,935,1,1,1,1.0,7,92048,M,,,92
201300047301,13,12,5,815,5,1,1,9.0,4,92036,M,,,92
201300047302,13,12,5,1732,3,1,1,1.0,2,92036,M,,,92
201300047303,13,12,5,1738,4,1,1,1.0,3,78640,M,,,78
201300047304,13,12,6,1815,5,1,1,1.0,2,78073,M,,,78
201300047305,13,12,6,1925,5,1,1,1.0,2,78362,M,,,78
201300047306,13,12,6,2055,5,1,1,1.0,2,92050,M,,,92
201300047307,13,12,7,1025,1,1,1,1.0,2,92012,M,,,92
201300047308,13,12,7,1300,1,1,1,1.0,7,78423,M,,,78
201300047309,13,12,7,1650,5,1,1,1.0,6,78362,M,,,78
201300047310,13,12,8,1636,1,1,1,1.0,2,92062,M,,,92
201300047311,13,12,9,344,4,1,1,1.0,6,92036,M,,,92
201300047312,13,12,9,627,3,1,1,1.0,3,78545,M,,,78