Num_Acc,an,mois,jour,hrmn,lum,agg,int,atm,col,com,gps,lat,long,dep
201300047313,13,12,9,650,3,1,1,1.0,2,78297,M,,,78
201300047314,13,12,9,917,1,1,1,1.0,5,78238,M,,,78
201300047315,13,12,10,410,3,1,1,1.0,5,78571,M,,,78
201300047316,13,12,10,830,1,1,1,5.0,2,78206,M,,,78
201300047317,13,12,12,2302,3,1,1,8.0,6,92036,M,,,92
201300047318,13,12,12,2310,3,1,1,1.0,6,78402,M,,,78
201300047319,13,12,13,1800,3,1,1,1.0,5,92036,M,,,92
201300047320,13,12,14,114,4,1,1,2.0,7,78455,M,,,78
201300047321,13,12,14,625,3,1,1,9.0,6,78423,M,,,78
201300047322,13,12,14,1300,1,1,1,1.0,5,78490,M,,,78
201300047323,13,12,14,1533,1,1,1,1.0,2,92064,M,,,92
201300047324,13,12,15,135,5,1,9,1.0,2,92064,M,,,92
201300047325,13,12,15,1624,1,1,1,1.0,6,78043,M,,,78
201300047326,13,12,16,1420,1,1,1,7.0,6,92064,M,,,92
201300047327,13,12,16,1815,5,1,1,1.0,4,78362,M,,,78
201300047328,13,12,16,1900,3,1,1,1.0,4,78640,M,,,78
201300047329,13,12,17,1130,1,1,1,1.0,4,92036,M,,,92
201300047330,13,12,19,800,2,1,1,2.0,3,92036,M,,,92
201300047331,13,12,19,750,4,1,1,1.0,5,92047,M,,,92
201300047332,13,12,19,1000,1,1,1,1.0,2,92047,M,,,92
201300047333,13,12,16,1640,1,1,1,1.0,6,78362,M,,,78
201300047334,13,12,19,1835,3,1,1,1.0,3,78640,M,,,78
201300047335,13,12,20,1235,1,1,1,1.0,5,78133,M,,,78
201300047336,13,12,20,1510,1,1,1,1.0,2,92025,M,,,92
201300047337,13,12,23,1950,3,1,1,1.0,1,78158,M,,,78
201300047338,13,12,24,1950,3,1,1,2.0,6,92063,M,,,92
201300047339,13,12,27,955,1,1,1,2.0,6,92072,M,,,92
201300047340,13,12,28,305,5,1,1,3.0,6,78291,M,,,78
201300047341,13,12,28,505,5,1,1,2.0,6,78158,M,,,78
201300047342,13,12,31,1005,1,1,1,2.0,6,92050,M,,,92
201300047343,13,12,31,1840,3,1,1,2.0,2,78455,M,,,78
201300047344,13,12,31,2230,3,1,1,2.0,7,92050,M,,,92
201300047345,13,1,1,500,4,1,1,3.0,2,91161,M,,,91
201300047346,13,1,1,1130,1,1,1,2.0,7,94043,M,4881310.0,235383.0,94
201300047347,13,1,2,330,3,1,1,8.0,7,91347,M,,,91
201300047348,13,1,3,1127,1,1,1,2.0,7,91521,M,,,91
201300047349,13,1,3,1410,1,1,1,2.0,2,91689,M,,,91
201300047350,13,1,3,1436,1,1,1,2.0,6,91468,M,,,91
201300047351,13,1,3,2105,3,1,1,2.0,4,91064,M,,,91
201300047352,13,1,4,1650,2,1,1,2.0,4,91617,M,,,91
201300047353,13,1,6,1510,1,1,1,1.0,4,91434,M,,,91
201300047354,13,1,6,1505,1,1,1,1.0,5,91434,M,,,91
201300047355,13,1,7,1450,1,1,1,1.0,4,91235,M,,,91
201300047356,13,1,7,1845,3,1,1,1.0,7,91340,M,,,91
201300047357,13,1,9,1611,1,1,1,1.0,7,91161,M,,,91
201300047358,13,1,9,1807,3,1,1,2.0,4,91174,M,,,91
201300047359,13,1,9,1842,3,1,1,2.0,4,91549,M,,,91
201300047360,13,1,10,835,1,1,1,2.0,3,91589,M,,,91
201300047361,13,1,10,1500,1,1,1,2.0,7,91182,M,,,91
201300047362,13,1,10,1611,1,1,1,2.0,3,91363,M,,,91
201300047363,13,1,11,921,1,1,1,1.0,4,91345,M,,,91
201300047364,13,1,11,2035,5,1,1,1.0,2,94034,M,4875550.0,234092.0,94
201300047365,13,5,1,1903,1,1,1,8.0,3,91521,M,,,91
201300047366,13,1,14,1020,1,1,1,1.0,2,91363,M,,,91
201300047367,13,1,14,1255,1,1,1,1.0,5,91553,M,,,91
201300047368,13,1,15,800,2,1,1,4.0,5,77251,M,,,77
201300047369,13,1,17,1035,1,1,1,1.0,4,91216,M,,,91
201300047370,13,1,18,236,5,1,1,1.0,7,94038,M,4878700.0,234524.0,94
201300047371,13,1,18,1705,1,1,1,4.0,3,91689,M,,,91
201300047372,13,1,19,1120,1,1,1,4.0,6,91521,M,,,91
201300047373,13,1,22,925,1,1,1,2.0,2,94003,M,4879850.0,234312.0,94
201300047374,13,1,22,1330,1,1,1,2.0,6,91174,M,,,91
201300047375,13,1,22,1720,1,1,1,1.0,6,91521,M,,,91
201300047376,13,1,25,830,1,1,1,1.0,6,91534,M,,,91
201300047377,13,1,25,1548,1,1,1,1.0,6,92002,M,,,92
201300047378,13,1,25,1919,3,1,1,1.0,3,91064,M,,,91
201300047379,13,1,26,830,1,1,1,8.0,7,91521,M,,,91
201300047380,13,1,27,735,3,1,1,2.0,2,91589,M,,,91
201300047381,13,1,27,753,1,1,1,2.0,2,94021,M,4876110.0,234514.0,94
201300047382,13,1,28,921,1,1,1,1.0,7,91064,M,,,91
201300047383,13,1,29,1244,1,1,1,3.0,7,91235,M,,,91
201300047384,13,1,29,1820,3,1,1,2.0,3,91689,M,,,91
201300047385,13,1,29,1910,3,1,1,1.0,3,94043,M,4881230.0,235259.0,94
201300047386,13,1,30,805,2,1,1,2.0,4,91174,M,,,91
201300047387,13,2,1,1120,1,1,1,1.0,6,91521,M,,,91
201300047388,13,2,2,807,2,1,1,2.0,7,91136,M,,,91
201300047389,13,2,2,1541,1,1,1,2.0,5,94003,M,4880290.0,234377.0,94
201300047390,13,2,2,2015,3,1,1,1.0,6,91477,M,,,91
201300047391,13,2,3,1626,1,1,1,1.0,3,91161,M,,,91
201300047392,13,2,3,2105,3,1,1,2.0,3,91136,M,,,91
201300047393,13,2,3,2144,5,1,1,2.0,3,94034,M,4875560.0,234326.0,94
201300047394,13,2,4,724,3,1,1,1.0,3,94034,M,4876190.0,231452.0,94
201300047395,13,2,4,1700,1,1,1,1.0,4,91174,M,,,91
201300047396,13,2,6,745,2,1,1,2.0,7,91689,M,,,91
201300047397,13,2,6,835,1,1,1,2.0,7,94038,M,4878720.0,234533.0,94
201300047398,13,2,6,1000,1,1,1,2.0,3,91617,M,,,91
201300047399,13,2,6,1145,1,1,1,2.0,6,91235,M,,,91
201300047400,13,2,7,830,1,1,1,1.0,2,91161,M,,,91
201300047401,13,2,7,1000,1,1,1,1.0,3,91534,M,,,91
201300047402,13,2,8,718,5,1,1,1.0,6,94003,M,4880230.0,234351.0,94
201300047403,13,2,8,815,2,1,1,1.0,3,91589,M,,,91
201300047404,13,2,9,1050,1,1,1,8.0,7,77384,M,,,77
201300047405,13,2,9,1830,3,1,1,1.0,3,91434,M,,,91
201300047406,13,2,10,557,3,1,1,1.0,2,94034,M,4875220.0,233050.0,94
201300047407,13,2,11,2100,3,1,1,1.0,7,91377,M,,,91
201300047408,13,2,12,750,2,1,1,2.0,3,91521,M,,,91
201300047409,13,2,12,800,2,1,1,1.0,3,94038,M,4879060.0,234389.0,94
201300047410,13,2,12,820,2,1,1,1.0,7,91434,M,,,91
201300047411,13,2,12,903,1,1,1,1.0,5,91521,M,,,91
201300047412,13,2,13,800,2,1,1,1.0,4,94021,M,4875990.0,233844.0,94
201300047413,13,2,13,815,2,1,1,1.0,3,91521,M,,,91
201300047414,13,2,13,1749,1,1,1,1.0,4,91136,M,,,91
201300047415,13,2,14,810,1,1,1,1.0,2,91182,M,,,91
201300047416,13,2,14,2322,5,1,1,1.0,6,94021,M,4877130.0,234497.0,94
201300047417,13,2,15,2340,3,1,1,8.0,7,91136,M,,,91
201300047418,13,2,15,719,3,1,1,1.0,6,91659,M,,,91
201300047419,13,2,18,901,1,1,1,1.0,3,94065,M,4875060.0,235539.0,94
201300047420,13,2,15,1217,1,1,1,1.0,2,94034,M,4876010.0,232034.0,94
201300047421,13,2,15,1521,1,1,1,1.0,6,91363,M,,,91
201300047422,13,2,17,304,3,1,1,1.0,6,91179,M,,,91
201300047423,13,2,17,534,5,1,1,1.0,6,94003,M,4879980.0,234228.0,94
201300047424,13,2,18,735,2,1,1,1.0,2,91534,M,,,91
201300047425,13,2,18,1100,1,1,1,1.0,4,94065,M,4875060.0,235562.0,94
201300047426,13,2,19,1612,1,1,1,1.0,2,92002,M,,,92
201300047427,13,2,21,1951,3,1,1,1.0,2,91339,M,,,91
201300047428,13,2,22,1340,1,1,1,1.0,3,91570,M,,,91
201300047429,13,2,24,35,3,1,1,8.0,7,91037,M,,,91
201300047430,13,2,24,332,3,1,1,4.0,4,91216,M,,,91
201300047431,13,2,24,510,3,1,1,4.0,7,91471,M,,,91
201300047432,13,2,24,800,1,1,1,1.0,7,91689,M,,,91
201300047433,13,2,26,1945,3,1,1,1.0,2,91687,M,,,91
201300047434,13,2,28,915,1,1,1,8.0,6,94021,M,4876130.0,233976.0,94
201300047435,13,3,2,1140,1,1,1,1.0,2,94038,M,4878810.0,234491.0,94
201300047436,13,3,3,645,3,1,1,1.0,7,92002,M,,,92
201300047437,13,3,4,430,3,1,1,1.0,6,91347,M,,,91
201300047438,13,3,8,720,2,1,1,2.0,7,91086,M,,,91
201300047439,13,3,8,1727,1,1,1,2.0,5,94021,M,4876430.0,234220.0,94
201300047440,13,3,8,1805,2,1,1,2.0,2,91340,M,,,91
201300047441,13,3,11,1140,1,1,1,2.0,2,91216,M,,,91
201300047442,13,3,11,1217,1,1,1,1.0,6,94037,M,4881400.0,235493.0,94
201300047443,13,3,11,1300,1,1,1,1.0,3,91161,M,,,91
201300047444,13,3,11,1517,1,1,1,8.0,2,91692,M,,,91
201300047445,13,3,11,1845,2,1,1,2.0,2,77251,M,,,77
201300047446,13,3,12,1345,1,1,1,4.0,4,91136,M,,,91
201300047447,13,3,12,1530,1,1,1,4.0,2,91661,M,,,91
201300047448,13,3,14,1100,1,1,1,1.0,7,91689,M,,,91
201300047449,13,3,17,1415,1,1,1,2.0,6,94043,M,4881580.0,235630.0,94
201300047450,13,3,17,1820,2,1,1,2.0,2,92002,M,,,92
201300047451,13,3,19,2255,5,1,1,2.0,6,94043,M,4881350.0,235448.0,94
201300047452,13,3,20,755,1,1,1,8.0,3,91589,M,,,91
201300047453,13,3,20,845,1,1,1,1.0,4,94034,M,4875980.0,232170.0,94
201300047454,13,3,21,730,1,1,1,1.0,7,91521,M,,,91
201300047455,13,3,21,812,1,1,1,1.0,2,91534,M,,,91
201300047456,13,3,22,2053,5,1,1,1.0,2,94021,M,4876700.0,234266.0,94
201300047457,13,3,23,635,2,1,1,1.0,7,91161,M,,,91
201300047458,13,3,25,555,3,1,1,1.0,7,91363,M,,,91
201300047459,13,3,25,1630,1,1,1,1.0,4,91340,M,,,91
201300047460,13,3,25,2100,3,1,1,1.0,5,91377,M,,,91
201300047461,13,3,30,1635,1,1,1,1.0,6,91161,M,,,91
201300047462,13,4,1,1135,1,1,1,1.0,4,91589,M,,,91
201300047463,13,4,1,1608,1,1,1,1.0,7,91064,M,,,91
201300047464,13,4,2,925,1,1,1,1.0,3,91534,M,,,91
201300047465,13,4,2,1913,1,1,1,1.0,3,91235,M,,,91
201300047466,13,4,3,530,1,1,1,1.0,3,92002,M,,,92
201300047467,13,4,4,1626,1,1,1,2.0,3,91161,M,,,91
201300047468,13,4,5,825,1,1,1,2.0,2,91434,M,,,91
201300047469,13,4,5,945,1,1,1,2.0,4,91339,M,,,91
201300047470,13,4,5,1720,1,1,1,1.0,3,91434,M,,,91
201300047471,13,4,7,1848,1,1,1,1.0,4,91589,M,,,91
201300047472,13,4,8,830,1,1,1,1.0,5,94043,M,4880860.0,234824.0,94
201300047473,13,4,8,930,1,1,1,1.0,2,94034,M,4875710.0,233022.0,94
201300047474,13,4,8,1715,1,1,1,1.0,6,91216,M,,,91
201300047475,13,4,9,623,5,1,1,3.0,7,94038,M,4878720.0,234534.0,94
201300047476,13,4,9,1200,1,1,1,8.0,4,91689,M,,,91
201300047477,13,4,9,1930,1,1,1,2.0,5,91182,M,,,91
201300047478,13,4,9,2004,2,1,1,8.0,2,91521,M,,,91
201300047479,13,4,10,800,1,1,1,8.0,3,91064,M,,,91
201300047480,13,4,10,858,1,1,1,1.0,3,94038,M,4879090.0,234394.0,94
201300047481,13,4,11,1103,1,1,1,1.0,7,77251,M,,,77
201300047482,13,4,12,919,1,1,1,2.0,2,92002,M,,,92
201300047483,13,4,12,1510,1,1,1,2.0,4,94034,M,4875820.0,232649.0,94
201300047484,13,4,12,1615,1,1,1,3.0,3,94034,M,4875630.0,233269.0,94
201300047485,13,4,15,725,1,1,1,2.0,3,94076,M,4878750.0,234579.0,94
201300047486,13,4,15,1924,1,1,1,1.0,7,94043,M,4881340.0,235431.0,94
201300047487,13,4,16,1330,1,1,1,1.0,3,94076,M,4879150.0,234460.0,94
201300047488,13,4,16,1906,1,1,1,1.0,3,91161,M,,,91
201300047489,13,4,17,1100,1,1,1,1.0,2,91312,M,,,91
201300047490,13,4,17,1111,1,1,1,1.0,7,91182,M,,,91
201300047491,13,4,17,1800,1,1,1,1.0,4,91182,M,,,91
201300047492,13,4,19,1649,1,1,1,8.0,3,91161,M,,,91
201300047493,13,4,19,1745,1,1,1,1.0,5,91659,M,,,91
201300047494,13,4,20,351,5,1,1,1.0,4,91377,M,,,91
201300047495,13,4,21,1224,1,1,1,1.0,4,92002,M,,,92
201300047496,13,4,21,1549,1,1,1,1.0,3,91521,M,,,91
201300047497,13,4,22,805,1,1,1,1.0,2,91216,M,,,91
201300047498,13,4,23,1119,1,1,1,1.0,7,91477,M,,,91
201300047499,13,4,23,1755,1,1,1,1.0,2,94016,M,4879770.0,234367.0,94
201300047500,13,4,24,114,3,1,1,1.0,7,91136,M,,,91
201300047501,13,4,24,757,1,1,1,1.0,3,91661,M,,,91
201300047502,13,4,24,757,1,1,1,1.0,2,91549,M,,,91
201300047503,13,4,24,1620,1,1,1,1.0,4,91161,M,,,91
201300047504,13,4,25,820,1,1,1,1.0,2,92002,M,,,92
201300047505,13,4,25,840,1,1,1,1.0,2,94038,M,4878720.0,234533.0,94
201300047506,13,4,25,1345,1,1,1,1.0,5,91687,M,,,91
201300047507,13,4,25,1845,1,1,1,1.0,6,91174,M,,,91
201300047508,13,4,29,937,1,1,1,1.0,2,91161,M,,,91
201300047509,13,4,30,952,1,1,1,1.0,7,94065,M,4875550.0,234389.0,94
201300047510,13,5,1,1618,1,1,1,2.0,2,94037,M,4880650.0,234597.0,94
201300047511,13,5,1,1808,1,1,1,2.0,3,91174,M,,,91
201300047512,13,5,2,910,1,1,1,1.0,7,77251,M,,,77
201300047513,13,5,3,703,1,1,1,1.0,6,91553,M,,,91
201300047514,13,5,3,2118,3,1,1,1.0,3,94021,M,4876630.0,234366.0,94
201300047515,13,5,7,1752,1,1,1,1.0,6,94021,M,4876430.0,234239.0,94
201300047516,13,5,9,1951,1,1,1,1.0,2,92002,M,,,92
201300047517,13,5,10,905,1,1,1,1.0,3,94065,M,4875360.0,235263.0,94
201300047518,13,5,12,1430,1,1,1,1.0,7,91689,M,,,91
201300047519,13,5,12,1730,1,1,1,1.0,4,91689,M,,,91
201300047520,13,5,12,1740,1,1,1,1.0,3,91037,M,,,91
201300047521,13,5,12,2222,3,1,1,2.0,7,77495,M,,,77
201300047522,13,5,14,855,1,1,1,1.0,4,91161,M,,,91
201300047523,13,5,14,1902,1,1,1,1.0,2,91340,M,,,91
201300047524,13,5,15,556,2,1,1,1.0,2,94034,M,4875630.0,233941.0,94
201300047525,13,5,15,844,1,1,1,1.0,4,91345,M,,,91
201300047526,13,5,16,1539,1,1,1,2.0,4,91689,M,,,91
201300047527,13,5,16,1623,1,1,1,1.0,2,92002,M,,,92
201300047528,13,5,16,1719,1,1,1,1.0,2,91064,M,,,91
201300047529,13,5,18,2105,2,1,1,2.0,7,92002,M,,,92
201300047530,13,5,18,2140,5,1,1,8.0,6,94034,M,4875630.0,233940.0,94
201300047531,13,5,19,450,3,1,1,1.0,6,91216,M,,,91
201300047532,13,5,19,750,1,1,1,1.0,3,94038,M,4878980.0,234403.0,94
201300047533,13,5,20,800,1,1,1,8.0,7,91174,M,,,91
201300047534,13,5,20,1450,1,1,1,2.0,2,91235,M,,,91
201300047535,13,5,20,1539,1,1,1,1.0,3,91161,M,,,91
201300047536,13,5,20,2030,2,1,1,2.0,7,91363,M,,,91
201300047537,13,5,21,1135,1,1,1,1.0,4,91136,M,,,91
201300047538,13,5,21,1753,1,1,1,1.0,5,94038,M,4879010.0,234388.0,94
201300047539,13,5,23,644,1,1,1,1.0,7,91179,M,,,91
201300047540,13,5,23,1830,1,1,1,8.0,2,94034,M,4875560.0,233654.0,94
201300047541,13,5,24,1048,1,1,1,2.0,2,94043,M,4881460.0,235565.0,94
201300047542,13,5,27,616,1,1,1,1.0,2,91659,M,,,91
201300047543,13,5,27,952,1,1,1,1.0,2,91347,M,,,91
201300047544,13,5,27,1135,1,1,1,1.0,4,91468,M,,,91
201300047545,13,5,27,1338,1,1,1,1.0,7,94003,M,4881280.0,233637.0,94
201300047546,13,5,28,842,1,1,1,1.0,2,91363,M,,,91
201300047547,13,5,29,753,1,1,1,1.0,3,94034,M,4875010.0,232874.0,94
201300047548,13,5,29,843,1,1,1,1.0,3,94034,M,4876140.0,231621.0,94
201300047549,13,5,29,914,1,1,1,1.0,3,94038,M,4878810.0,234546.0,94
201300047550,13,5,29,1905,1,1,1,1.0,2,92019,M,,,92
201300047551,13,5,30,755,1,1,1,2.0,3,91103,M,,,91
201300047552,13,5,30,2040,1,1,1,8.0,2,91689,M,,,91
201300047553,13,5,31,1734,1,1,1,1.0,6,91339,M,,,91
201300047554,13,5,31,1931,1,1,1,1.0,2,91589,M,,,91
201300047555,13,6,2,1848,1,1,1,1.0,6,91179,M,,,91
201300047556,13,6,3,1650,1,1,1,1.0,7,94003,M,4880040.0,234377.0,94
201300047557,13,6,4,750,1,1,1,1.0,2,91347,M,,,91
201300047558,13,6,4,1420,1,1,1,1.0,2,91377,M,,,91
201300047559,13,6,4,1505,1,1,1,1.0,3,91689,M,,,91
201300047560,13,6,5,1016,1,1,1,1.0,4,91687,M,,,91
201300047561,13,6,5,1730,1,1,1,1.0,7,77251,M,,,77
201300047562,13,6,6,734,1,1,1,1.0,5,94021,M,,,94
201300047563,13,6,6,900,1,1,1,1.0,3,91312,M,,,91
201300047564,13,6,7,1250,1,1,1,1.0,7,94003,M,4880200.0,234196.0,94
201300047565,13,6,7,1825,1,1,1,1.0,5,94038,M,4878800.0,234554.0,94
201300047566,13,6,9,1154,1,1,1,1.0,3,91339,M,,,91
201300047567,13,6,10,802,1,1,1,1.0,5,92002,M,,,92
201300047568,13,6,10,853,1,1,1,1.0,2,91589,M,,,91
201300047569,13,6,10,905,1,1,1,1.0,7,91377,M,,,91
201300047570,13,6,11,705,1,1,1,1.0,3,92002,M,,,92
201300047571,13,6,11,1900,1,1,1,2.0,7,94021,M,4875970.0,233811.0,94
201300047572,13,6,12,1623,1,1,1,8.0,2,91161,M,,,91
201300047573,13,6,12,1925,1,1,1,1.0,3,91549,M,,,91
201300047574,13,6,13,1528,1,1,1,3.0,4,91339,M,,,91
201300047575,13,6,14,630,1,1,1,1.0,6,91570,M,,,91
201300047576,13,6,14,810,1,1,1,1.0,2,94034,M,4875820.0,232650.0,94
201300047577,13,6,14,1957,1,1,1,1.0,2,91434,M,,,91
201300047578,13,6,17,957,1,1,1,3.0,4,91174,M,,,91
201300047579,13,6,17,1137,1,1,1,1.0,4,94065,M,4874620.0,236000.0,94
201300047580,13,6,17,1630,1,1,1,1.0,7,94003,M,4880800.0,234026.0,94
201300047581,13,6,17,2000,1,1,1,8.0,6,91477,M,,,91
201300047582,13,6,19,745,2,1,1,2.0,2,91689,M,,,91
201300047583,13,6,19,915,1,1,1,2.0,7,91377,M,,,91
201300047584,13,6,19,1630,1,1,1,1.0,3,91235,M,,,91
201300047585,13,6,20,1245,1,1,1,8.0,7,91521,M,,,91
201300047586,13,6,21,712,1,1,1,1.0,3,94021,M,4877120.0,234553.0,94
201300047587,13,6,21,1445,1,1,1,1.0,7,94043,M,4881170.0,235154.0,94
201300047588,13,6,21,1953,1,1,1,1.0,7,91377,M,,,91
201300047589,13,6,22,210,5,1,1,1.0,2,94065,M,4874910.0,235688.0,94
201300047590,13,6,22,803,1,1,1,8.0,2,91377,M,,,91
201300047591,13,6,22,1119,1,1,1,1.0,5,91345,M,,,91
201300047592,13,6,25,845,1,1,1,1.0,3,91363,M,,,91
201300047593,13,6,25,1148,1,1,1,1.0,5,91086,M,,,91
201300047594,13,6,25,1510,1,1,1,1.0,6,91471,M,,,91
201300047595,13,6,26,1749,1,1,1,1.0,3,94034,M,4876160.0,231562.0,94
201300047596,13,6,27,840,1,1,1,2.0,3,91689,M,,,91
201300047597,13,6,27,1539,1,1,1,1.0,4,91477,M,,,91
201300047598,13,6,28,1750,1,1,1,1.0,2,91161,M,,,91
201300047599,13,6,28,1820,1,1,1,1.0,3,94034,M,4876190.0,231496.0,94
201300047600,13,6,28,1945,1,1,1,1.0,6,92002,M,,,92
201300047601,13,6,29,534,1,1,1,1.0,7,91689,M,,,91
201300047602,13,6,29,1340,1,1,1,1.0,3,92002,M,,,92
201300047603,13,6,29,1500,1,1,1,1.0,2,94038,M,4878710.0,234540.0,94
201300047604,13,6,30,635,1,1,1,1.0,3,91340,M,,,91
201300047605,13,7,2,50,3,1,1,1.0,6,94034,M,4875630.0,233940.0,94
201300047606,13,7,3,1000,1,1,1,1.0,3,91347,M,,,91
201300047607,13,7,2,1120,1,1,1,1.0,6,91553,M,,,91
201300047608,13,7,2,1931,1,1,1,1.0,4,94021,M,4876450.0,234355.0,94
201300047609,13,7,3,215,3,1,1,1.0,2,91689,M,,,91
201300047610,13,7,3,957,1,1,1,1.0,3,94034,M,4875290.0,233140.0,94
201300047611,13,7,4,1305,1,1,1,1.0,3,91377,M,,,91
201300047612,13,7,5,913,1,1,1,1.0,4,91347,M,,,91
201300047613,13,7,5,1950,1,1,1,1.0,3,92002,M,,,92
201300047614,13,7,5,2200,3,1,1,1.0,2,91286,M,,,91
201300047615,13,7,6,1422,1,1,1,1.0,2,94043,M,4881510.0,235595.0,94
201300047616,13,7,7,1522,1,1,1,1.0,7,91363,M,,,91
201300047617,13,7,8,850,1,1,1,1.0,3,91617,M,,,91
201300047618,13,7,8,1750,1,1,1,1.0,7,91659,M,,,91
201300047619,13,7,8,1818,1,1,1,1.0,4,91182,M,,,91
201300047620,13,7,9,1408,1,1,1,1.0,2,91689,M,,,91
201300047621,13,7,9,1435,1,1,1,1.0,2,91161,M,,,91
201300047622,13,7,9,1640,1,1,1,1.0,4,91689,M,,,91
201300047623,13,7,10,1625,1,1,1,1.0,5,91471,M,,,91
201300047624,13,7,11,940,1,1,1,1.0,3,94038,M,4879090.0,234429.0,94
201300047625,13,7,11,1816,1,1,1,1.0,7,91286,M,,,91
201300047626,13,7,11,1830,1,1,1,1.0,7,91689,M,,,91
201300047627,13,7,12,1338,1,1,1,1.0,2,91136,M,,,91
201300047628,13,7,12,2003,1,1,9,1.0,6,91136,M,,,91
201300047629,13,7,13,1624,1,1,1,1.0,4,92002,M,,,92
201300047630,13,7,13,1810,1,1,1,1.0,5,94038,M,4879030.0,234454.0,94
201300047631,13,7,14,1918,1,1,1,1.0,3,94034,M,4875820.0,233640.0,94
201300047632,13,7,16,912,1,1,1,1.0,2,92002,M,,,92
201300047633,13,7,16,1031,1,1,1,1.0,3,91661,M,,,91
201300047634,13,7,16,1720,1,1,1,1.0,3,94065,M,4874980.0,235614.0,94
201300047635,13,7,16,1805,1,1,1,1.0,2,91064,M,,,91
201300047636,13,7,16,1930,1,1,1,1.0,4,91182,M,,,91
201300047637,13,7,17,1022,1,1,1,1.0,4,91347,M,,,91
201300047638,13,7,17,1500,1,1,1,1.0,4,94043,M,4881170.0,235155.0,94
201300047639,13,7,18,1045,1,1,1,1.0,3,94003,M,4880780.0,234065.0,94
201300047640,13,7,19,900,1,1,1,1.0,3,91689,M,,,91
201300047641,13,7,21,710,1,1,1,1.0,6,91064,M,,,91
201300047642,13,7,21,748,2,1,1,1.0,6,91345,M,,,91
201300047643,13,7,21,1313,1,1,1,1.0,2,91521,M,,,91
201300047644,13,7,21,1834,1,1,1,1.0,4,91434,M,,,91
201300047645,13,7,22,2100,2,1,1,1.0,6,91174,M,,,91
201300047646,13,7,23,911,1,1,1,1.0,3,91549,M,,,91
201300047647,13,7,24,1815,1,1,1,2.0,6,91235,M,,,91
201300047648,13,7,25,630,1,1,1,1.0,6,91179,M,,,91
201300047649,13,7,25,1030,1,1,1,1.0,3,94038,M,4878750.0,234579.0,94
201300047650,13,7,25,1215,1,1,1,1.0,3,91363,M,,,91
201300047651,13,7,25,1352,1,1,1,1.0,3,94037,M,4881230.0,235259.0,94
201300047652,13,7,26,836,1,1,1,1.0,3,91339,M,,,91
201300047653,13,7,26,1300,1,1,1,1.0,4,94037,M,4881470.0,233635.0,94
201300047654,13,7,27,806,1,1,1,1.0,6,91659,M,,,91
201300047655,13,7,28,733,1,1,1,1.0,6,91363,M,,,91
201300047656,13,7,28,2000,1,1,1,1.0,2,91064,M,,,91
201300047657,13,7,29,1515,1,1,1,1.0,2,92002,M,,,92
201300047658,13,7,29,1845,1,1,1,1.0,7,94034,M,4876170.0,231566.0,94
201300047659,13,7,30,910,1,1,1,1.0,3,94034,M,4876180.0,231483.0,94
201300047660,13,7,31,710,1,1,1,1.0,4,91434,M,,,91
201300047661,13,8,4,1605,1,1,1,1.0,2,91661,M,,,91
201300047662,13,8,6,1807,1,1,1,1.0,3,94043,M,4880340.0,234394.0,94
201300047663,13,8,7,1842,1,1,1,1.0,6,91312,M,,,91
201300047664,13,8,9,1710,1,1,1,1.0,7,94065,M,4875500.0,234865.0,94
201300047665,13,8,11,1855,1,1,1,1.0,4,92002,M,,,92
201300047666,13,8,12,1300,1,1,1,1.0,2,94076,M,4879150.0,234460.0,94
201300047667,13,8,12,1556,1,1,1,1.0,3,94016,M,4879680.0,234470.0,94
201300047668,13,8,13,729,1,1,1,1.0,3,94038,M,4878970.0,234470.0,94
201300047669,13,8,15,1815,1,1,1,1.0,3,94003,M,4880890.0,233976.0,94
201300047670,13,8,19,437,1,1,1,1.0,2,94038,M,4878750.0,234477.0,94
201300047671,13,8,19,2003,1,1,1,1.0,3,91161,M,,,91
201300047672,13,8,21,2145,3,1,1,1.0,7,91174,M,,,91
201300047673,13,8,22,1510,1,1,1,1.0,7,94076,M,4879610.0,234497.0,94
201300047674,13,8,22,1630,1,1,1,1.0,2,94043,M,4880870.0,234825.0,94
201300047675,13,8,22,1635,1,1,1,1.0,5,91689,M,,,91
201300047676,13,8,24,820,1,1,1,1.0,6,91179,M,,,91
201300047677,13,8,24,1055,1,1,1,1.0,7,91363,M,,,91
201300047678,13,8,25,140,3,1,1,1.0,3,91471,M,,,91
201300047679,13,8,25,1232,1,1,9,3.0,6,91347,M,,,91
201300047680,13,8,25,1523,1,1,1,2.0,6,94037,M,4881170.0,235138.0,94
201300047681,13,8,25,1634,1,1,1,2.0,3,91174,M,,,91
201300047682,13,8,25,1636,1,1,1,2.0,7,91216,M,,,91
201300047683,13,8,25,1720,1,1,1,2.0,7,91377,M,,,91
201300047684,13,8,25,1718,1,1,1,2.0,6,94034,M,4875960.0,233748.0,94
201300047685,13,8,25,1925,1,1,1,2.0,7,91521,M,,,91
201300047686,13,8,25,2036,2,1,1,2.0,6,91161,M,,,91
201300047687,13,8,26,735,1,1,1,1.0,2,94021,M,4876430.0,234312.0,94
201300047688,13,8,26,737,1,1,1,1.0,3,91161,M,,,91
201300047689,13,8,26,1301,1,1,1,1.0,3,91179,M,,,91