Num_Acc,an,mois,jour,hrmn,lum,agg,int,atm,col,com,gps,lat,long,dep
201300047690,13,8,26,1528,1,1,1,1.0,4,91666,M,,,91
201300047691,13,8,26,1750,1,1,1,1.0,4,91174,M,,,91
201300047692,13,8,27,1106,1,1,1,1.0,2,91687,M,,,91
201300047693,13,8,27,1345,1,1,1,1.0,7,91521,M,,,91
201300047694,13,8,27,1620,1,1,1,1.0,2,94021,M,4876430.0,234312.0,94
201300047695,13,8,28,943,1,1,1,1.0,2,91377,M,,,91
201300047696,13,8,28,1114,1,1,1,1.0,1,91312,M,,,91
201300047697,13,8,29,1125,1,1,1,1.0,4,94034,M,4875850.0,232528.0,94
201300047698,13,8,29,2222,5,1,1,1.0,3,94038,M,4878710.0,234519.0,94
201300047699,13,8,31,806,1,1,1,1.0,6,91659,M,,,91
201300047700,13,8,31,1926,1,1,1,1.0,2,91228,M,,,91
201300047701,13,9,1,802,1,1,1,1.0,7,94037,M,4881550.0,235612.0,94
201300047702,13,9,3,130,3,1,1,1.0,6,91216,M,,,91
201300047703,13,9,2,1505,1,1,1,1.0,2,91689,M,,,91
201300047704,13,9,2,1600,1,1,1,1.0,3,91661,M,,,91
201300047705,13,9,2,1925,1,1,1,1.0,2,91521,M,,,91
201300047706,13,9,2,2030,1,1,1,1.0,4,91617,M,,,91
201300047707,13,9,4,825,1,1,1,1.0,2,92002,M,,,92
201300047708,13,9,4,2100,3,1,1,1.0,3,91064,M,,,91
201300047709,13,9,5,1305,1,1,1,1.0,2,91471,M,,,91
201300047710,13,9,6,920,1,1,1,2.0,7,94037,M,4881350.0,235448.0,94
201300047711,13,9,6,1647,1,1,1,8.0,4,91377,M,,,91
201300047712,13,9,7,29,5,1,1,1.0,7,91377,M,,,91
201300047713,13,9,7,2036,3,1,1,1.0,3,91216,M,,,91
201300047714,13,9,9,745,1,1,1,1.0,2,92002,M,,,92
201300047715,13,9,9,1545,1,1,1,2.0,3,92002,M,,,92
201300047716,13,9,9,1630,1,1,1,2.0,1,94021,M,4875990.0,233844.0,94
201300047717,13,9,10,745,1,1,1,1.0,7,91161,M,,,91
201300047718,13,9,10,1354,1,1,1,1.0,7,91161,M,,,91
201300047719,13,9,10,1712,1,1,1,1.0,3,91136,M,,,91
201300047720,13,9,11,720,1,1,1,1.0,3,94076,M,4878750.0,234579.0,94
201300047721,13,9,12,738,1,1,1,2.0,3,91521,M,,,91
201300047722,13,9,13,2058,5,1,1,2.0,6,94038,M,4878850.0,234453.0,94
201300047723,13,9,14,1435,1,1,1,2.0,4,91136,M,,,91
201300047724,13,9,14,2330,3,1,1,2.0,3,94034,M,4876200.0,231445.0,94
201300047725,13,9,15,708,1,1,1,1.0,6,91064,M,,,91
201300047726,13,9,15,910,1,1,1,1.0,5,91340,M,,,91
201300047727,13,9,15,2110,5,1,1,1.0,5,94043,M,4880460.0,234451.0,94
201300047728,13,9,15,2145,5,1,1,1.0,7,91174,M,,,91
201300047729,13,9,17,750,1,1,1,1.0,3,94076,M,4878760.0,234575.0,94
201300047730,13,9,17,900,1,1,1,1.0,3,91136,M,,,91
201300047731,13,9,17,852,1,1,1,1.0,2,91340,M,,,91
201300047732,13,9,18,1000,1,1,1,1.0,3,94043,M,4880700.0,234672.0,94
201300047733,13,9,19,1025,1,1,1,1.0,3,91689,M,,,91
201300047734,13,9,18,1937,1,1,1,1.0,7,94038,M,4878710.0,234538.0,94
201300047735,13,9,18,2045,1,1,1,1.0,2,94021,M,4876110.0,233902.0,94
201300047736,13,9,19,1727,1,1,1,1.0,3,94076,M,4879120.0,234455.0,94
201300047737,13,9,19,1759,1,1,1,1.0,3,91161,M,,,91
201300047738,13,9,20,1047,1,1,1,1.0,7,94038,M,4878740.0,234482.0,94
201300047739,13,9,20,1253,1,1,1,1.0,4,94038,M,4878730.0,234487.0,94
201300047740,13,9,20,1855,1,1,1,1.0,3,91064,M,,,91
201300047741,13,9,21,1530,1,1,1,1.0,2,94034,M,4876100.0,231808.0,94
201300047742,13,9,21,1930,1,1,1,1.0,7,91182,M,,,91
201300047743,13,9,22,930,1,1,1,1.0,7,91434,M,,,91
201300047744,13,9,23,710,1,1,1,1.0,3,91534,M,,,91
201300047745,13,9,23,1803,1,1,1,1.0,2,91589,M,,,91
201300047746,13,9,23,1955,2,1,1,1.0,3,91312,M,,,91
201300047747,13,9,24,1927,1,1,1,1.0,2,91064,M,,,91
201300047748,13,9,25,1155,1,1,1,1.0,2,94034,M,4875300.0,233159.0,94
201300047749,13,9,26,1850,1,1,1,1.0,5,92002,M,,,92
201300047750,13,9,26,1830,1,1,1,1.0,3,92002,M,,,92
201300047751,13,9,26,1840,1,1,1,1.0,2,91521,M,,,91
201300047752,13,9,26,2330,3,1,1,1.0,2,91689,M,,,91
201300047753,13,9,28,740,1,1,1,1.0,7,94043,M,4881030.0,234982.0,94
201300047754,13,9,29,230,3,1,1,2.0,3,91340,M,,,91
201300047755,13,9,29,1803,1,1,1,2.0,4,94034,M,4876160.0,231562.0,94
201300047756,13,9,29,2315,3,1,1,2.0,7,91064,M,,,91
201300047757,13,9,30,730,1,1,1,1.0,5,94038,M,4879070.0,234425.0,94
201300047758,13,9,30,940,1,1,1,1.0,3,91286,M,,,91
201300047759,13,9,30,1408,1,1,1,1.0,4,91136,M,,,91
201300047760,13,10,1,757,1,1,1,1.0,7,91161,M,,,91
201300047761,13,10,2,1730,1,1,1,1.0,6,91549,M,,,91
201300047762,13,10,2,2315,3,1,1,1.0,7,91434,M,,,91
201300047763,13,10,4,140,3,1,1,1.0,2,94034,M,4875690.0,233512.0,94
201300047764,13,10,4,845,1,1,1,1.0,3,91363,M,,,91
201300047765,13,10,4,915,1,1,1,1.0,2,91521,M,,,91
201300047766,13,10,4,1645,1,1,1,1.0,3,91659,M,,,91
201300047767,13,10,4,2046,3,1,1,1.0,4,91666,M,,,91
201300047768,13,10,5,1210,1,1,1,1.0,4,91064,M,,,91
201300047769,13,10,5,1757,1,1,1,1.0,7,91363,M,,,91
201300047770,13,10,7,805,1,1,1,1.0,2,91228,M,,,91
201300047771,13,10,7,824,1,1,1,1.0,6,91432,M,,,91
201300047772,13,10,7,1754,1,1,1,1.0,2,91235,M,,,91
201300047773,13,10,8,810,1,1,1,1.0,3,91521,M,,,91
201300047774,13,10,10,815,1,1,1,2.0,7,91377,M,,,91
201300047775,13,10,10,830,1,1,1,2.0,4,91521,M,,,91
201300047776,13,10,10,825,1,1,1,2.0,2,91377,M,,,91
201300047777,13,10,10,840,1,1,1,2.0,4,91174,M,,,91
201300047778,13,10,11,56,3,1,1,2.0,7,91659,M,,,91
201300047779,13,10,11,750,1,1,1,2.0,5,91689,M,,,91
201300047780,13,10,11,830,2,1,1,2.0,5,94065,M,4875550.0,234366.0,94
201300047781,13,10,11,900,1,1,1,2.0,5,91661,M,,,91
201300047782,13,10,11,1315,1,1,1,2.0,7,91689,M,,,91
201300047783,13,10,12,725,2,1,1,2.0,2,91589,M,,,91
201300047784,13,10,13,840,1,1,1,1.0,3,91037,M,,,91
201300047785,13,10,14,739,2,1,1,1.0,3,91161,M,,,91
201300047786,13,10,14,815,1,1,1,1.0,3,91345,M,,,91
201300047787,13,10,15,651,2,1,1,1.0,3,91286,M,,,91
201300047788,13,10,15,900,1,1,1,2.0,4,91161,M,,,91
201300047789,13,10,15,1445,1,1,1,2.0,6,91692,M,,,91
201300047790,13,10,17,1800,1,1,1,2.0,3,91161,M,,,91
201300047791,13,10,15,1550,1,1,1,2.0,2,91363,M,,,91
201300047792,13,10,16,540,1,1,1,2.0,3,94034,M,4875650.0,233408.0,94
201300047793,13,10,16,850,1,1,1,2.0,4,91339,M,,,91
201300047794,13,10,16,1630,1,1,1,2.0,5,91064,M,,,91
201300047795,13,10,16,1700,1,1,1,2.0,6,91179,M,,,91
201300047796,13,10,16,1840,2,1,1,2.0,4,91589,M,,,91
201300047797,13,10,19,710,3,1,1,1.0,6,91216,M,,,91
201300047798,13,10,20,634,4,1,1,8.0,2,91377,M,,,91
201300047799,13,10,20,1400,1,1,1,8.0,3,91363,M,,,91
201300047800,13,10,21,858,1,1,1,1.0,3,91363,M,,,91
201300047801,13,10,21,1018,1,1,1,1.0,3,91377,M,,,91
201300047802,13,10,21,1730,1,1,1,1.0,2,91286,M,,,91
201300047803,13,10,21,1800,1,1,1,1.0,5,91345,M,,,91
201300047804,13,10,21,2258,3,1,1,9.0,2,91182,M,,,91
201300047805,13,10,22,745,1,1,1,1.0,3,91689,M,,,91
201300047806,13,10,23,825,1,1,1,1.0,5,92002,M,,,92
201300047807,13,10,23,1105,1,1,1,1.0,4,91687,M,,,91
201300047808,13,10,24,1652,1,1,1,1.0,5,92002,M,,,92
201300047809,13,10,23,1814,1,1,1,1.0,4,91161,M,,,91
201300047810,13,10,23,1830,1,1,1,1.0,5,94038,M,4878750.0,234579.0,94
201300047811,13,10,23,2153,3,1,1,1.0,6,91570,M,,,91
201300047812,13,10,24,1732,1,1,1,1.0,3,91689,M,,,91
201300047813,13,10,24,1839,3,1,1,1.0,5,91340,M,,,91
201300047814,13,10,24,2000,5,1,1,1.0,2,91174,M,,,91
201300047815,13,10,24,2338,5,1,1,1.0,2,94038,M,4877240.0,234594.0,94
201300047816,13,10,25,750,1,1,1,2.0,7,91521,M,,,91
201300047817,13,10,25,825,1,1,1,2.0,2,91553,M,,,91
201300047818,13,10,25,1855,1,1,1,2.0,2,91064,M,,,91
201300047819,13,10,26,947,1,1,1,2.0,7,91617,M,,,91
201300047820,13,10,27,1138,1,1,1,2.0,7,91521,M,,,91
201300047821,13,10,27,2055,5,1,1,2.0,2,91103,M,,,91
201300047822,13,10,27,2200,5,1,1,3.0,6,91471,M,,,91
201300047823,13,10,28,1015,1,1,1,2.0,2,77251,M,,,77
201300047824,13,10,27,1050,1,1,1,2.0,3,91521,M,,,91
201300047825,13,10,28,1115,1,1,1,2.0,4,92002,M,,,92
201300047826,13,10,29,855,1,1,1,1.0,3,94034,M,4875670.0,233490.0,94
201300047827,13,10,29,1528,1,1,1,1.0,7,94043,M,4881510.0,235595.0,94
201300047828,13,10,30,1537,1,1,1,1.0,3,91363,M,,,91
201300047829,13,10,31,1942,3,1,1,1.0,2,91521,M,,,91
201300047830,13,10,31,1113,1,1,1,1.0,4,94003,M,4880640.0,234154.0,94
201300047831,13,10,31,1908,3,1,1,1.0,5,94038,M,4878740.0,234482.0,94
201300047832,13,10,31,1953,3,1,1,2.0,4,91136,M,,,91
201300047833,13,11,1,1515,1,1,1,2.0,6,91064,M,,,91
201300047834,13,11,2,627,5,1,1,2.0,6,94034,M,4875580.0,233785.0,94
201300047835,13,11,2,718,2,1,1,2.0,5,94034,M,4875570.0,233722.0,94
201300047836,13,11,2,1003,1,1,1,1.0,6,94034,M,4876020.0,232049.0,94
201300047837,13,11,2,1520,1,1,1,1.0,7,94065,M,4875530.0,234453.0,94
201300047838,13,11,3,200,3,1,1,8.0,6,94034,M,4876010.0,232074.0,94
201300047839,13,11,3,1200,1,1,1,1.0,4,94003,M,4880080.0,234372.0,94
201300047840,13,11,4,905,1,1,1,3.0,3,91432,M,,,91
201300047841,13,11,4,900,1,1,1,1.0,4,91661,M,,,91
201300047842,13,11,5,1120,1,1,1,1.0,3,91136,M,,,91
201300047843,13,11,6,838,1,1,1,1.0,3,91377,M,,,91
201300047844,13,11,6,850,1,1,1,1.0,2,91182,M,,,91
201300047845,13,11,6,932,1,1,1,2.0,3,94021,M,4876430.0,234312.0,94
201300047846,13,11,7,754,2,1,1,1.0,6,91521,M,,,91
201300047847,13,11,7,1222,1,1,1,1.0,6,91471,M,,,91
201300047848,13,11,7,1700,1,1,1,1.0,5,91617,M,,,91
201300047849,13,11,7,1920,2,1,1,1.0,2,94034,M,4875670.0,233490.0,94
201300047850,13,11,8,532,3,1,1,1.0,5,91182,M,,,91
201300047851,13,11,8,555,2,1,1,2.0,2,94038,M,4878880.0,234508.0,94
201300047852,13,11,8,730,2,1,1,1.0,5,94038,M,4878740.0,234525.0,94
201300047853,13,11,8,749,2,1,1,2.0,7,91521,M,,,91
201300047854,13,11,8,1610,1,1,1,2.0,4,94034,M,4875580.0,234213.0,94
201300047855,13,11,8,1640,1,1,1,2.0,3,94076,M,4879520.0,234507.0,94
201300047856,13,11,8,1856,2,1,1,1.0,2,91553,M,,,91
201300047857,13,11,10,630,3,1,1,2.0,2,94065,M,4874400.0,236161.0,94
201300047858,13,11,11,1409,1,1,1,1.0,2,94043,M,4881570.0,235625.0,94
201300047859,13,11,11,2008,3,1,1,1.0,6,91549,M,,,91
201300047860,13,11,12,1015,1,1,1,2.0,2,91064,M,,,91
201300047861,13,11,12,1835,2,1,1,2.0,2,91589,M,,,91
201300047862,13,11,14,1200,1,1,1,1.0,6,91521,M,,,91
201300047863,13,11,14,1600,1,1,1,2.0,2,94043,M,4881580.0,235639.0,94
201300047864,13,11,15,806,1,1,1,8.0,2,91521,M,,,91
201300047865,13,11,17,1704,1,1,1,1.0,7,92002,M,,,92
201300047866,13,11,18,1848,2,1,1,2.0,2,91617,M,,,91
201300047867,13,11,19,1045,1,1,1,1.0,6,92019,M,,,92
201300047868,13,11,20,657,3,1,1,1.0,3,91363,M,,,91
201300047869,13,11,21,710,2,1,1,2.0,3,91689,M,,,91
201300047870,13,11,21,740,3,1,1,2.0,4,91689,M,,,91
201300047871,13,11,22,627,3,1,1,1.0,3,91161,M,,,91
201300047872,13,11,22,900,1,1,1,1.0,3,91345,M,,,91
201300047873,13,11,22,1849,2,1,1,1.0,3,94034,M,4875900.0,233713.0,94
201300047874,13,11,24,623,3,1,1,1.0,7,92002,M,,,92
201300047875,13,11,25,849,1,1,1,1.0,2,91432,M,,,91
201300047876,13,11,26,641,3,1,1,1.0,6,91174,M,,,91
201300047877,13,11,26,1911,4,1,1,1.0,3,91174,M,,,91
201300047878,13,11,26,2100,3,1,1,1.0,3,91363,M,,,91
201300047879,13,11,28,905,1,1,1,1.0,3,77251,M,,,77
201300047880,13,11,29,650,3,1,1,1.0,4,91471,M,,,91
201300047881,13,11,30,345,3,1,1,1.0,2,91689,M,,,91
201300047882,13,11,30,1820,2,1,1,1.0,4,91434,M,,,91
201300047883,13,11,30,2042,3,1,1,1.0,6,91174,M,,,91
201300047884,13,12,1,1630,1,1,1,1.0,2,94003,M,4880890.0,233976.0,94
201300047885,13,12,2,1900,3,1,1,1.0,3,91377,M,,,91
201300047886,13,12,3,745,2,1,1,1.0,2,91687,M,,,91
201300047887,13,12,4,610,3,1,1,1.0,2,91689,M,,,91
201300047888,13,12,4,540,3,1,1,1.0,2,92002,M,,,92
201300047889,13,12,4,850,1,1,1,1.0,5,94038,M,4878730.0,234529.0,94
201300047890,13,12,5,1000,1,1,1,1.0,5,94034,M,4876130.0,231670.0,94
201300047891,13,12,5,1922,3,1,1,1.0,4,91339,M,,,91
201300047892,13,12,6,1619,1,1,1,1.0,2,91617,M,,,91
201300047893,13,12,6,1753,3,1,1,1.0,4,91570,M,,,91
201300047894,13,12,7,1149,1,1,1,1.0,4,91471,M,,,91
201300047895,13,12,8,455,3,1,1,1.0,5,92002,M,,,92
201300047896,13,12,9,1830,3,1,1,1.0,3,91161,M,,,91
201300047897,13,12,10,1110,1,1,1,1.0,2,91363,M,,,91
201300047898,13,12,12,710,2,1,1,1.0,5,91689,M,,,91
201300047899,13,12,12,1205,1,1,1,1.0,2,91161,M,,,91
201300047900,13,12,12,1749,2,1,1,1.0,5,91661,M,,,91
201300047901,13,12,12,1927,1,1,1,1.0,3,92002,M,,,92
201300047902,13,12,12,2120,3,1,1,1.0,5,91161,M,,,91
201300047903,13,12,14,113,3,1,1,1.0,4,91471,M,,,91
201300047904,13,12,14,2100,3,1,1,1.0,6,91340,M,,,91
201300047905,13,12,15,750,1,1,1,1.0,2,91286,M,,,91
201300047906,13,12,16,1636,1,1,1,1.0,4,92002,M,,,92
201300047907,13,12,16,2130,3,1,1,1.0,6,91347,M,,,91
201300047908,13,12,18,503,3,1,1,1.0,2,94076,M,4879240.0,234422.0,94
201300047909,13,12,19,1211,1,1,1,1.0,5,94076,M,4879250.0,234482.0,94
201300047910,13,12,19,1340,1,1,1,2.0,3,94034,M,4875370.0,233211.0,94
201300047911,13,12,20,409,3,1,1,1.0,2,91689,M,,,91
201300047912,13,12,21,154,3,1,1,1.0,1,91312,M,,,91
201300047913,13,12,22,1540,1,1,1,1.0,3,91286,M,,,91
201300047914,13,12,22,2140,3,1,1,1.0,6,91064,M,,,91
201300047915,13,12,22,2330,4,1,1,1.0,2,91161,M,,,91
201300047916,13,12,23,934,1,1,1,2.0,5,91521,M,,,91
201300047917,13,12,26,107,3,1,1,1.0,7,91521,M,,,91
201300047918,13,12,26,902,1,1,1,1.0,3,94021,M,4877080.0,234568.0,94
201300047919,13,12,26,1400,1,1,1,1.0,2,94038,M,4878830.0,234536.0,94
201300047920,13,12,26,1400,1,1,1,1.0,2,94034,M,4875000.0,232901.0,94
201300047921,13,12,26,1535,1,1,1,1.0,4,91589,M,,,91
201300047922,13,12,28,50,5,1,1,3.0,6,91182,M,,,91
201300047923,13,12,28,140,3,1,1,2.0,7,94043,M,4881350.0,235448.0,94
201300047924,13,12,29,417,5,1,1,2.0,5,91182,M,,,91
201300047925,13,12,30,652,3,1,1,1.0,6,94076,M,4879600.0,234414.0,94
201300047926,13,12,30,1546,1,1,1,2.0,7,91161,M,,,91
201300047927,13,12,31,1850,3,1,1,2.0,2,94003,M,4879930.0,234236.0,94
201300047928,13,1,2,831,1,2,1,3.0,6,20033,M,0.0,0.0,202
201300047929,13,1,2,1505,1,2,1,1.0,6,20033,M,0.0,0.0,202
201300047930,13,1,2,1250,1,2,1,2.0,6,20033,M,0.0,0.0,202
201300047931,13,1,5,1700,2,2,1,1.0,4,20033,M,0.0,0.0,202
201300047932,13,1,5,1820,5,2,1,1.0,2,20033,M,0.0,0.0,202
201300047933,13,1,6,730,1,2,1,1.0,4,20033,M,0.0,0.0,202
201300047934,13,1,8,550,5,2,1,3.0,6,20033,M,0.0,0.0,202
201300047935,13,1,9,1225,1,2,1,1.0,4,20037,M,0.0,0.0,202
201300047936,13,1,15,747,1,2,1,1.0,2,20037,M,0.0,0.0,202
201300047937,13,1,18,1615,1,2,3,1.0,3,20033,M,0.0,0.0,202
201300047938,13,1,18,2346,5,2,1,1.0,6,20033,M,0.0,0.0,202
201300047939,13,1,20,1837,5,2,1,2.0,6,20033,M,0.0,0.0,202
201300047940,13,1,21,835,1,2,1,1.0,6,20033,M,0.0,0.0,202
201300047941,13,1,23,1230,1,2,1,1.0,3,20033,M,0.0,0.0,202
201300047942,13,1,23,1900,3,1,1,1.0,4,20120,M,0.0,0.0,202
201300047943,13,1,24,1215,1,1,1,2.0,6,20033,M,0.0,0.0,202
201300047944,13,1,30,1042,1,2,3,1.0,3,20033,M,0.0,0.0,202
201300047945,13,2,1,706,2,1,1,1.0,2,20037,M,0.0,0.0,202
201300047946,13,2,1,1838,5,2,1,1.0,2,20037,M,0.0,0.0,202
201300047947,13,2,4,1843,5,1,1,1.0,2,20120,M,0.0,0.0,202
201300047948,13,2,5,1952,5,2,1,1.0,1,20037,M,0.0,0.0,202
201300047949,13,2,8,1949,5,1,1,1.0,6,20120,M,0.0,0.0,202
201300047950,13,2,12,1000,1,2,1,1.0,6,20033,M,0.0,0.0,202
201300047951,13,2,13,1417,1,2,1,1.0,2,20037,M,0.0,0.0,202
201300047952,13,2,13,1537,1,1,1,1.0,1,20120,M,0.0,0.0,202
201300047953,13,2,23,1300,1,2,1,3.0,2,20120,M,0.0,0.0,202
201300047954,13,2,27,2100,5,2,1,1.0,1,20033,M,0.0,0.0,202
201300047955,13,3,12,1900,2,2,3,1.0,3,20033,M,0.0,0.0,202
201300047956,13,3,15,1927,5,1,1,1.0,2,20037,M,0.0,0.0,202
201300047957,13,3,16,747,1,2,1,1.0,4,20033,M,0.0,0.0,202
201300047958,13,3,16,1155,1,2,1,1.0,7,20033,M,0.0,0.0,202
201300047959,13,3,18,910,1,2,1,3.0,4,20033,M,0.0,0.0,202
201300047960,13,3,24,1700,1,2,6,2.0,3,20033,M,0.0,0.0,202
201300047961,13,3,27,1700,1,2,1,1.0,4,20033,M,0.0,0.0,202
201300047962,13,3,30,1920,2,2,6,1.0,3,20033,M,0.0,0.0,202
201300047963,13,4,1,1635,1,2,1,1.0,1,20033,M,0.0,0.0,202
201300047964,13,4,1,2105,5,1,1,3.0,2,20037,M,0.0,0.0,202
201300047965,13,4,10,1117,1,1,1,1.0,3,20037,M,0.0,0.0,202
201300047966,13,4,10,1710,1,2,1,1.0,2,20120,M,0.0,0.0,202
201300047967,13,4,10,2000,5,2,1,1.0,6,20033,M,0.0,0.0,202
201300047968,13,4,15,1725,1,2,1,1.0,3,20037,M,0.0,0.0,202
201300047969,13,4,12,1258,1,2,1,1.0,5,20033,M,0.0,0.0,202
201300047970,13,4,18,1200,1,2,1,1.0,2,20120,M,0.0,0.0,202
201300047971,13,4,23,1024,1,2,1,1.0,1,20033,M,0.0,0.0,202
201300047972,13,4,25,100,5,2,1,1.0,6,20033,M,0.0,0.0,202
201300047973,13,4,30,740,1,2,1,1.0,3,20033,M,0.0,0.0,202
201300047974,13,5,1,540,5,2,1,1.0,6,20033,M,0.0,0.0,202
201300047975,13,5,2,210,5,2,1,1.0,6,20033,M,0.0,0.0,202
201300047976,13,5,4,2215,5,2,3,1.0,3,20033,M,0.0,0.0,202
201300047977,13,5,6,1515,1,2,1,1.0,6,20033,M,0.0,0.0,202
201300047978,13,5,8,1330,1,2,1,1.0,6,20033,M,0.0,0.0,202
201300047979,13,5,11,1145,1,2,1,1.0,2,20120,M,0.0,0.0,202
201300047980,13,5,12,608,2,2,1,1.0,6,20033,M,0.0,0.0,202
201300047981,13,5,13,1457,1,2,1,1.0,4,20037,M,0.0,0.0,202
201300047982,13,5,17,1235,1,2,1,1.0,2,20120,M,0.0,0.0,202
201300047983,13,5,16,953,1,2,4,1.0,3,20033,M,0.0,0.0,202
201300047984,13,5,18,820,1,2,6,1.0,3,20033,M,0.0,0.0,202
201300047985,13,5,18,1150,1,2,1,1.0,2,20033,M,0.0,0.0,202
201300047986,13,5,18,1409,1,1,1,1.0,5,20037,M,0.0,0.0,202
201300047987,13,5,23,1725,1,2,1,1.0,6,20033,M,0.0,0.0,202
201300047988,13,5,28,1218,1,2,1,1.0,6,20033,M,0.0,0.0,202
201300047989,13,6,2,2003,5,2,1,1.0,6,20033,M,0.0,0.0,202
201300047990,13,6,4,1531,1,2,1,1.0,2,20033,M,0.0,0.0,202
201300047991,13,6,7,1125,1,1,1,1.0,6,20037,M,0.0,0.0,202
201300047992,13,6,11,930,1,2,1,1.0,2,20033,M,0.0,0.0,202
201300047993,13,6,10,1750,1,2,1,1.0,3,20120,M,0.0,0.0,202
201300047994,13,6,15,1915,1,1,3,1.0,3,20037,M,0.0,0.0,202
201300047995,13,6,17,1305,1,1,2,1.0,3,20037,M,0.0,0.0,202
201300047996,13,6,17,1320,1,2,1,2.0,6,20033,M,0.0,0.0,202
201300047997,13,6,18,830,1,2,1,1.0,3,20033,M,0.0,0.0,202
201300047998,13,6,25,935,1,2,1,1.0,4,20033,M,0.0,0.0,202
201300047999,13,6,26,1405,1,2,3,1.0,3,20037,M,0.0,0.0,202
201300048000,13,6,26,1901,1,2,1,1.0,2,20033,M,0.0,0.0,202
201300048001,13,6,27,747,1,2,1,1.0,6,20033,M,0.0,0.0,202
201300048002,13,6,27,1158,1,2,1,1.0,6,20033,M,0.0,0.0,202
201300048003,13,6,29,1310,1,2,1,1.0,3,20033,M,0.0,0.0,202
201300048004,13,7,1,2003,1,1,1,1.0,3,20120,M,0.0,0.0,202
201300048005,13,7,2,1208,1,1,1,1.0,6,20033,M,0.0,0.0,202
201300048006,13,7,3,1140,1,2,1,1.0,2,20120,M,0.0,0.0,202
201300048007,13,7,3,1450,1,1,1,1.0,2,20120,M,0.0,0.0,202
201300048008,13,7,4,1835,1,1,1,2.0,3,20120,M,0.0,0.0,202
201300048009,13,7,6,930,1,2,1,1.0,3,20033,M,0.0,0.0,202
201300048010,13,7,8,1302,1,2,1,1.0,2,20033,M,0.0,0.0,202
201300048011,13,7,10,1745,1,2,1,1.0,2,20033,M,0.0,0.0,202
201300048012,13,7,11,1150,1,2,1,1.0,3,20033,M,0.0,0.0,202
201300048013,13,7,11,1333,1,2,1,1.0,1,20120,M,0.0,0.0,202
201300048014,13,7,11,1932,1,2,1,1.0,2,20033,M,0.0,0.0,202
201300048015,13,7,11,2204,5,2,1,1.0,6,20033,M,0.0,0.0,202
201300048016,13,7,17,1110,1,2,1,1.0,2,20033,M,0.0,0.0,202
201300048017,13,7,17,2348,5,2,1,1.0,5,20033,M,0.0,0.0,202
201300048018,13,7,20,28,5,2,1,1.0,2,20033,M,0.0,0.0,202
201300048019,13,7,21,1144,1,1,1,1.0,6,20120,M,0.0,0.0,202
201300048020,13,7,22,750,1,2,1,1.0,2,20120,M,0.0,0.0,202
201300048021,13,7,24,1830,1,2,1,1.0,3,20120,M,0.0,0.0,202
201300048022,13,7,25,1826,1,2,1,1.0,2,20033,M,0.0,0.0,202
201300048023,13,7,30,1224,1,2,1,1.0,2,20033,M,0.0,0.0,202
201300048024,13,8,1,807,1,2,1,1.0,3,20033,M,0.0,0.0,202
201300048025,13,8,1,840,1,2,1,1.0,2,20033,M,0.0,0.0,202
201300048026,13,8,1,1710,1,2,1,1.0,6,20033,M,0.0,0.0,202
201300048027,13,8,2,923,1,2,1,1.0,6,20033,M,0.0,0.0,202
201300048028,13,8,2,1251,2,2,1,1.0,6,20033,M,0.0,0.0,202
201300048029,13,8,6,1439,1,2,2,1.0,3,20033,M,0.0,0.0,202
201300048030,13,8,7,2200,5,2,1,1.0,6,20120,M,0.0,0.0,202
201300048031,13,8,15,28,5,2,1,1.0,6,20120,M,0.0,0.0,202
201300048032,13,8,13,1853,1,2,1,1.0,1,20033,M,0.0,0.0,202
201300048033,13,8,13,1750,1,2,3,1.0,3,20033,M,0.0,0.0,202
201300048034,13,8,18,650,1,2,1,1.0,6,20037,M,0.0,0.0,202
201300048035,13,8,18,1029,1,2,1,1.0,1,20033,M,0.0,0.0,202
201300048036,13,8,19,2144,5,2,1,1.0,6,20033,M,0.0,0.0,202
201300048037,13,8,25,2300,3,1,1,1.0,6,20037,M,0.0,0.0,202
201300048038,13,8,27,1611,1,2,1,1.0,6,20033,M,0.0,0.0,202
201300048039,13,9,2,1130,1,2,1,1.0,6,20033,M,0.0,0.0,202
201300048040,13,9,2,2120,5,1,1,1.0,6,20120,M,0.0,0.0,202
201300048041,13,9,2,1445,1,2,1,1.0,4,20120,M,0.0,0.0,202
201300048042,13,9,9,1610,1,2,1,1.0,6,20037,M,0.0,0.0,202
201300048043,13,9,10,919,1,2,1,1.0,6,20120,M,0.0,0.0,202
201300048044,13,9,11,1450,1,2,1,1.0,6,20033,M,0.0,0.0,202
201300048045,13,9,12,835,1,2,1,1.0,6,20033,M,0.0,0.0,202
201300048046,13,9,13,845,1,2,1,1.0,2,20120,M,0.0,0.0,202
201300048047,13,9,18,820,1,1,1,1.0,3,20033,M,0.0,0.0,202
201300048048,13,9,18,2210,5,2,1,1.0,3,20353,M,0.0,0.0,202
201300048049,13,9,19,855,1,2,1,1.0,6,20033,M,0.0,0.0,202
201300048050,13,9,22,1830,1,2,1,1.0,3,20033,M,0.0,0.0,202
201300048051,13,9,23,1805,1,2,1,1.0,2,20033,M,0.0,0.0,202
201300048052,13,9,25,820,1,1,1,1.0,3,20037,M,0.0,0.0,202
201300048053,13,9,25,2212,5,2,1,1.0,1,20033,M,0.0,0.0,202
201300048054,13,9,28,1015,1,2,1,1.0,6,20033,M,0.0,0.0,202
201300048055,13,10,1,1525,1,2,1,1.0,3,20033,M,0.0,0.0,202
201300048056,13,10,3,1630,1,2,1,1.0,1,20120,M,0.0,0.0,202