Num_Acc,an,mois,jour,hrmn,lum,agg,int,atm,col,com,gps,lat,long,dep
201300048057,13,10,9,700,1,2,1,1.0,2,20037,M,0.0,0.0,202
201300048058,13,10,12,958,1,2,2,1.0,3,20033,M,0.0,0.0,202
201300048059,13,10,12,1835,1,2,1,1.0,6,20033,M,0.0,0.0,202
201300048060,13,10,15,1107,1,2,1,1.0,6,20033,M,0.0,0.0,202
201300048061,13,10,16,1345,1,2,1,1.0,3,20037,M,0.0,0.0,202
201300048062,13,10,16,1755,1,2,1,1.0,4,20033,M,0.0,0.0,202
201300048063,13,10,17,1410,1,2,1,1.0,2,20037,M,0.0,0.0,202
201300048064,13,10,19,1855,5,2,1,1.0,1,20033,M,0.0,0.0,202
201300048065,13,10,18,1926,5,2,1,2.0,3,20120,M,0.0,0.0,202
201300048066,13,10,21,1125,1,2,1,1.0,6,20037,M,0.0,0.0,202
201300048067,13,10,23,1830,5,2,1,1.0,1,20120,M,0.0,0.0,202
201300048068,13,10,22,1645,1,2,1,1.0,2,20033,M,0.0,0.0,202
201300048069,13,10,24,1500,1,2,1,1.0,2,20033,M,0.0,0.0,202
201300048070,13,10,29,1700,1,2,1,1.0,1,20033,M,0.0,0.0,202
201300048071,13,11,3,1205,1,2,1,1.0,2,20033,M,0.0,0.0,202
201300048072,13,11,4,940,1,2,1,1.0,6,20033,M,0.0,0.0,202
201300048073,13,11,4,1835,3,1,1,3.0,1,20033,M,0.0,0.0,202
201300048074,13,11,6,1820,5,2,2,1.0,1,20033,M,0.0,0.0,202
201300048075,13,11,7,1900,5,1,1,2.0,2,20037,M,0.0,0.0,202
201300048076,13,11,9,2100,5,2,1,1.0,6,20033,M,0.0,0.0,202
201300048077,13,11,13,1110,1,2,1,1.0,2,20033,M,0.0,0.0,202
201300048078,13,11,12,1820,5,2,1,1.0,6,20033,M,0.0,0.0,202
201300048079,13,11,14,1523,1,2,1,1.0,6,20033,M,0.0,0.0,202
201300048080,13,11,17,1028,1,2,1,1.0,6,20033,M,,,202
201300048081,13,11,17,2234,3,1,1,3.0,6,20033,M,,,202
201300048082,13,11,16,646,5,2,1,1.0,1,20037,M,,,202
201300048083,13,11,18,1625,2,2,1,3.0,3,20033,M,,,202
201300048084,13,11,19,1415,1,2,1,1.0,2,20033,M,,,202
201300048085,13,11,19,2207,5,2,1,1.0,3,20033,M,,,202
201300048086,13,11,21,940,1,2,1,3.0,1,20033,M,,,202
201300048087,13,11,21,1812,5,2,1,2.0,6,20033,M,,,202
201300048088,13,11,27,1738,5,2,1,1.0,4,20120,M,,,202
201300048089,13,11,30,2050,5,1,3,3.0,1,20120,M,,,202
201300048090,13,12,1,55,5,2,1,2.0,6,20033,M,,,202
201300048091,13,12,8,1905,5,2,1,1.0,6,20037,M,,,202
201300048092,13,12,12,945,1,1,1,1.0,2,20120,M,,,202
201300048093,13,12,12,1310,1,2,1,1.0,3,20120,M,,,202
201300048094,13,12,12,1829,5,2,1,1.0,6,20033,M,,,202
201300048095,13,12,12,1801,5,2,1,1.0,4,20033,M,,,202
201300048096,13,12,11,1805,5,1,1,1.0,2,20037,M,,,202
201300048097,13,12,11,1920,5,2,1,1.0,3,20033,M,,,202
201300048098,13,12,13,711,5,2,1,1.0,2,20037,M,,,202
201300048099,13,12,16,1555,5,1,1,1.0,1,20037,M,,,202
201300048100,13,12,17,1050,1,2,1,1.0,2,20033,M,,,202
201300048101,13,12,17,947,1,2,1,1.0,6,20033,M,,,202
201300048102,13,12,17,954,1,2,1,1.0,2,20033,M,,,202
201300048103,13,12,27,1052,1,1,1,1.0,2,20033,M,,,202
201300048104,13,12,27,1451,1,2,1,1.0,6,20033,M,,,202
201300048105,13,12,28,1705,1,2,1,1.0,6,20033,M,,,202
201300048106,13,12,28,1500,1,2,1,1.0,3,20033,M,,,202
201300048107,13,12,31,2124,5,2,1,1.0,6,20033,M,,,202
201300048108,13,1,9,2310,5,2,1,1.0,3,69382,M,,,69
201300048109,13,1,11,1430,1,2,1,1.0,6,69382,M,,,69
201300048110,13,1,18,200,5,1,1,1.0,6,69382,M,,,69
201300048111,13,1,19,130,5,2,1,2.0,4,69382,M,,,69
201300048112,13,1,9,745,2,2,1,1.0,6,69382,M,,,69
201300048113,13,2,14,1440,1,2,2,1.0,6,69382,M,,,69
201300048114,13,2,1,1525,1,2,1,1.0,7,69382,M,,,69
201300048115,13,2,13,1045,1,2,1,1.0,7,69382,M,,,69
201300048116,13,2,14,1700,1,2,3,2.0,6,69382,M,,,69
201300048117,13,2,17,210,5,2,1,1.0,6,69382,M,,,69
201300048118,13,2,19,1045,1,2,1,1.0,6,69382,M,,,69
201300048119,13,2,20,1355,1,2,1,1.0,5,69382,M,,,69
201300048120,13,2,26,1410,1,2,1,1.0,2,69382,M,,,69
201300048121,13,2,28,1850,5,2,1,1.0,2,69382,M,,,69
201300048122,13,3,16,1655,1,2,1,1.0,6,69382,M,,,69
201300048123,13,4,1,2300,5,2,1,1.0,6,69382,M,,,69
201300048124,13,4,3,2220,5,2,1,1.0,6,69382,M,,,69
201300048125,13,4,5,1730,1,2,1,2.0,4,69382,M,,,69
201300048126,13,4,13,1915,1,2,2,1.0,6,69382,M,,,69
201300048127,13,4,12,5,5,2,2,2.0,3,69382,M,,,69
201300048128,13,4,23,1515,1,2,1,1.0,6,69382,M,,,69
201300048129,13,4,23,1530,1,2,1,1.0,4,69382,M,,,69
201300048130,13,4,21,240,5,2,1,1.0,7,69382,M,,,69
201300048131,13,5,17,1840,1,2,1,2.0,6,69382,M,,,69
201300048132,13,5,19,440,5,2,2,1.0,6,69382,M,,,69
201300048133,13,5,6,905,1,2,9,1.0,2,69382,M,,,69
201300048134,13,5,9,2100,5,2,1,1.0,6,69382,M,,,69
201300048135,13,5,8,1845,1,2,1,2.0,6,69382,M,,,69
201300048136,13,5,16,1845,1,2,1,2.0,4,69382,M,,,69
201300048137,13,5,18,300,5,2,1,1.0,6,69382,M,,,69
201300048138,13,5,22,1505,1,2,1,1.0,3,69382,M,,,69
201300048139,13,5,25,2330,5,2,1,1.0,6,69382,M,,,69
201300048140,13,5,29,1710,1,2,1,3.0,3,69382,M,,,69
201300048141,13,5,31,850,1,2,3,1.0,3,69382,M,,,69
201300048142,13,6,1,1440,1,2,2,1.0,6,69382,M,,,69
201300048143,13,6,5,930,1,2,2,1.0,3,69382,M,,,69
201300048144,13,6,23,1600,1,2,1,1.0,7,69382,M,,,69
201300048145,13,6,25,2055,1,2,1,1.0,3,69382,M,,,69
201300048146,13,6,29,35,5,2,2,1.0,2,69382,M,,,69
201300048147,13,6,30,1200,1,2,3,1.0,2,69382,M,,,69
201300048148,13,6,30,1845,1,2,1,1.0,5,69382,M,,,69
201300048149,13,6,29,1145,1,2,3,2.0,3,69382,M,,,69
201300048150,13,7,2,1840,1,2,1,1.0,6,69382,M,,,69
201300048151,13,7,3,1727,1,2,1,1.0,6,69382,M,,,69
201300048152,13,7,5,1825,1,2,1,1.0,6,69382,M,,,69
201300048153,13,7,20,2300,5,2,1,1.0,6,69382,M,,,69
201300048154,13,7,21,1807,1,2,3,1.0,3,69382,M,,,69
201300048155,13,7,12,340,5,2,1,1.0,6,69382,M,,,69
201300048156,13,7,24,1030,1,2,3,1.0,1,69382,M,,,69
201300048157,13,7,24,1630,1,2,1,1.0,6,69382,M,,,69
201300048158,13,7,30,1225,1,2,1,1.0,6,69382,M,,,69
201300048159,13,7,24,1315,1,2,1,1.0,6,69382,M,,,69
201300048160,13,8,1,1715,1,2,2,1.0,3,69382,M,,,69
201300048161,13,8,1,2350,5,2,1,1.0,6,69382,M,,,69
201300048162,13,8,3,1100,1,2,1,1.0,3,69382,M,,,69
201300048163,13,8,3,1155,1,2,1,1.0,6,69382,M,,,69
201300048164,13,8,4,1145,1,2,1,1.0,6,69382,M,,,69
201300048165,13,8,30,1530,1,2,5,1.0,3,69382,M,,,69
201300048166,13,9,5,1250,1,2,1,1.0,4,69382,M,,,69
201300048167,13,9,6,1830,1,2,1,1.0,6,69382,M,,,69
201300048168,13,9,12,1855,1,2,2,1.0,3,69382,M,,,69
201300048169,13,9,1,445,5,2,2,1.0,3,69382,M,,,69
201300048170,13,9,20,2100,5,2,1,1.0,3,69382,M,,,69
201300048171,13,9,21,2200,5,2,1,1.0,6,69382,M,,,69
201300048172,13,10,10,1555,1,2,2,1.0,3,69382,M,,,69
201300048173,13,9,25,731,1,2,1,1.0,6,69382,M,,,69
201300048174,13,10,18,350,5,2,1,1.0,6,69382,M,,,69
201300048175,13,11,16,2005,5,2,1,1.0,6,69382,M,,,69
201300048176,13,11,28,140,5,2,1,1.0,6,69382,M,,,69
201300048177,13,11,30,1300,1,2,1,1.0,6,69382,M,,,69
201300048178,13,12,1,850,1,2,2,1.0,3,69382,M,,,69
201300048179,13,12,10,755,1,2,1,5.0,2,69382,M,,,69
201300048180,13,12,13,115,5,2,1,1.0,6,69382,M,,,69
201300048181,13,12,17,1510,1,2,1,7.0,6,69382,M,,,69
201300048182,13,12,19,700,5,2,1,2.0,6,69382,M,,,69
201300048183,13,12,20,30,5,2,1,2.0,6,69382,M,,,69
201300048184,13,12,22,1850,5,2,1,1.0,2,69382,M,,,69
201300048185,13,1,1,600,4,1,1,2.0,6,62274,M,,,62
201300048186,13,1,2,1315,1,1,1,1.0,7,59507,M,,,59
201300048187,13,1,3,1410,1,1,1,1.0,7,62587,M,,,62
201300048188,13,1,3,1910,3,1,1,2.0,5,59532,M,5095861.0,215931.0,59
201300048189,13,1,13,530,5,1,1,2.0,6,62498,M,,,62
201300048190,13,1,16,1250,1,1,1,2.0,4,59043,M,,,59
201300048191,13,2,2,1145,1,1,1,1.0,7,62427,M,,,62
201300048192,13,2,9,1800,3,1,1,2.0,7,62748,M,,,62
201300048193,13,2,11,750,1,1,1,1.0,3,62510,M,,,62
201300048194,13,2,12,600,3,1,1,8.0,3,62186,M,,,62
201300048195,13,2,12,1400,1,1,1,1.0,5,59646,M,,,59
201300048196,13,2,15,320,5,1,1,8.0,7,59343,M,,,59
201300048197,13,2,15,2010,5,1,1,1.0,2,59350,M,,,59
201300048198,13,3,1,1245,1,1,1,1.0,2,59082,M,,,59
201300048199,13,3,1,1930,2,1,1,1.0,2,59462,M,,,59
201300048200,13,3,11,2030,3,1,1,4.0,5,59146,M,,,59
201300048201,13,3,12,1400,1,1,1,4.0,2,59124,M,,,59
201300048202,13,3,17,1800,1,1,1,2.0,7,59350,M,,,59
201300048203,13,3,22,1245,1,1,1,1.0,2,59196,M,,,59
201300048204,13,3,22,2100,3,1,1,8.0,2,59234,M,,,59
201300048205,13,3,27,1400,1,1,1,1.0,4,59378,M,,,59
201300048206,13,4,2,900,1,1,1,7.0,7,59278,M,,,59
201300048207,13,4,5,1620,1,1,1,1.0,3,59155,M,,,59
201300048208,13,4,8,400,3,1,1,1.0,1,59260,M,,,59
201300048209,13,4,10,1330,1,1,1,2.0,7,59179,M,,,59
201300048210,13,4,13,1730,1,1,1,2.0,4,59082,M,,,59
201300048211,13,4,14,100,5,1,1,2.0,4,59585,M,,,59
201300048212,13,4,25,1420,1,1,1,1.0,6,59205,M,,,59
201300048213,13,5,1,45,3,1,1,1.0,6,62528,M,,,62
201300048214,13,5,1,2000,1,1,1,1.0,6,59350,M,,,59
201300048215,13,5,7,1220,1,1,1,1.0,7,62193,M,,,62
201300048216,13,5,16,920,1,1,1,2.0,6,59343,M,,,59
201300048217,13,5,16,1745,1,1,1,2.0,3,59507,M,,,59
201300048218,13,5,16,1910,3,1,1,1.0,5,62193,M,5093665.0,185233.0,62
201300048219,13,5,19,410,3,1,1,1.0,2,59491,M,,,59
201300048220,13,5,23,909,1,1,9,1.0,2,62637,M,,,62
201300048221,13,5,25,1920,1,1,1,1.0,3,59009,M,,,59
201300048222,13,5,23,930,1,1,1,2.0,2,62637,M,,,62
201300048223,13,6,7,1000,1,1,1,1.0,6,59288,M,,,59
201300048224,13,6,19,1155,1,1,1,2.0,6,59143,M,,,59
201300048225,13,6,24,500,2,1,1,8.0,7,59479,M,,,59
201300048226,13,7,5,1050,1,1,1,1.0,2,59350,M,,,59
201300048227,13,7,6,1130,1,1,1,1.0,6,62274,M,,,62
201300048228,13,7,8,815,1,1,1,1.0,2,59350,M,,,59
201300048229,13,7,12,2355,3,1,1,1.0,2,62193,M,,,62
201300048230,13,7,18,1435,1,1,1,7.0,6,59350,M,5062744.0,308324.0,59
201300048231,13,7,20,310,5,1,1,1.0,6,62351,M,,,62
201300048232,13,7,25,2025,3,1,1,1.0,7,59350,M,,,59
201300048233,13,7,28,1700,1,1,1,1.0,7,59646,M,,,59
201300048234,13,8,1,2105,1,1,1,1.0,7,59456,M,5038083.0,322936.0,59
201300048235,13,8,2,1900,1,1,1,1.0,3,59350,M,,,59
201300048236,13,8,3,510,5,1,1,1.0,2,62628,M,,,62
201300048237,13,8,7,10,3,1,1,1.0,6,62852,M,,,62
201300048238,13,8,16,930,1,1,1,1.0,7,59599,M,,,59
201300048239,13,8,20,1835,1,1,1,1.0,6,59508,M,,,59
201300048240,13,8,21,2030,2,1,1,1.0,6,59410,M,,,59
201300048241,13,8,22,1200,2,1,1,1.0,6,59491,M,,,59
201300048242,13,8,23,1840,1,1,1,1.0,7,62748,M,,,62
201300048243,13,8,27,1820,1,1,1,1.0,3,59378,M,,,59
201300048244,13,8,28,1245,1,1,1,1.0,6,59507,M,,,59
201300048245,13,8,28,1800,1,1,1,1.0,6,59155,M,,,59
201300048246,13,8,30,1015,1,1,1,1.0,7,59508,M,,,59
201300048247,13,9,2,1315,1,1,1,1.0,6,59360,M,,,59
201300048248,13,9,2,1457,1,1,1,1.0,6,59090,M,,,59
201300048249,13,9,3,1320,1,1,1,1.0,3,62528,M,,,62
201300048250,13,9,5,1700,1,1,1,1.0,6,59009,M,,,59
201300048251,13,9,7,1010,1,1,1,1.0,6,59343,M,,,59
201300048252,13,9,8,730,1,1,1,1.0,7,59009,M,,,59
201300048253,13,9,9,1615,1,1,1,2.0,7,59179,M,,,59
201300048254,13,9,11,1430,1,1,1,2.0,6,59009,M,,,59
201300048255,13,9,14,2020,3,1,1,9.0,6,59195,M,,,59
201300048256,13,9,17,2110,5,1,1,2.0,6,59646,M,,,59
201300048257,13,9,18,1340,1,1,1,1.0,3,59350,M,,,59
201300048258,13,9,20,710,1,1,1,1.0,2,59043,M,,,59
201300048259,13,9,20,900,1,1,1,9.0,3,59090,M,,,59
201300048260,13,9,24,745,2,1,1,1.0,4,59196,M,,,59
201300048261,13,9,28,1930,1,1,1,1.0,6,59032,M,,,59
201300048262,13,9,30,120,4,1,1,1.0,6,59507,M,,,59
201300048263,13,9,30,1515,1,1,1,1.0,6,59378,M,,,59
201300048264,13,10,2,745,2,1,1,1.0,6,59123,M,,,59
201300048265,13,10,3,2120,5,1,1,1.0,2,59256,M,,,59
201300048266,13,10,7,227,4,1,1,1.0,1,59378,M,,,59
201300048267,13,10,9,230,3,1,1,1.0,6,59313,M,,,59
201300048268,13,10,11,515,5,1,1,8.0,6,62771,M,,,62
201300048269,13,10,11,1015,1,1,1,1.0,3,59215,M,,,59
201300048270,13,10,11,1715,1,1,1,1.0,6,59080,M,,,59
201300048271,13,10,16,1350,1,1,1,1.0,3,62907,M,,,62
201300048272,13,10,16,1815,1,1,1,3.0,6,59574,M,,,59
201300048273,13,10,17,1845,1,1,1,1.0,2,59340,M,,,59
201300048274,13,10,25,1730,1,1,1,2.0,4,59564,M,,,59
201300048275,13,10,26,150,3,1,1,8.0,2,59179,M,,,59
201300048276,13,10,26,1745,1,1,1,1.0,7,59566,M,,,59
201300048277,13,10,27,5,3,1,1,1.0,2,59462,M,,,59
201300048278,13,11,1,1340,1,1,1,1.0,2,59378,M,,,59
201300048279,13,11,2,1700,1,1,1,1.0,2,59350,M,,,59
201300048280,13,11,3,1215,1,1,1,6.0,6,62498,M,,,62
201300048281,13,11,3,2300,5,1,1,3.0,6,62498,M,,,62
201300048282,13,11,12,2215,3,1,1,1.0,4,59401,M,,,59
201300048283,13,11,13,845,1,1,1,1.0,4,59401,M,,,59
201300048284,13,11,13,1710,2,1,1,1.0,4,62274,M,,,62
201300048285,13,11,13,1815,3,1,1,1.0,4,59350,M,,,59
201300048286,13,11,14,1310,1,1,1,1.0,2,62274,M,5043183.0,298135.0,62
201300048287,13,11,19,1815,4,1,1,8.0,5,62274,M,,,62
201300048288,13,11,21,100,3,1,1,5.0,2,59574,M,,,59
201300048289,13,11,21,1140,1,1,1,1.0,6,62498,M,,,62
201300048290,13,11,24,440,5,1,1,1.0,6,59195,M,,,59
201300048291,13,11,24,1920,3,1,1,2.0,6,59260,M,,,59
201300048292,13,11,29,1540,1,1,1,1.0,3,59155,M,,,59
201300048293,13,11,30,850,1,1,1,1.0,6,59401,M,,,59
201300048294,13,11,30,1900,3,1,1,2.0,3,59606,M,,,59
201300048295,13,12,4,1855,5,1,1,2.0,5,59646,M,,,59
201300048296,13,12,9,1,3,1,1,1.0,6,59636,M,,,59
201300048297,13,12,9,1703,5,1,1,1.0,7,59009,M,,,59
201300048298,13,12,9,2120,3,1,1,1.0,4,59378,M,,,59
201300048299,13,12,19,1015,1,1,1,1.0,2,59258,M,,,59
201300048300,13,12,19,1420,1,1,1,1.0,6,59143,M,,,59
201300048301,13,12,19,1930,3,1,1,1.0,6,59359,M,,,59
201300048302,13,12,20,1645,1,1,1,1.0,6,59646,M,,,59
201300048303,13,12,22,1040,1,1,1,6.0,6,62766,M,,,62
201300048304,13,12,24,1700,3,1,1,3.0,6,59586,M,,,59
201300048305,13,12,26,945,1,1,1,1.0,6,59234,M,,,59
201300048306,13,12,26,1415,1,1,1,1.0,3,59350,M,,,59
201300048307,13,12,28,1100,1,1,1,1.0,2,59646,M,,,59
201300048308,13,12,29,430,3,1,1,1.0,6,59195,M,,,59
201300048309,13,1,4,1050,1,2,1,2.0,6,69386,M,,,69
201300048310,13,1,5,1945,4,2,2,1.0,1,69383,M,,,69
201300048311,13,1,9,815,1,2,1,1.0,2,69386,M,,,69
201300048312,13,1,9,1750,5,2,2,1.0,3,69383,M,,,69
201300048313,13,2,5,1755,2,2,3,3.0,6,69385,M,,,69
201300048314,13,1,14,2040,5,2,2,1.0,1,69383,M,,,69
201300048315,13,2,12,1225,1,2,1,2.0,6,69385,M,,,69
201300048316,13,1,16,1235,1,2,1,1.0,6,69386,M,,,69
201300048317,13,2,13,1655,1,2,1,1.0,6,69385,M,,,69
201300048318,13,1,18,740,5,2,2,1.0,6,69383,M,,,69
201300048319,13,1,18,750,2,2,2,1.0,3,69383,M,,,69
201300048320,13,1,22,1640,1,2,2,1.0,3,69386,M,,,69
201300048321,13,1,24,2230,5,2,2,1.0,3,69386,M,,,69
201300048322,13,1,23,1435,1,2,3,1.0,3,69386,M,,,69
201300048323,13,1,26,1910,5,2,1,1.0,6,69383,M,,,69
201300048324,13,1,28,1200,1,2,2,2.0,3,69383,M,,,69
201300048325,13,2,1,830,1,2,1,1.0,6,69383,M,,,69
201300048326,13,2,2,1310,1,2,2,1.0,3,69383,M,,,69
201300048327,13,2,4,1200,1,2,1,8.0,6,69386,M,,,69
201300048328,13,2,4,1910,5,2,1,2.0,6,69383,M,,,69
201300048329,13,2,1,1240,1,2,1,8.0,6,69383,M,,,69
201300048330,13,2,2,1220,1,2,2,1.0,3,69386,M,,,69
201300048331,13,2,6,1805,5,2,2,2.0,6,69383,M,,,69
201300048332,13,2,8,855,1,2,1,1.0,6,69386,M,,,69
201300048333,13,2,12,1750,5,2,2,2.0,3,69383,M,,,69
201300048334,13,2,15,810,1,2,3,1.0,3,69386,M,,,69
201300048335,13,2,15,1020,1,2,1,1.0,2,69386,M,,,69
201300048336,13,2,20,1305,1,2,1,1.0,1,69383,M,,,69
201300048337,13,2,23,55,5,2,2,1.0,6,69383,M,,,69
201300048338,13,2,26,1940,5,2,2,1.0,3,69386,M,,,69
201300048339,13,2,27,1630,1,2,2,1.0,6,69386,M,,,69
201300048340,13,2,27,1200,1,2,1,1.0,4,69383,M,,,69
201300048341,13,3,3,945,1,2,2,1.0,6,69386,M,,,69
201300048342,13,3,5,1700,1,2,2,1.0,3,69383,M,,,69
201300048343,13,3,5,2010,5,2,4,1.0,6,69383,M,,,69
201300048344,13,3,8,1040,1,2,3,1.0,6,69383,M,,,69
201300048345,13,3,7,1510,1,2,1,1.0,6,69383,M,,,69
201300048346,13,3,9,1650,1,2,2,1.0,3,69383,M,,,69
201300048347,13,3,9,1920,5,2,2,1.0,3,69383,M,,,69
201300048348,13,3,11,1340,1,2,2,1.0,3,69383,M,,,69
201300048349,13,3,11,1345,1,2,2,1.0,3,69383,M,,,69
201300048350,13,3,11,1800,1,2,1,1.0,3,69383,M,,,69
201300048351,13,3,12,1500,1,2,1,1.0,6,69386,M,,,69
201300048352,13,3,14,1300,1,2,1,1.0,4,69383,M,,,69
201300048353,13,3,15,1745,1,2,2,1.0,3,69383,M,,,69
201300048354,13,3,18,1420,1,2,1,8.0,2,69383,M,,,69
201300048355,13,3,29,420,5,2,1,8.0,3,69386,M,,,69
201300048356,13,3,30,2030,5,2,3,3.0,3,69386,M,,,69
201300048357,13,4,6,1315,1,2,1,1.0,6,69383,M,,,69
201300048358,13,4,4,1620,1,2,3,1.0,1,69383,M,,,69
201300048359,13,4,8,1120,1,2,3,2.0,3,69386,M,,,69
201300048360,13,4,10,2125,5,2,2,2.0,1,69383,M,,,69
201300048361,13,4,12,1700,1,2,1,2.0,7,69383,M,,,69
201300048362,13,4,13,35,5,2,3,1.0,6,69386,M,,,69
201300048363,13,4,13,430,5,2,2,1.0,3,69383,M,,,69
201300048364,13,4,16,1630,1,2,2,1.0,3,69386,M,,,69
201300048365,13,4,16,1955,1,2,1,1.0,6,69383,M,,,69
201300048366,13,4,3,2030,5,2,1,1.0,6,69386,M,,,69
201300048367,13,4,13,1500,1,2,1,1.0,6,69383,M,,,69
201300048368,13,4,17,1235,1,2,1,1.0,3,69383,M,,,69
201300048369,13,4,18,1650,1,2,2,1.0,6,69386,M,,,69
201300048370,13,4,19,940,1,2,1,2.0,2,69383,M,,,69
201300048371,13,4,9,2230,5,2,1,1.0,3,69383,M,,,69
201300048372,13,4,25,1215,1,2,1,1.0,2,69383,M,,,69
201300048373,13,4,25,2225,5,2,2,1.0,6,69386,M,,,69
201300048374,13,4,28,2240,5,2,1,2.0,6,69386,M,,,69
201300048375,13,4,29,815,1,2,2,2.0,6,69386,M,,,69
201300048376,13,5,2,915,1,2,1,8.0,6,69383,M,,,69
201300048377,13,5,2,1540,1,2,1,1.0,2,69386,M,,,69
201300048378,13,5,7,1645,1,2,2,1.0,6,69386,M,,,69
201300048379,13,5,11,1805,1,2,2,1.0,1,69386,M,,,69
201300048380,13,5,14,1345,1,2,1,1.0,4,69383,M,,,69
201300048381,13,5,16,1545,1,2,2,2.0,3,69383,M,,,69
201300048382,13,5,21,1205,1,2,2,1.0,6,69386,M,,,69
201300048383,13,5,24,1345,1,2,1,1.0,6,69386,M,,,69
201300048384,13,5,24,1530,1,2,3,1.0,3,69383,M,,,69
201300048385,13,5,24,1840,1,2,1,1.0,3,69383,M,,,69
201300048386,13,5,27,1430,1,2,1,1.0,3,69383,M,,,69
201300048387,13,5,28,1010,1,2,3,8.0,6,69383,M,,,69
201300048388,13,5,30,1300,1,2,3,2.0,6,69383,M,,,69
201300048389,13,5,30,1525,1,2,1,2.0,6,69386,M,,,69
201300048390,13,5,30,1650,1,2,1,1.0,6,69383,M,,,69
201300048391,13,5,31,1735,1,2,2,2.0,6,69383,M,,,69
201300048392,13,6,3,1030,1,2,1,1.0,4,69386,M,,,69
201300048393,13,6,3,1100,1,2,2,1.0,3,69383,M,,,69
201300048394,13,6,3,2115,5,2,9,1.0,6,69386,M,,,69
201300048395,13,6,5,1610,1,2,1,1.0,6,69383,M,,,69
201300048396,13,6,5,1925,1,2,1,1.0,4,69386,M,,,69
201300048397,13,6,5,2200,5,2,1,1.0,3,69383,M,,,69
201300048398,13,6,7,10,5,2,1,1.0,2,69383,M,,,69
201300048399,13,6,11,1100,1,2,2,1.0,3,69386,M,,,69
201300048400,13,6,11,1800,1,2,2,1.0,6,69383,M,,,69
201300048401,13,6,13,1155,1,2,2,1.0,3,69386,M,,,69
201300048402,13,6,13,1845,1,2,1,2.0,6,69383,M,,,69
201300048403,13,6,13,1945,1,2,2,3.0,6,69383,M,,,69
201300048404,13,6,14,1550,1,2,1,1.0,6,69383,M,,,69
201300048405,13,6,18,1615,1,2,1,1.0,4,69383,M,,,69
201300048406,13,6,19,1400,1,2,1,1.0,7,69386,M,,,69
201300048407,13,6,18,1915,1,2,2,1.0,6,69386,M,,,69
201300048408,13,6,26,1510,1,2,1,1.0,6,69383,M,,,69
201300048409,13,6,26,1630,1,2,2,7.0,3,69386,M,,,69
201300048410,13,6,19,1050,1,2,1,1.0,6,69386,M,,,69
201300048411,13,6,30,320,5,2,2,1.0,3,69383,M,,,69
201300048412,13,7,1,1800,1,2,2,1.0,6,69383,M,,,69
201300048413,13,7,2,1315,1,2,2,1.0,3,69386,M,,,69
201300048414,13,7,4,1905,1,2,1,1.0,5,69386,M,,,69
201300048415,13,7,1,940,1,2,1,1.0,3,69386,M,,,69
201300048416,13,7,2,1540,1,2,2,1.0,6,69383,M,,,69
201300048417,13,7,4,1905,1,2,2,1.0,3,69386,M,,,69
201300048418,13,7,5,1305,1,2,2,1.0,3,69383,M,,,69
201300048419,13,7,6,350,5,2,1,1.0,6,69386,M,,,69
201300048420,13,7,10,1200,1,2,2,1.0,6,69383,M,,,69
201300048421,13,7,12,200,5,2,1,1.0,2,69386,M,,,69
201300048422,13,7,12,900,1,2,2,1.0,6,69386,M,,,69
201300048423,13,7,12,1215,1,2,5,1.0,2,69383,M,,,69
201300048424,13,7,15,1950,1,2,2,1.0,3,69383,M,,,69
201300048425,13,7,15,1615,1,2,3,1.0,3,69386,M,,,69
201300048426,13,7,16,1845,1,2,1,1.0,3,69383,M,,,69
201300048427,13,7,16,1805,1,2,2,1.0,1,69383,M,,,69
201300048428,13,7,22,1750,1,2,1,1.0,2,69386,M,,,69
201300048429,13,7,23,1220,1,2,2,1.0,3,69383,M,,,69
201300048430,13,7,23,1230,1,2,1,1.0,6,69386,M,,,69
201300048431,13,7,25,1010,1,2,1,1.0,6,69386,M,,,69
201300048432,13,7,26,1005,1,2,2,1.0,3,69383,M,,,69
201300048433,13,7,26,1730,1,2,1,1.0,3,69383,M,,,69
201300048434,13,7,29,1510,1,2,2,1.0,3,69386,M,,,69
201300048435,13,7,31,1415,1,2,2,1.0,3,69386,M,,,69
201300048436,13,7,30,1235,1,2,2,1.0,3,69383,M,,,69
201300048437,13,6,28,1400,1,2,1,2.0,3,69383,M,,,69
201300048438,13,8,5,100,5,2,2,1.0,3,69383,M,,,69
201300048439,13,7,29,1035,1,2,1,1.0,4,69383,M,,,69
201300048440,13,8,8,1235,1,2,2,3.0,3,69383,M,,,69
201300048441,13,8,4,1235,1,2,2,1.0,3,69383,M,,,69
201300048442,13,8,8,1640,1,2,1,2.0,7,69383,M,,,69
201300048443,13,8,20,820,1,2,2,1.0,3,69386,M,,,69
201300048444,13,8,20,1450,1,2,1,1.0,6,69383,M,,,69
201300048445,13,8,12,1200,1,2,1,1.0,6,69386,M,,,69
201300048446,13,8,24,235,5,2,1,1.0,6,69386,M,,,69
201300048447,13,8,26,1900,1,2,1,1.0,5,69383,M,,,69
201300048448,13,8,27,1335,1,2,2,2.0,6,69386,M,,,69
201300048449,13,8,27,1720,1,2,1,1.0,6,69383,M,,,69
201300048450,13,8,27,1255,1,2,2,2.0,3,69386,M,,,69
201300048451,13,8,30,1520,1,2,1,1.0,6,69386,M,,,69
201300048452,13,9,2,1025,1,2,1,1.0,6,69383,M,,,69
201300048453,13,9,2,1750,1,2,1,1.0,3,69383,M,,,69
201300048454,13,9,5,1550,1,2,1,1.0,2,69383,M,,,69
201300048455,13,9,6,1350,1,2,1,1.0,6,69383,M,,,69
201300048456,13,9,7,1635,1,2,1,1.0,6,69383,M,,,69
201300048457,13,9,9,1210,1,2,1,1.0,2,69383,M,,,69