Num_Acc,an,mois,jour,hrmn,lum,agg,int,atm,col,com,gps,lat,long,dep
201300048458,13,9,4,655,2,2,2,1.0,3,69386,M,,,69
201300048459,13,9,4,1820,1,2,3,1.0,6,69383,M,,,69
201300048460,13,9,9,1045,1,2,2,1.0,6,69386,M,,,69
201300048461,13,9,9,1510,1,2,1,1.0,4,69383,M,,,69
201300048462,13,9,10,900,1,2,1,1.0,7,69383,M,,,69
201300048463,13,9,11,1310,1,2,1,1.0,3,69383,M,,,69
201300048464,13,9,11,950,1,2,1,1.0,6,69383,M,,,69
201300048465,13,9,11,1030,1,2,1,1.0,7,69383,M,,,69
201300048466,13,9,12,1545,1,2,1,1.0,6,69386,M,,,69
201300048467,13,9,9,1530,1,2,2,1.0,3,69386,M,,,69
201300048468,13,9,13,1820,1,2,3,1.0,3,69386,M,,,69
201300048469,13,9,15,1105,1,2,2,1.0,3,69383,M,,,69
201300048470,13,9,19,1735,1,2,3,1.0,3,69386,M,,,69
201300048471,13,9,19,1845,1,2,1,1.0,6,69386,M,,,69
201300048472,13,9,22,2025,5,2,1,1.0,6,69383,M,,,69
201300048473,13,9,23,1225,1,2,1,1.0,6,69386,M,,,69
201300048474,13,9,25,1420,1,2,1,1.0,2,69383,M,,,69
201300048475,13,9,24,1900,2,2,2,1.0,3,69383,M,,,69
201300048476,13,7,29,1520,1,2,2,1.0,3,69383,M,,,69
201300048477,13,9,1,2050,5,2,1,1.0,2,69386,M,,,69
201300048478,13,9,26,1445,1,2,2,1.0,3,69386,M,,,69
201300048479,13,9,28,1955,1,2,1,1.0,5,69383,M,,,69
201300048480,13,9,28,2155,5,2,2,1.0,3,69386,M,,,69
201300048481,13,9,29,1210,1,2,1,2.0,2,69383,M,,,69
201300048482,13,9,30,2200,5,2,1,1.0,2,69386,M,,,69
201300048483,13,9,24,745,1,2,1,1.0,2,69383,M,,,69
201300048484,13,10,3,915,1,2,1,1.0,2,69383,M,,,69
201300048485,13,10,4,1135,1,2,2,1.0,6,69383,M,,,69
201300048486,13,10,7,1454,1,2,2,1.0,3,69383,M,,,69
201300048487,13,10,8,1830,2,2,1,1.0,3,69386,M,,,69
201300048488,13,10,9,2150,5,2,2,1.0,3,69383,M,,,69
201300048489,13,10,9,1900,5,2,1,1.0,6,69386,M,,,69
201300048490,13,10,9,1940,5,2,2,1.0,6,69386,M,,,69
201300048491,13,10,2,2050,5,1,2,1.0,3,69386,M,,,69
201300048492,13,10,16,1720,1,2,2,1.0,3,69386,M,,,69
201300048493,13,10,17,845,1,2,2,1.0,3,69386,M,,,69
201300048494,13,10,11,1950,5,2,3,1.0,3,69386,M,,,69
201300048495,13,10,20,925,1,2,5,8.0,3,69383,M,,,69
201300048496,13,10,21,1825,2,2,1,2.0,6,69383,M,,,69
201300048497,13,10,18,800,1,2,1,1.0,6,69383,M,,,69
201300048498,13,10,21,1650,1,2,2,1.0,3,69386,M,,,69
201300048499,13,10,22,1653,1,2,1,1.0,6,69383,M,,,69
201300048500,13,10,23,2015,5,2,2,1.0,6,69383,M,,,69
201300048501,13,10,25,940,1,2,1,1.0,2,69383,M,,,69
201300048502,13,10,25,2150,5,2,2,1.0,3,69383,M,,,69
201300048503,13,10,30,1855,5,2,2,1.0,6,69383,M,,,69
201300048504,13,10,22,1030,1,2,2,1.0,3,69383,M,,,69
201300048505,13,11,6,2045,5,2,2,1.0,3,69386,M,,,69
201300048506,13,11,8,1040,1,2,1,1.0,6,69386,M,,,69
201300048507,13,11,8,1909,5,2,5,2.0,6,69383,M,,,69
201300048508,13,11,9,1910,4,2,2,3.0,5,69383,M,,,69
201300048509,13,11,12,1920,5,2,2,1.0,3,69383,M,,,69
201300048510,13,11,13,1540,1,2,2,1.0,3,69386,M,,,69
201300048511,13,11,15,2330,5,2,1,1.0,2,69383,M,,,69
201300048512,13,11,19,1130,1,2,2,2.0,2,69383,M,,,69
201300048513,13,11,19,1700,5,2,2,2.0,6,69383,M,,,69
201300048514,13,11,20,730,2,2,2,2.0,6,69383,M,,,69
201300048515,13,11,21,1730,3,2,2,2.0,3,69386,M,,,69
201300048516,13,11,23,2005,5,2,2,1.0,3,69383,M,,,69
201300048517,13,11,27,1815,5,2,1,1.0,6,69383,M,,,69
201300048518,13,11,27,2300,5,2,2,1.0,3,69386,M,,,69
201300048519,13,11,4,1025,1,2,1,1.0,6,69383,M,,,69
201300048520,13,11,9,1630,1,2,2,1.0,3,69383,M,,,69
201300048521,13,11,27,1920,5,2,2,1.0,3,69383,M,,,69
201300048522,13,11,28,1935,5,2,2,1.0,6,69386,M,,,69
201300048523,13,11,28,1,5,2,3,1.0,7,69386,M,,,69
201300048524,13,11,28,1000,1,2,1,1.0,6,69386,M,,,69
201300048525,13,12,3,1220,1,2,2,1.0,6,69386,M,,,69
201300048526,13,12,4,830,1,2,3,1.0,3,69383,M,,,69
201300048527,13,12,23,1825,5,2,1,1.0,6,69386,M,,,69
201300048528,13,12,10,949,1,2,1,1.0,2,69386,M,,,69
201300048529,13,12,16,1155,1,2,2,1.0,3,69386,M,,,69
201300048530,13,12,19,1350,1,2,1,3.0,6,69383,M,,,69
201300048531,13,12,18,1855,5,2,1,1.0,6,69383,M,,,69
201300048532,13,12,17,1030,1,2,2,1.0,6,69386,M,,,69
201300048533,13,12,22,1930,5,2,1,1.0,6,69383,M,,,69
201300048534,13,12,22,1730,5,2,4,1.0,6,69386,M,,,69
201300048535,13,12,25,2102,5,2,2,3.0,3,69383,M,,,69
201300048536,13,1,5,700,5,2,2,1.0,3,69384,M,,,69
201300048537,13,1,13,1925,5,2,2,8.0,3,69384,M,,,69
201300048538,13,1,30,725,5,2,1,1.0,2,69384,M,,,69
201300048539,13,2,16,1825,5,2,1,1.0,6,69384,M,,,69
201300048540,13,2,27,1645,1,2,1,1.0,6,69384,M,,,69
201300048541,13,3,4,1618,1,2,1,1.0,6,69384,M,,,69
201300048542,13,3,5,840,1,2,1,1.0,2,69384,M,,,69
201300048543,13,4,26,1325,1,2,1,2.0,7,69384,M,,,69
201300048544,13,4,27,1040,1,2,1,3.0,6,69384,M,,,69
201300048545,13,5,4,2020,2,2,1,1.0,1,69384,M,,,69
201300048546,13,5,18,1530,1,2,1,2.0,7,69384,M,,,69
201300048547,13,5,23,850,1,2,1,1.0,3,69384,M,,,69
201300048548,13,5,27,1800,1,2,1,1.0,6,69384,M,,,69
201300048549,13,5,29,705,1,2,1,1.0,1,69384,M,,,69
201300048550,13,5,30,900,1,2,1,8.0,6,69384,M,,,69
201300048551,13,6,25,915,1,2,2,1.0,3,69384,M,,,69
201300048552,13,6,26,940,1,2,1,1.0,3,69384,M,,,69
201300048553,13,7,16,835,1,2,2,1.0,3,69384,M,,,69
201300048554,13,7,18,910,1,2,1,2.0,2,69384,M,,,69
201300048555,13,7,23,2000,2,2,1,1.0,2,69384,M,,,69
201300048556,13,7,28,2225,5,2,2,3.0,3,69384,M,,,69
201300048557,13,8,29,1700,1,2,1,1.0,3,69384,M,,,69
201300048558,13,9,17,1840,2,2,1,1.0,6,69384,M,,,69
201300048559,13,9,25,1230,1,2,2,1.0,6,69384,M,,,69
201300048560,13,9,25,1640,1,2,1,1.0,6,69384,M,,,69
201300048561,13,9,30,825,1,2,3,1.0,3,69384,M,,,69
201300048562,13,11,5,2105,5,2,2,2.0,3,69384,M,,,69
201300048563,13,11,15,2335,5,2,2,1.0,3,69384,M,,,69
201300048564,13,11,17,1850,5,2,6,1.0,3,69384,M,,,69
201300048565,13,11,18,1040,1,1,1,8.0,6,69384,M,,,69
201300048566,13,11,19,735,5,2,1,1.0,3,69384,M,,,69
201300048567,13,12,3,745,1,2,1,1.0,6,69384,M,,,69
201300048568,13,12,14,100,5,2,1,5.0,4,69384,M,,,69
201300048569,13,12,26,1900,5,2,1,1.0,3,69384,M,,,69
201300048570,13,1,1,555,5,1,1,2.0,6,33167,M,,,33
201300048571,13,1,2,725,5,1,1,1.0,6,33249,M,,,33
201300048572,13,1,7,645,5,1,1,2.0,5,33143,M,,,33
201300048573,13,1,7,1620,1,1,1,1.0,6,33448,M,,,33
201300048574,13,1,11,1010,1,1,1,1.0,4,33249,M,,,33
201300048575,13,1,11,1720,1,1,1,1.0,4,33550,M,,,33
201300048576,13,1,12,1430,1,1,1,2.0,4,33063,M,,,33
201300048577,13,1,15,800,1,1,1,9.0,6,33162,M,,,33
201300048578,13,1,18,500,5,1,1,4.0,6,33167,M,,,33
201300048579,13,1,18,1705,1,1,1,2.0,6,33065,M,,,33
201300048580,13,1,18,1805,5,1,1,2.0,6,33039,M,,,33
201300048581,13,1,19,1210,1,1,1,2.0,6,33065,M,,,33
201300048582,13,1,19,1745,5,1,1,2.0,3,33003,M,,,33
201300048583,13,1,24,915,1,1,1,1.0,4,33318,M,,,33
201300048584,13,1,25,745,5,1,1,1.0,5,33192,M,,,33
201300048585,13,1,27,2050,5,1,1,2.0,6,33249,M,,,33
201300048586,13,1,28,835,1,1,1,2.0,2,33318,M,,,33
201300048587,13,1,29,1055,1,1,1,1.0,5,33192,M,,,33
201300048588,13,2,4,1050,1,1,1,2.0,2,33003,M,,,33
201300048589,13,2,6,930,1,1,1,2.0,6,33249,M,,,33
201300048590,13,2,6,1710,1,1,1,2.0,2,33080,M,,,33
201300048591,13,2,9,1710,1,1,1,2.0,6,33249,M,,,33
201300048592,13,2,10,1155,1,1,1,2.0,6,33249,M,,,33
201300048593,13,2,11,550,5,1,1,2.0,6,33249,M,,,33
201300048594,13,2,11,1830,5,1,1,2.0,6,33249,M,,,33
201300048595,13,2,12,1650,1,1,1,1.0,6,33249,M,,,33
201300048596,13,2,13,720,1,1,1,1.0,2,33249,M,,,33
201300048597,13,2,20,1515,1,1,1,1.0,2,33063,M,,,33
201300048598,13,2,21,1550,1,1,1,1.0,6,33249,M,,,33
201300048599,13,2,21,1720,1,1,1,1.0,1,33249,M,,,33
201300048600,13,3,3,810,2,1,1,1.0,6,33192,M,,,33
201300048601,13,3,4,1200,1,1,1,1.0,3,33167,M,,,33
201300048602,13,3,7,500,3,1,1,1.0,3,33122,M,,,33
201300048603,13,3,8,745,1,1,1,2.0,3,33162,M,,,33
201300048604,13,3,10,1610,1,1,1,1.0,7,33162,M,,,33
201300048605,13,3,15,820,1,1,1,1.0,2,33063,M,,,33
201300048606,13,3,16,1120,1,1,1,1.0,6,33003,M,,,33
201300048607,13,3,17,2345,4,1,1,1.0,6,33318,M,,,33
201300048608,13,3,18,900,1,1,1,2.0,4,33096,M,,,33
201300048609,13,3,18,1705,1,1,1,2.0,6,33065,M,,,33
201300048610,13,3,19,1915,2,1,1,1.0,3,33550,M,,,33
201300048611,13,3,22,740,1,1,1,1.0,2,33281,M,,,33
201300048612,13,3,27,1845,1,1,1,1.0,2,33249,M,,,33
201300048613,13,3,28,2050,3,1,1,1.0,2,33122,M,,,33
201300048614,13,4,5,1145,1,1,1,1.0,6,33249,M,,,33
201300048615,13,4,7,1650,1,1,1,8.0,4,33192,M,,,33
201300048616,13,4,8,1615,1,1,1,2.0,2,33096,M,,,33
201300048617,13,4,9,915,1,1,1,2.0,5,33090,M,,,33
201300048618,13,4,11,1520,1,1,1,2.0,6,33039,M,,,33
201300048619,13,4,11,2230,5,1,1,1.0,2,33063,M,,,33
201300048620,13,4,16,615,5,1,1,1.0,6,33397,M,,,33
201300048621,13,4,16,1905,1,1,1,1.0,4,33075,M,,,33
201300048622,13,4,17,920,1,1,1,1.0,5,33162,M,,,33
201300048623,13,4,21,2205,5,1,1,1.0,6,33063,M,,,33
201300048624,13,4,24,1115,1,1,1,1.0,5,33119,M,,,33
201300048625,13,4,24,1610,1,1,1,1.0,6,33281,M,,,33
201300048626,13,4,24,1635,1,1,1,1.0,6,33550,M,,,33
201300048627,13,4,25,1015,1,1,1,1.0,4,33075,M,,,33
201300048628,13,4,25,1820,1,1,1,1.0,7,33281,M,,,33
201300048629,13,4,26,1555,1,1,1,2.0,5,33192,M,,,33
201300048630,13,4,26,1915,1,1,1,2.0,6,33487,M,,,33
201300048631,13,4,30,755,1,1,1,2.0,6,33249,M,,,33
201300048632,13,5,1,705,2,1,1,1.0,6,33249,M,,,33
201300048633,13,5,1,1510,1,1,1,2.0,6,33063,M,,,33
201300048634,13,5,1,2215,5,1,1,2.0,5,33249,M,,,33
201300048635,13,5,2,1717,1,1,1,2.0,4,33039,M,,,33
201300048636,13,5,2,1758,1,1,1,2.0,6,33318,M,,,33
201300048637,13,5,3,40,5,1,1,2.0,6,33039,M,,,33
201300048638,13,5,9,1205,1,1,1,2.0,6,33080,M,,,33
201300048639,13,5,9,1640,1,1,1,2.0,5,33039,M,,,33
201300048640,13,5,9,1935,1,1,1,2.0,5,33119,M,,,33
201300048641,13,5,9,2000,1,1,1,2.0,6,33039,M,,,33
201300048642,13,5,11,1710,1,1,1,1.0,6,33192,M,,,33
201300048643,13,5,12,1025,1,1,1,2.0,6,33039,M,,,33
201300048644,13,5,14,1900,1,1,1,1.0,3,33249,M,,,33
201300048645,13,5,15,1750,1,1,1,1.0,2,33318,M,,,33
201300048646,13,5,15,1940,1,1,1,8.0,6,33281,M,,,33
201300048647,13,5,16,910,1,1,1,1.0,6,33075,M,,,33
201300048648,13,5,18,2115,2,1,1,2.0,3,33039,M,,,33
201300048649,13,5,21,700,1,1,1,2.0,4,33023,M,,,33
201300048650,13,5,21,1030,1,1,1,2.0,6,33249,M,,,33
201300048651,13,5,24,1715,1,1,1,1.0,2,33192,M,,,33
201300048652,13,5,26,1930,1,1,1,1.0,6,33167,M,,,33
201300048653,13,5,30,805,1,1,1,2.0,6,33167,M,,,33
201300048654,13,6,2,1900,1,1,1,1.0,4,33090,M,,,33
201300048655,13,6,10,700,1,1,1,1.0,4,33550,M,,,33
201300048656,13,6,15,1515,1,1,1,1.0,7,33318,M,,,33
201300048657,13,6,19,1540,1,1,1,3.0,3,33065,M,,,33
201300048658,13,6,20,1255,1,1,1,2.0,5,33318,M,,,33
201300048659,13,6,21,200,5,1,1,2.0,6,33119,M,,,33
201300048660,13,6,21,1640,1,1,1,2.0,4,33096,M,,,33
201300048661,13,6,21,1820,1,1,1,2.0,2,33249,M,,,33
201300048662,13,6,25,740,1,1,1,1.0,2,33397,M,,,33
201300048663,13,6,27,905,1,1,1,1.0,6,33249,M,,,33
201300048664,13,6,27,1915,1,1,1,1.0,6,33080,M,,,33
201300048665,13,6,27,2010,5,1,1,1.0,2,33162,M,,,33
201300048666,13,6,28,1720,1,1,1,1.0,2,33063,M,,,33
201300048667,13,6,28,1750,1,1,1,1.0,2,33550,M,,,33
201300048668,13,6,28,1825,1,1,1,1.0,5,33162,M,,,33
201300048669,13,6,28,2010,1,1,1,1.0,6,33039,M,,,33
201300048670,13,6,28,2355,3,1,1,1.0,6,33249,M,,,33
201300048671,13,6,29,1940,1,1,1,2.0,7,33550,M,,,33
201300048672,13,7,4,2050,1,1,1,1.0,6,33318,M,,,33
201300048673,13,7,6,1205,1,1,1,1.0,4,33366,M,,,33
201300048674,13,7,6,1900,1,1,1,1.0,6,33318,M,,,33
201300048675,13,7,7,657,1,1,1,1.0,6,33075,M,,,33
201300048676,13,7,8,1030,1,1,1,1.0,7,33318,M,,,33
201300048677,13,7,8,1450,1,1,1,1.0,4,33249,M,,,33
201300048678,13,7,12,840,1,1,1,1.0,3,33063,M,,,33
201300048679,13,7,12,1640,1,1,1,1.0,2,33192,M,,,33
201300048680,13,7,16,1750,1,1,1,1.0,3,33075,M,,,33
201300048681,13,7,18,1730,1,1,1,1.0,6,33550,M,,,33
201300048682,13,7,23,1310,1,1,1,1.0,3,33192,M,,,33
201300048683,13,7,26,1530,1,1,1,1.0,6,33249,M,,,33
201300048684,13,7,27,620,1,1,1,1.0,6,33096,M,,,33
201300048685,13,7,27,1025,1,1,1,1.0,6,33122,M,,,33
201300048686,13,7,28,1050,1,1,1,1.0,2,33397,M,,,33
201300048687,13,7,28,1722,1,1,1,1.0,6,33192,M,,,33
201300048688,13,7,30,1017,1,1,1,1.0,6,33366,M,,,33
201300048689,13,7,30,1905,1,1,1,1.0,6,33550,M,,,33
201300048690,13,8,3,35,5,1,1,2.0,6,33550,M,,,33
201300048691,13,8,3,1630,1,1,1,1.0,6,33553,M,,,33
201300048692,13,8,5,1235,1,1,1,1.0,6,33553,M,,,33
201300048693,13,8,7,1430,1,1,1,2.0,6,33122,M,,,33
201300048694,13,8,7,1740,1,1,1,2.0,6,33366,M,,,33
201300048695,13,8,10,1930,1,1,1,1.0,7,33122,M,,,33
201300048696,13,8,16,2050,1,1,1,1.0,3,33281,M,,,33
201300048697,13,8,17,1355,1,1,1,1.0,4,33119,M,,,33
201300048698,13,8,22,1540,1,1,1,1.0,2,33122,M,,,33
201300048699,13,8,24,430,3,1,1,1.0,7,33039,M,,,33
201300048700,13,8,24,1300,1,1,1,1.0,2,33162,M,,,33
201300048701,13,8,30,1420,1,1,1,1.0,2,33080,M,,,33
201300048702,13,8,31,1745,1,1,1,1.0,6,33143,M,,,33
201300048703,13,9,2,1345,1,1,1,1.0,6,33192,M,,,33
201300048704,13,9,3,1455,1,1,1,1.0,6,33318,M,,,33
201300048705,13,9,5,2340,3,1,1,1.0,6,33119,M,,,33
201300048706,13,9,7,1310,1,1,1,2.0,6,33249,M,,,33
201300048707,13,9,8,2125,5,1,1,1.0,6,33096,M,,,33
201300048708,13,9,9,1710,1,1,1,2.0,2,33397,M,,,33
201300048709,13,9,11,1800,1,1,1,1.0,6,33281,M,,,33
201300048710,13,9,13,1655,1,1,1,1.0,6,33065,M,,,33
201300048711,13,9,16,933,1,1,1,2.0,6,33162,M,,,33
201300048712,13,9,16,936,1,1,1,2.0,6,33065,M,,,33
201300048713,13,9,16,1123,1,1,1,2.0,6,33249,M,,,33
201300048714,13,9,16,1315,1,1,1,2.0,6,33249,M,,,33
201300048715,13,9,18,1655,1,1,1,3.0,6,33249,M,,,33
201300048716,13,9,18,1656,1,1,1,2.0,6,33249,M,,,33
201300048717,13,9,18,1910,1,1,1,2.0,6,33249,M,,,33
201300048718,13,9,19,920,1,1,1,1.0,3,33162,M,,,33
201300048719,13,9,20,1605,1,1,1,1.0,6,33318,M,,,33
201300048720,13,9,21,1730,1,1,1,1.0,6,33096,M,,,33
201300048721,13,9,23,750,1,1,1,1.0,6,33167,M,,,33
201300048722,13,9,23,930,1,1,1,1.0,6,33080,M,,,33
201300048723,13,9,14,2120,5,1,1,1.0,6,33318,M,,,33
201300048724,13,9,26,750,5,1,1,1.0,6,33075,M,,,33
201300048725,13,9,26,900,1,1,1,1.0,4,33162,M,,,33
201300048726,13,9,27,740,2,1,1,1.0,6,33318,M,,,33
201300048727,13,9,30,1835,1,1,1,2.0,6,33063,M,,,33
201300048728,13,10,4,1800,1,1,1,3.0,7,33318,M,,,33
201300048729,13,10,4,1805,1,1,1,3.0,7,33318,M,,,33
201300048730,13,10,7,1730,1,1,1,1.0,2,33249,M,,,33
201300048731,13,10,7,1825,1,1,1,1.0,6,33318,M,,,33
201300048732,13,10,8,1040,1,1,1,1.0,3,33096,M,,,33
201300048733,13,10,12,150,3,1,1,8.0,6,33023,M,,,33
201300048734,13,10,12,835,1,1,1,2.0,2,33249,M,,,33
201300048735,13,10,15,855,1,1,1,2.0,6,33487,M,,,33
201300048736,13,10,14,825,1,1,1,1.0,6,33039,M,,,33
201300048737,13,10,18,1510,1,1,1,1.0,5,33065,M,,,33
201300048738,13,10,18,1600,1,1,1,1.0,2,33550,M,,,33
201300048739,13,10,18,2205,4,1,1,1.0,6,33075,M,,,33
201300048740,13,10,25,520,4,1,1,2.0,6,33448,M,,,33
201300048741,13,10,25,820,2,1,1,2.0,4,33039,M,,,33
201300048742,13,10,25,1630,1,1,1,2.0,6,33249,M,,,33
201300048743,13,10,25,1655,1,1,1,2.0,6,33249,M,,,33
201300048744,13,10,25,1950,3,1,1,2.0,6,33080,M,,,33
201300048745,13,10,30,1150,1,1,1,1.0,6,33162,M,,,33
201300048746,13,10,31,635,5,1,1,1.0,6,33318,M,,,33
201300048747,13,10,31,1845,5,1,1,1.0,6,33550,M,,,33
201300048748,13,10,31,1923,5,1,1,1.0,4,33550,M,,,33
201300048749,13,11,1,2150,5,1,1,2.0,6,33090,M,,,33
201300048750,13,11,2,1810,5,1,1,2.0,6,33039,M,,,33
201300048751,13,11,2,1906,5,1,1,2.0,6,33063,M,,,33
201300048752,13,11,7,745,1,1,1,2.0,6,33397,M,,,33
201300048753,13,11,7,910,1,1,1,9.0,6,33090,M,,,33
201300048754,13,11,7,1000,1,1,1,2.0,2,33192,M,,,33
201300048755,13,11,8,1645,1,1,1,2.0,6,33249,M,,,33
201300048756,13,11,8,1915,5,1,1,2.0,6,33249,M,,,33
201300048757,13,11,10,1110,1,1,1,2.0,6,33249,M,,,33
201300048758,13,11,10,1120,1,1,1,2.0,6,33039,M,,,33
201300048759,13,11,10,1455,1,1,1,2.0,3,33065,M,,,33
201300048760,13,11,11,1125,1,1,1,1.0,6,33039,M,,,33
201300048761,13,11,11,1755,5,1,1,2.0,6,33039,M,,,33
201300048762,13,11,12,1010,1,1,1,2.0,6,33075,M,,,33
201300048763,13,11,12,1010,1,1,1,2.0,6,33075,M,,,33
201300048764,13,11,12,1305,1,1,1,2.0,6,33080,M,,,33
201300048765,13,11,14,700,4,1,1,1.0,6,33192,M,,,33
201300048766,13,11,14,1420,1,1,1,1.0,3,33065,M,,,33
201300048767,13,11,14,1420,1,1,1,1.0,6,33318,M,,,33
201300048768,13,11,15,735,2,1,1,1.0,6,33065,M,,,33
201300048769,13,11,18,835,1,1,1,1.0,6,33119,M,,,33
201300048770,13,11,19,1745,2,1,1,2.0,6,33318,M,,,33
201300048771,13,11,19,735,2,1,1,1.0,6,33397,M,,,33
201300048772,13,11,20,718,5,1,1,1.0,6,33167,M,,,33
201300048773,13,11,20,730,5,1,1,1.0,4,33162,M,,,33
201300048774,13,11,21,1340,1,1,1,2.0,6,33249,M,,,33
201300048775,13,11,22,715,3,1,1,1.0,2,33249,M,,,33
201300048776,13,11,24,1535,1,1,1,1.0,6,33249,M,,,33
201300048777,13,11,24,1730,2,1,1,1.0,6,33096,M,,,33
201300048778,13,11,25,740,4,1,1,1.0,6,33550,M,,,33
201300048779,13,11,25,1610,1,1,1,1.0,6,33039,M,,,33
201300048780,13,11,27,820,1,1,1,1.0,6,33281,M,,,33
201300048781,13,11,28,930,1,1,1,1.0,6,33080,M,,,33
201300048782,13,11,30,1935,5,1,1,1.0,6,33063,M,,,33
201300048783,13,12,4,815,1,1,1,1.0,6,33550,M,,,33
201300048784,13,12,4,845,1,1,1,1.0,6,33065,M,,,33
201300048785,13,12,5,625,2,1,1,1.0,6,33080,M,,,33
201300048786,13,12,5,900,1,1,1,1.0,2,33090,M,,,33
201300048787,13,12,9,1625,1,1,1,1.0,2,33249,M,,,33
201300048788,13,12,10,700,3,1,1,1.0,7,33366,M,,,33
201300048789,13,12,12,1025,1,1,1,1.0,6,33143,M,,,33
201300048790,13,12,13,810,2,1,1,1.0,6,33167,M,,,33
201300048791,13,12,14,930,1,1,1,5.0,6,33063,M,,,33
201300048792,13,12,15,1915,5,1,1,1.0,6,33249,M,,,33
201300048793,13,12,16,1530,1,1,1,1.0,6,33122,M,,,33
201300048794,13,12,16,1825,5,1,1,1.0,4,33366,M,,,33
201300048795,13,12,14,1750,1,1,1,2.0,6,33192,M,,,33
201300048796,13,12,20,755,4,1,1,1.0,6,33448,M,,,33
201300048797,13,12,21,1500,1,1,1,1.0,6,33249,M,,,33
201300048798,13,12,21,1950,3,1,1,1.0,3,33080,M,,,33
201300048799,13,12,21,2005,5,1,1,1.0,6,33039,M,,,33
201300048800,13,12,23,1450,1,1,1,1.0,2,33550,M,,,33
201300048801,13,12,26,300,4,1,1,3.0,2,33366,M,,,33
201300048802,13,12,31,2055,3,1,1,2.0,6,33080,M,,,33
201300048803,13,1,10,1055,1,2,1,2.0,7,69385,M,,,69
201300048804,13,1,16,1245,1,2,1,9.0,7,69385,M,,,69
201300048805,13,1,23,1500,1,2,1,1.0,6,69385,M,,,69
201300048806,13,2,16,1130,1,2,1,1.0,2,69385,M,,,69
201300048807,13,3,24,25,5,2,1,2.0,6,69385,M,,,69
201300048808,13,3,26,1010,1,2,1,1.0,6,69385,M,,,69
201300048809,13,4,1,1610,1,2,1,1.0,5,69385,M,,,69
201300048810,13,4,10,1210,1,2,1,1.0,3,69385,M,,,69
201300048811,13,4,14,1210,1,2,1,1.0,6,69385,M,,,69
201300048812,13,4,29,1655,1,2,2,3.0,6,69385,M,,,69
201300048813,13,5,7,1632,1,2,1,1.0,3,69385,M,,,69
201300048814,13,5,12,1130,1,2,1,1.0,6,69385,M,,,69
201300048815,13,5,16,1545,1,2,1,3.0,7,69385,M,,,69
201300048816,13,5,17,745,1,2,2,8.0,6,69385,M,,,69
201300048817,13,5,28,1240,1,2,1,2.0,3,69385,M,,,69
201300048818,13,7,9,1810,1,2,1,1.0,1,69385,M,,,69
201300048819,13,6,7,810,1,1,1,1.0,3,69385,M,,,69
201300048820,13,6,11,1245,1,2,1,1.0,6,69385,M,,,69
201300048821,13,6,17,857,1,2,4,1.0,6,69385,M,,,69
201300048822,13,6,19,800,1,2,1,1.0,6,69385,M,,,69
201300048823,13,7,2,2330,5,2,1,8.0,2,69385,M,,,69
201300048824,13,7,3,2050,2,2,1,3.0,3,69385,M,,,69
201300048825,13,7,24,1840,1,2,1,1.0,1,69385,M,,,69
201300048826,13,7,25,1820,1,2,1,1.0,4,69385,M,,,69
201300048827,13,7,26,1610,1,2,1,1.0,1,69385,M,,,69
201300048828,13,8,2,1530,1,2,1,7.0,3,69385,M,,,69
201300048829,13,8,3,1845,1,2,4,1.0,3,69385,M,,,69
201300048830,13,8,15,1930,1,2,1,1.0,3,69385,M,,,69
201300048831,13,9,3,2220,5,2,1,1.0,6,69385,M,,,69
201300048832,13,9,4,740,1,2,3,1.0,6,69385,M,,,69
201300048833,13,9,10,900,1,2,1,1.0,3,69385,M,,,69
201300048834,13,9,10,1800,1,2,1,1.0,6,69385,M,,,69
201300048835,13,10,11,1120,1,2,1,1.0,6,69385,M,,,69
201300048836,13,9,21,1920,2,2,1,1.0,6,69385,M,,,69
201300048837,13,9,22,1620,1,2,1,1.0,3,69385,M,,,69
201300048838,13,9,25,1440,1,2,1,1.0,3,69385,M,,,69
201300048839,13,9,26,2000,5,2,1,1.0,6,69385,M,,,69
201300048840,13,10,12,920,1,2,1,1.0,6,69385,M,,,69
201300048841,13,10,18,1805,2,2,1,1.0,6,69385,M,,,69
201300048842,13,10,29,1740,5,2,1,1.0,6,69385,M,,,69
201300048843,13,11,7,1310,1,2,1,1.0,6,69385,M,,,69
201300048844,13,11,20,1800,5,2,1,9.0,6,69385,M,,,69
201300048845,13,11,29,1410,1,2,1,1.0,6,69385,M,,,69
201300048846,13,11,22,1050,1,2,2,2.0,6,69385,M,,,69
201300048847,13,12,5,735,2,2,1,1.0,3,69385,M,,,69
201300048848,13,12,21,2145,5,2,1,1.0,6,69385,M,,,69
201300048849,13,1,8,1810,3,1,1,1.0,2,67118,M,,,67
201300048850,13,1,12,1705,3,1,1,1.0,5,67309,M,,,67
201300048851,13,1,26,610,3,1,1,1.0,2,67482,M,,,67
201300048852,13,2,25,1445,1,1,1,8.0,7,67389,M,,,67
201300048853,13,3,20,1930,4,1,1,8.0,3,67365,M,,,67
201300048854,13,4,4,1210,1,1,1,1.0,5,67447,M,,,67
201300048855,13,4,12,1700,1,1,1,1.0,4,67365,M,,,67
201300048856,13,4,17,30,3,1,1,1.0,3,67482,M,,,67
201300048857,13,5,10,1205,1,1,1,1.0,5,67049,M,,,67
201300048858,13,6,6,1335,1,1,1,1.0,3,67447,M,,,67
201300048859,13,6,19,1450,1,1,1,1.0,6,67482,M,,,67
201300048860,13,7,2,1620,1,1,1,1.0,3,67482,M,,,67
201300048861,13,7,3,2025,2,1,1,1.0,6,67218,M,,,67
201300048862,13,7,7,1905,1,1,1,1.0,7,67482,M,,,67