Num_Acc,an,mois,jour,hrmn,lum,agg,int,atm,col,com,gps,lat,long,dep
201300048863,13,7,17,1835,1,1,1,1.0,2,67152,M,,,67
201300048864,13,8,30,1640,1,1,1,1.0,2,67389,M,,,67
201300048865,13,9,27,1550,1,1,1,1.0,3,67365,M,,,67
201300048866,13,10,1,2245,3,1,1,1.0,7,67482,M,,,67
201300048867,13,10,6,1140,1,1,1,2.0,2,67152,M,,,67
201300048868,13,10,25,810,1,1,1,1.0,3,67365,M,,,67
201300048869,13,11,4,1645,1,1,1,1.0,3,67447,M,,,67
201300048870,13,12,20,1550,1,1,1,1.0,2,67482,M,,,67
201300048871,13,2,3,300,5,1,1,1.0,6,54462,M,4860296.0,633348.0,54
201300048872,13,2,15,1510,1,1,1,1.0,2,54462,M,4861723.0,631710.0,54
201300048873,13,2,18,1256,1,1,1,1.0,3,54528,M,4865617.0,589666.0,54
201300048874,13,3,30,1620,1,1,1,1.0,3,54304,M,4868090.0,611907.0,54
201300048875,13,6,28,545,2,1,1,1.0,7,54027,M,4888835.0,609848.0,54
201300048876,13,5,9,2048,3,1,1,1.0,3,54462,M,,,54
201300048877,13,3,12,640,2,1,1,2.0,3,54357,M,4872049.0,616750.0,54
201300048878,13,5,29,450,2,1,1,1.0,7,54328,M,4860994.0,617593.0,54
201300048879,13,6,17,740,1,1,1,1.0,4,54571,M,4861859.0,625017.0,54
201300048880,13,6,20,910,1,1,1,2.0,2,54571,M,4861851.0,627175.0,54
201300048881,13,8,10,2145,3,1,1,1.0,2,54150,M,4877252.0,614348.0,54
201300048882,13,9,9,810,1,1,1,1.0,4,54571,M,4861854.0,625669.0,54
201300048883,13,9,24,800,1,1,1,5.0,6,54232,M,4868856.0,599516.0,54
201300048884,13,10,20,2135,3,1,1,1.0,3,54431,M,4889620.0,607257.0,54
201300048885,13,10,23,1545,1,1,1,1.0,3,54115,M,4869407.0,609782.0,54
201300048886,13,12,11,1715,1,1,1,1.0,2,54304,M,4870064.0,612460.0,54
201300048887,13,12,16,1425,1,1,1,1.0,7,54091,M,4894834.0,611199.0,54
201300048888,13,12,20,603,3,1,1,1.0,3,54232,M,4868190.0,594326.0,54
201300048889,13,1,6,835,1,1,1,8.0,6,57663,M,,,57
201300048890,13,1,7,808,2,1,1,1.0,2,57283,M,,,57
201300048891,13,1,10,1930,3,1,1,8.0,6,57447,M,,,57
201300048892,13,1,15,525,3,1,1,4.0,7,57445,M,,,57
201300048893,13,2,8,830,1,1,1,8.0,4,57463,M,,,57
201300048894,13,2,19,2310,3,1,1,1.0,7,57534,M,,,57
201300048895,13,3,23,1540,1,1,1,1.0,6,57039,M,,,57
201300048896,13,3,24,945,1,1,1,8.0,6,57194,M,,,57
201300048897,13,3,30,153,3,1,1,1.0,3,57463,M,,,57
201300048898,13,5,27,1200,1,1,1,1.0,6,57751,M,,,57
201300048899,13,5,29,1015,1,1,1,1.0,6,57303,M,,,57
201300048900,13,6,18,1755,1,1,1,1.0,2,57672,M,,,57
201300048901,13,6,23,1510,1,1,1,1.0,6,57474,M,,,57
201300048902,13,7,4,1930,1,1,1,1.0,2,57452,M,,,57
201300048903,13,7,20,1328,1,1,1,1.0,4,57303,M,,,57
201300048904,13,9,6,225,3,1,1,1.0,7,57474,M,,,57
201300048905,13,9,23,1505,1,1,1,1.0,1,57663,M,,,57
201300048906,13,10,5,2000,3,1,1,3.0,3,57666,M,,,57
201300048907,13,11,2,1430,1,1,1,3.0,3,57666,M,,,57
201300048908,13,11,9,425,3,1,1,1.0,6,57269,M,,,57
201300048909,13,11,10,420,3,1,1,1.0,7,57096,M,,,57
201300048910,13,11,30,1555,1,1,1,1.0,3,57463,M,,,57
201300048911,13,12,4,1753,3,1,1,1.0,7,57269,M,,,57
201300048912,13,12,12,150,3,1,1,1.0,6,57463,M,,,57
201300048913,13,12,22,600,3,1,1,1.0,2,57552,M,,,57
201300048914,13,12,27,1815,3,1,1,1.0,7,57356,M,,,57
201300048915,13,1,8,740,2,2,2,1.0,2,69387,M,,,69
201300048916,13,1,12,1400,1,2,1,1.0,2,69387,M,,,69
201300048917,13,1,22,825,1,2,1,1.0,2,69387,M,,,69
201300048918,13,1,22,1215,1,2,2,1.0,3,69387,M,,,69
201300048919,13,1,31,535,5,2,2,1.0,3,69387,M,,,69
201300048920,13,1,29,800,1,2,9,1.0,6,69387,M,,,69
201300048921,13,1,10,850,1,2,1,2.0,6,69387,M,,,69
201300048922,13,1,24,1450,1,2,3,1.0,3,69387,M,,,69
201300048923,13,2,1,715,5,2,1,2.0,6,69387,M,,,69
201300048924,13,2,4,1050,1,2,2,2.0,1,69387,M,,,69
201300048925,13,2,11,1210,1,2,2,2.0,6,69387,M,,,69
201300048926,13,2,19,1915,5,2,2,1.0,3,69387,M,,,69
201300048927,13,2,21,1545,1,2,2,1.0,2,69387,M,,,69
201300048928,13,2,23,250,5,2,1,1.0,7,69387,M,,,69
201300048929,13,3,2,1320,1,2,2,8.0,3,69387,M,,,69
201300048930,13,2,26,545,5,2,2,1.0,6,69387,M,,,69
201300048931,13,3,5,30,5,2,1,1.0,6,69387,M,,,69
201300048932,13,3,11,2135,5,2,2,1.0,3,69387,M,,,69
201300048933,13,1,27,2050,5,2,1,3.0,6,69387,M,,,69
201300048934,13,3,12,10,5,2,2,1.0,3,69387,M,,,69
201300048935,13,3,14,1420,1,2,2,1.0,2,69387,M,,,69
201300048936,13,3,17,40,5,2,1,6.0,6,69387,M,,,69
201300048937,13,3,14,2020,5,2,3,1.0,6,69387,M,,,69
201300048938,13,3,15,35,5,2,1,8.0,7,69387,M,,,69
201300048939,13,3,20,1830,1,2,3,1.0,6,69387,M,,,69
201300048940,13,3,22,1838,1,2,2,1.0,3,69387,M,,,69
201300048941,13,4,3,2045,5,2,2,1.0,3,69387,M,,,69
201300048942,13,4,7,1935,5,2,1,1.0,6,69387,M,,,69
201300048943,13,4,7,2015,2,2,1,1.0,6,69387,M,,,69
201300048944,13,4,16,1612,1,2,2,1.0,3,69387,M,,,69
201300048945,13,4,10,1930,5,1,2,1.0,3,69387,M,,,69
201300048946,13,4,13,2330,5,2,1,1.0,7,69387,M,,,69
201300048947,13,4,16,730,1,2,1,1.0,6,69387,M,,,69
201300048948,13,4,14,1345,1,2,1,1.0,1,69387,M,,,69
201300048949,13,4,9,2220,5,2,2,1.0,6,69387,M,,,69
201300048950,13,4,12,1240,1,2,1,1.0,6,69387,M,,,69
201300048951,13,4,12,1710,1,2,3,1.0,3,69387,M,,,69
201300048952,13,4,16,1725,1,2,3,1.0,3,69387,M,,,69
201300048953,13,4,18,710,1,2,1,1.0,3,69387,M,,,69
201300048954,13,4,15,915,1,2,1,1.0,3,69387,M,,,69
201300048955,13,4,23,2110,5,2,2,1.0,3,69387,M,,,69
201300048956,13,4,24,1915,1,2,1,1.0,2,69387,M,,,69
201300048957,13,5,1,1410,1,2,2,1.0,3,69387,M,,,69
201300048958,13,5,3,1550,1,2,1,1.0,2,69387,M,,,69
201300048959,13,5,5,310,5,2,2,1.0,2,69387,M,,,69
201300048960,13,5,5,1620,1,2,1,1.0,2,69387,M,,,69
201300048961,13,5,16,1605,1,2,2,2.0,3,69387,M,,,69
201300048962,13,5,18,1500,1,2,2,1.0,5,69387,M,,,69
201300048963,13,5,26,620,1,2,1,1.0,6,69387,M,,,69
201300048964,13,5,16,1715,1,2,2,1.0,3,69387,M,,,69
201300048965,13,5,24,810,1,2,1,1.0,2,69387,M,,,69
201300048966,13,5,31,1200,1,2,1,2.0,7,69387,M,,,69
201300048967,13,5,28,820,1,2,2,1.0,3,69387,M,,,69
201300048968,13,5,31,1550,1,2,2,2.0,3,69387,M,,,69
201300048969,13,6,6,1120,1,2,2,1.0,3,69387,M,,,69
201300048970,13,6,7,1300,1,2,2,7.0,3,69387,M,,,69
201300048971,13,6,11,905,1,2,2,1.0,2,69387,M,,,69
201300048972,13,6,12,1340,1,2,1,1.0,6,69387,M,,,69
201300048973,13,6,14,850,1,2,1,1.0,3,69387,M,,,69
201300048974,13,6,15,1615,1,2,2,1.0,2,69387,M,,,69
201300048975,13,6,14,1105,1,2,1,1.0,7,69387,M,,,69
201300048976,13,6,16,2030,2,2,2,6.0,3,69387,M,,,69
201300048977,13,6,19,1445,1,2,5,1.0,3,69387,M,,,69
201300048978,13,6,20,1745,1,2,2,1.0,3,69387,M,,,69
201300048979,13,6,21,630,2,2,1,1.0,2,69387,M,,,69
201300048980,13,5,28,850,1,2,1,1.0,3,69387,M,,,69
201300048981,13,6,27,910,1,2,1,8.0,3,69387,M,,,69
201300048982,13,6,27,1100,1,2,2,1.0,7,69387,M,,,69
201300048983,13,6,30,1935,1,2,3,1.0,3,69387,M,,,69
201300048984,13,7,11,1710,1,2,1,1.0,6,69387,M,,,69
201300048985,13,7,12,1125,1,2,1,1.0,7,69387,M,,,69
201300048986,13,7,13,900,1,2,1,1.0,6,69387,M,,,69
201300048987,13,7,15,1755,1,2,1,1.0,2,69387,M,,,69
201300048988,13,7,17,845,1,2,4,1.0,3,69387,M,,,69
201300048989,13,7,18,930,1,2,2,3.0,6,69387,M,,,69
201300048990,13,7,19,330,5,2,2,1.0,6,69387,M,,,69
201300048991,13,7,24,1700,1,2,3,1.0,3,69387,M,,,69
201300048992,13,7,20,1600,1,2,1,1.0,6,69387,M,,,69
201300048993,13,7,31,2020,1,2,1,1.0,3,69387,M,,,69
201300048994,13,8,11,2105,2,2,1,1.0,6,69387,M,,,69
201300048995,13,8,10,40,5,2,1,1.0,6,69387,M,,,69
201300048996,13,8,10,755,1,2,2,1.0,3,69387,M,,,69
201300048997,13,8,11,1440,1,2,1,1.0,7,69387,M,,,69
201300048998,13,8,18,418,5,2,1,1.0,6,69387,M,,,69
201300048999,13,8,22,2000,1,2,3,1.0,6,69387,M,,,69
201300049000,13,9,1,1755,1,2,1,1.0,6,69387,M,,,69
201300049001,13,9,9,1645,1,2,2,1.0,3,69387,M,,,69
201300049002,13,9,9,1825,1,2,1,1.0,4,69387,M,,,69
201300049003,13,9,15,1700,1,2,2,1.0,3,69387,M,,,69
201300049004,13,9,23,1250,1,2,1,1.0,6,69387,M,,,69
201300049005,13,9,15,745,1,2,1,2.0,2,69387,M,,,69
201300049006,13,9,20,1630,1,2,2,1.0,3,69387,M,,,69
201300049007,13,9,17,1825,1,2,5,1.0,3,69387,M,,,69
201300049008,13,9,23,1545,1,2,1,1.0,3,69387,M,,,69
201300049009,13,9,26,1000,1,2,1,1.0,2,69387,M,,,69
201300049010,13,9,25,2250,5,2,3,1.0,3,69387,M,,,69
201300049011,13,9,26,1130,1,2,2,1.0,3,69387,M,,,69
201300049012,13,9,25,1545,1,2,2,1.0,3,69387,M,,,69
201300049013,13,9,30,1725,1,2,1,1.0,3,69387,M,,,69
201300049014,13,10,4,2015,4,2,2,1.0,3,69387,M,,,69
201300049015,13,10,4,2308,5,2,2,2.0,3,69387,M,,,69
201300049016,13,10,3,755,1,2,1,1.0,2,69387,M,,,69
201300049017,13,10,10,740,2,2,3,1.0,2,69387,M,,,69
201300049018,13,10,10,2155,5,2,1,2.0,6,69387,M,,,69
201300049019,13,10,15,1935,5,2,1,3.0,2,69387,M,,,69
201300049020,13,10,15,1840,5,2,2,2.0,6,69387,M,,,69
201300049021,13,10,22,1650,1,2,1,1.0,1,69387,M,,,69
201300049022,13,10,30,840,1,2,1,1.0,6,69387,M,,,69
201300049023,13,10,24,1400,1,2,1,1.0,6,69387,M,,,69
201300049024,13,10,25,400,5,2,1,1.0,2,69387,M,,,69
201300049025,13,10,31,1530,1,2,3,1.0,6,69387,M,,,69
201300049026,13,11,5,1255,1,2,1,2.0,6,69387,M,,,69
201300049027,13,11,9,1940,5,2,1,2.0,6,69387,M,,,69
201300049028,13,11,12,730,1,2,1,1.0,6,69387,M,,,69
201300049029,13,11,10,2240,5,2,1,1.0,2,69387,M,,,69
201300049030,13,11,18,2110,5,2,1,1.0,6,69387,M,,,69
201300049031,13,11,19,1725,2,2,2,2.0,6,69387,M,,,69
201300049032,13,11,24,2350,5,2,2,1.0,1,69387,M,,,69
201300049033,13,11,24,1600,1,2,1,1.0,6,69387,M,,,69
201300049034,13,11,21,1735,5,2,1,2.0,2,69387,M,,,69
201300049035,13,11,16,1400,1,2,1,1.0,6,69387,M,,,69
201300049036,13,11,20,820,1,2,2,4.0,3,69387,M,,,69
201300049037,13,11,26,1250,1,2,3,1.0,3,69387,M,,,69
201300049038,13,12,1,1855,5,2,2,1.0,3,69387,M,,,69
201300049039,13,12,9,1215,1,2,1,1.0,6,69387,M,,,69
201300049040,13,12,5,2000,5,2,3,1.0,2,69387,M,,,69
201300049041,13,12,7,1645,1,2,2,1.0,3,69387,M,,,69
201300049042,13,12,7,2245,5,2,2,1.0,6,69387,M,,,69
201300049043,13,12,12,830,2,2,1,5.0,6,69387,M,,,69
201300049044,13,12,13,1415,1,2,2,1.0,3,69387,M,,,69
201300049045,13,12,14,1730,3,2,2,1.0,3,69387,M,,,69
201300049046,13,12,20,1440,1,2,2,1.0,4,69387,M,,,69
201300049047,13,12,25,140,5,2,2,6.0,3,69387,M,,,69
201300049048,13,12,29,630,5,2,2,1.0,3,69387,M,,,69
201300049049,13,1,8,1920,5,2,1,1.0,2,69388,M,,,69
201300049050,13,1,11,1410,1,2,1,2.0,6,69388,M,,,69
201300049051,13,1,5,1210,1,2,2,1.0,5,69388,M,,,69
201300049052,13,1,2,1710,2,2,3,1.0,6,69388,M,,,69
201300049053,13,1,18,730,2,2,2,1.0,3,69388,M,,,69
201300049054,13,1,19,1550,1,2,1,2.0,6,69388,M,,,69
201300049055,13,1,18,1725,5,2,1,1.0,3,69388,M,,,69
201300049056,13,1,23,930,1,2,1,1.0,3,69388,M,,,69
201300049057,13,1,25,1100,1,2,3,1.0,3,69388,M,,,69
201300049058,13,1,31,655,2,2,1,1.0,6,69388,M,,,69
201300049059,13,2,1,1850,5,2,1,1.0,6,69388,M,,,69
201300049060,13,2,25,1222,1,2,1,1.0,6,69388,M,,,69
201300049061,13,2,8,1825,5,2,2,1.0,3,69388,M,,,69
201300049062,13,2,23,1340,1,2,1,1.0,6,69388,M,,,69
201300049063,13,3,1,1345,1,2,2,1.0,1,69388,M,,,69
201300049064,13,3,22,1005,1,2,1,1.0,6,69388,M,,,69
201300049065,13,3,21,1458,1,2,1,1.0,4,69388,M,,,69
201300049066,13,3,22,1830,2,2,1,1.0,6,69388,M,,,69
201300049067,13,3,27,800,1,2,3,1.0,5,69388,M,,,69
201300049068,13,3,27,1340,1,2,1,1.0,6,69388,M,,,69
201300049069,13,3,27,1700,1,2,1,1.0,6,69388,M,,,69
201300049070,13,4,3,1205,1,2,1,1.0,3,69388,M,,,69
201300049071,13,4,6,715,1,2,2,1.0,3,69388,M,,,69
201300049072,13,4,10,1220,1,2,2,1.0,3,69388,M,,,69
201300049073,13,4,11,1605,1,2,1,1.0,6,69388,M,,,69
201300049074,13,4,15,1330,1,2,3,1.0,3,69388,M,,,69
201300049075,13,4,15,1715,1,2,1,1.0,3,69388,M,,,69
201300049076,13,4,24,1805,1,2,3,1.0,5,69388,M,,,69
201300049077,13,4,29,700,1,2,3,1.0,3,69388,M,,,69
201300049078,13,4,30,1900,1,2,1,1.0,6,69388,M,,,69
201300049079,13,5,8,125,5,2,1,1.0,6,69388,M,,,69
201300049080,13,5,14,1920,1,2,1,1.0,5,69388,M,,,69
201300049081,13,5,23,1910,1,2,1,1.0,2,69388,M,,,69
201300049082,13,5,14,840,1,2,2,1.0,3,69388,M,,,69
201300049083,13,5,16,1300,1,2,1,2.0,3,69388,M,,,69
201300049084,13,5,20,1930,1,2,2,1.0,3,69388,M,,,69
201300049085,13,5,14,1724,1,2,1,1.0,6,69388,M,,,69
201300049086,13,5,24,2140,5,2,4,1.0,7,69388,M,,,69
201300049087,13,5,20,1630,1,2,1,1.0,6,69388,M,,,69
201300049088,13,5,20,2015,2,2,2,1.0,3,69388,M,,,69
201300049089,13,6,7,910,1,2,1,1.0,2,69388,M,,,69
201300049090,13,6,14,745,1,2,1,1.0,5,69388,M,,,69
201300049091,13,6,27,1540,1,2,1,1.0,4,69388,M,,,69
201300049092,13,7,1,1530,1,2,1,1.0,7,69388,M,,,69
201300049093,13,7,10,1550,1,2,1,1.0,6,69388,M,,,69
201300049094,13,7,4,1620,1,2,1,1.0,6,69388,M,,,69
201300049095,13,7,3,2057,1,2,2,2.0,3,69388,M,,,69
201300049096,13,7,10,1700,1,2,2,1.0,3,69388,M,,,69
201300049097,13,7,12,2215,5,2,2,1.0,3,69388,M,,,69
201300049098,13,7,14,315,5,2,2,1.0,3,69388,M,,,69
201300049099,13,7,16,1008,1,2,1,1.0,6,69388,M,,,69
201300049100,13,8,26,1050,1,2,2,3.0,3,69388,M,,,69
201300049101,13,7,21,1325,1,2,5,1.0,3,69388,M,,,69
201300049102,13,7,23,1730,1,2,1,1.0,6,69388,M,,,69
201300049103,13,7,12,1550,1,2,1,1.0,2,69388,M,,,69
201300049104,13,8,6,1730,1,2,2,1.0,3,69388,M,,,69
201300049105,13,8,2,1129,1,2,1,1.0,3,69388,M,,,69
201300049106,13,8,2,1200,1,2,2,1.0,3,69388,M,,,69
201300049107,13,7,25,1845,1,2,3,1.0,3,69388,M,,,69
201300049108,13,8,2,1850,1,2,1,1.0,2,69388,M,,,69
201300049109,13,8,5,2030,1,2,2,1.0,3,69388,M,,,69
201300049110,13,8,1,1720,1,2,1,1.0,3,69388,M,,,69
201300049111,13,8,10,1310,1,2,2,1.0,3,69388,M,,,69
201300049112,13,8,12,2055,2,2,1,1.0,2,69388,M,,,69
201300049113,13,8,16,1600,1,2,3,1.0,3,69388,M,,,69
201300049114,13,8,22,1000,1,2,3,1.0,6,69388,M,,,69
201300049115,13,8,24,1135,1,2,1,1.0,6,69388,M,,,69
201300049116,13,8,30,1545,1,2,1,1.0,6,69388,M,,,69
201300049117,13,8,14,1130,1,2,3,1.0,3,69388,M,,,69
201300049118,13,9,3,1400,1,2,2,1.0,6,69388,M,,,69
201300049119,13,9,5,1135,1,2,2,1.0,3,69388,M,,,69
201300049120,13,9,10,1840,1,2,2,1.0,6,69388,M,,,69
201300049121,13,9,14,2034,5,2,1,3.0,2,69388,M,,,69
201300049122,13,9,19,915,1,2,1,1.0,3,69388,M,,,69
201300049123,13,9,13,822,1,2,2,1.0,3,69388,M,,,69
201300049124,13,9,20,2000,4,2,3,1.0,3,69388,M,,,69
201300049125,13,9,23,1825,1,2,1,1.0,6,69388,M,,,69
201300049126,13,9,27,1855,1,2,1,1.0,4,69388,M,,,69
201300049127,13,9,30,730,1,2,1,8.0,3,69388,M,,,69
201300049128,13,9,30,900,1,2,1,8.0,6,69388,M,,,69
201300049129,13,10,7,1445,1,2,3,1.0,3,69388,M,,,69
201300049130,13,10,5,2240,5,2,1,2.0,6,69388,M,,,69
201300049131,13,10,10,805,1,2,1,8.0,3,69388,M,,,69
201300049132,13,10,17,1750,1,2,2,1.0,3,69388,M,,,69
201300049133,13,10,16,1805,1,2,1,1.0,6,69388,M,,,69
201300049134,13,10,17,900,1,2,1,1.0,6,69388,M,,,69
201300049135,13,10,17,2125,5,2,1,1.0,6,69388,M,,,69
201300049136,13,10,18,820,1,2,1,1.0,5,69388,M,,,69
201300049137,13,10,26,50,5,2,3,6.0,3,69388,M,,,69
201300049138,13,11,12,1620,1,2,2,1.0,6,69388,M,,,69
201300049139,13,10,12,215,5,2,1,1.0,7,69388,M,,,69
201300049140,13,10,26,1830,2,2,1,1.0,6,69388,M,,,69
201300049141,13,10,28,1315,1,2,1,1.0,3,69388,M,,,69
201300049142,13,10,30,1825,1,2,2,1.0,3,69388,M,,,69
201300049143,13,10,24,1845,5,2,3,1.0,3,69388,M,,,69
201300049144,13,11,4,1830,5,2,2,1.0,3,69388,M,,,69
201300049145,13,10,25,1045,1,2,1,1.0,6,69388,M,,,69
201300049146,13,11,5,2026,5,2,1,1.0,3,69388,M,,,69
201300049147,13,11,18,950,1,2,1,1.0,3,69388,M,,,69
201300049148,13,11,12,1410,1,2,2,1.0,3,69388,M,,,69
201300049149,13,11,14,1620,1,2,3,2.0,6,69388,M,,,69
201300049150,13,11,14,1740,5,2,1,2.0,6,69388,M,,,69
201300049151,13,11,14,1747,5,2,1,2.0,6,69388,M,,,69
201300049152,13,11,19,1445,1,2,1,2.0,3,69388,M,,,69
201300049153,13,11,22,720,2,2,1,1.0,6,69388,M,,,69
201300049154,13,11,27,1540,1,2,1,1.0,3,69388,M,,,69
201300049155,13,12,1,2115,5,2,2,1.0,3,69388,M,,,69
201300049156,13,12,2,710,2,2,1,1.0,6,69388,M,,,69
201300049157,13,12,3,1420,1,2,1,1.0,6,69388,M,,,69
201300049158,13,12,4,1550,1,2,1,1.0,6,69388,M,,,69
201300049159,13,12,15,605,5,2,2,5.0,3,69388,M,,,69
201300049160,13,9,9,1835,1,2,2,1.0,6,69388,M,,,69
201300049161,13,12,19,900,1,2,2,1.0,3,69387,M,,,69
201300049162,13,12,18,1720,5,2,1,1.0,6,69388,M,,,69
201300049163,13,12,22,1500,1,2,1,1.0,6,69388,M,,,69
201300049164,13,12,31,1015,1,2,1,1.0,7,69388,M,,,69
201300049165,13,1,1,2037,4,1,1,1.0,7,42218,M,4544172.0,443522.0,42
201300049166,13,1,8,930,1,1,1,1.0,2,42218,M,4543363.0,442322.0,42
201300049167,13,1,27,435,3,1,1,1.0,6,42110,M,4549503.0,455473.0,42
201300049168,13,1,31,1345,1,1,1,1.0,4,42218,M,4541986.0,440986.0,42
201300049169,13,2,21,1527,1,1,1,1.0,5,42218,M,4541546.0,440459.0,42
201300049170,13,2,26,220,3,1,1,1.0,6,69236,M,,,69
201300049171,13,3,10,230,3,1,1,1.0,6,69091,M,,,69
201300049172,13,3,28,1745,1,1,1,2.0,7,42110,M,4549410.0,454750.0,42
201300049173,13,4,9,1435,1,1,1,1.0,6,42207,M,4548966.0,451094.0,42
201300049174,13,4,14,2325,3,1,1,1.0,6,42218,M,4543648.0,444016.0,42
201300049175,13,4,15,745,1,1,1,1.0,2,42103,M,4550644.0,456840.0,42
201300049176,13,5,2,1025,1,1,1,1.0,2,42218,M,4543736.0,443346.0,42
201300049177,13,5,9,150,3,1,1,2.0,5,69091,M,,,69
201300049178,13,5,23,820,1,1,1,1.0,2,42218,M,4541986.0,440980.0,42
201300049179,13,6,7,2307,3,1,1,1.0,1,42186,M,4553854.0,463934.0,42
201300049180,13,7,2,1335,1,1,1,1.0,2,69091,M,,,69
201300049181,13,7,7,343,3,1,1,1.0,7,42044,M,4539598.0,434474.0,42
201300049182,13,7,12,1945,1,1,1,1.0,6,42183,M,4540147.0,437040.0,42
201300049183,13,7,14,430,3,1,1,1.0,2,42307,M,4555119.0,468081.0,42
201300049184,13,7,8,1945,1,1,1,1.0,3,42110,M,4549438.0,455364.0,42
201300049185,13,7,19,825,1,1,1,1.0,6,42123,M,4551700.0,458705.0,42
201300049186,13,7,19,1040,1,1,1,1.0,2,42330,M,4547379.0,436184.0,42
201300049187,13,7,20,1405,1,1,1,1.0,2,42225,M,4551803.0,459039.0,42
201300049188,13,7,26,1335,1,1,1,1.0,6,42103,M,4549601.0,455671.0,42
201300049189,13,8,8,1415,1,1,1,3.0,6,42207,M,4543634.0,449343.0,42
201300049190,13,8,8,1700,1,1,1,1.0,7,42186,M,4554006.0,464239.0,42
201300049191,13,8,22,1625,1,1,1,1.0,3,42218,M,4541092.0,439815.0,42
201300049192,13,8,28,1540,1,1,2,1.0,3,42207,M,4549163.0,451786.0,42
201300049193,13,9,12,2225,3,1,1,1.0,1,42218,M,4540774.0,438850.0,42
201300049194,13,9,24,850,1,1,1,1.0,3,42186,M,4554066.0,464350.0,42
201300049195,13,10,6,1448,1,1,1,1.0,6,42218,M,4546404.0,438334.0,42
201300049196,13,10,7,1710,1,1,1,1.0,2,42218,M,4541480.0,440362.0,42
201300049197,13,10,14,1920,2,1,1,1.0,3,42218,M,4543400.0,442880.0,42
201300049198,13,10,17,830,1,1,1,1.0,2,42044,M,4539705.0,435352.0,42
201300049199,13,10,18,1615,1,1,1,1.0,2,42005,M,4552957.0,428561.0,42
201300049200,13,10,13,340,3,1,1,8.0,7,42237,M,4543510.0,443163.0,42
201300049201,13,10,19,2000,3,1,1,1.0,5,42097,M,4549758.0,431356.0,42
201300049202,13,10,28,1300,1,1,1,1.0,6,42103,M,4550255.0,456479.0,42
201300049203,13,10,30,1815,3,1,1,1.0,6,42218,M,4541607.0,440541.0,42
201300049204,13,10,31,405,3,1,1,1.0,7,42218,M,4545528.0,441235.0,42
201300049205,13,10,30,1445,1,1,1,1.0,3,42218,M,4542193.0,441211.0,42
201300049206,13,10,31,1715,1,1,1,1.0,7,42218,M,4545572.0,441156.0,42
201300049207,13,11,2,1200,1,1,1,1.0,4,42097,M,4548393.0,433465.0,42
201300049208,13,11,6,1455,1,1,1,1.0,2,42218,M,4543434.0,442956.0,42
201300049209,13,11,11,30,3,1,1,1.0,6,42110,M,4549420.0,454433.0,42
201300049210,13,11,11,1640,1,1,1,1.0,5,42044,M,4539562.0,434297.0,42
201300049211,13,11,13,1815,5,1,1,1.0,4,42218,M,4546004.0,440453.0,42
201300049212,13,12,9,2020,3,1,1,1.0,7,42095,M,4537737.0,427188.0,42
201300049213,13,12,14,1730,3,1,1,1.0,3,42110,M,4549402.0,454814.0,42
201300049214,13,12,17,1725,3,1,1,1.0,2,42218,M,4543689.0,444747.0,42
201300049215,13,12,25,1900,3,1,1,1.0,2,69091,M,,,69
201300049216,13,12,28,315,3,1,1,1.0,6,42097,M,4552235.0,429127.0,42
201300049217,13,1,1,300,5,1,3,1.0,2,38544,M,4553620.0,486981.0,38
201300049218,13,1,2,1635,1,1,1,1.0,7,69266,M,,,69
201300049219,13,1,4,730,2,1,1,2.0,7,69296,M,,,69
201300049220,13,1,5,1150,1,1,1,2.0,7,69029,M,,,69
201300049221,13,1,4,1350,1,1,1,2.0,4,69290,M,,,69
201300049222,13,1,4,1840,5,1,1,1.0,4,69029,M,,,69
201300049223,13,1,4,1240,1,1,1,2.0,6,69271,M,,,69
201300049224,13,1,5,1220,1,1,1,1.0,4,69266,M,,,69
201300049225,13,1,8,1700,2,1,1,1.0,7,69286,M,,,69
201300049226,13,1,9,730,3,1,1,1.0,7,69029,M,,,69
201300049227,13,1,9,830,1,1,1,1.0,2,69388,M,,,69
201300049228,13,1,9,1840,3,1,1,1.0,2,69152,M,,,69
201300049229,13,1,10,1130,1,1,1,2.0,2,69382,M,,,69
201300049230,13,1,10,1350,1,1,1,2.0,7,69256,M,,,69
201300049231,13,1,10,1450,1,1,1,3.0,6,69382,M,,,69
201300049232,13,1,11,1245,1,1,1,2.0,7,69029,M,,,69
201300049233,13,1,11,1330,1,1,1,1.0,3,38087,M,4557530.0,480662.0,38
201300049234,13,1,12,1330,1,1,3,1.0,2,38544,M,4554150.0,485285.0,38
201300049235,13,1,12,1800,3,1,1,1.0,3,69117,M,,,69
201300049236,13,1,14,820,1,1,1,8.0,3,69149,M,,,69
201300049237,13,1,15,625,4,1,1,4.0,5,69290,M,,,69
201300049238,13,1,15,1935,4,1,1,2.0,3,69029,M,,,69
201300049239,13,1,18,2245,3,1,1,4.0,2,69117,M,,,69
201300049240,13,1,18,2320,4,1,1,9.0,3,69297,M,,,69
201300049241,13,1,19,2120,5,1,1,8.0,7,69142,M,,,69
201300049242,13,1,20,250,5,1,1,2.0,7,69199,M,,,69
201300049243,13,1,20,800,1,1,1,1.0,6,69152,M,,,69
201300049244,13,1,20,2240,3,1,1,2.0,7,69277,M,,,69
201300049245,13,1,21,1825,3,1,4,1.0,2,38544,M,4554380.0,484387.0,38