Num_Acc,an,mois,jour,hrmn,lum,agg,int,atm,col,com,gps,lat,long,dep
201300049246,13,1,21,2030,5,1,1,1.0,6,69259,M,,,69
201300049247,13,1,22,1755,2,1,1,1.0,1,01376,M,4581780.0,498518.0,01
201300049248,13,1,23,830,1,1,1,1.0,2,69199,M,,,69
201300049249,13,1,24,720,3,1,1,8.0,6,69271,M,,,69
201300049250,13,1,27,1940,5,1,1,2.0,6,69152,M,,,69
201300049251,13,1,28,710,2,1,1,5.0,6,38544,M,4551930.0,486552.0,38
201300049252,13,1,29,850,1,1,1,1.0,4,69288,M,,,69
201300049253,13,1,29,850,1,1,1,1.0,6,69288,M,,,69
201300049254,13,1,29,1910,5,1,1,1.0,3,69290,M,,,69
201300049255,13,2,3,245,3,1,1,6.0,7,38336,M,4547980.0,483317.0,38
201300049256,13,2,3,650,3,1,1,1.0,2,69072,M,,,69
201300049257,13,2,10,600,4,1,1,1.0,7,69266,M,,,69
201300049258,13,2,10,1710,1,1,1,2.0,2,38544,M,4553950.0,486051.0,38
201300049259,13,2,12,940,1,1,1,2.0,3,69297,M,,,69
201300049260,13,2,15,540,3,1,1,1.0,7,01105,M,4590180.0,487495.0,01
201300049261,13,2,15,640,5,1,1,9.0,6,01043,M,4582500.0,500878.0,01
201300049262,13,2,15,1730,1,1,1,1.0,2,69199,M,,,69
201300049263,13,2,15,1845,5,1,1,1.0,4,69388,M,,,69
201300049264,13,2,18,705,3,1,1,1.0,4,69276,M,,,69
201300049265,13,2,19,420,3,1,1,5.0,3,69272,M,,,69
201300049266,13,2,20,1735,1,1,1,1.0,4,69072,M,,,69
201300049267,13,2,21,845,1,1,1,1.0,2,69142,M,,,69
201300049268,13,2,24,635,3,1,1,4.0,6,38087,M,4556880.0,481572.0,38
201300049269,13,2,24,1605,1,1,4,4.0,2,38544,M,4553110.0,487360.0,38
201300049270,13,2,26,1326,1,1,1,1.0,2,69283,M,,,69
201300049271,13,2,27,1306,1,1,1,1.0,2,69072,M,,,69
201300049272,13,2,28,2140,3,1,1,1.0,3,69297,M,,,69
201300049273,13,3,1,1930,3,1,1,1.0,4,69279,M,,,69
201300049274,13,3,2,2020,3,1,1,1.0,7,69278,M,,,69
201300049275,13,3,2,2220,3,1,1,1.0,7,38544,M,,,38
201300049276,13,3,3,2025,5,1,1,1.0,2,69029,M,,,69
201300049277,13,3,4,600,4,1,1,1.0,6,69081,M,,,69
201300049278,13,3,4,1715,1,1,1,1.0,5,69256,M,,,69
201300049279,13,3,5,840,1,1,1,1.0,5,69266,M,,,69
201300049280,13,3,6,1745,1,1,1,8.0,6,69199,M,,,69
201300049281,13,3,7,1700,1,1,1,1.0,4,69152,M,,,69
201300049282,13,3,9,130,5,1,1,1.0,2,69204,M,,,69
201300049283,13,3,10,245,5,1,1,1.0,6,69266,M,,,69
201300049284,13,3,12,1650,1,1,1,1.0,6,69152,M,,,69
201300049285,13,3,12,1730,1,1,1,1.0,5,01376,M,4581690.0,497879.0,01
201300049286,13,3,15,1330,1,1,1,1.0,3,69297,M,,,69
201300049287,13,3,16,830,1,1,1,1.0,6,38087,M,,,38
201300049288,13,3,17,430,5,1,1,2.0,5,69382,M,,,69
201300049289,13,3,17,1810,2,1,1,1.0,3,69266,M,,,69
201300049290,13,3,20,1835,2,1,1,2.0,2,69276,M,,,69
201300049291,13,3,21,800,1,1,1,1.0,7,69091,M,,,69
201300049292,13,3,21,2130,5,1,1,1.0,2,69389,M,,,69
201300049293,13,3,22,300,3,1,1,1.0,2,69116,M,,,69
201300049294,13,3,22,1640,1,1,1,1.0,3,69081,M,,,69
201300049295,13,3,23,1620,1,1,1,1.0,7,69072,M,,,69
201300049296,13,3,24,535,5,1,1,2.0,2,69382,M,,,69
201300049297,13,3,24,1140,1,1,1,1.0,7,38544,M,,,38
201300049298,13,3,24,2110,3,1,1,2.0,5,69029,M,,,69
201300049299,13,3,25,1720,1,1,1,1.0,2,69388,M,,,69
201300049300,13,3,26,1145,1,1,1,1.0,2,69142,M,,,69
201300049301,13,3,27,1250,1,1,1,1.0,5,69382,M,,,69
201300049302,13,3,29,635,2,1,1,2.0,3,69029,M,,,69
201300049303,13,3,30,15,5,1,1,2.0,3,69029,M,,,69
201300049304,13,3,30,1000,1,1,1,2.0,7,69282,M,,,69
201300049305,13,4,1,955,1,1,1,1.0,6,69152,M,,,69
201300049306,13,4,3,1720,1,1,1,1.0,7,69152,M,,,69
201300049307,13,4,4,410,3,1,1,1.0,6,69117,M,,,69
201300049308,13,4,5,1730,1,1,1,2.0,4,69277,M,,,69
201300049309,13,4,6,2055,3,1,1,1.0,6,69256,M,,,69
201300049310,13,4,8,840,1,1,1,1.0,2,69290,M,,,69
201300049311,13,4,9,1130,1,1,1,2.0,7,69244,M,,,69
201300049312,13,4,9,1500,1,1,1,1.0,4,69385,M,,,69
201300049313,13,4,10,1650,1,1,1,1.0,4,69277,M,,,69
201300049314,13,4,12,1245,1,1,1,1.0,7,69055,M,,,69
201300049315,13,4,13,710,1,1,1,1.0,2,38087,M,,,38
201300049316,13,4,16,820,1,1,1,1.0,3,69204,M,,,69
201300049317,13,4,16,1750,1,1,1,1.0,2,69029,M,,,69
201300049318,13,3,7,1830,2,1,1,1.0,3,69382,M,,,69
201300049319,13,4,17,1740,1,1,1,1.0,3,69297,M,,,69
201300049320,13,4,18,2045,5,1,1,1.0,3,69149,M,,,69
201300049321,13,4,19,1109,1,1,9,1.0,6,69199,M,,,69
201300049322,13,4,19,1320,1,1,1,2.0,2,69272,M,,,69
201300049323,13,4,21,1830,1,1,1,1.0,7,69193,M,,,69
201300049324,13,4,22,1330,1,1,1,1.0,5,69199,M,,,69
201300049325,13,4,22,1350,1,1,1,1.0,2,69199,M,,,69
201300049326,13,4,25,525,3,1,1,1.0,2,69282,M,,,69
201300049327,13,4,13,1520,1,1,1,1.0,4,69199,M,,,69
201300049328,13,4,25,1500,1,1,1,1.0,1,69199,M,,,69
201300049329,13,4,27,1125,1,1,1,2.0,6,69199,M,,,69
201300049330,13,4,27,2345,3,1,1,2.0,7,38336,M,,,38
201300049331,13,4,28,530,5,1,1,2.0,7,69029,M,,,69
201300049332,13,4,28,945,1,1,1,1.0,6,69297,M,,,69
201300049333,13,4,29,1945,1,1,1,2.0,3,69297,M,,,69
201300049334,13,5,1,114,3,1,1,1.0,2,38487,M,4556000.0,482207.0,38
201300049335,13,5,1,510,3,1,1,2.0,2,69081,M,,,69
201300049336,13,5,3,1230,1,1,1,2.0,7,38336,M,,,38
201300049337,13,4,27,2340,5,1,1,2.0,3,69029,M,,,69
201300049338,13,5,5,1515,1,1,1,1.0,4,69382,M,,,69
201300049339,13,5,5,2200,5,1,1,1.0,7,69259,M,,,69
201300049340,13,5,8,510,3,1,1,1.0,6,69081,M,,,69
201300049341,13,5,9,30,4,1,1,9.0,2,69029,M,,,69
201300049342,13,5,9,1800,1,1,1,3.0,6,69007,M,,,69
201300049343,13,5,10,855,1,1,9,1.0,3,69259,M,,,69
201300049344,13,5,12,514,3,1,1,1.0,5,01275,M,,,01
201300049345,13,5,12,730,1,1,1,1.0,2,69290,M,,,69
201300049346,13,5,13,705,1,1,1,1.0,3,69385,M,,,69
201300049347,13,5,13,735,1,1,1,1.0,2,38449,M,,,38
201300049348,13,5,15,2140,3,1,1,1.0,2,69288,M,,,69
201300049349,13,5,14,1657,1,1,1,1.0,2,69266,M,,,69
201300049350,13,5,14,1745,1,1,1,1.0,3,69029,M,,,69
201300049351,13,5,15,5,4,1,5,1.0,7,69199,M,,,69
201300049352,13,5,15,1305,1,1,1,2.0,7,69027,M,,,69
201300049353,13,5,16,1125,1,1,1,2.0,7,69142,M,,,69
201300049354,13,5,16,1735,1,1,1,1.0,2,69081,M,,,69
201300049355,13,5,20,630,1,1,9,1.0,6,69259,M,,,69
201300049356,13,5,21,1100,1,1,1,3.0,3,69389,M,,,69
201300049357,13,5,21,1740,1,1,1,2.0,2,69081,M,,,69
201300049358,13,5,22,637,1,1,1,1.0,7,69290,M,,,69
201300049359,13,5,24,645,2,1,1,1.0,3,69389,M,,,69
201300049360,13,5,24,1210,1,1,1,1.0,2,38487,M,,,38
201300049361,13,5,24,1905,1,1,1,1.0,3,69027,M,,,69
201300049362,13,5,25,700,1,1,1,1.0,6,38544,M,,,38
201300049363,13,5,27,1740,1,1,1,1.0,2,69072,M,,,69
201300049364,13,5,27,2015,4,1,1,,5,69199,M,,,69
201300049365,13,5,29,2015,2,1,1,1.0,4,69199,M,,,69
201300049366,13,5,28,1640,1,1,1,2.0,6,69256,M,,,69
201300049367,13,5,28,1710,1,1,1,3.0,4,69268,M,,,69
201300049368,13,5,29,1840,1,1,1,2.0,4,69277,M,,,69
201300049369,13,5,29,1050,1,1,1,1.0,2,69275,M,,,69
201300049370,13,5,29,2245,5,1,1,1.0,3,69389,M,,,69
201300049371,13,5,30,940,1,1,1,1.0,2,69266,M,,,69
201300049372,13,5,30,1840,1,1,1,1.0,3,69297,M,,,69
201300049373,13,5,31,540,2,1,1,8.0,6,38544,M,,,38
201300049374,13,5,31,2050,2,1,1,2.0,7,69029,M,,,69
201300049375,13,6,3,1733,5,1,1,1.0,2,69389,M,,,69
201300049376,13,6,6,835,1,1,1,1.0,2,69081,M,,,69
201300049377,13,6,6,1240,1,1,1,1.0,3,69199,M,,,69
201300049378,13,6,6,1820,1,1,1,1.0,7,69081,M,,,69
201300049379,13,6,8,1845,1,1,1,3.0,3,38544,M,,,38
201300049380,13,6,9,320,5,1,1,1.0,7,38544,M,,,38
201300049381,13,6,11,2150,5,1,1,1.0,7,69034,M,,,69
201300049382,13,6,13,1537,1,1,9,1.0,5,69029,M,,,69
201300049383,13,6,14,115,4,1,1,2.0,2,69029,M,,,69
201300049384,13,6,14,830,1,1,1,1.0,5,69152,M,,,69
201300049385,13,6,16,500,3,1,1,1.0,7,69295,M,,,69
201300049386,13,6,17,5,5,1,1,1.0,7,69382,M,,,69
201300049387,13,6,17,1830,1,1,1,1.0,6,69256,M,,,69
201300049388,13,6,20,1705,1,1,1,1.0,2,69029,M,,,69
201300049389,13,6,21,610,1,1,1,1.0,5,69277,M,,,69
201300049390,13,6,21,900,1,1,1,1.0,5,69297,M,,,69
201300049391,13,6,24,600,1,1,1,1.0,3,69152,M,,,69
201300049392,13,6,24,908,4,1,1,1.0,3,69081,M,,,69
201300049393,13,6,27,1320,1,1,1,1.0,2,38087,M,,,38
201300049394,13,6,28,710,1,1,9,2.0,4,69266,M,,,69
201300049395,13,6,28,820,1,1,1,2.0,2,69256,M,,,69
201300049396,13,6,29,1145,1,1,1,3.0,4,69275,M,,,69
201300049397,13,6,29,1515,1,1,1,2.0,7,69199,M,,,69
201300049398,13,6,29,1510,1,1,1,1.0,4,69290,M,,,69
201300049399,13,6,29,1715,1,1,1,1.0,7,69199,M,,,69
201300049400,13,6,30,310,5,1,1,1.0,7,38544,M,,,38
201300049401,13,7,1,1220,1,1,1,1.0,7,69081,M,,,69
201300049402,13,7,2,1640,1,1,1,1.0,4,69029,M,,,69
201300049403,13,7,3,820,1,1,1,2.0,7,69029,M,,,69
201300049404,13,7,3,840,1,1,1,1.0,7,38544,M,,,38
201300049405,13,7,5,1845,1,1,1,1.0,4,69256,M,,,69
201300049406,13,7,6,1743,1,1,1,1.0,6,69382,M,,,69
201300049407,13,7,1,1050,1,1,1,1.0,2,69290,M,,,69
201300049408,13,7,9,1645,1,1,1,1.0,4,69072,M,,,69
201300049409,13,7,11,238,3,1,1,1.0,4,69275,M,,,69
201300049410,13,7,5,1500,1,1,1,1.0,2,69116,M,,,69
201300049411,13,7,11,1715,1,1,1,1.0,2,69277,M,,,69
201300049412,13,7,12,1230,1,1,1,1.0,7,69256,M,,,69
201300049413,13,7,13,630,1,1,1,1.0,2,69296,M,,,69
201300049414,13,7,14,1935,1,1,1,1.0,2,38449,M,,,38
201300049415,13,7,7,1505,1,1,1,1.0,2,01249,M,4581640.0,497492.0,01
201300049416,13,7,16,1025,1,1,1,1.0,4,69272,M,,,69
201300049417,13,7,17,1405,1,1,1,1.0,6,69115,M,,,69
201300049418,13,7,19,945,1,1,1,1.0,2,01248,M,4589140.0,489138.0,01
201300049419,13,7,19,1005,1,1,9,1.0,6,69199,M,,,69
201300049420,13,7,20,450,4,1,1,1.0,2,69204,M,,,69
201300049421,13,7,20,1200,1,1,1,1.0,6,69295,M,,,69
201300049422,13,6,27,1910,1,1,1,1.0,2,69142,M,,,69
201300049423,13,7,21,2000,1,1,1,1.0,7,69199,M,,,69
201300049424,13,7,24,1805,1,1,1,7.0,3,69270,M,,,69
201300049425,13,7,25,1216,1,1,1,1.0,5,69288,M,,,69
201300049426,13,7,25,1745,1,1,1,1.0,2,69029,M,,,69
201300049427,13,7,26,1650,1,1,1,1.0,7,69081,M,,,69
201300049428,13,7,28,1615,1,1,1,3.0,7,69189,M,,,69
201300049429,13,7,28,1730,1,1,1,2.0,6,69199,M,,,69
201300049430,13,7,30,1745,1,1,1,1.0,2,69283,M,,,69
201300049431,13,8,1,1501,1,1,1,1.0,1,69027,M,,,69
201300049432,13,8,2,1700,1,1,1,1.0,5,69382,M,,,69
201300049433,13,8,2,2040,1,1,3,1.0,7,38544,M,,,38
201300049434,13,8,7,1200,1,1,1,1.0,6,69277,M,,,69
201300049435,13,8,8,1512,1,1,1,3.0,7,69297,M,,,69
201300049436,13,8,9,830,1,1,1,1.0,3,69297,M,,,69
201300049437,13,8,14,1010,1,1,1,1.0,4,69389,M,,,69
201300049438,13,8,14,1940,1,1,1,1.0,7,69389,M,,,69
201300049439,13,8,14,2310,3,1,1,1.0,2,38184,M,,,38
201300049440,13,8,15,1430,1,1,1,1.0,6,38544,M,,,38
201300049441,13,8,15,2245,5,1,1,1.0,2,69266,M,,,69
201300049442,13,8,15,2015,1,1,1,1.0,2,69149,M,,,69
201300049443,13,8,22,1800,1,1,1,1.0,3,69272,M,,,69
201300049444,13,8,24,2030,2,1,1,3.0,7,69282,M,,,69
201300049445,13,8,24,2120,3,1,1,3.0,6,69290,M,,,69
201300049446,13,8,26,1800,1,1,9,1.0,3,69272,M,,,69
201300049447,13,8,27,825,1,1,1,2.0,6,69266,M,,,69
201300049448,13,8,26,830,1,1,1,1.0,6,69266,M,,,69
201300049449,13,8,27,1950,1,1,1,2.0,7,69029,M,,,69
201300049450,13,8,29,555,5,1,1,1.0,6,69388,M,,,69
201300049451,13,8,29,2300,3,1,1,1.0,2,69297,M,,,69
201300049452,13,7,11,2320,3,1,1,1.0,2,69273,M,,,69
201300049453,13,8,31,140,3,1,1,1.0,2,69081,M,,,69
201300049454,13,8,31,1900,1,1,1,1.0,7,69295,M,,,69
201300049455,13,9,2,1105,2,1,1,1.0,4,69072,M,,,69
201300049456,13,9,6,4,3,1,1,1.0,2,69290,M,,,69
201300049457,13,9,7,1030,1,1,1,2.0,7,69259,M,,,69
201300049458,13,9,8,535,3,1,1,2.0,4,69275,M,,,69
201300049459,13,9,8,1830,1,1,1,2.0,5,69199,M,,,69
201300049460,13,9,8,1845,1,1,1,2.0,7,01043,M,,,01
201300049461,13,9,8,2000,3,1,9,1.0,7,69282,M,,,69
201300049462,13,9,9,2130,5,1,1,1.0,2,69029,M,,,69
201300049463,13,9,10,1610,1,1,1,1.0,6,69290,M,,,69
201300049464,13,9,11,1820,1,1,1,8.0,7,01376,M,,,01
201300049465,13,9,12,1815,1,1,1,1.0,2,69256,M,,,69
201300049466,13,9,13,1620,1,1,1,1.0,7,69288,M,,,69
201300049467,13,9,13,1800,1,1,1,1.0,4,69029,M,,,69
201300049468,13,9,14,1453,1,1,1,1.0,7,69081,M,,,69
201300049469,13,9,14,1715,1,1,1,1.0,2,69266,M,,,69
201300049470,13,9,14,1817,1,1,1,1.0,2,69266,M,,,69
201300049471,13,9,15,200,4,1,1,2.0,5,38336,M,,,38
201300049472,13,9,16,1945,2,1,1,1.0,7,69256,M,,,69
201300049473,13,9,18,1740,1,1,1,1.0,4,69297,M,,,69
201300049474,13,9,19,910,1,1,1,1.0,2,69297,M,,,69
201300049475,13,9,19,1715,1,1,1,1.0,5,69256,M,,,69
201300049476,13,9,20,1752,1,1,1,1.0,2,69072,M,,,69
201300049477,13,9,24,840,1,1,1,1.0,4,69290,M,,,69
201300049478,13,9,26,1420,1,1,1,1.0,2,38544,M,,,38
201300049479,13,9,27,630,5,1,1,1.0,2,69199,M,,,69
201300049480,13,9,27,450,3,1,1,1.0,6,69072,M,,,69
201300049481,13,9,27,1020,1,1,1,1.0,5,69278,M,,,69
201300049482,13,9,27,1850,1,1,1,1.0,4,69266,M,,,69
201300049483,13,9,28,2330,3,1,1,1.0,1,69295,M,,,69
201300049484,13,9,29,530,4,1,1,3.0,3,69256,M,,,69
201300049485,13,9,29,1405,1,1,1,1.0,4,38336,M,,,38
201300049486,13,9,29,1640,1,1,1,2.0,7,69199,M,,,69
201300049487,13,9,30,930,1,1,1,8.0,4,69296,M,,,69
201300049488,13,9,30,1215,1,1,1,1.0,2,38544,M,,,38
201300049489,13,10,2,1650,1,1,1,1.0,2,69199,M,,,69
201300049490,13,10,2,2105,5,1,1,1.0,2,69266,M,,,69
201300049491,13,10,3,1425,1,1,1,1.0,2,69072,M,,,69
201300049492,13,10,4,2005,3,1,1,2.0,5,69125,M,,,69
201300049493,13,10,5,140,3,1,1,2.0,2,69256,M,,,69
201300049494,13,10,5,840,1,1,1,1.0,7,69266,M,,,69
201300049495,13,10,6,1550,1,1,1,1.0,2,69029,M,,,69
201300049496,13,10,9,1300,1,1,1,1.0,3,69125,M,,,69
201300049497,13,10,10,1735,1,1,1,1.0,3,69199,M,,,69
201300049498,13,10,11,30,5,1,1,2.0,7,69199,M,,,69
201300049499,13,10,11,1534,1,1,1,1.0,6,69389,M,,,69
201300049500,13,10,14,1745,1,1,1,1.0,4,69266,M,,,69
201300049501,13,10,11,1630,1,1,1,1.0,4,69389,M,,,69
201300049502,13,10,15,725,2,1,1,1.0,3,69272,M,,,69
201300049503,13,10,15,2303,5,1,1,2.0,6,69034,M,,,69
201300049504,13,10,16,1630,1,1,1,1.0,6,69009,M,,,69
201300049505,13,10,17,2005,5,1,1,1.0,4,69266,M,,,69
201300049506,13,10,18,850,1,1,1,1.0,4,69287,M,,,69
201300049507,13,10,18,1630,1,1,1,1.0,3,69027,M,,,69
201300049508,13,10,18,1910,3,1,1,1.0,2,69163,M,,,69
201300049509,13,10,20,1605,1,1,1,1.0,6,69256,M,,,69
201300049510,13,10,20,1715,1,1,1,1.0,7,38336,M,,,38
201300049511,13,10,21,1155,1,1,1,1.0,2,69286,M,,,69
201300049512,13,10,21,1900,3,1,1,1.0,4,01249,M,,,01
201300049513,13,10,22,1045,1,1,1,1.0,2,69266,M,,,69
201300049514,13,10,22,1100,1,1,1,1.0,7,69199,M,,,69
201300049515,13,10,24,1716,1,1,1,1.0,5,69034,M,,,69
201300049516,13,10,25,2140,5,1,1,1.0,3,69029,M,,,69
201300049517,13,10,28,630,3,1,1,1.0,5,69286,M,,,69
201300049518,13,10,29,855,1,1,1,1.0,4,69290,M,,,69
201300049519,13,10,29,1930,5,1,1,1.0,3,38544,M,,,38
201300049520,13,11,3,230,5,1,1,2.0,6,69152,M,,,69
201300049521,13,10,23,1745,1,1,1,1.0,7,69199,M,,,69
201300049522,13,11,4,1530,1,1,1,2.0,2,69276,M,,,69
201300049523,13,11,4,2015,5,1,1,1.0,7,69199,M,,,69
201300049524,13,11,5,2100,5,1,1,2.0,6,69029,M,,,69
201300049525,13,11,6,725,1,1,1,2.0,5,38184,M,,,38
201300049526,13,11,6,1215,1,1,1,1.0,6,69115,M,,,69
201300049527,13,11,6,1730,3,1,1,1.0,4,38544,M,,,38
201300049528,13,11,6,900,1,1,1,1.0,6,69081,M,,,69
201300049529,13,11,8,1645,1,1,1,2.0,6,69081,M,,,69
201300049530,13,11,9,1225,1,1,1,1.0,2,69072,M,,,69
201300049531,13,11,10,900,1,1,1,2.0,6,69271,M,,,69
201300049532,13,11,11,1830,5,1,1,1.0,4,69382,M,,,69
201300049533,13,11,12,1708,1,1,1,1.0,3,69034,M,,,69
201300049534,13,11,13,330,3,1,1,1.0,2,38544,M,,,38
201300049535,13,11,14,1300,1,1,1,1.0,7,69055,M,,,69
201300049536,13,11,15,940,1,1,1,8.0,6,69295,M,,,69
201300049537,13,11,15,1515,1,1,1,1.0,4,69382,M,,,69
201300049538,13,11,19,1245,1,1,1,2.0,3,69029,M,,,69
201300049539,13,11,21,1815,5,1,1,2.0,3,69027,M,,,69
201300049540,13,11,22,915,1,1,1,2.0,2,69256,M,,,69
201300049541,13,11,23,745,2,1,1,1.0,2,69273,M,,,69
201300049542,13,11,25,845,1,1,1,1.0,3,69100,M,,,69
201300049543,13,11,25,1715,1,1,1,1.0,3,38544,M,,,38
201300049544,13,11,25,2000,3,1,1,1.0,4,69272,M,,,69
201300049545,13,11,22,830,2,1,1,2.0,6,69385,M,,,69
201300049546,13,11,29,2000,5,1,1,1.0,4,38449,M,,,38
201300049547,13,11,30,945,1,1,1,1.0,7,69029,M,,,69
201300049548,13,12,1,205,4,1,1,1.0,6,69259,M,,,69
201300049549,13,12,2,850,1,1,1,1.0,4,69277,M,,,69
201300049550,13,12,2,1220,1,1,1,1.0,3,69297,M,,,69
201300049551,13,12,2,1750,3,1,1,1.0,5,69297,M,0.0,0.0,69
201300049552,13,12,3,820,1,1,1,1.0,4,69029,M,,,69
201300049553,13,12,5,2215,3,1,1,1.0,2,69156,M,,,69
201300049554,13,12,10,740,2,1,1,5.0,2,69204,M,,,69
201300049555,13,12,12,630,5,1,1,5.0,7,69290,M,,,69
201300049556,13,12,13,2210,5,1,6,2.0,7,69272,M,,,69
201300049557,13,12,14,130,3,1,1,1.0,7,69275,M,,,69
201300049558,13,12,20,1125,1,1,1,2.0,3,69199,M,,,69
201300049559,13,12,27,750,1,1,1,1.0,6,69029,M,,,69
201300049560,13,12,23,600,5,1,1,1.0,6,69266,M,,,69
201300049561,13,12,23,1105,1,1,1,1.0,2,69287,M,,,69
201300049562,13,12,25,1320,1,1,1,1.0,7,69276,M,,,69
201300049563,13,12,25,1730,2,1,1,3.0,7,69029,M,,,69
201300049564,13,12,26,1525,1,1,1,1.0,7,69266,M,,,69
201300049565,13,12,28,1740,5,1,1,8.0,3,69199,M,,,69
201300049566,13,12,29,915,1,1,1,1.0,6,69288,M,,,69
201300049567,13,12,29,2030,3,1,1,1.0,6,69152,M,,,69
201300049568,13,1,2,1523,1,2,1,1.0,6,69389,M,,,69
201300049569,13,1,4,1655,2,2,1,1.0,5,69389,M,,,69
201300049570,13,1,5,1830,5,2,1,1.0,6,69081,M,,,69
201300049571,13,1,15,1700,1,2,1,1.0,3,69081,M,,,69
201300049572,13,1,19,1815,5,2,1,2.0,6,69389,M,,,69
201300049573,13,1,19,2350,5,2,1,2.0,6,69389,M,,,69
201300049574,13,1,20,1508,1,2,1,8.0,6,69081,M,,,69
201300049575,13,2,1,905,1,2,1,2.0,3,69389,M,,,69
201300049576,13,2,14,1040,1,2,1,1.0,6,69081,M,,,69
201300049577,13,2,22,750,1,2,1,1.0,3,69389,M,,,69
201300049578,13,3,2,20,5,2,1,1.0,6,69389,M,,,69
201300049579,13,3,4,1025,1,2,3,9.0,3,69389,M,,,69
201300049580,13,3,4,1730,1,2,3,1.0,6,69389,M,,,69
201300049581,13,3,9,1800,1,2,1,1.0,7,69389,M,,,69
201300049582,13,3,12,1830,2,2,3,1.0,3,69389,M,,,69
201300049583,13,3,19,1800,1,2,1,1.0,6,69389,M,,,69
201300049584,13,3,21,830,1,2,1,1.0,6,69389,M,,,69
201300049585,13,3,22,2010,5,2,2,1.0,3,69389,M,,,69
201300049586,13,3,29,735,2,2,1,2.0,6,69389,M,,,69
201300049587,13,4,4,1520,1,2,3,1.0,3,69389,M,,,69
201300049588,13,4,4,2050,5,2,1,1.0,3,69081,M,,,69
201300049589,13,4,12,1910,1,2,2,1.0,3,69389,M,,,69
201300049590,13,4,19,1940,2,2,1,2.0,6,69081,M,,,69
201300049591,13,4,21,450,5,2,1,1.0,7,69389,M,,,69
201300049592,13,4,21,700,2,2,1,8.0,6,69389,M,,,69
201300049593,13,4,26,1200,1,2,4,2.0,3,69389,M,,,69
201300049594,13,4,27,1230,1,2,3,2.0,3,69389,M,,,69
201300049595,13,4,24,1,5,2,1,1.0,6,69389,M,,,69
201300049596,13,5,2,855,1,2,1,1.0,3,69389,M,,,69
201300049597,13,5,2,1626,1,2,1,1.0,6,69389,M,,,69
201300049598,13,5,7,820,1,2,1,1.0,2,69081,M,,,69
201300049599,13,5,8,450,5,2,1,1.0,2,69389,M,,,69
201300049600,13,5,13,1050,1,2,1,1.0,6,69389,M,,,69
201300049601,13,5,14,1520,1,2,2,1.0,3,69389,M,,,69
201300049602,13,5,22,1600,1,2,2,1.0,1,69389,M,,,69
201300049603,13,5,26,940,1,2,1,1.0,3,69389,M,,,69
201300049604,13,5,31,1200,1,2,1,2.0,3,69389,M,,,69
201300049605,13,6,1,1850,1,2,1,1.0,6,69389,M,,,69
201300049606,13,6,5,1735,1,2,6,1.0,3,69081,M,,,69
201300049607,13,6,11,1700,1,2,1,1.0,2,69389,M,,,69
201300049608,13,6,11,2015,2,2,1,1.0,6,69389,M,,,69
201300049609,13,6,12,1900,1,2,1,1.0,3,69389,M,,,69
201300049610,13,6,13,855,1,2,2,1.0,3,69081,M,,,69
201300049611,13,6,14,2120,2,2,1,1.0,6,69389,M,,,69
201300049612,13,6,15,1000,1,2,1,1.0,6,69389,M,,,69
201300049613,13,6,21,830,1,2,1,1.0,6,69389,M,,,69
201300049614,13,6,21,830,1,2,1,1.0,6,69389,M,,,69
201300049615,13,6,24,855,1,2,3,1.0,6,69389,M,,,69
201300049616,13,6,24,820,1,2,1,1.0,3,69389,M,,,69
201300049617,13,6,24,2040,2,2,1,1.0,6,69389,M,,,69
201300049618,13,6,26,805,1,2,6,1.0,3,69081,M,,,69
201300049619,13,6,28,1100,1,2,1,2.0,7,69389,M,,,69
201300049620,13,7,1,1107,1,2,1,1.0,6,69389,M,,,69
201300049621,13,7,1,1245,1,1,1,1.0,6,69389,M,,,69
201300049622,13,7,2,1848,1,1,3,8.0,3,69389,M,,,69
201300049623,13,7,6,1645,1,2,1,1.0,2,69081,M,,,69
201300049624,13,7,10,150,5,2,1,1.0,6,69389,M,,,69
201300049625,13,7,15,1740,1,2,3,1.0,3,69081,M,,,69
201300049626,13,7,17,1030,1,2,1,8.0,6,69389,M,,,69
201300049627,13,7,17,1413,1,2,1,1.0,3,69389,M,,,69
201300049628,13,7,20,2240,5,2,6,1.0,7,69081,M,,,69
201300049629,13,7,18,1120,1,2,1,2.0,2,69389,M,,,69
201300049630,13,8,1,100,5,2,3,1.0,3,69389,M,,,69
201300049631,13,8,1,1300,1,2,2,1.0,3,69389,M,,,69
201300049632,13,8,1,2010,1,2,1,1.0,1,69389,M,,,69
201300049633,13,8,6,1755,1,2,1,1.0,3,69389,M,,,69
201300049634,13,8,12,1700,1,2,1,1.0,6,69389,M,,,69
201300049635,13,8,14,1325,1,2,1,1.0,2,69389,M,,,69
201300049636,13,8,22,1902,1,2,1,8.0,6,69389,M,,,69
201300049637,13,8,24,1705,1,2,1,1.0,6,69389,M,,,69
201300049638,13,8,31,1731,1,2,2,1.0,6,69389,M,,,69
201300049639,13,9,5,520,5,2,1,1.0,6,69389,M,,,69
201300049640,13,9,5,835,1,2,1,1.0,6,69081,M,,,69
201300049641,13,9,6,1150,1,2,1,1.0,3,69389,M,,,69
201300049642,13,9,18,1520,1,2,1,9.0,7,69389,M,,,69
201300049643,13,11,22,2100,5,2,1,1.0,6,69389,M,,,69
201300049644,13,9,24,1650,1,2,1,1.0,2,69389,M,,,69
201300049645,13,9,27,1420,1,2,3,1.0,5,69389,M,,,69
201300049646,13,9,28,1620,1,2,1,1.0,6,69389,M,,,69
201300049647,13,9,29,500,5,2,1,2.0,6,69389,M,,,69