Num_Acc,an,mois,jour,hrmn,lum,agg,int,atm,col,com,gps,lat,long,dep
201300050051,13,12,14,1030,1,1,1,1.0,6,13071,M,,,13
201300050052,13,12,14,1700,2,1,1,1.0,6,13202,M,,,13
201300050053,13,12,16,1230,1,1,1,1.0,4,13070,M,,,13
201300050054,13,12,16,655,3,1,1,1.0,3,13071,M,,,13
201300050055,13,12,17,1120,1,1,1,1.0,2,13211,M,,,13
201300050056,13,12,18,830,1,1,1,1.0,2,13215,M,,,13
201300050057,13,12,18,904,1,1,1,1.0,4,13071,M,,,13
201300050058,13,12,18,1855,3,1,1,1.0,2,13215,M,,,13
201300050059,13,12,19,855,1,1,1,1.0,6,13056,M,,,13
201300050060,13,12,19,1305,1,1,1,2.0,2,13081,M,,,13
201300050061,13,12,18,2010,3,1,1,1.0,5,13005,M,,,13
201300050062,13,12,20,856,1,1,1,2.0,7,13216,M,,,13
201300050063,13,12,20,1315,1,1,1,2.0,4,13071,M,,,13
201300050064,13,12,21,545,3,1,1,8.0,7,13216,M,,,13
201300050065,13,12,21,1015,1,1,1,1.0,2,13019,M,,,13
201300050066,13,12,18,2000,3,1,1,1.0,7,13005,M,,,13
201300050067,13,12,21,1600,1,1,1,1.0,7,13211,M,,,13
201300050068,13,12,21,140,3,1,1,1.0,7,13085,M,,,13
201300050069,13,12,22,640,4,1,1,8.0,6,13033,M,,,13
201300050070,13,12,23,1415,1,1,1,1.0,4,13071,M,,,13
201300050071,13,12,23,1325,1,1,1,1.0,7,13117,M,,,13
201300050072,13,12,25,950,1,1,1,1.0,6,13015,M,,,13
201300050073,13,12,25,1315,1,1,1,1.0,6,13071,M,,,13
201300050074,13,12,28,1135,1,1,1,1.0,7,13043,M,,,13
201300050075,13,12,28,2100,3,1,1,2.0,7,13203,M,,,13
201300050076,13,1,3,2250,5,1,1,1.0,2,13207,M,,,13
201300050077,13,1,4,1515,1,1,1,1.0,2,13071,M,,,13
201300050078,13,1,6,1030,1,1,1,1.0,6,13106,M,,,13
201300050079,13,1,26,2100,3,1,1,1.0,6,13081,M,,,13
201300050080,13,8,20,1030,1,1,1,1.0,3,13202,M,,,13
201300050081,13,2,11,918,1,1,1,8.0,6,13071,M,,,13
201300050082,13,2,13,2340,3,1,1,1.0,6,13005,M,,,13
201300050083,13,2,27,1625,1,1,1,1.0,2,13207,M,,,13
201300050084,13,8,26,710,1,1,1,1.0,5,13001,M,,,13
201300050085,13,3,4,1930,3,1,1,1.0,4,13214,M,,,13
201300050086,13,3,23,1500,1,1,1,1.0,4,13071,M,,,13
201300050087,13,4,2,2050,5,1,1,1.0,6,13211,M,,,13
201300050088,13,4,13,125,3,1,1,1.0,2,13215,M,,,13
201300050089,13,4,17,1430,1,1,1,1.0,6,13056,M,,,13
201300050090,13,4,17,1655,1,1,1,1.0,6,13202,M,,,13
201300050091,13,4,18,1815,1,1,1,1.0,2,13005,M,,,13
201300050092,13,4,18,1805,1,1,1,1.0,4,13210,M,,,13
201300050093,13,4,22,1625,1,1,1,1.0,6,13071,M,,,13
201300050094,13,4,19,1730,1,1,1,1.0,6,13005,M,,,13
201300050095,13,4,24,1715,1,1,1,1.0,4,13211,M,,,13
201300050096,13,4,27,1635,1,1,1,1.0,2,13056,M,,,13
201300050097,13,4,27,1940,1,1,1,1.0,6,13215,M,,,13
201300050098,13,4,29,908,1,1,1,2.0,7,13056,M,,,13
201300050099,13,4,30,435,3,1,1,2.0,2,13019,M,,,13
201300050100,13,5,1,757,1,1,1,8.0,7,13203,M,,,13
201300050101,13,4,30,1745,1,1,1,1.0,2,13056,M,,,13
201300050102,13,4,30,1830,1,1,1,1.0,6,13215,M,,,13
201300050103,13,5,2,1315,1,1,1,1.0,4,13202,M,,,13
201300050104,13,5,2,1800,1,1,1,1.0,4,13001,M,,,13
201300050105,13,4,29,1150,1,1,1,3.0,6,13202,M,,,13
201300050106,13,4,27,1135,1,1,1,2.0,6,13202,M,,,13
201300050107,13,5,2,2040,1,1,1,1.0,6,13071,M,,,13
201300050108,13,5,18,520,3,1,1,3.0,2,13019,M,,,13
201300050109,13,5,22,1715,1,1,1,1.0,2,13056,M,,,13
201300050110,13,5,25,1920,1,1,1,1.0,6,13216,M,,,13
201300050111,13,6,2,1815,1,1,1,1.0,2,13081,M,,,13
201300050112,13,6,9,1745,1,1,1,1.0,6,13001,M,,,13
201300050113,13,6,11,1130,1,1,1,1.0,4,13202,M,,,13
201300050114,13,6,11,1220,1,1,1,1.0,7,13215,M,,,13
201300050115,13,6,17,815,1,1,1,1.0,2,13117,M,,,13
201300050116,13,6,17,1025,1,1,1,1.0,2,13088,M,,,13
201300050117,13,6,21,432,3,1,1,1.0,1,13071,M,,,13
201300050118,13,6,21,745,1,1,1,1.0,2,13215,M,,,13
201300050119,13,6,23,645,1,1,1,1.0,6,13088,M,,,13
201300050120,13,6,26,2315,3,1,1,1.0,6,13081,M,,,13
201300050121,13,6,29,1045,1,1,1,1.0,2,13071,M,,,13
201300050122,13,7,7,550,2,1,1,1.0,6,13081,M,,,13
201300050123,13,7,8,1645,1,1,1,1.0,2,13028,M,,,13
201300050124,13,7,10,1400,1,1,1,1.0,6,13033,M,,,13
201300050125,13,7,12,820,1,1,1,1.0,2,13071,M,,,13
201300050126,13,7,14,115,3,1,1,1.0,6,13215,M,,,13
201300050127,13,7,20,2320,3,1,1,1.0,2,13117,M,,,13
201300050128,13,7,28,1155,1,1,1,1.0,6,13056,M,,,13
201300050129,13,9,6,911,1,1,1,1.0,4,13211,M,,,13
201300050130,13,9,8,1850,1,1,1,1.0,4,13214,M,,,13
201300050131,13,9,10,1745,1,1,1,1.0,4,13202,M,,,13
201300050132,13,9,14,1508,1,1,1,1.0,2,13206,M,,,13
201300050133,13,9,15,422,3,1,1,2.0,5,13019,M,,,13
201300050134,13,9,24,900,1,1,1,1.0,2,13215,M,,,13
201300050135,13,9,24,1920,1,1,1,1.0,2,13005,M,,,13
201300050136,13,11,12,810,1,1,1,1.0,2,13019,M,,,13
201300050137,13,10,3,1850,2,1,1,1.0,6,13215,M,,,13
201300050138,13,10,6,2140,3,1,1,8.0,3,13005,M,,,13
201300050139,13,10,13,625,3,1,1,1.0,5,13015,M,,,13
201300050140,13,10,15,440,3,1,1,8.0,7,13211,M,,,13
201300050141,13,10,15,1625,1,1,1,2.0,7,13022,M,,,13
201300050142,13,10,15,1705,1,1,1,2.0,2,13085,M,,,13
201300050143,13,10,20,556,3,1,1,1.0,7,13117,M,,,13
201300050144,13,11,1,100,3,1,1,1.0,7,13211,M,,,13
201300050145,13,11,2,330,3,1,1,1.0,6,13056,M,,,13
201300050146,13,11,3,1550,1,1,1,1.0,3,13005,M,,,13
201300050147,13,11,4,1300,1,1,1,2.0,6,13215,M,,,13
201300050148,13,11,6,1015,1,1,1,1.0,3,13033,M,,,13
201300050149,13,11,10,530,3,1,1,2.0,2,13005,M,,,13
201300050150,13,11,27,1730,2,1,1,1.0,2,13202,M,,,13
201300050151,13,11,30,1500,1,1,1,1.0,2,13215,M,,,13
201300050152,13,11,30,1720,3,1,1,2.0,4,13214,M,,,13
201300050153,13,12,3,1405,1,1,1,1.0,4,13001,M,,,13
201300050154,13,12,10,845,1,1,1,1.0,6,13207,M,,,13
201300050155,13,12,13,2000,3,1,1,1.0,2,13001,M,,,13
201300050156,13,12,18,2122,3,1,1,1.0,4,13215,M,,,13
201300050157,13,12,21,1600,1,1,1,1.0,7,13055,M,,,13
201300050158,13,12,24,1630,1,1,1,1.0,4,13056,M,,,13
201300050159,13,12,25,1630,1,1,1,3.0,6,13202,M,,,13
201300050160,13,1,5,1530,1,2,1,1.0,2,75101,M,,,75
201300050161,13,1,15,1500,1,2,3,2.0,2,75101,M,,,75
201300050162,13,1,18,1740,5,2,1,4.0,2,75101,M,,,75
201300050163,13,1,19,1509,1,2,3,4.0,2,75101,M,,,75
201300050164,13,1,21,1420,1,2,7,4.0,2,75101,M,,,75
201300050165,13,1,24,1845,5,2,2,1.0,3,75101,M,,,75
201300050166,13,1,25,730,2,2,2,1.0,6,75101,M,,,75
201300050167,13,1,28,855,1,2,5,1.0,3,75101,M,,,75
201300050168,13,1,31,1415,1,2,2,2.0,3,75101,M,,,75
201300050169,13,2,4,1250,1,2,3,2.0,6,75101,M,,,75
201300050170,13,2,6,940,1,2,3,1.0,2,75101,M,,,75
201300050171,13,2,6,2240,5,2,1,2.0,3,75101,M,,,75
201300050172,13,2,7,755,1,2,2,1.0,2,75101,M,,,75
201300050173,13,2,7,1405,1,2,2,8.0,6,75101,M,,,75
201300050174,13,2,7,1315,1,2,2,1.0,3,75101,M,,,75
201300050175,13,2,11,220,5,2,3,2.0,6,75101,M,,,75
201300050176,13,2,11,1945,5,2,3,1.0,3,75101,M,,,75
201300050177,13,2,14,555,5,2,2,8.0,3,75101,M,,,75
201300050178,13,2,15,2027,5,2,2,1.0,3,75101,M,,,75
201300050179,13,2,17,1720,1,2,1,1.0,2,75101,M,,,75
201300050180,13,2,19,929,1,2,3,1.0,2,75101,M,,,75
201300050181,13,2,25,1140,1,2,2,4.0,6,75101,M,,,75
201300050182,13,2,28,1725,1,2,1,1.0,2,75101,M,,,75
201300050183,13,3,1,1710,1,2,2,1.0,2,75101,M,,,75
201300050184,13,3,5,1745,1,2,1,1.0,2,75101,M,,,75
201300050185,13,3,8,1350,1,2,7,2.0,6,75101,M,,,75
201300050186,13,3,14,1515,1,2,2,1.0,3,75101,M,,,75
201300050187,13,3,15,1000,1,2,1,1.0,3,75101,M,,,75
201300050188,13,3,16,1450,1,2,3,1.0,3,75101,M,,,75
201300050189,13,3,21,1915,5,2,3,1.0,6,75101,M,,,75
201300050190,13,3,25,2030,5,2,1,1.0,6,75101,M,,,75
201300050191,13,3,26,40,5,2,5,1.0,3,75101,M,,,75
201300050192,13,3,27,1220,1,2,1,1.0,7,75101,M,,,75
201300050193,13,3,30,1620,1,2,1,1.0,3,75101,M,,,75
201300050194,13,4,2,1013,1,2,7,1.0,4,75101,M,,,75
201300050195,13,4,16,1100,1,2,1,1.0,6,75101,M,,,75
201300050196,13,4,16,1210,1,2,7,1.0,2,75101,M,,,75
201300050197,13,4,18,1830,1,2,2,1.0,2,75101,M,,,75
201300050198,13,4,19,1230,1,2,2,1.0,2,75111,M,,,75
201300050199,13,4,20,1506,1,2,3,1.0,6,75101,M,,,75
201300050200,13,4,22,1840,1,2,3,1.0,2,75101,M,,,75
201300050201,13,4,23,1050,1,2,5,1.0,6,75101,M,,,75
201300050202,13,4,30,1610,1,2,2,1.0,6,75101,M,,,75
201300050203,13,5,1,45,5,2,1,1.0,6,75101,M,,,75
201300050204,13,5,2,2035,1,2,2,1.0,3,75101,M,,,75
201300050205,13,5,8,215,3,2,2,1.0,6,75101,M,,,75
201300050206,13,5,11,2310,5,2,1,2.0,2,75101,M,,,75
201300050207,13,5,15,950,1,2,5,1.0,6,75101,M,,,75
201300050208,13,5,15,1855,1,2,5,1.0,6,75109,M,,,75
201300050209,13,5,17,320,5,2,5,1.0,6,75101,M,,,75
201300050210,13,5,17,1645,1,2,2,1.0,6,75101,M,,,75
201300050211,13,5,21,1650,1,2,2,8.0,6,75101,M,,,75
201300050212,13,5,28,1300,1,2,7,2.0,2,75101,M,,,75
201300050213,13,5,30,1725,1,2,2,1.0,2,75101,M,,,75
201300050214,13,5,30,1640,1,2,3,2.0,6,75101,M,,,75
201300050215,13,6,1,1540,1,2,2,1.0,7,75101,M,,,75
201300050216,13,6,3,2120,1,2,1,1.0,6,75101,M,,,75
201300050217,13,6,6,1820,1,2,7,1.0,2,75101,M,,,75
201300050218,13,6,7,755,1,2,2,1.0,2,75101,M,,,75
201300050219,13,6,8,240,5,2,3,1.0,6,75101,M,,,75
201300050220,13,6,8,1500,1,2,2,1.0,3,75101,M,,,75
201300050221,13,6,9,1600,1,2,2,2.0,5,75101,M,,,75
201300050222,13,6,12,1430,1,2,2,8.0,6,75101,M,,,75
201300050223,13,6,12,1600,1,2,1,1.0,6,75101,M,,,75
201300050224,13,6,13,1045,1,2,5,2.0,3,75101,M,,,75
201300050225,13,6,14,1900,1,2,2,1.0,6,75101,M,,,75
201300050226,13,6,15,150,5,2,5,1.0,3,75102,M,,,75
201300050227,13,6,20,1400,1,2,2,1.0,2,75101,M,,,75
201300050228,13,6,24,1615,1,2,2,1.0,6,75101,M,,,75
201300050229,13,7,2,1445,1,2,3,1.0,2,75101,M,,,75
201300050230,13,7,6,1650,1,2,2,1.0,6,75101,M,,,75
201300050231,13,7,7,1725,1,2,1,1.0,7,75101,M,,,75
201300050232,13,7,11,1830,1,2,2,1.0,6,75109,M,,,75
201300050233,13,7,15,850,1,2,7,1.0,4,75101,M,,,75
201300050234,13,7,16,1350,1,2,5,1.0,6,75101,M,,,75
201300050235,13,7,16,1350,1,2,1,1.0,6,75101,M,,,75
201300050236,13,7,17,1040,1,2,1,1.0,6,75101,M,,,75
201300050237,13,7,19,1525,1,2,3,1.0,3,75101,M,,,75
201300050238,13,7,19,1810,1,2,2,1.0,6,75101,M,,,75
201300050239,13,7,22,1900,1,2,1,1.0,6,75101,M,,,75
201300050240,13,7,23,1755,1,2,1,1.0,2,75101,M,,,75
201300050241,13,7,26,1057,1,2,7,1.0,2,75101,M,,,75
201300050242,13,7,29,1015,1,2,5,1.0,3,75101,M,,,75
201300050243,13,7,30,945,1,2,3,1.0,4,75101,M,,,75
201300050244,13,7,31,1450,1,2,2,1.0,3,75101,M,,,75
201300050245,13,7,31,1455,1,2,1,1.0,6,75101,M,,,75
201300050246,13,7,31,1910,1,2,1,1.0,6,75101,M,,,75
201300050247,13,8,3,230,5,2,5,1.0,3,75101,M,,,75
201300050248,13,8,3,1725,1,2,2,1.0,3,75101,M,,,75
201300050249,13,8,5,100,5,2,2,1.0,3,75101,M,,,75
201300050250,13,8,11,40,5,2,3,1.0,2,75101,M,,,75
201300050251,13,8,12,1235,1,2,3,1.0,7,75101,M,,,75
201300050252,13,8,16,1515,1,2,3,1.0,4,75101,M,,,75
201300050253,13,8,20,2210,5,2,1,1.0,6,75101,M,,,75
201300050254,13,8,22,1825,1,2,3,1.0,4,75101,M,,,75
201300050255,13,8,23,1050,1,2,1,1.0,6,75101,M,,,75
201300050256,13,8,26,1345,1,2,2,1.0,3,75101,M,,,75
201300050257,13,8,27,1405,2,2,3,1.0,3,75101,M,,,75
201300050258,13,8,27,1445,1,2,5,1.0,6,75101,M,,,75
201300050259,13,8,27,2205,5,2,1,1.0,2,75101,M,,,75
201300050260,13,8,28,1240,1,2,3,1.0,3,75101,M,,,75
201300050261,13,8,31,1905,1,2,5,1.0,6,75101,M,,,75
201300050262,13,9,1,540,2,2,1,1.0,6,75101,M,,,75
201300050263,13,9,1,1345,1,2,2,1.0,3,75101,M,,,75
201300050264,13,9,2,1115,1,2,1,1.0,6,75101,M,,,75
201300050265,13,9,2,1530,1,2,5,1.0,3,75101,M,,,75
201300050266,13,9,4,1015,1,2,2,1.0,2,75101,M,,,75
201300050267,13,9,4,1100,1,2,1,1.0,2,75101,M,,,75
201300050268,13,9,6,1535,1,2,2,1.0,6,75101,M,,,75
201300050269,13,9,9,1845,1,2,7,8.0,2,75101,M,,,75
201300050270,13,9,10,915,1,2,3,1.0,6,75101,M,,,75
201300050271,13,9,10,1515,1,2,3,1.0,3,75101,M,,,75
201300050272,13,9,18,1525,1,2,1,3.0,3,75101,M,,,75
201300050273,13,9,24,1120,1,2,1,1.0,6,75101,M,,,75
201300050274,13,9,25,1815,1,2,1,1.0,6,75101,M,,,75
201300050275,13,9,25,1710,5,2,1,1.0,6,75101,M,,,75
201300050276,13,9,28,1000,1,2,1,2.0,7,75101,M,,,75
201300050277,13,9,28,1830,2,2,1,1.0,1,75101,M,,,75
201300050278,13,9,29,450,5,2,1,1.0,2,75101,M,,,75
201300050279,13,10,4,755,2,2,3,1.0,2,75101,M,,,75
201300050280,13,10,7,1150,1,2,3,1.0,7,75101,M,,,75
201300050281,13,10,9,925,1,2,1,2.0,3,75101,M,,,75
201300050282,13,10,11,1115,1,2,7,2.0,3,75101,M,,,75
201300050283,13,10,11,1800,1,2,4,1.0,6,75101,M,,,75
201300050284,13,10,12,1640,1,2,4,8.0,6,75101,M,,,75
201300050285,13,10,13,1615,1,2,2,1.0,2,75101,M,,,75
201300050286,13,10,15,1830,5,2,1,1.0,2,75101,M,,,75
201300050287,13,10,15,1935,2,2,1,6.0,7,75101,M,,,75
201300050288,13,10,15,2220,5,2,2,1.0,3,75101,M,,,75
201300050289,13,10,16,1900,2,2,7,2.0,7,75101,M,,,75
201300050290,13,10,17,910,1,2,1,1.0,3,75101,M,,,75
201300050291,13,10,21,1445,1,2,1,1.0,7,75101,M,,,75
201300050292,13,10,22,2300,5,2,1,1.0,7,75101,M,,,75
201300050293,13,10,24,1420,1,2,2,1.0,6,75101,M,,,75
201300050294,13,10,25,815,1,2,2,2.0,7,75101,M,,,75
201300050295,13,10,25,1550,1,2,7,1.0,6,75101,M,,,75
201300050296,13,10,26,1440,1,2,3,1.0,3,75101,M,,,75
201300050297,13,10,27,1130,1,2,3,1.0,7,75101,M,,,75
201300050298,13,10,28,1810,5,2,2,1.0,6,75101,M,,,75
201300050299,13,10,29,110,5,2,3,1.0,2,75101,M,,,75
201300050300,13,10,29,2300,5,2,5,1.0,6,75101,M,,,75
201300050301,13,10,31,1215,1,2,7,1.0,2,75101,M,,,75
201300050302,13,11,1,1745,5,2,3,2.0,6,75101,M,,,75
201300050303,13,11,2,1900,5,2,3,1.0,6,75101,M,,,75
201300050304,13,11,3,1150,1,2,3,1.0,3,75101,M,,,75
201300050305,13,11,6,823,1,2,3,2.0,6,75101,M,,,75
201300050306,13,11,6,1800,5,2,7,1.0,2,75101,M,,,75
201300050307,13,11,6,2130,5,2,2,9.0,6,75101,M,,,75
201300050308,13,11,9,120,5,2,4,1.0,6,75101,M,,,75
201300050309,13,11,9,1235,1,2,1,1.0,7,75101,M,,,75
201300050310,13,11,11,1535,1,2,3,1.0,3,75101,M,,,75
201300050311,13,11,12,1145,1,2,2,2.0,3,75101,M,,,75
201300050312,13,11,12,1615,1,2,3,2.0,6,75101,M,,,75
201300050313,13,11,14,1305,1,2,1,3.0,7,75101,M,,,75
201300050314,13,11,15,1055,1,2,1,1.0,3,75101,M,,,75
201300050315,13,11,15,1745,5,2,7,1.0,6,75101,M,,,75
201300050316,13,11,20,1530,1,2,1,2.0,3,75101,M,,,75
201300050317,13,11,21,1950,5,2,2,2.0,2,75104,M,,,75
201300050318,13,11,22,1935,5,2,1,1.0,2,75101,M,,,75
201300050319,13,11,23,1555,2,2,1,1.0,4,75101,M,,,75
201300050320,13,11,28,915,1,2,2,1.0,3,75101,M,,,75
201300050321,13,11,29,720,2,2,3,1.0,4,75101,M,,,75
201300050322,13,12,1,2025,5,2,2,1.0,6,75101,M,,,75
201300050323,13,12,2,1620,1,2,3,1.0,6,75101,M,,,75
201300050324,13,12,3,1500,1,2,2,1.0,3,75101,M,,,75
201300050325,13,12,9,950,1,2,1,1.0,7,75101,M,,,75
201300050326,13,12,10,1240,1,2,7,1.0,6,75101,M,,,75
201300050327,13,12,10,1500,1,2,7,1.0,2,75101,M,,,75
201300050328,13,12,13,1330,1,2,5,1.0,6,75101,M,,,75
201300050329,13,12,13,1810,5,2,1,8.0,6,75101,M,,,75
201300050330,13,12,15,1330,1,2,1,1.0,6,75109,M,,,75
201300050331,13,12,19,1430,1,2,2,1.0,6,75101,M,,,75
201300050332,13,12,20,1550,1,2,1,1.0,3,75101,M,,,75
201300050333,13,12,21,30,5,2,1,1.0,7,75101,M,,,75
201300050334,13,12,21,45,5,2,1,1.0,2,75101,M,,,75
201300050335,13,12,21,1730,5,2,3,1.0,4,75101,M,,,75
201300050336,13,12,22,2030,5,2,2,2.0,7,75109,M,,,75
201300050337,13,12,23,1150,1,2,1,1.0,7,75101,M,,,75
201300050338,13,12,23,1330,1,2,2,8.0,3,75101,M,,,75
201300050339,13,12,24,1655,5,2,2,2.0,6,75101,M,,,75
201300050340,13,1,1,200,5,2,5,3.0,6,75102,M,,,75
201300050341,13,1,5,120,5,2,2,1.0,3,75102,M,,,75
201300050342,13,1,11,2035,5,2,2,2.0,6,75102,M,,,75
201300050343,13,1,14,1510,1,2,2,1.0,3,75102,M,,,75
201300050344,13,1,12,2210,5,2,7,1.0,3,75101,M,,,75
201300050345,13,1,15,2255,5,2,1,2.0,3,75102,M,,,75
201300050346,13,1,17,905,1,2,2,1.0,6,75102,M,,,75
201300050347,13,1,28,1135,1,2,2,1.0,6,75102,M,,,75
201300050348,13,1,31,940,1,2,4,1.0,6,75102,M,,,75
201300050349,13,1,31,1955,5,2,5,1.0,3,75102,M,,,75
201300050350,13,2,2,1232,1,2,2,1.0,3,75102,M,,,75
201300050351,13,2,6,1420,1,2,2,1.0,2,75102,M,,,75
201300050352,13,2,7,1540,1,2,2,1.0,3,75102,M,,,75
201300050353,13,2,7,1845,5,2,3,1.0,6,75102,M,,,75
201300050354,13,2,10,1145,1,2,2,1.0,3,75102,M,,,75
201300050355,13,2,11,1445,1,2,2,1.0,6,75102,M,,,75
201300050356,13,2,11,2320,5,2,7,1.0,3,75102,M,,,75
201300050357,13,2,18,1215,1,2,1,1.0,6,75102,M,,,75
201300050358,13,2,20,810,1,2,2,1.0,6,75102,M,,,75
201300050359,13,2,22,2020,5,2,1,4.0,2,75102,M,,,75
201300050360,13,2,23,230,5,2,2,1.0,2,75102,M,,,75
201300050361,13,2,25,945,1,2,1,2.0,2,75102,M,,,75
201300050362,13,2,28,1945,5,2,2,2.0,2,75102,M,,,75
201300050363,13,3,4,2025,5,2,2,1.0,2,75102,M,,,75
201300050364,13,3,8,1700,1,2,7,8.0,6,75109,M,,,75
201300050365,13,3,11,2015,5,2,1,3.0,6,75102,M,,,75
201300050366,13,3,24,1,5,2,7,1.0,3,75102,M,,,75
201300050367,13,3,26,1055,1,2,1,1.0,6,75102,M,,,75
201300050368,13,3,27,1345,1,2,7,1.0,3,75102,M,,,75
201300050369,13,3,27,1340,1,2,3,1.0,3,75110,M,,,75
201300050370,13,3,29,2310,5,2,2,1.0,3,75102,M,,,75
201300050371,13,4,1,940,1,2,7,7.0,7,75102,M,,,75
201300050372,13,4,2,1755,1,2,1,1.0,6,75102,M,,,75
201300050373,13,4,6,635,5,2,7,1.0,2,75102,M,,,75
201300050374,13,4,10,226,5,2,7,2.0,2,75102,M,,,75
201300050375,13,4,11,1130,1,2,2,1.0,3,75102,M,,,75
201300050376,13,4,12,350,5,2,1,1.0,7,75102,M,,,75
201300050377,13,4,16,1545,1,2,1,1.0,5,75102,M,,,75
201300050378,13,4,23,1830,1,2,1,1.0,2,75102,M,,,75
201300050379,13,4,26,1512,1,2,1,1.0,3,75102,M,,,75
201300050380,13,4,29,940,1,2,1,1.0,6,75102,M,,,75
201300050381,13,5,3,1810,1,2,1,1.0,6,75102,M,,,75
201300050382,13,5,6,1645,1,2,7,8.0,3,75102,M,,,75
201300050383,13,5,7,900,1,2,5,1.0,6,75102,M,,,75
201300050384,13,5,12,2010,1,2,2,2.0,3,75102,M,,,75
201300050385,13,5,14,1550,1,2,2,1.0,6,75102,M,,,75
201300050386,13,5,16,1435,1,2,3,8.0,6,75102,M,,,75
201300050387,13,5,23,1315,1,2,1,8.0,6,75102,M,,,75
201300050388,13,5,28,940,1,2,3,2.0,6,75102,M,,,75
201300050389,13,5,28,1330,1,2,7,2.0,3,75102,M,,,75
201300050390,13,5,29,1000,1,2,3,1.0,6,75102,M,,,75
201300050391,13,5,31,1030,1,2,2,8.0,2,75102,M,,,75
201300050392,13,6,3,630,1,2,3,1.0,6,75102,M,,,75
201300050393,13,6,5,1655,1,2,2,1.0,6,75102,M,,,75
201300050394,13,6,6,1550,1,2,2,1.0,6,75102,M,,,75
201300050395,13,6,8,1220,1,2,5,1.0,3,75102,M,,,75
201300050396,13,6,9,720,2,2,7,2.0,6,75103,M,,,75
201300050397,13,6,16,1750,1,2,3,1.0,6,75102,M,,,75
201300050398,13,6,16,2025,1,2,2,1.0,2,75102,M,,,75
201300050399,13,6,20,1000,1,2,1,1.0,6,75102,M,,,75
201300050400,13,7,1,1810,1,2,3,1.0,3,75102,M,,,75
201300050401,13,7,3,1900,2,2,1,8.0,3,75102,M,,,75
201300050402,13,7,4,1150,1,2,1,1.0,6,75109,M,,,75
201300050403,13,7,7,108,5,2,2,1.0,6,75102,M,,,75
201300050404,13,7,10,1025,1,2,3,1.0,3,75104,M,,,75
201300050405,13,7,10,1510,1,2,1,1.0,6,75108,M,,,75
201300050406,13,7,14,315,4,2,7,1.0,3,75102,M,,,75
201300050407,13,7,22,430,5,2,1,1.0,6,75102,M,,,75
201300050408,13,7,28,1200,1,2,1,1.0,3,75102,M,,,75
201300050409,13,8,8,930,1,2,2,1.0,6,75102,M,,,75
201300050410,13,8,11,100,5,2,1,1.0,3,75102,M,,,75
201300050411,13,8,14,1355,1,2,2,1.0,7,75102,M,,,75
201300050412,13,8,19,835,1,2,2,1.0,3,75102,M,,,75
201300050413,13,8,21,1105,1,2,1,1.0,6,75102,M,,,75
201300050414,13,8,23,1025,1,2,2,1.0,3,75102,M,,,75
201300050415,13,8,23,1630,1,2,1,1.0,4,75110,M,,,75
201300050416,13,8,29,855,1,2,2,1.0,7,75102,M,,,75
201300050417,13,8,29,1810,1,2,2,1.0,6,75102,M,,,75
201300050418,13,8,30,122,5,2,2,1.0,6,75102,M,,,75
201300050419,13,8,30,1150,1,2,1,1.0,6,75103,M,,,75
201300050420,13,8,30,1655,1,2,1,1.0,6,75102,M,,,75
201300050421,13,9,1,750,1,2,2,1.0,7,75102,M,,,75
201300050422,13,9,2,1310,1,2,2,6.0,6,75102,M,,,75
201300050423,13,9,9,1355,1,2,2,3.0,2,75102,M,,,75
201300050424,13,9,16,1625,1,2,1,2.0,3,75102,M,,,75
201300050425,13,9,17,1730,1,2,2,2.0,2,75103,M,,,75
201300050426,13,9,18,1950,2,2,5,1.0,2,75102,M,,,75
201300050427,13,9,19,1740,1,2,2,1.0,6,75102,M,,,75
201300050428,13,9,20,1630,1,2,1,1.0,6,75102,M,,,75
201300050429,13,9,21,1725,1,2,2,1.0,6,75102,M,,,75
201300050430,13,9,23,1320,1,2,2,1.0,3,75102,M,,,75
201300050431,13,9,23,1630,1,2,1,1.0,6,75102,M,,,75
201300050432,13,9,24,945,1,2,2,1.0,3,75102,M,,,75
201300050433,13,9,30,2110,5,2,1,1.0,2,75102,M,,,75
201300050434,13,10,4,1620,1,2,1,1.0,6,75102,M,,,75
201300050435,13,10,4,1700,1,2,7,1.0,6,75102,M,,,75
201300050436,13,10,6,200,5,2,1,1.0,6,75102,M,,,75
201300050437,13,10,8,1305,1,2,5,1.0,3,75102,M,,,75
201300050438,13,10,8,1720,1,2,1,1.0,4,75102,M,,,75
201300050439,13,10,10,1505,1,2,2,1.0,6,75102,M,,,75
201300050440,13,10,10,1914,5,2,2,2.0,3,75102,M,,,75
201300050441,13,10,11,1720,1,2,5,1.0,6,75102,M,,,75
201300050442,13,10,11,1945,5,2,1,1.0,6,75102,M,,,75
201300050443,13,10,13,1300,1,2,2,1.0,5,75109,M,,,75
201300050444,13,10,16,1725,1,2,2,2.0,6,75102,M,,,75
201300050445,13,10,31,2125,5,2,1,1.0,6,75101,M,,,75
201300050446,13,11,7,1200,1,2,1,1.0,6,75103,M,,,75
201300050447,13,11,8,2020,5,2,2,1.0,2,75102,M,,,75
201300050448,13,11,15,1530,1,2,1,1.0,6,75102,M,,,75
201300050449,13,11,21,2000,5,2,1,1.0,6,75109,M,,,75
201300050450,13,11,26,1740,5,2,1,1.0,3,75102,M,,,75
201300050451,13,11,27,855,1,2,3,1.0,6,75102,M,,,75
201300050452,13,12,5,1230,1,2,1,1.0,6,75109,M,,,75
201300050453,13,12,6,930,1,2,7,1.0,3,75102,M,,,75
201300050454,13,12,12,1755,5,2,5,9.0,6,75102,M,,,75
201300050455,13,12,13,1457,1,2,2,1.0,6,75102,M,,,75