Num_Acc,an,mois,jour,hrmn,lum,agg,int,atm,col,com,gps,lat,long,dep
201300050456,13,12,13,1647,1,2,1,1.0,6,75102,M,,,75
201300050457,13,12,13,1920,3,2,1,2.0,6,75102,M,,,75
201300050458,13,12,14,1310,1,2,1,1.0,3,75102,M,,,75
201300050459,13,12,23,2105,5,2,1,1.0,3,75102,M,,,75
201300050460,13,12,26,1730,2,2,1,1.0,6,75102,M,,,75
201300050461,13,12,30,2030,5,2,1,1.0,7,75109,M,,,75
201300050462,13,1,10,1900,5,2,2,2.0,7,75103,M,,,75
201300050463,13,1,14,1925,5,2,5,4.0,3,75104,M,,,75
201300050464,13,1,24,1550,1,2,1,1.0,2,75103,M,,,75
201300050465,13,1,29,1605,1,2,2,2.0,6,75103,M,,,75
201300050466,13,1,30,825,1,2,2,2.0,2,75103,M,,,75
201300050467,13,1,30,1210,1,2,3,3.0,7,75103,M,,,75
201300050468,13,2,4,1755,5,2,2,8.0,6,75103,M,,,75
201300050469,13,2,7,850,1,2,2,2.0,2,75103,M,,,75
201300050470,13,2,9,1820,2,2,5,1.0,6,75103,M,,,75
201300050471,13,2,19,630,5,2,1,1.0,3,75103,M,,,75
201300050472,13,2,26,2338,5,2,7,2.0,7,75103,M,,,75
201300050473,13,3,1,405,5,2,2,1.0,3,75101,M,,,75
201300050474,13,3,5,1150,1,2,2,1.0,6,75103,M,,,75
201300050475,13,3,13,930,1,2,5,9.0,7,75103,M,,,75
201300050476,13,3,14,1130,1,2,3,1.0,2,75103,M,,,75
201300050477,13,3,22,2000,5,2,3,1.0,2,75109,M,,,75
201300050478,13,3,23,1240,1,2,2,1.0,6,75101,M,,,75
201300050479,13,3,25,630,1,2,2,1.0,3,75103,M,,,75
201300050480,13,3,27,1345,1,2,2,1.0,2,75101,M,,,75
201300050481,13,3,27,1703,1,2,3,1.0,2,75103,M,,,75
201300050482,13,4,1,1755,1,2,2,1.0,6,75103,M,,,75
201300050483,13,4,4,1145,1,2,2,1.0,6,75103,M,,,75
201300050484,13,4,5,1050,1,2,2,1.0,7,75103,M,,,75
201300050485,13,4,9,1120,1,2,5,8.0,7,75103,M,,,75
201300050486,13,4,10,135,5,2,5,2.0,2,75101,M,,,75
201300050487,13,4,13,1055,1,2,1,1.0,7,75103,M,,,75
201300050488,13,4,15,1325,1,2,2,1.0,2,75103,M,,,75
201300050489,13,4,17,1025,1,2,3,1.0,7,75103,M,,,75
201300050490,13,4,17,1445,1,2,1,1.0,6,75103,M,,,75
201300050491,13,4,18,825,1,2,1,1.0,6,75103,M,,,75
201300050492,13,4,19,855,1,2,2,1.0,3,75103,M,,,75
201300050493,13,4,19,1110,1,2,5,1.0,6,75101,M,,,75
201300050494,13,4,19,1515,1,2,2,1.0,3,75103,M,,,75
201300050495,13,4,21,1300,1,2,5,1.0,6,75103,M,,,75
201300050496,13,4,24,1740,1,2,2,1.0,3,75103,M,,,75
201300050497,13,4,27,2210,5,2,1,1.0,6,75104,M,,,75
201300050498,13,4,29,1015,1,2,3,1.0,3,75103,M,,,75
201300050499,13,4,29,1835,1,2,2,1.0,3,75103,M,,,75
201300050500,13,4,30,1800,1,2,1,2.0,6,75103,M,,,75
201300050501,13,5,5,2200,5,2,4,1.0,3,75103,M,,,75
201300050502,13,5,7,1000,1,2,1,1.0,3,75103,M,,,75
201300050503,13,5,7,1340,1,2,2,1.0,3,75103,M,,,75
201300050504,13,5,9,2025,1,2,1,1.0,3,75103,M,,,75
201300050505,13,5,20,1630,1,2,2,2.0,6,75103,M,,,75
201300050506,13,5,20,1820,1,2,1,2.0,6,75103,M,,,75
201300050507,13,5,21,1900,1,2,2,8.0,2,75103,M,,,75
201300050508,13,5,24,1050,1,2,2,3.0,3,75103,M,,,75
201300050509,13,5,29,2306,5,2,2,2.0,3,75103,M,,,75
201300050510,13,5,31,935,1,2,2,1.0,4,75103,M,,,75
201300050511,13,6,3,1455,1,2,3,1.0,6,75103,M,,,75
201300050512,13,6,3,2205,5,2,5,1.0,6,75103,M,,,75
201300050513,13,6,7,1350,1,2,2,1.0,2,75103,M,,,75
201300050514,13,6,8,905,1,2,2,1.0,3,75103,M,,,75
201300050515,13,6,9,1410,1,2,2,1.0,3,75103,M,,,75
201300050516,13,6,13,1450,1,2,2,2.0,6,75103,M,,,75
201300050517,13,6,14,1820,1,2,2,1.0,2,75104,M,,,75
201300050518,13,6,15,50,5,2,2,1.0,6,75101,M,,,75
201300050519,13,6,20,940,1,2,1,2.0,7,75103,M,,,75
201300050520,13,6,21,945,1,2,1,1.0,7,75103,M,,,75
201300050521,13,6,26,820,1,2,7,1.0,2,75103,M,,,75
201300050522,13,6,28,1650,1,2,1,1.0,2,75103,M,,,75
201300050523,13,6,29,1300,1,2,2,1.0,2,75103,M,,,75
201300050524,13,6,30,1140,1,2,2,1.0,1,75103,M,,,75
201300050525,13,7,14,240,5,2,3,1.0,6,75103,M,,,75
201300050526,13,7,26,845,1,2,1,1.0,7,75103,M,,,75
201300050527,13,7,30,2120,3,2,2,1.0,3,75103,M,,,75
201300050528,13,8,12,900,1,2,2,1.0,3,75103,M,,,75
201300050529,13,8,16,1650,1,2,7,1.0,7,75103,M,,,75
201300050530,13,8,23,1740,1,2,2,1.0,2,75103,M,,,75
201300050531,13,8,24,1200,1,2,2,1.0,7,75103,M,,,75
201300050532,13,8,27,1900,1,2,7,1.0,6,75103,M,,,75
201300050533,13,9,2,1405,1,2,2,1.0,6,75103,M,,,75
201300050534,13,9,5,1055,1,2,1,1.0,2,75103,M,,,75
201300050535,13,9,7,1400,1,2,1,1.0,2,75103,M,,,75
201300050536,13,9,8,445,5,2,2,1.0,2,75103,M,,,75
201300050537,13,9,8,935,1,2,2,1.0,6,75103,M,,,75
201300050538,13,9,9,2000,5,2,3,2.0,2,75103,M,,,75
201300050539,13,9,10,1640,1,2,3,2.0,6,75103,M,,,75
201300050540,13,9,13,1410,1,2,5,2.0,7,75103,M,,,75
201300050541,13,9,13,1600,1,2,2,2.0,2,75103,M,,,75
201300050542,13,9,17,1540,1,2,1,1.0,7,75103,M,,,75
201300050543,13,9,19,1455,1,2,1,1.0,4,75103,M,,,75
201300050544,13,9,19,2200,5,2,1,1.0,2,75103,M,,,75
201300050545,13,9,22,910,1,2,3,1.0,7,75103,M,,,75
201300050546,13,9,22,2110,5,2,2,1.0,6,75103,M,,,75
201300050547,13,9,26,1350,1,2,1,1.0,6,75103,M,,,75
201300050548,13,9,27,250,5,2,3,1.0,6,75111,M,,,75
201300050549,13,9,27,1735,1,2,1,1.0,3,75103,M,,,75
201300050550,13,9,29,1910,1,2,1,8.0,6,75103,M,,,75
201300050551,13,9,30,258,5,2,2,1.0,2,75103,M,,,75
201300050552,13,10,3,830,1,2,1,1.0,6,75103,M,,,75
201300050553,13,10,3,2030,5,2,2,2.0,6,75104,M,,,75
201300050554,13,10,4,1220,1,2,2,1.0,6,75103,M,,,75
201300050555,13,10,5,1820,1,2,2,2.0,7,75103,M,,,75
201300050556,13,10,9,840,1,2,7,1.0,3,75103,M,,,75
201300050557,13,10,19,2105,5,2,5,1.0,3,75103,M,,,75
201300050558,13,10,29,1215,1,2,1,1.0,3,75103,M,,,75
201300050559,13,10,30,1315,1,2,2,1.0,2,75103,M,,,75
201300050560,13,11,1,450,5,2,1,2.0,7,75103,M,,,75
201300050561,13,11,4,1750,5,2,1,1.0,7,75103,M,,,75
201300050562,13,11,9,1215,1,2,1,2.0,3,75103,M,,,75
201300050563,13,11,9,2030,5,2,2,1.0,7,75103,M,,,75
201300050564,13,11,12,1220,1,2,3,2.0,3,75102,M,,,75
201300050565,13,11,13,105,5,2,2,2.0,3,75103,M,,,75
201300050566,13,11,13,2000,5,2,3,1.0,3,75103,M,,,75
201300050567,13,11,14,1510,1,2,1,2.0,7,75103,M,,,75
201300050568,13,11,16,215,5,2,2,1.0,3,75103,M,,,75
201300050569,13,11,20,1140,1,2,3,8.0,6,75109,M,,,75
201300050570,13,11,20,1615,2,2,2,3.0,3,75109,M,,,75
201300050571,13,11,21,1415,1,2,2,1.0,3,75103,M,,,75
201300050572,13,11,23,1,5,2,7,1.0,1,75103,M,,,75
201300050573,13,11,26,1110,1,2,3,8.0,3,75102,M,,,75
201300050574,13,11,30,1,5,2,1,8.0,6,75104,M,,,75
201300050575,13,11,30,225,5,2,1,8.0,6,75103,M,,,75
201300050576,13,12,4,1030,1,2,2,1.0,6,75103,M,,,75
201300050577,13,12,6,1925,5,2,7,1.0,6,75103,M,,,75
201300050578,13,12,11,1510,1,2,3,1.0,6,75103,M,,,75
201300050579,13,12,14,1730,5,2,1,1.0,6,75103,M,,,75
201300050580,13,12,16,945,1,2,7,1.0,2,75103,M,,,75
201300050581,13,12,16,1240,1,2,2,1.0,6,75103,M,,,75
201300050582,13,12,16,1945,5,2,3,1.0,6,75103,M,,,75
201300050583,13,12,17,1205,1,2,5,1.0,6,75103,M,,,75
201300050584,13,12,17,1915,5,2,1,1.0,6,75103,M,,,75
201300050585,13,12,19,1850,5,2,2,1.0,3,75103,M,,,75
201300050586,13,12,21,2240,5,2,2,2.0,3,75103,M,,,75
201300050587,13,12,22,1635,5,2,1,2.0,6,75103,M,,,75
201300050588,13,1,5,540,5,2,5,1.0,6,75104,M,,,75
201300050589,13,1,6,1500,1,2,7,8.0,3,75104,M,,,75
201300050590,13,1,10,1735,5,2,2,2.0,6,75104,M,,,75
201300050591,13,1,11,1730,5,2,1,1.0,6,75104,M,,,75
201300050592,13,1,16,1555,1,2,3,8.0,3,75104,M,,,75
201300050593,13,1,26,710,5,2,3,1.0,6,75104,M,,,75
201300050594,13,1,28,1930,5,2,4,1.0,6,75104,M,,,75
201300050595,13,1,29,805,2,2,7,2.0,3,75104,M,,,75
201300050596,13,2,1,320,5,2,3,2.0,6,75104,M,,,75
201300050597,13,2,3,2029,5,2,1,2.0,6,75104,M,,,75
201300050598,13,2,4,1125,1,2,2,2.0,7,75104,M,,,75
201300050599,13,2,5,1155,1,2,5,1.0,2,75104,M,,,75
201300050600,13,2,7,1245,1,2,2,1.0,7,75104,M,,,75
201300050601,13,2,10,500,5,2,4,1.0,6,75104,M,,,75
201300050602,13,2,13,1015,1,2,1,1.0,6,75104,M,,,75
201300050603,13,2,15,910,1,2,7,1.0,7,75104,M,,,75
201300050604,13,2,15,1245,1,2,1,1.0,6,75104,M,,,75
201300050605,13,2,19,1055,1,2,1,1.0,7,75103,M,,,75
201300050606,13,2,20,1720,1,2,2,1.0,2,75104,M,,,75
201300050607,13,2,26,2030,5,2,2,1.0,6,75104,M,,,75
201300050608,13,2,27,1720,1,2,1,1.0,6,75104,M,,,75
201300050609,13,3,3,1650,1,2,7,1.0,6,75104,M,,,75
201300050610,13,3,3,1820,5,2,3,1.0,2,75104,M,,,75
201300050611,13,3,4,1640,1,2,2,1.0,3,75104,M,,,75
201300050612,13,3,9,235,5,2,4,1.0,6,75104,M,,,75
201300050613,13,3,11,2015,5,2,1,3.0,2,75104,M,,,75
201300050614,13,3,12,1530,1,2,1,4.0,6,75104,M,,,75
201300050615,13,3,12,2030,5,2,3,4.0,6,75104,M,,,75
201300050616,13,3,14,345,5,2,2,1.0,6,75104,M,,,75
201300050617,13,3,14,815,1,2,3,1.0,6,75104,M,,,75
201300050618,13,3,15,1645,1,2,2,1.0,3,75104,M,,,75
201300050619,13,3,20,920,1,2,2,1.0,2,75104,M,,,75
201300050620,13,3,23,2350,5,2,5,1.0,3,75104,M,,,75
201300050621,13,3,28,940,1,2,3,1.0,7,75104,M,,,75
201300050622,13,4,2,1540,1,2,3,1.0,3,75104,M,,,75
201300050623,13,4,6,1,5,2,3,1.0,2,75101,M,,,75
201300050624,13,4,7,230,5,2,3,1.0,6,75104,M,,,75
201300050625,13,4,8,2150,5,2,1,9.0,6,75104,M,,,75
201300050626,13,4,10,810,1,2,2,2.0,6,75104,M,,,75
201300050627,13,4,11,1615,1,2,1,2.0,4,75104,M,,,75
201300050628,13,4,12,1500,1,2,5,1.0,6,75104,M,,,75
201300050629,13,4,13,55,5,2,2,1.0,3,75104,M,,,75
201300050630,13,4,13,100,5,2,5,1.0,6,75104,M,,,75
201300050631,13,4,19,915,1,2,7,1.0,4,75104,M,,,75
201300050632,13,4,25,740,1,2,7,1.0,3,75104,M,,,75
201300050633,13,4,27,1350,1,2,2,1.0,6,75101,M,,,75
201300050634,13,4,28,1955,1,2,1,1.0,3,75104,M,,,75
201300050635,13,4,29,1516,1,2,2,1.0,2,75104,M,,,75
201300050636,13,5,2,1535,1,2,3,1.0,6,75101,M,,,75
201300050637,13,5,15,1050,1,2,3,1.0,3,75104,M,,,75
201300050638,13,5,15,1750,1,2,2,1.0,3,75104,M,,,75
201300050639,13,5,22,925,1,2,1,1.0,2,75104,M,,,75
201300050640,13,5,22,1445,1,2,1,1.0,3,75104,M,,,75
201300050641,13,5,31,15,5,2,7,2.0,7,75104,M,,,75
201300050642,13,6,1,1430,1,2,3,1.0,6,75104,M,,,75
201300050643,13,6,2,845,1,2,1,1.0,6,75104,M,,,75
201300050644,13,6,4,1200,1,2,2,1.0,6,75104,M,,,75
201300050645,13,6,4,1500,1,2,3,1.0,2,75104,M,,,75
201300050646,13,6,4,1900,1,2,2,1.0,3,75104,M,,,75
201300050647,13,6,5,2240,5,2,1,1.0,3,75104,M,,,75
201300050648,13,6,7,1630,1,2,1,1.0,3,75104,M,,,75
201300050649,13,6,7,2030,1,2,2,1.0,6,75104,M,,,75
201300050650,13,6,8,1530,1,2,1,1.0,2,75104,M,,,75
201300050651,13,6,9,1615,1,2,2,1.0,6,75104,M,,,75
201300050652,13,6,12,1120,1,2,2,1.0,6,75104,M,,,75
201300050653,13,6,12,1415,1,2,1,8.0,3,75104,M,,,75
201300050654,13,6,13,1000,1,2,1,8.0,3,75104,M,,,75
201300050655,13,6,14,2150,5,2,3,1.0,3,75104,M,,,75
201300050656,13,6,17,1800,1,2,2,3.0,2,75104,M,,,75
201300050657,13,6,25,2020,1,2,3,1.0,2,75104,M,,,75
201300050658,13,6,25,2000,1,2,7,1.0,6,75104,M,,,75
201300050659,13,6,26,2310,5,2,2,1.0,6,75104,M,,,75
201300050660,13,6,29,515,4,2,3,1.0,6,75104,M,,,75
201300050661,13,6,26,1350,1,2,2,1.0,2,75103,M,,,75
201300050662,13,7,5,115,5,2,2,1.0,3,75104,M,,,75
201300050663,13,7,8,2110,2,2,1,1.0,3,75104,M,,,75
201300050664,13,7,14,250,5,2,2,1.0,6,75104,M,,,75
201300050665,13,7,16,1320,1,2,1,1.0,6,75104,M,,,75
201300050666,13,7,18,1500,1,2,2,1.0,6,75104,M,,,75
201300050667,13,7,18,2259,5,2,3,1.0,3,75104,M,,,75
201300050668,13,7,20,1530,1,2,3,1.0,2,75104,M,,,75
201300050669,13,7,22,1805,1,2,3,1.0,7,75104,M,,,75
201300050670,13,7,28,935,1,2,1,1.0,6,75104,M,,,75
201300050671,13,7,31,920,1,2,2,1.0,2,75104,M,,,75
201300050672,13,8,4,2330,5,2,1,1.0,7,75101,M,,,75
201300050673,13,8,7,1810,1,2,5,1.0,7,75104,M,,,75
201300050674,13,8,13,525,5,2,3,1.0,6,75104,M,,,75
201300050675,13,8,13,1410,1,2,1,1.0,6,75104,M,,,75
201300050676,13,8,20,1335,1,2,2,1.0,3,75104,M,,,75
201300050677,13,8,21,1905,1,2,3,1.0,3,75104,M,,,75
201300050678,13,8,22,800,1,2,7,1.0,6,75104,M,,,75
201300050679,13,8,24,825,1,2,3,1.0,3,75104,M,,,75
201300050680,13,8,25,210,5,2,1,3.0,6,75104,M,,,75
201300050681,13,8,30,1445,1,2,2,1.0,3,75104,M,,,75
201300050682,13,9,1,25,5,2,2,1.0,3,75104,M,,,75
201300050683,13,9,4,1200,1,2,2,1.0,3,75104,M,,,75
201300050684,13,9,5,1145,1,2,5,1.0,2,75104,M,,,75
201300050685,13,9,9,1652,1,2,1,2.0,6,75104,M,,,75
201300050686,13,9,10,110,3,2,5,1.0,3,75104,M,,,75
201300050687,13,9,12,2042,5,2,1,1.0,6,75104,M,,,75
201300050688,13,9,13,1715,1,2,1,2.0,3,75104,M,,,75
201300050689,13,9,16,1900,1,2,3,3.0,2,75104,M,,,75
201300050690,13,9,20,1505,1,2,1,1.0,7,75104,M,,,75
201300050691,13,9,21,200,5,2,2,1.0,7,75104,M,,,75
201300050692,13,9,21,1423,1,2,1,1.0,2,75104,M,,,75
201300050693,13,9,21,1600,1,2,2,1.0,6,75101,M,,,75
201300050694,13,9,30,1340,1,2,2,1.0,3,75104,M,,,75
201300050695,13,10,2,820,1,2,2,1.0,6,75104,M,,,75
201300050696,13,10,6,1900,2,2,1,1.0,3,75104,M,,,75
201300050697,13,10,11,1230,1,2,1,2.0,3,75104,M,,,75
201300050698,13,10,13,915,1,2,2,1.0,2,75104,M,,,75
201300050699,13,10,14,23,5,2,1,1.0,6,75104,M,,,75
201300050700,13,10,15,750,2,2,2,1.0,3,75104,M,,,75
201300050701,13,10,15,1845,5,2,3,1.0,3,75104,M,,,75
201300050702,13,10,16,800,2,2,1,1.0,6,75104,M,,,75
201300050703,13,10,21,1425,1,2,2,2.0,7,75104,M,,,75
201300050704,13,10,21,1600,1,2,2,1.0,3,75104,M,,,75
201300050705,13,10,22,1615,1,2,2,1.0,3,75104,M,,,75
201300050706,13,10,25,1915,5,2,2,2.0,6,75104,M,,,75
201300050707,13,10,26,1025,1,2,1,1.0,6,75104,M,,,75
201300050708,13,10,26,1820,1,2,7,1.0,6,75104,M,,,75
201300050709,13,10,27,225,5,2,2,1.0,6,75104,M,,,75
201300050710,13,10,30,1100,1,2,3,1.0,3,75104,M,,,75
201300050711,13,10,30,1248,1,2,1,1.0,3,75104,M,,,75
201300050712,13,10,31,945,1,2,2,1.0,3,75104,M,,,75
201300050713,13,11,2,1415,1,2,1,2.0,2,75104,M,,,75
201300050714,13,11,8,1600,1,2,3,1.0,2,75104,M,,,75
201300050715,13,11,8,2100,5,2,7,2.0,3,75104,M,,,75
201300050716,13,11,9,1850,5,2,1,1.0,2,75104,M,,,75
201300050717,13,11,11,1424,1,2,2,1.0,2,75104,M,,,75
201300050718,13,11,18,1140,1,2,2,8.0,3,75109,M,,,75
201300050719,13,11,18,2020,5,2,2,1.0,3,75104,M,,,75
201300050720,13,11,21,855,1,2,2,2.0,6,75104,M,,,75
201300050721,13,11,26,1555,1,2,2,8.0,2,75104,M,,,75
201300050722,13,11,27,725,5,2,3,1.0,6,75104,M,,,75
201300050723,13,11,28,1057,1,2,1,1.0,6,75104,M,,,75
201300050724,13,11,28,1545,1,2,3,8.0,3,75104,M,,,75
201300050725,13,11,28,1625,1,2,1,8.0,6,75104,M,,,75
201300050726,13,12,1,2150,5,2,2,1.0,3,75104,M,,,75
201300050727,13,12,4,850,1,2,2,1.0,6,75104,M,,,75
201300050728,13,12,4,1450,1,2,7,1.0,3,75104,M,,,75
201300050729,13,12,5,1115,1,2,2,1.0,6,75104,M,,,75
201300050730,13,12,6,2315,5,2,2,1.0,3,75104,M,,,75
201300050731,13,12,11,945,1,2,2,1.0,3,75104,M,,,75
201300050732,13,12,12,1505,1,2,2,1.0,6,75104,M,,,75
201300050733,13,12,12,2252,5,2,3,1.0,6,75104,M,,,75
201300050734,13,12,12,1325,1,2,1,1.0,3,75104,M,,,75
201300050735,13,12,19,1945,5,2,2,1.0,3,75104,M,,,75
201300050736,13,12,21,1740,5,2,2,1.0,1,75104,M,,,75
201300050737,13,12,26,2000,5,2,2,1.0,6,75103,M,,,75
201300050738,13,12,30,1734,2,2,2,2.0,6,75104,M,,,75
201300050739,13,12,30,2155,5,2,2,1.0,3,75104,M,,,75
201300050740,13,12,31,1850,5,2,2,2.0,6,75109,M,,,75
201300050741,13,1,1,236,5,2,2,2.0,6,75105,M,,,75
201300050742,13,1,10,923,1,2,2,1.0,7,75105,M,,,75
201300050743,13,1,10,1535,1,2,1,2.0,3,75105,M,,,75
201300050744,13,1,10,1605,1,2,2,2.0,2,75105,M,,,75
201300050745,13,1,14,1325,1,2,5,1.0,3,75105,M,,,75
201300050746,13,1,17,1015,1,2,2,1.0,6,75105,M,,,75
201300050747,13,1,23,1556,1,2,1,1.0,3,75105,M,,,75
201300050748,13,1,28,1155,1,2,5,1.0,6,75105,M,,,75
201300050749,13,1,29,210,5,2,4,2.0,7,75105,M,,,75
201300050750,13,1,30,1405,1,2,1,2.0,6,75105,M,,,75
201300050751,13,1,30,1650,1,2,3,1.0,6,75105,M,,,75
201300050752,13,1,31,440,4,2,2,1.0,3,75105,M,,,75
201300050753,13,1,31,1510,1,2,2,2.0,6,75105,M,,,75
201300050754,13,2,2,2050,5,2,1,2.0,7,75105,M,,,75
201300050755,13,2,3,2035,5,2,1,2.0,2,75105,M,,,75
201300050756,13,2,4,1705,1,2,1,1.0,3,75105,M,,,75
201300050757,13,2,5,1655,1,2,2,1.0,3,75105,M,,,75
201300050758,13,2,6,2224,5,2,1,2.0,3,75105,M,,,75
201300050759,13,2,7,1245,1,2,1,1.0,6,75105,M,,,75
201300050760,13,2,12,2335,5,2,2,1.0,3,75105,M,,,75
201300050761,13,2,13,1550,1,2,2,1.0,6,75105,M,,,75
201300050762,13,2,16,1433,1,2,1,1.0,7,75105,M,,,75
201300050763,13,2,17,243,5,2,2,1.0,3,75105,M,,,75
201300050764,13,2,18,840,1,2,2,1.0,2,75105,M,,,75
201300050765,13,2,18,1210,1,2,1,1.0,3,75105,M,,,75
201300050766,13,2,19,1040,1,2,1,1.0,6,75105,M,,,75
201300050767,13,2,21,915,1,2,4,1.0,7,75105,M,,,75
201300050768,13,2,22,1344,1,2,2,1.0,3,75105,M,,,75
201300050769,13,2,23,1632,1,2,1,4.0,6,75105,M,,,75
201300050770,13,2,23,1350,1,2,1,1.0,2,75105,M,,,75
201300050771,13,2,24,1200,1,2,2,4.0,6,75105,M,,,75
201300050772,13,3,6,1920,5,2,2,2.0,6,75105,M,,,75
201300050773,13,3,9,2214,5,2,1,1.0,6,75105,M,,,75
201300050774,13,3,8,1810,5,2,5,5.0,7,75105,M,,,75
201300050775,13,3,22,35,5,2,1,1.0,6,75105,M,,,75
201300050776,13,3,23,1700,1,2,7,1.0,2,75105,M,,,75
201300050777,13,3,25,1230,1,2,2,1.0,6,75105,M,,,75
201300050778,13,3,29,1930,5,2,4,1.0,3,75105,M,,,75
201300050779,13,4,2,1948,2,2,2,1.0,2,75105,M,,,75
201300050780,13,4,6,35,5,2,3,1.0,6,75105,M,,,75
201300050781,13,4,6,1525,1,2,1,1.0,6,75105,M,,,75
201300050782,13,4,7,2205,5,2,4,1.0,6,75105,M,,,75
201300050783,13,4,9,1252,1,2,5,2.0,1,75106,M,,,75
201300050784,13,4,9,1740,1,2,1,2.0,2,75105,M,,,75
201300050785,13,4,9,2130,5,2,2,1.0,1,75105,M,,,75
201300050786,13,4,10,1645,1,2,2,2.0,3,75105,M,,,75
201300050787,13,4,12,2025,2,2,1,2.0,2,75113,M,,,75
201300050788,13,4,13,1725,1,2,2,2.0,6,75105,M,,,75
201300050789,13,4,14,1350,1,2,4,7.0,6,75105,M,,,75
201300050790,13,4,17,2009,1,2,5,1.0,7,75105,M,,,75
201300050791,13,4,20,1350,1,2,2,1.0,6,75105,M,,,75
201300050792,13,4,20,1420,1,2,2,1.0,6,75105,M,,,75
201300050793,13,4,22,1427,1,2,1,1.0,3,75105,M,,,75
201300050794,13,4,22,1835,1,2,4,1.0,7,75105,M,,,75
201300050795,13,4,25,1830,1,2,1,1.0,6,75105,M,,,75
201300050796,13,4,25,2220,5,2,5,1.0,3,75113,M,,,75
201300050797,13,4,26,1505,1,2,1,1.0,3,75105,M,,,75
201300050798,13,4,26,1625,1,2,1,2.0,7,75105,M,,,75
201300050799,13,4,26,1916,1,2,2,2.0,6,75105,M,,,75
201300050800,13,4,26,1904,1,2,7,2.0,6,75105,M,,,75
201300050801,13,4,28,1120,1,2,3,1.0,3,75105,M,,,75
201300050802,13,4,30,1745,1,2,2,2.0,7,75105,M,,,75
201300050803,13,5,3,1000,1,2,1,1.0,3,75105,M,,,75
201300050804,13,5,5,255,5,2,5,1.0,6,75105,M,,,75
201300050805,13,5,6,1255,1,2,2,2.0,3,75105,M,,,75
201300050806,13,5,6,1259,1,2,7,1.0,3,75105,M,,,75
201300050807,13,5,7,1410,1,2,5,1.0,6,75105,M,,,75
201300050808,13,5,7,1551,1,2,3,1.0,6,75105,M,,,75
201300050809,13,5,16,901,1,2,2,2.0,6,75105,M,,,75
201300050810,13,5,19,1415,1,2,5,1.0,3,75105,M,,,75
201300050811,13,5,19,1335,1,2,1,1.0,6,75105,M,,,75
201300050812,13,5,22,2105,3,2,2,8.0,3,75105,M,,,75
201300050813,13,5,27,1940,1,2,7,1.0,6,75105,M,,,75
201300050814,13,5,28,1311,1,2,1,2.0,3,75105,M,,,75
201300050815,13,5,28,1355,1,2,2,2.0,3,75105,M,,,75
201300050816,13,5,30,1815,1,2,7,3.0,6,75105,M,,,75
201300050817,13,5,31,1820,1,2,1,1.0,5,75105,M,,,75
201300050818,13,6,1,135,5,2,1,1.0,1,75105,M,,,75
201300050819,13,6,3,1400,1,2,1,1.0,6,75105,M,,,75
201300050820,13,6,4,1906,1,2,5,1.0,6,75105,M,,,75
201300050821,13,6,6,1620,1,2,2,1.0,6,75105,M,,,75
201300050822,13,6,12,1922,1,2,3,1.0,3,75105,M,,,75
201300050823,13,6,14,715,1,2,5,1.0,6,75105,M,,,75
201300050824,13,6,19,2223,5,2,3,1.0,6,75105,M,,,75
201300050825,13,6,21,220,5,2,2,3.0,6,75105,M,,,75
201300050826,13,6,23,1920,1,2,1,2.0,6,75105,M,,,75
201300050827,13,6,24,1510,1,2,7,1.0,2,75105,M,,,75
201300050828,13,6,24,2040,2,2,1,1.0,1,75105,M,,,75
201300050829,13,6,25,2251,5,2,2,1.0,6,75106,M,,,75
201300050830,13,6,25,932,1,2,1,8.0,6,75105,M,,,75
201300050831,13,6,25,1025,1,2,1,1.0,2,75105,M,,,75
201300050832,13,6,26,1218,1,2,1,1.0,2,75105,M,,,75
201300050833,13,7,1,640,1,2,3,1.0,6,75105,M,,,75
201300050834,13,7,1,1800,1,2,1,1.0,6,75105,M,,,75
201300050835,13,7,2,1635,1,2,2,1.0,3,75105,M,,,75
201300050836,13,7,7,1415,1,2,2,1.0,3,75105,M,,,75
201300050837,13,7,7,2038,1,2,7,1.0,3,75105,M,,,75
201300050838,13,7,8,1820,1,2,1,1.0,3,75105,M,,,75
201300050839,13,7,10,1127,1,2,1,1.0,6,75105,M,,,75
201300050840,13,7,13,1725,1,2,5,1.0,7,75105,M,,,75
201300050841,13,7,17,2330,5,2,1,1.0,6,75105,M,,,75
201300050842,13,7,18,1430,1,2,2,1.0,3,75105,M,,,75
201300050843,13,7,19,1824,1,2,2,1.0,6,75105,M,,,75
201300050844,13,7,21,1645,1,2,2,1.0,2,75105,M,,,75
201300050845,13,7,23,1032,1,2,1,1.0,2,75105,M,,,75
201300050846,13,7,25,1719,1,2,5,1.0,2,75105,M,,,75
201300050847,13,7,29,650,1,2,2,1.0,6,75105,M,,,75
201300050848,13,7,31,923,1,2,1,1.0,2,75105,M,,,75
201300050849,13,8,1,1250,1,2,2,1.0,3,75105,M,,,75
201300050850,13,8,1,1950,1,2,5,1.0,6,75105,M,,,75
201300050851,13,8,3,1120,1,2,2,1.0,3,75105,M,,,75
201300050852,13,8,4,1031,1,2,2,1.0,4,75105,M,,,75
201300050853,13,8,22,1310,1,2,2,1.0,3,75105,M,,,75
201300050854,13,8,30,925,1,2,1,1.0,3,75105,M,,,75
201300050855,13,8,31,2020,3,2,2,1.0,2,75105,M,,,75
201300050856,13,9,9,700,2,2,2,1.0,6,75105,M,,,75
201300050857,13,9,14,645,5,2,3,2.0,7,75105,M,,,75
201300050858,13,9,16,940,1,2,2,1.0,6,75105,M,,,75
201300050859,13,9,16,1330,1,2,1,1.0,2,75105,M,,,75
201300050860,13,9,16,1755,1,2,3,2.0,3,75105,M,,,75
201300050861,13,9,19,2035,5,2,2,1.0,3,75105,M,,,75
201300050862,13,9,21,225,5,2,1,1.0,6,75105,M,,,75