Num_Acc,an,mois,jour,hrmn,lum,agg,int,atm,col,com,gps,lat,long,dep
201300050863,13,9,22,2205,5,2,5,1.0,6,75105,M,,,75
201300050864,13,9,23,1325,1,2,5,1.0,3,75105,M,,,75
201300050865,13,9,26,1825,1,2,3,1.0,6,75105,M,,,75
201300050866,13,9,27,344,5,2,1,1.0,6,75106,M,,,75
201300050867,13,9,27,2325,5,2,7,1.0,7,75105,M,,,75
201300050868,13,9,28,110,5,2,2,8.0,6,75105,M,,,75
201300050869,13,9,28,2100,5,2,2,1.0,6,75105,M,,,75
201300050870,13,9,29,1845,2,2,5,2.0,7,75105,M,,,75
201300050871,13,9,30,1115,1,2,1,1.0,6,75105,M,,,75
201300050872,13,9,30,1635,1,2,1,1.0,6,75105,M,,,75
201300050873,13,10,1,1540,1,2,1,1.0,6,75105,M,,,75
201300050874,13,10,5,150,5,2,1,1.0,6,75105,M,,,75
201300050875,13,10,6,550,5,2,2,1.0,3,75105,M,,,75
201300050876,13,10,8,850,1,2,1,1.0,3,75105,M,,,75
201300050877,13,10,9,1740,2,2,3,2.0,6,75105,M,,,75
201300050878,13,10,9,2020,5,2,7,2.0,6,75105,M,,,75
201300050879,13,10,11,1908,2,2,2,8.0,3,75105,M,,,75
201300050880,13,10,12,1129,1,2,1,1.0,3,75105,M,,,75
201300050881,13,10,14,1835,2,2,4,1.0,6,75105,M,,,75
201300050882,13,10,18,1555,1,2,2,1.0,3,75105,M,,,75
201300050883,13,10,19,2218,5,2,2,1.0,3,75105,M,,,75
201300050884,13,10,21,1500,1,2,2,8.0,2,75105,M,,,75
201300050885,13,10,23,1900,2,2,1,1.0,2,75105,M,,,75
201300050886,13,10,25,1425,1,2,2,8.0,6,75105,M,,,75
201300050887,13,10,26,1300,1,2,3,1.0,6,75105,M,,,75
201300050888,13,10,26,1620,1,2,3,1.0,5,75105,M,,,75
201300050889,13,10,28,1903,5,2,2,1.0,3,75105,M,,,75
201300050890,13,10,29,1846,5,2,2,1.0,1,75105,M,,,75
201300050891,13,10,31,1200,1,2,2,1.0,3,75105,M,,,75
201300050892,13,11,2,1945,5,2,3,2.0,6,75106,M,,,75
201300050893,13,11,2,2028,5,2,5,2.0,6,75105,M,,,75
201300050894,13,11,9,2144,5,2,2,1.0,6,75105,M,,,75
201300050895,13,11,12,1135,1,2,7,2.0,2,75105,M,,,75
201300050896,13,11,13,1940,5,2,1,1.0,6,75105,M,,,75
201300050897,13,11,14,1330,1,2,3,2.0,6,75105,M,,,75
201300050898,13,11,18,1205,1,2,2,1.0,6,75105,M,,,75
201300050899,13,11,20,1935,5,2,5,2.0,6,75105,M,,,75
201300050900,13,11,21,1520,1,2,1,8.0,2,75105,M,,,75
201300050901,13,11,21,1715,5,2,1,2.0,6,75105,M,,,75
201300050902,13,11,21,1855,5,2,1,2.0,3,75105,M,,,75
201300050903,13,11,22,46,5,2,5,1.0,3,75105,M,,,75
201300050904,13,11,22,2015,5,2,4,1.0,7,75113,M,,,75
201300050905,13,11,24,1845,5,2,1,1.0,3,75105,M,,,75
201300050906,13,11,26,2010,5,2,1,1.0,7,75113,M,,,75
201300050907,13,11,30,1730,5,2,3,1.0,2,75105,M,,,75
201300050908,13,12,2,1658,1,2,2,1.0,5,75105,M,,,75
201300050909,13,12,3,830,1,2,2,1.0,6,75105,M,,,75
201300050910,13,12,6,930,1,2,7,1.0,2,75105,M,,,75
201300050911,13,12,8,2045,5,2,5,1.0,6,75113,M,,,75
201300050912,13,12,19,1515,1,2,3,1.0,6,75105,M,,,75
201300050913,13,12,20,1925,5,2,1,1.0,3,75106,M,,,75
201300050914,13,12,22,1549,1,2,1,2.0,7,75113,M,,,75
201300050915,13,12,27,1115,1,2,2,2.0,7,75105,M,,,75
201300050916,13,12,28,210,5,2,5,2.0,1,75105,M,,,75
201300050917,13,1,1,515,5,2,3,3.0,6,75113,M,,,75
201300050918,13,1,1,920,1,2,2,2.0,3,75106,M,,,75
201300050919,13,1,1,2100,5,2,2,9.0,3,75106,M,,,75
201300050920,13,1,2,2245,5,2,1,1.0,6,75106,M,,,75
201300050921,13,1,9,1005,1,2,4,1.0,6,75106,M,,,75
201300050922,13,1,11,200,5,2,1,2.0,7,75106,M,,,75
201300050923,13,1,12,1225,1,2,2,2.0,6,75106,M,,,75
201300050924,13,1,17,1530,1,2,5,1.0,7,75106,M,,,75
201300050925,13,1,18,850,1,2,2,8.0,7,75106,M,,,75
201300050926,13,1,25,1023,1,2,1,1.0,6,75106,M,,,75
201300050927,13,1,27,1605,1,2,2,8.0,3,75106,M,,,75
201300050928,13,1,28,745,2,2,5,1.0,7,75106,M,,,75
201300050929,13,2,2,1600,1,2,3,1.0,7,75106,M,,,75
201300050930,13,2,8,1925,5,2,4,6.0,6,75106,M,,,75
201300050931,13,2,17,55,5,2,4,1.0,6,75106,M,,,75
201300050932,13,2,28,205,5,2,1,1.0,7,75106,M,,,75
201300050933,13,3,8,1825,2,2,5,2.0,3,75106,M,,,75
201300050934,13,3,15,1228,1,2,1,1.0,6,75106,M,,,75
201300050935,13,3,18,1210,1,2,1,2.0,7,75106,M,,,75
201300050936,13,3,19,1838,1,2,5,1.0,3,75106,M,,,75
201300050937,13,3,21,1326,1,2,3,2.0,6,75106,M,,,75
201300050938,13,3,21,1710,1,2,3,1.0,6,75106,M,,,75
201300050939,13,3,28,2132,5,2,3,1.0,7,75106,M,,,75
201300050940,13,3,29,1413,1,2,3,1.0,3,75106,M,,,75
201300050941,13,4,5,1320,1,2,2,1.0,3,75106,M,,,75
201300050942,13,4,5,1510,1,2,7,1.0,2,75106,M,,,75
201300050943,13,4,7,500,5,2,5,1.0,3,75113,M,,,75
201300050944,13,4,11,2110,5,2,1,2.0,6,75106,M,,,75
201300050945,13,4,12,2055,5,2,5,1.0,7,75106,M,,,75
201300050946,13,4,15,1035,1,2,2,8.0,6,75106,M,,,75
201300050947,13,4,15,1750,1,2,5,1.0,6,75106,M,,,75
201300050948,13,4,20,1430,1,2,1,1.0,6,75106,M,,,75
201300050949,13,4,20,1750,1,2,1,1.0,6,75106,M,,,75
201300050950,13,4,22,950,1,2,5,1.0,3,75106,M,,,75
201300050951,13,4,25,1645,1,2,1,1.0,3,75106,M,,,75
201300050952,13,4,25,2220,5,2,5,1.0,7,75106,M,,,75
201300050953,13,4,29,725,1,2,3,1.0,2,75106,M,,,75
201300050954,13,5,2,1630,1,2,7,1.0,7,75106,M,,,75
201300050955,13,5,3,935,1,2,3,1.0,3,75106,M,,,75
201300050956,13,5,3,1850,1,2,3,1.0,6,75106,M,,,75
201300050957,13,5,3,1340,1,2,2,1.0,6,75106,M,,,75
201300050958,13,5,4,2150,5,2,5,1.0,3,75106,M,,,75
201300050959,13,5,6,1715,1,2,7,1.0,6,75106,M,,,75
201300050960,13,5,13,2035,1,2,7,1.0,6,75106,M,,,75
201300050961,13,5,15,905,1,2,3,1.0,3,75106,M,,,75
201300050962,13,5,16,850,1,2,3,2.0,7,75106,M,,,75
201300050963,13,5,20,1020,1,2,3,2.0,6,75106,M,,,75
201300050964,13,5,22,1105,1,2,3,1.0,6,75106,M,,,75
201300050965,13,5,25,1515,1,2,2,3.0,1,75106,M,,,75
201300050966,13,5,29,1110,1,2,3,1.0,3,75106,M,,,75
201300050967,13,6,3,1425,1,2,1,1.0,3,75106,M,,,75
201300050968,13,6,3,1610,1,2,5,1.0,3,75106,M,,,75
201300050969,13,6,4,2050,1,2,4,1.0,3,75106,M,,,75
201300050970,13,6,5,1820,1,2,1,1.0,6,75106,M,,,75
201300050971,13,6,9,200,5,2,2,1.0,3,75106,M,,,75
201300050972,13,6,14,1535,1,2,7,1.0,2,75106,M,,,75
201300050973,13,6,19,930,1,2,2,1.0,2,75105,M,,,75
201300050974,13,6,20,1100,1,2,2,2.0,2,75106,M,,,75
201300050975,13,6,23,1640,1,2,3,1.0,6,75106,M,,,75
201300050976,13,6,24,1500,1,2,3,1.0,6,75106,M,,,75
201300050977,13,6,25,1945,1,2,3,1.0,2,75106,M,,,75
201300050978,13,6,26,1540,1,2,1,1.0,6,75106,M,,,75
201300050979,13,6,27,1330,1,2,7,1.0,2,75106,M,,,75
201300050980,13,6,27,1500,1,2,2,1.0,1,75106,M,,,75
201300050981,13,6,28,1617,1,2,7,1.0,2,75106,M,,,75
201300050982,13,6,29,1730,1,2,2,1.0,3,75106,M,,,75
201300050983,13,7,1,105,5,2,1,1.0,3,75106,M,,,75
201300050984,13,7,1,1250,1,2,5,1.0,6,75106,M,,,75
201300050985,13,7,13,25,5,2,2,1.0,3,75106,M,,,75
201300050986,13,7,14,1750,1,2,1,1.0,6,75106,M,,,75
201300050987,13,7,15,15,5,2,4,1.0,7,75106,M,,,75
201300050988,13,7,16,1215,1,2,5,1.0,6,75106,M,,,75
201300050989,13,7,16,1855,1,2,5,1.0,6,75106,M,,,75
201300050990,13,7,18,2345,5,2,2,1.0,2,75113,M,,,75
201300050991,13,7,19,1650,1,2,3,1.0,3,75106,M,,,75
201300050992,13,7,20,58,4,2,1,1.0,6,75106,M,,,75
201300050993,13,7,22,1305,1,2,1,1.0,6,75106,M,,,75
201300050994,13,7,26,1725,1,2,1,1.0,2,75106,M,,,75
201300050995,13,7,26,2020,1,2,2,1.0,3,75106,M,,,75
201300050996,13,8,2,1050,1,2,7,1.0,3,75106,M,,,75
201300050997,13,8,5,1455,1,2,3,8.0,6,75106,M,,,75
201300050998,13,8,5,1620,1,2,2,8.0,6,75106,M,,,75
201300050999,13,8,7,2030,2,2,5,1.0,3,75106,M,,,75
201300051000,13,8,8,1255,1,2,7,1.0,6,75106,M,,,75
201300051001,13,8,8,1508,1,2,1,1.0,6,75106,M,,,75
201300051002,13,8,11,1747,1,2,7,1.0,6,75106,M,,,75
201300051003,13,8,22,1955,1,2,5,1.0,6,75106,M,,,75
201300051004,13,8,25,150,5,2,5,2.0,3,75105,M,,,75
201300051005,13,8,27,1435,1,2,1,1.0,7,75106,M,,,75
201300051006,13,9,1,1400,1,2,1,1.0,6,75106,M,,,75
201300051007,13,9,4,1025,1,2,5,1.0,6,75106,M,,,75
201300051008,13,9,8,640,5,2,1,1.0,6,75106,M,,,75
201300051009,13,9,8,1645,1,2,1,2.0,2,75106,M,,,75
201300051010,13,9,13,1850,5,2,4,1.0,3,75106,M,,,75
201300051011,13,9,17,2308,5,2,2,2.0,7,75106,M,,,75
201300051012,13,9,18,225,5,2,2,2.0,3,75106,M,,,75
201300051013,13,9,20,1413,1,2,2,1.0,2,75106,M,,,75
201300051014,13,9,20,1720,1,2,2,1.0,3,75106,M,,,75
201300051015,13,9,22,1825,1,2,7,8.0,3,75106,M,,,75
201300051016,13,9,24,1303,1,2,1,1.0,4,75106,M,,,75
201300051017,13,9,25,630,2,2,2,1.0,2,75106,M,,,75
201300051018,13,9,25,1305,1,2,2,1.0,2,75106,M,,,75
201300051019,13,9,26,1220,1,2,3,1.0,6,75106,M,,,75
201300051020,13,9,27,2020,5,2,1,1.0,7,75106,M,,,75
201300051021,13,10,1,1205,1,2,7,1.0,3,75106,M,,,75
201300051022,13,10,3,1405,1,2,3,1.0,7,75106,M,,,75
201300051023,13,10,3,2123,5,2,1,2.0,6,75105,M,,,75
201300051024,13,10,4,840,1,2,3,8.0,7,75106,M,,,75
201300051025,13,10,4,2158,5,2,5,1.0,6,75106,M,,,75
201300051026,13,10,11,1945,5,2,1,1.0,3,75106,M,,,75
201300051027,13,10,12,447,5,2,2,1.0,6,75106,M,,,75
201300051028,13,10,14,630,1,2,3,1.0,1,75106,M,,,75
201300051029,13,10,16,1240,1,2,2,2.0,6,75106,M,,,75
201300051030,13,10,16,1555,1,2,2,3.0,3,75106,M,,,75
201300051031,13,10,18,1820,2,2,1,1.0,3,75106,M,,,75
201300051032,13,10,19,1905,5,2,1,1.0,6,75106,M,,,75
201300051033,13,10,21,1515,1,2,1,1.0,7,75106,M,,,75
201300051034,13,10,23,1015,1,2,5,1.0,6,75106,M,,,75
201300051035,13,10,24,119,5,2,4,1.0,3,75106,M,,,75
201300051036,13,10,25,849,1,2,2,8.0,2,75106,M,,,75
201300051037,13,10,25,1920,5,2,3,2.0,6,75106,M,,,75
201300051038,13,10,25,1850,5,2,7,2.0,3,75106,M,,,75
201300051039,13,10,25,1815,2,2,3,2.0,3,75106,M,,,75
201300051040,13,10,26,1820,2,2,1,2.0,7,75106,M,,,75
201300051041,13,10,27,2235,5,2,2,2.0,2,75106,M,,,75
201300051042,13,10,31,805,1,2,1,1.0,2,75106,M,,,75
201300051043,13,11,2,1610,1,2,5,1.0,6,75106,M,,,75
201300051044,13,11,2,1815,5,2,7,1.0,6,75106,M,,,75
201300051045,13,11,4,1600,1,2,1,1.0,3,75106,M,,,75
201300051046,13,11,6,1345,1,2,3,1.0,1,75106,M,,,75
201300051047,13,11,7,2040,5,2,1,3.0,7,75106,M,,,75
201300051048,13,11,12,1055,1,2,1,2.0,2,75106,M,,,75
201300051049,13,11,13,1735,5,2,2,1.0,2,75106,M,,,75
201300051050,13,11,14,2040,5,2,7,8.0,3,75106,M,,,75
201300051051,13,11,15,1415,1,2,2,1.0,6,75106,M,,,75
201300051052,13,11,15,1640,1,2,1,1.0,6,75106,M,,,75
201300051053,13,11,20,323,5,2,5,1.0,3,75105,M,,,75
201300051054,13,11,20,1831,5,2,2,3.0,3,75106,M,,,75
201300051055,13,11,20,1620,2,2,3,2.0,6,75106,M,,,75
201300051056,13,11,21,855,1,2,1,2.0,3,75106,M,,,75
201300051057,13,11,21,830,1,2,2,2.0,1,75106,M,,,75
201300051058,13,11,20,2100,3,2,1,1.0,3,75106,M,,,75
201300051059,13,11,21,1945,5,2,5,2.0,6,75106,M,,,75
201300051060,13,11,26,1500,1,2,2,8.0,6,75106,M,,,75
201300051061,13,11,28,1745,2,2,2,2.0,6,75106,M,,,75
201300051062,13,12,1,2330,5,2,2,1.0,3,75106,M,,,75
201300051063,13,12,2,825,1,2,2,1.0,6,75106,M,,,75
201300051064,13,12,3,1000,1,2,7,1.0,2,75106,M,,,75
201300051065,13,12,3,1830,5,2,5,1.0,6,75106,M,,,75
201300051066,13,12,5,1155,1,2,5,1.0,2,75106,M,,,75
201300051067,13,12,5,1850,5,2,3,1.0,2,75106,M,,,75
201300051068,13,12,6,1950,5,2,1,1.0,6,75106,M,,,75
201300051069,13,12,7,800,2,2,1,2.0,7,75114,M,,,75
201300051070,13,12,10,945,1,2,1,8.0,7,75106,M,,,75
201300051071,13,12,10,1440,1,2,3,1.0,6,75106,M,,,75
201300051072,13,12,12,1321,1,2,2,1.0,6,75106,M,,,75
201300051073,13,12,12,1335,1,2,5,1.0,6,75106,M,,,75
201300051074,13,12,13,1340,1,2,1,1.0,6,75106,M,,,75
201300051075,13,12,15,1527,1,2,3,1.0,6,75106,M,,,75
201300051076,13,12,17,1849,2,2,1,1.0,6,75106,M,,,75
201300051077,13,12,19,18,5,2,5,2.0,6,75106,M,,,75
201300051078,13,12,20,1900,2,2,5,1.0,3,75106,M,,,75
201300051079,13,12,21,225,5,2,2,1.0,6,75106,M,,,75
201300051080,13,12,22,1846,5,2,7,2.0,2,75113,M,,,75
201300051081,13,12,24,1725,5,2,7,2.0,6,75106,M,,,75
201300051082,13,12,27,1550,1,2,1,2.0,7,75106,M,,,75
201300051083,13,12,30,1310,1,2,1,1.0,6,75106,M,,,75
201300051084,13,1,3,635,5,2,2,2.0,3,75107,M,,,75
201300051085,13,1,8,746,2,2,1,1.0,6,75107,M,,,75
201300051086,13,1,8,1355,1,2,1,1.0,3,75107,M,,,75
201300051087,13,1,11,120,5,2,5,2.0,3,75107,M,,,75
201300051088,13,1,11,2130,5,2,2,2.0,6,75107,M,,,75
201300051089,13,1,12,1500,1,2,2,1.0,6,75107,M,,,75
201300051090,13,1,14,1420,1,2,5,1.0,2,75107,M,,,75
201300051091,13,1,14,1610,1,2,1,1.0,3,75107,M,,,75
201300051092,13,1,14,1845,5,2,3,1.0,6,75107,M,,,75
201300051093,13,1,15,940,1,2,4,2.0,3,75107,M,,,75
201300051094,13,1,16,905,1,2,7,1.0,2,75107,M,,,75
201300051095,13,1,16,945,1,2,1,1.0,3,75107,M,,,75
201300051096,13,1,17,1455,1,2,7,1.0,7,75107,M,,,75
201300051097,13,1,23,1510,1,2,2,1.0,6,75107,M,,,75
201300051098,13,1,23,1850,5,2,3,1.0,6,75107,M,,,75
201300051099,13,1,28,1040,1,2,2,1.0,3,75107,M,,,75
201300051100,13,1,28,1950,5,2,1,1.0,2,75107,M,,,75
201300051101,13,2,2,1815,5,2,2,2.0,3,75107,M,,,75
201300051102,13,2,3,2255,5,2,7,2.0,2,75107,M,,,75
201300051103,13,2,7,2005,5,2,7,1.0,2,75107,M,,,75
201300051104,13,2,9,1135,1,2,3,8.0,7,75107,M,,,75
201300051105,13,2,11,1015,1,2,2,2.0,7,75107,M,,,75
201300051106,13,2,13,925,1,2,2,1.0,3,75107,M,,,75
201300051107,13,2,13,1550,1,2,3,1.0,3,75107,M,,,75
201300051108,13,2,14,341,5,2,3,1.0,6,75107,M,,,75
201300051109,13,2,14,1640,1,2,1,1.0,6,75107,M,,,75
201300051110,13,2,16,2020,5,2,2,1.0,3,75107,M,,,75
201300051111,13,2,20,1405,1,2,3,1.0,2,75107,M,,,75
201300051112,13,2,23,305,5,2,1,1.0,6,75107,M,,,75
201300051113,13,3,2,325,5,2,1,1.0,2,75107,M,,,75
201300051114,13,3,4,1435,1,2,3,1.0,6,75107,M,,,75
201300051115,13,3,5,825,1,2,3,1.0,7,75107,M,,,75
201300051116,13,3,5,1755,2,2,1,1.0,6,75107,M,,,75
201300051117,13,3,7,840,1,2,5,2.0,3,75107,M,,,75
201300051118,13,3,9,30,5,2,1,1.0,3,75107,M,,,75
201300051119,13,3,25,850,1,2,2,1.0,3,75107,M,,,75
201300051120,13,3,26,1420,1,2,2,1.0,6,75107,M,,,75
201300051121,13,3,26,1920,5,2,3,1.0,6,75107,M,,,75
201300051122,13,3,26,2245,5,2,3,1.0,7,75107,M,,,75
201300051123,13,3,27,1730,1,2,2,1.0,6,75107,M,,,75
201300051124,13,3,28,1745,1,2,2,1.0,3,75107,M,,,75
201300051125,13,3,28,1925,5,2,5,1.0,3,75107,M,,,75
201300051126,13,3,29,1730,1,2,7,1.0,3,75107,M,,,75
201300051127,13,4,1,1640,1,2,3,1.0,3,75107,M,,,75
201300051128,13,4,3,1,5,2,5,1.0,3,75107,M,,,75
201300051129,13,4,6,40,5,2,2,1.0,3,75107,M,,,75
201300051130,13,4,6,255,5,2,5,1.0,3,75107,M,,,75
201300051131,13,4,6,1657,1,2,1,1.0,6,75107,M,,,75
201300051132,13,4,9,1445,1,2,3,2.0,6,75107,M,,,75
201300051133,13,4,9,1545,1,2,1,2.0,2,75107,M,,,75
201300051134,13,4,13,15,5,2,3,1.0,4,75107,M,,,75
201300051135,13,4,15,2105,1,2,2,1.0,5,75107,M,,,75
201300051136,13,4,17,920,1,2,7,1.0,1,75107,M,,,75
201300051137,13,4,18,945,1,2,1,1.0,7,75107,M,,,75
201300051138,13,4,18,1500,1,2,4,1.0,2,75107,M,,,75
201300051139,13,4,20,215,5,2,2,1.0,3,75107,M,,,75
201300051140,13,4,24,25,5,2,2,1.0,3,75107,M,,,75
201300051141,13,4,24,2355,5,2,2,1.0,3,75107,M,,,75
201300051142,13,5,10,1817,1,2,7,1.0,6,75107,M,,,75
201300051143,13,5,13,1035,1,2,7,1.0,3,75107,M,,,75
201300051144,13,5,15,1900,1,2,2,1.0,3,75107,M,,,75
201300051145,13,5,18,1845,2,2,2,2.0,7,75107,M,,,75
201300051146,13,5,19,350,5,2,5,2.0,2,75107,M,,,75
201300051147,13,5,20,1400,1,2,2,2.0,6,75107,M,,,75
201300051148,13,5,20,1530,1,2,7,3.0,6,75107,M,,,75
201300051149,13,5,22,1940,2,2,2,8.0,3,75107,M,,,75
201300051150,13,5,22,2015,1,2,2,1.0,3,75107,M,,,75
201300051151,13,5,23,1320,1,2,1,8.0,3,75107,M,,,75
201300051152,13,5,25,5,5,2,3,1.0,1,75107,M,,,75
201300051153,13,5,29,1640,1,2,1,1.0,3,75107,M,,,75
201300051154,13,5,30,1,4,2,5,2.0,3,75107,M,,,75
201300051155,13,5,31,2130,5,2,3,1.0,6,75107,M,,,75
201300051156,13,6,3,300,5,2,3,1.0,4,75107,M,,,75
201300051157,13,6,5,1915,1,2,5,1.0,3,75107,M,,,75
201300051158,13,6,7,820,1,2,2,1.0,3,75107,M,,,75
201300051159,13,6,8,1120,1,2,1,1.0,6,75107,M,,,75
201300051160,13,6,10,2010,1,2,2,1.0,2,75107,M,,,75
201300051161,13,6,17,930,1,2,3,3.0,2,75107,M,,,75
201300051162,13,6,17,900,1,2,2,3.0,2,75107,M,,,75
201300051163,13,6,17,1425,1,2,2,1.0,1,75107,M,,,75
201300051164,13,6,20,1323,1,2,1,8.0,6,75107,M,,,75
201300051165,13,6,25,1535,1,2,1,1.0,2,75107,M,,,75
201300051166,13,6,26,830,1,2,2,1.0,2,75107,M,,,75
201300051167,13,6,27,20,5,2,2,1.0,1,75107,M,,,75
201300051168,13,6,27,1145,1,2,1,1.0,2,75107,M,,,75
201300051169,13,6,28,920,1,2,2,2.0,2,75107,M,,,75
201300051170,13,6,30,715,1,2,4,1.0,7,75107,M,,,75
201300051171,13,7,7,145,3,2,5,1.0,6,75107,M,,,75
201300051172,13,7,7,1340,1,2,7,7.0,3,75107,M,,,75
201300051173,13,7,7,1920,1,2,1,1.0,7,75107,M,,,75
201300051174,13,7,8,955,1,2,5,1.0,7,75107,M,,,75
201300051175,13,7,9,1230,1,2,3,1.0,3,75107,M,,,75
201300051176,13,7,10,925,1,2,3,1.0,6,75107,M,,,75
201300051177,13,7,10,1505,1,2,1,1.0,6,75107,M,,,75
201300051178,13,7,11,1630,1,2,3,1.0,6,75107,M,,,75
201300051179,13,7,13,500,5,2,2,1.0,6,75107,M,,,75
201300051180,13,7,14,640,1,2,3,1.0,3,75107,M,,,75
201300051181,13,7,18,1645,1,2,2,1.0,2,75107,M,,,75
201300051182,13,7,18,1950,1,2,2,1.0,3,75107,M,,,75
201300051183,13,7,25,445,5,2,3,1.0,7,75107,M,,,75
201300051184,13,7,26,1900,1,2,1,1.0,2,75107,M,,,75
201300051185,13,7,28,1415,1,2,2,1.0,3,75107,M,,,75
201300051186,13,7,30,1730,1,2,5,1.0,3,75107,M,,,75
201300051187,13,8,1,1110,1,2,2,1.0,7,75107,M,,,75
201300051188,13,8,13,1350,1,2,1,1.0,4,75107,M,,,75
201300051189,13,8,19,1540,1,2,2,1.0,3,75107,M,,,75
201300051190,13,8,23,1630,1,2,2,1.0,2,75107,M,,,75
201300051191,13,8,25,1515,1,2,3,2.0,3,75107,M,,,75
201300051192,13,8,27,1715,1,2,2,1.0,6,75107,M,,,75
201300051193,13,8,31,1700,1,2,1,1.0,2,75107,M,,,75
201300051194,13,9,4,1230,1,2,1,1.0,7,75107,M,,,75
201300051195,13,9,6,145,5,2,5,1.0,6,75107,M,,,75
201300051196,13,9,6,1230,1,2,5,2.0,3,75107,M,,,75
201300051197,13,9,7,950,1,2,1,1.0,2,75107,M,,,75
201300051198,13,9,9,915,1,2,2,1.0,3,75107,M,,,75
201300051199,13,9,10,1235,1,2,2,1.0,3,75107,M,,,75
201300051200,13,9,11,1835,1,2,7,1.0,6,75107,M,,,75
201300051201,13,9,12,1110,1,2,1,1.0,2,75107,M,,,75
201300051202,13,9,17,1745,1,2,2,2.0,1,75107,M,,,75
201300051203,13,9,19,840,1,2,2,1.0,3,75107,M,,,75
201300051204,13,9,19,1740,1,2,1,1.0,7,75107,M,,,75
201300051205,13,9,20,55,5,2,2,8.0,6,75107,M,,,75
201300051206,13,9,22,455,5,2,2,1.0,6,75107,M,,,75
201300051207,13,9,23,900,1,2,3,1.0,3,75107,M,,,75
201300051208,13,9,23,2350,5,2,5,1.0,2,75107,M,,,75
201300051209,13,9,25,1950,5,2,1,1.0,2,75107,M,,,75
201300051210,13,9,28,900,1,2,3,8.0,6,75107,M,,,75
201300051211,13,9,29,2020,5,2,5,2.0,6,75107,M,,,75
201300051212,13,9,30,1015,1,2,3,1.0,7,75107,M,,,75
201300051213,13,9,30,1505,1,2,1,1.0,2,75107,M,,,75
201300051214,13,9,30,2210,5,2,3,1.0,7,75107,M,,,75
201300051215,13,10,3,1550,1,2,2,2.0,1,75107,M,,,75
201300051216,13,10,6,435,3,2,7,1.0,6,75107,M,,,75
201300051217,13,10,8,1005,1,2,1,1.0,6,75107,M,,,75
201300051218,13,10,11,730,5,2,2,2.0,6,75107,M,,,75
201300051219,13,10,11,900,1,2,2,8.0,2,75108,M,,,75
201300051220,13,10,13,1120,1,2,1,1.0,1,75107,M,,,75
201300051221,13,10,14,930,1,2,2,1.0,2,75107,M,,,75
201300051222,13,10,20,252,5,2,5,1.0,6,75107,M,,,75
201300051223,13,10,20,315,5,2,2,1.0,6,75107,M,,,75
201300051224,13,10,20,910,1,2,7,2.0,6,75107,M,,,75
201300051225,13,10,22,1840,5,2,1,8.0,7,75107,M,,,75
201300051226,13,10,23,1840,5,2,1,1.0,6,75107,M,,,75
201300051227,13,10,24,1610,1,2,5,1.0,3,75107,M,,,75
201300051228,13,10,24,1900,2,2,7,1.0,6,75107,M,,,75
201300051229,13,10,27,2255,5,2,2,1.0,6,75107,M,,,75
201300051230,13,10,27,250,5,2,3,1.0,6,75107,M,,,75
201300051231,13,11,4,1710,5,2,7,1.0,3,75107,M,,,75
201300051232,13,11,6,930,1,2,1,8.0,7,75107,M,,,75
201300051233,13,11,12,810,1,2,2,2.0,6,75107,M,,,75
201300051234,13,11,12,910,1,2,5,2.0,2,75107,M,,,75
201300051235,13,11,12,2020,5,2,1,2.0,6,75107,M,,,75
201300051236,13,11,13,1535,1,2,1,1.0,4,75107,M,,,75
201300051237,13,11,13,2225,3,2,3,1.0,2,75107,M,,,75
201300051238,13,11,15,935,1,2,4,8.0,3,75107,M,,,75
201300051239,13,11,15,2230,5,2,3,1.0,3,75107,M,,,75
201300051240,13,11,18,1525,1,2,7,1.0,3,75107,M,,,75
201300051241,13,11,20,900,1,2,7,1.0,3,75107,M,,,75
201300051242,13,11,20,1155,1,2,1,1.0,2,75107,M,,,75
201300051243,13,11,20,1235,1,2,1,1.0,6,75107,M,,,75
201300051244,13,11,20,1455,1,2,7,2.0,6,75107,M,,,75
201300051245,13,11,20,1755,5,2,3,2.0,6,75107,M,,,75
201300051246,13,11,21,1635,1,2,1,2.0,6,75107,M,,,75
201300051247,13,11,22,1725,3,2,1,1.0,7,75107,M,,,75
201300051248,13,11,25,935,1,2,3,1.0,7,75107,M,,,75
201300051249,13,11,27,855,1,2,3,1.0,2,75107,M,,,75
201300051250,13,11,27,855,1,2,2,1.0,6,75107,M,,,75
201300051251,13,11,28,1,5,2,3,1.0,3,75107,M,,,75
201300051252,13,11,29,1910,5,2,2,2.0,3,75107,M,,,75
201300051253,13,12,2,1225,1,2,2,1.0,3,75107,M,,,75
201300051254,13,12,4,1000,1,2,4,1.0,3,75107,M,,,75
201300051255,13,12,14,1715,5,2,3,1.0,2,75107,M,,,75
201300051256,13,12,15,139,5,2,1,1.0,7,75107,M,,,75
201300051257,13,12,16,1240,1,2,7,1.0,2,75107,M,,,75
201300051258,13,12,16,1530,1,2,1,1.0,2,75107,M,,,75
201300051259,13,12,16,1607,1,2,2,1.0,3,75107,M,,,75
201300051260,13,12,18,1320,1,2,2,1.0,6,75107,M,,,75
201300051261,13,12,18,1405,1,2,2,1.0,6,75107,M,,,75
201300051262,13,12,20,1630,1,2,7,1.0,3,75107,M,,,75
201300051263,13,12,20,1620,1,2,7,1.0,3,75107,M,,,75
201300051264,13,12,24,150,5,2,5,2.0,3,75107,M,,,75
201300051265,13,12,24,1140,1,2,1,3.0,6,75107,M,,,75
201300051266,13,12,28,455,5,2,2,2.0,3,75107,M,,,75
201300051267,13,12,28,1655,2,2,3,1.0,3,75107,M,,,75