Num_Acc,an,mois,jour,hrmn,lum,agg,int,atm,col,com,gps,lat,long,dep
201300051268,13,1,1,400,5,2,3,3.0,3,75108,M,,,75
201300051269,13,1,1,305,5,2,7,2.0,6,75108,M,,,75
201300051270,13,1,2,2300,5,2,1,2.0,7,75108,M,,,75
201300051271,13,1,3,1,5,2,1,2.0,3,75108,M,,,75
201300051272,13,1,4,1920,5,2,1,1.0,2,75108,M,,,75
201300051273,13,1,9,1910,5,2,1,2.0,7,75108,M,,,75
201300051274,13,1,10,755,1,2,7,2.0,6,75108,M,,,75
201300051275,13,1,10,1830,5,2,4,2.0,6,75108,M,,,75
201300051276,13,1,11,20,5,2,7,2.0,7,75108,M,,,75
201300051277,13,1,11,1211,1,2,2,1.0,2,75108,M,,,75
201300051278,13,1,12,1825,5,2,5,1.0,6,75108,M,,,75
201300051279,13,1,13,1830,5,2,7,2.0,6,75108,M,,,75
201300051280,13,1,14,1130,1,2,3,1.0,7,75108,M,,,75
201300051281,13,1,15,2130,5,2,2,4.0,2,75108,M,,,75
201300051282,13,1,19,2100,5,2,5,1.0,7,75108,M,,,75
201300051283,13,1,20,235,5,2,1,4.0,1,75108,M,,,75
201300051284,13,1,19,2338,5,2,2,4.0,6,75108,M,,,75
201300051285,13,1,23,720,5,2,2,2.0,2,75108,M,,,75
201300051286,13,1,23,810,1,2,2,1.0,3,75108,M,,,75
201300051287,13,1,25,1510,1,2,7,1.0,3,75108,M,,,75
201300051288,13,1,26,1820,5,2,1,1.0,3,75116,M,,,75
201300051289,13,1,26,1915,5,2,1,1.0,3,75108,M,,,75
201300051290,13,1,26,2112,5,2,3,1.0,4,75108,M,,,75
201300051291,13,1,29,1245,1,2,2,2.0,4,75108,M,,,75
201300051292,13,1,29,1900,5,2,2,1.0,6,75108,M,,,75
201300051293,13,1,30,1300,1,2,2,2.0,2,75108,M,,,75
201300051294,13,2,3,2025,5,2,1,2.0,3,75108,M,,,75
201300051295,13,2,3,2110,5,2,2,2.0,2,75108,M,,,75
201300051296,13,2,4,1425,1,2,1,1.0,2,75108,M,,,75
201300051297,13,2,4,2110,5,2,7,1.0,6,75108,M,,,75
201300051298,13,2,5,2130,5,2,1,1.0,6,75108,M,,,75
201300051299,13,2,6,930,1,2,2,1.0,7,75108,M,,,75
201300051300,13,2,7,1000,1,2,1,1.0,6,75108,M,,,75
201300051301,13,2,7,1000,1,2,3,9.0,3,75108,M,,,75
201300051302,13,2,7,1315,1,2,2,8.0,3,75108,M,,,75
201300051303,13,2,9,40,5,2,7,1.0,3,75108,M,,,75
201300051304,13,2,9,1900,5,2,1,1.0,6,75108,M,,,75
201300051305,13,2,11,534,5,2,5,2.0,3,75108,M,,,75
201300051306,13,2,11,650,5,2,7,2.0,3,75108,M,,,75
201300051307,13,2,11,1400,1,2,3,1.0,6,75108,M,,,75
201300051308,13,2,11,1710,1,2,5,1.0,3,75108,M,,,75
201300051309,13,2,12,140,5,2,2,1.0,3,75108,M,,,75
201300051310,13,2,14,1210,1,2,1,2.0,6,75108,M,,,75
201300051311,13,2,14,1330,1,2,5,2.0,6,75108,M,,,75
201300051312,13,2,14,1415,1,2,5,2.0,2,75108,M,,,75
201300051313,13,2,14,1610,1,2,1,2.0,3,75108,M,,,75
201300051314,13,2,17,200,5,2,1,1.0,6,75108,M,,,75
201300051315,13,2,19,1242,1,2,2,1.0,6,75108,M,,,75
201300051316,13,2,19,1320,1,2,1,1.0,3,75108,M,,,75
201300051317,13,2,21,930,1,2,1,1.0,2,75108,M,,,75
201300051318,13,2,21,1315,1,2,1,1.0,4,75108,M,,,75
201300051319,13,2,21,1427,1,2,1,1.0,6,75108,M,,,75
201300051320,13,2,21,1600,1,2,1,1.0,2,75108,M,,,75
201300051321,13,2,22,2220,5,2,1,1.0,2,75108,M,,,75
201300051322,13,2,25,1910,5,2,1,2.0,7,75108,M,,,75
201300051323,13,2,26,940,1,2,2,1.0,6,75108,M,,,75
201300051324,13,2,26,1045,1,2,1,1.0,6,75108,M,,,75
201300051325,13,2,27,1800,1,2,2,1.0,7,75108,M,,,75
201300051326,13,3,5,1950,5,2,1,1.0,3,75108,M,,,75
201300051327,13,3,6,810,1,2,4,1.0,3,75108,M,,,75
201300051328,13,3,7,1230,1,2,2,1.0,2,75108,M,,,75
201300051329,13,3,7,1900,1,2,1,1.0,3,75108,M,,,75
201300051330,13,3,8,1520,1,2,1,2.0,7,75108,M,,,75
201300051331,13,3,9,130,5,2,7,1.0,6,75108,M,,,75
201300051332,13,3,8,1400,1,2,7,2.0,6,75108,M,,,75
201300051333,13,3,9,2100,5,2,1,1.0,6,75116,M,,,75
201300051334,13,3,13,2110,5,2,3,1.0,3,75108,M,,,75
201300051335,13,3,14,1120,1,2,2,1.0,6,75108,M,,,75
201300051336,13,3,15,1455,1,2,2,1.0,1,75108,M,,,75
201300051337,13,3,15,2150,5,2,1,1.0,3,75108,M,,,75
201300051338,13,3,16,1900,5,2,7,2.0,6,75108,M,,,75
201300051339,13,3,17,1220,1,2,2,1.0,3,75117,M,,,75
201300051340,13,3,18,1135,1,2,5,1.0,6,75108,M,,,75
201300051341,13,3,19,1115,1,2,2,1.0,2,75108,M,,,75
201300051342,13,3,20,1735,1,2,7,1.0,2,75108,M,,,75
201300051343,13,3,21,450,5,2,1,1.0,1,75108,M,,,75
201300051344,13,3,21,1230,1,2,3,1.0,7,75108,M,,,75
201300051345,13,3,21,2030,5,2,1,2.0,3,75116,M,,,75
201300051346,13,3,22,2315,5,2,2,1.0,2,75108,M,,,75
201300051347,13,3,23,1110,1,2,4,1.0,3,75108,M,,,75
201300051348,13,3,25,1715,1,2,5,1.0,6,75108,M,,,75
201300051349,13,3,27,1920,5,2,1,1.0,6,75108,M,,,75
201300051350,13,3,27,2000,5,2,7,1.0,3,75108,M,,,75
201300051351,13,3,28,1625,1,2,5,1.0,6,75108,M,,,75
201300051352,13,3,28,2315,5,2,5,1.0,3,75108,M,,,75
201300051353,13,3,30,1,5,2,1,1.0,7,75108,M,,,75
201300051354,13,3,30,815,1,2,2,8.0,2,75108,M,,,75
201300051355,13,3,30,1300,1,2,2,8.0,3,75108,M,,,75
201300051356,13,4,1,1815,1,2,2,1.0,3,75108,M,,,75
201300051357,13,4,2,1850,1,2,1,1.0,3,75108,M,,,75
201300051358,13,4,3,2325,5,2,5,1.0,6,75108,M,,,75
201300051359,13,4,4,930,1,2,7,1.0,5,75108,M,,,75
201300051360,13,4,3,2150,5,2,2,1.0,3,75108,M,,,75
201300051361,13,4,4,1845,1,2,3,1.0,6,75108,M,,,75
201300051362,13,4,7,332,4,2,1,1.0,6,75108,M,,,75
201300051363,13,4,7,825,1,2,7,1.0,2,75108,M,,,75
201300051364,13,4,7,1500,1,2,7,1.0,3,75108,M,,,75
201300051365,13,4,8,910,1,2,1,1.0,2,75108,M,,,75
201300051366,13,4,9,1800,1,2,1,2.0,7,75116,M,,,75
201300051367,13,4,9,1930,1,2,7,1.0,7,75108,M,,,75
201300051368,13,4,9,1930,1,2,2,8.0,3,75108,M,,,75
201300051369,13,4,10,1412,1,2,7,8.0,3,75108,M,,,75
201300051370,13,4,10,1812,1,2,5,2.0,6,75108,M,,,75
201300051371,13,4,10,2100,5,2,3,2.0,7,75108,M,,,75
201300051372,13,4,11,1645,1,2,7,2.0,2,75108,M,,,75
201300051373,13,4,12,100,5,2,5,1.0,6,75108,M,,,75
201300051374,13,4,12,1615,1,2,5,8.0,6,75108,M,,,75
201300051375,13,4,13,230,5,2,1,1.0,6,75108,M,,,75
201300051376,13,4,13,2133,5,2,4,3.0,7,75108,M,,,75
201300051377,13,4,14,1025,1,2,1,1.0,6,75108,M,,,75
201300051378,13,4,14,1650,1,2,4,1.0,2,75108,M,,,75
201300051379,13,4,15,100,5,2,4,1.0,6,75108,M,,,75
201300051380,13,4,15,615,5,2,2,1.0,6,75108,M,,,75
201300051381,13,4,15,1505,1,2,2,1.0,3,75108,M,,,75
201300051382,13,4,15,2115,5,2,5,1.0,3,75108,M,,,75
201300051383,13,4,16,2135,2,2,7,1.0,6,75108,M,,,75
201300051384,13,4,18,1330,1,2,2,1.0,6,75108,M,,,75
201300051385,13,4,19,1142,1,2,1,1.0,6,75108,M,,,75
201300051386,13,4,19,1730,1,2,1,1.0,4,75108,M,,,75
201300051387,13,4,21,155,5,2,7,1.0,3,75108,M,,,75
201300051388,13,4,21,1600,1,2,5,1.0,6,75108,M,,,75
201300051389,13,4,22,1015,1,2,7,1.0,2,75108,M,,,75
201300051390,13,4,22,1510,1,2,3,1.0,6,75108,M,,,75
201300051391,13,4,22,1555,1,2,1,1.0,3,75108,M,,,75
201300051392,13,4,22,1350,1,2,1,1.0,6,75108,M,,,75
201300051393,13,4,25,1455,1,2,2,1.0,3,75108,M,,,75
201300051394,13,4,26,300,5,2,7,1.0,3,75108,M,,,75
201300051395,13,4,30,1150,1,2,3,1.0,2,75108,M,,,75
201300051396,13,4,30,2010,1,2,1,2.0,3,75108,M,,,75
201300051397,13,5,1,410,5,2,5,1.0,6,75108,M,,,75
201300051398,13,5,2,830,1,2,7,8.0,3,75108,M,,,75
201300051399,13,5,4,2010,1,2,5,1.0,6,75108,M,,,75
201300051400,13,5,6,1045,1,2,1,3.0,7,75108,M,,,75
201300051401,13,5,7,1400,1,2,7,1.0,6,75108,M,,,75
201300051402,13,5,10,30,5,2,3,1.0,3,75108,M,,,75
201300051403,13,5,11,315,5,2,1,1.0,6,75108,M,,,75
201300051404,13,5,11,2150,5,2,3,2.0,1,75108,M,,,75
201300051405,13,5,12,510,4,2,7,1.0,6,75108,M,,,75
201300051406,13,5,12,1715,1,2,2,1.0,3,75108,M,,,75
201300051407,13,5,13,845,1,2,1,1.0,3,75117,M,,,75
201300051408,13,5,13,2000,1,2,1,1.0,6,75108,M,,,75
201300051409,13,5,14,1000,1,2,2,1.0,3,75108,M,,,75
201300051410,13,5,14,1220,1,2,1,1.0,4,75108,M,,,75
201300051411,13,5,14,1310,1,2,1,1.0,4,75108,M,,,75
201300051412,13,5,15,1230,1,2,2,1.0,7,75108,M,,,75
201300051413,13,5,15,1435,1,2,4,1.0,2,75108,M,,,75
201300051414,13,5,15,1720,1,2,1,1.0,6,75108,M,,,75
201300051415,13,5,16,1530,1,2,1,1.0,3,75108,M,,,75
201300051416,13,5,16,1615,1,2,1,3.0,3,75108,M,,,75
201300051417,13,5,16,1630,1,2,5,3.0,3,75108,M,,,75
201300051418,13,5,16,1820,1,2,2,1.0,6,75108,M,,,75
201300051419,13,5,16,1315,1,2,5,2.0,3,75108,M,,,75
201300051420,13,5,17,900,1,2,4,1.0,6,75108,M,,,75
201300051421,13,5,18,1945,2,2,4,3.0,2,75108,M,,,75
201300051422,13,5,20,10,5,2,4,3.0,3,75117,M,,,75
201300051423,13,5,20,1645,2,2,7,3.0,3,75108,M,,,75
201300051424,13,5,21,930,1,2,7,3.0,7,75108,M,,,75
201300051425,13,5,21,932,1,2,1,2.0,6,75108,M,,,75
201300051426,13,5,22,400,5,2,2,1.0,6,75108,M,,,75
201300051427,13,5,22,1145,1,2,4,1.0,3,75108,M,,,75
201300051428,13,5,22,1746,1,2,2,1.0,6,75108,M,,,75
201300051429,13,5,24,1215,1,2,1,2.0,6,75108,M,,,75
201300051430,13,5,24,1530,1,2,2,2.0,6,75108,M,,,75
201300051431,13,5,25,1620,1,2,1,1.0,2,75108,M,,,75
201300051432,13,5,27,910,1,2,1,1.0,2,75108,M,,,75
201300051433,13,5,28,15,5,2,2,1.0,4,75108,M,,,75
201300051434,13,5,28,1130,1,2,1,2.0,6,75108,M,,,75
201300051435,13,5,28,1920,1,2,7,1.0,2,75108,M,,,75
201300051436,13,5,29,1810,1,2,2,1.0,3,75108,M,,,75
201300051437,13,5,30,645,1,2,7,3.0,2,75108,M,,,75
201300051438,13,5,30,1915,1,2,7,2.0,7,75108,M,,,75
201300051439,13,6,3,1355,1,2,1,1.0,2,75108,M,,,75
201300051440,13,6,3,1730,1,2,5,1.0,6,75108,M,,,75
201300051441,13,6,4,1030,1,2,1,1.0,3,75108,M,,,75
201300051442,13,6,4,1750,1,2,4,1.0,3,75108,M,,,75
201300051443,13,6,5,917,1,2,7,1.0,6,75108,M,,,75
201300051444,13,6,5,1120,1,2,7,1.0,6,75101,M,,,75
201300051445,13,6,7,1450,1,2,2,1.0,6,75108,M,,,75
201300051446,13,6,9,730,1,2,1,2.0,6,75108,M,,,75
201300051447,13,6,10,1740,1,2,1,1.0,2,75108,M,,,75
201300051448,13,6,11,1200,1,2,1,1.0,3,75108,M,,,75
201300051449,13,6,12,1515,1,2,2,1.0,6,75108,M,,,75
201300051450,13,6,12,2115,2,2,2,1.0,3,75108,M,,,75
201300051451,13,6,14,1930,1,2,7,1.0,5,75108,M,,,75
201300051452,13,6,17,1530,1,2,7,1.0,1,75108,M,,,75
201300051453,13,6,15,2100,1,2,2,1.0,6,75108,M,,,75
201300051454,13,6,19,1610,1,2,3,1.0,2,75108,M,,,75
201300051455,13,6,20,830,1,2,2,8.0,7,75108,M,,,75
201300051456,13,6,20,745,1,2,2,2.0,1,75108,M,,,75
201300051457,13,6,20,1115,1,2,2,8.0,3,75108,M,,,75
201300051458,13,6,20,1335,1,2,7,1.0,7,75108,M,,,75
201300051459,13,6,20,1505,1,2,3,1.0,6,75108,M,,,75
201300051460,13,6,21,825,1,2,1,1.0,6,75108,M,,,75
201300051461,13,6,21,1820,1,2,7,1.0,2,75108,M,,,75
201300051462,13,6,24,1135,1,2,2,1.0,2,75108,M,,,75
201300051463,13,6,25,100,5,2,3,1.0,2,75108,M,,,75
201300051464,13,6,25,1640,1,2,5,3.0,6,75108,M,,,75
201300051465,13,6,26,1442,1,2,7,1.0,3,75108,M,,,75
201300051466,13,6,27,825,1,2,4,2.0,1,75108,M,,,75
201300051467,13,6,27,1640,1,2,7,1.0,2,75108,M,,,75
201300051468,13,6,27,2045,1,2,7,1.0,7,75108,M,,,75
201300051469,13,6,28,720,1,2,3,2.0,2,75108,M,,,75
201300051470,13,6,28,2300,5,2,7,2.0,6,75108,M,,,75
201300051471,13,6,29,835,1,2,1,2.0,6,75108,M,,,75
201300051472,13,6,29,1835,1,2,7,1.0,6,75108,M,,,75
201300051473,13,6,30,830,1,2,1,1.0,2,75108,M,,,75
201300051474,13,6,30,2100,1,2,2,1.0,6,75101,M,,,75
201300051475,13,7,1,1045,1,2,5,1.0,3,75108,M,,,75
201300051476,13,7,2,1150,1,2,1,1.0,3,75108,M,,,75
201300051477,13,7,1,2150,2,2,2,1.0,3,75108,M,,,75
201300051478,13,7,2,1950,1,2,5,1.0,3,75108,M,,,75
201300051479,13,7,3,1305,1,2,2,1.0,3,75108,M,,,75
201300051480,13,7,3,1500,1,2,7,1.0,3,75108,M,,,75
201300051481,13,7,4,900,1,2,3,1.0,3,75108,M,,,75
201300051482,13,7,5,1020,1,2,2,1.0,2,75108,M,,,75
201300051483,13,7,5,1500,1,2,7,1.0,6,75108,M,,,75
201300051484,13,7,6,1345,1,2,2,1.0,2,75108,M,,,75
201300051485,13,7,6,1630,1,2,7,1.0,6,75108,M,,,75
201300051486,13,7,8,940,1,2,2,1.0,3,75108,M,,,75
201300051487,13,7,8,1745,1,2,3,1.0,6,75108,M,,,75
201300051488,13,7,8,2030,1,2,7,1.0,6,75108,M,,,75
201300051489,13,7,9,910,1,2,1,1.0,6,75108,M,,,75
201300051490,13,7,9,1635,1,2,2,1.0,3,75108,M,,,75
201300051491,13,7,9,2045,1,2,2,1.0,3,75108,M,,,75
201300051492,13,7,10,915,1,2,7,1.0,3,75108,M,,,75
201300051493,13,7,10,1500,1,2,4,1.0,3,75108,M,,,75
201300051494,13,7,10,1550,1,2,3,1.0,6,75108,M,,,75
201300051495,13,7,10,1520,1,2,3,1.0,2,75108,M,,,75
201300051496,13,7,11,845,1,2,3,1.0,3,75108,M,,,75
201300051497,13,7,11,1350,1,2,7,1.0,2,75108,M,,,75
201300051498,13,7,11,1730,1,2,1,1.0,2,75108,M,,,75
201300051499,13,7,12,835,1,2,4,1.0,6,75108,M,,,75
201300051500,13,7,12,1300,1,2,1,1.0,3,75108,M,,,75
201300051501,13,7,11,2010,1,2,1,1.0,2,75108,M,,,75
201300051502,13,7,14,1330,1,2,7,1.0,6,75108,M,,,75
201300051503,13,7,14,2325,5,2,1,1.0,6,75108,M,,,75
201300051504,13,7,15,1230,1,2,5,1.0,3,75108,M,,,75
201300051505,13,7,15,1800,1,2,2,1.0,3,75108,M,,,75
201300051506,13,7,16,935,1,2,3,1.0,6,75108,M,,,75
201300051507,13,7,16,1840,1,2,4,1.0,6,75108,M,,,75
201300051508,13,7,17,1700,1,2,7,1.0,2,75108,M,,,75
201300051509,13,7,19,1340,1,2,2,1.0,1,75108,M,,,75
201300051510,13,7,20,900,1,2,3,1.0,2,75108,M,,,75
201300051511,13,7,21,1704,1,2,5,1.0,6,75108,M,,,75
201300051512,13,7,22,1600,1,2,1,1.0,2,75108,M,,,75
201300051513,13,7,23,1400,1,2,1,3.0,6,75108,M,,,75
201300051514,13,7,25,1730,1,2,1,2.0,3,75108,M,,,75
201300051515,13,7,26,235,5,2,2,1.0,3,75108,M,,,75
201300051516,13,7,29,1220,1,2,2,1.0,4,75108,M,,,75
201300051517,13,7,29,1515,1,2,7,1.0,3,75108,M,,,75
201300051518,13,7,29,1300,1,2,7,1.0,2,75108,M,,,75
201300051519,13,8,1,1415,1,2,1,1.0,7,75108,M,,,75
201300051520,13,8,1,2100,2,2,7,1.0,3,75108,M,,,75
201300051521,13,8,2,1530,1,2,1,1.0,6,75108,M,,,75
201300051522,13,8,2,1730,1,2,7,1.0,6,75108,M,,,75
201300051523,13,8,6,1700,1,2,5,1.0,6,75108,M,,,75
201300051524,13,8,6,2300,5,2,1,1.0,2,75108,M,,,75
201300051525,13,8,7,230,5,2,1,1.0,6,75108,M,,,75
201300051526,13,8,8,904,1,2,7,1.0,3,75108,M,,,75
201300051527,13,8,10,100,5,2,3,1.0,3,75108,M,,,75
201300051528,13,8,10,1425,1,2,2,1.0,6,75108,M,,,75
201300051529,13,8,12,940,1,2,7,1.0,2,75108,M,,,75
201300051530,13,8,12,1630,1,2,1,1.0,2,75101,M,,,75
201300051531,13,8,14,1505,1,2,5,1.0,3,75108,M,,,75
201300051532,13,8,15,1910,1,2,1,1.0,4,75108,M,,,75
201300051533,13,8,16,1020,1,2,2,1.0,3,75108,M,,,75
201300051534,13,8,18,1945,1,2,1,1.0,2,75116,M,,,75
201300051535,13,8,19,420,5,2,7,1.0,3,75108,M,,,75
201300051536,13,8,20,1030,1,2,7,1.0,7,75108,M,,,75
201300051537,13,8,20,1515,1,2,7,1.0,2,75108,M,,,75
201300051538,13,8,21,1200,1,2,2,1.0,1,75108,M,,,75
201300051539,13,8,23,1620,1,2,2,1.0,2,75108,M,,,75
201300051540,13,8,23,1725,1,2,2,1.0,2,75108,M,,,75
201300051541,13,8,23,2020,1,2,7,1.0,2,75108,M,,,75
201300051542,13,8,25,150,5,2,3,2.0,1,75108,M,,,75
201300051543,13,8,25,201,5,2,5,3.0,5,75108,M,,,75
201300051544,13,8,25,1735,2,2,7,2.0,3,75108,M,,,75
201300051545,13,8,27,20,5,2,1,1.0,7,75108,M,,,75
201300051546,13,8,28,910,1,2,7,1.0,3,75108,M,,,75
201300051547,13,8,29,1500,1,2,1,1.0,6,75108,M,,,75
201300051548,13,8,30,2305,5,2,1,1.0,6,75108,M,,,75
201300051549,13,8,31,150,5,2,7,1.0,3,75108,M,,,75
201300051550,13,8,31,1345,1,2,7,1.0,3,75108,M,,,75
201300051551,13,9,1,610,5,2,1,1.0,6,75108,M,,,75
201300051552,13,9,2,2115,5,2,3,1.0,6,75108,M,,,75
201300051553,13,9,3,2215,5,2,2,1.0,3,75108,M,,,75
201300051554,13,9,4,1800,1,2,2,7.0,4,75108,M,,,75
201300051555,13,9,4,1925,1,2,7,1.0,3,75108,M,,,75
201300051556,13,9,5,1025,1,2,2,1.0,3,75108,M,,,75
201300051557,13,9,5,2340,5,2,1,1.0,3,75108,M,,,75
201300051558,13,9,6,640,2,2,1,1.0,7,75108,M,,,75
201300051559,13,9,6,1155,1,2,7,2.0,2,75108,M,,,75
201300051560,13,9,7,510,5,2,2,1.0,6,75108,M,,,75
201300051561,13,9,8,2130,5,2,7,1.0,6,75108,M,,,75
201300051562,13,9,9,930,1,2,2,1.0,2,75108,M,,,75
201300051563,13,9,10,900,1,2,7,1.0,2,75108,M,,,75
201300051564,13,9,10,1925,1,2,1,1.0,6,75108,M,,,75
201300051565,13,9,12,935,1,2,1,1.0,6,75108,M,,,75
201300051566,13,9,12,1755,1,2,1,1.0,2,75108,M,,,75
201300051567,13,9,13,1625,1,2,1,1.0,5,75108,M,,,75
201300051568,13,9,14,1910,2,2,1,2.0,2,75108,M,,,75
201300051569,13,9,16,1100,1,2,1,1.0,6,75108,M,,,75
201300051570,13,9,16,2100,5,2,1,2.0,7,75108,M,,,75
201300051571,13,9,18,1000,1,2,2,1.0,2,75108,M,,,75
201300051572,13,9,19,710,2,2,2,1.0,1,75108,M,,,75
201300051573,13,9,18,1530,1,2,3,2.0,7,75108,M,,,75
201300051574,13,9,21,20,5,2,7,1.0,5,75108,M,,,75
201300051575,13,9,24,2025,5,2,5,1.0,6,75108,M,,,75
201300051576,13,9,25,915,1,2,3,1.0,2,75108,M,,,75
201300051577,13,9,25,1015,1,2,1,1.0,6,75108,M,,,75
201300051578,13,9,25,1035,1,2,1,1.0,2,75108,M,,,75
201300051579,13,9,26,845,1,2,2,1.0,3,75108,M,,,75
201300051580,13,9,26,1045,1,2,7,1.0,2,75108,M,,,75
201300051581,13,9,26,1450,1,2,2,1.0,2,75108,M,,,75
201300051582,13,9,26,1700,1,2,2,1.0,2,75108,M,,,75
201300051583,13,9,27,2030,2,2,4,1.0,7,75108,M,,,75
201300051584,13,9,27,2000,2,2,1,1.0,3,75108,M,,,75
201300051585,13,9,29,10,5,2,3,3.0,6,75108,M,,,75
201300051586,13,10,1,650,5,2,2,1.0,3,75108,M,,,75
201300051587,13,10,2,1445,1,2,3,1.0,3,75108,M,,,75
201300051588,13,10,2,1800,1,2,1,1.0,2,75108,M,,,75
201300051589,13,10,3,1835,1,2,2,8.0,6,75108,M,,,75
201300051590,13,10,3,2305,5,2,2,3.0,6,75108,M,,,75
201300051591,13,10,4,2215,5,2,7,1.0,3,75108,M,,,75
201300051592,13,10,5,1830,1,2,7,1.0,1,75108,M,,,75
201300051593,13,10,6,40,5,2,7,1.0,3,75108,M,,,75
201300051594,13,10,6,1940,5,2,1,1.0,6,75108,M,,,75
201300051595,13,10,7,2145,5,2,2,1.0,3,75108,M,,,75
201300051596,13,10,11,1145,1,2,7,2.0,3,75108,M,,,75
201300051597,13,10,11,1815,2,2,1,8.0,3,75108,M,,,75
201300051598,13,10,12,2030,5,2,1,8.0,2,75108,M,,,75
201300051599,13,10,13,1345,1,2,7,1.0,6,75108,M,,,75
201300051600,13,10,14,1930,5,2,7,2.0,3,75108,M,,,75
201300051601,13,10,15,815,1,2,7,1.0,3,75108,M,,,75
201300051602,13,10,16,800,1,2,2,1.0,6,75108,M,,,75
201300051603,13,10,16,1915,5,2,7,2.0,3,75108,M,,,75
201300051604,13,10,17,1950,5,2,7,1.0,6,75108,M,,,75
201300051605,13,10,17,2200,5,2,3,1.0,6,75108,M,,,75
201300051606,13,10,21,1800,1,2,2,1.0,3,75108,M,,,75
201300051607,13,10,23,1525,1,2,1,1.0,2,75108,M,,,75
201300051608,13,10,23,1930,5,2,1,8.0,2,75108,M,,,75
201300051609,13,10,24,1720,1,2,5,1.0,1,75108,M,,,75
201300051610,13,10,24,2320,5,2,2,1.0,3,75108,M,,,75
201300051611,13,10,26,1455,1,2,1,1.0,2,75108,M,,,75
201300051612,13,10,29,1400,1,2,1,1.0,3,75108,M,,,75
201300051613,13,10,29,1705,1,2,1,2.0,6,75108,M,,,75
201300051614,13,10,30,900,1,2,2,1.0,3,75108,M,,,75
201300051615,13,10,31,1230,1,2,7,1.0,7,75108,M,,,75
201300051616,13,10,31,2030,5,2,7,2.0,3,75108,M,,,75
201300051617,13,11,1,2200,5,2,7,2.0,3,75108,M,,,75
201300051618,13,11,2,1830,5,2,7,1.0,3,75108,M,,,75
201300051619,13,11,4,1005,1,2,4,1.0,3,75108,M,,,75
201300051620,13,11,4,1220,1,2,1,1.0,3,75108,M,,,75
201300051621,13,11,4,1800,5,2,2,1.0,6,75108,M,,,75
201300051622,13,11,5,810,1,2,4,2.0,2,75108,M,,,75
201300051623,13,11,7,57,5,2,2,2.0,3,75108,M,,,75
201300051624,13,11,7,1045,1,2,7,8.0,4,75108,M,,,75
201300051625,13,11,8,1824,5,2,1,2.0,7,75116,M,,,75
201300051626,13,11,11,1,5,2,7,1.0,3,75108,M,,,75
201300051627,13,11,12,945,1,2,2,2.0,7,75108,M,,,75
201300051628,13,11,12,2320,5,2,2,2.0,6,75108,M,,,75
201300051629,13,11,13,910,1,2,1,1.0,2,75108,M,,,75
201300051630,13,11,13,1210,1,2,4,1.0,6,75108,M,,,75
201300051631,13,11,14,850,1,2,1,2.0,2,75108,M,,,75
201300051632,13,11,15,2325,5,2,7,1.0,4,75108,M,,,75
201300051633,13,11,15,1900,2,2,2,1.0,3,75108,M,,,75
201300051634,13,11,16,1,5,2,1,1.0,2,75108,M,,,75
201300051635,13,11,16,308,5,2,2,1.0,3,75108,M,,,75
201300051636,13,11,17,305,5,2,1,1.0,6,75108,M,,,75
201300051637,13,11,18,1020,1,2,1,1.0,7,75108,M,,,75
201300051638,13,11,21,1020,1,2,1,2.0,7,75117,M,,,75
201300051639,13,11,21,2025,5,2,7,2.0,2,75108,M,,,75
201300051640,13,11,21,2228,5,2,7,2.0,6,75108,M,,,75
201300051641,13,11,22,2018,5,2,3,1.0,6,75108,M,,,75
201300051642,13,11,25,1840,5,2,1,1.0,2,75108,M,,,75
201300051643,13,11,25,2115,5,2,3,1.0,6,75108,M,,,75
201300051644,13,11,26,1030,1,2,1,1.0,6,75108,M,,,75
201300051645,13,11,26,1730,5,2,7,1.0,3,75116,M,,,75
201300051646,13,11,26,1930,3,2,1,1.0,2,75108,M,,,75
201300051647,13,11,27,900,1,2,7,1.0,2,75108,M,,,75
201300051648,13,11,27,1220,1,2,1,1.0,6,75108,M,,,75
201300051649,13,11,28,1215,1,2,1,1.0,6,75108,M,,,75
201300051650,13,11,28,1900,5,2,2,2.0,7,75108,M,,,75
201300051651,13,11,28,2340,5,2,7,1.0,3,75108,M,,,75
201300051652,13,11,29,820,1,2,2,1.0,6,75108,M,,,75
201300051653,13,11,29,1810,5,2,2,2.0,3,75108,M,,,75
201300051654,13,11,30,2329,5,2,2,2.0,2,75108,M,,,75
201300051655,13,11,30,1740,5,2,1,1.0,7,75108,M,,,75
201300051656,13,12,1,730,5,2,2,1.0,3,75108,M,,,75
201300051657,13,12,2,1155,1,2,1,1.0,2,75108,M,,,75
201300051658,13,12,2,1245,1,2,1,1.0,6,75108,M,,,75
201300051659,13,12,3,1330,1,2,1,1.0,6,75108,M,,,75
201300051660,13,12,3,1820,5,2,2,1.0,6,75108,M,,,75
201300051661,13,12,5,1600,1,2,2,1.0,3,75108,M,,,75
201300051662,13,12,6,1010,1,2,5,1.0,6,75108,M,,,75
201300051663,13,12,6,1330,1,2,1,1.0,6,75108,M,,,75
201300051664,13,12,7,1235,1,2,1,1.0,3,75108,M,,,75
201300051665,13,12,7,1625,2,2,1,1.0,3,75108,M,,,75
201300051666,13,12,8,500,5,2,1,1.0,6,75108,M,,,75
201300051667,13,12,9,1300,1,2,7,1.0,6,75108,M,,,75
201300051668,13,12,9,1920,5,2,1,1.0,6,75108,M,,,75
201300051669,13,12,10,1115,1,2,2,1.0,3,75108,M,,,75
201300051670,13,12,12,1505,1,2,2,1.0,5,75108,M,,,75
201300051671,13,12,13,1845,5,2,7,2.0,7,75108,M,,,75
201300051672,13,12,14,310,5,2,7,1.0,3,75108,M,,,75
201300051673,13,12,14,945,1,2,1,1.0,7,75108,M,,,75