Num_Acc,an,mois,jour,hrmn,lum,agg,int,atm,col,com,gps,lat,long,dep
201300051674,13,12,14,1245,1,2,7,1.0,6,75108,M,,,75
201300051675,13,12,17,1130,1,2,3,1.0,2,75108,M,,,75
201300051676,13,12,17,1700,5,2,3,1.0,3,75108,M,,,75
201300051677,13,12,17,1945,5,2,7,1.0,2,75108,M,,,75
201300051678,13,12,18,1740,5,2,2,1.0,3,75108,M,,,75
201300051679,13,12,20,955,1,2,4,1.0,3,75108,M,,,75
201300051680,13,12,20,1200,1,2,1,1.0,5,75108,M,,,75
201300051681,13,12,21,1445,1,2,1,1.0,2,75108,M,,,75
201300051682,13,12,22,140,5,2,7,9.0,3,75108,M,,,75
201300051683,13,12,22,130,5,2,7,1.0,4,75108,M,,,75
201300051684,13,12,22,1715,5,2,2,2.0,6,75108,M,,,75
201300051685,13,12,24,950,1,2,2,6.0,7,75116,M,,,75
201300051686,13,12,24,1610,2,2,1,3.0,6,75108,M,,,75
201300051687,13,12,26,1530,1,2,3,1.0,3,75108,M,,,75
201300051688,13,12,28,120,5,2,5,3.0,3,75108,M,,,75
201300051689,13,12,28,440,5,2,1,3.0,6,75108,M,,,75
201300051690,13,12,28,1250,1,2,7,1.0,3,75108,M,,,75
201300051691,13,12,29,2010,5,2,1,1.0,7,75108,M,,,75
201300051692,13,12,30,1210,1,2,1,1.0,3,75108,M,,,75
201300051693,13,12,30,1800,5,2,2,2.0,2,75108,M,,,75
201300051694,13,12,31,1000,1,2,2,1.0,3,75108,M,,,75
201300051695,13,12,31,1410,1,2,2,1.0,3,75108,M,,,75
201300051696,13,1,2,640,5,2,2,1.0,3,75109,M,,,75
201300051697,13,1,7,830,1,2,3,1.0,6,75109,M,,,75
201300051698,13,1,8,920,1,2,2,1.0,6,75109,M,,,75
201300051699,13,1,9,29,5,2,2,1.0,6,75109,M,,,75
201300051700,13,1,9,1111,1,2,2,1.0,3,75109,M,,,75
201300051701,13,1,10,1409,1,2,5,2.0,6,75109,M,,,75
201300051702,13,1,17,1648,1,2,1,1.0,6,75109,M,,,75
201300051703,13,1,16,2345,5,2,1,1.0,7,75109,M,,,75
201300051704,13,1,18,100,5,2,5,1.0,7,75109,M,,,75
201300051705,13,1,18,1405,1,2,7,1.0,6,75109,M,,,75
201300051706,13,1,24,2010,5,2,1,1.0,6,75109,M,,,75
201300051707,13,1,25,1520,1,2,2,1.0,6,75109,M,,,75
201300051708,13,1,25,2130,5,2,7,1.0,5,75102,M,,,75
201300051709,13,1,26,2055,5,2,1,1.0,6,75109,M,,,75
201300051710,13,1,29,2120,5,2,7,8.0,7,75109,M,,,75
201300051711,13,1,30,1820,2,2,2,1.0,6,75109,M,,,75
201300051712,13,1,31,1900,5,2,4,1.0,6,75109,M,,,75
201300051713,13,2,1,1920,5,2,2,1.0,6,75116,M,,,75
201300051714,13,2,7,740,2,2,2,2.0,3,75109,M,,,75
201300051715,13,2,7,915,1,2,1,1.0,2,75102,M,,,75
201300051716,13,2,8,930,1,2,5,1.0,6,75109,M,,,75
201300051717,13,2,9,1000,1,2,7,1.0,6,75109,M,,,75
201300051718,13,2,12,1205,1,2,3,1.0,3,75109,M,,,75
201300051719,13,2,12,1935,5,2,1,1.0,6,75109,M,,,75
201300051720,13,2,13,1125,1,2,1,1.0,7,75109,M,,,75
201300051721,13,2,21,1440,1,2,7,1.0,6,75109,M,,,75
201300051722,13,2,26,1405,1,2,1,1.0,2,75109,M,,,75
201300051723,13,2,26,2250,5,2,2,1.0,3,75109,M,,,75
201300051724,13,2,23,2000,2,2,3,8.0,3,75109,M,,,75
201300051725,13,2,28,1955,5,2,4,1.0,2,75109,M,,,75
201300051726,13,3,1,615,5,2,3,1.0,2,75109,M,,,75
201300051727,13,3,9,1750,1,2,1,1.0,6,75109,M,,,75
201300051728,13,3,9,2220,5,2,5,1.0,7,75109,M,,,75
201300051729,13,3,11,1015,1,2,1,2.0,3,75109,M,,,75
201300051730,13,3,13,1808,1,2,1,8.0,6,75109,M,,,75
201300051731,13,3,14,2025,5,2,7,1.0,4,75109,M,,,75
201300051732,13,3,15,855,1,2,2,1.0,7,75109,M,,,75
201300051733,13,3,15,1010,1,2,5,1.0,2,75109,M,,,75
201300051734,13,3,15,1325,1,2,7,1.0,6,75109,M,,,75
201300051735,13,3,22,1615,1,2,5,1.0,2,75109,M,,,75
201300051736,13,3,25,1435,1,2,2,1.0,6,75109,M,,,75
201300051737,13,3,26,1055,1,2,1,1.0,6,75109,M,,,75
201300051738,13,3,26,1750,1,2,1,8.0,6,75109,M,,,75
201300051739,13,3,29,105,5,2,3,1.0,6,75109,M,,,75
201300051740,13,3,30,2340,5,2,1,1.0,7,75109,M,,,75
201300051741,13,4,2,1730,1,2,5,1.0,3,75109,M,,,75
201300051742,13,4,4,1815,1,2,5,2.0,3,75109,M,,,75
201300051743,13,4,6,1015,1,2,2,1.0,3,75109,M,,,75
201300051744,13,4,8,1750,1,2,1,1.0,6,75109,M,,,75
201300051745,13,4,10,1950,5,2,3,2.0,7,75109,M,,,75
201300051746,13,4,12,1740,1,2,7,3.0,2,75109,M,,,75
201300051747,13,4,15,850,1,2,5,2.0,6,75109,M,,,75
201300051748,13,4,17,1257,1,2,7,1.0,6,75109,M,,,75
201300051749,13,4,17,1510,1,2,2,1.0,6,75109,M,,,75
201300051750,13,4,17,1515,1,2,5,1.0,3,75109,M,,,75
201300051751,13,4,22,1915,1,2,1,1.0,4,75109,M,,,75
201300051752,13,4,24,1745,1,2,3,1.0,6,75109,M,,,75
201300051753,13,4,26,1703,1,2,7,2.0,6,75109,M,,,75
201300051754,13,4,29,1515,1,2,3,1.0,6,75109,M,,,75
201300051755,13,5,1,1615,1,2,3,8.0,3,75109,M,,,75
201300051756,13,5,2,1035,1,2,2,1.0,3,75109,M,,,75
201300051757,13,5,2,1815,1,2,1,1.0,6,75109,M,,,75
201300051758,13,5,6,1653,1,2,5,1.0,3,75109,M,,,75
201300051759,13,5,12,15,5,2,4,1.0,3,75109,M,,,75
201300051760,13,5,13,1900,1,2,5,1.0,3,75109,M,,,75
201300051761,13,5,14,1540,1,2,7,1.0,6,75109,M,,,75
201300051762,13,5,15,55,5,2,2,8.0,7,75102,M,,,75
201300051763,13,5,16,658,2,2,2,1.0,3,75109,M,,,75
201300051764,13,5,16,1215,1,2,2,1.0,3,75109,M,,,75
201300051765,13,5,17,1835,1,2,5,1.0,6,75109,M,,,75
201300051766,13,5,20,2340,5,2,5,2.0,6,75109,M,,,75
201300051767,13,5,21,1830,1,2,5,1.0,3,75102,M,,,75
201300051768,13,5,23,1425,1,2,5,1.0,3,75109,M,,,75
201300051769,13,5,24,312,5,2,1,1.0,5,75109,M,,,75
201300051770,13,5,25,1115,1,2,1,1.0,5,75109,M,,,75
201300051771,13,5,24,2200,5,2,7,2.0,6,75109,M,,,75
201300051772,13,5,25,2000,1,2,2,2.0,6,75109,M,,,75
201300051773,13,5,26,930,1,2,7,1.0,2,75109,M,,,75
201300051774,13,5,27,1210,1,2,1,1.0,2,75109,M,,,75
201300051775,13,5,27,1630,1,2,5,1.0,6,75109,M,,,75
201300051776,13,5,29,1400,1,2,7,1.0,6,75109,M,,,75
201300051777,13,5,29,1730,1,2,2,1.0,3,75109,M,,,75
201300051778,13,6,3,1150,1,2,2,1.0,3,75101,M,,,75
201300051779,13,6,9,1608,1,2,5,2.0,7,75109,M,,,75
201300051780,13,6,10,1100,1,2,2,1.0,6,75109,M,,,75
201300051781,13,6,13,2000,1,2,5,1.0,3,75109,M,,,75
201300051782,13,6,14,2000,2,2,2,1.0,3,75109,M,,,75
201300051783,13,6,15,525,5,2,2,1.0,3,75109,M,,,75
201300051784,13,6,15,1615,1,2,1,1.0,6,75109,M,,,75
201300051785,13,6,17,950,1,2,5,3.0,1,75109,M,,,75
201300051786,13,6,18,1554,1,2,2,1.0,6,75109,M,,,75
201300051787,13,6,21,1335,1,2,3,1.0,6,75109,M,,,75
201300051788,13,6,21,1942,1,2,2,1.0,3,75109,M,,,75
201300051789,13,6,23,1220,1,2,3,1.0,3,75101,M,,,75
201300051790,13,6,25,2315,5,2,5,1.0,3,75109,M,,,75
201300051791,13,6,26,813,1,2,7,1.0,3,75109,M,,,75
201300051792,13,6,26,902,1,2,3,1.0,6,75109,M,,,75
201300051793,13,6,27,2100,1,2,3,1.0,2,75109,M,,,75
201300051794,13,6,30,1530,1,2,5,1.0,6,75109,M,,,75
201300051795,13,7,1,1730,1,2,2,1.0,7,75109,M,,,75
201300051796,13,7,3,945,1,2,3,2.0,2,75109,M,,,75
201300051797,13,7,3,2125,1,2,7,1.0,6,75109,M,,,75
201300051798,13,7,6,939,1,2,2,1.0,3,75109,M,,,75
201300051799,13,7,9,1637,1,2,3,1.0,6,75109,M,,,75
201300051800,13,7,9,1345,1,2,5,1.0,6,75109,M,,,75
201300051801,13,7,9,2115,5,2,5,1.0,2,75109,M,,,75
201300051802,13,7,12,1000,1,2,7,1.0,6,75109,M,,,75
201300051803,13,7,15,1655,1,2,7,1.0,3,75109,M,,,75
201300051804,13,7,11,552,5,2,2,1.0,3,75109,M,,,75
201300051805,13,7,19,1515,1,2,7,1.0,6,75109,M,,,75
201300051806,13,7,19,2142,2,2,7,1.0,6,75109,M,,,75
201300051807,13,7,22,1628,1,2,1,1.0,2,75109,M,,,75
201300051808,13,7,22,1545,1,2,7,1.0,2,75109,M,,,75
201300051809,13,7,23,235,5,2,1,1.0,6,75109,M,,,75
201300051810,13,7,25,1410,1,2,7,1.0,6,75109,M,,,75
201300051811,13,7,29,140,5,2,3,1.0,6,75109,M,,,75
201300051812,13,7,29,2005,1,2,7,1.0,6,75109,M,,,75
201300051813,13,8,6,955,1,2,7,1.0,3,75109,M,,,75
201300051814,13,8,8,240,5,2,5,1.0,3,75109,M,,,75
201300051815,13,8,13,830,1,2,3,1.0,3,75109,M,,,75
201300051816,13,8,17,1850,1,2,3,1.0,3,75109,M,,,75
201300051817,13,8,19,1835,1,2,1,1.0,3,75109,M,,,75
201300051818,13,8,22,1335,1,2,7,1.0,6,75109,M,,,75
201300051819,13,8,23,1525,1,2,1,1.0,6,75109,M,,,75
201300051820,13,8,30,1040,1,2,2,1.0,5,75109,M,,,75
201300051821,13,9,3,825,1,2,7,1.0,3,75109,M,,,75
201300051822,13,9,4,1850,1,2,5,1.0,7,75109,M,,,75
201300051823,13,9,4,1350,1,2,7,1.0,6,75109,M,,,75
201300051824,13,9,10,1535,1,2,3,2.0,6,75109,M,,,75
201300051825,13,9,11,2120,5,2,4,1.0,6,75109,M,,,75
201300051826,13,9,12,2130,5,2,1,8.0,7,75109,M,,,75
201300051827,13,9,14,2020,5,2,2,3.0,6,75109,M,,,75
201300051828,13,9,19,1435,1,2,1,1.0,2,75109,M,,,75
201300051829,13,9,19,2020,5,2,2,8.0,3,75109,M,,,75
201300051830,13,9,19,2145,5,2,2,1.0,3,75109,M,,,75
201300051831,13,9,22,2245,5,2,3,1.0,6,75109,M,,,75
201300051832,13,9,24,950,1,2,2,1.0,3,75109,M,,,75
201300051833,13,9,24,1209,1,2,2,1.0,7,75109,M,,,75
201300051834,13,9,27,1005,1,2,1,1.0,3,75109,M,,,75
201300051835,13,9,27,2130,5,2,1,1.0,6,75109,M,,,75
201300051836,13,9,28,2115,5,2,7,1.0,6,75109,M,,,75
201300051837,13,9,30,1845,1,2,5,1.0,3,75109,M,,,75
201300051838,13,10,3,957,1,2,1,1.0,2,75102,M,,,75
201300051839,13,10,6,1020,1,2,3,1.0,3,75109,M,,,75
201300051840,13,10,7,623,5,2,1,1.0,6,75109,M,,,75
201300051841,13,10,7,950,1,2,1,1.0,2,75109,M,,,75
201300051842,13,10,10,1220,1,2,3,1.0,4,75109,M,,,75
201300051843,13,10,11,1055,1,2,1,2.0,3,75109,M,,,75
201300051844,13,10,11,1430,1,2,1,1.0,2,75109,M,,,75
201300051845,13,10,11,2120,5,2,7,1.0,6,75109,M,,,75
201300051846,13,10,12,135,5,2,7,1.0,6,75109,M,,,75
201300051847,13,10,16,840,1,2,1,1.0,2,75109,M,,,75
201300051848,13,10,17,944,1,2,2,1.0,3,75109,M,,,75
201300051849,13,10,17,1505,1,2,1,1.0,7,75109,M,,,75
201300051850,13,10,22,2036,5,2,3,8.0,6,75109,M,,,75
201300051851,13,10,23,1520,1,2,1,1.0,6,75109,M,,,75
201300051852,13,10,24,835,1,2,2,1.0,3,75109,M,,,75
201300051853,13,10,28,915,1,2,5,8.0,2,75109,M,,,75
201300051854,13,10,29,930,1,2,7,1.0,2,75109,M,,,75
201300051855,13,10,30,1230,1,2,1,1.0,6,75109,M,,,75
201300051856,13,10,31,725,2,2,7,1.0,6,75109,M,,,75
201300051857,13,11,2,1435,1,2,5,1.0,2,75109,M,,,75
201300051858,13,11,4,716,1,2,1,1.0,6,75109,M,,,75
201300051859,13,11,7,1235,1,2,7,8.0,6,75109,M,,,75
201300051860,13,11,8,1655,5,2,3,2.0,6,75109,M,,,75
201300051861,13,11,9,115,5,2,1,1.0,6,75109,M,,,75
201300051862,13,11,11,445,5,2,2,1.0,3,75109,M,,,75
201300051863,13,11,10,2015,5,2,2,1.0,2,75117,M,,,75
201300051864,13,11,12,910,1,2,1,2.0,2,75109,M,,,75
201300051865,13,11,13,1150,1,2,3,1.0,6,75109,M,,,75
201300051866,13,11,13,2155,5,2,3,1.0,7,75109,M,,,75
201300051867,13,11,15,1340,1,2,5,1.0,6,75109,M,,,75
201300051868,13,11,16,355,5,2,2,1.0,6,75104,M,,,75
201300051869,13,11,16,1010,1,2,1,1.0,3,75109,M,,,75
201300051870,13,11,16,1905,5,2,2,1.0,6,75109,M,,,75
201300051871,13,11,19,200,5,2,1,1.0,6,75109,M,,,75
201300051872,13,11,21,815,1,2,7,2.0,6,75109,M,,,75
201300051873,13,11,22,2330,5,2,2,1.0,3,75109,M,,,75
201300051874,13,11,21,1725,2,2,2,2.0,6,75109,M,,,75
201300051875,13,11,25,1120,1,2,2,1.0,3,75108,M,,,75
201300051876,13,11,26,1805,5,2,1,1.0,7,75109,M,,,75
201300051877,13,11,29,1,5,2,2,1.0,3,75109,M,,,75
201300051878,13,11,30,1325,1,2,2,1.0,3,75109,M,,,75
201300051879,13,12,2,1430,1,2,5,1.0,6,75109,M,,,75
201300051880,13,12,4,2010,5,2,2,1.0,7,75109,M,,,75
201300051881,13,12,4,2330,5,2,7,2.0,3,75109,M,,,75
201300051882,13,12,6,1510,1,2,2,1.0,6,75109,M,,,75
201300051883,13,12,10,1445,1,2,2,1.0,3,75109,M,,,75
201300051884,13,12,11,935,1,2,1,1.0,2,75109,M,,,75
201300051885,13,12,12,1500,1,2,1,1.0,6,75109,M,,,75
201300051886,13,12,14,1500,1,2,1,1.0,3,75109,M,,,75
201300051887,13,12,16,2210,5,2,2,1.0,2,75109,M,,,75
201300051888,13,12,17,1410,1,2,1,1.0,3,75109,M,,,75
201300051889,13,12,20,215,5,2,1,1.0,7,75109,M,,,75
201300051890,13,12,21,1830,5,2,2,1.0,2,75109,M,,,75
201300051891,13,12,23,1115,1,2,5,1.0,3,75109,M,,,75
201300051892,13,12,29,1610,1,2,1,1.0,2,75109,M,,,75
201300051893,13,12,30,755,2,2,2,1.0,6,75109,M,,,75
201300051894,13,1,1,130,5,2,1,2.0,6,75110,M,,,75
201300051895,13,1,2,1945,5,2,2,1.0,6,75110,M,,,75
201300051896,13,1,9,1115,1,2,5,1.0,7,75110,M,,,75
201300051897,13,1,9,1730,5,2,4,2.0,6,75110,M,,,75
201300051898,13,1,10,1805,5,2,1,2.0,6,75110,M,,,75
201300051899,13,1,10,2105,5,2,5,8.0,3,75110,M,,,75
201300051900,13,1,11,2015,5,2,5,1.0,6,75110,M,,,75
201300051901,13,1,12,1615,1,2,7,8.0,6,75110,M,,,75
201300051902,13,1,13,1405,1,2,2,8.0,3,75110,M,,,75
201300051903,13,1,14,1140,1,2,3,1.0,2,75110,M,,,75
201300051904,13,1,15,800,5,2,4,2.0,3,75110,M,,,75
201300051905,13,1,15,1030,1,2,3,2.0,3,75110,M,,,75
201300051906,13,1,15,1255,1,2,3,2.0,6,75110,M,,,75
201300051907,13,1,15,1430,1,2,1,2.0,3,75110,M,,,75
201300051908,13,1,15,2030,5,2,5,4.0,6,75110,M,,,75
201300051909,13,1,17,1100,1,2,2,1.0,3,75110,M,,,75
201300051910,13,1,17,1450,1,2,1,1.0,6,75110,M,,,75
201300051911,13,1,17,220,5,2,1,1.0,6,75110,M,,,75
201300051912,13,1,19,210,5,2,2,4.0,7,75110,M,,,75
201300051913,13,1,21,1800,3,2,2,4.0,6,75110,M,,,75
201300051914,13,1,22,2100,5,2,2,2.0,7,75110,M,,,75
201300051915,13,1,23,1040,1,2,1,1.0,3,75110,M,,,75
201300051916,13,1,25,1600,1,2,4,8.0,3,75110,M,,,75
201300051917,13,1,28,1610,1,2,1,1.0,6,75110,M,,,75
201300051918,13,1,29,635,5,2,1,2.0,6,75110,M,,,75
201300051919,13,1,29,1040,1,2,5,2.0,6,75110,M,,,75
201300051920,13,1,30,820,1,2,1,2.0,3,75110,M,,,75
201300051921,13,1,30,1420,1,2,2,1.0,3,75110,M,,,75
201300051922,13,2,1,730,5,2,1,2.0,6,75110,M,,,75
201300051923,13,2,2,1850,5,2,3,8.0,3,75110,M,,,75
201300051924,13,2,2,2115,5,2,2,1.0,6,75110,M,,,75
201300051925,13,2,3,1300,1,2,1,1.0,2,75110,M,,,75
201300051926,13,2,3,2215,5,2,1,2.0,6,75110,M,,,75
201300051927,13,2,4,900,1,2,1,2.0,6,75110,M,,,75
201300051928,13,1,28,1105,1,2,1,1.0,7,75110,M,,,75
201300051929,13,2,5,2000,5,2,1,1.0,3,75110,M,,,75
201300051930,13,2,7,1415,1,2,2,1.0,6,75110,M,,,75
201300051931,13,2,7,2320,5,2,1,2.0,6,75110,M,,,75
201300051932,13,2,10,1920,5,2,1,4.0,6,75110,M,,,75
201300051933,13,2,12,1500,1,2,1,1.0,6,75110,M,,,75
201300051934,13,2,13,1540,1,2,5,1.0,6,75110,M,,,75
201300051935,13,2,14,1725,1,2,7,1.0,3,75110,M,,,75
201300051936,13,2,18,1320,1,2,2,1.0,6,75110,M,,,75
201300051937,13,2,19,935,1,2,5,1.0,2,75110,M,,,75
201300051938,13,2,21,630,5,2,1,1.0,2,75118,M,,,75
201300051939,13,2,21,805,1,2,1,1.0,7,75110,M,,,75
201300051940,13,2,21,1420,1,2,5,1.0,3,75110,M,,,75
201300051941,13,2,22,850,1,2,1,4.0,7,75110,M,,,75
201300051942,13,2,26,1645,1,2,1,8.0,6,75110,M,,,75
201300051943,13,3,1,150,5,2,1,1.0,6,75110,M,,,75
201300051944,13,3,1,2045,5,2,1,1.0,6,75110,M,,,75
201300051945,13,3,3,1125,1,2,1,1.0,2,75110,M,,,75
201300051946,13,3,3,1150,1,2,2,1.0,6,75110,M,,,75
201300051947,13,3,3,1210,1,2,2,1.0,1,75110,M,,,75
201300051948,13,3,4,1315,1,2,2,1.0,2,75110,M,,,75
201300051949,13,3,6,2210,5,2,5,1.0,3,75110,M,,,75
201300051950,13,3,8,1515,1,2,7,2.0,3,75110,M,,,75
201300051951,13,3,8,1935,5,2,4,2.0,7,75110,M,,,75
201300051952,13,3,10,845,1,2,1,8.0,6,75110,M,,,75
201300051953,13,3,11,2215,4,2,1,2.0,6,75110,M,,,75
201300051954,13,3,5,2315,5,2,3,1.0,3,75110,M,,,75
201300051955,13,3,16,115,5,2,1,1.0,6,75110,M,,,75
201300051956,13,3,16,350,5,2,1,1.0,6,75110,M,,,75
201300051957,13,3,16,1845,5,2,1,2.0,7,75110,M,,,75
201300051958,13,3,20,940,1,2,2,2.0,3,75110,M,,,75
201300051959,13,3,20,1410,1,2,2,1.0,6,75110,M,,,75
201300051960,13,3,20,2020,4,2,2,1.0,3,75110,M,,,75
201300051961,13,3,21,30,5,2,5,1.0,6,75110,M,,,75
201300051962,13,3,21,230,5,2,1,1.0,7,75110,M,,,75
201300051963,13,3,21,1835,2,2,2,1.0,6,75110,M,,,75
201300051964,13,3,22,105,5,2,3,1.0,6,75110,M,,,75
201300051965,13,3,24,50,5,2,2,1.0,6,75110,M,,,75
201300051966,13,3,27,1750,1,2,3,1.0,3,75110,M,,,75
201300051967,13,3,27,2320,5,2,2,1.0,1,75110,M,,,75
201300051968,13,3,29,950,1,2,2,1.0,3,75110,M,,,75
201300051969,13,3,29,1720,1,2,3,1.0,6,75110,M,,,75
201300051970,13,3,30,2300,5,2,2,1.0,1,75110,M,,,75
201300051971,13,4,5,1205,1,2,5,1.0,3,75110,M,,,75
201300051972,13,4,5,1505,1,2,1,1.0,3,75110,M,,,75
201300051973,13,4,6,1440,1,2,1,1.0,3,75110,M,,,75
201300051974,13,4,6,1940,3,2,5,1.0,6,75110,M,,,75
201300051975,13,4,7,150,5,2,4,1.0,6,75110,M,,,75
201300051976,13,4,11,1235,1,2,1,8.0,6,75110,M,,,75
201300051977,13,4,11,1530,1,2,1,1.0,6,75110,M,,,75
201300051978,13,4,13,2315,5,2,3,1.0,2,75110,M,,,75
201300051979,13,4,14,240,5,2,1,1.0,6,75110,M,,,75
201300051980,13,4,14,1530,1,2,1,1.0,6,75110,M,,,75
201300051981,13,4,15,1005,1,2,2,2.0,7,75110,M,,,75
201300051982,13,4,15,1910,1,2,5,1.0,2,75110,M,,,75
201300051983,13,4,17,1510,1,2,1,1.0,4,75110,M,,,75
201300051984,13,4,17,1735,1,2,3,1.0,3,75110,M,,,75
201300051985,13,4,18,10,5,2,1,1.0,7,75110,M,,,75
201300051986,13,4,18,1745,1,2,2,1.0,3,75110,M,,,75
201300051987,13,4,18,2020,2,2,5,1.0,2,75110,M,,,75
201300051988,13,4,20,1735,1,2,3,1.0,6,75110,M,,,75
201300051989,13,4,24,1425,1,2,1,1.0,3,75110,M,,,75
201300051990,13,4,25,1410,1,2,1,1.0,6,75110,M,,,75
201300051991,13,4,25,1650,1,2,7,1.0,6,75110,M,,,75
201300051992,13,4,27,45,5,2,1,1.0,6,75110,M,,,75
201300051993,13,4,27,2300,5,2,2,1.0,3,75110,M,,,75
201300051994,13,4,30,910,1,2,1,1.0,2,75110,M,,,75
201300051995,13,4,30,1355,1,2,3,1.0,7,75110,M,,,75
201300051996,13,5,1,735,1,2,2,1.0,2,75110,M,,,75
201300051997,13,5,1,1900,1,2,3,2.0,1,75110,M,,,75
201300051998,13,5,1,1945,2,2,7,2.0,6,75110,M,,,75
201300051999,13,5,2,1940,1,2,1,1.0,3,75110,M,,,75
201300052000,13,5,2,2030,5,2,2,1.0,3,75110,M,,,75
201300052001,13,5,3,2115,5,2,2,1.0,3,75110,M,,,75
201300052002,13,5,6,725,1,2,2,1.0,6,75110,M,,,75
201300052003,13,5,6,1745,1,2,1,1.0,6,75110,M,,,75
201300052004,13,5,8,100,5,2,5,1.0,6,75110,M,,,75
201300052005,13,5,8,2305,5,2,3,1.0,3,75110,M,,,75
201300052006,13,5,9,340,5,2,2,1.0,6,75110,M,,,75
201300052007,13,5,10,1930,1,2,1,1.0,3,75110,M,,,75
201300052008,13,5,11,1020,1,2,1,1.0,6,75110,M,,,75
201300052009,13,5,11,1820,1,2,1,1.0,6,75110,M,,,75
201300052010,13,5,11,2020,1,2,1,1.0,1,75110,M,,,75
201300052011,13,5,11,2225,5,2,2,1.0,3,75110,M,,,75
201300052012,13,5,14,1730,2,2,1,1.0,3,75110,M,,,75
201300052013,13,5,16,2000,1,2,3,1.0,3,75110,M,,,75
201300052014,13,5,17,1520,1,2,4,1.0,6,75111,M,,,75
201300052015,13,5,19,2030,5,2,5,3.0,7,75118,M,,,75
201300052016,13,5,21,1005,1,2,1,2.0,6,75110,M,,,75
201300052017,13,5,21,1340,1,2,4,2.0,5,75110,M,,,75
201300052018,13,5,20,2145,5,2,1,3.0,7,75110,M,,,75
201300052019,13,5,21,1450,1,2,2,1.0,3,75110,M,,,75
201300052020,13,5,21,1550,1,2,4,2.0,3,75110,M,,,75
201300052021,13,5,21,1605,1,2,2,1.0,6,75110,M,,,75
201300052022,13,5,22,1400,1,2,2,1.0,6,75110,M,,,75
201300052023,13,5,24,1350,1,2,1,2.0,6,75110,M,,,75
201300052024,13,5,24,1700,1,2,2,3.0,6,75110,M,,,75
201300052025,13,5,25,1510,1,2,7,8.0,2,75110,M,,,75
201300052026,13,5,26,2020,1,2,3,1.0,6,75110,M,,,75
201300052027,13,5,27,1730,1,2,1,1.0,6,75110,M,,,75
201300052028,13,5,28,1750,1,2,2,1.0,4,75110,M,,,75
201300052029,13,5,29,1135,1,2,2,1.0,7,75110,M,,,75
201300052030,13,5,29,1400,1,2,7,1.0,6,75110,M,,,75
201300052031,13,5,30,1020,1,2,3,2.0,6,75110,M,,,75
201300052032,13,5,30,1430,1,2,1,2.0,6,75110,M,,,75
201300052033,13,5,31,1920,1,2,1,1.0,6,75110,M,,,75
201300052034,13,6,1,1215,1,2,2,1.0,6,75110,M,,,75
201300052035,13,6,2,405,5,2,1,1.0,6,75110,M,,,75
201300052036,13,6,4,1400,1,2,5,1.0,3,75110,M,,,75
201300052037,13,6,4,2030,1,2,1,1.0,6,75110,M,,,75
201300052038,13,6,4,2050,1,2,1,1.0,6,75110,M,,,75
201300052039,13,6,6,840,1,2,1,1.0,2,75110,M,,,75
201300052040,13,6,6,1540,1,2,4,1.0,6,75110,M,,,75
201300052041,13,6,6,2045,1,2,2,1.0,6,75110,M,,,75
201300052042,13,6,7,1445,1,2,2,1.0,3,75110,M,,,75
201300052043,13,6,9,2230,5,2,2,2.0,3,75110,M,,,75
201300052044,13,6,11,25,5,2,5,1.0,6,75110,M,,,75
201300052045,13,6,11,1145,1,2,5,1.0,6,75110,M,,,75
201300052046,13,6,12,330,5,2,1,1.0,6,75110,M,,,75
201300052047,13,6,13,1000,1,2,1,2.0,6,75110,M,,,75
201300052048,13,6,14,1320,1,2,4,1.0,3,75110,M,,,75
201300052049,13,6,15,1830,1,2,5,1.0,2,75110,M,,,75
201300052050,13,6,16,520,2,2,7,1.0,6,75110,M,,,75
201300052051,13,6,17,2300,5,2,5,8.0,6,75110,M,,,75
201300052052,13,6,18,816,1,2,1,1.0,7,75110,M,,,75
201300052053,13,6,19,1725,1,2,2,3.0,6,75110,M,,,75
201300052054,13,6,20,745,1,2,2,2.0,6,75110,M,,,75
201300052055,13,6,20,1755,1,2,1,1.0,7,75110,M,,,75
201300052056,13,6,20,1645,1,2,1,1.0,1,75110,M,,,75
201300052057,13,6,23,1515,1,2,2,2.0,7,75110,M,,,75
201300052058,13,6,24,1030,1,2,1,1.0,2,75110,M,,,75
201300052059,13,6,26,1245,1,2,1,1.0,6,75110,M,,,75
201300052060,13,6,26,1400,1,2,2,1.0,2,75110,M,,,75
201300052061,13,6,26,2346,5,2,2,1.0,4,75110,M,,,75
201300052062,13,6,29,1520,1,2,5,1.0,2,75110,M,,,75
201300052063,13,7,3,135,5,2,1,2.0,6,75110,M,,,75
201300052064,13,7,2,2245,5,2,1,1.0,6,75110,M,,,75
201300052065,13,7,3,1120,1,2,2,2.0,6,75110,M,,,75
201300052066,13,7,4,1730,1,2,1,1.0,6,75110,M,,,75
201300052067,13,7,4,1900,1,2,1,1.0,3,75110,M,,,75
201300052068,13,7,5,2045,1,2,1,1.0,3,75110,M,,,75
201300052069,13,7,6,130,5,2,7,1.0,3,75110,M,,,75
201300052070,13,7,10,800,1,2,2,1.0,3,75110,M,,,75
201300052071,13,7,8,2100,2,2,3,1.0,6,75110,M,,,75
201300052072,13,7,11,720,1,2,1,1.0,6,75110,M,,,75
201300052073,13,7,13,5,5,2,2,1.0,6,75110,M,,,75
201300052074,13,7,15,1445,1,2,3,1.0,6,75110,M,,,75
201300052075,13,7,16,940,1,2,4,1.0,6,75110,M,,,75
201300052076,13,7,18,1510,1,2,2,7.0,4,75110,M,,,75
201300052077,13,7,19,1830,1,2,1,1.0,7,75110,M,,,75
201300052078,13,7,20,5,5,2,2,1.0,3,75110,M,,,75
201300052079,13,7,20,1845,1,2,1,1.0,2,75110,M,,,75