Num_Acc,an,mois,jour,hrmn,lum,agg,int,atm,col,com,gps,lat,long,dep
201300052080,13,7,22,1540,1,2,1,1.0,6,75110,M,,,75
201300052081,13,7,23,1115,1,2,2,1.0,3,75110,M,,,75
201300052082,13,7,23,1215,1,2,2,1.0,3,75110,M,,,75
201300052083,13,7,24,230,5,2,1,1.0,6,75110,M,,,75
201300052084,13,7,24,1830,1,2,2,1.0,3,75110,M,,,75
201300052085,13,7,25,2230,5,2,5,1.0,3,75110,M,,,75
201300052086,13,7,26,1620,1,2,3,1.0,2,75110,M,,,75
201300052087,13,7,27,400,5,2,2,1.0,3,75110,M,,,75
201300052088,13,7,27,1730,1,2,2,9.0,3,75110,M,,,75
201300052089,13,7,28,120,5,2,1,1.0,6,75110,M,,,75
201300052090,13,7,29,1810,1,2,2,1.0,3,75110,M,,,75
201300052091,13,7,30,1155,1,2,7,1.0,6,75110,M,,,75
201300052092,13,7,31,1350,1,2,1,1.0,6,75110,M,,,75
201300052093,13,8,1,955,1,2,1,1.0,6,75110,M,,,75
201300052094,13,8,1,1800,1,2,3,1.0,3,75110,M,,,75
201300052095,13,8,2,2100,2,2,1,1.0,6,75110,M,,,75
201300052096,13,8,6,840,1,2,5,1.0,3,75110,M,,,75
201300052097,13,8,9,2345,5,2,2,1.0,3,75110,M,,,75
201300052098,13,8,10,2005,1,2,2,1.0,3,75110,M,,,75
201300052099,13,8,11,1045,1,2,1,1.0,6,75110,M,,,75
201300052100,13,8,14,1415,1,2,1,1.0,6,75110,M,,,75
201300052101,13,8,18,1000,1,2,1,8.0,7,75110,M,,,75
201300052102,13,8,19,1740,1,2,4,1.0,2,75110,M,,,75
201300052103,13,8,23,500,5,2,1,1.0,7,75110,M,,,75
201300052104,13,8,24,1715,1,2,2,8.0,2,75110,M,,,75
201300052105,13,8,25,2325,5,2,1,8.0,2,75110,M,,,75
201300052106,13,8,26,2340,5,2,7,1.0,3,75110,M,,,75
201300052107,13,8,26,2300,5,2,1,1.0,6,75110,M,,,75
201300052108,13,8,27,1415,1,2,1,1.0,6,75110,M,,,75
201300052109,13,8,28,535,2,2,1,1.0,6,75110,M,,,75
201300052110,13,8,29,1300,1,2,1,1.0,6,75110,M,,,75
201300052111,13,8,29,1850,1,2,1,1.0,6,75110,M,,,75
201300052112,13,9,3,1900,1,2,1,1.0,3,75110,M,,,75
201300052113,13,9,4,935,1,2,3,1.0,7,75110,M,,,75
201300052114,13,9,4,1625,1,2,1,1.0,6,75110,M,,,75
201300052115,13,9,5,2245,5,2,1,1.0,6,75110,M,,,75
201300052116,13,9,6,2040,5,2,2,2.0,6,75110,M,,,75
201300052117,13,9,7,1600,1,2,1,1.0,6,75110,M,,,75
201300052118,13,9,12,220,5,2,1,1.0,6,75110,M,,,75
201300052119,13,9,12,1200,1,2,1,8.0,6,75110,M,,,75
201300052120,13,9,12,2235,5,2,1,1.0,2,75110,M,,,75
201300052121,13,9,15,710,1,2,5,1.0,3,75110,M,,,75
201300052122,13,9,15,1210,1,2,2,1.0,6,75110,M,,,75
201300052123,13,9,17,2150,5,2,3,2.0,2,75110,M,,,75
201300052124,13,9,17,2220,5,2,1,2.0,6,75110,M,,,75
201300052125,13,9,18,640,2,2,2,1.0,1,75110,M,,,75
201300052126,13,9,19,2105,3,2,2,2.0,6,75110,M,,,75
201300052127,13,9,19,2315,5,2,1,1.0,6,75110,M,,,75
201300052128,13,9,20,115,5,2,5,1.0,3,75110,M,,,75
201300052129,13,9,20,1615,1,2,1,1.0,3,75110,M,,,75
201300052130,13,9,21,700,2,2,1,1.0,7,75110,M,,,75
201300052131,13,9,21,1540,1,2,2,1.0,6,75110,M,,,75
201300052132,13,9,22,1640,1,2,1,1.0,3,75110,M,,,75
201300052133,13,9,23,1130,1,2,2,1.0,6,75110,M,,,75
201300052134,13,9,23,1500,1,2,3,1.0,2,75110,M,,,75
201300052135,13,9,25,850,1,2,1,1.0,7,75110,M,,,75
201300052136,13,9,26,230,5,2,2,2.0,7,75110,M,,,75
201300052137,13,9,26,1255,1,2,2,1.0,3,75110,M,,,75
201300052138,13,9,29,115,5,2,3,1.0,6,75110,M,,,75
201300052139,13,9,29,1730,1,2,1,1.0,3,75110,M,,,75
201300052140,13,10,3,230,5,2,5,1.0,2,75110,M,,,75
201300052141,13,10,3,1430,1,2,2,1.0,2,75110,M,,,75
201300052142,13,10,4,2000,5,2,2,1.0,3,75110,M,,,75
201300052143,13,10,6,1250,1,2,1,1.0,6,75110,M,,,75
201300052144,13,10,7,1835,2,2,2,1.0,6,75110,M,,,75
201300052145,13,10,7,1845,2,2,5,1.0,6,75110,M,,,75
201300052146,13,10,8,20,5,2,4,8.0,6,75110,M,,,75
201300052147,13,10,10,310,5,2,1,2.0,6,75110,M,,,75
201300052148,13,10,10,910,1,2,3,1.0,2,75110,M,,,75
201300052149,13,10,11,2335,5,2,2,1.0,3,75110,M,,,75
201300052150,13,10,12,1255,1,2,5,8.0,3,75110,M,,,75
201300052151,13,10,13,1555,1,2,3,1.0,6,75110,M,,,75
201300052152,13,10,14,900,1,2,5,1.0,3,75110,M,,,75
201300052153,13,10,17,1415,1,2,2,1.0,3,75110,M,,,75
201300052154,13,10,17,1715,1,2,1,1.0,6,75110,M,,,75
201300052155,13,10,18,2115,5,2,3,1.0,7,75110,M,,,75
201300052156,13,10,19,530,5,2,1,1.0,6,75110,M,,,75
201300052157,13,10,20,540,5,2,1,1.0,6,75110,M,,,75
201300052158,13,10,22,1040,1,2,1,1.0,6,75110,M,,,75
201300052159,13,10,22,2000,5,2,5,1.0,6,75110,M,,,75
201300052160,13,10,23,1040,1,2,1,1.0,4,75110,M,,,75
201300052161,13,10,23,1420,1,2,2,1.0,6,75110,M,,,75
201300052162,13,10,26,1615,1,2,2,8.0,3,75110,M,,,75
201300052163,13,10,28,720,2,2,1,2.0,6,75110,M,,,75
201300052164,13,10,28,1745,5,2,1,1.0,1,75110,M,,,75
201300052165,13,10,29,920,1,2,2,1.0,3,75110,M,,,75
201300052166,13,10,30,2120,5,2,1,1.0,6,75110,M,,,75
201300052167,13,10,31,2045,5,2,2,2.0,2,75110,M,,,75
201300052168,13,11,1,2140,5,2,1,3.0,6,75110,M,,,75
201300052169,13,11,3,1030,1,2,2,1.0,6,75110,M,,,75
201300052170,13,11,3,2225,5,2,1,3.0,6,75110,M,,,75
201300052171,13,11,3,2255,5,2,1,3.0,6,75110,M,,,75
201300052172,13,11,5,1320,1,2,5,2.0,3,75110,M,,,75
201300052173,13,11,7,1445,1,2,1,1.0,3,75110,M,,,75
201300052174,13,11,7,1815,5,2,4,2.0,6,75110,M,,,75
201300052175,13,11,8,315,5,2,2,2.0,6,75110,M,,,75
201300052176,13,11,8,1855,5,2,2,2.0,3,75110,M,,,75
201300052177,13,11,9,120,5,2,5,1.0,7,75119,M,,,75
201300052178,13,11,9,1645,2,2,5,2.0,3,75110,M,,,75
201300052179,13,11,9,1750,5,2,1,2.0,6,75110,M,,,75
201300052180,13,11,10,400,5,2,1,3.0,6,75110,M,,,75
201300052181,13,11,11,2250,5,2,1,1.0,6,75110,M,,,75
201300052182,13,11,12,1050,1,2,2,2.0,7,75110,M,,,75
201300052183,13,11,12,1950,5,2,1,2.0,6,75110,M,,,75
201300052184,13,11,14,1220,1,2,3,2.0,2,75110,M,,,75
201300052185,13,11,15,1800,5,2,5,1.0,3,75110,M,,,75
201300052186,13,11,17,1305,1,2,1,1.0,2,75110,M,,,75
201300052187,13,11,21,230,5,2,1,2.0,6,75110,M,,,75
201300052188,13,11,23,1725,5,2,2,1.0,6,75110,M,,,75
201300052189,13,11,24,240,5,2,1,1.0,6,75110,M,,,75
201300052190,13,11,26,200,5,2,1,1.0,7,75110,M,,,75
201300052191,13,11,26,1740,5,2,1,1.0,6,75110,M,,,75
201300052192,13,11,29,855,1,2,5,8.0,1,75110,M,,,75
201300052193,13,11,29,1625,2,2,1,2.0,6,75110,M,,,75
201300052194,13,11,30,1000,1,2,1,1.0,2,75110,M,,,75
201300052195,13,12,1,1000,1,2,1,1.0,2,75119,M,,,75
201300052196,13,12,4,1720,5,2,1,1.0,6,75110,M,,,75
201300052197,13,12,6,1815,5,2,1,1.0,6,75110,M,,,75
201300052198,13,12,9,900,1,2,1,1.0,6,75110,M,,,75
201300052199,13,12,10,2235,5,2,1,1.0,7,75110,M,,,75
201300052200,13,12,11,1420,1,2,1,1.0,6,75110,M,,,75
201300052201,13,12,12,1250,1,2,1,1.0,6,75110,M,,,75
201300052202,13,12,12,1450,1,2,1,1.0,6,75110,M,,,75
201300052203,13,12,12,1750,5,2,1,1.0,6,75110,M,,,75
201300052204,13,12,13,1040,1,2,2,1.0,6,75110,M,,,75
201300052205,13,12,13,1110,1,2,2,1.0,6,75110,M,,,75
201300052206,13,12,14,1,5,2,2,2.0,6,75110,M,,,75
201300052207,13,12,24,935,1,2,1,2.0,6,75110,M,,,75
201300052208,13,12,24,1300,1,2,3,2.0,2,75110,M,,,75
201300052209,13,12,24,1130,1,2,1,2.0,2,75110,M,,,75
201300052210,13,12,27,2045,5,2,2,2.0,6,75110,M,,,75
201300052211,13,12,28,1510,1,2,1,8.0,6,75110,M,,,75
201300052212,13,12,29,40,5,2,2,1.0,3,75110,M,,,75
201300052213,13,12,30,2130,5,2,1,8.0,6,75110,M,,,75
201300052214,13,1,1,2000,3,2,7,2.0,3,75111,M,,,75
201300052215,13,1,2,1510,1,2,2,1.0,6,75111,M,,,75
201300052216,13,1,4,240,5,2,2,1.0,3,75111,M,,,75
201300052217,13,1,7,1510,1,2,2,1.0,6,75111,M,,,75
201300052218,13,1,9,925,1,2,2,8.0,3,75111,M,,,75
201300052219,13,1,9,1510,1,2,2,2.0,6,75111,M,,,75
201300052220,13,1,10,2340,5,2,1,2.0,6,75111,M,,,75
201300052221,13,1,10,1250,1,2,2,2.0,3,75111,M,,,75
201300052222,13,1,10,1420,1,2,3,2.0,7,75111,M,,,75
201300052223,13,1,10,1500,1,2,3,2.0,2,75111,M,,,75
201300052224,13,1,11,2126,5,2,7,1.0,6,75111,M,,,75
201300052225,13,1,12,1940,3,2,1,1.0,6,75111,M,,,75
201300052226,13,1,12,145,5,2,2,2.0,3,75111,M,,,75
201300052227,13,1,16,1920,5,2,1,1.0,6,75111,M,,,75
201300052228,13,1,19,1030,1,2,7,4.0,6,75111,M,,,75
201300052229,13,1,22,1630,1,2,1,8.0,6,75111,M,,,75
201300052230,13,1,23,1425,1,2,2,1.0,3,75111,M,,,75
201300052231,13,1,24,2330,5,2,7,1.0,6,75111,M,,,75
201300052232,13,1,25,140,5,2,1,1.0,6,75111,M,,,75
201300052233,13,1,25,1700,1,2,2,1.0,3,75111,M,,,75
201300052234,13,1,26,2100,5,2,2,1.0,3,75111,M,,,75
201300052235,13,1,28,1345,1,2,1,1.0,3,75111,M,,,75
201300052236,13,1,29,2030,5,2,3,1.0,3,75111,M,,,75
201300052237,13,2,1,1800,5,2,1,2.0,6,75112,M,,,75
201300052238,13,2,3,1800,5,2,5,1.0,6,75111,M,,,75
201300052239,13,2,3,2110,5,2,2,2.0,2,75111,M,,,75
201300052240,13,2,6,850,1,2,1,2.0,3,75111,M,,,75
201300052241,13,2,6,1648,1,2,7,1.0,3,75111,M,,,75
201300052242,13,2,7,1840,5,2,2,1.0,6,75112,M,,,75
201300052243,13,2,8,1025,1,2,2,1.0,6,75111,M,,,75
201300052244,13,2,8,1248,1,2,3,1.0,6,75111,M,,,75
201300052245,13,2,10,1145,1,2,4,1.0,2,75111,M,,,75
201300052246,13,2,12,1240,1,2,1,1.0,3,75111,M,,,75
201300052247,13,2,13,1615,1,2,2,1.0,3,75111,M,,,75
201300052248,13,2,14,1750,1,2,2,8.0,6,75111,M,,,75
201300052249,13,2,15,1930,5,2,1,1.0,3,75111,M,,,75
201300052250,13,2,15,2350,5,2,3,1.0,6,75111,M,,,75
201300052251,13,2,16,1805,5,2,3,1.0,2,75111,M,,,75
201300052252,13,2,17,257,5,2,2,1.0,6,75111,M,,,75
201300052253,13,2,20,854,1,2,2,1.0,2,75111,M,,,75
201300052254,13,2,20,1145,1,2,3,1.0,3,75111,M,,,75
201300052255,13,2,21,1640,1,2,2,1.0,1,75111,M,,,75
201300052256,13,2,22,1950,5,2,3,1.0,7,75111,M,,,75
201300052257,13,2,27,945,1,2,3,8.0,6,75111,M,,,75
201300052258,13,2,27,1605,1,2,3,1.0,6,75111,M,,,75
201300052259,13,2,28,215,5,2,7,2.0,6,75111,M,,,75
201300052260,13,2,28,810,1,2,3,1.0,1,75111,M,,,75
201300052261,13,2,28,1325,1,2,1,1.0,6,75111,M,,,75
201300052262,13,3,1,905,1,2,7,1.0,2,75111,M,,,75
201300052263,13,3,2,1635,1,2,1,1.0,2,75111,M,,,75
201300052264,13,3,2,1740,1,2,1,1.0,7,75111,M,,,75
201300052265,13,3,3,915,1,2,2,1.0,3,75111,M,,,75
201300052266,13,3,4,1810,1,2,2,1.0,2,75111,M,,,75
201300052267,13,3,7,1629,1,2,2,1.0,7,75111,M,,,75
201300052268,13,3,9,1155,1,2,3,1.0,6,75111,M,,,75
201300052269,13,3,15,2200,5,2,1,1.0,2,75111,M,,,75
201300052270,13,3,16,1845,5,2,3,2.0,3,75111,M,,,75
201300052271,13,3,17,1645,1,2,2,2.0,6,75111,M,,,75
201300052272,13,3,19,830,1,2,3,1.0,3,75111,M,,,75
201300052273,13,3,19,2110,5,2,2,2.0,1,75110,M,,,75
201300052274,13,3,20,1555,1,2,3,1.0,7,75111,M,,,75
201300052275,13,3,20,1750,1,2,2,1.0,1,75111,M,,,75
201300052276,13,3,23,1430,1,2,1,1.0,6,75111,M,,,75
201300052277,13,3,24,140,5,2,2,1.0,3,75111,M,,,75
201300052278,13,3,25,1950,5,2,5,1.0,3,75111,M,,,75
201300052279,13,3,25,2055,5,2,1,8.0,4,75112,M,,,75
201300052280,13,3,27,1053,1,2,7,1.0,7,75111,M,,,75
201300052281,13,3,29,600,1,2,1,1.0,6,75111,M,,,75
201300052282,13,3,31,945,1,2,2,1.0,3,75111,M,,,75
201300052283,13,4,6,1323,1,2,1,1.0,3,75111,M,,,75
201300052284,13,4,7,1000,1,2,1,1.0,3,75111,M,,,75
201300052285,13,4,7,1330,1,2,2,1.0,6,75111,M,,,75
201300052286,13,4,9,840,1,2,3,3.0,6,75111,M,,,75
201300052287,13,4,9,1330,1,2,1,2.0,6,75111,M,,,75
201300052288,13,4,10,1004,1,2,7,2.0,6,75111,M,,,75
201300052289,13,4,10,1228,1,2,4,1.0,2,75111,M,,,75
201300052290,13,4,11,2025,5,2,4,2.0,6,75111,M,,,75
201300052291,13,4,12,1540,1,2,7,3.0,7,75111,M,,,75
201300052292,13,4,13,145,5,2,2,1.0,3,75111,M,,,75
201300052293,13,4,13,2215,5,2,1,2.0,1,75111,M,,,75
201300052294,13,4,14,115,5,2,1,1.0,2,75111,M,,,75
201300052295,13,4,15,1553,1,2,3,1.0,3,75111,M,,,75
201300052296,13,4,15,2000,2,2,7,1.0,2,75111,M,,,75
201300052297,13,4,17,1400,1,2,1,1.0,4,75111,M,,,75
201300052298,13,4,18,2210,5,2,1,2.0,2,75111,M,,,75
201300052299,13,4,20,1625,1,2,1,1.0,6,75111,M,,,75
201300052300,13,4,20,1700,1,2,1,1.0,3,75111,M,,,75
201300052301,13,4,22,1035,1,2,2,1.0,6,75111,M,,,75
201300052302,13,4,23,1600,1,2,3,1.0,6,75111,M,,,75
201300052303,13,4,24,2000,1,2,1,1.0,3,75111,M,,,75
201300052304,13,4,25,1610,1,2,2,7.0,6,75111,M,,,75
201300052305,13,4,26,1440,1,2,1,1.0,6,75111,M,,,75
201300052306,13,4,27,1135,1,2,2,1.0,3,75111,M,,,75
201300052307,13,4,27,1400,1,2,1,1.0,6,75111,M,,,75
201300052308,13,4,28,1330,1,2,1,8.0,6,75111,M,,,75
201300052309,13,5,1,1035,1,2,2,8.0,6,75111,M,,,75
201300052310,13,5,2,1900,1,2,2,1.0,6,75111,M,,,75
201300052311,13,5,2,1915,1,2,7,1.0,2,75111,M,,,75
201300052312,13,5,3,1535,1,2,1,8.0,6,75111,M,,,75
201300052313,13,5,3,2040,1,2,1,1.0,6,75111,M,,,75
201300052314,13,5,6,1300,1,2,2,8.0,6,75111,M,,,75
201300052315,13,5,10,1130,1,2,1,1.0,6,75111,M,,,75
201300052316,13,5,10,1738,1,2,1,1.0,6,75111,M,,,75
201300052317,13,5,12,725,1,2,2,1.0,6,75111,M,,,75
201300052318,13,5,15,805,1,2,5,1.0,3,75111,M,,,75
201300052319,13,5,15,920,1,2,1,1.0,2,75111,M,,,75
201300052320,13,5,15,1425,1,2,1,1.0,3,75111,M,,,75
201300052321,13,5,16,2000,1,2,3,1.0,3,75111,M,,,75
201300052322,13,5,17,55,5,2,4,1.0,6,75111,M,,,75
201300052323,13,5,17,1450,1,2,1,1.0,3,75111,M,,,75
201300052324,13,5,18,1145,1,2,2,1.0,2,75111,M,,,75
201300052325,13,5,18,2155,5,2,1,1.0,2,75111,M,,,75
201300052326,13,5,19,2120,5,2,2,3.0,6,75111,M,,,75
201300052327,13,5,20,1730,1,2,2,2.0,3,75111,M,,,75
201300052328,13,5,20,2320,5,2,7,2.0,6,75111,M,,,75
201300052329,13,5,21,835,1,2,2,2.0,3,75111,M,,,75
201300052330,13,5,21,1857,1,2,2,1.0,6,75111,M,,,75
201300052331,13,5,21,2055,2,2,3,1.0,6,75111,M,,,75
201300052332,13,5,22,1815,1,2,1,1.0,4,75111,M,,,75
201300052333,13,5,22,2300,5,2,5,1.0,3,75111,M,,,75
201300052334,13,5,23,2325,5,2,2,1.0,3,75111,M,,,75
201300052335,13,5,24,1415,1,2,5,3.0,3,75111,M,,,75
201300052336,13,5,24,1940,1,2,5,2.0,6,75111,M,,,75
201300052337,13,5,25,10,5,2,2,1.0,6,75111,M,,,75
201300052338,13,5,25,200,5,2,1,1.0,1,75111,M,,,75
201300052339,13,5,25,1000,1,2,2,1.0,2,75111,M,,,75
201300052340,13,5,27,1130,1,2,1,1.0,6,75111,M,,,75
201300052341,13,5,28,1655,1,2,1,1.0,2,75111,M,,,75
201300052342,13,5,29,1750,1,2,2,1.0,6,75111,M,,,75
201300052343,13,5,29,2050,2,2,1,3.0,6,75111,M,,,75
201300052344,13,5,31,1450,1,2,1,1.0,7,75111,M,,,75
201300052345,13,5,31,1400,1,2,2,1.0,3,75111,M,,,75
201300052346,13,5,31,1620,1,2,7,1.0,6,75111,M,,,75
201300052347,13,6,1,120,5,2,1,1.0,6,75111,M,,,75
201300052348,13,6,3,900,1,2,3,1.0,3,75111,M,,,75
201300052349,13,6,4,1330,1,2,3,1.0,6,75111,M,,,75
201300052350,13,6,5,805,1,2,1,1.0,6,75111,M,,,75
201300052351,13,6,5,910,1,2,2,1.0,3,75111,M,,,75
201300052352,13,6,5,840,1,2,1,1.0,7,75111,M,,,75
201300052353,13,6,6,1420,1,2,2,1.0,6,75111,M,,,75
201300052354,13,6,8,1755,1,2,1,1.0,3,75111,M,,,75
201300052355,13,6,9,1800,1,2,1,2.0,3,75111,M,,,75
201300052356,13,6,10,850,1,2,2,1.0,2,75111,M,,,75
201300052357,13,6,10,1135,1,2,5,1.0,6,75111,M,,,75
201300052358,13,6,10,1430,1,2,7,1.0,3,75111,M,,,75
201300052359,13,6,11,2015,1,2,3,1.0,3,75111,M,,,75
201300052360,13,6,11,2305,5,2,3,1.0,6,75111,M,,,75
201300052361,13,6,12,1100,1,2,3,2.0,6,75111,M,,,75
201300052362,13,6,12,2000,1,2,3,1.0,6,75111,M,,,75
201300052363,13,6,12,1830,1,2,2,1.0,3,75111,M,,,75
201300052364,13,6,13,1745,1,2,1,8.0,6,75111,M,,,75
201300052365,13,6,13,1750,1,2,2,1.0,2,75111,M,,,75
201300052366,13,6,13,2030,1,2,7,1.0,3,75111,M,,,75
201300052367,13,6,14,1530,1,2,2,1.0,3,75111,M,,,75
201300052368,13,6,14,1740,1,2,3,1.0,6,75111,M,,,75
201300052369,13,6,15,2250,5,2,2,1.0,3,75111,M,,,75
201300052370,13,6,16,1,5,2,2,1.0,3,75111,M,,,75
201300052371,13,6,17,935,1,2,3,3.0,2,75111,M,,,75
201300052372,13,6,17,1220,1,2,2,1.0,6,75111,M,,,75
201300052373,13,6,18,920,2,2,1,1.0,2,75111,M,,,75
201300052374,13,6,18,1750,1,2,2,1.0,6,75111,M,,,75
201300052375,13,6,20,1314,1,2,1,1.0,2,75111,M,,,75
201300052376,13,6,20,2010,2,2,2,1.0,3,75111,M,,,75
201300052377,13,6,21,1535,1,2,7,1.0,4,75111,M,,,75
201300052378,13,6,22,220,5,2,3,1.0,2,75111,M,,,75
201300052379,13,6,22,2100,1,2,1,1.0,6,75111,M,,,75
201300052380,13,6,24,1200,1,2,1,1.0,2,75111,M,,,75
201300052381,13,6,25,1600,1,2,1,1.0,6,75111,M,,,75
201300052382,13,6,26,1210,1,2,1,1.0,6,75111,M,,,75
201300052383,13,6,26,1050,1,2,3,1.0,2,75111,M,,,75
201300052384,13,6,26,1954,1,2,1,1.0,3,75111,M,,,75
201300052385,13,6,27,755,1,2,1,2.0,7,75111,M,,,75
201300052386,13,6,27,1240,1,2,1,1.0,6,75111,M,,,75
201300052387,13,6,28,40,5,2,3,1.0,2,75111,M,,,75
201300052388,13,6,28,845,1,2,2,2.0,7,75111,M,,,75
201300052389,13,6,28,1315,1,2,1,1.0,2,75111,M,,,75
201300052390,13,6,28,1725,1,2,2,1.0,3,75111,M,,,75
201300052391,13,6,29,1700,1,2,1,1.0,6,75111,M,,,75
201300052392,13,6,29,2100,1,2,1,1.0,6,75111,M,,,75
201300052393,13,6,29,2120,1,2,2,1.0,6,75111,M,,,75
201300052394,13,6,30,2000,1,2,3,1.0,6,75111,M,,,75
201300052395,13,7,1,855,1,2,2,1.0,3,75111,M,,,75
201300052396,13,7,1,920,1,2,2,1.0,6,75111,M,,,75
201300052397,13,7,1,2220,5,2,2,1.0,6,75111,M,,,75
201300052398,13,7,2,1400,1,2,2,1.0,3,75111,M,,,75
201300052399,13,7,3,915,1,2,1,1.0,6,75111,M,,,75
201300052400,13,7,3,1815,1,2,1,1.0,6,75111,M,,,75
201300052401,13,7,4,945,1,2,2,1.0,6,75111,M,,,75
201300052402,13,7,4,1245,1,2,7,1.0,3,75111,M,,,75
201300052403,13,7,5,1345,1,2,3,1.0,6,75120,M,,,75
201300052404,13,7,5,2110,1,2,2,1.0,3,75111,M,,,75
201300052405,13,7,7,2037,1,2,2,1.0,3,75120,M,,,75
201300052406,13,7,8,15,5,2,2,1.0,3,75111,M,,,75
201300052407,13,7,8,1135,1,2,1,1.0,2,75111,M,,,75
201300052408,13,7,8,2125,1,2,2,1.0,3,75111,M,,,75
201300052409,13,7,9,1045,1,2,2,1.0,3,75111,M,,,75
201300052410,13,7,10,620,1,2,4,1.0,6,75111,M,,,75
201300052411,13,7,10,1300,1,2,2,1.0,3,75111,M,,,75
201300052412,13,7,10,2020,1,2,3,1.0,3,75111,M,,,75
201300052413,13,7,11,1110,1,2,3,1.0,5,75111,M,,,75
201300052414,13,7,11,1235,1,2,1,1.0,7,75111,M,,,75
201300052415,13,7,11,1735,1,2,1,1.0,6,75111,M,,,75
201300052416,13,7,12,355,5,2,1,1.0,2,75111,M,,,75
201300052417,13,7,12,1700,1,2,2,1.0,3,75111,M,,,75
201300052418,13,7,13,1410,1,2,5,1.0,3,75120,M,,,75
201300052419,13,7,13,1620,1,2,7,1.0,6,75111,M,,,75
201300052420,13,7,13,1935,1,2,1,1.0,6,75111,M,,,75
201300052421,13,7,14,2055,1,2,1,1.0,6,75111,M,,,75
201300052422,13,7,15,1700,1,2,2,1.0,6,75111,M,,,75
201300052423,13,7,15,1635,1,2,5,1.0,6,75111,M,,,75
201300052424,13,7,16,300,5,2,5,1.0,3,75111,M,,,75
201300052425,13,7,16,1105,1,2,1,1.0,7,75111,M,,,75
201300052426,13,7,17,1,5,2,2,1.0,3,75111,M,,,75
201300052427,13,7,18,315,5,2,2,1.0,3,75111,M,,,75
201300052428,13,7,18,1100,1,2,2,1.0,6,75111,M,,,75
201300052429,13,7,18,1420,1,2,2,1.0,6,75111,M,,,75
201300052430,13,7,19,850,1,2,7,1.0,2,75111,M,,,75
201300052431,13,7,19,1020,1,2,3,1.0,2,75111,M,,,75
201300052432,13,7,19,1145,1,2,1,1.0,6,75111,M,,,75
201300052433,13,7,20,110,5,2,2,1.0,3,75111,M,,,75
201300052434,13,7,20,1935,1,2,2,1.0,3,75111,M,,,75
201300052435,13,7,20,2205,5,2,5,1.0,6,75111,M,,,75
201300052436,13,7,23,1645,2,2,1,1.0,7,75111,M,,,75
201300052437,13,7,26,1455,1,2,1,1.0,6,75112,M,,,75
201300052438,13,7,29,1825,1,2,3,1.0,3,75111,M,,,75
201300052439,13,7,30,1240,1,2,1,1.0,2,75111,M,,,75
201300052440,13,7,30,1430,1,2,1,1.0,6,75111,M,,,75
201300052441,13,7,31,1110,1,2,1,1.0,2,75111,M,,,75
201300052442,13,7,31,1950,1,2,1,1.0,6,75120,M,,,75
201300052443,13,8,4,1840,1,2,7,1.0,3,75112,M,,,75
201300052444,13,8,9,750,1,2,1,1.0,3,75111,M,,,75
201300052445,13,8,10,45,5,2,2,1.0,6,75110,M,,,75
201300052446,13,8,11,55,5,2,3,1.0,6,75111,M,,,75
201300052447,13,8,11,1800,1,2,1,1.0,6,75111,M,,,75
201300052448,13,8,13,2035,2,2,7,1.0,3,75111,M,,,75
201300052449,13,8,14,1900,1,2,2,1.0,6,75111,M,,,75
201300052450,13,8,16,1345,1,2,2,1.0,6,75111,M,,,75
201300052451,13,8,19,20,5,2,7,2.0,3,75111,M,,,75
201300052452,13,8,18,2305,5,2,2,1.0,2,75111,M,,,75
201300052453,13,8,18,2300,5,2,7,2.0,7,75111,M,,,75
201300052454,13,8,19,200,5,2,4,8.0,7,75111,M,,,75
201300052455,13,8,23,1150,1,2,1,1.0,2,75111,M,,,75
201300052456,13,8,24,350,5,2,5,1.0,2,75111,M,,,75
201300052457,13,8,27,1655,1,2,2,8.0,6,75111,M,,,75
201300052458,13,8,29,1745,1,2,5,1.0,3,75111,M,,,75
201300052459,13,9,2,2320,5,2,1,1.0,7,75111,M,,,75
201300052460,13,9,2,1310,1,2,7,1.0,6,75111,M,,,75
201300052461,13,9,2,1445,1,2,1,1.0,3,75111,M,,,75
201300052462,13,9,3,2210,5,2,2,1.0,6,75111,M,,,75
201300052463,13,9,3,755,1,2,2,1.0,3,75111,M,,,75
201300052464,13,9,4,1935,1,2,1,1.0,6,75111,M,,,75
201300052465,13,9,5,1410,1,2,2,7.0,3,75111,M,,,75
201300052466,13,9,5,2035,5,2,7,1.0,3,75111,M,,,75
201300052467,13,9,6,1200,1,2,3,3.0,2,75111,M,,,75
201300052468,13,9,7,235,5,2,2,1.0,7,75111,M,,,75
201300052469,13,9,7,1320,1,2,5,1.0,2,75111,M,,,75
201300052470,13,9,8,210,5,2,1,1.0,6,75111,M,,,75
201300052471,13,9,9,1530,1,2,2,2.0,6,75111,M,,,75
201300052472,13,9,9,2210,5,2,2,1.0,3,75111,M,,,75
201300052473,13,9,10,1150,1,2,5,1.0,6,75111,M,,,75
201300052474,13,9,10,1840,1,2,1,1.0,6,75111,M,,,75
201300052475,13,9,11,905,1,2,1,1.0,3,75111,M,,,75
201300052476,13,9,12,1435,1,2,5,1.0,1,75111,M,,,75
201300052477,13,9,12,1420,1,2,3,1.0,2,75111,M,,,75
201300052478,13,9,13,830,1,2,2,1.0,3,75111,M,,,75
201300052479,13,9,13,1406,1,2,2,2.0,2,75111,M,,,75
201300052480,13,9,14,150,5,2,1,2.0,7,75111,M,,,75
201300052481,13,9,14,1745,1,2,5,2.0,3,75111,M,,,75
201300052482,13,9,16,900,1,2,2,1.0,3,75111,M,,,75
201300052483,13,9,16,1710,1,2,1,1.0,2,75111,M,,,75
201300052484,13,9,17,1130,1,2,3,1.0,6,75111,M,,,75
201300052485,13,9,19,1950,5,2,1,1.0,6,75111,M,,,75
201300052486,13,9,20,615,2,2,2,1.0,3,75111,M,,,75