Num_Acc,an,mois,jour,hrmn,lum,agg,int,atm,col,com,gps,lat,long,dep
201300052487,13,9,19,1735,1,2,1,1.0,2,75111,M,,,75
201300052488,13,9,21,130,5,2,1,1.0,6,75111,M,,,75
201300052489,13,9,21,930,1,2,1,1.0,3,75111,M,,,75
201300052490,13,9,24,855,1,2,3,1.0,3,75111,M,,,75
201300052491,13,9,24,930,1,2,3,1.0,2,75111,M,,,75
201300052492,13,9,24,1505,1,2,1,1.0,6,75111,M,,,75
201300052493,13,9,26,1200,1,2,2,1.0,3,75111,M,,,75
201300052494,13,9,27,900,1,2,1,1.0,6,75111,M,,,75
201300052495,13,9,27,1000,1,2,1,1.0,3,75111,M,,,75
201300052496,13,9,27,1305,1,2,5,1.0,3,75111,M,,,75
201300052497,13,9,27,1415,1,2,7,1.0,2,75111,M,,,75
201300052498,13,9,27,2010,5,2,2,1.0,3,75111,M,,,75
201300052499,13,9,28,1630,1,2,1,1.0,7,75111,M,,,75
201300052500,13,9,29,2033,5,2,2,8.0,3,75111,M,,,75
201300052501,13,9,29,2202,5,2,3,1.0,3,75111,M,,,75
201300052502,13,9,29,2240,5,2,7,1.0,3,75111,M,,,75
201300052503,13,10,1,1010,1,2,3,1.0,3,75111,M,,,75
201300052504,13,10,1,1530,1,2,7,2.0,3,75111,M,,,75
201300052505,13,10,3,1631,1,2,1,2.0,7,75111,M,,,75
201300052506,13,10,3,1450,1,2,3,3.0,2,75111,M,,,75
201300052507,13,10,3,1910,2,2,2,1.0,4,75111,M,,,75
201300052508,13,10,7,40,5,2,7,1.0,6,75111,M,,,75
201300052509,13,10,8,1315,1,2,2,1.0,3,75111,M,,,75
201300052510,13,10,9,1015,1,2,3,1.0,6,75111,M,,,75
201300052511,13,10,9,1030,1,2,1,1.0,6,75111,M,,,75
201300052512,13,10,10,300,5,2,1,2.0,6,75111,M,,,75
201300052513,13,10,10,1500,1,2,4,1.0,6,75111,M,,,75
201300052514,13,10,10,1700,1,2,2,1.0,6,75111,M,,,75
201300052515,13,10,10,1735,1,2,7,1.0,6,75111,M,,,75
201300052516,13,10,11,2030,5,2,1,1.0,6,75111,M,,,75
201300052517,13,10,12,30,5,2,2,2.0,3,75111,M,,,75
201300052518,13,10,12,505,5,2,1,1.0,6,75111,M,,,75
201300052519,13,10,13,405,5,2,1,1.0,2,75111,M,,,75
201300052520,13,10,13,530,5,2,1,1.0,6,75111,M,,,75
201300052521,13,10,15,310,5,2,2,1.0,6,75111,M,,,75
201300052522,13,10,15,745,1,2,1,1.0,2,75111,M,,,75
201300052523,13,10,15,1905,3,2,2,1.0,3,75111,M,,,75
201300052524,13,10,16,1645,1,2,1,2.0,5,75111,M,,,75
201300052525,13,10,16,1710,1,2,2,2.0,7,75111,M,,,75
201300052526,13,10,17,1000,1,2,7,1.0,3,75111,M,,,75
201300052527,13,10,19,1250,1,2,3,1.0,6,75111,M,,,75
201300052528,13,10,19,1540,1,2,2,1.0,3,75111,M,,,75
201300052529,13,10,19,1530,1,2,1,1.0,2,75111,M,,,75
201300052530,13,10,20,645,5,2,2,8.0,6,75111,M,,,75
201300052531,13,10,21,1520,1,2,1,1.0,6,75111,M,,,75
201300052532,13,10,21,1740,1,2,2,1.0,3,75111,M,,,75
201300052533,13,10,22,300,5,2,2,1.0,6,75111,M,,,75
201300052534,13,10,22,1500,1,2,1,1.0,7,75111,M,,,75
201300052535,13,10,23,1100,1,2,3,1.0,3,75111,M,,,75
201300052536,13,10,23,1935,5,2,1,1.0,2,75111,M,,,75
201300052537,13,10,25,2330,5,2,2,2.0,7,75111,M,,,75
201300052538,13,10,28,915,1,2,7,2.0,6,75111,M,,,75
201300052539,13,10,28,1520,1,2,3,1.0,3,75111,M,,,75
201300052540,13,10,29,1445,1,2,7,1.0,6,75111,M,,,75
201300052541,13,10,29,1540,1,2,3,1.0,1,75111,M,,,75
201300052542,13,10,29,1945,5,2,1,1.0,6,75111,M,,,75
201300052543,13,10,30,910,1,2,1,7.0,6,75111,M,,,75
201300052544,13,11,2,2330,5,2,7,2.0,3,75112,M,,,75
201300052545,13,11,5,920,1,2,3,3.0,3,75111,M,,,75
201300052546,13,11,6,1530,1,2,2,1.0,3,75111,M,,,75
201300052547,13,11,6,1910,5,2,2,1.0,6,75111,M,,,75
201300052548,13,11,8,50,5,2,2,2.0,6,75111,M,,,75
201300052549,13,11,9,1000,1,2,2,1.0,3,75111,M,,,75
201300052550,13,11,9,2225,5,2,7,1.0,3,75111,M,,,75
201300052551,13,11,12,1610,2,2,3,2.0,2,75111,M,,,75
201300052552,13,11,12,2340,5,2,3,2.0,3,75111,M,,,75
201300052553,13,11,13,1430,1,2,1,1.0,2,75111,M,,,75
201300052554,13,11,14,800,1,2,1,2.0,2,75111,M,,,75
201300052555,13,11,19,5,5,2,2,1.0,2,75111,M,,,75
201300052556,13,11,19,820,2,2,3,2.0,3,75111,M,,,75
201300052557,13,11,19,1755,5,2,1,1.0,2,75111,M,,,75
201300052558,13,11,23,145,5,2,2,1.0,2,75111,M,,,75
201300052559,13,11,26,850,1,2,2,1.0,6,75111,M,,,75
201300052560,13,11,26,1250,1,2,1,1.0,2,75111,M,,,75
201300052561,13,11,28,925,1,2,7,1.0,7,75111,M,,,75
201300052562,13,11,28,1730,5,2,2,1.0,2,75111,M,,,75
201300052563,13,12,2,1830,5,2,7,1.0,6,75111,M,,,75
201300052564,13,12,2,2225,5,2,2,1.0,1,75111,M,,,75
201300052565,13,12,4,1400,1,2,2,1.0,6,75111,M,,,75
201300052566,13,12,5,930,1,2,3,1.0,2,75111,M,,,75
201300052567,13,12,5,2350,5,2,5,2.0,2,75111,M,,,75
201300052568,13,12,6,30,5,2,5,2.0,6,75111,M,,,75
201300052569,13,12,6,830,1,2,1,1.0,3,75111,M,,,75
201300052570,13,12,7,400,5,2,3,2.0,6,75111,M,,,75
201300052571,13,12,7,1525,1,2,7,1.0,3,75112,M,,,75
201300052572,13,12,7,2050,5,2,3,1.0,3,75111,M,,,75
201300052573,13,12,10,2000,5,2,2,1.0,1,75111,M,,,75
201300052574,13,12,12,1850,5,2,4,1.0,1,75111,M,,,75
201300052575,13,12,13,915,1,2,2,8.0,7,75111,M,,,75
201300052576,13,12,13,1115,1,2,3,1.0,3,75111,M,,,75
201300052577,13,12,14,30,3,2,7,2.0,6,75111,M,,,75
201300052578,13,12,15,1550,2,2,2,1.0,2,75111,M,,,75
201300052579,13,12,17,1100,1,2,3,1.0,7,75111,M,,,75
201300052580,13,12,19,700,2,2,2,1.0,3,75111,M,,,75
201300052581,13,12,20,1030,1,2,1,1.0,3,75111,M,,,75
201300052582,13,12,20,1630,1,2,2,1.0,3,75111,M,,,75
201300052583,13,12,22,1715,5,2,5,2.0,6,75111,M,,,75
201300052584,13,12,23,1355,1,2,3,1.0,3,75111,M,,,75
201300052585,13,12,25,2020,5,2,7,3.0,4,75111,M,,,75
201300052586,13,1,1,20,5,2,7,2.0,6,75112,M,,,75
201300052587,13,1,2,1620,2,2,4,1.0,3,75112,M,,,75
201300052588,13,1,1,350,5,2,1,3.0,6,75112,M,,,75
201300052589,13,1,3,2315,5,2,1,2.0,3,75112,M,,,75
201300052590,13,1,4,2035,5,2,3,1.0,6,75112,M,,,75
201300052591,13,1,5,1830,5,2,1,1.0,3,75112,M,,,75
201300052592,13,1,7,1210,1,2,2,1.0,6,75112,M,,,75
201300052593,13,1,9,945,1,2,4,2.0,3,75112,M,,,75
201300052594,13,1,10,1630,1,2,5,2.0,3,75112,M,,,75
201300052595,13,1,11,845,1,2,3,1.0,6,75112,M,,,75
201300052596,13,1,11,1145,1,2,1,1.0,6,75112,M,,,75
201300052597,13,1,12,1100,1,2,2,1.0,6,75112,M,,,75
201300052598,13,1,12,1030,1,2,4,2.0,3,75112,M,,,75
201300052599,13,1,13,540,5,2,1,1.0,6,75112,M,,,75
201300052600,13,1,12,1140,1,2,5,2.0,3,75112,M,,,75
201300052601,13,1,13,1940,5,2,3,2.0,6,75112,M,,,75
201300052602,13,1,14,2000,5,2,5,4.0,7,75112,M,,,75
201300052603,13,1,16,940,1,2,3,9.0,2,75112,M,,,75
201300052604,13,1,14,2250,5,2,1,2.0,6,75112,M,,,75
201300052605,13,1,22,1900,5,2,5,8.0,6,75112,M,,,75
201300052606,13,1,22,1927,5,2,7,1.0,6,75112,M,,,75
201300052607,13,1,23,2235,5,2,3,1.0,3,75112,M,,,75
201300052608,13,1,26,1220,1,2,2,8.0,3,75112,M,,,75
201300052609,13,1,28,1830,5,2,5,1.0,2,75112,M,,,75
201300052610,13,1,28,1900,5,2,1,1.0,2,75112,M,,,75
201300052611,13,1,29,1145,1,2,5,1.0,2,75112,M,,,75
201300052612,13,1,30,750,2,2,1,2.0,6,75112,M,,,75
201300052613,13,1,30,1120,1,2,1,2.0,6,75112,M,,,75
201300052614,13,1,30,1820,5,2,1,1.0,3,75112,M,,,75
201300052615,13,1,31,715,2,2,2,1.0,2,75112,M,,,75
201300052616,13,1,31,1645,2,2,7,1.0,7,75112,M,,,75
201300052617,13,2,2,545,5,2,2,1.0,6,75112,M,,,75
201300052618,13,2,2,1705,4,2,1,4.0,2,75112,M,,,75
201300052619,13,2,2,1945,5,2,2,2.0,6,75112,M,,,75
201300052620,13,2,2,1910,5,2,1,2.0,6,75112,M,,,75
201300052621,13,2,3,1620,1,2,1,8.0,6,75112,M,,,75
201300052622,13,2,3,2250,5,2,3,3.0,6,75112,M,,,75
201300052623,13,1,31,1830,2,2,1,2.0,5,75112,M,,,75
201300052624,13,2,5,925,1,2,7,2.0,7,75112,M,,,75
201300052625,13,2,5,905,1,2,1,2.0,3,75112,M,,,75
201300052626,13,2,6,750,2,2,2,2.0,6,75112,M,,,75
201300052627,13,2,6,750,1,2,3,2.0,6,75112,M,,,75
201300052628,13,2,6,1945,5,2,3,1.0,3,75112,M,,,75
201300052629,13,2,8,1940,5,2,3,2.0,6,75112,M,,,75
201300052630,13,2,9,630,5,2,2,4.0,5,75112,M,,,75
201300052631,13,2,10,2015,5,2,2,2.0,7,75112,M,,,75
201300052632,13,2,12,945,1,2,5,2.0,6,75112,M,,,75
201300052633,13,2,12,1250,1,2,5,2.0,2,75112,M,,,75
201300052634,13,2,13,925,1,2,2,1.0,6,75112,M,,,75
201300052635,13,2,13,1130,1,2,4,1.0,6,75112,M,,,75
201300052636,13,2,15,1,5,2,1,2.0,6,75112,M,,,75
201300052637,13,2,15,1945,3,2,4,1.0,2,75112,M,,,75
201300052638,13,2,15,1900,5,2,2,1.0,6,75112,M,,,75
201300052639,13,2,15,500,5,2,1,1.0,6,75112,M,,,75
201300052640,13,2,17,10,5,2,1,1.0,6,75112,M,,,75
201300052641,13,2,17,1335,1,2,4,1.0,3,75112,M,,,75
201300052642,13,2,17,2100,5,2,2,1.0,6,75112,M,,,75
201300052643,13,2,16,2100,5,2,2,1.0,7,75112,M,,,75
201300052644,13,2,21,740,1,2,2,1.0,7,75112,M,,,75
201300052645,13,2,22,1930,5,2,1,1.0,6,75112,M,,,75
201300052646,13,2,23,550,5,2,1,1.0,6,75120,M,,,75
201300052647,13,2,26,1445,1,2,7,1.0,6,75112,M,,,75
201300052648,13,2,27,820,1,2,1,2.0,2,75112,M,,,75
201300052649,13,2,28,1850,5,2,1,1.0,1,75112,M,,,75
201300052650,13,2,28,1930,5,2,1,2.0,4,75112,M,,,75
201300052651,13,3,1,900,1,2,5,1.0,2,75112,M,,,75
201300052652,13,3,2,1620,1,2,1,1.0,6,75112,M,,,75
201300052653,13,3,3,940,1,2,1,1.0,2,75112,M,,,75
201300052654,13,3,3,1530,1,2,3,1.0,1,75112,M,,,75
201300052655,13,3,4,635,2,2,2,1.0,6,75112,M,,,75
201300052656,13,3,4,1200,1,2,2,1.0,6,75112,M,,,75
201300052657,13,3,4,1905,5,2,1,1.0,6,75112,M,,,75
201300052658,13,3,4,2208,5,2,1,1.0,6,75112,M,,,75
201300052659,13,3,5,1200,1,2,4,1.0,3,75112,M,,,75
201300052660,13,3,6,1730,1,2,2,1.0,6,75112,M,,,75
201300052661,13,3,7,1040,1,2,1,1.0,6,75112,M,,,75
201300052662,13,3,7,1545,1,2,1,1.0,3,75112,M,,,75
201300052663,13,3,7,1945,5,2,2,1.0,3,75112,M,,,75
201300052664,13,3,8,1520,1,2,7,1.0,3,75112,M,,,75
201300052665,13,3,8,2220,5,2,1,1.0,6,75112,M,,,75
201300052666,13,3,9,1400,1,2,6,1.0,7,75112,M,,,75
201300052667,13,3,11,1525,1,2,3,2.0,6,75112,M,,,75
201300052668,13,3,14,700,1,2,1,1.0,2,75112,M,,,75
201300052669,13,3,16,730,2,2,1,1.0,6,75112,M,,,75
201300052670,13,3,17,1045,1,2,1,1.0,3,75112,M,,,75
201300052671,13,3,18,1810,1,2,1,2.0,6,75112,M,,,75
201300052672,13,3,19,2250,5,2,4,2.0,4,75112,M,,,75
201300052673,13,3,20,1845,1,2,2,1.0,6,75112,M,,,75
201300052674,13,3,21,1800,1,2,2,1.0,6,75112,M,,,75
201300052675,13,3,22,1950,5,2,1,1.0,2,75112,M,,,75
201300052676,13,3,22,2105,5,2,1,1.0,6,75112,M,,,75
201300052677,13,3,25,2100,5,2,1,1.0,6,75112,M,,,75
201300052678,13,3,26,2000,5,2,1,1.0,3,75112,M,,,75
201300052679,13,3,27,1150,1,2,2,1.0,3,75112,M,,,75
201300052680,13,3,29,825,1,2,2,1.0,3,75112,M,,,75
201300052681,13,3,29,1800,1,2,4,1.0,2,75112,M,,,75
201300052682,13,3,31,647,2,2,4,1.0,6,75112,M,,,75
201300052683,13,4,3,1415,1,2,5,1.0,6,75112,M,,,75
201300052684,13,4,3,1430,2,2,1,1.0,2,75112,M,,,75
201300052685,13,4,3,1800,1,2,2,1.0,3,75112,M,,,75
201300052686,13,4,9,1110,1,2,2,8.0,2,75112,M,,,75
201300052687,13,4,9,2000,1,2,1,1.0,2,75112,M,,,75
201300052688,13,4,11,110,5,2,7,2.0,6,75112,M,,,75
201300052689,13,4,12,1300,1,2,5,1.0,3,75112,M,,,75
201300052690,13,4,12,1915,1,2,2,2.0,6,75112,M,,,75
201300052691,13,4,14,1930,1,2,1,1.0,3,75112,M,,,75
201300052692,13,4,15,1800,1,2,5,1.0,2,75112,M,,,75
201300052693,13,4,17,910,1,2,7,1.0,2,75112,M,,,75
201300052694,13,4,17,945,1,2,1,1.0,2,75112,M,,,75
201300052695,13,4,17,1620,1,2,1,1.0,2,75112,M,,,75
201300052696,13,4,18,955,1,2,1,1.0,6,75112,M,,,75
201300052697,13,4,18,1750,1,2,1,1.0,2,75112,M,,,75
201300052698,13,4,18,2310,5,2,3,1.0,1,75112,M,,,75
201300052699,13,4,19,1035,1,2,2,1.0,3,75112,M,,,75
201300052700,13,4,19,1200,1,2,3,1.0,6,75112,M,,,75
201300052701,13,4,20,210,5,2,1,1.0,3,75112,M,,,75
201300052702,13,4,20,930,1,2,5,1.0,3,75112,M,,,75
201300052703,13,4,21,1110,1,2,3,1.0,7,75112,M,,,75
201300052704,13,4,22,1730,1,2,1,1.0,3,75112,M,,,75
201300052705,13,4,22,1745,1,2,1,1.0,6,75112,M,,,75
201300052706,13,4,24,1835,1,2,1,1.0,6,75112,M,,,75
201300052707,13,4,25,1025,1,2,1,1.0,6,75112,M,,,75
201300052708,13,4,26,1505,1,2,1,1.0,2,75112,M,,,75
201300052709,13,4,27,1800,1,2,1,1.0,3,75112,M,,,75
201300052710,13,4,29,1050,1,2,4,1.0,6,75112,M,,,75
201300052711,13,4,30,650,1,2,2,1.0,3,75112,M,,,75
201300052712,13,4,30,841,1,2,3,1.0,7,75112,M,,,75
201300052713,13,4,30,1100,1,2,1,1.0,2,75112,M,,,75
201300052714,13,5,1,830,1,2,1,1.0,6,75112,M,,,75
201300052715,13,5,1,2230,5,2,3,2.0,7,75112,M,,,75
201300052716,13,5,2,845,1,2,1,1.0,2,75112,M,,,75
201300052717,13,5,5,1215,1,2,2,1.0,3,75112,M,,,75
201300052718,13,5,7,1530,1,2,1,1.0,6,75112,M,,,75
201300052719,13,5,7,1250,1,2,4,1.0,6,75112,M,,,75
201300052720,13,5,9,1300,1,2,2,1.0,6,75112,M,,,75
201300052721,13,5,10,1730,1,2,7,1.0,6,75112,M,,,75
201300052722,13,5,10,2340,5,2,1,1.0,6,75112,M,,,75
201300052723,13,5,12,1600,1,2,7,1.0,2,75112,M,,,75
201300052724,13,5,13,1650,1,2,7,1.0,6,75112,M,,,75
201300052725,13,5,14,115,5,2,7,1.0,3,75104,M,,,75
201300052726,13,5,14,2115,2,2,2,1.0,2,75112,M,,,75
201300052727,13,5,15,720,1,2,7,2.0,6,75104,M,,,75
201300052728,13,5,16,600,2,2,2,2.0,3,75112,M,,,75
201300052729,13,5,16,1900,1,2,1,1.0,6,75112,M,,,75
201300052730,13,5,18,715,1,2,1,1.0,6,75112,M,,,75
201300052731,13,5,19,207,5,2,5,1.0,3,75112,M,,,75
201300052732,13,5,22,1100,1,2,5,7.0,6,75112,M,,,75
201300052733,13,5,22,1300,1,2,3,1.0,6,75112,M,,,75
201300052734,13,5,23,715,1,2,3,1.0,3,75112,M,,,75
201300052735,13,5,24,810,1,2,7,1.0,3,75112,M,,,75
201300052736,13,5,25,105,5,2,7,1.0,7,75112,M,,,75
201300052737,13,5,25,2300,5,2,1,1.0,3,75112,M,,,75
201300052738,13,5,26,900,1,2,4,1.0,3,75112,M,,,75
201300052739,13,5,27,105,5,2,1,1.0,6,75112,M,,,75
201300052740,13,5,27,1100,1,2,2,1.0,3,75111,M,,,75
201300052741,13,5,29,1300,1,2,1,1.0,6,75112,M,,,75
201300052742,13,5,29,2215,5,2,1,1.0,6,75112,M,,,75
201300052743,13,5,27,2140,5,2,1,1.0,6,75112,M,,,75
201300052744,13,5,31,1110,1,2,1,1.0,3,75112,M,,,75
201300052745,13,6,1,1000,1,2,1,1.0,3,75112,M,,,75
201300052746,13,6,2,1800,1,2,1,1.0,1,75112,M,,,75
201300052747,13,6,3,745,1,2,7,1.0,6,75112,M,,,75
201300052748,13,6,3,1000,1,2,4,1.0,3,75112,M,,,75
201300052749,13,6,4,725,2,2,1,1.0,1,75112,M,,,75
201300052750,13,6,4,1155,1,2,2,1.0,6,75112,M,,,75
201300052751,13,6,5,1225,1,2,7,1.0,6,75112,M,,,75
201300052752,13,6,6,1030,1,2,7,1.0,3,75112,M,,,75
201300052753,13,6,6,1730,1,2,1,1.0,6,75112,M,,,75
201300052754,13,6,8,120,5,2,2,1.0,6,75112,M,,,75
201300052755,13,6,8,2150,5,2,2,1.0,3,75112,M,,,75
201300052756,13,6,10,830,1,2,1,8.0,3,75112,M,,,75
201300052757,13,6,12,1105,1,2,2,1.0,3,75112,M,,,75
201300052758,13,6,12,1940,2,2,1,1.0,3,75112,M,,,75
201300052759,13,6,13,1140,1,2,1,1.0,3,75112,M,,,75
201300052760,13,6,13,2030,2,2,2,1.0,3,75112,M,,,75
201300052761,13,6,14,1332,1,2,1,1.0,6,75112,M,,,75
201300052762,13,6,15,1230,1,2,1,1.0,7,75112,M,,,75
201300052763,13,6,16,1625,1,2,1,1.0,6,75112,M,,,75
201300052764,13,6,18,940,1,2,1,1.0,6,75112,M,,,75
201300052765,13,6,18,1735,1,2,1,1.0,1,75112,M,,,75
201300052766,13,6,19,905,1,2,3,2.0,6,75112,M,,,75
201300052767,13,6,19,920,1,2,2,1.0,1,75112,M,,,75
201300052768,13,6,19,1420,1,2,1,1.0,2,75112,M,,,75
201300052769,13,6,19,2100,1,2,2,1.0,6,75112,M,,,75
201300052770,13,6,19,2350,5,2,3,1.0,1,75112,M,,,75
201300052771,13,6,20,950,1,2,1,1.0,7,75112,M,,,75
201300052772,13,6,21,1710,1,2,1,1.0,5,75112,M,,,75
201300052773,13,6,24,1630,1,2,1,1.0,6,75112,M,,,75
201300052774,13,6,26,1125,1,2,2,1.0,2,75112,M,,,75
201300052775,13,6,27,1445,1,2,1,1.0,6,75112,M,,,75
201300052776,13,6,27,2115,2,2,5,1.0,2,75112,M,,,75
201300052777,13,6,28,1140,1,2,1,2.0,7,75112,M,,,75
201300052778,13,7,2,1100,2,2,3,1.0,3,75112,M,,,75
201300052779,13,7,3,850,1,2,3,1.0,6,75112,M,,,75
201300052780,13,7,3,2010,2,2,2,2.0,6,75112,M,,,75
201300052781,13,7,5,1900,1,2,5,1.0,3,75112,M,,,75
201300052782,13,7,6,515,5,2,1,1.0,6,75112,M,,,75
201300052783,13,7,7,1220,1,2,1,1.0,3,75112,M,,,75
201300052784,13,7,8,1600,1,2,1,1.0,7,75112,M,,,75
201300052785,13,7,9,400,5,2,1,1.0,6,75112,M,,,75
201300052786,13,7,9,645,1,2,3,1.0,4,75112,M,,,75
201300052787,13,7,10,1700,1,2,1,1.0,7,75112,M,,,75
201300052788,13,7,10,1930,1,2,1,1.0,3,75112,M,,,75
201300052789,13,7,12,950,1,2,1,1.0,3,75112,M,,,75
201300052790,13,7,12,1825,1,2,3,1.0,6,75112,M,,,75
201300052791,13,7,13,800,1,2,4,1.0,3,75112,M,,,75
201300052792,13,7,15,1650,1,2,4,1.0,1,75112,M,,,75
201300052793,13,7,16,1340,1,2,5,1.0,6,75112,M,,,75
201300052794,13,7,16,2315,3,2,2,1.0,3,75112,M,,,75
201300052795,13,7,17,1635,1,2,7,1.0,7,75112,M,,,75
201300052796,13,7,18,2015,1,2,7,1.0,3,75112,M,,,75
201300052797,13,7,20,1745,1,2,1,1.0,7,75112,M,,,75
201300052798,13,7,20,2230,5,2,2,1.0,3,75112,M,,,75
201300052799,13,7,22,2015,1,2,1,1.0,2,75112,M,,,75
201300052800,13,7,23,1850,1,2,1,1.0,7,75112,M,,,75
201300052801,13,7,24,1700,1,2,1,1.0,7,75112,M,,,75
201300052802,13,7,24,2215,5,2,3,1.0,2,75112,M,,,75
201300052803,13,7,25,1816,1,2,1,1.0,6,75112,M,,,75
201300052804,13,7,25,2030,1,2,1,1.0,6,75112,M,,,75
201300052805,13,7,27,1705,1,2,7,1.0,6,75112,M,,,75
201300052806,13,7,28,355,5,2,7,1.0,6,75112,M,,,75
201300052807,13,7,28,2049,1,2,1,1.0,2,75112,M,,,75
201300052808,13,7,29,830,1,2,4,1.0,2,75112,M,,,75
201300052809,13,7,31,1835,1,2,3,1.0,1,75112,M,,,75
201300052810,13,7,31,1945,1,2,1,1.0,3,75112,M,,,75
201300052811,13,7,31,2340,5,2,1,1.0,6,75112,M,,,75
201300052812,13,8,3,1320,1,2,7,1.0,3,75112,M,,,75
201300052813,13,8,5,1205,1,2,3,1.0,3,75112,M,,,75
201300052814,13,8,4,1941,1,2,2,1.0,7,75112,M,,,75
201300052815,13,8,6,1310,1,2,5,1.0,6,75112,M,,,75
201300052816,13,8,6,1510,1,2,5,1.0,3,75112,M,,,75
201300052817,13,8,8,1525,1,2,3,1.0,3,75112,M,,,75
201300052818,13,8,8,1640,1,2,7,1.0,3,75112,M,,,75
201300052819,13,8,8,2236,5,2,3,1.0,6,75112,M,,,75
201300052820,13,8,10,1215,1,2,1,1.0,3,75112,M,,,75
201300052821,13,8,11,130,5,2,1,1.0,6,75112,M,,,75
201300052822,13,8,12,620,2,2,1,1.0,2,75112,M,,,75
201300052823,13,8,12,2040,1,2,7,1.0,3,75112,M,,,75
201300052824,13,8,14,1620,1,2,5,1.0,3,75112,M,,,75
201300052825,13,8,15,1600,1,2,7,1.0,6,75112,M,,,75
201300052826,13,8,17,805,1,2,5,1.0,6,75112,M,,,75
201300052827,13,8,18,2220,5,2,3,1.0,6,75112,M,,,75
201300052828,13,8,19,1715,1,2,4,1.0,2,75112,M,,,75
201300052829,13,8,21,2025,1,2,2,1.0,2,75112,M,,,75
201300052830,13,8,22,1520,1,2,1,1.0,1,75112,M,,,75
201300052831,13,8,23,1605,1,2,1,1.0,6,75112,M,,,75
201300052832,13,8,25,45,5,2,7,2.0,2,75112,M,,,75
201300052833,13,8,27,1020,1,2,3,1.0,6,75112,M,,,75
201300052834,13,8,27,1730,1,2,1,2.0,2,75112,M,,,75
201300052835,13,8,27,1830,1,2,1,2.0,2,75112,M,,,75
201300052836,13,8,28,1800,1,2,1,1.0,7,75112,M,,,75
201300052837,13,8,29,920,2,2,1,1.0,2,75112,M,,,75
201300052838,13,8,29,1350,1,2,2,1.0,1,75112,M,,,75
201300052839,13,8,31,306,5,2,6,1.0,6,75112,M,,,75
201300052840,13,9,1,145,5,2,2,1.0,3,75112,M,,,75
201300052841,13,9,3,1025,1,2,7,1.0,3,75112,M,,,75
201300052842,13,9,3,1855,1,2,1,1.0,3,75112,M,,,75
201300052843,13,9,4,1450,1,2,1,1.0,4,75112,M,,,75
201300052844,13,9,5,730,1,2,5,1.0,2,75112,M,,,75
201300052845,13,9,8,2200,5,2,7,1.0,2,75111,M,,,75
201300052846,13,9,12,1600,1,2,2,2.0,6,75112,M,,,75
201300052847,13,9,13,35,5,2,2,1.0,3,75112,M,,,75
201300052848,13,9,13,1100,1,2,2,2.0,6,75112,M,,,75
201300052849,13,9,14,825,1,2,7,2.0,3,75112,M,,,75
201300052850,13,9,14,2330,5,2,1,2.0,6,75112,M,,,75
201300052851,13,9,15,337,5,2,2,1.0,6,75112,M,,,75
201300052852,13,9,15,357,5,2,1,2.0,6,75112,M,,,75
201300052853,13,9,17,910,1,2,1,1.0,2,75112,M,,,75
201300052854,13,9,18,725,1,2,1,1.0,7,75112,M,,,75
201300052855,13,9,8,800,1,2,1,1.0,2,75112,M,,,75
201300052856,13,9,20,745,1,2,3,1.0,3,75111,M,,,75
201300052857,13,9,20,2130,5,2,2,1.0,3,75112,M,,,75
201300052858,13,9,21,1115,1,2,1,1.0,2,75112,M,,,75
201300052859,13,9,21,1400,1,2,3,1.0,3,75112,M,,,75
201300052860,13,9,21,1720,1,2,3,1.0,6,75112,M,,,75
201300052861,13,9,21,1830,1,2,1,1.0,3,75112,M,,,75
201300052862,13,9,22,210,5,2,5,1.0,6,75111,M,,,75
201300052863,13,9,22,1440,1,2,2,1.0,3,75112,M,,,75
201300052864,13,9,23,1120,1,2,3,1.0,3,75112,M,,,75
201300052865,13,9,23,1455,1,2,2,1.0,3,75112,M,,,75
201300052866,13,9,24,1025,1,2,1,1.0,6,75112,M,,,75
201300052867,13,9,26,1030,1,2,1,1.0,6,75112,M,,,75
201300052868,13,9,26,1245,1,2,1,1.0,2,75112,M,,,75
201300052869,13,9,26,1930,5,2,1,1.0,1,75112,M,,,75
201300052870,13,9,27,910,1,2,5,1.0,3,75112,M,,,75
201300052871,13,9,28,1,5,2,2,1.0,6,75112,M,,,75
201300052872,13,9,29,245,5,2,5,8.0,6,75112,M,,,75
201300052873,13,9,30,845,1,2,1,1.0,2,75112,M,,,75
201300052874,13,9,30,1205,1,2,3,1.0,6,75112,M,,,75
201300052875,13,10,1,900,1,2,1,1.0,3,75112,M,,,75
201300052876,13,10,1,1800,1,2,1,1.0,3,75112,M,,,75
201300052877,13,10,2,1215,1,2,1,1.0,6,75112,M,,,75
201300052878,13,10,2,1250,1,2,6,1.0,3,75112,M,,,75
201300052879,13,10,3,1040,1,2,7,1.0,3,75112,M,,,75
201300052880,13,10,4,1145,1,2,7,1.0,3,75112,M,,,75
201300052881,13,10,8,620,3,2,7,1.0,7,75112,M,,,75
201300052882,13,10,8,2230,5,2,2,1.0,6,75112,M,,,75
201300052883,13,10,9,2000,5,2,3,2.0,6,75111,M,,,75
201300052884,13,10,11,840,1,2,1,2.0,7,75112,M,,,75
201300052885,13,10,11,1745,1,2,1,8.0,4,75112,M,,,75
201300052886,13,10,11,1700,1,2,5,1.0,6,75112,M,,,75
201300052887,13,10,12,1720,1,2,1,1.0,3,75112,M,,,75
201300052888,13,10,13,1250,1,2,1,1.0,3,75112,M,,,75
201300052889,13,10,13,2330,5,2,1,1.0,6,75112,M,,,75
201300052890,13,10,14,1945,5,2,1,2.0,3,75112,M,,,75
201300052891,13,10,15,920,1,2,1,1.0,6,75112,M,,,75
201300052892,13,10,16,1900,5,2,1,2.0,6,75111,M,,,75