Num_Acc,an,mois,jour,hrmn,lum,agg,int,atm,col,com,gps,lat,long,dep
201300053298,13,11,15,1545,1,2,3,1.0,6,75113,M,,,75
201300053299,13,11,16,1445,1,2,2,1.0,2,75113,M,,,75
201300053300,13,11,17,1020,1,2,1,1.0,7,75113,M,,,75
201300053301,13,11,17,2055,5,2,1,1.0,6,75113,M,,,75
201300053302,13,11,19,1025,1,2,2,1.0,3,75113,M,,,75
201300053303,13,11,20,1345,1,2,1,1.0,6,75113,M,,,75
201300053304,13,11,20,1740,3,2,5,2.0,6,75113,M,,,75
201300053305,13,11,21,640,5,2,3,2.0,2,75113,M,,,75
201300053306,13,11,21,845,1,2,2,1.0,3,75113,M,,,75
201300053307,13,11,23,1747,5,2,2,1.0,2,75113,M,,,75
201300053308,13,11,25,1930,5,2,2,1.0,2,75113,M,,,75
201300053309,13,11,27,1400,1,2,2,1.0,7,75113,M,,,75
201300053310,13,11,28,1540,1,2,3,1.0,6,75113,M,,,75
201300053311,13,11,28,1755,2,2,1,8.0,4,75113,M,,,75
201300053312,13,11,29,1710,5,2,2,2.0,6,75113,M,,,75
201300053313,13,11,30,1735,2,2,2,8.0,6,75113,M,,,75
201300053314,13,12,1,1600,1,2,4,1.0,3,75113,M,,,75
201300053315,13,12,3,820,1,2,2,1.0,6,75113,M,,,75
201300053316,13,12,3,1935,3,2,2,1.0,2,75113,M,,,75
201300053317,13,12,5,1610,1,2,2,1.0,6,75113,M,,,75
201300053318,13,12,6,2045,5,2,1,1.0,2,75113,M,,,75
201300053319,13,12,7,240,5,2,5,1.0,3,75113,M,,,75
201300053320,13,12,8,1939,5,2,1,1.0,6,75113,M,,,75
201300053321,13,12,8,2010,5,2,2,1.0,1,75113,M,,,75
201300053322,13,12,13,1200,1,2,5,1.0,6,75113,M,,,75
201300053323,13,12,13,1910,5,2,3,2.0,7,75113,M,,,75
201300053324,13,12,14,1015,1,2,7,1.0,3,75113,M,,,75
201300053325,13,12,14,1300,1,2,2,1.0,6,75113,M,,,75
201300053326,13,12,14,1545,1,2,3,1.0,3,75113,M,,,75
201300053327,13,12,14,2120,5,2,2,1.0,3,75113,M,,,75
201300053328,13,12,15,1900,5,2,1,1.0,2,75113,M,,,75
201300053329,13,12,16,955,1,2,1,1.0,6,75113,M,,,75
201300053330,13,12,16,1240,1,2,2,1.0,3,75113,M,,,75
201300053331,13,12,17,1220,1,2,2,1.0,3,75113,M,,,75
201300053332,13,12,17,1950,5,2,2,1.0,6,75113,M,,,75
201300053333,13,12,19,1500,1,2,2,1.0,1,75113,M,,,75
201300053334,13,12,20,125,5,2,4,1.0,7,75113,M,,,75
201300053335,13,12,20,1330,1,2,2,1.0,3,75113,M,,,75
201300053336,13,12,20,1805,5,2,5,1.0,6,75113,M,,,75
201300053337,13,12,20,1820,4,2,1,1.0,3,75113,M,,,75
201300053338,13,12,20,2045,5,2,3,1.0,3,75113,M,,,75
201300053339,13,12,22,105,5,2,3,1.0,6,75113,M,,,75
201300053340,13,12,23,1250,1,2,2,1.0,3,75113,M,,,75
201300053341,13,12,23,1655,1,2,1,2.0,6,75113,M,,,75
201300053342,13,12,25,2015,5,2,3,3.0,4,75113,M,,,75
201300053343,13,12,27,1722,5,2,2,2.0,1,75113,M,,,75
201300053344,13,12,29,700,5,2,3,1.0,3,75113,M,,,75
201300053345,13,12,29,1305,1,2,1,2.0,2,75113,M,,,75
201300053346,13,12,30,1140,1,2,2,1.0,6,75113,M,,,75
201300053347,13,1,3,950,1,2,1,2.0,6,75114,M,,,75
201300053348,13,1,6,1305,1,2,3,1.0,3,75115,M,,,75
201300053349,13,1,7,1005,1,2,3,1.0,3,75114,M,,,75
201300053350,13,1,7,1415,1,2,7,1.0,6,75114,M,,,75
201300053351,13,1,9,1330,1,2,5,2.0,3,75114,M,,,75
201300053352,13,1,4,245,5,2,1,1.0,2,75114,M,,,75
201300053353,13,1,11,755,2,2,5,1.0,3,75114,M,,,75
201300053354,13,1,11,1050,1,2,2,1.0,3,75114,M,,,75
201300053355,13,1,12,1745,5,2,1,1.0,4,75114,M,,,75
201300053356,13,1,14,1940,5,2,3,4.0,3,75114,M,,,75
201300053357,13,1,17,1455,1,2,2,1.0,3,75114,M,,,75
201300053358,13,1,18,1640,1,2,4,1.0,2,75114,M,,,75
201300053359,13,1,18,1930,3,2,1,4.0,6,75114,M,,,75
201300053360,13,1,21,1830,5,2,5,4.0,3,75114,M,,,75
201300053361,13,1,22,1424,1,2,3,4.0,3,75114,M,,,75
201300053362,13,1,23,1240,1,2,1,1.0,4,75114,M,,,75
201300053363,13,1,30,1950,5,2,2,1.0,3,75107,M,,,75
201300053364,13,2,1,1545,1,2,7,2.0,6,75114,M,,,75
201300053365,13,2,1,1820,2,2,7,2.0,6,75114,M,,,75
201300053366,13,2,3,1030,1,2,1,1.0,3,75114,M,,,75
201300053367,13,2,3,1702,1,2,1,8.0,4,75114,M,,,75
201300053368,13,2,3,2130,5,2,3,2.0,6,75114,M,,,75
201300053369,13,2,4,645,5,2,3,1.0,6,75114,M,,,75
201300053370,13,2,4,850,1,2,2,2.0,7,75114,M,,,75
201300053371,13,2,5,1700,1,2,1,1.0,6,75114,M,,,75
201300053372,13,2,7,1,3,2,3,2.0,6,75114,M,,,75
201300053373,13,2,7,820,1,2,3,2.0,6,75114,M,,,75
201300053374,13,2,7,1245,1,2,1,1.0,3,75114,M,,,75
201300053375,13,2,8,1920,4,2,3,2.0,6,75114,M,,,75
201300053376,13,2,9,655,5,2,2,2.0,6,75114,M,,,75
201300053377,13,2,9,1040,1,2,1,8.0,3,75114,M,,,75
201300053378,13,2,10,1200,1,2,3,4.0,2,75114,M,,,75
201300053379,13,2,13,1552,1,2,4,1.0,6,75114,M,,,75
201300053380,13,2,15,1650,1,2,1,1.0,7,75114,M,,,75
201300053381,13,2,16,925,1,2,2,1.0,3,75114,M,,,75
201300053382,13,2,18,940,1,2,5,1.0,6,75114,M,,,75
201300053383,13,2,20,1850,5,2,1,1.0,6,75114,M,,,75
201300053384,13,2,21,940,1,2,3,1.0,2,75114,M,,,75
201300053385,13,2,22,1030,1,2,3,1.0,6,75114,M,,,75
201300053386,13,2,23,710,5,2,1,1.0,6,75114,M,,,75
201300053387,13,2,26,1150,1,2,2,1.0,2,75114,M,,,75
201300053388,13,2,28,1750,1,2,3,8.0,6,75114,M,,,75
201300053389,13,2,28,1920,5,2,3,1.0,2,75114,M,,,75
201300053390,13,2,28,2105,3,2,1,1.0,7,75114,M,,,75
201300053391,13,3,1,225,5,2,2,1.0,2,75114,M,,,75
201300053392,13,3,3,1054,1,2,5,1.0,2,75114,M,,,75
201300053393,13,3,8,1205,1,2,2,2.0,7,75114,M,,,75
201300053394,13,3,8,1530,1,2,2,2.0,6,75115,M,,,75
201300053395,13,3,12,615,2,2,1,4.0,7,75114,M,,,75
201300053396,13,3,12,1654,1,2,3,4.0,6,75114,M,,,75
201300053397,13,3,14,425,5,2,1,1.0,6,75114,M,,,75
201300053398,13,3,14,1440,1,2,2,1.0,3,75114,M,,,75
201300053399,13,3,17,15,5,2,4,1.0,6,75114,M,,,75
201300053400,13,3,19,1845,1,2,2,2.0,5,75114,M,,,75
201300053401,13,3,21,650,2,2,1,1.0,6,75114,M,,,75
201300053402,13,3,21,730,1,2,4,1.0,2,75114,M,,,75
201300053403,13,3,21,2125,5,2,5,2.0,6,75114,M,,,75
201300053404,13,3,23,2125,3,2,7,1.0,6,75114,M,,,75
201300053405,13,3,24,710,1,2,2,1.0,3,75114,M,,,75
201300053406,13,3,25,935,1,2,1,1.0,3,75114,M,,,75
201300053407,13,3,25,1405,1,2,2,1.0,3,75114,M,,,75
201300053408,13,3,28,1950,5,2,1,1.0,3,75114,M,,,75
201300053409,13,3,30,1300,1,2,7,1.0,2,75114,M,,,75
201300053410,13,3,30,1625,1,2,3,8.0,2,75114,M,,,75
201300053411,13,4,2,2020,5,2,1,1.0,6,75114,M,,,75
201300053412,13,4,4,835,1,2,4,1.0,7,75114,M,,,75
201300053413,13,4,4,1520,1,2,3,2.0,6,75114,M,,,75
201300053414,13,4,5,825,1,2,2,1.0,7,75114,M,,,75
201300053415,13,4,7,2045,5,2,7,1.0,3,75114,M,,,75
201300053416,13,4,12,1345,1,2,1,1.0,3,75114,M,,,75
201300053417,13,4,15,458,5,2,1,1.0,6,75114,M,,,75
201300053418,13,4,15,900,1,2,4,2.0,6,75114,M,,,75
201300053419,13,4,15,1805,1,2,2,1.0,3,75114,M,,,75
201300053420,13,4,17,1530,1,2,5,1.0,6,75114,M,,,75
201300053421,13,4,17,1600,1,2,2,1.0,6,75114,M,,,75
201300053422,13,4,19,1520,1,2,4,2.0,6,75114,M,,,75
201300053423,13,4,19,1610,1,2,1,1.0,6,75114,M,,,75
201300053424,13,4,19,2335,5,2,5,1.0,3,75114,M,,,75
201300053425,13,4,20,1750,1,2,3,1.0,6,75114,M,,,75
201300053426,13,4,23,1200,1,2,1,1.0,6,75114,M,,,75
201300053427,13,4,23,1345,1,2,4,1.0,6,75114,M,,,75
201300053428,13,4,23,1430,1,2,3,1.0,2,75114,M,,,75
201300053429,13,4,24,1345,1,2,5,1.0,6,75114,M,,,75
201300053430,13,4,25,1350,1,2,7,1.0,3,75114,M,,,75
201300053431,13,5,9,1930,1,2,2,1.0,6,75114,M,,,75
201300053432,13,5,10,1740,1,2,1,1.0,6,75114,M,,,75
201300053433,13,5,11,1215,1,2,4,1.0,6,75114,M,,,75
201300053434,13,5,13,1020,1,2,5,1.0,3,75114,M,,,75
201300053435,13,5,14,1226,1,2,1,1.0,3,75114,M,,,75
201300053436,13,5,17,15,5,2,5,1.0,6,75114,M,,,75
201300053437,13,5,16,1720,1,2,7,2.0,7,75114,M,,,75
201300053438,13,5,19,2145,5,2,3,2.0,6,75114,M,,,75
201300053439,13,5,18,2212,5,2,7,2.0,6,75114,M,,,75
201300053440,13,5,21,905,1,2,4,2.0,3,75114,M,,,75
201300053441,13,5,21,1840,1,2,4,2.0,2,75114,M,,,75
201300053442,13,5,22,1945,1,2,7,2.0,6,75114,M,,,75
201300053443,13,5,23,930,1,2,4,1.0,4,75114,M,,,75
201300053444,13,5,24,1515,1,2,2,2.0,3,75114,M,,,75
201300053445,13,5,25,1025,1,2,1,1.0,2,75114,M,,,75
201300053446,13,5,27,1635,1,2,1,1.0,5,75114,M,,,75
201300053447,13,5,28,1725,1,2,3,1.0,3,75114,M,,,75
201300053448,13,5,29,1,5,2,2,1.0,6,75114,M,,,75
201300053449,13,5,30,1040,1,2,5,1.0,1,75114,M,,,75
201300053450,13,6,2,1355,1,2,4,1.0,3,75114,M,,,75
201300053451,13,6,3,1845,1,2,7,1.0,2,75114,M,,,75
201300053452,13,6,4,835,1,2,1,1.0,3,75114,M,,,75
201300053453,13,6,4,740,1,2,2,1.0,3,75114,M,,,75
201300053454,13,6,4,1500,1,2,4,1.0,6,75114,M,,,75
201300053455,13,6,5,1005,1,2,2,1.0,6,75114,M,,,75
201300053456,13,6,5,1350,1,2,2,7.0,6,75114,M,,,75
201300053457,13,6,5,1650,1,2,7,1.0,7,75114,M,,,75
201300053458,13,6,5,1925,1,2,3,1.0,6,75114,M,,,75
201300053459,13,6,5,1300,1,2,2,1.0,6,75114,M,,,75
201300053460,13,6,6,900,1,2,1,1.0,5,75114,M,,,75
201300053461,13,6,6,725,1,2,5,1.0,3,75115,M,,,75
201300053462,13,6,7,1045,1,2,3,1.0,3,75114,M,,,75
201300053463,13,6,7,1645,1,2,4,1.0,3,75114,M,,,75
201300053464,13,6,12,1920,1,2,3,8.0,6,75114,M,,,75
201300053465,13,6,13,2230,5,2,4,1.0,6,75114,M,,,75
201300053466,13,6,14,1600,1,2,1,1.0,6,75114,M,,,75
201300053467,13,6,15,1645,1,2,2,1.0,3,75114,M,,,75
201300053468,13,6,15,1754,1,2,1,1.0,6,75114,M,,,75
201300053469,13,6,18,1810,1,2,2,1.0,7,75114,M,,,75
201300053470,13,6,19,2240,5,2,2,1.0,6,75114,M,,,75
201300053471,13,6,20,800,1,2,7,3.0,3,75114,M,,,75
201300053472,13,6,20,850,1,2,3,2.0,6,75114,M,,,75
201300053473,13,6,20,1045,1,2,2,2.0,1,75114,M,,,75
201300053474,13,6,20,1830,1,2,1,1.0,6,75114,M,,,75
201300053475,13,6,21,1055,1,2,2,1.0,3,75114,M,,,75
201300053476,13,6,23,1350,1,2,2,1.0,3,75114,M,,,75
201300053477,13,6,26,1845,1,2,1,1.0,6,75114,M,,,75
201300053478,13,6,27,840,1,2,3,2.0,3,75114,M,,,75
201300053479,13,6,28,1515,1,2,2,1.0,2,75114,M,,,75
201300053480,13,6,30,1825,1,2,2,1.0,1,75114,M,,,75
201300053481,13,7,1,1030,1,2,1,1.0,3,75114,M,,,75
201300053482,13,7,3,1541,1,2,5,1.0,3,75114,M,,,75
201300053483,13,7,5,900,1,2,1,1.0,3,75114,M,,,75
201300053484,13,7,5,1015,1,2,2,1.0,3,75114,M,,,75
201300053485,13,7,6,1935,1,2,1,1.0,3,75114,M,,,75
201300053486,13,7,9,1020,1,2,1,1.0,6,75114,M,,,75
201300053487,13,7,12,324,5,2,1,1.0,7,75114,M,,,75
201300053488,13,7,12,900,1,2,3,1.0,2,75114,M,,,75
201300053489,13,7,12,700,1,2,4,1.0,6,75114,M,,,75
201300053490,13,7,12,1130,1,2,1,1.0,6,75114,M,,,75
201300053491,13,7,14,700,2,2,3,1.0,6,75114,M,,,75
201300053492,13,7,14,1630,1,2,2,1.0,2,75114,M,,,75
201300053493,13,7,15,750,1,2,3,1.0,6,75114,M,,,75
201300053494,13,7,15,840,1,2,1,1.0,6,75114,M,,,75
201300053495,13,7,16,1445,1,2,4,1.0,3,75114,M,,,75
201300053496,13,7,16,1940,1,2,1,1.0,6,75114,M,,,75
201300053497,13,7,17,1435,1,2,2,1.0,3,75114,M,,,75
201300053498,13,7,17,1435,1,2,4,1.0,2,75114,M,,,75
201300053499,13,7,22,1405,1,2,3,1.0,3,75114,M,,,75
201300053500,13,7,24,2305,5,2,7,1.0,3,75114,M,,,75
201300053501,13,7,28,2125,5,2,2,1.0,3,75114,M,,,75
201300053502,13,7,29,1920,1,2,3,3.0,6,75114,M,,,75
201300053503,13,7,29,2210,5,2,5,2.0,6,75114,M,,,75
201300053504,13,7,31,810,1,2,3,1.0,7,75114,M,,,75
201300053505,13,8,4,2200,5,2,4,1.0,3,75114,M,,,75
201300053506,13,8,10,1110,1,2,7,1.0,6,75114,M,,,75
201300053507,13,8,10,1750,1,2,1,1.0,7,75114,M,,,75
201300053508,13,8,13,1050,1,2,1,1.0,7,75114,M,,,75
201300053509,13,8,17,1855,1,2,1,1.0,6,75114,M,,,75
201300053510,13,8,19,200,5,2,1,1.0,6,75114,M,,,75
201300053511,13,8,19,1420,1,2,4,1.0,3,75114,M,,,75
201300053512,13,8,20,55,5,2,2,1.0,6,75114,M,,,75
201300053513,13,8,21,2345,5,2,1,1.0,6,75114,M,,,75
201300053514,13,8,22,1725,1,2,2,1.0,3,75114,M,,,75
201300053515,13,8,22,1905,1,2,3,1.0,3,75114,M,,,75
201300053516,13,8,25,605,3,2,1,2.0,6,75114,M,,,75
201300053517,13,8,27,830,1,2,5,1.0,2,75114,M,,,75
201300053518,13,8,28,910,1,2,2,1.0,6,75114,M,,,75
201300053519,13,8,29,955,1,2,7,1.0,7,75114,M,,,75
201300053520,13,8,29,955,1,2,1,1.0,2,75116,M,,,75
201300053521,13,8,30,1510,1,2,2,1.0,3,75114,M,0.0,0.0,75
201300053522,13,8,31,900,1,2,1,8.0,2,75114,M,,,75
201300053523,13,9,1,1010,1,2,1,1.0,6,75114,M,,,75
201300053524,13,9,4,910,1,2,1,1.0,4,75114,M,,,75
201300053525,13,9,6,1110,1,2,1,3.0,3,75114,M,,,75
201300053526,13,9,6,2140,5,2,5,1.0,4,75114,M,,,75
201300053527,13,9,7,1120,1,2,5,1.0,1,75115,M,,,75
201300053528,13,9,7,1920,2,2,5,1.0,6,75114,M,,,75
201300053529,13,9,7,2240,5,2,2,1.0,2,75114,M,,,75
201300053530,13,9,9,1605,1,2,1,3.0,7,75114,M,,,75
201300053531,13,9,12,2150,5,2,1,1.0,6,75114,M,,,75
201300053532,13,9,16,1400,1,2,1,2.0,6,75114,M,,,75
201300053533,13,9,16,1535,1,2,3,2.0,7,75114,M,,,75
201300053534,13,9,16,1640,1,2,1,1.0,3,75114,M,,,75
201300053535,13,9,17,1845,1,2,1,2.0,3,75114,M,,,75
201300053536,13,9,20,900,1,2,1,1.0,3,75114,M,,,75
201300053537,13,9,22,215,5,2,1,1.0,6,75114,M,,,75
201300053538,13,9,23,1505,1,2,1,1.0,6,75114,M,,,75
201300053539,13,9,23,1910,1,2,1,1.0,3,75114,M,,,75
201300053540,13,9,24,1745,1,2,7,1.0,6,75114,M,,,75
201300053541,13,9,26,400,5,2,3,1.0,6,75114,M,,,75
201300053542,13,9,26,920,1,2,1,1.0,6,75114,M,,,75
201300053543,13,9,26,1825,1,2,2,1.0,2,75114,M,,,75
201300053544,13,9,27,1000,1,2,2,1.0,3,75114,M,,,75
201300053545,13,9,27,2305,5,2,5,1.0,3,75114,M,,,75
201300053546,13,9,28,2010,5,2,1,1.0,7,75115,M,,,75
201300053547,13,9,29,13,5,2,5,2.0,3,75114,M,,,75
201300053548,13,9,29,1830,1,2,2,2.0,3,75114,M,,,75
201300053549,13,9,30,1645,1,2,3,1.0,2,75114,M,,,75
201300053550,13,10,1,1355,1,2,7,1.0,6,75114,M,,,75
201300053551,13,10,2,1415,1,2,1,1.0,6,75114,M,,,75
201300053552,13,10,3,915,1,2,1,1.0,1,75114,M,,,75
201300053553,13,10,4,2230,5,2,2,3.0,6,75113,M,,,75
201300053554,13,10,4,630,2,2,3,8.0,6,75114,M,,,75
201300053555,13,10,4,1930,5,2,4,1.0,6,75114,M,,,75
201300053556,13,10,6,1730,1,2,1,1.0,6,75114,M,,,75
201300053557,13,10,7,1545,1,2,1,1.0,2,75114,M,,,75
201300053558,13,10,8,1000,1,2,1,1.0,6,75114,M,,,75
201300053559,13,10,8,1215,1,2,1,1.0,3,75114,M,,,75
201300053560,13,10,9,1930,2,2,3,2.0,1,75114,M,,,75
201300053561,13,10,10,1900,2,2,7,8.0,6,75114,M,,,75
201300053562,13,10,11,30,5,2,7,9.0,3,75114,M,,,75
201300053563,13,10,11,840,1,2,7,2.0,3,75114,M,,,75
201300053564,13,10,15,900,1,2,3,1.0,6,75114,M,,,75
201300053565,13,10,15,1015,1,2,5,1.0,3,75114,M,,,75
201300053566,13,10,16,1350,1,2,2,2.0,7,75114,M,,,75
201300053567,13,10,17,1815,1,2,1,1.0,1,75114,M,,,75
201300053568,13,10,17,2005,5,2,1,1.0,6,75114,M,,,75
201300053569,13,10,18,1050,1,2,3,8.0,6,75114,M,,,75
201300053570,13,10,18,1155,1,2,1,1.0,2,75114,M,,,75
201300053571,13,10,19,1212,1,2,7,1.0,3,75114,M,,,75
201300053572,13,10,21,1550,1,2,1,1.0,6,75114,M,,,75
201300053573,13,10,22,815,1,2,7,1.0,3,75114,M,,,75
201300053574,13,10,24,900,1,2,3,8.0,6,75114,M,,,75
201300053575,13,10,25,115,5,2,1,2.0,3,75114,M,,,75
201300053576,13,10,25,905,1,2,3,2.0,2,75114,M,,,75
201300053577,13,10,25,625,2,2,1,1.0,6,75114,M,,,75
201300053578,13,10,26,1738,1,2,7,2.0,6,75114,M,,,75
201300053579,13,10,26,2030,5,2,1,1.0,2,75114,M,,,75
201300053580,13,10,28,940,1,2,3,2.0,6,75114,M,,,75
201300053581,13,11,1,750,2,2,1,2.0,6,75114,M,,,75
201300053582,13,11,1,1650,3,2,5,2.0,3,75114,M,,,75
201300053583,13,11,2,1450,1,2,5,8.0,3,75114,M,,,75
201300053584,13,11,2,1920,5,2,7,2.0,6,75114,M,,,75
201300053585,13,11,3,1115,1,2,2,7.0,4,75114,M,,,75
201300053586,13,11,3,1350,1,2,5,1.0,2,75114,M,,,75
201300053587,13,11,3,2020,5,2,3,1.0,6,75114,M,,,75
201300053588,13,11,3,2335,5,2,3,3.0,6,75114,M,,,75
201300053589,13,11,5,850,1,2,1,3.0,6,75114,M,,,75
201300053590,13,11,7,1515,1,2,4,1.0,3,75114,M,,,75
201300053591,13,11,7,1940,5,2,5,2.0,6,75114,M,,,75
201300053592,13,11,8,1750,5,2,1,1.0,6,75114,M,,,75
201300053593,13,11,13,820,1,2,4,1.0,7,75114,M,,,75
201300053594,13,11,14,1340,1,2,2,1.0,6,75114,M,,,75
201300053595,13,11,14,1505,2,2,1,1.0,6,75114,M,,,75
201300053596,13,11,14,1605,1,2,1,2.0,7,75114,M,,,75
201300053597,13,11,14,2045,5,2,2,1.0,3,75114,M,,,75
201300053598,13,11,17,2110,5,2,1,1.0,6,75114,M,,,75
201300053599,13,11,18,1745,5,2,4,1.0,3,75114,M,,,75
201300053600,13,11,19,2200,5,2,2,2.0,2,75114,M,,,75
201300053601,13,11,22,915,1,2,1,1.0,3,75114,M,,,75
201300053602,13,11,25,1920,5,2,7,1.0,6,75115,M,,,75
201300053603,13,11,26,1210,1,2,1,1.0,6,75114,M,,,75
201300053604,13,11,27,2025,4,2,3,1.0,3,75114,M,,,75
201300053605,13,11,28,1510,1,2,1,1.0,7,75112,M,,,75
201300053606,13,11,28,1620,2,2,1,2.0,6,75114,M,,,75
201300053607,13,11,29,2032,5,2,3,2.0,6,75114,M,,,75
201300053608,13,11,30,2120,4,2,3,1.0,6,75114,M,,,75
201300053609,13,12,2,1705,5,2,2,1.0,6,75114,M,,,75
201300053610,13,12,3,1515,1,2,2,1.0,6,75114,M,,,75
201300053611,13,12,5,1010,1,2,3,1.0,2,75114,M,,,75
201300053612,13,12,6,1745,5,2,1,1.0,6,75114,M,,,75
201300053613,13,12,7,1315,1,2,1,1.0,6,75114,M,,,75
201300053614,13,12,7,2300,5,2,2,1.0,7,75114,M,,,75
201300053615,13,12,8,1335,1,2,1,1.0,6,75114,M,,,75
201300053616,13,12,10,1250,1,2,3,1.0,2,75106,M,,,75
201300053617,13,12,12,925,1,2,1,1.0,2,75114,M,,,75
201300053618,13,12,12,1115,1,2,1,1.0,7,75114,M,,,75
201300053619,13,12,12,1220,1,2,2,1.0,3,75114,M,,,75
201300053620,13,12,14,1555,1,2,1,8.0,6,75114,M,,,75
201300053621,13,12,16,2010,5,2,1,1.0,7,75114,M,,,75
201300053622,13,12,20,1600,2,2,3,7.0,6,75114,M,,,75
201300053623,13,12,23,1440,1,2,4,1.0,6,75114,M,,,75
201300053624,13,12,24,830,1,2,1,2.0,6,75114,M,,,75
201300053625,13,12,24,1600,1,2,5,3.0,6,75114,M,,,75
201300053626,13,12,24,1747,5,2,3,2.0,3,75114,M,,,75
201300053627,13,12,25,200,5,2,1,2.0,6,75114,M,,,75
201300053628,13,12,25,2055,4,2,1,2.0,3,75114,M,,,75
201300053629,13,12,31,1215,1,2,4,2.0,3,75114,M,,,75
201300053630,13,1,2,1645,1,2,3,1.0,3,75115,M,,,75
201300053631,13,1,4,800,5,2,2,1.0,6,75115,M,,,75
201300053632,13,1,10,1400,1,2,4,2.0,7,75115,M,,,75
201300053633,13,1,10,1535,1,2,7,2.0,2,75115,M,,,75
201300053634,13,1,11,1830,5,2,1,2.0,7,75115,M,,,75
201300053635,13,1,11,1940,5,2,3,2.0,3,75115,M,,,75
201300053636,13,1,13,1935,3,2,1,2.0,6,75115,M,,,75
201300053637,13,1,16,945,1,2,5,4.0,7,75115,M,,,75
201300053638,13,1,16,1535,1,2,3,1.0,6,75115,M,,,75
201300053639,13,1,19,725,5,2,1,4.0,7,75115,M,,,75
201300053640,13,1,22,2200,5,2,5,2.0,6,75115,M,,,75
201300053641,13,1,23,750,2,2,2,1.0,6,75115,M,,,75
201300053642,13,1,24,950,1,2,2,1.0,3,75115,M,,,75
201300053643,13,1,24,1530,1,2,1,1.0,6,75115,M,,,75
201300053644,13,1,24,1820,5,2,3,1.0,6,75115,M,,,75
201300053645,13,1,26,550,5,2,2,1.0,3,75115,M,,,75
201300053646,13,1,26,1753,5,2,1,1.0,7,75115,M,,,75
201300053647,13,1,27,250,5,2,1,1.0,6,75115,M,,,75
201300053648,13,1,27,1915,5,2,2,1.0,3,75115,M,,,75
201300053649,13,1,28,1550,1,2,2,1.0,3,75115,M,,,75
201300053650,13,1,30,115,5,2,5,2.0,6,75115,M,,,75
201300053651,13,1,30,1150,1,2,1,3.0,6,75115,M,,,75
201300053652,13,1,30,1445,1,2,5,8.0,7,75115,M,,,75
201300053653,13,1,31,1255,1,2,2,1.0,6,75115,M,,,75
201300053654,13,2,2,1720,3,2,2,3.0,3,75115,M,,,75
201300053655,13,2,4,1525,1,2,7,8.0,3,75115,M,,,75
201300053656,13,2,4,1945,5,2,1,1.0,3,75116,M,,,75
201300053657,13,2,7,910,1,2,1,1.0,6,75115,M,,,75
201300053658,13,2,10,40,5,2,2,1.0,6,75115,M,,,75
201300053659,13,2,12,1030,1,2,1,8.0,6,75115,M,,,75
201300053660,13,2,13,1035,1,2,2,1.0,6,75115,M,,,75
201300053661,13,2,14,1900,5,2,2,2.0,3,75115,M,,,75
201300053662,13,2,15,1255,1,2,2,1.0,3,75115,M,,,75
201300053663,13,2,15,1600,1,2,1,1.0,6,75115,M,,,75
201300053664,13,2,15,1540,1,2,1,1.0,3,75115,M,,,75
201300053665,13,2,15,1410,1,2,2,1.0,6,75115,M,,,75
201300053666,13,2,18,915,1,2,1,1.0,6,75115,M,,,75
201300053667,13,2,18,1230,1,2,2,1.0,6,75115,M,,,75
201300053668,13,2,19,1025,1,2,5,1.0,6,75115,M,,,75
201300053669,13,2,19,1530,1,2,2,1.0,6,75115,M,,,75
201300053670,13,2,21,1340,1,2,1,1.0,3,75115,M,,,75
201300053671,13,2,25,1105,1,2,2,1.0,6,75115,M,,,75
201300053672,13,2,25,1310,1,2,2,8.0,1,75115,M,,,75
201300053673,13,2,25,1945,5,2,2,2.0,6,75115,M,,,75
201300053674,13,3,1,2040,5,2,1,1.0,3,75115,M,,,75
201300053675,13,3,3,215,5,2,2,1.0,3,75115,M,,,75
201300053676,13,3,4,845,1,2,2,1.0,7,75115,M,,,75
201300053677,13,3,4,1158,1,2,2,1.0,1,75115,M,,,75
201300053678,13,3,4,1310,1,2,2,1.0,2,75115,M,,,75
201300053679,13,3,5,830,1,2,1,1.0,6,75115,M,,,75
201300053680,13,3,5,855,1,2,7,1.0,6,75115,M,,,75
201300053681,13,3,6,1720,1,2,3,1.0,6,75115,M,,,75
201300053682,13,3,8,1200,1,2,3,2.0,6,75115,M,,,75
201300053683,13,3,8,1930,5,2,3,2.0,6,75115,M,,,75
201300053684,13,3,13,1420,1,2,1,1.0,6,75115,M,,,75
201300053685,13,3,20,1115,1,2,3,1.0,7,75115,M,,,75
201300053686,13,3,21,1055,1,2,4,1.0,3,75115,M,,,75
201300053687,13,3,23,2150,4,2,3,1.0,2,75115,M,,,75
201300053688,13,3,24,40,5,2,2,1.0,6,75115,M,,,75
201300053689,13,3,25,1030,1,2,2,1.0,2,75115,M,,,75
201300053690,13,3,27,1145,1,2,1,1.0,6,75115,M,,,75
201300053691,13,3,28,1135,1,2,5,8.0,3,75107,M,,,75
201300053692,13,3,31,1255,1,2,5,1.0,3,75115,M,,,75
201300053693,13,4,2,1855,1,2,2,1.0,6,75107,M,,,75
201300053694,13,4,6,1030,1,2,5,1.0,6,75115,M,,,75
201300053695,13,4,7,1220,1,2,2,1.0,6,75115,M,,,75
201300053696,13,4,10,1240,1,2,1,1.0,6,75115,M,,,75
201300053697,13,4,10,1930,2,2,2,2.0,3,75115,M,,,75
201300053698,13,4,11,850,1,2,1,1.0,6,75115,M,,,75
201300053699,13,4,11,1000,1,2,1,1.0,2,75115,M,,,75
201300053700,13,4,12,2115,3,2,2,1.0,3,75115,M,,,75
201300053701,13,4,16,1015,1,2,1,1.0,6,75115,M,,,75
201300053702,13,4,16,1725,1,2,1,1.0,3,75115,M,,,75