Num_Acc,an,mois,jour,hrmn,lum,agg,int,atm,col,com,gps,lat,long,dep
201300053703,13,4,16,2240,5,2,1,1.0,6,75115,M,,,75
201300053704,13,4,17,1725,1,2,1,1.0,6,75115,M,,,75
201300053705,13,4,20,1135,1,2,1,1.0,3,75115,M,,,75
201300053706,13,4,20,1210,1,2,1,1.0,3,75115,M,,,75
201300053707,13,4,20,1130,1,2,2,1.0,6,75115,M,,,75
201300053708,13,4,21,2330,5,2,1,1.0,2,75115,M,,,75
201300053709,13,4,22,1620,1,2,2,1.0,3,75115,M,,,75
201300053710,13,4,22,2110,5,2,1,1.0,6,75115,M,,,75
201300053711,13,4,20,2215,5,2,2,1.0,3,75115,M,,,75
201300053712,13,4,25,850,1,2,2,1.0,6,75115,M,,,75
201300053713,13,4,25,1415,1,2,1,1.0,6,75115,M,,,75
201300053714,13,4,26,1255,1,2,7,1.0,2,75115,M,,,75
201300053715,13,4,26,1715,1,2,2,2.0,2,75115,M,,,75
201300053716,13,5,3,1215,1,2,1,1.0,6,75115,M,,,75
201300053717,13,5,2,2015,1,2,3,1.0,2,75115,M,,,75
201300053718,13,5,4,1330,1,2,5,1.0,2,75115,M,,,75
201300053719,13,5,4,2250,5,2,1,1.0,3,75115,M,,,75
201300053720,13,5,5,1200,1,2,3,1.0,6,75115,M,,,75
201300053721,13,5,6,1320,1,2,1,2.0,6,75115,M,,,75
201300053722,13,5,7,715,1,2,4,1.0,6,75115,M,,,75
201300053723,13,5,14,1155,1,2,1,1.0,4,75115,M,,,75
201300053724,13,5,17,1620,1,2,1,1.0,2,75115,M,,,75
201300053725,13,5,19,38,5,2,3,8.0,3,75115,M,,,75
201300053726,13,5,20,2040,5,2,2,3.0,6,75115,M,,,75
201300053727,13,5,21,1425,1,2,1,1.0,6,75115,M,,,75
201300053728,13,5,21,2300,5,2,2,1.0,3,75115,M,,,75
201300053729,13,5,22,1155,1,2,1,1.0,7,75115,M,,,75
201300053730,13,5,23,1940,2,2,1,2.0,6,75115,M,,,75
201300053731,13,5,24,1225,1,2,1,2.0,6,75115,M,,,75
201300053732,13,5,24,1940,1,2,1,2.0,6,75115,M,,,75
201300053733,13,5,25,2015,1,2,1,1.0,3,75115,M,,,75
201300053734,13,5,26,1855,1,2,4,1.0,3,75115,M,,,75
201300053735,13,5,26,1945,1,2,2,1.0,6,75115,M,,,75
201300053736,13,5,27,1000,1,2,1,1.0,2,75115,M,,,75
201300053737,13,5,29,1250,1,2,4,1.0,3,75115,M,,,75
201300053738,13,5,30,1310,1,2,1,2.0,3,75115,M,,,75
201300053739,13,5,30,2140,5,2,1,3.0,2,75115,M,,,75
201300053740,13,5,31,1645,1,2,1,1.0,6,75115,M,,,75
201300053741,13,5,31,1950,1,2,1,1.0,6,75114,M,,,75
201300053742,13,5,31,2035,1,2,3,1.0,1,75115,M,,,75
201300053743,13,5,31,2335,3,2,7,1.0,6,75115,M,,,75
201300053744,13,6,1,1600,1,2,1,1.0,6,75115,M,,,75
201300053745,13,6,3,920,1,2,1,1.0,3,75115,M,,,75
201300053746,13,6,3,1150,1,2,2,1.0,3,75115,M,,,75
201300053747,13,6,3,1415,1,2,2,1.0,6,75115,M,,,75
201300053748,13,6,4,1105,1,2,2,1.0,6,75115,M,,,75
201300053749,13,6,4,1935,1,2,7,1.0,6,75115,M,,,75
201300053750,13,6,5,1500,1,2,1,1.0,4,75115,M,,,75
201300053751,13,6,5,1630,1,2,1,1.0,2,75115,M,,,75
201300053752,13,6,7,1420,1,2,7,1.0,3,75115,M,,,75
201300053753,13,6,9,505,2,2,2,2.0,6,75115,M,,,75
201300053754,13,6,9,1350,1,2,3,8.0,3,75115,M,,,75
201300053755,13,6,10,1310,1,2,1,1.0,3,75115,M,,,75
201300053756,13,6,10,1740,1,2,2,1.0,1,75115,M,,,75
201300053757,13,6,12,2135,5,2,3,1.0,6,75115,M,,,75
201300053758,13,6,13,1120,1,2,1,2.0,6,75115,M,,,75
201300053759,13,6,13,1810,1,2,1,1.0,3,75115,M,,,75
201300053760,13,6,14,1805,1,2,1,1.0,6,75115,M,,,75
201300053761,13,6,15,323,5,2,2,1.0,6,75115,M,,,75
201300053762,13,6,17,930,1,2,1,3.0,6,75115,M,,,75
201300053763,13,6,17,1540,1,2,3,1.0,6,75115,M,,,75
201300053764,13,6,18,1125,1,2,5,1.0,6,75115,M,,,75
201300053765,13,6,18,2040,1,2,3,1.0,3,75115,M,,,75
201300053766,13,6,20,1650,1,2,3,1.0,6,75115,M,,,75
201300053767,13,6,21,1955,1,2,2,1.0,1,75115,M,,,75
201300053768,13,6,22,1315,1,2,1,1.0,7,75115,M,,,75
201300053769,13,6,22,1640,1,2,7,1.0,2,75115,M,,,75
201300053770,13,6,24,1910,1,2,1,1.0,7,75115,M,,,75
201300053771,13,6,25,35,5,2,2,1.0,2,75115,M,,,75
201300053772,13,6,25,1750,1,2,1,1.0,6,75115,M,,,75
201300053773,13,6,25,1945,1,2,1,1.0,6,75115,M,,,75
201300053774,13,6,26,1845,1,2,3,1.0,6,75115,M,,,75
201300053775,13,6,27,925,1,2,1,2.0,6,75115,M,,,75
201300053776,13,6,27,1000,1,2,1,1.0,6,75115,M,,,75
201300053777,13,6,28,1325,1,2,5,1.0,6,75115,M,,,75
201300053778,13,6,29,300,5,2,1,8.0,6,75115,M,,,75
201300053779,13,6,30,1830,1,2,2,1.0,3,75115,M,,,75
201300053780,13,7,2,905,1,2,2,1.0,6,75115,M,,,75
201300053781,13,7,2,1620,1,2,4,1.0,3,75115,M,,,75
201300053782,13,7,3,1030,1,2,1,1.0,6,75115,M,,,75
201300053783,13,7,7,1200,1,2,1,1.0,3,75115,M,,,75
201300053784,13,7,8,328,5,2,1,1.0,2,75115,M,,,75
201300053785,13,7,8,950,1,2,5,1.0,3,75115,M,,,75
201300053786,13,7,9,1900,1,2,2,1.0,3,75115,M,,,75
201300053787,13,7,10,1750,1,2,5,1.0,3,75115,M,,,75
201300053788,13,7,10,1930,1,2,1,1.0,3,75115,M,,,75
201300053789,13,7,12,1130,1,2,2,1.0,6,75115,M,,,75
201300053790,13,7,12,1600,1,2,2,1.0,6,75115,M,,,75
201300053791,13,7,12,1820,1,2,3,1.0,7,75115,M,,,75
201300053792,13,7,12,2130,1,2,3,1.0,6,75115,M,,,75
201300053793,13,7,15,1630,1,2,4,1.0,6,75115,M,,,75
201300053794,13,6,25,1415,1,2,1,1.0,6,75115,M,,,75
201300053795,13,7,16,1530,1,2,2,1.0,6,75115,M,,,75
201300053796,13,7,19,1650,1,2,1,1.0,3,75115,M,,,75
201300053797,13,7,19,1715,1,2,1,1.0,6,75115,M,,,75
201300053798,13,7,23,1400,1,2,2,2.0,6,75115,M,,,75
201300053799,13,7,23,1500,1,2,1,2.0,2,75115,M,,,75
201300053800,13,7,24,1920,1,2,1,1.0,6,75115,M,,,75
201300053801,13,7,25,1230,1,2,5,1.0,6,75115,M,,,75
201300053802,13,7,25,2010,1,2,1,1.0,6,75115,M,,,75
201300053803,13,7,26,2120,2,2,3,1.0,6,75115,M,,,75
201300053804,13,7,27,1325,1,2,7,1.0,3,75115,M,,,75
201300053805,13,7,29,303,5,2,2,1.0,2,75115,M,,,75
201300053806,13,7,29,1730,1,1,7,1.0,3,75115,M,,,75
201300053807,13,7,30,715,1,2,4,1.0,7,75115,M,,,75
201300053808,13,7,31,2120,3,2,1,1.0,6,75115,M,,,75
201300053809,13,7,31,2100,5,2,4,1.0,3,75115,M,,,75
201300053810,13,8,1,1430,1,2,1,1.0,6,75115,M,,,75
201300053811,13,8,1,2025,1,2,1,1.0,2,75115,M,,,75
201300053812,13,8,2,945,1,2,2,1.0,6,75115,M,,,75
201300053813,13,8,2,2050,1,2,5,1.0,6,75115,M,,,75
201300053814,13,8,7,1015,1,2,3,3.0,3,75115,M,,,75
201300053815,13,8,8,915,1,2,3,1.0,3,75115,M,,,75
201300053816,13,8,9,2000,1,2,4,1.0,3,75115,M,,,75
201300053817,13,8,11,1245,1,2,1,1.0,2,75115,M,,,75
201300053818,13,8,17,1305,1,2,2,1.0,3,75115,M,,,75
201300053819,13,8,17,1555,1,2,4,1.0,3,75115,M,,,75
201300053820,13,8,17,1915,1,2,1,1.0,6,75115,M,,,75
201300053821,13,8,19,1855,1,2,1,1.0,6,75115,M,,,75
201300053822,13,8,20,1825,1,2,2,1.0,1,75115,M,,,75
201300053823,13,8,21,1730,1,2,2,7.0,6,75115,M,,,75
201300053824,13,8,21,1840,1,2,1,1.0,3,75114,M,,,75
201300053825,13,8,23,1235,1,2,2,1.0,6,75115,M,,,75
201300053826,13,8,23,1955,2,2,1,1.0,4,75115,M,,,75
201300053827,13,8,25,1045,1,2,1,3.0,3,75115,M,,,75
201300053828,13,8,28,1540,1,2,1,1.0,4,75115,M,,,75
201300053829,13,8,28,2010,2,2,1,1.0,3,75115,M,,,75
201300053830,13,8,31,1005,1,2,1,1.0,6,75115,M,,,75
201300053831,13,8,31,510,5,2,1,1.0,6,75115,M,,,75
201300053832,13,9,1,410,5,2,3,1.0,7,75115,M,,,75
201300053833,13,8,31,2200,5,2,2,1.0,3,75115,M,,,75
201300053834,13,9,2,840,1,2,7,1.0,3,75115,M,,,75
201300053835,13,9,3,645,1,2,1,1.0,6,75115,M,,,75
201300053836,13,9,3,930,1,2,1,1.0,6,75115,M,,,75
201300053837,13,9,4,1445,1,2,2,1.0,3,75115,M,,,75
201300053838,13,9,4,1615,1,2,3,1.0,6,75115,M,,,75
201300053839,13,9,5,2045,5,2,2,1.0,6,75115,M,,,75
201300053840,13,9,6,805,1,2,1,1.0,6,75115,M,,,75
201300053841,13,9,6,1005,1,2,2,2.0,3,75115,M,,,75
201300053842,13,9,7,1850,2,2,1,1.0,2,75115,M,,,75
201300053843,13,9,9,1830,1,2,1,2.0,6,75115,M,,,75
201300053844,13,9,9,1920,1,2,1,1.0,2,75115,M,,,75
201300053845,13,9,10,115,5,2,2,2.0,6,75115,M,,,75
201300053846,13,9,10,1625,1,2,1,1.0,6,75115,M,,,75
201300053847,13,9,10,1830,1,2,3,1.0,3,75115,M,,,75
201300053848,13,9,11,925,1,2,1,1.0,7,75115,M,,,75
201300053849,13,9,11,1915,2,2,7,1.0,3,75115,M,,,75
201300053850,13,9,13,1830,1,2,5,2.0,3,75115,M,,,75
201300053851,13,9,14,1700,1,2,2,2.0,6,75115,M,,,75
201300053852,13,9,16,600,2,2,2,2.0,3,75115,M,,,75
201300053853,13,9,16,1015,1,2,1,1.0,2,75115,M,,,75
201300053854,13,9,16,2230,3,2,2,8.0,6,75115,M,,,75
201300053855,13,9,17,1940,5,2,3,2.0,6,75115,M,,,75
201300053856,13,9,18,1405,1,2,3,2.0,6,75115,M,,,75
201300053857,13,9,18,1710,1,2,2,3.0,3,75115,M,,,75
201300053858,13,9,21,230,5,2,1,1.0,2,75115,M,,,75
201300053859,13,9,21,1825,1,2,2,1.0,3,75115,M,,,75
201300053860,13,9,22,1710,1,2,3,1.0,3,75115,M,,,75
201300053861,13,9,23,1700,1,2,2,1.0,6,75115,M,,,75
201300053862,13,9,24,2000,5,2,2,1.0,3,75114,M,,,75
201300053863,13,9,25,810,1,2,3,1.0,2,75115,M,,,75
201300053864,13,9,25,1550,1,2,2,1.0,3,75115,M,,,75
201300053865,13,9,25,1905,2,2,5,1.0,7,75115,M,,,75
201300053866,13,9,26,1840,1,2,1,1.0,2,75115,M,,,75
201300053867,13,9,27,910,1,2,1,1.0,3,75115,M,,,75
201300053868,13,9,27,1700,1,2,3,1.0,3,75115,M,,,75
201300053869,13,9,27,1830,1,2,1,1.0,6,75115,M,,,75
201300053870,13,9,28,2000,5,2,1,1.0,7,75115,M,,,75
201300053871,13,9,29,1410,1,2,2,1.0,3,75115,M,,,75
201300053872,13,10,1,1310,1,2,2,1.0,3,75115,M,,,75
201300053873,13,10,2,1520,1,2,3,1.0,6,75115,M,,,75
201300053874,13,10,3,1000,1,2,1,1.0,4,75115,M,,,75
201300053875,13,10,3,2110,5,2,1,2.0,6,75115,M,,,75
201300053876,13,10,4,1255,1,2,3,1.0,3,75115,M,,,75
201300053877,13,10,4,1320,1,2,1,1.0,6,75115,M,,,75
201300053878,13,10,5,310,5,2,3,1.0,3,75114,M,,,75
201300053879,13,10,5,1745,1,2,3,1.0,6,75115,M,,,75
201300053880,13,10,8,1815,1,2,1,1.0,4,75115,M,,,75
201300053881,13,10,9,1315,1,2,5,1.0,7,75115,M,,,75
201300053882,13,10,10,2025,5,2,5,2.0,6,75115,M,,,75
201300053883,13,10,11,750,1,2,3,2.0,7,75115,M,,,75
201300053884,13,10,8,1245,1,2,1,1.0,3,75115,M,,,75
201300053885,13,10,11,1430,1,2,1,2.0,7,75115,M,,,75
201300053886,13,10,12,1010,1,2,2,1.0,3,75115,M,,,75
201300053887,13,10,12,1200,1,2,2,1.0,3,75115,M,,,75
201300053888,13,10,12,1420,1,2,1,1.0,3,75115,M,,,75
201300053889,13,10,16,1915,5,2,3,2.0,6,75115,M,,,75
201300053890,13,10,18,1315,1,2,1,1.0,6,75115,M,,,75
201300053891,13,10,18,1250,1,2,1,1.0,3,75115,M,,,75
201300053892,13,10,20,125,5,2,2,8.0,3,75115,M,,,75
201300053893,13,10,20,1800,2,2,1,3.0,6,75115,M,,,75
201300053894,13,10,21,2205,5,2,7,1.0,6,75115,M,,,75
201300053895,13,10,22,950,1,2,2,1.0,6,75115,M,,,75
201300053896,13,10,24,1505,1,2,1,1.0,3,75115,M,,,75
201300053897,13,10,24,2320,5,2,5,1.0,7,75115,M,,,75
201300053898,13,10,25,1250,1,2,2,1.0,7,75115,M,,,75
201300053899,13,10,26,1225,1,2,1,1.0,6,75115,M,,,75
201300053900,13,10,26,1540,1,2,2,1.0,3,75115,M,,,75
201300053901,13,10,28,1905,5,2,1,1.0,2,75115,M,,,75
201300053902,13,10,29,1000,1,2,5,1.0,3,75115,M,,,75
201300053903,13,10,29,1000,1,2,2,1.0,6,75115,M,,,75
201300053904,13,10,29,1810,5,2,1,1.0,7,75115,M,,,75
201300053905,13,10,31,1000,1,2,1,1.0,2,75115,M,,,75
201300053906,13,11,2,1258,1,2,5,2.0,7,75115,M,,,75
201300053907,13,11,2,2050,5,2,2,2.0,6,75115,M,,,75
201300053908,13,11,2,2225,5,2,1,2.0,5,75115,M,,,75
201300053909,13,11,3,1825,5,2,5,1.0,6,75115,M,,,75
201300053910,13,11,5,125,5,2,7,1.0,7,75115,M,,,75
201300053911,13,11,5,2241,5,2,5,1.0,3,75115,M,,,75
201300053912,13,11,6,700,2,2,1,9.0,6,75115,M,,,75
201300053913,13,11,6,1015,1,2,3,1.0,3,75115,M,,,75
201300053914,13,11,7,1600,1,2,3,2.0,6,75115,M,,,75
201300053915,13,11,7,1750,5,2,2,2.0,6,75115,M,,,75
201300053916,13,11,9,435,5,2,2,1.0,6,75115,M,,,75
201300053917,13,11,10,430,5,2,4,2.0,6,75115,M,,,75
201300053918,13,11,10,1240,1,2,4,1.0,6,75115,M,,,75
201300053919,13,11,13,2100,5,2,1,1.0,6,75115,M,,,75
201300053920,13,11,14,1900,5,2,1,2.0,3,75115,M,,,75
201300053921,13,11,15,800,1,2,5,1.0,3,75115,M,,,75
201300053922,13,11,15,847,1,2,1,1.0,3,75115,M,,,75
201300053923,13,11,16,245,5,2,3,1.0,6,75115,M,,,75
201300053924,13,11,16,1100,1,2,1,1.0,2,75115,M,,,75
201300053925,13,11,16,1145,1,2,1,1.0,6,75115,M,,,75
201300053926,13,11,17,800,1,2,1,1.0,2,75115,M,,,75
201300053927,13,11,19,930,1,2,2,2.0,3,75115,M,,,75
201300053928,13,11,19,1810,5,2,5,1.0,6,75115,M,,,75
201300053929,13,11,19,1830,5,2,2,2.0,6,75115,M,,,75
201300053930,13,11,20,745,1,2,5,1.0,7,75115,M,,,75
201300053931,13,11,22,1410,1,2,1,1.0,6,75115,M,,,75
201300053932,13,11,22,1750,5,2,1,1.0,6,75115,M,,,75
201300053933,13,11,23,1345,1,2,5,1.0,7,75115,M,,,75
201300053934,13,11,24,1335,1,2,2,1.0,6,75115,M,,,75
201300053935,13,11,25,1745,5,2,1,1.0,7,75115,M,,,75
201300053936,13,11,26,1715,5,2,2,1.0,7,75115,M,,,75
201300053937,13,11,26,2355,5,2,3,1.0,6,75115,M,,,75
201300053938,13,11,29,845,1,2,1,1.0,3,75115,M,,,75
201300053939,13,11,29,1400,1,2,3,2.0,6,75115,M,,,75
201300053940,13,12,2,2210,5,2,1,1.0,6,75115,M,,,75
201300053941,13,12,3,1920,3,2,4,1.0,3,75115,M,,,75
201300053942,13,12,4,1040,1,2,5,1.0,6,75115,M,,,75
201300053943,13,12,6,920,1,2,1,1.0,3,75115,M,,,75
201300053944,13,12,6,1335,1,2,5,1.0,2,75115,M,,,75
201300053945,13,12,6,1625,1,2,1,1.0,6,75115,M,,,75
201300053946,13,12,6,1640,1,2,2,1.0,6,75115,M,,,75
201300053947,13,12,8,1945,5,2,3,1.0,1,75107,M,,,75
201300053948,13,12,9,755,1,2,2,1.0,6,75115,M,,,75
201300053949,13,12,9,1205,1,2,1,1.0,3,75115,M,,,75
201300053950,13,12,9,1500,1,2,2,1.0,6,75115,M,,,75
201300053951,13,12,9,1740,5,2,2,1.0,6,75115,M,,,75
201300053952,13,12,10,1154,1,2,2,1.0,6,75115,M,,,75
201300053953,13,12,13,135,5,2,3,1.0,6,75115,M,,,75
201300053954,13,12,14,2300,5,2,1,2.0,6,75114,M,,,75
201300053955,13,12,16,1630,1,2,3,1.0,7,75115,M,,,75
201300053956,13,12,16,1710,5,2,1,1.0,6,75115,M,,,75
201300053957,13,12,17,1255,1,2,7,1.0,6,75115,M,,,75
201300053958,13,12,19,925,1,2,2,1.0,6,75115,M,,,75
201300053959,13,12,20,1340,1,2,1,1.0,7,75115,M,,,75
201300053960,13,12,20,1750,5,2,3,1.0,7,75115,M,,,75
201300053961,13,12,20,1945,5,2,2,1.0,7,75115,M,,,75
201300053962,13,12,22,1820,5,2,5,2.0,6,75115,M,,,75
201300053963,13,12,23,930,1,2,7,2.0,3,75115,M,,,75
201300053964,13,12,23,1050,1,2,7,1.0,3,75115,M,,,75
201300053965,13,12,23,2040,5,2,1,2.0,6,75115,M,,,75
201300053966,13,12,24,1230,1,2,2,2.0,6,75115,M,,,75
201300053967,13,12,30,1702,5,2,2,2.0,6,75115,M,,,75
201300053968,13,12,31,1630,2,2,1,2.0,3,75115,M,,,75
201300053969,13,12,31,1840,5,2,5,2.0,6,75115,M,,,75
201300053970,13,1,1,251,3,2,7,1.0,3,75116,M,,,75
201300053971,13,1,5,2337,5,2,1,2.0,6,75116,M,,,75
201300053972,13,12,31,1100,1,2,7,1.0,3,75116,M,,,75
201300053973,13,1,6,1800,4,2,1,1.0,6,75116,M,,,75
201300053974,13,1,8,1230,1,2,7,1.0,7,75116,M,,,75
201300053975,13,1,8,1445,1,2,1,1.0,6,75116,M,,,75
201300053976,13,1,9,750,2,2,1,8.0,3,75116,M,,,75
201300053977,13,1,9,1345,1,2,1,8.0,6,75116,M,,,75
201300053978,13,1,10,1830,5,2,2,8.0,6,75116,M,,,75
201300053979,13,1,11,1755,5,2,4,1.0,6,75116,M,,,75
201300053980,13,1,11,1940,5,2,3,8.0,3,75116,M,,,75
201300053981,13,1,11,2010,3,2,1,1.0,4,75116,M,,,75
201300053982,13,1,13,1440,1,2,5,1.0,6,75108,M,,,75
201300053983,13,1,13,1730,5,2,7,2.0,7,75116,M,,,75
201300053984,13,1,13,1935,5,2,7,2.0,6,75116,M,,,75
201300053985,13,1,14,140,5,2,2,1.0,7,75116,M,,,75
201300053986,13,1,14,1945,5,2,1,4.0,6,75116,M,,,75
201300053987,13,1,16,850,1,2,7,9.0,6,75116,M,,,75
201300053988,13,1,16,1900,5,2,1,1.0,7,75116,M,,,75
201300053989,13,1,17,1520,1,2,1,1.0,2,75116,M,,,75
201300053990,13,1,18,125,5,2,2,1.0,4,75116,M,,,75
201300053991,13,1,19,255,3,2,2,4.0,6,75116,M,,,75
201300053992,13,1,18,2000,5,2,1,4.0,2,75116,M,,,75
201300053993,13,1,16,1355,1,2,7,1.0,6,75116,M,,,75
201300053994,13,1,23,1045,1,2,5,1.0,6,75116,M,,,75
201300053995,13,1,23,2315,5,2,4,2.0,6,75117,M,,,75
201300053996,13,1,25,855,1,2,7,1.0,2,75116,M,,,75
201300053997,13,1,25,1630,1,2,7,1.0,3,75116,M,,,75
201300053998,13,1,27,1100,1,2,2,2.0,6,75116,M,,,75
201300053999,13,1,27,1155,1,2,7,8.0,6,75116,M,,,75
201300054000,13,1,28,1500,1,2,3,1.0,7,75116,M,,,75
201300054001,13,1,28,2210,5,2,7,2.0,6,75116,M,,,75
201300054002,13,1,29,945,1,2,1,2.0,3,75116,M,,,75
201300054003,13,1,29,1801,5,2,1,2.0,7,75116,M,,,75
201300054004,13,1,29,2150,5,2,7,1.0,3,75116,M,,,75
201300054005,13,2,1,930,1,2,1,1.0,2,75116,M,,,75
201300054006,13,2,1,1315,1,2,7,8.0,3,75116,M,,,75
201300054007,13,2,2,1715,1,2,1,2.0,3,75116,M,,,75
201300054008,13,2,2,510,5,2,4,1.0,6,75116,M,,,75
201300054009,13,2,3,2120,5,2,3,3.0,6,75116,M,,,75
201300054010,13,2,3,2145,5,2,1,3.0,3,75116,M,,,75
201300054011,13,2,5,1315,1,2,4,1.0,6,75116,M,,,75
201300054012,13,2,6,1035,1,2,7,1.0,2,75116,M,,,75
201300054013,13,2,7,1915,3,2,1,1.0,6,75116,M,,,75
201300054014,13,2,8,145,5,2,1,2.0,1,75116,M,,,75
201300054015,13,2,8,1145,1,2,7,1.0,3,75116,M,,,75
201300054016,13,2,9,1200,1,2,7,2.0,6,75116,M,,,75
201300054017,13,2,9,1700,1,2,1,1.0,3,75116,M,,,75
201300054018,13,2,14,1845,5,2,1,2.0,6,75116,M,,,75
201300054019,13,2,14,1945,5,2,2,8.0,3,75116,M,,,75
201300054020,13,2,15,1440,1,2,7,1.0,6,75116,M,,,75
201300054021,13,2,18,2230,5,2,2,1.0,2,75116,M,,,75
201300054022,13,2,20,1030,1,2,1,1.0,2,75116,M,,,75
201300054023,13,2,20,1735,2,2,1,1.0,6,75116,M,,,75
201300054024,13,2,20,1850,5,2,1,1.0,2,75116,M,,,75
201300054025,13,2,21,1230,1,2,1,1.0,2,75116,M,,,75
201300054026,13,2,18,2320,5,2,7,1.0,3,75116,M,,,75
201300054027,13,2,22,910,1,2,1,4.0,7,75116,M,,,75
201300054028,13,2,22,1830,5,2,2,1.0,6,75116,M,,,75
201300054029,13,2,25,1815,5,2,4,4.0,6,75116,M,,,75
201300054030,13,2,27,845,1,2,2,1.0,6,75116,M,,,75
201300054031,13,2,27,1940,5,2,1,2.0,7,75116,M,,,75
201300054032,13,2,27,2045,5,2,2,2.0,6,75116,M,,,75
201300054033,13,2,28,1850,5,2,1,1.0,6,75116,M,,,75
201300054034,13,3,1,1720,1,2,1,1.0,6,75116,M,,,75
201300054035,13,3,4,1540,1,2,3,1.0,2,75116,M,,,75
201300054036,13,3,6,250,5,2,1,1.0,6,75116,M,,,75
201300054037,13,3,6,1855,5,2,1,2.0,6,75116,M,,,75
201300054038,13,3,6,2150,5,2,2,1.0,2,75116,M,,,75
201300054039,13,3,6,2220,5,2,2,1.0,6,75116,M,,,75
201300054040,13,3,7,1730,1,2,1,1.0,6,75116,M,,,75
201300054041,13,3,8,900,1,2,4,1.0,3,75116,M,,,75
201300054042,13,3,9,1955,5,2,2,1.0,2,75116,M,,,75
201300054043,13,3,9,2030,5,2,1,1.0,6,75116,M,,,75
201300054044,13,3,10,1905,3,2,1,1.0,7,75116,M,,,75
201300054045,13,3,11,1120,1,2,1,1.0,2,75116,M,,,75
201300054046,13,3,13,1815,2,2,4,1.0,6,75116,M,,,75
201300054047,13,3,14,915,1,2,3,1.0,7,75116,M,,,75
201300054048,13,3,14,1430,1,2,2,1.0,3,75116,M,,,75
201300054049,13,3,15,1305,1,2,1,1.0,6,75116,M,,,75
201300054050,13,3,15,1905,2,2,7,1.0,1,75116,M,,,75
201300054051,13,3,16,210,5,2,2,1.0,6,75116,M,,,75
201300054052,13,3,18,1100,1,2,2,1.0,3,75108,M,,,75
201300054053,13,3,18,1730,1,2,1,1.0,6,75116,M,,,75
201300054054,13,3,18,1745,1,2,1,1.0,3,75116,M,,,75
201300054055,13,3,18,2210,5,2,7,3.0,6,75116,M,,,75
201300054056,13,3,19,1930,2,2,1,3.0,7,75116,M,,,75
201300054057,13,3,20,2040,5,2,7,1.0,3,75116,M,,,75
201300054058,13,3,21,2000,5,2,1,2.0,6,75116,M,,,75
201300054059,13,3,21,2100,5,2,7,2.0,5,75116,M,,,75
201300054060,13,3,23,1035,1,2,1,1.0,1,75116,M,,,75
201300054061,13,3,24,1330,1,2,3,1.0,2,75116,M,,,75
201300054062,13,3,25,925,1,2,1,1.0,6,75116,M,,,75
201300054063,13,3,26,1700,1,2,1,8.0,2,75116,M,,,75
201300054064,13,3,27,850,1,2,1,1.0,6,75116,M,,,75
201300054065,13,3,27,1510,1,2,1,1.0,3,75116,M,,,75
201300054066,13,3,28,830,1,2,3,8.0,3,75116,M,,,75
201300054067,13,3,29,2200,5,2,2,1.0,6,75116,M,,,75
201300054068,13,3,30,1345,1,2,1,1.0,6,75116,M,,,75
201300054069,13,4,2,910,1,2,1,1.0,3,75116,M,,,75
201300054070,13,4,2,2010,1,2,1,1.0,7,75116,M,,,75
201300054071,13,4,4,2240,5,2,4,1.0,3,75116,M,,,75
201300054072,13,4,5,1500,1,2,4,1.0,6,75116,M,,,75
201300054073,13,4,7,1120,1,2,3,1.0,6,75116,M,,,75
201300054074,13,4,5,2120,5,2,2,1.0,3,75116,M,,,75
201300054075,13,4,9,945,1,2,3,2.0,1,75116,M,,,75
201300054076,13,4,10,1320,1,2,1,3.0,4,75116,M,,,75
201300054077,13,4,10,2210,5,2,7,3.0,3,75116,M,,,75
201300054078,13,4,11,1015,1,2,7,1.0,2,75116,M,,,75
201300054079,13,4,14,1830,1,2,1,1.0,2,75116,M,,,75
201300054080,13,4,15,1150,1,2,2,1.0,4,75116,M,,,75
201300054081,13,4,18,1815,1,2,7,1.0,6,75116,M,,,75
201300054082,13,4,19,1855,1,2,4,2.0,3,75116,M,,,75
201300054083,13,4,21,1725,1,2,1,1.0,6,75116,M,,,75
201300054084,13,4,21,2035,2,2,4,1.0,6,75116,M,,,75
201300054085,13,4,22,240,5,2,1,1.0,6,75116,M,,,75
201300054086,13,4,22,1950,1,2,1,1.0,3,75116,M,,,75
201300054087,13,4,24,2344,5,2,1,1.0,6,75116,M,,,75
201300054088,13,4,25,1730,1,2,1,1.0,3,75116,M,,,75
201300054089,13,4,25,2000,1,2,1,1.0,3,75116,M,,,75
201300054090,13,4,26,605,2,2,5,1.0,3,75116,M,,,75
201300054091,13,4,26,1137,1,2,1,1.0,3,75116,M,,,75
201300054092,13,4,26,1210,1,2,4,1.0,6,75116,M,,,75
201300054093,13,4,27,1000,1,2,1,1.0,6,75116,M,,,75
201300054094,13,4,27,2005,2,2,1,1.0,6,75116,M,,,75
201300054095,13,4,28,40,5,2,1,1.0,3,75116,M,,,75
201300054096,13,4,29,1505,1,2,2,1.0,6,75116,M,,,75
201300054097,13,4,30,2330,5,2,5,2.0,7,75116,M,,,75
201300054098,13,5,2,745,1,2,1,1.0,6,75116,M,,,75
201300054099,13,5,4,1515,1,2,7,1.0,2,75116,M,,,75
201300054100,13,5,4,1855,1,2,1,1.0,6,75116,M,,,75
201300054101,13,5,5,300,5,2,7,1.0,3,75116,M,,,75
201300054102,13,5,6,1305,1,2,5,2.0,6,75116,M,,,75
201300054103,13,5,6,1510,1,2,2,1.0,3,75116,M,,,75
201300054104,13,5,6,1710,1,2,2,1.0,3,75116,M,,,75
201300054105,13,5,8,1850,1,2,1,1.0,6,75116,M,,,75
201300054106,13,5,9,245,5,2,1,1.0,6,75116,M,,,75
201300054107,13,5,11,1200,1,2,1,1.0,3,75116,M,,,75
201300054108,13,5,12,450,5,2,1,1.0,3,75116,M,,,75