Num_Acc,an,mois,jour,hrmn,lum,agg,int,atm,col,com,gps,lat,long,dep
201300054109,13,5,13,940,1,2,3,1.0,6,75116,M,,,75
201300054110,13,5,14,1350,1,2,1,1.0,3,75116,M,,,75
201300054111,13,5,15,1025,1,2,1,1.0,2,75116,M,,,75
201300054112,13,5,15,1833,1,2,1,1.0,4,75116,M,,,75
201300054113,13,5,16,830,1,2,3,8.0,2,75116,M,,,75
201300054114,13,5,17,955,1,2,3,1.0,5,75116,M,,,75
201300054115,13,5,17,810,1,2,7,1.0,3,75116,M,,,75
201300054116,13,5,17,1300,1,2,1,1.0,4,75116,M,,,75
201300054117,13,5,17,1505,1,2,1,1.0,4,75116,M,,,75
201300054118,13,5,17,1915,1,2,1,1.0,7,75116,M,,,75
201300054119,13,5,18,1520,1,2,1,1.0,6,75116,M,,,75
201300054120,13,5,21,20,5,2,3,2.0,3,75116,M,,,75
201300054121,13,5,21,943,1,2,3,2.0,2,75116,M,,,75
201300054122,13,5,22,1145,1,2,4,1.0,3,75116,M,,,75
201300054123,13,5,23,1845,1,2,2,8.0,6,75116,M,,,75
201300054124,13,5,23,1730,1,2,1,2.0,3,75116,M,,,75
201300054125,13,5,23,2000,1,2,7,2.0,2,75116,M,,,75
201300054126,13,5,24,1829,1,2,1,1.0,2,75116,M,,,75
201300054127,13,5,27,1000,1,2,2,1.0,1,75116,M,,,75
201300054128,13,5,27,1240,1,2,1,1.0,2,75116,M,,,75
201300054129,13,5,27,1410,1,2,1,1.0,6,75116,M,,,75
201300054130,13,5,28,830,1,2,4,8.0,7,75116,M,,,75
201300054131,13,5,28,1300,1,2,7,2.0,2,75116,M,,,75
201300054132,13,5,29,1300,1,2,1,1.0,6,75116,M,,,75
201300054133,13,5,30,535,2,2,2,3.0,6,75116,M,,,75
201300054134,13,5,30,1215,1,2,1,2.0,6,75116,M,,,75
201300054135,13,5,31,915,1,2,2,1.0,1,75116,M,,,75
201300054136,13,5,31,1010,1,2,2,8.0,6,75116,M,,,75
201300054137,13,6,2,1500,1,2,4,1.0,2,75116,M,,,75
201300054138,13,6,3,920,1,2,1,1.0,2,75116,M,,,75
201300054139,13,6,3,1430,1,2,7,1.0,3,75116,M,,,75
201300054140,13,6,4,1350,1,2,5,1.0,3,75116,M,,,75
201300054141,13,6,5,1640,1,2,2,7.0,6,75116,M,,,75
201300054142,13,6,5,1735,1,2,7,1.0,3,75116,M,,,75
201300054143,13,6,5,1350,1,2,3,1.0,3,75116,M,,,75
201300054144,13,6,6,1440,1,2,4,1.0,3,75116,M,,,75
201300054145,13,6,6,1750,1,2,1,1.0,3,75116,M,,,75
201300054146,13,6,6,2230,5,2,3,1.0,3,75116,M,,,75
201300054147,13,6,7,900,1,2,1,1.0,6,75116,M,,,75
201300054148,13,6,7,1625,1,2,2,1.0,6,75116,M,,,75
201300054149,13,6,7,1910,1,2,5,1.0,3,75116,M,,,75
201300054150,13,6,7,1930,1,2,1,1.0,2,75116,M,,,75
201300054151,13,6,8,1540,1,2,1,1.0,3,75116,M,,,75
201300054152,13,6,8,1820,1,2,4,1.0,3,75116,M,,,75
201300054153,13,6,8,1915,1,2,2,1.0,6,75116,M,,,75
201300054154,13,6,10,1520,1,2,7,1.0,6,75117,M,,,75
201300054155,13,6,10,1850,1,2,1,1.0,3,75116,M,,,75
201300054156,13,6,10,2040,1,2,5,1.0,3,75116,M,,,75
201300054157,13,6,13,1225,1,2,7,2.0,7,75116,M,,,75
201300054158,13,6,13,1750,1,2,7,1.0,6,75116,M,,,75
201300054159,13,6,14,5,5,2,1,1.0,3,75107,M,,,75
201300054160,13,6,13,1300,1,2,1,2.0,6,75116,M,,,75
201300054161,13,6,14,1825,1,2,7,1.0,3,75116,M,,,75
201300054162,13,6,16,15,5,2,1,1.0,7,75116,M,,,75
201300054163,13,6,16,550,1,2,2,1.0,6,75116,M,,,75
201300054164,13,6,17,1200,1,2,1,1.0,6,75116,M,,,75
201300054165,13,6,17,1400,1,2,2,1.0,6,75116,M,,,75
201300054166,13,6,18,1600,1,2,5,1.0,6,75116,M,,,75
201300054167,13,6,19,1840,1,2,1,8.0,6,75116,M,,,75
201300054168,13,6,19,1750,1,2,7,3.0,7,75116,M,,,75
201300054169,13,6,19,1730,1,2,1,2.0,7,75116,M,,,75
201300054170,13,6,20,2100,2,2,1,8.0,2,75116,M,,,75
201300054171,13,6,21,300,5,2,1,2.0,7,75116,M,,,75
201300054172,13,6,20,1350,1,2,5,1.0,6,75116,M,,,75
201300054173,13,6,21,1705,1,2,7,1.0,2,75116,M,,,75
201300054174,13,6,22,406,5,2,1,1.0,6,75116,M,,,75
201300054175,13,6,23,1340,1,2,7,8.0,6,75116,M,,,75
201300054176,13,6,24,1550,1,2,1,1.0,2,75116,M,,,75
201300054177,13,6,25,1045,1,2,7,1.0,2,75116,M,,,75
201300054178,13,6,26,1300,1,2,1,1.0,2,75116,M,,,75
201300054179,13,6,26,1950,1,2,1,1.0,7,75116,M,,,75
201300054180,13,6,27,925,1,2,1,2.0,7,75116,M,,,75
201300054181,13,6,27,1300,1,2,1,1.0,4,75116,M,,,75
201300054182,13,6,27,1715,1,2,1,1.0,2,75116,M,,,75
201300054183,13,6,27,2020,2,2,3,1.0,2,75116,M,,,75
201300054184,13,6,29,1816,1,2,1,1.0,5,75116,M,,,75
201300054185,13,6,30,1050,1,2,4,1.0,6,75116,M,,,75
201300054186,13,6,30,1640,1,2,1,1.0,6,75116,M,,,75
201300054187,13,7,1,945,1,2,1,1.0,6,75116,M,,,75
201300054188,13,7,2,1530,1,2,1,1.0,3,75116,M,,,75
201300054189,13,7,2,1920,1,2,5,1.0,3,75116,M,,,75
201300054190,13,7,4,120,5,2,1,1.0,6,75116,M,,,75
201300054191,13,7,4,900,1,2,7,1.0,3,75117,M,,,75
201300054192,13,7,4,1915,1,2,4,1.0,3,75116,M,,,75
201300054193,13,7,5,1740,1,2,1,1.0,2,75116,M,,,75
201300054194,13,7,6,1420,1,2,3,1.0,6,75116,M,,,75
201300054195,13,7,8,1655,1,2,5,1.0,2,75116,M,,,75
201300054196,13,7,10,1400,1,2,5,1.0,6,75116,M,,,75
201300054197,13,7,10,2340,5,2,4,1.0,3,75116,M,,,75
201300054198,13,7,11,640,1,2,1,1.0,3,75116,M,,,75
201300054199,13,7,11,1300,1,2,3,1.0,2,75116,M,,,75
201300054200,13,7,11,1610,1,2,5,1.0,6,75116,M,,,75
201300054201,13,7,11,1735,1,2,1,1.0,6,75116,M,,,75
201300054202,13,7,12,1515,1,2,2,1.0,3,75116,M,,,75
201300054203,13,7,13,2300,5,2,2,1.0,3,75116,M,,,75
201300054204,13,7,10,2045,1,2,1,1.0,6,75116,M,,,75
201300054205,13,7,13,755,1,2,2,1.0,6,75116,M,,,75
201300054206,13,7,13,2030,2,2,1,1.0,4,75117,M,,,75
201300054207,13,7,14,105,5,2,1,1.0,4,75116,M,,,75
201300054208,13,7,14,1210,1,2,1,1.0,3,75116,M,,,75
201300054209,13,7,15,130,5,2,1,1.0,3,75116,M,,,75
201300054210,13,7,15,245,5,2,2,1.0,6,75116,M,,,75
201300054211,13,7,16,1820,1,2,7,1.0,3,75116,M,,,75
201300054212,13,7,18,24,5,2,7,1.0,3,75116,M,,,75
201300054213,13,7,18,1145,1,2,2,1.0,3,75116,M,,,75
201300054214,13,7,18,1425,1,2,5,1.0,3,75116,M,,,75
201300054215,13,7,18,2310,5,2,5,1.0,3,75116,M,,,75
201300054216,13,7,19,1200,1,2,4,1.0,2,75116,M,,,75
201300054217,13,7,20,250,5,2,1,1.0,6,75116,M,,,75
201300054218,13,7,20,1425,1,2,1,1.0,6,75116,M,,,75
201300054219,13,7,20,1700,1,2,2,1.0,6,75116,M,,,75
201300054220,13,7,20,1905,1,2,1,1.0,7,75116,M,,,75
201300054221,13,7,21,1615,1,2,5,1.0,3,75116,M,,,75
201300054222,13,7,22,1235,1,2,7,1.0,2,75116,M,,,75
201300054223,13,7,22,2135,1,2,1,1.0,6,75116,M,,,75
201300054224,13,7,24,735,1,2,1,1.0,2,75116,M,,,75
201300054225,13,7,24,2130,2,2,1,1.0,6,75116,M,,,75
201300054226,13,7,25,2205,5,2,1,1.0,6,75116,M,,,75
201300054227,13,7,26,1435,1,2,1,1.0,7,75116,M,,,75
201300054228,13,7,31,1855,1,2,3,1.0,3,75116,M,,,75
201300054229,13,7,31,2040,1,2,1,1.0,3,75116,M,,,75
201300054230,13,8,2,505,5,2,5,1.0,6,75116,M,,,75
201300054231,13,7,30,2100,2,2,2,1.0,6,75116,M,,,75
201300054232,13,8,1,1700,1,2,1,1.0,6,75116,M,,,75
201300054233,13,8,4,1616,1,2,2,1.0,3,75116,M,,,75
201300054234,13,8,5,1005,1,2,1,1.0,2,75116,M,,,75
201300054235,13,8,5,2230,5,2,7,1.0,2,75116,M,,,75
201300054236,13,8,7,1455,1,2,5,1.0,3,75116,M,,,75
201300054237,13,8,8,930,1,2,2,1.0,3,75116,M,,,75
201300054238,13,8,10,1150,1,2,3,1.0,2,75116,M,,,75
201300054239,13,8,10,1710,1,2,1,1.0,7,75116,M,,,75
201300054240,13,8,10,1930,1,2,3,1.0,3,75116,M,,,75
201300054241,13,8,12,1840,1,2,1,7.0,4,75116,M,,,75
201300054242,13,8,13,1400,1,2,1,1.0,6,75116,M,,,75
201300054243,13,8,16,105,5,2,1,1.0,6,75116,M,,,75
201300054244,13,8,18,1730,1,2,1,1.0,6,75116,M,,,75
201300054245,13,8,20,1715,1,2,4,1.0,2,75116,M,,,75
201300054246,13,8,22,1730,1,2,7,1.0,7,75116,M,,,75
201300054247,13,8,23,1210,1,2,1,1.0,7,75116,M,,,75
201300054248,13,8,26,900,1,2,7,8.0,2,75116,M,,,75
201300054249,13,8,26,1800,1,2,3,1.0,6,75116,M,,,75
201300054250,13,8,27,40,5,2,1,1.0,7,75116,M,,,75
201300054251,13,8,27,1850,1,2,1,1.0,6,75116,M,,,75
201300054252,13,8,29,1000,1,2,5,1.0,3,75116,M,,,75
201300054253,13,8,29,910,1,2,1,1.0,3,75116,M,,,75
201300054254,13,8,30,1715,1,2,5,1.0,6,75116,M,,,75
201300054255,13,8,31,1630,1,2,3,1.0,1,75116,M,,,75
201300054256,13,8,31,1230,1,2,3,1.0,2,75116,M,,,75
201300054257,13,9,2,920,1,2,7,1.0,7,75116,M,,,75
201300054258,13,9,2,645,2,2,1,1.0,6,75116,M,,,75
201300054259,13,9,2,1025,1,2,2,1.0,6,75116,M,,,75
201300054260,13,9,2,1050,1,2,1,1.0,6,75116,M,,,75
201300054261,13,9,2,1420,1,2,1,1.0,3,75116,M,,,75
201300054262,13,9,2,1610,1,2,7,1.0,6,75116,M,,,75
201300054263,13,9,2,1915,1,2,1,1.0,7,75116,M,,,75
201300054264,13,9,2,1845,1,2,1,1.0,6,75116,M,,,75
201300054265,13,9,3,1510,1,2,1,1.0,6,75116,M,,,75
201300054266,13,9,4,1145,1,2,1,1.0,3,75117,M,,,75
201300054267,13,9,4,1600,1,2,2,1.0,6,75116,M,,,75
201300054268,13,9,5,1220,1,2,1,1.0,2,75116,M,,,75
201300054269,13,9,5,1945,1,2,5,1.0,3,75116,M,,,75
201300054270,13,9,6,950,1,2,1,8.0,7,75116,M,,,75
201300054271,13,9,6,1020,1,2,5,3.0,7,75116,M,,,75
201300054272,13,9,6,1120,1,2,2,3.0,6,75116,M,,,75
201300054273,13,9,6,1200,1,2,3,1.0,3,75116,M,,,75
201300054274,13,9,6,1300,1,2,7,2.0,7,75116,M,,,75
201300054275,13,9,9,833,1,2,2,1.0,3,75116,M,,,75
201300054276,13,9,9,1435,1,2,1,2.0,7,75116,M,,,75
201300054277,13,9,9,1745,1,2,2,2.0,7,75116,M,,,75
201300054278,13,9,10,910,1,2,2,1.0,6,75116,M,,,75
201300054279,13,9,10,1500,1,2,1,2.0,6,75116,M,,,75
201300054280,13,9,11,2300,5,2,4,1.0,6,75116,M,,,75
201300054281,13,9,12,834,1,2,5,1.0,6,75116,M,,,75
201300054282,13,9,12,1850,1,2,5,8.0,2,75116,M,,,75
201300054283,13,9,13,1300,1,2,2,1.0,6,75116,M,,,75
201300054284,13,9,13,1710,1,2,3,2.0,7,75116,M,,,75
201300054285,13,9,14,455,5,2,2,1.0,6,75116,M,,,75
201300054286,13,9,14,1135,1,2,1,2.0,6,75116,M,,,75
201300054287,13,9,14,530,5,2,5,2.0,7,75117,M,,,75
201300054288,13,9,15,1100,1,2,3,1.0,3,75116,M,,,75
201300054289,13,9,15,1145,1,2,1,1.0,6,75116,M,,,75
201300054290,13,9,15,1155,1,2,1,1.0,6,75116,M,,,75
201300054291,13,9,16,1815,1,2,1,2.0,4,75116,M,,,75
201300054292,13,9,16,1300,1,2,3,8.0,6,75116,M,,,75
201300054293,13,9,17,745,1,2,1,2.0,2,75116,M,,,75
201300054294,13,9,13,1330,1,2,2,2.0,7,75116,M,,,75
201300054295,13,9,17,1500,1,2,1,1.0,6,75116,M,,,75
201300054296,13,9,17,2225,5,2,5,2.0,2,75116,M,,,75
201300054297,13,9,19,930,1,2,1,1.0,4,75116,M,,,75
201300054298,13,9,19,1300,1,2,1,1.0,6,75116,M,,,75
201300054299,13,9,20,1040,1,2,5,1.0,3,75116,M,,,75
201300054300,13,9,20,1350,1,2,7,1.0,3,75116,M,,,75
201300054301,13,9,18,1610,1,2,2,1.0,7,75116,M,,,75
201300054302,13,9,22,1020,1,2,1,1.0,3,75116,M,,,75
201300054303,13,9,22,2300,5,2,3,1.0,3,75116,M,,,75
201300054304,13,9,20,2100,5,2,1,1.0,3,75116,M,,,75
201300054305,13,9,23,1000,1,2,1,1.0,4,75116,M,,,75
201300054306,13,9,23,1530,1,2,7,1.0,3,75116,M,,,75
201300054307,13,9,23,1935,2,2,4,1.0,3,75116,M,,,75
201300054308,13,9,23,845,1,2,2,1.0,3,75116,M,,,75
201300054309,13,9,23,1325,1,2,1,1.0,6,75116,M,,,75
201300054310,13,9,23,1300,1,2,7,1.0,6,75116,M,,,75
201300054311,13,9,24,1715,1,2,7,1.0,6,75116,M,,,75
201300054312,13,9,25,1530,1,2,1,1.0,7,75116,M,,,75
201300054313,13,9,25,2000,5,2,1,1.0,2,75116,M,,,75
201300054314,13,9,26,50,5,2,3,2.0,6,75116,M,,,75
201300054315,13,9,27,1035,1,2,1,1.0,2,75116,M,,,75
201300054316,13,9,27,1555,1,2,3,1.0,6,75116,M,,,75
201300054317,13,9,27,1855,1,2,1,1.0,2,75116,M,,,75
201300054318,13,9,27,1650,1,2,4,1.0,3,75116,M,,,75
201300054319,13,9,28,910,1,2,1,1.0,7,75116,M,,,75
201300054320,13,9,29,10,5,2,3,2.0,3,75116,M,,,75
201300054321,13,9,29,30,5,2,1,2.0,6,75116,M,,,75
201300054322,13,9,29,1735,1,2,7,1.0,3,75116,M,,,75
201300054323,13,9,30,315,5,2,1,1.0,2,75116,M,,,75
201300054324,13,9,30,1300,1,2,3,1.0,6,75116,M,,,75
201300054325,13,10,1,15,5,2,4,1.0,7,75116,M,,,75
201300054326,13,10,1,1750,1,2,7,1.0,2,75116,M,,,75
201300054327,13,10,2,1420,1,2,1,1.0,2,75116,M,,,75
201300054328,13,10,2,1620,1,2,1,1.0,3,75116,M,,,75
201300054329,13,10,2,1730,1,2,1,1.0,2,75116,M,,,75
201300054330,13,10,2,2320,5,2,1,1.0,2,75116,M,,,75
201300054331,13,10,2,2350,5,2,1,1.0,1,75116,M,,,75
201300054332,13,10,3,855,1,2,2,1.0,6,75117,M,,,75
201300054333,13,10,3,950,1,2,1,1.0,3,75116,M,,,75
201300054334,13,10,4,1025,1,2,1,1.0,6,75116,M,,,75
201300054335,13,10,4,900,1,2,4,1.0,4,75116,M,,,75
201300054336,13,10,4,1655,1,2,1,1.0,6,75116,M,,,75
201300054337,13,10,4,1645,1,2,1,1.0,7,75116,M,,,75
201300054338,13,10,5,1630,1,2,1,1.0,2,75116,M,,,75
201300054339,13,10,5,1300,1,2,3,1.0,3,75116,M,,,75
201300054340,13,10,9,1500,1,2,1,2.0,2,75116,M,,,75
201300054341,13,10,9,1535,1,2,2,2.0,6,75116,M,,,75
201300054342,13,10,9,1720,1,2,5,2.0,6,75116,M,,,75
201300054343,13,10,9,2020,5,2,7,9.0,3,75116,M,,,75
201300054344,13,10,10,1120,1,2,1,8.0,7,75116,M,,,75
201300054345,13,10,9,1900,2,2,7,1.0,6,75116,M,,,75
201300054346,13,10,10,1725,1,2,3,1.0,6,75116,M,,,75
201300054347,13,10,11,25,5,2,5,1.0,3,75116,M,,,75
201300054348,13,10,12,1625,1,2,2,1.0,5,75116,M,,,75
201300054349,13,10,15,1425,1,2,7,1.0,3,75116,M,,,75
201300054350,13,10,15,2140,5,2,2,1.0,6,75116,M,,,75
201300054351,13,10,16,945,1,2,1,1.0,2,75116,M,,,75
201300054352,13,10,16,2030,5,2,2,2.0,3,75116,M,,,75
201300054353,13,10,18,25,5,2,7,1.0,3,75116,M,,,75
201300054354,13,10,18,1305,1,2,2,1.0,3,75116,M,,,75
201300054355,13,10,19,1030,1,2,1,1.0,4,75116,M,,,75
201300054356,13,10,20,1141,1,2,3,1.0,3,75116,M,,,75
201300054357,13,10,20,1740,1,2,5,3.0,6,75116,M,,,75
201300054358,13,10,21,1330,1,2,3,1.0,2,75116,M,,,75
201300054359,13,10,21,1830,1,2,1,1.0,6,75116,M,,,75
201300054360,13,10,23,1230,1,2,3,1.0,6,75116,M,,,75
201300054361,13,10,23,1035,1,2,2,1.0,2,75116,M,,,75
201300054362,13,10,23,1250,1,2,7,1.0,3,75116,M,,,75
201300054363,13,10,24,954,1,2,2,1.0,3,75116,M,,,75
201300054364,13,10,24,1155,1,2,7,1.0,6,75116,M,,,75
201300054365,13,10,24,1700,1,2,1,1.0,4,75116,M,,,75
201300054366,13,10,24,1653,1,2,3,1.0,3,75116,M,,,75
201300054367,13,10,24,2320,5,2,2,1.0,6,75116,M,,,75
201300054368,13,10,25,1745,1,2,2,2.0,6,75116,M,,,75
201300054369,13,10,27,45,5,2,1,1.0,3,75116,M,,,75
201300054370,13,10,27,2255,5,2,2,3.0,6,75116,M,,,75
201300054371,13,10,28,700,2,2,7,2.0,3,75116,M,,,75
201300054372,13,10,28,645,2,2,7,2.0,2,75116,M,,,75
201300054373,13,10,28,820,1,2,1,2.0,7,75116,M,,,75
201300054374,13,10,28,1140,1,2,1,1.0,6,75116,M,,,75
201300054375,13,10,29,1800,2,2,4,1.0,2,75116,M,,,75
201300054376,13,10,31,615,5,2,3,1.0,6,75116,M,,,75
201300054377,13,10,31,1030,1,2,1,1.0,6,75116,M,,,75
201300054378,13,10,31,1930,5,2,1,2.0,6,75116,M,,,75
201300054379,13,11,1,355,5,2,7,2.0,6,75116,M,,,75
201300054380,13,11,1,1315,1,2,3,2.0,3,75116,M,,,75
201300054381,13,11,2,614,1,2,2,2.0,6,75116,M,,,75
201300054382,13,11,4,840,1,2,1,8.0,7,75116,M,,,75
201300054383,13,11,4,1505,1,2,1,1.0,3,75116,M,,,75
201300054384,13,11,4,1710,2,2,3,1.0,3,75116,M,,,75
201300054385,13,11,5,1030,1,2,1,2.0,2,75117,M,,,75
201300054386,13,11,5,1100,1,2,7,2.0,7,75116,M,,,75
201300054387,13,11,5,1430,1,2,2,2.0,6,75116,M,,,75
201300054388,13,11,5,1605,1,2,1,2.0,4,75116,M,,,75
201300054389,13,11,5,1415,1,2,1,2.0,3,75116,M,,,75
201300054390,13,11,6,1100,1,2,1,1.0,3,75116,M,,,75
201300054391,13,11,7,1650,1,2,2,2.0,2,75116,M,,,75
201300054392,13,11,7,1820,5,2,1,2.0,4,75116,M,,,75
201300054393,13,11,8,850,1,2,1,2.0,7,75116,M,,,75
201300054394,13,11,8,1240,1,2,2,2.0,7,75116,M,,,75
201300054395,13,11,8,1520,1,2,2,2.0,2,75116,M,,,75
201300054396,13,11,8,1825,5,2,2,2.0,7,75116,M,,,75
201300054397,13,11,8,2010,5,2,3,1.0,3,75116,M,,,75
201300054398,13,11,9,25,5,2,2,1.0,6,75116,M,,,75
201300054399,13,11,9,1105,1,2,1,1.0,6,75116,M,,,75
201300054400,13,11,10,1410,1,2,2,1.0,1,75116,M,,,75
201300054401,13,11,11,1145,1,2,2,1.0,3,75116,M,,,75
201300054402,13,11,11,1615,1,2,2,1.0,2,75116,M,,,75
201300054403,13,11,11,1745,3,2,1,1.0,3,75116,M,,,75
201300054404,13,11,12,955,1,2,1,2.0,3,75116,M,,,75
201300054405,13,11,12,1500,1,2,3,2.0,6,75116,M,,,75
201300054406,13,11,14,950,1,2,1,2.0,6,75117,M,,,75
201300054407,13,11,13,1940,5,2,7,1.0,6,75116,M,,,75
201300054408,13,11,14,1745,5,2,1,2.0,2,75116,M,,,75
201300054409,13,11,15,1820,5,2,5,1.0,6,75108,M,,,75
201300054410,13,11,16,1430,1,2,2,1.0,6,75116,M,,,75
201300054411,13,11,17,1350,1,2,2,8.0,7,75116,M,,,75
201300054412,13,11,17,2000,5,2,1,1.0,7,75116,M,,,75
201300054413,13,11,18,1045,1,2,3,1.0,6,75116,M,,,75
201300054414,13,11,18,840,1,2,1,1.0,1,75116,M,,,75
201300054415,13,11,19,1650,4,2,3,8.0,6,75116,M,,,75
201300054416,13,11,19,2350,5,2,2,1.0,2,75116,M,,,75
201300054417,13,11,20,1705,5,2,3,2.0,6,75116,M,,,75
201300054418,13,11,20,1840,5,2,2,3.0,6,75116,M,,,75
201300054419,13,11,20,2110,5,2,1,8.0,7,75116,M,,,75
201300054420,13,11,22,840,1,2,1,1.0,3,75116,M,,,75
201300054421,13,11,22,1230,1,2,1,1.0,6,75116,M,,,75
201300054422,13,11,25,1740,5,2,1,1.0,3,75116,M,,,75
201300054423,13,11,27,825,1,2,2,1.0,3,75116,M,,,75
201300054424,13,11,27,2240,5,2,3,1.0,1,75116,M,,,75
201300054425,13,11,29,730,2,2,1,1.0,3,75116,M,,,75
201300054426,13,11,29,2200,5,2,1,2.0,2,75116,M,,,75
201300054427,13,11,30,1520,1,2,1,1.0,6,75116,M,,,75
201300054428,13,11,30,1700,5,2,7,1.0,3,75117,M,,,75
201300054429,13,12,1,355,5,2,1,1.0,7,75116,M,,,75
201300054430,13,12,2,805,1,2,1,1.0,6,75116,M,,,75
201300054431,13,12,2,945,1,2,5,1.0,3,75116,M,,,75
201300054432,13,12,2,1830,5,2,7,1.0,1,75116,M,,,75
201300054433,13,12,3,930,1,2,7,1.0,3,75116,M,,,75
201300054434,13,12,3,1330,1,2,3,1.0,3,75116,M,,,75
201300054435,13,12,4,950,1,2,2,1.0,2,75116,M,,,75
201300054436,13,12,4,1935,5,2,5,1.0,3,75116,M,,,75
201300054437,13,12,4,2100,5,2,1,1.0,3,75116,M,,,75
201300054438,13,12,4,2217,5,2,1,2.0,7,75116,M,,,75
201300054439,13,12,5,1650,2,2,7,1.0,2,75116,M,,,75
201300054440,13,12,5,2000,5,2,2,1.0,6,75116,M,,,75
201300054441,13,12,6,1500,1,2,5,1.0,3,75116,M,,,75
201300054442,13,12,6,2045,5,2,1,1.0,3,75116,M,,,75
201300054443,13,12,7,1615,1,2,1,1.0,6,75116,M,,,75
201300054444,13,12,7,2240,5,2,1,1.0,3,75116,M,,,75
201300054445,13,12,8,1320,1,2,5,1.0,6,75116,M,,,75
201300054446,13,12,8,2207,5,2,2,1.0,6,75116,M,,,75
201300054447,13,12,9,2130,5,2,7,1.0,6,75116,M,,,75
201300054448,13,12,10,1240,1,2,2,1.0,3,75116,M,,,75
201300054449,13,12,11,2315,5,2,4,1.0,3,75116,M,,,75
201300054450,13,12,12,1045,1,2,5,1.0,3,75116,M,,,75
201300054451,13,12,12,1250,1,2,3,1.0,6,75116,M,,,75
201300054452,13,12,12,1500,1,2,3,1.0,2,75116,M,,,75
201300054453,13,12,12,1730,2,2,7,1.0,3,75116,M,,,75
201300054454,13,12,12,1915,5,2,1,1.0,3,75116,M,,,75
201300054455,13,12,13,1850,5,2,1,2.0,6,75116,M,,,75
201300054456,13,12,13,1900,2,2,3,2.0,3,75116,M,,,75
201300054457,13,12,13,2150,5,2,1,3.0,6,75116,M,,,75
201300054458,13,12,13,2240,5,2,5,2.0,6,75116,M,,,75
201300054459,13,12,14,245,5,2,1,2.0,6,75116,M,,,75
201300054460,13,12,14,330,5,2,7,2.0,3,75116,M,,,75
201300054461,13,12,14,1635,2,2,1,1.0,6,75116,M,,,75
201300054462,13,12,13,2035,5,2,3,2.0,6,75116,M,,,75
201300054463,13,12,16,1220,1,2,1,1.0,2,75116,M,,,75
201300054464,13,12,16,1930,5,2,1,1.0,2,75116,M,,,75
201300054465,13,12,17,1600,1,2,7,1.0,6,75116,M,,,75
201300054466,13,12,17,1900,5,2,2,1.0,2,75116,M,,,75
201300054467,13,12,19,1130,1,2,5,1.0,1,75116,M,,,75
201300054468,13,12,19,1915,5,2,1,1.0,6,75116,M,,,75
201300054469,13,12,20,1410,1,2,1,1.0,6,75108,M,,,75
201300054470,13,12,22,2000,5,2,2,2.0,6,75117,M,,,75
201300054471,13,12,25,2220,5,2,2,1.0,7,75116,M,,,75
201300054472,13,12,26,1300,1,2,1,7.0,6,75116,M,,,75
201300054473,13,12,26,1840,2,2,5,1.0,3,75116,M,,,75
201300054474,13,12,27,1910,5,2,2,2.0,7,75116,M,,,75
201300054475,13,12,27,1850,5,2,1,2.0,7,75116,M,,,75
201300054476,13,12,29,400,5,2,1,1.0,2,75116,M,,,75
201300054477,13,2,4,1300,1,2,1,2.0,7,75116,M,,,75
201300054478,13,1,1,1800,5,2,2,2.0,3,75117,M,,,75
201300054479,13,12,31,2250,5,2,7,1.0,3,75117,M,,,75
201300054480,13,1,1,2130,5,2,7,1.0,6,75116,M,,,75
201300054481,13,1,2,2045,5,2,7,1.0,3,75117,M,,,75
201300054482,13,1,3,1105,1,2,5,2.0,6,75117,M,,,75
201300054483,13,1,3,1645,2,2,2,2.0,7,75117,M,,,75
201300054484,13,1,3,1810,5,2,1,2.0,3,75117,M,,,75
201300054485,13,1,3,2000,5,2,1,1.0,6,75117,M,,,75
201300054486,13,1,6,35,5,2,1,2.0,3,75117,M,,,75
201300054487,13,1,7,1055,1,2,1,1.0,6,75117,M,,,75
201300054488,13,1,3,1900,2,2,1,2.0,6,75117,M,,,75
201300054489,13,1,8,1045,1,2,2,1.0,6,75117,M,,,75
201300054490,13,1,9,740,2,2,4,1.0,6,75117,M,,,75
201300054491,13,1,9,1410,1,2,1,8.0,3,75117,M,,,75
201300054492,13,1,9,1750,5,2,3,2.0,6,75117,M,,,75
201300054493,13,1,10,825,1,2,3,2.0,6,75117,M,,,75
201300054494,13,1,10,835,2,2,7,2.0,7,75117,M,,,75
201300054495,13,1,10,1315,1,2,3,2.0,3,75117,M,,,75
201300054496,13,1,9,2150,5,2,4,2.0,3,75117,M,,,75
201300054497,13,1,11,1130,1,2,4,1.0,3,75117,M,,,75
201300054498,13,1,11,1520,1,2,3,1.0,3,75117,M,,,75
201300054499,13,1,11,1935,5,2,3,2.0,6,75117,M,,,75
201300054500,13,1,11,1300,1,2,1,1.0,6,75117,M,,,75
201300054501,13,1,12,1105,1,2,1,2.0,3,75117,M,,,75
201300054502,13,1,14,2010,5,2,3,4.0,6,75117,M,,,75
201300054503,13,1,15,900,1,2,2,2.0,3,75117,M,,,75
201300054504,13,1,16,1145,1,2,7,1.0,3,75116,M,,,75
201300054505,13,1,16,2000,5,2,4,1.0,6,75117,M,,,75
201300054506,13,1,22,1405,1,2,3,2.0,7,75117,M,,,75
201300054507,13,1,23,1850,5,2,1,1.0,6,75117,M,,,75
201300054508,13,1,25,1745,4,2,7,1.0,3,75117,M,,,75
201300054509,13,1,27,655,5,2,2,1.0,6,75117,M,,,75
201300054510,13,1,29,1820,5,2,4,1.0,3,75117,M,,,75
201300054511,13,1,31,1000,1,2,1,1.0,7,75117,M,,,75
201300054512,13,1,31,905,1,2,2,1.0,3,75117,M,,,75
201300054513,13,2,2,1900,5,2,1,2.0,6,75117,M,,,75