Num_Acc,an,mois,jour,hrmn,lum,agg,int,atm,col,com,gps,lat,long,dep
201300054514,13,2,4,1120,1,2,1,2.0,3,75117,M,,,75
201300054515,13,2,4,1415,1,2,2,1.0,6,75117,M,,,75
201300054516,13,2,4,1720,1,2,2,1.0,6,75117,M,,,75
201300054517,13,2,5,935,1,2,1,2.0,7,75117,M,,,75
201300054518,13,2,5,2010,5,2,2,1.0,7,75117,M,,,75
201300054519,13,2,6,1235,1,2,5,1.0,6,75117,M,,,75
201300054520,13,2,6,1530,1,2,7,1.0,3,75117,M,,,75
201300054521,13,2,7,1915,2,2,2,1.0,6,75117,M,,,75
201300054522,13,2,7,2005,5,2,5,1.0,3,75117,M,,,75
201300054523,13,2,10,30,5,2,2,1.0,3,75117,M,,,75
201300054524,13,2,10,555,5,2,2,2.0,6,75117,M,,,75
201300054525,13,2,15,1450,1,2,4,1.0,2,75117,M,,,75
201300054526,13,2,15,2115,5,2,1,1.0,4,75117,M,,,75
201300054527,13,2,16,220,5,2,1,1.0,2,75117,M,,,75
201300054528,13,2,16,945,1,2,3,1.0,6,75117,M,,,75
201300054529,13,2,16,1010,1,2,2,1.0,3,75117,M,,,75
201300054530,13,2,20,1520,1,2,2,1.0,1,75117,M,,,75
201300054531,13,2,21,915,1,2,2,1.0,6,75117,M,,,75
201300054532,13,2,22,1530,1,2,3,1.0,1,75117,M,,,75
201300054533,13,2,22,1700,1,2,3,8.0,3,75117,M,,,75
201300054534,13,2,22,1700,5,2,1,8.0,3,75117,M,,,75
201300054535,13,2,24,1850,5,2,2,4.0,6,75117,M,,,75
201300054536,13,2,25,1945,5,2,7,2.0,1,75117,M,,,75
201300054537,13,2,27,1400,1,2,2,1.0,6,75117,M,,,75
201300054538,13,2,27,1645,1,2,2,1.0,1,75117,M,,,75
201300054539,13,3,1,735,2,2,2,1.0,2,75117,M,,,75
201300054540,13,3,1,1720,1,2,1,1.0,6,75117,M,,,75
201300054541,13,3,1,1900,5,2,1,1.0,2,75117,M,,,75
201300054542,13,3,2,650,2,2,2,1.0,3,75117,M,,,75
201300054543,13,3,4,1230,1,2,5,1.0,3,75117,M,,,75
201300054544,13,3,6,1150,1,2,1,1.0,3,75117,M,,,75
201300054545,13,3,6,1845,5,2,2,2.0,2,75117,M,,,75
201300054546,13,3,6,2325,5,2,1,1.0,3,75117,M,,,75
201300054547,13,3,11,2210,5,2,1,4.0,7,75117,M,,,75
201300054548,13,3,18,915,1,2,3,1.0,2,75117,M,,,75
201300054549,13,3,18,1915,1,2,7,1.0,7,75117,M,,,75
201300054550,13,3,18,1915,5,2,7,2.0,6,75117,M,,,75
201300054551,13,3,19,1200,1,2,1,1.0,6,75117,M,,,75
201300054552,13,3,21,1445,1,2,7,1.0,3,75117,M,,,75
201300054553,13,3,22,905,1,2,4,1.0,3,75117,M,,,75
201300054554,13,3,24,2050,5,2,2,1.0,7,75117,M,,,75
201300054555,13,3,26,1115,1,2,1,1.0,7,75117,M,,,75
201300054556,13,3,26,1510,1,2,2,1.0,3,75117,M,,,75
201300054557,13,3,26,1620,1,2,1,1.0,6,75117,M,,,75
201300054558,13,3,28,1540,1,2,3,1.0,3,75117,M,,,75
201300054559,13,3,28,2055,5,2,3,1.0,3,75117,M,,,75
201300054560,13,3,29,1355,1,2,3,1.0,3,75117,M,,,75
201300054561,13,3,29,1435,1,2,3,1.0,7,75117,M,,,75
201300054562,13,3,29,1850,1,2,7,1.0,6,75117,M,,,75
201300054563,13,3,31,1325,1,2,1,1.0,2,75117,M,,,75
201300054564,13,4,3,1850,1,2,5,1.0,6,75117,M,,,75
201300054565,13,4,6,1340,1,2,5,1.0,3,75117,M,,,75
201300054566,13,4,7,1800,1,2,5,1.0,6,75117,M,,,75
201300054567,13,4,8,910,1,2,2,2.0,3,75117,M,,,75
201300054568,13,4,8,2015,2,2,3,1.0,7,75117,M,,,75
201300054569,13,4,9,1545,1,2,3,2.0,2,75117,M,,,75
201300054570,13,4,9,1800,1,2,1,1.0,1,75117,M,,,75
201300054571,13,4,10,1105,1,2,1,2.0,3,75117,M,,,75
201300054572,13,4,11,125,5,2,4,2.0,6,75117,M,,,75
201300054573,13,4,11,1640,1,2,3,2.0,6,75117,M,,,75
201300054574,13,4,11,1625,1,2,4,2.0,3,75117,M,,,75
201300054575,13,4,12,1150,1,2,1,1.0,3,75117,M,,,75
201300054576,13,4,12,1735,1,2,4,2.0,2,75117,M,,,75
201300054577,13,4,14,2205,5,2,2,1.0,7,75117,M,,,75
201300054578,13,4,16,940,1,2,1,1.0,6,75117,M,,,75
201300054579,13,4,16,1745,1,2,2,1.0,2,75117,M,,,75
201300054580,13,4,18,2030,5,2,1,1.0,2,75117,M,,,75
201300054581,13,4,19,915,1,2,7,1.0,3,75117,M,,,75
201300054582,13,4,19,900,1,2,1,1.0,2,75117,M,,,75
201300054583,13,4,20,1510,1,2,2,1.0,3,75117,M,,,75
201300054584,13,4,20,1713,1,2,1,1.0,6,75117,M,,,75
201300054585,13,4,22,1000,1,2,1,1.0,7,75117,M,,,75
201300054586,13,4,25,915,1,2,5,1.0,3,75117,M,,,75
201300054587,13,4,25,1850,1,2,1,1.0,6,75117,M,,,75
201300054588,13,4,26,1300,1,2,1,1.0,2,75117,M,,,75
201300054589,13,4,27,2205,5,2,7,1.0,3,75116,M,,,75
201300054590,13,4,29,200,5,2,3,1.0,6,75117,M,,,75
201300054591,13,4,29,1450,1,2,3,1.0,6,75117,M,,,75
201300054592,13,4,29,1730,1,2,7,1.0,2,75117,M,,,75
201300054593,13,4,29,2040,5,2,5,1.0,5,75117,M,,,75
201300054594,13,5,2,2150,5,2,3,1.0,2,75117,M,,,75
201300054595,13,5,3,1735,1,2,1,1.0,6,75117,M,,,75
201300054596,13,5,6,1310,1,2,5,2.0,6,75117,M,,,75
201300054597,13,5,6,1900,1,2,2,1.0,3,75117,M,,,75
201300054598,13,5,7,920,1,2,3,1.0,6,75117,M,,,75
201300054599,13,5,9,125,5,2,2,1.0,2,75117,M,,,75
201300054600,13,5,9,1325,1,2,3,1.0,7,75117,M,,,75
201300054601,13,5,9,1700,1,2,2,1.0,3,75117,M,,,75
201300054602,13,5,10,2055,1,2,1,1.0,3,75117,M,,,75
201300054603,13,5,11,1640,1,2,2,1.0,3,75117,M,,,75
201300054604,13,5,14,1910,1,2,4,1.0,6,75117,M,,,75
201300054605,13,5,15,1200,1,2,4,1.0,3,75117,M,,,75
201300054606,13,5,15,1815,1,2,2,1.0,6,75117,M,,,75
201300054607,13,5,17,1910,1,2,1,1.0,2,75117,M,,,75
201300054608,13,5,19,1915,1,2,1,2.0,6,75117,M,,,75
201300054609,13,5,20,35,5,2,5,3.0,3,75117,M,,,75
201300054610,13,5,21,1100,1,2,3,8.0,6,75117,M,,,75
201300054611,13,5,21,1435,1,2,4,2.0,3,75117,M,,,75
201300054612,13,5,21,1520,1,2,1,1.0,6,75117,M,,,75
201300054613,13,5,22,2250,5,2,3,1.0,2,75117,M,,,75
201300054614,13,5,23,1422,1,2,7,1.0,3,75117,M,,,75
201300054615,13,5,23,1700,1,2,2,2.0,2,75117,M,,,75
201300054616,13,5,23,1955,2,2,5,1.0,3,75117,M,,,75
201300054617,13,5,24,1430,1,2,1,2.0,2,75117,M,,,75
201300054618,13,5,24,1530,1,2,1,3.0,3,75117,M,,,75
201300054619,13,5,24,1645,1,2,3,2.0,3,75117,M,,,75
201300054620,13,5,24,1930,1,2,3,2.0,7,75117,M,,,75
201300054621,13,5,25,350,5,2,6,2.0,6,75117,M,,,75
201300054622,13,5,25,215,5,2,1,1.0,7,75117,M,,,75
201300054623,13,5,26,1555,1,2,7,1.0,4,75117,M,,,75
201300054624,13,5,26,1730,1,2,1,1.0,6,75117,M,,,75
201300054625,13,5,28,2330,5,2,7,1.0,6,75117,M,,,75
201300054626,13,5,29,1445,1,2,5,1.0,2,75117,M,,,75
201300054627,13,5,30,755,1,2,2,8.0,6,75117,M,,,75
201300054628,13,5,30,825,1,2,1,2.0,2,75117,M,,,75
201300054629,13,5,30,915,1,2,1,1.0,4,75116,M,,,75
201300054630,13,5,30,1750,1,2,3,2.0,6,75117,M,,,75
201300054631,13,5,30,2020,1,2,1,2.0,2,75117,M,,,75
201300054632,13,6,1,1000,1,2,2,1.0,3,75117,M,,,75
201300054633,13,6,1,1500,1,2,1,1.0,4,75117,M,,,75
201300054634,13,6,2,1120,1,2,7,1.0,3,75117,M,,,75
201300054635,13,6,3,1725,1,2,1,1.0,6,75117,M,,,75
201300054636,13,6,4,320,5,2,4,1.0,6,75117,M,,,75
201300054637,13,6,4,1150,1,2,3,1.0,3,75117,M,,,75
201300054638,13,6,5,800,1,2,5,1.0,3,75117,M,,,75
201300054639,13,6,5,1100,1,2,1,1.0,3,75117,M,,,75
201300054640,13,6,5,1250,1,2,4,1.0,3,75117,M,,,75
201300054641,13,6,6,750,1,2,1,1.0,3,75117,M,,,75
201300054642,13,6,6,1315,1,2,7,1.0,3,75117,M,,,75
201300054643,13,6,7,1350,1,2,7,1.0,3,75117,M,,,75
201300054644,13,6,7,1555,1,2,1,1.0,6,75117,M,,,75
201300054645,13,6,7,1500,1,2,7,1.0,2,75117,M,,,75
201300054646,13,6,10,915,1,2,2,1.0,6,75117,M,,,75
201300054647,13,6,10,945,1,2,3,1.0,3,75117,M,,,75
201300054648,13,6,10,1110,1,2,2,1.0,6,75117,M,,,75
201300054649,13,6,10,1555,1,2,1,1.0,6,75117,M,,,75
201300054650,13,6,12,415,5,2,2,1.0,6,75117,M,,,75
201300054651,13,6,12,925,1,2,5,1.0,6,75117,M,,,75
201300054652,13,6,13,1515,1,2,5,2.0,3,75117,M,,,75
201300054653,13,6,13,1845,1,2,1,1.0,3,75117,M,,,75
201300054654,13,6,13,1935,1,2,3,1.0,6,75117,M,,,75
201300054655,13,6,13,2145,2,2,2,1.0,6,75117,M,,,75
201300054656,13,6,14,6,5,2,2,1.0,3,75117,M,,,75
201300054657,13,6,14,1200,1,2,1,1.0,6,75117,M,,,75
201300054658,13,6,15,415,3,2,5,1.0,2,75117,M,,,75
201300054659,13,6,17,1800,1,2,1,2.0,6,75117,M,,,75
201300054660,13,6,17,1935,1,2,1,2.0,2,75117,M,,,75
201300054661,13,6,17,530,2,2,1,1.0,2,75117,M,,,75
201300054662,13,6,18,1545,1,2,7,1.0,3,75117,M,,,75
201300054663,13,6,19,1600,1,2,5,1.0,6,75117,M,,,75
201300054664,13,6,20,1430,1,2,5,8.0,7,75117,M,,,75
201300054665,13,6,20,1440,1,2,5,1.0,6,75117,M,,,75
201300054666,13,6,20,1810,1,2,2,1.0,6,75117,M,,,75
201300054667,13,6,21,900,1,2,2,1.0,3,75117,M,,,75
201300054668,13,6,23,645,1,2,2,1.0,3,75117,M,,,75
201300054669,13,6,24,950,1,2,2,1.0,1,75117,M,,,75
201300054670,13,6,24,1420,1,2,1,1.0,7,75117,M,,,75
201300054671,13,6,24,1950,1,2,3,1.0,6,75117,M,,,75
201300054672,13,6,25,1730,1,2,1,1.0,6,75117,M,,,75
201300054673,13,6,25,2205,5,2,1,1.0,3,75117,M,,,75
201300054674,13,6,26,15,5,2,2,1.0,2,75117,M,,,75
201300054675,13,6,26,1845,1,2,2,1.0,6,75117,M,,,75
201300054676,13,6,29,220,5,2,7,1.0,3,75117,M,,,75
201300054677,13,7,1,1400,1,2,1,1.0,3,75117,M,,,75
201300054678,13,7,2,1300,1,2,5,1.0,2,75117,M,,,75
201300054679,13,7,4,1120,1,2,4,1.0,3,75117,M,,,75
201300054680,13,7,4,1805,1,2,1,1.0,6,75117,M,,,75
201300054681,13,7,8,1900,1,2,5,1.0,3,75117,M,,,75
201300054682,13,7,10,1140,1,2,3,1.0,6,75117,M,,,75
201300054683,13,7,10,1825,1,2,1,1.0,6,75108,M,,,75
201300054684,13,7,12,1700,1,2,2,1.0,5,75117,M,,,75
201300054685,13,7,13,1800,1,2,5,1.0,6,75117,M,,,75
201300054686,13,7,13,1755,1,2,4,1.0,2,75117,M,,,75
201300054687,13,7,13,2235,5,2,1,1.0,3,75117,M,,,75
201300054688,13,7,19,1410,1,2,2,1.0,3,75117,M,,,75
201300054689,13,7,20,1200,1,2,1,1.0,2,75117,M,,,75
201300054690,13,7,21,225,5,2,3,1.0,3,75117,M,,,75
201300054691,13,7,21,1210,1,2,5,1.0,2,75117,M,,,75
201300054692,13,7,23,1740,1,2,1,1.0,6,75117,M,,,75
201300054693,13,7,24,1140,1,2,2,1.0,6,75117,M,,,75
201300054694,13,7,25,915,1,2,1,1.0,6,75117,M,,,75
201300054695,13,7,27,930,1,2,5,1.0,2,75117,M,,,75
201300054696,13,8,1,1100,1,2,3,1.0,6,75117,M,,,75
201300054697,13,8,1,2225,5,2,1,1.0,6,75117,M,,,75
201300054698,13,8,2,1535,1,2,7,1.0,2,75117,M,,,75
201300054699,13,8,2,1608,1,2,5,1.0,3,75117,M,,,75
201300054700,13,8,8,820,1,2,7,1.0,6,75117,M,,,75
201300054701,13,8,9,1530,1,2,3,1.0,3,75118,M,,,75
201300054702,13,8,9,1610,1,2,3,1.0,6,75117,M,,,75
201300054703,13,8,13,1710,1,2,3,1.0,6,75117,M,,,75
201300054704,13,8,14,30,5,2,1,1.0,6,75117,M,,,75
201300054705,13,8,14,1920,1,2,2,1.0,3,75117,M,,,75
201300054706,13,8,20,920,1,2,1,1.0,6,75117,M,,,75
201300054707,13,8,21,930,1,2,1,1.0,1,75117,M,,,75
201300054708,13,8,21,1206,1,2,2,1.0,7,75117,M,,,75
201300054709,13,8,22,5,5,2,2,1.0,3,75117,M,,,75
201300054710,13,8,22,1515,1,2,5,1.0,3,75117,M,,,75
201300054711,13,8,25,105,5,2,1,3.0,6,75117,M,,,75
201300054712,13,8,26,910,1,2,1,1.0,7,75117,M,,,75
201300054713,13,8,27,725,2,2,2,1.0,2,75117,M,,,75
201300054714,13,8,29,645,2,2,1,1.0,7,75117,M,,,75
201300054715,13,8,29,900,1,2,4,1.0,2,75117,M,,,75
201300054716,13,8,30,1200,1,2,4,1.0,3,75117,M,,,75
201300054717,13,9,4,410,5,2,3,1.0,6,75117,M,,,75
201300054718,13,9,4,1100,1,2,1,1.0,3,75117,M,,,75
201300054719,13,9,4,1200,1,2,2,1.0,6,75117,M,,,75
201300054720,13,9,4,2330,5,2,1,1.0,6,75117,M,,,75
201300054721,13,9,8,330,5,2,3,1.0,3,75117,M,,,75
201300054722,13,9,10,1250,1,2,4,1.0,7,75117,M,,,75
201300054723,13,9,11,840,1,2,2,1.0,3,75117,M,,,75
201300054724,13,9,11,1240,1,2,1,1.0,4,75117,M,,,75
201300054725,13,9,11,1600,1,2,2,1.0,3,75117,M,,,75
201300054726,13,9,11,1500,1,2,1,1.0,3,75117,M,,,75
201300054727,13,9,11,2000,5,2,5,1.0,3,75117,M,,,75
201300054728,13,9,13,1105,1,2,1,2.0,7,75117,M,,,75
201300054729,13,9,13,2030,5,2,3,8.0,2,75117,M,,,75
201300054730,13,9,16,1300,1,2,1,1.0,4,75117,M,,,75
201300054731,13,9,17,900,1,2,2,1.0,2,75117,M,,,75
201300054732,13,9,17,1823,1,2,2,2.0,3,75117,M,,,75
201300054733,13,9,17,1945,5,2,1,2.0,7,75117,M,,,75
201300054734,13,9,17,2300,5,2,4,2.0,6,75117,M,,,75
201300054735,13,9,19,900,1,2,2,1.0,3,75117,M,,,75
201300054736,13,9,19,1700,1,2,1,1.0,1,75117,M,,,75
201300054737,13,9,19,1655,1,2,2,1.0,3,75117,M,,,75
201300054738,13,9,20,25,5,2,3,1.0,6,75117,M,,,75
201300054739,13,9,20,850,1,2,7,2.0,6,75117,M,,,75
201300054740,13,9,20,1730,1,2,7,1.0,6,75117,M,,,75
201300054741,13,9,21,1645,1,2,3,1.0,6,75117,M,,,75
201300054742,13,9,24,1000,1,2,5,1.0,3,75117,M,,,75
201300054743,13,9,24,1345,1,2,7,1.0,3,75117,M,,,75
201300054744,13,9,24,2030,5,2,5,1.0,3,75117,M,,,75
201300054745,13,9,26,2045,5,2,1,1.0,2,75117,M,,,75
201300054746,13,9,27,1745,1,2,1,1.0,7,75117,M,,,75
201300054747,13,9,27,1930,2,2,1,1.0,7,75117,M,,,75
201300054748,13,9,29,715,3,2,3,1.0,6,75117,M,,,75
201300054749,13,9,29,630,5,2,3,1.0,6,75118,M,,,75
201300054750,13,10,1,907,1,2,2,1.0,6,75117,M,,,75
201300054751,13,10,1,940,1,2,3,1.0,6,75117,M,,,75
201300054752,13,10,1,930,1,1,4,8.0,3,75117,M,,,75
201300054753,13,10,1,1210,1,2,1,1.0,3,75117,M,,,75
201300054754,13,10,1,1230,1,2,1,1.0,6,75117,M,,,75
201300054755,13,10,2,920,1,2,1,1.0,2,75117,M,,,75
201300054756,13,10,2,1535,1,2,3,1.0,6,75117,M,,,75
201300054757,13,10,4,1035,1,2,7,1.0,3,75117,M,,,75
201300054758,13,10,5,1555,1,2,1,1.0,6,75117,M,,,75
201300054759,13,10,7,1337,1,2,5,1.0,1,75117,M,,,75
201300054760,13,10,7,1525,1,2,1,1.0,3,75117,M,,,75
201300054761,13,10,7,1730,1,2,5,1.0,3,75117,M,,,75
201300054762,13,10,9,1610,1,2,7,1.0,7,75117,M,,,75
201300054763,13,10,9,1720,1,2,5,2.0,6,75117,M,,,75
201300054764,13,10,9,1945,5,2,5,2.0,3,75117,M,,,75
201300054765,13,10,10,1015,1,2,3,1.0,3,75117,M,,,75
201300054766,13,10,11,1520,1,2,1,1.0,6,75117,M,,,75
201300054767,13,10,13,1030,1,2,3,1.0,2,75117,M,,,75
201300054768,13,10,16,2000,5,2,1,2.0,5,75117,M,,,75
201300054769,13,10,17,820,1,2,4,1.0,6,75117,M,,,75
201300054770,13,10,17,1245,1,2,1,1.0,6,75117,M,,,75
201300054771,13,10,17,2140,5,2,7,1.0,2,75117,M,,,75
201300054772,13,10,20,144,5,2,5,1.0,3,75117,M,,,75
201300054773,13,10,21,800,2,2,1,1.0,6,75117,M,,,75
201300054774,13,10,22,1155,1,2,1,1.0,6,75117,M,,,75
201300054775,13,10,22,1415,1,2,2,1.0,2,75117,M,,,75
201300054776,13,10,22,1930,5,2,1,1.0,4,75117,M,,,75
201300054777,13,10,23,1900,5,2,1,1.0,7,75117,M,,,75
201300054778,13,10,24,820,1,2,1,1.0,3,75117,M,,,75
201300054779,13,10,24,1445,1,2,1,1.0,6,75117,M,,,75
201300054780,13,10,24,1600,1,2,2,1.0,6,75117,M,,,75
201300054781,13,10,24,1650,1,2,3,1.0,6,75117,M,,,75
201300054782,13,10,24,2130,5,2,5,1.0,6,75117,M,,,75
201300054783,13,10,23,2240,5,2,1,1.0,6,75117,M,,,75
201300054784,13,10,25,204,5,2,2,1.0,6,75117,M,,,75
201300054785,13,10,25,800,1,2,2,1.0,6,75117,M,,,75
201300054786,13,10,26,1240,1,2,2,1.0,3,75117,M,,,75
201300054787,13,10,26,1830,5,2,2,1.0,2,75117,M,,,75
201300054788,13,10,27,230,5,2,7,1.0,6,75117,M,,,75
201300054789,13,10,27,545,5,2,4,6.0,2,75117,M,,,75
201300054790,13,10,28,930,1,2,2,2.0,2,75117,M,,,75
201300054791,13,10,29,1845,5,2,2,1.0,6,75117,M,,,75
201300054792,13,10,29,1830,5,2,1,2.0,7,75117,M,,,75
201300054793,13,10,29,1910,3,2,4,1.0,6,75117,M,,,75
201300054794,13,10,31,845,1,2,7,1.0,6,75117,M,,,75
201300054795,13,10,31,1430,1,2,3,1.0,3,75117,M,,,75
201300054796,13,11,2,1930,5,2,1,1.0,6,75117,M,,,75
201300054797,13,11,3,40,5,2,2,1.0,6,75117,M,,,75
201300054798,13,11,4,850,1,2,5,1.0,6,75117,M,,,75
201300054799,13,11,4,915,1,2,4,1.0,6,75117,M,,,75
201300054800,13,11,4,2130,3,2,7,1.0,2,75117,M,,,75
201300054801,13,11,7,920,1,2,3,1.0,3,75117,M,,,75
201300054802,13,11,7,930,1,2,3,8.0,3,75117,M,,,75
201300054803,13,11,7,1325,1,2,1,1.0,4,75117,M,,,75
201300054804,13,11,7,1745,5,2,1,2.0,6,75117,M,,,75
201300054805,13,11,8,1700,5,2,4,2.0,3,75117,M,,,75
201300054806,13,11,8,1750,5,2,1,2.0,6,75117,M,,,75
201300054807,13,11,8,1825,3,2,4,2.0,7,75117,M,,,75
201300054808,13,11,10,1800,5,2,1,1.0,6,75108,M,,,75
201300054809,13,11,11,355,5,2,1,1.0,6,75117,M,,,75
201300054810,13,11,12,1835,5,2,2,2.0,3,75117,M,,,75
201300054811,13,11,12,1930,5,2,2,2.0,6,75117,M,,,75
201300054812,13,11,13,315,5,2,2,1.0,3,75117,M,,,75
201300054813,13,11,13,800,1,2,1,1.0,6,75117,M,,,75
201300054814,13,11,13,1130,1,2,1,1.0,6,75117,M,,,75
201300054815,13,11,13,1745,5,2,5,2.0,6,75117,M,,,75
201300054816,13,11,14,1900,5,2,2,2.0,6,75117,M,,,75
201300054817,13,11,15,840,1,2,1,2.0,3,75117,M,,,75
201300054818,13,11,15,1140,1,2,7,1.0,6,75117,M,,,75
201300054819,13,11,15,1800,5,2,1,1.0,6,75117,M,,,75
201300054820,13,11,18,1245,1,2,2,1.0,6,75117,M,,,75
201300054821,13,11,18,1715,5,2,1,1.0,6,75117,M,,,75
201300054822,13,11,19,720,5,2,2,8.0,6,75117,M,,,75
201300054823,13,11,19,1510,1,2,3,1.0,6,75117,M,,,75
201300054824,13,11,19,1730,5,2,4,1.0,6,75117,M,,,75
201300054825,13,11,19,2115,5,2,3,1.0,6,75117,M,,,75
201300054826,13,11,20,1050,1,2,2,1.0,6,75117,M,,,75
201300054827,13,11,20,1215,1,2,1,1.0,3,75117,M,,,75
201300054828,13,11,20,2100,5,2,2,2.0,6,75117,M,,,75
201300054829,13,11,21,1945,5,2,7,2.0,2,75117,M,,,75
201300054830,13,11,21,2015,5,2,1,2.0,7,75117,M,,,75
201300054831,13,11,21,1700,5,2,7,2.0,6,75108,M,,,75
201300054832,13,11,21,2130,5,2,1,1.0,6,75117,M,,,75
201300054833,13,11,24,2340,5,2,1,1.0,2,75117,M,,,75
201300054834,13,11,25,900,1,2,2,1.0,6,75117,M,,,75
201300054835,13,11,27,1230,1,2,1,8.0,6,75118,M,,,75
201300054836,13,11,28,920,1,2,1,1.0,6,75117,M,,,75
201300054837,13,11,28,2016,5,2,1,1.0,1,75117,M,,,75
201300054838,13,11,29,930,1,2,1,1.0,3,75117,M,,,75
201300054839,13,11,29,1330,1,2,1,1.0,3,75116,M,,,75
201300054840,13,11,29,1655,1,2,3,2.0,6,75117,M,,,75
201300054841,13,11,30,630,5,2,2,1.0,2,75117,M,,,75
201300054842,13,12,1,1955,5,2,5,1.0,3,75117,M,,,75
201300054843,13,12,2,1815,5,2,3,1.0,6,75117,M,,,75
201300054844,13,12,2,1825,5,2,1,1.0,6,75117,M,,,75
201300054845,13,12,3,10,5,2,1,1.0,4,75117,M,,,75
201300054846,13,12,3,1355,1,2,5,1.0,3,75117,M,,,75
201300054847,13,12,3,1755,5,2,5,1.0,6,75117,M,,,75
201300054848,13,12,4,920,1,2,3,1.0,3,75117,M,,,75
201300054849,13,12,4,1355,1,2,4,1.0,3,75117,M,,,75
201300054850,13,12,5,2015,5,2,1,1.0,6,75117,M,,,75
201300054851,13,12,6,20,5,2,1,1.0,3,75117,M,,,75
201300054852,13,12,9,840,1,2,3,1.0,6,75117,M,,,75
201300054853,13,12,9,940,1,2,1,1.0,3,75117,M,,,75
201300054854,13,12,7,1345,5,2,1,1.0,6,75117,M,,,75
201300054855,13,12,12,855,1,2,3,1.0,2,75117,M,,,75
201300054856,13,12,12,1005,1,2,2,1.0,2,75117,M,,,75
201300054857,13,12,14,1930,5,2,2,1.0,6,75117,M,,,75
201300054858,13,12,15,1830,5,2,4,1.0,6,75117,M,,,75
201300054859,13,12,15,1940,5,2,2,1.0,5,75117,M,,,75
201300054860,13,12,16,1040,1,2,7,1.0,3,75117,M,,,75
201300054861,13,12,18,730,5,2,5,1.0,1,75117,M,,,75
201300054862,13,12,18,1130,1,2,3,1.0,6,75117,M,,,75
201300054863,13,12,18,2110,5,2,2,1.0,3,75117,M,,,75
201300054864,13,12,20,1630,1,2,1,1.0,3,75117,M,,,75
201300054865,13,12,20,1715,5,2,1,1.0,6,75117,M,,,75
201300054866,13,12,21,1540,1,2,1,1.0,2,75117,M,,,75
201300054867,13,12,23,1150,1,2,3,8.0,2,75117,M,,,75
201300054868,13,12,23,2045,5,2,2,6.0,6,75117,M,,,75
201300054869,13,12,23,2100,5,2,1,6.0,6,75117,M,,,75
201300054870,13,12,29,2030,5,2,7,1.0,6,75117,M,,,75
201300054871,13,12,31,753,2,2,2,1.0,6,75108,M,,,75
201300054872,13,12,31,1410,1,2,5,1.0,3,75117,M,,,75
201300054873,13,12,31,1830,5,2,1,2.0,7,75117,M,,,75
201300054874,13,1,1,430,5,2,4,2.0,6,75118,M,,,75
201300054875,13,1,1,600,5,2,1,1.0,6,75118,M,,,75
201300054876,13,1,1,1915,5,2,4,2.0,6,75118,M,,,75
201300054877,13,1,2,945,1,2,5,1.0,3,75118,M,,,75
201300054878,13,1,2,1650,2,2,1,1.0,7,75118,M,,,75
201300054879,13,1,5,100,5,2,7,1.0,6,75118,M,,,75
201300054880,13,1,7,1550,1,2,4,8.0,4,75118,M,,,75
201300054881,13,1,9,750,2,2,5,1.0,3,75118,M,,,75
201300054882,13,1,10,1545,1,2,1,2.0,6,75118,M,,,75
201300054883,13,1,10,1745,2,2,5,1.0,6,75118,M,,,75
201300054884,13,1,11,1950,5,2,4,2.0,6,75118,M,,,75
201300054885,13,1,13,35,5,2,1,2.0,6,75118,M,,,75
201300054886,13,1,15,715,5,2,5,4.0,7,75118,M,,,75
201300054887,13,1,18,945,1,2,5,1.0,3,75118,M,,,75
201300054888,13,1,18,1020,1,2,2,8.0,6,75118,M,,,75
201300054889,13,1,18,1920,5,2,1,4.0,6,75118,M,,,75
201300054890,13,1,22,1910,5,2,5,8.0,5,75118,M,,,75
201300054891,13,1,24,1228,1,2,5,1.0,3,75118,M,,,75
201300054892,13,1,27,245,5,2,5,1.0,6,75118,M,,,75
201300054893,13,1,27,2005,5,2,2,2.0,6,75118,M,,,75
201300054894,13,1,28,850,1,2,1,1.0,6,75118,M,,,75
201300054895,13,1,29,1640,1,2,3,1.0,6,75118,M,,,75
201300054896,13,1,29,1800,5,2,1,2.0,6,75118,M,,,75
201300054897,13,1,31,520,5,2,1,1.0,6,75118,M,,,75
201300054898,13,2,1,1800,5,2,1,2.0,6,75118,M,,,75
201300054899,13,2,2,700,5,2,1,1.0,6,75118,M,,,75
201300054900,13,2,2,1130,1,2,5,1.0,2,75118,M,,,75
201300054901,13,2,2,1845,5,2,3,1.0,3,75118,M,,,75
201300054902,13,2,4,1850,5,2,1,1.0,6,75118,M,,,75
201300054903,13,2,6,2215,5,2,3,2.0,6,75118,M,,,75
201300054904,13,2,8,1220,1,2,3,1.0,6,75118,M,,,75
201300054905,13,2,8,1630,1,2,1,1.0,2,75118,M,,,75
201300054906,13,2,9,1350,1,2,5,1.0,3,75118,M,,,75
201300054907,13,2,13,220,5,2,5,1.0,2,75118,M,,,75
201300054908,13,2,13,1900,5,2,3,1.0,3,75118,M,,,75
201300054909,13,2,14,1845,5,2,7,1.0,6,75118,M,,,75
201300054910,13,2,17,545,5,2,4,1.0,6,75118,M,,,75
201300054911,13,2,19,830,1,2,2,1.0,6,75118,M,,,75
201300054912,13,2,19,1100,1,2,3,1.0,1,75118,M,,,75
201300054913,13,2,19,1430,1,2,3,1.0,6,75118,M,,,75
201300054914,13,2,19,1700,1,2,1,1.0,6,75118,M,,,75
201300054915,13,2,23,840,1,2,1,1.0,6,75118,M,,,75
201300054916,13,2,23,1315,1,2,1,1.0,6,75118,M,,,75
201300054917,13,2,23,2100,5,2,5,1.0,6,75118,M,,,75
201300054918,13,2,23,2125,5,2,1,1.0,6,75118,M,,,75