Num_Acc,an,mois,jour,hrmn,lum,agg,int,atm,col,com,gps,lat,long,dep
201300054919,13,2,24,1400,1,2,1,2.0,6,75118,M,,,75
201300054920,13,2,24,1920,5,2,3,4.0,6,75118,M,,,75
201300054921,13,2,26,2150,5,2,2,1.0,3,75118,M,,,75
201300054922,13,2,27,1015,1,2,2,1.0,2,75118,M,,,75
201300054923,13,2,27,2240,5,2,2,2.0,2,75110,M,,,75
201300054924,13,2,28,1515,1,2,5,1.0,6,75118,M,,,75
201300054925,13,2,28,1510,1,2,1,1.0,6,75118,M,,,75
201300054926,13,2,28,1800,5,2,1,1.0,7,75118,M,,,75
201300054927,13,3,2,1130,1,2,2,1.0,5,75118,M,,,75
201300054928,13,3,6,1115,1,2,1,1.0,6,75118,M,,,75
201300054929,13,3,8,1300,1,2,1,3.0,6,75118,M,,,75
201300054930,13,3,10,830,1,2,1,1.0,3,75118,M,,,75
201300054931,13,3,11,2020,5,2,3,4.0,6,75118,M,,,75
201300054932,13,3,13,1550,1,2,5,8.0,7,75118,M,,,75
201300054933,13,3,16,1505,1,2,2,1.0,6,75118,M,,,75
201300054934,13,3,17,1550,1,2,2,2.0,2,75118,M,,,75
201300054935,13,3,17,1650,1,2,1,2.0,3,75118,M,,,75
201300054936,13,3,19,1915,5,2,1,2.0,2,75118,M,,,75
201300054937,13,3,20,1145,1,2,2,1.0,3,75118,M,,,75
201300054938,13,3,22,1655,1,2,1,1.0,2,75118,M,,,75
201300054939,13,3,23,1,5,2,7,1.0,3,75118,M,,,75
201300054940,13,3,23,2040,5,2,1,1.0,3,75117,M,,,75
201300054941,13,3,26,1715,1,2,1,1.0,6,75118,M,,,75
201300054942,13,3,26,2340,5,2,1,1.0,7,75118,M,,,75
201300054943,13,3,28,2305,5,2,1,1.0,6,75118,M,,,75
201300054944,13,3,30,1900,2,2,2,1.0,3,75118,M,,,75
201300054945,13,3,30,2310,5,2,3,1.0,6,75118,M,,,75
201300054946,13,3,31,1445,1,2,2,1.0,3,75118,M,,,75
201300054947,13,4,1,1405,1,2,5,1.0,6,75118,M,,,75
201300054948,13,4,1,1645,1,2,5,1.0,7,75118,M,,,75
201300054949,13,4,2,200,5,2,1,1.0,3,75118,M,,,75
201300054950,13,4,2,1120,1,2,7,1.0,6,75118,M,,,75
201300054951,13,4,4,909,1,2,5,8.0,3,75118,M,,,75
201300054952,13,4,4,100,5,2,1,1.0,6,75118,M,,,75
201300054953,13,4,5,1150,1,2,1,1.0,6,75118,M,,,75
201300054954,13,4,5,1305,1,2,2,1.0,3,75118,M,,,75
201300054955,13,4,6,850,1,2,5,1.0,3,75118,M,,,75
201300054956,13,4,6,1115,1,2,5,1.0,6,75118,M,,,75
201300054957,13,4,7,1740,1,2,1,1.0,3,75118,M,,,75
201300054958,13,4,11,1035,1,2,2,1.0,2,75118,M,,,75
201300054959,13,4,11,1135,1,2,1,1.0,6,75118,M,,,75
201300054960,13,4,12,1320,1,2,1,1.0,6,75118,M,,,75
201300054961,13,4,12,2230,5,2,1,1.0,6,75118,M,,,75
201300054962,13,4,13,900,1,2,2,1.0,6,75118,M,,,75
201300054963,13,4,16,2305,5,2,1,1.0,2,75118,M,,,75
201300054964,13,4,18,1855,1,2,2,1.0,6,75118,M,,,75
201300054965,13,4,19,840,1,2,1,1.0,3,75118,M,,,75
201300054966,13,4,19,1605,1,2,5,2.0,6,75118,M,,,75
201300054967,13,4,19,445,5,2,5,1.0,3,75118,M,,,75
201300054968,13,4,20,1230,1,2,1,1.0,6,75118,M,,,75
201300054969,13,4,20,1950,1,2,1,1.0,3,75118,M,,,75
201300054970,13,4,21,200,5,2,5,1.0,6,75118,M,,,75
201300054971,13,4,22,1245,1,2,1,1.0,6,75118,M,,,75
201300054972,13,4,22,1500,1,2,5,1.0,3,75118,M,,,75
201300054973,13,4,24,1845,1,2,4,1.0,3,75118,M,,,75
201300054974,13,4,25,820,1,2,5,1.0,3,75118,M,,,75
201300054975,13,4,25,450,2,2,1,1.0,4,75118,M,,,75
201300054976,13,4,27,1530,1,2,1,1.0,6,75118,M,,,75
201300054977,13,4,28,1910,1,2,1,1.0,6,75118,M,,,75
201300054978,13,4,30,930,1,2,3,1.0,2,75118,M,,,75
201300054979,13,5,1,410,5,2,4,2.0,2,75118,M,,,75
201300054980,13,5,1,1450,1,2,2,1.0,3,75118,M,,,75
201300054981,13,5,1,1800,1,2,1,3.0,6,75118,M,,,75
201300054982,13,5,1,1815,1,2,2,3.0,3,75118,M,,,75
201300054983,13,5,3,2045,2,2,4,1.0,7,75118,M,,,75
201300054984,13,5,6,135,5,2,5,1.0,3,75118,M,,,75
201300054985,13,5,6,1035,1,2,3,2.0,6,75118,M,,,75
201300054986,13,5,6,1815,1,2,5,2.0,3,75118,M,,,75
201300054987,13,5,7,1135,1,2,1,1.0,6,75118,M,,,75
201300054988,13,5,8,1835,1,2,5,1.0,7,75118,M,,,75
201300054989,13,5,9,1700,1,2,1,1.0,6,75118,M,,,75
201300054990,13,5,11,745,1,2,2,1.0,2,75118,M,,,75
201300054991,13,5,11,1800,1,2,3,1.0,6,75118,M,,,75
201300054992,13,5,11,2100,2,2,1,1.0,6,75118,M,,,75
201300054993,13,5,11,1300,1,2,2,1.0,3,75118,M,,,75
201300054994,13,5,15,745,2,2,4,1.0,6,75118,M,,,75
201300054995,13,5,15,915,1,2,2,1.0,6,75118,M,,,75
201300054996,13,5,19,2240,5,2,4,2.0,1,75118,M,,,75
201300054997,13,5,22,1205,1,2,2,1.0,6,75118,M,,,75
201300054998,13,5,24,2040,2,2,1,2.0,6,75118,M,,,75
201300054999,13,5,25,1610,1,2,3,2.0,6,75118,M,,,75
201300055000,13,5,26,1155,1,2,5,1.0,3,75118,M,,,75
201300055001,13,5,26,2040,1,2,1,1.0,6,75118,M,,,75
201300055002,13,5,28,820,1,2,5,1.0,6,75118,M,,,75
201300055003,13,5,28,1740,1,2,2,1.0,3,75118,M,,,75
201300055004,13,5,30,220,5,2,5,2.0,6,75118,M,,,75
201300055005,13,5,30,200,5,2,1,3.0,6,75118,M,,,75
201300055006,13,6,1,220,5,2,4,1.0,2,75118,M,,,75
201300055007,13,6,2,1005,1,2,7,1.0,6,75118,M,,,75
201300055008,13,6,2,1600,1,2,2,1.0,2,75118,M,,,75
201300055009,13,6,2,1805,1,2,4,1.0,3,75118,M,,,75
201300055010,13,6,2,2015,1,2,5,1.0,6,75118,M,,,75
201300055011,13,6,4,1855,1,2,5,1.0,3,75118,M,,,75
201300055012,13,6,6,1600,1,2,1,1.0,6,75118,M,,,75
201300055013,13,6,7,1135,1,2,3,1.0,6,75118,M,,,75
201300055014,13,6,8,2010,1,2,3,1.0,6,75118,M,,,75
201300055015,13,6,9,640,1,2,2,2.0,3,75118,M,,,75
201300055016,13,6,10,1130,1,2,3,1.0,3,75118,M,,,75
201300055017,13,6,12,1320,1,2,7,1.0,6,75118,M,,,75
201300055018,13,6,12,1745,1,2,7,1.0,2,75118,M,,,75
201300055019,13,6,13,920,1,2,4,2.0,3,75118,M,,,75
201300055020,13,6,13,1830,1,2,5,1.0,6,75118,M,,,75
201300055021,13,6,15,1915,1,2,3,1.0,6,75118,M,,,75
201300055022,13,6,17,400,5,2,1,1.0,6,75118,M,,,75
201300055023,13,6,17,915,1,2,3,3.0,6,75118,M,,,75
201300055024,13,6,19,715,2,2,5,3.0,2,75118,M,,,75
201300055025,13,6,21,2000,1,2,3,1.0,2,75118,M,,,75
201300055026,13,6,25,1835,1,2,2,1.0,6,75118,M,,,75
201300055027,13,6,27,815,1,2,2,2.0,1,75118,M,,,75
201300055028,13,6,27,1650,1,2,2,1.0,6,75118,M,,,75
201300055029,13,6,28,1012,1,2,2,2.0,3,75118,M,,,75
201300055030,13,6,28,2030,2,2,4,1.0,6,75118,M,,,75
201300055031,13,6,29,2025,1,2,3,1.0,1,75118,M,,,75
201300055032,13,7,1,945,1,2,1,1.0,3,75118,M,,,75
201300055033,13,7,2,2000,1,2,3,1.0,6,75118,M,,,75
201300055034,13,7,2,1830,1,2,1,1.0,6,75118,M,,,75
201300055035,13,7,3,845,1,2,2,2.0,3,75118,M,,,75
201300055036,13,7,3,1725,1,2,3,8.0,3,75118,M,,,75
201300055037,13,7,4,1745,1,2,5,1.0,7,75118,M,,,75
201300055038,13,7,6,1710,1,2,1,1.0,6,75118,M,,,75
201300055039,13,7,8,1450,1,2,3,1.0,3,75118,M,,,75
201300055040,13,7,9,1345,1,2,4,1.0,6,75118,M,,,75
201300055041,13,7,9,2050,2,2,1,1.0,6,75118,M,,,75
201300055042,13,7,12,1005,1,2,5,1.0,6,75118,M,,,75
201300055043,13,7,12,1210,1,2,2,1.0,3,75118,M,,,75
201300055044,13,7,12,1907,1,2,5,1.0,3,75118,M,,,75
201300055045,13,7,13,1835,1,2,5,1.0,6,75118,M,,,75
201300055046,13,7,14,1605,1,2,1,1.0,2,75118,M,,,75
201300055047,13,7,16,1700,1,2,2,1.0,6,75118,M,,,75
201300055048,13,7,16,1830,1,2,4,1.0,2,75118,M,,,75
201300055049,13,7,17,2225,5,2,5,1.0,3,75118,M,,,75
201300055050,13,7,18,1730,1,2,2,1.0,6,75118,M,,,75
201300055051,13,7,19,815,1,2,2,1.0,2,75118,M,,,75
201300055052,13,7,20,1855,1,2,5,1.0,6,75118,M,,,75
201300055053,13,7,21,1940,1,2,1,1.0,6,75118,M,,,75
201300055054,13,7,22,1640,1,2,1,1.0,3,75118,M,,,75
201300055055,13,7,22,1805,1,2,1,1.0,6,75118,M,,,75
201300055056,13,7,23,1000,1,2,3,1.0,3,75118,M,,,75
201300055057,13,7,24,800,1,2,1,1.0,6,75118,M,,,75
201300055058,13,7,24,930,1,2,7,1.0,6,75118,M,,,75
201300055059,13,7,25,157,5,2,4,1.0,3,75118,M,,,75
201300055060,13,7,25,1525,1,2,2,1.0,3,75118,M,,,75
201300055061,13,7,26,1020,1,2,1,1.0,7,75118,M,,,75
201300055062,13,7,25,2035,1,2,4,1.0,2,75118,M,,,75
201300055063,13,7,26,1630,1,2,1,1.0,6,75118,M,,,75
201300055064,13,7,29,645,1,2,1,1.0,3,75118,M,,,75
201300055065,13,7,29,915,1,2,7,1.0,3,75118,M,,,75
201300055066,13,7,29,1805,1,2,3,1.0,6,75118,M,,,75
201300055067,13,8,1,1610,1,2,3,1.0,3,75118,M,,,75
201300055068,13,8,1,2100,2,2,1,1.0,6,75118,M,,,75
201300055069,13,8,3,1805,1,2,3,1.0,6,75118,M,,,75
201300055070,13,8,3,2110,2,2,1,1.0,5,75118,M,,,75
201300055071,13,8,6,1845,2,2,5,1.0,3,75118,M,,,75
201300055072,13,8,6,2110,5,2,1,1.0,6,75118,M,,,75
201300055073,13,8,9,140,5,2,7,1.0,3,75118,M,,,75
201300055074,13,8,9,1035,1,2,1,1.0,3,75118,M,,,75
201300055075,13,8,10,1230,1,2,2,1.0,3,75118,M,,,75
201300055076,13,8,12,240,5,2,1,1.0,6,75118,M,,,75
201300055077,13,8,12,1550,1,2,3,1.0,2,75118,M,,,75
201300055078,13,8,13,1235,1,2,2,1.0,3,75118,M,,,75
201300055079,13,8,13,2145,5,2,1,2.0,3,75118,M,,,75
201300055080,13,8,15,1815,1,2,1,1.0,4,75118,M,,,75
201300055081,13,8,16,820,1,2,1,1.0,3,75118,M,,,75
201300055082,13,8,16,1750,1,2,2,1.0,3,75118,M,,,75
201300055083,13,8,17,1640,1,2,1,1.0,6,75118,M,,,75
201300055084,13,8,19,2150,5,2,2,1.0,6,75118,M,,,75
201300055085,13,8,20,105,5,2,2,1.0,6,75118,M,,,75
201300055086,13,8,21,2317,5,2,2,1.0,3,75118,M,,,75
201300055087,13,8,22,1605,1,2,7,1.0,6,75118,M,,,75
201300055088,13,8,24,1748,1,2,1,1.0,3,75118,M,,,75
201300055089,13,8,28,1405,1,2,1,1.0,6,75118,M,,,75
201300055090,13,8,28,1930,1,2,2,1.0,7,75118,M,,,75
201300055091,13,9,2,240,5,2,2,1.0,3,75118,M,,,75
201300055092,13,9,2,2330,5,2,1,1.0,3,75118,M,,,75
201300055093,13,9,3,115,5,2,4,1.0,2,75118,M,,,75
201300055094,13,9,4,2200,5,2,1,1.0,6,75118,M,,,75
201300055095,13,9,6,930,1,2,5,2.0,6,75118,M,,,75
201300055096,13,9,6,2035,5,2,1,1.0,6,75118,M,,,75
201300055097,13,9,8,1445,1,2,1,1.0,6,75118,M,,,75
201300055098,13,9,11,225,5,2,4,2.0,3,75118,M,,,75
201300055099,13,9,12,925,1,2,5,1.0,6,75118,M,,,75
201300055100,13,9,13,1238,1,2,2,2.0,3,75118,M,,,75
201300055101,13,9,13,1355,1,2,2,2.0,6,75118,M,,,75
201300055102,13,9,13,2145,5,2,2,2.0,6,75118,M,,,75
201300055103,13,9,14,110,5,2,1,2.0,6,75118,M,,,75
201300055104,13,9,14,1300,1,2,1,2.0,6,75118,M,,,75
201300055105,13,9,18,1610,1,2,1,2.0,6,75118,M,,,75
201300055106,13,9,20,400,5,2,1,1.0,6,75118,M,,,75
201300055107,13,9,22,1920,2,2,1,1.0,6,75118,M,,,75
201300055108,13,9,23,1630,1,2,3,1.0,1,75118,M,,,75
201300055109,13,9,23,1720,1,2,3,1.0,2,75118,M,,,75
201300055110,13,9,24,1800,1,2,3,1.0,6,75118,M,,,75
201300055111,13,9,25,635,5,2,2,1.0,2,75118,M,,,75
201300055112,13,9,25,1740,1,2,1,1.0,2,75118,M,,,75
201300055113,13,9,28,1140,1,2,2,2.0,2,75118,M,,,75
201300055114,13,9,28,1545,1,2,2,1.0,6,75118,M,,,75
201300055115,13,9,29,900,1,2,5,1.0,7,75118,M,,,75
201300055116,13,9,29,2230,5,2,7,1.0,6,75118,M,,,75
201300055117,13,9,30,20,5,2,3,2.0,1,75118,M,,,75
201300055118,13,9,30,1740,1,2,2,1.0,6,75118,M,,,75
201300055119,13,10,2,1100,1,2,2,1.0,6,75118,M,,,75
201300055120,13,10,2,1350,1,2,1,1.0,6,75118,M,,,75
201300055121,13,10,2,1500,1,2,4,1.0,2,75118,M,,,75
201300055122,13,10,2,2340,5,2,1,1.0,3,75118,M,,,75
201300055123,13,10,3,2130,5,2,5,2.0,2,75118,M,,,75
201300055124,13,10,4,1900,1,2,4,1.0,6,75118,M,,,75
201300055125,13,10,4,2140,5,2,1,1.0,6,75118,M,,,75
201300055126,13,10,4,2310,5,2,5,1.0,6,75118,M,,,75
201300055127,13,10,4,430,5,2,5,1.0,6,75118,M,,,75
201300055128,13,10,5,345,5,2,1,1.0,6,75118,M,,,75
201300055129,13,10,7,1330,1,2,2,1.0,3,75118,M,,,75
201300055130,13,10,11,1350,1,2,1,1.0,2,75118,M,,,75
201300055131,13,10,11,2000,5,2,3,1.0,3,75118,M,,,75
201300055132,13,10,11,2120,5,2,1,1.0,3,75118,M,,,75
201300055133,13,10,13,155,5,2,3,1.0,3,75118,M,,,75
201300055134,13,10,13,900,1,2,2,1.0,6,75118,M,,,75
201300055135,13,10,13,535,5,2,1,1.0,6,75118,M,,,75
201300055136,13,10,14,850,1,2,1,1.0,3,75118,M,,,75
201300055137,13,10,15,1345,1,2,1,1.0,6,75118,M,,,75
201300055138,13,10,15,1730,1,2,3,1.0,3,75118,M,,,75
201300055139,13,10,10,1545,1,2,2,1.0,7,75118,M,,,75
201300055140,13,10,16,1110,1,2,2,1.0,2,75118,M,,,75
201300055141,13,10,16,1200,1,2,1,2.0,6,75118,M,,,75
201300055142,13,10,16,1830,1,2,1,3.0,2,75118,M,,,75
201300055143,13,10,19,1900,5,2,7,2.0,6,75118,M,,,75
201300055144,13,10,20,750,2,2,2,2.0,3,75118,M,,,75
201300055145,13,10,20,1955,5,2,1,8.0,6,75118,M,,,75
201300055146,13,10,22,1241,1,2,2,1.0,6,75118,M,,,75
201300055147,13,10,23,830,1,2,3,1.0,2,75118,M,,,75
201300055148,13,10,23,945,1,2,1,1.0,4,75118,M,,,75
201300055149,13,10,24,2130,4,2,5,1.0,6,75118,M,,,75
201300055150,13,10,25,1945,5,2,1,2.0,3,75118,M,,,75
201300055151,13,10,27,1110,1,2,3,1.0,6,75117,M,,,75
201300055152,13,10,27,1915,5,2,1,2.0,3,75118,M,,,75
201300055153,13,10,28,1310,1,2,2,1.0,3,75118,M,,,75
201300055154,13,10,28,2130,5,2,5,1.0,6,75118,M,,,75
201300055155,13,10,29,1525,1,2,4,1.0,3,75118,M,,,75
201300055156,13,10,30,2045,5,2,2,1.0,6,75118,M,,,75
201300055157,13,11,1,420,5,2,1,3.0,6,75118,M,,,75
201300055158,13,11,2,1345,1,2,2,1.0,6,75109,M,,,75
201300055159,13,11,3,230,5,2,4,1.0,3,75118,M,,,75
201300055160,13,11,4,1440,1,2,1,1.0,6,75118,M,,,75
201300055161,13,11,4,1550,1,2,5,2.0,6,75118,M,,,75
201300055162,13,11,5,1310,1,2,2,2.0,3,75118,M,,,75
201300055163,13,11,6,25,5,2,2,2.0,2,75118,M,,,75
201300055164,13,11,6,1840,5,2,1,1.0,6,75118,M,,,75
201300055165,13,11,6,2045,5,2,1,1.0,6,75118,M,,,75
201300055166,13,11,7,650,5,2,5,2.0,6,75118,M,,,75
201300055167,13,11,7,1320,1,2,1,1.0,6,75118,M,,,75
201300055168,13,11,7,1355,1,2,3,1.0,3,75118,M,,,75
201300055169,13,11,9,420,5,2,2,1.0,6,75118,M,,,75
201300055170,13,11,9,1230,1,2,2,2.0,6,75118,M,,,75
201300055171,13,11,12,1330,1,2,1,2.0,3,75118,M,,,75
201300055172,13,11,12,1845,5,2,3,2.0,2,75118,M,,,75
201300055173,13,11,12,2045,5,2,1,2.0,2,75118,M,,,75
201300055174,13,11,13,855,1,2,3,1.0,2,75118,M,,,75
201300055175,13,11,13,1915,5,2,2,1.0,6,75118,M,,,75
201300055176,13,11,13,2020,5,2,3,1.0,6,75118,M,,,75
201300055177,13,11,16,2200,5,2,3,1.0,2,75118,M,,,75
201300055178,13,11,16,1310,1,2,2,1.0,3,75118,M,,,75
201300055179,13,11,17,622,5,2,2,1.0,3,75118,M,,,75
201300055180,13,11,19,730,2,2,1,2.0,6,75118,M,,,75
201300055181,13,11,21,2230,5,2,2,2.0,3,75118,M,,,75
201300055182,13,11,21,2100,5,2,3,1.0,6,75118,M,,,75
201300055183,13,11,22,1210,1,2,2,1.0,6,75118,M,,,75
201300055184,13,11,22,1433,1,2,1,1.0,6,75118,M,,,75
201300055185,13,11,23,1430,1,2,3,1.0,6,75118,M,,,75
201300055186,13,11,23,1455,1,2,2,1.0,3,75118,M,,,75
201300055187,13,11,23,1355,1,2,3,8.0,7,75118,M,,,75
201300055188,13,11,24,800,1,2,3,1.0,2,75118,M,,,75
201300055189,13,11,25,1940,5,2,1,1.0,6,75110,M,,,75
201300055190,13,11,28,1900,5,2,3,1.0,6,75118,M,,,75
201300055191,13,11,19,2130,5,2,1,9.0,6,75118,M,,,75
201300055192,13,11,29,1705,5,2,1,2.0,6,75118,M,,,75
201300055193,13,11,30,1445,1,2,1,1.0,7,75118,M,,,75
201300055194,13,12,1,225,5,2,1,1.0,2,75118,M,,,75
201300055195,13,12,3,1810,5,2,2,1.0,6,75118,M,,,75
201300055196,13,12,3,1850,5,2,3,1.0,3,75118,M,,,75
201300055197,13,12,3,2120,5,2,7,1.0,6,75118,M,,,75
201300055198,13,12,5,835,1,2,2,8.0,6,75118,M,,,75
201300055199,13,12,6,2315,5,2,1,2.0,6,75118,M,,,75
201300055200,13,12,7,425,5,2,3,2.0,6,75118,M,,,75
201300055201,13,12,7,615,5,2,3,2.0,6,75118,M,,,75
201300055202,13,11,30,1745,1,2,2,3.0,7,75118,M,,,75
201300055203,13,12,9,1640,1,2,1,1.0,6,75118,M,,,75
201300055204,13,12,10,1320,1,2,3,1.0,7,75118,M,,,75
201300055205,13,12,12,15,5,2,3,1.0,1,75118,M,,,75
201300055206,13,12,12,1104,1,2,3,1.0,6,75118,M,,,75
201300055207,13,12,13,840,1,2,1,4.0,7,75118,M,,,75
201300055208,13,12,13,1750,5,2,1,2.0,3,75118,M,,,75
201300055209,13,12,13,1915,5,2,1,2.0,6,75118,M,,,75
201300055210,13,12,14,1030,1,2,3,1.0,3,75118,M,,,75
201300055211,13,12,14,2300,5,2,1,1.0,6,75118,M,,,75
201300055212,13,12,18,2310,5,2,2,1.0,3,75118,M,,,75
201300055213,13,12,19,215,5,2,5,2.0,6,75118,M,,,75
201300055214,13,12,19,1925,5,2,7,1.0,2,75118,M,,,75
201300055215,13,12,20,330,5,2,1,1.0,7,75118,M,,,75
201300055216,13,12,20,1700,1,2,1,1.0,6,75118,M,,,75
201300055217,13,12,23,1820,5,2,4,1.0,6,75118,M,,,75
201300055218,13,12,24,1930,5,2,1,2.0,2,75118,M,,,75
201300055219,13,12,25,1025,1,2,1,1.0,6,75118,M,,,75
201300055220,13,12,26,1355,1,2,2,1.0,6,75118,M,,,75
201300055221,13,12,26,2230,5,2,2,1.0,6,75118,M,,,75
201300055222,13,12,27,650,2,2,2,2.0,5,75118,M,,,75
201300055223,13,12,27,1525,1,2,2,1.0,1,75118,M,,,75
201300055224,13,12,28,150,5,2,3,2.0,6,75118,M,,,75
201300055225,13,12,28,845,1,2,1,1.0,2,75118,M,,,75
201300055226,13,12,28,1810,5,2,1,1.0,2,75118,M,,,75
201300055227,13,12,30,1120,1,2,1,1.0,6,75118,M,,,75
201300055228,13,12,31,1745,5,2,5,2.0,6,75118,M,,,75
201300055229,13,1,1,430,5,2,1,3.0,6,75119,M,,,75
201300055230,13,1,1,1530,1,2,1,2.0,3,75119,M,,,75
201300055231,13,1,2,1610,1,2,7,1.0,6,75119,M,,,75
201300055232,13,1,3,800,5,2,7,2.0,7,75119,M,,,75
201300055233,13,1,6,1955,5,2,2,1.0,7,75119,M,,,75
201300055234,13,1,10,1140,1,2,4,2.0,3,75119,M,,,75
201300055235,13,1,10,1805,4,2,3,2.0,3,75119,M,,,75
201300055236,13,1,11,1920,5,2,1,2.0,7,75119,M,,,75
201300055237,13,1,12,1100,1,2,1,2.0,6,75119,M,,,75
201300055238,13,1,15,2130,5,2,3,4.0,3,75119,M,,,75
201300055239,13,1,16,600,5,2,7,1.0,3,75119,M,,,75
201300055240,13,1,16,1300,1,2,1,1.0,6,75119,M,,,75
201300055241,13,1,16,1810,4,2,2,1.0,6,75119,M,,,75
201300055242,13,1,22,750,2,2,3,8.0,3,75119,M,,,75
201300055243,13,1,22,900,1,2,1,8.0,6,75119,M,,,75
201300055244,13,1,30,1100,1,2,1,2.0,3,75119,M,,,75
201300055245,13,1,31,1240,1,2,2,1.0,6,75119,M,,,75
201300055246,13,2,2,1825,5,2,1,2.0,3,75119,M,,,75
201300055247,13,2,2,2015,5,2,3,2.0,3,75119,M,,,75
201300055248,13,2,5,1740,1,2,4,2.0,3,75119,M,,,75
201300055249,13,2,5,1350,1,2,1,8.0,2,75119,M,,,75
201300055250,13,2,6,950,1,2,2,1.0,6,75119,M,,,75
201300055251,13,2,6,1945,5,2,2,1.0,6,75119,M,,,75
201300055252,13,2,7,745,2,2,1,2.0,1,75119,M,,,75
201300055253,13,2,7,1340,1,2,1,1.0,2,75119,M,,,75
201300055254,13,2,7,2025,5,2,1,1.0,2,75119,M,,,75
201300055255,13,2,8,1610,1,2,1,1.0,3,75119,M,,,75
201300055256,13,2,10,530,5,2,1,1.0,6,75119,M,,,75
201300055257,13,2,11,930,1,2,3,2.0,3,75119,M,,,75
201300055258,13,2,11,1800,5,2,3,1.0,3,75119,M,,,75
201300055259,13,2,12,1135,1,2,1,2.0,3,75119,M,,,75
201300055260,13,2,12,1700,1,2,2,8.0,7,75119,M,,,75
201300055261,13,2,13,1710,1,2,1,1.0,6,75119,M,,,75
201300055262,13,2,15,2240,5,2,3,1.0,6,75119,M,,,75
201300055263,13,2,17,758,1,2,3,1.0,2,75119,M,,,75
201300055264,13,2,20,1030,1,2,1,1.0,7,75119,M,,,75
201300055265,13,2,20,1700,1,2,1,1.0,2,75119,M,,,75
201300055266,13,2,23,1830,5,2,2,8.0,2,75119,M,,,75
201300055267,13,2,28,1015,1,2,1,8.0,6,75119,M,,,75
201300055268,13,3,4,520,5,2,2,1.0,6,75119,M,,,75
201300055269,13,3,4,1355,1,2,4,1.0,6,75119,M,,,75
201300055270,13,3,5,735,1,2,3,1.0,3,75119,M,,,75
201300055271,13,3,7,1150,1,2,1,8.0,2,75119,M,,,75
201300055272,13,3,7,1955,5,2,4,1.0,2,75119,M,,,75
201300055273,13,3,9,1755,1,2,1,1.0,7,75119,M,,,75
201300055274,13,3,11,2000,5,2,1,3.0,1,75119,M,,,75
201300055275,13,3,17,1915,5,2,1,1.0,6,75119,M,,,75
201300055276,13,3,21,1010,1,2,4,1.0,3,75119,M,,,75
201300055277,13,3,21,1540,1,2,1,1.0,6,75119,M,,,75
201300055278,13,3,23,830,1,2,3,1.0,6,75119,M,,,75
201300055279,13,3,24,1237,1,2,1,1.0,6,75119,M,,,75
201300055280,13,3,24,1740,1,2,2,1.0,1,75119,M,,,75
201300055281,13,3,28,40,5,2,4,1.0,6,75119,M,,,75
201300055282,13,3,28,1912,5,2,4,1.0,3,75119,M,,,75
201300055283,13,3,29,1425,1,2,1,1.0,6,75119,M,,,75
201300055284,13,3,31,1630,1,2,2,1.0,6,75119,M,,,75
201300055285,13,4,2,1830,1,2,1,1.0,4,75119,M,,,75
201300055286,13,4,4,830,1,2,1,1.0,3,75119,M,,,75
201300055287,13,4,9,950,1,2,3,2.0,6,75119,M,,,75
201300055288,13,4,8,2205,4,2,1,1.0,6,75119,M,,,75
201300055289,13,4,11,2050,5,2,4,2.0,6,75119,M,,,75
201300055290,13,4,12,1515,1,2,1,8.0,6,75119,M,,,75
201300055291,13,4,15,855,1,2,1,1.0,3,75119,M,,,75
201300055292,13,4,17,1650,1,2,1,1.0,2,75119,M,,,75
201300055293,13,4,17,2210,5,2,1,1.0,6,75119,M,,,75
201300055294,13,4,18,1338,1,2,1,1.0,2,75119,M,,,75
201300055295,13,4,19,845,1,2,3,1.0,6,75119,M,,,75
201300055296,13,4,21,1147,1,2,3,1.0,6,75119,M,,,75
201300055297,13,4,22,1550,1,2,3,1.0,7,75119,M,,,75
201300055298,13,4,24,950,1,2,3,1.0,3,75119,M,,,75
201300055299,13,4,24,1850,1,2,3,1.0,1,75119,M,,,75
201300055300,13,4,26,2045,5,2,3,1.0,6,75119,M,,,75
201300055301,13,4,28,1540,1,2,2,1.0,3,75119,M,,,75
201300055302,13,4,28,1250,1,2,1,1.0,6,75119,M,,,75
201300055303,13,5,2,820,1,2,2,8.0,2,75119,M,,,75
201300055304,13,5,2,1325,1,2,1,1.0,2,75119,M,,,75
201300055305,13,5,2,1335,1,2,1,1.0,3,75119,M,,,75
201300055306,13,5,4,1710,1,2,1,1.0,6,75119,M,,,75
201300055307,13,5,5,1405,1,2,5,1.0,6,75119,M,,,75
201300055308,13,5,6,1940,1,2,2,1.0,3,75119,M,,,75
201300055309,13,5,7,1752,1,2,2,1.0,6,75119,M,,,75
201300055310,13,5,12,40,5,2,1,1.0,6,75119,M,,,75
201300055311,13,5,12,1300,1,2,5,1.0,3,75119,M,,,75
201300055312,13,5,13,845,1,2,5,1.0,3,75119,M,,,75
201300055313,13,5,13,1555,1,2,2,1.0,6,75119,M,,,75
201300055314,13,5,13,1740,1,2,1,1.0,6,75119,M,,,75
201300055315,13,5,14,1515,1,2,2,8.0,1,75119,M,,,75
201300055316,13,5,20,1930,1,2,3,3.0,3,75119,M,,,75
201300055317,13,5,24,1300,1,2,2,3.0,6,75119,M,,,75
201300055318,13,5,24,1330,1,2,1,2.0,6,75119,M,,,75
201300055319,13,5,26,10,5,2,3,1.0,6,75119,M,,,75
201300055320,13,5,27,1620,1,2,1,1.0,2,75119,M,,,75
201300055321,13,6,2,1315,1,2,7,1.0,6,75119,M,,,75
201300055322,13,6,3,1350,1,2,5,1.0,3,75119,M,,,75
201300055323,13,6,5,1330,1,2,2,1.0,6,75119,M,,,75
201300055324,13,6,5,1745,1,2,3,1.0,6,75119,M,,,75