Num_Acc,an,mois,jour,hrmn,lum,agg,int,atm,col,com,gps,lat,long,dep
201300055325,13,6,6,1005,1,2,4,1.0,6,75119,M,,,75
201300055326,13,6,7,915,1,2,3,1.0,3,75119,M,,,75
201300055327,13,6,6,1930,1,2,2,1.0,6,75119,M,,,75
201300055328,13,6,10,20,5,2,4,1.0,6,75119,M,,,75
201300055329,13,6,10,1630,1,2,1,1.0,3,75119,M,,,75
201300055330,13,6,11,1900,1,2,7,1.0,6,75119,M,,,75
201300055331,13,6,12,1410,1,2,2,1.0,6,75119,M,,,75
201300055332,13,6,13,850,1,2,5,1.0,2,75119,M,,,75
201300055333,13,6,16,25,5,2,7,1.0,2,75119,M,,,75
201300055334,13,6,16,1445,1,2,7,1.0,3,75119,M,,,75
201300055335,13,6,17,1630,1,2,3,1.0,3,75119,M,,,75
201300055336,13,6,17,1650,1,2,3,2.0,2,75119,M,,,75
201300055337,13,6,18,930,1,2,2,1.0,3,75119,M,,,75
201300055338,13,6,18,1810,1,2,1,1.0,1,75119,M,,,75
201300055339,13,6,18,1750,1,2,2,1.0,3,75119,M,,,75
201300055340,13,6,21,1848,1,2,1,1.0,1,75119,M,,,75
201300055341,13,6,23,150,5,2,3,1.0,4,75119,M,,,75
201300055342,13,6,25,2345,5,2,3,1.0,6,75119,M,,,75
201300055343,13,6,27,2005,1,2,2,1.0,6,75119,M,,,75
201300055344,13,6,30,205,5,2,3,1.0,2,75119,M,,,75
201300055345,13,6,30,1630,1,2,2,1.0,5,75119,M,,,75
201300055346,13,7,1,1710,1,2,7,1.0,6,75119,M,,,75
201300055347,13,7,1,1835,1,2,1,1.0,2,75119,M,,,75
201300055348,13,7,2,2025,1,2,1,1.0,3,75119,M,,,75
201300055349,13,7,4,220,5,2,4,1.0,3,75119,M,,,75
201300055350,13,7,4,1005,1,2,1,1.0,6,75119,M,,,75
201300055351,13,7,5,830,1,2,1,1.0,6,75119,M,,,75
201300055352,13,7,5,1645,1,2,2,1.0,6,75119,M,,,75
201300055353,13,7,6,820,2,2,1,1.0,3,75119,M,,,75
201300055354,13,7,8,840,1,2,1,1.0,3,75119,M,,,75
201300055355,13,7,8,1410,1,2,7,1.0,6,75119,M,,,75
201300055356,13,7,8,1455,1,2,3,1.0,5,75119,M,,,75
201300055357,13,7,10,545,2,2,5,1.0,7,75119,M,,,75
201300055358,13,7,10,1430,1,2,3,1.0,3,75119,M,,,75
201300055359,13,7,10,1755,1,2,1,1.0,3,75119,M,,,75
201300055360,13,7,10,1740,1,2,3,1.0,2,75119,M,,,75
201300055361,13,7,12,1,3,2,2,1.0,3,75110,M,,,75
201300055362,13,7,12,1840,1,2,3,1.0,3,75119,M,,,75
201300055363,13,7,12,1945,1,2,3,1.0,6,75119,M,,,75
201300055364,13,7,14,615,2,2,1,1.0,6,75119,M,,,75
201300055365,13,7,16,2330,5,2,1,1.0,6,75119,M,,,75
201300055366,13,7,18,1200,1,2,1,1.0,3,75119,M,,,75
201300055367,13,7,18,1930,1,2,1,1.0,4,75119,M,,,75
201300055368,13,7,18,2045,1,2,2,1.0,6,75119,M,,,75
201300055369,13,7,19,915,1,2,4,1.0,2,75119,M,,,75
201300055370,13,7,19,1130,1,2,1,1.0,3,75119,M,,,75
201300055371,13,7,19,1805,1,2,1,1.0,7,75119,M,,,75
201300055372,13,7,23,1635,1,2,1,1.0,2,75119,M,,,75
201300055373,13,7,24,1842,1,2,1,1.0,5,75119,M,,,75
201300055374,13,7,25,1505,1,2,5,1.0,6,75119,M,,,75
201300055375,13,7,25,2035,1,2,1,1.0,3,75119,M,,,75
201300055376,13,7,26,2030,1,2,1,1.0,6,75119,M,,,75
201300055377,13,7,28,1120,1,2,3,1.0,6,75119,M,,,75
201300055378,13,7,29,2315,3,2,3,2.0,6,75119,M,,,75
201300055379,13,7,31,1000,1,2,1,1.0,2,75119,M,,,75
201300055380,13,7,31,2120,2,2,3,1.0,3,75119,M,,,75
201300055381,13,8,9,1815,1,2,3,1.0,3,75119,M,,,75
201300055382,13,8,14,1110,1,2,3,1.0,6,75119,M,,,75
201300055383,13,8,17,1640,1,2,7,1.0,3,75119,M,,,75
201300055384,13,8,19,2040,2,2,5,1.0,3,75119,M,,,75
201300055385,13,8,21,2310,5,2,3,1.0,6,75119,M,,,75
201300055386,13,8,25,415,5,2,1,2.0,3,75119,M,,,75
201300055387,13,8,27,1950,1,2,7,1.0,2,75119,M,,,75
201300055388,13,8,28,1610,1,2,2,1.0,3,75119,M,,,75
201300055389,13,8,30,730,1,2,5,1.0,3,75119,M,,,75
201300055390,13,8,30,1625,1,2,5,1.0,3,75119,M,,,75
201300055391,13,8,30,1900,1,2,3,1.0,6,75119,M,,,75
201300055392,13,8,31,15,5,2,1,1.0,6,75119,M,,,75
201300055393,13,8,31,700,2,2,1,1.0,7,75119,M,,,75
201300055394,13,9,1,1825,1,2,2,1.0,3,75119,M,,,75
201300055395,13,9,2,902,1,2,1,1.0,6,75119,M,,,75
201300055396,13,9,2,1315,1,2,1,1.0,6,75119,M,,,75
201300055397,13,9,2,2000,1,2,3,1.0,3,75119,M,,,75
201300055398,13,9,3,1740,1,2,4,1.0,3,75119,M,,,75
201300055399,13,9,3,1310,1,2,3,1.0,6,75119,M,,,75
201300055400,13,9,4,1340,1,2,1,1.0,3,75119,M,,,75
201300055401,13,9,4,1900,1,2,2,1.0,6,75119,M,,,75
201300055402,13,9,7,950,1,2,1,1.0,6,75119,M,,,75
201300055403,13,9,8,20,5,2,7,1.0,3,75119,M,,,75
201300055404,13,9,10,850,1,2,3,8.0,6,75119,M,,,75
201300055405,13,9,11,650,1,2,2,1.0,2,75119,M,,,75
201300055406,13,9,13,1038,1,2,2,2.0,6,75119,M,,,75
201300055407,13,9,15,1450,1,2,4,1.0,6,75119,M,,,75
201300055408,13,9,15,2030,5,2,5,1.0,6,75119,M,,,75
201300055409,13,9,18,2038,5,2,1,1.0,3,75119,M,,,75
201300055410,13,9,19,1345,1,2,3,1.0,7,75119,M,,,75
201300055411,13,9,19,2115,5,2,1,2.0,6,75119,M,,,75
201300055412,13,9,20,1110,1,2,3,1.0,3,75119,M,,,75
201300055413,13,9,20,1250,1,2,2,1.0,3,75119,M,,,75
201300055414,13,9,20,1930,2,2,1,1.0,6,75119,M,,,75
201300055415,13,9,21,745,1,2,1,1.0,3,75110,M,,,75
201300055416,13,9,21,1700,1,2,3,1.0,3,75119,M,,,75
201300055417,13,9,23,1845,1,2,1,1.0,3,75119,M,,,75
201300055418,13,9,26,2140,3,2,3,1.0,7,75119,M,,,75
201300055419,13,9,27,725,1,2,2,1.0,3,75119,M,,,75
201300055420,13,9,27,1750,1,2,4,1.0,3,75119,M,,,75
201300055421,13,9,28,225,5,2,1,1.0,2,75119,M,,,75
201300055422,13,10,3,925,1,2,1,1.0,4,75119,M,,,75
201300055423,13,10,4,1205,1,2,1,1.0,3,75119,M,,,75
201300055424,13,10,5,2220,5,2,1,1.0,4,75119,M,,,75
201300055425,13,10,7,1245,1,2,1,1.0,7,75119,M,,,75
201300055426,13,10,8,1950,3,2,3,1.0,3,75119,M,,,75
201300055427,13,10,10,1215,1,2,1,1.0,2,75119,M,,,75
201300055428,13,10,11,1400,1,2,3,1.0,6,75119,M,,,75
201300055429,13,10,12,1105,1,2,1,1.0,6,75119,M,,,75
201300055430,13,10,12,1740,1,2,1,1.0,6,75119,M,,,75
201300055431,13,10,12,1750,1,2,1,1.0,3,75119,M,,,75
201300055432,13,10,13,645,5,2,7,1.0,6,75119,M,,,75
201300055433,13,10,13,1645,1,2,1,1.0,7,75119,M,,,75
201300055434,13,10,13,1745,1,2,1,1.0,2,75119,M,,,75
201300055435,13,10,13,2045,5,2,7,1.0,3,75119,M,,,75
201300055436,13,10,14,925,1,2,5,1.0,6,75119,M,,,75
201300055437,13,10,15,1625,1,2,1,1.0,2,75119,M,,,75
201300055438,13,10,18,810,1,2,5,1.0,6,75119,M,,,75
201300055439,13,10,18,1550,1,2,1,1.0,2,75119,M,,,75
201300055440,13,10,18,1620,2,2,2,1.0,6,75119,M,,,75
201300055441,13,10,18,1855,2,2,2,1.0,6,75119,M,,,75
201300055442,13,10,18,2300,5,2,1,1.0,2,75119,M,,,75
201300055443,13,10,20,1905,5,2,1,1.0,6,75119,M,,,75
201300055444,13,10,21,2320,3,2,1,1.0,5,75119,M,,,75
201300055445,13,10,22,1245,1,2,1,1.0,6,75119,M,,,75
201300055446,13,10,23,1746,1,2,2,1.0,2,75119,M,,,75
201300055447,13,10,23,1650,1,2,1,1.0,7,75119,M,,,75
201300055448,13,10,26,1500,1,2,3,1.0,2,75119,M,,,75
201300055449,13,10,26,1755,1,2,4,8.0,6,75119,M,,,75
201300055450,13,10,28,950,1,2,1,1.0,6,75119,M,,,75
201300055451,13,10,30,930,1,2,2,7.0,6,75119,M,,,75
201300055452,13,10,30,920,1,2,1,1.0,6,75119,M,,,75
201300055453,13,10,30,2210,5,2,4,1.0,2,75119,M,,,75
201300055454,13,11,1,1725,5,2,7,2.0,6,75119,M,,,75
201300055455,13,11,2,950,1,2,4,1.0,6,75119,M,,,75
201300055456,13,11,2,2240,5,2,2,1.0,6,75119,M,,,75
201300055457,13,11,4,1930,5,2,1,1.0,3,75119,M,,,75
201300055458,13,11,5,845,1,2,1,3.0,3,75119,M,,,75
201300055459,13,11,5,1315,1,2,2,2.0,6,75119,M,,,75
201300055460,13,11,5,2250,5,2,1,1.0,3,75119,M,,,75
201300055461,13,11,6,925,1,2,1,1.0,4,75119,M,,,75
201300055462,13,11,8,2000,5,2,1,1.0,2,75119,M,,,75
201300055463,13,11,10,620,2,2,1,2.0,6,75119,M,,,75
201300055464,13,11,10,955,1,2,1,2.0,3,75119,M,,,75
201300055465,13,11,12,1725,4,2,1,2.0,2,75119,M,,,75
201300055466,13,11,13,1815,2,2,3,1.0,7,75119,M,,,75
201300055467,13,11,14,100,5,2,3,1.0,6,75119,M,,,75
201300055468,13,11,14,1750,5,2,1,2.0,6,75119,M,,,75
201300055469,13,11,14,1305,1,2,1,2.0,3,75119,M,,,75
201300055470,13,11,15,915,1,2,2,1.0,3,75119,M,,,75
201300055471,13,11,19,1645,2,2,2,1.0,6,75119,M,,,75
201300055472,13,11,19,1330,1,2,3,8.0,2,75119,M,,,75
201300055473,13,11,20,1300,1,2,1,1.0,3,75119,M,,,75
201300055474,13,11,21,1910,5,2,3,1.0,2,75119,M,,,75
201300055475,13,11,25,1055,1,2,2,1.0,3,75119,M,,,75
201300055476,13,11,25,1335,1,2,3,1.0,2,75119,M,,,75
201300055477,13,11,29,1125,1,2,2,1.0,6,75119,M,,,75
201300055478,13,12,2,1415,1,2,1,1.0,5,75119,M,,,75
201300055479,13,12,3,905,1,2,3,1.0,3,75119,M,,,75
201300055480,13,12,4,755,2,2,5,1.0,3,75119,M,,,75
201300055481,13,12,5,1815,5,2,3,1.0,6,75119,M,,,75
201300055482,13,12,6,1615,1,2,3,1.0,7,75119,M,,,75
201300055483,13,12,7,955,1,2,1,2.0,6,75119,M,,,75
201300055484,13,12,9,1656,5,2,2,1.0,3,75119,M,,,75
201300055485,13,12,12,1150,1,2,3,1.0,2,75119,M,,,75
201300055486,13,12,13,1340,1,2,2,1.0,1,75119,M,,,75
201300055487,13,12,16,845,1,2,3,1.0,3,75119,M,,,75
201300055488,13,12,15,2045,5,2,1,1.0,2,75119,M,,,75
201300055489,13,12,16,1840,5,2,1,1.0,6,75119,M,,,75
201300055490,13,12,18,750,2,2,1,1.0,3,75119,M,,,75
201300055491,13,12,18,920,1,2,1,1.0,3,75119,M,,,75
201300055492,13,12,19,105,5,2,7,3.0,2,75119,M,,,75
201300055493,13,12,19,800,2,2,1,9.0,7,75119,M,,,75
201300055494,13,12,19,925,1,2,7,1.0,4,75119,M,,,75
201300055495,13,12,23,1645,5,2,1,1.0,3,75119,M,,,75
201300055496,13,12,24,1010,1,2,3,2.0,3,75119,M,,,75
201300055497,13,12,24,1535,1,2,2,2.0,6,75119,M,,,75
201300055498,13,12,26,50,5,2,1,1.0,6,75119,M,,,75
201300055499,13,12,28,1835,5,2,2,1.0,6,75119,M,,,75
201300055500,13,12,29,10,5,2,5,1.0,2,75119,M,,,75
201300055501,13,12,29,130,5,2,1,1.0,2,75119,M,,,75
201300055502,13,12,29,415,5,2,2,2.0,2,75120,M,,,75
201300055503,13,12,30,1500,1,2,4,2.0,2,75119,M,,,75
201300055504,13,1,7,1210,1,2,2,1.0,3,75120,M,,,75
201300055505,13,1,8,5,5,2,2,1.0,6,75120,M,,,75
201300055506,13,1,10,1450,1,2,3,2.0,6,75120,M,,,75
201300055507,13,1,10,1810,5,2,5,2.0,6,75120,M,,,75
201300055508,13,1,10,2135,5,2,2,2.0,3,75120,M,,,75
201300055509,13,1,11,1730,5,2,1,1.0,3,75120,M,,,75
201300055510,13,1,12,550,5,2,1,2.0,6,75120,M,,,75
201300055511,13,1,1,310,5,2,1,2.0,6,75120,M,,,75
201300055512,13,1,17,1750,5,2,3,8.0,7,75120,M,,,75
201300055513,13,1,17,2120,5,2,5,1.0,6,75120,M,,,75
201300055514,13,1,18,1835,5,2,3,4.0,6,75120,M,,,75
201300055515,13,1,22,900,1,2,3,1.0,6,75120,M,,,75
201300055516,13,1,26,2130,5,2,1,1.0,6,75120,M,,,75
201300055517,13,1,26,225,5,2,2,8.0,6,75120,M,,,75
201300055518,13,1,27,225,5,2,2,1.0,3,75120,M,,,75
201300055519,13,1,28,1730,5,2,1,1.0,6,75120,M,,,75
201300055520,13,1,28,1000,1,2,1,1.0,6,75120,M,,,75
201300055521,13,1,30,800,2,2,3,2.0,1,75120,M,,,75
201300055522,13,1,30,1840,2,2,1,2.0,6,75120,M,,,75
201300055523,13,1,31,1055,1,2,1,8.0,4,75120,M,,,75
201300055524,13,2,1,2240,5,2,2,1.0,6,75120,M,,,75
201300055525,13,2,2,1525,1,2,2,1.0,3,75120,M,,,75
201300055526,13,2,2,1700,1,2,2,4.0,3,75120,M,,,75
201300055527,13,2,2,2010,3,2,2,1.0,6,75120,M,,,75
201300055528,13,2,4,1050,1,2,3,2.0,3,75120,M,,,75
201300055529,13,2,4,1800,5,2,1,1.0,2,75120,M,,,75
201300055530,13,2,5,1915,5,2,2,1.0,6,75120,M,,,75
201300055531,13,2,6,1850,5,2,2,1.0,3,75120,M,,,75
201300055532,13,2,7,1230,1,2,7,8.0,2,75120,M,,,75
201300055533,13,2,12,1400,1,2,2,1.0,2,75120,M,,,75
201300055534,13,2,12,1630,1,2,7,1.0,3,75120,M,,,75
201300055535,13,2,13,1725,1,2,1,1.0,6,75120,M,,,75
201300055536,13,2,13,1910,5,2,7,1.0,3,75120,M,,,75
201300055537,13,2,16,950,1,2,2,1.0,6,75120,M,,,75
201300055538,13,2,16,1420,1,2,2,1.0,6,75120,M,,,75
201300055539,13,2,17,1330,1,2,4,1.0,2,75120,M,,,75
201300055540,13,2,18,1100,1,2,2,1.0,3,75120,M,,,75
201300055541,13,2,19,2005,5,2,1,1.0,1,75120,M,,,75
201300055542,13,2,22,1920,5,2,7,1.0,6,75120,M,,,75
201300055543,13,2,23,1815,2,2,1,4.0,2,75120,M,,,75
201300055544,13,2,24,1310,1,2,4,4.0,2,75120,M,,,75
201300055545,13,2,25,2115,5,2,1,4.0,7,75120,M,,,75
201300055546,13,3,2,1245,1,2,1,1.0,6,75120,M,,,75
201300055547,13,3,2,1345,1,2,2,1.0,4,75120,M,,,75
201300055548,13,3,2,1510,1,2,7,1.0,2,75120,M,,,75
201300055549,13,3,5,1900,5,2,2,1.0,6,75120,M,,,75
201300055550,13,3,6,2125,5,2,1,2.0,6,75120,M,,,75
201300055551,13,3,7,745,1,2,4,2.0,3,75120,M,,,75
201300055552,13,3,7,1730,1,2,1,1.0,2,75120,M,,,75
201300055553,13,3,8,1635,1,2,2,1.0,3,75120,M,,,75
201300055554,13,3,14,830,1,2,1,1.0,3,75120,M,,,75
201300055555,13,3,18,1445,1,2,5,2.0,6,75120,M,,,75
201300055556,13,3,18,1920,5,2,1,2.0,6,75120,M,,,75
201300055557,13,3,21,1735,1,2,3,1.0,3,75120,M,,,75
201300055558,13,3,18,1350,1,2,5,3.0,6,75120,M,,,75
201300055559,13,3,22,1400,1,2,5,1.0,3,75120,M,,,75
201300055560,13,3,25,1405,1,2,1,1.0,3,75120,M,,,75
201300055561,13,3,25,1630,2,2,5,1.0,6,75120,M,,,75
201300055562,13,3,27,1630,1,2,2,1.0,3,75120,M,,,75
201300055563,13,3,28,955,1,2,2,1.0,7,75120,M,,,75
201300055564,13,3,28,1230,1,2,2,1.0,7,75120,M,,,75
201300055565,13,3,28,2020,5,2,3,1.0,3,75120,M,,,75
201300055566,13,3,30,1425,1,2,2,1.0,6,75120,M,,,75
201300055567,13,3,30,1510,1,2,2,1.0,2,75120,M,,,75
201300055568,13,3,30,1740,1,2,1,1.0,3,75120,M,,,75
201300055569,13,4,1,1545,1,2,4,1.0,3,75120,M,,,75
201300055570,13,4,2,15,5,2,4,1.0,6,75120,M,,,75
201300055571,13,4,3,1440,1,2,1,1.0,6,75120,M,,,75
201300055572,13,4,5,820,1,2,1,8.0,6,75120,M,,,75
201300055573,13,4,6,2255,5,2,2,1.0,6,75120,M,,,75
201300055574,13,4,7,45,5,2,7,1.0,3,75120,M,,,75
201300055575,13,4,7,2115,5,2,3,1.0,6,75120,M,,,75
201300055576,13,4,8,855,1,2,1,1.0,6,75120,M,,,75
201300055577,13,4,8,1115,1,2,2,1.0,7,75120,M,,,75
201300055578,13,4,8,2010,2,2,2,1.0,3,75120,M,,,75
201300055579,13,4,8,1955,2,2,1,1.0,6,75120,M,,,75
201300055580,13,4,9,820,1,2,3,2.0,6,75120,M,,,75
201300055581,13,4,11,820,1,2,3,1.0,2,75120,M,,,75
201300055582,13,4,10,2255,5,2,7,2.0,3,75120,M,,,75
201300055583,13,4,13,845,1,2,1,1.0,3,75120,M,,,75
201300055584,13,4,13,1350,1,2,1,1.0,3,75120,M,,,75
201300055585,13,4,15,920,1,2,1,8.0,6,75120,M,,,75
201300055586,13,4,16,810,1,2,1,1.0,2,75120,M,,,75
201300055587,13,4,21,40,5,2,3,1.0,6,75120,M,,,75
201300055588,13,4,22,2010,2,2,1,1.0,6,75120,M,,,75
201300055589,13,4,23,1610,1,2,1,1.0,6,75120,M,,,75
201300055590,13,4,25,1800,1,2,1,1.0,7,75120,M,,,75
201300055591,13,4,26,2300,5,2,2,1.0,6,75120,M,,,75
201300055592,13,4,29,745,1,2,1,1.0,7,75120,M,,,75
201300055593,13,4,30,1415,1,2,1,8.0,2,75120,M,,,75
201300055594,13,5,2,1350,1,2,3,1.0,6,75119,M,,,75
201300055595,13,5,4,1515,1,2,1,1.0,6,75120,M,,,75
201300055596,13,5,4,1740,1,2,1,1.0,6,75120,M,,,75
201300055597,13,5,6,1345,1,2,5,1.0,2,75120,M,,,75
201300055598,13,5,7,1210,1,2,5,1.0,6,75120,M,,,75
201300055599,13,5,7,2339,5,2,3,1.0,3,75120,M,,,75
201300055600,13,5,8,2250,5,2,5,1.0,3,75120,M,,,75
201300055601,13,5,9,220,5,2,6,1.0,7,75120,M,,,75
201300055602,13,5,11,1355,1,2,1,1.0,3,75120,M,,,75
201300055603,13,5,14,1220,1,2,7,1.0,6,75120,M,,,75
201300055604,13,5,14,1700,1,2,3,1.0,6,75120,M,,,75
201300055605,13,5,15,1325,1,2,1,1.0,6,75120,M,,,75
201300055606,13,5,17,1515,1,2,3,1.0,6,75120,M,,,75
201300055607,13,5,24,1720,1,2,1,2.0,3,75120,M,,,75
201300055608,13,5,27,910,1,2,1,1.0,6,75120,M,,,75
201300055609,13,5,27,1815,1,2,1,1.0,6,75120,M,,,75
201300055610,13,5,28,1025,1,2,2,2.0,3,75120,M,,,75
201300055611,13,5,28,1405,1,2,2,2.0,3,75119,M,,,75
201300055612,13,5,28,1700,1,2,3,1.0,3,75120,M,,,75
201300055613,13,5,29,850,1,2,1,1.0,6,75120,M,,,75
201300055614,13,5,30,1340,1,2,4,2.0,1,75120,M,,,75
201300055615,13,5,30,2100,2,2,4,3.0,6,75120,M,,,75
201300055616,13,5,30,2120,2,2,3,2.0,3,75120,M,,,75
201300055617,13,5,31,900,1,2,1,6.0,6,75120,M,,,75
201300055618,13,6,2,1035,1,2,5,1.0,3,75120,M,,,75
201300055619,13,6,2,1355,1,2,1,1.0,6,75120,M,,,75
201300055620,13,6,3,1920,1,2,1,1.0,6,75120,M,,,75
201300055621,13,6,4,925,1,2,5,1.0,6,75120,M,,,75
201300055622,13,6,5,805,1,2,2,1.0,6,75120,M,,,75
201300055623,13,6,5,2035,1,2,1,1.0,3,75120,M,,,75
201300055624,13,6,6,700,1,2,1,7.0,6,75120,M,,,75
201300055625,13,6,6,2048,1,2,1,1.0,2,75120,M,,,75
201300055626,13,6,7,1120,1,2,1,1.0,6,75120,M,,,75
201300055627,13,6,7,1755,1,2,7,1.0,3,75120,M,,,75
201300055628,13,6,9,1600,1,2,3,2.0,6,75119,M,,,75
201300055629,13,6,10,1910,1,2,2,1.0,6,75120,M,,,75
201300055630,13,6,11,1145,1,2,3,1.0,6,75120,M,,,75
201300055631,13,6,11,1815,1,2,2,1.0,6,75120,M,,,75
201300055632,13,6,12,1910,1,2,5,1.0,7,75120,M,,,75
201300055633,13,6,13,1725,1,2,7,2.0,6,75120,M,,,75
201300055634,13,6,14,440,5,2,1,1.0,6,75120,M,,,75
201300055635,13,6,14,1750,1,2,3,1.0,3,75120,M,,,75
201300055636,13,6,16,1410,1,2,2,1.0,3,75120,M,,,75
201300055637,13,6,18,940,1,2,1,1.0,6,75120,M,,,75
201300055638,13,6,19,1700,1,2,1,8.0,6,75120,M,,,75
201300055639,13,6,19,1840,1,2,2,2.0,3,75120,M,,,75
201300055640,13,6,19,1855,1,2,2,1.0,3,75120,M,,,75
201300055641,13,6,20,1905,1,2,1,1.0,6,75120,M,,,75
201300055642,13,6,22,217,5,2,2,1.0,6,75120,M,,,75
201300055643,13,6,22,210,5,2,2,1.0,6,75120,M,,,75
201300055644,13,6,24,1145,1,2,3,1.0,2,75120,M,,,75
201300055645,13,6,25,1450,1,2,3,1.0,7,75120,M,,,75
201300055646,13,6,28,905,1,2,2,2.0,6,75120,M,,,75
201300055647,13,6,28,1719,1,2,2,1.0,3,75120,M,,,75
201300055648,13,6,28,1845,1,2,1,1.0,3,75120,M,,,75
201300055649,13,6,29,1045,1,2,1,2.0,7,75120,M,,,75
201300055650,13,7,1,1645,1,2,1,1.0,6,75120,M,,,75
201300055651,13,7,1,1750,1,2,3,1.0,7,75120,M,,,75
201300055652,13,7,2,35,5,2,1,1.0,6,75120,M,,,75
201300055653,13,7,3,2000,2,2,2,2.0,2,75120,M,,,75
201300055654,13,7,4,1400,1,2,3,1.0,6,75120,M,,,75
201300055655,13,7,5,1240,1,2,5,1.0,3,75120,M,,,75
201300055656,13,7,7,45,5,2,2,1.0,3,75120,M,,,75
201300055657,13,7,8,1,5,2,3,1.0,3,75120,M,,,75
201300055658,13,7,8,1415,1,2,1,1.0,3,75120,M,,,75
201300055659,13,7,8,1600,1,2,3,1.0,6,75120,M,,,75
201300055660,13,7,9,1005,1,2,5,1.0,3,75120,M,,,75
201300055661,13,7,9,1240,1,2,2,1.0,6,75120,M,,,75
201300055662,13,7,10,945,1,2,1,1.0,7,75120,M,,,75
201300055663,13,7,11,1615,1,2,1,1.0,6,75120,M,,,75
201300055664,13,7,12,135,5,2,1,1.0,2,75120,M,,,75
201300055665,13,7,13,1820,1,2,3,1.0,3,75120,M,,,75
201300055666,13,7,13,2030,1,2,1,1.0,6,75120,M,,,75
201300055667,13,7,13,2050,1,2,1,1.0,6,75120,M,,,75
201300055668,13,7,14,1245,1,2,1,1.0,6,75120,M,,,75
201300055669,13,7,14,1935,1,2,2,1.0,2,75120,M,,,75
201300055670,13,7,15,1235,1,2,3,1.0,2,75120,M,,,75
201300055671,13,7,15,1745,1,2,2,1.0,6,75120,M,,,75
201300055672,13,7,16,1400,1,2,1,1.0,6,75120,M,,,75
201300055673,13,7,17,1800,1,2,1,1.0,2,75120,M,,,75
201300055674,13,7,18,1555,1,2,4,1.0,6,75120,M,,,75
201300055675,13,7,19,1215,1,2,7,1.0,3,75120,M,,,75
201300055676,13,7,22,1210,1,2,3,1.0,3,75120,M,,,75
201300055677,13,7,22,2025,1,2,1,1.0,6,75120,M,,,75
201300055678,13,7,23,1830,1,2,2,1.0,3,75120,M,,,75
201300055679,13,7,24,1955,1,2,7,1.0,7,75120,M,,,75
201300055680,13,7,25,1635,1,2,1,1.0,7,75120,M,,,75
201300055681,13,7,26,2040,1,2,2,1.0,1,75120,M,,,75
201300055682,13,7,28,145,5,2,2,1.0,3,75120,M,,,75
201300055683,13,7,29,935,1,2,1,1.0,6,75120,M,,,75
201300055684,13,7,30,850,1,2,1,1.0,2,75120,M,,,75
201300055685,13,7,31,1215,1,2,2,1.0,3,75120,M,,,75
201300055686,13,7,31,1800,1,2,2,1.0,3,75120,M,,,75
201300055687,13,8,1,1520,1,2,2,1.0,3,75120,M,,,75
201300055688,13,8,2,1040,1,2,2,1.0,6,75120,M,,,75
201300055689,13,8,2,1755,1,2,1,1.0,6,75120,M,,,75
201300055690,13,8,2,1945,1,2,1,1.0,3,75120,M,,,75
201300055691,13,8,3,2020,1,2,4,1.0,3,75120,M,,,75
201300055692,13,8,4,1945,1,2,2,1.0,6,75120,M,,,75
201300055693,13,8,5,1810,1,2,3,1.0,2,75120,M,,,75
201300055694,13,8,5,1840,1,2,3,1.0,3,75120,M,,,75
201300055695,13,8,8,1935,1,2,7,1.0,6,75120,M,,,75
201300055696,13,8,12,750,1,2,3,1.0,6,75120,M,,,75
201300055697,13,8,14,1025,1,2,3,1.0,6,75120,M,,,75
201300055698,13,8,14,1445,1,2,3,1.0,3,75120,M,,,75
201300055699,13,8,15,1855,1,2,2,1.0,3,75120,M,,,75
201300055700,13,8,16,1710,1,2,3,1.0,7,75120,M,,,75
201300055701,13,8,18,1845,1,2,4,1.0,3,75120,M,,,75
201300055702,13,8,21,1,5,2,2,1.0,3,75120,M,,,75
201300055703,13,8,21,810,1,2,2,1.0,1,75120,M,,,75
201300055704,13,8,21,1730,1,2,5,1.0,7,75120,M,,,75
201300055705,13,8,23,1310,1,2,5,1.0,6,75120,M,,,75
201300055706,13,8,26,1335,1,2,1,1.0,3,75120,M,,,75
201300055707,13,8,29,1105,1,2,7,1.0,3,75120,M,,,75
201300055708,13,8,30,1159,1,2,3,1.0,3,75120,M,,,75
201300055709,13,8,31,720,1,2,6,1.0,1,75120,M,,,75
201300055710,13,8,31,1045,1,2,2,1.0,1,75112,M,,,75
201300055711,13,8,31,1600,1,2,1,1.0,6,75120,M,,,75
201300055712,13,9,1,1520,1,2,1,1.0,6,75120,M,,,75
201300055713,13,9,2,910,1,2,1,1.0,3,75112,M,,,75
201300055714,13,9,3,1245,1,2,1,1.0,6,75120,M,,,75
201300055715,13,9,4,1830,1,2,2,1.0,6,75120,M,,,75
201300055716,13,9,7,1425,1,2,3,1.0,6,75120,M,,,75
201300055717,13,9,9,1555,1,2,1,2.0,6,75120,M,,,75
201300055718,13,9,10,1450,1,2,3,1.0,6,75120,M,,,75
201300055719,13,9,11,2140,3,2,3,1.0,3,75120,M,,,75
201300055720,13,9,11,555,5,2,2,2.0,7,75120,M,,,75
201300055721,13,9,14,352,5,2,1,2.0,3,75120,M,,,75
201300055722,13,9,14,1120,1,2,2,2.0,7,75120,M,,,75
201300055723,13,9,15,325,5,2,2,2.0,6,75120,M,,,75
201300055724,13,9,15,1005,1,2,1,1.0,6,75120,M,,,75
201300055725,13,9,15,1315,1,2,1,1.0,6,75120,M,,,75
201300055726,13,9,17,925,1,2,1,1.0,2,75120,M,,,75
201300055727,13,9,17,2335,5,2,2,2.0,1,75120,M,,,75
201300055728,13,9,18,2330,5,2,2,1.0,2,75120,M,,,75
201300055729,13,9,19,1045,1,2,1,1.0,6,75120,M,,,75
201300055730,13,9,20,1620,1,2,4,1.0,7,75120,M,,,75
201300055731,13,9,21,1615,1,2,1,1.0,6,75120,M,,,75