Num_Acc,an,mois,jour,hrmn,lum,agg,int,atm,col,com,gps,lat,long,dep
201300056545,13,7,31,1050,1,2,1,1.0,2,75113,M,,,75
201300056546,13,8,1,850,1,2,1,1.0,3,75116,M,,,75
201300056547,13,8,1,1525,1,2,1,1.0,4,75118,M,,,75
201300056548,13,8,1,1840,1,2,1,1.0,6,75120,M,,,75
201300056549,13,8,1,1840,1,2,1,1.0,4,75116,M,,,75
201300056550,13,8,2,845,1,2,1,1.0,4,75119,M,,,75
201300056551,13,8,3,2000,1,2,4,1.0,7,75118,M,,,75
201300056552,13,8,4,1250,1,2,4,1.0,2,75119,M,,,75
201300056553,13,8,5,1335,1,2,1,1.0,4,75119,M,,,75
201300056554,13,8,6,1740,1,2,1,1.0,3,75115,M,,,75
201300056555,13,8,6,1635,1,2,1,1.0,4,75118,M,,,75
201300056556,13,8,7,1525,1,2,4,1.0,3,75120,M,,,75
201300056557,13,8,8,645,2,2,1,1.0,3,75116,M,,,75
201300056558,13,8,8,1320,1,2,1,1.0,7,75118,M,,,75
201300056559,13,8,8,1855,1,2,1,1.0,3,75117,M,,,75
201300056560,13,8,8,1655,1,2,1,1.0,6,75116,M,,,75
201300056561,13,8,9,1815,1,2,1,1.0,2,75115,M,,,75
201300056562,13,8,12,1800,1,2,1,1.0,4,75117,M,,,75
201300056563,13,8,13,1525,1,2,1,1.0,4,75120,M,,,75
201300056564,13,8,15,1315,1,2,1,1.0,6,75118,M,,,75
201300056565,13,8,15,2150,2,2,1,1.0,4,75120,M,,,75
201300056566,13,8,16,2100,5,1,4,1.0,6,75114,M,,,75
201300056567,13,8,16,2100,5,2,1,1.0,7,75119,M,,,75
201300056568,13,8,17,1015,1,2,4,1.0,6,75118,M,,,75
201300056569,13,8,20,1150,1,2,1,1.0,3,75119,M,,,75
201300056570,13,8,20,1855,2,2,1,1.0,2,75118,M,,,75
201300056571,13,8,21,1800,1,2,1,1.0,2,75117,M,,,75
201300056572,13,8,22,620,1,2,1,1.0,4,75118,M,,,75
201300056573,13,8,23,915,1,2,1,1.0,4,75117,M,,,75
201300056574,13,8,23,1600,1,2,1,1.0,4,75112,M,,,75
201300056575,13,8,23,2225,5,2,4,1.0,4,75114,M,,,75
201300056576,13,8,26,630,5,2,1,1.0,7,75119,M,,,75
201300056577,13,8,26,950,1,2,1,1.0,7,75119,M,,,75
201300056578,13,8,26,1040,1,2,1,1.0,5,75120,M,,,75
201300056579,13,8,28,1715,1,2,1,1.0,3,75114,M,,,75
201300056580,13,8,29,902,1,2,1,1.0,4,75116,M,,,75
201300056581,13,8,30,1945,1,2,1,1.0,4,75113,M,,,75
201300056582,13,8,31,1145,1,2,1,1.0,3,75114,M,,,75
201300056583,13,8,31,1140,1,2,1,1.0,4,75115,M,,,75
201300056584,13,8,31,1245,1,2,1,1.0,2,75117,M,,,75
201300056585,13,8,31,1740,1,2,1,1.0,2,75120,M,,,75
201300056586,13,9,1,110,5,2,1,1.0,6,75117,M,,,75
201300056587,13,9,1,630,5,2,1,1.0,7,75114,M,,,75
201300056588,13,9,1,1655,1,2,1,1.0,4,75116,M,,,75
201300056589,13,9,1,1945,1,2,1,1.0,2,75118,M,,,75
201300056590,13,9,2,845,1,2,1,1.0,7,75116,M,,,75
201300056591,13,9,2,900,1,2,1,1.0,6,75119,M,,,75
201300056592,13,9,2,1405,1,2,1,1.0,3,75113,M,,,75
201300056593,13,9,2,1450,1,2,4,1.0,2,75116,M,,,75
201300056594,13,9,3,1230,1,2,1,1.0,3,75117,M,,,75
201300056595,13,9,4,845,1,2,1,1.0,4,75119,M,,,75
201300056596,13,9,4,845,1,2,1,1.0,2,75114,M,,,75
201300056597,13,9,4,1440,1,2,1,1.0,6,75119,M,,,75
201300056598,13,9,4,1440,1,2,1,1.0,3,75113,M,,,75
201300056599,13,9,4,2020,1,2,1,1.0,2,75113,M,,,75
201300056600,13,9,4,2145,4,2,1,1.0,4,75114,M,,,75
201300056601,13,9,5,1600,1,2,1,1.0,7,75112,M,,,75
201300056602,13,9,5,1815,1,2,1,1.0,2,75113,M,,,75
201300056603,13,9,6,950,1,2,1,3.0,7,75113,M,,,75
201300056604,13,9,8,615,2,2,1,1.0,6,75119,M,,,75
201300056605,13,9,9,1105,1,2,1,1.0,2,75117,M,,,75
201300056606,13,9,10,850,1,2,1,1.0,2,75113,M,,,75
201300056607,13,9,10,900,1,2,1,1.0,3,75116,M,,,75
201300056608,13,9,10,1710,1,1,1,1.0,4,75116,M,,,75
201300056609,13,9,12,1730,1,2,1,1.0,3,75114,M,,,75
201300056610,13,9,13,25,5,2,1,1.0,4,75120,M,,,75
201300056611,13,9,13,1355,1,2,1,1.0,3,75116,M,,,75
201300056612,13,9,13,1720,1,2,1,1.0,3,75113,M,,,75
201300056613,13,9,13,1720,1,2,1,1.0,3,75116,M,,,75
201300056614,13,9,14,2110,5,2,1,2.0,6,75117,M,,,75
201300056615,13,9,14,2210,5,2,1,3.0,2,75120,M,,,75
201300056616,13,9,16,1510,1,2,1,1.0,3,75117,M,,,75
201300056617,13,9,16,1515,1,2,1,1.0,4,75115,M,,,75
201300056618,13,9,16,1645,1,2,1,1.0,2,75118,M,,,75
201300056619,13,9,17,1045,1,2,4,1.0,5,75116,M,,,75
201300056620,13,9,17,1400,1,2,1,1.0,4,75113,M,,,75
201300056621,13,9,18,745,1,2,1,1.0,2,75112,M,,,75
201300056622,13,9,18,930,1,2,1,1.0,2,75116,M,,,75
201300056623,13,9,19,1315,1,2,1,1.0,3,75120,M,,,75
201300056624,13,9,19,1615,1,2,1,1.0,2,75114,M,,,75
201300056625,13,9,20,815,1,2,1,1.0,6,75120,M,,,75
201300056626,13,9,20,1540,1,2,1,1.0,2,75117,M,,,75
201300056627,13,9,20,1400,1,2,1,1.0,3,75115,M,,,75
201300056628,13,9,21,1530,1,2,1,1.0,2,75116,M,,,75
201300056629,13,9,21,1450,1,2,1,1.0,2,75117,M,,,75
201300056630,13,9,23,810,1,2,4,1.0,4,75115,M,,,75
201300056631,13,9,23,2010,5,2,1,1.0,2,75120,M,,,75
201300056632,13,9,24,20,5,2,1,1.0,6,75112,M,,,75
201300056633,13,9,24,850,1,2,1,1.0,7,75117,M,,,75
201300056634,13,9,25,745,1,2,1,1.0,3,75120,M,,,75
201300056635,13,9,25,1230,1,2,1,1.0,2,75120,M,,,75
201300056636,13,9,25,1410,1,2,1,1.0,2,75114,M,,,75
201300056637,13,9,25,1420,1,2,2,1.0,2,75118,M,,,75
201300056638,13,9,25,1505,1,2,1,1.0,4,75118,M,,,75
201300056639,13,9,25,1825,1,2,1,1.0,2,75112,M,,,75
201300056640,13,9,26,2110,5,2,4,1.0,2,75120,M,,,75
201300056641,13,9,27,1740,1,2,1,1.0,3,75114,M,,,75
201300056642,13,9,28,155,3,2,1,1.0,2,75120,M,,,75
201300056643,13,9,29,1315,1,2,4,1.0,2,75112,M,,,75
201300056644,13,9,29,1835,4,2,1,2.0,4,75112,M,,,75
201300056645,13,9,30,815,1,2,1,1.0,3,75115,M,,,75
201300056646,13,9,30,930,1,2,1,1.0,2,75114,M,,,75
201300056647,13,9,30,720,1,2,1,1.0,2,75116,M,,,75
201300056648,13,9,30,1800,1,2,4,1.0,4,75120,M,,,75
201300056649,13,10,1,1800,1,2,1,1.0,2,75116,M,,,75
201300056650,13,10,2,1725,1,2,1,1.0,3,75113,M,,,75
201300056651,13,10,3,805,1,2,1,1.0,5,75116,M,,,75
201300056652,13,10,3,1345,1,2,1,1.0,2,75112,M,,,75
201300056653,13,10,4,1010,1,2,1,1.0,4,75114,M,,,75
201300056654,13,10,4,1345,1,2,1,1.0,4,75117,M,,,75
201300056655,13,10,6,1255,1,2,4,1.0,3,75113,M,,,75
201300056656,13,10,6,1600,1,2,1,1.0,2,75116,M,,,75
201300056657,13,10,7,1930,5,2,1,1.0,4,75120,M,,,75
201300056658,13,10,8,855,1,2,1,1.0,3,75117,M,,,75
201300056659,13,10,8,1930,5,2,1,1.0,3,75114,M,,,75
201300056660,13,10,8,1300,1,2,1,1.0,7,75117,M,,,75
201300056661,13,10,9,1820,2,2,1,2.0,4,75115,M,,,75
201300056662,13,10,9,2332,5,2,1,1.0,2,75116,M,,,75
201300056663,13,10,10,800,1,2,4,1.0,3,75116,M,,,75
201300056664,13,10,11,1836,2,2,1,2.0,6,75116,M,,,75
201300056665,13,10,13,615,5,2,4,1.0,6,75112,M,,,75
201300056666,13,10,14,1350,1,2,1,1.0,3,75115,M,,,75
201300056667,13,10,14,1550,1,2,1,1.0,2,75118,M,,,75
201300056668,13,10,14,2100,4,2,4,1.0,6,75115,M,,,75
201300056669,13,10,16,1650,1,2,1,2.0,6,75119,M,,,75
201300056670,13,10,16,1830,1,2,1,2.0,7,75116,M,,,75
201300056671,13,10,16,1940,5,2,1,2.0,2,75114,M,,,75
201300056672,13,10,17,215,5,2,1,1.0,2,75116,M,,,75
201300056673,13,10,17,1610,1,2,1,1.0,6,75115,M,,,75
201300056674,13,10,18,850,1,2,1,5.0,2,75120,M,,,75
201300056675,13,10,18,1810,5,2,1,1.0,4,75117,M,,,75
201300056676,13,10,19,1855,2,2,1,1.0,4,75116,M,,,75
201300056677,13,10,20,915,1,2,1,2.0,6,75120,M,,,75
201300056678,13,10,20,1050,1,2,1,2.0,6,75117,M,,,75
201300056679,13,10,20,1850,5,2,1,2.0,3,75116,M,,,75
201300056680,13,10,21,1530,1,2,1,1.0,3,75116,M,,,75
201300056681,13,10,22,610,5,2,4,1.0,2,75120,M,,,75
201300056682,13,10,23,1430,5,2,1,1.0,2,75116,M,,,75
201300056683,13,10,24,1000,1,2,1,1.0,3,75115,M,,,75
201300056684,13,10,24,2250,5,2,1,1.0,3,75116,M,,,75
201300056685,13,10,25,1450,1,2,1,1.0,4,75116,M,,,75
201300056686,13,10,25,1900,5,2,1,1.0,2,75113,M,,,75
201300056687,13,10,26,1945,5,2,1,1.0,2,75120,M,,,75
201300056688,13,10,27,1430,1,2,1,1.0,4,75116,M,,,75
201300056689,13,10,28,130,5,2,1,2.0,7,75120,M,,,75
201300056690,13,10,28,905,1,2,1,2.0,2,75117,M,,,75
201300056691,13,10,28,1025,1,2,1,1.0,2,75120,M,,,75
201300056692,13,10,28,630,1,2,1,2.0,2,75117,M,,,75
201300056693,13,10,28,1330,1,2,1,1.0,2,75112,M,,,75
201300056694,13,10,28,1905,5,2,1,1.0,4,75118,M,,,75
201300056695,13,10,29,1345,1,2,1,1.0,2,75120,M,,,75
201300056696,13,10,29,1820,5,2,4,1.0,4,75115,M,,,75
201300056697,13,10,29,1420,1,2,1,1.0,2,75119,M,,,75
201300056698,13,10,29,1625,1,2,1,1.0,3,75118,M,,,75
201300056699,13,10,30,1400,1,2,1,1.0,2,75117,M,,,75
201300056700,13,10,30,1905,5,2,1,1.0,2,75117,M,,,75
201300056701,13,10,30,1800,1,2,1,1.0,3,75117,M,,,75
201300056702,13,10,31,40,5,2,2,1.0,2,75116,M,,,75
201300056703,13,10,31,850,1,2,4,1.0,7,75120,M,,,75
201300056704,13,10,31,2040,5,2,1,1.0,3,75113,M,,,75
201300056705,13,11,1,1300,1,2,1,2.0,6,75117,M,,,75
201300056706,13,11,2,1315,1,2,1,2.0,7,75116,M,,,75
201300056707,13,11,2,1830,5,2,1,1.0,2,75119,M,,,75
201300056708,13,11,2,2220,5,2,1,2.0,6,75117,M,,,75
201300056709,13,11,3,540,3,2,4,2.0,3,75113,M,,,75
201300056710,13,11,3,1240,1,2,1,1.0,3,75112,M,,,75
201300056711,13,11,5,1535,1,2,1,2.0,4,75120,M,,,75
201300056712,13,11,5,2310,5,2,1,1.0,6,75115,M,,,75
201300056713,13,11,6,845,1,2,1,1.0,4,75112,M,,,75
201300056714,13,11,6,1000,1,2,1,2.0,4,75114,M,,,75
201300056715,13,11,6,1750,5,2,1,1.0,2,75120,M,,,75
201300056716,13,11,6,1940,5,2,1,1.0,7,75113,M,,,75
201300056717,13,11,7,750,1,2,1,2.0,7,75117,M,,,75
201300056718,13,11,7,1845,5,2,1,2.0,4,75118,M,,,75
201300056719,13,11,8,535,3,2,4,2.0,3,75112,M,,,75
201300056720,13,11,8,1035,1,2,1,2.0,4,75113,M,,,75
201300056721,13,11,8,1315,1,2,1,2.0,4,75115,M,,,75
201300056722,13,11,8,1645,2,2,1,2.0,2,75113,M,,,75
201300056723,13,11,8,1700,2,2,1,2.0,3,75112,M,,,75
201300056724,13,11,8,2125,5,2,1,1.0,3,75116,M,,,75
201300056725,13,11,9,615,5,2,1,1.0,6,75114,M,,,75
201300056726,13,11,10,308,5,2,1,3.0,6,75117,M,,,75
201300056727,13,11,10,1630,1,2,1,1.0,2,75117,M,,,75
201300056728,13,11,11,1840,4,2,1,1.0,2,75120,M,,,75
201300056729,13,11,12,20,5,2,4,1.0,6,75117,M,,,75
201300056730,13,11,12,650,5,2,4,1.0,6,75112,M,,,75
201300056731,13,11,12,1710,2,2,1,2.0,3,75117,M,,,75
201300056732,13,11,12,2010,5,2,1,3.0,6,75120,M,,,75
201300056733,13,11,13,630,5,2,4,1.0,3,75120,M,,,75
201300056734,13,11,13,800,1,2,1,1.0,2,75113,M,,,75
201300056735,13,11,14,1245,1,2,1,2.0,3,75113,M,,,75
201300056736,13,11,14,1640,5,2,1,1.0,2,75112,M,,,75
201300056737,13,11,14,2100,5,2,4,1.0,2,75112,M,,,75
201300056738,13,11,15,1900,5,2,1,1.0,7,75116,M,,,75
201300056739,13,11,17,1905,5,2,1,1.0,2,75120,M,,,75
201300056740,13,11,18,845,1,2,1,1.0,6,75120,M,,,75
201300056741,13,11,19,1600,1,2,1,1.0,2,75119,M,,,75
201300056742,13,11,20,1645,5,2,1,2.0,4,75113,M,,,75
201300056743,13,11,21,740,5,2,1,2.0,7,75120,M,,,75
201300056744,13,11,21,750,2,2,1,3.0,2,75112,M,,,75
201300056745,13,11,22,520,5,2,1,1.0,6,75113,M,,,75
201300056746,13,11,21,1815,5,2,1,2.0,6,75118,M,,,75
201300056747,13,11,21,1800,5,2,1,2.0,7,75113,M,,,75
201300056748,13,11,22,1710,2,2,1,1.0,3,75120,M,,,75
201300056749,13,11,23,2015,5,2,1,1.0,6,75113,M,,,75
201300056750,13,11,24,2105,5,2,1,1.0,6,75114,M,,,75
201300056751,13,11,25,410,5,2,1,1.0,2,75119,M,,,75
201300056752,13,11,25,940,1,2,1,1.0,4,75113,M,,,75
201300056753,13,11,25,1315,1,2,1,1.0,2,75118,M,,,75
201300056754,13,11,26,820,1,2,1,1.0,2,75116,M,,,75
201300056755,13,11,26,810,1,2,1,1.0,4,75113,M,,,75
201300056756,13,11,26,1600,1,2,1,1.0,3,75118,M,,,75
201300056757,13,11,26,1725,5,2,1,1.0,2,75113,M,,,75
201300056758,13,11,27,920,1,2,1,1.0,2,75117,M,,,75
201300056759,13,11,28,1500,1,2,1,1.0,3,75120,M,,,75
201300056760,13,11,28,1545,1,2,4,1.0,3,75112,M,,,75
201300056761,13,11,29,1210,1,2,1,1.0,7,75118,M,,,75
201300056762,13,11,29,1700,5,2,1,1.0,4,75116,M,,,75
201300056763,13,11,30,5,5,2,4,1.0,6,75120,M,,,75
201300056764,13,11,30,700,5,2,4,1.0,6,75114,M,,,75
201300056765,13,11,30,1500,1,2,1,1.0,4,75117,M,,,75
201300056766,13,12,1,1235,1,2,1,1.0,2,75120,M,,,75
201300056767,13,12,1,1415,1,2,1,1.0,4,75116,M,,,75
201300056768,13,12,1,1905,5,2,1,1.0,3,75117,M,,,75
201300056769,13,12,3,920,1,2,1,1.0,7,75118,M,,,75
201300056770,13,12,3,1015,1,2,4,7.0,4,75112,M,,,75
201300056771,13,12,3,848,1,2,1,1.0,7,75118,M,,,75
201300056772,13,12,3,1710,5,2,1,1.0,6,75113,M,,,75
201300056773,13,12,4,1140,1,2,4,1.0,6,75115,M,,,75
201300056774,13,12,5,840,1,2,1,1.0,4,75117,M,,,75
201300056775,13,12,5,1330,1,2,1,1.0,7,75113,M,,,75
201300056776,13,12,5,1635,5,2,1,1.0,2,75118,M,,,75
201300056777,13,12,5,1845,5,2,1,1.0,2,75117,M,,,75
201300056778,13,12,6,915,1,2,1,1.0,4,75118,M,,,75
201300056779,13,12,6,2105,5,2,4,1.0,3,75116,M,,,75
201300056780,13,12,7,745,1,2,1,2.0,6,75120,M,,,75
201300056781,13,12,7,1120,5,2,1,2.0,3,75116,M,,,75
201300056782,13,12,7,1800,5,2,1,1.0,3,75116,M,,,75
201300056783,13,12,7,2050,5,2,1,1.0,2,75112,M,,,75
201300056784,13,12,9,815,1,2,1,1.0,6,75116,M,,,75
201300056785,13,12,9,1030,1,2,4,1.0,3,75120,M,,,75
201300056786,13,12,9,1520,1,2,1,1.0,4,75117,M,,,75
201300056787,13,12,9,1930,5,2,1,1.0,4,75117,M,,,75
201300056788,13,12,10,823,1,2,1,1.0,2,75116,M,,,75
201300056789,13,12,10,1635,1,2,1,1.0,3,75119,M,,,75
201300056790,13,12,11,945,1,2,1,1.0,4,75113,M,,,75
201300056791,13,12,8,1220,1,2,1,1.0,4,75113,M,,,75
201300056792,13,12,12,1140,1,2,1,1.0,3,75117,M,,,75
201300056793,13,12,13,40,5,2,1,1.0,6,75113,M,,,75
201300056794,13,12,13,2250,5,2,1,2.0,7,75114,M,,,75
201300056795,13,12,14,550,5,2,1,1.0,6,75117,M,,,75
201300056796,13,12,14,2045,3,2,1,1.0,4,75117,M,,,75
201300056797,13,12,15,1550,1,2,1,1.0,4,75112,M,,,75
201300056798,13,12,16,1010,1,2,1,1.0,4,75118,M,,,75
201300056799,13,12,17,715,2,2,1,1.0,2,75118,M,,,75
201300056800,13,12,18,615,5,2,1,1.0,2,75112,M,,,75
201300056801,13,12,18,1535,1,2,1,1.0,4,75112,M,,,75
201300056802,13,12,20,800,2,2,1,1.0,4,75112,M,,,75
201300056803,13,12,20,1020,1,2,4,1.0,2,75117,M,,,75
201300056804,13,12,20,1310,1,2,1,7.0,6,75116,M,,,75
201300056805,13,12,20,1700,2,2,1,1.0,3,75118,M,,,75
201300056806,13,12,21,700,5,2,1,1.0,3,75115,M,,,75
201300056807,13,12,22,715,5,2,4,1.0,6,75119,M,,,75
201300056808,13,12,23,615,5,2,1,1.0,6,75112,M,,,75
201300056809,13,12,23,1500,1,2,1,1.0,4,75114,M,,,75
201300056810,13,12,26,1800,5,2,1,1.0,3,75114,M,,,75
201300056811,13,12,28,1945,5,2,4,1.0,7,75117,M,,,75
201300056812,13,12,30,1920,3,2,1,1.0,2,75112,M,,,75
201300056813,13,3,18,1400,1,1,1,1.0,1,97005,A,0.0,0.0,972
201300056814,13,4,26,1545,1,1,1,1.0,6,97034,A,0.0,0.0,972
201300056815,13,5,4,1745,1,1,1,2.0,1,97029,A,0.0,0.0,972
201300056816,13,8,3,1645,1,1,1,1.0,7,97034,A,0.0,0.0,972
201300056817,13,8,17,245,3,1,1,1.0,1,97005,A,0.0,0.0,972
201300056818,13,12,5,830,1,1,1,9.0,6,97005,A,0.0,0.0,972
201300056819,13,3,1,1815,1,2,1,1.0,6,97024,A,0.0,0.0,972
201300056820,13,6,12,1430,1,1,1,1.0,7,97024,A,0.0,0.0,972
201300056821,13,7,30,500,3,1,1,1.0,1,97024,A,0.0,0.0,972
201300056822,13,2,3,1900,5,2,1,1.0,6,97018,A,0.0,0.0,972
201300056823,13,4,17,930,1,2,1,1.0,2,97025,A,0.0,0.0,972
201300056824,13,4,19,2100,5,2,1,1.0,6,97019,A,0.0,0.0,972
201300056825,13,4,27,115,5,2,1,1.0,7,97025,A,0.0,0.0,972
201300056826,13,5,8,1845,3,1,1,1.0,1,97004,A,0.0,0.0,972
201300056827,13,6,3,1215,1,1,1,2.0,6,97004,A,0.0,0.0,972
201300056828,13,10,1,700,1,2,1,1.0,3,97004,A,0.0,0.0,972
201300056829,13,10,29,1645,1,2,1,1.0,7,97008,A,0.0,0.0,972
201300056830,13,11,9,2100,3,1,1,3.0,1,97004,A,0.0,0.0,972
201300056831,13,12,19,1600,1,2,1,1.0,6,97033,A,0.0,0.0,972
201300056832,13,1,20,2100,5,1,1,1.0,7,97010,A,0.0,0.0,972
201300056833,13,3,17,100,3,1,1,1.0,1,97010,A,0.0,0.0,972
201300056834,13,3,23,1115,1,1,1,1.0,3,97010,A,0.0,0.0,972
201300056835,13,3,25,645,1,1,1,1.0,1,97010,A,0.0,0.0,972
201300056836,13,4,14,315,3,1,1,1.0,1,97010,A,0.0,0.0,972
201300056837,13,7,21,1530,1,1,6,2.0,3,97010,A,0.0,0.0,972
201300056838,13,8,28,1645,1,2,1,9.0,7,97032,A,0.0,0.0,972
201300056839,13,9,14,115,3,2,1,1.0,7,97010,A,0.0,0.0,972
201300056840,13,9,28,1415,1,1,1,1.0,6,97010,A,0.0,0.0,972
201300056841,13,4,9,1100,1,2,1,1.0,2,97020,A,0.0,0.0,972
201300056842,13,7,13,1900,2,1,1,1.0,7,97020,A,0.0,0.0,972
201300056843,13,7,20,2100,3,1,1,1.0,7,97027,A,0.0,0.0,972
201300056844,13,9,9,1730,1,2,1,1.0,3,97027,A,0.0,0.0,972
201300056845,13,9,27,1830,4,1,1,1.0,6,97027,A,0.0,0.0,972
201300056846,13,1,22,1245,1,1,1,1.0,1,97021,A,0.0,0.0,972
201300056847,13,3,11,1830,3,1,1,1.0,3,97030,A,0.0,0.0,972
201300056848,13,5,7,1800,1,2,1,1.0,3,97030,A,0.0,0.0,972
201300056849,13,6,9,1415,1,1,1,1.0,6,97030,A,0.0,0.0,972
201300056850,13,9,23,1730,1,1,1,1.0,3,97030,A,0.0,0.0,972
201300056851,13,2,19,1915,3,1,1,1.0,6,97022,A,0.0,0.0,972
201300056852,13,6,4,2100,3,1,1,2.0,1,97012,A,0.0,0.0,972
201300056853,13,6,7,2345,5,1,1,1.0,2,97012,A,0.0,0.0,972
201300056854,13,6,26,1530,1,1,1,1.0,3,97012,A,0.0,0.0,972
201300056855,13,7,29,2215,3,1,1,1.0,2,97022,A,0.0,0.0,972
201300056856,13,8,16,900,1,1,1,1.0,5,97012,A,0.0,0.0,972
201300056857,13,8,27,1630,1,2,1,1.0,7,97022,A,0.0,0.0,972
201300056858,13,10,19,1600,1,2,1,1.0,5,97022,A,0.0,0.0,972
201300056859,13,2,15,1530,1,1,1,1.0,6,97028,A,0.0,0.0,972
201300056860,13,3,31,2130,3,2,1,1.0,6,97028,A,0.0,0.0,972
201300056861,13,4,21,1030,1,1,1,3.0,6,97028,A,0.0,0.0,972
201300056862,13,4,22,915,1,2,1,2.0,6,97028,A,0.0,0.0,972
201300056863,13,10,6,1715,1,1,1,1.0,1,97028,A,0.0,0.0,972
201300056864,13,2,2,1900,5,2,1,1.0,6,97001,A,0.0,0.0,972
201300056865,13,6,9,1630,1,2,2,1.0,3,97016,A,0.0,0.0,972
201300056866,13,10,13,1,3,1,1,2.0,1,97014,A,0.0,0.0,972
201300056867,13,1,11,1930,5,2,1,1.0,6,97004,A,0.0,0.0,971
201300056868,13,2,6,1800,1,2,1,1.0,5,97024,A,0.0,0.0,971
201300056869,13,3,1,2045,4,2,1,1.0,3,97024,A,0.0,0.0,971
201300056870,13,4,14,730,2,1,1,1.0,1,97024,A,0.0,0.0,971
201300056871,13,5,5,2100,3,2,1,,7,97024,A,0.0,0.0,971
201300056872,13,5,27,2000,5,2,1,2.0,1,97004,A,0.0,0.0,971
201300056873,13,6,30,1445,1,2,1,1.0,3,97004,A,0.0,0.0,971
201300056874,13,7,9,1430,1,1,1,2.0,1,97004,A,0.0,0.0,971
201300056875,13,7,11,845,1,2,1,1.0,3,97024,A,0.0,0.0,971
201300056876,13,9,26,1100,1,2,1,1.0,5,97004,A,0.0,0.0,971
201300056877,13,6,3,745,1,1,3,2.0,3,97006,A,0.0,0.0,971
201300056878,13,6,9,1615,1,1,1,1.0,1,97034,A,0.0,0.0,971
201300056879,13,9,9,145,3,1,1,1.0,7,97034,A,0.0,0.0,971
201300056880,13,10,28,845,1,1,1,1.0,6,97034,A,0.0,0.0,971
201300056881,13,11,27,1630,1,2,1,1.0,6,97034,A,0.0,0.0,971
201300056882,13,12,5,1830,3,1,1,1.0,3,97006,A,0.0,0.0,971
201300056883,13,9,14,1300,1,1,1,1.0,1,97006,A,0.0,0.0,971
201300056884,13,3,22,1500,1,1,1,1.0,1,97021,A,0.0,0.0,971
201300056885,13,5,22,945,1,1,1,3.0,3,97021,A,0.0,0.0,971
201300056886,13,10,4,1845,3,1,1,1.0,3,97021,A,0.0,0.0,971
201300056887,13,7,27,1400,1,1,1,1.0,1,97011,A,0.0,0.0,971
201300056888,13,2,9,615,2,1,1,1.0,6,97032,A,0.0,0.0,971
201300056889,13,3,15,1945,5,2,1,1.0,2,97009,A,0.0,0.0,971
201300056890,13,4,17,945,1,1,1,8.0,2,97009,A,0.0,0.0,971
201300056891,13,5,3,2200,3,1,1,2.0,2,97032,A,0.0,0.0,971
201300056892,13,5,9,515,2,1,1,1.0,6,97033,A,0.0,0.0,971
201300056893,13,7,17,1130,1,1,1,1.0,6,97033,A,0.0,0.0,971
201300056894,13,12,31,700,5,2,1,1.0,6,97032,A,0.0,0.0,971
201300056895,13,2,6,1315,1,1,1,1.0,6,97007,A,0.0,0.0,971
201300056896,13,3,2,2100,3,1,1,1.0,6,97007,A,0.0,0.0,971
201300056897,13,3,5,1600,1,1,1,1.0,1,97007,A,0.0,0.0,971
201300056898,13,3,8,2330,3,1,1,1.0,1,97007,A,0.0,0.0,971
201300056899,13,4,1,530,3,1,1,1.0,6,97007,A,0.0,0.0,971
201300056900,13,4,11,1845,2,1,1,1.0,1,97007,A,0.0,0.0,971
201300056901,13,4,30,1230,1,1,1,1.0,5,97007,A,0.0,0.0,971
201300056902,13,5,12,430,3,1,1,1.0,7,97007,A,0.0,0.0,971
201300056903,13,5,27,330,3,1,1,1.0,7,97007,A,0.0,0.0,971
201300056904,13,6,9,1645,1,1,1,1.0,6,97007,A,0.0,0.0,971
201300056905,13,7,30,645,1,1,1,1.0,1,97014,A,0.0,0.0,971
201300056906,13,8,12,1300,1,2,1,1.0,6,97014,A,0.0,0.0,971
201300056907,13,8,14,745,1,1,1,1.0,7,97007,A,0.0,0.0,971
201300056908,13,8,16,1845,5,1,1,2.0,6,97014,A,0.0,0.0,971
201300056909,13,9,3,830,1,1,1,2.0,7,97007,A,0.0,0.0,971
201300056910,13,9,13,930,1,1,1,1.0,3,97007,A,0.0,0.0,971
201300056911,13,9,20,2315,4,1,6,1.0,1,97007,A,0.0,0.0,971
201300056912,13,11,16,1800,4,2,1,1.0,3,97007,A,0.0,0.0,971
201300056913,13,12,13,1245,1,1,1,1.0,6,97007,A,0.0,0.0,971
201300056914,13,12,24,1100,1,1,1,1.0,5,97007,A,0.0,0.0,971
201300056915,13,1,3,1145,1,1,1,1.0,7,97031,A,0.0,0.0,971
201300056916,13,11,12,715,1,2,1,1.0,6,97030,A,0.0,0.0,971
201300056917,13,2,27,15,5,1,1,1.0,7,97015,A,0.0,0.0,971
201300056918,13,3,9,1945,5,1,1,1.0,3,97015,A,0.0,0.0,971
201300056919,13,6,15,815,5,1,1,1.0,1,97015,A,0.0,0.0,971
201300056920,13,7,14,730,1,1,1,1.0,1,97015,A,0.0,0.0,971
201300056921,13,9,29,1300,1,1,1,1.0,2,97015,A,0.0,0.0,971
201300056922,13,10,4,1630,1,2,1,1.0,2,97015,A,0.0,0.0,971
201300056923,13,10,30,1045,1,1,1,1.0,1,97015,A,0.0,0.0,971
201300056924,13,11,13,1500,1,1,1,1.0,6,97015,A,0.0,0.0,971
201300056925,13,11,30,545,2,1,1,1.0,1,97015,A,0.0,0.0,971
201300056926,13,12,5,1815,3,1,1,1.0,2,97015,A,0.0,0.0,971
201300056927,13,12,16,1400,1,1,1,2.0,3,97015,A,0.0,0.0,971
201300056928,13,1,1,600,2,1,1,1.0,7,97018,A,0.0,0.0,971
201300056929,13,3,6,545,3,1,1,1.0,1,97018,A,0.0,0.0,971
201300056930,13,3,8,1200,1,1,1,1.0,1,97018,A,0.0,0.0,971
201300056931,13,4,30,630,1,2,1,1.0,6,97018,A,0.0,0.0,971
201300056932,13,5,30,615,1,1,1,1.0,1,97018,A,0.0,0.0,971
201300056933,13,6,23,1300,1,1,1,1.0,1,97018,A,0.0,0.0,971