Num_Acc,an,mois,jour,hrmn,lum,agg,int,atm,col,com,gps,lat,long,dep
201300056934,13,7,11,1400,1,1,2,1.0,3,97018,A,0.0,0.0,971
201300056935,13,7,23,1815,1,2,1,1.0,6,97018,A,0.0,0.0,971
201300056936,13,10,27,1430,1,1,1,1.0,1,97018,A,0.0,0.0,971
201300056937,13,11,14,2230,3,1,1,1.0,3,97018,A,0.0,0.0,971
201300056938,13,2,9,2100,3,2,1,1.0,3,97029,A,0.0,0.0,971
201300056939,13,2,12,2030,3,1,1,1.0,6,97029,A,0.0,0.0,971
201300056940,13,3,5,1715,1,2,1,1.0,3,97029,A,0.0,0.0,971
201300056941,13,3,11,1430,1,1,1,1.0,6,97029,A,0.0,0.0,971
201300056942,13,3,23,1400,1,2,1,1.0,6,97029,A,0.0,0.0,971
201300056943,13,3,22,1930,5,2,1,1.0,1,97029,A,0.0,0.0,971
201300056944,13,3,26,1200,1,1,1,1.0,1,97029,A,0.0,0.0,971
201300056945,13,4,25,2030,3,2,1,2.0,6,97029,A,0.0,0.0,971
201300056946,13,5,11,1315,1,1,1,1.0,1,97029,A,0.0,0.0,971
201300056947,13,5,18,1815,2,2,1,1.0,3,97029,A,0.0,0.0,971
201300056948,13,6,12,630,1,2,3,1.0,1,97029,A,0.0,0.0,971
201300056949,13,6,14,1430,1,1,1,2.0,6,97029,A,0.0,0.0,971
201300056950,13,6,15,2115,3,1,3,1.0,2,97029,A,0.0,0.0,971
201300056951,13,6,28,2145,3,2,1,1.0,3,97029,A,0.0,0.0,971
201300056952,13,7,11,1945,4,1,1,1.0,1,97029,A,0.0,0.0,971
201300056953,13,7,21,1200,1,1,1,3.0,1,97029,A,0.0,0.0,971
201300056954,13,8,24,845,1,1,1,1.0,1,97029,A,0.0,0.0,971
201300056955,13,9,22,945,1,1,1,1.0,6,97029,A,0.0,0.0,971
201300056956,13,9,21,1915,5,2,1,1.0,6,97029,A,0.0,0.0,971
201300056957,13,10,11,1645,1,1,1,1.0,1,97029,A,0.0,0.0,971
201300056958,13,12,12,1330,1,2,1,1.0,6,97029,A,0.0,0.0,971
201300056959,13,1,23,645,1,1,1,1.0,1,97008,A,0.0,0.0,971
201300056960,13,3,25,945,1,2,1,1.0,6,97012,A,0.0,0.0,971
201300056961,13,7,28,2115,5,1,1,1.0,1,97026,A,0.0,0.0,971
201300056962,13,11,12,1945,5,2,1,1.0,3,97012,A,0.0,0.0,971
201300056963,13,4,6,945,1,1,1,1.0,3,97010,A,0.0,0.0,971
201300056964,13,10,9,1215,1,2,1,1.0,1,97010,A,0.0,0.0,971
201300056965,13,1,12,1000,1,2,1,1.0,1,97017,A,0.0,0.0,971
201300056966,13,4,7,30,5,1,1,2.0,3,97017,A,0.0,0.0,971
201300056967,13,5,30,1645,1,1,1,1.0,2,97017,A,0.0,0.0,971
201300056968,13,6,15,2215,5,2,1,1.0,3,97017,A,0.0,0.0,971
201300056969,13,7,30,1500,1,1,1,1.0,6,97017,A,0.0,0.0,971
201300056970,13,8,11,1045,1,1,1,2.0,6,97017,A,0.0,0.0,971
201300056971,13,8,17,430,2,1,1,2.0,6,97017,A,0.0,0.0,971
201300056972,13,9,4,1700,2,1,1,2.0,1,97017,A,0.0,0.0,971
201300056973,13,10,10,1945,3,1,1,1.0,1,97017,A,0.0,0.0,971
201300056974,13,10,14,2030,5,1,1,1.0,3,97017,A,0.0,0.0,971
201300056975,13,10,15,830,5,1,1,1.0,1,97017,A,0.0,0.0,971
201300056976,13,2,8,1930,3,1,1,1.0,2,97019,A,0.0,0.0,971
201300056977,13,3,25,1830,1,2,1,1.0,1,97019,A,0.0,0.0,971
201300056978,13,3,26,1115,1,2,1,1.0,6,97019,A,0.0,0.0,971
201300056979,13,5,5,1215,1,1,1,1.0,3,97019,A,0.0,0.0,971
201300056980,13,6,10,930,1,1,1,1.0,1,97019,A,0.0,0.0,971
201300056981,13,6,15,1315,1,1,1,1.0,1,97002,A,0.0,0.0,971
201300056982,13,8,18,1400,1,1,1,1.0,3,97019,A,,,971
201300056983,13,8,26,45,5,1,1,3.0,7,97022,A,,,971
201300056984,13,9,22,1930,5,1,1,1.0,2,97022,A,0.0,0.0,971
201300056985,13,10,29,1345,1,1,1,1.0,1,97019,A,0.0,0.0,971
201300056986,13,10,30,1900,3,1,1,1.0,1,97019,A,0.0,0.0,971
201300056987,13,11,19,1130,2,1,1,1.0,6,97019,A,0.0,0.0,971
201300056988,13,12,19,815,1,2,1,1.0,1,97022,A,0.0,0.0,971
201300056989,13,12,18,915,3,1,1,1.0,6,97019,A,0.0,0.0,971
201300056990,13,12,21,815,3,1,1,2.0,6,97002,A,0.0,0.0,971
201300056991,13,12,25,130,5,2,1,1.0,6,97022,A,0.0,0.0,971
201300056992,13,1,30,2030,3,1,1,1.0,1,97025,A,0.0,0.0,971
201300056993,13,3,17,1630,1,2,1,1.0,3,97025,A,0.0,0.0,971
201300056994,13,3,28,1500,1,1,1,1.0,6,97025,A,0.0,0.0,971
201300056995,13,8,27,1745,1,1,1,1.0,3,97025,A,0.0,0.0,971
201300056996,13,9,13,1930,3,2,1,1.0,6,97025,A,0.0,0.0,971
201300056997,13,11,3,30,5,1,1,1.0,6,97025,A,0.0,0.0,971
201300056998,13,11,17,130,5,1,1,1.0,6,97025,A,0.0,0.0,971
201300056999,13,12,1,430,2,1,1,3.0,4,97025,A,0.0,0.0,971
201300057000,13,1,5,530,2,1,1,1.0,6,97028,A,0.0,0.0,971
201300057001,13,1,14,1445,1,1,1,1.0,1,97028,A,0.0,0.0,971
201300057002,13,2,2,530,3,1,1,1.0,6,97028,A,0.0,0.0,971
201300057003,13,2,4,1515,1,1,1,1.0,6,97028,A,0.0,0.0,971
201300057004,13,3,22,1230,1,2,1,1.0,6,97028,A,0.0,0.0,971
201300057005,13,4,14,1500,3,1,1,1.0,3,97028,A,0.0,0.0,971
201300057006,13,4,17,2045,5,2,1,1.0,7,97025,A,0.0,0.0,971
201300057007,13,5,29,1345,1,1,1,1.0,2,97028,A,0.0,0.0,971
201300057008,13,6,21,230,3,1,1,1.0,6,97028,A,0.0,0.0,971
201300057009,13,8,2,2330,5,2,1,1.0,6,97028,A,0.0,0.0,971
201300057010,13,8,9,600,2,1,1,1.0,1,97028,A,0.0,0.0,971
201300057011,13,8,16,945,1,2,1,1.0,6,97028,A,0.0,0.0,971
201300057012,13,8,21,1515,1,2,1,1.0,2,97028,A,0.0,0.0,971
201300057013,13,10,3,745,1,1,1,1.0,6,97028,A,0.0,0.0,971
201300057014,13,10,4,2200,3,1,1,1.0,6,97028,A,0.0,0.0,971
201300057015,13,10,17,1600,1,2,1,1.0,3,97028,A,0.0,0.0,971
201300057016,13,10,29,1500,1,1,1,1.0,6,97028,A,0.0,0.0,971
201300057017,13,11,24,2000,3,1,1,1.0,6,97028,A,0.0,0.0,971
201300057018,13,12,16,1345,1,1,1,1.0,6,97028,A,0.0,0.0,971
201300057019,13,3,12,1900,3,1,1,1.0,6,97016,A,0.0,0.0,971
201300057020,13,3,16,30,3,1,1,1.0,4,97016,A,0.0,0.0,971
201300057021,13,4,29,630,1,1,1,1.0,1,97016,A,0.0,0.0,971
201300057022,13,5,24,1900,1,2,1,1.0,1,97016,A,0.0,0.0,971
201300057023,13,5,9,645,1,2,1,1.0,6,97016,A,0.0,0.0,971
201300057024,13,6,15,1,5,2,1,1.0,6,97016,A,0.0,0.0,971
201300057025,13,6,24,1145,1,2,1,1.0,3,97016,A,0.0,0.0,971
201300057026,13,7,14,2100,5,2,1,1.0,1,97016,A,0.0,0.0,971
201300057027,13,7,30,1815,1,1,1,1.0,2,97016,A,0.0,0.0,971
201300057028,13,8,13,1800,1,1,1,1.0,2,97016,A,0.0,0.0,971
201300057029,13,9,7,1330,1,2,1,1.0,3,97016,A,0.0,0.0,971
201300057030,13,10,24,815,1,1,1,2.0,1,97016,A,0.0,0.0,971
201300057031,13,1,27,500,3,1,1,1.0,7,97005,G,0.0,0.0,973
201300057032,13,2,13,1945,3,1,1,3.0,7,97013,G,0.0,0.0,973
201300057033,13,3,27,1045,1,1,1,1.0,5,97005,G,0.0,0.0,973
201300057034,13,6,5,1315,1,1,1,1.0,6,97005,G,0.0,0.0,973
201300057035,13,7,6,1145,1,1,1,1.0,3,97005,G,0.0,0.0,973
201300057036,13,7,9,1115,1,1,1,1.0,6,97005,G,0.0,0.0,973
201300057037,13,8,25,545,2,1,1,1.0,2,97005,G,0.0,0.0,973
201300057038,13,9,4,2045,5,1,1,1.0,3,97005,G,0.0,0.0,973
201300057039,13,10,10,930,1,1,1,1.0,1,97005,G,0.0,0.0,973
201300057040,13,10,5,730,1,1,1,1.0,1,97005,G,0.0,0.0,973
201300057041,13,10,9,2100,3,1,1,1.0,1,97005,G,0.0,0.0,973
201300057042,13,11,16,1015,1,1,1,1.0,6,97005,G,0.0,0.0,973
201300057043,13,11,17,1145,1,1,1,1.0,2,97005,G,0.0,0.0,973
201300057044,13,12,20,1015,3,1,1,3.0,5,97005,G,0.0,0.0,973
201300057045,13,1,9,1015,1,1,1,8.0,3,97004,G,0.0,0.0,973
201300057046,13,3,27,1115,1,1,1,1.0,1,97004,G,0.0,0.0,973
201300057047,13,6,21,630,2,1,1,2.0,6,97004,G,0.0,0.0,973
201300057048,13,7,20,415,3,1,1,1.0,1,97004,G,0.0,0.0,973
201300057049,13,8,10,900,1,1,1,1.0,3,97004,G,0.0,0.0,973
201300057050,13,10,20,930,1,2,1,1.0,3,97004,G,0.0,0.0,973
201300057051,13,3,18,915,1,2,1,1.0,3,97012,G,0.0,0.0,973
201300057052,13,9,11,1845,5,2,1,1.0,3,97012,G,0.0,0.0,973
201300057053,13,11,4,1500,1,1,1,1.0,7,97012,G,0.0,0.0,973
201300057054,13,7,5,145,3,1,1,1.0,1,97003,G,0.0,0.0,973
201300057055,13,7,19,1645,1,1,1,1.0,7,97003,G,0.0,0.0,973
201300057056,13,12,19,1600,2,1,1,1.0,6,97003,G,0.0,0.0,973
201300057057,13,8,30,1030,1,1,1,1.0,6,97001,G,0.0,0.0,973
201300057058,13,8,16,2100,3,1,1,1.0,1,97008,G,0.0,0.0,973
201300057059,13,5,10,945,1,1,1,8.0,7,97010,G,0.0,0.0,973
201300057060,13,5,16,1300,1,1,1,2.0,1,97010,G,0.0,0.0,973
201300057061,13,8,17,1145,1,2,1,1.0,7,97010,G,0.0,0.0,973
201300057062,13,1,1,1800,1,2,1,1.0,6,97011,G,0.0,0.0,973
201300057063,13,1,4,2230,5,2,1,1.0,1,97011,G,0.0,0.0,973
201300057064,13,1,17,1615,1,2,1,1.0,3,97011,G,0.0,0.0,973
201300057065,13,2,13,215,5,2,1,1.0,3,97011,G,0.0,0.0,973
201300057066,13,3,15,1330,1,2,1,1.0,2,97011,G,0.0,0.0,973
201300057067,13,3,30,845,1,2,1,1.0,6,97011,G,0.0,0.0,973
201300057068,13,4,25,1215,1,2,1,1.0,1,97011,G,0.0,0.0,973
201300057069,13,8,10,900,5,1,1,1.0,1,97011,G,0.0,0.0,973
201300057070,13,8,25,1445,1,1,1,1.0,1,97011,G,0.0,0.0,973
201300057071,13,8,29,715,1,2,1,1.0,3,97011,G,0.0,0.0,973
201300057072,13,9,18,2300,1,2,1,1.0,1,97011,G,0.0,0.0,973
201300057073,13,9,20,1315,1,2,1,1.0,6,97011,G,0.0,0.0,973
201300057074,13,10,13,630,2,1,1,7.0,6,97011,G,0.0,0.0,973
201300057075,13,11,23,1115,1,1,1,1.0,1,97011,G,0.0,0.0,973
201300057076,13,12,1,400,3,2,1,1.0,7,97011,G,0.0,0.0,973
201300057077,13,12,17,715,1,2,1,1.0,1,97011,G,0.0,0.0,973
201300057078,13,2,23,900,1,2,1,2.0,6,97006,G,0.0,0.0,973
201300057079,13,3,3,1445,1,1,1,1.0,6,97006,G,0.0,0.0,973
201300057080,13,5,7,2045,4,2,1,1.0,6,97006,G,0.0,0.0,973
201300057081,13,6,6,1630,2,1,1,1.0,6,97006,G,0.0,0.0,973
201300057082,13,7,17,745,1,1,1,1.0,1,97006,G,0.0,0.0,973
201300057083,13,10,3,1630,1,1,1,1.0,7,97006,G,0.0,0.0,973
201300057084,13,10,13,2145,3,1,1,1.0,7,97006,G,0.0,0.0,973
201300057085,13,11,8,1830,3,1,1,1.0,1,97006,G,0.0,0.0,973
201300057086,13,1,15,1015,1,2,1,1.0,7,97053,G,0.0,0.0,973
201300057087,13,1,15,1800,1,2,1,1.0,6,97053,G,0.0,0.0,973
201300057088,13,4,15,1100,1,2,1,1.0,6,97053,G,0.0,0.0,973
201300057089,13,4,3,1245,1,2,1,1.0,6,97008,R,,,974
201300057090,13,10,1,1400,1,2,1,1.0,2,97008,R,,,974
201300057091,13,1,16,2000,5,1,1,1.0,6,97018,R,,,974
201300057092,13,1,14,1845,1,1,1,1.0,3,97018,R,,,974
201300057093,13,1,19,615,1,1,1,1.0,2,97018,R,0.0,0.0,974
201300057094,13,3,31,630,2,1,1,1.0,6,97018,R,0.0,0.0,974
201300057095,13,4,16,2245,3,1,1,1.0,6,97020,R,0.0,0.0,974
201300057096,13,4,21,1715,1,2,1,7.0,6,97018,R,,,974
201300057097,13,6,6,2045,3,2,1,1.0,6,97018,R,,,974
201300057098,13,6,9,1115,1,2,1,1.0,3,97020,R,,,974
201300057099,13,7,13,45,5,1,1,1.0,3,97018,R,0.0,0.0,974
201300057100,13,8,16,2230,5,1,1,1.0,7,97018,R,0.0,0.0,974
201300057101,13,8,31,1830,2,2,1,2.0,6,97020,R,,,974
201300057102,13,10,12,2145,3,1,1,1.0,6,97020,R,0.0,0.0,974
201300057103,13,10,23,1000,1,1,1,1.0,6,97018,R,,,974
201300057104,13,10,27,1500,1,2,1,1.0,1,97020,R,,,974
201300057105,13,10,29,2345,3,1,1,1.0,1,97018,R,0.0,0.0,974
201300057106,13,11,15,2000,3,1,1,1.0,6,97020,R,,,974
201300057107,13,12,16,1045,1,1,1,1.0,7,97018,R,0.0,0.0,974
201300057108,13,7,7,2130,5,2,1,1.0,6,97010,R,0.0,0.0,974
201300057109,13,8,15,2000,5,2,1,1.0,6,97010,R,,,974
201300057110,13,12,11,1800,1,2,1,1.0,1,97010,R,0.0,0.0,974
201300057111,13,12,26,700,2,2,1,2.0,6,97010,R,0.0,0.0,974
201300057112,13,2,22,2345,3,1,1,2.0,6,97002,R,0.0,0.0,974
201300057113,13,4,10,515,3,1,1,1.0,6,97002,R,0.0,0.0,974
201300057114,13,5,1,2315,3,1,1,1.0,1,97002,R,0.0,0.0,974
201300057115,13,9,20,1845,3,1,1,1.0,1,97002,R,0.0,0.0,974
201300057116,13,11,20,745,1,2,1,1.0,6,97002,R,0.0,0.0,974
201300057117,13,3,11,1045,1,1,1,8.0,4,97019,R,0.0,0.0,974
201300057118,13,4,6,2045,5,2,1,2.0,1,97019,R,0.0,0.0,974
201300057119,13,5,30,1445,1,2,1,1.0,1,97019,R,,,974
201300057120,13,6,6,1000,1,1,1,1.0,2,97019,R,0.0,0.0,974
201300057121,13,12,23,815,1,1,1,1.0,3,97019,R,0.0,0.0,974
201300057122,13,8,18,1830,3,2,1,1.0,7,97021,R,,,974
201300057123,13,9,14,1830,5,2,1,1.0,6,97021,R,0.0,0.0,974
201300057124,13,1,7,1800,1,2,1,1.0,2,97006,R,0.0,0.0,974
201300057125,13,6,2,1000,1,1,1,1.0,1,97006,R,0.0,0.0,974
201300057126,13,12,7,1730,1,2,1,2.0,2,97006,R,0.0,0.0,974
201300057127,13,1,12,2300,3,1,1,1.0,6,97015,R,0.0,0.0,974
201300057128,13,1,31,1130,1,2,1,8.0,6,97015,R,,,974
201300057129,13,2,22,930,1,1,1,3.0,3,97015,R,0.0,0.0,974
201300057130,13,5,4,1530,1,1,1,1.0,6,97015,R,0.0,0.0,974
201300057131,13,6,3,900,1,1,1,1.0,2,97015,R,0.0,0.0,974
201300057132,13,6,15,1330,1,2,3,1.0,1,97015,R,0.0,0.0,974
201300057133,13,6,25,830,1,1,1,1.0,6,97015,R,0.0,0.0,974
201300057134,13,8,3,2030,5,2,1,1.0,3,97015,R,,,974
201300057135,13,10,11,1845,5,1,1,1.0,2,97015,R,0.0,0.0,974
201300057136,13,11,24,345,5,2,1,1.0,2,97015,R,0.0,0.0,974
201300057137,13,2,3,15,3,1,1,1.0,1,97015,R,0.0,0.0,974
201300057138,13,4,13,530,3,1,1,1.0,1,97055,R,0.0,0.0,974
201300057139,13,7,1,230,3,1,1,1.0,7,97055,R,0.0,0.0,974
201300057140,13,8,25,730,1,1,1,1.0,2,97015,R,,,974
201300057141,13,11,6,215,3,1,1,2.0,1,97055,R,0.0,0.0,974
201300057142,13,11,24,500,2,2,1,1.0,1,97055,R,0.0,0.0,974
201300057143,13,12,11,1900,2,1,1,2.0,3,97015,R,0.0,0.0,974
201300057144,13,2,12,1145,1,1,3,1.0,3,97023,R,0.0,0.0,974
201300057145,13,8,18,1330,1,1,1,1.0,2,97015,R,0.0,0.0,974
201300057146,13,12,3,2045,3,1,2,1.0,1,97015,R,0.0,0.0,974
201300057147,13,1,5,2215,4,2,1,1.0,6,97014,R,,,974
201300057148,13,1,17,1700,1,2,1,1.0,1,97014,R,,,974
201300057149,13,1,28,1630,1,2,1,1.0,3,97014,R,,,974
201300057150,13,3,5,1845,2,1,1,1.0,1,97014,R,,,974
201300057151,13,7,6,230,3,1,1,1.0,2,97014,R,0.0,0.0,974
201300057152,13,7,28,1930,3,1,1,1.0,1,97014,R,,,974
201300057153,13,8,12,1800,2,2,1,1.0,1,97014,R,,,974
201300057154,13,9,30,1930,4,2,1,1.0,3,97014,R,,,974
201300057155,13,10,14,1400,1,2,1,1.0,1,97014,R,,,974
201300057156,13,11,3,1545,1,1,1,1.0,6,97014,R,0.0,0.0,974
201300057157,13,12,23,1845,2,2,1,1.0,3,97014,R,0.0,0.0,974
201300057158,13,12,26,845,1,2,1,1.0,3,97014,R,0.0,0.0,974
201300057159,13,7,2,1600,1,1,1,1.0,3,97003,R,0.0,0.0,974
201300057160,13,12,21,1515,1,1,1,1.0,1,97003,R,0.0,0.0,974
201300057161,13,3,10,1530,1,2,1,1.0,1,97006,R,0.0,0.0,974
201300057162,13,3,17,1100,1,2,1,1.0,6,97049,R,,,974
201300057163,13,8,19,1730,1,2,1,1.0,1,97022,R,,,974
201300057164,13,11,26,1700,1,2,1,2.0,1,97049,R,0.0,0.0,974
201300057165,13,1,1,945,1,2,1,1.0,1,97005,R,0.0,0.0,974
201300057166,13,1,16,1530,1,1,1,1.0,4,97005,R,0.0,0.0,974
201300057167,13,1,23,1545,1,1,1,1.0,3,97005,R,,,974
201300057168,13,1,25,1700,1,1,1,1.0,5,97012,R,,,974
201300057169,13,2,16,245,3,1,1,2.0,6,97012,R,0.0,0.0,974
201300057170,13,4,20,1130,1,2,1,1.0,1,97005,R,0.0,0.0,974
201300057171,13,4,22,1700,2,2,1,7.0,6,97012,R,,,974
201300057172,13,4,22,1115,2,1,1,1.0,6,97012,R,0.0,0.0,974
201300057173,13,5,5,1900,3,1,1,1.0,1,97005,R,0.0,0.0,974
201300057174,13,5,23,2045,5,1,1,1.0,6,97005,R,,,974
201300057175,13,6,7,1815,3,1,1,1.0,1,97012,R,0.0,0.0,974
201300057176,13,6,17,815,1,1,1,1.0,6,97005,R,0.0,0.0,974
201300057177,13,8,1,1630,1,1,1,2.0,3,97012,R,0.0,0.0,974
201300057178,13,10,2,745,1,2,1,2.0,6,97012,R,,,974
201300057179,13,10,15,2000,3,1,1,1.0,5,97012,R,,,974
201300057180,13,11,25,2015,3,1,1,8.0,1,97005,R,0.0,0.0,974
201300057181,13,12,5,1730,1,2,1,1.0,6,97012,R,0.0,0.0,974
201300057182,13,12,13,2315,3,2,1,1.0,7,97012,R,0.0,0.0,974
201300057183,13,8,25,1915,3,1,1,1.0,6,97017,R,0.0,0.0,974
201300057184,13,9,8,645,1,2,1,1.0,2,97017,R,0.0,0.0,974
201300057185,13,2,10,1315,1,2,1,1.0,6,97022,R,,,974
201300057186,13,4,11,45,5,2,1,1.0,7,97022,R,,,974
201300057187,13,4,20,1045,1,1,3,1.0,3,97022,R,,,974
201300057188,13,6,24,1700,1,1,1,1.0,5,97022,R,,,974
201300057189,13,6,27,2000,3,1,1,1.0,1,97022,R,,,974
201300057190,13,7,28,1215,1,2,1,1.0,6,97022,R,0.0,0.0,974
201300057191,13,8,3,2315,5,2,1,1.0,6,97022,R,0.0,0.0,974
201300057192,13,8,19,2215,3,1,1,1.0,6,97022,R,,,974
201300057193,13,9,8,600,1,2,1,1.0,1,97022,R,0.0,0.0,974
201300057194,13,10,19,2115,5,2,1,1.0,1,97022,R,,,974
201300057195,13,12,17,1730,1,2,1,1.0,1,97022,R,0.0,0.0,974
201300057196,13,1,25,1145,1,1,1,1.0,3,97011,Y,0.0,0.0,976
201300057197,13,2,18,1815,3,1,1,1.0,1,97011,Y,0.0,0.0,976
201300057198,13,5,23,1845,3,1,1,1.0,3,97011,Y,0.0,0.0,976
201300057199,13,6,12,1545,1,2,1,1.0,2,97011,Y,0.0,0.0,976
201300057200,13,6,22,2000,5,2,1,1.0,6,97011,Y,0.0,0.0,976
201300057201,13,7,25,615,1,1,1,1.0,1,97011,Y,0.0,0.0,976
201300057202,13,9,1,1815,3,1,1,1.0,6,97011,Y,0.0,0.0,976
201300057203,13,10,5,500,3,1,1,1.0,3,97011,Y,0.0,0.0,976
201300057204,13,11,23,1045,1,1,1,1.0,1,97011,Y,0.0,0.0,976
201300057205,13,1,7,2230,3,2,1,1.0,6,97015,Y,0.0,0.0,976
201300057206,13,8,14,1145,1,2,1,1.0,6,97015,Y,0.0,0.0,976
201300057207,13,9,13,2000,3,2,1,1.0,3,97015,Y,0.0,0.0,976
201300057208,13,10,14,2145,5,2,1,1.0,6,97015,Y,0.0,0.0,976
201300057209,13,11,9,1100,1,2,1,1.0,6,97015,Y,0.0,0.0,976
201300057210,13,11,16,115,5,2,1,1.0,1,97015,Y,0.0,0.0,976
201300057211,13,12,16,1045,1,2,1,1.0,1,97015,Y,0.0,0.0,976
201300057212,13,12,16,1700,1,2,1,1.0,6,97015,Y,0.0,0.0,976
201300057213,13,1,3,845,1,2,1,1.0,6,97016,Y,0.0,0.0,976
201300057214,13,1,5,2345,3,2,1,1.0,7,97017,Y,,,976
201300057215,13,11,9,1930,3,2,1,1.0,6,97016,Y,0.0,0.0,976
201300057216,13,11,23,1630,1,2,1,1.0,6,97016,Y,0.0,0.0,976
201300057217,13,12,31,1745,5,1,1,1.0,7,97003,A,0.0,0.0,971
201300057218,13,1,15,615,3,1,1,1.0,6,97003,A,0.0,0.0,971
201300057219,13,1,29,530,3,1,1,1.0,5,97003,A,0.0,0.0,971
201300057220,13,1,29,1945,3,1,1,1.0,6,97003,A,0.0,0.0,971
201300057221,13,2,2,1230,1,2,1,1.0,1,97003,A,0.0,0.0,971
201300057222,13,2,10,615,2,1,1,1.0,6,97003,A,0.0,0.0,971
201300057223,13,2,24,615,2,2,1,1.0,6,97003,A,0.0,0.0,971
201300057224,13,5,5,800,1,2,1,1.0,1,97003,A,0.0,0.0,971
201300057225,13,5,30,2100,5,1,1,1.0,3,97003,A,0.0,0.0,971
201300057226,13,7,3,1330,1,1,1,1.0,7,97003,A,0.0,0.0,971
201300057227,13,7,15,515,5,1,1,1.0,1,97003,A,0.0,0.0,971
201300057228,13,7,23,715,1,1,1,1.0,1,97003,A,0.0,0.0,971
201300057229,13,8,20,900,1,2,1,1.0,1,97003,A,0.0,0.0,971
201300057230,13,10,26,345,5,1,1,1.0,6,97003,A,0.0,0.0,971
201300057231,13,11,2,1930,4,1,1,1.0,6,97003,A,0.0,0.0,971
201300057232,13,11,9,515,2,2,1,1.0,5,97003,A,0.0,0.0,971
201300057233,13,11,18,430,5,1,1,1.0,3,97003,A,0.0,0.0,971
201300057234,13,12,2,1745,2,2,1,1.0,3,97003,A,0.0,0.0,971
201300057235,13,3,15,500,3,2,1,1.0,6,97060,G,0.0,0.0,973
201300057236,13,4,24,2000,3,1,1,3.0,6,97060,G,0.0,0.0,973
201300057237,13,4,8,1115,1,1,1,1.0,1,97062,G,0.0,0.0,973
201300057238,13,7,4,615,1,2,1,1.0,3,97012,Y,0.0,0.0,976
201300057239,13,7,15,700,1,1,1,1.0,6,97012,Y,0.0,0.0,976
201300057240,13,11,5,1645,1,1,1,1.0,6,97012,Y,0.0,0.0,976
201300057241,13,5,29,1900,3,1,1,1.0,1,97004,Y,0.0,0.0,976
201300057242,13,9,5,2245,3,1,1,1.0,7,97004,Y,0.0,0.0,976
201300057243,13,12,2,1500,1,2,1,1.0,3,97004,Y,0.0,0.0,976
201300057244,13,12,29,530,2,1,1,1.0,1,97004,Y,0.0,0.0,976
201300057245,13,1,6,1915,5,2,1,1.0,3,97009,G,0.0,0.0,973
201300057246,13,1,16,1930,4,2,1,1.0,3,97009,G,0.0,0.0,973
201300057247,13,1,30,1745,1,2,1,1.0,1,97009,G,0.0,0.0,973
201300057248,13,2,4,1815,1,1,1,2.0,1,97009,G,0.0,0.0,973
201300057249,13,2,8,1830,1,1,1,2.0,1,97009,G,0.0,0.0,973
201300057250,13,2,9,1400,1,2,1,1.0,1,97009,G,0.0,0.0,973
201300057251,13,2,22,830,1,1,1,1.0,2,97009,G,0.0,0.0,973
201300057252,13,3,12,1500,1,1,1,1.0,3,97009,G,0.0,0.0,973
201300057253,13,3,22,1745,1,2,1,1.0,3,97009,G,0.0,0.0,973
201300057254,13,3,25,1945,5,2,1,1.0,6,97009,G,0.0,0.0,973
201300057255,13,4,19,1715,1,1,1,1.0,1,97009,G,0.0,0.0,973
201300057256,13,5,5,815,1,2,1,1.0,6,97009,G,0.0,0.0,973
201300057257,13,5,12,1745,2,2,1,2.0,3,97009,G,0.0,0.0,973
201300057258,13,5,18,2230,5,2,1,1.0,1,97009,G,0.0,0.0,973
201300057259,13,7,12,1900,3,1,1,1.0,6,97009,G,0.0,0.0,973
201300057260,13,7,14,1845,2,1,1,1.0,2,97009,G,0.0,0.0,973
201300057261,13,7,27,1915,3,2,1,1.0,1,97009,G,0.0,0.0,973
201300057262,13,7,30,1700,2,2,1,1.0,4,97009,G,0.0,0.0,973
201300057263,13,8,1,1730,1,2,1,1.0,1,97009,G,0.0,0.0,973
201300057264,13,8,14,1700,1,1,1,1.0,7,97009,G,0.0,0.0,973
201300057265,13,9,15,1915,5,1,1,1.0,3,97009,G,0.0,0.0,973
201300057266,13,10,16,1545,1,1,1,1.0,5,97009,G,0.0,0.0,973
201300057267,13,10,16,2145,5,2,1,1.0,2,97009,G,0.0,0.0,973
201300057268,13,10,20,1145,1,2,1,1.0,3,97009,G,0.0,0.0,973
201300057269,13,10,20,115,5,2,1,2.0,6,97009,G,0.0,0.0,973
201300057270,13,11,14,1930,5,2,1,1.0,3,97009,G,0.0,0.0,973
201300057271,13,11,30,815,5,2,1,1.0,5,97009,G,0.0,0.0,973
201300057272,13,12,9,545,3,2,1,1.0,6,97009,G,0.0,0.0,973
201300057273,13,5,1,1830,3,2,1,1.0,1,97015,R,,,974
201300057274,13,11,16,2100,3,2,1,1.0,5,97040,R,0.0,0.0,974
201300057275,13,7,30,745,1,1,1,1.0,3,97013,R,0.0,0.0,974
201300057276,13,8,30,1315,1,2,1,1.0,3,97013,R,,,974
201300057277,13,9,7,1515,1,2,1,1.0,3,97013,R,,,974
201300057278,13,9,30,800,1,2,1,1.0,3,97013,R,,,974
201300057279,13,12,23,1315,1,2,1,1.0,1,97048,R,0.0,0.0,974
201300057280,13,2,18,1200,1,1,1,2.0,3,97004,G,0.0,0.0,973
201300057281,13,5,24,500,2,1,1,1.0,6,97004,G,0.0,0.0,973
201300057282,13,12,7,2315,5,2,1,1.0,1,97004,G,0.0,0.0,973
201300057283,13,1,12,2100,5,1,1,1.0,3,97007,G,0.0,0.0,973
201300057284,13,2,1,1530,1,1,1,1.0,3,97007,G,0.0,0.0,973
201300057285,13,2,25,500,4,2,1,1.0,1,97007,G,0.0,0.0,973
201300057286,13,3,25,1900,5,2,1,1.0,6,97007,G,0.0,0.0,973
201300057287,13,4,7,2000,5,2,1,1.0,6,97007,G,0.0,0.0,973
201300057288,13,5,12,815,1,2,1,2.0,1,97007,G,0.0,0.0,973
201300057289,13,5,21,2130,5,2,1,1.0,3,97007,G,0.0,0.0,973
201300057290,13,5,31,1900,5,1,1,1.0,3,97007,G,0.0,0.0,973
201300057291,13,6,25,1930,3,1,1,1.0,6,97007,G,0.0,0.0,973
201300057292,13,6,29,1915,2,1,1,1.0,1,97007,G,0.0,0.0,973
201300057293,13,6,29,2300,5,1,1,1.0,3,97007,G,0.0,0.0,973
201300057294,13,8,2,800,1,2,2,1.0,3,97007,G,0.0,0.0,973