Num_Acc,an,mois,jour,hrmn,lum,agg,int,atm,col,com,gps,lat,long,dep
201300057295,13,8,6,1030,1,1,1,1.0,1,97007,G,0.0,0.0,973
201300057296,13,10,6,130,3,2,1,1.0,6,97007,G,0.0,0.0,973
201300057297,13,10,13,1900,5,1,1,1.0,1,97007,G,0.0,0.0,973
201300057298,13,10,26,45,5,1,1,1.0,2,97007,G,0.0,0.0,973
201300057299,13,11,18,830,2,2,1,1.0,7,97007,G,0.0,0.0,973
201300057300,13,11,21,645,1,1,1,1.0,3,97007,G,0.0,0.0,973
201300057301,13,11,23,1230,1,1,1,1.0,3,97007,G,0.0,0.0,973
201300057302,13,12,16,1145,1,1,1,3.0,1,97007,G,0.0,0.0,973
201300057303,13,12,21,2145,3,2,1,2.0,3,97007,G,0.0,0.0,973
201300057304,13,11,12,900,1,1,1,1.0,3,97022,A,0.0,0.0,972
201300057305,13,2,23,2145,3,1,1,1.0,6,97015,R,0.0,0.0,974
201300057306,13,2,28,745,1,2,1,1.0,1,97036,R,,,974
201300057307,13,3,29,2245,5,2,1,1.0,7,97057,R,,,974
201300057308,13,6,8,1830,5,2,1,1.0,6,97015,R,0.0,0.0,974
201300057309,13,9,20,1630,2,2,1,7.0,6,97056,R,,,974
201300057310,13,1,11,2000,3,2,1,1.0,1,97013,R,,,974
201300057311,13,3,20,1615,1,1,3,1.0,3,97013,R,,,974
201300057312,13,11,11,830,1,2,1,1.0,3,97013,R,0.0,0.0,974
201300057313,13,12,22,800,1,2,1,1.0,2,97013,R,0.0,0.0,974
201300057314,13,1,5,515,5,1,1,8.0,6,97032,A,0.0,0.0,971
201300057315,13,1,25,400,3,1,1,2.0,3,97032,A,0.0,0.0,971
201300057316,13,10,28,1615,1,1,1,1.0,6,97009,A,0.0,0.0,971
201300057317,13,11,27,1545,1,1,1,1.0,3,97009,A,0.0,0.0,971
201300057318,13,1,15,830,1,2,1,1.0,3,97014,R,0.0,0.0,974
201300057319,13,1,17,800,1,2,1,1.0,2,97014,R,0.0,0.0,974
201300057320,13,1,25,1700,1,1,1,1.0,6,97014,R,0.0,0.0,974
201300057321,13,3,9,2130,3,2,1,1.0,3,97014,R,,,974
201300057322,13,3,10,1345,1,2,1,1.0,1,97014,R,,,974
201300057323,13,6,9,915,1,1,1,7.0,2,97014,R,0.0,0.0,974
201300057324,13,12,16,645,1,2,1,1.0,6,97014,R,0.0,0.0,974
201300057325,13,12,20,1130,1,2,2,1.0,1,97014,R,0.0,0.0,974
201300057326,13,2,13,815,1,1,1,3.0,1,97010,R,0.0,0.0,974
201300057327,13,5,2,1630,1,1,1,1.0,1,97010,R,0.0,0.0,974
201300057328,13,5,7,730,1,1,1,8.0,3,97010,R,0.0,0.0,974
201300057329,13,6,4,745,1,1,1,7.0,6,97010,R,0.0,0.0,974
201300057330,13,7,28,615,1,1,1,2.0,7,97010,R,0.0,0.0,974
201300057331,13,1,18,1930,5,2,1,1.0,5,97029,A,0.0,0.0,972
201300057332,13,5,9,1515,1,1,1,1.0,1,97005,A,0.0,0.0,972
201300057333,13,6,15,1700,1,1,1,1.0,1,97034,A,0.0,0.0,972
201300057334,13,2,15,1230,1,1,1,1.0,1,97025,A,0.0,0.0,972
201300057335,13,4,13,2100,3,1,1,1.0,1,97004,A,0.0,0.0,972
201300057336,13,6,16,1045,1,2,1,1.0,3,97018,A,0.0,0.0,972
201300057337,13,11,1,2045,5,1,1,1.0,7,97025,A,0.0,0.0,972
201300057338,13,1,21,345,3,1,1,1.0,6,97017,A,0.0,0.0,972
201300057339,13,2,12,1230,1,2,1,1.0,1,97017,A,0.0,0.0,972
201300057340,13,3,9,1945,3,1,1,1.0,5,97027,A,0.0,0.0,972
201300057341,13,3,13,1800,1,2,1,1.0,1,97020,A,0.0,0.0,972
201300057342,13,4,7,1600,1,1,1,1.0,6,97027,A,0.0,0.0,972
201300057343,13,4,24,1145,1,2,1,1.0,6,97027,A,0.0,0.0,972
201300057344,13,5,6,945,1,1,1,1.0,6,97017,A,0.0,0.0,972
201300057345,13,5,14,1515,1,1,1,1.0,1,97026,A,0.0,0.0,972
201300057346,13,6,2,1615,1,1,1,8.0,1,97017,A,0.0,0.0,972
201300057347,13,7,17,1215,1,1,1,1.0,1,97027,A,0.0,0.0,972
201300057348,13,7,17,1515,1,1,1,1.0,3,97017,A,0.0,0.0,972
201300057349,13,7,28,2130,3,1,1,1.0,4,97027,A,0.0,0.0,972
201300057350,13,9,11,615,1,1,1,1.0,1,97027,A,0.0,0.0,972
201300057351,13,12,17,2315,3,1,1,1.0,6,97020,A,0.0,0.0,972
201300057352,13,12,23,1930,3,2,1,1.0,1,97017,A,0.0,0.0,972
201300057353,13,1,27,945,2,1,1,3.0,5,97010,A,0.0,0.0,972
201300057354,13,9,22,1845,5,2,1,1.0,3,97010,A,0.0,0.0,972
201300057355,13,1,14,1615,1,2,1,1.0,6,97006,A,0.0,0.0,972
201300057356,13,1,20,800,1,2,1,1.0,6,97021,A,0.0,0.0,972
201300057357,13,2,13,2130,5,2,1,1.0,1,97002,A,0.0,0.0,972
201300057358,13,2,26,1500,1,1,1,1.0,3,97097,A,0.0,0.0,972
201300057359,13,3,20,2000,5,2,1,2.0,6,97021,A,0.0,0.0,972
201300057360,13,3,22,1715,1,1,1,1.0,1,97021,A,0.0,0.0,972
201300057361,13,5,26,2050,3,1,1,1.0,1,97031,A,0.0,0.0,972
201300057362,13,6,23,45,3,1,1,1.0,6,97031,A,0.0,0.0,972
201300057363,13,8,17,545,2,1,1,1.0,1,97021,A,0.0,0.0,972
201300057364,13,8,19,115,3,1,1,3.0,2,97021,A,0.0,0.0,972
201300057365,13,10,17,1245,1,1,1,1.0,3,97021,A,0.0,0.0,972
201300057366,13,10,26,500,2,1,1,1.0,6,97021,A,0.0,0.0,972
201300057367,13,10,31,1000,1,2,1,1.0,6,97031,A,0.0,0.0,972
201300057368,13,11,17,1330,1,1,1,1.0,5,97021,A,0.0,0.0,972
201300057369,13,12,29,2215,3,1,1,2.0,6,97021,A,0.0,0.0,972
201300057370,13,1,9,645,1,1,1,1.0,3,97007,A,0.0,0.0,972
201300057371,13,3,9,1845,5,2,1,1.0,1,97023,A,0.0,0.0,972
201300057372,13,3,11,1745,1,1,1,1.0,7,97007,A,0.0,0.0,972
201300057373,13,3,26,1230,1,2,1,1.0,6,97007,A,0.0,0.0,972
201300057374,13,4,12,1515,1,2,1,1.0,6,97007,A,0.0,0.0,972
201300057375,13,5,5,800,1,2,1,1.0,1,97007,A,0.0,0.0,972
201300057376,13,5,11,500,2,2,1,1.0,6,97007,A,0.0,0.0,972
201300057377,13,11,23,2245,3,1,1,1.0,5,97007,A,0.0,0.0,972
201300057378,13,3,15,1900,5,2,1,1.0,3,97014,A,0.0,0.0,972
201300057379,13,3,17,1900,5,2,1,1.0,6,97016,A,0.0,0.0,972
201300057380,13,2,14,1345,1,1,1,1.0,7,97022,A,0.0,0.0,972
201300057381,13,2,21,630,1,1,1,1.0,3,97012,A,0.0,0.0,972
201300057382,13,2,25,630,2,2,1,1.0,6,97012,A,0.0,0.0,972
201300057383,13,2,28,1900,5,2,6,1.0,6,97022,A,0.0,0.0,972
201300057384,13,3,9,1530,1,1,1,1.0,1,97012,A,0.0,0.0,972
201300057385,13,3,17,2145,5,1,1,1.0,3,97022,A,0.0,0.0,972
201300057386,13,5,2,1900,5,1,1,1.0,3,97012,A,0.0,0.0,972
201300057387,13,6,23,330,3,1,1,1.0,7,97022,A,0.0,0.0,972
201300057388,13,9,15,530,2,1,1,2.0,7,97022,A,0.0,0.0,972
201300057389,13,10,18,2015,5,2,1,1.0,3,97022,A,0.0,0.0,972
201300057390,13,11,7,1730,3,2,1,1.0,6,97022,A,0.0,0.0,972
201300057391,13,11,11,2100,5,1,1,1.0,1,97012,A,0.0,0.0,972
201300057392,13,1,1,330,3,2,1,1.0,3,97004,R,0.0,0.0,974
201300057393,13,3,16,1645,1,2,1,1.0,6,97001,R,,,974
201300057394,13,3,19,1045,1,2,1,1.0,3,97004,R,,,974
201300057395,13,5,14,1200,1,1,3,1.0,1,97004,R,0.0,0.0,974
201300057396,13,5,16,1715,1,2,1,1.0,3,97001,R,,,974
201300057397,13,9,29,1600,1,2,1,1.0,6,97004,R,,,974
201300057398,13,10,8,1515,1,1,1,1.0,2,97004,R,,,974
201300057399,13,12,10,1430,1,1,1,1.0,2,97001,R,0.0,0.0,974
201300057400,13,5,3,1645,1,1,1,3.0,7,97005,R,0.0,0.0,974
201300057401,13,2,10,330,3,1,1,2.0,1,97022,R,0.0,0.0,974
201300057402,13,2,17,115,3,1,1,1.0,6,97022,R,,,974
201300057403,13,5,17,900,1,2,1,1.0,3,97022,R,,,974
201300057404,13,2,5,945,1,2,1,1.0,6,97005,A,0.0,0.0,971
201300057405,13,2,7,1540,1,2,2,1.0,3,97005,A,0.0,0.0,971
201300057406,13,3,1,1745,1,2,6,1.0,1,97005,A,0.0,0.0,971
201300057407,13,3,5,1235,1,2,1,1.0,3,97005,A,0.0,0.0,971
201300057408,13,3,9,2200,5,2,1,1.0,3,97005,A,0.0,0.0,971
201300057409,13,3,23,2345,5,2,1,1.0,1,97005,A,0.0,0.0,971
201300057410,13,4,3,2015,5,2,1,1.0,7,97005,A,0.0,0.0,971
201300057411,13,4,10,1010,1,1,1,1.0,3,97005,A,0.0,0.0,971
201300057412,13,4,17,1731,1,2,1,1.0,1,97005,A,0.0,0.0,971
201300057413,13,4,28,735,1,2,1,1.0,6,97005,A,0.0,0.0,971
201300057414,13,5,17,1455,1,2,1,1.0,1,97005,A,0.0,0.0,971
201300057415,13,6,1,800,1,2,6,1.0,3,97005,A,0.0,0.0,971
201300057416,13,7,26,1315,1,2,1,,3,97021,A,,,971
201300057417,13,8,13,1355,1,1,1,,3,97021,A,,,971
201300057418,13,9,6,1355,1,2,1,,3,97020,A,,,971
201300057419,13,9,27,1830,5,1,3,1.0,3,97022,A,,,971
201300057420,13,9,29,900,1,2,1,1.0,6,97005,A,,,971
201300057421,13,10,29,1200,1,2,1,1.0,6,97005,A,,,971
201300057422,13,11,8,1550,1,2,1,1.0,2,97005,A,,,971
201300057423,13,11,12,1700,1,2,1,1.0,6,97005,A,,,971
201300057424,13,11,17,1000,1,2,2,1.0,3,97005,A,,,971
201300057425,13,11,22,1915,5,1,1,,3,97029,A,,,971
201300057426,13,12,7,2220,5,1,1,3.0,6,97005,A,,,971
201300057427,13,12,10,1615,1,2,1,1.0,6,97005,A,,,971
201300057428,13,1,14,1100,1,2,1,1.0,3,97007,A,0.0,0.0,971
201300057429,13,12,22,2340,5,2,1,1.0,6,97007,A,,,971
201300057430,13,1,13,1120,1,2,1,3.0,3,97007,A,0.0,0.0,971
201300057431,13,1,17,1830,5,2,3,1.0,6,97007,A,0.0,0.0,971
201300057432,13,3,15,2030,5,2,1,1.0,3,97007,A,0.0,0.0,971
201300057433,13,5,3,1900,5,2,9,1.0,3,97007,A,0.0,0.0,971
201300057434,13,5,16,1900,5,2,3,1.0,6,97007,A,0.0,0.0,971
201300057435,13,5,17,1510,1,2,2,1.0,1,97007,A,0.0,0.0,971
201300057436,13,5,17,1855,4,2,1,1.0,3,97007,A,0.0,0.0,971
201300057437,13,5,21,1940,5,2,1,1.0,1,97007,A,0.0,0.0,971
201300057438,13,7,6,1500,1,1,1,1.0,2,97007,A,0.0,0.0,971
201300057439,13,8,8,1555,1,2,1,1.0,3,97007,A,0.0,0.0,971
201300057440,13,8,17,2350,5,2,1,1.0,6,97007,A,,,971
201300057441,13,8,18,2350,5,2,1,1.0,6,97007,A,0.0,0.0,971
201300057442,13,8,17,1700,2,2,1,1.0,6,97007,A,0.0,0.0,971
201300057443,13,8,8,1115,1,2,1,1.0,3,97007,A,0.0,0.0,971
201300057444,13,11,17,1300,1,2,2,1.0,1,97007,A,,,971
201300057445,13,7,25,2125,5,2,1,1.0,6,97007,A,,,971
201300057446,13,12,10,1605,1,2,2,3.0,5,97007,A,,,971
201300057447,13,1,2,1605,1,1,3,1.0,3,97013,A,0.0,0.0,971
201300057448,13,1,3,1330,1,2,2,1.0,3,97013,A,0.0,0.0,971
201300057449,13,2,21,800,1,2,1,1.0,1,97007,A,0.0,0.0,971
201300057450,13,1,6,348,5,1,1,1.0,6,97013,A,0.0,0.0,971
201300057451,13,1,6,1920,5,2,1,8.0,3,97020,A,0.0,0.0,971
201300057452,13,1,9,1010,1,1,1,1.0,2,97001,A,0.0,0.0,971
201300057453,13,3,25,1800,1,2,1,,1,97007,A,0.0,0.0,971
201300057454,13,1,13,1800,2,2,6,1.0,6,97001,A,0.0,0.0,971
201300057455,13,1,13,2120,5,2,2,1.0,3,97001,A,0.0,0.0,971
201300057456,13,1,20,530,2,1,1,1.0,1,97001,A,0.0,0.0,971
201300057457,13,1,20,1620,1,2,1,1.0,3,97013,A,0.0,0.0,971
201300057458,13,1,20,2221,5,2,8,1.0,6,97020,A,0.0,0.0,971
201300057459,13,1,27,1600,1,2,2,2.0,6,97001,A,0.0,0.0,971
201300057460,13,2,1,1750,1,1,3,1.0,3,97001,A,0.0,0.0,971
201300057461,13,2,6,1845,2,1,1,1.0,4,97013,A,0.0,0.0,971
201300057462,13,2,4,835,1,2,1,1.0,5,97013,A,0.0,0.0,971
201300057463,13,2,8,1205,1,2,1,1.0,6,97001,A,0.0,0.0,971
201300057464,13,2,10,225,5,1,1,1.0,7,97013,A,0.0,0.0,971
201300057465,13,2,13,520,5,2,1,1.0,6,97013,A,0.0,0.0,971
201300057466,13,2,14,2050,3,1,1,1.0,6,97001,A,0.0,0.0,971
201300057467,13,2,23,945,1,2,1,1.0,6,97013,A,0.0,0.0,971
201300057468,13,2,28,1305,1,2,1,1.0,2,97001,A,0.0,0.0,971
201300057469,13,10,29,1200,1,1,6,1.0,6,97020,A,,,971
201300057470,13,2,16,1930,3,2,1,1.0,6,97001,A,0.0,0.0,971
201300057471,13,11,8,1550,1,1,1,5.0,6,97005,A,,,971
201300057472,13,11,12,1700,1,1,6,,6,97005,A,,,971
201300057473,13,3,7,55,3,1,1,1.0,2,97001,A,0.0,0.0,971
201300057474,13,3,5,1655,1,2,1,1.0,3,97013,A,0.0,0.0,971
201300057475,13,11,17,1000,1,1,3,,3,97005,A,,,971
201300057476,13,3,10,1950,5,1,1,1.0,3,97001,A,0.0,0.0,971
201300057477,13,3,15,1355,1,1,3,1.0,6,97001,A,0.0,0.0,971
201300057478,13,3,15,1722,5,2,1,1.0,6,97001,A,0.0,0.0,971
201300057479,13,3,15,2005,5,2,3,1.0,3,97020,A,0.0,0.0,971
201300057480,13,3,21,630,1,2,1,1.0,2,97013,A,0.0,0.0,971
201300057481,13,3,23,2254,5,2,1,1.0,6,97020,A,0.0,0.0,971
201300057482,13,4,1,1802,1,2,1,1.0,6,97001,A,0.0,0.0,971
201300057483,13,4,6,1210,1,1,1,1.0,6,97001,A,0.0,0.0,971
201300057484,13,4,7,1800,1,2,1,1.0,6,97001,A,0.0,0.0,971
201300057485,13,4,8,820,1,1,1,1.0,1,97013,A,0.0,0.0,971
201300057486,13,4,8,2000,4,1,1,1.0,6,97001,A,0.0,0.0,971
201300057487,13,4,9,1300,1,2,1,1.0,2,97013,A,0.0,0.0,971
201300057488,13,4,10,1845,5,2,1,1.0,6,97013,A,0.0,0.0,971
201300057489,13,4,12,805,1,1,3,1.0,3,97001,A,0.0,0.0,971
201300057490,13,4,14,1245,1,2,2,1.0,3,97001,A,0.0,0.0,971
201300057491,13,4,13,2045,3,2,1,1.0,1,97020,A,0.0,0.0,971
201300057492,13,4,14,1800,2,2,3,1.0,3,97001,A,0.0,0.0,971
201300057493,13,3,28,1930,4,1,1,1.0,1,97001,A,0.0,0.0,971
201300057494,13,4,17,1603,1,2,3,1.0,3,97001,A,0.0,0.0,971
201300057495,13,4,20,128,5,1,1,3.0,2,97001,A,0.0,0.0,971
201300057496,13,4,21,2100,5,1,1,1.0,1,97001,A,0.0,0.0,971
201300057497,13,4,26,2225,4,1,1,8.0,2,97013,A,0.0,0.0,971
201300057498,13,4,27,1625,1,1,1,1.0,1,97013,A,0.0,0.0,971
201300057499,13,5,3,1700,1,2,1,1.0,3,97013,A,0.0,0.0,971
201300057500,13,5,4,2115,5,2,2,1.0,3,97020,A,0.0,0.0,971
201300057501,13,5,6,1545,1,2,1,1.0,1,97013,A,0.0,0.0,971
201300057502,13,5,7,1030,1,2,1,1.0,3,97020,A,0.0,0.0,971
201300057503,13,5,7,2245,5,2,1,1.0,3,97001,A,0.0,0.0,971
201300057504,13,5,8,445,2,1,1,1.0,7,97001,A,0.0,0.0,971
201300057505,13,5,18,610,2,2,1,1.0,6,97013,A,0.0,0.0,971
201300057506,13,5,18,1615,1,2,2,1.0,3,97001,A,0.0,0.0,971
201300057507,13,5,25,805,1,1,1,1.0,3,97013,A,0.0,0.0,971
201300057508,13,5,25,2119,5,1,1,1.0,6,97001,A,0.0,0.0,971
201300057509,13,5,30,820,1,1,1,1.0,6,97001,A,0.0,0.0,971
201300057510,13,6,8,650,1,1,1,1.0,1,97001,A,0.0,0.0,971
201300057511,13,6,9,206,5,1,1,1.0,6,97020,A,0.0,0.0,971
201300057512,13,6,14,1030,1,2,1,1.0,6,97020,A,0.0,0.0,971
201300057513,13,6,15,1700,1,2,1,1.0,2,97001,A,0.0,0.0,971
201300057514,13,6,18,1720,1,2,1,1.0,4,97001,A,0.0,0.0,971
201300057515,13,6,22,1650,1,2,6,1.0,3,97001,A,0.0,0.0,971
201300057516,13,7,1,1915,3,1,3,1.0,6,97001,A,0.0,0.0,971
201300057517,13,7,7,29,5,1,1,1.0,6,97013,A,0.0,0.0,971
201300057518,13,7,13,505,1,1,1,1.0,6,97013,A,0.0,0.0,971
201300057519,13,7,16,735,1,1,1,2.0,5,97013,A,0.0,0.0,971
201300057520,13,7,17,1300,1,1,1,2.0,2,97001,A,0.0,0.0,971
201300057521,13,7,20,151,4,1,1,1.0,5,97001,A,0.0,0.0,971
201300057522,13,7,24,139,5,1,1,1.0,6,97013,A,0.0,0.0,971
201300057523,13,7,24,1305,1,1,1,1.0,6,97013,A,0.0,0.0,971
201300057524,13,7,24,1724,1,2,1,1.0,3,97020,A,0.0,0.0,971
201300057525,13,7,31,1255,1,2,1,1.0,5,97020,A,0.0,0.0,971
201300057526,13,8,5,1530,1,1,4,1.0,5,97001,A,0.0,0.0,971
201300057527,13,8,6,1240,1,2,1,1.0,5,97001,A,0.0,0.0,971
201300057528,13,8,11,330,4,2,1,1.0,6,97001,A,0.0,0.0,971
201300057529,13,8,24,650,1,1,1,1.0,6,97001,A,0.0,0.0,971
201300057530,13,8,31,515,2,1,4,1.0,6,97013,A,0.0,0.0,971
201300057531,13,8,31,805,1,1,1,2.0,5,97013,A,0.0,0.0,971
201300057532,13,9,8,2110,5,1,1,1.0,1,97013,A,0.0,0.0,971
201300057533,13,9,16,815,1,2,8,1.0,6,97001,A,0.0,0.0,971
201300057534,13,9,16,1053,1,1,1,1.0,5,97001,A,0.0,0.0,971
201300057535,13,9,20,1700,1,2,2,1.0,5,97001,A,0.0,0.0,971
201300057536,13,9,21,455,5,1,1,1.0,2,97001,A,0.0,0.0,971
201300057537,13,9,24,1450,1,2,3,1.0,3,97001,A,0.0,0.0,971
201300057538,13,10,7,2315,5,1,1,2.0,1,97013,A,0.0,0.0,971
201300057539,13,10,7,715,1,1,1,2.0,3,97001,A,0.0,0.0,971
201300057540,13,10,10,1435,1,1,3,1.0,3,97013,A,0.0,0.0,971
201300057541,13,10,10,1030,1,2,1,1.0,3,97001,A,0.0,0.0,971
201300057542,13,10,20,1630,1,1,1,8.0,6,97013,A,0.0,0.0,971
201300057543,13,10,20,955,1,2,2,2.0,3,97001,A,0.0,0.0,971
201300057544,13,10,19,600,1,2,1,1.0,6,97001,A,0.0,0.0,971
201300057545,13,10,24,925,1,1,1,2.0,1,97013,A,0.0,0.0,971
201300057546,13,10,26,1840,4,2,1,1.0,6,97020,A,0.0,0.0,971
201300057547,13,10,30,655,1,1,3,1.0,2,97001,A,0.0,0.0,971
201300057548,13,11,4,825,1,1,2,1.0,3,97001,A,0.0,0.0,971
201300057549,13,10,18,1955,5,2,3,1.0,3,97001,A,0.0,0.0,971
201300057550,13,11,6,1350,1,1,1,1.0,3,97013,A,0.0,0.0,971
201300057551,13,11,10,2245,3,1,1,1.0,3,97013,A,0.0,0.0,971
201300057552,13,11,11,1020,1,1,6,1.0,3,97001,A,0.0,0.0,971
201300057553,13,10,25,2145,3,1,1,2.0,6,97001,A,0.0,0.0,971
201300057554,13,11,13,835,1,1,1,1.0,1,97013,A,0.0,0.0,971
201300057555,13,11,14,715,1,2,1,1.0,6,97001,A,0.0,0.0,971
201300057556,13,11,14,1056,1,2,1,1.0,3,97001,A,,,971
201300057557,13,11,25,625,1,2,3,3.0,3,97032,A,,,971
201300057558,13,11,25,2319,3,2,3,1.0,3,97001,A,,,971
201300057559,13,11,26,750,1,2,3,3.0,3,97031,A,,,971
201300057560,13,11,26,1933,3,1,1,1.0,3,97001,A,,,971
201300057561,13,11,28,1230,1,1,1,1.0,3,97001,A,,,971
201300057562,13,12,2,725,1,1,1,1.0,1,97013,A,,,971
201300057563,13,10,11,2130,3,1,1,1.0,6,97001,A,0.0,0.0,971
201300057564,13,12,3,825,1,1,1,2.0,3,97013,A,,,971
201300057565,13,12,8,618,2,1,1,9.0,7,97001,A,,,971
201300057566,13,12,7,850,1,2,1,2.0,1,97013,A,,,971
201300057567,13,12,9,2000,5,2,1,1.0,1,97001,A,,,971
201300057568,13,1,5,1305,1,2,1,1.0,7,97009,A,0.0,0.0,972
201300057569,13,1,6,1447,1,1,1,1.0,3,97009,A,0.0,0.0,972
201300057570,13,1,7,123,5,2,1,1.0,6,97009,A,0.0,0.0,972
201300057571,13,1,7,340,5,2,1,8.0,7,97009,A,0.0,0.0,972
201300057572,13,1,7,1315,1,2,1,1.0,6,97009,A,0.0,0.0,972
201300057573,13,1,11,1840,2,2,2,1.0,6,97009,A,0.0,0.0,972
201300057574,13,1,12,1158,1,1,1,1.0,6,97009,A,0.0,0.0,972
201300057575,13,1,18,2055,5,1,3,1.0,3,97009,A,0.0,0.0,972
201300057576,13,1,20,1925,5,2,1,1.0,6,97009,A,0.0,0.0,972
201300057577,13,1,20,2145,5,2,1,1.0,6,97009,A,0.0,0.0,972
201300057578,13,1,20,2345,5,2,1,1.0,6,97009,A,0.0,0.0,972
201300057579,13,1,24,1511,1,2,3,1.0,3,97009,A,0.0,0.0,972
201300057580,13,1,25,1305,1,2,1,1.0,6,97009,A,0.0,0.0,972
201300057581,13,1,26,655,5,2,1,8.0,7,97009,A,0.0,0.0,972
201300057582,13,1,26,2230,5,2,1,1.0,7,97009,A,0.0,0.0,972
201300057583,13,2,2,2000,5,2,1,1.0,1,97009,A,0.0,0.0,972
201300057584,13,2,4,1835,5,2,1,1.0,6,97009,A,0.0,0.0,972
201300057585,13,2,6,605,2,1,2,1.0,3,97009,A,0.0,0.0,972
201300057586,13,2,8,320,5,1,1,1.0,7,97009,A,0.0,0.0,972
201300057587,13,2,9,930,1,2,1,1.0,2,97009,A,0.0,0.0,972
201300057588,13,2,11,430,5,2,1,3.0,6,97009,A,0.0,0.0,972
201300057589,13,2,11,2044,5,1,1,1.0,6,97009,A,0.0,0.0,972
201300057590,13,2,12,2235,5,2,1,1.0,6,97009,A,0.0,0.0,972
201300057591,13,2,16,2109,5,2,2,1.0,6,97009,A,0.0,0.0,972
201300057592,13,2,18,1910,5,2,1,1.0,6,97009,A,0.0,0.0,972
201300057593,13,2,19,812,1,2,2,1.0,6,97009,A,0.0,0.0,972
201300057594,13,2,22,700,1,2,2,1.0,6,97009,A,0.0,0.0,972
201300057595,13,2,24,504,2,2,1,1.0,6,97009,A,0.0,0.0,972
201300057596,13,2,24,2105,3,2,1,1.0,6,97009,A,0.0,0.0,972
201300057597,13,3,1,1800,1,2,1,1.0,5,97009,A,0.0,0.0,972
201300057598,13,3,1,2335,5,2,2,1.0,6,97009,A,0.0,0.0,972
201300057599,13,3,2,1804,1,2,1,1.0,6,97009,A,0.0,0.0,972
201300057600,13,3,4,1620,1,2,1,1.0,1,97009,A,0.0,0.0,972
201300057601,13,3,8,2230,5,2,2,4.0,5,97009,A,0.0,0.0,972
201300057602,13,3,9,250,5,2,1,1.0,6,97009,A,0.0,0.0,972
201300057603,13,3,13,1944,5,2,2,2.0,6,97009,A,0.0,0.0,972
201300057604,13,3,14,2208,5,2,1,1.0,6,97009,A,0.0,0.0,972
201300057605,13,3,14,2250,3,2,1,1.0,6,97009,A,0.0,0.0,972
201300057606,13,3,16,1745,1,2,1,1.0,1,97009,A,0.0,0.0,972
201300057607,13,3,16,1820,2,2,1,1.0,6,97009,A,0.0,0.0,972
201300057608,13,3,22,1305,1,2,1,1.0,1,97009,A,0.0,0.0,972
201300057609,13,3,29,1159,1,2,1,1.0,1,97009,A,0.0,0.0,972
201300057610,13,3,30,2045,5,2,1,1.0,6,97009,A,0.0,0.0,972
201300057611,13,3,30,2104,5,2,1,1.0,1,97009,A,0.0,0.0,972
201300057612,13,3,31,505,3,2,1,1.0,1,97009,A,0.0,0.0,972
201300057613,13,4,1,115,3,2,1,1.0,6,97009,A,0.0,0.0,972
201300057614,13,4,5,940,1,1,6,1.0,3,97009,A,0.0,0.0,972
201300057615,13,4,6,40,5,2,1,1.0,3,97009,A,0.0,0.0,972
201300057616,13,4,9,908,5,2,1,1.0,6,97009,A,0.0,0.0,972
201300057617,13,4,10,1820,5,2,1,1.0,6,97009,A,0.0,0.0,972
201300057618,13,4,14,1100,1,2,1,1.0,6,97009,A,0.0,0.0,972
201300057619,13,4,15,1700,1,1,1,1.0,6,97009,A,0.0,0.0,972
201300057620,13,4,18,1845,5,2,1,1.0,3,97009,A,0.0,0.0,972
201300057621,13,4,24,1405,1,1,1,8.0,7,97009,A,0.0,0.0,972
201300057622,13,4,27,1730,1,1,1,1.0,7,97009,A,0.0,0.0,972
201300057623,13,4,28,2040,3,2,1,1.0,6,97009,A,0.0,0.0,972
201300057624,13,5,5,250,5,2,1,1.0,6,97009,A,0.0,0.0,972
201300057625,13,5,6,1420,1,2,1,1.0,6,97009,A,0.0,0.0,972
201300057626,13,5,7,1620,1,2,1,1.0,6,97009,A,0.0,0.0,972
201300057627,13,5,9,1045,1,1,3,1.0,3,97009,A,0.0,0.0,972
201300057628,13,5,10,1255,1,2,1,1.0,6,97009,A,0.0,0.0,972
201300057629,13,5,10,1305,1,2,1,1.0,3,97009,A,0.0,0.0,972
201300057630,13,5,11,345,3,1,1,1.0,1,97009,A,0.0,0.0,972
201300057631,13,5,16,1654,1,2,1,1.0,7,97009,A,0.0,0.0,972
201300057632,13,5,18,400,5,2,1,8.0,7,97009,A,0.0,0.0,972
201300057633,13,5,19,2115,5,1,3,1.0,3,97009,A,0.0,0.0,972
201300057634,13,5,21,755,1,2,1,2.0,6,97009,A,0.0,0.0,972
201300057635,13,5,24,920,1,2,1,1.0,6,97009,A,0.0,0.0,972
201300057636,13,5,30,1005,1,2,1,1.0,6,97009,A,0.0,0.0,972
201300057637,13,5,31,1945,5,2,1,1.0,6,97009,A,0.0,0.0,972
201300057638,13,6,4,1320,1,2,1,1.0,2,97009,A,0.0,0.0,972
201300057639,13,6,6,1205,1,2,1,1.0,1,97009,A,0.0,0.0,972
201300057640,13,6,7,1140,1,1,1,1.0,3,97009,A,0.0,0.0,972
201300057641,13,6,14,2155,5,1,1,1.0,1,97009,A,0.0,0.0,972
201300057642,13,6,15,1700,1,2,1,1.0,6,97009,A,0.0,0.0,972
201300057643,13,6,16,1135,1,1,1,1.0,7,97009,A,0.0,0.0,972
201300057644,13,6,19,2150,5,2,2,1.0,3,97009,A,0.0,0.0,972
201300057645,13,6,21,215,3,1,1,1.0,1,97009,A,0.0,0.0,972
201300057646,13,6,22,1100,1,2,1,1.0,6,97009,A,0.0,0.0,972
201300057647,13,6,24,1125,1,2,1,1.0,6,97009,A,0.0,0.0,972
201300057648,13,6,24,1700,1,2,1,1.0,6,97009,A,0.0,0.0,972
201300057649,13,6,25,910,1,1,1,1.0,1,97009,A,0.0,0.0,972
201300057650,13,7,2,1025,1,2,1,1.0,6,97009,A,0.0,0.0,972
201300057651,13,7,4,2330,5,2,2,1.0,3,97009,A,0.0,0.0,972
201300057652,13,7,5,2015,5,2,1,1.0,6,97009,A,0.0,0.0,972
201300057653,13,7,7,30,5,2,3,1.0,3,97009,A,0.0,0.0,972
201300057654,13,7,12,110,3,1,1,1.0,1,97009,A,0.0,0.0,972
201300057655,13,7,12,1815,2,2,1,1.0,3,97009,A,0.0,0.0,972
201300057656,13,7,14,1000,1,1,1,1.0,6,97009,A,0.0,0.0,972
201300057657,13,7,14,1800,1,2,1,1.0,6,97009,A,0.0,0.0,972