Num_Acc,an,mois,jour,hrmn,lum,agg,int,atm,col,com,gps,lat,long,dep
201300057658,13,7,15,1650,1,1,1,1.0,1,97009,A,0.0,0.0,972
201300057659,13,7,26,1715,1,1,1,1.0,6,97009,A,0.0,0.0,972
201300057660,13,7,27,550,1,1,1,1.0,6,97009,A,0.0,0.0,972
201300057661,13,7,27,1510,1,1,1,1.0,7,97009,A,0.0,0.0,972
201300057662,13,7,28,1,5,2,2,1.0,2,97009,A,0.0,0.0,972
201300057663,13,8,6,1235,1,2,1,1.0,3,97009,A,0.0,0.0,972
201300057664,13,8,7,1630,1,2,1,1.0,2,97009,A,0.0,0.0,972
201300057665,13,8,10,2345,5,1,1,1.0,1,97009,A,0.0,0.0,972
201300057666,13,8,11,210,5,2,1,1.0,6,97009,A,0.0,0.0,972
201300057667,13,8,23,1945,5,2,1,1.0,2,97009,A,0.0,0.0,972
201300057668,13,8,24,1650,1,1,1,1.0,4,97009,A,0.0,0.0,972
201300057669,13,8,25,1520,1,2,1,1.0,1,97009,A,0.0,0.0,972
201300057670,13,8,26,55,5,2,1,1.0,2,97009,A,0.0,0.0,972
201300057671,13,8,26,1840,5,2,1,1.0,6,97009,A,0.0,0.0,972
201300057672,13,9,2,705,1,2,3,1.0,3,97009,A,0.0,0.0,972
201300057673,13,9,2,1610,1,2,1,1.0,1,97009,A,0.0,0.0,972
201300057674,13,9,4,815,1,2,1,1.0,6,97009,A,0.0,0.0,972
201300057675,13,9,4,1205,1,2,1,1.0,6,97009,A,0.0,0.0,972
201300057676,13,9,6,750,1,2,1,1.0,2,97009,A,0.0,0.0,972
201300057677,13,9,10,710,1,1,1,1.0,3,97009,A,0.0,0.0,972
201300057678,13,9,10,1230,1,2,1,1.0,1,97009,A,0.0,0.0,972
201300057679,13,9,14,1225,1,2,1,1.0,6,97009,A,0.0,0.0,972
201300057680,13,9,15,1245,1,2,1,1.0,6,97009,A,0.0,0.0,972
201300057681,13,9,15,1745,1,2,1,1.0,3,97009,A,0.0,0.0,972
201300057682,13,9,17,1120,1,2,1,1.0,6,97009,A,0.0,0.0,972
201300057683,13,9,26,1255,1,2,1,1.0,6,97009,A,0.0,0.0,972
201300057684,13,9,28,945,1,2,1,1.0,6,97009,A,0.0,0.0,972
201300057685,13,10,1,1630,1,2,1,1.0,6,97009,A,0.0,0.0,972
201300057686,13,10,9,1920,1,2,1,1.0,1,97009,A,0.0,0.0,972
201300057687,13,10,11,1340,1,2,2,8.0,3,97009,A,0.0,0.0,972
201300057688,13,10,15,2050,5,2,1,1.0,6,97009,A,0.0,0.0,972
201300057689,13,10,20,730,1,2,1,1.0,6,97009,A,0.0,0.0,972
201300057690,13,10,27,320,5,2,1,1.0,6,97009,A,0.0,0.0,972
201300057691,13,10,30,1215,1,2,1,1.0,7,97009,A,0.0,0.0,972
201300057692,13,10,31,1650,1,2,1,1.0,7,97009,A,0.0,0.0,972
201300057693,13,11,2,1015,1,2,1,1.0,2,97009,A,0.0,0.0,972
201300057694,13,11,6,2028,5,2,1,1.0,6,97009,A,0.0,0.0,972
201300057695,13,11,7,2205,3,2,1,1.0,6,97009,A,0.0,0.0,972
201300057696,13,11,7,1,5,1,1,1.0,1,97009,A,0.0,0.0,972
201300057697,13,11,9,1245,1,2,1,1.0,6,97009,A,0.0,0.0,972
201300057698,13,11,14,525,2,1,1,1.0,6,97009,A,0.0,0.0,972
201300057699,13,11,15,940,1,1,1,8.0,6,97009,A,0.0,0.0,972
201300057700,13,11,15,1340,1,2,1,1.0,6,97009,A,0.0,0.0,972
201300057701,13,11,16,1145,1,2,1,1.0,2,97009,A,0.0,0.0,972
201300057702,13,11,17,2100,3,2,3,1.0,3,97009,A,0.0,0.0,972
201300057703,13,11,19,1300,1,2,1,8.0,6,97009,A,0.0,0.0,972
201300057704,13,11,21,1310,1,1,1,1.0,6,97009,A,0.0,0.0,972
201300057705,13,11,30,1230,1,2,1,1.0,7,97009,A,0.0,0.0,972
201300057706,13,12,2,2235,5,2,1,1.0,1,97009,A,0.0,0.0,972
201300057707,13,12,9,1338,1,2,1,1.0,6,97009,A,0.0,0.0,972
201300057708,13,12,18,1130,1,2,1,1.0,6,97009,A,,,972
201300057709,13,12,21,1648,1,2,1,1.0,6,97009,A,,,972
201300057710,13,12,22,1730,1,1,1,8.0,7,97009,A,,,972
201300057711,13,12,23,804,1,2,1,1.0,6,97009,A,,,972
201300057712,13,12,28,2150,5,1,1,1.0,7,97009,A,,,972
201300057713,13,12,31,955,1,2,1,1.0,6,97009,A,,,972
201300057714,13,1,7,2258,3,2,1,1.0,1,97013,A,0.0,0.0,972
201300057715,13,1,8,725,1,2,2,3.0,6,97013,A,0.0,0.0,972
201300057716,13,1,8,1725,1,2,1,1.0,1,97013,A,0.0,0.0,972
201300057717,13,1,9,750,1,2,1,1.0,1,97013,A,0.0,0.0,972
201300057718,13,1,9,1750,1,2,9,2.0,1,97013,A,0.0,0.0,972
201300057719,13,1,14,10,5,2,1,1.0,1,97013,A,0.0,0.0,972
201300057720,13,1,14,130,5,1,1,1.0,1,97013,A,0.0,0.0,972
201300057721,13,1,19,1502,1,2,1,1.0,1,97013,A,0.0,0.0,972
201300057722,13,1,19,2250,3,2,1,1.0,6,97013,A,0.0,0.0,972
201300057723,13,1,20,115,3,1,1,1.0,1,97013,A,0.0,0.0,972
201300057724,13,1,21,1,3,2,1,1.0,1,97013,A,0.0,0.0,972
201300057725,13,1,26,1830,2,1,1,1.0,1,97013,A,0.0,0.0,972
201300057726,13,1,28,2020,3,2,1,1.0,1,97013,A,0.0,0.0,972
201300057727,13,2,1,654,1,1,1,1.0,1,97013,A,0.0,0.0,972
201300057728,13,2,5,755,1,1,1,1.0,2,97013,A,0.0,0.0,972
201300057729,13,2,6,159,5,2,1,1.0,6,97013,A,0.0,0.0,972
201300057730,13,2,7,729,1,1,1,1.0,3,97013,A,0.0,0.0,972
201300057731,13,2,8,1900,3,1,1,1.0,1,97013,A,0.0,0.0,972
201300057732,13,2,8,2305,3,2,1,1.0,1,97013,A,0.0,0.0,972
201300057733,13,2,11,610,2,1,1,1.0,1,97013,A,0.0,0.0,972
201300057734,13,2,11,915,1,1,1,1.0,6,97013,A,0.0,0.0,972
201300057735,13,2,16,1145,1,1,1,1.0,1,97013,A,0.0,0.0,972
201300057736,13,2,18,643,1,1,1,1.0,2,97013,A,0.0,0.0,972
201300057737,13,2,24,1835,1,1,1,1.0,4,97013,A,0.0,0.0,972
201300057738,13,2,28,736,1,1,1,1.0,2,97013,A,0.0,0.0,972
201300057739,13,3,2,1935,4,1,1,1.0,2,97013,A,0.0,0.0,972
201300057740,13,3,2,2030,5,1,1,1.0,2,97013,A,0.0,0.0,972
201300057741,13,3,2,2128,4,1,1,1.0,1,97013,A,0.0,0.0,972
201300057742,13,3,2,2223,3,1,1,1.0,6,97013,A,0.0,0.0,972
201300057743,13,3,4,1340,1,1,1,1.0,2,97013,A,0.0,0.0,972
201300057744,13,3,5,700,1,1,1,1.0,4,97013,A,0.0,0.0,972
201300057745,13,3,6,1525,1,1,1,1.0,2,97013,A,0.0,0.0,972
201300057746,13,3,9,2237,1,1,1,1.0,6,97013,A,0.0,0.0,972
201300057747,13,3,16,1240,1,1,1,1.0,6,97013,A,0.0,0.0,972
201300057748,13,3,17,1845,5,1,1,1.0,3,97013,A,0.0,0.0,972
201300057749,13,3,19,1130,1,2,1,1.0,6,97013,A,0.0,0.0,972
201300057750,13,3,21,936,1,1,1,1.0,4,97013,A,0.0,0.0,972
201300057751,13,3,22,917,1,1,1,1.0,6,97013,A,0.0,0.0,972
201300057752,13,3,22,1520,1,1,1,1.0,3,97013,A,0.0,0.0,972
201300057753,13,3,24,153,5,1,1,1.0,3,97013,A,0.0,0.0,972
201300057754,13,4,2,1950,5,1,3,1.0,6,97013,A,0.0,0.0,972
201300057755,13,4,10,710,1,1,1,1.0,4,97013,A,0.0,0.0,972
201300057756,13,4,24,1310,1,1,3,1.0,3,97013,A,0.0,0.0,972
201300057757,13,5,5,2138,3,1,1,1.0,6,97013,A,0.0,0.0,972
201300057758,13,5,6,1038,1,1,1,1.0,6,97013,A,0.0,0.0,972
201300057759,13,5,7,542,2,1,1,1.0,1,97013,A,0.0,0.0,972
201300057760,13,5,7,900,1,1,1,1.0,6,97013,A,0.0,0.0,972
201300057761,13,5,25,1125,1,1,1,1.0,6,97013,A,0.0,0.0,972
201300057762,13,6,2,1012,1,1,1,1.0,2,97013,A,0.0,0.0,972
201300057763,13,6,7,1300,1,1,1,1.0,6,97013,A,0.0,0.0,972
201300057764,13,6,15,1100,1,1,1,1.0,2,97013,A,0.0,0.0,972
201300057765,13,6,15,1335,1,1,1,1.0,2,97013,A,0.0,0.0,972
201300057766,13,6,19,1700,1,1,1,1.0,6,97013,A,0.0,0.0,972
201300057767,13,6,25,315,3,1,1,1.0,6,97013,A,0.0,0.0,972
201300057768,13,7,7,620,2,2,2,1.0,3,97013,A,0.0,0.0,972
201300057769,13,7,19,50,3,1,1,1.0,6,97013,A,0.0,0.0,972
201300057770,13,7,27,1145,1,1,1,1.0,6,97013,A,0.0,0.0,972
201300057771,13,7,29,850,1,2,1,2.0,6,97013,A,0.0,0.0,972
201300057772,13,8,4,2045,3,1,1,1.0,3,97013,A,0.0,0.0,972
201300057773,13,8,10,2300,3,1,1,1.0,6,97013,A,0.0,0.0,972
201300057774,13,8,11,1900,3,1,1,1.0,2,97013,A,0.0,0.0,972
201300057775,13,8,16,1630,1,1,1,2.0,4,97013,A,0.0,0.0,972
201300057776,13,8,22,950,1,1,1,1.0,1,97013,A,0.0,0.0,972
201300057777,13,9,4,1820,3,1,1,1.0,3,97013,A,0.0,0.0,972
201300057778,13,9,9,1735,2,1,1,1.0,6,97013,A,0.0,0.0,972
201300057779,13,10,4,1650,1,2,1,1.0,3,97013,A,0.0,0.0,972
201300057780,13,10,8,600,2,1,1,1.0,6,97013,A,0.0,0.0,972
201300057781,13,10,8,1842,5,1,1,1.0,6,97013,A,0.0,0.0,972
201300057782,13,10,20,2203,3,1,1,1.0,5,97013,A,0.0,0.0,972
201300057783,13,10,24,620,1,1,1,1.0,3,97013,A,0.0,0.0,972
201300057784,13,11,11,400,3,1,1,1.0,2,97013,A,,,972
201300057785,13,11,24,1610,1,1,1,1.0,2,97013,A,,,972
201300057786,13,12,5,638,1,1,1,1.0,3,97013,A,,,972
201300057787,13,12,12,1524,1,2,1,1.0,6,97013,A,,,972
201300057788,13,12,13,645,1,1,3,1.0,1,97013,A,,,972
201300057789,13,12,18,1820,3,1,1,1.0,1,97013,A,,,972
201300057790,13,12,27,906,1,1,3,1.0,3,97013,A,,,972
201300057791,13,12,30,1215,1,1,1,1.0,6,97013,A,,,972
201300057792,13,1,2,750,1,2,1,1.0,6,97002,G,0.0,0.0,973
201300057793,13,1,3,120,3,1,1,1.0,6,97002,G,0.0,0.0,973
201300057794,13,1,5,2205,5,2,1,1.0,5,97002,G,0.0,0.0,973
201300057795,13,1,6,1221,1,2,1,1.0,3,97002,G,0.0,0.0,973
201300057796,13,1,8,815,1,2,1,1.0,1,97002,G,0.0,0.0,973
201300057797,13,1,11,1545,1,2,1,1.0,3,97002,G,0.0,0.0,973
201300057798,13,1,13,700,1,1,1,1.0,6,97002,G,0.0,0.0,973
201300057799,13,1,15,1055,1,1,1,1.0,7,97002,G,0.0,0.0,973
201300057800,13,1,15,2045,5,2,1,1.0,3,97002,G,0.0,0.0,973
201300057801,13,1,18,2345,5,2,2,1.0,1,97002,G,0.0,0.0,973
201300057802,13,1,20,1133,1,1,6,6.0,1,97002,G,0.0,0.0,973
201300057803,13,1,22,1125,1,2,1,,1,97002,G,0.0,0.0,973
201300057804,13,1,24,1335,1,2,3,3.0,1,97002,G,0.0,0.0,973
201300057805,13,1,24,2130,5,2,1,1.0,1,97002,G,0.0,0.0,973
201300057806,13,1,29,1908,5,2,3,3.0,1,97002,G,0.0,0.0,973
201300057807,13,2,4,715,1,2,1,2.0,2,97002,G,0.0,0.0,973
201300057808,13,2,6,740,1,1,3,1.0,3,97002,G,0.0,0.0,973
201300057809,13,2,5,1329,1,2,1,2.0,6,97002,G,0.0,0.0,973
201300057810,13,2,6,1215,1,1,1,1.0,6,97002,G,0.0,0.0,973
201300057811,13,2,16,2315,4,2,1,1.0,2,97002,G,0.0,0.0,973
201300057812,13,2,25,1617,1,2,1,1.0,2,97002,G,0.0,0.0,973
201300057813,13,2,26,1915,3,2,1,1.0,1,97002,G,0.0,0.0,973
201300057814,13,2,27,1145,1,1,2,3.0,1,97002,G,0.0,0.0,973
201300057815,13,3,7,40,5,2,1,1.0,1,97002,G,0.0,0.0,973
201300057816,13,3,10,20,5,2,1,1.0,3,97002,G,0.0,0.0,973
201300057817,13,3,13,1450,1,2,2,1.0,1,97002,G,0.0,0.0,973
201300057818,13,3,19,1630,1,2,3,1.0,3,97002,G,0.0,0.0,973
201300057819,13,3,21,245,5,1,1,1.0,1,97002,G,0.0,0.0,973
201300057820,13,3,21,1405,1,2,3,1.0,6,97002,G,0.0,0.0,973
201300057821,13,3,22,2029,5,1,1,2.0,6,97002,G,0.0,0.0,973
201300057822,13,3,24,925,1,2,1,1.0,2,97002,G,0.0,0.0,973
201300057823,13,3,24,1844,5,1,2,1.0,3,97002,G,0.0,0.0,973
201300057824,13,4,3,1805,2,2,1,1.0,3,97002,G,0.0,0.0,973
201300057825,13,4,6,1610,1,1,1,1.0,4,97002,G,0.0,0.0,973
201300057826,13,4,6,2020,4,2,1,1.0,1,97002,G,0.0,0.0,973
201300057827,13,4,8,430,5,2,1,1.0,6,97002,G,0.0,0.0,973
201300057828,13,4,10,1955,5,2,3,1.0,1,97002,G,0.0,0.0,973
201300057829,13,4,15,2155,5,2,2,1.0,3,97002,G,0.0,0.0,973
201300057830,13,4,20,1137,1,2,1,2.0,6,97002,G,0.0,0.0,973
201300057831,13,4,28,630,1,2,1,2.0,6,97002,G,0.0,0.0,973
201300057832,13,4,28,2142,5,1,1,2.0,6,97002,G,0.0,0.0,973
201300057833,13,5,3,1304,1,2,1,1.0,3,97002,G,0.0,0.0,973
201300057834,13,5,4,2115,3,2,1,1.0,6,97002,G,0.0,0.0,973
201300057835,13,5,5,615,1,2,1,1.0,6,97002,G,0.0,0.0,973
201300057836,13,4,12,1925,4,1,1,1.0,3,97002,G,0.0,0.0,973
201300057837,13,5,27,2040,5,2,1,1.0,3,97002,G,0.0,0.0,973
201300057838,13,6,1,1705,1,1,1,1.0,7,97002,G,0.0,0.0,973
201300057839,13,6,3,1614,1,2,1,1.0,1,97002,G,0.0,0.0,973
201300057840,13,5,18,435,3,1,1,1.0,1,97002,G,0.0,0.0,973
201300057841,13,4,30,1500,1,2,3,1.0,6,97002,G,0.0,0.0,973
201300057842,13,3,31,1400,1,2,1,1.0,6,97002,G,0.0,0.0,973
201300057843,13,6,6,2155,5,1,3,1.0,3,97002,G,0.0,0.0,973
201300057844,13,6,8,454,5,2,2,2.0,3,97002,G,0.0,0.0,973
201300057845,13,6,10,2014,5,2,2,1.0,3,97002,G,0.0,0.0,973
201300057846,13,6,10,2135,5,2,1,3.0,3,97002,G,0.0,0.0,973
201300057847,13,6,11,935,1,2,1,1.0,3,97002,G,0.0,0.0,973
201300057848,13,6,14,1430,1,2,1,1.0,2,97002,G,0.0,0.0,973
201300057849,13,6,14,1500,1,2,2,1.0,3,97002,G,0.0,0.0,973
201300057850,13,6,20,1620,1,2,1,1.0,3,97002,G,0.0,0.0,973
201300057851,13,6,21,5,5,2,3,1.0,2,97002,G,0.0,0.0,973
201300057852,13,6,22,1900,5,2,1,2.0,3,97002,G,0.0,0.0,973
201300057853,13,6,24,936,1,2,1,1.0,3,97002,G,0.0,0.0,973
201300057854,13,6,11,2003,5,2,3,1.0,3,97002,G,0.0,0.0,973
201300057855,13,6,28,400,5,2,1,1.0,6,97002,G,0.0,0.0,973
201300057856,13,6,28,2125,4,2,1,8.0,6,97002,G,0.0,0.0,973
201300057857,13,6,29,400,5,1,2,8.0,3,97002,G,0.0,0.0,973
201300057858,13,6,29,645,1,1,1,1.0,1,97002,G,0.0,0.0,973
201300057859,13,6,30,1930,5,2,1,1.0,2,97002,G,0.0,0.0,973
201300057860,13,7,2,1445,1,1,1,1.0,1,97002,G,0.0,0.0,973
201300057861,13,7,4,1525,1,2,1,1.0,3,97002,G,0.0,0.0,973
201300057862,13,7,9,1451,1,2,1,1.0,5,97002,G,0.0,0.0,973
201300057863,13,7,16,2220,4,1,1,1.0,2,97002,G,0.0,0.0,973
201300057864,13,7,17,1220,1,2,1,1.0,2,97002,G,0.0,0.0,973
201300057865,13,7,21,1,3,2,1,1.0,6,97002,G,0.0,0.0,973
201300057866,13,7,23,955,1,2,1,1.0,4,97002,G,0.0,0.0,973
201300057867,13,7,25,1026,1,2,1,1.0,2,97002,G,0.0,0.0,973
201300057868,13,7,26,1730,1,1,4,1.0,3,97002,G,0.0,0.0,973
201300057869,13,7,28,135,5,1,1,2.0,7,97002,G,0.0,0.0,973
201300057870,13,7,29,2110,5,1,3,1.0,3,97002,G,0.0,0.0,973
201300057871,13,7,31,2240,5,2,2,1.0,3,97002,G,0.0,0.0,973
201300057872,13,7,28,2020,5,1,1,1.0,6,97002,G,0.0,0.0,973
201300057873,13,8,4,350,5,2,1,1.0,1,97002,G,0.0,0.0,973
201300057874,13,8,11,655,1,1,6,1.0,2,97002,G,0.0,0.0,973
201300057875,13,8,11,1255,1,2,1,1.0,6,97002,G,0.0,0.0,973
201300057876,13,8,26,1220,1,2,1,1.0,5,97002,G,0.0,0.0,973
201300057877,13,8,26,1915,5,2,1,1.0,6,97002,G,0.0,0.0,973
201300057878,13,8,28,1635,1,2,1,1.0,3,97002,G,0.0,0.0,973
201300057879,13,9,2,1450,1,2,1,1.0,3,97002,G,0.0,0.0,973
201300057880,13,9,3,1235,1,1,3,1.0,3,97002,G,0.0,0.0,973
201300057881,13,9,5,1320,1,2,1,1.0,2,97002,G,0.0,0.0,973
201300057882,13,9,7,1600,1,2,1,1.0,1,97002,G,0.0,0.0,973
201300057883,13,9,9,112,5,2,1,1.0,6,97002,G,0.0,0.0,973
201300057884,13,9,9,905,1,2,1,1.0,3,97002,G,0.0,0.0,973
201300057885,13,9,13,2110,5,2,1,1.0,3,97002,G,0.0,0.0,973
201300057886,13,9,20,805,1,1,1,1.0,3,97002,G,0.0,0.0,973
201300057887,13,9,21,1945,2,2,1,1.0,1,97002,G,0.0,0.0,973
201300057888,13,9,21,2308,4,1,3,1.0,3,97002,G,0.0,0.0,973
201300057889,13,9,23,2005,5,2,2,1.0,3,97002,G,0.0,0.0,973
201300057890,13,9,25,800,1,2,1,1.0,5,97002,G,0.0,0.0,973
201300057891,13,9,25,1525,1,2,3,1.0,3,97002,G,0.0,0.0,973
201300057892,13,9,26,1540,1,1,6,1.0,6,97002,G,0.0,0.0,973
201300057893,13,9,29,815,1,1,1,1.0,2,97002,G,0.0,0.0,973
201300057894,13,9,30,1955,5,1,1,1.0,5,97002,G,0.0,0.0,973
201300057895,13,10,6,1945,5,2,1,1.0,1,97002,G,0.0,0.0,973
201300057896,13,10,16,1220,1,2,1,1.0,3,97002,G,0.0,0.0,973
201300057897,13,10,18,750,1,2,3,1.0,3,97002,G,0.0,0.0,973
201300057898,13,10,19,1500,1,1,3,1.0,3,97002,G,0.0,0.0,973
201300057899,13,10,19,2100,5,1,1,1.0,3,97002,G,0.0,0.0,973
201300057900,13,10,20,2005,5,2,1,1.0,1,97002,G,0.0,0.0,973
201300057901,13,10,21,220,5,2,1,1.0,6,97002,G,0.0,0.0,973
201300057902,13,10,26,1430,1,2,1,1.0,3,97002,G,0.0,0.0,973
201300057903,13,10,27,1520,1,2,1,1.0,3,97002,G,0.0,0.0,973
201300057904,13,10,31,945,1,1,1,1.0,3,97002,G,0.0,0.0,973
201300057905,13,11,11,335,5,2,1,1.0,7,97002,G,0.0,0.0,973
201300057906,13,11,13,1800,1,2,1,1.0,2,97002,G,0.0,0.0,973
201300057907,13,11,15,210,5,2,1,1.0,7,97002,G,0.0,0.0,973
201300057908,13,11,15,1045,1,1,1,1.0,3,97002,G,0.0,0.0,973
201300057909,13,11,24,2300,5,2,1,1.0,7,97002,G,,,973
201300057910,13,11,26,930,1,2,4,1.0,3,97002,G,,,973
201300057911,13,11,30,1418,1,2,1,1.0,3,97002,G,,,973
201300057912,13,12,7,740,1,2,1,9.0,6,97002,G,,,973
201300057913,13,12,7,1815,2,2,1,1.0,1,97002,G,,,973
201300057914,13,12,12,626,1,1,1,2.0,3,97002,G,,,973
201300057915,13,12,14,1205,1,1,1,1.0,3,97002,G,,,973
201300057916,13,12,17,1600,1,1,3,3.0,1,97002,G,,,973
201300057917,13,10,5,710,3,2,1,1.0,7,97002,G,0.0,0.0,973
201300057918,13,12,21,1020,1,2,2,2.0,2,97002,G,,,973
201300057919,13,12,25,740,1,1,1,1.0,3,97002,G,,,973
201300057920,13,12,29,1540,1,2,1,1.0,3,97002,G,,,973
201300057921,13,1,1,330,3,2,1,1.0,6,97007,R,0.0,0.0,974
201300057922,13,1,1,653,1,1,1,1.0,7,97007,R,0.0,0.0,974
201300057923,13,1,14,1620,1,2,1,1.0,2,97007,R,,,974
201300057924,13,1,14,2005,4,2,1,1.0,6,97007,R,0.0,0.0,974
201300057925,13,1,25,2150,3,1,6,1.0,7,97007,R,,,974
201300057926,13,2,10,835,1,2,1,1.0,7,97007,R,0.0,0.0,974
201300057927,13,2,12,1905,2,1,1,1.0,3,97007,R,,,974
201300057928,13,3,1,55,5,2,1,1.0,7,97007,R,0.0,0.0,974
201300057929,13,3,1,1220,1,2,1,1.0,3,97007,R,,,974
201300057930,13,3,2,2225,5,2,1,1.0,3,97007,R,0.0,0.0,974
201300057931,13,3,4,1340,1,2,1,1.0,6,97007,R,,,974
201300057932,13,3,4,1710,1,2,3,1.0,6,97007,R,,,974
201300057933,13,3,5,1330,1,2,1,1.0,2,97007,R,,,974
201300057934,13,3,9,1023,1,2,1,1.0,6,97007,R,,,974
201300057935,13,3,12,807,1,2,2,1.0,6,97007,R,0.0,0.0,974
201300057936,13,3,14,2140,3,2,1,1.0,7,97007,R,,,974
201300057937,13,3,15,1300,1,2,1,1.0,6,97007,R,,,974
201300057938,13,3,22,2300,3,2,1,1.0,3,97007,R,0.0,0.0,974
201300057939,13,4,3,1920,3,1,1,1.0,6,97007,R,,,974
201300057940,13,4,4,640,2,1,1,1.0,6,97007,R,,,974
201300057941,13,4,5,2145,5,2,1,1.0,7,97007,R,,,974
201300057942,13,4,9,1635,1,2,1,1.0,3,97007,R,0.0,0.0,974
201300057943,13,4,11,1220,1,2,1,1.0,3,97007,R,,,974
201300057944,13,4,12,2220,5,2,1,1.0,3,97007,R,,,974
201300057945,13,4,13,2000,3,1,2,1.0,3,97007,R,,,974
201300057946,13,4,15,1550,1,1,1,1.0,2,97007,R,,,974
201300057947,13,4,17,1645,1,2,1,1.0,3,97007,R,,,974
201300057948,13,4,19,2000,3,2,1,1.0,6,97007,R,,,974
201300057949,13,4,20,2110,3,2,1,1.0,2,97007,R,0.0,0.0,974
201300057950,13,4,22,810,1,2,1,1.0,6,97007,R,,,974
201300057951,13,4,24,915,1,2,1,1.0,6,97007,R,,,974
201300057952,13,5,3,1650,1,2,1,1.0,2,97007,R,,,974
201300057953,13,5,9,2105,5,2,1,1.0,3,97007,R,,,974
201300057954,13,5,12,1530,1,2,1,1.0,6,97007,R,,,974
201300057955,13,5,17,1805,2,1,1,1.0,3,97007,R,0.0,0.0,974
201300057956,13,5,21,1650,1,1,1,1.0,7,97007,R,0.0,0.0,974
201300057957,13,5,25,1605,1,2,1,1.0,6,97007,R,0.0,0.0,974
201300057958,13,5,25,2030,3,2,1,1.0,3,97007,R,0.0,0.0,974
201300057959,13,5,27,1310,1,2,2,1.0,2,97007,R,,,974
201300057960,13,6,6,1515,1,2,1,1.0,6,97007,R,0.0,0.0,974
201300057961,13,6,7,2010,5,2,1,1.0,6,97007,R,,,974
201300057962,13,6,10,1656,1,2,1,1.0,2,97007,R,0.0,0.0,974
201300057963,13,6,12,1525,1,2,1,1.0,3,97007,R,,,974
201300057964,13,6,14,1606,1,2,1,1.0,6,97007,R,,,974
201300057965,13,6,17,1720,1,2,1,1.0,2,97007,R,0.0,0.0,974
201300057966,13,6,20,1840,3,1,1,1.0,2,97007,R,0.0,0.0,974
201300057967,13,6,25,1920,5,2,1,1.0,3,97007,R,,,974
201300057968,13,7,6,2247,5,2,1,1.0,2,97007,R,,,974
201300057969,13,7,10,920,1,2,1,1.0,2,97007,R,,,974
201300057970,13,7,11,638,2,2,1,1.0,7,97007,R,,,974
201300057971,13,7,15,835,1,2,1,1.0,6,97007,R,2093729.0,529534.0,974
201300057972,13,7,15,1645,1,2,1,1.0,5,97007,R,0.0,0.0,974
201300057973,13,7,23,2255,3,1,1,1.0,3,97007,R,0.0,0.0,974
201300057974,13,7,30,644,2,2,1,1.0,5,97007,R,0.0,0.0,974
201300057975,13,7,30,1800,2,2,1,1.0,6,97007,R,,,974
201300057976,13,8,6,1135,1,2,1,1.0,6,97007,R,,,974
201300057977,13,8,9,930,1,2,1,1.0,6,97007,R,,,974
201300057978,13,8,10,1,5,2,1,1.0,7,97007,R,0.0,0.0,974
201300057979,13,8,10,1910,5,2,1,1.0,3,97007,R,,,974
201300057980,13,8,19,2015,5,2,6,1.0,3,97007,R,,,974
201300057981,13,8,26,730,1,2,1,1.0,7,97007,R,,,974
201300057982,13,8,28,2216,5,2,3,1.0,1,97007,R,,,974
201300057983,13,8,29,1650,1,2,1,1.0,6,97007,R,,,974
201300057984,13,8,30,1510,1,2,1,1.0,3,97007,R,,,974
201300057985,13,9,10,625,1,2,1,1.0,6,97007,R,0.0,0.0,974
201300057986,13,9,23,711,1,2,1,1.0,6,97007,R,0.0,0.0,974
201300057987,13,9,29,800,1,2,6,1.0,2,97007,R,,,974
201300057988,13,10,6,250,3,1,1,1.0,6,97007,R,0.0,0.0,974
201300057989,13,10,6,2040,3,2,1,1.0,6,97007,R,0.0,0.0,974
201300057990,13,10,7,700,1,1,1,1.0,3,97007,R,0.0,0.0,974
201300057991,13,10,10,1440,1,2,1,1.0,3,97007,R,0.0,0.0,974
201300057992,13,10,12,1400,1,2,2,1.0,3,97007,R,0.0,0.0,974
201300057993,13,10,21,1905,3,2,1,1.0,1,97007,R,0.0,0.0,974
201300057994,13,10,23,1415,1,2,1,1.0,2,97007,R,0.0,0.0,974
201300057995,13,10,27,1023,1,2,1,1.0,3,97007,R,0.0,0.0,974
201300057996,13,10,31,900,1,2,1,1.0,3,97007,R,0.0,0.0,974
201300057997,13,11,6,1310,1,2,1,1.0,6,97007,R,0.0,0.0,974
201300057998,13,11,8,1815,3,1,1,1.0,4,97007,R,0.0,0.0,974
201300057999,13,11,10,1715,1,2,1,1.0,3,97007,R,0.0,0.0,974
201300058000,13,11,12,1615,1,2,1,1.0,6,97007,R,0.0,0.0,974
201300058001,13,11,18,815,1,2,2,1.0,3,97007,R,0.0,0.0,974
201300058002,13,11,18,1530,1,2,1,1.0,6,97007,R,0.0,0.0,974
201300058003,13,11,24,1902,5,2,1,1.0,3,97007,R,0.0,0.0,974
201300058004,13,11,26,1820,2,2,3,1.0,6,97007,R,0.0,0.0,974
201300058005,13,11,29,1205,1,2,1,1.0,6,97007,R,0.0,0.0,974
201300058006,13,12,2,825,1,1,1,1.0,2,97007,R,0.0,0.0,974
201300058007,13,12,3,1810,1,2,1,1.0,6,97007,R,0.0,0.0,974
201300058008,13,12,9,1540,1,2,1,1.0,3,97007,R,0.0,0.0,974
201300058009,13,12,10,1209,1,2,6,1.0,3,97007,R,0.0,0.0,974
201300058010,13,12,10,1700,1,2,2,1.0,3,97007,R,0.0,0.0,974
201300058011,13,12,14,1115,1,2,1,1.0,6,97007,R,0.0,0.0,974
201300058012,13,12,20,500,2,2,1,1.0,7,97007,R,,,974
201300058013,13,12,20,1650,1,2,1,1.0,7,97007,R,,,974
201300058014,13,12,22,1345,1,2,6,1.0,3,97007,R,,,974
201300058015,13,12,25,210,5,2,1,1.0,6,97007,R,,,974
201300058016,13,12,25,325,5,2,1,1.0,6,97007,R,,,974
201300058017,13,12,25,2130,2,2,1,1.0,6,97007,R,,,974
201300058018,13,2,4,1627,1,1,1,1.0,2,97009,R,0.0,0.0,974
201300058019,13,2,11,1227,1,1,1,1.0,6,97009,R,0.0,0.0,974
201300058020,13,2,12,1925,3,2,1,1.0,6,97009,R,0.0,0.0,974
201300058021,13,2,16,1010,1,2,1,1.0,6,97009,R,0.0,0.0,974