Num_Acc,an,mois,jour,hrmn,lum,agg,int,atm,col,com,gps,lat,long,dep
201300058022,13,2,18,715,1,2,1,2.0,6,97009,R,,,974
201300058023,13,2,18,1700,1,2,3,2.0,3,97009,R,0.0,0.0,974
201300058024,13,1,4,2120,5,2,1,1.0,6,97009,R,,,974
201300058025,13,1,6,1525,1,2,1,1.0,6,97009,R,0.0,0.0,974
201300058026,13,2,19,1230,1,1,1,1.0,6,97009,R,0.0,0.0,974
201300058027,13,2,27,1630,1,2,1,1.0,2,97009,R,0.0,0.0,974
201300058028,13,3,8,1400,1,1,1,1.0,6,97009,R,0.0,0.0,974
201300058029,13,3,30,1810,2,1,1,1.0,2,97009,R,,,974
201300058030,13,4,4,540,3,2,1,2.0,2,97009,R,,,974
201300058031,13,4,5,1305,1,1,1,1.0,2,97009,R,,,974
201300058032,13,4,13,1200,1,2,1,1.0,3,97009,R,,,974
201300058033,13,4,16,1650,1,2,1,1.0,4,97009,R,5564823.0,296761.0,974
201300058034,13,4,21,1500,1,2,1,1.0,1,97009,R,,,974
201300058035,13,4,23,1930,5,2,1,1.0,3,97009,R,,,974
201300058036,13,4,28,745,1,1,1,1.0,6,97009,R,0.0,0.0,974
201300058037,13,4,5,1830,5,2,1,2.0,6,97009,R,,,974
201300058038,13,4,29,1855,5,1,1,1.0,3,97009,R,,,974
201300058039,13,3,13,1755,2,1,1,1.0,1,97009,R,,,974
201300058040,13,4,10,1855,3,1,1,1.0,2,97009,R,,,974
201300058041,13,5,3,1040,1,2,1,1.0,6,97009,R,,,974
201300058042,13,5,7,1915,5,2,1,2.0,6,97009,R,,,974
201300058043,13,5,8,745,1,2,1,1.0,6,97009,R,,,974
201300058044,13,5,21,1630,1,2,3,1.0,3,97009,R,0.0,0.0,974
201300058045,13,6,6,1730,2,1,1,1.0,3,97009,R,0.0,0.0,974
201300058046,13,6,6,1815,5,2,1,1.0,5,97009,R,0.0,0.0,974
201300058047,13,3,9,1345,1,2,1,1.0,7,97009,R,,,974
201300058048,13,3,15,1040,1,2,2,1.0,3,97009,R,0.0,0.0,974
201300058049,13,6,11,740,1,2,1,1.0,3,97009,R,0.0,0.0,974
201300058050,13,6,14,2045,5,2,1,1.0,2,97009,R,0.0,0.0,974
201300058051,13,6,21,1755,2,2,1,1.0,2,97009,R,,,974
201300058052,13,4,23,1715,2,2,1,1.0,6,97009,R,,,974
201300058053,13,7,22,1520,1,2,1,7.0,5,97009,R,0.0,0.0,974
201300058054,13,6,12,1920,5,2,1,1.0,7,97009,R,0.0,0.0,974
201300058055,13,6,8,1430,1,2,1,1.0,5,97009,R,,,974
201300058056,13,6,21,940,1,2,1,1.0,5,97009,R,0.0,0.0,974
201300058057,13,6,22,1100,1,2,1,1.0,6,97009,R,0.0,0.0,974
201300058058,13,6,28,1415,1,2,1,1.0,2,97009,R,0.0,0.0,974
201300058059,13,7,28,1025,1,2,1,1.0,3,97009,R,,,974
201300058060,13,7,1,800,1,2,1,1.0,6,97009,R,0.0,0.0,974
201300058061,13,7,6,1205,1,2,1,1.0,7,97009,R,,,974
201300058062,13,7,6,1800,2,2,1,1.0,6,97009,R,0.0,0.0,974
201300058063,13,7,9,1855,5,2,1,1.0,2,97009,R,,,974
201300058064,13,7,10,2100,5,2,1,1.0,7,97009,R,,,974
201300058065,13,10,2,1837,5,2,1,1.0,2,97009,R,,,974
201300058066,13,9,29,1605,1,2,1,1.0,7,97009,R,,,974
201300058067,13,10,15,1925,5,1,1,1.0,1,97009,R,,,974
201300058068,13,10,20,715,1,2,1,1.0,3,97009,R,,,974
201300058069,13,10,20,2000,5,2,3,1.0,3,97009,R,,,974
201300058070,13,10,29,1720,1,1,1,2.0,6,97009,R,,,974
201300058071,13,10,29,1730,1,1,1,2.0,2,97009,R,,,974
201300058072,13,11,2,710,1,2,1,1.0,6,97009,R,,,974
201300058073,13,11,5,1230,1,2,1,9.0,3,97009,R,,,974
201300058074,13,11,6,1555,1,1,1,2.0,1,97009,R,,,974
201300058075,13,11,29,920,1,1,1,1.0,3,97009,R,,,974
201300058076,13,12,16,745,1,1,1,9.0,2,97009,R,,,974
201300058077,13,12,20,1700,1,2,3,1.0,6,97009,R,,,974
201300058078,13,12,20,2015,2,2,3,9.0,3,97009,R,,,974
201300058079,13,12,30,1210,1,2,1,9.0,3,97009,R,,,974
201300058080,13,2,1,630,2,2,1,2.0,2,97009,R,,,974
201300058081,13,2,7,1400,1,2,1,1.0,1,97009,R,0.0,0.0,974
201300058082,13,1,7,1430,1,2,1,1.0,2,97011,R,,,974
201300058083,13,1,14,2235,5,2,5,3.0,3,97011,R,,,974
201300058084,13,1,29,2200,5,2,1,1.0,1,97011,R,0.0,0.0,974
201300058085,13,1,31,1722,1,2,1,9.0,6,97011,R,,,974
201300058086,13,2,7,145,5,2,1,1.0,6,97011,R,,,974
201300058087,13,2,1,1520,1,2,2,2.0,2,97011,R,,,974
201300058088,13,2,4,846,1,2,1,1.0,1,97011,R,,,974
201300058089,13,2,9,100,5,2,1,1.0,5,97011,R,,,974
201300058090,13,2,9,1405,1,2,1,9.0,6,97011,R,,,974
201300058091,13,2,10,327,3,2,1,1.0,2,97011,R,0.0,0.0,974
201300058092,13,2,12,1720,1,2,1,1.0,1,97011,R,0.0,0.0,974
201300058093,13,2,8,800,1,2,1,1.0,1,97011,R,,,974
201300058094,13,2,14,805,1,2,1,1.0,1,97011,R,0.0,0.0,974
201300058095,13,1,10,803,1,2,2,1.0,3,97011,R,0.0,0.0,974
201300058096,13,2,19,1635,1,2,1,2.0,6,97011,R,,,974
201300058097,13,2,28,707,1,2,1,1.0,6,97011,R,,,974
201300058098,13,2,28,1310,1,2,1,1.0,6,97011,R,,,974
201300058099,13,2,28,1945,5,2,1,1.0,5,97011,R,0.0,0.0,974
201300058100,13,3,2,2347,5,2,5,1.0,3,97011,R,,,974
201300058101,13,3,10,222,5,2,2,1.0,3,97011,R,,,974
201300058102,13,3,6,1400,1,2,1,1.0,3,97011,R,0.0,0.0,974
201300058103,13,3,12,1708,1,2,1,1.0,6,97011,R,,,974
201300058104,13,3,3,1608,1,2,2,1.0,6,97011,R,,,974
201300058105,13,3,19,1135,1,2,2,1.0,3,97011,R,,,974
201300058106,13,3,25,1623,1,2,1,1.0,6,97011,R,,,974
201300058107,13,4,2,828,1,2,1,7.0,6,97011,R,,,974
201300058108,13,4,3,1712,1,2,1,2.0,6,97011,R,,,974
201300058109,13,4,8,1658,1,2,1,1.0,3,97011,R,0.0,0.0,974
201300058110,13,4,18,1755,1,2,2,1.0,6,97011,R,,,974
201300058111,13,5,18,2240,5,2,1,1.0,6,97011,R,0.0,0.0,974
201300058112,13,4,22,753,1,1,1,7.0,6,97011,R,0.0,0.0,974
201300058113,13,4,24,800,1,2,2,1.0,6,97011,R,0.0,0.0,974
201300058114,13,4,22,1140,1,2,1,1.0,3,97011,R,,,974
201300058115,13,5,8,1420,1,2,2,1.0,6,97011,R,,,974
201300058116,13,5,11,525,5,2,1,1.0,3,97011,R,0.0,0.0,974
201300058117,13,4,13,520,4,2,1,1.0,3,97011,R,,,974
201300058118,13,5,21,30,5,2,1,1.0,6,97011,R,0.0,0.0,974
201300058119,13,5,25,520,5,2,1,1.0,6,97011,R,,,974
201300058120,13,5,17,1630,1,2,9,1.0,3,97011,R,,,974
201300058121,13,6,3,1828,2,2,1,1.0,6,97011,R,0.0,0.0,974
201300058122,13,6,8,45,5,1,1,1.0,2,97011,R,0.0,0.0,974
201300058123,13,6,11,121,5,2,3,1.0,3,97011,R,0.0,0.0,974
201300058124,13,6,13,630,2,2,2,1.0,6,97011,R,0.0,0.0,974
201300058125,13,6,15,234,5,1,2,1.0,3,97011,R,0.0,0.0,974
201300058126,13,6,16,1950,2,2,1,1.0,3,97011,R,0.0,0.0,974
201300058127,13,6,17,2105,5,1,1,1.0,6,97011,R,0.0,0.0,974
201300058128,13,6,19,1535,1,2,1,1.0,2,97011,R,0.0,0.0,974
201300058129,13,6,22,205,5,2,2,1.0,3,97011,R,0.0,0.0,974
201300058130,13,6,23,1845,5,2,1,1.0,2,97011,R,0.0,0.0,974
201300058131,13,6,27,2200,5,2,1,1.0,6,97011,R,,,974
201300058132,13,6,28,1950,3,2,1,1.0,6,97011,R,,,974
201300058133,13,7,2,1605,1,2,1,1.0,2,97011,R,0.0,0.0,974
201300058134,13,7,7,100,5,2,2,1.0,3,97011,R,,,974
201300058135,13,7,7,1245,1,2,2,1.0,3,97011,R,0.0,0.0,974
201300058136,13,7,20,1340,1,1,4,1.0,1,97011,R,0.0,0.0,974
201300058137,13,7,17,105,5,2,1,1.0,2,97011,R,0.0,0.0,974
201300058138,13,7,25,815,1,2,1,1.0,6,97011,R,,,974
201300058139,13,7,25,1528,1,1,6,8.0,6,97011,R,0.0,0.0,974
201300058140,13,7,24,1900,4,2,1,1.0,3,97011,R,0.0,0.0,974
201300058141,13,8,2,12,5,2,6,1.0,3,97011,R,0.0,0.0,974
201300058142,13,8,2,2000,3,2,1,1.0,6,97011,R,0.0,0.0,974
201300058143,13,8,2,2343,5,2,1,1.0,6,97011,R,,,974
201300058144,13,8,2,2311,5,2,1,1.0,3,97011,R,0.0,0.0,974
201300058145,13,8,5,1110,1,2,1,1.0,6,97011,R,0.0,0.0,974
201300058146,13,8,7,1957,5,2,9,1.0,3,97011,R,0.0,0.0,974
201300058147,13,8,13,1134,1,2,2,1.0,6,97011,R,0.0,0.0,974
201300058148,13,8,15,2045,5,2,9,1.0,3,97011,R,0.0,0.0,974
201300058149,13,8,18,2127,5,2,1,1.0,3,97011,R,0.0,0.0,974
201300058150,13,8,16,1645,1,2,1,1.0,4,97011,R,0.0,0.0,974
201300058151,13,8,20,1945,2,2,1,1.0,6,97011,R,,,974
201300058152,13,9,2,2250,5,2,1,1.0,6,97011,R,,,974
201300058153,13,9,3,1915,2,2,1,1.0,1,97011,R,,,974
201300058154,13,9,4,1755,2,1,1,1.0,6,97011,R,,,974
201300058155,13,9,6,506,5,2,1,1.0,3,97011,R,0.0,0.0,974
201300058156,13,9,8,2206,5,2,2,1.0,3,97011,R,0.0,0.0,974
201300058157,13,9,8,41,3,2,2,1.0,1,97011,R,0.0,0.0,974
201300058158,13,9,13,1855,5,2,1,1.0,6,97011,R,0.0,0.0,974
201300058159,13,9,9,1722,1,2,1,1.0,6,97011,R,,,974
201300058160,13,9,11,1710,1,2,1,1.0,6,97011,R,0.0,0.0,974
201300058161,13,9,17,1910,1,2,1,1.0,3,97011,R,,,974
201300058162,13,10,4,1415,1,1,1,1.0,3,97011,R,0.0,0.0,974
201300058163,13,10,5,2135,5,2,1,1.0,6,97011,R,0.0,0.0,974
201300058164,13,10,7,823,1,2,1,1.0,3,97011,R,0.0,0.0,974
201300058165,13,10,7,1042,1,2,1,1.0,3,97011,R,,,974
201300058166,13,11,27,1255,1,2,4,1.0,5,97011,R,0.0,0.0,974
201300058167,13,10,7,2005,5,2,2,1.0,3,97011,R,0.0,0.0,974
201300058168,13,10,15,2007,5,2,2,1.0,6,97011,R,0.0,0.0,974
201300058169,13,10,21,1239,1,2,1,1.0,1,97011,R,0.0,0.0,974
201300058170,13,9,26,646,1,2,2,1.0,3,97011,R,0.0,0.0,974
201300058171,13,11,9,2334,5,2,2,1.0,3,97011,R,0.0,0.0,974
201300058172,13,11,12,736,1,2,1,1.0,3,97011,R,0.0,0.0,974
201300058173,13,11,15,805,1,2,1,1.0,4,97011,R,0.0,0.0,974
201300058174,13,11,22,1615,1,2,1,1.0,6,97011,R,0.0,0.0,974
201300058175,13,11,23,850,1,2,1,1.0,3,97011,R,0.0,0.0,974
201300058176,13,11,25,1835,5,1,1,2.0,7,97011,R,0.0,0.0,974
201300058177,13,12,8,2205,5,2,4,1.0,3,97011,R,0.0,0.0,974
201300058178,13,12,7,2115,4,2,1,1.0,6,97011,R,0.0,0.0,974
201300058179,13,12,12,1158,1,2,1,1.0,6,97011,R,0.0,0.0,974
201300058180,13,11,23,359,5,2,1,1.0,3,97011,R,0.0,0.0,974
201300058181,13,12,25,505,2,2,1,1.0,1,97011,R,,,974
201300058182,13,11,26,1650,1,2,4,1.0,3,97011,R,0.0,0.0,974
201300058183,13,12,12,1505,1,1,1,1.0,2,97011,R,0.0,0.0,974
201300058184,13,12,14,1407,1,2,1,1.0,6,97011,R,0.0,0.0,974
201300058185,13,12,13,2226,5,2,1,1.0,6,97011,R,0.0,0.0,974
201300058186,13,12,18,205,5,2,9,1.0,3,97011,R,,,974
201300058187,13,12,22,1355,1,1,1,1.0,4,97011,R,,,974
201300058188,13,12,22,855,1,2,2,1.0,3,97011,R,,,974
201300058189,13,12,25,2156,5,2,9,1.0,6,97011,R,,,974
201300058190,13,12,30,210,3,1,1,1.0,6,97011,R,,,974
201300058191,13,1,1,1112,1,2,1,1.0,6,97016,R,,,974
201300058192,13,1,2,1440,1,2,1,1.0,7,97016,R,0.0,0.0,974
201300058193,13,1,5,1818,2,2,1,1.0,7,97016,R,0.0,0.0,974
201300058194,13,1,9,137,3,1,1,1.0,7,97016,R,0.0,0.0,974
201300058195,13,1,9,615,2,2,1,1.0,1,97016,R,0.0,0.0,974
201300058196,13,1,10,1722,1,2,1,1.0,2,97016,R,0.0,0.0,974
201300058197,13,1,12,550,3,1,1,1.0,3,97016,R,0.0,0.0,974
201300058198,13,1,13,1130,1,2,1,1.0,7,97016,R,0.0,0.0,974
201300058199,13,1,15,600,2,2,1,2.0,7,97016,R,,,974
201300058200,13,1,16,1355,1,2,1,1.0,6,97016,R,,,974
201300058201,13,1,19,1420,1,2,1,2.0,7,97016,R,0.0,0.0,974
201300058202,13,1,20,1130,1,2,1,1.0,6,97016,R,,,974
201300058203,13,1,29,1500,1,2,1,1.0,6,97016,R,,,974
201300058204,13,1,30,912,1,2,1,1.0,6,97016,R,0.0,0.0,974
201300058205,13,2,3,2155,3,1,1,1.0,3,97016,R,0.0,0.0,974
201300058206,13,2,6,1403,1,1,1,1.0,2,97016,R,0.0,0.0,974
201300058207,13,2,7,150,3,1,1,1.0,6,97016,R,,,974
201300058208,13,2,7,1705,1,2,3,1.0,6,97016,R,0.0,0.0,974
201300058209,13,2,9,300,3,2,1,1.0,6,97016,R,,,974
201300058210,13,2,10,410,3,1,1,1.0,6,97016,R,,,974
201300058211,13,2,11,1515,1,1,1,1.0,2,97016,R,,,974
201300058212,13,2,12,2040,5,2,1,1.0,2,97016,R,,,974
201300058213,13,2,13,600,1,1,1,1.0,3,97016,R,0.0,0.0,974
201300058214,13,2,13,1157,1,1,1,1.0,3,97016,R,,,974
201300058215,13,2,22,1025,1,1,1,1.0,3,97016,R,,,974
201300058216,13,2,23,1945,3,1,1,1.0,6,97016,R,,,974
201300058217,13,2,24,1625,1,1,1,2.0,3,97016,R,0.0,0.0,974
201300058218,13,2,25,655,1,1,1,1.0,6,97016,R,,,974
201300058219,13,2,26,730,1,1,1,2.0,7,97016,R,0.0,0.0,974
201300058220,13,2,27,1020,1,1,1,1.0,7,97016,R,0.0,0.0,974
201300058221,13,2,27,1615,1,1,1,1.0,7,97016,R,0.0,0.0,974
201300058222,13,2,28,1800,2,1,1,1.0,1,97016,R,,,974
201300058223,13,3,1,823,1,2,1,1.0,6,97016,R,,,974
201300058224,13,3,3,1520,1,2,1,1.0,7,97016,R,,,974
201300058225,13,3,5,1200,1,2,1,1.0,6,97016,R,,,974
201300058226,13,3,7,2348,5,2,3,1.0,3,97016,R,,,974
201300058227,13,3,10,845,1,1,1,1.0,7,97016,R,0.0,0.0,974
201300058228,13,3,11,2140,3,1,1,1.0,6,97016,R,,,974
201300058229,13,3,15,355,3,1,1,1.0,6,97016,R,,,974
201300058230,13,3,15,1450,1,1,1,1.0,6,97016,R,,,974
201300058231,13,3,20,1028,1,1,1,1.0,6,97016,R,,,974
201300058232,13,3,20,1755,1,1,1,1.0,2,97016,R,,,974
201300058233,13,3,22,655,2,1,1,1.0,6,97016,R,,,974
201300058234,13,3,23,835,1,1,1,1.0,6,97016,R,0.0,0.0,974
201300058235,13,3,26,1620,1,2,1,1.0,6,97016,R,,,974
201300058236,13,3,28,1005,1,1,1,1.0,6,97016,R,0.0,0.0,974
201300058237,13,3,29,1900,3,1,1,3.0,6,97016,R,,,974
201300058238,13,3,31,450,3,2,2,1.0,3,97016,R,,,974
201300058239,13,3,31,1940,2,2,1,1.0,6,97016,R,0.0,0.0,974
201300058240,13,4,1,510,2,1,1,1.0,7,97016,R,0.0,0.0,974
201300058241,13,4,4,2305,5,2,1,1.0,3,97016,R,,,974
201300058242,13,4,5,820,1,2,1,1.0,4,97016,R,,,974
201300058243,13,4,7,1615,1,2,1,1.0,6,97016,R,,,974
201300058244,13,4,13,1635,1,2,1,1.0,6,97016,R,0.0,0.0,974
201300058245,13,4,14,538,2,1,1,1.0,6,97016,R,0.0,0.0,974
201300058246,13,4,18,1841,2,2,1,1.0,6,97016,R,0.0,0.0,974
201300058247,13,4,22,815,1,2,1,1.0,2,97016,R,,,974
201300058248,13,4,22,1615,1,2,1,1.0,6,97016,R,,,974
201300058249,13,4,25,800,1,2,3,1.0,6,97016,R,,,974
201300058250,13,4,25,1020,1,1,1,1.0,6,97016,R,0.0,0.0,974
201300058251,13,4,28,500,2,2,3,1.0,2,97016,R,,,974
201300058252,13,4,28,1400,1,1,1,1.0,6,97016,R,,,974
201300058253,13,4,29,1010,1,2,1,1.0,6,97016,R,,,974
201300058254,13,4,29,1450,1,2,1,1.0,6,97016,R,,,974
201300058255,13,5,2,1910,3,2,1,1.0,6,97016,R,0.0,0.0,974
201300058256,13,5,4,1215,1,2,3,1.0,6,97016,R,0.0,0.0,974
201300058257,13,5,4,2300,3,2,1,1.0,6,97016,R,,,974
201300058258,13,5,5,1845,2,2,3,1.0,6,97016,R,,,974
201300058259,13,5,5,2020,5,2,1,1.0,6,97016,R,0.0,0.0,974
201300058260,13,5,8,800,1,1,1,1.0,6,97016,R,,,974
201300058261,13,5,10,1342,1,2,1,1.0,6,97016,R,,,974
201300058262,13,5,13,1100,2,2,1,1.0,6,97016,R,,,974
201300058263,13,5,16,745,1,2,1,1.0,6,97016,R,,,974
201300058264,13,5,16,1418,1,2,1,1.0,2,97016,R,0.0,0.0,974
201300058265,13,5,18,1220,1,1,1,1.0,7,97016,R,0.0,0.0,974
201300058266,13,5,20,1755,1,2,1,1.0,6,97016,R,0.0,0.0,974
201300058267,13,5,20,2105,3,1,1,1.0,3,97016,R,0.0,0.0,974
201300058268,13,5,22,945,1,1,1,1.0,3,97016,R,0.0,0.0,974
201300058269,13,5,22,1755,1,2,1,1.0,6,97016,R,,,974
201300058270,13,5,22,2020,3,1,1,1.0,2,97016,R,0.0,0.0,974
201300058271,13,5,25,620,2,1,1,1.0,5,97016,R,0.0,0.0,974
201300058272,13,5,28,825,1,2,3,1.0,6,97016,R,,,974
201300058273,13,5,31,1655,1,2,1,1.0,6,97016,R,,,974
201300058274,13,5,31,1850,2,2,1,1.0,6,97016,R,0.0,0.0,974
201300058275,13,6,1,1755,2,1,1,1.0,6,97016,R,,,974
201300058276,13,6,1,1940,5,2,1,1.0,5,97016,R,0.0,0.0,974
201300058277,13,6,3,1814,5,1,1,1.0,7,97016,R,,,974
201300058278,13,6,4,1600,1,2,2,1.0,3,97016,R,0.0,0.0,974
201300058279,13,6,4,1630,1,2,1,1.0,6,97016,R,,,974
201300058280,13,6,7,700,1,2,3,1.0,7,97016,R,0.0,0.0,974
201300058281,13,6,7,1910,3,1,1,1.0,6,97016,R,,,974
201300058282,13,6,8,1700,1,1,1,1.0,6,97016,R,0.0,0.0,974
201300058283,13,6,12,1000,1,2,1,1.0,7,97016,R,,,974
201300058284,13,6,12,1650,1,2,1,1.0,3,97016,R,,,974
201300058285,13,6,14,1610,1,1,1,1.0,7,97016,R,0.0,0.0,974
201300058286,13,6,14,1800,2,1,1,1.0,5,97016,R,0.0,0.0,974
201300058287,13,6,16,1825,2,1,1,1.0,3,97016,R,,,974
201300058288,13,6,24,1645,1,1,1,1.0,4,97016,R,0.0,0.0,974
201300058289,13,6,27,922,1,2,8,1.0,6,97016,R,,,974
201300058290,13,6,29,1020,1,2,3,1.0,3,97016,R,,,974
201300058291,13,6,29,1830,2,2,1,1.0,7,97016,R,,,974
201300058292,13,7,1,250,5,2,1,1.0,3,97016,R,,,974
201300058293,13,7,1,1040,1,2,1,1.0,6,97016,R,,,974
201300058294,13,7,5,1940,3,1,1,1.0,7,97016,R,0.0,0.0,974
201300058295,13,7,6,1940,5,2,1,1.0,6,97016,R,,,974
201300058296,13,7,9,505,3,1,1,1.0,6,97016,R,0.0,0.0,974
201300058297,13,7,11,910,1,2,1,1.0,3,97016,R,0.0,0.0,974
201300058298,13,7,12,1635,1,2,3,1.0,3,97016,R,0.0,0.0,974
201300058299,13,7,12,1615,1,1,1,1.0,3,97016,R,0.0,0.0,974
201300058300,13,7,13,1200,1,2,1,1.0,7,97016,R,,,974
201300058301,13,7,13,1605,1,2,3,1.0,3,97016,R,2128884.0,547171.0,974
201300058302,13,7,16,1900,5,1,1,1.0,5,97016,R,0.0,0.0,974
201300058303,13,7,16,2000,5,1,1,1.0,6,97016,R,0.0,0.0,974
201300058304,13,7,18,754,1,1,1,2.0,7,97016,R,0.0,0.0,974
201300058305,13,7,22,1700,2,1,1,1.0,6,97016,R,0.0,0.0,974
201300058306,13,7,27,515,3,1,1,1.0,7,97016,R,0.0,0.0,974
201300058307,13,8,2,1855,5,2,2,1.0,5,97016,R,0.0,0.0,974
201300058308,13,8,5,1050,1,1,1,1.0,3,97016,R,,,974
201300058309,13,8,5,1055,1,1,1,1.0,6,97016,R,0.0,0.0,974
201300058310,13,8,7,1925,2,1,1,1.0,2,97005,R,0.0,0.0,974
201300058311,13,8,8,1316,1,2,2,1.0,2,97016,R,,,974
201300058312,13,8,9,1430,1,1,3,1.0,3,97016,R,0.0,0.0,974
201300058313,13,8,10,355,3,1,1,1.0,6,97016,R,0.0,0.0,974
201300058314,13,8,10,1305,1,1,1,1.0,7,97016,R,0.0,0.0,974
201300058315,13,8,15,55,3,1,1,1.0,7,97016,R,0.0,0.0,974
201300058316,13,8,16,905,1,1,1,1.0,5,97016,R,0.0,0.0,974
201300058317,13,8,17,751,1,1,6,1.0,2,97016,R,0.0,0.0,974
201300058318,13,8,19,1125,1,1,1,1.0,7,97016,R,0.0,0.0,974
201300058319,13,8,21,1900,3,1,1,1.0,7,97016,R,,,974
201300058320,13,8,22,430,5,1,6,1.0,7,97016,R,0.0,0.0,974
201300058321,13,8,22,720,1,1,1,1.0,7,97016,R,0.0,0.0,974
201300058322,13,8,23,1620,1,2,1,1.0,6,97016,R,0.0,0.0,974
201300058323,13,8,24,825,1,2,1,1.0,6,97016,R,,,974
201300058324,13,8,24,1610,1,2,3,1.0,5,97016,R,0.0,0.0,974
201300058325,13,8,24,1915,3,2,1,1.0,1,97016,R,0.0,0.0,974
201300058326,13,8,26,1348,1,1,1,1.0,5,97016,R,0.0,0.0,974
201300058327,13,8,26,1855,3,1,1,1.0,6,97016,R,,,974
201300058328,13,8,28,1645,1,2,1,1.0,6,97016,R,0.0,0.0,974
201300058329,13,8,29,2015,3,1,1,1.0,7,97016,R,0.0,0.0,974
201300058330,13,8,30,2130,3,1,1,1.0,6,97016,R,,,974
201300058331,13,9,4,2020,5,1,1,1.0,6,97016,R,0.0,0.0,974
201300058332,13,9,5,635,2,1,3,1.0,3,97016,R,,,974
201300058333,13,9,8,1,3,1,1,1.0,1,97016,R,0.0,0.0,974
201300058334,13,9,8,1706,1,2,3,1.0,3,97016,R,,,974
201300058335,13,9,11,800,1,1,3,1.0,3,97016,R,0.0,0.0,974
201300058336,13,9,11,815,1,1,1,1.0,2,97016,R,0.0,0.0,974
201300058337,13,9,13,1730,1,1,1,1.0,7,97016,R,,,974
201300058338,13,9,13,2319,5,1,1,1.0,7,97016,R,,,974
201300058339,13,9,15,20,4,2,1,1.0,6,97016,R,0.0,0.0,974
201300058340,13,9,15,2020,3,1,1,1.0,6,97016,R,0.0,0.0,974
201300058341,13,9,15,2100,3,1,1,1.0,3,97016,R,0.0,0.0,974
201300058342,13,9,15,100,5,2,2,1.0,3,97016,R,0.0,0.0,974
201300058343,13,9,16,1218,1,2,1,1.0,4,97016,R,0.0,0.0,974
201300058344,13,9,17,1145,1,2,2,2.0,6,97016,R,0.0,0.0,974
201300058345,13,9,22,1050,1,1,1,1.0,3,97016,R,,,974
201300058346,13,9,23,830,1,1,2,1.0,3,97016,R,0.0,0.0,974
201300058347,13,9,26,1759,2,1,1,1.0,3,97016,R,0.0,0.0,974
201300058348,13,9,26,725,1,1,1,1.0,2,97016,R,0.0,0.0,974
201300058349,13,9,28,1800,2,1,1,1.0,7,97016,R,0.0,0.0,974
201300058350,13,9,30,610,2,1,1,1.0,7,97016,R,,,974
201300058351,13,9,30,700,1,1,1,1.0,7,97016,R,0.0,0.0,974
201300058352,13,10,2,1429,1,2,1,1.0,3,97016,R,0.0,0.0,974
201300058353,13,10,3,1145,1,1,1,1.0,7,97016,R,0.0,0.0,974
201300058354,13,10,5,2255,3,1,1,1.0,7,97016,R,0.0,0.0,974
201300058355,13,10,11,830,1,2,2,1.0,3,97016,R,0.0,0.0,974
201300058356,13,10,11,1645,1,1,1,1.0,3,97016,R,0.0,0.0,974
201300058357,13,10,18,425,3,1,1,1.0,7,97016,R,0.0,0.0,974
201300058358,13,10,23,1135,1,1,2,1.0,3,97016,R,0.0,0.0,974
201300058359,13,10,26,1200,1,1,1,1.0,6,97016,R,0.0,0.0,974
201300058360,13,10,29,1025,1,1,1,1.0,7,97016,R,0.0,0.0,974
201300058361,13,11,4,1800,1,1,1,1.0,3,97016,R,0.0,0.0,974
201300058362,13,11,6,1610,1,1,2,1.0,3,97016,R,0.0,0.0,974
201300058363,13,11,7,830,1,1,1,1.0,4,97016,R,0.0,0.0,974
201300058364,13,11,8,130,3,1,1,1.0,2,97016,R,0.0,0.0,974
201300058365,13,11,8,915,1,1,1,1.0,4,97016,R,0.0,0.0,974
201300058366,13,11,10,1200,1,1,1,1.0,7,97016,R,0.0,0.0,974
201300058367,13,11,13,1223,1,2,3,1.0,3,97016,R,0.0,0.0,974
201300058368,13,11,15,822,1,2,2,1.0,7,97016,R,0.0,0.0,974
201300058369,13,11,17,1150,1,2,1,1.0,7,97016,R,0.0,0.0,974
201300058370,13,11,19,810,1,2,1,1.0,6,97016,R,0.0,0.0,974
201300058371,13,11,19,2049,3,2,1,1.0,7,97016,R,0.0,0.0,974
201300058372,13,11,22,1750,1,2,1,1.0,6,97016,R,0.0,0.0,974
201300058373,13,12,3,1520,1,1,1,1.0,7,97016,R,,,974
201300058374,13,12,3,2025,3,1,1,1.0,4,97016,R,,,974
201300058375,13,12,5,1810,1,2,1,1.0,7,97016,R,,,974
201300058376,13,12,6,1533,1,1,1,1.0,3,97016,R,,,974
201300058377,13,12,10,835,1,2,1,1.0,6,97016,R,,,974
201300058378,13,12,10,1135,1,1,1,1.0,1,97016,R,,,974
201300058379,13,12,10,1525,1,2,1,1.0,6,97016,R,,,974
201300058380,13,12,12,1320,1,1,1,1.0,3,97016,R,,,974
201300058381,13,12,13,1340,1,2,3,1.0,6,97016,R,,,974
201300058382,13,12,14,1300,1,1,1,1.0,3,97016,R,,,974
201300058383,13,12,14,1715,1,2,1,1.0,6,97016,R,,,974
201300058384,13,12,16,1310,1,2,1,1.0,2,97016,R,,,974
201300058385,13,12,16,1625,1,2,3,1.0,6,97016,R,,,974
201300058386,13,12,16,1925,3,2,3,1.0,3,97016,R,,,974
201300058387,13,12,18,1700,1,1,1,1.0,7,97016,R,,,974
201300058388,13,12,20,1025,1,2,1,1.0,5,97016,R,,,974
201300058389,13,12,21,1225,1,2,1,1.0,4,97016,R,,,974
201300058390,13,12,27,730,1,2,1,1.0,3,97016,R,,,974
201300058391,13,12,27,1027,1,2,6,1.0,3,97016,R,,,974
201300058392,13,12,27,1101,1,2,1,1.0,7,97016,R,,,974
201300058393,13,12,27,1835,2,1,1,1.0,3,97016,R,,,974
201300058394,13,12,29,720,1,2,1,1.0,6,97016,R,,,974
201300058395,13,12,30,931,1,1,1,1.0,5,97016,R,,,974
201300058396,13,12,30,1540,1,2,3,1.0,3,97016,R,,,974
201300058397,13,12,30,1615,1,1,1,1.0,2,97016,R,,,974